sequence_length,accuracy,response_time,total_attempts,mistakes,previous_score,current_level,difficulty_change
3,100.0,47.21,1,0,96.74,1,SAME
6,67.34,205.23,1,2,56.73,4,EASIER
6,49.18,97.37,2,3,42.92,4,EASIER
5,100.0,31.59,1,0,96.45,3,HARDER
5,44.14,139.47,3,2,41.16,3,EASIER
7,39.29,64.3,5,4,33.88,5,EASIER
3,87.4,29.06,1,0,83.3,1,HARDER
6,61.7,71.75,2,1,59.5,4,SAME
4,81.17,31.04,2,0,84.23,2,SAME
3,94.2,35.13,1,1,98.97,1,SAME
5,84.59,65.46,2,1,82.15,3,SAME
7,31.87,148.15,4,4,26.71,5,EASIER
6,74.4,53.65,1,1,70.22,4,HARDER
6,62.69,74.9,3,3,57.45,4,EASIER
6,81.89,54.96,3,2,82.34,4,SAME
6,61.5,73.94,3,3,55.66,4,EASIER
5,64.35,54.69,1,2,58.92,3,SAME
3,100.0,56.8,1,0,99.53,1,EASIER
7,58.12,97.24,1,2,52.63,5,SAME
5,60.53,20.25,2,3,53.79,3,EASIER
5,86.98,115.7,1,2,84.53,3,SAME
4,77.74,46.93,2,1,73.51,2,SAME
3,87.81,23.58,1,0,80.21,1,HARDER
7,60.54,88.25,4,3,54.22,5,EASIER
6,43.36,50.11,4,4,35.38,4,EASIER
6,45.87,224.64,2,3,41.4,4,EASIER
5,82.34,59.51,1,1,82.33,3,SAME
7,38.17,43.44,1,3,33.77,5,EASIER
5,63.95,68.22,3,3,57.14,3,EASIER
5,67.09,105.37,2,1,66.22,3,SAME
5,67.23,62.67,1,2,66.22,3,SAME
4,76.81,24.87,2,2,71.63,2,SAME
3,92.85,16.08,1,0,92.04,1,HARDER
5,69.52,36.83,2,2,71.94,3,SAME
7,53.41,256.67,2,2,52.38,5,EASIER
3,92.97,24.22,1,1,95.55,1,HARDER
7,40.14,44.86,4,3,36.24,5,EASIER
7,47.63,138.08,4,3,41.16,5,EASIER
4,86.74,40.6,1,1,87.32,2,HARDER
6,89.02,64.93,3,0,87.72,4,SAME
3,100.0,15.88,1,0,96.08,1,HARDER
6,57.18,47.16,2,3,50.09,4,EASIER
6,32.1,144.28,3,4,27.22,4,EASIER
4,76.17,42.69,1,0,75.86,2,SAME
3,60.06,30.93,2,2,56.0,1,SAME
7,55.04,127.98,3,2,50.82,5,SAME
5,72.98,68.21,1,1,71.23,3,SAME
7,47.54,86.77,2,3,46.74,5,EASIER
6,62.58,73.68,3,3,52.55,4,EASIER
6,60.47,150.28,1,1,59.7,4,SAME
6,46.21,171.11,4,3,45.06,4,EASIER
3,87.07,14.51,1,0,87.71,1,HARDER
4,84.85,34.46,1,1,84.75,2,SAME
5,74.8,87.87,3,2,75.03,3,SAME
5,79.92,147.24,1,1,75.82,3,EASIER
3,100.0,55.25,1,1,98.93,1,EASIER
5,80.79,39.12,1,0,77.2,3,SAME
3,68.57,44.09,1,1,69.36,1,SAME
6,48.27,84.54,3,4,47.06,4,EASIER
6,33.5,141.15,3,5,27.92,4,EASIER
7,68.3,172.11,1,2,62.34,5,SAME
6,56.17,42.5,3,2,60.78,4,SAME
4,96.96,49.21,1,1,98.66,2,HARDER
7,46.88,193.76,4,4,38.51,5,EASIER
5,61.62,57.42,3,3,57.63,3,EASIER
4,82.2,33.85,4,2,77.82,2,EASIER
7,52.55,47.56,4,3,48.15,5,EASIER
4,69.74,52.4,3,3,67.82,2,EASIER
3,73.59,27.43,4,2,69.42,1,EASIER
5,71.55,36.74,4,3,63.62,3,EASIER
6,53.92,69.22,4,3,45.44,4,EASIER
3,82.53,26.78,1,1,80.96,1,SAME
5,50.06,43.99,3,2,49.52,3,EASIER
3,80.09,25.03,2,2,72.08,1,SAME
6,34.51,33.01,5,5,26.77,4,EASIER
5,60.84,113.12,3,2,57.86,3,SAME
4,78.31,38.29,1,0,76.21,2,SAME
4,79.78,22.67,1,2,72.91,2,SAME
5,90.34,17.17,1,2,87.9,3,SAME
6,76.57,140.03,2,1,76.05,4,SAME
7,37.26,151.81,3,3,32.57,5,EASIER
5,72.54,64.38,1,1,71.02,3,SAME
3,86.53,36.72,1,0,85.49,1,SAME
7,54.09,179.05,2,3,49.03,5,EASIER
6,52.09,90.72,4,4,51.61,4,EASIER
6,57.42,71.85,2,2,55.11,4,SAME
3,95.61,20.76,1,0,97.97,1,HARDER
4,71.26,46.31,2,2,65.63,2,SAME
6,58.89,169.55,1,2,53.26,4,EASIER
7,39.0,105.89,3,4,33.37,5,EASIER
5,62.39,120.46,4,3,55.78,3,EASIER
7,70.98,137.26,1,2,65.05,5,SAME
7,43.75,137.82,4,4,35.3,5,EASIER
4,77.92,117.68,2,1,74.83,2,EASIER
7,62.1,275.67,1,2,65.72,5,EASIER
4,88.62,83.64,1,0,94.41,2,EASIER
4,92.01,26.12,1,1,94.13,2,HARDER
6,51.33,256.38,1,3,50.35,4,EASIER
6,46.46,78.57,2,2,45.94,4,EASIER
3,67.3,22.59,3,2,60.0,1,SAME
7,87.14,34.53,1,0,89.55,5,EASIER
3,73.08,28.91,3,2,65.1,1,SAME
7,66.61,62.06,3,2,68.26,5,SAME
3,95.56,29.98,1,1,95.6,1,HARDER
6,55.67,44.82,3,3,48.78,4,EASIER
6,28.93,208.83,4,4,24.16,4,EASIER
6,32.08,109.24,5,5,21.54,4,EASIER
6,53.64,268.34,1,2,50.13,4,EASIER
5,75.52,34.95,1,1,73.8,3,SAME
6,67.89,183.51,1,1,65.4,4,EASIER
4,76.54,16.29,1,1,80.42,2,SAME
6,62.19,91.37,1,2,61.07,4,SAME
5,72.6,42.43,3,2,71.35,3,SAME
5,97.88,46.47,1,0,96.42,3,HARDER
5,63.94,44.92,3,2,60.18,3,SAME
5,67.88,36.88,3,2,67.9,3,SAME
3,88.39,14.27,1,0,86.83,1,HARDER
3,89.29,20.53,1,0,87.74,1,HARDER
4,74.5,40.13,2,2,71.89,2,SAME
3,84.8,41.96,1,0,85.63,1,SAME
5,82.38,67.13,1,1,79.97,3,SAME
6,71.31,150.4,1,1,68.69,4,SAME
6,67.32,38.02,1,2,60.34,4,SAME
5,63.68,46.81,2,1,64.42,3,SAME
7,46.51,165.01,2,2,41.46,5,EASIER
5,83.31,68.74,1,2,80.17,3,SAME
3,74.17,17.04,2,2,63.68,1,SAME
6,40.71,133.28,3,4,36.83,4,EASIER
5,80.11,44.59,1,2,80.33,3,SAME
6,69.26,54.73,1,1,69.93,4,SAME
5,74.21,73.81,1,2,73.49,3,SAME
5,79.15,58.18,2,0,78.38,3,SAME
3,89.43,19.81,1,0,94.99,1,HARDER
5,55.8,44.03,3,3,50.61,3,EASIER
6,71.88,47.01,1,1,74.82,4,SAME
4,62.83,31.55,3,3,56.86,2,EASIER
6,74.67,145.29,1,1,78.68,4,SAME
3,90.02,27.87,1,0,90.21,1,HARDER
4,56.95,59.63,3,3,49.75,2,EASIER
5,63.36,74.88,3,3,52.48,3,EASIER
7,40.25,80.22,3,3,34.28,5,EASIER
4,95.3,17.51,1,0,98.18,2,HARDER
4,75.91,24.58,2,2,70.55,2,SAME
5,69.93,41.6,3,2,62.26,3,SAME
7,49.2,74.48,2,3,44.14,5,EASIER
7,54.54,191.17,1,1,58.06,5,EASIER
3,93.48,38.5,1,1,96.96,1,SAME
4,69.71,107.47,2,0,59.89,2,EASIER
7,39.19,73.87,3,3,36.45,5,EASIER
3,95.83,50.89,1,1,95.76,1,HARDER
7,25.74,266.6,5,5,13.92,5,EASIER
4,58.17,34.07,3,2,55.07,2,SAME
7,42.37,144.98,3,4,41.82,5,EASIER
4,72.57,68.08,1,2,70.67,2,SAME
5,71.66,56.33,1,1,74.0,3,SAME
6,51.03,76.39,3,3,42.6,4,EASIER
3,80.39,18.91,2,1,81.57,1,SAME
5,54.39,18.03,2,2,51.13,3,EASIER
5,72.26,60.06,1,1,69.72,3,EASIER
6,59.6,56.69,4,3,52.63,4,EASIER
7,74.97,62.33,2,1,71.67,5,SAME
6,27.84,102.13,5,4,21.92,4,EASIER
5,81.86,28.28,2,2,77.2,3,SAME
5,92.32,86.44,2,1,93.47,3,SAME
5,73.59,73.69,1,2,64.27,3,SAME
7,61.62,90.05,2,1,62.98,5,SAME
4,67.16,36.89,5,3,57.49,2,EASIER
3,78.21,14.72,2,1,74.1,1,SAME
4,93.17,54.07,1,0,95.87,2,SAME
3,87.72,27.17,1,1,89.03,1,HARDER
3,100.0,28.09,1,1,99.73,1,HARDER
3,99.18,31.26,2,1,100.0,1,HARDER
6,83.84,58.71,1,1,83.2,4,SAME
6,59.55,37.22,2,2,56.0,4,SAME
6,65.35,134.9,2,2,61.25,4,SAME
5,62.96,81.56,2,2,59.62,3,SAME
6,50.46,62.07,2,3,46.16,4,EASIER
3,66.17,29.99,4,3,60.87,1,EASIER
7,42.17,222.31,4,3,35.16,5,EASIER
5,42.49,101.91,5,4,31.85,3,EASIER
7,65.01,82.34,3,2,59.21,5,SAME
3,90.85,12.89,1,0,93.89,1,HARDER
5,37.23,30.22,5,4,30.52,3,EASIER
6,66.99,69.73,1,1,63.9,4,SAME
5,44.03,119.62,4,5,39.34,3,EASIER
5,91.49,40.44,1,1,89.72,3,HARDER
3,88.56,19.17,2,1,88.33,1,HARDER
4,76.32,28.44,2,1,73.67,2,SAME
4,85.19,29.6,2,2,81.27,2,SAME
4,61.5,37.8,3,2,55.14,2,SAME
6,57.51,42.14,1,2,54.45,4,SAME
6,44.21,144.11,2,4,35.92,4,EASIER
6,42.89,76.05,2,3,35.65,4,EASIER
4,37.62,121.85,5,4,32.05,2,EASIER
7,62.21,59.08,2,2,59.45,5,EASIER
3,95.98,50.72,1,1,92.15,1,EASIER
4,71.64,73.08,1,1,69.25,2,SAME
3,60.9,20.82,2,2,57.5,1,SAME
4,65.55,31.56,3,3,64.53,2,EASIER
7,40.5,67.79,5,4,29.79,5,EASIER
4,93.17,24.78,1,0,96.85,2,HARDER
7,51.68,111.96,3,4,48.64,5,EASIER
5,58.88,58.6,2,2,55.93,3,SAME
6,64.01,35.64,3,3,60.84,4,EASIER
5,57.54,180.5,3,3,54.59,3,EASIER
4,92.14,33.64,1,1,86.45,2,HARDER
6,52.97,84.85,2,3,49.22,4,EASIER
7,61.65,79.61,2,1,58.93,5,SAME
4,93.55,33.52,1,1,86.43,2,HARDER
6,55.14,68.08,1,2,49.76,4,EASIER
4,77.23,37.95,1,1,79.01,2,SAME
6,53.27,81.38,1,1,51.18,4,EASIER
6,57.65,124.62,1,1,58.88,4,SAME
5,68.31,64.9,2,2,66.1,3,SAME
6,37.18,118.27,3,4,27.13,4,EASIER
4,75.23,37.83,4,1,76.06,2,EASIER
3,100.0,27.71,1,0,100.0,1,HARDER
3,81.57,22.45,2,1,78.56,1,SAME
5,38.79,95.3,5,4,28.34,3,EASIER
7,53.79,133.53,2,3,48.78,5,EASIER
3,99.05,23.3,2,1,95.71,1,HARDER
5,55.87,52.85,5,3,51.02,3,EASIER
6,29.21,77.47,4,4,26.94,4,EASIER
4,59.16,38.55,1,2,59.35,2,SAME
6,60.03,79.63,1,3,57.99,4,EASIER
4,83.53,29.22,1,1,83.66,2,SAME
7,25.64,169.93,3,4,19.17,5,EASIER
5,65.38,87.39,2,3,64.53,3,EASIER
5,51.98,140.25,1,1,47.82,3,EASIER
3,90.09,19.11,1,0,88.08,1,HARDER
5,70.58,80.67,2,1,70.56,3,SAME
7,67.75,39.57,3,2,71.24,5,SAME
3,87.65,36.15,1,0,87.17,1,SAME
6,66.09,38.45,1,2,66.43,4,SAME
5,84.67,35.63,2,0,81.43,3,SAME
6,75.95,97.46,1,1,75.24,4,SAME
6,56.47,59.36,3,3,53.91,4,EASIER
5,66.65,39.85,2,2,66.17,3,SAME
4,95.71,30.26,2,2,91.95,2,SAME
6,37.92,119.84,4,4,30.1,4,EASIER
3,73.75,16.51,1,2,67.43,1,SAME
5,74.89,56.47,1,1,72.94,3,SAME
3,72.52,21.12,3,2,74.58,1,SAME
6,65.77,125.6,3,3,60.41,4,EASIER
6,68.08,127.44,1,1,74.07,4,SAME
3,93.07,11.05,2,1,91.67,1,HARDER
6,30.1,141.2,2,4,26.66,4,EASIER
5,66.32,42.87,2,2,69.91,3,SAME
6,64.38,92.72,4,2,61.84,4,EASIER
3,78.13,16.46,1,1,82.36,1,SAME
3,86.57,29.49,1,0,86.83,1,HARDER
5,74.46,205.07,1,1,72.43,3,EASIER
3,84.33,26.46,1,2,81.77,1,SAME
4,92.61,30.61,1,0,88.14,2,HARDER
6,35.35,72.67,5,5,25.29,4,EASIER
3,89.59,13.0,1,0,86.48,1,HARDER
6,49.01,174.2,4,3,44.55,4,EASIER
3,77.69,28.73,1,1,78.0,1,SAME
3,81.04,15.68,1,1,77.9,1,SAME
5,73.06,35.07,3,2,77.58,3,SAME
6,61.28,82.65,1,1,55.08,4,SAME
3,62.36,37.85,5,4,52.78,1,EASIER
4,87.71,22.12,2,1,88.43,2,HARDER
7,28.54,205.47,5,5,19.97,5,EASIER
7,66.0,106.54,1,2,56.96,5,SAME
5,87.04,36.6,2,2,85.44,3,SAME
5,100.0,46.01,1,0,100.0,3,HARDER
4,53.62,86.44,5,4,48.28,2,EASIER
6,65.34,39.84,1,2,62.22,4,SAME
5,72.17,40.37,3,1,70.63,3,SAME
4,66.74,59.46,2,1,70.27,2,SAME
3,90.24,27.53,3,1,91.86,1,SAME
3,62.98,17.58,4,3,60.73,1,EASIER
7,31.14,189.49,4,4,28.44,5,EASIER
5,62.69,95.73,1,2,59.5,3,SAME
5,52.83,68.34,3,4,47.83,3,EASIER
5,82.98,42.83,2,0,73.47,3,SAME
6,59.77,64.61,3,2,64.41,4,SAME
3,89.15,28.38,1,0,89.3,1,HARDER
3,100.0,13.94,2,0,100.0,1,SAME
4,82.67,70.93,1,0,85.42,2,SAME
5,56.68,134.56,3,2,56.1,3,EASIER
6,50.76,72.53,2,3,45.35,4,EASIER
5,60.21,69.18,2,2,61.19,3,SAME
5,63.0,104.31,1,1,64.01,3,SAME
7,40.42,300.0,1,3,32.51,5,EASIER
3,61.85,49.99,4,2,59.41,1,EASIER
5,59.86,24.57,3,3,55.73,3,EASIER
5,84.69,49.61,1,1,81.91,3,SAME
5,68.42,74.31,2,2,62.1,3,SAME
7,61.67,85.55,4,3,54.34,5,EASIER
4,79.95,87.84,2,0,81.93,2,EASIER
7,35.41,272.19,2,3,29.77,5,EASIER
4,74.97,25.9,3,3,72.03,2,EASIER
5,78.66,53.52,1,1,76.76,3,SAME
5,85.36,40.02,2,1,83.54,3,HARDER
7,65.03,100.7,2,2,59.29,5,SAME
5,70.75,51.88,2,2,65.96,3,SAME
4,100.0,59.51,1,1,98.28,2,SAME
3,96.13,16.84,1,1,89.72,1,HARDER
4,62.61,11.11,5,4,57.33,2,EASIER
7,51.53,46.71,5,4,45.31,5,EASIER
3,85.42,15.82,3,2,77.83,1,SAME
7,44.38,78.35,4,3,39.57,5,EASIER
5,75.69,63.63,1,2,64.46,3,SAME
3,60.79,15.46,2,2,56.41,1,SAME
4,63.7,21.51,1,2,60.96,2,SAME
5,75.71,36.61,1,2,75.46,3,SAME
4,77.89,22.49,1,1,84.33,2,SAME
3,90.21,19.53,1,1,89.29,1,HARDER
6,81.19,60.11,1,1,80.59,4,SAME
6,58.67,117.33,1,2,50.89,4,SAME
3,65.66,16.1,2,1,63.62,1,SAME
4,48.71,32.12,4,3,42.83,2,EASIER
4,73.17,29.41,1,2,65.07,2,SAME
6,54.03,124.88,1,2,56.24,4,EASIER
6,70.48,75.68,1,2,68.82,4,SAME
6,68.16,141.61,3,3,65.3,4,EASIER
7,62.76,59.77,2,2,64.79,5,SAME
6,63.58,79.92,3,2,56.36,4,SAME
4,86.41,28.99,1,1,81.09,2,HARDER
3,69.37,14.49,2,2,70.59,1,SAME
6,80.65,79.17,3,2,74.71,4,SAME
7,45.42,288.0,1,2,44.49,5,EASIER
7,43.54,70.36,5,4,38.43,5,EASIER
4,52.38,35.79,2,2,55.42,2,EASIER
4,83.02,20.51,1,1,86.03,2,SAME
3,88.11,13.06,1,1,91.25,1,HARDER
3,87.06,17.61,1,1,80.56,1,HARDER
5,40.58,46.42,4,4,36.64,3,EASIER
5,79.18,47.45,1,1,80.86,3,SAME
4,83.42,34.17,3,2,80.4,2,SAME
4,100.0,17.51,2,0,98.19,2,HARDER
7,67.14,79.63,3,2,63.77,5,SAME
5,89.6,74.35,1,1,90.72,3,HARDER
7,81.8,53.42,1,1,76.54,5,SAME
7,55.09,92.29,5,3,55.93,5,EASIER
4,66.39,43.61,2,2,57.81,2,SAME
4,58.77,26.31,5,3,52.24,2,EASIER
7,33.13,134.91,3,3,25.0,5,EASIER
6,61.93,37.18,3,2,59.01,4,SAME
4,51.72,57.69,5,4,44.22,2,SAME
6,52.93,99.18,3,2,53.87,4,EASIER
5,73.86,59.62,1,1,71.71,3,SAME
7,6.97,206.75,4,6,0.0,5,EASIER
4,63.0,32.55,1,2,59.64,2,SAME
7,58.41,79.98,3,3,52.98,5,EASIER
7,38.62,236.64,2,3,34.73,5,EASIER
3,70.72,56.71,5,4,60.8,1,EASIER
3,74.23,18.36,3,1,69.88,1,SAME
5,38.55,54.82,4,4,29.23,3,EASIER
3,73.41,39.8,1,0,74.35,1,SAME
4,69.61,36.63,2,1,68.55,2,SAME
5,65.21,77.85,1,1,64.37,3,SAME
7,50.28,171.37,2,3,45.9,5,EASIER
7,44.77,82.44,4,4,40.01,5,EASIER
3,93.33,30.13,1,0,92.06,1,HARDER
7,65.51,111.62,1,1,63.6,5,SAME
3,92.72,14.55,2,0,93.89,1,HARDER
6,60.03,49.01,4,2,54.81,4,EASIER
7,45.77,78.49,2,2,44.25,5,EASIER
7,22.59,185.78,3,4,20.08,5,EASIER
4,53.8,59.71,4,3,49.92,2,EASIER
7,59.39,168.54,1,2,60.75,5,SAME
3,76.79,30.41,2,1,74.98,1,HARDER
5,75.91,71.15,2,1,77.73,3,SAME
5,54.66,66.54,2,2,49.26,3,EASIER
4,100.0,46.02,1,0,100.0,2,HARDER
3,98.16,30.89,1,1,98.38,1,HARDER
6,44.76,39.5,4,4,41.76,4,EASIER
4,68.6,26.21,2,1,68.67,2,SAME
6,68.33,48.02,1,1,71.54,4,SAME
5,86.24,100.33,1,2,85.53,3,SAME
4,62.03,82.68,3,2,59.31,2,EASIER
7,49.6,34.34,2,3,45.47,5,EASIER
3,87.93,50.16,1,1,84.6,1,EASIER
6,27.89,85.78,5,5,19.66,4,EASIER
6,77.28,138.84,1,1,75.35,4,SAME
4,76.02,48.21,3,1,75.25,2,SAME
4,91.02,74.78,1,1,89.12,2,SAME
3,100.0,27.45,1,0,95.91,1,HARDER
7,47.3,53.27,2,2,48.03,5,EASIER
7,35.17,105.73,5,5,21.28,5,HARDER
4,75.13,48.42,2,2,69.57,2,SAME
3,100.0,22.71,1,0,100.0,1,HARDER
3,77.76,33.5,2,1,73.89,1,SAME
3,63.31,24.28,2,2,63.34,1,SAME
7,43.94,80.96,3,4,38.71,5,EASIER
7,58.75,61.97,3,3,55.88,5,EASIER
3,95.86,21.0,1,0,94.66,1,HARDER
6,68.23,91.2,1,2,64.46,4,EASIER
3,78.82,10.45,2,1,79.33,1,SAME
4,80.75,26.34,2,1,79.5,2,SAME
5,62.23,21.59,4,3,56.36,3,EASIER
6,51.39,59.49,4,3,46.82,4,EASIER
7,29.91,215.09,4,4,23.05,5,EASIER
3,82.66,14.75,2,1,77.38,1,SAME
3,62.25,34.18,4,3,58.04,1,EASIER
4,79.82,144.97,2,1,80.43,2,EASIER
4,65.57,75.24,3,2,62.55,2,SAME
7,31.04,120.45,4,4,24.64,5,EASIER
6,91.16,128.14,1,1,90.65,4,EASIER
4,68.99,19.96,2,2,62.94,2,SAME
7,32.17,47.51,4,4,20.27,5,EASIER
5,63.69,58.83,1,1,65.05,3,SAME
5,61.43,70.65,2,3,58.76,3,EASIER
5,81.87,99.7,1,2,72.87,3,SAME
3,72.61,19.41,1,1,70.63,1,SAME
7,49.78,124.45,3,2,46.76,5,EASIER
3,83.44,26.83,1,0,82.13,1,SAME
3,74.07,23.58,2,2,68.45,1,SAME
4,57.87,36.73,2,2,54.7,2,SAME
4,83.51,25.43,1,2,78.21,2,SAME
3,70.88,28.31,1,1,69.23,1,SAME
3,86.73,27.27,1,0,82.61,1,HARDER
6,66.76,65.23,2,2,65.31,4,SAME
7,13.23,160.99,4,4,12.05,5,EASIER
3,96.47,39.5,1,0,96.6,1,SAME
4,61.11,52.25,1,2,60.27,2,SAME
5,89.98,34.62,2,1,87.77,3,HARDER
7,32.36,118.25,5,4,31.02,5,EASIER
6,32.51,51.05,5,4,24.5,4,EASIER
6,57.92,86.22,3,2,50.15,4,SAME
5,67.09,37.01,1,2,59.77,3,SAME
5,46.19,109.14,1,3,39.03,3,EASIER
3,100.0,35.43,1,0,100.0,1,SAME
7,44.34,209.95,2,3,38.92,5,EASIER
7,42.9,198.68,3,3,44.4,5,EASIER
3,88.18,22.16,1,0,88.93,1,HARDER
6,32.86,65.72,5,5,25.68,4,EASIER
3,68.37,54.27,2,2,65.79,1,EASIER
6,50.02,75.25,5,3,49.43,4,EASIER
7,40.64,53.53,5,4,29.57,5,EASIER
3,88.39,39.14,1,0,90.28,1,SAME
5,80.9,62.28,2,1,76.61,3,SAME
3,80.27,48.86,2,1,79.74,1,SAME
5,88.7,65.41,1,0,87.68,3,HARDER
7,79.24,110.79,1,1,78.03,5,SAME
3,99.96,49.3,1,0,100.0,1,SAME
4,88.52,18.44,1,1,89.7,2,HARDER
7,37.89,81.41,3,4,33.38,5,EASIER
4,88.88,25.04,1,0,89.31,2,EASIER
3,84.79,9.41,1,0,86.27,1,SAME
5,75.41,89.36,2,2,72.27,3,SAME
5,80.77,44.01,3,1,80.94,3,SAME
6,65.06,131.3,1,1,67.08,4,SAME
4,57.07,45.63,3,3,58.02,2,EASIER
7,39.2,155.93,5,4,36.73,5,EASIER
5,69.91,46.29,2,2,71.25,3,SAME
4,93.9,26.53,2,0,91.33,2,HARDER
7,63.15,117.62,1,2,62.94,5,SAME
7,35.4,184.83,4,4,30.11,5,EASIER
5,57.05,56.57,4,2,51.61,3,EASIER
3,93.39,18.29,1,0,91.49,1,HARDER
5,34.2,32.04,4,5,30.0,3,EASIER
5,67.58,64.17,1,1,69.02,3,SAME
3,95.18,19.54,2,1,90.35,1,HARDER
6,55.83,79.0,2,2,52.46,4,SAME
7,55.68,98.33,2,2,48.78,5,EASIER
3,66.48,20.51,4,2,62.34,1,EASIER
6,47.36,95.54,3,2,42.31,4,EASIER
3,87.67,32.0,1,0,87.59,1,HARDER
6,33.09,227.84,3,3,30.94,4,EASIER
5,58.6,84.41,1,2,53.22,3,SAME
3,76.2,50.81,3,1,71.67,1,EASIER
7,80.73,71.69,1,2,77.76,5,SAME
3,98.22,12.26,1,0,98.2,1,HARDER
5,78.45,57.59,2,2,71.73,3,SAME
3,100.0,36.62,1,0,100.0,1,SAME
7,47.09,164.13,3,4,38.39,5,EASIER
6,57.5,153.95,2,3,57.09,4,EASIER
7,32.55,28.11,4,5,27.31,5,EASIER
5,81.68,107.84,1,1,83.93,3,SAME
5,65.21,68.48,3,3,60.03,3,EASIER
6,62.43,36.74,1,2,64.04,4,SAME
6,42.54,119.46,4,4,38.08,4,EASIER
7,28.74,122.84,4,5,24.07,5,EASIER
3,88.41,29.62,2,1,90.11,1,HARDER
6,82.52,137.86,1,0,84.92,4,SAME
3,70.15,30.28,2,3,62.18,1,EASIER
4,88.5,19.02,2,0,87.56,2,HARDER
7,48.3,103.6,5,3,44.47,5,EASIER
4,71.21,17.77,1,1,67.42,2,SAME
6,23.62,114.92,4,5,17.5,4,EASIER
5,66.06,115.87,2,2,60.7,3,SAME
4,54.09,21.2,5,5,48.48,2,EASIER
4,81.58,27.72,1,1,83.54,2,SAME
5,89.39,37.47,1,1,94.22,3,HARDER
6,45.13,64.76,4,4,38.63,4,EASIER
6,88.04,101.61,2,1,87.4,4,HARDER
7,25.11,87.97,4,5,16.86,5,EASIER
7,42.63,159.83,2,3,40.54,5,EASIER
6,27.55,142.7,5,5,20.04,4,EASIER
6,55.87,145.42,2,2,51.86,4,SAME
4,99.62,22.47,1,0,100.0,2,HARDER
5,46.14,115.18,3,2,45.82,3,EASIER
3,78.22,48.0,1,0,74.3,1,SAME
4,73.75,78.83,1,1,70.96,2,EASIER
7,41.01,102.77,4,4,35.83,5,EASIER
5,78.78,39.98,1,1,78.34,3,SAME
3,85.71,16.13,1,1,79.17,1,HARDER
6,41.82,46.24,3,4,35.24,4,EASIER
7,54.87,112.72,2,2,56.66,5,EASIER
7,45.51,177.79,5,4,42.23,5,EASIER
4,77.49,70.22,3,1,78.43,2,SAME
5,50.97,45.61,4,3,40.22,3,EASIER
5,63.79,56.9,3,2,55.13,3,SAME
4,75.49,36.18,3,1,73.59,2,SAME
4,93.73,28.19,1,0,91.12,2,HARDER
4,92.62,53.7,2,1,89.7,2,SAME
7,36.0,136.49,5,5,26.79,5,EASIER
6,42.6,88.28,3,3,38.49,4,EASIER
7,16.23,136.15,5,4,8.79,5,EASIER
7,38.06,156.64,5,3,38.12,5,EASIER
7,43.58,155.78,1,2,33.2,5,EASIER
3,98.97,17.21,1,0,100.0,1,HARDER
7,43.8,182.55,2,3,38.63,5,EASIER
3,62.39,28.01,3,2,60.41,1,SAME
5,54.65,46.77,5,4,49.79,3,EASIER
5,58.18,65.13,2,1,54.31,3,SAME
4,88.66,44.68,1,1,86.8,2,HARDER
3,90.77,40.46,1,1,90.93,1,SAME
3,69.08,15.69,1,2,64.13,1,SAME
7,55.09,230.58,3,2,53.94,5,EASIER
4,70.2,38.42,5,3,68.5,2,EASIER
4,94.47,29.95,1,0,90.19,2,HARDER
7,52.7,83.59,4,3,45.38,5,EASIER
3,74.98,16.01,2,2,64.83,1,SAME
7,54.75,43.37,4,3,54.21,5,EASIER
7,67.34,162.01,1,1,63.61,5,HARDER
5,46.26,154.62,1,3,47.36,3,EASIER
3,79.38,12.17,1,0,78.42,1,SAME
3,81.66,16.38,1,1,86.31,1,SAME
4,98.97,54.1,1,0,98.47,2,SAME
5,59.38,56.7,2,2,52.74,3,SAME
3,75.65,36.24,2,0,75.75,1,SAME
5,62.88,55.15,1,2,58.42,3,SAME
3,77.75,19.31,2,1,75.36,1,SAME
5,81.38,51.87,2,1,83.05,3,SAME
3,74.34,8.66,1,0,76.59,1,SAME
6,75.19,45.25,1,1,74.47,4,SAME
3,79.3,38.12,1,1,76.81,1,SAME
3,100.0,42.49,1,0,99.01,1,SAME
3,82.52,46.74,2,1,82.85,1,SAME
7,52.64,142.42,2,3,53.31,5,EASIER
3,83.61,9.16,1,1,85.4,1,SAME
5,79.36,42.36,1,1,73.65,3,SAME
5,56.52,111.74,1,2,56.35,3,SAME
5,58.35,129.52,3,3,52.31,3,EASIER
6,42.78,166.55,3,4,36.39,4,EASIER
7,42.07,98.47,3,3,40.5,5,EASIER
4,99.66,20.56,2,0,99.95,2,HARDER
7,71.44,109.55,2,1,72.67,5,SAME
4,100.0,38.27,1,0,99.28,2,HARDER
7,46.28,262.89,3,3,36.83,5,EASIER
5,66.93,64.92,3,2,62.12,3,SAME
6,65.09,82.71,4,3,55.19,4,SAME
7,45.24,116.58,4,3,41.99,5,EASIER
6,61.29,100.95,3,2,56.96,4,SAME
7,53.61,157.58,4,4,46.63,5,EASIER
5,71.98,40.52,3,2,68.15,3,SAME
3,73.88,15.62,4,3,72.04,1,EASIER
5,81.25,114.3,1,1,81.17,3,SAME
3,91.22,12.04,1,1,80.22,1,HARDER
7,41.67,273.44,3,4,28.6,5,EASIER
4,90.65,15.48,1,0,93.75,2,HARDER
4,70.42,28.87,1,0,71.25,2,SAME
4,67.14,60.0,2,2,63.52,2,SAME
6,71.01,82.01,2,2,68.1,4,SAME
5,71.45,30.23,2,2,68.86,3,SAME
7,60.46,141.3,1,1,59.08,5,SAME
5,73.07,59.96,2,1,73.73,3,SAME
4,55.19,34.33,2,1,50.48,2,SAME
3,88.14,18.94,1,0,87.15,1,HARDER
3,88.23,24.62,1,1,86.51,1,HARDER
4,78.98,28.91,2,1,77.99,2,SAME
7,29.36,300.0,5,4,22.79,5,EASIER
5,72.98,51.5,1,0,72.45,3,SAME
7,70.79,91.36,2,2,69.33,5,SAME
3,79.29,19.65,1,2,79.38,1,SAME
3,95.22,55.13,1,1,94.42,1,EASIER
7,36.29,45.84,4,5,25.0,5,EASIER
3,100.0,29.34,1,0,98.66,1,HARDER
3,92.43,22.47,1,1,86.0,1,HARDER
5,35.73,28.67,5,6,28.51,3,EASIER
7,57.14,71.67,2,2,53.41,5,SAME
6,66.23,96.69,2,2,66.23,4,EASIER
3,78.48,17.02,3,0,79.43,1,SAME
7,51.26,129.02,3,3,48.13,5,EASIER
7,46.49,287.4,1,2,39.6,5,EASIER
7,55.98,122.91,1,2,50.13,5,SAME
7,16.92,50.72,5,5,8.63,5,EASIER
4,76.41,25.52,3,2,71.93,2,SAME
7,61.58,95.87,2,1,59.16,5,SAME
4,98.01,32.2,2,0,94.97,2,HARDER
7,61.77,121.67,1,2,60.4,5,SAME
5,79.28,67.7,1,1,77.2,3,SAME
6,34.09,201.66,5,3,32.57,4,EASIER
6,72.53,81.84,2,2,65.2,4,SAME
6,64.34,45.04,1,1,67.21,4,SAME
6,59.26,149.41,2,2,55.87,4,SAME
6,43.21,158.14,4,3,36.16,4,EASIER
6,56.34,92.54,4,3,51.05,4,EASIER
3,100.0,22.4,2,1,95.94,1,HARDER
7,42.02,157.24,4,4,35.2,5,EASIER
5,47.11,52.25,3,3,45.74,3,EASIER
4,43.11,14.46,5,4,36.13,2,HARDER
5,80.11,76.66,2,1,78.94,3,SAME
7,25.09,182.14,3,5,16.41,5,EASIER
7,27.79,245.65,5,5,19.58,5,EASIER
7,47.96,75.21,2,3,42.25,5,EASIER
5,99.13,64.87,2,0,95.35,3,SAME
6,34.76,93.28,4,4,34.16,4,EASIER
4,48.59,39.56,5,4,43.59,2,EASIER
6,71.19,87.05,2,1,75.03,4,SAME
6,53.32,83.6,3,3,50.73,4,EASIER
4,61.77,41.98,3,2,53.43,2,SAME
4,72.11,53.82,1,2,70.21,2,SAME
3,81.33,43.03,1,1,79.76,1,SAME
3,80.03,17.86,1,1,77.79,1,SAME
5,76.86,53.26,1,1,74.39,3,SAME
5,98.18,47.05,1,0,100.0,3,HARDER
3,100.0,19.44,1,0,96.63,1,HARDER
5,85.5,26.06,3,1,83.19,3,SAME
6,68.48,83.04,1,1,68.4,4,SAME
4,91.11,47.6,1,0,89.16,2,HARDER
4,78.4,35.33,2,1,77.45,2,SAME
4,74.97,37.84,1,1,76.73,2,SAME
5,28.09,71.35,5,5,22.43,3,EASIER
4,61.76,73.76,1,2,52.95,2,SAME
6,50.71,65.92,4,3,43.9,4,EASIER
4,69.0,21.91,1,0,66.35,2,SAME
5,40.25,55.46,5,4,36.16,3,EASIER
4,83.73,92.1,1,0,82.22,2,EASIER
3,43.35,14.91,4,4,37.47,1,EASIER
6,76.51,114.98,2,1,73.33,4,SAME
4,75.38,65.48,2,2,71.94,2,SAME
4,79.86,12.5,1,1,83.73,2,SAME
6,54.42,101.5,2,2,58.39,4,EASIER
7,57.71,155.61,2,2,55.51,5,SAME
6,38.39,71.36,4,4,29.36,4,EASIER
7,63.53,78.74,3,3,59.7,5,EASIER
7,58.54,81.17,3,4,57.13,5,EASIER
5,69.03,49.29,1,1,68.31,3,SAME
6,67.84,70.08,1,2,59.83,4,SAME
4,90.34,30.17,2,0,89.84,2,HARDER
5,74.46,48.91,2,1,69.01,3,SAME
5,63.79,104.57,2,2,57.93,3,SAME
7,26.81,57.78,5,4,20.43,5,EASIER
7,61.76,43.18,1,3,54.74,5,EASIER
5,61.66,105.4,2,3,58.59,3,EASIER
6,73.4,74.21,1,1,74.76,4,SAME
4,73.55,31.66,2,3,65.23,2,EASIER
7,38.36,105.41,3,4,35.26,5,EASIER
5,74.57,64.33,3,2,74.11,3,SAME
5,68.98,44.75,3,2,66.23,3,SAME
6,57.05,106.68,1,2,55.02,4,SAME
6,63.51,49.72,1,2,62.33,4,SAME
3,97.81,21.86,1,0,100.0,1,HARDER
4,67.77,13.42,2,2,59.73,2,SAME
3,86.76,42.12,1,1,88.0,1,SAME
6,59.8,74.83,2,2,60.16,4,SAME
3,81.35,33.69,1,1,80.52,1,SAME
4,64.56,47.54,2,3,62.61,2,EASIER
5,74.95,76.14,1,0,69.01,3,SAME
6,31.77,81.67,5,4,28.34,4,EASIER
5,41.46,70.29,5,4,31.86,3,EASIER
7,65.34,66.33,2,2,65.31,5,EASIER
7,27.11,59.16,5,4,27.05,5,EASIER
3,88.03,23.9,2,0,93.06,1,HARDER
7,73.53,77.33,1,2,75.26,5,SAME
6,54.62,172.08,2,3,49.45,4,EASIER
6,67.2,99.66,2,2,67.59,4,SAME
3,73.57,18.17,2,1,71.42,1,SAME
6,50.15,71.2,5,4,48.5,4,EASIER
6,62.63,87.87,3,2,61.12,4,SAME
5,86.0,56.08,2,1,77.33,3,HARDER
3,95.63,28.21,2,0,98.16,1,HARDER
5,72.75,60.0,2,1,66.67,3,SAME
7,86.36,52.49,2,1,90.52,5,HARDER
6,72.72,26.8,2,1,73.72,4,SAME
3,97.0,21.17,2,1,95.12,1,HARDER
7,40.73,152.01,3,3,41.57,5,EASIER
7,58.94,91.93,1,2,56.65,5,SAME
3,89.33,43.34,1,0,86.66,1,SAME
7,44.97,109.17,2,3,41.31,5,EASIER
5,65.97,113.55,2,2,68.19,3,SAME
5,73.0,102.58,1,0,74.44,3,SAME
5,85.87,97.6,1,1,78.66,3,SAME
6,54.84,43.86,5,4,49.77,4,EASIER
7,36.25,113.05,5,4,31.68,5,EASIER
6,53.07,154.87,2,2,50.5,4,EASIER
7,60.26,129.92,4,3,48.01,5,EASIER
7,36.11,151.51,2,3,29.28,5,EASIER
3,72.93,13.48,1,2,71.47,1,SAME
4,84.84,93.64,1,1,88.05,2,EASIER
6,62.24,54.34,2,2,56.5,4,EASIER
5,66.62,21.61,2,2,61.2,3,SAME
3,69.88,21.38,1,1,65.76,1,SAME
3,73.34,8.41,2,0,75.11,1,SAME
5,93.26,33.9,1,1,93.54,3,HARDER
6,66.94,300.0,1,3,64.24,4,EASIER
3,84.7,21.11,3,1,81.9,1,SAME
3,81.02,13.24,1,1,77.65,1,SAME
3,86.31,25.28,1,1,86.57,1,HARDER
5,65.57,37.19,2,2,66.82,3,SAME
3,81.62,36.73,1,0,82.39,1,SAME
5,57.01,37.34,3,4,52.3,3,EASIER
5,75.22,66.32,1,1,71.21,3,SAME
5,32.77,32.87,5,5,21.94,3,EASIER
6,65.55,300.0,1,3,62.84,4,EASIER
5,74.2,74.42,1,1,71.5,3,SAME
6,57.48,76.02,2,2,54.52,4,SAME
6,52.66,70.41,1,2,52.17,4,EASIER
7,71.61,82.83,1,2,70.13,5,SAME
6,58.54,55.2,1,2,53.86,4,SAME
5,82.3,39.26,1,1,83.03,3,SAME
5,47.3,133.12,3,3,45.77,3,EASIER
4,71.25,29.31,3,2,72.58,2,SAME
5,55.89,20.21,2,3,50.61,3,EASIER
3,88.13,14.88,1,2,84.67,1,SAME
7,42.25,185.7,3,3,34.99,5,EASIER
7,64.78,97.61,1,1,65.73,5,SAME
3,99.72,23.55,1,0,100.0,1,HARDER
6,42.19,150.66,5,4,36.59,4,EASIER
3,100.0,17.69,1,1,100.0,1,HARDER
6,51.71,113.93,1,3,48.39,4,EASIER
3,100.0,18.57,1,1,96.26,1,HARDER
5,78.81,77.13,2,0,79.32,3,SAME
6,44.13,66.91,4,4,37.62,4,EASIER
6,73.88,72.32,2,1,74.0,4,SAME
5,94.11,87.04,1,0,100.0,3,SAME
7,63.73,168.37,2,2,65.32,5,SAME
6,38.14,75.24,4,4,35.67,4,EASIER
4,84.45,30.45,1,0,80.45,2,SAME
6,62.79,188.35,2,2,64.05,4,EASIER
6,67.3,111.4,1,2,66.62,4,SAME
4,88.84,31.62,1,0,93.18,2,HARDER
6,47.61,58.39,5,4,36.58,4,EASIER
7,31.44,195.79,3,4,23.36,5,EASIER
7,76.26,119.27,1,2,75.38,5,SAME
6,43.01,75.31,5,4,32.28,4,EASIER
6,41.1,87.05,5,4,39.74,4,EASIER
4,73.58,44.54,1,1,73.99,2,SAME
6,60.34,79.62,2,2,57.88,4,SAME
4,63.99,66.91,5,4,55.44,2,EASIER
5,75.62,108.18,1,1,72.19,3,SAME
4,90.92,48.79,1,1,86.14,2,HARDER
4,80.87,72.51,1,1,78.72,2,SAME
3,83.96,25.09,2,1,85.19,1,SAME
7,33.85,163.16,2,3,28.34,5,EASIER
3,93.18,39.09,1,1,94.44,1,SAME
3,79.71,39.34,2,2,72.67,1,SAME
7,39.69,184.51,4,4,28.29,5,EASIER
5,51.64,79.27,1,2,52.18,3,EASIER
5,97.28,152.81,1,0,95.31,3,EASIER
6,56.81,61.93,3,3,51.85,4,EASIER
4,89.08,35.33,1,0,86.5,2,HARDER
3,87.26,22.72,2,0,88.07,1,HARDER
6,66.52,67.72,1,2,68.64,4,SAME
3,87.64,10.32,2,0,85.33,1,HARDER
5,85.53,114.55,1,1,79.32,3,SAME
7,57.96,64.03,2,3,49.96,5,EASIER
7,71.57,122.86,1,1,70.22,5,SAME
4,92.46,19.48,1,0,88.92,2,HARDER
6,61.27,113.24,3,2,55.66,4,EASIER
6,76.36,54.51,3,1,68.58,4,SAME
5,66.88,33.05,3,1,66.24,3,SAME
3,81.97,27.26,2,1,82.73,1,SAME
4,83.53,27.34,1,1,79.38,2,SAME
6,53.49,60.83,4,3,46.91,4,EASIER
7,47.25,122.99,1,2,44.83,5,SAME
3,97.54,35.69,2,1,97.66,1,SAME
6,60.32,53.58,2,2,57.53,4,SAME
7,61.99,65.25,1,1,60.79,5,SAME
7,34.55,113.44,3,3,28.94,5,EASIER
5,48.78,75.75,5,3,46.21,3,EASIER
3,73.25,47.93,1,1,73.13,1,SAME
4,58.49,22.97,2,2,52.9,2,SAME
7,47.97,94.18,2,2,43.85,5,EASIER
7,45.24,212.58,2,4,40.96,5,EASIER
6,48.82,228.77,1,2,47.48,4,EASIER
3,93.14,16.07,1,1,88.58,1,HARDER
3,100.0,18.0,1,0,99.85,1,HARDER
5,64.44,70.04,3,3,58.71,3,EASIER
5,52.62,43.57,1,2,43.97,3,EASIER
3,89.8,17.83,1,0,94.46,1,HARDER
6,75.5,93.12,1,1,72.9,4,SAME
5,67.58,124.89,1,1,63.67,3,EASIER
3,93.47,13.96,1,0,93.33,1,HARDER
3,91.02,48.7,1,0,89.64,1,SAME
5,57.9,43.64,2,1,60.42,3,SAME
6,67.96,98.15,3,2,68.39,4,SAME
7,33.45,266.54,3,4,27.36,5,EASIER
5,72.57,68.13,1,1,73.79,3,SAME
4,88.97,33.04,1,1,87.52,2,HARDER
7,34.05,165.65,2,4,23.0,5,EASIER
5,83.93,53.24,2,1,82.47,3,SAME
4,72.35,48.55,1,1,69.16,2,SAME
5,89.9,52.41,2,1,86.2,3,HARDER
3,100.0,36.67,1,1,100.0,1,SAME
4,72.89,19.73,1,1,77.62,2,SAME
5,80.67,35.12,1,0,78.34,3,SAME
7,24.48,51.97,5,5,17.69,5,EASIER
6,36.97,79.63,4,4,31.22,4,EASIER
6,14.52,37.02,5,6,11.35,4,EASIER
5,76.98,41.18,2,1,74.16,3,SAME
3,63.98,15.27,4,3,64.61,1,EASIER
4,89.58,76.18,1,1,82.57,2,EASIER
7,51.48,65.27,3,3,45.07,5,EASIER
3,69.61,14.1,2,2,69.17,1,SAME
7,56.95,128.23,3,3,46.07,5,EASIER
6,66.5,197.13,1,2,62.65,4,EASIER
4,71.72,35.98,2,1,66.05,2,SAME
6,52.73,80.37,5,3,44.09,4,EASIER
7,36.88,226.32,3,4,36.02,5,EASIER
3,80.4,36.95,1,1,81.9,1,SAME
3,87.49,30.21,1,0,87.99,1,HARDER
6,65.93,60.58,1,2,66.73,4,SAME
7,23.15,143.59,4,6,15.6,5,EASIER
3,61.0,13.64,1,2,60.9,1,SAME
6,88.12,59.29,1,0,88.97,4,HARDER
3,86.67,47.27,3,1,83.97,1,SAME
6,72.91,161.38,2,2,67.76,4,SAME
6,57.25,102.95,4,3,52.04,4,EASIER
3,78.45,10.59,2,2,70.53,1,SAME
6,54.06,43.75,3,2,51.4,4,EASIER
7,28.22,77.34,5,4,26.77,5,EASIER
7,40.95,101.99,5,5,30.88,5,EASIER
3,95.2,14.33,1,0,94.84,1,HARDER
4,80.23,33.85,1,0,73.8,2,SAME
4,63.88,87.2,4,2,61.14,2,EASIER
5,81.74,70.73,2,1,89.09,3,SAME
3,89.76,27.56,1,0,90.28,1,HARDER
7,22.2,64.32,5,4,19.15,5,EASIER
6,61.02,34.97,3,3,55.05,4,EASIER
7,42.55,57.35,2,2,41.35,5,EASIER
3,81.1,11.84,1,2,76.23,1,SAME
3,78.97,25.85,3,2,76.59,1,SAME
7,46.72,138.06,4,5,34.14,5,SAME
4,64.05,24.14,4,2,64.41,2,EASIER
6,37.33,88.56,4,4,32.81,4,EASIER
7,82.64,249.41,1,2,81.79,5,EASIER
3,81.48,59.74,1,0,80.2,1,EASIER
3,94.19,35.22,1,1,94.13,1,SAME
3,83.57,23.13,1,1,86.47,1,SAME
3,71.88,34.72,2,2,66.62,1,SAME
3,88.92,45.62,1,1,89.7,1,SAME
7,51.14,37.51,2,2,48.1,5,EASIER
6,42.43,177.22,4,3,42.6,4,EASIER
7,34.78,83.24,4,3,28.1,5,EASIER
7,57.48,83.68,2,1,54.4,5,SAME
7,54.75,92.3,1,2,54.69,5,EASIER
4,95.35,44.17,1,0,94.86,2,HARDER
4,80.28,22.54,2,1,80.26,2,SAME
7,33.62,95.9,5,5,28.4,5,EASIER
4,75.97,48.64,2,2,73.61,2,SAME
3,85.65,27.55,1,0,80.5,1,HARDER
6,55.88,99.96,3,2,54.88,4,SAME
7,72.47,93.87,2,2,67.5,5,SAME
7,31.6,163.46,4,4,21.12,5,EASIER
7,57.79,199.19,1,2,60.0,5,SAME
3,80.44,38.95,1,1,82.43,1,SAME
6,34.07,102.42,2,4,24.45,4,EASIER
7,49.76,186.83,3,3,38.24,5,EASIER
6,71.1,128.98,2,1,68.89,4,SAME
7,45.75,300.0,2,2,47.77,5,EASIER
7,59.24,217.53,4,2,53.29,5,EASIER
5,73.04,55.51,1,1,70.2,3,SAME
3,80.15,16.66,1,1,75.37,1,SAME
5,90.02,50.97,1,0,91.0,3,HARDER
4,97.71,32.51,1,0,97.4,2,HARDER
3,100.0,31.39,1,0,97.63,1,HARDER
3,78.11,18.31,1,2,70.63,1,EASIER
6,56.68,152.42,1,2,54.39,4,SAME
5,30.93,29.15,5,5,26.01,3,EASIER
5,91.7,25.85,2,1,88.48,3,HARDER
6,38.88,76.44,4,4,34.8,4,EASIER
5,49.73,38.22,3,2,46.53,3,EASIER
6,68.85,42.62,1,1,73.37,4,SAME
3,91.29,18.83,1,1,93.89,1,HARDER
7,56.33,73.96,3,3,53.13,5,EASIER
5,75.54,58.29,1,1,74.28,3,SAME
3,82.53,18.97,1,1,81.37,1,SAME
7,51.65,83.49,2,2,48.68,5,EASIER
6,63.36,81.79,1,1,61.55,4,SAME
3,100.0,39.26,1,0,94.66,1,SAME
3,88.08,48.1,1,1,91.8,1,SAME
3,96.85,26.7,1,0,93.31,1,EASIER
4,81.36,42.25,1,1,83.85,2,SAME
3,62.9,23.04,2,2,56.54,1,SAME
6,86.21,105.32,1,0,84.92,4,HARDER
5,75.4,70.36,2,2,72.69,3,SAME
7,36.77,230.69,4,3,32.57,5,EASIER
6,39.68,30.71,2,3,30.61,4,EASIER
6,61.47,72.59,2,3,59.51,4,EASIER
5,93.12,68.6,1,0,91.42,3,HARDER
3,100.0,24.71,1,1,100.0,1,HARDER
3,87.61,16.46,1,0,93.37,1,HARDER
6,69.41,41.72,3,2,66.3,4,SAME
3,99.41,35.79,2,1,98.56,1,SAME
3,88.3,17.85,1,1,83.4,1,HARDER
4,77.5,16.66,4,2,74.6,2,EASIER
7,43.67,178.63,5,4,34.09,5,EASIER
5,85.04,72.79,1,0,84.5,3,HARDER
6,66.29,77.21,3,3,62.8,4,EASIER
5,67.39,36.88,1,2,60.64,3,SAME
3,91.63,23.77,2,1,87.39,1,HARDER
4,73.28,67.28,2,2,72.19,2,SAME
3,80.05,12.19,1,0,79.29,1,SAME
6,79.73,36.36,2,2,75.98,4,SAME
3,88.7,18.91,1,1,91.25,1,HARDER
4,86.58,37.53,1,0,83.07,2,HARDER
7,50.55,85.46,3,3,41.99,5,EASIER
5,37.14,79.73,4,4,32.0,3,EASIER
5,63.43,99.43,2,2,66.81,3,HARDER
5,84.82,66.58,1,1,84.99,3,SAME
6,60.94,109.74,2,2,57.7,4,SAME
4,72.7,43.18,2,1,72.03,2,SAME
6,66.64,82.41,2,2,62.38,4,SAME
7,74.81,55.34,1,1,76.91,5,SAME
5,52.02,34.87,2,2,46.48,3,EASIER
5,75.85,29.72,1,0,74.83,3,SAME
3,90.21,23.4,1,0,94.88,1,HARDER
4,100.0,42.38,1,0,100.0,2,HARDER
7,55.27,50.84,4,3,53.01,5,EASIER
5,40.64,60.12,4,4,31.79,3,EASIER
4,91.74,25.18,2,1,88.22,2,HARDER
5,61.34,34.16,3,3,56.92,3,EASIER
5,59.3,42.56,1,3,55.3,3,EASIER
5,48.22,33.31,3,3,42.75,3,EASIER
6,68.59,112.41,3,2,61.29,4,SAME
4,82.0,35.11,2,2,80.01,2,SAME
6,34.72,125.29,4,5,27.55,4,EASIER
5,94.41,46.57,1,0,97.5,3,HARDER
7,63.81,89.78,2,2,55.71,5,SAME
3,77.58,57.54,2,1,72.74,1,EASIER
3,93.29,12.14,1,0,91.13,1,HARDER
5,63.23,109.54,1,1,55.09,3,SAME
5,65.11,131.56,5,3,62.11,3,EASIER
6,25.74,122.11,5,6,14.87,4,EASIER
5,62.83,49.25,1,1,59.59,3,SAME
7,54.6,243.75,1,1,53.05,5,EASIER
5,100.0,49.46,1,0,96.36,3,HARDER
3,74.54,18.26,1,1,71.77,1,SAME
3,98.97,21.03,1,0,100.0,1,HARDER
7,63.77,82.08,1,1,57.1,5,SAME
3,87.39,16.41,2,0,84.75,1,HARDER
7,61.12,205.09,2,2,59.17,5,EASIER
4,76.46,26.42,1,1,80.24,2,SAME
3,80.17,24.67,2,1,81.16,1,SAME
4,76.42,19.28,1,0,76.64,2,EASIER
6,57.31,83.32,5,4,56.28,4,EASIER
5,90.99,32.73,1,1,86.8,3,SAME
6,57.64,44.38,1,2,57.71,4,SAME
6,67.19,77.47,2,2,65.73,4,SAME
5,85.35,97.87,1,1,86.62,3,SAME
6,50.82,103.1,1,3,52.48,4,EASIER
7,47.4,147.82,5,3,40.86,5,EASIER
5,55.28,54.39,4,3,49.77,3,EASIER
3,71.01,21.53,3,3,66.16,1,EASIER
5,83.14,85.8,2,1,85.07,3,SAME
7,75.44,82.4,1,1,69.63,5,SAME
4,39.48,56.25,5,5,35.3,2,EASIER
7,41.32,219.66,4,5,27.05,5,EASIER
5,77.49,38.24,2,2,75.7,3,SAME
6,32.02,57.15,3,3,24.35,4,EASIER
4,83.17,29.4,2,1,80.73,2,SAME
7,44.47,50.35,3,4,37.08,5,EASIER
3,95.42,20.29,2,0,96.07,1,HARDER
4,51.03,70.05,4,4,45.48,2,EASIER
5,64.35,34.57,3,3,63.89,3,EASIER
5,45.81,111.77,4,4,36.03,3,EASIER
5,63.01,46.8,2,3,58.66,3,EASIER
3,62.81,64.05,1,1,61.95,1,EASIER
4,88.72,27.58,2,0,87.58,2,HARDER
3,100.0,23.45,1,0,100.0,1,HARDER
5,77.79,36.96,1,1,75.49,3,SAME
4,81.08,27.5,2,1,84.2,2,SAME
5,57.57,112.49,2,2,56.87,3,SAME
5,87.59,73.36,1,0,89.2,3,HARDER
6,54.07,140.01,3,3,56.27,4,EASIER
5,56.69,30.24,4,3,51.63,3,EASIER
6,83.52,115.26,1,1,84.31,4,SAME
5,48.69,35.86,3,3,42.13,3,EASIER
6,48.64,40.91,1,3,43.97,4,EASIER
6,67.02,92.84,2,3,61.52,4,EASIER
4,67.36,42.31,3,2,64.55,2,HARDER
4,50.44,38.96,4,3,48.16,2,EASIER
6,68.93,119.09,1,0,68.82,4,SAME
4,72.45,57.29,3,2,70.43,2,SAME
5,60.71,120.06,4,2,55.76,3,EASIER
3,77.87,14.72,1,1,72.9,1,SAME
5,67.38,121.99,1,2,63.81,3,EASIER
5,59.15,147.26,3,2,53.86,3,EASIER
6,82.19,67.78,1,0,85.2,4,SAME
5,80.01,25.39,2,2,77.85,3,SAME
4,78.58,19.83,1,1,76.11,2,SAME
7,54.71,87.08,3,2,52.17,5,EASIER
5,56.34,157.19,2,3,51.75,3,EASIER
7,58.38,113.05,1,1,53.27,5,SAME
6,59.57,59.49,2,2,55.8,4,SAME
5,48.93,41.31,4,3,43.94,3,EASIER
7,57.08,54.47,3,2,56.4,5,SAME
3,99.29,36.89,1,0,94.53,1,SAME
7,37.6,106.52,4,3,31.79,5,EASIER
7,49.87,300.0,1,2,50.15,5,EASIER
5,71.08,79.15,1,1,68.53,3,SAME
6,49.15,126.25,2,3,47.24,4,EASIER
5,65.0,51.45,1,1,64.81,3,HARDER
4,100.0,22.76,1,0,100.0,2,HARDER
6,47.82,52.06,3,4,41.05,4,EASIER
4,69.99,19.97,4,2,62.63,2,EASIER
4,86.67,58.29,1,0,86.18,2,SAME
5,63.9,47.94,1,1,63.92,3,SAME
7,47.57,188.22,3,3,46.46,5,EASIER
4,73.05,40.51,3,2,67.43,2,SAME
5,76.73,50.17,1,1,74.25,3,SAME
3,78.21,14.86,2,2,74.07,1,SAME
3,68.68,28.59,4,2,70.64,1,EASIER
3,95.2,22.68,1,1,93.3,1,HARDER
3,79.54,37.35,1,0,80.43,1,SAME
7,57.81,75.84,4,3,53.91,5,EASIER
7,66.98,156.69,1,1,58.82,5,SAME
7,16.59,273.9,2,4,11.45,5,EASIER
3,80.28,28.22,2,2,76.86,1,SAME
3,100.0,35.46,2,2,93.83,1,SAME
4,80.0,49.72,2,1,84.94,2,SAME
5,54.79,148.41,2,3,54.75,3,EASIER
4,90.46,45.25,1,0,91.39,2,HARDER
5,37.78,82.02,3,3,33.74,3,EASIER
3,78.96,24.6,3,2,80.52,1,SAME
6,43.48,54.82,4,3,42.36,4,EASIER
4,84.47,21.54,1,0,83.58,2,SAME
3,66.85,43.93,2,2,64.27,1,SAME
6,51.27,48.54,3,3,48.73,4,EASIER
7,22.78,168.17,2,4,14.75,5,EASIER
3,82.79,30.08,1,0,90.43,1,SAME
5,68.66,91.35,2,2,68.17,3,SAME
7,61.25,84.6,3,2,56.92,5,SAME
6,97.11,54.36,1,0,100.0,4,EASIER
7,51.94,137.65,1,3,45.99,5,EASIER
5,82.56,50.19,1,1,84.21,3,SAME
4,80.3,21.31,1,0,78.88,2,SAME
6,48.29,224.7,2,3,42.43,4,EASIER
3,83.98,17.58,2,0,85.33,1,SAME
4,75.25,23.82,2,2,72.68,2,SAME
6,76.54,72.3,3,2,73.73,4,SAME
6,53.69,157.31,2,2,51.44,4,EASIER
3,70.42,9.53,2,2,70.26,1,SAME
5,61.38,103.5,3,2,62.19,3,SAME
4,65.19,24.76,2,3,70.66,2,EASIER
5,58.29,66.11,3,2,58.85,3,SAME
7,67.66,77.48,2,0,66.96,5,SAME
3,84.42,60.66,1,0,82.51,1,EASIER
7,47.09,119.87,4,5,42.33,5,EASIER
5,74.7,40.85,1,2,71.02,3,SAME
6,72.87,70.12,1,1,69.09,4,SAME
5,62.13,60.63,2,3,53.86,3,EASIER
4,92.66,41.31,1,1,90.57,2,HARDER
6,25.82,103.02,5,4,15.31,4,EASIER
6,47.19,81.94,3,4,43.15,4,EASIER
3,90.9,13.55,1,0,87.29,1,HARDER
6,72.07,68.7,2,2,71.68,4,SAME
6,55.89,112.41,3,3,55.48,4,EASIER
4,82.64,27.74,2,2,79.13,2,SAME
7,31.63,161.61,3,4,19.71,5,EASIER
6,66.41,83.36,1,1,70.43,4,SAME
4,65.62,34.3,4,3,61.26,2,EASIER
3,89.21,42.53,1,1,90.26,1,SAME
6,58.1,33.21,1,2,51.32,4,SAME
4,74.73,27.67,1,1,77.93,2,SAME
6,41.66,155.65,4,4,29.12,4,EASIER
5,71.37,143.5,2,1,65.36,3,EASIER
5,90.36,179.83,1,1,93.01,3,EASIER
3,77.96,25.57,1,1,73.1,1,SAME
6,40.79,104.05,5,5,36.0,4,EASIER
3,77.91,35.97,1,1,78.28,1,SAME
5,72.65,109.03,1,2,71.97,3,SAME
7,50.1,132.84,2,3,49.38,5,EASIER
7,61.61,185.54,1,2,55.42,5,SAME
7,10.58,143.89,5,5,8.43,5,EASIER
7,56.39,148.88,1,2,53.05,5,SAME
5,78.19,36.81,1,1,79.03,3,SAME
4,86.25,32.55,1,1,90.32,2,HARDER
7,66.61,84.23,1,2,64.03,5,SAME
7,57.74,58.59,2,3,60.97,5,EASIER
7,48.83,45.53,5,4,36.83,5,EASIER
6,84.63,65.79,1,1,88.74,4,SAME
3,87.7,22.23,1,1,84.89,1,HARDER
5,64.03,61.1,2,3,55.95,3,EASIER
5,56.74,76.37,4,3,60.82,3,EASIER
7,42.92,124.09,5,3,34.63,5,EASIER
4,63.46,33.68,4,3,56.05,2,EASIER
4,72.02,24.72,1,1,73.63,2,SAME
3,92.6,36.94,2,1,93.94,1,SAME
7,53.35,105.95,3,3,48.21,5,EASIER
6,89.35,65.44,1,1,84.15,4,HARDER
3,74.78,23.01,2,3,69.48,1,HARDER
5,65.61,40.36,3,3,60.19,3,EASIER
5,74.76,44.6,2,1,69.82,3,SAME
5,74.54,43.9,1,2,69.93,3,SAME
7,45.58,95.77,2,3,44.94,5,EASIER
3,92.42,33.47,1,1,92.94,1,HARDER
4,78.63,46.01,1,1,79.55,2,SAME
3,88.32,49.76,1,0,86.94,1,SAME
4,75.12,67.16,2,1,70.76,2,SAME
7,36.33,300.0,1,3,36.89,5,EASIER
7,55.03,151.9,1,2,50.0,5,SAME
3,84.95,31.83,1,0,81.3,1,SAME
6,70.74,63.64,1,2,68.77,4,SAME
4,87.78,56.03,1,1,86.23,2,SAME
3,86.53,18.67,2,0,84.5,1,HARDER
4,79.58,19.04,3,2,73.33,2,SAME
3,89.78,49.31,1,1,84.87,1,SAME
5,91.97,31.25,2,1,91.61,3,HARDER
7,64.87,142.26,1,1,60.76,5,SAME
5,62.33,37.51,1,1,65.04,3,SAME
6,39.51,147.32,4,4,36.34,4,EASIER
5,80.1,108.38,5,2,77.72,3,EASIER
3,74.73,31.64,1,1,73.53,1,SAME
3,86.78,43.53,2,1,89.87,1,SAME
4,100.0,38.13,1,0,100.0,2,HARDER
4,50.87,108.6,3,2,52.13,2,EASIER
7,61.97,168.2,3,3,60.79,5,EASIER
7,66.45,68.56,3,2,62.65,5,SAME
7,38.74,116.33,4,4,38.84,5,EASIER
6,35.47,75.75,3,4,29.85,4,EASIER
5,55.91,51.24,5,3,51.63,3,EASIER
6,62.25,34.64,2,2,58.14,4,SAME
5,46.2,70.24,5,4,38.21,3,EASIER
6,56.62,39.89,4,3,52.58,4,EASIER
6,63.37,22.05,2,2,58.21,4,SAME
6,45.8,68.57,2,3,39.82,4,EASIER
6,40.97,55.35,5,4,39.05,4,EASIER
3,94.23,17.04,1,0,96.13,1,HARDER
6,68.67,16.33,2,2,67.41,4,SAME
4,98.3,25.47,1,0,93.98,2,SAME
6,48.89,74.92,1,2,53.17,4,EASIER
5,88.34,42.37,1,0,86.24,3,HARDER
7,56.92,138.32,1,2,53.58,5,SAME
4,76.47,73.12,2,1,75.28,2,SAME
7,62.87,148.4,2,2,60.94,5,SAME
7,48.15,195.95,1,1,47.04,5,EASIER
4,77.92,64.0,1,2,73.6,2,SAME
5,83.42,35.03,1,1,79.55,3,SAME
5,62.58,72.08,2,1,59.61,3,SAME
6,62.41,137.58,2,2,51.58,4,SAME
6,30.36,65.37,5,5,27.65,4,EASIER
7,62.52,72.79,3,2,67.06,5,SAME
4,84.63,48.76,2,0,90.21,2,SAME
5,68.79,27.86,1,2,68.37,3,SAME
5,75.19,33.85,3,2,74.5,3,SAME
7,46.83,77.88,4,3,43.37,5,EASIER
4,44.98,46.96,5,4,39.88,2,EASIER
5,77.2,64.64,2,1,74.88,3,SAME
3,82.85,39.58,3,1,79.7,1,SAME
7,17.74,67.77,5,5,3.8,5,EASIER
4,36.43,24.03,4,4,30.56,2,EASIER
4,71.86,48.61,2,1,69.95,2,SAME
5,69.04,39.06,1,2,66.52,3,SAME
5,77.14,43.02,2,1,77.32,3,SAME
7,27.83,40.71,5,5,21.12,5,EASIER
5,41.81,66.98,5,4,36.48,3,EASIER
5,63.79,124.39,5,3,57.51,3,EASIER
3,100.0,15.81,1,0,100.0,1,HARDER
3,65.26,39.39,2,3,61.78,1,EASIER
4,99.03,36.95,1,1,95.75,2,HARDER
7,59.44,42.79,4,1,57.1,5,EASIER
7,54.67,68.78,2,3,44.64,5,EASIER
6,65.91,49.87,1,2,69.09,4,SAME
6,42.42,69.56,2,3,34.19,4,EASIER
4,68.78,46.28,1,2,68.1,2,SAME
3,86.45,56.92,1,1,86.97,1,EASIER
3,78.05,13.22,2,1,74.17,1,SAME
4,80.46,30.26,1,0,83.37,2,SAME
4,81.17,24.94,2,1,81.23,2,SAME
3,100.0,14.22,1,0,96.48,1,HARDER
4,77.61,39.74,1,1,74.98,2,SAME
3,83.77,25.02,1,1,80.98,1,SAME
6,68.77,31.93,1,1,68.92,4,SAME
7,39.27,113.11,4,3,36.75,5,EASIER
6,74.88,43.81,3,2,70.2,4,SAME
5,68.05,58.34,2,1,68.2,3,SAME
5,69.2,108.73,3,3,64.02,3,EASIER
4,100.0,47.24,2,0,100.0,2,HARDER
3,100.0,27.05,2,0,100.0,1,HARDER
5,68.24,44.64,2,1,68.98,3,SAME
5,71.95,59.95,1,2,67.56,3,SAME
3,65.16,32.12,3,1,59.25,1,SAME
5,70.19,72.98,2,2,66.73,3,SAME
4,45.89,36.27,4,3,41.69,2,EASIER
3,100.0,27.54,3,1,92.52,1,SAME
6,57.25,41.35,2,2,53.32,4,SAME
5,49.67,40.32,5,3,43.15,3,EASIER
6,70.33,118.47,1,3,63.75,4,EASIER
6,39.46,127.05,3,4,30.74,4,EASIER
7,59.8,117.86,3,3,56.98,5,EASIER
7,36.37,250.77,4,4,26.53,5,EASIER
6,58.27,106.79,2,2,56.95,4,SAME
7,60.45,98.64,2,3,58.92,5,EASIER
5,76.36,31.71,1,1,78.8,3,SAME
7,45.46,245.33,2,4,40.11,5,EASIER
6,52.69,122.4,2,3,51.99,4,EASIER
6,54.46,208.9,2,3,48.97,4,EASIER
7,38.87,300.0,3,4,32.76,5,EASIER
5,61.21,30.67,2,2,60.77,3,SAME
6,73.44,42.05,1,2,70.73,4,SAME
4,63.08,9.89,1,1,59.47,2,SAME
7,43.13,184.75,5,4,33.79,5,HARDER
6,40.15,115.36,3,3,37.96,4,EASIER
6,43.98,86.28,2,2,41.42,4,EASIER
5,64.78,31.61,2,2,61.81,3,SAME
7,65.82,106.7,1,0,67.43,5,SAME
3,86.89,27.14,1,1,82.31,1,HARDER
3,91.45,35.42,2,2,89.65,1,HARDER
5,74.06,66.39,1,1,72.33,3,SAME
6,65.48,115.8,1,1,60.76,4,SAME
7,47.95,104.67,3,3,41.98,5,EASIER
5,71.58,104.09,4,3,71.01,3,EASIER
6,56.42,113.89,2,3,50.18,4,EASIER
5,98.21,32.23,2,1,97.45,3,HARDER
7,47.29,238.8,5,4,43.75,5,EASIER
6,23.74,155.09,5,5,14.71,4,EASIER
5,79.65,73.03,2,0,85.99,3,SAME
7,48.41,130.52,2,3,46.65,5,EASIER
3,90.12,52.3,1,1,87.23,1,EASIER
7,18.09,45.99,5,6,9.42,5,EASIER
3,81.29,43.43,2,1,65.34,1,SAME
4,94.41,30.38,4,0,95.56,2,EASIER
7,33.87,203.44,3,4,35.38,5,EASIER
6,78.76,87.3,1,0,79.17,4,SAME
7,58.41,56.89,2,2,53.89,5,SAME
6,37.22,63.34,5,5,30.95,4,EASIER
6,79.85,139.49,1,1,73.14,4,SAME
4,73.03,34.43,2,2,73.83,2,SAME
3,90.68,18.96,1,0,90.13,1,HARDER
3,93.71,18.9,1,0,91.33,1,HARDER
4,90.45,51.39,2,0,88.47,2,SAME
3,84.46,54.48,1,1,84.12,1,EASIER
5,81.97,20.1,4,2,81.58,3,EASIER
6,33.94,300.0,1,2,30.78,4,EASIER
7,35.44,125.15,4,4,31.52,5,EASIER
5,90.15,77.3,1,1,90.03,3,HARDER
7,50.83,88.3,2,2,44.14,5,EASIER
7,65.98,111.79,1,1,66.81,5,EASIER
7,52.5,124.39,1,2,50.7,5,EASIER
5,55.45,34.51,2,3,50.4,3,EASIER
4,79.39,26.02,1,0,82.89,2,SAME
7,64.26,213.6,1,2,61.09,5,SAME
4,64.43,18.32,3,3,61.88,2,EASIER
5,68.95,72.15,2,2,61.92,3,SAME
3,64.55,21.2,4,2,65.54,1,EASIER
6,57.56,49.76,4,2,59.13,4,EASIER
6,34.71,228.63,2,3,26.53,4,EASIER
3,89.83,16.35,1,1,84.87,1,HARDER
4,60.23,22.34,4,3,56.29,2,EASIER
5,61.05,52.87,2,2,63.07,3,SAME
5,84.45,39.65,2,2,84.71,3,SAME
7,37.95,112.39,2,3,33.52,5,EASIER
4,88.82,40.88,1,1,87.56,2,HARDER
7,46.84,127.28,4,3,39.85,5,EASIER
5,73.74,54.55,1,2,72.76,3,SAME
7,85.47,76.39,1,1,81.01,5,HARDER
4,81.73,51.42,2,1,84.47,2,SAME
3,76.16,23.79,2,2,74.42,1,SAME
3,83.82,20.05,3,2,76.55,1,SAME
4,69.81,76.19,2,2,67.83,2,EASIER
7,52.6,104.83,2,3,48.07,5,EASIER
3,100.0,40.64,1,1,94.35,1,SAME
4,88.65,67.64,1,0,87.32,2,SAME
3,100.0,44.34,1,0,100.0,1,SAME
7,4.64,163.23,5,6,0.0,5,EASIER
6,54.0,81.97,4,2,51.15,4,EASIER
6,87.82,79.31,1,0,87.36,4,HARDER
6,51.8,72.22,2,3,43.98,4,EASIER
6,45.03,26.57,5,5,36.83,4,EASIER
6,58.72,119.16,2,2,56.97,4,SAME
3,98.86,27.87,1,0,97.77,1,HARDER
7,53.09,175.64,1,2,52.67,5,EASIER
6,72.93,77.16,2,1,68.33,4,SAME
6,58.32,115.87,2,2,55.64,4,SAME
4,100.0,19.89,2,0,100.0,2,HARDER
7,61.23,59.22,2,3,59.65,5,EASIER
4,100.0,11.87,1,0,100.0,2,HARDER
3,98.37,23.55,1,0,96.0,1,HARDER
7,53.07,73.51,2,3,51.49,5,EASIER
4,85.71,24.85,1,0,84.4,2,HARDER
3,95.2,29.01,1,0,93.3,1,HARDER
6,39.01,65.72,2,3,33.63,4,EASIER
4,95.84,19.38,1,0,95.99,2,HARDER
7,23.07,300.0,5,5,19.28,5,EASIER
5,84.26,56.95,1,0,85.69,3,SAME
3,91.06,15.44,2,1,93.0,1,HARDER
7,22.01,77.75,5,5,16.83,5,EASIER
5,79.21,53.24,1,0,82.65,3,SAME
4,85.32,35.0,1,0,84.8,2,HARDER
6,51.19,161.39,1,3,38.76,4,EASIER
5,73.2,55.76,4,2,75.11,3,EASIER
3,100.0,57.08,1,0,100.0,1,EASIER
6,59.96,65.49,2,2,60.4,4,SAME
5,82.74,71.63,1,0,75.38,3,SAME
6,65.94,139.51,1,1,68.74,4,SAME
7,37.97,214.83,3,3,39.03,5,EASIER
6,45.82,162.21,3,3,47.32,4,EASIER
6,50.25,71.18,2,2,43.74,4,EASIER
4,89.11,37.9,1,1,81.55,2,SAME
4,64.08,11.85,3,3,56.68,2,EASIER
5,63.67,52.64,4,3,59.46,3,EASIER
7,44.83,203.01,2,3,42.34,5,EASIER
5,48.46,90.41,3,2,43.86,3,EASIER
4,63.4,36.49,3,2,62.7,2,SAME
6,58.51,198.4,2,3,52.95,4,EASIER
7,60.06,90.85,1,2,56.62,5,SAME
7,46.67,75.81,2,3,41.97,5,EASIER
4,100.0,30.49,1,0,95.98,2,HARDER
6,55.86,45.74,1,1,53.26,4,SAME
5,76.46,78.93,3,2,73.21,3,SAME
5,68.48,66.9,4,2,63.79,3,EASIER
4,86.52,50.62,2,2,81.68,2,SAME
3,85.19,20.79,3,1,84.32,1,SAME
4,55.3,36.98,4,3,45.76,2,EASIER
5,57.72,19.73,3,3,56.44,3,EASIER
7,54.92,137.49,5,3,54.7,5,EASIER
7,46.93,118.2,5,4,40.06,5,EASIER
3,96.33,15.32,1,0,97.7,1,HARDER
6,36.59,77.66,5,5,31.23,4,EASIER
3,53.11,22.29,5,3,51.93,1,EASIER
6,48.23,205.24,1,3,43.7,4,EASIER
4,70.25,23.08,2,2,70.12,2,SAME
5,74.12,68.34,1,1,74.64,3,SAME
6,65.75,46.5,2,2,60.99,4,SAME
5,84.16,44.0,2,1,79.93,3,SAME
7,85.98,130.24,1,1,81.29,5,HARDER
5,87.5,52.24,2,1,81.57,3,HARDER
7,36.06,111.63,3,4,29.06,5,EASIER
6,61.37,97.49,1,2,58.88,4,SAME
4,67.46,30.13,2,2,62.19,2,SAME
6,51.24,129.86,5,3,44.88,4,EASIER
5,86.73,49.86,1,0,83.45,3,HARDER
5,65.75,55.27,2,2,65.31,3,SAME
3,89.66,29.36,1,0,90.31,1,HARDER
3,93.5,27.66,1,0,94.99,1,HARDER
5,75.63,79.79,2,1,73.08,3,SAME
3,100.0,28.79,1,0,99.01,1,HARDER
7,50.03,144.62,3,3,45.57,5,EASIER
7,55.09,93.8,2,3,46.45,5,EASIER
6,54.91,47.04,4,3,50.43,4,EASIER
6,69.08,39.03,1,1,66.69,4,SAME
5,61.79,25.37,4,3,53.14,3,EASIER
3,86.96,54.78,1,0,85.36,1,EASIER
4,98.51,13.43,1,0,97.22,2,HARDER
5,88.71,104.72,1,1,84.85,3,SAME
7,48.22,71.6,3,4,46.28,5,EASIER
4,84.98,66.37,4,1,86.63,2,EASIER
5,73.61,19.5,2,2,69.99,3,SAME
4,90.01,34.02,1,1,89.6,2,HARDER
3,98.37,47.75,2,1,95.9,1,SAME
3,100.0,34.34,1,0,99.83,1,SAME
4,91.32,32.43,2,2,90.51,2,SAME
3,94.98,10.53,1,0,91.95,1,HARDER
3,80.2,13.88,2,1,77.3,1,SAME
4,72.04,73.0,3,2,69.23,2,SAME
4,91.95,32.26,1,0,88.82,2,HARDER
5,82.94,55.97,1,2,80.91,3,SAME
3,81.57,28.36,2,1,83.53,1,SAME
4,70.0,20.6,2,1,70.68,2,SAME
5,72.49,70.96,2,1,73.27,3,SAME
7,42.98,89.1,3,4,34.63,5,EASIER
6,51.58,95.53,1,3,46.99,4,EASIER
7,33.31,81.73,4,4,30.4,5,EASIER
4,80.07,18.14,1,1,75.37,2,SAME
5,62.28,46.94,2,2,55.44,3,SAME
5,78.54,79.65,1,0,78.59,3,SAME
7,40.78,138.83,2,3,35.75,5,EASIER
7,29.94,113.9,4,4,27.56,5,EASIER
7,64.89,182.72,2,2,65.13,5,SAME
6,73.93,73.76,2,2,71.07,4,SAME
5,59.88,59.64,4,3,54.7,3,EASIER
5,86.01,45.74,2,1,83.59,3,HARDER
7,28.61,188.64,4,5,18.0,5,EASIER
4,78.23,43.58,3,1,74.99,2,SAME
4,75.41,29.25,2,2,68.6,2,SAME
7,79.85,49.75,1,1,77.71,5,SAME
4,84.94,63.87,1,1,81.78,2,SAME
4,74.75,26.79,1,2,73.22,2,SAME
5,92.27,60.11,1,0,95.2,3,HARDER
4,73.91,114.81,1,2,72.29,2,EASIER
7,45.54,173.35,1,3,42.34,5,EASIER
7,67.55,269.5,1,2,67.09,5,EASIER
4,91.42,29.51,1,1,90.03,2,HARDER
5,64.63,98.55,1,2,68.23,3,SAME
7,62.1,113.64,1,2,61.11,5,SAME
6,53.54,99.19,3,4,46.04,4,EASIER
4,48.72,98.24,4,3,42.69,2,EASIER
5,60.93,50.53,2,3,54.03,3,EASIER
6,41.21,82.83,5,4,35.28,4,EASIER
6,81.18,51.27,1,0,77.08,4,EASIER
3,91.57,37.12,2,1,89.43,1,SAME
4,78.31,29.2,1,1,68.94,2,SAME
7,51.84,195.56,3,3,51.13,5,EASIER
4,93.75,17.5,2,2,90.46,2,SAME
4,60.02,49.18,3,2,64.49,2,SAME
4,92.44,28.08,1,1,90.89,2,HARDER
3,89.75,34.6,1,1,87.83,1,SAME
3,80.36,24.85,2,2,74.13,1,SAME
4,77.53,29.55,2,0,76.95,2,SAME
7,65.29,90.72,2,2,68.02,5,SAME
3,76.47,17.12,1,2,74.18,1,SAME
4,82.9,56.34,1,2,83.22,2,SAME
3,86.33,15.68,1,0,86.44,1,HARDER
5,70.59,50.82,2,2,72.15,3,SAME
4,81.78,44.69,1,2,81.25,2,SAME
6,32.47,189.76,4,3,25.72,4,EASIER
5,84.09,57.73,3,2,82.87,3,SAME
6,41.56,72.28,1,3,40.37,4,EASIER
6,75.63,94.54,1,1,67.87,4,SAME
5,62.72,20.78,4,3,56.2,3,EASIER
7,36.22,58.28,5,6,22.25,5,EASIER
5,52.41,48.17,5,4,49.17,3,EASIER
7,56.35,75.94,3,3,53.75,5,EASIER
7,29.57,46.81,5,4,23.13,5,EASIER
5,70.88,88.68,1,2,67.6,3,SAME
6,65.94,93.86,1,1,65.17,4,SAME
4,89.41,40.59,1,0,90.38,2,HARDER
7,55.03,76.73,3,3,57.74,5,EASIER
6,58.55,85.46,1,2,54.88,4,SAME
7,45.83,148.25,3,3,41.71,5,EASIER
4,77.68,33.55,1,2,76.54,2,SAME
6,51.43,103.33,2,3,49.78,4,EASIER
5,51.25,39.11,4,3,47.16,3,EASIER
3,71.07,26.11,2,2,69.09,1,SAME
3,69.3,41.57,1,1,67.73,1,SAME
5,74.5,106.73,1,1,72.22,3,SAME
4,92.19,70.92,1,0,100.0,2,SAME
3,86.81,28.39,1,0,87.23,1,HARDER
5,87.55,58.91,1,1,90.86,3,HARDER
6,57.95,64.93,4,4,51.16,4,EASIER
4,53.9,16.25,4,3,46.37,2,EASIER
7,54.38,53.81,1,3,45.75,5,EASIER
6,54.68,75.14,1,2,50.74,4,EASIER
5,80.05,54.97,1,0,74.05,3,SAME
7,37.66,241.81,4,4,35.69,5,EASIER
5,73.11,111.19,1,2,69.59,3,SAME
3,74.9,18.42,2,1,73.92,1,SAME
3,88.63,35.98,1,2,82.8,1,SAME
7,64.0,86.36,2,2,56.79,5,SAME
7,44.83,162.48,4,4,35.65,5,EASIER
6,65.59,124.69,2,2,66.13,4,SAME
3,85.33,43.45,2,1,86.64,1,SAME
4,96.93,30.15,1,0,96.63,2,HARDER
3,71.43,39.26,2,1,66.28,1,SAME
3,69.65,10.86,3,2,66.94,1,SAME
4,71.46,69.88,1,1,73.58,2,SAME
5,65.82,57.29,2,1,70.04,3,SAME
3,99.39,24.96,2,0,100.0,1,HARDER
7,54.92,36.9,1,3,51.51,5,EASIER
5,62.11,47.85,2,2,56.83,3,SAME
4,62.81,71.86,1,2,60.63,2,SAME
5,70.24,46.96,3,2,65.08,3,SAME
6,59.87,118.83,2,3,59.09,4,EASIER
4,99.41,38.62,1,0,100.0,2,HARDER
3,97.33,40.12,2,0,96.81,1,SAME
3,70.68,27.22,2,1,71.42,1,SAME
7,62.34,67.4,1,1,64.45,5,SAME
3,100.0,25.64,1,0,96.47,1,SAME
6,53.49,188.55,1,1,55.31,4,EASIER
4,80.1,48.01,3,2,77.72,2,SAME
6,35.73,77.18,2,3,29.8,4,EASIER
3,85.97,68.22,1,1,80.47,1,EASIER
7,41.29,210.67,2,3,37.95,5,EASIER
6,71.31,125.39,2,1,71.88,4,SAME
5,65.12,67.87,2,1,70.24,3,SAME
4,91.85,53.56,1,1,87.86,2,SAME
7,57.22,169.73,2,3,56.31,5,EASIER
4,75.78,13.62,1,1,78.37,2,SAME
5,71.86,70.52,3,1,69.26,3,SAME
4,83.07,35.23,2,1,84.63,2,SAME
4,60.48,30.04,2,2,53.38,2,SAME
5,82.84,52.65,1,0,88.87,3,SAME
3,56.9,12.51,5,3,51.91,1,EASIER
3,95.22,11.2,1,1,91.44,1,HARDER
4,77.46,68.27,2,2,74.28,2,SAME
3,93.76,30.71,2,1,92.65,1,HARDER
5,87.53,17.57,1,0,84.97,3,HARDER
7,54.48,81.81,1,2,55.38,5,EASIER
3,76.46,36.99,2,2,74.6,1,SAME
3,87.32,22.07,1,0,87.75,1,SAME
3,79.35,43.51,4,2,73.15,1,EASIER
5,55.5,97.52,3,2,54.87,3,SAME
4,66.62,20.08,4,3,65.02,2,EASIER
5,80.04,54.03,2,1,80.15,3,SAME
3,90.6,20.48,1,1,88.95,1,HARDER
4,82.12,19.78,4,2,77.93,2,EASIER
5,57.1,28.24,3,4,51.89,3,EASIER
5,82.99,38.92,1,1,82.11,3,SAME
5,74.4,42.23,2,3,72.61,3,EASIER
6,70.4,95.01,1,2,68.75,4,SAME
5,22.43,97.25,5,5,9.75,3,EASIER
7,43.12,148.18,3,3,39.98,5,EASIER
5,48.78,84.09,2,3,43.0,3,EASIER
4,57.57,33.52,4,3,49.78,2,EASIER
4,82.2,50.45,1,1,76.62,2,SAME
4,100.0,35.44,1,0,97.82,2,HARDER
5,85.32,46.61,1,2,76.95,3,SAME
4,68.3,92.69,1,2,64.44,2,EASIER
7,65.21,31.45,1,2,65.79,5,SAME
5,74.64,22.95,2,2,71.66,3,SAME
7,62.03,137.97,1,1,56.53,5,SAME
6,42.2,71.45,5,3,34.59,4,EASIER
4,77.9,19.34,1,1,83.42,2,SAME
4,87.97,23.15,1,1,87.1,2,HARDER
6,72.88,50.71,1,1,72.14,4,SAME
4,89.89,57.8,1,2,87.08,2,SAME
4,83.9,67.18,2,1,76.99,2,SAME
7,30.94,273.71,5,4,19.78,5,EASIER
5,78.18,26.41,1,1,73.37,3,SAME
3,88.22,13.61,1,1,84.66,1,HARDER
5,85.16,28.5,1,0,82.26,3,HARDER
5,56.82,109.77,2,3,51.94,3,EASIER
7,33.51,140.6,1,2,33.55,5,EASIER
6,50.61,85.49,1,2,51.52,4,HARDER
3,62.17,27.69,2,2,57.62,1,SAME
3,89.19,24.38,2,1,87.04,1,HARDER
6,64.46,45.77,2,2,62.57,4,SAME
3,98.15,31.41,1,0,98.83,1,HARDER
4,82.69,34.82,2,1,81.42,2,SAME
3,100.0,14.65,1,0,100.0,1,HARDER
3,94.85,32.28,2,0,97.2,1,HARDER
7,66.4,88.81,2,3,64.65,5,EASIER
3,100.0,27.66,1,0,100.0,1,HARDER
3,100.0,23.65,1,0,100.0,1,HARDER
7,59.3,182.05,4,2,47.81,5,EASIER
3,90.62,27.57,1,1,89.55,1,HARDER
7,58.9,69.19,4,3,56.4,5,EASIER
3,83.28,28.85,1,1,78.55,1,SAME
3,83.85,29.27,1,1,85.82,1,SAME
3,93.73,31.39,3,1,85.79,1,SAME
6,59.44,140.52,2,2,50.96,4,SAME
6,44.68,59.53,2,2,41.86,4,EASIER
5,55.0,80.73,2,3,42.86,3,EASIER
4,54.5,16.89,4,3,50.11,2,EASIER
3,70.08,23.7,2,2,70.99,1,SAME
5,75.89,50.63,2,1,74.36,3,SAME
4,57.54,75.04,3,3,50.87,2,EASIER
5,45.92,53.68,5,4,42.93,3,EASIER
6,32.88,112.49,5,4,20.23,4,EASIER
7,47.98,42.88,1,2,46.29,5,EASIER
5,55.51,48.73,2,3,50.92,3,EASIER
3,100.0,17.15,1,0,95.38,1,HARDER
4,80.9,121.64,1,1,78.12,2,EASIER
7,13.82,77.87,3,5,6.39,5,EASIER
5,69.85,60.14,1,1,69.15,3,SAME
6,65.37,87.58,3,3,66.28,4,EASIER
5,83.21,26.41,1,1,80.97,3,SAME
3,100.0,19.78,2,0,99.03,1,HARDER
7,50.95,139.64,2,3,44.62,5,EASIER
6,73.83,85.74,1,1,70.22,4,SAME
7,39.29,31.97,3,5,37.35,5,EASIER
7,24.99,82.23,4,5,20.66,5,EASIER
4,79.14,61.4,2,2,71.72,2,SAME
4,71.71,50.1,2,2,69.41,2,SAME
4,96.97,67.36,3,1,94.03,2,SAME
7,56.53,65.45,1,2,54.06,5,SAME
5,68.26,109.34,1,1,59.19,3,SAME
5,77.89,56.74,1,1,71.4,3,SAME
7,60.97,266.74,1,2,57.45,5,EASIER
6,72.4,82.14,2,2,71.52,4,SAME
7,44.73,36.69,1,3,39.86,5,EASIER
7,65.11,177.92,2,3,56.94,5,EASIER
3,88.2,20.52,1,1,88.12,1,HARDER
4,47.53,31.84,2,3,42.21,2,EASIER
6,42.03,38.52,5,5,33.67,4,EASIER
7,25.07,271.13,3,4,16.45,5,EASIER
3,100.0,19.83,1,1,100.0,1,HARDER
4,84.46,79.67,1,0,83.65,2,EASIER
5,88.83,46.85,1,1,90.57,3,HARDER
6,76.13,50.62,2,2,72.27,4,SAME
3,83.38,44.97,1,0,78.15,1,SAME
6,44.75,78.93,5,3,41.35,4,EASIER
4,96.5,36.88,1,0,98.18,2,HARDER
4,86.45,20.81,1,1,80.54,2,HARDER
5,67.94,46.24,1,1,69.57,3,SAME
5,84.79,71.71,2,1,81.99,3,SAME
6,42.28,41.73,5,5,38.5,4,EASIER
4,75.34,29.49,1,1,74.58,2,SAME
7,70.07,89.06,3,2,64.96,5,SAME
3,68.98,25.75,1,1,65.99,1,SAME
7,30.56,250.85,3,3,31.15,5,EASIER
3,83.69,21.88,1,0,86.04,1,SAME
6,79.65,57.26,1,1,79.01,4,SAME
4,65.13,138.16,2,2,64.83,2,EASIER
4,76.47,31.0,1,0,79.26,2,SAME
3,100.0,22.97,1,0,100.0,1,HARDER
6,78.6,68.08,1,0,83.5,4,SAME
3,86.84,22.1,1,1,89.51,1,HARDER
6,58.3,85.38,3,3,59.98,4,EASIER
6,53.57,132.36,1,1,50.81,4,SAME
7,44.27,139.58,3,3,38.06,5,EASIER
6,57.3,143.57,2,2,60.42,4,SAME
4,67.83,62.07,1,2,65.92,2,SAME
6,51.06,91.39,1,3,45.69,4,EASIER
7,42.57,137.5,3,4,35.04,5,EASIER
4,86.53,63.99,2,0,87.98,2,SAME
3,89.38,15.25,2,1,85.85,1,HARDER
7,27.37,300.0,3,5,17.26,5,EASIER
3,100.0,19.9,2,1,99.05,1,HARDER
5,58.21,48.75,2,1,57.47,3,SAME
4,76.05,21.5,3,2,74.12,2,SAME
3,84.18,14.77,1,1,80.02,1,SAME
6,51.02,136.08,5,4,42.93,4,EASIER
3,71.26,68.66,3,2,71.02,1,EASIER
6,67.37,61.05,1,2,64.5,4,SAME
6,65.3,98.23,3,2,67.69,4,SAME
3,87.98,27.57,1,0,88.46,1,HARDER
3,83.0,39.02,3,1,80.85,1,SAME
6,47.56,259.94,2,3,38.26,4,EASIER
5,35.9,123.14,2,3,28.68,3,EASIER
3,100.0,22.48,1,0,97.26,1,HARDER
7,37.71,149.41,5,4,32.45,5,EASIER
4,58.56,51.05,4,4,47.97,2,EASIER
3,100.0,24.78,1,1,98.77,1,HARDER
7,52.36,61.63,1,3,48.41,5,EASIER
3,72.98,17.52,2,3,64.41,1,EASIER
5,57.89,102.39,1,2,54.2,3,SAME
7,24.04,221.51,5,4,15.45,5,EASIER
5,69.73,52.34,1,1,68.78,3,SAME
5,66.17,66.0,2,2,62.04,3,SAME
4,65.54,66.71,1,1,67.68,2,SAME
3,54.45,11.71,5,3,43.75,1,EASIER
5,75.01,46.5,2,2,75.78,3,SAME
7,34.98,300.0,5,4,24.44,5,EASIER
3,90.21,28.56,1,0,92.62,1,HARDER
7,43.52,60.53,3,3,34.92,5,EASIER
5,83.65,61.47,1,1,83.44,3,SAME
5,72.9,96.16,3,1,74.2,3,SAME
3,100.0,8.05,1,0,98.69,1,HARDER
6,68.0,89.87,2,2,66.49,4,SAME
3,74.71,21.18,2,2,69.46,1,EASIER
4,83.39,17.56,1,2,83.71,2,SAME
6,51.38,85.57,4,4,42.65,4,EASIER
3,56.0,23.53,2,3,48.97,1,EASIER
5,70.3,57.31,2,2,67.44,3,EASIER
5,88.97,48.82,2,1,89.84,3,HARDER
3,82.96,15.87,1,1,79.25,1,SAME
4,64.03,19.18,1,1,61.95,2,SAME
4,62.68,27.47,3,2,58.63,2,SAME
6,58.59,128.19,1,1,60.37,4,SAME
7,45.91,127.17,5,4,42.61,5,EASIER
7,77.97,107.86,3,2,72.13,5,SAME
3,91.71,15.74,1,1,81.45,1,HARDER
3,80.62,21.17,1,0,75.49,1,SAME
3,75.91,34.71,1,2,77.05,1,SAME
5,59.03,74.46,5,3,59.44,3,EASIER
3,90.96,20.22,2,1,88.26,1,HARDER
4,89.89,11.14,2,1,87.57,2,HARDER
7,29.19,77.53,5,5,21.82,5,EASIER
7,73.95,86.09,2,1,72.44,5,SAME
7,57.92,68.31,2,4,55.63,5,EASIER
4,69.16,31.29,2,2,69.74,2,SAME
6,29.95,125.38,3,4,20.25,4,SAME
6,64.35,80.43,1,1,60.32,4,SAME
3,76.11,38.83,2,1,74.99,1,SAME
5,65.22,27.49,1,2,68.1,3,SAME
5,74.92,49.87,2,1,74.75,3,SAME
4,62.38,15.28,3,2,60.05,2,HARDER
6,59.53,65.69,1,2,55.37,4,SAME
6,45.91,47.61,3,4,36.82,4,EASIER
5,36.28,109.36,4,5,26.19,3,EASIER
6,55.16,101.47,2,1,51.28,4,SAME
6,59.44,138.99,1,2,59.82,4,SAME
5,53.31,46.9,4,3,52.5,3,SAME
4,88.2,23.53,1,2,88.14,2,SAME
6,79.84,47.46,2,1,76.66,4,SAME
6,80.14,94.14,1,0,79.95,4,SAME
7,30.76,300.0,1,4,33.54,5,EASIER
3,99.43,30.04,1,0,100.0,1,HARDER
5,74.91,48.18,3,2,70.9,3,SAME
7,57.33,101.05,3,3,49.7,5,EASIER
5,72.03,57.11,1,2,71.27,3,SAME
7,36.07,300.0,5,5,29.54,5,EASIER
3,78.66,43.29,1,1,74.83,1,SAME
3,100.0,28.07,1,0,100.0,1,HARDER
6,53.02,86.82,5,3,45.44,4,EASIER
4,89.03,43.74,1,0,94.22,2,HARDER
5,48.93,74.08,2,3,43.44,3,EASIER
5,65.22,47.27,3,3,63.13,3,EASIER
5,86.16,38.19,1,0,90.22,3,HARDER
7,42.76,196.58,3,2,37.73,5,EASIER
3,75.08,25.25,3,0,76.46,1,EASIER
6,61.7,134.3,1,2,65.19,4,SAME
7,16.19,274.69,5,5,13.43,5,EASIER
6,66.91,107.49,1,1,59.18,4,SAME
4,82.62,44.97,3,1,82.64,2,SAME
3,75.95,103.85,1,1,78.83,1,EASIER
6,66.57,91.32,2,2,66.81,4,SAME
5,40.42,33.81,2,4,36.1,3,EASIER
3,84.22,22.06,1,1,87.32,1,SAME
4,88.59,78.8,1,1,87.53,2,EASIER
7,53.06,55.32,4,4,55.74,5,EASIER
4,57.76,26.68,3,3,50.79,2,HARDER
3,91.84,40.9,1,0,92.97,1,SAME
6,64.57,71.2,3,3,58.51,4,EASIER
3,81.09,23.8,1,0,85.17,1,SAME
7,23.43,201.04,3,4,17.83,5,EASIER
7,34.1,75.78,3,4,22.83,5,EASIER
7,24.38,50.31,4,4,13.0,5,EASIER
7,56.73,52.54,3,3,47.31,5,EASIER
4,84.07,49.95,1,2,75.54,2,SAME
4,78.77,42.92,1,1,79.64,2,HARDER
4,74.09,27.44,1,1,71.11,2,SAME
5,82.0,32.68,2,1,81.09,3,SAME
7,60.54,96.64,1,2,59.44,5,SAME
6,61.21,146.54,2,2,53.56,4,SAME
6,59.85,53.1,1,2,55.47,4,SAME
7,42.88,78.05,2,3,45.17,5,EASIER
6,74.0,44.15,2,1,76.31,4,SAME
4,63.77,31.97,4,3,61.13,2,EASIER
5,77.88,68.57,1,1,77.86,3,SAME
5,71.85,165.25,1,1,70.28,3,EASIER
3,100.0,27.54,1,0,96.99,1,HARDER
6,68.67,79.74,3,2,70.96,4,SAME
6,39.84,128.44,3,3,30.05,4,EASIER
6,57.13,117.77,2,3,48.12,4,EASIER
5,65.51,43.58,1,2,62.86,3,SAME
6,28.66,271.45,5,6,19.99,4,EASIER
7,44.58,110.52,3,3,44.82,5,EASIER
5,58.85,65.2,3,2,49.7,3,EASIER
5,72.94,76.2,1,1,72.82,3,SAME
3,79.49,29.16,2,1,78.66,1,SAME
6,68.68,181.26,4,2,65.52,4,EASIER
7,41.6,81.21,1,2,34.39,5,EASIER
6,64.9,123.23,1,2,60.56,4,SAME
7,45.56,122.51,1,3,40.25,5,EASIER
7,37.34,191.35,4,5,37.11,5,EASIER
6,54.3,73.33,1,2,53.19,4,EASIER
5,76.17,48.76,1,1,71.11,3,SAME
3,81.06,34.63,1,1,84.5,1,SAME
3,94.38,29.32,2,1,95.16,1,HARDER
4,67.52,25.84,1,1,65.68,2,SAME
5,50.58,112.9,2,3,45.86,3,EASIER
6,47.24,120.02,2,3,41.17,4,EASIER
5,80.99,55.91,1,1,80.0,3,SAME
3,92.15,20.3,1,1,92.25,1,HARDER
4,66.01,45.09,3,2,63.28,2,SAME
7,37.98,160.53,5,4,31.38,5,EASIER
7,16.9,46.98,4,6,8.68,5,EASIER
4,80.55,45.34,1,2,79.57,2,SAME
7,58.78,159.83,1,1,58.43,5,SAME
6,64.77,24.13,2,1,65.35,4,SAME
7,62.52,124.64,1,1,58.44,5,SAME
7,33.46,163.54,5,3,30.9,5,EASIER
6,58.44,110.92,3,4,48.83,4,EASIER
4,75.85,55.41,5,3,74.01,2,EASIER
6,56.7,69.16,4,2,48.93,4,EASIER
4,67.27,23.31,1,1,69.22,2,SAME
4,93.07,16.31,1,0,96.39,2,HARDER
6,42.18,144.7,4,4,37.25,4,EASIER
5,61.63,82.14,2,3,55.09,3,EASIER
5,36.28,103.42,4,4,30.02,3,EASIER
4,80.61,27.03,1,1,81.92,2,SAME
5,69.75,86.34,2,1,70.28,3,SAME
3,98.09,12.81,1,0,96.24,1,HARDER
6,57.73,52.17,1,3,52.02,4,EASIER
5,64.97,61.73,2,3,68.08,3,EASIER
7,53.49,160.77,1,3,45.14,5,EASIER
5,64.57,133.16,1,1,56.33,3,EASIER
5,53.1,51.5,2,3,42.43,3,EASIER
3,78.16,17.01,1,1,76.59,1,SAME
3,79.53,16.62,2,1,75.88,1,SAME
4,90.76,27.5,1,0,90.24,2,HARDER
4,68.71,107.93,2,1,69.99,2,EASIER
4,69.39,54.23,1,2,72.1,2,SAME
4,71.89,64.1,2,1,70.91,2,SAME
6,49.2,72.42,2,3,45.15,4,EASIER
3,91.03,24.98,2,1,94.88,1,HARDER
4,92.15,52.79,2,1,92.49,2,SAME
3,90.89,19.96,1,0,92.45,1,HARDER
4,84.27,33.14,2,1,86.9,2,SAME
6,55.0,57.74,2,2,51.49,4,SAME
3,92.38,20.49,1,1,86.48,1,HARDER
4,83.09,38.88,1,2,80.17,2,SAME
3,93.45,17.34,2,0,90.84,1,HARDER
7,40.43,130.89,3,3,34.76,5,EASIER
6,39.52,95.08,5,4,31.52,4,EASIER
4,71.31,34.93,1,1,69.82,2,SAME
3,96.47,17.3,1,0,97.1,1,HARDER
3,82.31,26.2,1,1,76.55,1,SAME
5,65.86,45.17,2,1,68.57,3,SAME
6,59.37,84.01,1,3,57.49,4,EASIER
5,70.89,99.88,1,2,64.65,3,SAME
7,42.19,56.58,5,3,38.58,5,EASIER
4,81.83,105.54,1,1,87.55,2,EASIER
4,97.36,36.73,1,0,97.88,2,HARDER
5,68.06,71.12,1,1,66.64,3,SAME
4,83.4,26.68,1,1,77.65,2,SAME
7,60.22,208.72,2,2,54.9,5,SAME
3,79.0,23.64,1,2,76.42,1,SAME
5,89.56,47.72,1,0,91.42,3,HARDER
5,93.15,43.62,1,1,89.99,3,HARDER
3,77.27,22.18,1,0,77.62,1,SAME
5,100.0,71.34,1,0,100.0,3,HARDER
5,51.99,63.18,4,3,47.95,3,EASIER
4,64.85,37.29,1,2,65.27,2,SAME
3,77.34,18.22,1,2,73.95,1,SAME
3,80.7,17.75,2,2,80.95,1,SAME
3,77.9,20.36,2,1,77.99,1,SAME
5,59.56,72.84,2,2,54.15,3,SAME
3,75.1,33.57,1,1,70.51,1,SAME
7,21.09,172.93,4,6,16.03,5,EASIER
4,94.61,37.97,2,1,94.98,2,HARDER
6,64.89,100.1,2,3,57.45,4,EASIER
6,73.46,75.12,2,1,71.86,4,SAME
5,66.14,24.48,1,2,64.95,3,SAME
7,58.11,99.57,1,2,49.16,5,EASIER
3,78.29,21.15,1,1,77.48,1,SAME
4,77.99,23.32,1,1,78.57,2,SAME
4,74.19,29.11,4,2,71.37,2,EASIER
3,77.6,26.55,2,1,78.38,1,SAME
4,82.37,22.31,1,2,76.35,2,SAME
4,76.14,27.21,1,1,80.29,2,SAME
6,55.9,183.39,3,3,42.53,4,EASIER
4,77.29,17.89,1,0,72.6,2,EASIER
7,55.5,101.36,4,3,53.38,5,EASIER
6,37.71,44.71,5,4,32.25,4,EASIER
7,75.65,74.36,3,2,67.45,5,SAME
3,100.0,22.89,1,1,100.0,1,HARDER
7,34.42,65.38,5,4,25.02,5,EASIER
6,61.47,110.52,2,3,58.83,4,EASIER
7,61.33,233.9,2,2,50.25,5,EASIER
4,79.11,56.44,2,1,72.94,2,SAME
7,55.9,195.76,2,2,55.7,5,SAME
5,100.0,29.3,1,0,100.0,3,HARDER
3,85.27,22.44,2,1,84.3,1,HARDER
5,52.68,73.1,1,2,50.06,3,EASIER
3,90.95,36.84,1,0,86.48,1,SAME
7,47.56,291.22,3,3,40.96,5,EASIER
4,85.48,62.81,1,0,82.55,2,SAME
4,55.67,57.91,3,4,47.42,2,EASIER
5,35.62,213.59,5,4,25.03,3,EASIER
5,65.1,60.83,5,3,62.86,3,EASIER
3,74.4,21.98,1,1,71.44,1,SAME
7,15.16,123.37,5,5,11.97,5,EASIER
7,53.79,68.02,1,2,47.97,5,EASIER
6,75.38,84.94,2,1,73.22,4,SAME
6,47.48,33.41,1,1,46.32,4,EASIER
5,64.33,44.63,3,3,58.32,3,EASIER
5,82.46,54.78,1,1,76.39,3,SAME
5,67.23,92.81,2,1,66.53,3,SAME
3,65.43,40.99,2,2,64.84,1,SAME
3,91.44,16.28,1,1,90.88,1,HARDER
4,52.98,100.82,3,3,51.7,2,EASIER
5,78.25,62.42,1,0,75.97,3,SAME
3,79.98,27.82,1,2,83.65,1,SAME
3,93.65,12.17,1,1,91.61,1,HARDER
7,41.45,79.88,4,4,34.95,5,EASIER
4,68.16,62.24,1,1,68.37,2,SAME
5,68.67,63.09,3,4,68.52,3,EASIER
5,75.13,61.18,1,1,72.7,3,SAME
6,58.68,92.28,3,3,58.12,4,EASIER
6,72.16,38.72,1,1,71.17,4,SAME
4,95.02,36.31,1,1,88.33,2,HARDER
7,51.98,241.3,2,3,48.25,5,EASIER
4,86.42,63.33,1,0,85.97,2,SAME
7,35.07,104.61,2,3,35.3,5,EASIER
5,59.76,125.77,2,2,53.74,3,EASIER
3,60.97,14.28,1,1,57.72,1,SAME
6,53.48,49.47,1,2,46.99,4,EASIER
3,98.9,57.29,1,1,99.93,1,EASIER
6,33.27,110.75,5,4,27.19,4,EASIER
3,100.0,21.98,1,0,100.0,1,HARDER
4,73.98,37.02,1,1,74.06,2,SAME
6,67.11,53.91,1,2,57.44,4,SAME
7,47.8,130.22,3,3,36.16,5,EASIER
5,92.16,63.95,1,0,95.61,3,HARDER
3,99.64,25.22,1,0,97.56,1,HARDER
4,49.18,22.03,5,3,46.58,2,EASIER
7,26.86,129.38,5,4,20.99,5,EASIER
6,70.77,62.26,1,1,74.73,4,SAME
3,100.0,16.12,2,0,99.65,1,HARDER
4,67.17,68.92,3,2,66.7,2,SAME
4,40.4,105.36,5,4,34.56,2,EASIER
3,77.58,59.34,1,0,78.23,1,EASIER
7,35.04,159.62,4,3,29.4,5,EASIER
6,65.39,71.42,2,2,62.75,4,SAME
3,71.93,24.23,2,2,67.59,1,SAME
6,70.8,101.25,2,1,66.11,4,SAME
5,54.7,47.11,3,4,47.31,3,EASIER
3,87.6,44.96,3,1,85.14,1,SAME
5,78.77,21.17,1,1,78.83,3,SAME
3,85.26,21.92,1,1,79.97,1,HARDER
4,43.59,55.37,2,3,34.76,2,EASIER
7,51.05,70.66,2,3,48.2,5,EASIER
6,62.15,72.37,2,2,58.87,4,EASIER
3,82.04,32.56,2,1,85.32,1,SAME
7,36.07,256.2,4,5,24.3,5,EASIER
5,57.87,30.57,3,2,53.43,3,SAME
7,68.75,53.14,1,1,71.77,5,SAME
6,59.16,50.14,1,2,50.99,4,SAME
4,80.23,18.45,3,2,78.78,2,EASIER
5,80.38,28.07,2,0,80.53,3,SAME
5,72.89,35.84,2,2,72.26,3,SAME
6,71.86,155.73,1,2,71.35,4,SAME
4,73.05,32.82,2,2,67.02,2,SAME
4,81.37,38.56,1,1,84.32,2,SAME
4,66.76,24.25,3,2,64.16,2,SAME
4,96.63,51.18,1,0,97.43,2,HARDER
3,88.99,57.6,1,1,88.88,1,EASIER
3,80.98,16.84,1,0,83.03,1,SAME
7,47.78,286.71,1,2,41.12,5,EASIER
3,55.83,29.4,5,4,50.74,1,EASIER
7,57.29,113.03,2,2,55.3,5,SAME
3,87.21,29.87,1,2,82.16,1,SAME
6,53.05,100.46,1,1,52.87,4,EASIER
4,67.38,90.96,1,2,64.84,2,EASIER
5,70.97,75.03,1,1,65.47,3,SAME
4,90.72,49.0,2,1,90.58,2,HARDER
5,28.3,47.08,5,5,18.98,3,EASIER
5,78.44,87.86,1,1,81.27,3,SAME
5,80.14,36.12,3,2,77.37,3,SAME
4,66.46,40.0,5,3,58.78,2,EASIER
5,34.03,241.69,5,4,30.53,3,EASIER
7,39.5,28.61,4,3,31.68,5,EASIER
5,62.48,65.1,4,2,61.08,3,EASIER
4,100.0,43.17,1,0,97.78,2,HARDER
3,97.9,22.59,1,0,98.92,1,HARDER
4,79.04,34.52,2,1,72.01,2,SAME
3,100.0,26.04,1,0,94.83,1,HARDER
3,91.96,22.35,1,1,93.97,1,HARDER
7,55.86,126.4,2,3,54.25,5,EASIER
3,96.98,20.12,1,0,98.84,1,SAME
5,54.99,157.83,2,2,55.2,3,EASIER
7,74.9,97.63,4,2,70.47,5,EASIER
7,47.48,152.77,3,2,42.11,5,EASIER
3,80.97,18.56,2,1,77.28,1,SAME
3,98.26,37.87,1,0,96.89,1,SAME
4,94.81,53.64,1,0,98.36,2,SAME
5,68.4,71.38,1,2,64.34,3,SAME
7,44.2,63.98,1,2,38.6,5,EASIER
4,59.36,26.68,4,3,56.38,2,EASIER
3,76.9,52.94,3,1,73.61,1,EASIER
4,68.84,26.54,2,2,66.04,2,SAME
7,51.98,158.82,2,2,51.87,5,EASIER
3,67.59,16.42,4,2,64.31,1,EASIER
4,64.16,61.04,1,1,63.37,2,SAME
3,97.27,18.42,1,1,98.17,1,HARDER
3,92.88,16.29,2,0,95.12,1,HARDER
7,51.16,75.96,3,3,44.54,5,EASIER
3,66.27,19.54,5,3,59.45,1,EASIER
4,62.18,45.96,3,2,56.33,2,SAME
7,33.34,116.32,5,5,26.45,5,EASIER
6,63.4,46.4,3,2,59.82,4,SAME
3,60.97,24.69,3,3,57.88,1,EASIER
5,51.76,32.93,3,3,43.29,3,EASIER
7,29.55,159.05,3,4,21.38,5,EASIER
5,86.18,87.34,2,0,89.01,3,SAME
5,52.95,57.32,4,3,47.71,3,EASIER
5,92.14,66.35,1,1,90.09,3,HARDER
6,52.43,203.94,2,1,47.03,4,EASIER
3,100.0,23.31,1,1,100.0,1,HARDER
7,62.56,66.95,3,1,63.56,5,SAME
7,38.14,153.57,3,4,33.09,5,EASIER
3,91.25,15.1,1,0,87.74,1,HARDER
7,37.96,99.86,3,4,34.6,5,EASIER
7,56.28,80.81,3,3,45.99,5,EASIER
6,81.86,56.93,1,0,81.7,4,SAME
4,97.68,33.79,2,2,93.83,2,EASIER
5,89.55,90.55,1,0,93.67,3,SAME
7,39.35,204.61,4,4,36.42,5,EASIER
3,78.87,37.75,3,1,84.04,1,SAME
7,58.49,134.53,1,3,50.41,5,EASIER
7,76.06,97.32,2,2,75.62,5,SAME
6,60.5,24.06,1,2,58.62,4,SAME
4,65.01,45.17,2,3,58.94,2,EASIER
5,64.93,18.77,1,2,60.8,3,SAME
3,100.0,10.62,1,0,100.0,1,HARDER
7,66.59,102.55,2,1,64.86,5,SAME
4,81.49,43.03,2,1,76.95,2,SAME
3,86.44,20.45,2,1,88.42,1,HARDER
6,41.97,182.22,2,3,39.92,4,SAME
6,64.2,104.27,2,2,61.95,4,SAME
6,62.56,72.03,4,3,54.57,4,EASIER
3,76.39,46.33,1,2,67.0,1,SAME
6,41.33,185.04,2,3,43.68,4,EASIER
6,71.42,107.05,1,0,70.52,4,SAME
6,78.43,54.79,1,0,84.6,4,SAME
7,64.97,82.98,2,2,63.24,5,SAME
4,90.32,19.25,2,1,90.97,2,HARDER
4,78.77,37.25,2,1,73.38,2,SAME
7,16.77,63.2,5,6,13.73,5,EASIER
5,82.68,49.28,1,0,82.56,3,SAME
5,82.43,65.99,2,1,81.16,3,SAME
4,70.16,14.96,2,1,71.14,2,SAME
6,61.49,42.5,2,2,55.23,4,SAME
6,39.06,63.0,2,3,39.43,4,EASIER
3,86.92,24.42,1,0,83.51,1,HARDER
5,94.58,45.42,1,0,95.44,3,HARDER
7,58.11,96.65,1,1,57.1,5,SAME
4,72.38,27.27,1,1,75.25,2,SAME
4,100.0,19.23,1,0,95.3,2,HARDER
7,41.76,83.68,5,3,34.1,5,EASIER
3,95.24,22.74,1,0,96.18,1,HARDER
4,85.71,32.84,1,0,79.65,2,HARDER
5,62.32,61.3,2,2,53.33,3,SAME
6,37.51,101.96,5,3,30.22,4,EASIER
3,100.0,33.86,1,0,99.74,1,SAME
5,55.45,42.39,3,3,46.3,3,EASIER
3,100.0,12.4,1,0,100.0,1,HARDER
6,67.69,158.85,1,2,67.03,4,SAME
6,44.44,100.2,5,4,33.61,4,EASIER
5,44.63,36.16,3,4,41.07,3,EASIER
4,81.25,43.3,2,1,81.63,2,SAME
3,88.07,40.21,1,0,88.75,1,SAME
7,17.22,287.41,3,5,14.11,5,EASIER
6,69.55,93.41,1,0,72.02,4,EASIER
4,77.36,62.53,1,2,74.91,2,SAME
5,65.91,31.87,3,3,61.42,3,EASIER
6,53.61,80.48,2,2,52.54,4,EASIER
6,44.83,68.89,3,3,40.19,4,EASIER
5,77.19,68.72,1,1,78.22,3,SAME
4,69.21,81.03,2,2,69.63,2,EASIER
6,37.38,93.38,5,4,32.38,4,EASIER
6,28.58,50.36,5,4,21.66,4,EASIER
5,76.37,31.03,1,1,72.21,3,SAME
3,94.89,52.0,1,2,93.12,1,EASIER
5,71.68,74.8,2,2,73.03,3,SAME
6,57.22,103.52,2,1,58.05,4,SAME
7,16.94,92.87,5,5,3.68,5,EASIER
5,66.97,66.22,1,1,68.74,3,SAME
4,75.81,23.9,1,2,71.26,2,SAME
5,85.25,70.25,1,1,84.83,3,HARDER
3,77.83,14.82,4,2,72.27,1,EASIER
3,93.42,21.31,1,0,92.76,1,HARDER
6,38.19,58.7,5,4,25.37,4,EASIER
7,49.34,18.98,5,3,43.82,5,EASIER
7,69.92,92.71,1,2,63.76,5,SAME
5,40.17,37.17,3,4,28.93,3,EASIER
3,100.0,22.77,1,0,100.0,1,HARDER
7,61.2,112.11,1,2,57.23,5,SAME
5,73.85,139.15,2,2,76.29,3,EASIER
4,67.71,43.85,4,3,62.62,2,EASIER
7,40.02,134.37,2,2,38.17,5,EASIER
6,62.93,106.11,1,2,60.88,4,SAME
6,38.05,129.03,2,2,33.1,4,EASIER
4,74.76,47.04,1,1,74.78,2,SAME
7,63.07,130.59,1,2,65.82,5,SAME
5,75.79,82.48,1,1,75.6,3,SAME
5,69.63,17.45,1,2,65.63,3,SAME
6,47.34,242.99,2,3,43.65,4,EASIER
6,48.78,187.43,3,3,46.45,4,EASIER
3,90.18,27.54,2,0,89.2,1,HARDER
4,77.11,19.56,1,1,74.68,2,SAME
4,66.01,67.12,3,2,61.96,2,SAME
7,42.21,76.73,2,4,37.25,5,EASIER
6,54.5,108.24,1,2,55.21,4,EASIER
4,75.43,20.79,4,3,71.27,2,EASIER
6,58.5,260.98,3,2,57.26,4,EASIER
6,65.26,38.74,2,2,63.46,4,SAME
4,80.32,39.25,1,1,72.15,2,SAME
5,71.82,20.29,1,1,69.51,3,SAME
7,62.43,109.51,3,3,51.55,5,EASIER
5,13.23,46.99,4,5,2.67,3,EASIER
3,100.0,41.47,2,1,93.22,1,SAME
6,70.89,65.73,1,0,70.41,4,EASIER
5,38.5,101.91,2,3,31.84,3,EASIER
5,100.0,34.94,1,0,100.0,3,HARDER
6,43.56,70.82,1,3,40.92,4,EASIER
7,17.17,97.1,4,5,8.32,5,EASIER
4,66.34,47.97,2,2,61.32,2,SAME
5,60.34,69.6,3,4,54.31,3,EASIER
3,100.0,34.48,1,0,100.0,1,SAME
6,65.23,94.2,1,1,60.78,4,SAME
5,59.34,80.46,2,3,52.1,3,EASIER
4,73.61,24.92,2,3,71.89,2,EASIER
6,51.08,100.37,3,3,48.85,4,EASIER
5,73.18,128.57,3,2,73.23,3,EASIER
5,81.61,25.25,2,1,81.86,3,SAME
5,62.09,73.88,2,2,57.85,3,SAME
4,79.07,52.23,1,1,71.75,2,SAME
3,67.72,47.9,1,2,64.83,1,SAME
7,51.6,166.37,3,3,52.1,5,EASIER
3,89.34,26.14,1,1,88.55,1,HARDER
4,87.58,46.51,1,1,84.52,2,HARDER
6,48.95,55.95,5,3,39.18,4,EASIER
3,100.0,21.04,1,0,95.08,1,HARDER
6,37.71,40.94,5,5,29.2,4,EASIER
6,41.94,177.68,4,4,35.45,4,EASIER
6,71.5,103.63,3,2,66.45,4,SAME
4,82.09,24.71,1,1,82.65,2,SAME
3,88.75,28.21,1,0,87.02,1,HARDER
7,84.14,210.68,1,2,77.68,5,SAME
4,60.7,60.59,4,2,60.74,2,EASIER
7,75.09,67.55,2,1,73.93,5,SAME
3,83.85,8.0,1,1,81.77,1,SAME
3,77.62,29.81,2,1,73.53,1,SAME
6,47.93,51.7,1,2,41.44,4,EASIER
7,52.11,157.22,3,3,43.68,5,EASIER
7,43.81,187.99,4,4,38.03,5,EASIER
6,65.84,146.32,1,0,66.79,4,SAME
4,85.18,86.28,1,1,80.76,2,EASIER
7,50.01,219.71,3,3,43.68,5,EASIER
6,36.97,203.67,2,3,31.2,4,EASIER
3,89.08,46.18,1,1,85.73,1,SAME
3,100.0,48.01,1,1,95.94,1,SAME
7,52.89,109.53,2,3,49.4,5,EASIER
4,68.87,20.73,1,1,65.46,2,SAME
6,64.61,298.12,1,2,62.12,4,EASIER
3,91.58,25.71,1,1,89.32,1,EASIER
4,81.32,67.7,1,1,79.25,2,SAME
4,79.52,29.34,1,2,74.56,2,SAME
4,92.38,59.78,1,0,87.24,2,SAME
6,49.95,23.0,3,3,43.65,4,EASIER
7,78.91,89.55,1,1,76.55,5,SAME
7,63.93,106.15,1,2,60.1,5,SAME
6,58.36,104.3,4,4,49.31,4,EASIER
4,63.87,62.89,5,3,56.67,2,EASIER
7,22.01,61.69,5,5,16.6,5,EASIER
5,73.46,80.41,2,1,67.67,3,SAME
5,70.17,106.45,1,2,69.64,3,SAME
6,40.57,277.71,4,3,32.55,4,EASIER
6,52.42,118.41,3,3,49.26,4,EASIER
7,14.29,87.19,5,5,7.03,5,EASIER
5,78.7,30.91,2,1,68.6,3,SAME
6,28.02,212.28,2,4,27.97,4,EASIER
6,68.49,120.32,1,2,70.3,4,SAME
4,100.0,37.61,1,0,95.29,2,HARDER
4,92.41,17.75,2,1,92.81,2,HARDER
6,46.43,50.53,5,3,39.99,4,EASIER
3,83.73,33.11,1,1,77.84,1,SAME
4,82.76,44.88,1,1,77.88,2,SAME
6,74.57,29.8,2,1,73.07,4,SAME
7,50.63,158.11,1,4,44.04,5,EASIER
5,53.6,26.68,5,3,50.82,3,EASIER
4,71.94,71.81,1,1,71.78,2,SAME
5,73.4,64.31,1,0,74.79,3,SAME
6,57.81,64.44,2,2,58.3,4,SAME
5,71.62,94.69,2,2,68.92,3,SAME
3,88.69,29.26,2,0,87.51,1,HARDER
5,96.39,111.75,1,0,96.74,3,SAME
5,54.13,60.36,4,4,53.73,3,EASIER
6,59.06,88.14,3,2,56.25,4,SAME
7,75.93,95.87,1,1,71.29,5,SAME
7,61.34,129.26,1,2,57.06,5,SAME
6,54.77,198.27,2,3,48.6,4,EASIER
4,90.7,30.0,1,0,93.26,2,HARDER
5,60.8,79.93,2,3,53.73,3,EASIER
3,92.21,16.9,1,0,92.55,1,HARDER
7,54.08,36.31,1,2,52.71,5,EASIER
7,58.42,125.41,1,2,59.27,5,SAME
7,63.61,137.05,4,2,59.64,5,EASIER
4,75.41,36.08,2,2,74.92,2,SAME
4,86.44,18.81,1,1,87.18,2,HARDER
7,25.27,132.2,2,5,13.97,5,EASIER
5,53.19,66.17,5,5,45.56,3,EASIER
6,91.74,51.65,1,0,91.78,4,HARDER
5,67.67,29.68,1,2,72.52,3,SAME
5,88.92,51.19,1,0,91.64,3,HARDER
6,60.53,115.15,1,2,59.5,4,SAME
7,42.51,140.55,1,2,35.1,5,EASIER
4,51.19,25.12,5,4,43.94,2,EASIER
7,33.79,120.68,4,5,20.24,5,EASIER
4,76.7,57.66,2,2,67.77,2,SAME
5,45.67,32.46,5,5,37.97,3,EASIER
7,51.7,115.92,1,2,45.84,5,EASIER
7,31.23,232.43,5,5,22.89,5,EASIER
7,47.91,55.91,5,4,43.92,5,HARDER
4,81.95,65.41,2,0,78.63,2,SAME
7,24.26,270.69,5,5,17.72,5,EASIER
7,41.15,99.23,4,3,38.03,5,EASIER
7,62.44,92.9,2,2,60.74,5,SAME
3,82.78,39.59,1,1,83.37,1,SAME
6,65.26,74.44,3,3,62.1,4,EASIER
7,34.9,31.06,3,3,30.8,5,EASIER
6,43.81,77.89,2,2,38.49,4,EASIER
4,90.0,47.4,1,1,86.36,2,HARDER
6,55.12,120.49,1,2,44.37,4,EASIER
3,81.69,16.89,1,1,84.71,1,EASIER
5,58.58,50.75,2,2,62.66,3,SAME
6,72.22,136.28,1,2,67.99,4,SAME
5,68.23,56.3,1,1,66.74,3,SAME
6,57.29,37.03,5,2,56.87,4,EASIER
4,90.05,67.98,1,0,90.77,2,SAME
6,44.91,73.36,5,3,40.07,4,EASIER
6,82.58,144.63,1,0,83.67,4,SAME
6,52.72,39.69,2,3,53.96,4,EASIER
4,78.43,35.9,2,1,76.75,2,SAME
4,29.99,48.29,5,5,23.62,2,EASIER
4,71.19,36.48,2,1,68.33,2,SAME
5,41.51,32.29,4,3,37.04,3,EASIER
5,87.01,17.8,1,0,89.78,3,HARDER
4,94.69,77.75,1,1,93.05,2,EASIER
5,52.41,65.58,4,3,45.31,3,HARDER
4,99.92,65.76,2,0,94.95,2,SAME
4,73.04,58.8,1,0,70.3,2,SAME
6,54.55,111.84,1,2,55.99,4,EASIER
7,36.05,94.01,4,3,30.99,5,EASIER
4,87.42,47.84,1,0,82.11,2,HARDER
7,48.81,244.5,3,3,38.84,5,EASIER
5,85.53,60.43,1,0,86.89,3,HARDER
3,83.61,58.27,1,1,76.82,1,EASIER
4,96.35,18.78,1,0,92.13,2,HARDER
3,84.29,12.23,1,1,83.87,1,SAME
3,100.0,38.81,2,1,100.0,1,SAME
4,95.82,25.86,1,1,96.58,2,HARDER
5,32.72,159.48,3,4,22.53,3,EASIER
6,51.05,164.37,2,2,50.0,4,EASIER
3,79.63,50.67,1,2,80.37,1,EASIER
7,66.76,181.37,3,1,62.27,5,SAME
4,73.74,24.64,1,1,73.43,2,SAME
3,65.23,11.95,1,1,67.16,1,SAME
6,73.48,178.44,1,0,75.83,4,EASIER
6,31.38,37.6,2,3,21.25,4,EASIER
6,57.77,186.95,1,2,52.49,4,EASIER
3,91.26,33.68,2,1,88.84,1,HARDER
3,85.85,24.17,1,0,85.31,1,HARDER
4,99.08,46.77,1,0,98.22,2,HARDER
5,80.26,73.02,1,1,74.65,3,SAME
7,53.1,100.3,1,2,47.87,5,EASIER
4,83.64,74.27,1,1,79.99,2,SAME
3,100.0,46.43,1,0,100.0,1,SAME
7,65.05,121.92,1,2,60.49,5,SAME
3,95.95,19.14,1,1,93.83,1,HARDER
3,93.7,44.7,1,0,87.58,1,SAME
5,41.22,21.31,5,3,38.77,3,EASIER
5,50.74,72.25,2,3,46.22,3,EASIER
6,50.33,120.46,4,2,48.77,4,EASIER
7,72.15,71.31,2,2,66.79,5,SAME
7,63.45,190.42,1,1,61.71,5,EASIER
4,69.38,37.53,1,1,68.21,2,SAME
7,60.84,83.19,2,3,55.27,5,EASIER
6,62.29,135.31,3,3,57.68,4,EASIER
3,89.31,15.42,3,2,88.73,1,SAME
7,57.58,179.87,2,2,54.36,5,SAME
3,93.03,10.35,1,0,95.43,1,HARDER
5,55.49,66.81,3,2,54.5,3,SAME
6,68.03,83.89,1,1,61.71,4,SAME
4,81.2,29.49,3,2,81.35,2,SAME
4,67.31,45.64,2,1,65.11,2,SAME
5,53.51,55.76,3,3,51.1,3,EASIER
7,64.13,199.0,1,2,61.63,5,SAME
4,87.46,49.44,1,0,84.98,2,HARDER
6,77.57,103.76,2,2,65.18,4,SAME
5,86.49,67.01,1,1,92.71,3,HARDER
3,77.13,20.26,2,1,73.22,1,SAME
6,80.24,70.09,2,1,77.58,4,SAME
7,58.28,128.22,2,2,51.27,5,SAME
5,84.99,53.23,1,1,80.23,3,SAME
3,85.08,41.0,1,1,82.86,1,SAME
3,95.8,26.06,1,1,91.45,1,HARDER
5,63.58,69.86,2,2,58.72,3,SAME
5,53.9,28.97,1,2,50.16,3,EASIER
5,87.51,92.51,2,2,86.97,3,SAME
4,60.77,28.92,3,3,57.13,2,EASIER
5,71.15,34.62,1,1,65.45,3,SAME
4,73.9,82.38,1,1,75.72,2,EASIER
6,73.47,117.86,3,2,68.11,4,SAME
6,57.34,136.29,3,3,47.63,4,EASIER
6,75.59,103.86,1,1,74.44,4,SAME
3,100.0,23.98,1,0,98.23,1,HARDER
7,50.69,96.17,4,3,38.16,5,EASIER
3,91.98,35.36,1,0,90.49,1,SAME
7,50.8,207.62,2,3,49.15,5,HARDER
3,100.0,24.25,1,0,100.0,1,HARDER
5,48.75,161.8,2,3,40.1,3,EASIER
3,80.66,22.9,1,1,80.52,1,SAME
3,97.52,13.44,1,0,99.16,1,HARDER
6,60.01,33.5,3,2,57.39,4,SAME
6,59.56,34.09,2,2,61.4,4,SAME
3,100.0,20.8,1,0,100.0,1,HARDER
7,50.31,98.7,1,2,49.42,5,SAME
4,76.73,52.37,2,2,70.22,2,SAME
4,73.43,37.49,3,2,71.61,2,SAME
4,50.37,56.48,5,4,44.31,2,EASIER
5,55.86,59.3,3,3,50.08,3,EASIER
3,86.91,25.15,1,1,84.5,1,HARDER
5,73.78,43.58,4,2,62.52,3,EASIER
4,77.18,74.16,1,1,76.17,2,SAME
3,80.57,12.65,3,2,76.9,1,SAME
4,77.12,43.78,1,2,68.83,2,SAME
6,64.08,74.61,3,3,56.93,4,EASIER
6,78.8,123.13,1,1,69.93,4,SAME
4,82.14,37.63,1,0,85.45,2,SAME
4,91.77,38.15,1,1,96.48,2,HARDER
6,61.79,71.38,2,3,57.52,4,EASIER
6,49.55,169.22,3,2,46.61,4,EASIER
7,39.99,112.15,5,5,28.42,5,EASIER
7,30.45,300.0,4,5,25.33,5,EASIER
7,57.2,129.91,2,2,50.81,5,SAME
7,25.7,113.34,4,4,17.37,5,EASIER
5,56.41,53.97,2,2,47.09,3,EASIER
4,64.06,49.54,1,2,61.07,2,SAME
4,47.59,28.82,4,3,40.08,2,EASIER
4,88.85,40.69,1,2,79.29,2,SAME
6,45.09,82.35,4,4,34.78,4,EASIER
6,61.84,97.11,1,2,64.15,4,SAME
7,52.95,135.54,5,4,49.49,5,EASIER
3,95.83,29.9,2,0,98.2,1,HARDER
5,52.29,60.79,2,3,41.42,3,EASIER
4,71.14,79.44,1,1,70.21,2,EASIER
7,50.25,141.01,1,2,48.87,5,EASIER
4,77.38,129.33,1,0,79.89,2,EASIER
3,68.75,25.56,2,2,65.26,1,SAME
5,59.69,93.23,2,2,56.93,3,SAME
7,67.59,75.4,1,1,66.76,5,SAME
7,44.26,240.31,2,3,42.98,5,EASIER
3,75.59,18.27,1,2,70.72,1,SAME
4,77.39,47.08,2,1,76.33,2,SAME
3,91.42,22.22,1,1,95.89,1,HARDER
4,78.64,46.99,2,1,77.61,2,SAME
5,47.52,51.64,3,3,42.77,3,EASIER
4,94.79,26.22,1,0,100.0,2,SAME
3,84.53,22.15,1,1,83.03,1,SAME
5,52.02,124.4,2,3,50.85,3,EASIER
3,76.31,30.78,3,2,77.53,1,SAME
4,91.29,20.74,1,0,89.98,2,HARDER
3,95.3,40.7,1,0,96.5,1,SAME
3,100.0,16.81,1,0,99.71,1,HARDER
5,67.95,83.8,1,2,61.53,3,SAME
7,35.03,151.41,2,4,25.74,5,EASIER
6,56.92,112.98,2,2,55.84,4,SAME
3,56.34,57.03,1,2,55.2,1,EASIER
3,80.83,17.29,1,1,80.96,1,SAME
4,65.31,50.64,3,2,61.92,2,SAME
6,30.5,157.86,5,4,21.36,4,EASIER
6,68.61,58.68,2,2,71.71,4,SAME
7,55.77,74.59,2,2,50.21,5,SAME
4,88.92,33.2,1,1,88.6,2,HARDER
3,92.78,28.89,1,1,89.03,1,HARDER
3,73.67,13.35,1,1,70.63,1,SAME
3,96.06,31.95,1,0,94.37,1,HARDER
3,84.06,13.36,1,2,81.04,1,SAME
7,56.2,226.64,1,1,56.06,5,EASIER
4,88.25,48.38,1,1,88.98,2,HARDER
7,25.21,300.0,3,3,16.13,5,EASIER
5,39.58,80.76,5,4,29.07,3,EASIER
5,70.37,49.88,2,1,67.34,3,SAME
5,71.7,39.06,1,2,68.36,3,SAME
7,73.67,127.57,2,1,69.64,5,SAME
3,83.11,24.67,2,1,82.37,1,SAME
3,61.82,42.38,3,2,58.29,1,SAME
5,85.93,36.63,3,1,81.78,3,SAME
4,83.04,98.24,1,1,84.01,2,EASIER
5,65.51,109.01,2,2,63.74,3,SAME
6,86.7,73.77,1,1,85.99,4,HARDER
5,73.73,141.23,1,1,71.06,3,EASIER
4,55.1,26.3,5,4,46.88,2,EASIER
4,52.1,41.86,3,2,52.32,2,EASIER
6,44.8,42.22,1,1,43.33,4,EASIER
4,86.22,90.51,2,1,80.91,2,EASIER
5,80.29,25.66,1,1,80.99,3,SAME
5,74.79,28.43,1,1,79.45,3,SAME
6,47.45,58.95,4,3,40.52,4,EASIER
6,45.88,163.09,4,3,41.43,4,EASIER
5,81.18,93.05,1,1,79.25,3,SAME
4,68.27,40.24,2,2,67.27,2,SAME
4,84.25,61.34,1,1,82.57,2,SAME
5,75.79,54.78,2,1,72.52,3,SAME
4,49.82,46.35,5,3,47.28,2,HARDER
6,15.59,193.57,4,5,9.27,4,EASIER
4,68.53,33.84,2,1,70.98,2,SAME
6,48.66,55.05,2,2,49.58,4,EASIER
6,67.22,104.72,3,2,63.57,4,SAME
7,19.96,167.66,5,5,15.02,5,EASIER
3,78.93,26.26,1,1,79.84,1,SAME
6,58.38,138.17,1,2,58.81,4,SAME
3,99.19,22.86,1,0,99.54,1,HARDER
4,93.48,40.35,1,0,88.75,2,HARDER
3,80.78,29.53,1,1,75.93,1,SAME
3,84.77,28.41,1,2,80.15,1,SAME
3,85.96,51.25,1,1,82.64,1,EASIER
3,76.94,29.47,5,2,76.07,1,EASIER
7,33.43,94.9,2,4,28.57,5,EASIER
3,66.85,31.62,2,1,66.08,1,SAME
4,80.9,61.05,5,3,76.88,2,EASIER
6,72.7,122.65,2,3,66.34,4,EASIER
7,42.31,165.71,1,3,43.13,5,EASIER
7,69.49,49.5,5,3,65.73,5,EASIER
3,97.02,8.25,1,1,95.9,1,HARDER
7,41.25,224.42,3,4,35.04,5,EASIER
6,84.57,103.02,1,0,80.59,4,SAME
3,80.38,24.76,1,1,82.45,1,SAME
5,62.76,81.79,2,2,61.75,3,SAME
7,27.8,300.0,4,4,28.06,5,EASIER
4,65.69,73.84,4,3,63.4,2,EASIER
3,92.64,38.36,1,0,94.87,1,SAME
7,58.26,69.08,2,2,53.68,5,SAME
7,44.64,74.15,3,4,39.62,5,EASIER
7,66.88,30.51,1,2,65.68,5,SAME
7,62.26,158.18,1,2,53.45,5,SAME
7,48.45,204.94,2,3,49.42,5,EASIER
5,70.36,104.54,1,1,70.36,3,SAME
3,83.59,33.77,1,2,84.23,1,SAME
6,53.9,75.69,1,3,52.78,4,EASIER
4,99.66,29.15,1,0,96.75,2,HARDER
5,71.25,38.55,3,2,66.0,3,SAME
6,74.08,75.32,2,2,70.64,4,SAME
7,22.25,65.73,5,5,13.82,5,EASIER
4,60.6,86.74,3,2,58.54,2,EASIER
4,69.23,20.6,3,3,67.69,2,EASIER
6,73.93,74.01,1,1,67.39,4,SAME
3,81.54,10.56,1,2,77.64,1,EASIER
5,88.34,67.17,2,2,88.18,3,SAME
6,72.68,81.9,2,2,64.87,4,SAME
5,78.99,48.61,1,2,77.81,3,SAME
4,87.33,24.51,1,1,89.09,2,SAME
7,46.56,112.15,3,3,39.11,5,EASIER
4,69.5,29.42,2,2,67.41,2,SAME
6,36.48,76.37,2,3,34.09,4,EASIER
5,79.05,152.84,1,1,79.0,3,EASIER
3,90.48,26.99,1,0,92.74,1,HARDER
5,81.62,75.51,2,2,79.77,3,SAME
3,89.4,20.33,2,1,88.81,1,HARDER
7,41.69,73.04,4,3,38.02,5,EASIER
6,56.99,81.03,3,3,55.58,4,EASIER
4,69.09,123.28,1,1,65.92,2,EASIER
5,63.86,50.31,1,3,61.65,3,EASIER
6,57.76,98.96,1,2,50.92,4,SAME
4,73.44,25.74,1,2,66.32,2,SAME
4,67.86,10.41,3,2,57.2,2,SAME
5,78.61,39.23,2,2,73.96,3,SAME
4,78.26,116.34,2,2,72.5,2,EASIER
6,50.92,111.76,1,1,48.84,4,EASIER
3,97.31,51.89,1,0,97.7,1,EASIER
7,64.56,92.66,1,2,59.34,5,SAME
4,91.71,12.55,1,0,94.1,2,HARDER
5,75.66,33.5,2,1,75.66,3,SAME
3,71.2,29.83,1,2,64.69,1,SAME
4,85.82,42.49,1,1,78.15,2,HARDER
6,86.19,81.56,1,1,84.48,4,HARDER
4,70.94,29.62,1,1,66.4,2,SAME
3,78.79,37.98,1,1,80.35,1,SAME
5,41.12,45.25,3,3,38.3,3,EASIER
3,84.75,28.67,1,1,81.59,1,EASIER
4,67.52,41.65,1,2,65.65,2,SAME
5,67.53,48.33,1,3,63.52,3,EASIER
5,79.71,37.49,1,2,79.8,3,SAME
6,57.97,65.66,4,3,51.27,4,EASIER
6,16.84,217.24,4,5,17.32,4,EASIER
7,36.47,205.36,3,4,32.15,5,EASIER
3,86.29,39.37,1,1,85.31,1,SAME
4,75.57,26.26,2,1,75.69,2,SAME
3,98.79,13.19,1,0,97.48,1,HARDER
3,90.56,40.72,2,1,88.62,1,SAME
4,92.13,58.14,1,1,87.75,2,SAME
5,72.34,62.08,2,1,73.84,3,SAME
7,39.24,91.52,4,4,32.64,5,EASIER
6,43.4,38.3,4,4,37.21,4,EASIER
6,65.9,128.74,2,2,62.09,4,SAME
6,27.14,151.94,5,5,18.92,4,EASIER
3,80.81,18.48,1,1,77.11,1,SAME
7,54.49,73.91,3,3,49.42,5,EASIER
7,48.56,220.28,3,3,36.27,5,EASIER
3,83.02,18.79,2,0,86.69,1,SAME
5,49.43,139.92,5,3,44.12,3,EASIER
7,39.06,105.54,4,4,31.29,5,EASIER
5,75.36,47.9,1,1,76.96,3,SAME
7,52.81,114.79,3,4,52.22,5,EASIER
7,47.37,90.72,2,3,38.88,5,EASIER
5,74.44,101.28,2,1,76.79,3,SAME
3,58.37,37.08,5,3,50.14,1,EASIER
4,66.02,63.37,3,2,63.39,2,SAME
4,84.69,41.44,1,1,87.59,2,SAME
5,86.14,46.27,1,0,83.16,3,HARDER
5,45.74,57.74,2,3,38.64,3,EASIER
5,63.06,46.98,1,1,65.41,3,SAME
3,71.45,48.01,5,4,57.4,1,EASIER
4,87.55,60.86,1,1,90.33,2,SAME
6,44.15,78.19,4,3,35.67,4,EASIER
3,90.75,16.55,1,0,91.74,1,HARDER
4,80.34,78.4,2,2,73.29,2,EASIER
7,51.39,120.66,5,4,45.11,5,EASIER
3,85.39,23.59,1,1,81.96,1,HARDER
5,79.14,124.9,2,1,76.18,3,EASIER
4,90.25,29.9,1,1,86.09,2,HARDER
3,79.84,21.69,1,1,79.2,1,SAME
5,63.32,51.74,2,3,57.38,3,EASIER
5,90.3,30.23,1,2,89.07,3,SAME
3,100.0,28.77,1,0,100.0,1,HARDER
3,89.46,17.81,1,1,87.76,1,HARDER
3,100.0,19.39,1,0,100.0,1,HARDER
6,52.9,56.85,4,4,47.13,4,EASIER
7,41.26,81.33,4,4,29.35,5,EASIER
3,71.09,17.21,4,1,70.69,1,EASIER
4,68.29,42.68,1,2,63.71,2,SAME
4,81.02,35.32,1,1,76.51,2,SAME
4,78.15,38.87,1,1,72.99,2,SAME
4,67.87,114.88,4,2,62.3,2,EASIER
3,92.74,23.33,1,0,94.47,1,HARDER
5,51.77,78.25,4,3,41.22,3,EASIER
4,81.02,53.27,3,2,79.73,2,SAME
4,67.37,36.89,1,2,60.22,2,SAME
4,73.09,43.22,1,1,71.52,2,SAME
7,69.8,113.27,2,1,73.81,5,SAME
6,69.33,91.11,2,3,65.89,4,EASIER
5,31.58,43.39,5,5,22.44,3,EASIER
4,86.4,30.12,1,0,81.23,2,HARDER
7,27.98,113.04,4,4,22.77,5,EASIER
7,58.31,38.24,1,2,52.86,5,SAME
3,86.14,48.65,2,1,82.43,1,SAME
7,47.59,300.0,1,3,49.52,5,EASIER
6,61.63,89.6,2,2,58.33,4,SAME
3,73.25,33.62,2,1,68.82,1,SAME
6,70.74,143.86,2,2,66.85,4,HARDER
3,74.46,13.87,4,2,68.71,1,EASIER
3,73.12,37.79,2,2,69.2,1,SAME
3,91.35,20.68,1,1,88.15,1,HARDER
5,63.81,180.25,1,3,60.0,3,EASIER
6,56.97,74.35,2,3,51.22,4,EASIER
5,75.95,90.92,1,1,78.78,3,SAME
3,100.0,23.09,1,0,100.0,1,HARDER
3,77.15,66.45,1,1,73.08,1,EASIER
7,41.19,84.71,5,5,31.96,5,EASIER
7,36.46,211.34,5,5,26.25,5,EASIER
6,72.84,113.59,1,1,71.63,4,SAME
3,92.65,29.93,2,1,93.52,1,HARDER
7,61.05,126.89,1,2,57.38,5,SAME
6,68.41,57.97,2,2,69.45,4,SAME
5,78.35,16.12,1,1,78.95,3,SAME
3,74.66,40.33,1,1,75.22,1,SAME
7,44.55,85.81,2,2,45.69,5,EASIER
5,70.96,103.48,3,3,67.13,3,EASIER
3,84.61,29.24,1,1,84.43,1,SAME
4,64.12,66.8,3,3,60.69,2,EASIER
5,83.16,86.26,1,0,82.9,3,SAME
3,88.65,8.35,1,0,86.57,1,HARDER
4,90.8,50.73,1,0,93.74,2,HARDER
5,75.83,48.93,1,1,72.54,3,SAME
7,36.72,211.33,2,3,31.83,5,EASIER
3,100.0,32.52,1,0,100.0,1,HARDER
5,52.33,78.17,3,3,53.51,3,EASIER
7,62.88,96.56,3,2,65.31,5,SAME
7,55.3,68.11,3,2,54.35,5,SAME
7,57.26,88.46,1,2,55.01,5,SAME
3,96.54,11.22,1,0,99.48,1,HARDER
7,43.89,81.19,3,4,36.06,5,EASIER
7,54.59,50.43,1,2,51.69,5,EASIER
4,86.33,19.33,1,1,90.1,2,HARDER
5,85.28,61.44,1,1,84.26,3,HARDER
5,57.65,75.55,4,3,53.37,3,EASIER
5,61.9,57.09,2,2,58.77,3,SAME
4,69.18,30.06,1,1,72.17,2,SAME
7,54.06,66.83,2,3,50.42,5,EASIER
7,22.96,94.22,5,5,13.04,5,EASIER
4,82.91,25.82,1,0,81.7,2,SAME
7,55.62,108.23,2,3,51.64,5,EASIER
4,63.83,18.59,5,3,55.9,2,EASIER
6,53.22,118.08,4,3,48.48,4,HARDER
5,80.81,43.81,2,1,77.66,3,SAME
5,75.86,69.87,1,1,70.26,3,SAME
3,84.61,37.1,1,1,84.0,1,SAME
6,52.61,97.24,4,3,50.36,4,EASIER
4,80.27,55.32,2,1,82.15,2,SAME
4,88.17,14.39,1,0,88.14,2,HARDER
3,100.0,20.08,1,0,98.77,1,HARDER
7,62.93,204.32,1,2,59.31,5,SAME
3,95.51,31.36,2,0,100.0,1,HARDER
6,33.48,214.42,3,3,26.26,4,EASIER
7,31.56,283.55,2,3,26.86,5,EASIER
3,81.2,28.57,1,0,79.05,1,SAME
5,63.17,51.2,3,3,61.52,3,EASIER
5,68.43,36.09,2,1,65.35,3,SAME
4,86.9,30.39,1,1,80.53,2,HARDER
6,60.18,66.32,5,4,52.81,4,EASIER
5,76.01,43.24,1,1,75.07,3,SAME
5,75.32,36.81,2,2,74.94,3,SAME
5,76.82,70.76,1,2,77.03,3,SAME
7,40.28,282.36,4,3,33.11,5,EASIER
6,65.91,133.22,2,2,61.61,4,SAME
4,83.45,32.66,1,2,80.14,2,HARDER
7,52.96,194.64,3,2,49.61,5,EASIER
7,53.85,135.29,3,2,46.03,5,HARDER
7,65.5,109.54,2,2,62.1,5,SAME
6,70.49,77.72,1,1,66.66,4,SAME
4,91.31,34.59,1,1,91.77,2,HARDER
6,36.86,115.04,5,4,35.8,4,EASIER
4,72.61,40.58,1,1,72.82,2,SAME
4,78.96,26.98,1,1,76.22,2,SAME
5,83.74,39.48,1,2,80.33,3,SAME
7,46.25,132.32,4,3,46.57,5,EASIER
5,61.35,71.71,2,2,53.35,3,SAME
4,92.14,32.8,2,1,91.24,2,HARDER
5,59.07,33.12,2,1,59.75,3,SAME
4,83.38,68.41,1,0,87.05,2,SAME
6,32.75,140.72,5,4,20.96,4,EASIER
4,79.15,14.93,2,1,75.06,2,SAME
5,44.87,112.57,3,4,37.52,3,EASIER
4,58.67,34.45,2,3,53.43,2,EASIER
4,77.02,41.55,1,1,73.84,2,SAME
7,48.77,208.27,3,2,44.79,5,EASIER
4,75.49,82.62,2,1,73.39,2,EASIER
3,59.97,39.06,3,3,55.12,1,EASIER
4,66.28,42.56,5,4,59.66,2,SAME
5,72.43,29.36,2,2,70.99,3,SAME
3,98.29,10.15,1,0,100.0,1,HARDER
4,78.73,57.42,1,0,83.63,2,SAME
3,61.65,45.43,2,2,58.11,1,SAME
5,79.36,38.75,3,1,81.36,3,SAME
6,40.12,71.27,5,4,34.73,4,EASIER
7,59.87,82.66,3,2,53.53,5,SAME
4,72.77,28.88,2,1,68.87,2,EASIER
7,56.88,201.21,1,2,56.81,5,SAME
4,58.78,42.11,2,2,58.23,2,SAME
6,53.9,72.79,2,3,53.04,4,EASIER
5,73.65,216.14,2,2,71.38,3,EASIER
6,72.6,38.89,2,2,65.94,4,SAME
6,80.87,109.03,1,0,86.34,4,SAME
5,68.35,34.51,3,2,65.51,3,SAME
4,79.76,35.29,2,1,76.96,2,SAME
5,87.15,62.43,1,0,83.64,3,HARDER
7,46.83,177.47,4,3,39.91,5,EASIER
7,66.32,97.14,1,1,66.72,5,SAME
7,57.05,91.7,2,2,53.73,5,SAME
3,100.0,22.08,1,0,94.34,1,HARDER
5,65.6,33.98,1,2,60.6,3,SAME
3,79.04,33.12,2,1,74.83,1,SAME
6,39.62,94.92,3,3,33.02,4,EASIER
7,36.13,141.98,3,4,30.55,5,EASIER
3,92.31,24.24,1,0,87.12,1,EASIER
6,71.52,74.17,2,2,68.71,4,EASIER
7,61.03,212.56,3,2,65.19,5,SAME
7,34.09,195.46,4,3,27.32,5,EASIER
4,69.69,73.89,2,1,72.06,2,SAME
3,88.83,29.51,1,0,87.19,1,HARDER
7,55.89,234.09,1,2,48.94,5,EASIER
7,82.83,89.28,1,1,74.05,5,SAME
5,77.09,52.51,1,2,77.29,3,SAME
7,21.74,214.83,4,5,15.13,5,EASIER
3,93.34,36.39,1,0,85.42,1,SAME
6,56.93,70.51,3,3,52.49,4,EASIER
3,89.59,15.69,1,0,84.91,1,HARDER
7,53.06,100.22,2,2,56.67,5,EASIER
6,78.78,57.43,3,2,75.7,4,SAME
7,43.47,286.68,1,3,37.75,5,EASIER
5,29.99,84.49,5,4,22.73,3,EASIER
3,83.4,17.78,1,1,82.94,1,SAME
3,77.61,15.7,2,1,74.9,1,SAME
4,70.08,26.36,1,2,63.7,2,SAME
6,60.92,61.32,2,2,59.46,4,SAME
3,100.0,23.21,1,0,97.21,1,HARDER
7,34.53,205.6,2,4,31.23,5,EASIER
4,68.76,24.13,1,1,71.04,2,SAME
5,68.43,180.15,2,1,65.81,3,EASIER
4,67.79,24.39,3,1,61.17,2,SAME
5,65.8,28.87,2,1,63.36,3,SAME
5,82.82,133.77,1,0,82.68,3,EASIER
3,82.3,45.01,1,0,78.01,1,SAME
5,31.78,52.99,5,5,18.05,3,EASIER
6,77.37,99.98,1,2,68.25,4,SAME
7,46.11,139.78,3,2,46.56,5,EASIER
4,82.54,40.52,1,1,83.43,2,SAME
7,34.56,55.25,2,4,24.49,5,EASIER
7,44.99,28.96,2,3,43.62,5,EASIER
7,32.81,70.68,5,4,27.37,5,EASIER
4,61.19,89.23,2,2,59.26,2,EASIER
7,51.47,300.0,2,3,35.48,5,EASIER
5,69.29,50.95,2,3,62.49,3,EASIER
3,87.36,16.32,1,1,89.07,1,HARDER
4,73.3,43.31,4,2,63.46,2,EASIER
6,54.9,103.03,2,2,56.79,4,EASIER
3,79.63,32.66,3,1,80.15,1,SAME
5,63.01,16.6,3,3,57.72,3,EASIER
6,61.79,300.0,1,2,55.65,4,EASIER
3,72.51,41.38,4,2,71.8,1,EASIER
5,55.89,52.59,5,2,53.72,3,EASIER
4,64.4,27.11,3,2,60.32,2,SAME
5,60.92,94.55,2,3,58.02,3,EASIER
4,75.21,47.96,2,2,68.82,2,SAME
7,69.37,117.77,1,0,67.47,5,SAME
3,79.74,30.66,3,2,75.6,1,SAME
7,71.57,105.33,1,2,66.65,5,SAME
6,45.24,101.06,3,2,42.41,4,EASIER
7,23.02,166.4,4,5,14.92,5,EASIER
7,27.9,135.04,5,5,22.14,5,EASIER
3,75.58,28.46,2,2,73.61,1,SAME
7,21.46,239.27,4,5,17.15,5,EASIER
5,60.71,26.31,3,2,52.77,3,SAME
7,34.96,72.5,3,4,32.14,5,EASIER
7,56.76,113.63,1,3,50.57,5,EASIER
5,38.38,40.41,5,6,26.96,3,EASIER
4,71.16,31.55,1,2,65.69,2,SAME
3,67.93,44.34,2,2,62.07,1,SAME
3,79.22,23.4,1,1,75.59,1,SAME
4,89.67,16.08,1,0,90.58,2,HARDER
7,52.89,88.92,2,3,52.7,5,EASIER
5,50.09,59.69,5,4,45.13,3,EASIER
5,74.65,59.15,1,0,72.07,3,SAME
4,90.09,49.35,1,0,85.89,2,HARDER
5,81.29,73.35,1,1,78.46,3,SAME
6,68.84,76.29,2,2,65.27,4,SAME
7,46.96,58.46,3,3,40.04,5,EASIER
6,69.6,65.19,1,2,65.9,4,SAME
6,43.02,59.32,3,4,36.06,4,EASIER
7,34.27,95.88,4,4,32.39,5,EASIER
5,69.19,81.66,3,3,59.8,3,EASIER
7,33.71,139.59,4,5,26.3,5,EASIER
4,79.75,55.97,1,3,74.58,2,EASIER
3,89.56,21.07,2,1,89.23,1,HARDER
5,60.43,122.37,3,3,57.19,3,EASIER
3,82.35,33.73,2,1,84.69,1,SAME
3,80.17,26.28,2,1,78.41,1,SAME
7,54.38,155.61,3,2,50.01,5,EASIER
6,48.67,57.7,3,3,45.16,4,EASIER
4,73.45,14.1,3,2,64.43,2,SAME
7,45.86,80.47,3,4,39.87,5,EASIER
3,95.06,34.87,1,2,92.88,1,SAME
4,76.69,39.46,3,2,73.88,2,SAME
6,57.15,76.37,3,3,51.19,4,EASIER
4,88.48,25.51,2,2,86.31,2,SAME
6,77.55,29.66,1,0,78.11,4,SAME
7,49.23,243.48,1,3,46.45,5,EASIER
3,85.3,22.79,2,1,85.2,1,HARDER
3,92.77,20.65,1,0,93.43,1,HARDER
7,66.38,77.67,2,2,63.62,5,SAME
5,49.9,107.92,2,1,47.06,3,EASIER
5,86.19,89.72,1,0,87.64,3,SAME
5,52.85,35.93,2,2,55.65,3,EASIER
5,78.2,103.22,1,0,81.15,3,SAME
6,74.74,76.04,1,2,70.41,4,SAME
5,46.75,42.87,5,3,39.08,3,EASIER
3,96.37,21.94,1,0,97.37,1,HARDER
6,28.92,54.57,5,5,24.18,4,EASIER
6,54.22,41.26,2,2,50.34,4,EASIER
3,70.52,35.31,2,1,68.44,1,SAME
4,76.71,34.26,1,1,73.98,2,SAME
6,78.86,113.03,1,1,83.68,4,SAME
6,82.41,95.21,1,0,82.9,4,SAME
3,88.39,31.91,1,1,89.14,1,HARDER
3,70.98,10.06,4,2,64.82,1,EASIER
5,90.96,37.77,2,1,88.55,3,HARDER
5,63.89,76.88,2,2,67.26,3,HARDER
7,41.56,55.91,3,4,35.37,5,EASIER
5,86.06,69.76,1,0,88.19,3,HARDER
7,29.2,52.49,5,4,19.58,5,EASIER
4,66.31,38.29,2,1,64.85,2,SAME
5,80.87,128.69,1,1,73.33,3,EASIER
3,100.0,35.29,1,1,96.96,1,SAME
5,71.56,23.2,1,1,69.98,3,SAME
3,81.7,36.47,2,1,83.22,1,SAME
5,72.94,142.94,2,2,69.43,3,EASIER
4,46.37,141.48,4,3,41.61,2,EASIER
3,78.82,30.89,4,2,72.99,1,EASIER
3,100.0,13.62,1,0,99.52,1,HARDER
5,62.3,71.92,1,2,61.52,3,SAME
7,7.82,267.29,5,5,0.0,5,EASIER
3,72.25,23.0,1,1,73.3,1,SAME
5,61.16,97.2,2,2,57.03,3,SAME
4,63.15,25.61,2,2,59.6,2,SAME
7,65.91,137.2,2,2,61.59,5,SAME
5,59.4,16.91,2,2,54.47,3,SAME
7,30.53,66.72,5,5,19.35,5,EASIER
4,80.96,37.89,2,1,76.74,2,SAME
3,80.92,21.27,1,1,76.06,1,SAME
5,77.08,30.47,1,1,77.38,3,SAME
6,49.1,63.24,5,4,47.5,4,EASIER
7,81.3,134.04,3,2,77.06,5,EASIER
7,53.16,106.86,3,2,48.44,5,EASIER
7,45.3,115.78,1,4,38.87,5,EASIER
6,46.55,119.98,5,3,38.62,4,HARDER
4,87.37,32.34,1,0,88.43,2,HARDER
5,50.04,113.66,5,3,45.12,3,EASIER
3,88.91,16.1,1,1,80.92,1,HARDER
5,79.25,150.63,1,2,77.91,3,EASIER
4,79.14,64.12,1,1,73.59,2,SAME
3,93.36,21.34,1,0,92.63,1,HARDER
4,58.23,33.17,5,3,52.51,2,EASIER
5,70.65,64.25,2,2,69.69,3,SAME
4,65.41,50.35,3,2,60.85,2,SAME
7,46.97,203.37,4,4,45.06,5,EASIER
5,92.15,29.87,1,1,93.94,3,HARDER
7,67.85,142.15,3,2,64.59,5,SAME
6,50.43,27.28,4,3,52.05,4,EASIER
3,92.51,23.1,1,0,91.24,1,HARDER
4,84.21,75.26,1,1,80.36,2,SAME
6,40.33,39.23,4,4,39.75,4,EASIER
5,79.75,26.28,2,1,80.65,3,SAME
4,52.76,42.16,5,4,49.43,2,EASIER
5,71.96,115.26,2,2,71.23,3,SAME
7,41.61,133.73,2,3,39.46,5,EASIER
4,90.27,15.52,1,0,90.99,2,HARDER
3,90.18,11.82,3,1,86.27,1,SAME
4,48.79,39.79,5,5,36.79,2,EASIER
7,51.34,58.9,2,2,46.91,5,EASIER
6,64.55,88.04,1,2,62.29,4,SAME
7,57.03,124.63,1,2,57.35,5,SAME
7,71.02,85.76,2,1,68.2,5,SAME
3,89.16,56.06,1,1,82.39,1,EASIER
4,72.84,50.15,1,1,75.53,2,SAME
3,80.01,42.86,1,2,80.7,1,SAME
3,66.91,37.66,1,2,62.77,1,SAME
7,27.01,103.2,5,4,22.0,5,EASIER
7,42.66,100.74,2,3,36.91,5,EASIER
3,70.15,21.9,2,2,63.73,1,SAME
6,63.03,116.85,1,1,61.11,4,SAME
5,58.54,42.04,2,2,50.78,3,SAME
3,72.36,53.87,3,2,69.93,1,EASIER
7,60.37,74.59,2,2,58.41,5,SAME
7,44.55,125.89,4,5,34.5,5,EASIER
5,79.72,51.78,1,1,80.85,3,SAME
6,35.44,64.86,2,3,26.65,4,EASIER
4,73.4,105.49,1,1,68.46,2,EASIER
6,77.07,65.26,2,1,77.81,4,SAME
5,100.0,49.88,1,0,100.0,3,HARDER
7,50.9,77.99,4,3,44.77,5,EASIER
3,90.61,25.46,1,0,90.92,1,HARDER
3,73.84,23.9,2,2,69.25,1,SAME
7,69.75,60.86,2,2,65.02,5,SAME
4,82.3,31.13,1,0,83.08,2,SAME
4,80.26,50.61,1,1,78.02,2,SAME
6,64.01,139.88,3,3,58.19,4,EASIER
3,42.07,25.27,3,3,36.39,1,EASIER
5,62.09,59.72,3,2,66.28,3,SAME
4,60.78,32.07,2,2,59.84,2,SAME
3,75.08,19.99,4,1,71.94,1,EASIER
7,73.8,67.85,2,2,67.75,5,SAME
3,67.43,12.51,5,3,62.62,1,EASIER
3,100.0,18.29,1,1,93.33,1,HARDER
6,68.36,131.21,1,2,69.28,4,SAME
7,71.88,88.87,2,2,66.85,5,SAME
3,72.51,21.43,1,1,70.7,1,SAME
6,65.31,67.81,2,2,65.12,4,SAME
5,58.48,107.4,1,2,60.08,3,SAME
7,60.22,67.53,2,1,56.76,5,SAME
3,86.22,28.28,1,1,86.73,1,HARDER
7,46.83,107.9,3,3,48.35,5,EASIER
6,39.41,84.95,5,4,28.66,4,EASIER
7,45.27,127.95,5,4,37.01,5,EASIER
4,86.04,39.03,1,0,86.93,2,HARDER
7,46.22,172.55,3,3,39.11,5,EASIER
6,56.18,80.76,3,2,51.52,4,SAME
3,88.55,54.33,2,2,87.29,1,EASIER
7,39.37,114.75,4,5,36.04,5,EASIER
6,43.84,33.82,3,3,43.11,4,EASIER
4,93.5,51.29,1,1,89.65,2,HARDER
5,50.16,70.42,4,4,43.61,3,EASIER
4,80.03,38.59,2,1,75.27,2,SAME
5,85.39,51.01,1,1,88.81,3,HARDER
7,37.23,35.38,3,4,32.51,5,EASIER
7,47.01,38.76,2,3,42.15,5,EASIER
4,64.71,82.43,1,2,61.72,2,EASIER
7,45.17,81.4,3,3,40.18,5,SAME
5,78.79,93.54,2,1,75.69,3,SAME
6,41.73,35.63,5,3,36.41,4,EASIER
6,57.55,47.58,5,4,49.88,4,EASIER
5,71.73,81.16,2,2,70.24,3,SAME
5,70.73,55.13,1,2,64.23,3,SAME
5,68.09,75.69,1,1,67.41,3,SAME
7,52.4,111.17,5,4,41.1,5,EASIER
4,92.59,34.47,1,1,93.05,2,HARDER
4,82.02,27.6,1,0,78.85,2,SAME
4,78.49,21.68,2,1,75.29,2,SAME
3,83.38,46.67,1,2,79.47,1,SAME
4,45.91,79.38,2,3,40.1,2,EASIER
3,76.96,15.75,3,2,81.5,1,SAME
3,69.31,15.3,2,1,65.29,1,SAME
6,59.02,68.43,2,3,53.98,4,EASIER
3,75.81,29.09,1,1,70.55,1,SAME
5,74.95,53.01,1,1,78.98,3,SAME
6,57.1,106.32,1,2,53.58,4,SAME
6,63.75,79.93,2,4,53.96,4,EASIER
5,84.64,54.8,1,0,89.22,3,SAME
3,89.59,73.16,1,1,89.99,1,EASIER
7,39.8,84.12,2,4,33.71,5,EASIER
7,17.75,273.76,3,5,10.2,5,EASIER
6,48.53,174.01,1,2,45.66,4,EASIER
3,100.0,31.29,1,1,100.0,1,HARDER
3,100.0,10.61,2,1,100.0,1,HARDER
4,76.56,38.56,1,2,65.95,2,SAME
3,78.74,19.88,1,1,75.37,1,SAME
7,64.16,113.23,3,3,59.78,5,EASIER
4,72.4,23.06,2,2,67.1,2,SAME
4,60.83,54.22,4,3,53.7,2,EASIER
7,37.42,191.58,4,4,32.92,5,EASIER
7,26.48,211.91,4,5,23.6,5,EASIER
4,61.47,31.75,3,3,57.0,2,EASIER
4,62.15,23.1,4,2,58.12,2,EASIER
5,57.6,69.03,3,2,50.86,3,SAME
6,26.62,204.36,3,3,26.59,4,EASIER
7,31.77,116.32,4,4,26.91,5,EASIER
7,51.97,143.31,2,3,48.22,5,EASIER
7,28.9,98.54,5,5,22.1,5,EASIER
3,95.46,19.98,1,1,96.95,1,HARDER
4,74.33,51.78,1,1,71.78,2,SAME
5,96.94,55.03,1,1,97.39,3,HARDER
3,83.18,29.92,2,0,82.25,1,SAME
4,84.0,48.24,1,1,80.46,2,SAME
3,77.01,29.18,2,2,71.33,1,SAME
7,42.89,151.79,3,3,35.33,5,EASIER
3,69.21,17.1,1,0,64.19,1,SAME
3,76.0,16.65,3,2,77.82,1,SAME
3,100.0,24.53,1,0,100.0,1,HARDER
3,99.86,24.79,1,0,98.96,1,HARDER
5,38.05,44.79,4,4,32.0,3,EASIER
4,86.83,42.56,1,1,85.62,2,HARDER
7,55.17,183.73,2,3,52.52,5,EASIER
4,98.43,66.4,1,0,100.0,2,SAME
5,56.63,116.69,2,3,53.95,3,EASIER
6,74.14,41.39,4,2,67.91,4,EASIER
6,71.24,44.79,1,2,67.22,4,SAME
6,60.88,70.53,1,2,56.6,4,SAME
4,58.94,39.46,2,2,45.47,2,EASIER
5,61.69,51.54,3,2,59.09,3,SAME
7,58.27,82.87,2,2,47.64,5,EASIER
7,43.44,94.88,2,3,43.61,5,EASIER
6,74.99,105.43,1,0,70.56,4,SAME
6,75.79,41.07,1,1,74.04,4,SAME
7,34.05,300.0,3,4,31.92,5,EASIER
6,46.48,82.9,3,3,39.08,4,EASIER
7,28.29,198.58,5,5,21.57,5,EASIER
3,100.0,19.31,1,0,96.85,1,HARDER
4,72.88,49.78,1,0,72.11,2,SAME
3,70.58,26.14,1,1,66.89,1,SAME
3,77.98,36.6,2,1,78.3,1,SAME
5,61.09,52.57,2,2,58.97,3,SAME
4,53.35,78.79,2,2,51.74,2,EASIER
5,74.48,27.71,2,2,71.63,3,SAME
5,59.71,92.79,1,2,54.64,3,SAME
6,25.93,87.22,5,5,20.07,4,EASIER
7,65.02,64.3,2,3,61.39,5,EASIER
7,63.37,300.0,1,2,56.57,5,EASIER
4,100.0,90.6,2,1,100.0,2,EASIER
4,59.87,14.34,2,2,58.99,2,SAME
6,66.69,89.9,2,2,66.56,4,SAME
3,73.84,34.22,1,1,73.62,1,EASIER
5,69.65,72.17,2,1,65.4,3,SAME
5,56.09,122.81,3,3,51.67,3,EASIER
3,57.86,44.74,2,2,50.78,1,SAME
6,60.84,94.12,3,2,59.72,4,SAME
4,78.16,110.81,1,1,80.44,2,HARDER
3,95.62,37.93,1,0,100.0,1,SAME
6,35.14,68.31,4,4,27.91,4,EASIER
3,100.0,19.55,1,0,94.58,1,HARDER
6,66.94,156.53,1,1,63.06,4,SAME
3,79.67,17.57,3,1,75.82,1,SAME
5,71.19,47.35,4,3,64.82,3,EASIER
7,34.85,98.29,5,5,32.55,5,EASIER
4,73.61,44.91,1,1,72.74,2,SAME
6,81.99,74.15,1,1,84.72,4,SAME
6,68.34,41.34,1,1,69.61,4,SAME
7,44.71,210.99,4,3,42.67,5,EASIER
3,81.71,20.88,2,2,80.31,1,SAME
6,74.69,234.41,2,2,70.27,4,EASIER
7,53.77,132.18,2,2,52.41,5,EASIER
6,35.85,158.49,4,4,36.24,4,EASIER
3,92.92,33.1,1,1,91.72,1,HARDER
7,48.26,229.34,1,3,44.87,5,EASIER
3,58.7,32.22,4,3,51.53,1,EASIER
5,84.07,65.16,2,1,81.69,3,SAME
5,45.47,99.64,3,3,39.69,3,EASIER
5,48.92,198.54,5,4,48.07,3,EASIER
5,80.45,50.75,3,2,76.98,3,SAME
3,85.22,35.61,1,1,84.45,1,SAME
5,72.78,57.85,2,2,74.67,3,SAME
7,36.79,147.57,3,3,34.5,5,SAME
5,68.29,59.22,4,4,62.8,3,EASIER
4,69.6,13.78,1,1,68.98,2,SAME
7,52.75,100.42,4,4,47.21,5,EASIER
3,74.73,39.0,3,2,75.05,1,SAME
5,67.44,39.71,1,1,64.73,3,SAME
5,52.4,91.5,3,2,48.77,3,EASIER
5,81.69,63.52,1,1,78.77,3,SAME
7,49.64,100.9,1,3,48.54,5,EASIER
5,80.15,90.81,1,2,80.87,3,SAME
7,46.59,162.33,3,3,42.36,5,EASIER
3,84.97,30.15,1,0,85.81,1,SAME
6,56.53,139.07,3,2,58.45,4,SAME
5,67.44,64.13,1,2,66.41,3,SAME
4,80.67,17.54,1,2,75.43,2,SAME
4,79.46,31.81,1,1,76.01,2,SAME
6,41.75,32.09,3,4,36.66,4,EASIER
6,56.36,115.42,2,2,57.71,4,SAME
6,34.58,130.68,3,3,31.78,4,EASIER
3,75.53,38.01,2,0,74.0,1,SAME
5,42.42,73.89,3,3,41.61,3,EASIER
7,31.24,189.81,3,3,25.33,5,EASIER
3,72.56,12.39,2,1,71.07,1,HARDER
5,74.28,54.99,2,2,78.7,3,SAME
5,59.15,28.79,2,2,54.79,3,SAME
7,48.95,92.13,1,2,46.43,5,EASIER
4,48.04,81.23,5,3,44.67,2,EASIER
5,73.26,99.64,4,3,65.24,3,EASIER
6,34.75,115.71,3,4,31.89,4,EASIER
3,90.41,23.06,2,0,90.64,1,HARDER
7,52.61,65.17,3,3,49.33,5,EASIER
7,84.76,124.02,1,2,81.77,5,SAME
6,60.85,146.1,2,3,53.03,4,EASIER
6,61.68,101.48,2,2,61.17,4,SAME
6,49.18,35.95,4,4,47.18,4,EASIER
6,55.0,86.58,3,3,47.32,4,EASIER
7,63.5,39.48,2,2,60.9,5,SAME
5,68.62,86.36,1,1,70.42,3,SAME
5,89.18,41.16,4,1,86.99,3,EASIER
6,58.23,43.41,4,3,53.58,4,EASIER
3,79.8,35.98,2,2,77.97,1,SAME
7,49.85,151.92,2,3,44.62,5,EASIER
6,61.76,92.53,2,3,58.47,4,EASIER
6,48.35,256.32,2,2,43.65,4,EASIER
4,89.81,51.22,1,1,89.22,2,HARDER
4,87.08,28.06,1,1,84.86,2,HARDER
5,84.56,75.0,2,1,83.69,3,SAME
6,45.28,70.67,3,3,42.38,4,EASIER
6,56.35,158.45,2,3,49.83,4,EASIER
6,58.12,94.9,1,2,53.46,4,SAME
7,48.59,137.77,2,3,44.3,5,EASIER
7,43.22,51.03,3,4,33.68,5,EASIER
6,64.29,84.66,3,2,59.78,4,SAME
4,62.88,37.01,3,3,55.37,2,EASIER
5,92.31,34.93,1,0,92.15,3,HARDER
5,85.93,51.98,2,1,86.45,3,HARDER
6,69.15,102.85,2,3,67.56,4,EASIER
7,36.4,111.73,3,3,36.06,5,EASIER
4,85.76,19.57,3,3,81.85,2,EASIER
5,65.24,50.66,2,2,58.83,3,SAME
3,79.3,20.3,2,2,72.78,1,SAME
6,74.96,90.68,1,1,74.76,4,SAME
5,46.33,60.51,4,3,40.8,3,EASIER
5,76.7,47.31,3,1,72.67,3,SAME
5,85.75,46.4,1,0,88.58,3,HARDER
4,100.0,39.22,2,0,100.0,2,HARDER
5,70.45,93.42,2,2,68.87,3,SAME
6,39.51,94.79,5,4,36.27,4,EASIER
4,100.0,74.18,1,0,98.62,2,SAME
3,68.17,41.39,1,1,65.47,1,SAME
4,76.4,76.79,2,1,65.87,2,EASIER
3,86.82,45.97,1,0,90.12,1,SAME
4,80.24,79.22,3,1,80.95,2,EASIER
6,90.18,45.02,3,1,88.77,4,SAME
3,81.91,33.35,1,0,85.87,1,SAME
6,48.92,154.51,5,4,44.32,4,EASIER
4,75.49,73.34,4,2,72.77,2,EASIER
7,56.46,73.59,4,3,55.49,5,EASIER
6,70.01,115.42,1,1,67.2,4,SAME
4,77.76,39.37,3,3,71.94,2,EASIER
5,59.59,144.71,1,2,55.37,3,EASIER
3,100.0,13.48,1,0,96.62,1,HARDER
3,57.13,17.75,4,2,59.66,1,EASIER
7,45.32,41.75,2,2,39.54,5,EASIER
7,59.15,121.18,1,3,53.92,5,EASIER
3,66.25,68.46,3,3,62.8,1,EASIER
4,88.78,37.22,1,0,90.45,2,HARDER
3,86.44,26.15,1,1,86.84,1,HARDER
4,73.54,49.21,1,2,66.05,2,SAME
4,64.67,35.98,2,3,56.32,2,EASIER
4,96.5,45.13,1,0,97.74,2,HARDER
5,81.81,70.43,1,1,85.02,3,SAME
3,61.69,17.16,3,2,63.26,1,SAME
7,49.02,106.4,4,3,48.01,5,EASIER
6,49.39,120.61,3,3,44.38,4,EASIER
6,41.57,132.9,2,3,35.81,4,EASIER
3,60.79,44.55,3,2,54.32,1,SAME
6,79.93,97.63,1,1,80.1,4,SAME
7,47.94,135.97,5,3,46.09,5,EASIER
3,96.95,34.91,1,1,96.26,1,SAME
6,40.94,60.19,4,4,38.28,4,EASIER
4,68.66,28.18,4,2,67.8,2,EASIER
6,75.41,76.85,1,2,73.81,4,SAME
5,49.5,30.86,1,2,46.51,3,EASIER
7,67.19,139.81,1,1,60.77,5,SAME
3,90.93,39.87,1,0,91.0,1,SAME
4,100.0,27.22,1,0,96.06,2,HARDER
4,100.0,46.62,1,0,100.0,2,HARDER
4,83.14,28.27,1,0,75.26,2,SAME
4,88.9,23.57,1,1,86.7,2,HARDER
4,80.42,99.85,1,0,82.17,2,EASIER
3,77.86,16.0,2,1,71.67,1,SAME
6,48.0,42.16,2,3,45.13,4,EASIER
5,69.13,64.5,1,2,63.59,3,SAME
7,56.59,129.65,1,1,56.04,5,SAME
6,80.42,116.01,1,1,78.37,4,SAME
3,89.47,60.91,1,1,87.39,1,EASIER
3,83.78,17.69,1,1,85.97,1,SAME
5,68.9,43.56,1,1,69.51,3,SAME
5,69.2,128.61,2,1,62.1,3,EASIER
4,71.87,59.08,2,2,66.35,2,SAME
6,41.03,124.31,3,4,33.47,4,EASIER
5,45.77,43.31,4,3,45.33,3,EASIER
6,70.17,147.26,3,2,65.9,4,SAME
3,87.75,35.74,1,1,82.97,1,SAME
7,67.14,124.19,2,2,63.11,5,SAME
4,57.58,28.87,2,3,51.45,2,EASIER
5,82.76,61.15,2,1,79.53,3,SAME
5,79.71,131.16,1,1,78.34,3,EASIER
7,51.8,61.7,4,4,48.01,5,EASIER
4,66.42,26.09,1,3,63.63,2,EASIER
4,84.35,28.29,1,1,87.5,2,SAME
4,68.0,31.33,2,3,64.89,2,EASIER
4,43.12,37.72,5,4,38.83,2,EASIER
3,54.25,38.3,3,3,50.41,1,EASIER
3,56.7,30.7,4,4,48.87,1,EASIER
4,71.26,39.1,1,2,66.68,2,SAME
5,77.96,66.52,2,1,73.3,3,SAME
4,76.29,50.95,1,1,69.51,2,SAME
4,82.29,17.24,1,1,82.45,2,SAME
6,57.32,143.16,4,3,53.62,4,EASIER
4,84.79,25.77,1,1,79.72,2,SAME
7,48.12,87.95,2,2,46.05,5,EASIER
6,42.97,97.88,5,4,37.82,4,EASIER
3,81.38,24.18,1,1,81.94,1,SAME
4,63.9,47.77,1,2,59.75,2,HARDER
3,79.98,26.63,3,1,76.37,1,SAME
4,91.13,33.17,1,0,89.19,2,HARDER
4,64.67,77.95,3,2,64.06,2,EASIER
3,87.82,34.26,1,0,90.45,1,SAME
3,85.05,28.6,1,1,81.0,1,HARDER
5,92.12,81.72,1,0,92.18,3,SAME
6,73.3,56.82,1,1,70.67,4,SAME
4,77.19,105.61,1,1,74.01,2,EASIER
7,52.66,61.91,4,4,47.87,5,EASIER
4,95.48,40.08,1,0,95.91,2,EASIER
7,60.88,95.81,2,2,50.7,5,SAME
4,94.64,32.63,1,1,93.78,2,HARDER
5,69.12,46.32,3,2,70.5,3,EASIER
6,70.54,54.9,1,1,69.11,4,SAME
3,99.53,42.42,1,0,100.0,1,SAME
7,24.72,58.09,5,5,18.11,5,EASIER
4,50.71,60.33,4,4,50.66,2,EASIER
5,80.7,79.96,1,0,86.7,3,SAME
6,62.54,67.27,1,2,65.54,4,SAME
6,62.94,108.17,3,2,61.99,4,SAME
3,92.76,23.3,1,1,91.98,1,HARDER
7,57.77,61.46,5,2,51.05,5,EASIER
6,52.13,46.51,2,2,45.05,4,EASIER
7,69.4,160.09,1,2,70.59,5,SAME
5,62.94,78.2,2,2,57.39,3,SAME
6,72.34,93.0,1,1,75.44,4,SAME
5,78.01,47.78,2,2,72.79,3,SAME
7,53.35,100.96,3,3,42.66,5,EASIER
7,40.58,93.79,5,4,32.01,5,EASIER
7,60.63,43.22,2,3,51.9,5,EASIER
5,67.23,59.79,2,2,68.59,3,SAME
6,77.39,107.6,1,0,76.57,4,HARDER
4,79.92,39.23,3,1,77.51,2,SAME
5,66.85,139.24,1,1,63.77,3,EASIER
6,61.4,48.64,1,0,61.33,4,SAME
3,93.04,18.63,1,1,92.4,1,HARDER
6,50.86,87.87,4,4,43.17,4,EASIER
3,72.15,27.86,1,1,65.77,1,SAME
5,72.54,22.63,2,1,66.32,3,SAME
5,66.58,78.16,1,1,62.23,3,SAME
5,41.32,65.59,3,3,32.35,3,EASIER
5,53.33,20.31,5,4,51.21,3,EASIER
5,63.71,54.74,1,0,62.32,3,SAME
5,84.19,38.87,2,1,77.49,3,SAME
5,85.64,46.34,1,1,85.39,3,EASIER
5,72.72,29.91,2,1,68.95,3,SAME
6,83.73,101.81,1,1,85.22,4,SAME
5,81.15,138.73,1,2,76.07,3,EASIER
6,38.21,94.12,4,4,30.97,4,EASIER
7,67.15,34.52,2,1,72.38,5,SAME
7,53.97,130.86,1,2,51.26,5,EASIER
3,100.0,22.93,1,0,100.0,1,HARDER
6,51.38,46.26,3,4,45.75,4,EASIER
4,41.58,44.87,5,4,33.67,2,EASIER
3,79.73,36.98,3,1,84.5,1,SAME
6,50.7,57.92,3,3,43.53,4,EASIER
3,87.88,12.03,3,1,90.16,1,SAME
7,63.37,37.42,3,2,59.29,5,SAME
6,44.0,58.01,2,2,39.63,4,EASIER
7,48.99,102.9,3,2,44.16,5,EASIER
6,49.15,62.7,5,4,37.05,4,EASIER
7,64.38,77.18,1,2,60.16,5,SAME
3,91.03,32.19,1,0,93.5,1,HARDER
7,42.4,144.13,4,4,36.27,5,EASIER
3,72.2,27.32,1,0,68.75,1,SAME
4,86.15,55.78,3,1,86.49,2,EASIER
3,90.27,18.67,2,1,88.43,1,HARDER
5,62.85,33.74,2,2,59.02,3,SAME
6,40.76,62.5,4,3,31.47,4,EASIER
4,93.53,28.78,1,1,90.12,2,HARDER
7,37.89,36.62,5,4,31.52,5,EASIER
6,74.0,61.75,1,1,72.07,4,SAME
6,71.0,145.66,1,1,72.03,4,SAME
7,46.6,173.29,3,4,34.77,5,EASIER
5,40.94,75.22,3,3,33.76,3,EASIER
4,72.3,40.42,2,2,68.27,2,SAME
7,44.37,246.69,3,4,39.68,5,SAME
5,70.09,34.32,3,2,67.25,3,SAME
6,50.79,49.65,3,3,45.66,4,EASIER
4,67.49,64.46,3,4,64.49,2,EASIER
4,96.76,38.5,1,0,100.0,2,HARDER
3,77.46,18.55,5,1,75.36,1,EASIER
4,72.74,49.25,3,1,75.59,2,SAME
3,85.78,20.57,3,1,89.66,1,SAME
6,66.91,53.05,2,2,62.07,4,SAME
3,76.76,17.01,4,2,74.28,1,EASIER
6,68.7,96.92,1,2,59.84,4,SAME
7,55.31,125.29,1,2,51.3,5,SAME
6,75.48,180.45,2,2,74.35,4,EASIER
5,68.8,50.24,5,3,63.27,3,EASIER
3,69.31,21.81,4,2,66.79,1,EASIER
7,42.68,245.45,3,4,38.17,5,EASIER
3,83.79,38.76,2,0,84.65,1,SAME
6,63.07,88.42,2,2,60.83,4,SAME
6,71.06,36.42,1,1,70.39,4,SAME
3,95.91,17.42,2,1,95.52,1,HARDER
6,58.25,47.4,1,2,55.79,4,SAME
3,76.26,25.41,2,2,71.21,1,SAME
4,94.28,29.92,1,0,90.8,2,HARDER
7,45.55,268.29,2,3,41.11,5,EASIER
7,63.26,47.56,3,1,59.81,5,SAME
4,85.22,22.02,1,0,89.5,2,HARDER
7,45.08,127.97,4,4,34.06,5,EASIER
7,44.24,148.81,3,3,38.24,5,EASIER
6,85.32,21.36,1,1,85.97,4,HARDER
3,93.03,11.55,2,1,87.41,1,HARDER
4,72.04,33.57,1,1,68.28,2,SAME
6,56.58,165.98,3,2,52.49,4,EASIER
7,52.81,300.0,2,3,53.64,5,EASIER
7,56.08,89.35,2,2,51.75,5,SAME
5,78.13,53.3,2,1,77.96,3,SAME
4,77.78,25.64,4,2,74.21,2,EASIER
7,51.7,158.16,2,3,45.91,5,EASIER
4,57.06,77.94,5,3,56.51,2,EASIER
4,69.78,68.57,2,2,63.49,2,SAME
7,62.39,110.24,2,2,59.57,5,SAME
5,53.14,38.3,3,3,49.13,3,EASIER
4,84.85,38.15,2,0,88.67,2,SAME
3,100.0,46.22,1,0,99.36,1,SAME
5,67.85,47.57,1,1,62.02,3,SAME
7,57.28,41.64,4,3,48.97,5,EASIER
5,63.4,48.53,3,2,57.49,3,SAME
6,49.73,70.93,3,3,47.79,4,SAME
4,75.5,16.14,2,2,71.31,2,SAME
6,63.33,92.52,2,1,63.54,4,SAME
6,57.53,106.68,2,2,59.67,4,SAME
6,58.69,215.69,3,2,57.92,4,EASIER
6,67.84,41.01,1,1,68.91,4,SAME
5,72.33,83.27,2,2,70.21,3,SAME
4,100.0,59.86,1,1,95.64,2,SAME
6,45.93,107.44,4,4,46.05,4,EASIER
7,58.5,64.7,1,2,53.55,5,SAME
7,38.68,62.68,4,3,36.95,5,EASIER
4,96.97,39.78,1,0,99.86,2,HARDER
6,41.47,85.94,5,3,32.99,4,EASIER
3,86.69,19.49,2,1,80.71,1,HARDER
5,58.93,109.93,2,2,57.57,3,SAME
5,74.5,47.56,1,1,70.02,3,SAME
4,88.35,15.6,2,2,89.57,2,SAME
7,40.68,99.13,2,2,35.96,5,EASIER
7,20.48,145.51,4,4,17.93,5,EASIER
3,77.85,29.11,2,1,79.62,1,SAME
4,72.75,44.46,2,1,72.15,2,SAME
4,78.59,76.69,1,1,76.87,2,EASIER
7,60.98,61.0,1,2,59.53,5,SAME
5,70.75,47.03,2,2,67.25,3,SAME
6,50.99,183.12,2,3,45.65,4,EASIER
7,64.57,38.33,3,2,57.81,5,SAME
6,72.66,79.74,2,2,72.21,4,SAME
3,87.83,43.2,1,1,85.08,1,SAME
3,99.18,42.91,1,1,99.48,1,SAME
4,55.02,51.82,1,2,53.54,2,SAME
4,73.15,52.44,3,1,67.54,2,SAME
6,80.04,47.72,1,0,81.24,4,SAME
3,82.69,46.06,1,2,81.79,1,SAME
4,90.44,21.62,1,1,89.02,2,HARDER
4,77.63,22.23,1,1,77.42,2,SAME
3,93.9,29.71,1,1,93.47,1,HARDER
3,69.21,20.08,2,1,72.86,1,SAME
3,93.32,27.41,2,1,92.09,1,HARDER
5,48.52,71.78,5,4,45.54,3,EASIER
5,73.59,139.86,1,1,67.72,3,EASIER
5,75.68,71.89,1,2,71.87,3,SAME
5,89.52,42.7,1,0,91.28,3,HARDER
6,56.59,116.57,3,3,51.38,4,SAME
7,66.96,71.18,2,3,64.06,5,EASIER
5,68.95,91.15,1,1,69.12,3,SAME
6,69.58,84.8,2,2,68.12,4,SAME
6,58.37,100.99,5,3,51.27,4,EASIER
6,88.36,32.49,1,1,88.26,4,HARDER
3,62.42,9.18,1,1,58.87,1,SAME
7,51.36,49.41,3,3,45.77,5,EASIER
3,71.98,54.37,1,1,75.72,1,EASIER
5,59.3,32.86,3,3,57.51,3,EASIER
6,47.5,120.0,3,4,41.72,4,EASIER
5,70.2,42.21,3,2,67.05,3,SAME
4,69.03,33.95,3,2,68.58,2,SAME
7,48.41,109.3,2,3,47.5,5,EASIER
3,80.23,51.95,3,1,80.06,1,EASIER
4,65.17,50.01,2,2,65.64,2,SAME
7,24.95,138.15,5,5,17.37,5,EASIER
6,53.02,160.94,2,3,50.22,4,EASIER
3,88.33,18.86,1,1,85.12,1,HARDER
6,53.61,142.92,3,3,49.26,4,EASIER
7,31.93,183.04,5,5,19.39,5,EASIER
3,68.72,37.15,3,3,62.31,1,EASIER
5,80.14,53.72,1,1,77.05,3,SAME
5,71.39,46.71,2,1,69.64,3,SAME
3,76.56,16.98,3,2,72.38,1,SAME
4,67.56,26.0,1,1,60.29,2,SAME
3,95.38,16.62,1,1,97.31,1,HARDER
3,68.43,29.43,5,2,65.66,1,EASIER
5,78.56,51.8,2,1,78.87,3,SAME
5,77.78,71.81,1,1,78.07,3,SAME
4,95.17,47.79,1,0,92.61,2,HARDER
4,89.51,23.09,1,1,87.19,2,HARDER
3,85.63,15.39,1,0,86.39,1,HARDER
6,41.49,72.81,5,4,36.81,4,EASIER
4,63.87,26.4,3,3,62.69,2,EASIER
7,52.28,69.32,1,2,53.09,5,EASIER
5,64.74,134.26,3,2,66.23,3,EASIER
7,60.33,48.56,1,1,58.45,5,SAME
6,65.51,234.79,1,2,57.41,4,EASIER
4,97.19,43.53,2,1,98.42,2,HARDER
6,70.22,136.94,2,2,68.26,4,SAME
4,72.0,57.15,1,2,65.83,2,SAME
3,83.28,32.9,1,0,80.63,1,SAME
4,65.81,82.98,4,3,60.15,2,EASIER
4,81.72,22.85,2,1,79.75,2,SAME
3,100.0,23.32,1,0,97.64,1,HARDER
3,72.1,17.1,3,2,71.27,1,SAME
7,49.22,44.44,1,3,46.6,5,EASIER
5,66.91,41.81,1,1,65.84,3,SAME
5,83.11,146.55,1,1,78.41,3,EASIER
7,57.88,101.9,2,2,55.92,5,SAME
4,88.61,96.53,1,0,87.73,2,EASIER
5,65.02,162.87,1,2,56.36,3,EASIER
7,26.04,300.0,3,5,20.18,5,EASIER
6,66.25,220.87,1,1,62.09,4,EASIER
4,63.35,115.11,1,1,60.39,2,EASIER
4,82.01,44.27,2,1,79.77,2,SAME
3,100.0,27.67,1,0,94.98,1,HARDER
3,57.99,28.5,2,3,54.76,1,EASIER
3,79.8,25.0,1,0,79.87,1,SAME
6,55.34,88.64,3,2,52.74,4,SAME
6,33.84,121.25,5,4,25.84,4,EASIER
5,75.72,46.06,1,1,75.07,3,SAME
6,80.44,40.06,3,2,78.42,4,SAME
3,75.57,29.39,2,1,74.01,1,SAME
4,74.77,27.44,2,1,74.91,2,SAME
4,73.23,28.81,1,2,69.99,2,SAME
7,47.63,103.62,1,2,39.73,5,EASIER
6,60.9,67.57,3,2,56.39,4,SAME
7,30.78,205.09,2,4,23.52,5,EASIER
4,55.72,35.14,3,2,53.7,2,SAME
7,55.6,210.81,1,2,51.05,5,SAME
3,96.27,27.4,1,0,95.39,1,HARDER
4,74.46,36.45,1,1,74.39,2,SAME
5,61.49,62.73,2,2,60.59,3,SAME
3,65.03,14.07,2,2,63.22,1,SAME
7,66.79,134.66,1,2,64.54,5,SAME
7,44.12,177.92,3,1,43.6,5,EASIER
5,60.17,94.72,3,3,62.39,3,EASIER
4,48.57,20.13,4,3,45.23,2,EASIER
3,84.93,12.72,3,2,81.27,1,SAME
6,57.5,62.03,2,3,52.48,4,EASIER
5,61.22,115.11,4,3,60.93,3,EASIER
6,54.99,91.99,2,2,49.84,4,EASIER
6,73.59,54.81,1,2,70.51,4,SAME
3,60.7,13.1,4,4,56.53,1,EASIER
3,100.0,18.44,1,0,100.0,1,HARDER
6,56.7,55.47,1,2,48.5,4,EASIER
3,92.28,37.91,1,1,91.72,1,SAME
7,28.97,194.48,3,3,20.79,5,EASIER
3,85.3,15.67,1,1,92.39,1,HARDER
6,59.89,121.31,3,2,56.05,4,SAME
7,46.63,159.68,1,3,41.03,5,EASIER
5,82.16,32.35,1,1,86.95,3,SAME
3,98.31,24.08,1,0,97.17,1,HARDER
7,39.16,134.86,1,3,32.15,5,EASIER
3,95.08,26.88,1,1,97.75,1,HARDER
5,89.38,24.87,1,1,95.13,3,HARDER
7,26.1,120.3,5,5,18.66,5,EASIER
6,36.97,114.16,4,4,31.06,4,EASIER
3,70.08,50.49,1,1,65.08,1,EASIER
7,45.42,77.79,2,3,45.43,5,EASIER
3,87.21,19.61,3,1,84.68,1,SAME
6,51.41,73.56,3,3,44.68,4,EASIER
6,53.43,95.41,4,3,52.37,4,EASIER
4,62.99,39.77,3,2,55.57,2,SAME
5,74.15,78.22,1,1,74.42,3,SAME
3,100.0,15.15,1,0,93.69,1,HARDER
7,68.65,139.04,2,0,70.83,5,SAME
4,78.68,26.81,2,1,77.09,2,EASIER
4,60.71,35.52,4,4,57.37,2,EASIER
5,62.14,135.09,1,2,55.27,3,EASIER
6,57.82,39.63,4,3,52.96,4,EASIER
5,68.68,50.51,2,1,64.21,3,SAME
5,84.25,30.86,2,1,78.86,3,SAME
5,44.13,62.57,3,2,42.62,3,EASIER
7,37.35,198.3,3,4,34.13,5,EASIER
4,75.13,41.15,2,1,66.22,2,SAME
7,47.63,105.1,4,4,45.04,5,EASIER
6,35.25,163.61,3,2,36.67,4,EASIER
7,59.74,134.1,1,2,63.04,5,SAME
7,54.67,175.07,3,3,44.13,5,EASIER
6,56.51,118.94,3,2,57.68,4,SAME
4,73.68,9.83,3,1,72.78,2,SAME
6,61.06,78.8,1,1,58.73,4,SAME
6,67.61,46.81,1,1,71.64,4,SAME
4,72.73,25.73,1,1,70.96,2,SAME
6,52.58,176.53,4,2,49.62,4,EASIER
4,88.65,31.86,1,1,82.02,2,HARDER
5,71.21,148.01,1,2,62.62,3,EASIER
6,57.96,39.44,3,2,55.29,4,SAME
3,100.0,15.44,1,0,100.0,1,HARDER
4,97.89,54.37,2,0,100.0,2,SAME
6,63.9,68.66,2,2,63.81,4,SAME
5,63.15,67.53,3,3,54.31,3,EASIER
7,67.37,105.35,1,1,67.65,5,SAME
3,100.0,23.46,1,0,100.0,1,HARDER
6,64.53,70.0,3,1,64.22,4,SAME
7,66.47,123.51,1,1,59.63,5,SAME
7,60.75,158.89,2,1,64.8,5,SAME
3,92.49,51.28,1,1,92.17,1,EASIER
7,33.65,100.3,3,3,25.0,5,EASIER
4,88.77,31.58,2,1,92.35,2,HARDER
4,61.25,29.73,3,2,57.67,2,SAME
4,80.03,75.82,1,0,82.16,2,SAME
6,58.66,117.41,1,2,53.93,4,SAME
6,39.12,30.55,5,5,29.02,4,EASIER
5,79.64,22.17,1,1,80.7,3,SAME
3,97.95,17.28,2,1,92.5,1,HARDER
7,57.17,126.97,1,2,59.53,5,SAME
4,100.0,37.41,1,0,99.77,2,HARDER
3,64.87,31.44,2,2,61.93,1,SAME
5,56.46,53.18,2,3,51.92,3,EASIER
5,56.05,115.83,2,3,53.06,3,EASIER
6,75.17,122.51,1,0,72.53,4,SAME
7,52.38,116.84,1,2,49.2,5,EASIER
3,74.95,41.62,1,1,79.65,1,SAME
4,89.76,17.51,3,1,90.62,2,SAME
5,68.54,55.61,2,2,64.15,3,SAME
6,78.88,88.08,2,3,71.58,4,EASIER
6,50.94,112.14,5,4,40.25,4,EASIER
4,92.87,16.97,1,0,95.09,2,HARDER
6,76.84,71.62,2,1,72.5,4,SAME
7,57.85,139.32,1,2,57.56,5,SAME
5,49.06,73.45,3,3,44.8,3,EASIER
7,60.55,213.78,1,2,58.12,5,SAME
6,62.94,121.84,1,3,57.65,4,EASIER
4,90.61,36.93,1,0,88.71,2,HARDER
4,92.79,52.19,1,1,89.13,2,SAME
6,54.14,73.85,2,3,51.09,4,EASIER
4,77.28,40.71,1,1,72.97,2,SAME
4,81.64,55.21,1,0,80.04,2,SAME
4,97.97,37.2,1,0,95.47,2,HARDER
6,60.0,98.98,1,2,61.69,4,SAME
4,100.0,59.7,1,0,94.02,2,SAME
6,41.97,118.75,2,2,40.83,4,EASIER
7,58.22,219.37,3,3,60.1,5,EASIER
7,36.6,300.0,3,3,25.92,5,EASIER
7,64.7,164.28,1,1,64.77,5,SAME
3,96.33,20.36,1,0,93.66,1,HARDER
5,50.19,74.72,1,3,48.2,3,EASIER
4,66.14,47.37,3,3,57.89,2,EASIER
7,29.83,156.47,5,4,26.81,5,EASIER
6,68.62,178.42,2,2,63.9,4,EASIER
4,62.09,17.22,4,3,53.85,2,EASIER
5,87.5,122.71,1,0,87.28,3,EASIER
6,65.43,214.63,3,2,60.22,4,EASIER
5,74.95,76.83,2,2,64.81,3,SAME
5,70.55,77.75,2,1,65.11,3,SAME
3,71.77,22.45,2,2,72.95,1,SAME
5,77.09,58.18,2,2,73.38,3,SAME
4,65.49,52.75,3,4,61.37,2,EASIER
7,74.83,158.19,1,2,68.95,5,SAME
7,42.79,165.88,1,2,41.46,5,EASIER
6,53.29,113.59,2,2,50.71,4,EASIER
3,99.48,37.29,1,0,100.0,1,SAME
7,77.38,171.95,1,1,76.15,5,SAME
4,92.22,23.48,1,0,91.55,2,HARDER
5,81.97,87.57,2,1,79.65,3,SAME
7,29.29,300.0,4,4,22.73,5,EASIER
7,68.11,110.39,3,2,66.54,5,SAME
3,91.21,48.72,1,1,91.12,1,SAME
4,90.14,24.69,1,1,85.06,2,HARDER
6,65.83,80.74,2,3,65.54,4,EASIER
5,74.68,42.23,1,3,66.85,3,EASIER
4,86.53,72.66,1,0,85.87,2,SAME
5,67.58,130.64,2,2,64.23,3,EASIER
7,68.63,106.11,1,1,66.61,5,SAME
4,57.74,65.89,1,2,55.02,2,SAME
6,24.16,193.46,5,5,13.89,4,EASIER
6,50.91,80.61,3,3,46.74,4,EASIER
7,18.55,120.21,5,5,10.03,5,EASIER
4,66.09,53.64,2,2,67.47,2,SAME
4,92.38,25.57,1,1,90.12,2,HARDER
5,73.82,61.25,2,1,76.97,3,SAME
5,58.58,167.52,4,2,56.53,3,EASIER
5,66.59,45.28,4,3,61.05,3,EASIER
6,70.79,127.83,2,2,72.3,4,SAME
6,68.98,107.67,1,3,69.77,4,EASIER
4,92.4,35.18,2,1,89.63,2,HARDER
6,63.5,92.02,1,2,61.14,4,SAME
4,94.95,86.6,1,1,95.69,2,EASIER
5,85.84,76.28,1,0,86.23,3,HARDER
3,96.97,34.29,1,0,95.93,1,SAME
4,80.92,80.64,1,1,78.16,2,EASIER
7,28.06,95.66,5,4,26.6,5,EASIER
5,70.51,34.54,2,1,73.24,3,SAME
6,29.89,205.67,3,3,24.09,4,EASIER
3,94.79,26.57,2,0,94.11,1,HARDER
6,61.33,130.5,1,2,56.6,4,SAME
4,72.89,26.56,2,1,76.03,2,SAME
6,34.91,100.36,3,4,27.96,4,EASIER
7,44.9,61.6,2,3,41.49,5,EASIER
5,100.0,59.86,1,0,100.0,3,HARDER
3,76.35,18.74,2,1,69.02,1,SAME
5,74.64,37.56,3,1,73.27,3,SAME
3,76.16,21.85,1,1,69.69,1,SAME
5,55.43,18.64,2,3,55.74,3,EASIER
3,82.89,14.92,2,1,76.22,1,SAME
6,39.52,123.17,5,5,25.85,4,EASIER
4,62.93,44.75,3,1,66.68,2,SAME
4,84.04,22.94,1,0,82.18,2,EASIER
3,74.01,31.9,2,1,68.65,1,SAME
7,48.44,69.4,5,4,38.01,5,EASIER
7,73.89,166.0,2,2,72.06,5,SAME
7,53.59,105.16,4,4,48.57,5,EASIER
3,75.06,21.63,1,2,73.81,1,SAME
4,88.99,36.41,1,1,86.94,2,HARDER
7,27.64,300.0,3,4,27.74,5,EASIER
5,63.68,39.84,2,2,61.06,3,SAME
3,97.67,27.65,1,0,96.98,1,HARDER
3,83.42,35.4,2,2,76.93,1,SAME
4,78.32,24.17,2,2,70.96,2,SAME
7,35.57,46.98,5,4,36.01,5,EASIER
3,80.16,19.13,1,1,74.25,1,SAME
7,26.27,169.42,4,5,15.31,5,EASIER
6,66.93,68.64,1,1,65.41,4,SAME
7,39.89,98.75,4,4,38.66,5,EASIER
7,33.82,183.99,5,4,24.69,5,EASIER
4,79.78,26.01,3,2,76.25,2,SAME
7,47.07,106.71,3,3,43.78,5,EASIER
3,91.95,12.75,1,1,91.17,1,HARDER
4,65.63,44.18,5,2,66.65,2,EASIER
4,80.9,42.33,1,0,82.5,2,SAME
3,93.9,35.62,1,0,100.0,1,SAME
3,92.39,15.02,1,1,92.67,1,HARDER
3,79.49,22.95,2,2,77.72,1,SAME
3,69.03,14.15,2,2,62.23,1,SAME
4,59.6,33.85,3,3,56.25,2,HARDER
3,99.57,48.34,1,0,97.04,1,SAME
3,65.23,21.67,2,2,61.69,1,SAME
7,54.53,53.2,5,4,49.5,5,EASIER
3,75.56,18.47,2,2,74.3,1,SAME
3,70.54,12.21,1,1,69.57,1,SAME
3,63.04,14.04,4,2,56.91,1,EASIER
3,43.51,33.7,4,4,34.33,1,SAME
5,51.23,28.35,2,3,43.19,3,EASIER
7,48.43,132.78,3,3,45.64,5,EASIER
6,24.69,83.11,5,5,16.65,4,EASIER
5,46.34,44.58,3,3,42.74,3,EASIER
3,90.38,27.66,1,0,86.97,1,HARDER
6,42.8,50.36,5,3,36.37,4,EASIER
3,87.57,36.34,2,1,89.89,1,SAME
6,58.53,57.03,3,4,51.53,4,EASIER
5,69.37,47.9,2,2,71.22,3,SAME
7,69.27,85.04,1,1,69.76,5,SAME
4,92.81,52.54,1,0,91.41,2,SAME
6,61.54,108.83,2,2,62.06,4,SAME
5,75.57,15.84,2,1,74.91,3,SAME
5,33.6,65.78,3,3,25.81,3,EASIER
7,51.16,43.28,2,2,48.3,5,EASIER
6,78.8,68.66,2,2,76.0,4,SAME
5,70.8,54.98,1,2,65.58,3,SAME
5,68.51,48.72,3,2,63.96,3,SAME
6,49.59,106.39,4,4,37.98,4,EASIER
4,75.83,53.3,1,2,73.2,2,SAME
3,94.95,17.72,1,0,93.56,1,HARDER
5,71.95,38.85,1,1,68.87,3,SAME
3,77.57,24.6,2,1,78.32,1,SAME
3,77.45,12.58,2,2,83.21,1,SAME
5,53.42,45.8,3,2,49.16,3,EASIER
6,31.28,165.29,4,4,26.41,4,EASIER
6,50.6,37.47,3,3,49.27,4,EASIER
4,84.7,32.39,1,1,84.47,2,SAME
5,72.8,43.26,1,0,72.95,3,SAME
3,82.2,61.02,1,0,83.47,1,EASIER
6,98.21,61.99,1,0,99.17,4,EASIER
4,91.94,30.33,1,0,90.37,2,HARDER
6,51.82,47.98,1,3,49.57,4,EASIER
7,65.71,112.57,1,2,63.08,5,SAME
6,72.2,94.37,1,1,70.61,4,SAME
4,100.0,25.06,3,1,97.74,2,SAME
7,46.32,191.97,3,3,43.65,5,EASIER
6,85.18,94.41,2,1,83.29,4,HARDER
6,61.92,127.7,1,2,63.16,4,SAME
7,40.45,93.66,3,3,33.55,5,EASIER
7,21.01,127.87,5,4,15.7,5,EASIER
3,99.71,22.74,1,0,100.0,1,HARDER
7,21.05,247.88,4,4,14.72,5,EASIER
6,34.46,87.11,5,4,24.62,4,EASIER
4,75.64,38.16,3,2,74.82,2,SAME
4,73.41,30.64,2,1,68.63,2,SAME
6,71.67,62.7,1,1,75.07,4,SAME
4,69.81,42.49,1,1,67.66,2,SAME
5,34.46,87.02,3,3,29.42,3,EASIER
6,56.13,57.44,5,3,51.08,4,EASIER
6,68.3,87.58,3,3,62.5,4,EASIER
7,59.34,123.83,1,2,55.8,5,SAME
3,90.81,29.32,1,0,89.91,1,HARDER
4,73.66,17.03,1,2,70.4,2,SAME
7,32.13,67.66,5,4,27.37,5,EASIER
5,100.0,29.5,1,0,99.26,3,HARDER
4,100.0,38.59,1,0,100.0,2,HARDER
4,80.1,24.88,2,1,79.08,2,SAME
4,63.07,30.09,1,1,64.28,2,SAME
5,82.75,32.11,1,2,77.5,3,SAME
4,81.1,31.44,1,0,80.66,2,SAME
6,58.46,45.7,2,2,54.24,4,SAME
5,74.82,84.4,1,1,79.04,3,SAME
6,89.36,105.21,1,1,89.04,4,HARDER
3,91.49,26.73,1,0,89.93,1,HARDER
6,66.98,70.09,3,2,59.21,4,SAME
7,53.71,36.89,3,2,52.66,5,EASIER
3,87.37,20.39,2,2,85.87,1,SAME
4,84.36,26.57,2,0,87.96,2,SAME
6,43.54,93.25,4,4,36.72,4,EASIER
6,52.62,113.18,1,3,49.19,4,EASIER
6,86.39,97.08,1,1,87.28,4,HARDER
5,42.25,108.38,3,3,34.96,3,EASIER
6,66.22,61.02,2,3,65.35,4,EASIER
6,90.01,59.72,1,1,83.66,4,HARDER
3,92.67,39.68,1,0,94.31,1,SAME
6,55.07,89.4,4,4,47.74,4,EASIER
5,69.67,51.33,3,3,64.41,3,EASIER
3,100.0,56.86,1,0,100.0,1,EASIER
5,90.45,77.2,1,0,94.5,3,HARDER
5,61.29,52.78,1,1,60.75,3,SAME
3,100.0,18.42,1,0,99.34,1,HARDER
7,45.84,230.78,2,3,39.37,5,EASIER
4,75.38,41.88,1,1,69.71,2,SAME
4,65.16,38.44,2,1,61.9,2,SAME
5,50.0,81.06,5,5,44.31,3,EASIER
7,51.36,180.94,1,2,49.74,5,EASIER
6,61.68,109.14,2,2,58.2,4,SAME
6,52.16,129.85,3,3,46.96,4,EASIER
4,86.51,46.98,1,0,89.94,2,HARDER
7,68.62,151.55,1,2,67.73,5,SAME
7,75.97,75.17,1,1,75.66,5,SAME
5,76.0,142.11,2,2,69.3,3,EASIER
5,93.71,31.49,1,0,92.98,3,HARDER
3,86.84,28.69,1,1,89.76,1,HARDER
6,47.96,40.92,3,4,43.3,4,EASIER
7,55.07,106.17,2,2,46.39,5,EASIER
5,50.62,43.71,4,2,48.06,3,EASIER
5,55.24,62.03,2,3,53.24,3,EASIER
5,73.32,68.69,1,2,69.27,3,SAME
3,97.56,16.33,1,0,98.69,1,HARDER
6,62.32,80.76,4,2,66.39,4,EASIER
6,61.99,169.26,1,1,55.95,4,EASIER
7,67.89,54.78,2,1,62.59,5,SAME
7,56.07,70.32,2,2,51.01,5,SAME
5,20.33,88.81,5,5,8.73,3,EASIER
7,19.65,116.84,5,5,13.43,5,EASIER
5,67.12,62.51,3,3,63.62,3,EASIER
6,45.48,139.54,1,4,39.34,4,EASIER
6,55.31,54.26,1,1,53.41,4,SAME
7,46.23,84.39,1,3,42.0,5,EASIER
6,67.69,58.71,1,2,64.84,4,SAME
3,71.61,21.41,4,3,64.73,1,EASIER
3,69.56,45.38,1,1,68.45,1,SAME
5,85.3,24.99,1,1,87.44,3,HARDER
5,63.1,32.11,3,3,59.97,3,EASIER
6,55.45,40.31,1,2,49.83,4,EASIER
5,65.77,116.08,2,2,62.88,3,EASIER
5,68.67,42.79,1,2,59.86,3,SAME
7,47.51,93.73,2,2,37.79,5,EASIER
4,70.04,17.79,1,2,66.54,2,SAME
5,76.79,50.94,1,2,75.82,3,SAME
5,50.73,89.07,4,3,48.48,3,EASIER
5,52.49,65.74,4,3,39.13,3,EASIER
7,47.59,105.61,3,3,50.81,5,EASIER
7,44.57,47.73,4,4,37.66,5,EASIER
5,74.78,49.31,1,1,73.53,3,SAME
5,54.77,62.38,1,2,51.07,3,EASIER
5,76.45,35.5,1,2,75.51,3,SAME
3,78.65,33.46,1,1,74.25,1,SAME
5,79.78,89.89,2,1,73.59,3,SAME
4,81.68,29.64,2,2,85.49,2,SAME
3,93.09,34.53,2,1,92.18,1,SAME
3,83.96,23.81,1,1,80.18,1,SAME
5,76.24,102.34,2,1,75.19,3,SAME
3,74.71,61.81,1,2,77.41,1,EASIER
6,41.75,46.43,5,4,39.56,4,EASIER
5,64.81,84.89,1,1,66.13,3,SAME
4,87.96,70.17,1,1,83.33,2,SAME
6,60.92,49.5,5,4,52.79,4,EASIER
5,73.83,43.63,2,2,71.49,3,SAME
6,32.54,60.45,4,4,28.33,4,EASIER
6,55.54,76.53,2,2,58.13,4,SAME
3,100.0,21.33,3,0,98.33,1,SAME
4,79.01,34.62,3,2,77.08,2,SAME
5,59.1,87.82,2,1,59.97,3,HARDER
7,73.11,39.86,1,2,70.72,5,SAME
3,91.35,16.21,1,1,93.16,1,HARDER
3,100.0,33.68,1,1,100.0,1,HARDER
7,53.62,151.38,2,2,53.12,5,EASIER
7,53.19,62.9,2,3,43.07,5,EASIER
3,88.64,32.07,1,0,91.18,1,HARDER
5,47.42,111.86,4,2,47.68,3,EASIER
6,62.13,79.94,1,2,56.94,4,SAME
3,77.63,15.96,1,2,75.28,1,HARDER
4,70.18,57.33,2,3,62.88,2,EASIER
4,81.67,85.41,2,1,84.78,2,EASIER
6,60.18,51.72,2,2,60.98,4,SAME
4,77.6,38.71,1,2,73.78,2,SAME
5,59.1,99.49,1,1,59.38,3,SAME
4,77.58,40.12,3,1,73.54,2,SAME
6,87.7,33.05,1,1,81.07,4,HARDER
3,80.24,30.45,1,0,82.51,1,SAME
4,55.99,23.99,4,3,47.46,2,EASIER
4,73.87,20.91,1,2,67.48,2,SAME
7,44.0,43.68,5,3,38.99,5,EASIER
7,45.28,214.28,4,4,37.85,5,EASIER
5,71.69,38.37,2,1,63.64,3,SAME
3,55.61,29.0,4,3,50.1,1,EASIER
6,71.99,110.81,1,1,69.13,4,SAME
5,58.19,62.84,4,3,56.0,3,EASIER
7,65.1,131.65,1,1,67.97,5,SAME
4,71.91,45.45,1,2,71.38,2,SAME
7,50.07,120.75,1,2,44.38,5,EASIER
7,31.14,74.01,3,3,28.58,5,EASIER
4,96.68,25.49,1,1,97.51,2,HARDER
6,83.03,77.64,1,1,80.83,4,SAME
4,66.2,35.81,1,1,62.9,2,SAME
4,74.54,46.5,1,1,68.74,2,SAME
4,73.22,63.78,1,0,69.46,2,SAME
6,64.72,98.06,3,2,61.99,4,SAME
4,77.95,25.96,2,1,78.36,2,SAME
6,72.97,26.38,3,1,72.14,4,SAME
5,66.8,39.64,2,2,66.58,3,SAME
6,55.26,40.76,1,1,52.06,4,SAME
7,54.9,75.22,1,2,49.33,5,EASIER
3,72.76,27.85,2,2,70.19,1,SAME
7,60.15,117.27,3,2,59.46,5,SAME
3,100.0,57.15,2,0,98.59,1,EASIER
5,81.14,73.67,1,0,77.2,3,SAME
4,71.92,93.21,1,0,75.56,2,EASIER
6,62.87,118.94,2,2,58.27,4,SAME
6,33.07,144.21,3,4,30.54,4,EASIER
7,32.79,92.1,5,4,28.79,5,EASIER
5,51.59,34.07,2,3,45.84,3,EASIER
7,47.29,87.69,4,3,40.86,5,EASIER
4,75.17,37.79,2,1,73.67,2,SAME
4,72.02,28.29,4,2,61.65,2,EASIER
4,78.16,23.74,3,3,78.84,2,EASIER
5,69.83,71.29,1,2,67.37,3,SAME
6,81.16,48.61,1,0,83.48,4,SAME
7,21.98,48.56,5,6,8.83,5,EASIER
4,100.0,22.43,2,0,100.0,2,HARDER
4,69.26,34.04,1,0,67.66,2,SAME
7,50.2,65.26,4,4,43.55,5,EASIER
5,90.68,51.81,1,0,90.63,3,HARDER
4,70.99,50.39,3,2,65.21,2,SAME
7,34.34,153.17,3,4,26.41,5,EASIER
5,47.48,41.82,4,4,44.85,3,EASIER
7,37.76,55.03,3,3,35.91,5,EASIER
7,55.94,81.84,2,3,52.22,5,EASIER
7,39.86,160.1,5,5,29.19,5,EASIER
5,72.75,90.07,2,1,69.82,3,SAME
6,55.29,98.52,3,3,51.5,4,EASIER
7,32.35,215.57,2,3,28.75,5,EASIER
4,98.9,85.65,1,0,100.0,2,EASIER
3,81.07,20.16,2,2,74.48,1,SAME
4,69.74,76.42,2,2,67.21,2,EASIER
6,44.54,71.61,5,4,43.05,4,EASIER
5,41.71,96.09,3,4,36.25,3,EASIER
3,88.62,34.27,1,0,91.35,1,SAME
5,53.7,21.8,4,3,46.32,3,EASIER
3,74.12,16.26,3,2,73.33,1,SAME
5,62.42,31.69,5,4,56.01,3,EASIER
5,42.25,24.01,4,3,31.93,3,EASIER
6,51.77,129.54,3,3,55.06,4,EASIER
5,47.94,161.5,3,3,44.64,3,EASIER
5,67.63,51.05,2,2,68.99,3,SAME
6,68.48,127.85,2,3,66.54,4,EASIER
6,39.95,177.46,4,4,30.4,4,EASIER
7,58.9,125.47,1,2,54.5,5,SAME
4,58.16,37.55,1,2,55.3,2,SAME
5,85.63,51.36,1,1,93.22,3,HARDER
4,65.27,48.92,1,2,63.29,2,SAME
5,55.31,89.43,3,3,47.17,3,EASIER
3,80.12,30.7,1,0,77.24,1,SAME
5,43.81,71.67,2,3,43.63,3,EASIER
3,91.53,24.44,1,0,90.38,1,HARDER
5,58.36,26.36,3,2,53.31,3,SAME
7,62.99,182.68,1,1,61.72,5,SAME
7,54.99,55.61,3,2,59.44,5,EASIER
5,82.1,78.81,1,2,79.65,3,SAME
3,73.78,34.99,4,4,71.43,1,EASIER
4,89.42,22.23,1,1,89.53,2,HARDER
3,86.5,19.08,3,2,81.78,1,SAME
6,60.74,247.12,1,1,58.48,4,EASIER
7,65.36,107.25,1,2,64.57,5,SAME
5,54.16,31.7,4,3,41.31,3,EASIER
3,84.98,35.7,2,1,80.72,1,SAME
3,95.72,17.73,1,0,92.68,1,HARDER
7,54.4,39.32,3,4,50.08,5,EASIER
4,81.18,48.52,1,1,77.7,2,SAME
3,100.0,16.63,1,1,96.92,1,HARDER
3,100.0,28.84,1,0,100.0,1,HARDER
4,74.98,25.94,1,1,67.69,2,SAME
6,66.99,118.45,1,1,60.15,4,SAME
7,72.78,123.78,2,2,72.25,5,SAME
4,60.25,11.25,3,3,54.02,2,EASIER
6,47.96,100.02,2,2,39.83,4,EASIER
3,100.0,21.98,1,0,100.0,1,HARDER
3,82.89,46.96,1,0,82.05,1,SAME
3,39.39,29.81,5,4,37.22,1,EASIER
7,49.38,169.12,1,4,44.43,5,EASIER
5,72.28,40.8,1,1,67.06,3,SAME
7,43.9,72.81,5,4,36.22,5,EASIER
3,90.36,24.72,1,0,91.9,1,HARDER
3,74.47,21.29,1,2,73.42,1,SAME
7,0.05,232.23,4,6,0.0,5,EASIER
3,95.37,23.35,1,0,93.26,1,HARDER
3,90.65,14.5,1,1,91.43,1,HARDER
5,83.25,38.51,2,1,88.55,3,SAME
6,30.7,135.44,5,4,27.75,4,EASIER
4,52.99,35.13,5,3,50.44,2,EASIER
5,64.01,52.0,2,1,61.38,3,SAME
6,51.38,142.31,2,3,49.6,4,EASIER
5,74.16,36.88,2,2,66.69,3,SAME
4,57.91,13.29,4,3,53.92,2,EASIER
3,64.41,17.1,2,2,58.53,1,SAME
5,90.78,65.38,1,0,89.06,3,HARDER
7,37.36,97.76,5,4,33.63,5,EASIER
6,49.18,36.43,5,4,36.05,4,EASIER
7,70.72,194.85,1,2,63.61,5,SAME
3,80.49,26.89,2,1,77.02,1,SAME
3,73.32,29.72,3,2,62.45,1,SAME
5,64.0,71.39,1,2,61.41,3,SAME
3,85.37,14.03,3,1,82.11,1,SAME
5,59.1,67.38,1,2,58.15,3,SAME
7,52.41,183.66,2,2,50.15,5,EASIER
4,66.52,64.94,4,3,61.19,2,EASIER
5,32.45,82.89,5,4,23.96,3,EASIER
6,81.5,107.08,1,1,83.55,4,SAME
3,54.14,11.54,3,2,52.87,1,EASIER
7,27.38,111.09,4,4,24.85,5,EASIER
4,69.62,24.24,3,2,65.99,2,SAME
7,54.78,225.27,2,2,50.33,5,EASIER
6,21.7,147.6,5,6,11.12,4,EASIER
3,90.96,16.38,2,1,94.92,1,HARDER
6,64.99,80.06,3,3,66.13,4,EASIER
3,85.42,27.92,1,1,84.74,1,HARDER
5,75.83,90.59,1,2,68.41,3,SAME
7,75.84,44.94,1,1,74.97,5,SAME
7,79.79,33.59,1,0,80.81,5,SAME
7,29.13,114.35,5,4,26.08,5,EASIER
5,60.84,16.57,2,2,54.4,3,SAME
5,67.86,62.74,2,2,66.14,3,SAME
4,71.13,50.2,1,2,78.34,2,HARDER
7,47.15,219.68,4,3,38.92,5,EASIER
5,75.38,42.62,2,1,76.02,3,SAME
6,48.38,89.17,4,3,46.1,4,EASIER
4,95.21,51.61,1,2,88.82,2,SAME
6,78.51,44.49,1,2,77.7,4,SAME
4,93.08,58.43,1,0,93.03,2,SAME
6,75.1,94.57,1,1,75.57,4,SAME
3,98.57,19.1,2,0,98.03,1,HARDER
3,67.79,26.62,2,1,67.28,1,SAME
4,89.75,35.59,1,0,90.78,2,HARDER
5,78.1,85.33,3,2,74.35,3,SAME
6,38.51,67.98,5,4,31.8,4,EASIER
4,70.37,42.28,2,2,67.12,2,SAME
3,78.94,18.96,2,1,76.34,1,SAME
4,84.02,24.45,1,1,81.5,2,SAME
5,81.48,63.14,2,1,75.77,3,SAME
5,77.06,37.21,1,2,71.87,3,EASIER
6,79.07,124.34,1,1,72.78,4,SAME
4,88.34,50.2,1,0,91.47,2,HARDER
6,73.31,55.08,2,1,73.21,4,SAME
6,69.76,91.64,1,2,68.24,4,SAME
6,60.33,54.95,2,3,54.32,4,EASIER
5,48.38,26.21,3,3,41.16,3,EASIER
7,29.25,80.88,2,4,21.85,5,EASIER
4,79.68,37.11,1,1,75.89,2,SAME
6,33.17,107.54,2,3,23.5,4,EASIER
3,88.83,26.72,1,0,88.72,1,HARDER
3,96.28,37.44,1,0,94.31,1,SAME
7,49.26,65.61,3,3,44.88,5,EASIER
5,45.91,48.13,1,2,39.94,3,EASIER
6,49.46,192.83,2,3,40.79,4,EASIER
6,61.74,30.04,3,2,58.68,4,SAME
6,76.74,64.83,2,1,68.96,4,SAME
4,61.52,22.97,5,4,58.79,2,EASIER
3,89.71,22.92,1,0,90.03,1,HARDER
3,94.92,20.61,1,0,93.55,1,HARDER
7,72.56,155.5,2,2,69.05,5,SAME
4,62.67,42.85,4,3,62.2,2,EASIER
5,60.4,30.39,1,1,58.41,3,SAME
5,64.6,43.35,2,2,61.73,3,SAME
3,81.54,25.0,1,0,79.31,1,SAME
5,40.9,83.63,4,3,40.58,3,EASIER
3,78.01,73.81,1,1,77.64,1,EASIER
3,100.0,34.18,1,0,100.0,1,SAME
3,78.5,15.93,1,1,70.89,1,SAME
7,36.19,106.42,4,4,26.81,5,EASIER
5,100.0,63.44,1,0,100.0,3,HARDER
7,61.97,84.39,2,2,61.27,5,SAME
5,79.21,73.2,1,1,80.81,3,EASIER
4,89.53,13.07,1,1,88.0,2,HARDER
6,62.51,109.33,2,2,56.9,4,SAME
7,29.47,86.39,5,4,20.91,5,EASIER
5,73.13,54.93,2,1,75.71,3,SAME
3,93.78,48.0,1,0,95.44,1,SAME
4,57.98,21.0,2,2,58.0,2,SAME
7,49.11,129.95,2,3,50.33,5,EASIER
5,48.65,85.92,2,2,36.41,3,EASIER
7,37.79,122.9,3,4,28.69,5,EASIER
5,75.3,26.09,2,1,70.04,3,SAME
3,55.17,45.6,5,4,42.78,1,EASIER
7,59.92,99.81,1,2,58.31,5,SAME
6,25.6,62.33,3,5,14.59,4,EASIER
6,33.69,69.77,4,3,27.12,4,EASIER
7,42.76,90.94,2,3,38.16,5,EASIER
3,63.67,14.72,2,3,59.13,1,EASIER
7,63.8,122.54,1,2,65.34,5,SAME
4,77.47,28.7,2,2,75.72,2,SAME
7,60.85,161.44,2,2,51.35,5,SAME
3,100.0,31.48,1,0,97.89,1,HARDER
5,79.36,129.69,2,2,73.81,3,EASIER
6,66.89,73.45,2,2,69.64,4,SAME
3,92.09,17.49,1,2,93.41,1,SAME
3,93.1,13.0,1,0,92.79,1,SAME
7,22.81,300.0,3,5,13.01,5,EASIER
3,92.3,33.57,1,1,92.07,1,HARDER
6,43.34,57.21,4,4,38.77,4,EASIER
7,7.89,281.82,5,6,0.0,5,EASIER
6,36.5,165.99,2,4,22.94,4,EASIER
5,22.34,29.71,5,5,13.36,3,EASIER
5,46.18,39.94,5,4,38.43,3,EASIER
6,55.5,76.55,2,3,48.85,4,EASIER
5,47.73,34.15,4,4,36.52,3,EASIER
5,50.27,55.29,3,3,48.28,3,EASIER
3,76.06,34.32,2,2,72.96,1,SAME
6,57.92,40.15,1,1,54.19,4,SAME
6,48.93,95.5,4,3,40.27,4,EASIER
6,72.62,150.56,1,0,70.39,4,SAME
3,77.23,29.87,2,0,78.03,1,SAME
6,81.97,78.84,1,1,83.87,4,SAME
6,40.45,57.93,4,4,37.96,4,EASIER
3,53.87,36.18,3,3,46.54,1,EASIER
7,63.98,58.97,3,3,67.01,5,EASIER
5,46.91,65.41,2,2,50.85,3,EASIER
5,70.78,58.74,1,1,65.27,3,SAME
6,73.4,147.24,1,1,68.54,4,SAME
5,62.63,43.47,5,3,57.62,3,EASIER
5,61.21,45.33,3,2,61.58,3,SAME
4,70.69,21.2,2,1,73.27,2,SAME
7,62.69,142.14,4,3,59.52,5,EASIER
7,59.11,88.9,3,2,58.33,5,SAME
3,100.0,17.03,1,1,98.84,1,HARDER
6,68.22,55.04,2,2,66.39,4,SAME
3,96.1,31.75,1,0,97.45,1,HARDER
4,72.83,22.63,3,2,67.97,2,SAME
7,33.55,64.44,5,4,34.21,5,EASIER
3,68.63,37.25,1,2,69.0,1,HARDER
4,69.26,35.15,1,1,70.33,2,SAME
4,82.72,59.54,2,1,80.5,2,SAME
6,69.21,68.02,3,2,64.4,4,SAME
5,71.97,57.97,2,1,65.57,3,SAME
5,64.5,62.67,1,2,60.66,3,SAME
7,41.08,238.55,3,3,37.3,5,EASIER
5,62.93,110.7,3,2,56.24,3,SAME
6,43.64,149.37,1,2,39.45,4,EASIER
3,100.0,18.9,1,0,98.88,1,HARDER
4,93.47,23.9,1,0,95.75,2,HARDER
7,18.7,169.55,5,4,14.78,5,EASIER
7,24.05,237.18,5,5,14.12,5,EASIER
6,46.88,150.11,3,4,39.78,4,EASIER
4,98.15,38.23,1,0,96.71,2,HARDER
3,68.97,34.56,3,2,62.87,1,SAME
7,38.32,168.13,2,4,30.77,5,EASIER
6,61.15,88.6,2,2,58.83,4,SAME
4,72.2,41.6,1,1,66.04,2,SAME
5,87.36,60.89,1,1,87.3,3,HARDER
6,40.93,54.43,5,5,30.53,4,EASIER
5,63.88,41.3,1,1,58.14,3,SAME
7,33.87,76.42,4,4,25.89,5,EASIER
3,77.8,12.27,2,2,74.27,1,SAME
4,73.22,40.64,2,1,73.04,2,SAME
3,71.79,24.55,1,1,68.37,1,SAME
6,46.83,121.87,2,2,45.18,4,EASIER
6,38.71,157.95,5,4,33.24,4,EASIER
7,60.4,230.5,2,1,62.4,5,EASIER
5,66.38,117.05,1,2,62.61,3,EASIER
3,83.81,17.85,2,0,82.08,1,SAME
5,88.46,28.55,3,1,94.88,3,SAME
3,91.41,37.83,1,0,94.37,1,SAME
6,34.45,168.25,2,4,26.14,4,EASIER
6,60.79,184.17,2,2,60.76,4,EASIER
7,62.44,145.89,1,3,64.0,5,EASIER
4,71.99,14.87,2,1,70.99,2,SAME
4,42.74,45.12,5,5,35.72,2,EASIER
3,91.24,32.01,2,0,89.08,1,HARDER
5,35.91,107.79,2,4,33.29,3,EASIER
5,60.3,117.7,2,1,60.22,3,EASIER
6,47.88,131.59,3,3,38.65,4,EASIER
6,55.0,60.42,2,2,51.54,4,SAME
3,81.6,15.81,2,1,79.81,1,SAME
4,62.2,48.84,2,2,58.36,2,SAME
5,82.89,39.18,1,1,80.63,3,SAME
4,100.0,76.01,2,0,94.89,2,EASIER
3,79.86,11.71,1,2,83.23,1,SAME
7,50.13,152.54,3,3,44.93,5,EASIER
6,49.4,96.82,4,3,49.52,4,EASIER
5,65.15,52.36,3,3,59.25,3,EASIER
4,78.78,24.6,1,1,72.94,2,SAME
7,42.03,36.41,4,2,39.25,5,EASIER
3,92.27,19.73,1,1,93.62,1,HARDER
5,78.76,44.97,2,1,75.17,3,SAME
7,56.53,205.28,2,2,57.0,5,SAME
7,63.08,73.1,3,3,57.07,5,EASIER
4,61.15,47.01,3,2,54.54,2,SAME
6,71.98,41.88,1,2,69.92,4,SAME
3,80.78,30.96,2,2,81.97,1,SAME
3,92.38,9.24,2,1,97.1,1,HARDER
4,54.66,101.74,2,2,47.45,2,EASIER
7,47.01,103.71,5,4,38.95,5,EASIER
6,66.48,19.17,2,3,60.25,4,EASIER
5,90.19,40.66,1,0,88.8,3,HARDER
4,77.51,25.18,2,1,76.51,2,SAME
3,88.0,18.67,1,1,93.21,1,HARDER
4,62.72,32.02,3,2,66.51,2,SAME
3,78.52,18.62,2,2,83.6,1,SAME
3,60.67,17.38,2,2,60.74,1,SAME
6,61.19,44.89,2,2,57.95,4,SAME
3,83.28,36.04,1,1,78.17,1,SAME
3,75.57,42.67,3,1,68.08,1,SAME
5,62.24,51.13,2,2,62.2,3,SAME
4,80.82,37.69,2,1,79.61,2,SAME
5,61.49,33.21,3,1,65.61,3,SAME
3,69.79,25.8,1,2,66.12,1,SAME
4,77.13,42.34,2,1,79.88,2,SAME
5,86.0,52.03,1,1,87.92,3,HARDER
6,50.31,100.75,5,4,36.62,4,EASIER
5,59.38,67.58,2,3,55.74,3,EASIER
5,60.37,34.42,1,2,56.99,3,SAME
5,71.22,104.69,3,2,64.19,3,SAME
4,74.5,34.47,3,2,77.69,2,SAME
4,69.65,83.52,1,2,68.34,2,EASIER
5,66.7,71.42,1,1,71.3,3,SAME
3,87.47,60.1,1,0,88.28,1,EASIER
6,59.88,151.09,3,3,56.29,4,EASIER
6,65.44,92.28,1,1,65.02,4,SAME
4,60.54,27.05,2,1,59.62,2,SAME
4,55.98,27.33,2,1,57.66,2,SAME
4,60.09,48.82,3,3,56.26,2,EASIER
6,39.26,88.34,4,4,28.64,4,EASIER
6,57.65,60.37,1,2,60.49,4,SAME
3,97.59,36.22,2,0,94.9,1,SAME
5,52.62,59.12,2,2,48.63,3,EASIER
3,80.89,36.32,1,1,79.15,1,SAME
5,100.0,35.79,1,0,95.0,3,HARDER
4,66.31,60.78,2,2,62.7,2,SAME
4,68.98,48.09,3,1,65.62,2,SAME
5,88.76,104.92,1,1,88.56,3,SAME
4,80.9,60.16,1,1,82.67,2,SAME
4,81.22,36.51,2,2,73.64,2,SAME
6,34.61,75.24,5,4,26.68,4,EASIER
7,24.69,295.97,3,5,16.27,5,EASIER
3,72.27,21.97,1,1,77.0,1,SAME
4,66.33,54.02,3,3,60.67,2,EASIER
7,53.13,90.98,3,3,41.3,5,EASIER
5,91.29,23.08,2,1,89.98,3,HARDER
4,78.04,21.34,1,2,77.49,2,SAME
5,89.1,70.91,1,1,84.87,3,HARDER
3,99.54,34.15,1,0,96.45,1,SAME
3,74.46,29.99,2,2,70.49,1,SAME
6,50.97,148.8,3,2,48.77,4,EASIER
5,48.46,70.39,5,3,42.43,3,EASIER
6,47.75,54.79,2,3,46.68,4,EASIER
4,73.25,50.24,2,2,69.51,2,SAME
7,38.86,122.85,3,3,37.48,5,EASIER
5,74.45,43.62,1,2,69.12,3,SAME
6,66.37,104.84,1,2,66.86,4,SAME
3,82.35,25.9,2,1,77.42,1,SAME
3,83.35,19.1,1,1,83.47,1,SAME
6,30.32,74.76,5,4,23.75,4,EASIER
7,12.12,241.99,4,5,0.0,5,EASIER
7,63.16,237.72,1,2,61.83,5,EASIER
4,83.93,41.51,1,1,84.37,2,SAME
3,94.17,25.65,2,0,93.56,1,HARDER
7,47.25,51.29,3,4,43.79,5,EASIER
6,46.27,200.49,3,3,44.52,4,EASIER
4,79.04,61.85,1,1,76.74,2,SAME
6,41.76,121.24,4,4,34.88,4,EASIER
7,51.56,32.42,3,3,50.75,5,EASIER
4,73.55,38.74,2,1,69.82,2,SAME
6,52.53,76.75,5,4,53.78,4,EASIER
6,61.41,116.95,4,3,55.24,4,EASIER
5,77.28,46.39,3,2,79.19,3,SAME
6,65.95,72.69,4,2,61.27,4,EASIER
4,42.34,50.84,5,3,34.83,2,EASIER
7,55.2,73.47,4,4,51.59,5,EASIER
7,42.96,81.91,4,3,37.24,5,EASIER
7,63.11,124.44,1,1,54.28,5,SAME
6,34.48,164.47,4,4,31.44,4,EASIER
3,70.98,35.82,3,1,71.23,1,SAME
4,50.74,62.99,2,4,39.51,2,EASIER
5,75.97,59.85,2,1,70.79,3,SAME
7,35.47,252.98,3,4,29.11,5,EASIER
5,64.29,24.5,2,2,60.0,3,SAME
5,83.7,157.82,1,0,86.96,3,EASIER
3,79.9,65.13,2,1,80.02,1,EASIER
6,51.08,103.98,2,3,45.41,4,EASIER
4,75.35,56.19,2,1,70.56,2,SAME
3,94.84,24.58,3,1,89.14,1,SAME
7,61.56,99.91,1,2,61.21,5,SAME
3,77.88,19.05,4,2,71.49,1,EASIER
3,82.06,24.46,1,1,79.91,1,SAME
3,73.88,32.02,4,2,70.72,1,EASIER
5,78.19,71.4,1,1,72.56,3,SAME
3,87.17,60.52,1,0,88.04,1,EASIER
7,43.12,118.29,3,3,41.42,5,EASIER
5,66.89,27.76,2,2,63.77,3,SAME
4,52.71,82.3,2,2,45.79,2,EASIER
3,72.24,14.52,1,1,73.05,1,SAME
5,52.87,43.97,2,3,46.33,3,EASIER
3,58.96,28.21,3,2,53.21,1,SAME
7,50.58,140.59,2,4,51.06,5,EASIER
4,78.44,19.26,1,0,73.05,2,SAME
5,51.38,40.08,3,4,41.79,3,EASIER
3,100.0,12.93,1,1,99.57,1,HARDER
3,86.35,32.97,1,0,85.89,1,HARDER
4,84.49,66.27,2,1,83.65,2,SAME
3,73.72,14.51,1,0,74.32,1,SAME
6,63.12,137.62,2,2,59.68,4,SAME
7,67.86,186.0,1,1,69.58,5,SAME
7,60.33,78.2,2,1,61.35,5,SAME
4,79.04,14.97,1,1,76.92,2,SAME
6,66.81,46.98,1,1,64.6,4,EASIER
5,66.67,43.2,3,2,64.62,3,SAME
3,74.6,49.65,3,1,72.57,1,SAME
3,100.0,23.72,1,0,100.0,1,HARDER
5,59.59,35.24,2,2,59.49,3,SAME
5,80.17,62.4,2,2,78.82,3,SAME
3,93.19,14.05,1,2,94.35,1,SAME
7,62.23,148.24,1,2,60.89,5,SAME
6,53.95,49.32,3,2,51.4,4,EASIER
5,88.62,38.41,1,0,88.61,3,HARDER
7,23.16,137.43,5,5,16.29,5,EASIER
7,15.0,290.72,4,6,10.66,5,EASIER
7,27.18,300.0,4,5,20.65,5,EASIER
4,62.36,23.31,3,1,56.98,2,SAME
7,66.17,80.91,1,2,61.18,5,SAME
5,89.47,74.86,2,0,92.44,3,HARDER
6,65.31,150.58,1,1,61.65,4,SAME
7,51.13,34.43,3,3,47.35,5,EASIER
3,100.0,25.99,1,0,100.0,1,HARDER
5,81.16,45.57,1,1,80.28,3,SAME
3,94.59,10.62,2,2,91.28,1,SAME
4,80.96,20.27,1,2,75.22,2,SAME
5,76.31,43.79,1,1,76.91,3,SAME
7,27.28,115.65,5,4,18.23,5,EASIER
7,61.37,194.01,1,1,61.27,5,SAME
4,88.66,44.89,1,1,81.13,2,HARDER
4,90.07,59.32,1,1,86.25,2,SAME
5,74.58,58.77,2,2,71.77,3,SAME
7,40.38,76.27,4,3,35.57,5,EASIER
7,40.98,101.33,5,4,37.2,5,EASIER
4,91.97,52.69,2,1,84.89,2,SAME
3,90.19,39.58,1,0,87.85,1,SAME
6,34.33,75.93,4,4,25.2,4,EASIER
4,66.1,24.55,2,2,66.25,2,SAME
3,78.29,29.03,3,2,72.64,1,SAME
3,80.01,30.93,1,1,77.92,1,SAME
5,60.56,106.77,2,2,58.13,3,SAME
4,78.16,27.62,1,1,74.89,2,SAME
5,74.35,41.67,2,1,74.4,3,SAME
4,86.14,54.22,3,1,82.81,2,SAME
6,39.6,66.34,3,4,28.2,4,EASIER
6,60.25,64.9,4,3,52.81,4,EASIER
5,83.78,107.9,1,2,75.22,3,SAME
3,92.93,13.58,1,0,93.36,1,HARDER
5,38.51,160.5,5,4,32.12,3,EASIER
6,78.37,59.63,1,1,76.03,4,SAME
4,83.09,57.11,1,0,84.63,2,SAME
4,82.22,36.11,1,1,82.46,2,SAME
5,42.43,66.34,3,2,36.42,3,EASIER
4,82.05,33.58,2,1,81.49,2,SAME
5,89.89,88.63,1,0,86.67,3,SAME
4,61.64,32.28,2,2,53.79,2,SAME
4,67.26,29.03,2,2,67.77,2,SAME
6,40.54,210.54,3,3,35.63,4,EASIER
5,73.85,58.85,1,1,73.85,3,SAME
5,69.1,41.51,1,1,63.95,3,SAME
6,76.93,37.78,2,1,76.48,4,SAME
4,100.0,91.32,1,0,99.27,2,EASIER
3,92.41,19.56,1,0,92.21,1,HARDER
7,12.63,300.0,5,4,11.5,5,EASIER
3,77.35,29.86,3,3,67.21,1,EASIER
5,64.29,62.25,1,2,62.94,3,SAME
4,74.39,41.16,2,1,76.38,2,SAME
4,84.4,107.67,1,0,85.89,2,EASIER
3,97.16,9.42,1,0,100.0,1,HARDER
7,53.98,125.88,3,3,47.09,5,EASIER
5,64.8,50.86,2,2,61.7,3,SAME
4,85.4,34.38,1,1,86.43,2,HARDER
6,65.56,88.62,1,2,60.77,4,SAME
3,92.62,22.21,2,1,86.72,1,HARDER
5,74.09,63.66,2,1,79.64,3,SAME
5,95.2,57.33,1,1,95.69,3,HARDER
5,80.57,30.27,1,2,79.81,3,SAME
3,80.19,29.62,1,2,77.28,1,SAME
7,38.38,165.46,2,3,35.68,5,EASIER
4,85.72,29.45,1,1,82.77,2,HARDER
6,19.57,216.59,3,4,13.91,4,EASIER
6,44.92,164.22,3,2,42.48,4,EASIER
4,69.06,56.5,2,2,67.27,2,SAME
3,80.24,36.2,1,1,77.55,1,SAME
4,78.45,38.54,2,1,76.1,2,SAME
7,22.83,208.63,4,4,18.86,5,EASIER
7,26.44,263.63,2,4,21.42,5,EASIER
7,56.37,173.97,2,2,56.02,5,SAME
4,65.9,29.07,3,2,59.36,2,HARDER
6,59.62,80.33,3,2,58.57,4,SAME
3,91.27,32.27,1,0,88.37,1,HARDER
6,58.18,126.77,3,2,59.48,4,SAME
5,79.28,55.82,1,1,77.98,3,SAME
6,76.33,61.07,1,1,74.7,4,SAME
6,66.18,186.89,3,1,65.27,4,EASIER
7,52.58,62.43,3,3,49.22,5,EASIER
5,76.09,36.4,2,1,77.36,3,SAME
4,85.16,20.37,1,0,88.84,2,HARDER
5,28.12,36.36,5,5,15.49,3,EASIER
3,79.97,43.55,2,1,77.79,1,SAME
3,100.0,44.21,1,0,98.59,1,SAME
5,82.3,55.91,1,1,78.71,3,SAME
7,40.86,146.79,3,4,31.05,5,EASIER
5,81.05,57.7,1,1,79.7,3,SAME
6,50.74,44.12,2,4,41.03,4,EASIER
3,66.2,67.08,5,3,64.57,1,EASIER
5,53.1,114.54,3,2,47.9,3,EASIER
6,42.53,98.59,5,4,37.73,4,EASIER
4,72.78,25.41,1,1,68.94,2,SAME
3,92.35,22.62,1,0,89.86,1,HARDER
3,42.56,18.37,4,4,35.39,1,EASIER
7,29.74,118.12,5,5,19.35,5,EASIER
6,53.41,96.34,2,2,53.68,4,EASIER
4,75.95,32.37,1,2,73.89,2,SAME
4,39.13,19.18,2,3,36.88,2,EASIER
3,79.22,64.56,1,2,75.2,1,EASIER
7,36.59,127.48,5,5,32.28,5,EASIER
3,72.67,30.63,2,2,71.36,1,SAME
6,75.04,65.83,1,1,70.92,4,SAME
4,93.83,18.24,1,0,94.25,2,HARDER
4,87.17,36.54,1,1,87.92,2,HARDER
4,81.16,32.64,2,2,76.76,2,SAME
7,61.64,164.88,1,3,59.29,5,EASIER
3,94.93,37.42,1,0,90.62,1,SAME
4,75.2,54.44,1,1,73.3,2,SAME
4,65.67,60.47,2,2,61.45,2,SAME
4,63.7,88.7,2,2,65.06,2,EASIER
3,96.92,29.74,1,0,94.21,1,HARDER
7,46.25,203.89,1,2,43.51,5,EASIER
4,79.84,47.93,1,0,84.03,2,SAME
5,44.16,22.64,5,5,37.44,3,EASIER
4,85.8,35.34,1,1,81.79,2,HARDER
7,62.73,69.8,2,2,61.99,5,SAME
4,90.38,42.37,1,1,94.49,2,HARDER
4,64.19,26.2,1,2,61.45,2,SAME
4,79.66,50.51,2,1,83.1,2,SAME
4,81.57,60.26,1,1,81.81,2,SAME
3,62.35,42.71,5,3,63.79,1,EASIER
6,43.48,190.33,3,3,40.68,4,EASIER
3,81.05,11.86,1,1,86.04,1,SAME
4,94.49,21.63,1,1,91.85,2,HARDER
4,72.61,150.45,1,2,70.18,2,EASIER
4,95.43,61.07,1,0,92.55,2,SAME
6,47.68,92.15,4,4,44.08,4,EASIER
5,48.71,58.93,5,3,44.94,3,EASIER
7,55.23,108.58,1,2,54.38,5,SAME
4,55.68,15.31,5,3,52.89,2,EASIER
7,59.03,73.52,3,3,56.07,5,EASIER
3,81.46,23.79,2,1,82.61,1,SAME
5,51.18,40.69,5,5,46.71,3,EASIER
6,59.8,60.49,5,4,55.16,4,EASIER
5,44.9,205.82,2,2,42.83,3,EASIER
7,38.66,97.65,3,4,30.31,5,EASIER
4,79.86,43.31,2,1,81.67,2,SAME
3,70.9,27.85,1,1,66.92,1,SAME
6,66.26,111.41,2,2,62.75,4,SAME
3,74.18,20.22,2,1,72.95,1,SAME
6,59.03,156.83,1,2,52.17,4,SAME
6,70.6,103.27,2,2,63.95,4,SAME
7,42.16,55.53,2,2,37.02,5,EASIER
5,48.06,54.99,2,2,46.63,3,EASIER
7,39.68,101.97,1,3,36.28,5,EASIER
3,79.1,22.69,3,2,74.48,1,SAME
5,70.89,74.63,3,2,72.03,3,SAME
3,77.51,33.16,1,1,74.94,1,SAME
6,72.64,107.27,2,2,74.33,4,SAME
6,67.96,97.8,1,2,64.18,4,SAME
7,62.93,117.35,1,2,57.98,5,SAME
6,73.08,26.79,2,2,78.09,4,SAME
4,62.95,54.77,1,2,53.88,2,SAME
3,96.51,31.07,1,0,97.52,1,HARDER
7,35.58,65.48,2,3,28.87,5,EASIER
5,58.25,66.64,1,2,51.64,3,SAME
3,52.01,33.36,4,3,47.43,1,EASIER
7,33.17,212.05,5,4,32.0,5,EASIER
7,66.94,147.91,1,2,65.69,5,SAME
5,78.36,68.01,2,2,70.64,3,SAME
6,64.8,134.16,1,2,58.32,4,SAME
3,78.23,21.81,2,2,73.64,1,SAME
3,87.44,30.03,2,0,84.62,1,HARDER
4,74.69,28.38,2,2,75.9,2,SAME
6,52.43,146.07,3,3,49.65,4,EASIER
3,74.45,12.21,3,2,70.08,1,SAME
3,87.76,35.96,1,0,87.62,1,SAME
6,77.55,82.76,3,1,73.29,4,SAME
6,74.91,135.47,1,0,73.38,4,SAME
6,74.52,54.64,1,1,69.44,4,SAME
6,50.72,85.93,3,5,43.55,4,EASIER
7,55.62,115.76,2,3,49.95,5,SAME
6,78.39,102.75,1,1,76.94,4,SAME
5,78.26,34.53,1,1,80.0,3,SAME
7,26.13,158.42,5,6,16.7,5,EASIER
4,64.92,15.96,1,2,54.68,2,SAME
3,85.21,18.57,1,0,90.51,1,HARDER
6,76.79,36.38,1,2,74.51,4,SAME
4,46.95,56.08,4,3,38.78,2,EASIER
7,76.19,139.29,1,1,74.25,5,SAME
5,70.8,72.69,2,2,70.59,3,SAME
7,59.64,249.98,2,2,55.65,5,EASIER
3,81.38,21.72,2,2,78.2,1,SAME
6,14.59,112.58,5,5,6.57,4,EASIER
5,71.71,59.93,1,1,75.14,3,SAME
5,68.87,55.58,1,1,74.72,3,SAME
4,71.15,70.22,1,3,69.55,2,EASIER
7,45.37,300.0,2,4,44.5,5,EASIER
4,59.13,31.03,3,3,50.21,2,EASIER
7,34.09,176.42,2,4,27.01,5,EASIER
5,47.31,67.93,4,4,38.81,3,EASIER
3,97.87,28.97,1,1,98.45,1,HARDER
7,57.8,128.15,1,2,58.44,5,SAME
3,72.02,21.56,2,2,68.43,1,SAME
4,71.48,8.0,2,2,67.67,2,SAME
7,62.21,258.52,1,2,59.53,5,EASIER
7,39.24,76.7,5,4,31.03,5,EASIER
7,67.76,98.18,1,1,61.27,5,SAME
5,60.08,52.01,4,3,58.54,3,EASIER
6,50.7,54.55,1,3,44.7,4,EASIER
4,81.15,42.54,1,1,78.91,2,SAME
6,58.92,80.13,4,3,56.48,4,EASIER
5,51.77,40.68,1,2,45.6,3,EASIER
3,67.3,26.72,1,1,71.41,1,SAME
5,49.95,57.06,3,2,48.43,3,EASIER
5,64.87,91.81,1,1,61.3,3,SAME
4,76.23,20.24,2,2,76.67,2,SAME
4,61.52,26.02,2,2,63.42,2,SAME
5,79.31,83.05,1,1,72.5,3,SAME
3,100.0,18.81,1,0,90.21,1,HARDER
3,82.5,16.72,1,1,80.4,1,SAME
6,46.28,60.33,2,3,41.86,4,SAME
4,78.06,36.24,1,1,77.36,2,SAME
6,60.76,77.96,3,3,60.85,4,EASIER
5,70.46,52.27,2,1,69.86,3,SAME
5,83.9,34.86,1,1,81.75,3,SAME
5,56.57,85.04,3,2,56.25,3,SAME
5,68.09,111.82,2,2,69.55,3,SAME
7,62.02,39.54,5,3,52.35,5,EASIER
7,43.4,48.03,3,4,41.18,5,EASIER
4,59.85,60.88,4,3,54.4,2,EASIER
6,44.48,185.49,4,4,41.82,4,EASIER
7,82.28,35.1,2,2,76.82,5,SAME
3,97.35,35.94,1,1,93.24,1,SAME
6,61.15,192.18,1,2,60.52,4,EASIER
5,63.74,37.85,2,2,64.23,3,SAME
7,57.39,264.92,2,3,57.34,5,EASIER
5,67.86,53.11,2,2,60.36,3,SAME
7,76.91,132.95,1,2,75.11,5,SAME
3,71.92,18.15,3,2,71.54,1,SAME
3,81.12,39.03,1,2,73.49,1,SAME
7,19.63,176.49,4,5,7.32,5,EASIER
5,47.2,136.21,5,3,43.6,3,EASIER
5,51.05,118.34,1,2,48.66,3,EASIER
3,100.0,24.9,1,0,100.0,1,HARDER
4,49.93,163.78,2,2,45.63,2,EASIER
7,4.01,233.85,5,6,0.0,5,EASIER
4,67.42,48.99,3,3,68.57,2,EASIER
5,79.31,35.4,2,1,76.67,3,SAME
4,53.5,18.51,5,4,48.13,2,EASIER
4,91.21,19.27,1,1,86.48,2,HARDER
3,92.32,16.5,1,0,95.42,1,HARDER
7,45.31,237.25,3,4,39.36,5,EASIER
7,55.42,146.05,4,3,52.67,5,EASIER
3,81.05,19.03,1,0,85.55,1,SAME
4,77.51,35.65,2,1,75.94,2,SAME
5,54.34,51.05,1,3,57.48,3,EASIER
4,96.48,55.35,1,0,100.0,2,SAME
6,37.07,51.92,5,4,30.97,4,EASIER
4,75.89,44.79,2,2,70.98,2,SAME
3,84.97,28.57,1,1,80.46,1,SAME
4,68.35,25.5,2,2,63.51,2,SAME
5,71.58,127.29,2,2,64.21,3,EASIER
3,95.07,21.92,1,0,98.03,1,HARDER
7,41.73,65.2,3,3,39.36,5,EASIER
3,85.97,36.54,4,2,83.27,1,EASIER
3,98.18,25.61,1,0,100.0,1,HARDER
5,92.51,71.0,1,0,92.34,3,HARDER
5,41.29,32.27,3,3,35.6,3,EASIER
4,74.5,55.67,1,1,75.31,2,SAME
4,88.13,105.49,1,2,83.73,2,EASIER
3,75.38,14.25,1,1,77.33,1,SAME
6,34.98,98.58,5,3,31.03,4,EASIER
4,71.55,26.27,1,1,76.76,2,SAME
3,88.65,82.74,1,0,89.72,1,EASIER
4,69.73,68.05,2,2,63.99,2,SAME
7,42.29,130.61,2,3,38.48,5,EASIER
4,100.0,21.34,1,0,100.0,2,HARDER
7,55.1,65.44,3,4,48.83,5,EASIER
4,81.59,53.96,2,1,82.6,2,SAME
3,91.14,13.63,1,1,93.49,1,HARDER
4,92.38,20.33,1,0,93.05,2,HARDER
4,89.07,38.16,1,0,91.91,2,HARDER
3,68.86,26.53,1,2,66.33,1,SAME
5,82.56,70.0,3,1,79.13,3,EASIER
4,95.71,30.91,2,2,87.17,2,SAME
6,53.41,132.32,2,3,53.98,4,EASIER
5,51.17,37.86,2,3,51.68,3,EASIER
5,62.84,79.09,1,1,58.64,3,SAME
5,43.37,64.49,4,4,32.39,3,EASIER
3,85.2,32.66,2,0,84.42,1,SAME
6,59.47,151.62,1,2,56.18,4,SAME
3,82.85,20.41,1,2,76.4,1,SAME
6,76.47,58.15,1,0,75.36,4,SAME
7,61.38,44.63,1,1,64.07,5,SAME
6,73.16,28.7,2,1,72.02,4,SAME
5,76.08,53.16,1,2,70.87,3,SAME
4,95.33,36.13,2,1,95.34,2,HARDER
7,73.38,61.97,3,2,69.41,5,SAME
4,86.36,25.23,1,1,82.04,2,HARDER
5,68.04,123.29,1,2,60.25,3,EASIER
6,65.26,129.3,1,1,65.68,4,SAME
7,60.42,56.31,3,2,53.37,5,SAME
7,58.36,88.01,3,2,56.36,5,SAME
3,68.41,29.95,1,1,73.19,1,SAME
7,68.88,79.61,1,1,69.94,5,SAME
3,71.49,17.44,3,2,69.03,1,SAME
5,72.81,49.06,2,2,74.13,3,SAME
7,48.46,202.94,2,3,47.69,5,EASIER
6,52.81,151.57,2,3,53.78,4,EASIER
7,44.42,75.01,1,3,38.16,5,EASIER
4,58.57,47.18,2,1,54.27,2,SAME
4,73.69,37.89,2,1,67.8,2,SAME
4,82.26,23.66,1,1,83.52,2,SAME
4,83.05,33.05,1,1,84.98,2,SAME
6,65.65,42.49,2,3,53.81,4,EASIER
5,64.12,103.15,1,2,64.61,3,SAME
6,18.24,183.83,5,5,12.05,4,EASIER
5,80.63,47.33,2,2,75.49,3,SAME
4,75.93,28.01,3,3,74.6,2,EASIER
3,80.86,39.97,1,1,80.42,1,SAME
5,75.53,105.89,2,2,74.41,3,SAME
7,44.73,61.02,2,3,37.33,5,EASIER
7,37.27,103.32,5,3,29.93,5,EASIER
4,79.41,36.96,2,1,77.88,2,SAME
5,62.82,39.6,2,1,60.61,3,SAME
6,73.8,100.23,1,1,71.63,4,SAME
6,48.54,56.98,2,2,49.77,4,EASIER
3,89.53,19.66,1,0,90.8,1,HARDER
5,76.56,55.16,1,1,73.08,3,SAME
3,70.68,12.89,2,1,69.51,1,SAME
3,96.83,10.01,1,0,100.0,1,HARDER
6,71.21,132.19,2,2,66.22,4,SAME
3,89.19,17.98,1,0,85.26,1,HARDER
4,72.51,103.65,2,2,69.0,2,EASIER
5,66.11,153.93,1,2,61.21,3,EASIER
6,61.83,63.01,2,2,59.76,4,SAME
5,40.09,184.62,4,3,35.46,3,EASIER
3,88.89,37.94,1,1,88.81,1,SAME
6,45.98,58.62,4,4,38.93,4,SAME
7,52.79,27.42,5,4,45.19,5,EASIER
7,49.21,162.97,2,2,46.07,5,EASIER
6,59.14,83.35,1,1,53.8,4,SAME
5,42.57,71.81,3,3,40.7,3,EASIER
7,45.75,98.87,5,4,48.4,5,EASIER
5,92.54,32.93,1,0,91.77,3,HARDER
3,62.77,20.67,3,2,64.25,1,SAME
7,65.17,164.62,1,1,67.45,5,SAME
4,89.47,32.17,1,1,89.17,2,HARDER
7,34.8,92.03,5,5,22.88,5,EASIER
4,71.36,18.61,1,2,64.26,2,SAME
7,46.75,117.71,4,4,37.12,5,EASIER
5,91.14,33.45,1,0,86.69,3,HARDER
5,89.44,91.39,1,1,84.75,3,EASIER
4,68.37,26.91,4,3,59.74,2,EASIER
7,72.24,95.33,1,1,69.8,5,SAME
3,59.47,65.49,2,1,62.85,1,EASIER
5,62.35,49.83,4,3,54.21,3,EASIER
4,76.51,30.89,3,3,70.59,2,EASIER
5,43.57,77.5,5,4,36.64,3,EASIER
4,63.71,16.42,4,3,57.37,2,EASIER
6,57.92,157.14,1,1,55.28,4,SAME
4,57.86,60.63,2,3,55.44,2,EASIER
3,95.99,31.57,1,1,92.44,1,HARDER
3,100.0,8.0,2,1,96.16,1,HARDER
6,46.18,71.65,3,2,44.18,4,EASIER
4,84.62,20.89,1,0,86.32,2,SAME
4,53.08,64.45,3,2,50.87,2,EASIER
6,60.53,141.75,2,3,54.08,4,EASIER
4,69.19,45.6,2,2,61.72,2,SAME
4,82.27,21.59,1,1,76.24,2,SAME
4,91.65,76.7,1,1,87.25,2,EASIER
4,80.08,33.59,2,1,80.07,2,SAME
6,51.34,209.67,2,2,50.18,4,EASIER
5,44.98,66.14,4,3,41.06,3,EASIER
7,46.67,147.63,4,3,41.2,5,EASIER
6,36.64,64.54,4,4,28.32,4,EASIER
3,95.78,46.76,2,0,92.72,1,SAME
4,63.14,50.58,4,2,59.63,2,EASIER
4,69.65,74.87,1,1,68.4,2,SAME
5,52.89,63.33,2,2,50.22,3,EASIER
4,80.35,37.17,1,0,78.86,2,HARDER
7,41.6,154.91,3,4,34.76,5,EASIER
4,72.05,74.86,3,3,68.03,2,EASIER
5,48.66,95.94,3,4,42.87,3,EASIER
3,98.52,26.59,1,0,97.32,1,HARDER
7,14.13,40.7,4,5,6.59,5,EASIER
7,58.92,174.19,1,2,61.26,5,SAME
6,34.03,38.81,5,4,23.74,4,EASIER
4,84.96,38.63,1,1,86.04,2,SAME
3,100.0,23.74,1,0,100.0,1,HARDER
6,79.95,39.23,1,1,77.63,4,SAME
5,51.73,69.74,5,4,45.55,3,EASIER
7,55.57,300.0,2,2,48.37,5,EASIER
6,78.06,69.7,2,1,72.72,4,SAME
5,91.75,84.74,1,0,91.48,3,EASIER
7,41.27,300.0,1,2,43.94,5,EASIER
7,65.82,179.22,1,2,60.2,5,SAME
5,85.43,42.15,1,1,83.53,3,HARDER
3,89.87,27.78,1,1,91.06,1,HARDER
3,100.0,30.96,1,0,96.64,1,HARDER
5,65.6,117.94,2,2,60.88,3,EASIER
5,49.79,105.78,2,4,43.5,3,EASIER
3,100.0,8.0,1,0,99.1,1,HARDER
3,69.27,17.08,3,2,68.64,1,SAME
6,50.69,79.07,1,2,52.26,4,EASIER
6,98.09,48.36,2,1,93.55,4,HARDER
3,78.1,8.0,1,1,75.73,1,SAME
5,63.03,40.5,4,4,59.97,3,EASIER
3,64.35,24.96,3,3,66.36,1,EASIER
6,65.34,62.4,1,2,65.35,4,SAME
7,55.31,65.05,1,3,50.92,5,EASIER
7,51.84,114.56,1,1,52.99,5,EASIER
5,85.68,68.74,1,1,83.66,3,HARDER
6,94.98,64.27,1,1,96.73,4,HARDER
7,53.1,236.54,1,0,52.83,5,EASIER
6,50.27,84.5,1,3,44.66,4,EASIER
5,65.5,37.68,1,2,63.86,3,SAME
6,53.81,45.69,2,2,49.32,4,EASIER
5,78.11,52.2,1,1,80.19,3,SAME
7,43.94,205.47,2,3,43.34,5,EASIER
5,79.27,38.58,4,3,75.71,3,EASIER
7,51.49,154.97,2,3,48.82,5,EASIER
3,98.79,26.07,1,0,99.74,1,HARDER
3,71.26,60.7,3,1,65.86,1,EASIER
3,89.17,29.74,1,0,91.69,1,HARDER
5,73.05,41.05,1,0,67.91,3,SAME
6,52.88,120.26,3,3,52.0,4,EASIER
4,77.21,54.57,1,1,75.1,2,SAME
3,90.41,20.95,1,0,87.42,1,HARDER
7,35.88,59.39,4,4,30.02,5,EASIER
6,85.84,108.36,2,1,87.15,4,HARDER
6,53.1,84.75,4,3,52.1,4,EASIER
5,83.37,27.38,1,1,85.22,3,SAME
5,74.51,65.79,1,1,70.77,3,SAME
3,73.77,18.83,1,0,70.86,1,SAME
3,75.16,12.74,1,2,71.27,1,SAME
7,40.08,92.44,4,4,33.75,5,EASIER
4,72.2,69.45,2,1,70.63,2,SAME
6,68.56,153.69,1,2,61.37,4,SAME
6,39.87,134.16,5,5,32.4,4,EASIER
4,78.41,43.13,1,2,77.35,2,SAME
4,84.17,50.28,5,3,78.3,2,EASIER
6,73.48,86.32,1,1,72.1,4,SAME
3,78.14,15.29,2,2,78.47,1,SAME
5,65.87,37.05,2,2,58.93,3,SAME
7,56.93,80.45,3,3,53.6,5,EASIER
6,39.5,169.94,4,3,29.54,4,EASIER
6,61.56,143.54,3,2,54.87,4,SAME
3,89.05,15.46,1,0,94.14,1,HARDER
3,71.71,25.6,3,2,66.51,1,SAME
4,68.18,31.45,1,1,67.29,2,SAME
4,88.43,35.33,2,1,82.5,2,HARDER
3,71.05,19.69,2,2,67.18,1,SAME
7,53.94,240.95,2,3,50.65,5,EASIER
3,83.43,24.79,1,1,84.05,1,SAME
6,78.68,91.75,1,1,78.85,4,SAME
5,90.57,64.81,1,0,89.99,3,HARDER
6,47.71,48.05,3,3,45.67,4,EASIER
4,67.6,39.99,2,2,65.3,2,SAME
4,100.0,62.61,1,0,95.08,2,SAME
6,60.5,176.36,2,2,56.78,4,EASIER
4,91.95,22.16,1,0,88.88,2,HARDER
6,27.12,37.23,5,4,17.92,4,EASIER
3,71.75,25.7,2,2,68.71,1,SAME
3,91.05,40.95,1,2,85.16,1,SAME
6,64.48,98.86,1,1,64.56,4,SAME
6,35.16,116.8,4,4,31.1,4,EASIER
3,93.07,13.65,1,0,85.51,1,HARDER
7,37.21,82.0,2,3,35.73,5,EASIER
3,93.34,9.41,1,0,93.24,1,HARDER
7,46.09,103.63,2,2,44.46,5,EASIER
6,49.79,26.61,5,4,46.69,4,EASIER
7,26.55,231.55,5,6,13.95,5,EASIER
7,56.86,261.35,1,2,53.94,5,EASIER
4,91.53,40.6,2,1,91.92,2,HARDER
6,41.66,37.34,4,4,35.99,4,EASIER
4,72.65,45.34,1,1,76.01,2,SAME
5,62.21,145.58,4,3,55.21,3,EASIER
4,100.0,47.52,1,1,98.58,2,HARDER
5,87.39,104.27,1,0,87.31,3,SAME
7,9.36,85.98,5,5,6.96,5,EASIER
5,69.62,37.68,3,3,66.46,3,EASIER
3,79.72,24.22,1,1,78.3,1,SAME
4,86.85,15.36,2,1,91.8,2,HARDER
6,38.49,266.15,3,4,35.06,4,EASIER
5,58.97,62.15,3,2,54.39,3,SAME
5,70.19,89.08,1,2,66.97,3,SAME
5,63.4,46.15,2,3,61.51,3,SAME
4,55.93,18.4,3,3,49.01,2,EASIER
5,54.03,117.47,3,3,52.17,3,EASIER
6,71.44,45.7,1,1,73.8,4,SAME
7,49.57,135.45,5,4,45.4,5,EASIER
6,73.93,103.25,1,1,70.79,4,SAME
7,38.44,116.61,4,5,30.03,5,EASIER
7,52.0,73.03,2,3,49.55,5,EASIER
3,36.15,23.39,4,4,31.47,1,EASIER
4,65.69,24.31,3,3,68.55,2,EASIER
4,70.07,55.58,3,3,63.29,2,EASIER
3,82.69,32.24,1,1,83.19,1,SAME
3,77.21,24.76,2,2,73.53,1,EASIER
6,35.7,61.02,2,4,22.72,4,EASIER
4,63.56,102.31,1,2,64.51,2,EASIER
3,63.9,14.01,3,2,60.27,1,SAME
4,69.05,18.39,2,2,70.1,2,SAME
4,43.56,36.56,2,3,41.66,2,EASIER
3,87.91,22.29,1,1,88.96,1,HARDER
3,87.75,40.74,1,1,85.31,1,SAME
6,71.9,114.74,1,1,68.89,4,SAME
7,58.13,113.82,1,2,61.66,5,SAME
5,56.77,74.3,5,3,53.55,3,EASIER
6,73.76,105.37,3,3,75.68,4,EASIER
7,32.48,300.0,1,3,28.23,5,EASIER
7,40.95,128.58,2,3,38.0,5,EASIER
3,93.69,18.46,1,0,95.75,1,SAME
7,68.42,124.8,1,2,69.11,5,SAME
3,69.59,8.0,2,2,60.02,1,SAME
3,100.0,24.64,1,0,98.98,1,HARDER
5,63.3,99.63,1,1,63.76,3,SAME
6,64.89,112.15,1,1,68.24,4,SAME
3,90.06,28.55,2,1,91.57,1,HARDER
4,98.7,51.56,1,0,97.74,2,SAME
4,70.98,63.82,1,1,71.09,2,SAME
4,68.25,74.25,4,1,75.16,2,EASIER
7,45.32,142.93,3,2,43.32,5,EASIER
4,67.86,32.75,1,2,64.49,2,SAME
4,63.26,12.81,3,2,62.9,2,SAME
3,75.66,38.64,1,1,73.96,1,SAME
3,89.99,31.44,2,1,89.64,1,HARDER
3,74.19,26.76,1,1,74.55,1,SAME
5,81.79,41.26,1,1,78.9,3,SAME
5,73.98,93.52,1,1,71.12,3,SAME
5,73.64,51.07,2,2,76.71,3,SAME
7,55.93,109.92,2,2,49.97,5,EASIER
5,60.29,56.41,2,1,56.11,3,SAME
3,93.7,30.54,1,0,94.37,1,SAME
4,85.35,22.15,1,1,81.41,2,HARDER
4,77.34,49.5,1,2,76.43,2,SAME
7,91.12,75.61,1,0,92.27,5,HARDER
4,63.93,27.53,2,0,66.49,2,SAME
3,80.54,37.07,3,2,81.34,1,SAME
6,48.46,48.88,5,3,45.51,4,EASIER
5,71.23,89.81,1,1,73.54,3,SAME
3,92.58,26.15,1,0,87.47,1,HARDER
6,74.86,34.8,1,2,72.07,4,SAME
4,73.41,72.16,2,1,66.76,2,SAME
7,48.16,132.63,2,3,44.94,5,EASIER
7,31.93,138.84,5,4,30.26,5,EASIER
4,54.45,61.01,4,3,46.35,2,EASIER
5,86.94,121.82,1,1,79.87,3,EASIER
5,86.1,64.07,1,0,84.24,3,HARDER
6,61.31,113.04,2,2,61.02,4,SAME
3,74.41,29.49,2,2,72.25,1,SAME
4,73.47,32.34,2,1,70.51,2,SAME
3,83.47,12.36,1,1,82.87,1,SAME
6,68.1,91.7,1,1,62.34,4,SAME
3,63.59,46.18,2,2,61.34,1,SAME
5,62.26,77.42,2,1,58.87,3,SAME
6,43.88,47.07,3,2,43.56,4,EASIER
7,40.88,203.7,2,3,32.31,5,EASIER
4,100.0,32.86,1,1,98.95,2,HARDER
3,86.39,9.85,1,1,84.16,1,HARDER
6,46.5,139.22,4,4,43.86,4,EASIER
3,87.48,16.41,1,0,85.35,1,HARDER
3,94.44,55.22,1,1,87.1,1,EASIER
7,43.87,209.36,2,3,41.41,5,EASIER
7,28.91,98.92,5,4,19.28,5,EASIER
6,53.65,104.12,2,2,50.41,4,EASIER
7,11.76,300.0,5,5,5.57,5,EASIER
3,84.39,39.01,4,1,76.27,1,EASIER
3,93.96,27.8,1,0,90.7,1,HARDER
4,47.43,147.75,4,2,47.8,2,EASIER
3,99.11,26.34,1,0,100.0,1,HARDER
7,51.29,153.79,4,3,46.57,5,EASIER
3,82.14,16.48,1,1,77.51,1,SAME
5,66.77,25.32,2,2,71.8,3,SAME
7,49.09,95.74,3,2,47.21,5,EASIER
6,61.4,83.65,1,2,61.09,4,HARDER
4,78.04,44.36,1,1,74.72,2,SAME
5,71.56,28.72,1,1,66.96,3,SAME
5,73.58,80.44,1,1,75.33,3,SAME
6,89.66,53.25,3,2,86.19,4,SAME
5,51.44,78.4,3,4,46.24,3,EASIER
4,66.14,58.97,1,1,64.22,2,SAME
6,80.76,66.76,1,0,85.23,4,SAME
7,37.02,66.24,5,4,30.53,5,EASIER
5,61.3,124.53,2,2,59.99,3,EASIER
3,91.57,36.87,2,1,90.63,1,SAME
5,63.18,62.53,1,3,54.4,3,EASIER
7,41.48,249.33,3,3,34.54,5,EASIER
7,39.51,117.2,4,4,34.46,5,EASIER
5,77.38,42.66,1,1,74.71,3,SAME
3,90.55,16.01,1,1,88.36,1,HARDER
5,100.0,54.99,1,0,100.0,3,HARDER
7,52.78,170.56,1,2,48.9,5,EASIER
7,29.58,238.87,3,4,30.17,5,EASIER
3,95.87,25.26,1,1,93.73,1,HARDER
4,85.9,67.21,2,1,82.68,2,SAME
5,55.13,52.16,2,3,55.28,3,EASIER
3,94.29,17.66,1,0,95.23,1,HARDER
7,36.16,54.96,3,4,34.39,5,EASIER
3,75.1,19.96,1,1,70.12,1,SAME
6,67.56,42.39,1,2,58.46,4,SAME
7,33.66,300.0,2,4,19.84,5,EASIER
6,26.13,103.04,5,5,14.32,4,EASIER
6,60.64,78.02,1,3,52.08,4,EASIER
4,74.49,85.36,1,3,71.65,2,EASIER
7,55.83,55.08,3,2,52.24,5,SAME
5,52.2,54.19,3,2,48.23,3,EASIER
3,80.93,60.87,2,0,77.03,1,EASIER
4,56.72,35.51,2,3,54.89,2,EASIER
4,75.02,120.01,1,1,75.64,2,EASIER
5,82.87,85.57,1,1,76.56,3,SAME
4,62.16,70.2,3,3,56.54,2,EASIER
5,57.54,112.3,4,3,50.61,3,EASIER
5,34.9,58.05,4,4,34.16,3,EASIER
4,57.72,30.21,3,2,55.38,2,SAME
6,69.18,77.22,2,3,64.65,4,EASIER
4,90.95,23.9,1,0,91.58,2,HARDER
6,76.55,79.24,3,2,74.13,4,SAME
4,84.76,37.92,2,1,84.08,2,SAME
7,55.21,281.22,2,3,44.34,5,EASIER
4,65.47,50.22,2,2,62.48,2,SAME
3,58.22,71.54,5,3,62.51,1,EASIER
3,74.82,9.56,1,1,70.45,1,SAME
7,67.95,57.7,2,3,66.24,5,EASIER
7,52.81,92.28,2,2,51.64,5,EASIER
4,86.24,76.64,1,1,84.44,2,EASIER
6,23.72,77.46,4,4,14.9,4,EASIER
5,35.3,28.05,3,4,30.92,3,EASIER
3,100.0,22.42,1,1,97.36,1,HARDER
5,94.02,32.06,4,1,92.21,3,EASIER
6,66.88,39.73,2,2,65.2,4,SAME
7,50.99,300.0,3,3,43.64,5,EASIER
7,40.91,92.47,3,2,36.8,5,EASIER
3,58.51,27.0,3,3,56.15,1,EASIER
4,100.0,36.38,1,0,99.89,2,HARDER
5,68.52,51.21,2,1,61.54,3,SAME
3,80.66,17.2,2,0,81.84,1,SAME
5,74.31,49.73,4,2,73.04,3,EASIER
3,78.87,29.05,2,2,77.92,1,SAME
3,61.28,47.0,3,3,56.15,1,EASIER
3,73.69,38.11,1,1,69.33,1,SAME
4,83.96,21.43,1,1,78.78,2,SAME
6,75.19,137.11,1,1,72.51,4,SAME
3,86.36,30.89,1,0,88.54,1,HARDER
7,40.76,79.68,4,4,32.65,5,EASIER
4,75.17,41.4,1,2,77.59,2,SAME
3,83.73,32.25,1,0,81.96,1,SAME
4,94.22,38.85,2,1,96.92,2,HARDER
6,66.62,105.26,1,1,66.32,4,SAME
3,81.47,17.03,1,1,78.37,1,SAME
3,98.22,60.68,2,2,91.71,1,EASIER
7,38.9,39.14,4,5,32.93,5,EASIER
5,73.51,77.21,1,0,73.11,3,SAME
4,73.57,45.15,2,2,68.33,2,SAME
6,42.46,114.55,2,2,39.62,4,EASIER
7,58.3,76.13,1,2,56.0,5,SAME
4,76.95,65.83,2,1,72.78,2,SAME
5,72.2,54.98,1,2,69.52,3,SAME
3,93.7,14.75,2,1,85.64,1,HARDER
4,65.87,22.71,2,2,58.79,2,SAME
5,79.69,61.69,1,1,80.93,3,SAME
3,84.16,12.29,1,2,79.98,1,SAME
7,58.2,298.8,1,2,57.15,5,EASIER
7,44.77,198.38,5,4,40.37,5,EASIER
4,79.15,89.68,3,3,77.52,2,EASIER
4,66.86,85.34,3,2,65.87,2,EASIER
3,89.46,21.38,1,1,90.55,1,HARDER
5,61.72,37.72,3,2,54.24,3,SAME
3,78.0,8.0,1,1,81.36,1,SAME
4,93.74,31.4,1,1,93.99,2,HARDER
5,39.98,139.0,2,3,42.92,3,EASIER
6,58.46,53.32,2,2,54.95,4,SAME
5,94.59,52.28,1,0,92.01,3,HARDER
4,65.86,29.28,1,2,66.23,2,SAME
6,66.68,99.66,2,1,67.71,4,SAME
6,57.92,160.05,3,3,48.25,4,EASIER
6,63.53,36.83,1,1,61.79,4,SAME
5,65.3,29.76,1,1,61.89,3,SAME
7,12.1,251.82,4,5,3.04,5,EASIER
4,70.36,53.63,2,2,67.56,2,SAME
7,47.13,97.24,2,2,41.34,5,EASIER
4,43.13,84.77,4,4,40.37,2,EASIER
4,94.68,20.01,1,0,92.26,2,HARDER
5,64.51,91.96,1,1,60.59,3,SAME
5,81.76,56.07,1,0,77.94,3,SAME
6,50.78,112.41,2,2,48.68,4,EASIER
4,89.63,12.37,1,0,86.09,2,HARDER
7,37.03,97.17,5,4,32.72,5,EASIER
4,79.9,53.73,3,2,80.22,2,SAME
5,52.19,56.21,2,2,47.66,3,EASIER
7,38.55,221.99,2,3,38.39,5,EASIER
5,83.04,106.19,1,1,80.69,3,SAME
6,48.61,49.81,3,4,46.07,4,EASIER
7,25.38,175.49,5,4,21.84,5,EASIER
7,61.77,65.2,2,1,58.35,5,SAME
5,52.35,59.57,4,3,48.16,3,EASIER
5,76.19,80.26,1,1,75.37,3,SAME
3,88.43,17.24,1,1,84.27,1,HARDER
5,70.84,85.62,1,1,66.01,3,SAME
7,33.61,85.04,3,3,27.38,5,EASIER
5,64.62,43.51,2,2,59.47,3,SAME
4,81.52,52.97,2,1,72.61,2,SAME
3,79.25,17.23,2,1,84.23,1,SAME
4,89.18,25.05,1,2,84.73,2,SAME
4,78.24,61.99,1,0,82.12,2,SAME
7,46.54,118.83,4,3,43.8,5,EASIER
5,62.98,28.24,2,1,59.21,3,SAME
3,55.01,36.58,4,3,52.98,1,EASIER
3,92.3,20.86,2,1,88.23,1,HARDER
7,43.67,52.14,2,3,44.97,5,EASIER
7,41.14,28.56,3,3,34.67,5,EASIER
6,51.93,131.17,3,4,43.64,4,EASIER
3,69.93,17.05,1,0,73.54,1,SAME
3,83.45,14.37,1,1,81.76,1,SAME
3,81.86,33.23,1,1,85.15,1,SAME
6,63.36,124.68,1,0,60.71,4,SAME
6,46.12,54.46,4,4,46.39,4,EASIER
7,37.76,184.18,3,4,28.27,5,EASIER
3,70.85,62.38,3,2,69.44,1,EASIER
3,90.17,45.52,3,1,86.57,1,SAME
7,59.37,214.35,4,3,54.72,5,EASIER
7,45.61,132.91,4,4,43.46,5,EASIER
6,66.17,65.1,1,2,60.81,4,SAME
3,79.81,24.39,1,1,83.6,1,SAME
3,74.19,30.42,2,1,74.94,1,SAME
3,87.13,14.29,1,1,80.02,1,HARDER
6,75.19,54.96,2,1,72.65,4,SAME
7,23.42,51.44,5,6,14.79,5,EASIER
6,58.81,92.67,3,2,56.37,4,SAME
4,77.85,39.51,1,2,71.87,2,HARDER
6,66.29,58.4,3,2,61.45,4,SAME
3,77.69,36.02,2,1,72.46,1,SAME
7,26.35,63.38,5,5,23.46,5,EASIER
7,41.08,76.9,3,3,31.32,5,EASIER
6,85.51,123.05,1,1,78.81,4,SAME
7,35.25,185.81,4,5,25.19,5,EASIER
5,81.67,39.12,2,1,78.41,3,SAME
5,72.92,65.06,2,1,69.47,3,SAME
4,83.32,26.35,2,2,79.6,2,SAME
7,44.52,100.58,3,3,43.45,5,EASIER
6,39.89,88.37,5,3,32.81,4,EASIER
3,63.42,32.08,3,3,57.13,1,EASIER
7,49.87,133.16,1,2,48.94,5,EASIER
3,86.76,28.23,1,1,90.04,1,HARDER
5,72.88,34.01,1,1,73.77,3,SAME
3,87.63,29.72,1,1,79.56,1,HARDER
6,75.91,109.21,1,2,73.11,4,SAME
5,88.12,81.57,2,0,92.02,3,SAME
5,65.7,40.62,1,3,55.06,3,EASIER
6,48.76,132.0,4,3,44.29,4,EASIER
6,63.1,41.34,1,1,60.65,4,SAME
4,65.35,31.03,1,1,70.15,2,SAME
7,88.54,96.38,1,0,89.6,5,HARDER
5,75.77,31.05,1,1,76.03,3,SAME
3,85.39,21.97,1,0,88.86,1,SAME
3,85.16,27.59,3,1,75.32,1,SAME
4,100.0,16.11,1,0,100.0,2,HARDER
6,44.93,66.79,5,5,35.14,4,EASIER
5,100.0,24.41,1,0,96.62,3,HARDER
4,78.52,99.2,1,1,75.78,2,EASIER
5,73.3,64.43,3,2,69.6,3,SAME
7,46.09,119.95,2,3,42.58,5,EASIER
5,67.29,65.06,1,2,66.88,3,SAME
3,92.43,32.72,1,1,95.51,1,HARDER
3,89.15,38.63,3,1,85.28,1,SAME
5,71.21,26.75,1,2,68.14,3,SAME
5,75.75,110.94,2,2,64.68,3,SAME
7,30.21,220.85,5,5,20.04,5,EASIER
5,66.76,56.13,2,3,63.52,3,EASIER
6,56.79,77.09,4,3,54.59,4,EASIER
5,61.13,12.49,2,2,66.29,3,SAME
4,88.19,21.18,2,2,84.54,2,SAME
6,51.34,107.4,3,3,44.42,4,EASIER
6,72.23,153.09,1,1,70.35,4,SAME
6,62.25,119.79,2,1,60.12,4,SAME
3,76.97,24.17,3,1,72.32,1,SAME
6,14.44,223.22,2,5,8.37,4,EASIER
4,75.91,60.95,1,1,70.34,2,SAME
6,52.05,66.82,2,2,50.45,4,EASIER
6,48.22,255.04,3,3,44.17,4,EASIER
6,53.45,46.37,3,2,51.39,4,EASIER
7,37.61,50.22,2,3,35.18,5,EASIER
5,83.22,47.09,1,1,86.22,3,SAME
3,88.18,17.84,1,0,88.35,1,HARDER
6,62.35,67.83,2,1,61.01,4,SAME
6,57.69,124.18,3,2,55.72,4,SAME
3,92.78,24.62,1,1,90.25,1,HARDER
3,100.0,24.91,1,0,100.0,1,HARDER
4,93.93,39.07,1,1,88.43,2,HARDER
7,56.77,31.76,2,2,55.09,5,SAME
5,66.63,27.4,3,2,62.78,3,SAME
7,46.62,90.79,3,2,45.38,5,EASIER
7,36.65,70.75,4,4,28.25,5,EASIER
5,86.71,51.71,1,1,91.77,3,HARDER
6,66.71,170.18,3,3,64.17,4,EASIER
4,82.18,36.69,1,0,81.32,2,SAME
3,96.0,13.88,1,0,96.69,1,HARDER
4,67.01,26.18,2,1,65.92,2,SAME
5,77.94,135.26,1,1,77.96,3,EASIER
3,77.86,49.44,1,1,76.47,1,SAME
4,85.28,50.28,1,0,88.79,2,HARDER
3,94.9,12.47,1,0,86.65,1,HARDER
6,83.4,96.18,1,0,81.48,4,SAME
7,17.3,138.05,4,4,11.51,5,EASIER
7,73.54,113.57,2,1,67.83,5,SAME
4,97.38,29.07,1,0,98.72,2,HARDER
5,75.85,48.47,2,2,75.6,3,SAME
7,38.64,79.03,4,3,39.9,5,EASIER
5,74.77,32.91,3,2,74.65,3,SAME
4,100.0,72.21,1,0,100.0,2,SAME
4,72.53,57.53,2,2,71.47,2,SAME
6,79.05,70.71,2,3,73.33,4,EASIER
5,59.04,69.05,5,4,51.41,3,EASIER
7,60.67,138.5,3,2,57.89,5,SAME
7,49.63,300.0,2,2,48.51,5,EASIER
3,82.33,36.86,2,2,76.75,1,SAME
6,53.51,126.57,1,2,53.38,4,EASIER
4,71.71,38.68,2,1,71.36,2,SAME
5,77.62,46.78,2,1,77.28,3,SAME
4,79.12,72.78,1,0,76.92,2,SAME
4,62.02,51.63,1,2,59.78,2,SAME
4,77.57,25.73,1,1,80.27,2,SAME
3,77.42,30.6,1,1,78.98,1,SAME
6,62.33,126.74,2,3,59.0,4,EASIER
3,92.58,9.84,2,1,89.08,1,HARDER
4,86.5,24.63,1,2,82.46,2,SAME
3,73.42,29.38,1,1,71.95,1,SAME
3,78.89,10.62,2,1,76.48,1,SAME
4,72.61,16.57,1,0,75.37,2,SAME
7,40.58,96.65,4,4,29.37,5,EASIER
7,68.77,146.41,1,1,64.99,5,SAME
4,70.35,48.93,3,2,67.91,2,SAME
5,58.01,126.94,3,1,53.5,3,EASIER
7,80.13,117.14,1,1,75.55,5,SAME
4,74.35,31.89,1,1,75.08,2,SAME
7,68.5,54.93,2,2,64.1,5,SAME
3,86.92,21.07,1,0,83.55,1,HARDER
4,100.0,52.99,1,0,98.29,2,SAME
4,78.98,54.13,2,2,73.99,2,SAME
3,63.13,28.12,2,1,66.58,1,SAME
7,55.92,150.91,1,2,49.34,5,EASIER
7,19.18,224.56,4,5,13.49,5,EASIER
4,100.0,39.37,1,1,100.0,2,HARDER
7,45.39,235.97,1,2,41.9,5,EASIER
6,83.9,56.2,1,1,78.49,4,SAME
7,66.62,107.61,2,2,67.5,5,SAME
7,50.31,86.18,1,2,47.43,5,EASIER
5,58.15,85.87,1,3,54.17,3,EASIER
3,100.0,15.92,1,1,95.45,1,HARDER
7,31.34,93.99,5,4,25.35,5,EASIER
6,56.21,31.18,3,3,48.99,4,EASIER
7,33.44,154.85,5,4,20.79,5,EASIER
7,22.2,220.96,1,2,15.02,5,EASIER
3,74.24,37.49,3,2,65.81,1,SAME
5,87.33,86.72,1,0,87.87,3,SAME
3,69.75,36.32,1,2,64.78,1,HARDER
3,98.26,34.13,1,1,100.0,1,SAME
7,50.05,156.55,2,3,47.27,5,EASIER
7,46.48,162.15,1,3,42.81,5,EASIER
7,45.81,78.35,4,3,46.46,5,EASIER
7,41.81,100.42,4,4,31.44,5,EASIER
6,84.75,85.05,1,1,89.69,4,SAME
5,56.86,49.12,3,3,49.58,3,EASIER
7,77.18,47.7,1,1,79.46,5,SAME
5,76.59,31.47,1,1,70.76,3,SAME
6,73.93,92.42,1,1,73.12,4,SAME
4,78.52,58.17,1,2,79.68,2,SAME
6,59.4,82.4,1,2,58.13,4,HARDER
7,58.35,300.0,1,2,55.62,5,SAME
6,69.49,50.83,1,2,72.35,4,SAME
5,51.23,72.29,4,4,41.63,3,SAME
3,85.39,44.41,3,2,82.6,1,SAME
3,77.27,40.17,5,2,70.64,1,EASIER
6,61.49,115.28,1,2,58.13,4,SAME
6,83.18,143.06,1,2,77.36,4,SAME
6,54.21,84.4,2,3,49.3,4,EASIER
7,38.12,277.21,3,3,31.28,5,EASIER
5,82.36,109.47,1,1,78.74,3,SAME
7,4.15,70.39,4,6,0.0,5,EASIER
6,30.06,96.92,5,5,24.27,4,EASIER
4,79.28,18.36,1,1,76.29,2,SAME
7,26.35,256.69,5,4,18.96,5,EASIER
3,89.79,27.62,1,0,87.7,1,HARDER
5,38.41,113.08,2,3,33.17,3,EASIER
7,58.66,105.52,1,2,48.61,5,EASIER
6,38.73,31.23,3,3,32.53,4,EASIER
7,41.1,300.0,1,3,38.0,5,EASIER
3,86.0,26.5,1,2,78.14,1,SAME
5,79.25,35.35,1,1,78.53,3,SAME
6,52.61,148.79,2,1,55.33,4,EASIER
6,43.88,236.36,3,3,39.81,4,EASIER
7,49.91,100.3,2,2,46.48,5,EASIER
5,73.53,55.22,2,1,75.2,3,SAME
6,26.65,92.81,5,4,21.11,4,EASIER
5,55.11,33.47,4,3,54.16,3,EASIER
7,22.29,76.87,5,5,13.27,5,EASIER
3,83.02,55.25,1,0,87.88,1,EASIER
4,86.13,35.71,1,0,86.03,2,HARDER
3,72.96,17.22,2,2,72.07,1,SAME
6,40.42,64.82,5,3,36.37,4,EASIER
4,77.92,62.92,1,0,81.24,2,SAME
4,78.43,15.01,5,2,80.72,2,EASIER
7,58.35,128.67,2,2,54.61,5,SAME
4,75.66,120.88,2,1,71.66,2,EASIER
3,77.22,61.73,1,1,70.01,1,EASIER
3,61.61,32.26,1,2,58.79,1,SAME
4,74.47,70.55,1,2,71.54,2,SAME
7,35.57,228.31,1,2,36.98,5,EASIER
5,72.16,54.5,2,2,70.45,3,SAME
7,45.86,185.4,3,3,35.48,5,EASIER
4,81.97,88.08,1,1,78.82,2,EASIER
4,75.89,20.98,2,1,73.38,2,SAME
3,79.34,32.31,1,1,77.66,1,SAME
4,75.08,45.04,1,1,75.28,2,SAME
5,80.99,61.04,1,0,79.45,3,SAME
7,77.51,112.9,2,2,77.04,5,SAME
4,86.02,42.37,1,1,88.85,2,HARDER
6,44.55,96.62,5,4,35.86,4,EASIER
6,57.43,146.7,5,4,58.95,4,EASIER
4,75.76,47.54,2,1,76.68,2,SAME
7,45.39,101.65,2,3,39.65,5,EASIER
5,66.87,38.27,3,2,61.66,3,SAME
3,100.0,20.26,1,0,100.0,1,HARDER
7,57.26,129.13,3,3,57.02,5,EASIER
7,37.14,76.23,5,4,31.72,5,EASIER
3,53.73,38.08,3,3,53.11,1,EASIER
7,15.6,141.58,5,4,14.85,5,EASIER
7,58.91,208.87,1,2,60.24,5,SAME
7,52.12,79.07,2,2,53.41,5,EASIER
4,75.94,25.71,2,2,72.59,2,SAME
6,75.43,148.04,1,1,72.8,4,SAME
5,48.85,61.85,3,2,44.7,3,EASIER
6,56.12,73.8,2,4,48.89,4,EASIER
6,59.33,117.92,4,3,53.14,4,EASIER
6,46.52,115.66,2,2,39.39,4,EASIER
5,89.77,31.15,1,1,94.51,3,HARDER
6,38.96,168.47,5,5,29.43,4,EASIER
5,61.61,47.34,3,1,59.39,3,SAME
3,89.35,53.27,1,1,87.66,1,EASIER
3,73.06,13.81,4,2,69.75,1,EASIER
7,54.53,133.15,3,3,49.21,5,EASIER
7,26.59,101.22,3,3,23.29,5,EASIER
5,90.93,21.82,1,0,92.06,3,HARDER
3,85.01,33.51,2,0,86.26,1,HARDER
6,68.67,30.15,3,2,64.14,4,SAME
3,87.92,21.96,2,1,84.76,1,HARDER
4,84.95,63.85,4,2,86.16,2,EASIER
4,76.16,29.62,1,1,76.47,2,SAME
3,100.0,16.72,2,0,100.0,1,HARDER
7,27.62,173.24,4,4,21.96,5,EASIER
5,83.0,51.26,1,1,80.47,3,SAME
4,88.68,31.41,2,1,91.5,2,HARDER
5,59.12,109.02,3,3,56.96,3,EASIER
3,68.57,14.87,1,2,70.23,1,SAME
5,78.47,46.2,1,1,75.15,3,SAME
5,69.33,89.06,1,2,67.24,3,SAME
4,93.93,21.3,1,0,94.74,2,HARDER
7,31.6,294.73,2,4,26.26,5,EASIER
4,71.0,34.32,2,2,71.43,2,SAME
3,81.64,36.89,1,0,77.25,1,SAME
5,64.06,89.33,2,2,53.42,3,SAME
7,56.94,103.08,2,3,55.8,5,EASIER
4,83.29,30.34,2,1,81.92,2,SAME
3,81.43,24.53,3,1,83.13,1,SAME
7,23.68,165.16,4,4,17.46,5,EASIER
5,53.47,35.59,3,2,47.31,3,EASIER
3,83.55,14.64,1,1,81.96,1,SAME
6,30.52,177.42,5,5,22.39,4,EASIER
4,60.47,26.9,3,1,57.81,2,SAME
7,24.84,135.84,5,5,22.48,5,EASIER
4,91.27,34.55,2,1,91.53,2,HARDER
5,80.39,53.64,1,1,76.86,3,SAME
5,53.06,117.74,2,2,48.97,3,EASIER
4,88.4,36.51,1,1,90.33,2,HARDER
5,72.47,48.61,1,1,70.1,3,SAME
3,100.0,22.17,1,0,100.0,1,HARDER
6,35.06,63.11,5,5,30.83,4,EASIER
6,57.56,57.87,2,2,60.97,4,SAME
7,52.74,85.31,2,3,46.57,5,EASIER
4,61.24,83.04,2,2,61.17,2,EASIER
4,87.89,53.09,1,1,86.71,2,SAME
5,77.51,48.89,1,1,76.75,3,SAME
6,55.37,136.62,3,3,51.7,4,EASIER
7,56.31,47.16,2,2,54.91,5,SAME
3,90.34,46.11,1,0,96.44,1,SAME
4,92.3,69.85,2,0,93.01,2,SAME
4,84.39,108.71,1,1,86.3,2,EASIER
4,62.4,61.13,1,2,58.35,2,SAME
5,72.31,72.01,2,1,71.68,3,SAME
7,38.68,226.37,5,5,25.35,5,EASIER
3,64.51,18.92,1,1,55.83,1,SAME
7,43.21,90.29,2,3,46.04,5,EASIER
6,69.61,79.31,2,1,71.44,4,SAME
6,59.87,167.09,3,3,53.2,4,EASIER
6,64.9,52.54,2,2,63.46,4,SAME
3,87.81,16.29,2,0,90.38,1,HARDER
6,63.21,92.73,4,4,59.26,4,EASIER
4,77.13,53.24,1,2,66.99,2,SAME
5,52.64,40.95,3,3,44.58,3,EASIER
6,64.49,116.2,1,2,60.56,4,SAME
6,44.12,167.05,4,4,35.6,4,EASIER
4,78.16,66.81,2,1,75.46,2,SAME
4,84.95,44.86,2,0,81.54,2,SAME
5,88.32,55.46,2,0,90.81,3,HARDER
3,89.7,54.12,1,0,90.25,1,EASIER
6,56.17,82.66,1,3,49.49,4,EASIER
3,80.47,37.99,1,0,79.59,1,SAME
5,63.92,152.9,2,2,61.29,3,EASIER
6,75.43,126.6,2,2,76.95,4,SAME
3,97.2,16.04,1,0,95.64,1,HARDER
7,46.21,57.01,2,3,42.81,5,EASIER
4,62.84,33.04,3,2,57.26,2,SAME
3,86.04,34.28,1,2,78.79,1,SAME
6,55.11,103.34,3,2,57.76,4,SAME
5,36.81,172.94,5,6,25.47,3,EASIER
6,58.72,102.82,1,2,51.78,4,SAME
6,61.72,69.16,1,2,59.53,4,SAME
5,55.19,33.1,4,4,46.46,3,EASIER
7,36.22,213.12,4,4,31.35,5,EASIER
4,73.3,37.89,1,0,69.73,2,SAME
5,80.54,27.52,1,1,83.13,3,SAME
3,100.0,25.25,1,0,98.7,1,HARDER
6,51.27,48.86,4,2,47.61,4,EASIER
4,87.0,31.11,1,1,88.65,2,HARDER
6,33.89,82.26,4,3,31.99,4,EASIER
7,64.11,68.39,2,2,62.25,5,SAME
7,42.63,85.86,3,3,43.48,5,EASIER
7,74.78,74.66,1,2,73.01,5,SAME
3,100.0,18.17,1,1,93.54,1,HARDER
3,68.55,15.96,3,3,64.1,1,EASIER
7,55.89,86.09,1,3,51.17,5,EASIER
4,82.86,24.96,2,1,77.49,2,SAME
3,75.43,32.46,1,2,74.45,1,SAME
4,84.79,41.76,1,1,79.13,2,SAME
7,51.6,214.78,1,2,47.84,5,EASIER
4,71.78,92.23,2,2,66.01,2,EASIER
3,39.07,33.79,5,5,34.18,1,EASIER
6,73.85,103.6,1,1,67.4,4,SAME
3,100.0,34.76,1,0,100.0,1,SAME
4,78.7,47.32,1,2,79.55,2,SAME
3,74.12,25.56,1,1,69.38,1,SAME
6,78.8,80.76,1,1,77.91,4,SAME
5,39.45,34.98,5,5,27.03,3,EASIER
7,37.14,176.92,4,3,29.89,5,EASIER
4,69.19,37.45,2,2,63.23,2,SAME
4,65.31,75.1,1,2,68.58,2,SAME
3,92.41,37.57,1,2,86.71,1,SAME
4,62.41,28.31,3,3,55.74,2,EASIER
5,48.45,107.51,2,2,46.0,3,EASIER
3,86.22,8.0,2,2,81.22,1,SAME
5,87.17,150.79,3,2,87.32,3,EASIER
7,46.19,54.0,5,4,40.38,5,EASIER
6,60.65,106.08,2,2,57.07,4,SAME
6,80.73,102.41,4,2,76.72,4,EASIER
7,29.09,206.63,2,4,19.83,5,EASIER
6,69.33,69.12,2,2,69.94,4,SAME
6,76.16,26.87,3,1,76.54,4,SAME
7,44.8,93.7,2,2,47.29,5,EASIER
3,93.32,22.68,1,0,96.31,1,HARDER
7,49.07,36.66,2,2,44.56,5,EASIER
4,80.2,38.82,1,1,77.02,2,SAME
6,67.51,46.87,2,2,69.44,4,SAME
7,39.79,159.53,1,2,36.29,5,EASIER
5,58.93,51.35,2,2,56.01,3,SAME
3,87.63,59.83,1,1,85.44,1,EASIER
4,64.7,33.69,1,1,63.13,2,SAME
5,64.85,71.77,2,2,62.66,3,SAME
7,39.26,99.72,2,3,38.71,5,EASIER
7,32.89,46.24,3,4,35.15,5,EASIER
5,66.14,52.41,4,2,62.72,3,EASIER
7,31.54,168.87,5,5,23.52,5,EASIER
5,65.99,78.13,2,3,61.58,3,EASIER
5,65.15,50.16,2,2,64.1,3,SAME
7,52.46,50.63,3,4,45.71,5,EASIER
6,55.13,114.64,2,2,47.5,4,EASIER
5,67.64,71.39,1,1,61.57,3,SAME
5,86.1,88.05,1,0,90.93,3,SAME
6,35.22,71.11,5,4,27.53,4,EASIER
6,84.75,34.15,1,2,78.76,4,SAME
5,69.49,75.54,1,2,73.58,3,SAME
3,98.25,24.9,1,0,100.0,1,HARDER
3,91.11,46.44,1,0,89.7,1,SAME
3,96.15,25.32,1,0,92.51,1,HARDER
5,73.19,56.71,2,2,74.24,3,SAME
6,69.26,101.87,2,2,62.13,4,SAME
7,51.0,80.9,5,3,42.24,5,EASIER
4,67.31,28.06,2,1,67.04,2,SAME
6,65.38,77.93,4,3,57.31,4,EASIER
6,59.72,50.81,2,3,51.75,4,EASIER
3,70.07,22.58,1,1,69.89,1,SAME
4,73.0,94.55,3,2,71.05,2,EASIER
4,91.2,62.03,1,1,84.88,2,SAME
7,45.89,132.47,4,4,41.7,5,EASIER
7,47.36,260.91,1,2,39.1,5,EASIER
7,45.67,71.45,2,2,43.2,5,EASIER
5,59.9,198.98,1,2,53.09,3,EASIER
5,78.83,46.18,1,1,78.66,3,SAME
4,69.22,97.45,2,1,67.86,2,EASIER
6,25.52,231.92,4,5,16.29,4,EASIER
3,73.15,11.46,3,2,67.88,1,SAME
4,57.83,75.73,3,2,54.99,2,SAME
3,75.61,22.03,2,1,72.21,1,SAME
5,71.01,43.79,3,2,65.54,3,SAME
4,63.08,48.63,2,2,59.25,2,SAME
3,86.62,15.96,2,0,88.79,1,HARDER
4,77.24,48.11,1,0,72.99,2,SAME
7,37.97,67.07,5,4,30.01,5,EASIER
5,59.39,63.31,2,3,58.47,3,EASIER
7,43.97,231.89,2,3,38.05,5,EASIER
7,44.43,138.26,2,2,48.66,5,EASIER
7,45.19,92.06,4,3,44.25,5,EASIER
4,56.0,49.01,2,2,51.22,2,SAME
7,61.92,52.04,1,2,56.13,5,SAME
7,41.42,70.9,2,3,38.97,5,EASIER
7,34.73,88.59,4,4,35.22,5,EASIER
4,71.85,55.0,2,1,67.42,2,SAME
4,91.12,45.98,1,1,94.41,2,HARDER
5,42.9,75.59,3,2,42.94,3,EASIER
7,28.28,110.34,3,4,19.46,5,EASIER
7,68.2,72.89,2,1,71.2,5,SAME
5,68.01,121.15,1,2,65.04,3,EASIER
3,70.69,18.33,1,1,70.87,1,SAME
5,64.16,71.37,2,2,61.08,3,HARDER
6,36.6,77.36,5,4,25.41,4,EASIER
5,41.0,76.64,5,4,32.51,3,EASIER
4,79.33,28.59,2,1,79.44,2,SAME
4,63.22,62.32,1,2,63.68,2,SAME
3,88.58,46.16,1,1,85.71,1,SAME
4,69.83,60.55,2,2,65.15,2,SAME
6,61.51,89.0,2,2,62.45,4,SAME
4,86.55,30.97,2,1,91.33,2,HARDER
7,30.78,300.0,5,5,25.78,5,EASIER
3,100.0,16.08,1,0,99.49,1,HARDER
5,53.18,89.72,1,2,52.17,3,EASIER
5,72.8,68.39,2,2,71.3,3,EASIER
7,64.18,108.25,2,3,61.68,5,EASIER
7,55.26,123.89,1,2,55.37,5,SAME
5,69.35,45.06,2,2,68.08,3,SAME
6,82.65,102.39,1,0,88.56,4,SAME
6,59.19,96.69,2,2,57.13,4,SAME
5,50.08,218.3,5,4,41.99,3,EASIER
3,87.82,40.26,1,0,90.83,1,SAME
5,80.29,74.87,1,1,79.09,3,EASIER
4,78.85,49.8,3,1,78.91,2,SAME
5,57.71,144.17,1,2,57.26,3,EASIER
6,74.33,49.51,1,1,76.07,4,SAME
4,50.32,34.87,5,4,39.28,2,EASIER
4,90.0,15.51,2,0,91.66,2,HARDER
7,49.09,151.87,2,2,44.29,5,EASIER
4,71.64,56.61,2,1,70.04,2,SAME
3,80.5,16.05,1,1,72.32,1,SAME
6,33.96,172.94,5,4,30.39,4,EASIER
6,68.84,56.42,2,3,66.84,4,EASIER
7,49.64,92.93,3,3,48.3,5,EASIER
6,93.81,87.26,1,0,94.53,4,HARDER
7,38.6,267.02,2,2,32.66,5,EASIER
5,67.37,37.93,1,2,59.36,3,SAME
4,75.09,43.57,2,1,76.61,2,SAME
7,48.04,170.85,3,3,46.04,5,EASIER
4,69.03,49.64,1,2,66.2,2,SAME
4,97.4,50.51,1,1,95.66,2,HARDER
7,48.57,169.61,2,2,48.59,5,EASIER
7,81.66,82.78,1,1,76.54,5,SAME
4,80.99,84.0,3,1,78.31,2,EASIER
6,56.27,77.39,4,2,57.4,4,EASIER
7,48.76,98.06,3,3,39.74,5,EASIER
6,24.21,165.25,5,5,19.15,4,EASIER
3,83.06,18.88,1,1,78.68,1,SAME
6,49.97,96.86,2,3,43.83,4,EASIER
3,77.69,18.12,1,1,75.67,1,SAME
7,51.12,300.0,1,3,47.57,5,EASIER
3,90.0,69.84,1,0,90.22,1,EASIER
7,31.88,105.47,3,4,27.39,5,EASIER
3,84.11,31.51,1,1,84.7,1,HARDER
5,54.08,58.15,3,4,45.45,3,EASIER
4,100.0,32.26,1,0,99.18,2,HARDER
7,32.34,119.55,2,5,24.06,5,EASIER
4,100.0,37.28,1,0,100.0,2,HARDER
6,76.38,37.19,1,1,73.88,4,SAME
3,61.58,28.1,1,1,56.22,1,SAME
5,62.95,56.8,2,2,58.58,3,SAME
7,66.25,132.77,1,1,67.87,5,SAME
7,55.51,107.37,1,3,52.15,5,EASIER
4,81.0,32.08,1,1,80.94,2,SAME
4,100.0,57.33,1,0,96.69,2,SAME
5,56.95,75.52,3,2,58.13,3,SAME
5,46.48,115.76,3,2,45.1,3,EASIER
5,85.79,74.09,1,1,85.52,3,HARDER
3,67.57,22.9,2,1,65.04,1,SAME
6,47.25,113.01,5,4,45.71,4,EASIER
4,90.43,14.98,1,0,86.08,2,HARDER
4,77.96,102.14,4,1,71.75,2,EASIER
7,45.12,130.07,4,4,37.29,5,EASIER
6,53.56,255.35,1,3,48.07,4,EASIER
4,83.68,25.25,1,1,82.19,2,HARDER
7,58.52,60.91,5,3,55.1,5,EASIER
4,84.12,45.13,1,0,87.22,2,SAME
5,73.74,69.4,1,1,72.39,3,SAME
4,82.76,44.55,1,1,79.88,2,EASIER
3,95.06,27.16,1,1,92.86,1,HARDER
5,72.86,42.5,1,0,75.2,3,EASIER
5,58.63,27.8,2,3,52.55,3,EASIER
7,33.12,130.69,4,4,26.85,5,EASIER
4,74.27,20.8,1,1,71.23,2,SAME
7,40.31,52.88,4,4,36.05,5,EASIER
6,35.25,67.28,5,4,31.11,4,EASIER
3,87.6,30.28,1,0,90.57,1,HARDER
6,28.45,230.52,5,4,22.12,4,EASIER
5,70.0,94.18,2,3,65.4,3,EASIER
4,70.48,74.53,1,1,65.71,2,SAME
5,93.96,80.16,1,0,89.18,3,SAME
4,97.13,45.15,1,1,94.52,2,HARDER
6,30.49,300.0,5,5,22.32,4,EASIER
5,85.1,30.13,1,1,83.1,3,HARDER
5,57.51,47.27,2,2,57.58,3,SAME
4,63.58,32.46,3,3,55.28,2,EASIER
4,49.21,57.83,5,3,39.97,2,EASIER
5,40.37,35.73,4,3,30.74,3,EASIER
5,70.71,84.63,1,1,68.0,3,SAME
4,100.0,49.9,1,0,100.0,2,HARDER
5,75.87,86.75,1,1,78.02,3,SAME
4,99.46,55.22,1,0,100.0,2,SAME
5,66.81,124.2,4,4,59.16,3,EASIER
3,72.62,24.46,2,2,66.1,1,SAME
5,48.01,75.4,5,4,43.4,3,EASIER
6,58.63,55.91,2,2,60.77,4,SAME
7,66.25,66.2,2,2,62.71,5,SAME
6,65.31,205.29,1,2,59.81,4,EASIER
6,81.32,53.75,2,1,78.36,4,SAME
3,84.61,33.26,2,1,81.96,1,SAME
4,85.23,48.77,2,2,87.56,2,SAME
6,36.4,151.06,4,5,28.63,4,EASIER
7,25.88,45.37,4,6,20.33,5,EASIER
5,81.81,90.16,1,1,82.33,3,SAME
7,57.63,108.51,2,3,54.9,5,EASIER
4,83.09,28.66,2,0,86.73,2,SAME
3,100.0,22.36,1,1,100.0,1,HARDER
3,92.53,39.66,1,0,91.8,1,SAME
5,84.1,83.3,1,1,79.27,3,SAME
6,53.24,76.72,5,4,46.57,4,EASIER
4,68.38,22.25,3,2,64.16,2,SAME
6,56.4,47.04,2,2,57.53,4,SAME
6,74.62,121.3,3,1,74.46,4,SAME
4,88.25,20.84,1,1,81.82,2,HARDER
4,87.16,35.95,1,0,84.82,2,HARDER
6,34.74,300.0,2,3,28.7,4,EASIER
6,70.95,104.14,1,1,71.92,4,SAME
3,71.76,34.78,4,2,67.2,1,EASIER
4,73.7,23.08,1,1,75.45,2,SAME
5,78.13,31.59,2,1,73.2,3,SAME
5,50.95,86.0,4,3,40.62,3,EASIER
3,65.69,22.05,1,1,64.74,1,SAME
7,35.21,212.33,3,3,25.26,5,EASIER
4,94.44,40.64,1,1,92.2,2,HARDER
4,60.99,202.16,1,2,58.58,2,EASIER
3,100.0,20.26,1,0,100.0,1,HARDER
7,45.14,138.46,4,3,42.96,5,EASIER
4,100.0,26.16,1,0,96.45,2,HARDER
7,43.23,207.57,1,2,37.1,5,EASIER
5,55.27,75.79,2,2,48.47,3,EASIER
7,39.37,70.05,4,3,33.11,5,EASIER
3,69.05,22.7,2,0,73.05,1,SAME
3,62.13,48.13,4,4,64.96,1,HARDER
7,49.71,233.97,4,3,45.99,5,EASIER
7,59.61,54.72,1,2,56.17,5,EASIER
5,59.49,48.39,1,2,55.53,3,SAME
3,90.61,58.79,1,1,86.9,1,EASIER
7,70.55,107.97,2,3,60.2,5,EASIER
4,55.99,43.41,2,3,55.39,2,EASIER
7,26.54,206.99,3,4,21.95,5,EASIER
7,56.61,57.22,2,3,51.21,5,EASIER
7,21.83,70.87,5,4,17.17,5,EASIER
6,61.16,73.0,2,3,57.78,4,EASIER
6,65.48,161.6,3,2,65.63,4,SAME
5,62.41,100.96,2,2,60.43,3,SAME
3,87.15,36.01,2,1,85.24,1,SAME
4,61.82,37.31,5,3,57.55,2,EASIER
6,55.4,155.41,1,2,50.05,4,SAME
7,44.39,108.83,2,2,38.4,5,EASIER
5,72.09,81.13,3,2,71.54,3,SAME
6,45.0,138.79,4,4,44.74,4,EASIER
3,82.85,55.62,2,1,78.64,1,EASIER
5,76.51,59.27,1,1,70.21,3,SAME
5,68.59,50.93,2,2,61.11,3,SAME
7,40.93,239.56,3,4,33.29,5,EASIER
4,68.68,75.9,1,2,63.52,2,SAME
4,81.28,30.85,2,2,80.95,2,SAME
4,65.98,23.69,2,2,66.47,2,SAME
3,100.0,44.96,1,0,100.0,1,SAME
5,83.74,27.04,1,0,87.86,3,SAME
6,59.1,35.82,3,2,57.87,4,SAME
7,51.28,102.18,1,3,43.58,5,EASIER
7,67.63,118.43,2,2,65.46,5,SAME
3,77.78,15.6,2,2,72.74,1,SAME
4,90.32,42.18,1,1,82.17,2,HARDER
4,76.24,43.07,1,2,73.15,2,SAME
4,34.94,30.32,5,5,25.87,2,EASIER
7,50.92,300.0,3,3,42.83,5,EASIER
3,95.95,30.27,1,0,94.43,1,HARDER
3,84.39,41.31,1,1,88.66,1,SAME
7,84.63,50.65,1,0,87.67,5,SAME
7,41.8,50.41,4,4,41.39,5,EASIER
4,96.57,47.17,1,0,96.98,2,HARDER
4,61.8,90.86,1,2,53.84,2,EASIER
5,52.39,35.18,4,3,42.5,3,EASIER
5,59.45,62.27,3,3,51.01,3,EASIER
7,31.14,57.13,4,3,33.47,5,EASIER
5,60.27,40.64,2,2,57.84,3,SAME
3,77.45,27.24,3,1,76.84,1,SAME
5,75.08,45.45,1,2,72.07,3,SAME
5,74.84,30.39,1,1,74.64,3,SAME
5,71.38,30.06,1,2,64.91,3,SAME
5,88.22,22.8,1,0,87.09,3,HARDER
7,18.65,145.22,5,5,5.45,5,EASIER
7,46.14,155.12,3,4,41.23,5,EASIER
4,78.06,50.2,1,1,78.1,2,SAME
4,78.16,24.79,1,1,74.36,2,SAME
6,27.53,138.35,3,3,16.87,4,EASIER
5,74.61,82.29,1,1,72.09,3,SAME
5,56.23,58.21,3,2,56.0,3,SAME
3,79.04,23.31,3,2,72.08,1,EASIER
4,100.0,28.01,2,1,95.55,2,HARDER
6,71.21,90.62,1,1,69.45,4,SAME
7,41.44,270.4,3,3,37.15,5,EASIER
6,42.09,148.18,3,3,39.2,4,EASIER
4,71.91,33.69,3,2,73.3,2,SAME
3,88.22,31.77,1,0,85.64,1,HARDER
3,73.91,15.31,2,1,68.95,1,SAME
4,65.74,53.56,2,1,62.74,2,SAME
5,75.22,38.44,2,1,70.42,3,SAME
7,44.5,163.15,2,2,38.81,5,EASIER
7,37.59,300.0,1,3,32.65,5,EASIER
3,97.5,19.4,2,0,95.47,1,HARDER
6,69.38,300.0,1,2,69.65,4,EASIER
4,72.99,47.86,1,0,69.22,2,SAME
3,100.0,17.91,1,0,99.63,1,HARDER
5,58.97,39.12,1,2,51.37,3,SAME
3,68.8,71.61,2,2,66.65,1,EASIER
4,69.84,47.91,1,1,69.14,2,SAME
5,64.48,43.82,2,3,65.84,3,EASIER
4,83.98,34.53,1,2,84.0,2,SAME
5,55.07,71.79,2,3,45.64,3,EASIER
5,65.19,57.75,2,2,63.76,3,SAME
6,37.28,98.16,4,4,30.7,4,EASIER
3,90.15,55.04,1,0,91.8,1,EASIER
3,91.28,15.13,1,1,87.45,1,HARDER
5,90.52,79.8,1,0,93.03,3,SAME
4,64.74,36.72,1,1,63.1,2,SAME
6,75.43,63.26,2,2,70.69,4,SAME
3,87.26,40.29,3,1,82.55,1,SAME
5,71.04,28.14,1,2,64.12,3,SAME
7,51.91,30.84,2,2,46.3,5,EASIER
3,72.37,27.63,4,2,68.1,1,EASIER
4,88.04,35.61,2,1,89.22,2,HARDER
7,33.38,53.58,2,4,31.14,5,EASIER
5,57.88,24.87,3,4,48.46,3,EASIER
3,85.03,59.03,2,1,82.06,1,EASIER
4,69.98,47.24,3,2,64.15,2,SAME
6,70.18,82.84,1,2,62.87,4,SAME
7,16.01,300.0,3,5,8.91,5,EASIER
4,69.61,61.43,2,2,69.85,2,SAME
5,38.18,139.25,5,4,34.63,3,EASIER
6,46.18,44.4,3,5,39.04,4,EASIER
3,100.0,14.54,1,1,99.18,1,HARDER
4,50.85,50.79,5,4,43.24,2,EASIER
6,51.98,101.72,2,2,49.14,4,EASIER
3,100.0,43.6,1,1,95.45,1,SAME
6,74.91,35.12,1,2,76.91,4,SAME
5,62.82,82.16,3,3,63.0,3,EASIER
7,41.14,192.03,3,2,36.14,5,EASIER
3,60.54,37.92,4,2,59.4,1,EASIER
7,39.77,89.73,3,3,36.18,5,EASIER
4,70.25,48.49,1,1,70.29,2,SAME
3,79.31,17.7,2,1,76.0,1,SAME
6,53.32,70.41,1,4,42.75,4,EASIER
5,86.9,34.61,1,0,90.42,3,HARDER
7,27.59,74.07,5,5,23.43,5,EASIER
3,78.42,22.46,4,2,74.65,1,EASIER
3,73.81,20.09,2,2,65.23,1,SAME
5,81.25,39.84,1,2,74.67,3,SAME
7,26.54,55.16,4,5,20.75,5,EASIER
5,55.36,153.11,2,2,52.18,3,EASIER
6,57.26,63.21,2,2,52.13,4,SAME
7,56.98,134.07,2,3,51.77,5,EASIER
7,42.16,42.94,2,4,34.53,5,EASIER
5,88.5,113.58,1,1,91.76,3,SAME
6,62.14,89.45,2,2,53.3,4,SAME
5,76.27,46.56,1,1,76.91,3,SAME
6,32.99,65.4,4,4,26.13,4,EASIER
5,56.85,89.19,4,4,52.18,3,EASIER
5,89.04,13.45,1,1,87.32,3,HARDER
5,38.73,38.57,5,4,34.67,3,EASIER
6,42.34,77.08,4,4,38.51,4,EASIER
6,46.1,76.62,4,2,39.04,4,EASIER
7,16.4,300.0,5,6,8.0,5,EASIER
6,52.48,68.8,2,2,47.11,4,EASIER
3,86.25,38.84,2,2,77.8,1,SAME
5,83.15,142.2,1,1,84.63,3,EASIER
4,54.06,52.08,5,5,51.96,2,EASIER
3,80.04,18.52,1,2,76.5,1,SAME
3,70.68,14.12,2,2,64.33,1,SAME
5,100.0,83.88,1,0,100.0,3,SAME
7,45.14,274.52,1,2,39.13,5,EASIER
5,81.07,76.0,1,1,74.43,3,SAME
5,54.77,106.8,1,2,48.17,3,EASIER
3,77.33,79.23,1,0,83.72,1,EASIER
6,78.26,126.74,1,2,78.94,4,SAME
3,59.29,15.32,4,3,57.38,1,EASIER
7,32.64,115.16,4,4,25.35,5,EASIER
7,42.98,236.34,3,2,35.84,5,EASIER
7,27.73,97.8,5,4,20.03,5,EASIER
4,79.83,77.11,2,2,77.39,2,EASIER
3,68.7,24.27,3,2,70.53,1,SAME
4,75.34,44.47,2,1,73.36,2,SAME
6,63.13,68.33,3,2,60.42,4,SAME
4,78.69,40.96,1,1,73.85,2,SAME
7,27.06,125.75,4,5,15.88,5,EASIER
3,78.18,12.22,2,2,70.09,1,SAME
3,79.05,20.54,1,1,69.56,1,SAME
4,78.54,21.28,1,0,79.47,2,SAME
6,49.06,66.36,4,3,52.27,4,EASIER
6,42.05,54.23,5,5,38.61,4,EASIER
4,85.08,61.14,2,0,86.67,2,SAME
6,56.76,139.61,1,2,56.47,4,SAME
6,60.55,109.74,2,3,56.42,4,EASIER
5,92.04,30.97,1,1,92.29,3,HARDER
5,66.56,55.25,3,2,66.09,3,SAME
3,100.0,13.73,1,1,98.65,1,EASIER
4,83.37,35.46,1,1,76.09,2,SAME
5,77.08,79.91,2,1,78.59,3,SAME
3,79.86,38.88,2,1,76.07,1,SAME
5,39.26,73.3,4,3,32.39,3,EASIER
3,95.6,43.77,1,0,94.74,1,SAME
6,73.1,93.86,1,1,71.73,4,SAME
3,90.42,22.53,1,0,93.13,1,HARDER
3,71.62,36.88,2,1,74.1,1,SAME
6,83.15,131.38,1,0,84.31,4,SAME
4,85.73,29.7,2,1,86.79,2,HARDER
4,76.43,45.41,1,1,75.06,2,EASIER
4,99.64,33.09,1,0,96.63,2,HARDER
4,99.05,14.78,1,0,100.0,2,HARDER
6,38.08,103.09,5,4,28.48,4,EASIER
6,46.58,41.83,3,3,38.34,4,EASIER
4,81.67,44.34,2,0,81.44,2,SAME
6,60.85,36.91,2,2,57.39,4,SAME
6,92.61,56.4,2,1,91.5,4,HARDER
5,65.65,46.8,1,2,67.82,3,SAME
5,69.44,105.14,4,2,65.67,3,EASIER
7,51.52,83.74,2,2,45.53,5,EASIER
5,74.43,34.07,1,1,74.21,3,SAME
4,53.17,45.1,4,3,53.93,2,EASIER
5,71.3,52.09,2,2,71.12,3,SAME
7,48.57,172.32,1,2,45.96,5,EASIER
6,67.45,48.45,1,2,64.11,4,SAME
3,75.91,27.46,1,1,77.19,1,SAME
5,36.91,196.94,2,4,27.04,3,EASIER
6,39.49,72.41,5,4,32.14,4,EASIER
4,98.05,41.49,1,1,93.66,2,HARDER
7,58.69,45.3,2,2,60.78,5,SAME
7,54.07,70.36,2,2,57.6,5,EASIER
7,82.14,143.89,2,2,83.44,5,SAME
3,57.4,21.59,2,2,53.69,1,SAME
5,78.38,78.62,1,1,72.05,3,SAME
5,38.16,71.58,5,4,32.67,3,EASIER
6,70.4,41.32,1,2,65.48,4,SAME
7,26.66,194.77,4,5,19.11,5,EASIER
4,69.51,21.19,2,2,66.91,2,SAME
5,72.91,39.72,2,0,77.14,3,SAME
6,46.03,92.39,4,4,40.41,4,EASIER
6,39.62,185.22,3,4,34.72,4,EASIER
6,34.12,48.65,4,5,30.81,4,EASIER
4,85.08,40.73,2,0,86.08,2,HARDER
7,38.49,121.94,4,3,32.37,5,EASIER
3,75.66,33.5,1,2,69.27,1,SAME
5,47.5,104.22,2,4,42.82,3,EASIER
6,51.91,66.46,4,4,48.29,4,EASIER
3,78.31,39.22,2,3,75.08,1,EASIER
5,60.41,112.05,3,2,58.85,3,SAME
5,70.19,140.26,5,3,71.25,3,EASIER
6,76.81,106.45,1,1,75.98,4,SAME
3,82.35,26.81,2,1,80.49,1,SAME
4,51.4,30.4,3,2,52.34,2,EASIER
4,100.0,19.14,1,0,100.0,2,HARDER
6,70.72,70.96,1,1,68.68,4,SAME
4,100.0,40.06,1,0,100.0,2,HARDER
5,46.97,54.94,4,4,38.48,3,EASIER
6,25.34,111.89,5,5,12.94,4,EASIER
6,57.72,38.5,5,3,55.88,4,EASIER
3,92.67,23.06,1,0,98.37,1,HARDER
7,47.6,300.0,3,2,50.65,5,EASIER
3,75.38,38.94,1,1,71.96,1,SAME
3,54.72,32.89,4,3,49.83,1,EASIER
3,57.29,29.75,4,3,47.22,1,EASIER
4,46.42,32.0,2,3,41.36,2,SAME
7,57.25,43.06,1,1,64.89,5,SAME
4,41.67,47.11,4,3,35.55,2,EASIER
6,42.83,22.96,5,5,41.31,4,EASIER
5,47.94,49.37,5,4,37.81,3,EASIER
3,80.14,24.96,1,1,79.35,1,SAME
5,82.61,46.48,1,1,81.6,3,SAME
3,88.49,65.7,1,0,91.59,1,EASIER
5,77.81,143.09,2,2,73.58,3,EASIER
5,73.22,96.71,4,2,64.57,3,EASIER
5,78.46,36.69,1,2,80.12,3,SAME
4,77.3,93.75,2,1,73.0,2,EASIER
6,45.93,113.14,5,5,35.41,4,EASIER
5,98.19,36.39,1,0,96.39,3,HARDER
4,61.45,38.59,2,2,54.87,2,SAME
5,53.92,93.22,3,4,44.99,3,EASIER
3,74.82,19.15,1,1,73.06,1,SAME
7,41.36,120.92,3,4,38.21,5,EASIER
6,50.57,96.67,3,3,45.32,4,EASIER
4,74.35,22.65,1,2,67.57,2,SAME
6,60.59,71.26,3,3,51.6,4,EASIER
6,47.53,48.11,5,4,44.7,4,EASIER
6,66.17,128.82,1,1,61.81,4,SAME
3,93.55,16.69,1,0,95.1,1,HARDER
7,80.97,131.31,1,1,78.36,5,SAME
7,45.96,52.5,4,3,42.89,5,EASIER
7,41.34,60.39,2,3,38.93,5,EASIER
7,47.27,58.81,2,3,43.88,5,EASIER
7,32.43,95.65,4,4,24.84,5,EASIER
6,77.92,90.06,2,2,75.0,4,SAME
3,84.1,29.41,1,1,81.38,1,EASIER
5,44.67,24.12,4,4,42.07,3,EASIER
4,71.42,35.1,1,2,70.01,2,SAME
4,63.67,26.7,3,3,54.3,2,EASIER
7,39.2,149.85,3,3,37.35,5,EASIER
7,47.59,96.8,2,3,44.22,5,EASIER
5,86.62,55.73,1,1,78.47,3,HARDER
6,52.78,55.66,3,3,46.08,4,EASIER
3,79.8,53.86,2,1,81.63,1,EASIER
4,78.22,20.79,3,2,75.95,2,SAME
7,58.05,90.08,3,3,57.46,5,EASIER
5,49.02,61.17,4,3,46.24,3,EASIER
5,90.26,51.21,1,1,89.76,3,HARDER
5,62.74,39.74,3,2,61.47,3,SAME
4,77.51,16.22,1,1,74.87,2,SAME
7,73.02,76.83,1,1,74.66,5,SAME
6,67.31,49.79,2,2,64.7,4,SAME
6,64.08,196.35,1,1,63.29,4,EASIER
4,74.24,110.17,1,0,78.34,2,EASIER
6,62.98,79.86,2,1,64.21,4,SAME
7,26.96,52.09,5,5,20.87,5,EASIER
6,36.6,120.36,5,5,27.17,4,EASIER
5,44.37,35.69,5,4,37.11,3,EASIER
4,86.68,29.36,1,1,85.22,2,HARDER
5,93.92,42.49,1,1,87.26,3,HARDER
4,82.06,30.03,1,0,84.09,2,SAME
6,64.64,68.19,3,2,60.53,4,HARDER
3,70.47,13.93,4,2,68.49,1,EASIER
3,100.0,18.29,1,0,98.13,1,HARDER
6,70.15,139.36,3,2,71.79,4,SAME
4,78.37,37.41,1,1,72.84,2,SAME
5,50.92,61.71,2,2,40.36,3,EASIER
5,42.29,19.21,4,3,40.86,3,EASIER
5,78.06,92.72,2,1,71.9,3,SAME
6,59.5,57.41,3,2,53.54,4,SAME
4,71.13,64.45,1,2,62.1,2,SAME
6,80.08,88.85,2,1,81.88,4,SAME
4,80.5,29.18,1,1,81.38,2,SAME
4,66.05,17.27,3,3,64.29,2,EASIER
5,57.8,170.2,2,2,58.49,3,EASIER
7,65.0,173.52,2,2,64.39,5,SAME
4,74.06,57.01,1,1,71.47,2,SAME
5,84.31,142.7,1,0,84.86,3,EASIER
3,95.98,27.62,1,0,98.39,1,HARDER
3,100.0,45.64,1,0,100.0,1,SAME
6,57.42,63.93,4,2,52.25,4,EASIER
6,70.8,120.33,1,1,69.45,4,SAME
4,63.66,28.26,5,3,59.58,2,EASIER
6,64.03,63.1,2,2,63.84,4,SAME
4,76.1,39.77,1,1,75.35,2,SAME
4,77.28,20.95,3,2,75.08,2,SAME
5,75.39,68.27,1,1,71.62,3,SAME
4,76.89,32.82,4,2,75.16,2,EASIER
7,62.5,37.91,3,3,56.84,5,EASIER
5,83.42,46.24,1,2,82.1,3,SAME
4,73.91,32.31,4,2,70.48,2,EASIER
5,79.99,88.46,1,1,76.07,3,SAME
6,74.48,95.11,1,2,70.8,4,SAME
4,60.07,75.03,3,4,52.44,2,EASIER
7,55.85,148.7,2,2,51.61,5,SAME
5,67.9,44.09,3,2,64.62,3,SAME
6,74.05,79.55,1,2,70.93,4,SAME
7,38.0,92.65,5,4,27.44,5,EASIER
5,71.05,73.85,2,1,73.3,3,SAME
3,100.0,25.67,1,0,98.5,1,HARDER
6,43.49,59.14,5,4,42.28,4,EASIER
3,91.17,25.1,2,1,91.16,1,HARDER
5,62.16,72.87,3,3,54.27,3,EASIER
7,52.76,64.72,3,3,45.61,5,EASIER
5,52.94,67.85,3,4,47.91,3,EASIER
6,63.74,36.08,1,2,57.8,4,SAME
5,61.43,100.25,2,1,63.18,3,SAME
4,67.96,48.68,1,2,66.67,2,SAME
4,82.06,81.72,1,0,88.87,2,EASIER
5,67.39,33.37,1,1,67.35,3,SAME
3,70.07,41.4,2,2,64.28,1,SAME
5,98.18,92.17,1,0,100.0,3,SAME
5,82.95,53.0,2,2,80.24,3,SAME
7,71.89,91.22,3,3,67.49,5,EASIER
3,89.63,15.42,1,0,91.13,1,HARDER
7,53.12,53.79,2,2,47.58,5,EASIER
5,81.86,39.99,1,1,81.87,3,SAME
6,74.75,42.68,1,1,75.07,4,SAME
5,54.26,127.78,3,2,52.25,3,EASIER
4,69.28,18.76,2,2,60.48,2,SAME
7,62.44,121.47,2,2,59.74,5,SAME
4,66.55,46.64,1,2,59.3,2,SAME
3,96.73,29.31,1,0,92.83,1,HARDER
6,65.66,103.37,1,1,60.8,4,SAME
6,75.06,134.14,1,0,74.42,4,SAME
7,61.47,87.84,3,3,56.13,5,EASIER
5,69.77,60.57,3,1,72.88,3,SAME
3,77.82,21.94,1,2,77.45,1,SAME
3,72.55,44.63,1,2,73.25,1,SAME
5,37.78,164.0,3,4,34.42,3,EASIER
4,79.08,21.68,1,1,74.03,2,SAME
7,47.25,37.02,1,3,40.58,5,EASIER
3,68.25,32.21,4,3,55.81,1,EASIER
7,46.35,200.71,1,3,41.82,5,EASIER
4,66.39,95.33,2,3,66.34,2,HARDER
3,82.35,34.72,2,2,79.53,1,SAME
4,85.68,73.23,1,1,80.79,2,SAME
3,79.18,52.33,1,2,73.73,1,EASIER
5,60.5,119.76,2,1,60.43,3,EASIER
4,86.45,57.5,1,1,83.5,2,SAME
5,75.75,30.75,1,1,77.12,3,HARDER
5,47.43,57.76,5,4,43.88,3,EASIER
3,97.32,28.57,1,0,96.58,1,HARDER
3,73.22,23.91,2,1,68.36,1,SAME
3,99.2,24.58,1,1,99.39,1,HARDER
3,100.0,50.21,2,1,96.51,1,EASIER
3,93.16,17.85,1,0,94.69,1,HARDER
4,70.75,55.32,2,1,71.11,2,SAME
5,53.35,67.84,2,2,48.77,3,EASIER
4,78.58,25.39,1,1,81.87,2,SAME
4,74.03,22.91,3,1,71.74,2,SAME
5,54.75,24.99,4,3,53.17,3,EASIER
5,75.17,73.76,1,1,76.09,3,SAME
4,82.81,36.89,1,0,81.95,2,SAME
4,64.56,25.78,3,3,56.55,2,EASIER
5,76.38,22.91,1,0,76.48,3,SAME
3,66.69,30.31,3,1,67.59,1,SAME
5,78.09,53.22,1,1,76.02,3,SAME
7,64.72,75.91,1,3,59.18,5,EASIER
4,99.38,24.15,1,0,100.0,2,HARDER
3,81.55,22.48,1,1,80.87,1,SAME
6,62.26,104.7,3,3,55.49,4,EASIER
3,99.32,21.59,1,0,95.01,1,HARDER
3,66.25,14.73,4,3,63.55,1,EASIER
3,82.66,24.36,1,1,78.89,1,SAME
7,49.82,198.01,4,4,42.38,5,EASIER
7,34.49,114.49,3,4,31.7,5,EASIER
5,67.9,60.0,1,2,72.83,3,SAME
6,30.21,69.23,5,4,30.39,4,EASIER
6,55.57,51.63,2,2,52.65,4,SAME
6,60.41,50.74,2,2,61.89,4,EASIER
5,93.32,25.48,1,0,89.13,3,HARDER
7,43.27,213.21,2,3,38.01,5,EASIER
6,91.35,104.29,1,0,90.11,4,HARDER
3,99.83,25.93,1,1,96.57,1,HARDER
4,57.0,43.66,4,3,53.11,2,EASIER
7,34.76,134.77,4,4,29.93,5,EASIER
5,58.16,40.32,4,3,52.59,3,EASIER
4,77.84,32.61,2,2,75.37,2,SAME
7,36.19,86.49,3,4,27.43,5,EASIER
6,16.53,300.0,5,6,0.0,4,EASIER
5,49.93,96.11,2,2,47.32,3,EASIER
5,74.94,63.03,4,3,71.72,3,EASIER
3,89.86,45.91,1,1,91.15,1,SAME
4,71.17,68.05,2,2,64.32,2,SAME
5,62.64,29.29,2,2,55.39,3,SAME
7,56.87,99.19,1,2,47.59,5,EASIER
4,67.87,37.71,1,2,65.97,2,SAME
3,77.17,32.82,3,2,71.93,1,SAME
5,78.54,51.91,2,1,75.07,3,SAME
7,80.24,106.14,1,0,82.02,5,SAME
5,57.72,46.16,5,3,57.51,3,EASIER
4,69.3,62.21,4,2,64.75,2,EASIER
6,68.83,38.71,3,2,68.4,4,SAME
6,68.29,65.66,1,1,68.26,4,SAME
4,69.25,15.98,1,1,72.3,2,SAME
7,43.56,63.9,5,3,40.17,5,EASIER
5,68.35,67.86,1,1,64.83,3,SAME
3,88.69,29.03,1,1,85.26,1,HARDER
5,65.87,49.67,1,2,67.39,3,SAME
7,47.12,206.66,4,3,48.47,5,EASIER
4,90.65,71.81,1,0,87.94,2,SAME
5,40.57,56.05,4,4,29.11,3,EASIER
6,49.21,93.4,4,3,45.94,4,EASIER
6,53.45,64.81,5,4,43.8,4,EASIER
7,50.96,157.61,2,3,42.67,5,EASIER
3,89.84,14.7,1,2,84.36,1,SAME
5,73.99,141.09,2,1,70.75,3,EASIER
5,42.57,101.98,5,4,31.65,3,EASIER
3,89.06,14.66,1,1,89.88,1,HARDER
6,71.64,54.4,2,1,69.41,4,SAME
3,71.51,30.15,2,2,69.87,1,HARDER
5,62.48,49.06,2,2,57.45,3,SAME
4,64.3,49.08,1,1,63.18,2,SAME
3,100.0,21.31,1,0,99.63,1,HARDER
7,45.69,257.11,2,2,44.21,5,EASIER
4,95.54,38.15,1,0,92.13,2,HARDER
4,64.44,118.54,1,1,65.58,2,EASIER
7,59.15,155.55,3,2,55.98,5,SAME
7,59.76,53.68,1,2,54.55,5,SAME
3,100.0,63.27,1,0,100.0,1,EASIER
4,79.73,63.69,1,1,81.59,2,SAME
6,56.64,99.92,1,2,55.87,4,SAME
6,65.33,114.77,3,2,65.01,4,SAME
7,49.66,58.58,3,2,46.83,5,EASIER
5,57.1,23.74,2,3,49.98,3,EASIER
3,71.91,24.54,1,3,66.86,1,EASIER
7,57.53,237.44,1,2,54.65,5,EASIER
3,82.31,29.81,2,1,83.96,1,SAME
3,89.99,53.49,1,0,87.56,1,EASIER
6,66.09,163.0,1,2,66.39,4,SAME
6,54.36,82.88,3,3,52.82,4,EASIER
3,92.79,42.34,1,1,95.24,1,SAME
3,95.99,49.23,1,0,98.33,1,SAME
5,75.37,55.74,1,1,73.78,3,SAME
4,89.71,34.37,1,0,88.01,2,HARDER
6,54.8,88.21,4,3,54.5,4,EASIER
5,74.77,17.58,3,1,74.86,3,SAME
5,51.75,66.64,1,3,42.7,3,EASIER
5,70.28,82.85,1,2,70.97,3,SAME
4,89.85,40.67,1,0,89.96,2,HARDER
4,99.52,44.68,2,1,99.07,2,HARDER
6,68.99,80.17,3,3,70.15,4,EASIER
5,90.23,21.58,1,0,89.71,3,HARDER
5,72.3,132.08,5,3,61.99,3,EASIER
5,62.06,48.35,3,2,59.74,3,SAME
4,99.78,28.42,2,0,98.21,2,HARDER
7,32.69,234.77,5,3,27.37,5,EASIER
5,63.33,94.15,1,1,59.66,3,SAME
6,50.19,94.51,1,3,40.8,4,EASIER
7,48.84,170.34,2,2,47.84,5,EASIER
7,70.27,59.68,1,1,73.31,5,SAME
6,67.08,78.62,1,1,67.04,4,SAME
6,36.99,160.78,5,4,28.54,4,EASIER
5,77.09,41.48,4,2,73.94,3,EASIER
6,63.5,48.79,2,2,68.27,4,SAME
4,98.49,39.43,2,0,100.0,2,EASIER
6,78.15,86.47,1,1,76.85,4,SAME
3,100.0,33.35,1,0,96.38,1,HARDER
7,53.52,52.85,2,2,50.88,5,EASIER
4,76.19,11.47,2,2,71.97,2,SAME
6,52.16,132.39,3,4,48.44,4,EASIER
3,89.04,15.44,1,0,88.83,1,HARDER
3,83.16,19.06,3,2,84.03,1,SAME
7,77.2,34.08,1,1,79.91,5,SAME
7,76.4,195.58,2,1,69.74,5,SAME
4,75.77,44.8,1,2,74.12,2,SAME
3,75.69,28.7,3,2,77.2,1,SAME
7,65.33,132.14,2,2,65.53,5,HARDER
7,56.68,36.44,2,2,46.91,5,EASIER
3,47.75,16.13,5,3,48.91,1,EASIER
6,71.74,64.83,2,2,64.39,4,SAME
4,75.17,26.73,1,2,66.8,2,SAME
6,72.16,71.2,1,1,65.56,4,SAME
5,88.33,65.52,2,1,88.51,3,HARDER
3,89.63,39.12,2,2,83.75,1,SAME
4,69.93,18.95,4,2,64.59,2,EASIER
5,93.42,57.75,1,0,91.7,3,HARDER
6,51.7,118.71,3,3,50.77,4,EASIER
3,93.77,16.57,1,0,95.89,1,HARDER
7,40.04,100.83,4,3,31.58,5,EASIER
6,76.84,104.51,1,0,74.52,4,SAME
7,48.3,112.69,1,2,40.55,5,EASIER
7,42.26,161.73,2,3,35.6,5,EASIER
3,76.28,26.08,3,2,74.54,1,SAME
3,96.64,21.76,1,2,92.73,1,SAME
6,90.94,44.56,1,1,85.97,4,HARDER
3,79.94,27.91,1,1,81.09,1,SAME
3,61.2,26.14,5,3,56.81,1,EASIER
5,72.81,35.48,2,2,66.94,3,SAME
7,19.01,153.81,5,5,16.03,5,EASIER
6,55.64,158.55,1,2,53.62,4,SAME
5,50.25,41.83,2,3,45.56,3,EASIER
3,96.09,18.08,1,0,97.35,1,HARDER
4,75.15,26.53,1,1,69.26,2,SAME
6,76.5,34.25,2,1,70.5,4,SAME
3,91.73,61.0,1,0,89.44,1,EASIER
5,74.88,46.44,1,2,74.47,3,SAME
3,81.75,17.06,1,1,78.33,1,SAME
4,81.22,22.38,2,1,78.54,2,SAME
4,81.2,31.67,1,0,87.16,2,SAME
6,68.93,57.12,2,2,61.04,4,SAME
7,37.04,245.24,5,5,32.19,5,EASIER
3,74.65,14.34,2,1,69.62,1,SAME
6,51.23,36.84,3,2,51.05,4,EASIER
6,81.89,109.25,1,1,78.11,4,SAME
7,57.3,105.64,4,3,52.35,5,HARDER
7,52.38,99.19,1,3,45.15,5,EASIER
3,80.2,32.07,1,0,76.0,1,SAME
6,53.17,88.04,2,2,46.82,4,EASIER
5,58.62,56.67,4,3,53.61,3,EASIER
3,74.7,13.37,1,1,71.57,1,SAME
4,84.37,17.35,1,1,79.26,2,SAME
7,62.56,76.46,1,2,60.74,5,SAME
5,70.24,33.91,1,2,61.43,3,SAME
4,84.58,43.13,1,2,81.99,2,SAME
4,84.97,16.32,1,1,81.86,2,SAME
7,38.07,87.78,4,3,35.14,5,EASIER
4,100.0,35.03,1,0,100.0,2,HARDER
3,85.52,24.56,1,0,83.68,1,HARDER
5,76.45,70.66,1,1,73.85,3,SAME
7,56.38,93.74,1,2,54.99,5,SAME
3,100.0,18.58,1,0,100.0,1,HARDER
4,69.11,68.2,1,1,69.85,2,SAME
5,78.63,49.5,1,1,74.68,3,SAME
3,78.26,47.01,1,2,76.85,1,SAME
6,51.14,69.25,1,3,47.05,4,EASIER
4,62.64,37.71,3,3,59.09,2,EASIER
3,69.01,23.5,3,3,63.1,1,EASIER
4,89.56,42.36,1,1,86.99,2,HARDER
7,53.69,89.09,1,2,47.69,5,EASIER
7,32.7,118.02,2,4,28.28,5,EASIER
5,42.87,123.74,2,3,38.45,3,EASIER
5,75.63,97.48,1,1,74.22,3,SAME
7,61.18,199.11,1,2,55.35,5,SAME
3,91.93,13.76,1,0,93.39,1,HARDER
6,51.32,44.39,3,3,43.25,4,EASIER
6,65.69,91.83,2,2,64.52,4,HARDER
6,32.44,122.43,3,4,21.58,4,EASIER
4,61.85,29.77,1,2,64.5,2,SAME
6,46.96,57.05,2,3,50.82,4,EASIER
6,47.04,169.27,3,4,43.69,4,EASIER
7,53.54,162.76,3,4,47.35,5,EASIER
3,77.72,40.03,1,1,73.82,1,SAME
6,53.17,65.18,2,2,47.43,4,EASIER
7,69.95,84.36,1,1,67.69,5,SAME
4,63.69,59.36,3,3,61.17,2,EASIER
6,71.99,71.53,1,1,70.37,4,SAME
3,77.09,19.05,3,1,84.96,1,SAME
6,35.29,51.0,4,4,28.04,4,EASIER
6,82.73,62.86,2,1,80.17,4,SAME
3,65.33,36.9,3,2,61.89,1,SAME
3,100.0,12.77,1,0,100.0,1,HARDER
6,73.47,113.73,1,1,69.8,4,SAME
4,87.0,27.24,1,1,88.06,2,HARDER
5,46.61,52.27,3,3,37.1,3,EASIER
3,72.76,23.42,4,2,73.9,1,EASIER
7,55.11,99.3,2,2,52.66,5,SAME
5,74.5,50.32,1,1,71.63,3,SAME
7,48.67,87.91,1,3,47.98,5,EASIER
3,99.63,19.39,1,0,100.0,1,HARDER
4,84.52,70.66,2,1,80.49,2,SAME
6,37.09,83.08,3,4,29.28,4,EASIER
6,42.4,76.8,4,3,36.16,4,EASIER
6,66.84,58.64,1,3,63.87,4,EASIER
7,52.74,89.67,3,2,51.39,5,HARDER
7,64.58,78.97,1,2,60.42,5,SAME
3,81.4,35.14,2,3,77.32,1,EASIER
4,82.34,26.67,2,1,90.44,2,SAME
7,69.54,32.93,3,2,63.37,5,SAME
5,66.62,59.7,2,1,64.36,3,SAME
7,74.36,96.18,1,1,74.61,5,SAME
5,68.29,43.4,5,3,67.81,3,EASIER
3,100.0,37.51,1,0,99.74,1,SAME
5,70.24,14.99,3,3,60.33,3,EASIER
7,58.0,264.42,1,1,60.99,5,EASIER
6,69.94,141.9,1,2,70.51,4,SAME
3,100.0,18.9,1,0,99.31,1,HARDER
4,72.74,30.74,2,2,71.1,2,SAME
7,49.05,147.44,2,3,49.72,5,EASIER
7,45.74,149.61,2,2,43.05,5,EASIER
6,89.84,58.97,2,1,89.51,4,HARDER
3,100.0,12.18,1,0,100.0,1,HARDER
6,50.23,246.12,1,2,44.84,4,EASIER
7,22.62,188.59,4,4,15.55,5,EASIER
6,46.26,88.97,4,3,45.17,4,EASIER
5,77.36,63.27,1,1,74.09,3,SAME
5,50.13,78.89,5,4,47.09,3,EASIER
4,37.81,53.83,5,4,31.36,2,EASIER
4,68.87,14.25,2,2,64.85,2,SAME
6,62.37,68.32,4,3,63.32,4,EASIER
3,96.73,20.42,1,0,96.85,1,HARDER
3,82.31,23.27,1,0,78.18,1,SAME
4,93.31,54.59,1,0,93.69,2,SAME
6,73.75,32.33,2,2,64.93,4,SAME
6,94.46,40.66,1,1,96.24,4,HARDER
5,53.62,41.39,4,4,42.72,3,EASIER
5,41.22,62.6,5,4,33.01,3,EASIER
3,87.47,36.2,1,1,91.4,1,SAME
4,83.68,81.8,2,2,79.98,2,EASIER
3,62.21,22.01,3,2,61.53,1,SAME
6,52.5,126.29,3,3,47.01,4,EASIER
6,67.5,118.63,1,2,65.97,4,SAME
4,76.73,49.02,4,3,69.61,2,EASIER
4,71.09,37.57,2,2,67.44,2,SAME
4,82.38,31.49,1,1,76.76,2,SAME
7,68.75,62.67,1,2,66.42,5,SAME
5,56.23,33.13,3,2,55.68,3,SAME
6,59.94,98.22,1,3,55.71,4,EASIER
5,76.6,56.46,4,3,72.91,3,EASIER
6,55.13,66.07,4,3,47.38,4,EASIER
5,88.56,80.6,1,1,90.19,3,SAME
4,91.99,34.58,1,0,94.66,2,HARDER
7,47.71,68.09,3,3,45.18,5,EASIER
6,63.34,71.39,1,1,58.12,4,SAME
6,53.3,125.64,2,2,53.34,4,EASIER
7,26.92,64.12,5,5,20.9,5,EASIER
4,68.66,41.93,2,1,66.16,2,SAME
3,81.42,24.39,1,0,81.61,1,SAME
5,64.59,39.8,4,2,59.7,3,EASIER
4,45.43,33.11,5,3,41.03,2,EASIER
5,71.32,26.64,4,3,68.21,3,EASIER
4,92.13,40.01,1,0,92.61,2,EASIER
4,91.4,20.01,1,1,96.11,2,HARDER
4,77.63,62.91,2,1,75.55,2,SAME
4,88.58,36.39,1,0,88.37,2,HARDER
6,58.35,60.91,2,2,51.45,4,SAME
5,50.12,103.02,3,3,45.94,3,EASIER
5,44.11,34.8,5,4,36.95,3,EASIER
3,75.57,17.92,1,0,73.11,1,SAME
5,61.04,23.45,4,4,57.68,3,EASIER
3,77.43,44.77,1,2,77.21,1,SAME
4,79.88,91.64,2,1,79.04,2,EASIER
5,84.48,25.33,1,1,82.2,3,SAME
3,92.86,17.39,1,1,93.11,1,HARDER
4,64.33,39.27,3,4,62.33,2,EASIER
4,67.7,29.82,2,2,68.1,2,SAME
7,34.02,110.1,4,4,27.86,5,EASIER
7,52.83,105.05,1,2,52.2,5,EASIER
3,89.47,29.97,1,0,91.4,1,HARDER
6,68.79,49.75,1,2,70.97,4,SAME
6,76.28,90.64,3,2,78.89,4,SAME
4,97.44,22.49,2,1,95.08,2,HARDER
5,86.8,47.3,2,1,87.67,3,HARDER
6,67.81,33.24,1,0,64.83,4,SAME
4,68.44,31.42,1,1,67.83,2,SAME
3,92.03,19.38,1,0,92.89,1,HARDER
4,79.58,59.21,1,1,78.11,2,SAME
4,63.42,36.96,4,2,62.68,2,EASIER
4,88.57,40.25,1,0,88.76,2,HARDER
4,91.74,37.6,1,0,91.36,2,HARDER
3,63.44,9.69,2,3,55.46,1,EASIER
7,49.25,37.72,5,3,42.61,5,EASIER
3,93.53,21.69,2,0,95.87,1,HARDER
6,62.67,94.78,1,1,59.2,4,SAME
6,72.79,72.57,2,1,72.47,4,SAME
6,67.23,52.32,1,1,66.76,4,SAME
7,63.38,98.25,1,1,58.76,5,SAME
3,81.38,21.61,2,1,83.8,1,SAME
4,60.69,54.8,3,2,59.08,2,SAME
3,75.43,34.49,1,0,75.54,1,SAME
5,93.07,44.1,3,1,91.57,3,SAME
6,62.91,79.9,3,2,55.06,4,SAME
7,49.07,130.19,3,3,39.5,5,EASIER
4,100.0,46.39,1,0,100.0,2,HARDER
4,33.93,82.62,5,4,25.91,2,EASIER
7,53.3,110.29,2,2,48.22,5,EASIER
6,57.73,150.58,1,2,49.51,4,EASIER
6,64.58,44.86,1,1,65.35,4,SAME
5,70.34,42.3,2,3,66.13,3,EASIER
5,51.18,20.15,4,3,47.39,3,EASIER
4,64.19,40.8,1,2,62.27,2,SAME
6,56.21,114.83,1,2,54.49,4,SAME
4,52.87,11.43,4,2,49.58,2,EASIER
7,43.14,124.1,3,3,38.19,5,EASIER
3,57.89,32.71,4,3,52.27,1,EASIER
5,59.6,76.05,3,4,48.87,3,EASIER
4,75.38,21.66,2,2,68.29,2,SAME
6,36.05,122.58,2,4,35.36,4,EASIER
6,58.17,82.4,1,2,59.92,4,SAME
7,47.98,154.56,3,4,35.03,5,EASIER
6,61.78,76.81,2,3,58.58,4,EASIER
4,64.07,45.45,1,0,60.46,2,SAME
4,90.77,64.0,1,0,97.67,2,SAME
7,69.68,100.21,1,1,64.89,5,SAME
5,94.93,66.76,2,0,96.43,3,HARDER
3,100.0,43.6,1,0,100.0,1,SAME
7,32.62,104.16,4,5,26.93,5,SAME
6,68.6,45.67,1,1,70.29,4,SAME
3,89.65,33.77,1,0,86.54,1,SAME
6,69.75,172.92,2,2,71.27,4,EASIER
6,60.59,160.27,1,2,55.5,4,SAME
6,74.85,118.93,2,2,66.66,4,SAME
7,59.12,31.22,2,1,56.19,5,SAME
5,54.22,42.34,3,3,49.26,3,EASIER
5,64.03,43.43,1,1,66.09,3,SAME
6,60.04,83.94,4,2,58.92,4,EASIER
3,98.41,52.99,1,0,100.0,1,EASIER
3,100.0,15.46,1,1,96.37,1,HARDER
7,5.56,300.0,3,5,1.55,5,EASIER
4,82.57,31.75,1,0,83.92,2,SAME
5,90.79,39.68,1,0,92.37,3,HARDER
4,66.78,56.53,1,1,69.3,2,SAME
4,88.6,58.67,1,0,87.13,2,SAME
5,69.15,80.01,1,1,72.96,3,SAME
7,24.65,73.64,5,4,20.63,5,EASIER
5,67.69,74.36,1,1,68.98,3,SAME
3,93.38,15.78,3,1,92.76,1,SAME
4,72.85,26.12,4,3,67.39,2,EASIER
3,88.71,23.97,1,0,95.49,1,HARDER
7,66.21,71.64,4,3,61.62,5,EASIER
4,34.35,62.33,5,4,26.34,2,EASIER
4,76.96,28.96,1,1,72.59,2,SAME
3,100.0,22.66,1,0,100.0,1,HARDER
5,61.02,37.52,3,3,58.69,3,EASIER
7,32.91,197.16,4,4,23.3,5,EASIER
5,61.67,41.71,3,2,58.12,3,SAME
6,52.65,148.5,2,2,49.44,4,EASIER
3,99.0,40.22,1,0,96.82,1,SAME
3,73.92,20.5,2,2,73.09,1,SAME
6,92.48,83.27,2,0,92.11,4,HARDER
3,67.44,20.25,2,1,66.07,1,SAME
5,87.17,75.99,2,0,83.97,3,HARDER
4,93.08,34.68,1,1,89.92,2,HARDER
3,68.49,20.76,3,3,61.02,1,EASIER
5,72.72,59.34,2,2,77.76,3,SAME
7,58.29,47.28,3,2,47.44,5,EASIER
3,75.89,24.17,4,2,70.97,1,EASIER
7,31.28,159.58,2,3,26.78,5,EASIER
5,66.92,62.1,3,2,62.43,3,SAME
6,43.53,134.5,2,3,39.84,4,EASIER
3,100.0,21.14,1,0,97.48,1,HARDER
7,53.77,87.2,4,3,50.26,5,EASIER
3,60.94,15.21,3,3,60.22,1,EASIER
7,34.26,89.78,2,2,25.3,5,EASIER
6,33.97,227.92,4,5,24.9,4,EASIER
4,80.93,43.25,1,0,79.58,2,SAME
3,83.09,19.27,2,1,86.23,1,EASIER
6,53.63,48.6,4,3,50.02,4,EASIER
3,81.3,12.27,2,1,77.21,1,SAME
6,57.14,53.25,3,3,52.99,4,EASIER
6,36.66,121.69,4,5,24.78,4,EASIER
4,72.7,31.09,1,1,75.88,2,SAME
4,83.64,24.22,2,1,83.36,2,SAME
4,82.72,25.51,2,1,80.97,2,SAME
4,71.98,51.56,2,2,69.94,2,SAME
3,57.42,24.11,4,3,52.12,1,EASIER
4,100.0,28.3,1,0,96.97,2,HARDER
6,88.82,69.85,1,0,87.35,4,HARDER
4,77.0,107.16,3,2,77.25,2,EASIER
6,71.15,154.61,1,1,69.73,4,SAME
7,19.03,249.36,4,5,12.59,5,EASIER
6,56.09,32.97,5,3,54.98,4,EASIER
5,69.37,53.82,3,2,68.88,3,SAME
4,65.73,28.07,2,2,61.15,2,SAME
7,39.67,150.64,5,5,34.59,5,EASIER
4,76.42,62.53,1,1,75.42,2,SAME
5,85.31,68.17,1,0,82.69,3,HARDER
5,75.59,37.66,3,2,74.72,3,SAME
6,61.72,58.15,3,3,60.07,4,EASIER
5,45.15,78.86,4,3,35.85,3,EASIER
6,66.82,119.24,2,1,62.28,4,SAME
7,68.46,120.94,1,1,64.26,5,SAME
4,76.09,40.39,1,1,80.58,2,SAME
7,52.0,115.1,2,2,46.71,5,EASIER
3,100.0,28.18,2,0,94.53,1,HARDER
7,62.94,165.45,3,3,54.78,5,EASIER
3,83.33,33.09,1,0,85.69,1,SAME
7,33.65,113.45,2,4,25.68,5,EASIER
4,100.0,37.13,1,1,95.95,2,HARDER
7,72.32,106.8,3,2,64.22,5,EASIER
3,100.0,17.67,2,0,100.0,1,HARDER
5,45.1,39.17,5,4,41.72,3,EASIER
7,53.29,150.65,3,4,47.96,5,EASIER
3,79.83,18.2,1,1,75.53,1,SAME
4,94.48,55.71,1,0,92.73,2,SAME
3,83.6,24.44,1,2,78.81,1,SAME
4,68.58,55.86,2,1,66.3,2,SAME
4,82.0,51.26,1,1,78.16,2,SAME
6,53.23,127.11,2,3,45.65,4,EASIER
4,78.08,30.38,3,2,75.0,2,SAME
3,73.21,29.99,2,1,76.03,1,SAME
3,100.0,34.72,1,0,96.56,1,SAME
7,55.06,48.09,3,3,51.15,5,EASIER
7,31.46,283.13,3,4,28.88,5,EASIER
4,67.48,110.23,1,1,66.42,2,EASIER
3,71.54,38.11,3,1,70.43,1,EASIER
3,86.85,35.78,1,1,82.92,1,SAME
7,56.63,154.37,1,3,54.55,5,EASIER
6,57.55,69.31,2,3,56.24,4,EASIER
6,53.95,77.43,2,3,53.47,4,EASIER
4,85.23,59.79,2,1,85.54,2,SAME
6,57.54,49.43,5,3,51.89,4,EASIER
3,80.52,15.59,1,0,80.35,1,SAME
6,69.46,66.69,1,2,63.67,4,SAME
5,55.43,80.26,1,2,52.9,3,SAME
4,78.0,25.29,1,0,78.93,2,SAME
6,70.66,72.93,4,2,69.02,4,EASIER
6,76.2,77.58,2,1,78.7,4,SAME
5,83.81,35.15,1,1,82.48,3,SAME
3,70.28,8.44,2,2,65.1,1,SAME
3,75.33,15.83,2,2,71.82,1,SAME
7,27.96,129.11,5,4,22.92,5,EASIER
4,94.46,47.75,1,1,95.26,2,HARDER
4,90.52,47.94,2,0,89.36,2,HARDER
6,67.65,112.58,1,2,63.43,4,SAME
4,80.0,28.31,3,2,78.88,2,SAME
4,55.01,25.6,4,3,48.14,2,EASIER
6,58.23,99.66,3,4,53.59,4,EASIER
5,81.65,52.23,2,1,82.82,3,SAME
6,69.71,131.42,3,2,66.76,4,SAME
3,77.0,29.62,1,2,75.99,1,SAME
5,81.98,109.5,2,1,77.32,3,SAME
5,89.67,46.06,3,1,87.43,3,SAME
6,21.68,142.86,5,5,11.5,4,EASIER
3,62.81,61.82,2,2,61.39,1,EASIER
3,100.0,25.61,1,0,92.55,1,HARDER
6,57.17,106.31,2,3,55.07,4,EASIER
6,54.33,50.54,3,3,47.84,4,EASIER
7,71.2,182.32,1,1,67.35,5,SAME
4,72.92,64.6,1,1,75.16,2,SAME
7,66.79,85.54,1,0,66.33,5,SAME
4,68.89,50.05,1,1,66.0,2,SAME
6,79.44,94.88,1,1,78.83,4,SAME
3,100.0,29.75,1,1,99.01,1,HARDER
7,32.88,174.35,5,5,24.97,5,EASIER
4,84.29,48.5,1,1,85.97,2,SAME
7,56.83,103.83,2,2,47.06,5,EASIER
4,81.65,56.22,1,0,78.47,2,SAME
6,51.05,146.19,3,3,43.45,4,EASIER
5,59.58,44.08,5,3,59.87,3,EASIER
3,64.35,24.98,2,1,66.95,1,SAME
3,97.17,11.38,3,0,97.59,1,SAME
6,70.73,111.07,1,1,69.07,4,SAME
3,100.0,43.08,1,0,98.97,1,SAME
4,73.75,33.67,3,1,75.36,2,SAME
5,77.79,61.96,1,0,74.2,3,SAME
4,91.88,34.26,1,1,93.05,2,HARDER
3,77.24,21.07,1,1,80.68,1,SAME
6,30.4,92.52,5,4,25.03,4,EASIER
6,61.78,54.54,2,2,59.67,4,SAME
6,43.81,72.56,5,4,38.28,4,EASIER
7,61.33,68.41,3,3,55.58,5,EASIER
3,91.24,32.49,1,0,86.34,1,EASIER
5,93.37,65.29,1,0,93.82,3,HARDER
4,55.54,31.03,1,1,52.13,2,SAME
7,83.68,114.29,1,0,81.03,5,SAME
5,73.46,52.0,1,1,71.34,3,SAME
3,97.16,41.59,1,0,99.32,1,SAME
6,77.17,65.2,2,1,76.94,4,SAME
3,75.85,33.16,1,1,75.44,1,SAME
4,72.87,27.28,5,2,71.85,2,EASIER
6,75.81,125.23,1,1,75.5,4,SAME
5,66.38,96.92,5,4,63.04,3,EASIER
6,52.85,144.12,3,2,53.1,4,EASIER
5,58.97,120.13,3,2,58.64,3,EASIER
7,40.27,131.35,3,3,33.66,5,EASIER
5,66.3,107.04,1,2,65.77,3,SAME
3,81.15,51.5,2,1,78.31,1,EASIER
3,90.39,15.17,2,0,87.5,1,HARDER
6,65.23,59.92,3,2,60.32,4,SAME
3,65.86,12.85,3,2,60.16,1,SAME
4,81.89,62.57,1,1,82.96,2,SAME
3,72.45,12.78,4,2,70.21,1,EASIER
4,40.27,16.46,4,4,37.49,2,SAME
5,66.42,33.69,4,3,65.15,3,EASIER
3,81.08,11.53,2,2,77.7,1,SAME
5,56.41,66.36,4,2,55.46,3,EASIER
7,65.94,62.02,3,3,57.21,5,EASIER
3,79.96,11.78,1,1,75.86,1,SAME
3,67.33,24.54,3,2,59.95,1,SAME
4,59.69,38.31,1,2,53.96,2,SAME
7,35.03,40.43,5,4,26.68,5,EASIER
5,82.83,40.74,2,1,79.75,3,SAME
6,47.58,78.88,1,3,41.7,4,EASIER
3,79.39,21.33,1,1,75.76,1,SAME
6,58.55,69.09,3,4,49.28,4,EASIER
3,84.28,42.25,1,1,85.69,1,SAME
6,38.3,250.37,3,4,31.81,4,EASIER
3,92.43,21.75,1,1,92.56,1,HARDER
7,62.94,54.49,4,3,56.23,5,EASIER
4,85.19,34.03,1,1,80.54,2,HARDER
3,93.2,27.26,1,1,94.78,1,HARDER
4,90.04,37.06,1,2,90.54,2,SAME
3,68.69,32.81,1,2,66.44,1,SAME
3,83.96,66.9,2,1,82.17,1,EASIER
5,53.78,24.84,2,3,54.08,3,SAME
4,78.04,29.94,2,1,79.82,2,SAME
4,86.54,78.41,2,0,85.83,2,EASIER
7,52.15,84.27,2,2,46.22,5,EASIER
3,87.71,35.52,3,1,90.52,1,SAME
4,57.69,51.12,2,3,45.83,2,EASIER
3,92.31,43.35,1,0,92.01,1,SAME
5,66.63,149.54,2,1,63.76,3,EASIER
4,54.56,44.44,1,3,48.0,2,EASIER
3,96.37,11.5,1,1,92.44,1,HARDER
3,57.88,18.31,1,1,56.04,1,SAME
7,36.55,300.0,3,5,32.25,5,EASIER
3,95.61,13.32,1,0,93.1,1,HARDER
6,57.06,106.17,2,1,60.17,4,SAME
7,51.52,28.45,3,2,47.56,5,EASIER
5,88.59,29.71,3,1,83.12,3,SAME
4,77.08,57.65,1,1,73.16,2,SAME
6,57.68,83.55,1,2,53.03,4,SAME
7,72.13,91.23,3,2,67.59,5,SAME
3,92.78,17.4,1,0,89.48,1,HARDER
7,62.36,37.73,3,3,59.71,5,EASIER
7,27.44,163.43,3,4,23.24,5,EASIER
3,63.32,22.04,1,2,59.79,1,SAME
3,73.83,12.7,2,2,67.41,1,SAME
6,61.3,83.3,2,2,56.35,4,SAME
3,84.01,32.38,1,0,84.05,1,SAME
6,50.58,73.87,3,2,43.61,4,EASIER
3,69.63,26.32,1,2,62.72,1,SAME
6,58.61,83.64,3,3,53.17,4,EASIER
4,67.42,27.26,3,2,59.76,2,SAME
3,66.03,25.61,1,1,66.52,1,SAME
3,65.1,34.68,4,3,60.99,1,EASIER
3,66.64,39.62,4,2,67.6,1,EASIER
5,86.7,85.79,1,0,82.92,3,SAME
3,70.35,18.51,3,3,63.75,1,EASIER
7,63.24,158.42,2,2,62.52,5,SAME
6,49.92,104.46,5,4,46.2,4,SAME
4,54.19,27.22,4,2,46.38,2,EASIER
7,63.66,86.96,2,1,66.7,5,SAME
6,73.02,116.76,2,1,69.13,4,SAME
6,61.39,167.79,3,2,62.55,4,EASIER
3,94.07,11.16,1,0,93.31,1,HARDER
6,46.17,192.4,3,3,44.28,4,EASIER
5,51.52,103.2,2,3,40.67,3,EASIER
7,61.18,124.84,3,3,68.62,5,EASIER
5,61.05,51.48,1,2,58.0,3,SAME
6,45.83,100.46,4,3,45.26,4,EASIER
4,89.06,28.12,2,0,89.3,2,HARDER
3,72.11,23.1,2,1,71.74,1,SAME
3,83.01,12.97,2,1,84.53,1,SAME
7,24.72,43.35,4,5,22.48,5,EASIER
6,43.58,275.76,2,3,39.08,4,EASIER
4,72.99,39.14,1,2,74.8,2,SAME
6,53.67,91.16,2,2,50.75,4,EASIER
3,96.34,24.66,1,0,98.17,1,HARDER
3,97.33,17.3,1,0,98.02,1,HARDER
5,56.75,49.82,3,2,54.37,3,SAME
6,72.77,85.98,1,1,70.63,4,SAME
7,51.02,100.62,2,2,47.08,5,EASIER
6,52.18,55.46,3,2,48.69,4,EASIER
4,63.6,47.61,2,3,62.01,2,EASIER
7,49.37,124.11,2,2,49.99,5,EASIER
5,40.4,70.45,3,3,29.96,3,EASIER
7,54.05,164.47,5,3,48.32,5,EASIER
3,100.0,23.17,1,0,94.79,1,HARDER
3,100.0,23.19,3,2,97.57,1,SAME
3,100.0,48.35,1,0,96.11,1,SAME
7,59.49,66.95,2,3,51.28,5,EASIER
3,59.05,10.86,2,2,55.08,1,SAME
7,50.37,151.6,4,4,39.8,5,EASIER
6,70.96,59.11,3,2,69.65,4,SAME
3,77.62,15.48,1,0,78.22,1,SAME
7,56.74,181.45,2,3,50.05,5,EASIER
3,91.83,23.44,1,1,91.73,1,HARDER
3,89.38,14.25,1,0,88.1,1,HARDER
5,68.75,151.15,2,2,65.99,3,EASIER
4,68.29,17.82,4,1,74.62,2,EASIER
4,73.21,36.48,1,1,70.95,2,SAME
3,93.82,10.78,2,2,91.11,1,SAME
6,39.11,94.39,3,3,36.84,4,EASIER
3,88.51,18.79,2,1,95.64,1,HARDER
4,57.96,55.85,5,4,50.1,2,EASIER
5,54.87,57.5,3,2,50.69,3,EASIER
5,86.46,113.18,1,1,86.63,3,SAME
6,28.32,65.58,4,5,19.45,4,EASIER
4,59.1,17.88,5,3,55.34,2,EASIER
6,71.42,92.78,1,2,74.28,4,SAME
6,73.53,71.91,3,1,71.28,4,SAME
4,84.36,16.16,2,1,81.5,2,SAME
4,52.65,23.14,2,3,53.56,2,EASIER
5,50.99,40.27,4,4,43.58,3,EASIER
5,75.5,125.26,3,2,73.42,3,EASIER
3,87.57,34.25,1,0,81.85,1,SAME
5,64.8,48.83,1,2,63.76,3,SAME
3,88.98,30.83,1,0,89.74,1,HARDER
5,74.46,21.13,4,2,67.01,3,EASIER
7,53.67,82.32,1,2,50.55,5,EASIER
5,57.46,70.73,2,2,57.32,3,SAME
6,52.91,89.36,3,3,46.76,4,EASIER
4,76.86,29.49,1,1,73.8,2,SAME
7,71.11,109.69,1,0,74.6,5,SAME
7,36.31,134.66,4,4,30.1,5,EASIER
7,59.87,111.43,2,1,60.43,5,SAME
6,77.22,128.31,2,1,79.45,4,SAME
6,51.39,96.78,2,2,45.84,4,EASIER
5,87.07,74.7,1,1,83.16,3,HARDER
7,52.12,284.97,2,3,48.69,5,EASIER
7,37.24,175.83,2,4,28.82,5,EASIER
5,85.8,137.31,1,0,85.78,3,EASIER
3,76.47,18.54,1,1,76.02,1,SAME
3,66.99,12.31,2,2,66.25,1,SAME
4,74.76,35.58,1,1,72.3,2,SAME
3,81.15,22.61,1,1,84.97,1,SAME
4,63.2,75.45,3,3,66.53,2,EASIER
3,77.81,15.12,1,2,72.35,1,SAME
7,41.26,107.29,5,4,43.3,5,EASIER
3,81.18,29.94,2,2,76.46,1,SAME
6,64.67,86.38,2,2,57.22,4,SAME
4,84.46,35.06,2,2,81.73,2,SAME
3,78.42,29.32,5,2,76.88,1,EASIER
6,53.29,143.72,2,3,47.13,4,EASIER
7,37.51,258.65,2,4,30.78,5,EASIER
6,78.69,83.41,1,2,77.89,4,SAME
7,48.8,71.8,5,4,37.65,5,EASIER
5,72.6,123.97,1,1,70.75,3,EASIER
6,42.77,46.82,5,5,31.62,4,EASIER
3,85.26,55.46,1,0,83.79,1,EASIER
7,32.54,233.0,3,3,32.86,5,EASIER
6,50.99,177.9,2,2,48.9,4,EASIER
4,81.96,52.44,1,1,87.56,2,SAME
4,91.28,14.08,1,1,88.19,2,HARDER
6,65.22,47.77,3,3,64.42,4,EASIER
3,72.63,28.66,2,2,72.38,1,SAME
7,49.7,77.5,3,3,40.1,5,EASIER
4,76.11,32.77,1,0,74.31,2,SAME
3,79.55,32.84,2,2,80.82,1,SAME
4,85.43,35.08,1,1,85.26,2,HARDER
7,52.55,57.64,4,2,47.18,5,EASIER
4,80.89,57.62,1,1,74.41,2,SAME
5,59.54,74.84,4,2,50.84,3,EASIER
7,37.25,97.79,3,2,36.88,5,SAME
3,76.77,34.31,1,1,71.8,1,SAME
6,59.82,86.15,2,2,61.78,4,SAME
4,100.0,71.05,2,0,100.0,2,SAME
6,60.81,88.71,1,2,49.91,4,EASIER
3,90.08,45.06,1,0,91.48,1,SAME
3,94.49,10.86,1,0,92.37,1,HARDER
6,68.59,104.12,1,2,65.18,4,SAME
7,56.42,90.17,1,2,53.68,5,SAME
7,41.11,70.13,5,5,32.9,5,EASIER
6,33.56,149.78,4,4,28.57,4,EASIER
5,71.62,90.07,2,2,64.92,3,SAME
3,83.59,10.24,1,1,84.66,1,SAME
4,93.74,53.19,1,1,87.42,2,SAME
6,19.95,111.68,5,4,12.98,4,EASIER
4,75.79,27.05,2,1,73.34,2,SAME
5,50.7,38.36,3,3,50.73,3,EASIER
3,92.09,12.32,2,1,87.25,1,HARDER
5,72.24,49.08,3,1,71.74,3,SAME
4,55.11,34.96,1,1,55.79,2,SAME
3,75.48,35.64,1,1,76.27,1,SAME
3,92.99,28.18,2,0,92.15,1,HARDER
5,75.53,34.32,1,1,75.75,3,SAME
4,90.35,42.52,1,0,94.62,2,HARDER
3,82.81,22.33,2,2,77.46,1,SAME
5,64.76,36.51,3,2,60.68,3,SAME
3,100.0,12.32,1,0,100.0,1,HARDER
3,76.25,33.01,1,0,73.74,1,SAME
3,84.7,30.49,1,1,87.99,1,SAME
5,64.13,76.4,1,1,61.88,3,SAME
7,58.99,75.31,2,2,55.34,5,SAME
4,62.37,41.18,2,2,56.34,2,SAME
4,94.15,19.91,1,0,95.53,2,HARDER
4,64.12,23.9,3,2,63.34,2,SAME
4,89.58,38.61,1,1,84.45,2,HARDER
6,60.89,93.99,1,3,58.32,4,EASIER
4,92.89,17.67,1,0,95.39,2,HARDER
6,69.06,47.31,3,2,66.96,4,SAME
7,43.38,91.78,5,4,34.65,5,EASIER
7,40.15,188.84,2,3,34.7,5,EASIER
5,86.06,38.78,2,1,79.75,3,HARDER
6,77.11,88.22,1,1,71.43,4,SAME
7,54.73,128.03,1,2,54.2,5,EASIER
6,73.07,72.02,1,2,74.36,4,SAME
4,100.0,43.1,1,1,97.44,2,HARDER
3,66.15,13.74,3,2,64.87,1,SAME
3,72.83,18.67,2,1,69.54,1,SAME
7,22.96,244.75,5,4,16.68,5,EASIER
5,42.46,122.16,3,4,37.7,3,EASIER
4,76.72,56.47,2,1,76.75,2,SAME
4,89.97,63.74,1,1,87.15,2,SAME
4,85.88,16.11,1,0,88.33,2,HARDER
7,55.02,66.78,1,2,48.42,5,EASIER
6,79.99,69.75,1,1,82.93,4,SAME
7,46.08,300.0,1,1,41.95,5,EASIER
4,75.31,32.8,1,0,76.99,2,SAME
5,63.78,83.86,3,2,56.21,3,SAME
3,100.0,29.58,1,1,94.9,1,HARDER
7,40.71,135.99,3,4,29.64,5,EASIER
5,87.6,57.33,2,0,83.63,3,HARDER
5,77.85,32.02,1,1,79.89,3,SAME
5,78.4,15.23,1,1,75.88,3,SAME
4,75.75,69.41,2,2,74.57,2,SAME
7,28.91,80.04,5,5,23.11,5,EASIER
5,49.06,23.02,3,3,46.47,3,EASIER
6,61.84,102.97,5,4,59.4,4,EASIER
3,76.61,30.12,1,1,74.42,1,SAME
4,82.35,54.52,3,2,78.1,2,SAME
7,53.52,205.73,4,3,44.6,5,EASIER
3,61.15,16.61,4,3,56.92,1,EASIER
3,96.81,16.94,1,0,96.64,1,HARDER
7,49.59,94.14,4,4,40.49,5,EASIER
4,90.19,55.91,1,1,86.64,2,SAME
4,77.06,14.14,1,2,71.63,2,EASIER
5,65.43,61.8,2,1,60.09,3,SAME
3,97.82,37.85,1,0,100.0,1,SAME
3,56.99,37.16,3,2,55.79,1,SAME
3,46.24,34.27,4,4,44.87,1,EASIER
3,82.94,40.12,2,2,82.63,1,SAME
3,88.58,8.0,1,0,91.94,1,HARDER
6,56.11,189.75,2,2,47.86,4,EASIER
4,75.54,44.38,1,1,72.02,2,SAME
3,90.01,45.28,2,1,91.98,1,SAME
3,99.33,14.82,1,0,100.0,1,HARDER
5,71.8,24.34,2,1,72.94,3,SAME
7,26.69,296.51,2,4,17.85,5,EASIER
4,95.46,24.58,1,0,97.25,2,HARDER
3,70.68,21.77,1,2,63.9,1,SAME
4,69.26,48.69,1,2,65.84,2,SAME
5,62.19,85.03,4,3,59.23,3,EASIER
3,76.38,40.4,1,2,70.34,1,SAME
7,39.74,126.5,3,3,35.54,5,EASIER
6,71.47,47.39,1,1,69.12,4,SAME
4,85.94,52.97,2,1,83.65,2,SAME
7,65.06,166.05,1,2,60.87,5,SAME
4,98.53,16.19,1,0,95.42,2,HARDER
3,76.29,47.0,2,1,72.19,1,SAME
7,53.47,28.88,1,2,51.31,5,EASIER
7,21.11,196.81,4,6,8.24,5,EASIER
4,71.23,28.21,3,2,66.6,2,SAME
5,71.08,82.24,2,1,70.43,3,SAME
3,100.0,31.37,1,1,98.57,1,HARDER
6,76.74,80.43,1,2,71.47,4,SAME
6,35.42,103.68,3,4,30.83,4,EASIER
6,75.65,78.4,2,2,74.25,4,SAME
5,51.74,82.59,3,3,49.53,3,EASIER
6,27.68,255.46,3,5,19.69,4,EASIER
5,88.38,29.86,1,1,90.49,3,HARDER
7,72.25,19.71,1,1,69.47,5,SAME
3,100.0,20.78,1,0,96.02,1,HARDER
5,70.13,45.64,1,1,65.2,3,SAME
5,73.46,48.11,5,2,70.79,3,EASIER
5,80.08,36.67,2,1,75.19,3,SAME
3,71.6,36.86,2,2,71.38,1,SAME
4,100.0,19.85,1,0,100.0,2,HARDER
7,59.86,143.19,2,2,61.32,5,SAME
3,89.16,33.21,1,1,89.18,1,HARDER
6,34.68,96.67,5,5,22.28,4,HARDER
6,18.75,105.64,3,5,10.97,4,SAME
5,82.63,92.79,1,0,82.23,3,SAME
3,55.13,25.6,5,4,50.45,1,EASIER
3,87.41,21.43,1,1,85.61,1,HARDER
4,75.14,47.76,2,2,75.21,2,SAME
3,65.89,32.66,3,1,63.57,1,SAME
3,94.72,37.14,1,0,95.23,1,SAME
3,66.75,11.67,3,2,64.3,1,SAME
3,65.37,23.04,2,3,61.11,1,HARDER
7,63.72,62.67,1,2,60.77,5,SAME
6,47.39,109.77,3,3,41.84,4,EASIER
3,60.69,34.54,2,3,56.35,1,EASIER
6,49.49,71.1,2,3,43.21,4,EASIER
3,77.84,18.07,3,1,74.34,1,SAME
5,62.94,77.94,3,3,56.03,3,EASIER
3,100.0,23.56,1,0,99.73,1,HARDER
3,100.0,47.17,1,0,98.08,1,SAME
3,92.43,55.03,1,0,87.55,1,EASIER
5,66.27,95.18,1,1,69.09,3,SAME
5,63.43,65.08,2,1,60.61,3,SAME
4,77.69,89.62,2,1,74.32,2,EASIER
6,80.05,92.93,1,1,76.54,4,SAME
6,68.99,63.91,2,3,62.44,4,EASIER
6,64.84,57.72,1,2,59.87,4,SAME
5,58.29,40.94,4,3,52.09,3,EASIER
5,53.17,57.82,4,3,51.09,3,EASIER
5,52.56,72.94,1,2,48.64,3,EASIER
4,81.66,19.54,1,0,84.84,2,SAME
5,44.48,46.44,5,3,43.04,3,EASIER
3,98.55,27.48,1,0,92.41,1,HARDER
7,26.09,159.06,4,4,21.59,5,EASIER
4,73.13,37.54,1,1,68.7,2,SAME
6,73.74,93.12,2,2,74.17,4,SAME
7,38.87,57.03,3,3,32.89,5,EASIER
5,69.42,36.93,1,1,66.5,3,SAME
7,47.46,108.35,4,4,41.33,5,EASIER
5,55.51,74.68,5,4,51.3,3,EASIER
3,100.0,27.71,1,0,96.03,1,HARDER
3,86.1,17.14,1,1,85.23,1,HARDER
3,79.73,22.5,2,1,81.91,1,SAME
7,28.74,255.3,4,5,21.86,5,EASIER
5,68.93,75.93,1,1,67.65,3,SAME
4,88.77,35.21,1,0,85.98,2,HARDER
5,66.38,34.91,2,2,63.82,3,SAME
4,70.56,27.18,1,1,70.91,2,SAME
7,22.53,112.4,4,4,17.0,5,EASIER
7,32.16,130.18,5,5,25.23,5,EASIER
3,89.25,32.15,2,2,88.28,1,SAME
6,46.98,100.33,3,3,43.02,4,EASIER
4,55.63,31.93,3,2,50.65,2,SAME
3,100.0,19.91,1,0,100.0,1,HARDER
7,44.06,300.0,1,4,35.54,5,EASIER
3,99.9,19.52,1,1,99.06,1,HARDER
4,95.58,20.71,1,0,93.41,2,HARDER
3,92.61,12.06,3,2,97.1,1,SAME
5,62.37,48.7,3,3,62.08,3,EASIER
5,58.53,92.36,1,2,58.25,3,SAME
4,62.97,28.99,1,2,61.05,2,SAME
3,85.22,48.25,1,1,83.76,1,SAME
3,100.0,24.92,1,0,95.18,1,HARDER
7,42.37,205.04,3,4,37.61,5,EASIER
7,49.93,74.11,5,4,41.02,5,SAME
7,52.31,74.74,1,2,47.81,5,EASIER
5,78.77,60.67,3,3,70.88,3,EASIER
5,69.17,73.65,3,2,59.63,3,SAME
6,64.43,74.71,2,2,58.83,4,SAME
6,79.25,95.47,1,1,77.99,4,SAME
5,69.17,77.61,1,1,59.76,3,SAME
4,82.09,19.49,2,1,80.67,2,SAME
5,46.7,48.99,4,3,47.84,3,EASIER
3,76.28,19.85,2,1,73.35,1,SAME
3,72.91,20.28,2,1,73.88,1,SAME
6,51.62,101.32,2,3,44.74,4,EASIER
7,36.89,85.06,2,3,40.63,5,EASIER
3,100.0,10.24,1,1,99.5,1,HARDER
3,69.78,22.5,2,1,68.02,1,SAME
3,100.0,15.57,1,0,97.22,1,HARDER
6,28.5,106.15,4,4,21.83,4,EASIER
4,76.25,55.49,1,1,74.16,2,SAME
4,80.06,13.67,1,0,79.1,2,SAME
3,98.64,17.71,2,0,94.25,1,HARDER
7,50.74,135.79,3,3,43.76,5,EASIER
5,51.2,28.88,3,3,49.23,3,EASIER
6,64.02,123.19,1,2,58.61,4,SAME
6,78.29,141.51,1,1,82.01,4,SAME
3,100.0,23.26,1,0,100.0,1,HARDER
7,41.65,73.46,3,3,33.85,5,EASIER
5,60.83,18.48,1,3,53.0,3,EASIER
6,52.48,125.21,2,3,41.43,4,EASIER
4,79.72,97.4,2,2,84.33,2,EASIER
7,14.81,298.01,3,4,8.46,5,EASIER
7,61.09,100.71,1,2,57.27,5,EASIER
5,42.59,33.77,4,4,36.4,3,EASIER
3,83.75,36.29,1,1,83.8,1,SAME
7,61.62,104.52,2,4,50.34,5,EASIER
7,59.62,145.34,1,1,59.85,5,SAME
5,83.9,67.38,1,0,87.68,3,SAME
5,76.25,60.73,3,1,75.51,3,SAME
4,100.0,61.62,1,0,100.0,2,SAME
3,98.77,40.17,1,0,95.62,1,SAME
7,69.62,84.24,1,1,72.2,5,SAME
5,69.79,36.73,1,0,71.08,3,SAME
4,93.84,11.74,1,0,91.25,2,HARDER
6,87.21,68.49,1,0,88.53,4,HARDER
3,82.57,15.37,1,1,84.55,1,SAME
3,76.43,30.13,2,0,72.17,1,SAME
4,76.87,32.45,1,1,79.2,2,SAME
5,62.45,51.82,1,2,59.46,3,SAME
4,75.41,55.66,2,2,73.36,2,SAME
3,74.79,29.83,1,2,69.08,1,SAME
4,82.91,35.97,1,0,76.62,2,SAME
4,83.84,83.95,1,1,83.44,2,EASIER
5,78.06,83.58,1,1,73.2,3,SAME
5,71.55,47.21,1,1,65.12,3,SAME
7,38.96,91.48,2,3,31.26,5,EASIER
7,57.6,172.12,3,2,57.25,5,SAME
4,64.25,41.8,1,2,64.67,2,SAME
7,64.29,60.79,1,1,67.09,5,SAME
5,69.76,90.32,4,3,69.0,3,EASIER
3,82.51,43.74,2,2,77.1,1,SAME
4,88.81,66.21,2,1,84.06,2,SAME
6,60.54,182.9,2,1,61.06,4,EASIER
7,18.63,300.0,3,4,14.09,5,EASIER
4,87.61,85.68,2,1,88.67,2,EASIER
3,83.19,29.09,1,1,83.91,1,SAME
3,78.28,22.79,2,1,76.93,1,SAME
3,90.52,11.08,2,1,92.26,1,HARDER
6,59.54,82.46,1,1,58.46,4,SAME
5,85.98,74.99,1,0,89.8,3,HARDER
5,81.54,59.26,1,0,79.24,3,SAME
6,81.2,30.72,2,1,74.91,4,SAME
7,54.62,95.8,4,4,48.08,5,EASIER
6,58.13,114.7,2,3,53.2,4,EASIER
3,85.42,15.84,1,1,82.66,1,HARDER
5,61.55,62.96,2,2,54.93,3,SAME
7,36.87,141.7,4,4,30.22,5,EASIER
6,47.91,146.65,2,3,40.49,4,EASIER
4,69.84,84.99,2,1,65.63,2,EASIER
4,63.08,31.82,2,1,59.15,2,SAME
7,30.34,123.8,4,4,18.63,5,EASIER
3,97.84,27.51,2,1,95.62,1,HARDER
5,46.5,79.99,3,3,43.46,3,EASIER
3,66.75,31.75,2,2,60.49,1,SAME
7,16.5,243.5,5,5,12.73,5,EASIER
3,98.02,8.86,2,1,94.02,1,HARDER
3,79.24,30.11,1,1,77.61,1,SAME
4,65.83,47.78,3,2,60.62,2,SAME
4,66.09,34.02,4,3,57.5,2,EASIER
5,82.78,18.91,1,1,79.73,3,SAME
4,68.79,36.93,3,2,63.64,2,SAME
4,60.26,27.21,5,2,56.9,2,EASIER
5,81.58,133.09,1,1,80.98,3,EASIER
5,61.87,69.84,1,2,64.78,3,SAME
7,48.49,72.6,2,3,44.97,5,EASIER
5,60.74,21.0,2,2,58.15,3,SAME
5,43.34,77.7,5,3,38.16,3,EASIER
6,80.78,117.77,1,1,74.99,4,SAME
3,93.7,22.71,2,1,93.18,1,HARDER
6,45.63,112.24,4,4,37.57,4,EASIER
7,50.84,92.64,4,3,46.39,5,EASIER
4,98.3,62.75,2,1,95.64,2,SAME
3,75.17,38.89,1,1,65.39,1,SAME
4,76.69,17.59,1,0,75.79,2,SAME
4,81.02,19.72,1,1,78.36,2,SAME
5,73.09,158.53,1,0,75.05,3,EASIER
7,62.74,186.15,1,2,62.34,5,SAME
5,58.32,31.05,2,3,55.34,3,EASIER
3,77.97,12.43,3,2,73.6,1,SAME
4,92.99,41.9,1,1,92.88,2,HARDER
6,42.58,45.27,3,4,35.27,4,EASIER
4,85.65,32.74,1,0,86.0,2,HARDER
5,70.25,56.66,1,1,72.33,3,SAME
6,54.12,78.23,1,2,51.94,4,EASIER
4,92.67,64.53,1,0,98.91,2,SAME
6,43.65,212.89,4,4,40.61,4,EASIER
4,74.12,30.34,1,2,68.5,2,SAME
3,100.0,15.12,1,1,97.5,1,HARDER
4,100.0,45.62,1,0,98.84,2,HARDER
5,51.4,130.06,4,3,46.11,3,EASIER
3,74.79,20.89,1,1,74.21,1,SAME
7,26.4,178.03,5,5,15.65,5,EASIER
5,48.66,38.32,2,4,41.51,3,EASIER
3,88.66,25.24,1,1,85.65,1,HARDER
7,51.77,59.46,2,2,48.14,5,EASIER
7,50.55,112.66,4,3,50.86,5,EASIER
3,76.42,23.74,2,2,71.8,1,SAME
3,99.23,32.77,1,0,95.85,1,HARDER
4,71.22,87.64,1,2,71.72,2,EASIER
5,75.69,47.84,1,2,73.75,3,SAME
6,26.53,28.99,5,5,23.83,4,EASIER
5,51.25,52.48,3,2,45.87,3,EASIER
6,77.52,95.81,1,1,76.06,4,SAME
3,100.0,27.35,1,0,100.0,1,HARDER
6,55.81,75.55,2,2,54.71,4,SAME
7,29.51,251.97,5,4,26.99,5,EASIER
5,78.25,62.05,2,2,73.3,3,SAME
5,65.25,55.07,1,1,62.9,3,SAME
4,81.97,26.37,2,0,78.1,2,SAME
7,63.13,43.23,1,2,58.88,5,SAME
3,86.54,28.94,2,2,94.42,1,SAME
4,82.29,42.65,1,0,80.76,2,SAME
3,59.56,15.6,2,2,55.3,1,SAME
7,50.84,109.32,3,3,50.05,5,EASIER
5,75.17,54.01,1,2,74.66,3,SAME
7,31.34,79.69,5,5,21.77,5,EASIER
6,23.94,54.28,5,5,17.47,4,EASIER
5,79.98,70.88,2,1,83.45,3,SAME
5,70.45,51.87,2,2,73.42,3,SAME
4,54.75,28.78,2,2,54.39,2,EASIER
5,84.97,37.86,2,1,80.87,3,SAME
6,74.69,76.64,1,1,73.1,4,SAME
7,53.27,185.37,3,3,47.97,5,EASIER
5,73.24,64.25,1,1,76.67,3,SAME
7,41.86,98.42,4,3,34.52,5,EASIER
7,52.07,132.51,4,3,44.37,5,EASIER
5,77.31,113.96,1,1,72.27,3,SAME
5,60.2,73.94,3,3,51.37,3,EASIER
3,82.74,28.07,1,1,81.16,1,SAME
4,54.76,51.3,1,4,46.87,2,EASIER
7,73.05,102.76,1,2,65.05,5,SAME
3,100.0,27.13,1,1,95.98,1,HARDER
4,78.21,30.2,3,2,75.73,2,SAME
6,75.56,36.61,2,2,73.91,4,SAME
4,52.28,44.64,4,2,46.43,2,EASIER
7,50.33,135.29,2,3,41.84,5,EASIER
6,64.77,70.61,1,1,66.79,4,SAME
3,67.3,39.64,1,1,63.87,1,SAME
4,70.43,27.07,2,1,74.56,2,SAME
6,64.87,32.64,2,1,63.85,4,SAME
7,67.53,76.6,2,2,58.5,5,SAME
7,68.71,48.36,1,2,63.29,5,SAME
7,33.27,134.66,4,4,26.97,5,EASIER
3,100.0,17.89,1,0,100.0,1,HARDER
6,40.99,136.83,5,4,31.25,4,EASIER
3,70.98,38.39,1,2,67.36,1,SAME
3,92.31,16.56,1,1,88.09,1,HARDER
6,57.97,53.87,4,3,55.43,4,EASIER
5,81.8,75.56,1,1,76.25,3,SAME
6,53.06,136.49,1,1,51.45,4,EASIER
7,31.99,37.4,4,4,24.57,5,EASIER
3,100.0,28.34,1,0,100.0,1,HARDER
5,60.42,19.54,2,3,54.71,3,EASIER
7,57.02,83.06,2,3,48.85,5,EASIER
5,32.31,99.66,3,4,25.21,3,EASIER
5,68.89,257.31,2,2,61.67,3,EASIER
5,72.11,51.53,3,1,67.13,3,SAME
7,54.42,56.76,5,3,49.28,5,EASIER
3,71.83,19.89,2,1,64.41,1,SAME
7,69.5,116.11,2,2,68.9,5,SAME
7,30.97,77.73,4,4,25.52,5,EASIER
7,59.46,67.66,4,4,58.97,5,EASIER
5,43.9,46.95,2,3,45.45,3,EASIER
5,80.89,70.55,2,2,74.22,3,SAME
4,84.83,35.09,1,0,86.68,2,SAME
4,91.92,25.11,1,1,90.68,2,HARDER
7,48.62,77.74,4,3,47.1,5,EASIER
5,75.45,47.26,2,1,72.65,3,SAME
6,90.18,48.77,2,1,87.47,4,HARDER
3,100.0,18.25,1,0,99.42,1,HARDER
6,60.24,114.6,3,3,56.12,4,EASIER
6,58.82,72.74,3,2,55.27,4,SAME
7,51.87,43.07,5,4,47.25,5,EASIER
3,99.51,39.45,2,1,96.03,1,SAME
5,49.77,71.29,5,4,38.89,3,HARDER
5,78.3,29.25,1,1,75.13,3,SAME
5,67.08,48.4,1,2,62.28,3,SAME
3,87.09,17.57,2,0,93.57,1,HARDER
5,71.23,81.09,2,2,67.93,3,SAME
4,81.47,31.91,3,2,80.65,2,EASIER
6,76.57,78.95,3,2,72.88,4,SAME
4,98.24,34.77,1,0,94.52,2,HARDER
5,82.25,27.88,2,1,77.51,3,SAME
6,61.09,170.29,1,2,58.88,4,EASIER
3,85.5,33.57,1,0,87.85,1,HARDER
6,64.88,55.59,3,2,63.71,4,SAME
6,62.36,90.6,3,2,60.03,4,SAME
3,97.27,38.57,1,0,98.87,1,SAME
3,72.78,25.63,2,2,71.08,1,SAME
7,12.8,261.63,5,5,6.28,5,EASIER
4,69.99,149.75,1,1,69.93,2,EASIER
7,71.44,104.56,1,1,70.67,5,SAME
5,77.54,43.47,1,1,74.43,3,SAME
4,100.0,23.87,1,0,99.99,2,HARDER
4,73.31,13.43,1,1,78.15,2,SAME
6,46.46,156.92,2,3,43.24,4,EASIER
3,87.99,21.36,1,1,89.92,1,HARDER
5,68.78,89.46,1,1,65.8,3,SAME
4,73.34,63.02,1,0,72.81,2,SAME
3,77.11,15.45,3,2,71.09,1,SAME
4,85.49,24.54,1,0,83.51,2,HARDER
5,56.94,137.56,1,1,57.36,3,EASIER
6,56.62,79.07,2,2,50.18,4,SAME
3,84.03,18.64,3,2,86.41,1,SAME
7,53.14,63.36,2,2,50.61,5,EASIER
7,33.07,103.69,4,5,30.72,5,EASIER
6,58.32,179.62,1,2,59.01,4,EASIER
7,45.55,162.73,1,2,43.13,5,EASIER
5,89.22,63.46,2,0,86.5,3,HARDER
7,39.46,266.2,4,5,30.65,5,EASIER
6,69.06,169.44,4,2,65.98,4,EASIER
5,77.29,68.43,1,0,76.89,3,SAME
3,53.29,85.99,5,3,49.41,1,EASIER
5,60.54,51.31,2,3,61.8,3,EASIER
7,46.7,203.76,3,3,40.65,5,EASIER
7,30.08,90.41,5,4,21.13,5,EASIER
5,56.83,90.68,2,2,55.23,3,SAME
4,91.57,33.81,2,1,91.01,2,HARDER
6,61.65,104.23,2,1,57.16,4,SAME
3,89.09,72.42,1,1,90.83,1,EASIER
3,91.37,38.19,1,0,86.11,1,SAME
5,52.31,73.44,5,3,50.87,3,EASIER
7,15.77,73.43,5,5,11.76,5,EASIER
4,43.05,41.51,5,3,44.75,2,EASIER
5,90.27,35.22,2,0,89.26,3,HARDER
4,74.91,57.65,2,0,75.22,2,SAME
5,79.07,88.86,1,1,78.03,3,SAME
3,91.77,23.08,2,0,89.95,1,HARDER
5,59.94,132.14,2,2,57.51,3,EASIER
5,60.02,123.26,1,2,58.15,3,EASIER
4,61.75,40.77,2,2,59.82,2,SAME
4,71.98,49.57,1,2,71.61,2,SAME
6,55.43,60.38,2,3,53.04,4,EASIER
3,74.62,22.15,2,1,72.88,1,SAME
3,68.83,15.47,2,2,61.26,1,SAME
3,100.0,20.21,1,0,100.0,1,HARDER
7,72.21,105.81,2,2,65.7,5,SAME
4,66.72,17.41,2,3,63.2,2,EASIER
3,70.59,32.32,1,1,64.75,1,SAME
7,56.97,195.5,1,3,51.01,5,EASIER
3,99.66,24.91,2,0,100.0,1,HARDER
4,69.37,10.7,1,1,68.65,2,SAME
3,75.67,22.34,1,1,70.91,1,SAME
6,36.95,39.73,2,2,38.66,4,EASIER
6,44.84,59.72,5,4,37.44,4,HARDER
6,37.6,174.47,3,4,34.91,4,EASIER
4,86.68,12.1,2,1,83.86,2,HARDER
4,84.97,25.89,2,1,82.53,2,SAME
7,67.32,176.02,2,2,70.69,5,SAME
7,68.06,76.4,2,2,65.51,5,SAME
3,72.57,17.68,1,2,64.01,1,SAME
6,47.62,235.94,2,2,44.9,4,EASIER
7,73.48,137.65,1,2,70.26,5,SAME
5,38.22,92.1,4,4,30.88,3,EASIER
6,63.92,106.05,1,2,57.15,4,SAME
3,90.62,26.87,1,1,87.07,1,HARDER
3,87.94,43.88,1,1,91.53,1,SAME
3,90.58,58.37,1,1,87.27,1,EASIER
3,82.52,11.82,1,1,81.83,1,SAME
7,24.7,109.86,5,5,15.46,5,EASIER
6,74.96,80.18,1,1,69.9,4,SAME
6,54.03,65.59,3,4,46.38,4,EASIER
4,98.47,60.26,2,0,100.0,2,SAME
7,42.44,128.83,2,2,42.62,5,EASIER
3,86.65,58.89,1,1,83.83,1,EASIER
7,27.07,204.0,3,5,18.19,5,EASIER
3,78.36,45.89,3,2,82.15,1,SAME
3,80.72,14.66,2,1,80.72,1,SAME
3,95.77,17.46,1,0,98.93,1,HARDER
6,62.14,56.28,1,1,62.61,4,SAME
4,54.15,70.77,2,2,55.69,2,EASIER
5,84.04,35.93,2,1,82.4,3,SAME
5,86.9,36.46,1,0,87.71,3,HARDER
6,66.37,45.77,3,1,63.92,4,SAME
4,64.73,138.59,4,3,56.6,2,EASIER
3,77.09,23.47,3,2,72.9,1,SAME
4,82.87,48.75,2,0,76.67,2,SAME
4,53.03,22.23,4,4,44.5,2,EASIER
6,54.17,135.03,2,3,50.94,4,EASIER
6,82.49,32.6,1,1,84.97,4,SAME
3,100.0,16.17,1,1,95.03,1,HARDER
6,59.61,56.06,3,2,58.95,4,SAME
3,46.42,27.56,2,3,41.17,1,EASIER
6,45.91,54.29,5,3,41.01,4,EASIER
4,96.42,77.78,1,0,99.44,2,EASIER
4,79.85,48.14,1,1,79.98,2,SAME
5,65.96,41.23,1,1,60.65,3,SAME
4,85.75,60.73,2,1,83.56,2,SAME
6,52.1,66.83,3,2,47.93,4,EASIER
7,45.02,81.18,3,4,41.45,5,EASIER
7,38.99,182.49,1,2,39.06,5,EASIER
5,51.85,17.22,2,3,49.29,3,EASIER
5,84.16,83.44,1,0,83.86,3,SAME
5,56.4,40.75,2,1,52.06,3,SAME
6,89.46,56.55,1,0,87.58,4,HARDER
5,70.34,152.89,4,2,67.28,3,EASIER
5,51.52,44.59,3,3,47.93,3,EASIER
5,52.6,93.1,3,2,48.81,3,EASIER
4,91.33,43.33,1,1,93.73,2,HARDER
5,85.83,70.11,2,1,86.87,3,HARDER
6,71.86,71.98,1,1,75.7,4,SAME
5,69.84,49.93,1,1,64.84,3,SAME
7,40.1,257.56,2,4,36.61,5,EASIER
7,51.32,185.97,2,2,51.89,5,EASIER
5,50.09,45.29,4,3,42.98,3,EASIER
7,48.42,63.34,5,4,43.41,5,EASIER
3,68.37,19.27,3,3,64.01,1,EASIER
7,61.71,191.22,1,2,58.27,5,SAME
4,90.13,66.13,1,0,87.03,2,SAME
5,75.64,76.34,1,1,73.05,3,SAME
4,74.51,17.77,2,2,69.52,2,SAME
5,67.64,84.23,2,1,68.96,3,EASIER
4,71.85,70.12,1,2,73.33,2,SAME
6,77.9,89.74,1,2,72.17,4,SAME
3,85.74,60.33,1,2,85.14,1,EASIER
7,53.23,54.52,2,3,49.14,5,EASIER
7,39.9,162.67,2,3,36.47,5,EASIER
5,98.43,35.0,1,0,97.31,3,HARDER
5,62.23,97.95,4,3,55.56,3,EASIER
6,51.48,112.78,1,1,54.43,4,EASIER
3,93.76,55.73,1,0,92.34,1,EASIER
6,33.35,106.33,5,4,29.9,4,EASIER
4,60.0,31.43,3,2,59.26,2,SAME
6,54.95,63.52,2,3,50.06,4,EASIER
4,75.71,33.78,3,2,74.6,2,SAME
6,68.42,62.87,1,1,65.78,4,SAME
6,48.79,165.21,3,2,47.19,4,EASIER
4,70.62,69.21,3,3,60.97,2,EASIER
6,73.33,37.66,2,2,68.73,4,SAME
5,100.0,59.11,1,0,100.0,3,HARDER
4,74.01,39.13,2,1,67.92,2,SAME
5,58.33,39.4,3,3,50.44,3,EASIER
7,33.75,142.22,5,4,23.13,5,EASIER
3,95.92,47.89,1,0,97.68,1,SAME
7,62.46,182.1,2,3,54.09,5,EASIER
7,28.34,233.38,3,4,19.12,5,EASIER
5,100.0,40.64,1,0,98.5,3,HARDER
6,56.91,83.57,1,3,54.86,4,EASIER
4,93.8,26.52,1,0,85.3,2,HARDER
3,98.04,27.81,1,1,95.17,1,HARDER
5,53.76,68.27,2,3,52.51,3,EASIER
7,38.81,188.97,4,4,30.13,5,EASIER
4,62.2,70.45,1,2,60.1,2,SAME
6,51.05,117.33,2,3,48.13,4,EASIER
6,55.26,52.43,3,3,46.09,4,EASIER
6,64.56,40.59,2,3,59.08,4,EASIER
4,82.85,48.52,3,2,77.94,2,SAME
4,59.27,76.93,3,3,55.26,2,EASIER
5,81.0,57.29,1,0,82.59,3,SAME
7,45.18,48.72,5,3,41.56,5,EASIER
7,19.32,300.0,5,6,12.08,5,EASIER
5,75.67,73.9,1,1,71.6,3,SAME
7,25.1,122.95,4,5,16.73,5,EASIER
5,52.2,32.53,2,2,51.28,3,EASIER
4,60.72,38.29,3,2,59.17,2,SAME
3,97.6,33.94,2,1,91.07,1,SAME
6,55.39,106.52,5,4,50.22,4,EASIER
6,83.73,57.58,1,1,78.13,4,SAME
7,46.08,108.57,4,2,39.41,5,EASIER
6,75.74,59.52,1,2,75.82,4,SAME
3,69.29,52.43,3,3,67.15,1,EASIER
5,70.32,90.32,1,2,65.19,3,SAME
6,40.65,62.43,2,3,36.47,4,EASIER
5,58.3,32.53,4,3,55.14,3,EASIER
5,74.5,66.55,2,2,68.87,3,SAME
7,42.22,85.62,3,3,30.9,5,EASIER
6,73.04,65.97,2,2,70.88,4,SAME
6,76.51,45.44,2,1,79.41,4,SAME
5,43.65,35.16,4,3,37.18,3,EASIER
4,95.17,41.02,3,0,94.99,2,SAME
5,75.99,50.82,2,1,77.61,3,SAME
7,44.02,300.0,4,4,42.21,5,EASIER
6,53.06,111.69,2,3,49.71,4,EASIER
6,57.96,45.05,5,3,51.96,4,EASIER
3,90.28,12.62,2,0,90.66,1,HARDER
7,50.6,139.14,2,4,43.54,5,EASIER
4,71.9,31.53,1,1,69.27,2,SAME
7,53.56,231.4,1,1,53.78,5,EASIER
5,56.88,66.68,5,4,52.06,3,EASIER
7,56.85,38.02,2,3,53.6,5,EASIER
7,63.97,64.26,1,1,61.62,5,SAME
6,57.64,57.72,2,2,58.99,4,SAME
7,25.01,142.51,4,5,15.1,5,EASIER
6,57.95,47.43,3,2,49.64,4,EASIER
7,44.99,121.73,2,3,38.56,5,EASIER
3,100.0,13.79,1,0,100.0,1,HARDER
3,99.24,25.07,1,0,98.63,1,HARDER
5,87.43,69.66,2,1,82.78,3,HARDER
7,19.94,248.4,5,5,16.34,5,EASIER
6,47.64,93.17,4,3,37.13,4,EASIER
5,53.81,38.71,2,2,50.3,3,EASIER
5,65.82,121.45,1,1,64.06,3,EASIER
6,62.94,74.55,2,2,66.92,4,SAME
7,38.16,170.73,4,4,34.89,5,EASIER
7,44.82,80.2,3,3,41.87,5,EASIER
3,83.03,26.03,1,1,88.15,1,SAME
5,79.68,39.01,1,1,80.25,3,SAME
4,80.22,44.21,1,2,79.91,2,SAME
6,74.01,124.55,2,1,71.03,4,SAME
5,51.78,45.4,5,4,49.76,3,EASIER
7,57.13,82.95,1,2,51.2,5,SAME
5,74.02,69.2,3,2,69.16,3,SAME
6,30.93,53.39,5,5,28.35,4,EASIER
3,85.69,12.72,1,1,84.07,1,HARDER
7,49.57,135.77,1,2,47.12,5,EASIER
3,87.2,23.83,1,1,91.2,1,HARDER
4,92.1,35.77,2,1,88.61,2,HARDER
7,62.12,148.78,1,2,59.3,5,SAME
7,12.11,160.55,5,6,0.0,5,EASIER
5,58.78,53.56,3,2,58.22,3,SAME
5,65.93,33.27,3,3,63.89,3,EASIER
3,86.2,18.82,2,2,84.25,1,SAME
7,57.72,154.05,1,2,52.4,5,SAME
3,91.34,26.56,2,1,91.25,1,HARDER
3,96.44,19.57,1,0,94.22,1,HARDER
5,75.33,39.34,1,0,71.16,3,SAME
3,91.98,32.91,1,0,94.97,1,HARDER
3,88.45,22.65,1,1,87.47,1,HARDER
6,60.48,121.28,2,2,56.37,4,SAME
6,68.29,129.54,1,1,68.65,4,SAME
4,88.18,32.8,2,1,82.93,2,HARDER
6,43.01,134.36,5,4,39.85,4,EASIER
6,62.55,88.12,2,2,61.4,4,SAME
4,79.14,43.1,1,2,71.64,2,SAME
6,70.29,26.27,2,2,70.95,4,SAME
5,73.49,35.87,2,1,79.15,3,SAME
7,33.94,67.96,5,4,32.27,5,EASIER
3,86.65,21.69,1,0,90.58,1,HARDER
4,84.55,40.1,1,0,84.29,2,SAME
4,76.43,40.88,1,0,70.83,2,SAME
4,67.7,43.46,1,2,64.36,2,SAME
7,59.31,77.11,4,3,54.35,5,EASIER
6,84.78,117.48,1,1,82.62,4,SAME
5,57.94,142.03,3,3,52.01,3,EASIER
5,75.94,48.69,2,2,73.93,3,SAME
7,39.65,78.01,4,4,31.79,5,EASIER
5,82.76,41.31,1,1,78.8,3,SAME
4,85.25,39.56,1,1,83.12,2,HARDER
3,92.32,19.78,1,0,92.01,1,HARDER
4,73.4,16.85,1,1,70.37,2,SAME
6,82.84,38.44,2,2,83.85,4,SAME
5,47.99,96.1,3,3,44.93,3,EASIER
5,61.38,109.39,4,3,59.09,3,EASIER
5,55.84,128.05,2,3,54.2,3,EASIER
7,40.42,126.7,1,2,36.14,5,EASIER
7,66.66,65.26,2,2,68.95,5,SAME
3,78.12,20.57,3,1,78.89,1,SAME
3,75.31,12.87,1,1,75.39,1,SAME
4,91.62,18.51,1,1,86.59,2,HARDER
7,30.04,128.72,5,4,21.28,5,EASIER
5,95.97,75.74,1,0,97.58,3,EASIER
7,11.83,300.0,4,6,0.0,5,EASIER
6,63.42,78.53,1,2,58.99,4,SAME
5,79.4,29.62,2,1,78.4,3,SAME
4,79.68,35.88,1,1,77.16,2,SAME
4,61.39,33.28,3,2,60.7,2,SAME
3,92.88,20.09,1,0,95.76,1,EASIER
5,88.61,68.76,1,0,85.49,3,HARDER
4,69.81,21.47,3,3,64.06,2,EASIER
4,74.83,40.41,2,2,70.97,2,SAME
3,81.36,33.41,1,1,79.19,1,SAME
6,51.24,171.57,2,2,49.28,4,EASIER
7,35.45,132.64,3,3,23.33,5,EASIER
5,59.68,97.2,5,4,53.59,3,EASIER
5,78.15,46.56,2,1,69.31,3,SAME
7,35.19,94.88,3,5,29.3,5,EASIER
5,66.67,113.03,1,2,62.26,3,SAME
6,71.58,40.19,2,1,70.56,4,SAME
5,63.52,47.51,4,2,59.74,3,EASIER
5,72.78,101.4,1,1,74.07,3,SAME
5,74.58,52.24,1,2,69.42,3,SAME
6,70.28,70.68,1,2,66.46,4,SAME
6,51.41,71.43,3,3,48.69,4,EASIER
5,74.88,61.46,3,1,79.63,3,SAME
3,89.79,40.54,2,1,86.04,1,SAME
7,39.62,185.34,4,3,38.46,5,EASIER
7,30.26,112.7,4,5,19.07,5,EASIER
3,61.32,40.65,4,3,54.53,1,EASIER
4,76.9,44.62,1,0,81.78,2,SAME
7,53.95,178.88,1,2,51.51,5,EASIER
4,79.27,23.44,2,1,77.84,2,SAME
7,45.51,288.88,4,3,39.85,5,EASIER
6,64.43,91.95,2,2,59.74,4,SAME
7,41.14,25.04,2,3,35.15,5,EASIER
3,88.59,52.32,2,1,90.67,1,EASIER
5,62.45,58.15,1,2,56.45,3,SAME
5,75.28,47.69,2,2,68.82,3,SAME
7,37.48,80.51,4,4,28.87,5,EASIER
4,61.89,46.72,5,4,54.84,2,EASIER
4,83.07,25.03,2,0,77.1,2,SAME
3,92.15,19.34,1,1,87.45,1,HARDER
6,51.79,61.51,2,2,49.72,4,EASIER
7,49.41,95.51,2,3,45.97,5,EASIER
3,95.88,19.88,1,0,99.72,1,HARDER
4,70.73,56.74,3,2,68.48,2,SAME
4,96.86,43.16,2,0,98.74,2,HARDER
7,41.63,138.75,4,4,39.39,5,EASIER
5,70.15,78.47,3,1,67.51,3,SAME
4,72.82,36.37,2,2,72.94,2,SAME
4,67.8,23.52,2,2,66.42,2,SAME
5,83.11,141.74,1,2,79.52,3,EASIER
4,74.62,58.76,1,1,75.54,2,SAME
3,72.35,51.24,1,2,65.02,1,EASIER
7,20.62,196.83,4,5,12.84,5,EASIER
5,53.07,46.18,5,3,48.21,3,EASIER
4,55.66,12.6,4,3,53.97,2,EASIER
6,53.39,43.28,1,2,50.55,4,EASIER
6,60.59,114.17,5,3,57.37,4,EASIER
3,51.98,23.89,3,4,48.77,1,EASIER
3,85.49,20.74,1,0,85.38,1,HARDER
3,100.0,8.23,1,0,94.88,1,HARDER
6,42.65,81.44,5,4,36.95,4,EASIER
6,90.09,46.72,2,0,86.77,4,HARDER
6,50.61,56.26,5,4,45.01,4,EASIER
6,46.39,127.58,2,3,42.41,4,EASIER
5,85.25,34.85,1,0,89.13,3,EASIER
5,70.77,36.53,1,1,69.36,3,SAME
6,66.54,90.31,1,1,64.42,4,HARDER
4,64.41,57.26,2,2,59.58,2,SAME
7,48.81,89.93,2,2,46.39,5,EASIER
7,53.0,249.17,2,2,53.41,5,EASIER
7,25.02,55.79,5,5,14.2,5,EASIER
7,41.71,50.71,1,3,38.83,5,EASIER
4,88.51,18.43,1,1,85.75,2,HARDER
3,73.3,11.98,3,3,68.16,1,EASIER
5,58.28,68.51,5,3,51.43,3,EASIER
6,40.56,49.32,4,3,32.97,4,EASIER
6,74.24,39.39,2,2,71.85,4,SAME
4,91.27,45.43,1,0,91.7,2,HARDER
4,74.24,55.97,3,2,70.76,2,SAME
5,44.99,97.57,3,3,41.71,3,EASIER
7,35.87,180.46,4,4,25.9,5,EASIER
3,99.93,16.62,1,0,100.0,1,HARDER
4,70.49,43.27,2,2,69.12,2,SAME
4,53.12,48.0,2,3,46.45,2,EASIER
7,27.55,86.46,5,5,20.47,5,HARDER
5,66.18,62.93,1,2,65.62,3,SAME
3,83.32,14.32,1,0,80.91,1,SAME
4,68.11,28.29,1,1,68.39,2,SAME
3,91.16,29.5,2,1,89.28,1,HARDER
5,57.55,122.32,4,4,53.13,3,EASIER
7,38.19,209.77,2,4,32.22,5,EASIER
5,63.44,80.44,2,3,55.44,3,EASIER
7,39.0,116.97,3,3,33.31,5,EASIER
6,75.35,78.85,1,1,73.66,4,SAME
7,30.98,50.88,4,4,20.38,5,EASIER
4,74.59,25.66,1,1,79.71,2,SAME
7,36.1,72.31,5,4,29.23,5,EASIER
4,66.73,49.79,2,2,63.8,2,SAME
5,78.68,92.59,3,1,76.25,3,SAME
6,59.02,120.27,1,2,53.34,4,SAME
4,89.8,66.25,1,1,89.06,2,SAME
4,93.6,39.31,1,0,94.02,2,HARDER
3,74.56,16.14,1,1,66.09,1,SAME
3,87.11,24.45,1,1,84.85,1,HARDER
5,53.42,40.51,3,3,49.56,3,EASIER
7,55.09,160.3,3,2,49.54,5,EASIER
4,69.15,32.1,3,3,60.16,2,EASIER
5,86.79,55.24,1,2,86.85,3,SAME
7,69.83,163.45,2,4,63.32,5,EASIER
6,88.99,55.78,1,0,83.6,4,HARDER
3,70.13,38.39,2,1,69.87,1,SAME
5,64.03,29.77,1,1,59.08,3,SAME
3,76.72,28.65,1,2,78.41,1,SAME
4,96.48,36.41,1,0,94.97,2,HARDER
4,90.83,56.06,1,1,83.34,2,SAME
6,70.47,40.13,2,2,71.22,4,SAME
3,96.04,12.65,1,1,94.48,1,HARDER
4,71.21,54.06,2,2,66.27,2,SAME
4,84.99,31.62,1,1,83.9,2,SAME
4,87.69,36.41,1,0,89.18,2,HARDER
6,57.24,58.19,3,3,58.44,4,EASIER
4,75.25,58.36,1,2,70.44,2,SAME
4,100.0,43.74,1,0,97.32,2,HARDER
5,49.21,65.34,3,3,53.11,3,EASIER
6,65.4,44.63,1,1,60.2,4,SAME
3,98.58,31.25,2,0,98.1,1,HARDER
7,59.22,65.22,3,2,54.34,5,SAME
7,21.03,78.22,5,5,10.78,5,EASIER
6,38.89,40.32,2,4,31.54,4,EASIER
5,58.67,53.68,2,2,53.03,3,SAME
6,59.46,142.63,2,2,57.59,4,SAME
5,63.12,64.89,3,2,60.04,3,SAME
4,83.63,30.87,1,1,81.1,2,SAME
4,83.17,40.0,2,1,82.92,2,SAME
3,90.2,26.18,1,0,84.51,1,HARDER
7,73.16,116.11,1,2,70.1,5,SAME
4,92.07,41.3,1,1,89.46,2,HARDER
4,39.26,23.31,4,4,32.96,2,EASIER
7,49.43,118.7,3,4,44.82,5,EASIER
5,67.64,24.33,2,1,66.8,3,SAME
6,56.73,110.61,3,3,55.57,4,EASIER
4,81.35,22.63,1,0,80.51,2,SAME
4,64.03,66.09,1,0,63.8,2,SAME
6,61.04,22.99,3,2,58.97,4,EASIER
5,64.66,132.86,3,2,56.79,3,EASIER
3,62.7,12.05,2,2,63.73,1,SAME
7,75.0,58.24,2,1,75.07,5,SAME
5,79.59,67.25,2,2,74.99,3,SAME
6,43.62,113.12,3,4,36.71,4,EASIER
4,71.91,33.26,1,1,73.18,2,SAME
5,69.65,90.22,2,1,66.18,3,SAME
6,71.42,54.19,1,2,71.31,4,SAME
7,69.82,90.08,1,1,71.64,5,SAME
4,82.41,32.97,2,1,79.35,2,SAME
6,69.45,61.98,2,2,63.72,4,SAME
7,29.78,39.03,4,4,26.97,5,EASIER
6,54.46,80.95,3,2,53.43,4,EASIER
3,93.78,23.75,1,0,93.93,1,HARDER
3,79.16,40.39,2,2,76.78,1,SAME
4,91.12,20.76,1,1,88.68,2,HARDER
3,100.0,18.81,1,0,100.0,1,HARDER
6,48.18,153.32,2,3,46.51,4,EASIER
7,47.06,131.41,3,4,44.16,5,EASIER
5,69.73,76.13,1,1,71.01,3,SAME
5,71.16,72.59,1,2,67.65,3,SAME
6,29.16,104.04,4,4,19.68,4,EASIER
5,53.76,142.86,4,3,56.01,3,EASIER
5,87.31,60.69,4,2,80.85,3,EASIER
5,81.6,35.16,1,2,79.34,3,SAME
4,94.11,51.31,3,1,92.68,2,SAME
3,97.2,19.43,2,1,100.0,1,HARDER
5,68.72,54.93,1,2,69.88,3,SAME
7,65.66,137.04,1,1,57.52,5,SAME
3,98.64,17.35,1,0,93.45,1,HARDER
4,78.06,29.9,3,2,79.18,2,SAME
4,68.31,47.52,2,2,67.77,2,EASIER
7,65.32,83.05,1,1,61.63,5,HARDER
5,92.52,93.9,1,1,91.9,3,SAME
5,45.9,35.6,3,4,39.05,3,EASIER
6,67.37,49.02,3,1,65.08,4,SAME
4,78.59,93.08,3,3,75.57,2,EASIER
6,51.15,37.0,1,2,49.68,4,EASIER
3,62.09,24.7,4,3,56.78,1,EASIER
3,84.4,56.98,1,0,83.09,1,EASIER
7,65.64,110.27,2,1,62.64,5,SAME
6,35.43,165.18,5,5,26.3,4,EASIER
3,83.27,33.42,1,1,78.26,1,SAME
5,70.87,57.79,2,1,72.4,3,SAME
3,94.77,23.59,1,0,100.0,1,HARDER
6,54.23,27.24,3,2,50.91,4,EASIER
6,80.88,69.46,2,1,79.12,4,SAME
4,84.02,42.38,1,1,91.28,2,SAME
4,91.8,42.37,1,1,85.63,2,HARDER
4,44.72,121.09,4,4,36.8,2,EASIER
4,66.57,43.36,4,3,63.12,2,EASIER
4,63.38,51.1,3,2,59.87,2,SAME
4,62.23,65.7,3,3,55.66,2,EASIER
5,85.53,75.79,2,1,90.19,3,HARDER
7,55.76,106.87,1,2,55.62,5,SAME
6,64.35,78.61,1,1,64.26,4,SAME
4,50.98,32.23,3,3,49.5,2,SAME
7,36.81,142.68,3,4,31.85,5,EASIER
4,65.33,35.08,1,1,66.47,2,SAME
7,72.33,157.45,1,2,71.72,5,SAME
4,60.05,23.65,5,4,48.47,2,EASIER
5,85.52,62.37,1,2,82.47,3,SAME
4,85.85,78.81,1,1,84.3,2,EASIER
6,45.45,72.96,3,3,38.04,4,EASIER
4,81.8,90.36,2,1,78.41,2,EASIER
7,60.04,122.45,1,2,56.34,5,SAME
3,89.38,24.38,2,0,89.08,1,HARDER
5,46.68,61.45,1,3,46.95,3,EASIER
3,76.87,21.76,1,1,78.28,1,SAME
7,41.25,38.06,3,3,35.96,5,EASIER
5,56.83,89.67,4,3,55.8,3,EASIER
6,24.72,256.45,3,5,16.27,4,EASIER
7,85.33,145.52,1,1,77.46,5,HARDER
5,89.46,75.82,1,0,88.78,3,HARDER
3,100.0,23.05,1,0,100.0,1,HARDER
4,97.61,65.48,1,0,100.0,2,SAME
4,89.99,37.31,1,1,88.98,2,HARDER
7,42.18,129.56,2,3,37.1,5,EASIER
7,68.04,47.73,1,1,66.39,5,SAME
5,64.58,44.63,2,2,60.14,3,SAME
7,58.46,136.83,1,1,56.54,5,SAME
4,91.79,58.21,1,0,88.88,2,SAME
6,59.7,133.34,1,1,54.44,4,SAME
4,70.23,18.09,2,2,66.61,2,SAME
4,94.57,18.97,1,0,93.87,2,HARDER
4,74.03,50.01,1,1,69.01,2,SAME
5,73.6,40.08,1,1,72.28,3,SAME
4,81.49,57.86,1,1,80.77,2,SAME
4,76.39,17.66,3,1,76.93,2,SAME
4,92.05,36.28,1,0,84.93,2,HARDER
3,75.69,24.62,2,2,73.63,1,SAME
7,20.91,145.53,4,4,17.82,5,EASIER
4,91.07,23.4,2,1,91.45,2,HARDER
3,65.24,10.42,1,1,65.36,1,SAME
5,74.06,63.13,2,2,70.44,3,SAME
7,52.5,149.22,2,3,45.85,5,EASIER
4,85.04,61.01,1,1,83.76,2,EASIER
7,66.39,92.12,1,2,64.91,5,SAME
6,57.13,122.74,2,3,54.21,4,EASIER
6,60.2,105.56,2,2,61.57,4,SAME
4,85.05,70.75,1,1,81.83,2,SAME
3,78.94,24.39,3,2,75.88,1,SAME
4,53.42,16.85,1,3,49.07,2,EASIER
7,62.24,107.95,1,3,54.47,5,EASIER
6,64.49,85.86,3,2,59.68,4,SAME
6,39.03,107.36,4,3,33.72,4,EASIER
7,61.09,48.58,2,2,57.51,5,SAME
4,88.23,32.82,2,1,84.9,2,HARDER
4,83.5,57.15,1,1,85.37,2,SAME
7,36.36,105.82,5,4,31.08,5,EASIER
5,55.08,49.85,2,3,52.57,3,EASIER
4,78.57,93.09,1,1,75.86,2,EASIER
4,82.47,22.98,2,1,77.82,2,SAME
7,49.61,219.33,1,2,48.13,5,EASIER
3,84.6,39.38,1,0,75.59,1,SAME
3,95.71,22.62,1,0,96.52,1,HARDER
6,59.91,80.61,3,3,48.46,4,EASIER
3,67.13,24.6,5,2,66.75,1,EASIER
3,72.56,27.11,1,2,63.89,1,SAME
7,53.65,81.0,3,3,46.35,5,EASIER
5,52.38,46.92,2,3,50.14,3,EASIER
6,67.04,68.17,1,1,61.48,4,SAME
5,91.33,49.42,2,1,89.86,3,SAME
3,82.24,21.77,3,1,85.26,1,SAME
3,93.59,9.22,1,1,96.07,1,HARDER
6,53.45,86.27,2,2,51.53,4,EASIER
3,99.97,19.77,2,1,100.0,1,HARDER
5,66.42,23.02,3,3,63.0,3,EASIER
4,58.48,32.24,1,2,53.07,2,HARDER
4,76.52,31.77,1,2,68.83,2,SAME
7,43.02,224.42,3,4,37.07,5,EASIER
6,67.52,61.95,1,1,66.12,4,SAME
6,58.19,116.04,4,3,58.34,4,EASIER
4,68.8,72.78,1,1,67.87,2,SAME
4,85.91,28.29,1,1,87.22,2,HARDER
6,49.09,80.0,3,3,46.09,4,EASIER
3,89.42,53.95,1,1,88.13,1,EASIER
4,77.61,42.32,1,0,73.46,2,SAME
6,62.24,99.59,2,2,55.78,4,SAME
6,65.61,66.35,4,3,62.33,4,EASIER
3,71.91,33.94,1,1,71.05,1,SAME
6,78.65,80.33,3,1,72.39,4,SAME
5,87.26,23.42,5,2,82.36,3,EASIER
4,71.47,32.16,2,2,63.72,2,SAME
6,85.38,44.32,1,1,87.21,4,HARDER
7,65.3,119.07,2,2,62.5,5,SAME
5,78.46,36.84,2,2,77.74,3,SAME
4,74.86,47.57,1,1,69.53,2,SAME
4,73.53,38.81,1,1,70.9,2,SAME
5,64.74,31.27,2,2,59.96,3,SAME
3,78.32,20.08,2,2,73.89,1,SAME
5,54.8,78.86,2,3,54.94,3,EASIER
3,73.0,41.67,2,2,71.84,1,SAME
3,100.0,16.73,1,0,100.0,1,HARDER
5,86.99,33.69,2,1,84.38,3,HARDER
6,27.48,226.16,4,4,20.09,4,EASIER
7,68.85,111.41,4,3,65.79,5,EASIER
3,74.13,26.04,1,1,78.91,1,SAME
4,70.96,26.84,1,2,67.24,2,SAME
5,48.72,64.52,2,3,39.74,3,EASIER
5,43.92,135.56,2,3,38.46,3,EASIER
7,67.22,128.65,2,2,64.84,5,SAME
6,59.85,142.67,1,2,60.2,4,SAME
5,76.41,58.84,1,1,76.67,3,SAME
3,85.99,15.84,1,0,86.75,1,HARDER
3,75.22,18.45,1,2,70.18,1,SAME
3,70.37,15.2,1,1,69.79,1,SAME
6,23.08,91.83,4,4,12.19,4,EASIER
4,63.52,67.55,3,2,62.55,2,SAME
4,87.24,40.99,1,0,83.09,2,HARDER
6,58.23,69.87,1,4,52.35,4,EASIER
7,36.58,72.83,1,3,31.3,5,EASIER
5,63.73,69.16,4,3,62.33,3,EASIER
7,73.1,57.04,1,1,69.25,5,SAME
6,24.82,45.47,5,4,13.15,4,EASIER
6,37.14,130.95,3,4,31.17,4,EASIER
7,48.8,96.27,4,3,46.45,5,EASIER
3,66.9,21.9,1,2,68.05,1,SAME
6,39.09,75.1,3,3,33.62,4,EASIER
7,72.95,166.35,1,1,74.5,5,SAME
7,40.57,122.57,3,3,36.64,5,EASIER
5,68.7,40.15,2,2,67.19,3,SAME
6,34.25,56.77,4,4,29.38,4,EASIER
7,59.88,100.7,3,2,51.9,5,SAME
7,30.73,132.05,5,3,22.45,5,EASIER
7,58.41,109.85,3,3,50.94,5,EASIER
7,41.38,104.65,3,4,33.59,5,EASIER
4,69.49,38.84,1,2,64.48,2,SAME
6,66.82,80.47,1,1,64.7,4,SAME
5,65.8,39.42,1,1,63.86,3,SAME
7,47.96,204.76,1,2,43.96,5,EASIER
7,51.72,86.11,1,2,52.84,5,EASIER
7,39.44,120.17,2,3,37.75,5,HARDER
5,83.61,20.92,1,1,80.97,3,SAME
5,66.29,52.14,3,2,66.71,3,SAME
3,77.0,15.33,1,2,81.7,1,SAME
6,59.68,49.29,5,3,55.68,4,EASIER
5,56.15,192.37,1,2,50.29,3,EASIER
5,83.71,65.63,1,1,80.84,3,SAME
6,12.36,155.13,4,6,5.46,4,EASIER
7,31.51,178.51,4,4,23.33,5,EASIER
3,66.51,38.72,1,2,61.25,1,SAME
5,65.5,52.56,1,1,63.49,3,SAME
6,43.01,189.06,4,5,38.35,4,EASIER
7,31.05,177.67,5,4,26.65,5,EASIER
6,31.48,83.78,5,5,28.07,4,EASIER
6,60.58,94.03,2,2,53.63,4,SAME
7,64.41,103.96,1,0,63.03,5,SAME
7,46.78,115.23,2,3,39.7,5,EASIER
6,61.5,80.16,3,3,54.42,4,EASIER
4,82.99,45.46,1,1,81.02,2,SAME
5,62.77,137.24,1,1,62.5,3,EASIER
6,60.18,43.82,5,3,53.94,4,EASIER
3,82.35,41.56,1,1,82.77,1,SAME
6,56.27,67.71,1,2,49.23,4,EASIER
5,74.86,108.74,2,1,76.09,3,SAME
7,39.95,93.39,5,4,32.12,5,EASIER
4,38.08,46.14,4,5,34.0,2,EASIER
7,32.31,102.71,2,3,31.24,5,EASIER
5,73.32,24.63,2,1,68.41,3,SAME
5,32.97,137.17,5,4,26.64,3,EASIER
6,57.41,50.22,3,3,51.8,4,EASIER
5,70.5,60.46,1,2,66.02,3,SAME
7,45.89,63.11,4,3,42.97,5,EASIER
3,96.39,13.79,1,0,96.91,1,HARDER
6,40.4,73.71,2,4,32.7,4,EASIER
7,35.99,81.05,3,3,29.91,5,EASIER
4,99.63,21.94,1,0,100.0,2,HARDER
4,72.92,37.37,3,2,65.29,2,SAME
5,82.73,27.85,1,1,80.01,3,SAME
6,93.19,87.53,1,0,95.87,4,HARDER
7,67.15,104.49,2,2,61.99,5,SAME
6,55.39,22.58,3,2,52.54,4,SAME
6,48.72,62.47,2,3,44.29,4,EASIER
5,74.98,73.13,3,2,71.55,3,SAME
6,62.48,47.17,4,3,57.6,4,EASIER
4,77.63,48.33,2,1,71.6,2,SAME
5,89.31,71.85,2,1,86.2,3,HARDER
3,93.11,15.89,1,1,90.64,1,HARDER
3,90.72,24.86,1,0,96.13,1,HARDER
7,64.12,175.58,2,2,58.54,5,SAME
7,54.44,69.47,3,3,41.68,5,EASIER
5,71.39,52.38,3,2,73.23,3,SAME
3,58.01,41.71,2,3,54.9,1,EASIER
3,93.95,17.07,1,2,90.97,1,SAME
3,63.04,30.67,4,3,57.53,1,EASIER
6,35.78,46.78,5,5,24.14,4,EASIER
4,81.39,35.23,1,1,84.32,2,SAME
4,47.62,46.88,5,4,40.77,2,EASIER
7,56.88,30.21,3,3,50.1,5,EASIER
7,49.67,83.7,1,3,51.65,5,EASIER
6,34.4,102.51,3,4,28.3,4,EASIER
4,81.97,42.26,1,1,82.7,2,SAME
5,77.62,44.78,3,2,80.74,3,SAME
4,64.15,22.61,3,2,61.57,2,SAME
7,49.35,157.75,2,2,45.98,5,EASIER
3,86.75,21.66,1,1,83.52,1,HARDER
6,95.48,108.89,1,0,95.19,4,HARDER
5,79.36,70.01,2,2,79.59,3,SAME
6,56.36,64.98,2,2,52.12,4,SAME
5,57.43,98.63,3,3,55.28,3,EASIER
3,67.3,19.19,3,1,64.69,1,SAME
6,77.83,152.29,2,1,78.09,4,SAME
6,39.56,163.01,2,4,36.83,4,EASIER
5,63.03,97.54,1,2,59.17,3,SAME
4,86.73,34.91,2,2,89.21,2,SAME
4,95.66,125.8,1,0,99.32,2,EASIER
5,69.42,62.53,2,2,65.94,3,SAME
4,80.57,42.56,1,1,77.24,2,SAME
4,77.38,37.61,2,1,68.85,2,SAME
4,84.81,22.34,1,1,86.12,2,SAME
3,100.0,44.49,1,1,100.0,1,SAME
7,46.8,81.99,4,4,40.19,5,EASIER
4,64.28,58.55,3,3,52.96,2,EASIER
3,93.02,41.88,1,0,88.03,1,SAME
3,85.68,32.7,3,0,81.18,1,SAME
7,31.58,76.81,4,4,26.68,5,EASIER
5,65.8,48.99,3,2,61.9,3,SAME
4,70.26,10.8,3,2,69.14,2,SAME
5,50.34,54.75,3,3,42.27,3,EASIER
3,70.47,35.73,3,2,67.04,1,SAME
4,78.69,33.99,1,0,79.57,2,SAME
4,78.52,28.8,1,0,82.92,2,SAME
7,62.58,95.22,4,3,57.47,5,EASIER
3,88.78,42.94,1,0,89.57,1,SAME
5,80.82,56.46,1,2,73.45,3,SAME
6,59.54,215.47,2,2,53.43,4,EASIER
7,48.27,82.06,3,4,42.71,5,EASIER
5,57.58,64.58,3,3,56.52,3,EASIER
4,93.39,31.0,2,1,89.75,2,SAME
4,95.46,100.75,1,1,91.71,2,EASIER
4,79.71,41.35,3,3,69.92,2,EASIER
6,55.5,247.97,1,2,46.65,4,EASIER
4,73.86,31.19,3,2,63.5,2,SAME
6,46.09,181.46,2,3,43.97,4,EASIER
6,70.67,87.19,1,1,68.06,4,SAME
7,37.88,176.7,2,2,35.59,5,EASIER
4,85.77,21.42,2,0,84.23,2,HARDER
7,51.23,135.42,5,2,50.07,5,EASIER
5,57.59,34.17,2,2,56.36,3,SAME
6,60.36,93.73,5,4,53.86,4,EASIER
6,69.89,37.23,2,1,64.37,4,SAME
7,47.44,106.4,2,3,47.07,5,EASIER
5,69.47,99.76,2,2,62.46,3,SAME
6,70.76,109.01,3,3,64.05,4,EASIER
4,97.63,21.28,1,0,97.35,2,HARDER
5,90.29,22.66,1,1,85.58,3,HARDER
5,64.61,74.18,2,3,62.24,3,EASIER
6,44.32,186.6,2,3,39.57,4,EASIER
6,48.98,49.67,4,4,44.54,4,EASIER
3,88.24,63.58,1,0,84.38,1,EASIER
7,53.64,111.6,2,2,53.85,5,EASIER
6,56.28,29.61,2,3,52.06,4,EASIER
3,57.9,12.48,4,3,55.65,1,EASIER
7,66.16,170.4,1,1,66.57,5,SAME
6,61.77,87.72,1,2,56.88,4,SAME
3,96.99,48.35,1,0,100.0,1,SAME
5,45.71,32.05,5,4,38.28,3,EASIER
7,61.34,119.47,1,1,60.04,5,SAME
4,57.03,38.12,3,2,56.93,2,SAME
7,53.41,103.6,3,3,41.7,5,EASIER
5,59.96,47.99,3,3,56.97,3,EASIER
4,72.15,32.04,1,1,73.01,2,SAME
4,81.22,41.25,1,0,79.43,2,SAME
5,38.76,67.37,5,4,34.02,3,EASIER
6,51.74,93.51,1,0,57.48,4,EASIER
7,48.97,216.1,3,3,43.45,5,EASIER
3,56.37,14.65,4,4,51.46,1,EASIER
7,67.99,41.73,1,2,61.08,5,SAME
5,78.11,95.95,4,1,78.7,3,EASIER
3,79.66,16.43,1,0,81.45,1,SAME
7,68.13,91.08,1,2,68.41,5,SAME
4,79.53,28.5,1,2,71.55,2,SAME
6,58.74,58.99,3,2,57.44,4,SAME
6,50.51,38.41,1,2,51.21,4,EASIER
3,94.5,19.4,1,1,94.65,1,HARDER
4,77.07,51.56,2,1,75.65,2,SAME
6,96.52,81.83,1,0,90.58,4,HARDER
4,60.71,48.17,1,2,54.89,2,SAME
3,84.68,20.05,1,1,80.68,1,SAME
3,94.04,37.36,1,1,96.06,1,SAME
7,65.68,84.9,2,2,57.67,5,SAME
3,88.64,9.78,1,0,95.55,1,HARDER
3,82.61,28.78,4,2,78.01,1,EASIER
5,61.56,84.8,3,2,59.53,3,SAME
3,70.49,19.49,4,3,67.15,1,EASIER
6,31.27,152.98,3,4,22.75,4,EASIER
5,55.43,38.07,5,3,49.85,3,EASIER
6,83.95,116.22,1,1,76.95,4,SAME
5,59.74,137.57,1,2,59.89,3,EASIER
6,58.02,83.58,2,2,57.12,4,SAME
6,47.42,72.89,2,3,40.93,4,EASIER
5,68.11,55.04,3,2,67.76,3,SAME
3,86.08,51.6,1,1,84.55,1,EASIER
4,71.29,45.92,4,2,62.4,2,EASIER
3,85.96,64.91,1,0,89.32,1,EASIER
3,88.67,28.31,1,0,89.3,1,HARDER
4,76.32,27.95,2,1,77.42,2,SAME
4,85.86,28.89,1,0,86.2,2,HARDER
3,83.19,25.69,2,2,79.16,1,SAME
4,81.68,14.56,2,0,81.18,2,SAME
5,92.71,45.85,1,0,89.08,3,HARDER
3,100.0,20.44,1,1,99.95,1,HARDER
4,95.95,42.53,2,0,96.67,2,HARDER
3,67.39,59.32,2,2,64.07,1,EASIER
3,81.63,25.62,1,1,77.94,1,SAME
3,95.2,10.63,2,1,89.83,1,HARDER
5,65.87,36.89,1,2,65.44,3,SAME
6,86.86,93.98,1,1,80.19,4,HARDER
6,64.06,86.06,1,1,65.04,4,SAME
6,52.7,190.84,2,2,43.48,4,EASIER
6,61.66,135.09,1,2,56.94,4,SAME
7,43.22,185.94,3,4,38.92,5,EASIER
4,74.24,34.31,5,2,73.96,2,EASIER
6,51.44,145.22,5,4,44.44,4,EASIER
7,77.53,68.73,2,2,76.65,5,SAME
5,85.25,93.67,3,1,80.12,3,SAME
7,29.96,96.02,5,4,21.48,5,EASIER
3,78.87,13.12,1,0,80.18,1,SAME
7,54.38,154.75,2,3,48.66,5,EASIER
5,75.96,115.84,1,1,72.39,3,SAME
4,67.8,31.39,1,1,65.53,2,SAME
3,82.73,50.11,3,1,80.08,1,EASIER
6,58.55,34.66,1,3,53.3,4,EASIER
5,72.5,32.07,1,1,75.55,3,SAME
4,85.18,35.47,2,2,85.6,2,SAME
4,75.22,31.92,3,3,73.43,2,EASIER
7,63.83,77.86,1,1,62.37,5,SAME
5,65.35,61.97,3,2,63.25,3,SAME
3,97.22,19.76,1,0,94.28,1,HARDER
4,77.37,32.1,1,1,81.58,2,SAME
3,93.35,28.3,1,0,91.09,1,HARDER
6,48.95,57.95,4,3,48.69,4,EASIER
7,64.52,105.71,1,1,62.52,5,SAME
7,75.74,78.78,1,1,78.15,5,SAME
6,45.16,43.81,5,3,39.21,4,EASIER
6,54.47,121.98,5,4,50.52,4,EASIER
5,58.39,135.07,2,2,59.64,3,EASIER
6,64.13,142.64,1,2,65.31,4,SAME
3,72.95,28.98,1,0,73.67,1,SAME
5,66.41,42.22,1,3,61.93,3,EASIER
5,72.89,50.32,1,1,72.99,3,SAME
3,87.01,40.01,2,1,88.93,1,SAME
5,71.5,18.75,1,1,72.44,3,SAME
6,58.01,67.89,1,2,56.04,4,SAME
4,79.54,53.66,2,1,81.83,2,SAME
5,58.67,33.02,1,2,51.79,3,SAME
4,65.41,46.37,1,2,64.17,2,SAME
4,67.4,45.37,2,2,62.35,2,SAME
3,94.35,13.09,1,0,99.78,1,HARDER
4,67.29,39.59,2,2,67.01,2,SAME
7,64.07,80.0,1,2,56.74,5,SAME
7,61.97,140.51,2,2,55.04,5,SAME
6,65.45,116.16,2,2,58.32,4,SAME
6,73.5,100.9,3,2,72.06,4,SAME
6,71.55,85.15,1,1,72.53,4,SAME
5,70.96,66.92,4,2,62.21,3,EASIER
5,62.87,32.4,4,3,56.6,3,EASIER
6,58.69,80.7,2,3,52.82,4,EASIER
6,59.44,54.19,1,4,54.38,4,EASIER
5,75.69,96.65,1,1,73.23,3,SAME
5,32.85,81.34,5,5,26.04,3,EASIER
5,72.76,81.23,1,1,67.93,3,SAME
4,78.63,85.02,1,1,72.88,2,EASIER
4,96.98,32.54,1,0,94.63,2,HARDER
3,82.19,19.58,1,0,81.98,1,SAME
5,81.86,48.69,1,1,80.61,3,SAME
6,59.31,35.64,1,1,52.71,4,SAME
6,65.54,37.13,3,2,59.97,4,SAME
7,76.05,157.12,1,2,74.19,5,SAME
3,73.87,13.44,2,1,76.54,1,SAME
6,64.58,46.89,2,2,58.64,4,SAME
6,98.49,77.78,1,1,99.63,4,HARDER
5,54.87,47.29,3,4,45.25,3,EASIER
4,59.44,57.62,2,3,59.79,2,EASIER
4,79.4,39.1,2,1,73.34,2,SAME
6,58.28,54.14,1,1,51.1,4,SAME
7,46.85,190.19,3,3,41.77,5,EASIER
6,55.56,119.78,4,2,48.2,4,EASIER
5,37.74,28.85,5,4,32.12,3,EASIER
6,38.9,93.49,3,3,31.58,4,EASIER
3,100.0,18.19,1,0,100.0,1,HARDER
6,68.07,55.77,4,2,64.47,4,EASIER
3,84.05,57.44,1,1,79.92,1,SAME
7,70.6,119.85,2,2,68.51,5,SAME
7,61.43,99.48,4,3,54.22,5,HARDER
5,84.64,60.49,1,1,82.86,3,SAME
4,83.99,57.31,1,2,79.08,2,SAME
6,77.47,56.93,1,1,78.14,4,SAME
6,79.57,62.22,1,2,72.78,4,SAME
6,21.64,115.38,4,5,9.27,4,EASIER
5,61.71,27.38,3,2,60.46,3,SAME
4,60.8,60.54,2,3,52.15,2,EASIER
3,66.06,12.24,3,2,63.44,1,SAME
4,87.53,33.85,1,0,90.67,2,HARDER
5,61.94,26.29,3,3,59.56,3,EASIER
5,77.36,34.38,1,2,73.63,3,SAME
5,57.39,110.25,3,2,57.38,3,SAME
4,73.02,62.08,2,2,69.94,2,SAME
7,27.04,209.76,5,4,17.6,5,SAME
4,94.19,19.23,2,2,97.03,2,SAME
7,70.13,63.16,1,1,66.59,5,SAME
4,66.17,44.58,2,2,63.97,2,SAME
5,70.17,82.64,1,1,68.82,3,SAME
6,70.54,54.11,2,2,63.44,4,SAME
4,81.04,28.95,1,0,83.76,2,SAME
4,89.65,22.33,1,0,88.6,2,SAME
4,66.17,82.84,3,2,65.82,2,EASIER
7,58.32,86.46,2,2,52.22,5,SAME
3,100.0,25.35,1,1,96.06,1,HARDER
5,81.22,60.45,1,1,80.85,3,SAME
6,86.19,145.71,1,2,86.43,4,SAME
6,62.73,49.97,1,2,61.57,4,SAME
5,49.29,103.41,3,3,39.42,3,EASIER
3,87.38,14.15,2,1,88.53,1,HARDER
3,86.27,42.0,1,1,83.24,1,SAME
5,78.47,24.81,1,1,73.05,3,SAME
7,52.95,105.8,3,4,50.19,5,EASIER
3,52.68,51.53,4,2,47.94,1,EASIER
7,27.89,163.78,2,2,27.86,5,EASIER
6,69.32,102.08,2,2,67.01,4,SAME
3,74.22,15.68,1,2,71.6,1,SAME
4,78.39,26.9,1,2,78.44,2,SAME
4,79.41,71.48,1,1,75.09,2,SAME
7,38.46,144.88,4,5,34.29,5,EASIER
5,83.03,90.12,1,1,76.68,3,SAME
4,84.22,39.34,2,1,83.29,2,SAME
4,86.62,33.29,1,1,89.95,2,HARDER
5,81.12,84.77,1,0,83.91,3,SAME
3,78.44,28.06,1,1,76.99,1,SAME
4,75.75,35.08,1,1,78.93,2,SAME
3,100.0,13.33,1,0,97.85,1,HARDER
6,60.46,134.66,2,2,58.46,4,SAME
6,63.99,103.08,3,2,60.34,4,SAME
5,50.37,42.96,3,3,46.13,3,EASIER
3,89.7,42.25,2,1,90.69,1,SAME
4,80.84,42.61,1,2,78.35,2,SAME
7,55.76,129.29,1,2,50.34,5,SAME
4,100.0,57.57,1,0,92.39,2,EASIER
3,100.0,33.66,1,0,100.0,1,HARDER
3,89.41,28.49,1,1,90.22,1,HARDER
7,65.72,101.06,1,2,64.38,5,SAME
3,76.01,60.44,2,0,77.21,1,EASIER
5,57.46,40.33,2,2,53.99,3,SAME
7,59.55,168.18,1,2,53.03,5,HARDER
6,58.74,78.5,3,3,55.02,4,EASIER
5,73.41,72.64,3,2,70.41,3,SAME
4,88.2,67.85,1,0,92.03,2,SAME
3,79.18,21.76,1,1,77.35,1,SAME
3,66.96,32.68,1,1,67.91,1,SAME
7,58.19,129.44,1,3,53.1,5,EASIER
3,75.96,18.79,1,1,75.4,1,SAME
3,87.45,43.76,1,0,84.06,1,SAME
7,49.79,165.02,3,3,40.34,5,EASIER
5,66.72,46.77,3,2,62.83,3,SAME
4,77.14,63.83,1,1,78.03,2,SAME
6,46.66,53.22,5,4,41.14,4,EASIER
5,92.56,57.18,1,1,89.87,3,HARDER
7,60.62,88.64,2,3,53.99,5,EASIER
5,79.15,84.13,1,1,72.6,3,SAME
6,64.29,63.9,1,2,62.84,4,SAME
7,39.46,169.33,4,4,31.58,5,EASIER
5,92.46,77.84,1,0,85.19,3,HARDER
4,83.62,31.86,1,0,83.29,2,SAME
7,30.72,300.0,3,4,26.87,5,EASIER
4,97.71,26.77,1,0,100.0,2,HARDER
3,88.59,13.35,1,0,92.49,1,HARDER
5,60.52,88.61,4,3,57.12,3,EASIER
7,65.78,34.71,1,2,62.31,5,SAME
3,94.3,48.56,1,0,95.59,1,SAME
7,65.19,118.39,2,2,61.31,5,SAME
7,56.53,51.46,4,3,49.51,5,EASIER
7,47.18,66.79,5,3,39.3,5,EASIER
5,79.56,25.83,3,2,70.04,3,SAME
4,74.18,45.49,2,2,71.74,2,SAME
5,57.28,30.07,2,1,56.46,3,SAME
3,81.31,31.26,2,2,82.07,1,SAME
7,74.18,94.86,4,2,63.98,5,EASIER
6,69.52,64.04,1,1,71.16,4,SAME
5,41.73,74.63,3,3,38.01,3,EASIER
5,91.19,78.97,3,2,91.91,3,SAME
6,39.46,148.79,5,4,38.03,4,EASIER
5,54.46,42.38,3,2,45.98,3,EASIER
7,29.82,110.2,4,5,23.77,5,EASIER
7,37.29,79.22,5,4,32.01,5,EASIER
7,71.19,122.4,1,2,70.44,5,SAME
6,71.2,54.71,2,2,73.03,4,SAME
6,52.67,65.77,5,4,46.18,4,EASIER
4,61.34,31.21,2,1,57.91,2,SAME
3,63.54,28.49,3,2,59.41,1,SAME
5,77.63,58.08,1,0,72.69,3,SAME
7,73.38,147.59,1,1,78.47,5,SAME
3,85.99,23.84,1,1,89.46,1,HARDER
5,52.56,43.53,1,2,48.85,3,EASIER
3,92.91,27.22,2,0,93.56,1,HARDER
5,40.25,36.83,2,4,31.11,3,SAME
3,84.65,32.21,1,0,82.66,1,SAME
6,65.36,70.69,3,3,63.49,4,EASIER
7,56.95,125.21,3,3,53.6,5,EASIER
6,51.68,91.94,1,2,49.73,4,EASIER
6,65.12,188.58,2,2,61.74,4,EASIER
4,92.23,45.46,2,1,92.9,2,HARDER
5,84.8,60.14,1,1,77.45,3,SAME
3,81.07,18.37,2,1,80.5,1,EASIER
4,81.49,55.41,2,1,85.6,2,SAME
5,55.64,50.74,3,2,55.14,3,SAME
6,82.59,37.09,1,1,76.6,4,SAME
3,100.0,22.92,2,0,100.0,1,HARDER
7,58.07,124.32,1,1,55.29,5,SAME
5,65.33,38.68,4,3,65.34,3,EASIER
7,74.94,105.01,1,1,73.61,5,SAME
5,75.22,55.98,1,1,80.21,3,SAME
5,45.54,56.42,2,2,49.07,3,EASIER
6,59.46,155.82,2,2,57.89,4,SAME
7,22.59,54.8,2,3,18.63,5,EASIER
3,100.0,61.8,1,2,100.0,1,EASIER
5,70.36,57.06,3,2,65.27,3,SAME
3,87.3,32.36,1,1,86.97,1,HARDER
5,87.86,61.79,1,1,85.58,3,HARDER
7,43.71,43.72,2,4,36.13,5,EASIER
7,62.24,62.97,3,3,60.45,5,EASIER
4,80.13,29.7,2,1,78.89,2,SAME
4,85.52,60.62,1,0,91.85,2,SAME
5,72.94,29.23,1,1,69.61,3,SAME
4,74.18,25.42,2,2,68.13,2,SAME
3,96.42,26.9,1,1,94.83,1,HARDER
4,45.56,47.46,5,4,41.15,2,EASIER
5,62.37,72.21,1,2,58.85,3,SAME
5,89.04,35.64,1,2,88.0,3,SAME
7,68.95,46.88,1,2,63.37,5,SAME
5,51.11,75.74,3,2,50.49,3,EASIER
4,82.32,74.53,1,0,79.39,2,SAME
6,70.56,68.52,1,2,63.05,4,SAME
6,62.13,45.22,1,1,55.33,4,SAME
5,79.43,46.88,1,1,82.3,3,SAME
5,75.7,70.49,1,1,76.04,3,SAME
4,93.95,34.06,1,0,95.74,2,HARDER
7,43.29,241.15,3,3,37.79,5,EASIER
7,51.23,185.42,1,3,49.15,5,EASIER
3,83.63,27.14,1,1,79.8,1,SAME
4,60.81,15.17,5,2,55.3,2,EASIER
4,57.25,27.45,2,2,54.67,2,SAME
7,22.61,83.08,5,5,16.37,5,EASIER
3,87.98,17.93,1,1,84.1,1,HARDER
4,82.27,41.57,1,0,85.38,2,SAME
4,94.58,41.97,1,0,91.37,2,HARDER
5,33.44,25.32,5,4,27.52,3,EASIER
4,56.7,55.46,4,2,55.64,2,EASIER
5,69.88,58.46,2,2,61.29,3,SAME
6,65.11,98.76,1,2,61.5,4,SAME
7,36.3,168.08,3,4,32.23,5,EASIER
3,69.01,17.77,3,2,66.89,1,SAME
3,91.28,43.78,1,0,92.33,1,SAME
3,80.01,23.47,2,1,75.64,1,SAME
7,33.38,255.4,3,3,27.52,5,EASIER
6,57.04,51.52,1,2,56.78,4,SAME
5,83.34,118.2,3,0,88.23,3,EASIER
6,71.61,51.25,1,1,66.61,4,SAME
5,61.6,204.81,4,3,56.26,3,EASIER
4,80.91,24.29,1,1,74.32,2,SAME
5,68.15,97.85,2,2,65.44,3,SAME
6,75.59,67.92,1,0,76.38,4,SAME
3,87.92,34.37,1,1,86.22,1,SAME
6,50.33,80.29,4,3,48.04,4,EASIER
5,65.61,33.79,3,3,55.12,3,EASIER
3,73.62,8.0,3,2,70.25,1,SAME
4,69.06,123.49,2,2,67.98,2,EASIER
5,88.21,60.13,1,1,92.31,3,HARDER
4,73.33,9.53,1,2,70.79,2,SAME
4,100.0,43.81,1,0,100.0,2,HARDER
6,66.6,117.37,2,3,57.24,4,EASIER
5,66.85,40.71,2,3,58.72,3,EASIER
5,87.02,40.85,1,1,90.49,3,HARDER
6,51.3,81.16,5,3,47.63,4,EASIER
3,92.27,42.69,1,0,92.31,1,SAME
4,75.78,39.83,2,2,71.9,2,SAME
3,70.36,47.94,1,2,68.2,1,SAME
7,33.83,207.48,3,4,23.56,5,EASIER
3,90.93,22.58,1,0,94.45,1,HARDER
7,40.52,47.59,5,5,33.57,5,EASIER
3,83.98,22.6,2,1,77.39,1,SAME
4,87.9,48.67,1,1,87.16,2,HARDER
6,67.29,84.59,1,2,61.81,4,SAME
7,45.56,158.26,4,3,45.25,5,EASIER
3,100.0,36.71,1,0,97.81,1,SAME
4,78.19,48.77,2,1,76.25,2,SAME
7,54.85,96.39,2,2,51.86,5,EASIER
4,76.31,48.52,2,2,75.48,2,SAME
4,87.53,108.66,1,1,91.08,2,EASIER
6,62.82,37.79,2,2,60.23,4,SAME
3,84.52,31.05,3,1,85.0,1,SAME
7,44.32,300.0,3,2,38.99,5,EASIER
7,82.91,59.05,1,1,80.94,5,SAME
7,47.84,193.27,3,3,44.3,5,EASIER
4,83.32,64.77,1,1,81.36,2,SAME
3,94.14,12.96,1,0,96.71,1,HARDER
5,68.33,82.52,2,2,63.3,3,SAME
4,86.36,33.45,1,1,84.52,2,HARDER
7,71.46,108.37,2,1,67.16,5,SAME
6,51.17,69.25,3,2,50.67,4,EASIER
7,39.57,229.04,1,3,36.07,5,EASIER
6,71.81,77.36,1,2,72.14,4,SAME
6,58.43,64.44,3,3,52.5,4,EASIER
3,80.23,20.5,4,2,85.28,1,EASIER
3,88.64,21.48,1,1,88.08,1,HARDER
3,85.35,15.46,1,0,87.32,1,EASIER
5,42.57,45.91,5,4,39.44,3,EASIER
4,63.23,40.16,3,2,60.25,2,SAME
7,23.86,139.61,5,5,16.46,5,EASIER
3,75.65,42.72,1,1,73.87,1,SAME
7,9.91,127.72,5,4,6.37,5,EASIER
6,58.26,64.07,4,3,52.64,4,EASIER
3,92.38,15.94,1,0,93.19,1,HARDER
3,100.0,28.5,2,1,100.0,1,HARDER
4,67.97,35.96,1,2,66.92,2,SAME
4,100.0,36.52,1,2,89.81,2,SAME
4,75.05,42.99,2,2,72.26,2,SAME
5,58.28,75.0,1,2,52.91,3,SAME
3,46.74,28.19,4,3,41.57,1,EASIER
3,70.21,23.17,3,2,70.18,1,SAME
6,59.03,54.05,4,3,61.63,4,EASIER
7,66.02,80.2,1,1,61.85,5,SAME
4,71.53,56.61,2,2,66.43,2,SAME
7,47.53,88.91,5,3,43.52,5,EASIER
4,85.37,20.19,1,1,84.55,2,HARDER
4,57.47,65.54,2,3,50.08,2,EASIER
3,100.0,16.44,1,1,100.0,1,HARDER
5,51.51,59.02,3,5,41.43,3,EASIER
5,57.04,73.96,2,2,49.47,3,EASIER
6,46.62,82.14,4,4,37.36,4,EASIER
3,93.71,8.3,1,0,96.12,1,HARDER
3,75.56,29.74,2,2,71.97,1,SAME
5,53.34,111.84,1,2,43.86,3,EASIER
3,75.51,35.48,2,3,72.38,1,EASIER
3,86.91,9.72,3,1,85.75,1,SAME
6,42.71,247.87,3,3,41.71,4,EASIER
7,47.3,54.38,5,4,41.69,5,EASIER
5,75.72,34.01,2,1,74.92,3,SAME
3,83.13,35.4,1,2,79.18,1,SAME
7,24.6,143.35,5,5,15.6,5,EASIER
5,78.92,60.35,1,2,72.98,3,SAME
6,58.17,60.99,3,3,50.18,4,EASIER
3,82.66,45.2,2,1,82.26,1,SAME
5,65.26,56.88,3,2,59.26,3,SAME
3,88.49,12.45,1,1,86.28,1,HARDER
6,55.81,155.64,2,3,56.2,4,EASIER
4,74.7,42.13,1,1,75.61,2,SAME
7,15.87,205.65,5,5,9.45,5,EASIER
3,97.62,32.25,1,0,98.85,1,HARDER
6,35.91,284.39,2,3,29.51,4,EASIER
3,69.36,21.78,1,1,65.36,1,SAME
6,52.13,82.69,3,2,51.62,4,EASIER
5,78.04,82.83,1,0,80.32,3,SAME
7,47.14,94.91,3,3,37.29,5,EASIER
6,39.45,124.47,3,3,34.87,4,EASIER
4,89.14,9.51,2,2,83.92,2,SAME
3,92.55,24.2,1,0,91.0,1,HARDER
5,75.72,55.12,3,1,71.2,3,SAME
5,69.51,54.14,2,1,70.82,3,SAME
3,95.4,16.92,1,0,91.51,1,HARDER
5,61.86,90.83,1,2,53.36,3,SAME
4,36.23,29.98,3,4,28.6,2,EASIER
4,63.09,41.75,4,3,64.37,2,EASIER
3,68.29,24.59,2,3,66.99,1,EASIER
4,78.75,48.07,3,1,81.73,2,SAME
4,91.27,74.45,1,0,94.64,2,SAME
3,93.24,27.27,1,0,92.47,1,HARDER
5,51.36,87.96,3,2,48.15,3,EASIER
4,83.67,40.68,1,1,81.3,2,SAME
3,89.09,19.96,2,1,83.66,1,HARDER
5,74.46,54.08,2,2,68.16,3,SAME
3,79.91,22.04,1,0,82.02,1,SAME
7,31.98,152.65,2,5,22.35,5,EASIER
5,80.9,61.14,1,1,79.62,3,SAME
7,62.78,72.65,1,3,55.09,5,EASIER
7,62.29,99.24,2,3,56.71,5,EASIER
7,62.78,48.76,1,1,62.88,5,SAME
5,75.24,52.93,1,1,68.74,3,SAME
5,75.03,58.04,1,1,73.44,3,SAME
6,42.28,210.0,3,3,39.56,4,EASIER
3,100.0,45.56,2,1,98.41,1,SAME
7,53.42,63.75,2,2,47.54,5,EASIER
4,73.12,41.78,2,1,71.75,2,SAME
3,90.76,27.56,2,1,85.17,1,HARDER
4,81.95,34.1,2,1,79.92,2,SAME
4,56.96,35.14,5,3,49.6,2,EASIER
3,80.56,21.36,1,1,76.9,1,SAME
6,37.76,217.14,2,3,38.87,4,EASIER
3,75.4,20.77,3,3,74.38,1,EASIER
7,45.04,134.87,3,4,40.41,5,EASIER
5,64.49,16.59,2,1,64.13,3,SAME
6,61.27,125.84,3,2,59.57,4,SAME
4,91.9,66.3,1,0,91.82,2,SAME
3,95.67,15.65,2,1,93.49,1,HARDER
3,71.72,19.91,2,2,66.93,1,SAME
6,65.69,103.7,3,2,62.89,4,SAME
6,49.09,82.83,1,3,40.97,4,EASIER
4,82.65,47.31,1,1,81.54,2,SAME
4,79.49,33.2,3,2,80.13,2,SAME
7,29.64,300.0,2,3,27.0,5,EASIER
7,20.28,77.75,5,5,13.2,5,EASIER
5,63.47,219.81,1,2,55.73,3,EASIER
4,92.76,68.12,2,0,91.28,2,SAME
4,100.0,56.19,1,0,100.0,2,HARDER
5,82.92,34.65,2,1,81.99,3,SAME
5,35.39,90.99,5,5,25.15,3,EASIER
3,89.43,32.71,1,0,89.73,1,HARDER
3,100.0,9.73,1,0,100.0,1,HARDER
5,65.93,28.94,4,2,62.93,3,EASIER
6,44.64,98.76,2,4,39.33,4,EASIER
3,98.86,23.56,1,0,96.52,1,HARDER
5,68.92,44.92,1,1,72.69,3,SAME
3,85.61,40.41,1,1,83.48,1,SAME
4,85.22,25.08,2,1,83.61,2,HARDER
6,59.02,64.72,2,2,54.94,4,SAME
4,78.3,28.04,1,1,81.46,2,SAME
4,95.06,48.3,1,1,92.55,2,HARDER
7,71.31,43.88,1,1,67.39,5,SAME
3,79.69,20.03,3,1,80.34,1,SAME
3,92.2,11.61,4,1,87.81,1,EASIER
7,51.38,94.44,3,3,42.64,5,EASIER
5,64.58,82.96,3,3,59.17,3,EASIER
3,85.8,34.76,1,0,85.19,1,SAME
5,45.4,40.46,4,4,43.47,3,EASIER
5,60.03,75.52,1,3,51.85,3,EASIER
4,93.52,34.83,1,0,92.88,2,HARDER
5,67.67,113.77,1,2,63.16,3,SAME
6,91.48,76.64,2,0,87.83,4,HARDER
4,67.3,9.4,2,2,61.66,2,SAME
7,49.07,182.38,1,2,47.58,5,EASIER
5,80.7,46.21,1,1,84.31,3,SAME
7,30.75,96.45,4,4,26.85,5,EASIER
3,66.29,29.03,2,3,66.01,1,EASIER
4,91.5,19.45,1,0,82.78,2,HARDER
6,45.71,85.25,1,3,40.51,4,EASIER
7,48.21,149.87,3,2,44.93,5,EASIER
4,78.91,45.09,2,1,80.59,2,SAME
7,59.28,80.81,3,3,61.77,5,EASIER
3,94.22,38.87,1,0,95.53,1,SAME
5,100.0,35.4,2,0,99.25,3,HARDER
4,79.9,28.32,1,2,75.02,2,SAME
5,48.43,54.22,3,4,41.81,3,EASIER
7,63.77,131.57,5,3,55.2,5,EASIER
6,57.15,69.27,3,3,48.29,4,EASIER
6,54.54,155.34,1,2,52.36,4,SAME
4,38.17,43.66,5,3,32.88,2,EASIER
7,59.18,116.71,1,1,56.03,5,SAME
5,39.8,65.97,5,4,37.54,3,EASIER
6,51.49,120.04,2,3,56.75,4,EASIER
6,32.32,92.94,3,3,26.28,4,EASIER
6,58.94,32.0,2,2,53.08,4,SAME
6,62.73,144.5,2,3,61.91,4,EASIER
5,65.68,61.54,1,2,59.33,3,EASIER
6,62.41,117.08,1,2,56.57,4,SAME
7,50.67,89.77,2,3,47.88,5,EASIER
4,85.0,16.1,1,1,85.54,2,HARDER
5,88.42,18.77,2,1,86.78,3,HARDER
3,78.32,16.42,3,2,75.11,1,SAME
4,70.44,48.46,1,1,74.43,2,SAME
6,48.31,161.04,3,3,43.17,4,EASIER
6,72.82,95.94,1,1,75.01,4,SAME
4,63.54,23.17,2,2,61.64,2,SAME
5,59.93,39.34,2,2,61.75,3,SAME
7,21.88,235.13,4,5,11.64,5,EASIER
3,87.94,13.95,1,0,87.49,1,HARDER
3,82.77,63.7,1,1,79.03,1,EASIER
4,61.17,91.77,1,2,54.76,2,EASIER
6,22.26,248.83,5,5,19.27,4,EASIER
4,83.01,45.45,1,1,81.56,2,SAME
7,60.8,92.98,3,3,53.39,5,EASIER
7,39.5,136.01,2,3,34.44,5,SAME
5,57.25,90.94,2,2,48.77,3,EASIER
4,71.49,27.99,1,1,69.56,2,SAME
3,71.96,15.32,1,0,74.05,1,SAME
7,26.88,95.94,2,5,24.1,5,EASIER
7,67.87,73.52,1,3,54.62,5,EASIER
5,74.35,107.2,1,1,71.06,3,SAME
5,74.51,42.75,2,1,74.59,3,SAME
6,51.54,86.18,4,4,46.85,4,EASIER
6,60.72,136.72,1,1,57.34,4,SAME
3,81.34,44.19,1,2,78.69,1,SAME
6,80.86,91.39,1,1,78.16,4,SAME
7,46.93,138.09,4,3,42.56,5,SAME
6,68.54,48.32,1,1,71.24,4,SAME
5,48.9,96.24,3,2,48.54,3,EASIER
5,73.95,108.41,1,1,69.16,3,SAME
4,86.09,15.78,1,0,83.32,2,HARDER
6,46.22,205.09,2,3,43.69,4,EASIER
4,86.6,27.34,1,1,80.81,2,HARDER
4,89.35,50.25,1,0,90.34,2,HARDER
4,88.65,39.41,1,0,90.83,2,HARDER
4,66.49,36.94,5,3,60.44,2,EASIER
4,86.36,34.48,2,1,84.55,2,HARDER
3,87.35,16.07,3,1,88.6,1,SAME
6,34.03,107.67,5,5,34.17,4,EASIER
5,78.58,50.34,2,2,77.52,3,SAME
7,47.28,54.86,4,3,43.24,5,EASIER
3,98.92,15.77,1,1,93.58,1,HARDER
6,57.31,41.87,3,2,47.92,4,EASIER
3,88.33,19.8,2,0,87.23,1,HARDER
5,57.52,73.74,2,2,57.67,3,SAME
5,75.15,40.79,2,1,74.86,3,SAME
5,87.5,94.0,1,1,88.4,3,SAME
6,60.15,77.07,5,3,56.62,4,EASIER
7,61.63,95.66,1,2,60.29,5,SAME
4,100.0,38.3,1,0,99.09,2,HARDER
7,50.99,239.57,1,2,50.75,5,EASIER
3,90.65,13.58,2,1,92.56,1,HARDER
4,81.11,82.77,1,0,82.15,2,EASIER
4,82.23,59.67,3,1,81.05,2,SAME
7,51.24,110.69,3,3,40.54,5,EASIER
3,75.01,42.32,2,2,71.66,1,SAME
4,95.43,32.66,1,0,95.07,2,HARDER
5,63.84,66.81,2,2,61.47,3,SAME
7,52.45,83.38,3,3,52.29,5,SAME
5,55.54,93.58,1,2,52.26,3,SAME
7,65.1,76.18,2,2,70.35,5,SAME
6,35.36,79.84,3,4,29.36,4,EASIER
6,47.72,116.73,3,3,45.75,4,EASIER
6,22.22,141.43,5,5,14.7,4,EASIER
3,77.68,17.35,1,2,70.23,1,SAME
5,74.51,84.2,1,1,73.2,3,SAME
5,48.61,35.67,4,4,40.22,3,EASIER
4,64.11,13.83,5,2,64.44,2,EASIER
3,87.29,17.92,1,1,85.18,1,HARDER
3,90.95,36.24,1,1,86.33,1,SAME
6,61.01,81.48,1,2,61.34,4,SAME
6,64.23,62.09,3,3,62.19,4,EASIER
4,85.93,39.0,1,2,87.72,2,SAME
6,75.71,82.96,1,1,76.92,4,SAME
6,68.86,113.31,2,1,68.4,4,SAME
7,51.51,46.53,4,3,47.82,5,EASIER
7,60.57,105.92,2,1,60.46,5,SAME
7,50.29,119.85,3,2,42.25,5,EASIER
3,95.15,13.62,2,2,88.99,1,SAME
6,50.79,40.03,4,3,45.88,4,EASIER
4,79.45,32.01,1,0,78.88,2,SAME
5,87.07,58.25,1,1,82.26,3,HARDER
6,81.47,82.52,1,1,71.44,4,SAME
6,69.44,61.4,1,2,66.43,4,SAME
5,83.82,43.15,1,0,83.06,3,SAME
7,61.01,90.3,2,2,54.55,5,SAME
3,90.7,28.55,1,1,86.15,1,HARDER
3,65.36,43.5,2,2,60.7,1,SAME
3,77.88,9.31,1,2,69.75,1,SAME
7,27.31,157.28,5,4,28.13,5,EASIER
5,77.45,54.9,1,1,76.16,3,SAME
5,62.68,75.24,1,2,57.07,3,SAME
6,27.38,151.9,3,5,25.12,4,EASIER
5,54.87,39.91,4,3,50.71,3,EASIER
5,74.33,92.56,1,1,68.63,3,SAME
3,92.52,14.31,2,0,87.7,1,HARDER
3,100.0,26.46,2,0,100.0,1,HARDER
7,41.06,98.13,2,3,35.24,5,EASIER
5,73.65,59.34,2,2,66.74,3,SAME
3,100.0,16.1,1,0,97.17,1,HARDER
4,68.81,46.66,1,2,62.38,2,SAME
4,69.89,80.09,1,1,71.08,2,EASIER
4,94.69,24.07,1,0,94.14,2,HARDER
4,78.79,41.54,2,1,76.37,2,SAME
6,69.35,127.97,1,1,70.73,4,SAME
3,96.82,21.91,1,0,94.14,1,HARDER
4,89.42,72.02,1,0,89.16,2,SAME
5,74.66,46.89,2,1,76.68,3,SAME
5,76.0,54.76,2,2,71.87,3,SAME
7,28.82,65.19,4,4,19.84,5,EASIER
7,45.16,120.0,5,4,34.58,5,EASIER
4,73.2,38.05,5,2,69.13,2,EASIER
5,87.49,79.46,1,0,91.6,3,SAME
3,95.49,18.84,1,1,89.8,1,HARDER
6,83.76,57.52,2,1,82.03,4,SAME
3,91.6,30.71,1,0,85.1,1,HARDER
3,99.2,46.55,1,0,100.0,1,SAME
6,65.09,113.73,4,2,59.52,4,EASIER
3,83.45,56.88,1,0,85.75,1,EASIER
5,82.95,76.35,2,1,83.11,3,SAME
3,70.03,31.5,2,1,66.3,1,SAME
6,36.72,116.74,4,4,28.68,4,EASIER
6,30.52,177.78,4,4,25.24,4,EASIER
5,28.44,107.02,4,4,20.35,3,EASIER
7,48.12,62.01,2,3,42.98,5,EASIER
5,68.64,86.21,2,2,72.36,3,SAME
3,86.38,28.13,1,0,82.71,1,HARDER
3,54.97,22.93,4,3,56.92,1,EASIER
4,56.88,16.52,1,2,57.23,2,SAME
4,75.75,18.43,1,1,73.31,2,SAME
4,53.66,32.02,4,4,45.63,2,EASIER
4,97.84,19.09,2,0,96.04,2,HARDER
5,76.79,48.92,1,2,80.57,3,SAME
3,100.0,34.36,1,0,97.39,1,SAME
6,55.11,60.62,2,2,48.87,4,EASIER
4,88.45,39.52,2,1,85.39,2,HARDER
6,58.69,47.01,3,2,52.62,4,SAME
5,67.35,67.24,1,1,65.59,3,SAME
7,41.97,147.74,4,3,36.64,5,EASIER
5,74.73,28.68,1,2,69.73,3,SAME
4,59.65,26.69,4,3,53.49,2,EASIER
5,51.73,30.98,2,3,47.34,3,EASIER
6,61.68,106.86,5,3,60.67,4,EASIER
5,82.58,62.91,1,0,79.28,3,SAME
5,43.75,56.59,4,3,42.28,3,EASIER
5,60.29,54.43,4,3,59.69,3,EASIER
4,79.68,44.23,1,2,78.56,2,SAME
4,70.88,44.64,5,3,71.15,2,EASIER
7,38.79,85.49,4,5,34.66,5,EASIER
6,41.5,58.92,5,3,32.64,4,EASIER
3,76.12,24.35,2,2,67.72,1,SAME
7,40.3,101.0,5,4,30.93,5,EASIER
6,57.22,239.43,1,1,57.29,4,EASIER
3,100.0,21.07,1,0,99.9,1,HARDER
6,65.32,95.33,2,3,61.15,4,EASIER
5,88.68,73.05,3,1,89.4,3,HARDER
7,44.2,240.28,2,4,34.57,5,EASIER
5,61.28,38.82,2,2,55.65,3,SAME
5,64.66,112.57,1,2,55.92,3,SAME
4,55.08,35.46,4,3,56.16,2,EASIER
4,61.24,123.13,2,3,57.61,2,EASIER
6,85.36,99.02,1,1,86.32,4,EASIER
7,60.18,57.32,1,3,54.64,5,EASIER
7,38.34,100.59,5,5,33.63,5,EASIER
6,42.41,164.28,2,3,33.85,4,EASIER
6,55.77,85.55,3,3,52.73,4,EASIER
5,23.3,56.31,5,4,16.71,3,EASIER
4,65.74,53.28,4,3,62.2,2,EASIER
6,64.23,68.53,1,1,62.46,4,SAME
4,94.69,34.42,2,1,94.33,2,HARDER
4,65.17,24.38,5,4,53.45,2,EASIER
7,57.9,287.35,1,2,52.61,5,EASIER
5,60.45,31.67,2,2,59.38,3,SAME
4,80.82,41.15,2,2,83.28,2,SAME
7,81.95,145.48,1,0,79.52,5,SAME
7,47.73,111.17,2,3,45.18,5,EASIER
4,74.85,21.08,1,1,75.08,2,SAME
5,77.68,35.38,1,1,76.95,3,SAME
5,78.46,75.12,1,1,81.46,3,SAME
6,70.53,54.66,2,1,67.5,4,SAME
7,55.06,36.21,3,3,53.28,5,EASIER
5,50.68,70.25,5,4,44.13,3,EASIER
6,34.33,52.09,5,5,31.42,4,EASIER
5,76.3,79.27,4,3,69.93,3,EASIER
7,58.82,100.35,4,3,54.94,5,EASIER
5,82.39,51.25,1,0,78.24,3,SAME
4,97.95,38.94,1,0,95.78,2,HARDER
5,62.86,33.01,3,2,64.57,3,SAME
7,22.01,71.42,5,6,11.65,5,EASIER
6,73.26,71.63,2,2,69.32,4,SAME
3,69.5,15.02,2,3,67.82,1,EASIER
3,84.47,34.35,5,2,79.09,1,EASIER
5,58.08,49.81,2,3,53.52,3,EASIER
7,58.04,50.83,4,3,52.53,5,EASIER
5,70.17,43.98,5,3,66.62,3,EASIER
5,48.46,60.98,3,4,44.35,3,EASIER
6,54.62,65.02,1,1,53.52,4,EASIER
5,54.21,70.69,5,4,42.11,3,EASIER
7,56.34,153.14,4,4,50.02,5,EASIER
6,62.15,285.89,1,2,57.26,4,EASIER
6,28.23,149.17,5,4,18.2,4,EASIER
6,87.77,35.02,1,0,78.83,4,HARDER
6,67.43,67.99,5,3,60.43,4,EASIER
3,73.34,22.2,2,2,74.66,1,SAME
5,80.49,77.1,1,0,81.55,3,SAME
3,83.74,16.5,3,1,84.69,1,SAME
5,74.75,44.59,1,0,74.96,3,SAME
3,59.96,14.37,4,3,59.61,1,EASIER
5,59.13,43.05,2,2,56.66,3,SAME
4,58.28,29.14,2,2,56.62,2,SAME
3,72.33,21.75,5,2,68.67,1,EASIER
3,85.18,14.74,1,1,83.65,1,HARDER
5,86.19,94.31,2,0,85.44,3,SAME
3,89.33,30.85,2,1,90.24,1,HARDER
7,62.88,50.85,1,2,62.67,5,SAME
6,86.68,83.11,1,0,87.46,4,HARDER
6,55.95,36.34,3,2,55.0,4,SAME
3,82.94,45.43,1,1,81.2,1,SAME
6,63.2,189.82,2,1,63.08,4,EASIER
6,50.62,79.66,3,3,47.42,4,EASIER
4,86.5,25.45,1,0,83.13,2,HARDER
3,94.54,18.6,1,0,88.34,1,HARDER
5,78.19,46.33,1,1,79.89,3,SAME
6,74.7,77.57,1,1,73.13,4,SAME
3,86.04,46.0,2,1,84.1,1,SAME
3,91.41,38.25,1,1,88.68,1,SAME
4,48.86,59.98,5,3,43.58,2,EASIER
5,65.6,63.11,1,0,68.1,3,SAME
5,69.24,32.77,1,1,66.09,3,SAME
5,55.93,39.62,3,2,52.48,3,SAME
4,91.5,39.1,1,1,88.31,2,HARDER
3,100.0,14.65,1,0,100.0,1,HARDER
3,89.97,28.62,1,1,90.91,1,HARDER
3,82.0,35.77,4,2,85.82,1,EASIER
6,60.44,108.89,1,2,57.43,4,SAME
6,66.74,106.64,1,2,63.44,4,SAME
5,68.43,23.03,2,0,70.52,3,SAME
3,95.2,45.25,1,0,92.47,1,EASIER
5,49.52,26.7,4,3,47.89,3,EASIER
7,43.46,103.05,5,4,37.96,5,HARDER
4,73.12,50.82,3,2,72.88,2,SAME
5,78.19,69.27,1,1,74.77,3,SAME
5,64.01,30.81,2,1,61.82,3,SAME
4,66.01,22.68,1,2,63.97,2,SAME
5,71.61,66.86,1,1,71.16,3,SAME
5,84.16,74.69,1,1,81.51,3,SAME
5,50.8,33.53,2,3,49.27,3,EASIER
6,44.4,100.57,2,3,40.82,4,EASIER
5,60.02,27.4,3,3,57.19,3,EASIER
3,80.25,33.01,1,0,76.16,1,SAME
3,100.0,16.87,1,1,93.63,1,HARDER
5,79.58,60.36,1,1,75.85,3,SAME
7,44.68,106.79,3,3,42.07,5,EASIER
3,94.26,41.9,2,1,93.88,1,SAME
3,89.15,27.84,1,1,92.27,1,HARDER
6,55.15,60.05,3,2,50.73,4,SAME
5,75.26,69.3,4,4,69.81,3,EASIER
4,55.9,104.01,1,1,51.48,2,EASIER
4,58.2,53.81,3,2,58.67,2,SAME
6,47.92,79.52,5,4,40.39,4,EASIER
5,38.57,38.39,5,4,35.2,3,EASIER
6,59.43,59.51,1,2,56.79,4,SAME
4,92.02,52.31,1,1,89.01,2,HARDER
5,55.63,37.41,3,3,48.07,3,EASIER
7,60.12,112.16,2,3,57.32,5,EASIER
4,78.35,74.68,1,2,74.26,2,SAME
4,87.7,40.78,1,0,81.53,2,HARDER
3,89.0,15.47,1,1,93.85,1,HARDER
6,65.48,254.47,1,2,63.95,4,HARDER
3,98.15,54.77,1,0,100.0,1,EASIER
4,61.57,48.09,3,3,55.33,2,EASIER
6,39.13,159.19,2,3,31.18,4,EASIER
3,88.53,22.2,1,0,87.37,1,HARDER
7,24.29,166.22,5,6,19.17,5,EASIER
5,55.18,47.03,3,3,47.82,3,EASIER
4,64.95,20.1,1,2,62.4,2,SAME
5,60.43,209.23,1,1,56.76,3,EASIER
6,56.47,39.46,3,3,50.85,4,EASIER
5,55.77,67.2,3,2,56.72,3,SAME
7,32.95,130.88,5,4,29.58,5,HARDER
7,67.25,148.37,1,2,65.84,5,SAME
4,92.6,36.43,2,1,92.85,2,HARDER
6,86.89,78.69,1,0,84.41,4,HARDER
4,48.66,40.55,5,3,49.02,2,EASIER
7,52.08,145.48,1,3,46.64,5,EASIER
4,68.8,37.97,1,1,70.13,2,SAME
4,85.98,36.8,2,2,88.64,2,SAME
6,58.02,41.25,3,2,52.9,4,SAME
6,59.48,233.65,3,2,52.79,4,EASIER
3,91.45,31.73,1,0,92.46,1,HARDER
5,49.37,64.32,4,3,45.11,3,EASIER
4,76.46,28.33,2,1,76.31,2,SAME
6,60.61,48.66,2,3,54.23,4,EASIER
5,45.63,88.78,4,4,38.37,3,EASIER
7,56.94,102.66,2,2,52.83,5,SAME
7,35.77,157.12,3,3,33.99,5,EASIER
6,78.29,40.59,2,0,80.54,4,SAME
6,42.96,183.29,1,3,38.84,4,EASIER
7,63.55,183.05,2,2,68.95,5,SAME
3,84.47,24.11,1,0,88.46,1,SAME
6,36.24,104.57,1,2,30.97,4,EASIER
6,40.12,120.55,2,3,35.11,4,EASIER
3,82.28,13.79,2,1,86.45,1,HARDER
7,44.96,279.48,1,4,37.53,5,EASIER
6,65.61,105.43,2,2,71.18,4,SAME
4,79.32,27.29,1,0,80.11,2,SAME
5,83.36,33.7,1,1,84.31,3,SAME
5,74.19,94.54,1,1,72.89,3,SAME
7,48.07,125.66,4,4,37.68,5,EASIER
7,55.84,145.7,3,2,55.58,5,SAME
7,40.45,113.64,5,4,32.65,5,EASIER
6,52.73,48.68,3,4,47.81,4,SAME
3,84.14,31.35,4,2,84.95,1,EASIER
7,55.26,100.57,2,2,53.34,5,SAME
3,82.0,24.76,1,1,77.12,1,SAME
3,81.56,72.0,1,1,79.03,1,EASIER
3,93.3,36.8,1,1,86.07,1,SAME
7,40.08,185.6,5,4,32.52,5,EASIER
5,64.13,222.98,2,1,63.16,3,EASIER
4,90.76,45.53,1,1,89.71,2,HARDER
3,78.83,26.37,2,1,77.74,1,SAME
5,88.95,41.44,1,1,86.91,3,HARDER
6,70.07,64.81,1,2,67.64,4,SAME
7,43.02,36.7,3,4,34.5,5,EASIER
5,53.76,85.77,1,2,48.58,3,EASIER
6,62.66,42.43,3,2,57.66,4,SAME
7,43.86,183.18,2,3,48.97,5,EASIER
7,23.04,109.4,5,4,19.55,5,EASIER
4,69.73,40.36,1,0,76.05,2,SAME
7,65.84,109.44,2,2,61.0,5,SAME
5,67.3,115.19,2,1,63.11,3,SAME
7,39.28,216.51,4,5,28.18,5,EASIER
3,87.6,24.68,1,1,83.85,1,HARDER
3,90.43,16.76,1,1,86.83,1,HARDER
7,49.66,185.31,2,2,45.17,5,EASIER
6,50.21,49.4,2,3,44.66,4,EASIER
3,84.97,12.52,3,1,84.67,1,SAME
7,36.76,146.95,3,3,34.44,5,EASIER
3,82.6,43.0,1,0,84.75,1,SAME
6,74.06,66.43,1,1,81.11,4,SAME
4,87.75,45.96,2,0,87.09,2,HARDER
3,76.19,20.78,2,2,79.0,1,SAME
7,60.06,166.0,2,2,60.12,5,SAME
7,31.3,203.42,5,5,26.96,5,SAME
3,87.57,22.24,1,0,88.64,1,HARDER
3,89.07,15.83,1,0,89.42,1,HARDER
6,47.95,38.44,4,4,47.61,4,EASIER
3,91.49,37.74,1,0,98.0,1,SAME
6,75.67,45.41,2,1,74.8,4,SAME
7,36.2,137.17,5,5,28.25,5,EASIER
6,42.73,122.85,4,3,37.33,4,EASIER
4,51.04,30.02,5,4,46.05,2,EASIER
3,84.55,23.22,2,1,79.57,1,SAME
6,53.31,137.86,2,3,43.48,4,EASIER
3,70.44,17.45,1,2,66.34,1,SAME
5,89.61,36.97,1,0,88.09,3,HARDER
5,75.6,51.65,1,2,70.7,3,SAME
6,40.83,159.37,4,3,36.94,4,EASIER
4,95.4,81.01,1,1,96.73,2,EASIER
6,43.36,77.89,4,3,40.17,4,EASIER
6,74.69,56.62,1,1,75.51,4,SAME
4,81.98,62.66,1,0,81.49,2,SAME
4,87.79,17.34,1,1,87.03,2,HARDER
3,83.2,27.91,1,0,86.95,1,SAME
5,86.94,56.75,1,0,84.05,3,HARDER
4,100.0,69.8,1,1,99.04,2,SAME
3,70.97,46.51,2,2,68.61,1,SAME
5,78.35,36.38,2,1,75.79,3,SAME
5,77.92,63.02,1,0,78.43,3,SAME
3,94.05,19.39,1,0,96.74,1,HARDER
3,95.1,21.94,1,0,92.63,1,HARDER
3,61.58,32.9,3,3,59.87,1,EASIER
6,40.3,68.89,4,5,35.05,4,EASIER
4,81.03,41.63,1,1,74.01,2,SAME
3,100.0,38.28,1,0,97.27,1,SAME
3,84.73,49.06,1,0,87.12,1,SAME
7,45.62,131.08,4,4,44.63,5,EASIER
4,84.44,40.16,1,1,83.71,2,SAME
6,56.75,46.11,3,2,53.9,4,SAME
5,73.14,127.16,1,1,71.2,3,EASIER
3,73.55,31.17,2,2,72.91,1,SAME
4,82.1,40.51,1,1,78.2,2,SAME
3,85.42,25.96,1,1,85.63,1,HARDER
6,68.02,98.91,1,2,63.97,4,SAME
4,68.21,54.62,2,2,60.58,2,SAME
5,80.39,90.35,3,0,78.15,3,SAME
3,69.13,51.2,1,2,64.89,1,EASIER
7,36.31,127.84,2,3,28.96,5,EASIER
4,77.8,86.67,2,0,83.34,2,EASIER
5,82.87,97.91,1,1,80.4,3,SAME
7,66.67,108.39,3,2,60.29,5,SAME
6,46.12,34.46,4,4,43.6,4,HARDER
6,69.75,85.73,1,1,64.92,4,SAME
7,35.52,261.88,4,4,25.01,5,EASIER
3,91.41,17.71,3,1,94.38,1,SAME
7,20.17,117.15,5,4,12.44,5,EASIER
5,78.73,62.94,1,1,79.85,3,HARDER
5,60.29,92.46,4,4,59.23,3,EASIER
4,80.33,31.67,1,2,72.46,2,SAME
6,67.77,52.18,2,2,62.23,4,SAME
7,39.0,152.8,3,4,32.78,5,EASIER
6,83.43,55.71,1,0,87.03,4,SAME
3,70.6,11.05,1,2,69.45,1,SAME
5,46.24,144.23,4,4,40.98,3,EASIER
6,72.19,132.79,1,2,70.83,4,SAME
4,69.5,92.09,2,1,65.96,2,SAME
6,54.62,129.18,4,3,52.08,4,EASIER
6,67.98,116.81,1,2,64.47,4,SAME
3,78.96,29.47,3,2,77.85,1,SAME
5,55.21,52.9,5,3,49.02,3,EASIER
3,88.91,31.4,1,1,87.48,1,HARDER
5,51.79,44.11,2,3,44.79,3,EASIER
4,100.0,22.99,1,0,100.0,2,HARDER
7,50.04,93.45,5,4,43.22,5,EASIER
7,61.81,226.41,1,2,57.43,5,EASIER
5,66.01,31.51,2,2,63.2,3,SAME
5,74.92,31.76,2,1,68.05,3,SAME
6,34.65,111.52,3,3,33.3,4,EASIER
6,38.81,66.08,3,4,29.5,4,EASIER
6,94.63,105.55,1,0,92.81,4,HARDER
6,37.95,137.2,3,3,31.35,4,EASIER
7,36.1,144.03,4,3,26.0,5,EASIER
7,50.59,79.35,3,3,48.69,5,EASIER
3,85.25,44.25,2,1,83.92,1,SAME
5,74.93,83.75,1,0,75.11,3,SAME
5,72.87,58.78,1,1,77.11,3,SAME
5,75.88,57.38,1,2,70.99,3,SAME
5,88.56,69.8,1,1,81.76,3,HARDER
6,77.02,69.72,1,1,76.92,4,SAME
5,84.5,25.87,1,0,86.35,3,SAME
4,61.39,54.06,1,2,51.55,2,SAME
5,73.9,81.64,2,1,67.59,3,SAME
7,50.4,31.96,3,2,49.14,5,EASIER
4,62.19,48.31,3,2,58.71,2,SAME
3,100.0,54.63,1,1,100.0,1,EASIER
7,39.85,60.58,2,2,37.07,5,EASIER
3,89.62,24.2,1,2,87.48,1,SAME
6,69.0,74.6,3,1,68.85,4,SAME
7,37.53,276.84,3,4,31.81,5,EASIER
4,60.31,64.36,1,2,56.44,2,SAME
4,99.85,25.15,1,0,97.73,2,HARDER
4,64.75,44.63,1,2,64.66,2,SAME
3,73.26,69.66,1,2,76.07,1,EASIER
3,100.0,18.93,1,0,100.0,1,HARDER
3,72.4,24.88,2,2,67.17,1,SAME
5,72.84,74.79,1,1,68.19,3,SAME
5,45.28,42.88,4,4,35.11,3,EASIER
3,88.41,54.79,1,1,86.52,1,EASIER
7,69.17,86.56,2,2,66.44,5,SAME
6,24.64,39.82,5,4,17.28,4,EASIER
3,92.67,19.79,1,1,94.14,1,HARDER
7,19.23,159.88,4,4,12.63,5,EASIER
3,100.0,17.53,1,0,99.85,1,HARDER
5,59.11,67.36,2,3,51.86,3,EASIER
5,60.69,76.62,4,4,56.92,3,EASIER
5,80.22,31.88,1,0,79.02,3,SAME
7,64.49,82.37,1,1,55.37,5,SAME
7,49.29,135.46,2,2,49.33,5,EASIER
4,67.75,52.86,1,2,60.84,2,SAME
5,86.21,44.42,2,2,79.39,3,SAME
7,30.85,121.66,4,4,20.55,5,EASIER
6,68.7,70.74,1,1,68.54,4,SAME
7,40.83,166.53,3,3,32.93,5,EASIER
5,72.45,75.0,3,2,70.09,3,SAME
4,95.02,31.88,3,1,92.9,2,SAME
5,40.26,73.5,5,5,33.56,3,EASIER
7,43.53,89.45,4,4,42.01,5,EASIER
7,72.29,143.7,1,1,74.59,5,SAME
6,82.82,104.77,1,2,79.67,4,SAME
6,38.34,281.37,3,2,41.93,4,EASIER
5,75.71,49.11,1,0,74.78,3,SAME
4,98.12,35.56,1,0,94.54,2,HARDER
5,35.7,42.1,4,4,25.64,3,EASIER
5,80.03,34.79,2,1,80.12,3,SAME
7,47.21,87.33,2,4,37.57,5,EASIER
5,69.83,80.61,2,2,68.02,3,SAME
6,67.62,120.33,1,1,68.45,4,SAME
3,83.04,28.52,1,1,82.18,1,SAME
6,45.42,70.31,5,3,41.05,4,EASIER
5,73.06,45.43,1,2,70.29,3,SAME
7,60.13,67.95,3,2,55.88,5,SAME
5,68.57,44.03,1,1,70.48,3,SAME
5,65.49,30.55,1,2,64.16,3,SAME
3,89.56,45.75,1,0,86.7,1,SAME
7,47.16,300.0,1,3,35.67,5,EASIER
6,72.62,29.97,3,2,74.49,4,SAME
7,61.19,131.12,1,2,60.89,5,SAME
3,89.73,28.23,1,1,91.12,1,HARDER
4,63.39,41.92,2,2,56.51,2,SAME
7,58.12,81.08,2,2,52.09,5,SAME
3,76.28,39.41,1,1,76.72,1,SAME
5,73.89,71.07,1,1,71.49,3,SAME
5,63.81,96.77,1,2,60.34,3,SAME
7,61.65,74.93,2,3,61.07,5,EASIER
7,54.8,52.7,2,2,52.06,5,EASIER
7,66.26,141.96,2,2,63.91,5,SAME
4,72.96,24.17,1,2,72.82,2,SAME
5,74.23,97.76,1,1,69.82,3,SAME
6,57.36,27.14,3,3,53.68,4,EASIER
7,61.31,86.76,1,2,64.15,5,SAME
3,100.0,19.01,1,1,100.0,1,HARDER
7,34.11,93.44,5,4,26.89,5,EASIER
4,65.0,42.96,2,2,62.58,2,SAME
3,93.9,29.82,1,0,91.72,1,HARDER
6,79.97,114.36,2,1,78.06,4,SAME
6,31.2,121.43,5,5,22.12,4,EASIER
3,82.09,23.16,2,1,80.14,1,SAME
3,88.99,63.9,1,0,91.6,1,EASIER
7,49.07,238.52,3,2,43.67,5,EASIER
7,43.11,94.49,5,5,39.11,5,EASIER
3,91.22,23.52,1,0,96.45,1,HARDER
7,44.26,93.41,3,3,35.22,5,EASIER
7,48.74,136.52,2,2,46.2,5,EASIER
7,61.16,65.94,2,2,58.63,5,SAME
4,76.05,26.22,1,1,76.56,2,SAME
5,47.71,19.84,3,2,45.06,3,EASIER
7,60.41,90.13,1,2,57.14,5,SAME
7,36.17,200.1,3,3,36.77,5,EASIER
6,37.73,75.76,5,5,34.29,4,SAME
3,95.81,23.95,1,0,94.91,1,HARDER
3,90.7,28.29,1,0,91.21,1,HARDER
4,81.38,23.73,1,1,81.7,2,SAME
3,76.87,25.28,1,1,71.59,1,SAME
3,84.55,37.15,1,1,85.51,1,SAME
3,64.86,28.65,2,2,57.34,1,SAME
6,43.08,136.37,3,3,41.26,4,EASIER
5,64.07,108.44,1,2,59.85,3,SAME
5,68.28,80.51,2,2,62.19,3,SAME
7,56.59,75.92,2,3,52.98,5,EASIER
5,74.2,48.92,1,1,73.26,3,HARDER
5,29.0,150.89,5,4,17.45,3,EASIER
4,64.54,44.05,1,2,56.04,2,SAME
5,91.38,63.44,1,1,89.32,3,HARDER
3,80.67,17.05,1,1,73.53,1,SAME
5,66.81,55.43,2,2,62.26,3,SAME
7,39.4,165.49,3,4,35.89,5,EASIER
5,86.43,58.43,1,0,87.77,3,HARDER
4,87.2,29.77,1,0,85.57,2,HARDER
6,48.11,70.62,3,4,40.86,4,EASIER
7,60.47,214.44,1,2,58.88,5,SAME
5,60.3,80.72,1,2,55.38,3,SAME
4,54.02,48.84,5,3,44.24,2,EASIER
6,21.27,103.13,3,4,13.26,4,EASIER
3,93.45,14.77,1,1,93.2,1,HARDER
7,56.89,129.92,1,3,48.26,5,EASIER
4,79.53,62.77,1,2,79.44,2,SAME
4,90.29,33.61,2,1,86.6,2,HARDER
6,57.4,136.32,1,1,61.95,4,SAME
3,74.68,31.86,2,1,71.84,1,SAME
4,66.18,56.07,1,1,68.44,2,SAME
3,90.48,25.57,1,2,87.52,1,SAME
4,74.67,57.64,2,1,68.71,2,SAME
5,71.01,28.09,3,2,68.67,3,SAME
3,82.58,25.37,2,1,76.96,1,SAME
4,86.47,53.13,1,1,80.38,2,SAME
6,67.64,95.66,2,1,68.51,4,SAME
7,59.66,203.49,1,1,59.25,5,SAME
3,88.56,23.31,1,0,86.53,1,HARDER
6,68.91,61.69,2,1,66.98,4,SAME
3,97.1,12.06,1,0,96.1,1,HARDER
5,74.03,50.67,3,2,69.12,3,SAME
7,57.16,148.44,5,4,49.36,5,EASIER
6,41.83,121.81,3,3,36.84,4,EASIER
4,75.69,19.69,3,1,73.32,2,SAME
4,81.58,66.02,1,1,79.2,2,SAME
6,51.21,49.4,4,4,45.83,4,EASIER
7,64.33,104.84,2,1,66.34,5,SAME
4,86.44,29.09,1,0,90.4,2,HARDER
3,77.87,30.1,1,1,78.56,1,SAME
5,64.04,60.76,2,2,62.7,3,HARDER
6,59.53,116.66,3,2,55.07,4,SAME
5,61.55,144.48,1,2,55.62,3,EASIER
7,27.71,139.12,4,4,21.23,5,EASIER
7,31.66,81.79,5,5,24.91,5,EASIER
6,45.32,104.22,2,3,39.02,4,EASIER
3,78.86,59.41,1,0,74.19,1,EASIER
7,59.47,160.16,4,3,58.55,5,EASIER
6,59.82,134.09,1,1,57.85,4,SAME
4,88.21,17.97,1,0,91.55,2,HARDER
5,66.94,70.24,1,2,63.53,3,SAME
7,62.92,96.78,2,2,62.85,5,SAME
7,60.11,77.31,1,2,58.47,5,SAME
5,85.69,57.36,1,1,87.45,3,HARDER
3,86.35,26.24,1,1,86.94,1,HARDER
6,50.85,59.27,3,2,47.39,4,EASIER
6,46.65,90.44,4,2,43.63,4,EASIER
3,83.05,23.14,2,1,86.7,1,SAME
7,61.33,164.24,1,2,57.49,5,SAME
4,62.01,42.29,3,3,58.84,2,EASIER
7,37.08,137.47,3,4,32.64,5,EASIER
5,58.56,94.18,1,3,56.12,3,EASIER
4,76.63,49.32,1,2,73.05,2,SAME
3,71.39,24.93,1,1,73.0,1,SAME
3,75.92,9.88,1,2,73.08,1,SAME
6,44.32,107.11,4,3,34.68,4,EASIER
4,90.43,24.75,1,0,90.66,2,HARDER
7,59.28,106.86,1,1,58.84,5,SAME
4,98.33,45.24,2,0,97.39,2,HARDER
7,35.77,231.6,4,4,29.83,5,EASIER
7,36.2,300.0,3,3,32.09,5,EASIER
3,77.55,16.59,1,1,79.35,1,SAME
6,55.4,41.37,4,3,52.16,4,EASIER
7,67.6,133.76,1,1,70.92,5,SAME
4,66.21,42.59,2,1,61.96,2,SAME
3,69.43,14.64,4,3,62.92,1,EASIER
7,58.83,110.99,4,4,54.78,5,EASIER
5,78.28,77.96,1,1,78.75,3,SAME
3,85.35,14.46,3,1,86.71,1,SAME
7,59.28,65.13,1,3,53.82,5,EASIER
6,43.69,58.66,2,3,36.75,4,EASIER
3,88.29,22.75,2,1,85.86,1,HARDER
4,81.09,52.65,1,2,71.15,2,SAME
3,92.65,21.62,1,0,95.36,1,HARDER
7,49.25,115.43,3,3,43.02,5,EASIER
3,77.92,67.93,1,0,75.37,1,EASIER
6,63.7,49.87,2,2,61.1,4,SAME
5,56.02,41.98,3,2,57.0,3,SAME
5,56.82,81.13,2,2,55.64,3,SAME
7,37.22,191.9,5,5,28.87,5,EASIER
7,23.43,140.41,5,5,17.77,5,EASIER
3,71.9,55.92,3,2,70.25,1,EASIER
3,79.92,28.79,1,1,83.27,1,SAME
3,100.0,10.38,1,0,100.0,1,HARDER
6,61.05,86.24,3,3,55.6,4,EASIER
5,45.06,43.72,4,4,39.19,3,EASIER
3,81.36,46.28,2,2,79.0,1,SAME
4,75.52,59.8,2,1,68.32,2,SAME
5,64.18,26.4,3,1,53.55,3,SAME
6,49.52,165.49,2,3,45.43,4,EASIER
4,74.91,59.09,1,2,74.25,2,SAME
7,79.27,93.85,1,1,86.12,5,SAME
7,39.14,107.31,3,3,34.23,5,EASIER
6,44.55,169.13,2,3,39.29,4,EASIER
5,56.92,21.86,1,1,59.03,3,SAME
7,50.75,142.77,2,2,44.6,5,EASIER
6,43.79,144.79,2,3,44.94,4,EASIER
5,94.18,55.51,2,1,89.96,3,HARDER
5,46.27,79.93,3,3,43.06,3,EASIER
7,26.02,118.48,5,5,18.84,5,EASIER
5,100.0,39.34,1,0,96.04,3,HARDER
3,100.0,17.44,1,0,98.78,1,HARDER
7,31.65,165.09,2,3,24.18,5,EASIER
3,90.12,18.84,1,1,87.18,1,HARDER
6,58.6,37.11,3,2,58.93,4,SAME
6,44.71,87.39,3,3,34.65,4,EASIER
5,83.74,44.99,1,0,77.66,3,HARDER
3,74.32,14.66,1,2,71.03,1,SAME
5,37.0,60.1,4,4,27.15,3,EASIER
7,68.75,170.15,1,2,68.0,5,SAME
4,69.19,38.36,4,3,64.61,2,EASIER
6,90.18,47.1,1,0,92.9,4,HARDER
7,52.05,145.63,2,3,42.15,5,EASIER
7,66.27,196.89,2,2,63.85,5,SAME
5,61.5,173.45,1,2,66.45,3,EASIER
4,93.58,74.83,1,0,95.62,2,SAME
6,90.42,48.62,1,0,92.31,4,HARDER
5,64.37,88.69,1,2,64.36,3,SAME
6,42.27,93.7,2,4,34.71,4,EASIER
6,72.33,45.04,1,1,69.43,4,SAME
6,71.02,95.04,1,2,64.33,4,SAME
4,70.7,93.63,2,1,69.78,2,EASIER
6,60.88,152.71,3,2,65.69,4,SAME
5,57.54,35.12,2,2,56.48,3,SAME
7,47.49,112.84,3,2,39.81,5,EASIER
6,38.48,105.89,4,3,32.03,4,EASIER
7,80.83,43.63,1,1,81.45,5,SAME
7,50.42,44.46,4,3,46.76,5,EASIER
7,47.32,121.85,2,3,42.26,5,EASIER
6,41.8,89.47,5,5,32.05,4,HARDER
5,75.0,23.34,1,2,68.57,3,SAME
3,54.03,29.71,4,4,43.79,1,EASIER
4,85.36,63.34,3,1,88.35,2,SAME
5,72.19,52.06,1,1,71.46,3,SAME
6,96.67,84.59,2,0,99.8,4,HARDER
5,75.8,76.96,1,1,74.83,3,SAME
5,89.55,72.08,1,1,88.68,3,HARDER
3,90.27,11.9,1,1,88.29,1,HARDER
6,66.34,51.22,2,2,62.18,4,SAME
5,65.38,47.68,2,2,58.63,3,SAME
3,70.2,17.04,1,2,65.07,1,SAME
4,99.32,75.72,1,0,94.36,2,SAME
7,52.54,158.27,1,2,46.05,5,EASIER
3,100.0,15.26,1,0,100.0,1,HARDER
5,92.99,52.16,2,1,90.14,3,HARDER
5,66.27,101.49,1,1,64.53,3,SAME
3,73.69,18.75,2,1,75.81,1,SAME
3,75.65,36.52,2,2,74.77,1,SAME
7,3.89,238.01,5,6,0.0,5,EASIER
5,76.95,105.89,1,1,71.55,3,SAME
4,97.96,41.36,1,0,94.57,2,HARDER
3,78.08,43.62,1,1,74.58,1,SAME
5,82.15,44.79,1,1,78.37,3,SAME
6,22.16,298.68,5,5,8.5,4,EASIER
6,52.69,92.94,3,2,54.26,4,EASIER
3,67.44,41.65,4,2,65.14,1,EASIER
6,45.64,67.93,5,4,41.44,4,EASIER
7,46.16,147.04,2,3,40.55,5,EASIER
4,83.23,49.06,1,1,82.6,2,SAME
3,83.37,16.54,1,0,83.05,1,SAME
7,43.39,66.43,4,3,41.94,5,EASIER
5,59.88,52.42,2,2,59.06,3,SAME
6,74.89,145.69,1,1,72.6,4,SAME
4,59.15,16.07,4,2,51.89,2,EASIER
4,56.24,32.04,3,2,49.61,2,EASIER
4,58.04,70.33,4,4,50.49,2,EASIER
4,83.17,21.3,1,0,83.45,2,SAME
5,53.61,107.89,3,2,47.03,3,EASIER
3,65.26,15.13,2,2,61.37,1,SAME
7,61.56,67.96,1,2,61.52,5,SAME
5,78.77,53.92,1,1,79.85,3,SAME
7,52.6,300.0,1,2,48.5,5,EASIER
5,88.14,42.25,1,1,86.59,3,HARDER
4,82.5,16.83,2,1,84.58,2,EASIER
5,59.62,28.98,4,3,59.3,3,EASIER
3,67.22,37.85,5,3,63.65,1,EASIER
7,56.76,53.53,1,2,56.33,5,SAME
6,60.66,152.09,3,3,58.84,4,EASIER
3,89.08,25.79,1,1,86.89,1,HARDER
5,74.9,57.08,1,1,71.64,3,SAME
5,41.54,67.2,4,4,38.15,3,EASIER
4,67.86,26.08,4,4,65.93,2,EASIER
3,72.58,26.58,4,2,67.76,1,EASIER
6,71.18,44.09,2,1,67.59,4,SAME
4,59.07,71.63,2,1,56.01,2,SAME
5,84.9,34.88,1,0,79.51,3,SAME
4,74.34,46.71,2,1,67.75,2,SAME
6,60.14,47.88,1,2,52.68,4,SAME
3,84.91,19.72,1,1,82.74,1,SAME
4,47.02,31.88,5,3,40.84,2,EASIER
5,64.96,253.71,1,1,61.49,3,EASIER
5,51.21,57.59,4,3,45.95,3,EASIER
6,69.09,53.49,1,1,71.64,4,SAME
3,77.86,20.51,2,1,77.03,1,SAME
5,47.61,27.54,5,5,39.8,3,EASIER
6,57.5,75.34,1,2,56.1,4,SAME
4,57.68,90.7,1,2,52.33,2,EASIER
3,100.0,29.03,2,0,99.84,1,HARDER
7,57.7,183.25,1,1,53.63,5,EASIER
6,100.0,51.09,1,1,92.85,4,HARDER
6,69.17,73.77,1,1,66.78,4,SAME
6,68.92,91.17,1,1,67.13,4,SAME
6,66.76,56.24,1,2,62.27,4,SAME
6,74.63,100.96,1,1,76.46,4,SAME
5,76.4,78.66,1,0,76.53,3,SAME
3,53.61,31.83,4,3,50.82,1,EASIER
5,65.32,53.82,1,1,59.82,3,SAME
4,68.53,63.45,1,1,70.45,2,SAME
6,50.11,71.72,4,3,46.91,4,EASIER
5,64.61,48.8,3,2,66.44,3,SAME
7,46.39,245.71,2,3,45.28,5,EASIER
5,68.99,33.53,1,1,61.78,3,SAME
5,63.53,24.96,1,2,57.02,3,SAME
7,47.38,69.79,5,3,39.62,5,EASIER
5,57.1,70.25,4,4,51.54,3,EASIER
4,87.68,69.47,1,1,89.1,2,SAME
4,94.35,27.86,1,1,92.08,2,HARDER
7,4.26,300.0,4,6,0.0,5,EASIER
6,49.4,83.17,4,3,42.1,4,EASIER
3,100.0,23.75,1,0,97.95,1,HARDER
5,35.22,38.08,5,5,28.97,3,EASIER
4,52.8,95.08,3,3,51.06,2,EASIER
6,50.13,75.84,2,3,47.2,4,EASIER
3,72.96,13.82,1,1,69.41,1,SAME
6,52.12,294.33,2,3,45.35,4,EASIER
6,49.34,100.63,4,4,41.34,4,EASIER
4,61.6,55.31,2,1,60.58,2,HARDER
3,60.31,52.83,2,1,63.7,1,EASIER
6,36.79,112.87,4,4,30.23,4,EASIER
4,86.72,60.09,2,1,85.45,2,SAME
7,49.41,115.37,1,2,49.45,5,EASIER
6,40.25,120.09,2,3,37.43,4,EASIER
7,53.74,109.93,2,2,52.76,5,EASIER
5,62.82,57.42,1,1,61.35,3,SAME
7,66.05,119.55,3,2,64.26,5,SAME
3,90.6,20.95,1,1,89.65,1,HARDER
4,77.9,48.17,1,1,71.92,2,SAME
3,77.39,31.26,2,2,71.39,1,SAME
6,58.84,125.53,1,2,54.58,4,SAME
5,40.68,79.6,5,4,32.58,3,EASIER
4,97.67,97.28,2,1,94.07,2,EASIER
4,91.45,62.32,1,0,97.51,2,SAME
6,45.42,73.62,4,5,38.87,4,EASIER
3,90.74,30.58,1,1,92.85,1,HARDER
5,62.86,116.71,1,2,53.09,3,EASIER
6,72.82,50.04,2,0,78.03,4,SAME
4,40.84,97.93,1,2,34.56,2,EASIER
4,62.07,26.4,3,2,63.85,2,SAME
4,47.92,58.02,4,3,41.66,2,EASIER
5,71.03,58.19,3,2,64.63,3,SAME
4,81.97,37.1,1,1,82.24,2,SAME
4,62.69,20.6,1,3,54.11,2,EASIER
5,70.94,90.89,1,2,67.25,3,SAME
3,87.55,14.09,1,0,83.01,1,HARDER
5,69.89,28.4,4,2,74.16,3,EASIER
3,89.3,41.89,1,1,85.01,1,SAME
3,84.62,55.44,1,0,86.59,1,EASIER
4,75.1,27.77,2,1,74.45,2,SAME
4,47.45,60.89,2,4,43.23,2,EASIER
3,56.57,35.64,4,3,50.76,1,EASIER
7,10.73,106.55,5,6,2.81,5,EASIER
4,100.0,71.19,1,0,100.0,2,SAME
7,27.11,102.44,5,5,19.41,5,EASIER
7,36.63,148.5,5,5,27.37,5,EASIER
7,21.16,56.55,5,6,9.5,5,EASIER
7,28.07,57.89,5,4,22.74,5,EASIER
3,82.33,42.06,1,0,81.13,1,SAME
4,86.22,49.24,1,0,84.63,2,HARDER
6,44.65,76.15,4,4,38.69,4,EASIER
5,59.8,149.13,1,2,54.4,3,EASIER
3,47.98,58.16,3,4,41.89,1,EASIER
5,90.65,72.08,2,1,86.47,3,HARDER
7,40.48,50.66,3,4,37.72,5,EASIER
7,34.91,105.39,4,4,24.96,5,EASIER
4,74.82,25.69,1,1,71.45,2,SAME
4,96.5,39.63,1,1,100.0,2,HARDER
4,59.89,24.47,3,2,55.0,2,SAME
4,75.84,21.66,1,1,72.6,2,SAME
4,69.48,13.12,3,3,64.21,2,EASIER
4,73.35,41.11,4,3,71.2,2,EASIER
5,74.04,18.59,1,1,67.72,3,SAME
3,80.76,21.68,2,1,80.41,1,SAME
4,78.76,52.67,1,0,74.13,2,SAME
4,62.05,27.06,3,3,62.45,2,EASIER
3,100.0,15.43,1,0,98.51,1,HARDER
7,44.3,107.93,2,3,31.16,5,EASIER
6,50.63,53.3,4,4,49.41,4,EASIER
7,46.09,123.93,2,3,44.56,5,EASIER
5,66.81,34.79,3,2,61.58,3,SAME
3,86.61,23.86,1,0,83.25,1,HARDER
7,34.94,92.73,5,4,25.55,5,EASIER
5,68.22,57.67,2,2,62.21,3,SAME
6,32.32,191.9,3,4,27.68,4,EASIER
4,80.25,41.74,1,1,81.01,2,SAME
5,38.92,74.45,3,3,27.51,3,EASIER
5,69.67,42.57,2,1,67.35,3,SAME
4,68.31,42.2,2,2,66.02,2,SAME
5,50.75,50.62,4,3,42.56,3,EASIER
6,53.42,83.27,3,3,51.49,4,EASIER
3,88.17,33.37,1,0,81.76,1,HARDER
3,47.79,20.01,3,3,41.38,1,EASIER
7,35.08,90.16,4,4,31.43,5,EASIER
5,63.1,45.59,3,2,59.42,3,SAME
7,49.56,85.02,5,4,40.35,5,EASIER
6,95.09,89.73,1,1,94.58,4,HARDER
6,82.14,67.86,2,1,76.99,4,SAME
7,40.88,253.38,1,3,38.99,5,EASIER
6,41.91,300.0,3,3,33.49,4,EASIER
4,93.71,29.1,1,0,97.17,2,HARDER
5,67.08,67.09,3,1,68.53,3,SAME
4,79.22,61.9,1,1,83.94,2,SAME
4,77.86,33.54,2,1,74.72,2,SAME
6,72.18,48.89,1,2,69.83,4,SAME
3,78.89,54.18,1,0,75.01,1,EASIER
6,61.16,117.16,2,2,62.41,4,SAME
5,46.72,67.91,3,3,41.55,3,EASIER
4,100.0,75.14,1,0,100.0,2,SAME
3,76.56,35.22,2,2,76.83,1,SAME
6,74.67,79.98,1,1,72.6,4,SAME
7,50.24,65.77,3,2,47.23,5,EASIER
6,63.16,63.45,2,2,59.89,4,SAME
5,78.76,105.3,1,2,75.67,3,SAME
6,57.41,116.91,4,3,52.91,4,EASIER
5,49.01,52.88,5,3,41.26,3,EASIER
4,87.96,87.17,1,2,85.5,2,EASIER
4,88.24,35.29,1,0,89.32,2,HARDER
4,60.07,60.44,2,3,50.99,2,EASIER
7,33.25,126.27,5,4,31.77,5,EASIER
6,48.32,224.05,2,2,38.8,4,EASIER
3,88.08,34.95,2,1,87.67,1,SAME
7,69.6,114.85,1,2,64.7,5,SAME
3,90.52,23.09,1,0,87.37,1,HARDER
5,80.46,57.56,1,0,79.42,3,SAME
3,83.95,18.1,2,1,80.3,1,SAME
4,69.95,19.99,2,2,70.13,2,SAME
6,67.8,96.28,3,3,57.18,4,EASIER
7,68.83,83.74,1,1,64.29,5,SAME
7,83.41,83.62,1,1,82.01,5,SAME
7,46.44,106.71,3,3,38.41,5,EASIER
4,70.06,38.94,2,2,66.49,2,SAME
3,66.29,25.08,1,1,66.18,1,SAME
7,59.82,288.84,3,2,53.35,5,EASIER
7,57.54,160.69,2,2,51.1,5,SAME
4,73.17,102.34,3,2,65.75,2,EASIER
3,100.0,20.56,2,1,94.74,1,HARDER
6,61.08,123.25,2,2,60.09,4,SAME
3,68.02,21.08,3,2,64.2,1,SAME
3,99.78,19.48,1,1,95.61,1,HARDER
7,38.27,300.0,2,3,29.07,5,EASIER
5,42.82,39.65,3,3,36.23,3,EASIER
3,85.52,9.26,4,1,82.4,1,EASIER
6,57.77,56.75,1,3,47.21,4,EASIER
4,75.71,14.79,1,1,74.78,2,SAME
5,71.4,36.22,3,2,65.37,3,SAME
7,33.7,70.14,2,3,26.41,5,EASIER
4,70.79,38.64,3,2,67.06,2,SAME
6,65.58,28.25,2,1,65.35,4,SAME
7,38.33,214.93,5,4,26.94,5,EASIER
5,83.46,22.92,1,0,80.72,3,SAME
7,42.8,104.47,5,3,35.78,5,EASIER
5,72.69,49.4,3,2,64.7,3,SAME
5,62.6,87.27,5,3,60.52,3,EASIER
7,55.84,135.65,1,2,54.48,5,SAME
6,46.26,152.0,2,1,43.18,4,EASIER
7,52.44,91.97,1,1,49.64,5,EASIER
6,55.66,64.4,4,4,53.71,4,EASIER
6,65.05,101.63,1,2,58.8,4,SAME
4,68.27,61.64,2,1,63.16,2,SAME
4,94.15,56.0,1,1,93.95,2,SAME
7,46.37,133.47,4,3,38.49,5,EASIER
6,72.24,92.55,3,1,70.9,4,SAME
4,86.84,37.36,1,1,82.69,2,HARDER
4,82.23,46.07,2,1,78.86,2,SAME
6,53.05,236.25,1,1,50.82,4,EASIER
3,45.55,22.44,4,3,35.87,1,EASIER
3,69.97,21.26,3,1,72.55,1,SAME
6,61.8,65.19,1,2,59.48,4,SAME
4,68.41,45.63,1,1,64.94,2,SAME
6,57.81,27.21,3,3,49.52,4,EASIER
5,73.03,54.25,3,1,65.32,3,SAME
7,24.27,180.99,5,5,19.22,5,EASIER
5,74.26,44.7,2,1,72.46,3,SAME
7,41.66,124.0,3,4,28.55,5,EASIER
7,46.21,300.0,1,1,45.76,5,EASIER
4,76.81,44.41,1,2,74.22,2,SAME
7,38.26,33.05,5,5,36.12,5,EASIER
6,48.38,39.39,5,4,49.68,4,EASIER
3,100.0,22.36,1,1,99.38,1,HARDER
3,83.68,17.48,1,0,88.43,1,SAME
4,74.47,39.89,2,2,72.95,2,SAME
3,100.0,21.93,1,0,100.0,1,HARDER
4,71.03,65.74,2,2,65.16,2,SAME
7,54.52,61.79,3,4,50.54,5,EASIER
5,64.44,52.34,2,2,61.74,3,SAME
3,94.13,27.54,1,0,93.73,1,HARDER
5,75.71,68.67,2,2,74.36,3,SAME
4,91.12,40.71,2,1,88.6,2,HARDER
7,40.59,30.09,3,3,31.66,5,EASIER
3,88.3,25.94,2,1,83.72,1,HARDER
6,40.43,75.82,5,4,33.53,4,EASIER
5,56.48,88.96,1,2,52.94,3,SAME
3,82.37,34.49,1,1,82.04,1,SAME
6,60.89,92.94,1,2,57.19,4,SAME
5,66.93,67.73,3,2,65.78,3,SAME
6,46.68,165.66,2,3,43.71,4,EASIER
6,58.63,149.14,2,2,58.21,4,SAME
6,69.13,94.62,1,1,60.88,4,SAME
5,54.35,167.74,4,2,52.43,3,EASIER
3,84.75,18.9,1,1,87.61,1,SAME
3,73.72,14.75,1,1,73.14,1,SAME
5,80.19,57.69,2,1,77.04,3,SAME
4,77.82,31.88,1,1,78.82,2,SAME
6,61.09,22.75,4,2,62.51,4,EASIER
5,55.79,41.99,4,3,53.69,3,EASIER
7,40.92,135.06,4,4,28.08,5,HARDER
3,96.69,24.36,1,0,98.81,1,HARDER
4,70.08,26.38,4,2,67.89,2,EASIER
6,69.02,83.82,1,2,64.01,4,SAME
3,78.11,26.41,2,2,79.42,1,SAME
4,75.29,53.18,2,2,68.1,2,SAME
6,43.14,58.74,2,4,38.85,4,EASIER
5,85.29,89.39,1,1,85.52,3,SAME
6,60.55,46.51,1,2,56.59,4,SAME
5,57.36,45.21,3,4,52.52,3,EASIER
7,30.97,282.72,3,3,32.28,5,EASIER
7,39.12,64.1,5,4,33.06,5,EASIER
7,47.56,78.22,3,3,42.67,5,EASIER
3,97.33,14.31,1,1,95.23,1,HARDER
5,82.67,38.51,1,1,77.97,3,SAME
3,73.9,26.59,2,2,71.18,1,SAME
4,73.89,52.97,1,1,68.85,2,SAME
4,81.02,37.67,1,0,80.18,2,SAME
6,70.87,69.26,2,1,71.09,4,SAME
5,68.9,31.35,3,2,66.04,3,SAME
7,55.98,75.36,3,3,47.16,5,EASIER
4,81.16,18.37,1,1,79.07,2,SAME
6,49.98,120.27,5,4,46.03,4,EASIER
6,42.41,124.7,5,3,35.83,4,EASIER
7,35.5,109.56,4,4,31.12,5,EASIER
4,80.4,46.76,1,1,76.76,2,SAME
6,54.15,129.33,4,3,53.83,4,EASIER
3,100.0,26.15,1,1,98.29,1,SAME
5,53.37,115.62,1,3,51.69,3,EASIER
5,72.93,34.94,2,1,73.13,3,SAME
7,17.35,92.62,5,4,16.58,5,EASIER
6,54.76,64.3,2,3,53.51,4,EASIER
7,64.36,159.37,1,2,62.25,5,SAME
7,57.27,51.26,2,2,53.63,5,SAME
5,56.2,118.77,2,2,49.92,3,EASIER
6,41.95,109.82,4,4,32.2,4,SAME
3,97.87,54.48,1,0,95.47,1,EASIER
5,77.87,56.85,1,0,73.76,3,SAME
3,75.98,19.57,3,3,69.61,1,EASIER
6,57.54,115.4,4,3,50.94,4,EASIER
7,36.79,196.4,5,5,31.57,5,EASIER
6,65.77,56.56,1,2,65.28,4,SAME
7,41.74,37.71,5,4,31.98,5,EASIER
4,81.2,16.11,1,2,72.97,2,SAME
7,48.68,129.15,3,3,42.29,5,EASIER
5,45.8,124.32,2,2,43.69,3,EASIER
6,35.75,41.69,5,4,23.7,4,EASIER
6,71.7,71.17,1,1,76.59,4,SAME
6,29.66,68.41,5,4,24.76,4,EASIER
4,54.92,93.71,4,2,51.2,2,EASIER
6,9.63,265.4,5,6,0.0,4,EASIER
6,69.11,102.25,2,2,68.55,4,SAME
7,65.67,182.71,2,2,60.97,5,SAME
5,63.42,89.23,1,1,57.08,3,SAME
5,52.6,30.77,2,2,48.14,3,EASIER
5,81.03,81.96,1,1,80.84,3,SAME
3,85.72,15.88,2,2,83.59,1,SAME
3,80.92,23.16,3,1,83.02,1,SAME
3,75.39,41.52,4,3,69.23,1,EASIER
6,64.24,85.52,2,3,57.91,4,EASIER
5,81.66,100.1,2,1,79.54,3,SAME
7,56.04,227.37,3,2,51.15,5,EASIER
6,63.04,32.89,5,4,58.1,4,EASIER
3,100.0,9.49,1,0,97.61,1,HARDER
3,80.78,41.93,1,0,78.13,1,SAME
4,93.46,66.87,1,0,93.56,2,SAME
7,42.74,128.81,4,4,37.68,5,EASIER
3,68.6,29.77,1,1,63.94,1,SAME
3,73.72,37.2,4,2,70.28,1,EASIER
3,60.18,36.89,4,2,60.53,1,EASIER
5,55.99,49.89,4,3,58.54,3,EASIER
7,30.32,188.56,3,4,27.47,5,EASIER
6,56.35,68.48,5,4,49.67,4,EASIER
5,66.55,65.43,1,0,65.67,3,SAME
3,81.7,27.33,1,1,82.44,1,SAME
4,96.54,25.37,1,0,97.7,2,HARDER
5,66.02,40.15,3,1,64.41,3,SAME
4,98.09,108.59,1,0,93.17,2,EASIER
6,72.77,51.57,2,2,70.77,4,SAME
7,45.1,137.02,5,4,39.69,5,EASIER
4,71.57,49.9,1,2,67.25,2,SAME
4,87.83,37.04,1,0,89.92,2,HARDER
3,88.41,33.71,4,2,87.75,1,EASIER
6,35.81,97.3,4,4,26.33,4,EASIER
5,77.11,37.7,1,0,78.67,3,SAME
4,82.03,48.91,1,1,84.28,2,SAME
4,87.02,29.42,1,1,86.94,2,HARDER
3,96.04,54.24,1,0,98.15,1,EASIER
5,77.39,71.73,1,1,73.87,3,SAME
6,92.3,56.98,1,0,91.17,4,HARDER
4,50.56,44.63,2,3,46.95,2,EASIER
3,60.46,16.57,1,2,58.24,1,SAME
5,73.63,65.89,1,1,68.8,3,SAME
6,84.04,72.92,1,1,83.37,4,SAME
4,82.28,25.76,1,0,82.9,2,SAME
4,72.37,25.61,2,2,66.27,2,SAME
3,58.19,73.88,2,3,55.37,1,EASIER
6,38.32,85.99,5,5,28.52,4,EASIER
7,57.18,88.52,1,2,54.76,5,SAME
6,68.13,59.87,1,1,64.3,4,SAME
5,60.22,73.23,3,2,56.24,3,SAME
6,70.6,58.83,2,2,66.79,4,SAME
4,79.21,22.72,1,0,79.32,2,SAME
3,73.63,24.64,2,1,66.75,1,SAME
4,84.2,37.29,1,0,85.7,2,SAME
6,62.79,66.01,2,2,62.69,4,SAME
6,49.51,51.59,2,2,42.0,4,EASIER
7,60.12,90.51,2,2,61.07,5,SAME
7,49.09,86.71,1,2,51.02,5,EASIER
4,91.18,28.55,1,0,83.55,2,HARDER
3,83.95,28.27,1,1,77.84,1,SAME
4,65.87,108.19,1,2,67.74,2,EASIER
7,76.94,231.44,2,2,72.16,5,EASIER
7,42.12,300.0,2,3,34.26,5,EASIER
3,100.0,19.42,1,0,100.0,1,HARDER
3,86.98,52.67,1,1,82.44,1,EASIER
5,69.89,64.91,4,2,67.49,3,EASIER
6,73.71,136.95,1,1,77.02,4,SAME
7,29.43,143.73,5,5,16.88,5,EASIER
6,52.69,68.6,5,4,47.12,4,EASIER
4,95.85,53.29,1,1,90.83,2,SAME
3,84.94,31.02,1,1,86.74,1,SAME
6,69.84,32.7,1,2,67.05,4,SAME
5,78.99,54.54,4,2,77.55,3,EASIER
7,31.71,180.18,5,5,23.18,5,EASIER
5,81.56,66.54,2,1,83.83,3,SAME
5,56.89,73.17,5,3,48.59,3,SAME
4,89.02,26.69,2,1,90.17,2,HARDER
3,100.0,28.02,1,0,100.0,1,HARDER
7,5.02,106.27,5,4,2.91,5,EASIER
7,50.19,100.24,2,3,49.84,5,EASIER
3,86.68,18.48,1,1,83.51,1,SAME
6,55.23,131.95,3,3,51.85,4,EASIER
4,66.79,44.7,2,2,70.01,2,SAME
5,75.22,65.46,1,1,77.63,3,SAME
7,27.14,300.0,2,4,24.22,5,HARDER
7,38.15,145.0,1,4,33.49,5,EASIER
3,100.0,42.65,1,0,95.58,1,SAME
4,78.86,43.2,1,1,71.06,2,SAME
7,63.02,92.39,3,2,62.96,5,SAME
7,72.88,62.88,1,1,70.1,5,SAME
3,85.2,27.84,1,1,86.39,1,HARDER
7,79.78,26.23,1,1,77.47,5,SAME
5,45.51,66.37,4,3,40.19,3,EASIER
5,61.39,67.8,3,3,53.76,3,EASIER
3,96.72,22.69,1,0,92.44,1,HARDER
6,56.35,78.15,3,3,59.19,4,EASIER
6,61.27,42.78,2,2,57.51,4,SAME
6,34.59,168.55,2,3,30.7,4,EASIER
6,57.47,68.81,4,3,57.41,4,EASIER
7,66.06,65.94,2,2,67.22,5,HARDER
7,47.62,150.71,2,3,41.8,5,EASIER
6,58.89,86.86,4,2,55.37,4,EASIER
7,65.76,92.13,1,1,62.97,5,SAME
6,54.16,64.42,5,4,47.5,4,EASIER
6,50.62,81.76,5,3,46.79,4,EASIER
5,69.34,112.91,1,1,68.61,3,SAME
6,70.25,104.68,4,3,68.74,4,EASIER
3,66.21,24.62,3,1,62.82,1,SAME
5,20.29,88.45,4,5,10.69,3,EASIER
5,48.11,58.8,1,2,43.08,3,EASIER
7,65.71,139.4,1,3,64.47,5,EASIER
3,64.95,26.74,1,3,60.69,1,EASIER
6,53.68,111.43,2,3,54.09,4,EASIER
3,100.0,20.52,1,0,100.0,1,HARDER
7,35.36,60.19,1,2,35.48,5,EASIER
7,47.62,183.59,2,3,46.45,5,EASIER
4,80.04,77.08,1,1,78.16,2,EASIER
7,39.05,61.77,2,4,33.56,5,EASIER
5,79.35,63.38,1,1,75.92,3,SAME
7,53.87,87.69,2,1,50.45,5,EASIER
6,58.93,129.81,3,3,54.03,4,EASIER
3,89.2,27.9,1,0,90.62,1,HARDER
4,67.14,181.54,1,2,63.02,2,EASIER
5,80.98,49.96,1,1,79.34,3,SAME
4,94.75,78.27,1,0,92.06,2,SAME
3,100.0,51.74,1,1,100.0,1,EASIER
7,52.56,149.8,3,3,45.32,5,EASIER
7,57.85,114.29,3,3,57.16,5,EASIER
5,69.55,60.79,1,2,64.58,3,SAME
4,60.1,38.18,4,2,58.76,2,EASIER
3,86.84,41.4,2,1,84.91,1,SAME
7,37.71,69.61,5,3,32.09,5,EASIER
4,90.72,35.23,1,0,90.07,2,HARDER
3,100.0,22.05,1,0,100.0,1,HARDER
4,75.72,16.88,2,1,71.42,2,SAME
5,51.26,88.73,2,2,46.96,3,EASIER
6,41.36,142.51,3,3,43.5,4,EASIER
4,86.29,28.21,1,1,90.91,2,HARDER
7,52.15,196.35,1,2,50.83,5,EASIER
6,35.49,35.99,4,4,29.12,4,EASIER
7,55.41,113.47,2,4,52.24,5,EASIER
4,68.87,35.81,2,1,65.41,2,SAME
6,69.14,85.83,2,1,72.68,4,SAME
4,100.0,39.5,1,1,100.0,2,HARDER
6,68.84,78.78,3,3,67.41,4,EASIER
6,52.8,67.03,2,3,48.29,4,EASIER
4,77.16,36.11,1,2,71.41,2,SAME
7,29.19,235.44,2,4,19.71,5,EASIER
7,75.32,81.7,1,1,76.27,5,SAME
7,35.48,300.0,3,4,30.58,5,EASIER
4,100.0,28.19,1,0,100.0,2,HARDER
6,75.82,92.9,1,0,77.43,4,SAME
3,84.52,32.24,1,0,90.64,1,SAME
3,63.47,21.96,2,3,61.01,1,EASIER
7,56.3,237.91,1,1,52.26,5,EASIER
3,100.0,31.86,1,0,98.44,1,HARDER
7,65.39,100.17,2,2,67.06,5,SAME
5,64.09,114.34,2,2,61.86,3,SAME
4,93.28,23.58,1,0,94.24,2,HARDER
3,91.05,19.44,2,1,85.7,1,HARDER
6,81.73,109.87,1,0,79.97,4,SAME
6,43.21,124.4,3,3,44.87,4,EASIER
5,80.98,68.04,1,1,81.77,3,SAME
7,32.64,104.5,3,4,29.19,5,EASIER
4,63.41,33.76,1,2,58.39,2,SAME
5,53.24,101.54,5,3,46.01,3,EASIER
4,97.36,42.55,1,1,95.26,2,HARDER
5,77.05,37.66,1,2,75.25,3,SAME
3,89.03,16.53,1,0,86.98,1,HARDER
5,68.67,122.68,2,1,66.75,3,EASIER
5,89.71,40.64,1,0,90.35,3,HARDER
5,65.19,66.38,4,3,55.56,3,EASIER
5,76.2,113.2,1,2,75.18,3,SAME
6,47.43,108.7,5,3,39.8,4,EASIER
5,79.03,39.86,2,1,80.72,3,SAME
4,65.2,23.58,2,2,60.34,2,SAME
4,78.63,91.51,2,2,71.51,2,EASIER
6,55.84,47.72,1,2,48.74,4,EASIER
7,67.85,82.84,2,3,58.75,5,EASIER
6,77.92,99.53,1,1,72.8,4,SAME
6,70.67,73.18,1,1,67.54,4,SAME
7,43.68,153.12,3,3,42.01,5,EASIER
7,75.65,50.33,1,1,66.49,5,SAME
5,73.01,52.26,2,2,66.95,3,SAME
3,92.13,33.8,1,0,98.57,1,SAME
6,42.89,116.85,5,4,35.42,4,EASIER
6,46.5,60.89,5,4,42.08,4,EASIER
4,96.87,23.51,1,1,96.91,2,HARDER
7,23.19,125.84,4,5,13.57,5,EASIER
7,61.74,54.77,1,0,60.3,5,SAME
4,59.23,69.49,1,3,57.85,2,EASIER
5,67.03,62.7,3,2,68.54,3,SAME
3,82.95,18.33,1,0,78.21,1,SAME
3,84.57,15.64,2,1,86.55,1,SAME
4,75.51,28.22,1,0,69.95,2,SAME
4,61.0,18.24,3,3,59.42,2,EASIER
4,78.42,47.95,1,1,80.24,2,SAME
3,90.9,17.49,1,0,91.85,1,HARDER
5,83.54,70.69,1,2,80.21,3,SAME
6,45.78,108.44,3,3,45.85,4,EASIER
4,76.77,59.84,2,2,72.37,2,SAME
5,66.84,65.7,3,2,64.76,3,SAME
4,76.49,64.49,1,1,73.01,2,SAME
6,60.25,168.59,2,2,61.52,4,EASIER
6,40.8,93.78,3,4,34.84,4,EASIER
7,51.36,133.23,1,3,48.89,5,EASIER
3,100.0,19.51,1,0,93.19,1,HARDER
7,31.42,65.38,2,3,25.52,5,EASIER
4,70.75,69.42,2,2,65.23,2,SAME
3,90.15,32.73,1,1,85.93,1,HARDER
6,69.87,117.2,1,0,72.16,4,SAME
3,79.1,19.22,3,3,71.55,1,EASIER
3,85.44,51.5,1,1,83.96,1,EASIER
7,58.82,98.88,1,2,62.28,5,SAME
4,74.67,26.07,1,0,74.38,2,SAME
5,66.01,43.66,5,3,57.29,3,EASIER
4,75.14,79.52,3,1,77.01,2,EASIER
3,93.22,15.25,1,1,90.3,1,HARDER
3,82.23,17.9,2,0,81.71,1,SAME
3,78.16,90.8,1,1,72.49,1,EASIER
5,59.7,92.41,3,3,59.46,3,EASIER
5,45.37,40.35,4,4,42.95,3,EASIER
3,100.0,15.45,1,0,100.0,1,HARDER
4,74.32,17.31,1,1,77.2,2,SAME
4,70.1,39.77,1,0,71.58,2,SAME
5,93.71,83.16,3,1,89.35,3,SAME
7,49.89,256.27,1,2,43.86,5,EASIER
6,53.47,30.63,2,3,48.9,4,EASIER
7,43.43,54.39,5,4,37.67,5,EASIER
3,75.31,23.7,1,1,73.58,1,SAME
4,68.14,140.86,1,2,59.02,2,EASIER
6,74.98,129.98,1,2,72.9,4,SAME
4,86.0,45.28,4,1,80.24,2,EASIER
7,53.27,57.45,4,2,52.86,5,EASIER
5,70.99,20.31,3,3,62.69,3,EASIER
4,99.29,38.7,1,0,100.0,2,HARDER
7,45.87,106.1,3,4,40.48,5,EASIER
5,53.89,50.8,2,4,45.23,3,EASIER
7,34.3,91.03,4,5,28.22,5,EASIER
5,85.12,40.05,2,1,87.83,3,HARDER
3,76.95,16.18,1,1,76.41,1,SAME
6,54.51,168.89,2,2,48.33,4,EASIER
3,83.51,16.85,2,1,80.65,1,SAME
6,74.67,71.03,1,2,70.5,4,SAME
5,76.67,56.89,2,0,74.34,3,SAME
6,67.29,118.39,2,2,59.09,4,SAME
7,67.6,70.4,5,3,68.79,5,EASIER
5,82.58,94.12,1,2,77.36,3,SAME
7,64.94,81.66,3,3,55.26,5,EASIER
3,90.69,23.26,1,0,86.81,1,HARDER
3,100.0,51.94,2,0,97.52,1,EASIER
7,26.49,66.04,5,5,9.27,5,EASIER
5,86.28,82.87,1,2,85.58,3,SAME
5,72.93,95.37,1,1,73.13,3,SAME
3,93.64,28.7,2,1,92.74,1,HARDER
4,83.13,35.96,2,0,79.35,2,SAME
6,63.96,247.67,2,2,63.34,4,EASIER
7,61.64,111.16,2,2,57.69,5,SAME
7,40.49,125.18,4,4,38.57,5,EASIER
5,74.17,49.1,3,2,64.72,3,SAME
5,60.68,62.5,2,2,54.87,3,SAME
3,69.54,38.39,1,2,63.25,1,SAME
3,44.94,22.12,4,3,36.63,1,EASIER
5,90.09,20.42,2,1,90.12,3,HARDER
5,78.59,74.79,1,1,80.66,3,HARDER
3,74.37,15.47,4,3,72.13,1,EASIER
5,57.16,83.74,3,2,54.18,3,SAME
6,66.61,81.94,2,2,64.39,4,SAME
7,28.31,187.26,4,4,23.95,5,EASIER
7,62.87,66.8,1,1,58.65,5,SAME
4,57.29,29.55,2,2,54.87,2,SAME
4,63.4,32.39,1,2,59.95,2,SAME
7,20.71,49.93,5,5,7.99,5,EASIER
6,55.6,146.15,1,1,60.7,4,SAME
4,99.15,17.7,1,0,100.0,2,HARDER
6,92.91,145.09,1,0,89.84,4,SAME
3,100.0,30.2,1,0,98.6,1,HARDER
5,42.08,52.56,1,3,39.11,3,EASIER
4,96.0,44.69,2,1,95.27,2,HARDER
7,36.16,133.17,4,4,29.64,5,EASIER
3,72.86,20.92,1,1,75.83,1,SAME
7,54.43,131.76,5,3,48.96,5,EASIER
4,64.37,53.58,3,3,62.21,2,EASIER
3,79.48,16.42,1,2,79.58,1,SAME
6,62.84,98.17,1,2,62.57,4,SAME
6,59.47,20.93,2,1,57.0,4,SAME
3,96.76,10.59,1,1,91.35,1,HARDER
3,91.78,32.14,1,1,83.61,1,HARDER
3,82.95,20.76,1,1,81.51,1,SAME
5,48.64,38.02,2,3,44.85,3,EASIER
3,74.43,24.42,2,1,70.67,1,SAME
6,51.77,66.74,4,3,47.59,4,EASIER
3,82.0,16.1,1,1,83.43,1,SAME
6,71.62,34.97,1,1,66.93,4,SAME
7,63.09,38.32,1,2,57.85,5,SAME
6,65.56,120.41,3,2,57.63,4,SAME
7,45.16,88.96,4,4,37.7,5,EASIER
7,45.42,189.98,4,3,42.72,5,EASIER
3,87.58,20.62,1,1,84.68,1,HARDER
4,94.54,44.9,2,1,92.63,2,HARDER
6,37.03,76.82,5,5,25.89,4,EASIER
4,74.7,38.8,1,2,75.78,2,SAME
6,84.43,86.06,1,1,85.51,4,SAME
6,35.11,65.04,5,4,25.99,4,EASIER
7,23.04,57.3,5,4,17.43,5,EASIER
4,70.39,54.47,1,1,70.31,2,SAME
4,75.14,80.36,1,2,78.08,2,EASIER
3,77.9,52.31,2,1,78.96,1,EASIER
4,88.58,29.3,1,0,92.03,2,HARDER
4,92.5,26.92,1,1,90.76,2,HARDER
5,77.34,44.08,1,1,75.91,3,SAME
5,80.44,53.17,2,0,81.32,3,SAME
7,64.98,108.84,2,1,62.24,5,SAME
6,59.84,48.8,1,1,61.61,4,SAME
6,59.27,37.99,1,1,56.9,4,SAME
3,78.07,25.56,2,1,77.86,1,SAME
5,32.37,10.1,4,4,22.47,3,EASIER
6,56.9,77.82,3,2,51.04,4,SAME
4,81.53,24.37,1,0,79.61,2,SAME
5,64.76,85.34,5,3,61.46,3,EASIER
6,49.36,141.39,5,4,46.81,4,HARDER
6,61.83,143.13,1,2,55.09,4,SAME
7,45.77,92.73,5,4,38.02,5,EASIER
5,68.23,33.07,2,4,63.12,3,EASIER
4,89.2,25.91,1,0,90.16,2,HARDER
4,55.34,43.5,2,2,56.78,2,SAME
6,56.88,34.84,2,2,55.64,4,EASIER
5,53.22,115.61,4,3,49.11,3,EASIER
5,74.09,49.24,1,1,72.84,3,SAME
3,96.76,31.23,2,0,99.04,1,HARDER
5,66.97,24.01,3,3,71.63,3,EASIER
4,90.76,24.59,1,1,91.71,2,HARDER
5,72.39,22.58,2,1,74.96,3,SAME
7,49.55,195.4,2,3,48.23,5,EASIER
6,80.16,75.45,1,1,78.89,4,SAME
5,88.16,76.96,2,1,81.13,3,HARDER
7,11.71,115.94,5,5,3.01,5,EASIER
7,35.3,144.58,3,4,29.57,5,EASIER
5,70.66,49.08,2,1,70.85,3,SAME
6,84.84,73.76,1,0,87.15,4,SAME
4,85.67,36.4,2,1,86.3,2,HARDER
7,30.82,139.71,4,4,17.44,5,EASIER
4,58.03,46.56,4,3,53.34,2,EASIER
4,69.93,142.45,3,3,64.65,2,EASIER
3,81.19,52.84,1,1,76.4,1,EASIER
7,38.12,42.48,5,4,32.97,5,EASIER
4,62.52,35.53,3,3,59.42,2,EASIER
7,68.38,89.77,1,2,62.9,5,SAME
3,88.47,44.19,2,1,89.64,1,SAME
5,47.4,49.61,1,2,39.66,3,EASIER
5,88.59,72.99,2,1,84.5,3,HARDER
5,97.98,18.24,1,0,100.0,3,HARDER
3,60.62,12.75,2,3,58.24,1,EASIER
3,84.41,63.43,1,0,86.95,1,EASIER
4,51.98,38.91,3,3,48.86,2,EASIER
5,53.56,35.38,1,2,50.36,3,EASIER
6,78.03,93.04,1,0,75.83,4,SAME
5,96.93,34.44,1,0,96.22,3,HARDER
4,83.75,33.26,1,0,89.19,2,SAME
4,94.18,19.2,2,1,98.38,2,HARDER
6,55.72,54.41,2,2,51.81,4,SAME
5,54.05,47.2,2,2,56.44,3,EASIER
7,23.17,206.29,5,5,23.73,5,EASIER
5,60.19,72.98,2,2,53.21,3,SAME
5,73.0,79.56,2,1,71.31,3,SAME
3,100.0,24.71,1,0,97.07,1,HARDER
3,55.42,36.05,4,3,56.35,1,EASIER
7,41.1,69.58,2,4,32.13,5,EASIER
4,93.67,26.93,1,0,92.83,2,HARDER
5,65.11,70.97,2,1,64.61,3,SAME
5,78.57,50.51,2,2,75.41,3,SAME
3,80.95,24.85,1,1,76.21,1,SAME
5,48.77,53.47,4,4,40.44,3,EASIER
4,92.84,68.49,1,1,89.34,2,SAME
3,90.46,44.69,2,1,85.42,1,SAME
5,92.32,42.54,1,1,92.8,3,HARDER
5,53.7,24.27,4,3,50.89,3,EASIER
3,100.0,18.22,1,1,97.3,1,HARDER
5,81.9,37.21,1,2,78.04,3,SAME
6,70.91,126.37,1,1,68.01,4,SAME
4,72.96,58.57,1,1,67.33,2,SAME
7,63.27,63.85,2,2,60.31,5,SAME
6,67.2,55.39,1,1,67.15,4,SAME
6,83.47,38.0,2,0,79.25,4,SAME
3,89.86,26.54,1,1,85.97,1,HARDER
6,61.0,80.11,2,2,62.39,4,SAME
4,96.69,55.06,1,0,98.76,2,SAME
6,61.99,106.19,2,2,58.98,4,SAME
7,22.1,156.19,5,5,14.86,5,EASIER
4,67.15,18.41,1,2,63.61,2,EASIER
4,60.16,28.31,3,2,60.19,2,SAME
3,68.86,38.14,1,2,63.95,1,SAME
6,68.97,61.97,1,1,65.84,4,SAME
6,51.45,35.18,5,4,44.55,4,EASIER
5,61.46,86.52,2,3,57.93,3,EASIER
3,100.0,19.34,2,1,100.0,1,HARDER
4,66.44,62.62,1,2,58.09,2,SAME
5,68.83,57.47,3,4,62.63,3,EASIER
7,39.79,96.29,5,5,29.25,5,EASIER
3,83.68,45.86,1,1,84.95,1,SAME
4,82.29,20.6,1,1,77.67,2,SAME
6,60.02,172.87,4,2,61.52,4,EASIER
4,95.8,28.14,1,0,97.33,2,HARDER
7,65.46,122.36,2,3,65.5,5,EASIER
7,51.83,122.99,1,2,48.72,5,EASIER
4,89.45,31.09,1,1,86.43,2,HARDER
6,71.98,55.17,2,1,71.87,4,SAME
6,79.52,67.65,1,0,79.29,4,SAME
6,54.64,48.38,1,2,51.54,4,EASIER
3,90.96,59.86,1,1,93.55,1,EASIER
3,93.64,20.18,1,1,89.22,1,HARDER
4,87.12,65.52,2,1,87.19,2,SAME
3,78.94,39.49,2,1,80.87,1,SAME
4,70.74,45.07,1,1,68.18,2,SAME
6,52.57,76.41,2,3,53.55,4,EASIER
5,59.53,63.84,4,2,51.64,3,EASIER
4,88.84,49.72,2,1,86.3,2,HARDER
3,71.88,26.14,3,3,65.04,1,EASIER
4,66.22,18.2,4,3,56.04,2,EASIER
5,54.46,23.58,1,1,55.49,3,EASIER
6,38.75,179.72,1,3,38.45,4,EASIER
4,89.24,11.02,1,0,91.08,2,HARDER
4,88.75,41.66,1,0,91.64,2,HARDER
5,70.87,51.63,3,2,68.16,3,SAME
3,66.86,26.85,1,0,62.46,1,SAME
4,79.0,22.24,4,2,74.39,2,EASIER
3,76.5,29.22,2,2,73.47,1,SAME
5,41.84,64.23,5,5,33.08,3,EASIER
5,63.78,227.5,2,1,64.66,3,EASIER
5,77.59,61.85,1,1,69.45,3,SAME
6,81.96,165.31,1,0,90.39,4,EASIER
4,84.92,18.79,2,1,81.45,2,SAME
7,73.3,195.28,1,1,74.87,5,SAME
7,29.24,126.7,5,6,20.2,5,EASIER
3,100.0,28.19,1,0,97.34,1,HARDER
7,23.07,130.72,3,4,16.62,5,EASIER
3,86.8,53.42,1,1,85.99,1,EASIER
4,61.83,42.84,2,2,66.72,2,SAME
5,64.45,39.34,3,2,59.34,3,SAME
3,92.03,19.01,1,0,92.39,1,HARDER
4,72.1,55.79,4,2,66.85,2,EASIER
3,92.38,30.51,1,0,94.24,1,HARDER
5,68.98,27.19,1,1,64.68,3,SAME
7,27.08,148.26,5,5,20.7,5,EASIER
7,44.27,62.09,4,3,37.05,5,EASIER
4,76.24,46.69,1,1,75.11,2,SAME
5,90.14,38.93,1,0,87.52,3,HARDER
5,51.92,50.46,4,5,45.12,3,EASIER
5,81.31,44.29,2,2,75.03,3,SAME
6,47.69,180.65,2,2,51.12,4,EASIER
7,67.7,139.42,1,1,66.16,5,SAME
5,63.69,108.28,2,2,54.46,3,SAME
3,97.59,90.67,1,0,100.0,1,EASIER
7,83.84,114.89,1,0,81.81,5,SAME
7,46.95,253.94,2,3,47.11,5,EASIER
4,100.0,27.35,1,1,96.56,2,HARDER
5,64.34,107.94,2,2,56.82,3,SAME
7,51.21,72.13,3,3,45.46,5,EASIER
5,61.84,57.47,3,3,57.82,3,EASIER
5,64.56,75.66,1,1,58.45,3,SAME
7,74.99,163.51,1,1,73.73,5,SAME
7,43.73,55.98,4,5,36.34,5,EASIER
5,65.39,37.76,2,2,58.88,3,SAME
3,81.52,32.82,1,1,75.4,1,SAME
5,83.83,48.35,3,1,82.31,3,SAME
6,61.43,39.65,2,4,59.03,4,EASIER
4,82.31,36.75,1,1,79.79,2,HARDER
5,74.3,54.68,3,2,73.07,3,SAME
6,79.4,89.9,2,0,78.84,4,SAME
3,83.81,31.64,1,1,82.88,1,SAME
5,61.68,73.04,4,3,61.18,3,EASIER
6,76.86,55.0,1,2,73.9,4,SAME
4,75.08,31.33,2,2,73.27,2,SAME
5,70.09,91.81,1,2,61.84,3,SAME
6,35.31,61.82,5,4,26.29,4,EASIER
3,100.0,20.97,1,0,95.78,1,HARDER
6,44.78,37.51,5,5,38.38,4,EASIER
4,84.88,37.49,1,0,82.56,2,SAME
4,61.61,44.7,3,3,59.1,2,EASIER
6,67.45,29.35,3,2,61.63,4,SAME
3,93.49,15.53,1,1,90.0,1,HARDER
3,73.44,13.28,2,0,75.87,1,SAME
5,70.97,85.68,1,1,69.61,3,SAME
7,71.38,39.5,1,1,68.74,5,SAME
3,70.64,24.14,1,2,68.09,1,SAME
6,52.65,119.11,3,3,50.17,4,EASIER
3,99.02,27.18,1,0,95.83,1,HARDER
5,72.73,46.65,2,1,69.18,3,SAME
5,70.26,68.85,3,3,67.81,3,EASIER
5,50.93,96.91,1,3,42.85,3,EASIER
3,75.7,23.83,1,1,78.04,1,SAME
6,65.86,25.6,3,2,62.65,4,SAME
4,86.26,65.17,1,0,86.46,2,SAME
6,65.56,100.97,1,1,66.49,4,SAME
6,73.05,80.6,1,1,71.8,4,SAME
5,83.64,21.76,1,1,77.62,3,SAME
4,71.66,33.03,2,2,68.04,2,SAME
6,55.38,52.01,2,2,53.05,4,SAME
7,20.33,57.72,5,4,16.79,5,EASIER
7,58.01,103.97,4,3,49.86,5,EASIER
7,35.81,83.63,5,4,27.05,5,EASIER
4,93.75,30.47,2,1,88.17,2,HARDER
5,60.22,83.64,1,2,56.77,3,SAME
4,85.05,42.85,1,1,82.78,2,HARDER
7,42.91,85.49,2,2,37.23,5,EASIER
7,61.35,79.78,4,4,55.83,5,EASIER
7,78.98,87.41,3,1,71.22,5,SAME
3,100.0,22.39,1,0,98.91,1,HARDER
4,63.73,50.0,2,1,64.36,2,SAME
6,57.28,47.68,1,1,57.68,4,SAME
6,47.49,175.06,3,4,45.56,4,EASIER
4,84.57,50.02,1,1,86.01,2,SAME
3,95.72,8.0,1,1,94.84,1,HARDER
3,95.14,25.97,1,1,89.8,1,HARDER
6,37.48,140.88,5,3,31.5,4,EASIER
5,66.51,70.31,2,2,62.11,3,SAME
5,67.97,47.29,1,2,68.76,3,SAME
7,56.46,108.33,3,2,56.4,5,SAME
3,63.67,27.06,1,1,59.14,1,EASIER
6,67.87,122.35,1,1,73.31,4,SAME
4,79.5,19.54,2,2,76.01,2,SAME
7,60.56,80.54,1,2,55.72,5,SAME
7,45.03,273.56,3,3,38.82,5,EASIER
5,87.76,58.95,1,0,83.44,3,HARDER
4,69.05,77.92,3,2,63.74,2,EASIER
4,100.0,154.6,1,0,100.0,2,EASIER
3,82.35,20.08,1,2,82.55,1,SAME
7,50.91,58.32,2,3,47.02,5,EASIER
3,78.43,22.21,2,2,79.08,1,SAME
5,58.07,99.93,5,2,54.02,3,EASIER
5,77.07,107.09,1,2,75.57,3,SAME
6,34.03,267.24,1,3,31.49,4,EASIER
7,45.38,109.78,3,3,45.8,5,EASIER
5,69.14,73.85,1,2,68.53,3,SAME
6,88.62,56.63,1,0,84.37,4,HARDER
5,68.11,16.77,1,2,69.17,3,SAME
5,76.82,56.87,1,1,74.71,3,HARDER
3,72.68,14.96,1,1,69.29,1,SAME
4,84.66,51.42,1,0,76.75,2,SAME
5,97.7,22.85,1,0,92.62,3,HARDER
3,80.84,17.99,1,1,80.36,1,SAME
4,93.84,43.09,1,1,90.46,2,HARDER
5,52.8,69.74,4,3,45.17,3,EASIER
5,69.78,56.65,2,0,70.57,3,SAME
7,26.78,300.0,5,4,20.79,5,EASIER
7,9.06,263.45,5,5,0.54,5,EASIER
6,54.57,57.45,2,2,45.45,4,EASIER
3,63.94,51.17,3,3,57.67,1,EASIER
5,89.14,138.76,1,0,85.29,3,EASIER
6,81.6,76.88,1,0,82.68,4,SAME
5,80.76,59.32,2,2,75.79,3,SAME
5,88.11,56.56,1,1,84.15,3,HARDER
5,78.9,42.15,2,2,82.06,3,SAME
5,38.15,44.27,4,3,31.23,3,EASIER
5,38.16,111.44,5,4,33.6,3,EASIER
3,87.18,30.37,1,1,79.99,1,HARDER
5,64.45,44.08,3,2,61.89,3,SAME
4,65.81,24.59,2,3,62.89,2,EASIER
6,47.76,55.29,2,2,42.2,4,EASIER
7,44.41,102.43,2,4,38.0,5,EASIER
5,59.0,91.15,2,2,55.88,3,SAME
4,79.95,25.36,1,1,79.93,2,SAME
7,41.0,183.08,4,3,38.34,5,EASIER
6,67.6,90.84,1,1,67.45,4,SAME
5,76.06,62.25,3,3,71.94,3,EASIER
3,95.67,39.46,1,0,93.38,1,SAME
3,85.67,36.39,1,1,79.93,1,SAME
4,74.94,19.64,3,3,76.59,2,EASIER
4,75.86,22.83,2,1,75.47,2,SAME
6,49.52,72.77,3,3,41.65,4,EASIER
5,76.75,69.18,1,1,80.39,3,SAME
7,57.68,235.61,1,1,52.29,5,EASIER
5,66.89,59.9,4,3,62.26,3,EASIER
7,66.54,283.44,2,3,61.01,5,EASIER
5,91.0,40.88,1,1,91.75,3,HARDER
4,73.03,29.52,1,1,71.04,2,SAME
6,45.45,69.95,2,3,39.72,4,EASIER
5,63.23,38.7,5,3,61.3,3,EASIER
4,80.43,65.53,1,1,75.93,2,SAME
5,62.25,14.72,2,1,58.54,3,SAME
6,80.95,63.11,2,0,79.57,4,SAME
4,79.76,65.19,1,0,79.16,2,SAME
6,54.78,69.71,3,2,45.25,4,EASIER
7,48.85,200.98,1,2,46.61,5,EASIER
5,45.49,172.14,1,2,41.06,3,EASIER
4,73.73,39.46,1,1,78.69,2,SAME
5,59.37,103.45,2,2,51.21,3,SAME
7,1.92,300.0,5,6,0.0,5,EASIER
3,83.48,29.9,2,1,77.06,1,SAME
7,65.94,109.1,1,1,65.07,5,SAME
5,84.39,90.66,1,1,85.56,3,SAME
7,32.55,213.56,3,3,31.99,5,EASIER
6,49.4,80.36,1,3,48.08,4,EASIER
6,66.4,63.76,1,1,63.15,4,SAME
7,7.35,285.57,5,6,0.0,5,EASIER
3,82.71,22.16,2,2,76.8,1,SAME
5,82.81,104.73,1,0,86.83,3,SAME
3,83.92,28.1,1,1,81.95,1,SAME
4,65.08,89.68,3,2,66.43,2,EASIER
3,67.46,17.13,1,3,62.61,1,EASIER
6,58.72,52.68,2,2,57.08,4,HARDER
6,76.98,127.87,2,1,73.75,4,SAME
6,48.14,45.56,5,4,42.83,4,EASIER
3,81.3,26.33,1,2,80.64,1,SAME
4,61.4,78.68,2,2,57.5,2,EASIER
6,48.72,32.41,4,3,42.35,4,EASIER
7,52.4,139.44,3,2,48.85,5,EASIER
7,18.18,216.78,5,5,9.23,5,EASIER
3,87.87,24.71,1,2,86.1,1,SAME
5,41.76,36.65,3,4,41.44,3,EASIER
3,98.94,22.24,1,0,93.34,1,HARDER
7,46.58,70.92,2,3,38.04,5,EASIER
3,89.91,25.78,2,1,88.47,1,HARDER
7,52.83,96.32,3,2,51.38,5,EASIER
3,95.08,19.9,1,0,90.94,1,HARDER
3,86.69,30.76,1,1,88.34,1,HARDER
7,61.87,264.84,2,2,61.63,5,EASIER
5,41.02,68.22,5,4,39.46,3,EASIER
5,76.88,112.79,3,1,76.51,3,SAME
6,57.44,186.37,2,3,56.74,4,EASIER
4,85.36,28.84,1,0,87.89,2,HARDER
6,38.46,94.6,5,5,35.54,4,EASIER
5,64.23,47.0,3,3,58.14,3,EASIER
4,77.11,18.93,2,1,77.96,2,EASIER
4,95.62,44.92,2,0,94.26,2,HARDER
3,76.64,15.65,1,1,74.98,1,SAME
4,81.09,47.71,1,1,70.91,2,SAME
5,66.59,26.85,1,1,64.13,3,SAME
3,83.51,26.98,1,1,82.76,1,SAME
3,83.19,12.43,2,1,81.94,1,SAME
6,62.8,116.41,4,3,59.87,4,EASIER
5,61.31,47.74,4,3,59.09,3,EASIER
3,79.48,20.1,1,2,74.3,1,SAME
6,47.55,147.3,3,3,47.67,4,EASIER
6,54.68,69.37,5,4,43.64,4,EASIER
3,83.47,26.26,1,0,84.41,1,SAME
4,85.49,34.61,1,0,77.19,2,HARDER
4,73.68,48.23,3,2,74.94,2,SAME
6,62.86,141.04,1,2,57.74,4,HARDER
3,72.06,36.26,2,2,74.1,1,SAME
7,58.77,86.85,2,2,50.05,5,SAME
4,100.0,67.08,1,0,100.0,2,SAME
3,63.87,16.63,4,2,60.41,1,EASIER
7,50.11,74.73,2,3,44.16,5,EASIER
3,98.16,23.62,1,1,95.7,1,HARDER
3,100.0,39.83,1,0,100.0,1,SAME
7,53.65,59.19,1,2,45.72,5,HARDER
5,61.42,90.17,1,2,60.45,3,SAME
5,78.76,56.45,2,1,80.21,3,SAME
6,79.01,65.44,1,2,75.85,4,EASIER
6,47.21,145.12,2,3,41.56,4,EASIER
6,59.73,54.02,2,3,54.97,4,EASIER
3,66.73,69.13,2,2,62.44,1,EASIER
5,72.96,53.14,1,1,68.18,3,SAME
4,66.6,40.77,3,2,65.3,2,SAME
7,33.65,259.66,5,5,28.29,5,EASIER
5,90.04,63.28,1,0,89.44,3,HARDER
3,87.55,42.43,1,1,85.15,1,SAME
7,58.53,38.63,4,3,55.41,5,EASIER
4,94.55,30.86,1,0,94.89,2,HARDER
4,54.86,45.79,3,3,47.62,2,EASIER
7,40.27,201.92,5,3,29.65,5,EASIER
6,61.67,122.36,3,2,58.05,4,SAME
7,80.15,161.89,1,1,77.09,5,SAME
6,68.1,142.38,1,1,62.89,4,SAME
7,72.86,145.09,2,1,74.55,5,SAME
3,70.94,9.63,1,0,66.79,1,SAME
5,53.29,118.43,3,3,46.41,3,EASIER
4,62.21,25.63,1,2,61.96,2,SAME
4,73.13,44.04,2,2,72.76,2,SAME
4,78.56,41.37,2,0,72.96,2,SAME
4,83.65,38.85,1,1,81.82,2,SAME
5,73.24,33.55,3,2,68.07,3,SAME
7,69.26,38.94,4,2,71.81,5,EASIER
6,59.05,48.69,2,2,61.47,4,SAME
4,89.55,56.03,2,1,85.97,2,SAME
5,84.82,28.34,1,1,81.43,3,SAME
5,74.1,37.51,2,1,72.8,3,SAME
4,71.76,46.25,4,3,70.43,2,EASIER
5,59.25,34.88,3,3,56.61,3,EASIER
6,81.62,61.83,1,2,75.32,4,SAME
4,68.01,39.49,1,2,68.26,2,SAME
5,50.05,66.71,5,5,41.56,3,EASIER
6,52.64,47.57,3,4,42.93,4,EASIER
5,100.0,62.19,1,0,100.0,3,HARDER
4,64.53,45.83,2,3,63.92,2,EASIER
5,82.43,30.88,1,0,79.05,3,SAME
6,55.14,91.69,5,3,52.74,4,EASIER
4,77.84,27.13,1,1,80.25,2,SAME
5,77.13,61.67,1,2,77.2,3,SAME
6,61.43,119.43,1,2,56.63,4,SAME
4,79.24,34.98,1,1,74.63,2,SAME
4,93.95,58.38,2,1,91.03,2,SAME
7,23.43,172.34,3,4,15.6,5,EASIER
4,78.44,58.22,2,1,68.66,2,SAME
5,53.06,70.81,1,2,51.23,3,EASIER
3,92.24,40.8,2,1,86.89,1,SAME
7,35.71,138.15,4,4,28.57,5,EASIER
5,51.05,25.41,2,2,50.55,3,EASIER
6,54.41,54.32,3,2,54.11,4,EASIER
6,56.75,73.47,1,2,55.89,4,SAME
4,80.96,36.47,3,1,82.26,2,SAME
4,94.93,44.96,1,0,97.58,2,HARDER
6,36.47,53.9,4,4,33.64,4,EASIER
7,47.0,300.0,2,2,43.31,5,EASIER
3,82.94,23.89,1,0,82.24,1,SAME
7,59.87,111.53,1,1,53.24,5,SAME
7,56.97,77.71,5,4,50.27,5,EASIER
3,85.92,16.0,1,1,79.54,1,HARDER
3,100.0,23.63,1,0,97.06,1,HARDER
6,61.41,83.18,5,3,61.56,4,EASIER
7,52.6,106.82,2,3,44.94,5,EASIER
4,69.64,82.72,3,3,66.19,2,EASIER
6,43.92,76.79,4,3,34.01,4,EASIER
7,42.32,106.88,4,4,40.76,5,EASIER
4,89.98,55.74,1,0,94.32,2,SAME
4,62.23,35.06,4,3,52.98,2,EASIER
7,50.43,150.27,3,3,49.31,5,EASIER
4,76.53,20.83,1,1,72.85,2,SAME
5,53.31,30.91,3,2,46.97,3,EASIER
5,72.85,61.61,1,2,68.64,3,SAME
5,78.76,51.72,1,1,76.89,3,SAME
4,91.4,25.98,2,1,94.04,2,HARDER
6,53.76,87.36,3,3,48.4,4,EASIER
6,66.96,91.42,2,2,65.5,4,SAME
4,66.85,27.22,2,2,64.51,2,SAME
5,58.65,44.86,5,3,52.13,3,EASIER
3,85.71,27.53,1,1,81.07,1,HARDER
4,81.76,23.52,1,1,83.0,2,EASIER
7,56.87,80.58,2,2,61.02,5,SAME
5,41.81,75.55,5,4,34.81,3,EASIER
6,57.99,80.99,1,1,53.57,4,HARDER
7,61.21,86.35,2,2,57.81,5,SAME
6,52.18,51.27,5,3,50.92,4,EASIER
6,41.52,48.42,3,4,34.13,4,EASIER
6,72.93,76.57,1,2,67.03,4,SAME
5,43.76,158.1,5,4,36.76,3,EASIER
6,63.98,110.05,1,2,60.54,4,SAME
4,73.17,20.31,2,2,69.81,2,SAME
7,63.75,164.67,2,1,65.48,5,SAME
3,100.0,17.84,2,1,100.0,1,HARDER
7,70.48,111.7,2,1,69.35,5,SAME
7,48.13,81.25,4,3,38.22,5,EASIER
3,100.0,61.5,1,0,93.14,1,EASIER
6,68.37,45.47,2,1,66.46,4,SAME
7,25.95,132.88,5,5,18.25,5,EASIER
5,67.16,41.31,3,1,67.98,3,SAME
4,68.1,53.78,1,1,71.9,2,SAME
7,39.41,131.42,3,3,34.07,5,EASIER
5,76.48,107.93,2,2,71.65,3,SAME
3,87.27,34.41,1,1,81.56,1,SAME
4,60.99,27.43,3,2,61.5,2,SAME
6,46.02,300.0,1,2,41.53,4,EASIER
5,62.17,76.35,1,1,60.1,3,SAME
4,80.62,29.33,2,1,81.3,2,SAME
6,36.62,91.25,5,5,25.34,4,EASIER
3,86.7,33.1,1,0,83.78,1,HARDER
4,87.61,50.21,1,1,84.5,2,HARDER
5,65.48,74.14,3,2,58.95,3,SAME
3,54.9,38.43,4,3,45.84,1,EASIER
4,62.81,57.15,2,1,61.81,2,SAME
7,48.24,70.57,3,3,44.94,5,EASIER
7,48.12,300.0,2,2,46.8,5,EASIER
7,12.61,300.0,5,5,8.21,5,EASIER
4,69.79,55.37,2,2,70.19,2,SAME
3,84.52,25.43,2,2,80.96,1,SAME
7,36.08,115.46,5,4,30.88,5,EASIER
4,69.44,32.64,3,2,68.76,2,SAME
6,74.23,74.12,1,1,73.24,4,SAME
3,80.03,9.45,1,2,80.0,1,SAME
6,78.68,181.72,1,1,74.61,4,EASIER
5,49.03,103.88,4,3,45.0,3,EASIER
7,67.49,44.91,3,2,70.11,5,SAME
3,58.09,37.15,2,2,52.59,1,SAME
5,58.37,57.78,1,3,51.16,3,EASIER
7,55.09,100.49,2,3,49.97,5,EASIER
4,94.22,47.91,1,1,94.62,2,HARDER
6,44.57,33.13,5,4,31.99,4,EASIER
3,88.82,24.88,1,1,82.91,1,HARDER
6,51.86,85.46,4,3,52.86,4,EASIER
4,83.65,39.46,1,0,88.5,2,SAME
5,98.59,29.47,1,0,100.0,3,HARDER
7,54.87,142.89,1,2,54.54,5,EASIER
6,79.2,142.28,1,2,75.66,4,SAME
5,60.82,70.96,2,3,55.95,3,EASIER
3,86.77,22.58,1,1,84.56,1,HARDER
4,58.6,134.48,2,3,51.41,2,EASIER
7,72.38,67.67,1,1,67.4,5,SAME
4,68.01,54.66,5,3,64.47,2,EASIER
6,67.2,93.06,1,1,62.43,4,SAME
5,61.08,157.05,3,2,56.56,3,EASIER
4,70.8,45.57,3,2,68.11,2,SAME
6,46.13,112.09,5,4,36.12,4,EASIER
4,89.19,48.2,2,0,93.66,2,HARDER
4,64.43,23.11,2,1,60.88,2,SAME
5,58.38,37.73,2,3,54.09,3,EASIER
6,49.94,71.05,3,4,45.34,4,EASIER
7,24.02,188.72,5,5,20.38,5,EASIER
6,64.46,92.57,2,2,65.06,4,SAME
6,56.13,73.64,3,3,54.74,4,EASIER
6,32.97,167.38,5,6,21.26,4,EASIER
4,83.19,14.97,1,1,79.78,2,SAME
4,79.44,20.67,2,2,72.9,2,SAME
5,68.56,16.85,1,1,68.76,3,SAME
6,33.98,153.71,2,3,27.48,4,EASIER
6,46.04,77.98,3,2,38.86,4,EASIER
3,100.0,38.43,1,0,95.0,1,SAME
6,41.52,77.47,1,3,40.89,4,EASIER
4,80.6,61.47,3,2,70.0,2,SAME
7,49.76,104.52,2,3,51.94,5,EASIER
6,70.81,101.48,2,2,70.79,4,SAME
7,50.38,129.3,1,3,43.29,5,EASIER
6,13.16,97.74,5,5,4.77,4,EASIER
5,61.51,133.54,1,2,58.8,3,EASIER
3,81.55,12.13,2,2,78.58,1,SAME
4,88.26,36.8,1,1,85.68,2,HARDER
7,39.43,124.76,2,3,34.37,5,EASIER
4,88.08,38.87,1,1,90.55,2,HARDER
3,90.3,20.94,1,0,93.88,1,HARDER
4,63.21,29.56,3,3,61.9,2,EASIER
5,66.03,123.69,2,2,65.9,3,EASIER
6,70.98,79.04,1,2,65.37,4,SAME
7,39.75,300.0,3,3,32.82,5,EASIER
7,48.22,149.37,3,3,43.28,5,EASIER
5,64.16,50.25,3,2,60.82,3,SAME
5,83.3,76.25,3,1,79.85,3,SAME
7,27.05,118.85,3,4,22.73,5,EASIER
3,60.03,45.43,3,3,57.54,1,EASIER
5,81.99,32.54,2,1,76.71,3,SAME
5,60.87,23.78,1,2,60.87,3,SAME
6,71.51,98.93,2,1,70.26,4,SAME
7,33.35,176.61,5,5,27.47,5,EASIER
6,54.57,95.14,1,1,56.59,4,EASIER
6,78.15,116.33,1,0,80.76,4,SAME
6,67.01,107.76,3,3,64.42,4,EASIER
5,70.34,27.87,2,2,70.4,3,SAME
4,82.48,43.37,1,1,79.84,2,SAME
4,81.67,70.56,3,2,81.64,2,SAME
6,50.7,89.66,1,3,43.16,4,EASIER
6,63.64,41.49,3,2,59.35,4,SAME
4,68.14,32.48,1,1,61.23,2,SAME
7,45.21,151.7,4,5,41.83,5,EASIER
7,25.7,298.01,4,5,17.68,5,EASIER
6,69.63,29.65,1,1,66.39,4,SAME
4,87.55,45.03,3,1,86.54,2,SAME
7,31.78,67.39,3,3,27.53,5,EASIER
4,77.09,48.24,3,3,66.4,2,EASIER
5,74.65,77.59,1,1,74.0,3,SAME
7,43.1,98.64,4,4,41.33,5,EASIER
5,56.74,79.29,5,4,51.56,3,EASIER
4,83.73,64.93,2,0,82.42,2,SAME
3,82.85,23.23,3,1,80.77,1,SAME
4,74.43,20.27,1,1,73.27,2,SAME
6,55.59,172.09,3,2,54.48,4,EASIER
6,67.84,126.17,2,2,65.63,4,SAME
4,88.61,49.53,1,1,83.1,2,HARDER
3,89.95,18.38,2,1,88.27,1,HARDER
6,59.67,136.89,2,2,59.35,4,SAME
3,53.26,62.04,4,2,50.86,1,EASIER
3,78.55,23.69,2,1,72.26,1,SAME
5,50.64,60.78,4,3,45.28,3,EASIER
5,70.32,34.23,2,1,66.57,3,SAME
4,65.62,27.1,3,1,64.05,2,SAME
4,100.0,22.93,1,0,100.0,2,HARDER
4,81.82,40.41,2,1,79.71,2,SAME
4,83.37,32.38,1,1,80.48,2,SAME
3,92.76,29.51,1,1,95.35,1,HARDER
3,94.68,16.81,1,0,93.05,1,HARDER
4,93.88,35.12,3,2,90.83,2,SAME
3,94.98,16.36,1,1,88.07,1,HARDER
4,51.31,41.5,5,4,48.28,2,EASIER
5,44.75,25.85,4,4,37.65,3,EASIER
3,92.39,26.74,1,0,89.94,1,HARDER
6,92.58,70.94,1,0,88.41,4,HARDER
6,53.65,90.09,3,3,48.62,4,EASIER
5,52.74,25.6,3,1,55.35,3,EASIER
6,71.27,115.26,2,3,68.99,4,EASIER
7,50.34,95.17,3,3,45.21,5,EASIER
3,57.86,27.54,3,3,51.51,1,EASIER
3,92.31,10.88,1,0,96.49,1,HARDER
4,96.56,21.19,1,1,92.47,2,HARDER
6,25.9,66.94,4,4,20.38,4,EASIER
7,53.9,237.02,2,3,48.98,5,EASIER
7,18.26,149.29,5,6,13.96,5,EASIER
5,67.46,61.85,2,1,65.52,3,SAME
5,64.79,36.7,2,2,68.92,3,SAME
5,61.23,33.54,5,3,57.57,3,EASIER
3,100.0,28.28,1,0,96.15,1,HARDER
5,60.19,82.05,1,2,60.27,3,SAME
5,54.6,64.32,1,2,56.1,3,EASIER
4,35.59,84.87,5,4,30.25,2,EASIER
6,74.68,57.5,1,1,75.79,4,SAME
7,36.98,123.5,1,3,38.71,5,EASIER
4,76.92,17.15,1,1,77.42,2,SAME
7,58.14,125.65,3,3,48.98,5,EASIER
3,94.74,48.07,1,0,91.88,1,SAME
7,37.34,63.49,2,2,34.34,5,EASIER
6,61.57,127.06,2,2,57.86,4,SAME
4,63.52,74.8,2,2,58.1,2,SAME
6,55.9,57.29,2,3,55.14,4,EASIER
4,69.96,47.33,2,2,65.96,2,SAME
6,42.64,186.44,3,3,44.49,4,EASIER
3,74.84,27.7,3,2,71.01,1,SAME
4,67.53,55.0,2,3,65.14,2,EASIER
4,69.33,16.51,2,2,71.29,2,SAME
3,99.21,32.61,1,0,100.0,1,HARDER
4,62.21,48.46,4,4,57.6,2,EASIER
6,37.0,41.14,4,4,34.06,4,EASIER
6,57.11,49.66,3,1,59.0,4,SAME
5,52.03,78.21,2,2,50.37,3,EASIER
3,91.26,21.85,1,0,92.82,1,HARDER
4,60.08,64.08,5,4,57.34,2,EASIER
7,70.22,132.67,1,2,66.84,5,SAME
4,88.56,39.02,1,0,86.14,2,HARDER
3,78.1,23.17,1,1,82.49,1,SAME
5,70.05,67.04,1,2,67.1,3,SAME
3,100.0,35.74,1,0,97.41,1,SAME
4,72.67,48.84,2,2,71.22,2,SAME
7,62.05,88.94,1,2,54.07,5,SAME
4,89.05,68.04,1,1,89.36,2,SAME
6,69.91,115.44,3,3,64.73,4,EASIER
5,61.19,70.18,3,2,52.37,3,SAME
4,72.57,39.67,2,1,71.29,2,SAME
6,60.9,106.35,5,3,53.61,4,EASIER
5,98.63,23.42,1,0,99.31,3,HARDER
4,84.05,42.56,1,2,80.13,2,SAME
4,80.68,82.14,1,1,76.5,2,EASIER
7,71.84,126.27,1,2,70.32,5,HARDER
3,80.74,25.95,3,1,74.8,1,SAME
7,63.31,80.94,1,1,59.26,5,SAME
5,76.83,74.02,2,1,75.57,3,SAME
7,55.88,100.7,1,2,52.75,5,SAME
4,93.66,70.31,1,0,92.18,2,SAME
5,70.3,37.82,3,2,64.67,3,SAME
6,60.99,64.81,3,3,53.79,4,EASIER
4,75.81,28.65,2,2,74.64,2,SAME
4,73.01,90.0,1,1,71.98,2,HARDER
5,57.58,52.8,1,3,55.95,3,EASIER
6,36.61,61.67,3,3,27.85,4,EASIER
4,65.6,14.23,1,2,64.47,2,SAME
6,76.45,51.05,2,1,74.88,4,SAME
6,39.7,107.9,4,4,32.78,4,EASIER
3,76.17,31.56,1,1,75.05,1,SAME
7,55.0,78.54,2,3,51.15,5,EASIER
3,58.54,19.18,4,4,52.63,1,EASIER
6,26.98,215.69,5,4,17.42,4,EASIER
5,70.12,220.34,1,2,65.07,3,EASIER
6,40.01,149.1,4,4,34.91,4,EASIER
6,51.19,184.48,2,2,48.45,4,EASIER
6,38.86,206.0,4,5,28.92,4,EASIER
6,33.43,259.38,2,3,31.56,4,EASIER
7,38.18,95.01,5,3,33.79,5,EASIER
6,64.69,51.94,4,2,62.83,4,EASIER
7,36.93,300.0,2,4,35.22,5,EASIER
5,78.08,35.99,1,0,79.03,3,SAME
4,74.79,23.43,1,1,72.05,2,SAME
4,76.06,23.69,1,1,69.26,2,SAME
6,73.82,76.58,2,2,67.22,4,SAME
5,78.77,21.72,1,1,73.24,3,SAME
3,90.29,13.21,2,1,84.1,1,HARDER
4,79.94,28.36,2,2,76.71,2,SAME
7,61.28,58.37,1,2,51.33,5,SAME
6,78.5,142.48,1,0,77.97,4,SAME
6,50.34,82.28,1,2,47.21,4,EASIER
3,80.52,32.32,1,1,79.71,1,SAME
3,85.36,30.78,1,0,86.94,1,HARDER
4,84.5,34.48,1,1,83.98,2,SAME
7,53.33,191.91,1,2,52.14,5,EASIER
5,78.14,72.55,1,1,74.09,3,HARDER
6,78.06,69.49,2,2,73.29,4,SAME
5,36.34,25.2,5,5,37.68,3,EASIER
5,71.4,75.05,4,2,71.13,3,EASIER
6,60.6,42.56,2,3,59.18,4,EASIER
7,49.07,137.79,3,2,41.33,5,EASIER
5,70.08,60.31,2,1,72.13,3,SAME
5,80.07,29.58,1,1,72.87,3,SAME
7,46.88,128.94,5,4,35.67,5,EASIER
4,71.08,41.58,1,1,72.04,2,SAME
7,47.09,124.55,2,2,48.77,5,EASIER
5,62.55,62.38,4,2,55.84,3,EASIER
7,47.18,78.49,2,3,39.1,5,EASIER
5,47.86,77.73,2,3,41.71,3,EASIER
6,56.11,57.35,4,3,44.06,4,EASIER
4,75.52,22.93,1,1,74.59,2,SAME
6,48.92,116.46,5,4,44.5,4,HARDER
4,77.39,59.01,1,1,73.69,2,SAME
6,66.12,112.39,3,2,56.11,4,SAME
6,72.8,73.62,1,1,68.98,4,SAME
5,62.32,22.21,2,1,64.78,3,SAME
5,58.5,120.77,1,2,57.86,3,EASIER
4,74.44,15.16,2,2,71.27,2,SAME
6,54.28,111.22,3,3,49.42,4,EASIER
5,54.4,164.85,2,2,50.33,3,EASIER
5,41.42,62.45,4,4,37.92,3,EASIER
3,73.21,28.46,3,2,72.44,1,SAME
3,99.53,29.6,2,0,95.38,1,HARDER
3,85.54,27.3,2,1,83.17,1,SAME
7,40.84,300.0,1,3,34.94,5,EASIER
7,57.61,70.74,2,3,56.5,5,EASIER
3,96.92,16.25,1,0,100.0,1,HARDER
3,79.81,21.61,1,1,75.89,1,SAME
6,57.51,202.75,1,2,56.05,4,EASIER
5,75.38,43.59,1,0,77.36,3,SAME
4,71.9,46.52,2,1,70.09,2,SAME
6,51.55,143.11,1,2,48.66,4,EASIER
4,89.93,54.8,1,0,93.97,2,SAME
3,58.69,39.33,2,2,54.15,1,SAME
4,73.87,74.0,1,1,76.0,2,SAME
7,46.37,132.49,2,2,46.64,5,EASIER
6,42.85,64.65,4,4,37.56,4,EASIER
3,100.0,26.69,1,0,97.53,1,HARDER
5,73.6,49.04,1,1,73.62,3,SAME
7,38.68,300.0,4,3,35.03,5,EASIER
7,43.47,83.78,4,3,33.95,5,EASIER
6,59.05,105.42,3,1,59.33,4,SAME
3,86.75,12.82,1,1,83.24,1,HARDER
4,84.76,40.45,2,2,83.23,2,SAME
4,77.23,33.2,1,1,79.81,2,SAME
3,84.4,33.77,1,1,77.36,1,EASIER
3,76.55,34.16,2,1,71.82,1,SAME
4,69.62,73.96,1,1,64.45,2,SAME
5,65.41,112.45,2,2,59.42,3,SAME
4,79.55,36.83,3,1,78.42,2,SAME
5,66.28,36.34,2,1,63.46,3,SAME
4,75.21,25.76,1,0,70.52,2,SAME
3,100.0,28.61,2,0,95.03,1,HARDER
7,29.91,122.06,5,4,16.49,5,EASIER
5,84.41,65.9,1,0,86.19,3,SAME
4,77.05,29.55,2,1,73.34,2,SAME
7,64.18,245.13,1,2,57.26,5,EASIER
7,41.43,50.19,4,3,34.6,5,EASIER
7,55.47,81.18,2,2,52.32,5,SAME
3,82.37,15.48,2,1,79.01,1,SAME
6,53.19,73.56,3,4,49.69,4,EASIER
7,47.97,220.94,2,2,45.86,5,EASIER
7,26.53,95.74,5,5,18.01,5,EASIER
4,68.3,39.86,4,3,60.21,2,EASIER
7,81.93,160.86,2,1,83.54,5,SAME
5,66.72,49.13,1,1,67.19,3,SAME
5,72.51,70.09,2,2,63.27,3,SAME
5,76.56,65.67,1,2,76.04,3,SAME
6,57.55,45.54,1,2,56.07,4,SAME
3,98.59,20.33,1,0,99.88,1,HARDER
5,71.23,69.13,1,1,71.76,3,SAME
7,32.37,225.27,3,4,27.09,5,EASIER
5,87.93,109.36,1,2,89.34,3,SAME
4,75.15,101.74,1,1,72.9,2,EASIER
3,88.36,31.03,3,2,76.2,1,SAME
5,82.94,47.27,1,1,82.82,3,SAME
6,71.05,79.32,1,0,73.9,4,SAME
5,77.0,54.82,2,2,73.94,3,SAME
7,50.65,89.68,4,3,44.25,5,EASIER
6,45.63,100.07,4,4,42.61,4,HARDER
5,71.85,71.74,1,1,71.04,3,SAME
3,92.43,14.83,2,1,84.89,1,HARDER
5,97.25,99.39,2,1,94.65,3,SAME
3,72.17,11.04,1,1,66.85,1,SAME
6,50.74,73.04,2,2,47.88,4,EASIER
3,78.07,41.69,1,1,73.73,1,SAME
7,34.91,155.95,4,4,33.7,5,EASIER
4,66.28,32.13,2,1,58.82,2,SAME
5,69.08,153.7,2,1,74.13,3,EASIER
3,67.07,20.55,2,3,69.55,1,EASIER
4,79.3,14.83,1,1,75.63,2,SAME
7,34.04,143.34,4,4,25.92,5,EASIER
4,94.94,16.47,1,0,96.95,2,HARDER
5,76.46,38.43,1,2,77.25,3,SAME
7,30.65,157.26,3,4,21.9,5,EASIER
6,73.26,64.53,1,1,70.21,4,SAME
3,79.22,32.37,1,0,83.87,1,SAME
4,70.88,22.05,1,1,71.36,2,SAME
4,87.68,56.89,2,0,87.16,2,SAME
4,58.26,17.16,4,3,53.02,2,EASIER
4,79.79,70.62,2,1,83.56,2,SAME
5,57.76,45.84,3,2,53.92,3,SAME
4,69.51,78.04,3,2,63.95,2,EASIER
4,85.39,25.6,3,2,83.17,2,SAME
5,71.68,150.39,1,1,72.21,3,EASIER
4,80.03,24.23,1,1,75.51,2,SAME
4,62.5,16.35,2,2,60.05,2,SAME
5,58.68,59.25,5,3,54.02,3,EASIER
7,31.7,219.43,5,4,26.99,5,EASIER
5,78.35,85.79,1,2,78.92,3,SAME
5,51.51,103.14,4,4,46.36,3,EASIER
7,70.38,174.2,1,1,71.42,5,SAME
6,58.18,53.53,2,2,53.0,4,SAME
4,74.74,54.48,3,1,73.57,2,SAME
4,100.0,39.69,1,1,95.43,2,HARDER
5,63.89,40.82,3,3,55.96,3,EASIER
5,72.86,63.38,1,2,72.2,3,SAME
3,62.89,24.38,4,3,58.13,1,EASIER
3,82.0,46.95,1,1,82.2,1,SAME
4,77.4,29.83,2,0,76.67,2,SAME
7,81.2,82.47,1,1,76.94,5,SAME
6,74.76,57.02,1,2,78.57,4,SAME
7,43.21,300.0,2,4,34.41,5,EASIER
3,91.6,18.78,1,0,90.58,1,HARDER
5,55.76,110.21,1,1,60.77,3,SAME
5,75.93,34.81,1,1,73.8,3,SAME
5,44.49,74.53,4,4,37.59,3,EASIER
5,92.91,66.05,1,0,91.99,3,HARDER
4,65.02,67.85,2,2,56.5,2,SAME
3,67.07,40.58,2,2,61.58,1,SAME
7,22.65,117.11,4,4,18.93,5,EASIER
7,47.48,83.58,2,2,42.46,5,EASIER
3,55.93,51.52,1,2,46.5,1,EASIER
5,79.05,42.32,1,0,74.85,3,SAME
5,79.58,18.88,1,0,81.1,3,SAME
6,51.02,31.2,2,4,44.53,4,EASIER
7,58.49,46.45,3,3,60.52,5,EASIER
5,59.57,77.89,3,3,50.8,3,EASIER
6,33.12,259.37,4,4,27.13,4,EASIER
7,51.54,36.85,4,3,45.36,5,EASIER
7,75.44,73.11,1,0,74.71,5,SAME
4,65.67,39.62,2,2,58.03,2,SAME
7,35.33,260.03,1,3,28.16,5,EASIER
5,51.82,39.27,4,4,49.21,3,EASIER
3,100.0,32.52,1,0,99.21,1,HARDER
6,47.49,72.0,3,3,46.38,4,SAME
7,44.61,300.0,3,3,38.99,5,EASIER
4,66.07,40.67,2,3,62.96,2,EASIER
5,67.42,69.17,2,1,64.38,3,SAME
4,56.55,39.54,4,3,51.38,2,EASIER
3,94.53,20.79,1,0,91.54,1,HARDER
7,37.55,187.95,4,4,31.86,5,EASIER
3,80.16,14.93,1,1,83.94,1,SAME
5,71.69,21.53,1,1,70.66,3,SAME
3,78.27,23.38,1,1,81.56,1,SAME
6,69.06,125.31,1,2,67.98,4,SAME
7,44.81,81.61,2,3,40.65,5,EASIER
6,70.38,90.35,1,2,64.16,4,SAME
6,53.37,43.47,4,4,45.93,4,EASIER
7,49.23,199.87,3,3,47.34,5,EASIER
7,66.58,159.78,1,2,59.61,5,SAME
7,52.6,113.21,3,3,47.13,5,EASIER
4,50.85,41.14,4,3,48.37,2,EASIER
5,67.46,29.1,1,3,63.54,3,EASIER
7,46.41,53.7,2,3,50.63,5,EASIER
4,69.28,35.88,3,2,68.05,2,SAME
6,79.99,107.11,1,0,80.05,4,SAME
3,67.76,32.14,3,1,64.64,1,SAME
7,31.6,91.9,5,5,22.44,5,EASIER
6,73.1,120.82,2,1,70.22,4,SAME
6,40.75,171.66,2,3,37.38,4,EASIER
7,51.73,106.72,5,4,54.05,5,EASIER
4,90.37,43.95,1,0,89.74,2,HARDER
5,69.3,52.33,1,3,64.95,3,EASIER
7,59.25,104.55,1,1,56.97,5,SAME
3,100.0,26.96,2,1,97.46,1,HARDER
7,29.79,283.38,3,5,17.6,5,EASIER
4,76.25,58.43,3,2,71.01,2,SAME
5,97.1,87.26,1,1,93.85,3,SAME
5,69.54,46.33,2,1,72.82,3,SAME
6,55.9,51.4,3,3,47.54,4,EASIER
7,78.19,138.49,2,2,75.42,5,SAME
4,55.61,68.18,3,3,53.1,2,EASIER
3,87.49,53.83,1,0,88.1,1,EASIER
5,81.69,17.23,1,1,76.87,3,SAME
6,36.18,292.61,1,3,31.29,4,EASIER
6,34.63,101.86,4,4,20.39,4,EASIER
6,45.75,131.55,3,4,42.84,4,EASIER
4,74.49,16.77,3,2,72.81,2,SAME
7,43.67,98.43,3,3,35.84,5,EASIER
3,74.16,36.05,3,2,74.27,1,SAME
3,98.6,14.82,1,0,97.94,1,HARDER
3,82.62,8.0,3,1,82.12,1,SAME
7,10.65,134.47,5,5,3.22,5,EASIER
3,92.0,24.45,1,0,90.77,1,HARDER
6,68.71,173.51,1,2,63.63,4,EASIER
7,34.1,102.65,5,5,30.37,5,EASIER
6,68.78,78.38,2,2,65.4,4,SAME
7,46.32,163.81,4,4,38.48,5,EASIER
3,92.4,39.6,1,0,91.51,1,SAME
5,75.94,40.84,1,2,73.9,3,SAME
5,77.0,92.57,1,0,77.52,3,SAME
6,37.4,62.52,2,3,35.61,4,EASIER
6,78.46,82.71,2,2,76.69,4,SAME
5,75.73,80.84,3,3,71.74,3,EASIER
4,89.29,56.53,2,1,88.97,2,SAME
3,91.11,28.8,1,1,91.62,1,HARDER
5,83.29,33.97,1,1,77.45,3,SAME
4,85.54,15.78,1,0,84.45,2,HARDER
5,80.55,52.85,1,2,73.43,3,SAME
6,66.74,135.88,3,1,62.81,4,HARDER
5,42.37,72.46,3,4,35.82,3,EASIER
5,81.24,65.38,1,1,79.05,3,SAME
3,80.83,24.92,1,1,78.05,1,SAME
6,56.18,96.3,1,3,50.27,4,EASIER
5,47.6,35.46,5,4,37.87,3,EASIER
3,75.39,35.38,1,1,71.1,1,SAME
4,54.71,56.56,3,2,45.69,2,EASIER
6,37.72,68.17,3,3,31.2,4,EASIER
7,27.29,142.12,5,5,19.07,5,EASIER
5,68.85,24.8,3,2,65.14,3,SAME
7,57.16,123.55,3,3,54.97,5,EASIER
3,100.0,23.56,1,0,100.0,1,HARDER
4,77.09,68.68,1,1,74.52,2,SAME
7,71.77,100.51,1,2,67.37,5,SAME
3,63.04,36.8,5,3,63.2,1,EASIER
6,64.66,66.91,2,2,61.39,4,SAME
4,81.11,12.98,2,2,76.89,2,SAME
4,92.81,34.18,1,0,93.47,2,HARDER
5,74.78,63.93,2,1,76.14,3,SAME
4,79.42,40.79,1,1,79.64,2,SAME
7,68.58,122.6,1,1,68.31,5,SAME
7,42.08,84.99,3,3,37.32,5,EASIER
5,83.46,49.41,1,1,80.69,3,SAME
5,71.28,33.21,2,2,75.57,3,SAME
3,69.45,10.28,1,2,59.4,1,SAME
4,82.48,36.15,1,1,79.86,2,SAME
3,93.25,17.94,2,1,92.19,1,HARDER
7,40.43,201.75,3,4,32.9,5,EASIER
4,86.52,13.63,1,1,81.98,2,HARDER
4,57.29,43.57,4,3,50.6,2,EASIER
7,37.95,300.0,2,2,33.07,5,EASIER
6,66.43,74.56,3,2,65.52,4,SAME
6,44.26,81.88,4,3,39.37,4,EASIER
3,76.92,30.22,1,1,74.2,1,SAME
5,44.7,74.45,2,3,41.11,3,EASIER
5,68.62,47.38,1,2,60.3,3,SAME
4,71.91,23.66,1,1,68.94,2,SAME
6,51.0,115.14,1,4,42.35,4,EASIER
7,30.19,39.59,4,5,21.58,5,EASIER
4,71.65,56.19,1,1,66.4,2,SAME
4,72.36,31.61,1,1,73.24,2,SAME
4,99.21,38.06,1,0,96.33,2,HARDER
7,23.85,84.1,4,5,12.04,5,EASIER
3,94.57,47.26,1,1,91.58,1,SAME
7,53.59,128.28,3,3,47.71,5,EASIER
6,76.76,69.37,1,0,77.53,4,SAME
5,76.47,48.78,1,1,78.92,3,SAME
5,76.92,53.9,3,1,75.35,3,SAME
7,33.97,300.0,3,4,29.44,5,EASIER
6,53.68,41.34,3,2,48.55,4,EASIER
4,73.81,63.21,4,2,66.74,2,EASIER
3,73.51,32.19,3,1,73.38,1,SAME
6,23.45,182.62,4,5,20.71,4,EASIER
3,94.86,33.08,1,1,91.93,1,HARDER
3,100.0,25.04,1,0,99.02,1,HARDER
7,31.56,195.28,5,5,26.53,5,EASIER
5,65.46,64.99,2,3,62.86,3,EASIER
6,62.72,121.42,2,2,58.23,4,SAME
4,88.6,74.35,1,1,90.6,2,SAME
3,71.56,26.05,2,1,67.3,1,SAME
3,67.55,20.7,1,2,64.8,1,SAME
4,82.49,28.08,1,1,77.46,2,SAME
3,100.0,30.55,1,0,99.9,1,HARDER
5,64.5,37.55,1,2,62.85,3,SAME
4,55.92,32.24,3,3,49.82,2,EASIER
5,72.23,35.93,2,2,68.61,3,SAME
5,52.12,74.59,4,2,49.47,3,EASIER
4,69.38,26.68,2,1,68.61,2,SAME
5,68.8,30.68,4,2,63.9,3,EASIER
3,68.61,15.25,3,1,72.0,1,SAME
4,87.95,29.05,1,1,86.49,2,HARDER
7,58.24,86.21,3,3,55.05,5,EASIER
7,38.4,128.45,4,4,28.42,5,EASIER
5,86.26,53.54,1,0,87.09,3,HARDER
7,68.35,137.05,1,1,63.41,5,SAME
5,63.86,72.49,3,2,63.78,3,SAME
3,71.1,34.76,3,1,70.24,1,SAME
7,71.75,39.6,2,2,66.76,5,SAME
5,86.98,33.2,1,1,85.11,3,HARDER
6,54.93,109.43,4,3,52.65,4,EASIER
6,69.87,91.53,1,1,68.0,4,SAME
4,55.3,60.14,4,3,49.36,2,EASIER
6,48.72,36.74,1,2,47.1,4,EASIER
5,82.76,45.84,1,1,81.21,3,HARDER
4,80.33,33.06,1,1,82.75,2,SAME
4,86.19,41.09,1,1,89.25,2,HARDER
6,97.02,83.54,1,0,92.65,4,HARDER
4,90.01,47.37,2,1,87.52,2,HARDER
3,94.92,23.76,1,0,100.0,1,HARDER
7,23.92,236.61,5,5,18.07,5,EASIER
4,88.9,84.14,1,1,89.89,2,EASIER
6,72.96,45.85,2,0,73.85,4,SAME
6,51.58,83.95,3,3,47.93,4,EASIER
7,55.24,173.02,1,2,45.19,5,EASIER
6,56.25,111.17,3,3,53.45,4,SAME
6,61.68,66.33,1,0,66.36,4,SAME
7,33.11,128.69,4,5,22.19,5,EASIER
7,36.6,47.25,3,3,29.73,5,EASIER
3,100.0,24.79,1,0,99.66,1,HARDER
6,41.17,38.37,3,4,30.16,4,EASIER
3,75.06,31.34,1,2,70.82,1,SAME
7,9.89,60.97,5,6,0.0,5,EASIER
3,96.65,26.88,1,0,98.03,1,HARDER
4,73.09,44.15,1,1,72.13,2,SAME
3,98.26,25.86,1,0,97.24,1,HARDER
6,62.46,59.03,2,2,58.06,4,SAME
3,97.0,22.77,2,0,97.24,1,SAME
3,79.26,42.29,1,1,80.9,1,SAME
5,70.65,47.01,2,3,64.44,3,EASIER
7,75.12,113.32,1,1,73.75,5,SAME
5,69.36,44.03,4,3,69.01,3,EASIER
5,78.9,96.12,2,1,74.92,3,SAME
6,68.83,85.39,2,1,70.44,4,SAME
5,76.72,39.74,1,0,75.9,3,SAME
4,90.42,38.13,1,1,94.4,2,HARDER
5,62.59,51.48,1,2,51.67,3,SAME
3,77.13,46.46,2,1,73.41,1,SAME
4,92.51,37.21,2,1,91.67,2,HARDER
6,80.15,39.95,1,0,80.81,4,SAME
4,62.78,48.04,2,2,62.19,2,SAME
3,91.44,55.35,1,0,91.0,1,EASIER
3,78.67,42.59,1,1,81.06,1,SAME
7,38.87,61.4,4,3,36.71,5,EASIER
4,100.0,33.49,1,0,97.02,2,HARDER
3,69.98,24.66,1,3,69.0,1,EASIER
6,41.95,81.21,3,3,38.52,4,EASIER
5,77.7,70.04,1,1,78.24,3,EASIER
5,68.17,48.92,3,3,67.86,3,EASIER
7,59.69,68.0,1,2,51.39,5,SAME
4,81.03,59.44,3,3,71.56,2,EASIER
5,74.48,33.26,1,0,76.07,3,SAME
6,72.99,54.03,1,1,64.15,4,SAME
6,70.64,45.57,1,1,68.64,4,SAME
4,80.18,50.67,1,1,79.23,2,SAME
6,77.84,86.67,1,1,75.16,4,SAME
6,50.29,129.82,2,3,49.34,4,EASIER
3,97.22,17.63,2,0,97.8,1,HARDER
3,100.0,14.31,1,0,100.0,1,HARDER
6,80.79,65.1,1,0,77.38,4,SAME
3,100.0,23.05,1,0,100.0,1,HARDER
7,52.55,125.52,3,3,50.16,5,EASIER
3,84.37,11.82,2,1,82.34,1,SAME
7,44.48,145.39,4,4,39.91,5,EASIER
6,51.48,51.51,3,2,48.36,4,EASIER
5,62.06,42.1,3,3,53.33,3,EASIER
4,72.61,65.97,1,1,71.69,2,SAME
4,84.95,13.62,3,2,87.06,2,SAME
6,57.74,96.97,1,3,58.21,4,EASIER
6,45.82,96.78,3,3,38.43,4,EASIER
4,67.67,25.86,3,3,63.45,2,EASIER
5,64.87,46.49,1,1,67.7,3,SAME
7,40.37,217.89,2,3,32.19,5,EASIER
4,75.49,95.6,1,1,74.45,2,SAME
6,52.9,142.65,4,3,45.72,4,EASIER
3,71.45,57.86,1,1,72.96,1,EASIER
7,50.27,76.84,2,3,46.57,5,EASIER
3,93.3,12.38,1,1,89.47,1,HARDER
4,82.51,37.07,2,1,79.72,2,SAME
5,96.26,86.39,2,1,97.99,3,SAME
4,93.09,15.89,2,2,89.52,2,SAME
3,87.17,16.55,4,2,81.52,1,EASIER
6,53.11,53.66,1,3,50.65,4,EASIER
3,93.34,29.3,1,0,94.18,1,HARDER
7,54.74,126.79,3,3,50.09,5,EASIER
3,76.55,17.71,1,2,72.38,1,SAME
4,74.14,41.35,2,2,72.01,2,SAME
7,43.93,60.01,5,4,40.28,5,EASIER
3,99.56,20.68,1,1,95.49,1,HARDER
3,100.0,14.24,1,0,97.87,1,HARDER
6,43.46,75.84,5,3,39.92,4,EASIER
3,84.06,17.51,1,1,82.34,1,SAME
7,65.59,163.16,1,1,64.06,5,SAME
5,72.24,57.25,2,2,67.02,3,SAME
7,68.17,98.98,1,2,67.07,5,SAME
4,59.6,87.23,1,2,54.02,2,EASIER
3,89.71,29.65,1,0,93.06,1,HARDER
7,60.71,91.64,2,2,61.45,5,SAME
6,63.06,60.53,2,2,64.32,4,SAME
7,40.57,58.84,4,4,40.78,5,EASIER
4,75.56,36.84,2,2,71.31,2,SAME
5,45.62,67.54,4,4,43.41,3,EASIER
5,65.49,22.48,4,3,59.14,3,EASIER
5,73.77,29.53,1,2,66.54,3,SAME
4,56.38,29.82,1,2,49.85,2,EASIER
4,70.28,22.68,2,1,66.33,2,SAME
6,61.45,83.87,1,3,52.09,4,EASIER
3,86.26,27.11,1,0,92.31,1,HARDER
4,76.88,35.88,1,1,74.74,2,SAME
4,81.9,49.21,1,0,85.59,2,SAME
3,92.17,19.27,1,1,94.56,1,EASIER
3,74.29,24.49,2,1,70.53,1,SAME
5,70.57,35.3,2,1,69.41,3,SAME
3,97.04,28.38,1,2,89.88,1,SAME
4,79.97,39.38,1,0,81.18,2,SAME
5,77.26,32.05,2,2,75.98,3,SAME
7,77.56,102.92,1,2,79.6,5,SAME
3,72.63,24.58,2,2,69.3,1,SAME
5,72.56,66.66,2,2,72.09,3,SAME
3,100.0,28.8,2,0,98.11,1,HARDER
5,79.65,40.59,1,1,82.94,3,SAME
5,65.78,84.64,1,2,64.81,3,SAME
6,59.33,107.63,3,3,50.65,4,EASIER
5,61.15,40.52,3,3,53.36,3,EASIER
7,42.07,60.08,2,4,36.35,5,EASIER
3,67.13,18.74,4,3,63.31,1,EASIER
3,70.4,12.99,2,2,65.94,1,SAME
3,71.74,27.42,1,2,69.35,1,SAME
4,84.28,66.28,2,1,76.31,2,SAME
3,62.49,47.06,1,1,58.26,1,SAME
3,100.0,15.4,1,1,95.93,1,HARDER
4,88.89,55.0,1,1,90.71,2,SAME
7,58.02,117.28,4,2,52.48,5,EASIER
7,74.32,30.35,2,2,65.52,5,SAME
3,95.36,21.56,2,1,96.18,1,HARDER
7,51.29,87.94,2,3,49.59,5,EASIER
4,74.85,67.13,1,2,67.23,2,SAME
5,78.25,37.69,1,1,76.36,3,SAME
4,94.01,49.51,1,0,89.52,2,HARDER
5,83.82,55.01,3,2,79.93,3,SAME
6,58.95,38.66,1,3,53.33,4,EASIER
6,57.93,61.53,4,4,56.11,4,EASIER
5,58.18,123.79,3,2,58.65,3,EASIER
6,63.47,74.93,2,3,57.25,4,EASIER
6,66.21,131.34,2,2,64.47,4,SAME
3,46.76,36.51,3,3,40.85,1,EASIER
4,84.31,30.78,1,1,84.38,2,SAME
3,76.4,14.12,1,2,73.42,1,SAME
6,71.08,45.05,2,1,68.25,4,SAME
5,47.56,118.99,5,4,44.82,3,EASIER
6,60.1,88.73,5,4,53.68,4,EASIER
5,72.45,24.59,4,2,74.85,3,EASIER
4,75.91,56.24,1,1,72.77,2,SAME
3,79.04,11.29,3,2,77.99,1,SAME
7,66.74,71.4,3,2,60.88,5,SAME
4,82.16,39.48,2,1,82.57,2,SAME
3,79.83,76.74,3,3,80.32,1,EASIER
4,100.0,55.76,1,0,100.0,2,SAME
7,51.45,86.11,5,4,50.64,5,EASIER
4,86.41,38.51,1,0,83.38,2,HARDER
7,41.32,184.89,5,3,38.78,5,EASIER
5,75.59,117.24,2,1,73.61,3,HARDER
7,75.05,97.86,2,1,70.17,5,SAME
6,57.62,73.19,3,3,52.94,4,EASIER
3,100.0,17.28,1,0,100.0,1,HARDER
5,71.33,80.62,1,2,68.15,3,SAME
5,79.72,96.38,1,1,80.07,3,SAME
4,80.55,15.28,3,2,75.0,2,SAME
5,64.34,47.66,4,3,62.5,3,EASIER
3,94.21,14.57,1,0,94.35,1,HARDER
6,69.95,88.69,1,2,66.77,4,SAME
7,64.67,57.04,2,2,62.5,5,SAME
3,96.49,13.89,1,1,100.0,1,HARDER
5,75.55,101.15,1,0,79.83,3,SAME
6,57.23,75.23,4,2,51.36,4,EASIER
3,74.3,24.34,1,1,73.81,1,SAME
4,88.74,46.55,1,0,87.67,2,HARDER
4,64.21,59.97,1,2,61.34,2,SAME
3,67.0,20.75,3,2,62.67,1,SAME
7,60.33,90.24,2,3,56.57,5,EASIER
5,70.11,47.77,2,2,71.67,3,SAME
6,47.09,143.9,1,2,40.13,4,EASIER
5,49.86,56.08,2,3,44.36,3,EASIER
7,38.8,95.57,4,4,32.15,5,EASIER
7,41.39,138.59,1,3,34.61,5,EASIER
6,44.9,212.51,1,3,39.0,4,EASIER
4,77.74,39.35,1,1,72.75,2,SAME
5,65.89,50.76,4,3,64.15,3,EASIER
7,21.31,300.0,3,4,10.97,5,EASIER
5,28.1,112.02,4,5,27.2,3,EASIER
5,88.17,104.26,1,1,86.03,3,SAME
3,99.44,20.01,1,0,96.73,1,HARDER
7,53.01,80.77,3,3,45.34,5,EASIER
6,69.63,31.59,1,2,68.42,4,SAME
4,100.0,59.81,1,0,99.08,2,SAME
5,80.37,60.25,1,1,85.05,3,SAME
5,77.95,23.78,1,1,75.28,3,SAME
3,65.64,42.68,4,3,64.22,1,EASIER
7,39.8,93.19,5,4,33.04,5,EASIER
7,33.97,99.67,4,4,25.55,5,EASIER
7,75.26,49.1,1,1,76.06,5,SAME
4,97.55,47.89,1,0,100.0,2,HARDER
4,97.21,48.11,1,0,93.85,2,HARDER
3,75.5,24.47,3,2,68.06,1,SAME
6,74.15,65.97,1,1,71.79,4,SAME
4,62.02,130.59,1,1,51.34,2,EASIER
7,28.21,58.13,4,4,22.53,5,EASIER
7,64.48,75.59,2,2,58.15,5,SAME
3,92.33,34.26,2,1,89.28,1,SAME
7,29.83,64.43,3,4,23.78,5,EASIER
3,75.88,15.4,1,2,77.83,1,SAME
5,42.27,101.55,4,3,38.54,3,EASIER
5,79.19,78.26,1,1,83.9,3,SAME
7,55.56,145.82,1,2,55.6,5,SAME
6,49.55,90.13,2,3,46.23,4,EASIER
7,45.55,76.81,3,4,45.96,5,EASIER
5,66.37,51.18,2,3,63.32,3,EASIER
7,58.99,107.28,3,3,55.41,5,EASIER
7,40.82,177.63,3,3,38.41,5,EASIER
7,62.74,141.26,3,2,67.21,5,SAME
5,26.51,36.64,5,5,20.12,3,EASIER
4,87.66,55.07,1,0,87.57,2,SAME
7,58.1,44.87,5,3,48.24,5,EASIER
6,54.51,69.41,3,2,52.68,4,EASIER
7,59.93,60.1,1,1,55.46,5,SAME
5,69.71,37.95,1,1,63.05,3,SAME
7,17.95,300.0,3,4,11.26,5,EASIER
6,67.64,38.17,3,2,69.21,4,SAME
6,54.32,53.56,2,2,54.33,4,EASIER
3,99.46,31.37,1,0,100.0,1,HARDER
5,81.31,45.96,1,1,83.26,3,SAME
6,62.68,88.91,3,3,52.9,4,EASIER
6,24.37,172.45,5,5,14.73,4,EASIER
7,55.93,160.02,2,2,53.78,5,SAME
4,77.05,30.49,2,2,70.67,2,SAME
4,86.1,35.69,1,0,87.23,2,HARDER
7,25.35,149.56,2,4,18.03,5,EASIER
7,44.08,158.31,4,4,42.76,5,EASIER
3,100.0,25.23,2,1,93.58,1,HARDER
4,62.4,45.02,2,3,52.24,2,EASIER
7,57.46,136.4,3,2,57.59,5,SAME
3,87.41,23.99,1,1,86.42,1,HARDER
6,58.59,59.86,1,3,57.66,4,EASIER
3,74.49,34.79,2,2,68.66,1,SAME
3,98.77,28.47,2,0,100.0,1,HARDER
6,73.18,27.79,1,2,72.6,4,SAME
6,40.62,53.37,5,4,33.98,4,EASIER
5,31.69,45.72,5,4,25.69,3,EASIER
7,69.05,100.37,1,1,66.61,5,SAME
4,93.56,66.92,1,0,91.1,2,SAME
5,62.32,283.04,1,2,58.46,3,EASIER
6,29.44,22.83,5,5,22.58,4,EASIER
6,67.67,96.06,2,2,64.18,4,SAME
4,100.0,39.26,1,0,95.03,2,HARDER
6,40.25,74.65,5,4,37.0,4,HARDER
5,86.96,75.88,1,1,77.78,3,HARDER
5,46.2,62.46,5,4,34.6,3,EASIER
7,40.03,91.98,4,4,35.52,5,EASIER
4,86.22,38.53,1,0,85.38,2,HARDER
6,42.83,109.52,4,3,40.56,4,EASIER
7,34.41,144.03,4,4,27.76,5,EASIER
6,62.53,90.45,2,2,63.93,4,SAME
7,52.63,81.49,4,4,43.79,5,EASIER
5,56.82,234.14,2,2,55.24,3,EASIER
4,69.05,45.0,3,2,70.28,2,SAME
7,39.55,169.7,4,4,34.81,5,EASIER
6,59.45,62.97,5,3,57.69,4,HARDER
4,58.89,41.54,3,2,56.95,2,SAME
4,70.12,41.39,4,2,69.59,2,EASIER
4,93.26,15.47,1,0,89.84,2,HARDER
7,54.2,75.79,2,2,52.05,5,EASIER
3,100.0,18.02,1,0,99.32,1,HARDER
6,80.33,60.01,1,2,76.37,4,SAME
5,65.21,34.15,4,3,54.86,3,EASIER
3,75.98,25.49,1,1,76.85,1,SAME
6,50.11,169.58,2,2,49.44,4,EASIER
6,55.2,87.76,2,2,55.51,4,SAME
6,56.96,44.37,4,3,51.13,4,EASIER
5,86.92,34.82,1,0,83.9,3,HARDER
4,53.22,31.83,5,3,51.56,2,EASIER
3,87.26,13.32,1,1,83.94,1,HARDER
3,100.0,28.63,1,0,98.49,1,HARDER
4,83.51,71.78,1,0,84.4,2,SAME
6,54.05,60.78,4,4,45.12,4,EASIER
3,87.36,25.86,1,0,85.29,1,HARDER
7,77.67,88.65,1,1,75.89,5,SAME
5,81.56,42.47,1,2,82.33,3,SAME
4,78.73,41.54,2,2,73.59,2,SAME
7,58.48,78.02,2,2,54.51,5,SAME
3,85.48,17.45,1,2,86.98,1,SAME
7,45.63,46.34,2,3,41.41,5,EASIER
4,77.0,39.17,2,1,76.46,2,SAME
4,99.13,62.75,1,0,100.0,2,SAME
5,64.9,82.32,2,3,58.67,3,EASIER
7,35.37,252.56,5,5,32.02,5,HARDER
4,72.71,27.68,2,2,71.32,2,SAME
7,16.09,178.07,4,4,10.1,5,EASIER
4,78.26,22.63,1,1,75.86,2,SAME
4,64.95,53.03,1,2,59.13,2,SAME
6,62.38,192.81,2,2,59.42,4,EASIER
6,40.9,106.26,2,2,38.14,4,EASIER
4,81.32,82.98,1,1,78.67,2,EASIER
3,81.75,19.15,1,1,83.27,1,SAME
4,70.16,35.68,2,2,67.37,2,SAME
5,79.55,36.86,2,2,78.39,3,SAME
3,88.68,25.39,1,1,86.87,1,HARDER
3,89.43,28.19,1,1,90.32,1,HARDER
7,54.86,113.6,2,2,51.62,5,EASIER
3,85.67,20.24,1,1,85.78,1,HARDER
5,68.25,45.49,1,1,61.76,3,SAME
6,36.38,98.12,3,2,32.17,4,HARDER
4,81.22,35.26,2,2,77.9,2,SAME
5,80.32,32.8,1,0,82.48,3,SAME
3,100.0,10.75,1,1,98.02,1,HARDER
6,60.44,60.16,3,2,56.03,4,SAME
6,58.07,39.96,2,3,54.86,4,EASIER
7,54.25,71.03,2,3,48.88,5,EASIER
7,69.31,88.93,1,2,70.11,5,SAME
4,75.13,35.48,4,2,73.42,2,EASIER
3,85.6,18.59,1,1,84.22,1,HARDER
4,90.72,106.43,1,1,86.94,2,EASIER
3,82.19,14.26,2,0,78.51,1,SAME
5,65.93,105.53,1,1,63.21,3,SAME
3,82.99,23.26,1,0,84.67,1,SAME
7,38.88,78.27,4,4,34.49,5,EASIER
6,39.54,111.3,5,3,36.41,4,EASIER
4,96.66,30.71,1,0,96.05,2,HARDER
7,69.79,72.15,3,1,71.08,5,SAME
6,50.59,207.98,2,2,46.33,4,EASIER
5,54.82,19.57,2,3,47.13,3,EASIER
3,76.51,22.42,2,2,71.35,1,SAME
4,73.43,41.55,2,1,72.47,2,SAME
5,75.41,116.44,1,2,72.55,3,EASIER
6,50.27,66.66,1,2,51.46,4,EASIER
4,81.07,132.72,2,1,82.64,2,EASIER
6,49.96,121.69,2,2,43.68,4,EASIER
4,66.4,12.49,4,3,60.16,2,EASIER
4,82.67,19.19,1,0,82.64,2,SAME
5,41.09,65.22,5,4,31.32,3,EASIER
3,100.0,15.03,1,0,98.57,1,HARDER
5,70.63,76.07,1,1,70.56,3,SAME
4,59.52,30.7,3,2,57.83,2,SAME
4,89.88,21.66,1,0,91.15,2,HARDER
6,79.7,49.66,1,1,78.28,4,SAME
4,73.35,56.71,2,1,76.0,2,SAME
6,65.04,28.64,2,2,58.03,4,SAME
6,47.86,141.21,5,4,44.71,4,EASIER
6,41.8,143.38,4,4,37.17,4,EASIER
4,74.31,32.52,2,2,71.91,2,SAME
7,64.68,52.1,2,3,60.23,5,EASIER
4,81.48,49.35,1,1,80.23,2,SAME
4,61.52,30.23,3,2,52.65,2,SAME
7,62.98,49.05,1,2,59.04,5,SAME
4,69.02,93.21,1,2,68.2,2,EASIER
6,55.28,51.77,3,3,46.48,4,EASIER
3,93.67,12.98,2,0,96.93,1,HARDER
6,48.57,95.1,2,3,45.45,4,EASIER
7,48.53,107.93,3,4,47.59,5,EASIER
6,40.93,177.6,5,5,32.65,4,EASIER
5,76.37,48.04,1,1,74.91,3,SAME
7,78.34,91.55,1,2,74.52,5,SAME
4,84.13,44.48,1,0,80.23,2,SAME
4,88.02,41.74,1,1,87.13,2,HARDER
3,98.04,27.69,2,0,99.91,1,HARDER
6,67.71,94.46,2,1,72.33,4,SAME
6,55.26,89.33,3,2,51.93,4,SAME
6,58.29,66.03,2,2,52.51,4,SAME
6,57.8,126.43,2,2,54.06,4,SAME
3,93.81,21.3,1,1,91.11,1,HARDER
6,58.13,124.58,1,1,61.86,4,SAME
6,77.57,168.74,1,3,71.06,4,EASIER
4,100.0,27.64,1,0,100.0,2,SAME
5,66.52,190.69,1,2,64.46,3,EASIER
7,44.21,75.95,1,3,43.22,5,EASIER
5,78.58,40.91,2,0,77.5,3,SAME
6,62.09,108.58,2,3,54.07,4,EASIER
5,83.25,72.17,1,0,89.14,3,SAME
6,69.43,85.12,1,2,67.9,4,SAME
6,77.01,125.49,1,1,80.46,4,SAME
6,47.22,93.51,3,3,47.89,4,EASIER
6,55.0,240.06,2,3,48.88,4,EASIER
7,52.56,108.8,3,3,49.86,5,EASIER
4,88.48,25.43,1,1,89.23,2,HARDER
7,71.68,82.92,1,2,68.8,5,SAME
6,57.36,104.77,4,3,55.49,4,EASIER
5,63.32,73.77,1,2,64.04,3,SAME
4,92.51,41.87,1,0,90.41,2,HARDER
5,72.08,38.09,2,1,75.83,3,SAME
6,48.8,145.94,3,4,43.45,4,SAME
4,82.65,94.44,1,0,82.39,2,EASIER
4,72.63,38.53,3,3,67.25,2,EASIER
7,42.07,300.0,2,2,35.44,5,EASIER
5,41.17,89.05,3,3,41.32,3,EASIER
6,57.33,259.94,1,2,54.05,4,EASIER
3,87.36,30.85,1,1,82.51,1,HARDER
3,93.7,26.57,1,0,96.44,1,HARDER
7,43.21,177.26,3,4,34.0,5,EASIER
3,100.0,20.61,1,0,98.75,1,HARDER
6,52.28,101.33,3,2,49.6,4,EASIER
7,15.68,231.31,4,4,3.22,5,EASIER
5,66.61,87.02,2,1,67.26,3,SAME
7,44.11,110.13,3,3,40.51,5,EASIER
5,64.81,64.05,3,2,58.51,3,SAME
7,32.48,169.26,4,4,33.34,5,EASIER
4,89.75,53.41,1,0,87.72,2,SAME
5,67.77,84.08,2,1,60.0,3,SAME
4,66.37,44.57,4,3,60.94,2,EASIER
6,86.2,53.41,1,1,82.86,4,HARDER
3,83.74,18.59,2,1,83.18,1,SAME
7,38.77,144.0,2,3,32.25,5,EASIER
3,76.83,36.19,2,2,73.66,1,SAME
4,60.66,52.85,2,3,58.38,2,EASIER
5,42.52,41.52,5,4,36.1,3,EASIER
3,44.34,23.37,2,4,35.82,1,EASIER
5,79.23,32.43,2,1,78.24,3,SAME
7,32.67,52.47,3,4,25.39,5,EASIER
7,49.53,117.09,4,3,46.81,5,EASIER
3,74.28,45.75,2,1,69.75,1,SAME
5,73.79,60.94,1,1,71.21,3,SAME
5,87.6,149.15,1,1,87.22,3,EASIER
3,79.56,23.24,2,1,79.26,1,SAME
6,59.2,83.34,1,1,60.53,4,SAME
5,64.49,35.51,2,2,59.49,3,SAME
6,35.31,68.45,4,5,23.92,4,EASIER
4,93.35,21.72,1,0,98.46,2,HARDER
4,90.06,18.38,1,1,85.71,2,HARDER
6,45.69,44.56,4,3,39.58,4,EASIER
6,71.15,85.72,2,1,71.1,4,SAME
3,89.58,18.01,2,1,88.57,1,HARDER
4,80.96,30.04,1,2,78.62,2,SAME
5,78.64,71.05,1,1,74.36,3,SAME
7,60.38,48.15,1,3,53.83,5,EASIER
4,76.62,39.48,1,1,75.76,2,SAME
4,40.42,56.61,3,3,38.16,2,EASIER
7,39.87,186.39,3,5,29.9,5,EASIER
6,67.8,107.27,1,2,64.12,4,SAME
7,47.55,108.86,1,2,44.08,5,EASIER
6,65.13,59.29,3,2,60.99,4,SAME
7,60.38,107.08,1,1,55.37,5,SAME
3,92.29,52.18,1,1,92.04,1,EASIER
4,79.42,43.2,2,1,75.0,2,SAME
4,82.6,36.14,1,1,83.73,2,SAME
3,82.9,32.13,1,0,80.57,1,SAME
6,54.76,84.15,2,3,55.69,4,EASIER
6,43.28,92.22,2,3,40.15,4,EASIER
3,100.0,22.4,1,0,95.81,1,HARDER
3,93.33,20.78,1,0,93.13,1,SAME
3,77.95,38.94,1,2,74.53,1,SAME
5,54.94,22.09,5,4,48.36,3,SAME
5,62.73,73.5,1,2,64.54,3,SAME
4,83.34,30.37,2,1,86.97,2,SAME
7,60.47,39.65,2,2,56.44,5,SAME
4,76.57,24.04,1,0,81.13,2,SAME
5,52.3,56.97,2,2,47.62,3,EASIER
5,56.97,60.99,3,3,49.15,3,EASIER
4,83.56,53.81,1,1,84.96,2,SAME
7,40.51,173.97,1,3,34.48,5,EASIER
7,34.05,48.21,4,4,29.9,5,EASIER
3,100.0,29.57,1,0,100.0,1,HARDER
5,52.88,83.19,4,3,46.7,3,EASIER
3,100.0,27.56,1,0,100.0,1,HARDER
5,66.19,74.38,3,3,66.3,3,EASIER
6,53.58,30.02,3,2,49.99,4,EASIER
5,66.8,35.53,1,2,64.94,3,SAME
4,68.37,72.21,1,2,63.5,2,SAME
4,71.36,33.32,3,2,70.54,2,SAME
4,72.8,108.03,1,1,67.97,2,EASIER
4,80.17,20.84,1,2,78.1,2,SAME
4,82.46,79.25,1,1,78.7,2,EASIER
6,55.21,59.69,2,3,49.63,4,EASIER
3,98.26,36.7,1,0,92.72,1,SAME
3,92.79,21.92,1,0,89.71,1,HARDER
5,48.98,61.42,4,4,38.46,3,EASIER
6,69.93,111.77,1,2,65.3,4,SAME
4,51.6,28.48,2,2,49.54,2,EASIER
4,65.68,55.37,4,3,58.48,2,EASIER
6,73.88,71.41,1,1,68.86,4,SAME
4,53.94,41.32,2,3,47.44,2,EASIER
6,49.42,20.72,1,3,45.71,4,EASIER
3,86.42,21.52,1,0,82.34,1,HARDER
3,81.37,43.87,1,1,78.77,1,SAME
5,74.35,81.8,1,2,75.52,3,SAME
4,82.91,57.64,1,1,80.31,2,SAME
6,86.55,84.31,1,1,87.45,4,HARDER
5,66.95,132.98,1,2,60.6,3,EASIER
4,69.14,43.52,4,2,70.66,2,EASIER
3,70.71,18.64,3,3,59.48,1,EASIER
3,86.25,36.58,2,0,78.93,1,SAME
6,54.29,132.49,2,3,51.03,4,EASIER
4,47.36,51.09,4,4,40.56,2,EASIER
5,42.13,47.51,5,4,36.24,3,EASIER
7,44.58,130.57,4,3,37.94,5,EASIER
7,25.95,239.33,3,4,21.84,5,EASIER
4,83.99,47.56,1,1,78.05,2,SAME
3,79.41,12.95,3,2,79.56,1,SAME
6,66.59,59.13,2,3,68.22,4,EASIER
6,64.03,57.72,3,2,55.16,4,SAME
4,100.0,26.66,1,0,100.0,2,HARDER
5,62.87,20.4,1,1,66.96,3,SAME
3,55.06,57.98,5,3,51.61,1,EASIER
6,55.25,51.99,3,2,50.82,4,SAME
6,50.33,53.98,3,3,43.09,4,EASIER
4,96.74,15.26,1,1,96.25,2,HARDER
5,81.09,89.06,2,2,79.89,3,SAME
4,100.0,36.41,1,0,96.88,2,HARDER
3,81.33,21.39,2,2,80.87,1,SAME
3,77.25,21.9,1,2,74.81,1,SAME
7,49.98,154.29,2,4,37.14,5,EASIER
5,66.26,45.73,1,2,64.78,3,SAME
3,99.03,10.32,1,0,93.05,1,SAME
3,98.2,14.07,1,0,96.66,1,HARDER
4,78.39,20.21,3,1,80.52,2,SAME
7,63.45,130.13,4,3,59.8,5,EASIER
4,82.42,58.83,1,1,78.61,2,SAME
7,37.9,248.98,2,3,35.4,5,EASIER
5,48.44,25.82,5,3,42.49,3,EASIER
6,49.76,113.21,2,2,49.82,4,EASIER
6,48.35,59.55,3,4,40.21,4,EASIER
3,84.74,91.82,1,0,83.29,1,EASIER
3,93.67,46.27,1,2,91.6,1,SAME
7,33.08,283.17,2,3,32.73,5,EASIER
7,36.58,173.44,2,3,32.38,5,EASIER
3,97.42,29.63,1,0,98.7,1,HARDER
6,53.3,66.51,2,3,48.72,4,EASIER
7,57.58,80.79,2,2,58.65,5,SAME
7,54.52,72.42,4,3,44.78,5,EASIER
4,91.83,50.8,1,1,85.78,2,HARDER
7,57.45,262.15,1,1,53.1,5,EASIER
6,74.92,68.11,2,2,74.65,4,SAME
7,65.57,75.55,1,1,65.38,5,SAME
3,77.77,12.92,1,2,78.04,1,SAME
6,96.12,93.13,1,0,97.21,4,HARDER
3,86.37,43.2,2,1,88.04,1,SAME
4,86.67,69.33,1,1,86.61,2,SAME
3,90.19,46.17,1,1,90.54,1,SAME
5,50.17,71.24,2,3,40.56,3,EASIER
7,52.91,117.64,1,2,53.97,5,EASIER
6,67.77,159.73,3,2,65.12,4,SAME
4,41.78,22.55,4,3,41.17,2,EASIER
5,75.66,46.63,1,1,77.92,3,SAME
4,83.17,84.92,1,1,82.26,2,EASIER
6,52.1,46.9,3,3,45.78,4,EASIER
4,99.22,37.39,2,2,99.52,2,SAME
3,65.4,33.11,2,3,58.16,1,EASIER
5,61.77,60.42,2,2,59.76,3,SAME
7,58.71,209.54,1,2,49.56,5,EASIER
5,62.1,123.43,3,3,58.65,3,EASIER
4,84.31,47.61,1,1,85.4,2,SAME
3,91.23,46.41,1,1,91.78,1,SAME
7,27.95,67.52,5,5,19.28,5,EASIER
6,52.23,75.55,3,2,47.25,4,EASIER
3,74.59,72.91,1,2,73.75,1,EASIER
3,91.61,59.35,1,0,95.34,1,EASIER
3,71.24,14.16,1,1,63.92,1,SAME
4,61.94,37.77,2,2,58.23,2,SAME
7,43.94,120.62,5,4,38.06,5,EASIER
3,76.06,30.09,2,0,73.65,1,SAME
7,59.52,224.27,4,4,56.89,5,EASIER
3,82.34,56.67,1,1,81.66,1,EASIER
6,64.8,83.61,1,1,63.44,4,SAME
4,96.36,64.39,1,0,95.21,2,SAME
7,69.95,159.46,1,1,69.47,5,SAME
5,74.84,57.4,1,1,72.3,3,SAME
4,82.98,17.11,1,0,80.34,2,SAME
4,79.18,61.33,3,1,76.06,2,SAME
7,61.71,155.76,1,2,56.23,5,SAME
5,65.33,70.34,2,1,63.55,3,SAME
4,67.97,23.96,3,2,67.56,2,SAME
6,66.08,227.12,3,3,57.06,4,EASIER
5,73.2,62.55,1,1,72.14,3,SAME
6,59.53,45.3,2,2,63.33,4,SAME
5,62.55,30.44,3,2,60.96,3,SAME
3,89.96,33.8,1,0,90.57,1,SAME
3,81.11,34.25,1,1,84.44,1,SAME
3,100.0,20.35,2,0,93.48,1,HARDER
5,64.78,72.93,2,3,65.24,3,EASIER
5,73.72,80.71,2,1,69.75,3,SAME
6,87.61,88.19,1,1,87.12,4,HARDER
7,31.38,76.42,5,4,21.37,5,EASIER
3,79.41,38.35,3,2,72.0,1,SAME
7,37.41,176.8,2,2,33.49,5,EASIER
7,44.32,152.61,2,3,40.13,5,EASIER
6,71.68,53.15,1,1,70.86,4,SAME
5,65.77,30.01,2,3,65.22,3,EASIER
3,98.4,25.87,1,0,92.42,1,HARDER
3,83.51,37.81,1,0,82.71,1,SAME
3,65.15,39.72,4,3,55.71,1,EASIER
6,61.01,111.12,1,2,58.03,4,SAME
5,89.43,46.41,1,0,95.98,3,HARDER
3,88.04,17.48,1,1,90.51,1,HARDER
3,83.1,24.81,1,0,79.82,1,SAME
3,66.63,24.92,3,2,64.02,1,SAME
6,53.12,145.84,1,2,48.38,4,EASIER
6,63.77,63.9,3,2,65.65,4,SAME
6,62.29,66.72,2,3,59.79,4,EASIER
3,100.0,62.39,1,0,96.31,1,EASIER
3,82.18,49.86,1,1,81.63,1,SAME
3,66.1,16.88,2,1,65.3,1,SAME
6,39.29,176.0,4,4,34.21,4,EASIER
6,95.04,45.76,1,1,93.96,4,HARDER
4,81.0,30.99,2,1,82.73,2,SAME
3,89.24,21.68,1,0,91.37,1,HARDER
4,78.27,36.64,1,1,77.38,2,SAME
7,48.93,157.0,2,2,44.8,5,EASIER
3,100.0,26.21,1,0,99.83,1,HARDER
6,44.4,112.89,3,3,38.64,4,EASIER
5,70.38,47.54,2,2,64.96,3,SAME
3,84.3,29.53,2,1,79.25,1,SAME
7,34.76,116.93,5,4,29.99,5,EASIER
5,66.64,29.17,2,2,67.67,3,SAME
6,45.21,105.41,2,2,43.45,4,EASIER
3,71.32,26.09,4,3,63.76,1,EASIER
4,81.01,27.17,1,1,76.73,2,SAME
6,83.58,65.75,1,0,85.84,4,SAME
6,61.15,66.59,2,2,56.23,4,SAME
3,89.44,22.42,1,1,87.64,1,HARDER
6,33.93,204.67,5,4,26.96,4,EASIER
7,46.19,300.0,2,3,37.47,5,EASIER
6,43.22,19.87,2,3,40.25,4,SAME
4,86.66,47.8,1,1,83.58,2,HARDER
7,31.24,188.47,2,2,23.76,5,EASIER
6,37.95,73.29,5,4,32.31,4,EASIER
3,96.04,37.78,1,0,96.07,1,SAME
3,100.0,52.19,2,0,100.0,1,EASIER
7,52.08,53.03,1,3,47.38,5,EASIER
4,60.67,40.47,3,2,51.34,2,SAME
3,47.7,59.72,4,4,45.71,1,EASIER
5,41.04,31.43,5,4,36.82,3,EASIER
5,74.21,54.78,5,3,67.51,3,EASIER
5,45.52,46.46,3,3,48.11,3,EASIER
6,17.02,141.7,3,6,6.72,4,EASIER
7,64.51,214.38,1,2,65.89,5,SAME
6,78.87,89.22,1,1,77.94,4,SAME
3,83.51,25.36,2,1,86.5,1,SAME
3,91.42,11.63,1,1,87.79,1,HARDER
3,89.88,47.09,2,1,87.74,1,SAME
4,85.88,32.19,2,2,81.75,2,SAME
4,65.76,35.54,2,1,60.58,2,SAME
7,35.99,190.19,2,3,28.35,5,EASIER
4,58.65,41.7,3,2,50.14,2,SAME
3,80.4,39.08,1,1,81.27,1,SAME
7,46.48,155.61,4,4,43.23,5,EASIER
4,95.3,41.82,1,1,97.15,2,HARDER
7,36.58,132.65,4,3,30.37,5,EASIER
6,59.11,45.74,3,3,50.25,4,EASIER
7,33.98,103.27,5,4,24.69,5,EASIER
7,46.6,202.21,1,3,43.28,5,EASIER
3,73.32,16.76,2,2,68.81,1,SAME
6,70.72,56.53,1,2,63.98,4,SAME
5,85.32,37.53,1,0,89.9,3,HARDER
6,73.95,88.81,1,2,68.59,4,SAME
6,46.75,170.04,3,2,48.16,4,EASIER
5,62.89,76.04,5,2,57.99,3,EASIER
4,94.19,13.66,2,0,92.59,2,HARDER
7,35.59,159.49,2,3,30.76,5,EASIER
6,49.95,65.16,2,3,45.15,4,EASIER
7,37.19,147.84,2,3,34.31,5,EASIER
4,93.92,35.42,1,0,94.84,2,HARDER
7,38.91,70.07,4,4,35.99,5,EASIER
4,84.64,36.74,1,1,79.28,2,SAME
5,76.63,46.61,2,1,72.19,3,SAME
7,54.24,132.45,2,3,52.45,5,EASIER
4,76.92,25.06,1,1,72.41,2,SAME
4,71.92,22.4,1,2,68.47,2,SAME
7,56.01,166.91,1,1,50.68,5,SAME
7,50.37,204.96,3,4,46.97,5,EASIER
4,57.46,49.91,2,2,49.95,2,EASIER
4,64.63,28.01,3,2,60.38,2,SAME
4,62.73,26.84,1,3,55.1,2,EASIER
3,100.0,18.45,1,0,100.0,1,HARDER
5,49.11,90.12,2,3,45.71,3,EASIER
4,52.32,25.79,3,3,51.83,2,EASIER
7,52.63,181.33,3,2,50.44,5,EASIER
3,61.25,33.19,4,3,54.45,1,EASIER
6,44.08,156.08,1,1,42.88,4,EASIER
5,65.6,98.17,3,3,62.72,3,EASIER
6,55.1,108.73,3,3,53.12,4,EASIER
3,100.0,13.0,1,0,99.94,1,HARDER
5,61.88,78.45,1,1,63.21,3,SAME
6,51.68,87.07,2,3,46.95,4,HARDER
4,75.8,31.89,1,0,72.52,2,SAME
7,56.91,235.31,2,3,49.51,5,EASIER
5,41.2,53.81,3,4,34.63,3,EASIER
4,79.93,29.63,1,1,77.77,2,SAME
3,84.32,41.23,2,1,82.69,1,SAME
3,100.0,20.88,1,0,100.0,1,HARDER
5,67.19,43.54,1,2,64.52,3,SAME
5,72.82,33.2,2,1,73.84,3,SAME
7,48.7,71.63,2,3,45.54,5,EASIER
6,56.06,55.97,1,2,55.1,4,SAME
3,87.73,32.96,1,0,84.79,1,HARDER
5,73.51,35.02,1,1,73.11,3,SAME
5,82.14,23.12,1,1,85.01,3,SAME
3,100.0,28.61,1,0,98.12,1,HARDER
6,67.41,58.97,2,2,62.68,4,SAME
5,62.54,57.53,3,2,58.14,3,SAME
3,94.07,44.24,1,0,96.55,1,SAME
5,61.24,60.09,2,2,55.86,3,SAME
6,63.39,179.78,2,2,59.0,4,EASIER
4,55.27,36.8,4,3,49.05,2,EASIER
4,85.23,61.0,1,0,82.43,2,SAME
3,80.04,19.59,2,2,72.92,1,SAME
4,80.38,39.97,1,1,78.64,2,SAME
7,72.99,67.36,2,2,72.68,5,SAME
6,38.63,53.7,4,4,28.13,4,EASIER
3,94.77,22.62,1,0,95.27,1,HARDER
5,71.72,30.05,1,1,76.42,3,SAME
3,99.2,26.84,1,0,97.55,1,HARDER
5,54.94,49.93,2,2,53.05,3,EASIER
3,71.55,27.75,3,2,69.65,1,SAME
6,31.32,41.42,5,4,22.55,4,EASIER
5,91.84,82.09,1,1,90.56,3,SAME
6,53.35,198.24,4,3,44.59,4,EASIER
5,56.63,121.06,2,3,51.96,3,EASIER
4,59.41,92.98,2,2,62.26,2,EASIER
4,78.51,38.77,1,1,83.73,2,SAME
4,78.36,32.2,3,2,70.94,2,HARDER
5,71.44,73.83,2,1,66.18,3,SAME
5,44.33,51.55,5,4,41.15,3,EASIER
6,61.13,33.17,4,2,57.98,4,EASIER
3,92.63,36.0,1,0,94.74,1,SAME
4,60.33,34.04,3,2,58.29,2,SAME
7,32.91,50.34,2,4,24.83,5,EASIER
7,57.43,84.9,5,5,54.23,5,EASIER
7,59.64,99.8,1,3,50.38,5,EASIER
4,57.65,38.21,1,1,55.26,2,SAME
3,79.15,25.27,3,1,77.11,1,SAME
3,69.79,45.97,1,2,63.91,1,SAME
3,89.98,14.09,3,1,87.22,1,SAME
7,76.31,103.09,1,1,75.45,5,SAME
7,46.35,69.37,3,3,42.5,5,EASIER
7,27.93,222.1,3,4,24.31,5,EASIER
6,75.28,61.24,1,0,81.21,4,SAME
4,83.27,32.33,3,2,80.73,2,SAME
5,72.66,97.52,1,2,69.15,3,SAME
7,21.32,230.56,5,4,14.86,5,EASIER
7,15.69,249.9,5,6,2.6,5,EASIER
5,66.14,25.72,2,2,65.08,3,SAME
7,30.54,145.72,5,5,21.46,5,EASIER
4,71.11,43.14,2,2,72.68,2,SAME
5,38.3,56.55,5,4,30.1,3,EASIER
7,59.82,116.14,4,3,55.84,5,EASIER
4,71.79,69.54,2,1,73.76,2,SAME
6,31.45,140.72,5,4,25.91,4,EASIER
5,69.54,90.42,2,3,66.32,3,EASIER
4,86.31,41.88,1,1,87.04,2,HARDER
4,63.49,110.47,3,3,57.09,2,EASIER
6,43.46,66.58,3,4,43.38,4,EASIER
5,76.89,26.06,1,1,70.19,3,SAME
4,85.59,33.55,1,2,82.2,2,SAME
6,59.33,84.5,3,2,55.92,4,SAME
3,91.34,44.65,1,0,94.44,1,SAME
3,92.04,19.92,1,0,91.27,1,HARDER
7,41.45,146.38,2,3,32.9,5,EASIER
6,97.95,38.04,1,1,96.59,4,EASIER
5,57.7,99.06,4,3,54.55,3,EASIER
3,98.29,25.77,1,1,94.72,1,HARDER
5,62.72,50.48,4,2,57.14,3,EASIER
5,59.99,166.6,2,2,56.7,3,EASIER
5,41.75,98.5,4,4,31.96,3,EASIER
3,80.58,15.74,2,1,80.25,1,SAME
5,59.46,54.94,2,1,57.15,3,SAME
5,46.92,224.73,1,3,40.85,3,EASIER
4,88.28,96.32,3,1,90.13,2,EASIER
3,90.92,37.7,2,1,91.75,1,SAME
7,64.09,40.93,1,2,57.63,5,SAME
6,36.16,163.93,5,3,30.79,4,EASIER
6,69.68,58.93,2,1,67.49,4,SAME
6,62.08,163.2,1,1,63.5,4,SAME
6,63.14,56.31,1,2,60.19,4,SAME
3,90.4,31.08,3,1,89.34,1,SAME
5,59.8,42.25,2,4,53.68,3,EASIER
7,54.91,91.88,4,4,50.6,5,EASIER
4,83.11,50.91,1,1,76.78,2,SAME
7,65.64,54.58,1,2,66.3,5,SAME
3,82.22,71.85,1,0,82.77,1,EASIER
4,57.18,23.45,3,2,50.45,2,SAME
4,75.71,22.84,1,1,69.92,2,SAME
6,42.61,113.5,5,3,38.39,4,EASIER
3,78.67,44.42,1,0,77.94,1,SAME
4,46.37,32.64,5,5,38.01,2,EASIER
6,77.72,46.97,1,1,76.61,4,SAME
4,81.25,24.63,2,0,83.58,2,SAME
7,48.48,63.89,1,2,43.3,5,EASIER
7,67.13,132.48,2,2,57.9,5,SAME
4,83.74,36.77,3,1,82.37,2,SAME
5,72.86,71.61,1,1,71.46,3,SAME
4,50.4,45.11,3,2,47.84,2,EASIER
4,59.91,55.98,2,1,56.63,2,SAME
6,49.59,66.26,3,3,45.33,4,EASIER
4,96.92,26.86,1,0,100.0,2,HARDER
3,63.34,26.8,5,3,57.34,1,EASIER
4,56.4,37.03,3,2,51.86,2,SAME
7,49.6,128.56,5,4,43.93,5,EASIER
4,83.33,27.2,1,1,84.93,2,SAME
4,91.65,51.39,1,0,89.19,2,SAME
6,45.39,44.43,4,4,40.06,4,EASIER
3,61.74,20.55,2,2,55.33,1,SAME
4,62.38,64.6,1,2,62.94,2,SAME
3,80.66,15.11,1,1,75.77,1,SAME
7,52.33,198.52,2,2,46.53,5,EASIER
7,53.64,51.96,3,3,47.0,5,EASIER
6,83.38,35.96,2,1,81.43,4,SAME
4,83.69,18.83,1,2,76.19,2,SAME
6,61.44,87.13,2,1,63.67,4,SAME
6,49.21,119.83,2,2,45.87,4,EASIER
7,63.84,226.55,1,2,59.55,5,EASIER
3,100.0,42.89,1,0,100.0,1,SAME
6,45.32,128.42,3,2,44.19,4,EASIER
3,67.62,17.27,4,4,59.36,1,EASIER
5,80.79,38.26,1,1,82.99,3,SAME
7,21.25,172.06,5,5,13.43,5,EASIER
3,61.64,47.06,2,2,55.74,1,SAME
3,70.51,15.8,4,3,61.29,1,EASIER
7,53.09,226.72,2,3,46.73,5,EASIER
3,72.69,10.64,2,1,66.23,1,SAME
6,61.29,100.43,2,2,54.0,4,SAME
5,71.65,55.09,5,2,65.75,3,EASIER
4,96.09,34.52,1,0,100.0,2,HARDER
7,68.34,113.93,1,1,70.75,5,SAME
7,29.05,70.33,5,4,23.28,5,EASIER
4,90.18,46.86,1,1,86.69,2,HARDER
3,57.88,25.68,3,2,57.32,1,SAME
3,87.81,37.91,1,1,87.21,1,SAME
3,82.13,50.73,1,0,83.14,1,EASIER
7,63.56,120.02,2,3,59.79,5,EASIER
5,38.98,38.67,3,4,35.99,3,EASIER
6,90.57,45.38,2,1,87.48,4,HARDER
4,54.38,84.42,4,3,50.28,2,EASIER
7,54.58,263.58,3,3,51.43,5,EASIER
6,60.11,130.08,3,3,52.82,4,EASIER
6,66.32,84.59,2,2,67.71,4,SAME
5,70.28,86.83,2,2,64.92,3,SAME
6,50.44,161.59,3,4,43.77,4,HARDER
5,43.65,42.72,5,4,38.03,3,EASIER
4,60.58,38.54,5,3,55.65,2,EASIER
5,74.76,33.54,1,1,69.91,3,SAME
4,90.0,35.76,1,0,91.13,2,SAME
7,41.68,259.86,3,3,33.6,5,EASIER
6,46.65,143.68,3,3,44.02,4,EASIER
6,63.97,87.96,1,1,67.85,4,SAME
6,44.93,20.21,5,4,40.67,4,EASIER
5,74.62,41.92,2,1,71.88,3,SAME
7,50.04,118.43,2,3,50.03,5,EASIER
4,58.9,34.33,3,2,52.35,2,SAME
5,72.71,58.95,2,2,68.06,3,SAME
3,79.66,27.85,3,1,80.94,1,SAME
4,85.27,29.57,1,0,86.02,2,HARDER
5,75.96,57.78,1,2,74.82,3,SAME
5,57.73,53.86,5,4,49.32,3,EASIER
7,45.3,76.34,2,3,36.9,5,EASIER
6,50.21,214.18,1,3,45.02,4,EASIER
5,56.7,45.81,3,2,52.48,3,SAME
5,47.72,19.0,5,4,42.2,3,EASIER
6,24.99,207.27,5,5,20.2,4,EASIER
6,35.25,52.81,5,3,28.79,4,EASIER
4,92.37,58.01,1,0,91.54,2,SAME
5,55.09,41.41,4,3,51.72,3,EASIER
5,84.31,76.88,1,0,78.11,3,SAME
3,90.05,24.47,1,0,92.31,1,HARDER
7,48.67,193.19,1,2,40.03,5,EASIER
5,89.18,52.18,1,0,86.09,3,HARDER
4,79.56,27.93,1,1,82.94,2,SAME
6,44.79,93.73,5,5,38.65,4,EASIER
6,50.08,67.21,5,3,47.94,4,EASIER
7,60.92,39.14,1,2,55.23,5,SAME
3,87.22,19.13,1,1,84.04,1,HARDER
5,53.82,239.96,1,3,48.23,3,EASIER
3,91.14,11.12,1,0,92.36,1,HARDER
5,46.97,65.35,4,4,43.07,3,EASIER
5,59.94,51.43,3,2,58.65,3,SAME
5,59.16,143.95,2,2,56.56,3,EASIER
7,28.72,61.13,5,5,21.4,5,EASIER
5,72.64,60.98,2,2,69.35,3,SAME
5,73.64,81.46,3,2,69.37,3,SAME
3,98.52,23.08,1,0,94.06,1,HARDER
4,55.58,26.49,2,2,51.11,2,SAME
7,56.4,110.65,2,3,56.9,5,EASIER
5,100.0,49.76,1,0,99.12,3,HARDER
7,49.97,94.47,3,3,44.46,5,EASIER
5,70.6,91.94,1,0,69.8,3,SAME
5,83.0,70.8,2,2,78.52,3,SAME
5,68.22,76.22,2,3,62.86,3,EASIER
5,82.01,68.3,2,1,77.92,3,SAME
3,87.05,38.32,1,1,85.92,1,SAME
3,85.96,44.67,2,1,86.44,1,SAME
5,69.97,50.33,1,1,65.62,3,SAME
5,85.61,87.01,1,1,86.41,3,SAME
5,76.42,30.53,1,1,75.97,3,SAME
5,78.4,19.01,1,1,73.14,3,SAME
4,90.12,89.66,1,1,91.29,2,EASIER
6,61.03,68.95,3,2,58.9,4,SAME
6,46.18,93.5,4,4,37.18,4,EASIER
3,74.7,14.49,1,1,72.37,1,SAME
5,75.76,30.91,1,1,77.17,3,SAME
6,38.05,56.6,5,4,32.41,4,EASIER
6,46.56,114.55,4,3,40.52,4,EASIER
4,81.67,29.81,1,0,82.3,2,SAME
7,62.76,93.27,3,2,57.91,5,SAME
6,47.87,55.68,5,4,41.05,4,EASIER
5,48.53,103.29,4,4,42.38,3,EASIER
6,66.87,128.81,2,2,68.67,4,SAME
7,64.82,86.03,3,2,59.53,5,SAME
4,68.83,52.41,2,1,70.86,2,SAME
3,80.47,22.42,2,1,70.86,1,SAME
5,41.54,49.08,5,5,33.55,3,EASIER
3,94.02,24.45,1,0,94.94,1,HARDER
7,82.16,159.02,1,2,81.63,5,SAME
7,55.01,68.87,4,3,51.99,5,EASIER
6,36.54,106.48,5,4,22.29,4,EASIER
7,27.0,300.0,5,4,24.69,5,EASIER
3,100.0,27.12,1,0,96.98,1,HARDER
6,30.98,83.54,4,3,23.86,4,EASIER
5,66.02,55.63,1,2,58.3,3,SAME
4,65.48,47.58,5,3,62.61,2,EASIER
4,60.8,17.83,2,3,57.63,2,EASIER
5,71.66,134.62,1,1,68.98,3,EASIER
6,73.62,136.58,1,1,68.82,4,SAME
3,93.54,18.77,1,0,94.19,1,HARDER
6,68.86,83.36,1,1,62.16,4,SAME
7,78.13,82.66,1,1,85.21,5,SAME
3,84.9,28.56,3,2,82.19,1,SAME
7,86.96,115.81,1,0,91.09,5,HARDER
6,28.86,92.35,5,5,23.48,4,EASIER
4,78.21,23.44,1,2,74.58,2,SAME
6,62.28,63.84,2,2,57.15,4,SAME
6,64.97,148.81,3,2,64.86,4,SAME
6,78.17,62.12,1,1,76.73,4,SAME
3,85.54,8.0,1,0,88.62,1,HARDER
3,72.24,23.38,2,1,70.42,1,SAME
6,41.6,287.35,1,2,43.82,4,EASIER
4,100.0,56.63,1,0,100.0,2,SAME
4,69.74,28.88,3,2,64.43,2,SAME
5,79.19,56.57,1,0,82.15,3,SAME
6,56.28,116.77,1,3,52.71,4,EASIER
3,90.34,11.44,1,1,87.2,1,HARDER
7,39.58,70.24,3,4,32.6,5,EASIER
5,49.44,70.64,5,3,42.58,3,EASIER
3,84.28,50.83,1,1,80.5,1,EASIER
3,82.14,20.56,1,0,84.13,1,SAME
7,57.09,263.1,2,2,58.49,5,EASIER
3,90.07,17.87,3,0,91.33,1,SAME
5,61.46,10.85,4,2,58.02,3,EASIER
6,40.16,120.72,2,3,35.02,4,EASIER
5,63.95,75.79,1,2,61.67,3,SAME
4,64.58,53.71,2,2,62.78,2,SAME
3,100.0,34.09,2,0,96.89,1,SAME
6,66.97,90.6,3,2,63.25,4,SAME
5,91.95,51.03,1,0,93.08,3,HARDER
3,81.77,22.66,1,1,77.47,1,SAME
3,73.13,20.37,1,1,76.17,1,SAME
5,74.18,47.57,3,2,79.23,3,SAME
3,65.06,11.17,1,2,65.3,1,SAME
4,84.89,21.47,1,1,80.66,2,SAME
3,82.64,23.25,3,3,79.86,1,EASIER
6,36.68,25.57,4,4,32.58,4,EASIER
6,65.61,28.87,4,3,58.94,4,EASIER
6,52.87,68.92,3,3,46.51,4,EASIER
3,93.59,23.61,1,1,89.64,1,HARDER
4,82.86,32.8,2,1,80.16,2,SAME
4,86.09,12.42,1,1,81.01,2,HARDER
6,41.67,183.82,3,4,34.1,4,EASIER
7,40.07,51.2,3,3,37.54,5,EASIER
4,81.19,25.87,2,2,75.68,2,SAME
6,62.9,42.55,3,2,62.74,4,SAME
5,83.57,110.33,1,1,78.91,3,SAME
7,38.06,140.92,4,4,34.11,5,EASIER
3,90.88,20.25,1,0,92.52,1,HARDER
7,25.29,83.28,5,5,17.73,5,EASIER
5,59.82,63.39,5,4,52.91,3,EASIER
4,67.69,21.15,2,2,64.91,2,SAME
3,96.12,29.62,1,0,98.54,1,HARDER
7,67.15,83.05,2,3,59.75,5,EASIER
7,43.03,148.67,5,4,37.07,5,EASIER
3,74.54,31.03,1,1,71.73,1,SAME
5,46.01,43.23,3,4,40.28,3,EASIER
6,52.89,28.2,2,2,48.9,4,EASIER
5,44.36,51.33,4,3,42.35,3,EASIER
3,100.0,13.12,1,0,95.8,1,HARDER
4,80.96,39.43,2,1,78.75,2,SAME
4,70.08,33.68,1,1,68.69,2,SAME
4,45.05,28.82,5,4,36.32,2,EASIER
7,66.22,55.28,3,2,58.52,5,SAME
4,88.97,66.38,2,1,90.19,2,SAME
6,55.43,64.77,1,2,51.23,4,SAME
7,35.49,300.0,4,3,28.33,5,EASIER
6,59.42,83.5,2,2,56.8,4,SAME
6,59.44,98.45,2,2,54.57,4,SAME
3,75.06,25.44,1,1,71.5,1,SAME
3,85.34,29.1,1,0,84.81,1,HARDER
6,32.59,144.74,4,4,25.46,4,EASIER
6,71.83,145.61,2,2,72.68,4,SAME
6,38.35,32.72,4,4,33.43,4,EASIER
5,87.3,88.58,1,0,84.74,3,SAME
5,64.44,74.18,2,3,63.83,3,EASIER
3,61.83,25.4,2,2,57.99,1,SAME
4,44.97,84.99,5,4,43.85,2,EASIER
5,56.59,138.11,1,2,50.74,3,EASIER
3,86.77,37.39,2,1,83.49,1,SAME
3,69.51,19.63,2,1,63.42,1,SAME
3,77.39,14.71,2,2,72.62,1,SAME
4,64.55,54.17,4,3,70.72,2,EASIER
7,32.21,234.97,2,2,28.48,5,EASIER
6,63.52,28.55,4,3,60.66,4,EASIER
7,29.22,202.46,5,5,19.75,5,EASIER
4,84.17,33.71,1,1,82.18,2,SAME
5,45.63,23.69,3,3,41.43,3,EASIER
7,46.86,144.65,2,3,44.91,5,EASIER
4,78.52,58.26,1,0,77.59,2,SAME
6,55.63,68.31,1,2,55.78,4,SAME
6,78.62,47.32,1,1,74.92,4,SAME
7,34.63,284.74,3,4,28.24,5,EASIER
7,24.54,77.8,5,4,17.44,5,EASIER
6,59.82,149.85,1,1,59.48,4,SAME
5,76.41,27.43,1,1,75.82,3,SAME
7,74.62,140.5,2,2,76.39,5,SAME
6,50.89,100.31,4,3,49.26,4,EASIER
4,72.5,57.29,1,2,69.68,2,SAME
6,39.92,178.23,3,3,33.91,4,EASIER
5,71.46,38.77,1,1,69.05,3,SAME
4,81.41,48.54,2,2,76.62,2,SAME
5,66.24,29.49,3,2,62.99,3,SAME
6,53.1,40.05,4,4,51.01,4,EASIER
7,46.8,81.72,3,3,45.63,5,EASIER
5,36.71,71.03,4,4,35.09,3,EASIER
3,92.6,52.72,1,1,88.01,1,EASIER
7,24.29,300.0,3,5,19.58,5,HARDER
5,74.79,48.66,2,2,69.25,3,SAME
4,40.82,43.87,5,5,34.56,2,EASIER
6,57.55,133.9,2,2,53.72,4,SAME
4,82.67,54.45,2,1,82.64,2,SAME
4,83.72,35.09,4,2,84.54,2,EASIER
7,55.62,116.74,1,2,51.98,5,SAME
7,70.91,105.47,2,2,65.91,5,SAME
5,87.31,52.32,1,0,85.56,3,HARDER
4,79.03,32.37,1,2,79.6,2,SAME
7,48.13,104.93,3,3,44.66,5,EASIER
3,83.02,20.87,1,0,80.17,1,SAME
6,61.03,45.44,1,3,57.7,4,EASIER
5,57.6,88.89,1,2,56.96,3,SAME
7,48.26,148.39,1,2,53.53,5,SAME
5,41.08,146.84,1,3,33.28,3,EASIER
7,47.63,136.99,3,4,41.97,5,EASIER
3,100.0,20.77,1,0,97.89,1,HARDER
6,43.96,59.2,5,3,43.21,4,EASIER
3,89.81,25.53,1,1,86.54,1,HARDER
6,60.44,109.31,1,1,57.29,4,SAME
3,100.0,22.42,1,0,100.0,1,HARDER
7,73.85,50.26,1,1,71.02,5,SAME
6,27.45,55.84,5,5,24.01,4,EASIER
3,100.0,25.2,2,0,100.0,1,HARDER
7,67.87,167.66,2,2,61.48,5,SAME
4,43.97,18.9,5,4,40.36,2,EASIER
5,77.53,66.13,2,2,77.96,3,SAME
3,80.33,27.59,2,1,77.18,1,SAME
3,67.92,20.45,1,2,67.03,1,SAME
4,73.54,28.84,1,1,75.74,2,SAME
5,77.97,40.28,2,1,74.33,3,SAME
5,76.25,62.19,2,0,74.13,3,SAME
7,57.37,206.98,5,4,50.69,5,EASIER
3,90.2,42.6,1,2,87.16,1,SAME
6,49.7,45.71,1,2,45.2,4,EASIER
3,71.79,23.0,2,2,74.77,1,SAME
4,71.64,13.55,2,1,70.81,2,SAME
3,86.16,26.24,1,1,83.03,1,HARDER
3,85.25,32.62,1,1,85.69,1,HARDER
5,74.53,126.23,1,1,71.35,3,EASIER
7,78.89,42.3,1,1,75.01,5,SAME
6,52.75,46.57,4,3,49.31,4,EASIER
7,33.46,121.15,2,3,24.49,5,EASIER
5,59.4,26.03,4,3,54.3,3,EASIER
3,69.35,26.99,1,2,63.23,1,SAME
4,54.06,50.93,4,3,50.93,2,EASIER
7,53.48,55.71,5,3,48.44,5,EASIER
3,66.73,26.52,1,2,63.22,1,SAME
3,100.0,14.58,2,1,94.31,1,HARDER
7,57.96,237.01,1,2,58.32,5,EASIER
3,92.59,27.41,1,0,91.72,1,HARDER
7,26.25,79.02,4,5,17.84,5,SAME
6,69.98,43.07,1,1,63.35,4,SAME
6,48.11,100.39,3,3,47.36,4,EASIER
5,62.05,113.59,1,1,59.65,3,SAME
3,87.63,17.74,1,1,85.15,1,HARDER
5,100.0,46.66,1,0,100.0,3,HARDER
7,42.68,74.34,5,4,34.16,5,EASIER
7,26.64,261.45,4,5,19.34,5,EASIER
5,66.13,22.55,3,2,65.96,3,SAME
7,27.21,225.69,4,5,20.18,5,EASIER
6,55.8,67.4,4,4,49.74,4,EASIER
3,75.51,24.22,1,1,75.3,1,SAME
6,50.45,68.69,5,3,47.22,4,EASIER
6,44.35,92.88,2,2,40.75,4,EASIER
5,65.89,40.41,2,2,64.65,3,SAME
6,55.43,142.18,4,2,55.44,4,EASIER
7,46.68,203.86,5,3,41.44,5,EASIER
5,44.31,35.65,2,3,42.04,3,EASIER
4,61.89,52.0,2,2,65.42,2,SAME
7,55.26,92.22,2,3,53.3,5,EASIER
7,69.82,115.2,1,2,66.67,5,SAME
6,40.51,181.24,3,4,31.68,4,EASIER
6,54.88,57.76,3,3,48.96,4,EASIER
3,88.56,37.76,1,0,86.18,1,SAME
5,74.28,72.73,1,1,71.67,3,SAME
3,89.05,22.93,1,1,91.48,1,HARDER
5,75.88,69.57,1,1,78.13,3,SAME
7,72.34,128.24,2,2,75.03,5,SAME
4,67.46,22.05,3,3,60.7,2,EASIER
7,76.71,80.47,1,0,76.22,5,SAME
3,75.29,15.7,3,0,70.17,1,SAME
3,75.07,22.1,2,1,76.56,1,SAME
7,43.22,233.12,2,2,45.73,5,EASIER
3,70.32,32.38,1,2,64.29,1,SAME
6,57.87,38.93,1,3,59.62,4,EASIER
6,40.81,71.13,4,4,35.73,4,EASIER
4,85.0,42.41,1,0,87.54,2,HARDER
3,100.0,34.81,2,0,96.59,1,SAME
4,72.99,27.99,2,1,73.47,2,SAME
3,78.48,14.41,1,1,80.75,1,SAME
6,72.22,79.63,2,0,70.17,4,SAME
7,54.76,152.72,2,3,51.65,5,EASIER
7,53.53,127.29,4,3,50.0,5,EASIER
7,45.69,69.15,5,4,39.91,5,EASIER
6,38.42,204.2,5,4,36.74,4,EASIER
7,66.91,106.13,1,1,65.52,5,SAME
6,66.02,90.69,3,1,67.01,4,SAME
6,65.93,58.12,3,3,64.83,4,EASIER
7,38.0,204.7,5,4,26.61,5,EASIER
4,86.25,49.72,2,1,84.66,2,SAME
5,68.45,67.78,2,2,63.9,3,SAME
7,47.09,59.79,2,2,42.99,5,EASIER
4,68.26,63.55,3,2,63.23,2,SAME
4,71.26,54.24,2,2,66.86,2,SAME
3,78.67,39.27,1,1,71.75,1,SAME
4,80.52,38.67,4,1,77.19,2,EASIER
5,69.88,55.89,2,2,63.46,3,SAME
7,51.44,101.42,1,2,46.13,5,EASIER
3,100.0,68.93,1,0,100.0,1,SAME
6,71.26,61.85,1,0,75.22,4,SAME
6,66.94,44.25,3,2,65.31,4,SAME
7,44.94,91.38,3,2,43.43,5,EASIER
6,48.54,62.15,5,3,41.63,4,EASIER
3,95.53,43.79,1,0,93.24,1,SAME
5,71.15,29.64,2,1,69.53,3,SAME
7,56.09,82.48,1,2,52.99,5,SAME
7,66.43,124.25,1,1,66.76,5,SAME
6,49.47,158.58,4,3,46.31,4,EASIER
7,24.52,165.2,4,5,18.29,5,EASIER
6,59.97,190.3,5,3,61.03,4,EASIER
3,100.0,29.16,1,0,100.0,1,HARDER
7,57.61,100.24,2,3,55.09,5,EASIER
3,98.46,36.58,1,1,100.0,1,SAME
4,76.81,19.99,2,2,74.69,2,SAME
4,70.05,17.01,2,1,68.14,2,SAME
6,76.12,136.23,1,1,71.14,4,SAME
3,66.83,27.46,3,3,58.67,1,EASIER
6,41.81,135.37,5,5,36.71,4,EASIER
7,34.75,70.38,4,4,29.47,5,EASIER
6,54.55,159.94,1,1,55.44,4,EASIER
4,84.49,52.07,1,0,83.99,2,SAME
7,53.47,110.12,4,4,45.49,5,EASIER
4,86.57,41.89,1,1,81.93,2,HARDER
6,62.41,98.21,2,2,60.05,4,SAME
5,50.25,37.95,2,2,45.76,3,EASIER
3,87.8,21.06,1,0,86.19,1,HARDER
3,74.17,28.97,1,1,78.69,1,SAME
3,90.64,20.69,1,0,94.35,1,HARDER
7,55.94,50.28,2,2,51.44,5,SAME
7,46.8,131.53,3,4,43.92,5,EASIER
5,53.28,87.73,4,3,47.43,3,EASIER
7,61.45,200.51,1,1,62.31,5,SAME
3,95.7,31.68,1,0,98.07,1,HARDER
7,61.68,174.95,1,2,51.89,5,SAME
4,92.87,60.44,1,0,92.42,2,SAME
3,63.36,25.9,1,2,61.09,1,SAME
6,51.97,27.25,2,3,45.78,4,EASIER
4,72.64,65.54,3,2,68.34,2,SAME
4,63.06,24.97,4,2,59.42,2,EASIER
6,53.52,45.54,2,2,49.9,4,EASIER
4,88.79,22.62,1,0,85.76,2,HARDER
6,46.77,298.48,3,3,41.72,4,EASIER
3,74.24,30.41,2,1,69.72,1,SAME
3,82.91,15.73,1,1,82.26,1,SAME
4,45.0,27.56,4,3,36.55,2,EASIER
6,61.91,81.97,2,3,53.64,4,EASIER
4,61.62,49.03,4,2,63.49,2,EASIER
3,64.08,28.31,3,2,64.94,1,SAME
6,36.26,50.59,5,5,32.78,4,EASIER
5,75.65,67.86,1,1,75.61,3,SAME
5,87.11,42.86,1,1,87.9,3,HARDER
4,77.84,62.16,1,1,84.01,2,SAME
3,73.01,25.63,2,1,65.85,1,SAME
3,100.0,17.83,1,0,100.0,1,HARDER
6,74.8,117.33,1,1,77.69,4,SAME
3,75.33,29.65,1,3,67.5,1,EASIER
4,91.85,30.4,1,0,90.61,2,HARDER
7,31.85,166.73,4,5,21.52,5,EASIER
4,66.23,51.07,5,3,58.35,2,EASIER
6,59.73,153.19,1,3,50.11,4,EASIER
4,63.04,53.06,1,1,62.55,2,SAME
7,35.73,99.67,4,3,34.36,5,EASIER
7,39.33,44.57,3,3,36.0,5,EASIER
5,62.23,63.61,2,2,58.36,3,SAME
6,36.47,97.95,2,3,31.96,4,EASIER
5,68.57,59.49,2,1,66.71,3,SAME
7,40.61,21.71,1,3,40.49,5,EASIER
4,74.46,52.28,2,0,73.13,2,SAME
7,8.46,68.13,5,6,1.78,5,EASIER
6,27.13,117.13,5,5,30.25,4,EASIER
6,52.71,198.56,3,4,47.26,4,EASIER
4,91.68,33.74,1,0,86.87,2,HARDER
7,23.83,142.23,5,5,23.57,5,EASIER
6,61.89,83.41,3,3,54.04,4,EASIER
7,25.93,149.15,3,3,24.75,5,EASIER
7,66.21,118.5,2,2,65.78,5,SAME
3,95.95,19.86,2,1,93.35,1,HARDER
7,39.67,68.4,4,4,30.74,5,EASIER
7,31.79,266.48,3,4,30.42,5,EASIER
4,57.48,46.7,1,2,53.79,2,SAME
7,50.2,176.11,2,2,43.2,5,EASIER
5,76.23,70.67,2,2,76.08,3,SAME
4,86.21,60.11,1,0,87.69,2,SAME
4,85.65,24.94,1,0,80.39,2,HARDER
4,68.11,39.52,1,1,69.32,2,SAME
3,83.92,31.31,2,1,83.25,1,SAME
6,47.22,160.6,2,3,45.15,4,EASIER
6,61.18,300.0,2,2,65.52,4,EASIER
6,54.07,101.35,4,3,46.59,4,EASIER
5,79.93,41.81,1,2,77.7,3,SAME
4,84.44,21.66,1,1,82.82,2,SAME
6,59.56,51.22,1,2,58.92,4,SAME
7,33.01,73.45,4,4,25.2,5,EASIER
3,100.0,8.0,1,1,99.72,1,HARDER
4,74.15,27.66,1,2,75.39,2,HARDER
7,44.9,165.53,3,3,46.25,5,EASIER
7,49.72,116.7,3,4,45.24,5,EASIER
7,49.02,97.28,3,4,39.48,5,EASIER
3,91.96,12.15,1,1,93.83,1,HARDER
5,87.39,97.55,2,1,81.01,3,SAME
3,84.06,31.39,2,1,76.65,1,SAME
7,47.46,111.21,4,4,39.24,5,EASIER
5,66.65,19.5,2,1,62.26,3,SAME
4,53.85,30.17,5,3,50.07,2,EASIER
3,94.72,30.32,1,1,96.35,1,HARDER
6,64.44,80.79,4,4,59.89,4,EASIER
7,69.19,124.35,2,1,62.28,5,SAME
7,17.17,162.73,2,5,5.26,5,EASIER
7,29.75,121.85,3,3,24.76,5,EASIER
7,68.03,159.58,3,2,64.9,5,SAME
6,64.14,52.88,1,2,63.69,4,SAME
7,37.77,57.52,4,4,34.19,5,EASIER
7,46.94,145.28,2,3,44.0,5,EASIER
5,53.77,81.31,2,2,47.96,3,EASIER
6,59.46,107.4,1,2,48.01,4,EASIER
7,42.36,120.33,3,4,32.65,5,EASIER
3,84.48,21.64,1,1,86.84,1,SAME
6,51.47,91.51,2,2,56.27,4,EASIER
4,86.49,45.42,2,1,79.54,2,HARDER
3,88.55,30.4,1,1,82.82,1,HARDER
3,87.24,79.76,1,0,92.01,1,EASIER
3,90.99,16.6,1,1,89.7,1,HARDER
7,35.2,300.0,2,3,33.4,5,EASIER
6,62.22,42.66,1,2,55.49,4,SAME
3,66.32,29.68,2,2,63.13,1,SAME
6,77.96,44.05,1,1,82.01,4,SAME
6,53.24,96.16,3,2,49.78,4,EASIER
5,80.58,94.31,2,0,80.42,3,SAME
6,74.03,83.4,1,2,73.37,4,SAME
7,67.11,190.34,2,1,70.31,5,SAME
5,72.79,47.03,1,1,72.93,3,SAME
6,59.3,28.24,1,1,59.14,4,SAME
5,95.77,79.1,1,1,92.25,3,SAME
4,89.64,38.55,2,0,91.97,2,HARDER
7,35.52,86.24,2,3,32.85,5,EASIER
5,75.04,47.33,2,2,74.5,3,SAME
6,76.23,101.31,1,1,77.86,4,SAME
6,46.54,53.69,4,4,43.79,4,EASIER
6,47.45,99.67,2,2,46.04,4,EASIER
6,62.34,152.14,1,1,58.79,4,SAME
6,52.54,239.36,2,3,50.6,4,EASIER
5,36.61,116.24,5,4,34.09,3,HARDER
6,63.35,89.2,3,2,61.43,4,SAME
5,58.69,65.89,1,2,54.67,3,SAME
4,85.94,31.48,1,2,84.39,2,SAME
6,77.34,64.37,3,2,72.67,4,SAME
7,43.13,180.14,4,3,36.34,5,EASIER
6,85.9,69.88,1,0,86.32,4,HARDER
6,67.13,99.2,1,1,65.98,4,SAME
7,65.29,66.28,1,2,59.95,5,SAME
4,76.49,72.36,1,2,75.42,2,SAME
3,85.61,21.66,1,1,85.4,1,HARDER
4,87.55,63.37,1,1,83.17,2,SAME
6,59.68,56.87,1,2,58.59,4,SAME
7,51.17,74.15,4,4,43.98,5,EASIER
5,71.05,111.92,2,2,71.68,3,SAME
6,49.63,59.22,2,4,40.5,4,HARDER
3,79.66,12.44,4,1,78.05,1,EASIER
6,86.18,47.75,2,2,83.52,4,SAME
6,76.1,128.02,1,1,74.93,4,SAME
5,46.55,84.52,2,3,47.83,3,EASIER
6,89.13,55.16,2,2,88.92,4,SAME
5,45.64,42.43,2,2,43.7,3,EASIER
5,49.28,80.93,2,3,45.11,3,EASIER
6,37.23,162.55,2,3,35.8,4,EASIER
6,59.96,79.12,2,3,51.64,4,EASIER
4,47.7,49.31,3,3,46.01,2,EASIER
4,57.73,57.29,1,1,55.11,2,SAME
5,53.48,168.37,2,2,47.21,3,EASIER
4,61.92,22.07,3,2,59.55,2,SAME
4,80.58,27.75,1,0,79.62,2,SAME
4,89.1,29.95,1,1,90.38,2,HARDER
4,98.56,56.07,1,1,96.5,2,SAME
5,69.5,51.2,2,1,70.84,3,SAME
5,59.98,67.69,4,4,55.8,3,EASIER
6,45.18,87.36,4,4,37.86,4,EASIER
4,89.63,38.03,2,1,85.99,2,HARDER
7,71.99,118.75,2,2,71.41,5,SAME
5,67.24,96.57,1,2,65.69,3,SAME
6,48.04,49.5,2,2,44.19,4,EASIER
3,83.34,23.4,1,1,84.41,1,SAME
3,63.68,14.56,4,2,58.79,1,EASIER
5,73.83,64.88,1,2,70.99,3,EASIER
4,83.88,34.66,1,1,80.06,2,SAME
5,71.17,98.47,1,2,67.42,3,SAME
3,68.9,24.95,2,2,67.15,1,SAME
5,67.07,46.56,2,2,60.17,3,SAME
6,72.91,72.13,1,1,73.27,4,SAME
6,62.93,200.92,3,2,61.61,4,EASIER
4,77.47,18.17,1,2,77.72,2,SAME
4,76.51,28.29,2,1,78.91,2,SAME
5,75.26,59.04,1,1,76.02,3,SAME
5,64.03,42.33,2,2,63.44,3,SAME
6,55.42,105.83,2,2,48.93,4,EASIER
4,63.23,37.0,1,1,63.89,2,SAME
6,59.7,93.68,3,3,59.29,4,EASIER
7,41.47,119.43,5,3,40.89,5,EASIER
4,79.16,36.2,1,1,79.26,2,SAME
7,61.2,55.42,2,1,63.25,5,SAME
4,64.3,41.28,1,2,67.44,2,SAME
4,92.95,16.59,2,1,90.45,2,HARDER
6,47.22,57.82,3,3,46.32,4,EASIER
6,50.9,105.75,3,3,49.23,4,EASIER
5,76.15,104.52,2,2,70.91,3,SAME
4,40.62,114.64,4,3,37.76,2,EASIER
3,84.42,20.66,1,0,86.65,1,SAME
7,33.72,69.9,4,4,26.19,5,EASIER
7,44.75,148.88,4,3,37.52,5,EASIER
7,37.3,300.0,1,3,35.03,5,EASIER
5,79.78,123.86,1,2,77.25,3,EASIER
7,37.52,63.71,5,4,30.25,5,EASIER
5,59.56,54.1,1,2,52.18,3,SAME
3,91.07,36.5,2,0,91.76,1,SAME
3,100.0,37.64,1,0,98.91,1,SAME
4,65.77,50.19,2,1,60.8,2,SAME
4,78.09,30.77,1,0,79.77,2,SAME
7,31.12,153.89,3,3,28.05,5,EASIER
4,81.45,58.81,1,1,77.24,2,HARDER
6,81.76,50.5,1,0,79.0,4,SAME
4,59.64,71.01,3,3,52.32,2,EASIER
6,48.18,137.35,2,3,45.06,4,EASIER
5,76.76,40.17,3,2,76.26,3,SAME
3,80.35,37.73,1,0,74.02,1,SAME
5,66.63,86.74,1,2,62.49,3,SAME
3,72.24,36.51,3,2,69.06,1,SAME
7,17.46,264.38,3,4,21.88,5,EASIER
6,46.5,81.56,3,2,43.56,4,EASIER
7,81.51,134.18,1,2,76.84,5,SAME
7,56.68,26.59,3,2,57.21,5,SAME
4,81.45,64.2,2,1,76.33,2,SAME
6,72.11,139.34,1,1,66.21,4,SAME
3,95.07,45.71,1,0,97.24,1,SAME
7,58.34,67.22,1,2,56.88,5,SAME
6,36.82,135.23,5,4,28.28,4,EASIER
6,41.31,139.28,5,3,38.53,4,EASIER
7,57.66,78.55,1,1,55.35,5,SAME
7,49.44,199.14,4,4,40.6,5,EASIER
7,27.75,144.15,3,4,25.78,5,EASIER
3,65.48,11.74,4,2,60.66,1,EASIER
3,100.0,32.43,1,0,100.0,1,HARDER
7,73.94,73.73,1,1,77.01,5,SAME
4,64.48,17.29,3,3,62.76,2,EASIER
5,51.5,69.54,5,2,46.46,3,EASIER
3,93.33,24.28,1,0,97.65,1,HARDER
6,79.86,170.15,2,1,77.54,4,EASIER
7,32.27,123.66,4,4,23.7,5,EASIER
7,60.56,171.19,1,2,57.68,5,SAME
5,50.1,74.61,4,3,43.18,3,EASIER
6,61.17,139.44,4,3,53.8,4,EASIER
5,75.47,37.4,1,1,71.59,3,SAME
5,69.69,63.99,1,2,74.48,3,SAME
5,85.12,54.1,1,0,87.46,3,HARDER
7,22.39,159.93,5,5,9.99,5,EASIER
4,71.67,42.85,3,2,71.37,2,SAME
5,84.38,42.8,1,1,85.94,3,SAME
6,29.94,68.79,4,5,19.5,4,EASIER
5,41.19,131.16,4,4,34.07,3,EASIER
3,97.03,11.76,3,1,89.27,1,SAME
4,85.22,53.04,1,1,82.67,2,SAME
6,30.52,156.38,4,4,18.96,4,EASIER
6,69.27,110.8,1,2,66.87,4,SAME
6,37.67,228.52,1,3,37.83,4,EASIER
7,44.84,186.79,3,4,41.58,5,EASIER
6,72.88,100.13,1,1,72.97,4,SAME
5,76.03,46.04,1,1,75.68,3,SAME
4,75.16,45.92,1,1,78.82,2,SAME
4,100.0,52.35,1,0,100.0,2,SAME
7,45.33,112.21,3,3,35.39,5,EASIER
5,35.18,40.15,4,5,27.52,3,EASIER
6,61.2,43.84,2,2,55.05,4,SAME
3,100.0,27.15,1,0,100.0,1,HARDER
3,100.0,12.94,2,0,100.0,1,SAME
4,40.35,30.45,3,3,33.48,2,EASIER
3,80.81,8.47,1,1,83.82,1,SAME
6,48.32,126.46,3,3,45.61,4,EASIER
6,45.43,149.43,4,4,47.63,4,EASIER
5,47.83,60.31,3,3,41.2,3,EASIER
4,85.96,89.87,1,1,83.92,2,EASIER
5,68.81,113.0,3,2,61.79,3,SAME
3,72.8,30.95,2,2,68.35,1,SAME
5,76.48,54.84,1,2,71.63,3,SAME
3,91.96,21.4,2,2,90.18,1,SAME
3,100.0,32.11,1,1,96.58,1,HARDER
3,100.0,23.48,1,1,97.56,1,HARDER
3,83.71,31.91,1,0,82.24,1,SAME
5,80.31,78.93,1,0,79.66,3,EASIER
5,74.42,51.77,1,1,74.7,3,SAME
6,28.72,144.97,5,5,14.6,4,EASIER
5,82.45,51.8,1,1,82.84,3,SAME
3,95.32,25.24,1,0,95.45,1,HARDER
3,82.92,16.18,2,2,78.32,1,SAME
6,67.02,71.24,3,2,63.86,4,SAME
7,30.84,300.0,3,4,26.09,5,EASIER
4,68.99,24.89,3,2,68.94,2,SAME
4,78.47,46.68,2,2,74.71,2,SAME
4,80.54,30.69,2,1,83.33,2,SAME
4,73.84,13.42,1,1,77.37,2,SAME
4,96.85,49.42,2,1,95.72,2,HARDER
5,70.4,44.04,3,2,73.23,3,SAME
6,61.83,96.8,2,1,56.35,4,SAME
6,65.84,137.19,1,1,61.33,4,SAME
7,53.94,127.28,2,2,54.06,5,EASIER
4,99.57,44.34,1,0,100.0,2,HARDER
5,87.54,37.74,1,1,83.0,3,HARDER
4,82.79,52.97,2,1,83.99,2,SAME
3,100.0,22.98,2,1,100.0,1,EASIER
4,90.51,14.85,1,1,87.03,2,HARDER
4,72.66,56.06,1,1,68.08,2,SAME
5,81.65,101.62,1,1,80.74,3,SAME
3,94.0,48.33,1,1,90.24,1,SAME
6,71.54,253.55,1,1,63.34,4,EASIER
7,38.5,170.73,5,4,35.18,5,EASIER
7,61.62,148.21,1,2,58.66,5,EASIER
3,92.35,40.63,2,1,89.28,1,SAME
3,71.52,16.85,1,0,73.86,1,SAME
7,47.27,45.03,4,4,41.12,5,EASIER
7,62.28,86.36,2,2,62.7,5,SAME
5,44.24,109.15,3,3,41.48,3,EASIER
4,64.36,27.85,4,2,58.25,2,EASIER
5,40.51,73.03,5,4,37.73,3,EASIER
5,49.67,77.03,4,3,48.45,3,EASIER
7,64.89,127.95,2,2,61.55,5,SAME
5,58.64,30.82,2,2,60.88,3,SAME
3,66.17,29.12,4,3,62.6,1,EASIER
6,31.81,65.86,5,4,27.77,4,SAME
6,56.14,198.78,2,1,54.65,4,EASIER
4,85.53,64.84,1,0,80.34,2,SAME
3,75.83,21.05,1,1,77.34,1,SAME
3,83.86,54.85,1,1,82.71,1,EASIER
7,52.08,135.07,2,3,43.91,5,EASIER
5,64.28,25.36,3,2,62.83,3,SAME
5,87.43,55.79,1,1,87.35,3,HARDER
7,32.59,273.07,2,3,28.66,5,EASIER
3,85.51,17.36,1,1,83.62,1,HARDER
4,98.42,36.8,1,0,98.77,2,HARDER
7,50.61,53.38,4,4,43.56,5,EASIER
5,66.42,32.0,1,2,64.06,3,SAME
3,67.74,17.25,4,3,61.9,1,EASIER
6,74.57,43.31,1,1,71.22,4,SAME
3,92.76,18.99,2,0,91.49,1,HARDER
6,63.87,202.48,1,3,62.3,4,EASIER
6,60.5,80.48,3,3,54.9,4,EASIER
7,41.98,171.85,4,4,36.25,5,EASIER
5,74.17,99.56,1,1,68.23,3,SAME
4,59.59,22.57,2,2,57.49,2,SAME
7,36.47,71.19,4,4,33.15,5,EASIER
5,88.47,84.73,1,0,90.09,3,SAME
6,72.48,58.96,2,1,69.01,4,SAME
3,89.1,34.13,1,1,88.45,1,SAME
6,44.19,196.16,3,4,36.61,4,EASIER
5,68.84,28.22,1,1,68.42,3,SAME
4,67.49,32.13,2,2,62.07,2,SAME
6,52.42,73.97,5,4,49.83,4,EASIER
3,79.52,19.78,2,2,80.42,1,SAME
6,73.25,59.77,1,1,71.29,4,SAME
7,89.47,85.65,1,1,86.13,5,HARDER
5,78.12,57.56,1,0,73.67,3,SAME
3,81.56,26.9,1,2,85.69,1,SAME
5,83.84,92.98,1,2,82.22,3,SAME
5,81.84,57.28,2,1,79.6,3,SAME
5,24.2,100.88,5,5,15.32,3,EASIER
4,83.72,28.77,3,2,77.56,2,SAME
6,60.08,43.9,1,3,58.19,4,EASIER
4,100.0,32.93,1,0,100.0,2,HARDER
5,75.84,72.92,3,1,72.84,3,SAME
5,75.96,88.8,1,1,75.72,3,SAME
6,53.25,175.22,1,2,52.17,4,EASIER
6,53.02,95.36,5,4,47.98,4,EASIER
7,42.07,168.83,4,4,41.55,5,EASIER
6,33.68,167.08,4,4,26.76,4,EASIER
6,54.76,54.68,4,3,45.89,4,EASIER
7,36.58,99.88,3,3,33.35,5,EASIER
4,71.81,139.76,2,1,69.55,2,EASIER
4,78.66,56.83,2,1,77.17,2,SAME
5,80.92,74.68,1,1,81.19,3,SAME
5,87.74,90.27,1,1,83.13,3,SAME
6,50.56,40.94,3,4,40.14,4,EASIER
3,82.96,18.75,1,0,85.43,1,SAME
3,83.3,15.93,2,2,80.94,1,SAME
6,70.37,101.94,2,1,73.62,4,SAME
7,32.69,91.6,5,4,29.38,5,HARDER
4,66.18,39.74,1,1,65.45,2,SAME
4,81.1,32.83,1,0,77.41,2,SAME
5,78.75,25.93,1,2,81.6,3,SAME
5,65.89,89.88,1,1,58.36,3,SAME
3,64.14,11.41,1,2,60.97,1,SAME
5,80.43,40.46,1,1,75.72,3,SAME
7,27.61,54.68,4,5,20.23,5,EASIER
6,80.65,51.9,1,0,81.24,4,SAME
7,59.3,125.02,5,4,50.89,5,SAME
6,47.26,155.86,2,3,39.55,4,EASIER
7,59.87,47.83,2,2,55.66,5,SAME
4,59.29,29.24,5,3,54.97,2,EASIER
3,66.12,11.48,2,2,64.77,1,SAME
3,63.34,19.1,1,2,61.76,1,SAME
7,40.73,116.48,2,3,34.8,5,EASIER
6,63.45,122.19,1,2,58.23,4,SAME
4,100.0,14.04,2,0,100.0,2,HARDER
7,52.17,151.19,3,2,44.76,5,EASIER
4,60.27,24.06,3,3,57.99,2,EASIER
5,67.17,31.77,1,0,64.99,3,SAME
4,76.37,39.22,1,2,74.15,2,SAME
3,68.69,33.05,1,1,71.2,1,SAME
4,46.26,36.25,5,4,40.22,2,EASIER
4,61.07,22.73,5,3,58.29,2,EASIER
5,74.51,55.17,1,2,72.0,3,SAME
3,85.51,18.1,1,0,86.29,1,HARDER
4,78.17,50.48,3,3,73.88,2,EASIER
5,54.34,98.77,2,2,52.7,3,EASIER
4,65.86,61.13,4,2,61.31,2,EASIER
6,36.45,81.16,4,4,29.21,4,SAME
6,59.94,147.01,3,3,53.31,4,EASIER
7,49.7,64.2,3,3,47.77,5,EASIER
7,50.09,295.94,1,3,52.66,5,EASIER
4,82.52,23.46,1,0,85.78,2,SAME
6,54.99,28.53,4,3,52.84,4,EASIER
6,53.83,166.79,1,2,48.97,4,EASIER
5,88.12,40.81,1,1,81.11,3,HARDER
6,45.77,87.13,4,4,33.05,4,EASIER
3,95.43,15.8,1,0,87.4,1,HARDER
4,78.06,115.41,2,2,75.17,2,EASIER
7,25.54,300.0,3,4,17.3,5,EASIER
7,56.58,260.18,1,2,54.46,5,EASIER
3,81.73,26.0,1,0,83.56,1,SAME
5,56.61,94.24,1,2,52.38,3,SAME
4,86.13,37.06,1,0,83.88,2,HARDER
3,100.0,41.19,1,0,100.0,1,SAME
3,68.79,20.83,3,2,67.45,1,SAME
5,56.1,127.09,4,3,51.88,3,EASIER
6,79.01,64.53,1,0,79.62,4,SAME
5,57.24,48.84,2,3,55.52,3,EASIER
4,77.2,30.52,1,1,74.35,2,SAME
6,76.05,90.63,2,2,76.14,4,SAME
6,49.21,67.01,5,5,43.75,4,EASIER
7,61.05,146.07,1,1,64.21,5,SAME
4,38.65,30.31,5,3,38.99,2,SAME
4,76.28,55.11,1,1,76.96,2,SAME
5,70.53,122.98,2,2,71.14,3,EASIER
5,14.24,60.27,5,5,6.91,3,EASIER
5,69.66,173.91,2,1,70.6,3,EASIER
7,46.85,207.06,4,3,38.54,5,EASIER
3,100.0,64.74,1,1,100.0,1,EASIER
5,84.01,56.27,2,1,83.17,3,SAME
5,81.41,25.48,1,1,76.77,3,SAME
4,92.56,27.27,1,0,95.26,2,HARDER
6,66.08,59.89,1,2,66.73,4,SAME
7,42.92,66.63,3,4,37.71,5,EASIER
5,74.81,19.56,2,2,71.19,3,SAME
3,79.79,39.44,1,1,72.57,1,SAME
3,78.3,10.93,2,1,76.74,1,SAME
5,98.39,91.86,1,0,100.0,3,SAME
6,33.98,255.5,3,4,26.46,4,EASIER
4,72.6,26.36,3,2,68.13,2,SAME
4,65.53,45.59,1,1,67.56,2,SAME
7,39.95,90.13,3,4,29.63,5,EASIER
3,66.16,36.12,3,1,63.16,1,SAME
3,81.63,14.69,2,1,82.37,1,SAME
3,52.32,23.58,5,4,48.8,1,EASIER
7,52.3,206.34,1,2,45.9,5,EASIER
5,71.38,56.61,1,2,71.06,3,SAME
3,80.77,12.11,2,0,83.38,1,SAME
4,63.21,68.11,1,2,58.37,2,SAME
7,38.75,55.27,2,2,35.91,5,EASIER
6,71.2,85.43,2,2,71.09,4,SAME
4,69.62,49.97,2,2,66.03,2,SAME
4,71.89,40.2,3,1,65.8,2,SAME
3,82.99,77.33,2,0,85.31,1,EASIER
6,46.65,120.1,4,4,44.53,4,EASIER
3,75.07,22.85,1,1,74.55,1,SAME
4,46.3,50.44,3,3,40.7,2,SAME
4,78.95,41.94,1,1,77.61,2,SAME
6,42.08,83.91,5,3,34.89,4,EASIER
6,63.32,93.08,4,3,53.29,4,EASIER
6,63.49,65.43,5,3,61.57,4,EASIER
4,73.34,42.0,3,2,73.37,2,SAME
4,68.88,29.96,3,1,70.02,2,SAME
4,82.89,15.59,1,2,80.25,2,SAME
3,73.9,41.52,3,2,75.33,1,SAME
6,62.21,61.11,1,3,58.1,4,EASIER
5,70.33,62.2,4,2,67.75,3,EASIER
5,65.2,39.81,2,2,52.55,3,EASIER
7,59.52,75.23,2,2,55.75,5,SAME
3,93.35,15.75,1,0,87.41,1,HARDER
7,23.99,187.79,2,4,22.16,5,EASIER
6,38.84,152.23,3,4,33.05,4,EASIER
4,80.54,38.47,2,1,83.08,2,SAME
6,76.44,62.03,2,1,71.55,4,SAME
6,64.94,34.0,2,2,62.06,4,SAME
4,89.93,55.23,1,1,87.19,2,SAME
4,71.77,27.65,1,1,63.48,2,SAME
7,49.3,60.92,3,3,48.81,5,EASIER
3,70.03,25.33,2,2,69.98,1,SAME
3,98.52,21.55,1,0,99.33,1,HARDER
6,56.47,37.24,3,3,54.07,4,EASIER
7,54.09,52.77,5,3,47.25,5,EASIER
5,61.92,68.51,3,2,55.31,3,SAME
3,72.63,18.67,1,1,68.9,1,SAME
5,65.27,74.67,3,2,59.87,3,SAME
4,78.73,40.71,1,1,76.43,2,SAME
7,66.57,198.23,1,2,64.3,5,SAME
6,61.99,53.2,1,2,58.28,4,SAME
4,97.4,42.39,1,1,100.0,2,HARDER
6,31.14,114.28,4,4,20.29,4,EASIER
6,64.53,59.21,4,3,62.09,4,EASIER
6,42.67,147.36,2,2,37.31,4,EASIER
4,75.34,17.36,1,1,72.77,2,SAME
5,84.47,38.4,1,1,87.97,3,SAME
3,92.55,11.71,4,2,87.99,1,EASIER
5,77.93,40.29,1,1,74.63,3,SAME
4,68.56,35.34,1,2,63.94,2,SAME
5,20.92,87.53,5,6,11.23,3,EASIER
7,73.47,102.91,1,1,72.07,5,SAME
7,81.13,80.97,1,1,79.17,5,SAME
5,61.02,26.94,5,3,51.07,3,EASIER
6,71.85,43.61,1,1,67.55,4,SAME
3,81.3,28.7,1,1,82.85,1,SAME
5,73.1,89.73,2,1,74.28,3,SAME
6,73.85,65.94,1,1,73.05,4,SAME
6,64.99,153.92,4,2,60.62,4,SAME
7,47.68,66.74,4,3,43.31,5,EASIER
5,79.74,47.8,2,2,74.4,3,SAME
7,61.68,94.79,1,2,62.38,5,SAME
7,33.47,257.76,2,3,32.14,5,EASIER
5,55.23,61.97,4,2,52.77,3,SAME
3,63.37,11.23,1,0,61.51,1,SAME
4,82.05,59.43,1,0,83.29,2,SAME
6,62.85,214.13,1,1,63.16,4,EASIER
5,56.82,51.26,3,3,52.61,3,EASIER
7,38.89,68.69,5,4,30.23,5,EASIER
7,62.41,179.38,2,1,63.98,5,SAME
3,88.6,59.92,1,1,88.97,1,EASIER
7,35.64,177.87,4,3,28.02,5,EASIER
4,79.65,17.72,1,1,78.49,2,SAME
7,48.59,168.98,2,2,42.95,5,EASIER
5,97.68,70.85,1,1,95.3,3,HARDER
5,68.24,36.16,1,1,65.97,3,SAME
3,81.45,44.36,1,0,77.84,1,SAME
3,92.96,30.38,2,1,88.81,1,HARDER
5,64.24,111.2,1,1,66.38,3,SAME
5,86.66,34.3,1,1,79.74,3,HARDER
5,58.68,70.66,2,2,57.51,3,SAME
3,82.88,16.79,2,1,81.98,1,SAME
5,79.6,65.56,2,1,81.09,3,SAME
3,74.64,48.24,1,1,69.18,1,SAME
3,98.06,13.25,1,0,99.33,1,HARDER
5,79.91,29.45,2,1,81.72,3,SAME
6,55.86,134.77,2,3,59.48,4,EASIER
6,77.09,81.4,2,1,76.77,4,SAME
7,39.09,212.05,3,4,34.19,5,EASIER
7,40.86,72.13,4,4,33.91,5,EASIER
4,91.79,38.93,1,1,94.56,2,HARDER
6,59.75,117.28,4,3,53.0,4,EASIER
3,58.71,27.45,1,2,55.15,1,SAME
7,33.09,42.25,2,3,23.44,5,EASIER
4,54.42,143.2,2,2,46.29,2,EASIER
6,62.1,91.57,3,3,55.75,4,EASIER
7,44.42,53.95,4,2,40.95,5,EASIER
6,41.11,96.55,2,2,38.34,4,EASIER
7,67.98,141.51,3,2,57.94,5,EASIER
3,95.15,38.91,1,0,97.6,1,SAME
3,86.13,37.77,1,0,80.16,1,SAME
6,75.53,73.37,1,1,70.65,4,SAME
5,52.57,24.73,4,4,45.8,3,EASIER
3,100.0,30.7,1,0,100.0,1,HARDER
6,70.84,34.91,3,3,65.35,4,EASIER
3,100.0,42.93,1,1,98.13,1,SAME
7,47.36,75.12,4,4,34.55,5,EASIER
3,90.57,33.16,1,0,92.76,1,HARDER
5,88.38,41.91,1,0,84.83,3,HARDER
7,81.7,85.66,1,1,81.16,5,SAME
5,74.14,39.02,1,2,74.38,3,SAME
6,76.07,119.0,2,2,70.87,4,SAME
6,49.96,59.36,3,4,42.21,4,EASIER
7,28.71,170.26,4,6,22.36,5,SAME
5,81.1,43.2,1,1,79.89,3,SAME
7,33.91,98.73,4,4,29.76,5,EASIER
5,56.06,59.03,1,2,54.3,3,SAME
7,32.13,121.79,5,4,26.34,5,EASIER
6,96.63,50.71,1,1,94.38,4,HARDER
3,61.85,34.19,2,2,59.04,1,SAME
6,79.57,71.21,1,1,81.52,4,SAME
7,43.16,150.64,3,3,40.38,5,EASIER
3,82.3,24.82,1,1,77.22,1,SAME
7,36.38,154.18,3,3,27.41,5,EASIER
3,63.1,20.82,5,4,58.66,1,EASIER
7,45.93,72.83,3,2,34.9,5,EASIER
6,75.05,102.38,1,2,67.54,4,SAME
3,100.0,20.07,1,0,96.97,1,HARDER
6,65.13,175.09,1,1,65.51,4,EASIER
3,83.26,25.76,1,1,84.86,1,SAME
5,81.32,29.39,1,1,79.38,3,SAME
7,41.96,81.4,3,3,35.28,5,EASIER
4,57.96,23.76,4,3,52.93,2,EASIER
3,81.29,40.3,1,1,88.98,1,SAME
5,64.33,85.06,4,3,62.37,3,EASIER
4,79.63,36.93,3,1,75.77,2,SAME
3,80.83,28.44,2,1,78.52,1,SAME
5,46.95,55.54,3,3,37.96,3,EASIER
4,58.71,56.94,3,3,54.22,2,EASIER
3,89.02,31.51,1,1,85.86,1,HARDER
4,67.74,52.8,5,3,62.77,2,EASIER
3,56.73,22.95,1,3,47.99,1,EASIER
7,65.71,79.38,1,3,62.39,5,EASIER
7,45.54,160.93,4,3,41.9,5,EASIER
4,88.46,78.78,1,0,91.81,2,EASIER
7,63.49,204.64,1,1,58.27,5,SAME
5,83.18,126.9,1,0,81.07,3,EASIER
7,52.72,122.34,2,1,54.0,5,EASIER
3,98.29,16.24,1,0,99.79,1,HARDER
4,63.69,25.11,1,2,61.92,2,SAME
6,58.23,168.02,1,2,56.76,4,EASIER
4,80.82,15.84,2,0,83.06,2,SAME
7,46.21,254.32,1,1,50.29,5,EASIER
5,51.86,39.27,3,3,52.58,3,EASIER
5,41.56,150.28,4,5,32.75,3,EASIER
5,70.31,56.01,3,3,68.13,3,EASIER
6,65.81,119.4,1,2,57.62,4,SAME
3,85.81,72.26,1,0,87.08,1,EASIER
6,74.28,69.06,1,1,73.85,4,SAME
6,44.99,68.46,5,4,40.02,4,EASIER
7,79.17,76.69,1,1,85.52,5,SAME
7,75.99,64.88,1,1,77.34,5,SAME
6,74.72,69.08,1,1,73.45,4,SAME
5,45.98,44.07,5,5,32.99,3,EASIER
5,91.96,31.24,1,1,91.48,3,HARDER
4,100.0,34.42,1,1,100.0,2,HARDER
7,43.72,143.11,1,2,33.75,5,EASIER
4,69.25,24.94,3,2,68.16,2,SAME
5,68.11,53.52,2,2,63.97,3,SAME
3,56.85,46.75,4,3,54.95,1,EASIER
4,57.71,19.5,4,3,51.01,2,EASIER
4,68.53,94.2,2,3,62.71,2,EASIER
5,88.92,41.55,1,2,88.45,3,SAME
5,33.4,64.06,5,4,27.68,3,EASIER
6,59.68,159.47,2,2,58.84,4,SAME
5,56.14,127.06,2,2,55.49,3,EASIER
3,96.26,30.81,2,0,96.41,1,HARDER
5,64.33,41.13,3,3,67.3,3,EASIER
3,79.52,17.65,4,2,74.87,1,EASIER
7,36.23,81.87,5,4,31.81,5,EASIER
6,34.38,219.01,2,5,32.96,4,EASIER
4,78.34,31.74,1,1,73.74,2,SAME
4,81.6,44.24,4,2,78.41,2,EASIER
3,96.52,15.71,1,0,98.23,1,HARDER
4,99.27,22.07,2,0,92.95,2,HARDER
3,100.0,25.3,1,0,98.47,1,HARDER
7,49.4,93.83,2,3,46.93,5,EASIER
3,75.67,22.35,1,0,78.93,1,SAME
6,68.4,38.0,3,2,65.59,4,SAME
5,60.6,55.93,5,3,58.89,3,EASIER
4,60.23,78.71,4,2,57.43,2,EASIER
7,33.08,70.36,3,3,26.36,5,EASIER
3,83.19,37.27,1,1,80.82,1,SAME
7,50.93,16.95,3,3,45.68,5,EASIER
6,71.59,54.03,2,2,69.7,4,SAME
6,52.12,30.37,2,3,48.4,4,EASIER
7,37.79,219.69,5,4,30.5,5,EASIER
5,76.32,89.61,2,1,70.76,3,SAME
4,93.0,23.37,1,1,96.25,2,HARDER
3,88.65,28.43,2,1,89.31,1,HARDER
7,23.89,215.6,2,4,18.44,5,EASIER
5,76.05,113.55,1,1,77.15,3,SAME
7,37.8,89.78,4,5,33.13,5,EASIER
4,90.41,13.46,1,0,91.51,2,HARDER
7,31.51,68.63,3,5,21.59,5,EASIER
7,15.19,170.04,4,5,6.15,5,EASIER
4,85.44,101.91,1,1,88.11,2,EASIER
5,60.21,56.46,2,3,52.1,3,EASIER
6,39.59,59.81,2,3,34.13,4,EASIER
4,59.02,117.36,2,2,58.99,2,EASIER
3,66.8,29.95,4,2,61.6,1,EASIER
4,82.39,21.34,3,2,79.35,2,SAME
5,77.43,54.68,1,0,75.69,3,SAME
3,82.53,39.01,1,2,80.84,1,SAME
4,81.16,36.76,1,1,75.88,2,SAME
7,66.46,172.68,1,1,67.5,5,SAME
3,96.06,12.24,1,0,96.95,1,HARDER
3,97.88,13.21,1,0,95.23,1,HARDER
5,89.21,40.31,2,1,83.53,3,HARDER
3,83.52,22.05,2,1,85.11,1,SAME
3,97.46,29.01,1,0,96.92,1,HARDER
3,51.77,33.19,3,2,42.01,1,EASIER
3,80.99,74.91,2,2,76.32,1,EASIER
7,27.15,74.89,4,5,25.43,5,EASIER
3,83.06,21.74,1,1,77.52,1,SAME
5,71.95,40.8,1,2,69.07,3,SAME
6,65.02,143.74,1,2,64.49,4,SAME
6,58.32,147.88,1,2,53.56,4,SAME
6,37.79,64.97,5,4,27.61,4,EASIER
4,86.16,100.33,1,0,86.47,2,EASIER
7,56.97,76.11,2,2,53.14,5,SAME
3,88.1,39.54,1,0,86.2,1,SAME
3,81.13,47.76,2,1,80.79,1,SAME
7,32.48,53.33,5,5,29.73,5,EASIER
3,100.0,32.33,1,1,95.86,1,HARDER
3,81.99,8.0,2,0,82.08,1,SAME
3,100.0,36.08,1,0,100.0,1,SAME
3,95.01,15.31,1,0,95.46,1,HARDER
3,97.64,32.18,1,0,93.05,1,HARDER
5,64.42,84.28,2,2,59.6,3,SAME
6,70.91,146.82,1,1,68.39,4,SAME
3,100.0,37.15,1,0,99.17,1,SAME
7,51.04,115.46,3,3,51.35,5,EASIER
3,78.74,21.11,2,1,71.23,1,SAME
6,68.04,78.89,3,2,69.89,4,SAME
7,77.55,60.96,2,1,72.85,5,SAME
5,53.62,52.23,2,2,47.38,3,EASIER
5,50.78,50.23,4,3,44.32,3,EASIER
3,75.5,17.6,3,2,75.46,1,SAME
4,80.04,16.76,1,1,81.26,2,SAME
7,62.32,55.84,1,2,58.38,5,SAME
4,65.97,8.65,2,1,63.34,2,SAME
3,100.0,21.8,1,0,99.45,1,HARDER
6,47.94,98.91,4,3,43.19,4,EASIER
6,72.74,20.32,1,2,69.46,4,SAME
3,86.65,27.78,1,1,88.48,1,HARDER
3,75.41,23.67,2,1,74.8,1,SAME
3,82.75,14.81,1,1,83.72,1,SAME
3,100.0,20.64,1,0,97.49,1,HARDER
6,33.41,141.62,4,4,23.0,4,EASIER
3,85.65,16.21,1,1,83.84,1,HARDER
6,42.82,85.43,2,3,41.14,4,EASIER
3,94.98,29.17,1,0,95.47,1,HARDER
7,72.72,71.55,1,1,71.61,5,SAME
6,46.2,138.52,1,3,41.78,4,EASIER
4,75.41,45.94,1,2,70.82,2,SAME
5,61.26,51.2,2,2,61.79,3,SAME
3,61.36,71.56,4,3,58.37,1,EASIER
3,87.93,39.23,2,0,86.46,1,SAME
5,62.71,25.17,3,3,61.51,3,EASIER
3,82.99,21.02,2,1,79.51,1,SAME
6,23.22,295.71,3,3,18.2,4,EASIER
4,76.53,23.95,2,1,70.0,2,SAME
3,72.43,25.75,5,3,69.54,1,EASIER
5,67.26,106.67,2,1,65.58,3,SAME
5,46.17,80.11,2,3,39.16,3,EASIER
6,80.6,124.07,1,1,87.21,4,SAME
3,97.08,34.71,2,1,97.38,1,SAME
5,83.18,58.73,1,1,86.92,3,SAME
7,52.26,72.73,4,3,49.36,5,EASIER
4,74.59,46.62,3,2,71.22,2,SAME
7,70.25,89.93,1,1,65.03,5,SAME
6,56.69,63.84,2,2,53.23,4,SAME
5,59.68,120.82,4,3,61.01,3,EASIER
7,38.38,91.0,1,2,35.12,5,EASIER
7,26.5,283.82,4,4,20.45,5,EASIER
4,93.67,42.87,1,0,94.15,2,HARDER
7,65.11,102.69,3,2,68.81,5,SAME
3,80.59,11.13,3,3,72.98,1,EASIER
3,93.07,64.21,2,0,92.74,1,EASIER
3,89.4,24.93,1,1,89.39,1,HARDER
4,84.03,13.07,2,1,85.36,2,SAME
7,64.46,191.87,1,1,63.21,5,SAME
6,44.03,79.89,1,2,36.24,4,EASIER
6,64.59,50.52,3,2,64.72,4,SAME
3,76.28,37.84,3,2,73.92,1,SAME
5,65.42,16.43,3,3,63.22,3,EASIER
4,93.85,27.17,1,1,90.82,2,HARDER
5,71.12,50.01,1,2,72.56,3,SAME
4,82.79,56.72,1,0,83.19,2,SAME
4,79.1,108.91,1,1,75.71,2,EASIER
7,39.25,98.01,5,4,38.97,5,EASIER
5,45.16,72.83,2,3,39.72,3,EASIER
5,56.93,226.08,3,2,54.82,3,EASIER
3,97.81,25.05,1,0,99.28,1,HARDER
6,46.84,104.6,2,3,44.47,4,EASIER
5,68.86,31.44,1,1,63.62,3,SAME
4,70.88,95.43,4,2,75.86,2,EASIER
6,59.23,56.6,1,2,58.25,4,SAME
3,100.0,28.17,1,0,100.0,1,HARDER
5,66.17,65.32,1,2,60.11,3,SAME
7,73.27,117.33,1,1,71.47,5,EASIER
5,66.4,46.78,1,1,65.13,3,SAME
3,70.89,27.83,5,3,67.13,1,EASIER
4,61.6,86.79,4,4,61.36,2,EASIER
3,89.14,68.99,1,0,92.85,1,EASIER
5,51.64,53.18,3,3,44.61,3,EASIER
4,83.92,30.76,1,2,86.67,2,SAME
3,67.4,17.44,3,1,62.04,1,SAME
6,42.82,300.0,1,3,38.48,4,EASIER
3,100.0,26.48,1,1,95.23,1,HARDER
4,100.0,64.18,1,0,100.0,2,SAME
7,22.43,163.72,5,6,12.03,5,EASIER
3,91.33,66.79,1,1,87.88,1,EASIER
4,94.38,33.82,1,0,96.89,2,HARDER
4,77.07,22.58,1,0,78.66,2,EASIER
5,53.26,145.6,2,2,48.97,3,HARDER
4,82.4,58.1,1,1,81.88,2,SAME
7,46.66,143.62,3,3,42.13,5,EASIER
3,53.26,49.5,2,4,49.17,1,EASIER
7,41.92,148.16,4,3,36.09,5,EASIER
5,73.4,126.16,2,2,72.37,3,EASIER
3,95.18,27.9,1,1,92.89,1,HARDER
3,65.14,37.35,4,3,62.51,1,EASIER
3,73.48,31.6,1,1,66.33,1,SAME
4,89.04,32.61,1,0,87.62,2,HARDER
4,68.49,34.5,2,1,63.49,2,SAME
6,52.52,66.85,3,3,44.05,4,EASIER
4,62.67,43.05,4,4,57.1,2,EASIER
6,71.84,64.7,2,1,71.77,4,SAME
4,94.74,46.64,1,1,96.49,2,HARDER
4,78.66,45.9,2,1,79.45,2,SAME
4,77.04,41.85,2,2,71.05,2,SAME
4,92.1,42.19,1,1,91.21,2,HARDER
7,25.34,82.26,5,4,19.34,5,EASIER
4,76.46,33.28,1,1,72.31,2,SAME
4,100.0,17.33,1,0,98.81,2,HARDER
7,58.13,104.92,4,3,56.21,5,EASIER
6,50.59,49.11,1,3,47.3,4,EASIER
3,84.42,26.14,1,1,79.79,1,HARDER
7,45.2,75.88,5,3,38.73,5,EASIER
3,87.19,10.04,2,1,86.16,1,HARDER
3,63.91,68.12,4,2,54.63,1,EASIER
5,63.67,51.72,1,2,58.69,3,SAME
6,57.02,174.02,1,1,56.64,4,EASIER
3,80.72,19.77,1,0,78.5,1,SAME
6,75.67,198.29,1,1,75.18,4,EASIER
3,81.66,14.97,1,2,71.96,1,SAME
6,42.78,89.86,5,3,40.19,4,EASIER
3,94.61,15.38,1,0,91.97,1,SAME
5,49.63,210.15,3,3,46.84,3,EASIER
6,55.56,72.03,3,3,54.77,4,EASIER
4,68.5,56.09,1,1,68.1,2,SAME
6,64.0,103.65,1,1,60.91,4,SAME
6,52.44,80.92,3,2,53.4,4,EASIER
6,61.33,107.33,1,2,57.17,4,SAME
4,96.56,71.98,1,0,95.26,2,SAME
6,74.39,116.07,3,2,69.87,4,SAME
6,73.26,89.23,2,2,69.06,4,SAME
4,99.81,48.51,1,0,96.3,2,HARDER
6,37.86,221.97,3,4,29.02,4,EASIER
7,53.67,89.24,2,3,53.04,5,EASIER
7,39.54,40.78,3,3,39.98,5,EASIER
6,71.26,46.36,1,1,68.08,4,SAME
6,39.21,48.19,4,4,35.39,4,EASIER
7,37.34,69.28,3,3,32.97,5,EASIER
4,25.95,25.52,5,6,14.95,2,EASIER
6,61.03,81.0,3,2,60.56,4,SAME
3,100.0,27.91,1,0,98.91,1,HARDER
4,88.4,42.47,2,1,90.13,2,EASIER
7,64.45,75.23,2,2,60.61,5,SAME
4,91.23,60.63,1,0,93.1,2,SAME
7,42.57,149.87,3,3,37.32,5,EASIER
5,47.11,126.87,2,3,44.53,3,EASIER
4,49.67,56.57,4,5,38.57,2,EASIER
3,86.64,21.4,1,2,79.96,1,SAME
5,48.9,110.68,1,2,48.32,3,EASIER
5,82.52,66.41,1,0,82.98,3,SAME
5,79.33,86.09,1,0,78.17,3,SAME
3,81.1,34.45,3,2,79.02,1,SAME
4,94.04,35.84,1,0,90.3,2,HARDER
3,63.06,26.18,2,2,63.27,1,SAME
4,75.28,35.72,1,1,71.3,2,SAME
7,22.25,70.36,5,5,14.49,5,EASIER
3,83.71,9.63,1,1,81.57,1,SAME
6,41.2,57.16,4,4,39.58,4,EASIER
3,58.99,27.32,2,3,49.14,1,EASIER
5,81.3,99.27,1,2,73.59,3,SAME
7,58.93,172.83,3,3,48.67,5,EASIER
4,75.91,33.32,1,1,75.06,2,SAME
3,83.04,18.47,1,1,80.48,1,SAME
5,86.25,53.06,1,1,89.72,3,HARDER
4,83.18,24.03,1,2,81.63,2,SAME
7,55.15,35.36,3,3,46.25,5,EASIER
7,37.83,48.25,3,3,32.62,5,EASIER
6,41.85,167.6,5,5,36.4,4,EASIER
6,56.66,215.4,2,2,53.47,4,EASIER
6,47.88,121.36,3,4,40.91,4,EASIER
6,62.48,79.56,2,3,56.39,4,EASIER
5,46.61,29.11,2,3,41.95,3,EASIER
7,52.95,102.58,2,2,46.76,5,EASIER
4,69.3,50.66,3,2,66.4,2,SAME
3,84.5,36.17,1,1,84.17,1,SAME
6,57.77,117.32,1,2,53.81,4,SAME
6,65.45,153.81,3,2,62.74,4,SAME
7,54.62,300.0,2,1,53.24,5,EASIER
4,84.45,31.41,1,2,80.37,2,SAME
5,67.02,232.54,1,1,68.69,3,EASIER
5,57.04,21.34,1,2,47.39,3,EASIER
4,71.65,26.36,1,1,65.77,2,SAME
6,57.16,90.99,2,2,55.72,4,SAME
5,35.89,76.11,5,4,32.4,3,EASIER
6,60.06,74.61,4,4,52.87,4,EASIER
5,70.14,45.38,1,0,72.8,3,SAME
4,65.19,107.0,1,2,60.24,2,EASIER
7,57.02,83.29,5,3,50.46,5,EASIER
5,90.29,35.02,2,0,91.37,3,HARDER
6,54.83,197.54,3,3,52.2,4,EASIER
5,46.21,88.3,2,3,41.69,3,EASIER
4,98.19,63.57,1,0,100.0,2,SAME
7,70.83,124.62,2,2,69.78,5,SAME
4,64.96,19.9,1,2,54.17,2,SAME
7,30.66,117.29,2,3,26.36,5,EASIER
5,42.91,27.42,5,4,38.63,3,EASIER
3,93.76,27.85,1,1,95.46,1,HARDER
3,100.0,33.44,1,0,100.0,1,HARDER
7,7.14,201.26,5,5,1.16,5,EASIER
5,75.93,55.41,4,1,74.86,3,EASIER
4,64.3,54.01,1,3,60.92,2,EASIER
7,65.54,68.44,2,2,63.29,5,SAME
6,51.39,135.55,3,3,39.01,4,EASIER
6,81.05,116.45,1,1,81.24,4,SAME
6,53.13,54.09,4,4,42.85,4,EASIER
3,88.75,31.65,1,1,93.61,1,HARDER
3,96.25,40.6,1,1,93.9,1,SAME
6,54.02,85.42,2,2,52.52,4,EASIER
3,81.67,17.34,2,1,82.37,1,SAME
6,26.56,89.94,5,6,20.21,4,EASIER
3,90.49,31.97,2,1,90.53,1,HARDER
4,96.95,25.73,1,0,97.49,2,HARDER
6,60.98,48.56,3,1,66.91,4,SAME
6,70.37,107.55,1,1,72.66,4,SAME
6,63.2,125.82,1,1,58.83,4,SAME
6,82.94,250.78,1,1,80.65,4,EASIER
3,88.91,33.62,1,1,95.35,1,HARDER
7,38.79,57.95,2,2,28.75,5,EASIER
4,78.31,99.12,2,1,75.76,2,EASIER
3,89.41,39.98,1,0,86.13,1,SAME
7,71.83,37.55,3,2,66.26,5,SAME
3,89.86,15.81,1,1,83.23,1,HARDER
5,55.07,45.47,2,3,52.43,3,EASIER
5,86.29,87.82,2,2,86.2,3,SAME
6,73.32,23.79,1,0,73.84,4,SAME
3,69.72,23.71,3,2,66.66,1,SAME
3,100.0,35.39,1,0,98.23,1,SAME
5,48.66,14.26,5,4,45.87,3,EASIER
5,40.8,83.94,5,4,38.11,3,EASIER
6,76.76,128.71,1,2,78.52,4,SAME
6,59.57,52.8,4,3,51.29,4,EASIER
3,93.1,14.96,2,1,89.9,1,HARDER
7,70.81,70.0,2,2,67.59,5,SAME
5,42.1,15.45,3,3,39.97,3,EASIER
7,65.19,93.76,2,2,61.31,5,SAME
7,48.76,126.24,3,3,46.34,5,EASIER
3,91.5,14.53,1,0,86.26,1,HARDER
5,47.58,93.84,4,3,45.05,3,EASIER
5,51.13,61.02,4,4,43.14,3,EASIER
5,73.67,65.97,1,1,68.61,3,SAME
4,78.51,31.46,2,2,75.41,2,SAME
5,50.78,83.78,1,2,49.58,3,EASIER
5,59.77,109.87,4,4,50.12,3,EASIER
3,100.0,20.85,1,0,100.0,1,HARDER
4,87.85,54.34,1,1,84.21,2,SAME
3,88.68,35.25,2,2,92.97,1,SAME
7,57.34,140.64,3,2,51.09,5,SAME
6,56.47,196.13,2,3,49.29,4,EASIER
4,100.0,27.01,2,0,97.08,2,HARDER
4,77.04,31.17,2,1,75.39,2,SAME
3,100.0,17.69,1,0,100.0,1,HARDER
4,72.93,53.43,1,2,68.11,2,SAME
7,47.53,96.54,3,3,42.59,5,EASIER
3,95.19,18.34,2,1,92.05,1,HARDER
3,85.98,52.4,1,0,87.71,1,EASIER
7,27.8,300.0,3,4,22.54,5,EASIER
5,73.78,49.29,2,1,80.77,3,SAME
3,90.47,13.6,1,0,91.46,1,HARDER
5,59.76,145.89,1,2,58.25,3,EASIER
6,56.97,104.74,2,1,57.85,4,SAME
4,85.74,46.31,1,0,80.41,2,HARDER
4,36.15,39.92,4,4,27.44,2,EASIER
6,42.48,54.08,5,4,37.72,4,EASIER
5,67.04,47.27,1,2,68.49,3,SAME
7,49.13,162.04,2,4,42.06,5,EASIER
4,70.02,30.79,1,2,66.43,2,SAME
4,79.35,46.58,1,2,74.97,2,SAME
3,88.75,25.15,4,1,88.11,1,EASIER
6,58.78,47.33,1,2,60.67,4,SAME
5,63.94,129.4,1,2,59.66,3,EASIER
4,71.88,50.24,2,2,72.92,2,SAME
6,38.29,97.38,2,3,27.47,4,EASIER
4,56.88,49.33,2,2,56.78,2,SAME
3,88.94,11.26,2,1,88.25,1,HARDER
5,56.36,45.44,3,2,52.79,3,SAME
5,89.65,27.23,2,1,90.76,3,HARDER
5,66.26,61.69,1,1,64.74,3,SAME
5,89.5,68.15,2,2,80.54,3,SAME
7,28.87,120.97,3,4,22.34,5,EASIER
4,79.82,66.12,1,0,79.81,2,SAME
4,59.96,18.8,3,2,56.17,2,SAME
5,71.26,39.05,3,2,67.14,3,HARDER
3,82.21,30.06,1,1,79.43,1,SAME
3,62.64,28.12,4,3,57.09,1,EASIER
5,68.71,30.24,2,2,63.53,3,SAME
5,80.22,104.87,4,2,76.31,3,EASIER
6,62.97,182.95,3,3,59.95,4,EASIER
3,77.29,30.21,2,1,69.68,1,SAME
7,52.24,49.21,1,1,49.83,5,EASIER
5,59.72,62.77,2,3,55.06,3,EASIER
3,70.31,29.09,2,2,67.39,1,SAME
4,81.15,33.44,3,2,74.69,2,SAME
4,51.96,71.58,4,4,46.94,2,EASIER
5,90.11,54.77,1,0,90.02,3,HARDER
5,67.51,164.38,3,3,61.24,3,EASIER
5,72.92,85.46,1,2,67.53,3,SAME
5,45.79,66.49,3,2,43.83,3,EASIER
7,58.56,184.96,2,2,50.93,5,SAME
7,23.36,257.97,3,4,18.29,5,EASIER
5,67.35,90.51,2,2,65.32,3,SAME
7,51.49,107.47,5,3,41.78,5,EASIER
7,22.19,78.17,3,5,14.82,5,EASIER
7,52.84,60.76,2,3,44.98,5,EASIER
4,69.77,12.07,2,1,73.53,2,SAME
5,64.38,63.22,2,2,57.66,3,SAME
4,68.31,31.67,1,2,69.75,2,SAME
3,100.0,21.55,1,0,99.2,1,HARDER
3,76.63,39.52,3,2,74.52,1,SAME
6,47.42,77.36,1,2,45.34,4,EASIER
5,73.82,148.19,1,0,69.09,3,EASIER
7,61.38,81.95,3,2,56.7,5,SAME
6,69.15,49.49,1,1,66.37,4,SAME
3,100.0,14.29,1,0,95.18,1,HARDER
7,28.68,166.07,2,4,21.98,5,EASIER
5,85.94,102.56,1,0,86.04,3,SAME
5,67.19,43.22,2,2,60.32,3,SAME
7,39.1,62.72,3,3,38.68,5,EASIER
6,70.71,181.72,1,1,66.59,4,EASIER
3,98.46,13.11,1,0,94.24,1,HARDER
3,98.52,39.19,2,0,100.0,1,SAME
5,79.12,43.72,3,2,72.76,3,SAME
3,90.39,29.83,1,0,88.1,1,HARDER
3,71.03,40.37,1,1,72.24,1,SAME
6,41.08,105.04,2,3,34.41,4,EASIER
3,70.98,21.92,1,2,71.13,1,SAME
3,83.46,46.53,1,1,81.91,1,SAME
5,71.97,66.92,2,1,68.5,3,SAME
3,66.75,128.71,4,2,64.87,1,EASIER
4,90.31,17.05,1,1,86.74,2,HARDER
7,46.92,43.87,2,3,45.83,5,EASIER
6,52.62,137.52,5,3,48.0,4,EASIER
7,73.68,110.08,2,1,74.14,5,SAME
4,57.47,55.15,3,4,47.06,2,EASIER
6,54.8,46.32,3,3,47.92,4,EASIER
4,77.39,38.98,3,1,71.61,2,SAME
4,92.27,47.11,2,0,96.43,2,HARDER
3,96.58,19.63,1,0,95.48,1,HARDER
7,34.18,127.08,4,4,25.12,5,EASIER
3,78.68,13.64,1,2,73.95,1,SAME
4,64.45,45.75,2,3,57.53,2,EASIER
5,62.28,118.62,2,2,64.46,3,EASIER
5,57.32,31.43,3,3,54.19,3,EASIER
4,69.86,20.65,1,1,64.53,2,SAME
4,89.56,66.48,1,0,87.99,2,SAME
4,80.15,20.48,1,0,80.57,2,SAME
7,55.6,177.08,2,3,52.15,5,EASIER
5,62.57,59.61,1,2,59.51,3,SAME
7,74.11,89.19,1,1,69.39,5,SAME
7,33.17,249.08,5,4,28.83,5,EASIER
6,64.64,132.87,3,2,61.59,4,SAME
7,46.2,130.44,3,3,42.99,5,EASIER
3,80.39,9.59,2,1,72.32,1,SAME
7,58.64,165.12,2,2,56.2,5,SAME
5,77.24,34.14,3,2,77.82,3,SAME
6,62.73,73.08,2,1,60.97,4,SAME
4,66.78,38.13,1,2,62.95,2,SAME
3,75.33,58.16,2,2,69.72,1,EASIER
7,49.87,97.56,5,4,37.51,5,EASIER
5,85.48,28.68,1,1,83.75,3,HARDER
3,91.54,48.08,1,1,88.2,1,SAME
6,48.3,119.59,3,2,48.96,4,EASIER
3,100.0,35.11,1,0,96.23,1,SAME
5,53.58,121.17,2,2,50.64,3,EASIER
6,60.69,200.9,1,2,58.67,4,EASIER
6,75.3,51.57,1,1,74.63,4,SAME
5,67.73,29.13,3,3,60.52,3,EASIER
4,45.82,56.46,5,5,37.02,2,EASIER
7,58.13,97.07,3,2,56.07,5,SAME
3,89.58,23.16,2,1,87.28,1,HARDER
3,92.04,15.18,1,1,91.31,1,HARDER
3,94.12,32.42,1,1,87.62,1,HARDER
7,47.92,139.44,2,2,43.84,5,EASIER
5,97.45,53.7,1,0,99.25,3,HARDER
3,100.0,13.48,1,0,99.28,1,HARDER
3,60.39,42.82,4,3,49.48,1,EASIER
3,88.02,28.01,1,0,88.33,1,SAME
7,40.21,205.97,5,4,33.44,5,EASIER
5,77.41,20.48,2,1,73.18,3,SAME
3,91.49,25.64,1,1,92.69,1,HARDER
4,66.34,27.13,2,2,65.71,2,SAME
6,53.34,83.56,2,3,47.02,4,EASIER
5,61.4,92.51,3,3,57.45,3,EASIER
7,58.72,137.02,4,1,56.99,5,EASIER
3,96.17,25.2,2,0,93.9,1,HARDER
3,90.27,25.14,2,1,92.32,1,HARDER
3,98.59,12.49,1,0,96.81,1,HARDER
4,59.19,24.82,1,1,57.05,2,SAME
6,40.61,146.91,5,4,33.42,4,EASIER
6,73.7,63.04,1,0,74.39,4,SAME
4,59.04,64.95,2,3,59.32,2,EASIER
6,70.41,126.02,4,2,70.44,4,EASIER
6,71.71,129.53,1,1,76.11,4,SAME
3,96.31,28.99,1,1,97.3,1,HARDER
6,62.11,65.37,1,1,62.17,4,SAME
5,80.34,53.82,1,0,72.63,3,SAME
3,84.44,33.24,2,1,84.12,1,SAME
4,84.58,13.99,4,2,79.96,2,EASIER
6,75.05,156.57,1,1,70.42,4,SAME
6,51.61,63.22,4,2,47.19,4,EASIER
4,60.76,36.49,2,2,56.57,2,SAME
6,42.61,78.75,3,3,34.46,4,EASIER
4,42.09,37.3,3,3,36.49,2,EASIER
5,66.7,30.27,2,2,70.17,3,SAME
3,95.92,26.75,1,1,90.0,1,HARDER
7,46.8,154.85,3,3,43.26,5,EASIER
7,49.47,36.75,4,4,44.45,5,EASIER
3,99.94,14.01,3,1,99.58,1,HARDER
5,57.33,90.37,2,2,54.34,3,SAME
6,35.92,118.61,4,4,31.35,4,SAME
5,77.97,67.24,1,1,72.3,3,SAME
4,60.13,27.58,2,3,54.16,2,EASIER
7,44.38,165.42,3,3,39.21,5,EASIER
4,79.28,21.59,1,0,85.19,2,SAME
4,70.29,35.62,1,2,66.05,2,SAME
4,63.0,20.56,2,2,57.11,2,SAME
7,43.5,102.54,3,4,39.8,5,EASIER
5,62.67,34.83,2,1,64.19,3,SAME
6,42.19,121.48,4,3,37.79,4,SAME
7,47.68,141.82,5,4,36.35,5,EASIER
7,74.82,82.07,1,1,73.42,5,SAME
7,53.35,202.9,2,3,46.91,5,EASIER
7,42.74,66.51,5,4,37.25,5,EASIER
7,45.07,109.87,2,3,38.32,5,EASIER
7,49.08,80.11,4,3,44.31,5,EASIER
6,49.14,120.63,2,2,44.23,4,EASIER
3,96.12,33.29,1,0,90.24,1,HARDER
3,100.0,44.62,2,1,100.0,1,SAME
6,66.99,85.62,3,2,60.86,4,SAME
4,94.1,9.46,1,0,94.37,2,HARDER
7,51.59,88.56,1,3,51.93,5,EASIER
7,30.2,262.85,4,5,20.29,5,EASIER
6,59.52,69.25,3,3,56.56,4,EASIER
6,81.98,30.25,1,0,78.94,4,SAME
4,75.87,46.94,1,1,75.88,2,SAME
5,68.13,75.18,2,2,63.54,3,SAME
7,67.45,75.35,3,2,58.37,5,SAME
7,43.27,97.91,4,4,39.22,5,EASIER
4,45.9,25.52,3,4,39.22,2,EASIER
7,34.31,148.9,3,4,29.32,5,EASIER
5,63.23,59.65,2,0,63.45,3,SAME
7,38.56,59.33,3,3,31.71,5,EASIER
5,73.58,57.73,2,1,75.01,3,SAME
6,55.38,56.01,5,4,50.3,4,EASIER
3,100.0,47.9,1,0,97.95,1,SAME
4,91.57,57.84,2,0,91.35,2,SAME
6,64.32,76.95,1,3,64.36,4,EASIER
7,39.96,117.06,4,4,33.16,5,EASIER
3,81.66,39.25,2,1,79.43,1,SAME
3,100.0,23.14,1,0,100.0,1,HARDER
6,58.12,121.64,3,3,60.69,4,EASIER
5,64.41,120.51,2,1,60.14,3,EASIER
7,25.97,85.71,5,4,19.61,5,EASIER
3,95.05,52.01,2,1,93.21,1,EASIER
4,61.47,71.84,2,2,61.35,2,SAME
3,93.49,27.92,1,0,98.47,1,HARDER
6,42.05,65.1,5,5,33.82,4,EASIER
7,37.95,127.38,4,5,24.99,5,EASIER
3,100.0,22.42,2,1,98.35,1,HARDER
4,83.91,26.18,2,1,82.12,2,SAME
7,44.17,149.69,5,4,41.12,5,EASIER
3,77.88,15.85,1,0,73.99,1,SAME
7,75.23,93.13,1,1,72.17,5,SAME
7,72.12,93.8,2,2,72.49,5,SAME
3,93.72,13.62,1,0,94.96,1,EASIER
3,85.09,33.51,1,2,82.49,1,SAME
6,61.72,72.82,1,2,60.02,4,SAME
3,82.29,44.56,2,1,80.38,1,SAME
5,61.45,51.38,3,3,53.43,3,EASIER
3,70.01,20.86,3,2,66.9,1,SAME
5,61.84,37.06,4,3,57.62,3,EASIER
4,86.77,38.7,1,0,92.6,2,SAME
6,52.25,83.93,3,3,46.86,4,EASIER
7,27.12,167.8,5,6,19.69,5,EASIER
5,44.61,59.96,3,3,41.17,3,EASIER
6,55.78,243.61,1,2,55.97,4,EASIER
6,27.09,103.95,5,4,20.99,4,EASIER
7,45.24,65.41,3,3,38.12,5,EASIER
4,80.78,22.97,2,2,87.9,2,EASIER
4,63.22,48.86,1,2,55.53,2,SAME
4,67.26,23.55,3,2,62.15,2,SAME
6,50.84,111.72,4,3,45.63,4,EASIER
7,19.81,182.48,4,5,17.7,5,EASIER
4,75.91,58.55,1,1,72.72,2,SAME
3,75.58,16.98,1,2,69.35,1,SAME
6,47.8,132.41,5,4,42.85,4,EASIER
5,48.46,68.04,4,4,46.22,3,EASIER
4,62.73,28.56,3,2,55.7,2,SAME
3,92.58,23.29,2,1,92.66,1,HARDER
7,57.73,144.8,1,2,55.73,5,SAME
7,69.05,77.62,3,2,63.34,5,SAME
6,74.87,95.94,1,1,69.66,4,EASIER
5,70.28,118.63,2,1,69.41,3,EASIER
4,87.74,59.78,1,0,85.08,2,SAME
5,84.2,60.4,2,1,81.92,3,SAME
3,48.68,27.75,2,2,49.45,1,EASIER
4,77.65,29.51,3,2,75.28,2,SAME
5,68.04,45.06,1,2,64.01,3,SAME
5,43.0,27.1,4,4,43.29,3,EASIER
3,88.23,27.96,1,1,87.94,1,HARDER
7,30.04,162.46,5,4,22.13,5,EASIER
4,64.74,36.76,1,2,63.42,2,SAME
5,63.93,37.57,1,2,64.01,3,SAME
5,47.31,59.93,3,2,46.17,3,EASIER
5,63.38,112.69,1,2,63.25,3,SAME
7,48.9,182.71,3,3,47.92,5,EASIER
6,44.82,80.75,4,4,38.29,4,EASIER
7,44.12,300.0,2,3,43.62,5,EASIER
4,60.52,135.1,2,2,62.14,2,EASIER
4,92.01,30.32,2,2,89.6,2,SAME
5,71.98,51.35,1,0,78.68,3,SAME
5,70.95,81.75,3,3,65.18,3,EASIER
4,63.69,24.74,4,4,56.66,2,EASIER
5,66.03,88.3,1,0,62.13,3,SAME
3,100.0,26.15,1,0,100.0,1,HARDER
5,89.66,69.71,1,1,86.58,3,HARDER
6,53.65,60.79,3,3,47.65,4,EASIER
5,59.13,39.27,5,3,56.37,3,EASIER
7,41.83,37.96,4,4,33.9,5,EASIER
7,27.84,251.57,4,3,22.01,5,EASIER
7,42.27,187.09,2,3,41.71,5,EASIER
3,89.18,33.73,1,1,84.24,1,HARDER
7,57.57,135.41,2,3,56.36,5,EASIER
4,86.36,12.87,1,1,91.26,2,HARDER
5,76.39,39.99,2,2,78.0,3,SAME
5,69.74,51.09,2,2,64.62,3,SAME
4,55.67,22.86,3,2,47.71,2,EASIER
7,46.4,44.5,4,3,40.79,5,EASIER
6,54.93,49.33,2,2,50.4,4,EASIER
7,30.33,115.04,3,4,18.66,5,EASIER
7,38.91,115.06,4,3,31.57,5,EASIER
5,68.22,90.89,1,1,65.84,3,SAME
6,40.7,239.74,2,3,38.21,4,EASIER
5,39.33,81.44,4,4,34.14,3,EASIER
5,65.63,53.17,3,2,62.33,3,SAME
6,24.11,209.12,5,5,18.46,4,EASIER
6,38.2,36.02,4,4,32.53,4,EASIER
7,45.84,36.07,4,3,40.84,5,EASIER
6,67.2,51.71,1,2,58.51,4,SAME
6,62.95,125.09,2,2,57.63,4,SAME
7,52.83,122.78,2,2,50.38,5,EASIER
3,93.3,15.13,1,0,88.65,1,HARDER
6,32.31,56.18,4,4,29.61,4,EASIER
4,99.32,21.2,1,0,99.62,2,HARDER
5,57.37,31.37,1,2,60.1,3,SAME
6,63.6,183.69,2,3,59.63,4,EASIER
4,68.06,35.52,3,2,66.35,2,SAME
7,57.79,293.81,3,2,51.55,5,EASIER
5,76.98,37.33,1,1,79.89,3,SAME
4,83.09,47.87,2,1,83.23,2,SAME
4,60.33,42.28,1,2,57.36,2,SAME
5,87.62,89.65,1,1,87.99,3,HARDER
7,59.3,128.67,2,2,56.17,5,SAME
3,61.77,38.75,2,2,56.14,1,SAME
5,67.69,76.31,1,1,64.42,3,SAME
7,59.12,61.79,1,1,58.44,5,SAME
5,86.52,83.36,1,1,90.09,3,SAME
5,59.55,55.11,3,4,51.99,3,EASIER
4,69.37,26.38,1,1,70.0,2,SAME
3,83.82,34.05,1,0,80.85,1,SAME
6,71.56,132.41,1,1,71.71,4,SAME
7,40.37,86.05,4,5,34.31,5,EASIER
5,83.84,48.76,1,0,81.6,3,SAME
5,42.76,29.19,2,4,38.48,3,EASIER
3,100.0,11.2,1,0,96.01,1,HARDER
7,48.28,98.14,3,3,43.73,5,EASIER
7,54.29,172.46,2,2,50.46,5,EASIER
7,72.13,81.95,1,1,74.5,5,SAME
4,87.63,74.34,2,0,86.76,2,SAME
6,54.31,73.71,5,4,52.08,4,EASIER
5,53.95,52.51,3,4,51.66,3,EASIER
4,37.28,33.17,5,4,37.4,2,EASIER
4,87.44,60.28,1,0,79.96,2,SAME
4,89.87,24.21,2,1,89.24,2,HARDER
5,68.28,54.41,3,2,69.38,3,SAME
3,66.83,19.6,1,2,65.06,1,SAME
6,92.37,61.23,1,0,92.44,4,HARDER
5,70.99,59.02,1,1,70.87,3,SAME
7,44.28,105.29,5,4,36.16,5,EASIER
4,46.94,62.29,3,3,47.3,2,EASIER
3,100.0,24.88,1,1,98.24,1,HARDER
4,79.95,49.33,3,3,74.46,2,EASIER
7,36.25,123.06,4,4,23.32,5,EASIER
4,95.21,73.5,1,0,97.52,2,SAME
6,71.9,70.07,1,1,66.49,4,HARDER
7,51.11,95.13,4,3,50.96,5,EASIER
4,81.36,53.93,1,1,83.05,2,SAME
6,62.11,69.57,1,2,58.49,4,SAME
4,96.06,48.03,2,0,90.08,2,HARDER
4,83.07,114.02,1,0,80.83,2,EASIER
4,61.68,23.99,2,2,59.13,2,SAME
6,63.61,181.85,1,2,60.85,4,EASIER
7,49.65,85.65,4,4,41.54,5,EASIER
4,93.53,71.26,1,0,98.28,2,SAME
4,100.0,52.46,1,0,97.23,2,SAME
7,66.36,155.35,1,1,58.84,5,SAME
5,68.96,53.82,1,1,69.74,3,SAME
5,74.6,51.24,1,1,75.24,3,SAME
6,77.35,56.33,2,1,75.05,4,SAME
3,82.32,25.07,1,0,81.61,1,SAME
7,51.26,101.32,3,3,46.16,5,EASIER
4,71.4,41.57,2,2,67.26,2,EASIER
6,45.53,39.38,4,4,41.96,4,EASIER
5,67.42,58.65,2,2,64.89,3,SAME
6,59.41,158.11,2,2,54.11,4,SAME
6,36.32,133.97,5,4,33.08,4,EASIER
3,72.23,25.26,1,0,76.05,1,SAME
3,99.25,78.19,1,0,99.54,1,EASIER
7,75.21,81.76,1,1,73.65,5,SAME
5,79.29,55.56,1,2,79.35,3,SAME
4,90.79,19.22,2,1,94.58,2,HARDER
3,98.17,20.89,1,0,96.91,1,HARDER
3,96.34,55.39,1,0,96.48,1,EASIER
7,66.59,91.77,1,1,65.48,5,SAME
7,64.35,48.71,2,2,60.83,5,SAME
4,64.17,57.25,2,3,60.1,2,EASIER
4,79.82,45.63,1,1,87.74,2,SAME
5,58.62,87.5,1,1,56.1,3,SAME
3,69.98,21.9,2,1,71.84,1,SAME
5,76.78,35.23,3,1,72.88,3,SAME
6,46.64,74.53,5,4,39.44,4,EASIER
7,54.41,151.55,1,2,42.13,5,EASIER
4,66.4,36.73,2,2,63.33,2,SAME
3,74.45,29.71,1,1,68.96,1,SAME
3,76.68,19.69,1,1,75.9,1,SAME
4,69.49,46.4,2,3,63.94,2,EASIER
6,38.76,81.87,1,2,30.93,4,EASIER
3,99.93,18.26,1,1,98.08,1,HARDER
6,72.94,88.19,1,1,70.51,4,SAME
5,81.6,47.9,1,0,87.8,3,SAME
6,60.51,113.03,3,3,56.7,4,EASIER
5,74.12,89.36,1,1,68.71,3,SAME
3,91.87,31.25,1,0,92.92,1,HARDER
3,82.52,12.08,2,1,82.37,1,SAME
5,85.98,35.98,2,0,84.7,3,HARDER
5,67.03,42.32,1,1,64.8,3,SAME
7,72.12,72.57,1,1,72.7,5,SAME
7,44.12,83.32,2,2,38.02,5,EASIER
3,48.14,37.74,5,5,46.07,1,EASIER
4,38.57,52.77,5,4,35.83,2,EASIER
4,62.76,31.14,1,1,62.58,2,SAME
3,92.16,32.53,1,0,88.52,1,HARDER
3,71.31,28.94,2,1,73.59,1,SAME
3,86.55,24.64,2,1,81.51,1,HARDER
5,84.41,102.39,2,1,83.54,3,SAME
3,77.93,18.63,2,1,75.79,1,SAME
3,93.96,25.59,1,0,95.98,1,HARDER
3,87.34,15.66,3,2,83.49,1,SAME
6,66.18,48.68,2,3,58.31,4,EASIER
6,64.37,40.41,2,2,59.49,4,SAME
7,44.49,65.44,1,2,40.4,5,EASIER
3,91.24,25.94,1,2,91.53,1,SAME
4,90.72,32.96,1,0,90.82,2,HARDER
5,75.91,50.75,4,3,68.03,3,EASIER
6,58.97,70.19,2,3,56.82,4,EASIER
3,100.0,55.02,1,0,100.0,1,EASIER
4,77.17,22.27,1,1,73.34,2,SAME
5,87.26,31.33,1,2,81.63,3,HARDER
3,80.84,17.16,1,1,78.51,1,SAME
4,64.37,36.74,4,2,59.66,2,EASIER
6,53.79,107.17,2,2,53.27,4,EASIER
5,75.42,78.78,1,0,75.62,3,SAME
5,74.29,92.58,1,1,69.76,3,SAME
5,71.02,54.97,2,2,68.26,3,SAME
7,33.26,90.24,4,4,27.46,5,EASIER
5,63.7,130.19,2,2,57.8,3,EASIER
5,59.77,14.62,4,3,53.91,3,EASIER
7,45.09,115.9,3,3,41.56,5,EASIER
3,80.02,30.27,1,1,82.36,1,SAME
3,79.15,57.55,1,0,81.28,1,EASIER
5,80.9,25.49,2,1,77.12,3,SAME
4,70.09,31.19,3,2,71.39,2,SAME
4,92.36,20.08,2,0,90.98,2,HARDER
3,80.33,11.23,2,2,79.04,1,SAME
7,61.36,100.19,1,2,61.99,5,SAME
6,65.34,126.46,2,2,63.81,4,SAME
6,70.37,153.52,1,2,65.75,4,SAME
3,100.0,19.73,1,0,100.0,1,HARDER
4,52.08,51.98,2,2,50.05,2,EASIER
6,47.23,73.99,5,3,39.48,4,EASIER
5,56.81,76.4,2,2,52.8,3,SAME
6,56.23,149.46,2,2,55.38,4,SAME
6,43.77,74.12,3,3,37.91,4,EASIER
5,62.07,98.84,3,2,56.85,3,SAME
6,58.24,43.64,1,2,49.46,4,EASIER
4,54.96,51.74,2,2,47.04,2,SAME
3,76.07,39.6,1,2,79.54,1,SAME
7,55.59,185.95,3,3,48.33,5,EASIER
3,69.32,14.75,5,3,62.75,1,EASIER
4,90.91,34.5,2,1,92.78,2,HARDER
3,61.11,28.6,2,2,55.17,1,SAME
4,88.83,46.8,3,0,87.41,2,SAME
4,100.0,40.13,2,1,100.0,2,HARDER
3,76.68,47.22,1,0,76.96,1,SAME
5,81.09,30.54,1,1,75.51,3,SAME
7,35.08,98.25,4,3,28.84,5,EASIER
3,98.52,11.8,1,0,100.0,1,HARDER
7,49.48,157.13,5,3,44.01,5,EASIER
5,64.72,76.32,1,2,61.66,3,SAME
5,36.15,300.0,2,4,30.04,3,EASIER
5,71.05,96.4,1,1,73.17,3,SAME
4,100.0,44.4,2,0,97.43,2,HARDER
3,99.0,28.0,1,0,94.26,1,HARDER
5,75.5,49.59,2,2,75.07,3,SAME
7,73.64,120.26,1,1,67.96,5,SAME
5,82.16,66.5,2,1,76.52,3,SAME
5,80.68,21.93,1,0,83.51,3,SAME
6,68.71,90.84,1,1,65.89,4,SAME
4,77.49,39.85,1,0,77.76,2,SAME
3,83.04,54.57,2,1,75.17,1,EASIER
5,89.59,54.34,1,0,91.42,3,HARDER
7,74.93,73.79,1,1,70.34,5,SAME
4,77.54,43.11,1,1,79.17,2,SAME
7,47.37,116.63,3,4,41.2,5,EASIER
7,42.84,104.31,2,2,42.14,5,SAME
4,95.82,20.83,1,0,97.07,2,HARDER
5,82.7,53.69,1,1,80.72,3,SAME
6,66.98,60.68,1,0,65.08,4,SAME
5,58.37,52.11,3,4,50.05,3,EASIER
6,35.29,119.99,4,3,34.17,4,EASIER
7,42.91,77.55,4,4,31.64,5,EASIER
6,79.46,73.09,2,1,73.9,4,SAME
7,44.32,150.42,2,3,38.89,5,EASIER
7,40.87,96.71,2,5,26.8,5,EASIER
7,28.27,300.0,4,4,21.12,5,EASIER
7,53.71,128.27,4,3,49.18,5,EASIER
4,73.56,21.2,4,2,73.2,2,EASIER
3,75.38,17.21,5,3,75.07,1,EASIER
3,77.32,16.45,2,2,69.54,1,SAME
4,93.76,25.79,1,1,92.68,2,HARDER
6,43.99,108.41,5,4,40.64,4,EASIER
5,74.11,33.54,1,1,73.69,3,SAME
5,77.32,49.23,1,2,75.85,3,SAME
3,90.7,41.57,2,1,87.8,1,SAME
6,69.29,62.58,2,2,65.03,4,SAME
4,88.92,52.1,1,0,86.63,2,SAME
6,70.39,34.18,2,2,68.62,4,SAME
3,78.54,21.2,2,1,80.75,1,SAME
4,69.43,25.06,1,1,69.47,2,SAME
3,82.11,28.57,1,2,76.08,1,SAME
4,93.72,23.37,1,0,90.94,2,HARDER
7,25.29,300.0,2,4,15.66,5,EASIER
5,77.11,25.76,1,2,70.57,3,SAME
5,61.15,101.76,3,3,57.04,3,EASIER
4,90.43,57.42,1,0,86.97,2,SAME
4,69.51,43.96,1,1,65.87,2,SAME
6,24.03,84.35,4,5,19.19,4,EASIER
7,41.69,300.0,1,3,36.06,5,EASIER
6,45.02,296.37,3,3,39.72,4,EASIER
6,78.29,73.62,2,3,73.42,4,EASIER
5,62.27,62.71,2,2,60.48,3,SAME
3,73.77,19.55,2,2,69.63,1,SAME
6,44.7,44.64,5,4,32.47,4,EASIER
7,55.37,144.16,5,3,50.59,5,EASIER
5,60.48,65.63,4,3,54.09,3,EASIER
3,95.9,12.21,1,0,100.0,1,HARDER
6,82.79,103.94,2,1,77.38,4,SAME
7,50.77,130.69,4,3,48.0,5,EASIER
4,71.84,28.65,3,1,69.53,2,SAME
3,77.66,18.58,1,2,81.75,1,SAME
6,69.18,102.22,1,2,67.82,4,SAME
4,81.52,80.94,2,2,83.45,2,EASIER
6,43.03,100.88,3,3,30.51,4,EASIER
6,62.99,123.05,3,3,58.02,4,EASIER
4,82.77,25.7,1,1,79.11,2,SAME
3,87.67,20.79,1,1,88.43,1,HARDER
5,44.13,78.37,4,3,40.7,3,EASIER
5,73.86,29.61,2,1,74.19,3,SAME
7,48.44,125.39,4,4,42.38,5,EASIER
4,57.43,47.92,3,3,55.77,2,EASIER
4,68.68,37.32,4,2,65.75,2,EASIER
7,64.15,133.29,2,1,60.83,5,SAME
6,65.06,84.5,3,2,62.3,4,SAME
6,58.53,59.33,3,3,57.68,4,EASIER
7,59.45,58.93,1,2,57.97,5,SAME
6,60.1,78.24,2,2,58.19,4,SAME
7,31.39,228.02,2,4,27.04,5,SAME
6,58.46,139.69,1,1,57.66,4,SAME
5,73.78,48.89,1,2,69.44,3,SAME
3,81.11,21.24,1,2,78.44,1,SAME
6,50.61,65.24,4,3,39.36,4,EASIER
6,65.41,65.24,4,2,55.1,4,EASIER
7,58.85,131.02,4,3,56.46,5,EASIER
6,37.76,142.11,4,4,28.45,4,EASIER
5,86.78,177.78,1,0,83.22,3,EASIER
5,82.44,38.46,2,1,81.49,3,SAME
3,81.66,33.4,1,1,79.7,1,SAME
3,94.93,31.82,1,0,95.56,1,HARDER
3,82.75,21.59,2,1,78.07,1,SAME
7,12.33,64.03,5,6,4.57,5,EASIER
6,47.92,94.62,2,3,41.87,4,EASIER
4,79.6,102.92,2,2,80.2,2,EASIER
5,59.25,66.26,1,2,54.75,3,SAME
5,82.83,39.28,3,1,82.6,3,SAME
4,95.01,35.29,1,0,92.62,2,HARDER
5,77.51,32.99,2,1,81.74,3,SAME
4,66.82,38.33,1,1,64.82,2,SAME
6,78.7,116.99,1,1,77.95,4,SAME
6,66.57,57.2,3,2,66.08,4,SAME
3,99.9,8.0,1,1,97.49,1,HARDER
5,72.66,66.52,3,3,75.04,3,EASIER
7,54.19,85.21,5,5,49.48,5,EASIER
7,47.99,74.39,2,2,40.85,5,EASIER
6,53.83,55.25,3,4,48.99,4,EASIER
6,58.78,100.97,1,2,57.74,4,SAME
3,98.59,20.85,1,0,100.0,1,HARDER
7,33.43,185.97,4,4,24.24,5,EASIER
6,23.09,134.56,5,4,16.3,4,EASIER
7,56.83,96.64,2,2,56.67,5,SAME
7,19.93,84.32,4,5,10.73,5,EASIER
4,77.61,40.35,2,1,73.25,2,SAME
3,91.33,23.43,1,0,88.55,1,HARDER
6,51.1,32.96,3,3,44.47,4,HARDER
5,73.72,149.59,2,2,64.89,3,EASIER
3,69.33,34.36,1,0,66.44,1,SAME
4,78.04,30.56,2,2,76.07,2,SAME
7,37.16,39.41,5,4,34.39,5,EASIER
4,76.51,34.91,2,2,72.23,2,SAME
4,97.53,28.82,1,0,97.79,2,HARDER
6,62.91,79.46,1,1,61.12,4,EASIER
6,61.95,26.62,2,2,58.08,4,SAME
4,85.18,30.44,1,0,81.64,2,HARDER
7,58.68,89.51,1,3,50.16,5,EASIER
5,45.72,52.73,3,4,43.22,3,EASIER
3,100.0,22.51,1,1,98.09,1,HARDER
4,68.3,38.94,2,2,67.15,2,SAME
7,22.01,256.61,4,4,16.0,5,EASIER
3,65.32,19.88,1,1,67.61,1,SAME
3,69.63,16.67,4,3,61.13,1,EASIER
6,43.91,33.4,5,3,38.54,4,EASIER
5,90.8,45.04,1,1,87.86,3,HARDER
4,79.87,19.67,1,0,77.39,2,SAME
5,62.97,93.29,3,2,52.98,3,SAME
3,100.0,23.95,1,0,99.98,1,HARDER
4,69.51,59.09,5,2,67.9,2,EASIER
4,85.09,75.68,1,0,89.36,2,SAME
5,59.14,37.8,3,3,53.33,3,EASIER
6,76.24,68.45,2,3,68.13,4,EASIER
7,52.97,231.43,3,3,45.14,5,EASIER
3,70.77,27.2,1,1,66.9,1,SAME
4,80.01,48.55,2,1,78.82,2,SAME
4,92.86,61.75,1,0,89.74,2,SAME
5,82.35,90.4,1,1,80.71,3,SAME
5,58.99,71.06,3,2,52.51,3,SAME
7,47.51,239.73,1,3,42.32,5,EASIER
7,71.16,107.91,2,1,75.54,5,SAME
6,70.67,107.43,1,1,69.77,4,SAME
3,80.99,23.11,2,2,74.85,1,SAME
3,87.31,39.37,1,0,95.55,1,SAME
7,34.99,76.45,5,6,29.05,5,EASIER
7,40.35,44.76,4,4,36.26,5,EASIER
4,74.58,51.7,4,2,70.7,2,EASIER
3,94.82,15.88,1,0,97.07,1,HARDER
6,60.08,45.82,3,2,59.04,4,SAME
5,49.77,108.48,4,2,43.75,3,EASIER
7,35.16,189.64,5,2,35.26,5,EASIER
5,60.08,48.96,2,2,59.54,3,SAME
6,43.96,16.83,5,3,39.2,4,EASIER
6,50.03,108.2,1,2,45.18,4,EASIER
3,86.59,33.57,1,1,89.04,1,HARDER
3,83.76,31.46,1,0,82.41,1,SAME
6,60.87,104.75,2,3,56.34,4,EASIER
3,71.44,23.06,3,2,65.01,1,SAME
4,89.69,31.33,1,1,84.78,2,HARDER
6,55.5,46.13,2,2,57.86,4,SAME
4,93.56,27.38,1,0,97.81,2,HARDER
3,99.8,28.84,2,1,100.0,1,HARDER
3,77.77,29.06,1,2,75.61,1,SAME
5,60.59,85.75,4,3,51.8,3,EASIER
6,39.04,39.46,5,4,34.14,4,EASIER
6,73.27,34.6,2,2,71.55,4,SAME
7,51.07,91.06,1,2,47.85,5,EASIER
6,83.27,48.25,1,1,83.68,4,SAME
6,65.22,90.33,1,2,67.83,4,SAME
4,81.57,20.53,1,0,79.81,2,SAME
4,79.33,66.17,1,2,77.08,2,SAME
4,71.7,25.82,1,1,67.04,2,EASIER
3,96.6,50.79,1,0,98.2,1,SAME
7,32.47,149.04,4,5,24.18,5,EASIER
4,82.46,23.14,2,1,81.26,2,SAME
5,58.71,163.59,2,2,53.23,3,EASIER
4,74.27,43.05,2,2,69.13,2,SAME
3,86.88,26.92,3,1,77.64,1,SAME
7,32.49,108.09,3,4,26.41,5,EASIER
4,58.01,47.32,1,2,53.85,2,SAME
3,81.72,31.59,1,1,80.57,1,SAME
4,75.91,25.31,2,1,74.22,2,SAME
3,87.29,22.73,1,0,89.13,1,HARDER
7,26.06,119.29,5,4,25.03,5,EASIER
3,100.0,32.4,1,0,97.25,1,HARDER
4,89.81,50.37,2,1,90.31,2,HARDER
4,33.44,41.06,4,5,22.8,2,HARDER
3,82.6,19.57,1,2,78.16,1,SAME
3,94.24,19.13,1,0,93.7,1,HARDER
5,80.58,32.16,1,0,82.73,3,SAME
4,60.12,50.2,3,2,53.16,2,SAME
3,97.57,19.01,2,1,91.85,1,SAME
4,59.95,34.73,3,2,56.82,2,SAME
4,83.33,42.49,1,1,72.29,2,SAME
5,62.14,58.11,3,3,60.42,3,EASIER
7,51.67,111.66,3,3,48.95,5,EASIER
4,77.67,24.84,1,0,77.28,2,SAME
6,53.35,94.3,4,3,50.76,4,EASIER
6,39.79,69.69,4,4,27.82,4,EASIER
3,86.67,24.06,2,1,86.85,1,HARDER
5,67.09,102.89,1,1,67.23,3,SAME
5,91.0,74.48,1,1,83.79,3,HARDER
5,74.29,43.72,1,1,72.86,3,HARDER
3,91.9,23.4,1,0,90.49,1,HARDER
5,69.35,128.02,3,1,61.66,3,EASIER
3,92.32,21.8,1,0,91.33,1,HARDER
7,64.64,114.46,2,1,64.4,5,SAME
5,61.94,80.58,1,3,50.6,3,EASIER
3,95.88,27.51,1,1,95.97,1,HARDER
5,74.8,48.23,1,1,76.62,3,SAME
7,72.42,74.69,1,1,66.87,5,SAME
6,68.31,81.57,2,2,60.61,4,SAME
4,88.67,51.77,1,0,91.56,2,SAME
7,54.28,230.07,2,2,49.77,5,EASIER
3,100.0,13.02,1,0,100.0,1,HARDER
4,57.39,87.02,1,2,54.22,2,EASIER
3,81.46,21.99,1,1,75.71,1,SAME
7,28.93,185.4,5,4,19.01,5,EASIER
6,57.08,55.88,1,3,58.54,4,EASIER
5,53.37,26.13,4,3,43.39,3,EASIER
6,44.18,41.43,5,4,36.77,4,EASIER
4,73.4,32.53,5,2,67.59,2,EASIER
3,83.45,31.57,3,2,74.18,1,SAME
7,49.79,113.92,4,4,45.22,5,EASIER
7,56.6,97.72,2,2,50.62,5,SAME
3,69.72,41.12,1,2,68.26,1,SAME
3,82.05,25.02,1,1,80.02,1,SAME
5,51.38,66.62,2,2,50.03,3,EASIER
3,83.22,99.81,2,1,74.55,1,EASIER
6,71.12,81.66,1,1,68.41,4,SAME
7,58.33,76.65,2,2,57.89,5,SAME
4,81.77,47.64,2,0,79.96,2,SAME
4,70.63,53.66,2,1,67.98,2,SAME
7,40.09,131.96,2,3,31.78,5,EASIER
4,78.99,40.91,1,0,78.23,2,SAME
4,71.97,76.27,3,2,65.38,2,EASIER
3,62.53,45.73,2,3,56.96,1,EASIER
7,65.2,105.08,1,2,59.17,5,SAME
7,28.78,78.87,4,4,25.86,5,EASIER
3,96.09,30.26,1,1,97.19,1,HARDER
7,41.96,78.62,2,3,33.8,5,EASIER
3,97.67,37.07,1,0,100.0,1,SAME
3,74.22,30.19,1,1,73.45,1,SAME
4,65.94,133.29,1,2,63.78,2,EASIER
5,72.47,120.27,2,2,73.78,3,EASIER
7,40.07,62.21,4,3,36.83,5,EASIER
6,41.37,62.61,2,3,34.18,4,EASIER
3,97.78,10.67,1,0,92.47,1,HARDER
5,53.71,20.13,1,2,39.39,3,SAME
7,32.47,119.17,5,5,31.19,5,EASIER
6,78.81,44.11,3,2,76.37,4,SAME
4,67.36,82.18,3,2,65.29,2,EASIER
3,84.82,41.85,1,1,84.98,1,SAME
5,76.21,50.71,1,1,72.88,3,SAME
5,64.99,49.3,1,3,61.88,3,EASIER
4,68.83,76.38,3,0,64.46,2,EASIER
3,100.0,53.62,2,0,100.0,1,EASIER
3,78.32,16.51,2,1,79.15,1,SAME
5,61.08,34.3,2,3,53.66,3,EASIER
7,68.21,95.05,1,1,75.51,5,SAME
5,77.09,71.8,2,1,71.3,3,SAME
5,78.14,44.98,1,1,78.32,3,SAME
7,50.1,143.3,2,3,45.46,5,EASIER
6,50.58,226.08,3,2,51.84,4,EASIER
6,46.87,39.47,2,3,41.44,4,EASIER
5,64.63,46.52,2,2,58.59,3,SAME
6,44.57,39.86,1,3,42.73,4,EASIER
5,68.82,38.33,2,1,64.81,3,SAME
6,67.65,70.35,1,1,68.67,4,SAME
6,74.56,56.18,2,2,67.52,4,SAME
6,58.57,107.46,1,2,53.36,4,SAME
7,73.66,121.6,1,0,70.8,5,SAME
4,60.24,43.73,4,3,51.28,2,EASIER
6,77.03,69.91,1,1,71.51,4,SAME
3,91.49,22.72,2,0,96.05,1,HARDER
5,70.53,48.76,2,1,75.6,3,SAME
7,52.02,97.81,3,3,41.73,5,EASIER
6,48.07,101.96,3,2,48.91,4,EASIER
4,90.19,15.39,2,1,90.03,2,HARDER
6,77.58,95.24,4,4,71.6,4,EASIER
4,67.96,25.26,1,1,62.11,2,SAME
5,77.75,49.04,1,2,78.09,3,SAME
4,73.82,18.24,2,2,65.14,2,SAME
6,67.91,68.05,2,1,65.82,4,SAME
3,72.0,28.29,1,1,68.1,1,SAME
5,64.21,72.73,1,1,61.94,3,SAME
7,67.99,58.67,3,2,69.15,5,SAME
6,63.56,101.42,4,3,52.93,4,EASIER
5,55.87,101.97,1,2,48.75,3,EASIER
7,77.68,85.58,2,1,74.85,5,SAME
3,81.82,25.01,1,0,84.96,1,SAME
7,44.21,36.28,5,4,39.92,5,EASIER
4,82.8,24.93,1,0,88.27,2,SAME
7,64.46,129.79,1,1,63.46,5,SAME
7,51.61,188.52,2,3,48.12,5,EASIER
6,80.65,60.05,1,1,77.2,4,SAME
6,33.17,300.0,3,3,19.89,4,EASIER
6,89.64,96.54,1,0,94.51,4,HARDER
4,96.5,20.89,1,1,95.9,2,HARDER
3,84.86,44.33,1,0,84.61,1,SAME
4,77.84,21.09,2,2,72.29,2,SAME
5,77.92,68.24,1,1,81.23,3,SAME
6,65.94,50.58,1,2,58.25,4,SAME
4,66.71,20.08,3,2,60.08,2,SAME
5,62.41,93.38,4,3,56.42,3,EASIER
3,96.91,22.27,1,0,98.61,1,HARDER
3,82.18,53.88,1,0,81.42,1,EASIER
7,50.16,64.31,3,3,47.66,5,EASIER
7,31.3,47.87,4,4,27.77,5,EASIER
7,68.1,86.24,3,2,64.32,5,SAME
4,76.94,147.84,2,0,80.79,2,EASIER
5,59.94,87.64,3,2,52.91,3,SAME
6,62.97,109.37,2,3,57.08,4,EASIER
4,85.19,50.07,2,1,83.63,2,HARDER
6,64.31,63.73,1,0,66.81,4,SAME
6,31.61,300.0,4,4,29.93,4,EASIER
5,76.69,72.76,2,1,72.95,3,SAME
5,55.95,69.46,2,3,52.27,3,EASIER
4,81.37,60.37,2,1,76.75,2,SAME
7,76.56,55.96,3,1,74.13,5,SAME
7,37.92,69.36,2,3,34.88,5,EASIER
7,59.09,97.97,3,3,56.29,5,EASIER
6,52.16,137.31,1,2,49.89,4,EASIER
4,54.85,20.65,3,3,48.45,2,EASIER
6,65.71,79.18,1,1,63.92,4,SAME
4,61.86,34.45,5,3,55.97,2,EASIER
7,41.26,47.49,5,3,37.04,5,EASIER
4,68.73,29.92,3,1,65.74,2,SAME
5,63.82,75.86,1,1,60.25,3,HARDER
3,88.44,12.92,1,0,86.68,1,HARDER
3,68.31,46.85,1,2,65.99,1,SAME
4,92.52,47.35,1,0,90.45,2,HARDER
5,43.83,68.84,5,4,34.12,3,EASIER
3,95.17,25.09,2,0,97.62,1,HARDER
7,24.3,61.76,5,6,12.71,5,EASIER
3,67.92,18.72,5,3,61.72,1,EASIER
7,13.58,136.42,5,5,3.83,5,EASIER
4,98.84,27.97,1,0,98.52,2,HARDER
4,60.57,41.53,5,4,55.43,2,EASIER
3,86.02,16.76,1,1,83.06,1,HARDER
7,34.7,143.24,4,4,30.19,5,EASIER
6,50.47,107.8,3,2,46.29,4,EASIER
3,89.98,12.12,1,1,89.29,1,HARDER
3,72.41,25.76,1,1,75.0,1,SAME
6,52.36,37.17,3,2,48.01,4,EASIER
7,45.59,40.62,3,2,43.46,5,EASIER
3,94.2,19.19,2,1,96.4,1,HARDER
4,69.99,141.48,1,2,64.67,2,EASIER
5,56.49,85.14,2,3,47.41,3,EASIER
3,80.53,46.45,2,2,77.41,1,SAME
4,89.42,50.58,1,1,89.23,2,HARDER
3,83.85,27.39,2,2,82.62,1,SAME
5,68.05,90.35,2,1,66.07,3,SAME
6,42.51,58.8,5,4,36.75,4,EASIER
5,46.03,73.21,5,5,37.44,3,EASIER
4,68.59,66.08,2,2,67.12,2,SAME
5,59.44,81.99,2,1,58.37,3,SAME
5,66.36,107.3,2,2,60.95,3,SAME
3,93.4,27.12,1,0,97.68,1,HARDER
3,81.48,53.08,2,1,82.05,1,EASIER
3,70.22,22.79,1,2,64.24,1,SAME
7,51.18,300.0,2,2,45.61,5,EASIER
6,45.61,110.5,2,3,39.57,4,EASIER
3,75.47,21.07,1,1,82.06,1,SAME
4,58.49,21.83,3,3,47.64,2,EASIER
5,72.28,38.88,1,2,76.91,3,SAME
3,88.76,16.31,1,1,86.43,1,HARDER
7,66.75,106.71,2,2,61.27,5,SAME
7,59.92,55.94,3,3,59.29,5,EASIER
4,62.34,69.77,1,3,56.98,2,EASIER
3,63.16,26.26,2,3,64.28,1,EASIER
4,81.69,39.27,3,1,79.92,2,SAME
5,61.05,32.58,3,2,59.16,3,SAME
7,44.69,73.65,2,2,41.76,5,EASIER
4,83.41,13.38,2,0,88.19,2,SAME
4,92.91,81.28,1,0,90.82,2,EASIER
4,81.58,19.52,2,0,80.47,2,SAME
3,67.49,13.76,3,2,64.2,1,SAME
3,57.53,46.89,2,3,52.85,1,EASIER
5,60.73,70.27,4,3,61.38,3,EASIER
6,61.2,87.31,2,2,60.34,4,SAME
3,73.44,29.09,2,2,69.93,1,SAME
4,65.04,59.5,1,2,61.46,2,SAME
7,64.95,118.27,1,2,58.78,5,SAME
7,42.94,48.29,3,4,36.8,5,EASIER
6,54.77,120.06,3,3,52.53,4,EASIER
5,71.94,71.49,3,1,68.7,3,SAME
5,44.86,103.58,4,4,36.02,3,EASIER
4,93.31,21.13,3,2,93.09,2,SAME
4,75.78,26.97,2,1,77.14,2,SAME
4,84.67,45.69,2,1,79.93,2,SAME
6,64.19,50.18,1,3,57.45,4,EASIER
6,76.42,24.12,1,1,79.11,4,SAME
6,59.37,90.86,1,1,55.95,4,SAME
6,73.32,130.6,1,1,74.05,4,SAME
3,100.0,23.61,3,0,97.16,1,SAME
6,41.87,109.04,3,3,36.67,4,EASIER
7,21.2,139.54,3,4,23.35,5,EASIER
6,63.25,82.45,1,1,57.29,4,SAME
5,72.94,62.04,2,1,68.56,3,SAME
4,75.3,71.64,2,1,70.06,2,SAME
6,65.36,49.67,1,2,63.86,4,SAME
5,86.65,85.04,1,0,80.42,3,SAME
4,72.02,21.81,2,1,75.55,2,SAME
5,86.68,39.14,1,1,84.58,3,HARDER
3,84.44,42.57,1,2,78.57,1,SAME
7,25.13,57.92,5,5,20.97,5,EASIER
6,71.3,72.32,1,2,67.69,4,SAME
4,79.69,115.29,1,1,82.4,2,EASIER
6,78.89,139.77,2,1,77.98,4,SAME
3,94.71,18.01,1,0,93.62,1,HARDER
4,80.06,29.13,2,1,80.3,2,SAME
6,71.27,75.06,1,2,70.6,4,SAME
3,82.22,44.82,1,1,81.19,1,SAME
6,60.32,48.71,2,3,53.46,4,EASIER
7,36.23,62.78,4,4,36.16,5,EASIER
5,76.5,82.56,1,1,74.7,3,SAME
4,67.1,17.24,1,1,63.75,2,SAME
6,43.95,51.06,2,3,42.5,4,EASIER
4,75.7,36.51,1,2,74.66,2,SAME
6,60.46,80.57,1,2,59.48,4,SAME
6,66.19,40.33,2,1,63.19,4,HARDER
3,69.34,29.26,3,2,62.71,1,SAME
3,81.21,31.99,3,3,78.37,1,EASIER
3,75.89,18.62,2,2,71.95,1,SAME
3,100.0,52.35,2,1,98.76,1,EASIER
4,73.46,44.58,2,1,76.78,2,SAME
3,73.24,15.99,4,3,72.99,1,EASIER
7,22.11,270.92,4,4,12.85,5,EASIER
7,44.2,84.21,3,4,42.42,5,HARDER
3,94.39,27.07,1,0,97.82,1,HARDER
4,76.95,30.23,2,1,74.97,2,SAME
6,54.46,113.44,4,3,53.68,4,EASIER
6,74.15,63.84,2,0,72.54,4,SAME
5,99.63,47.09,1,0,99.86,3,HARDER
7,63.88,102.65,2,3,62.4,5,EASIER
6,56.39,63.16,3,3,50.0,4,EASIER
6,32.58,143.17,5,5,21.84,4,EASIER
5,62.27,31.12,2,1,62.31,3,SAME
5,72.46,56.94,1,1,69.76,3,SAME
4,86.23,39.63,1,1,86.41,2,HARDER
5,75.82,54.53,3,1,73.5,3,SAME
7,53.81,189.85,2,2,44.63,5,EASIER
4,66.85,18.74,3,1,64.26,2,SAME
3,76.22,32.19,1,1,77.85,1,SAME
5,68.35,31.32,1,1,66.81,3,SAME
6,72.36,62.94,1,2,68.68,4,SAME
7,62.13,53.73,2,2,56.42,5,HARDER
5,59.39,49.21,5,3,57.81,3,EASIER
6,80.37,60.71,1,1,74.44,4,SAME
4,62.35,82.07,2,3,57.5,2,EASIER
5,47.75,65.36,4,4,47.1,3,EASIER
5,71.24,72.11,3,3,64.24,3,EASIER
4,67.44,22.58,5,3,64.9,2,EASIER
6,66.81,120.49,1,1,64.53,4,SAME
7,53.68,273.51,3,2,46.39,5,EASIER
4,88.07,57.19,2,1,89.47,2,SAME
3,83.42,13.94,3,1,75.99,1,SAME
7,45.81,86.97,4,3,41.16,5,EASIER
7,22.69,118.82,4,5,22.83,5,SAME
7,45.73,81.77,2,3,41.07,5,EASIER
4,69.01,124.97,2,1,62.85,2,EASIER
6,66.77,63.81,4,3,60.34,4,EASIER
6,84.58,80.17,1,0,87.15,4,SAME
6,62.26,60.02,1,2,59.13,4,SAME
7,65.49,127.07,2,1,60.46,5,SAME
7,15.11,237.91,5,5,6.76,5,EASIER
5,40.92,61.39,2,3,36.37,3,EASIER
3,100.0,22.68,1,0,100.0,1,HARDER
3,51.49,15.5,3,3,45.62,1,EASIER
7,23.33,216.44,1,3,19.4,5,EASIER
7,44.7,103.56,4,2,38.73,5,EASIER
3,79.5,23.01,2,2,78.23,1,SAME
4,87.84,12.66,1,1,83.19,2,HARDER
4,100.0,35.79,1,0,99.32,2,HARDER
4,94.66,31.47,1,0,92.45,2,HARDER
6,69.07,31.73,2,2,68.21,4,SAME
5,64.45,94.66,1,1,64.15,3,SAME
5,64.49,44.5,2,2,62.38,3,SAME
5,76.15,148.23,1,2,78.63,3,EASIER
6,30.11,171.1,5,3,27.78,4,EASIER
6,71.8,56.39,2,3,69.39,4,EASIER
3,90.78,45.98,1,0,93.23,1,SAME
3,85.74,51.19,1,0,84.67,1,EASIER
4,96.34,29.22,1,0,95.48,2,HARDER
5,74.32,34.79,1,2,70.75,3,SAME
7,40.96,34.6,2,3,31.75,5,EASIER
7,67.59,137.8,2,2,60.39,5,SAME
6,56.08,49.43,3,2,53.64,4,SAME
3,87.13,30.01,1,0,90.69,1,HARDER
3,88.63,19.42,1,1,86.29,1,HARDER
5,56.72,39.43,3,2,49.24,3,EASIER
5,100.0,43.93,1,0,96.88,3,HARDER
6,55.73,41.71,1,2,47.5,4,EASIER
3,93.96,19.47,1,1,97.58,1,HARDER
7,44.27,74.97,4,4,37.82,5,EASIER
5,78.84,57.6,2,2,77.1,3,SAME
5,72.84,61.07,1,1,74.42,3,SAME
3,100.0,15.52,1,1,96.89,1,HARDER
7,30.97,204.06,4,5,22.95,5,EASIER
5,71.58,53.6,1,1,69.98,3,SAME
4,81.82,76.99,1,1,83.21,2,EASIER
4,80.47,42.56,2,1,79.41,2,SAME
4,95.94,39.25,1,0,96.94,2,HARDER
3,75.77,20.09,1,1,72.33,1,SAME
7,55.56,156.58,3,3,48.6,5,EASIER
7,73.69,114.07,1,1,73.87,5,SAME
7,58.74,178.82,2,3,55.28,5,EASIER
4,65.88,80.78,3,2,61.28,2,EASIER
5,71.67,40.47,1,1,69.04,3,SAME
5,73.85,78.58,2,1,73.11,3,SAME
5,78.02,77.48,1,1,74.34,3,SAME
5,38.54,72.76,4,5,28.16,3,EASIER
5,80.04,46.81,2,1,73.23,3,SAME
6,55.58,66.15,2,2,54.73,4,SAME
3,82.96,19.28,1,1,80.51,1,SAME
3,100.0,19.11,1,0,98.48,1,HARDER
7,36.91,70.85,5,4,31.51,5,EASIER
7,40.27,105.8,4,4,34.28,5,EASIER
7,37.99,74.11,4,4,29.06,5,EASIER
4,52.73,46.63,5,5,44.17,2,EASIER
5,76.6,59.66,1,1,76.64,3,SAME
3,100.0,26.95,1,0,100.0,1,HARDER
4,34.84,33.42,5,4,31.72,2,EASIER
6,76.46,84.99,4,2,75.32,4,EASIER
4,100.0,33.83,1,0,100.0,2,HARDER
5,63.86,85.31,2,3,54.59,3,EASIER
3,92.09,20.53,1,0,96.91,1,HARDER
5,64.11,69.85,3,2,61.54,3,SAME
6,67.79,41.57,3,2,66.78,4,SAME
5,69.59,82.51,2,1,72.81,3,SAME
5,60.25,43.97,4,3,56.63,3,EASIER
7,76.05,68.12,1,1,68.92,5,SAME
4,41.73,22.25,4,4,29.82,2,EASIER
4,82.31,21.44,1,1,75.89,2,SAME
6,72.58,63.84,1,1,67.49,4,SAME
5,47.37,121.79,4,4,44.75,3,EASIER
7,16.34,78.88,5,5,10.75,5,EASIER
3,69.52,9.35,4,2,67.39,1,EASIER
3,76.69,29.42,2,2,73.05,1,SAME
4,79.34,22.51,1,1,82.61,2,SAME
5,74.63,86.81,1,1,72.67,3,SAME
7,37.45,89.03,2,3,28.52,5,EASIER
5,73.86,50.64,1,2,69.67,3,SAME
5,44.81,104.91,4,3,42.44,3,EASIER
3,75.29,32.91,1,0,76.88,1,SAME
5,82.57,31.3,1,1,74.52,3,SAME
5,48.92,33.66,3,3,43.61,3,EASIER
5,76.08,23.99,2,2,77.77,3,SAME
6,55.27,300.0,2,2,49.95,4,EASIER
5,54.8,37.84,4,3,47.64,3,EASIER
3,100.0,42.07,1,0,100.0,1,SAME
3,100.0,19.73,2,1,100.0,1,HARDER
3,96.33,15.46,1,0,92.51,1,HARDER
6,52.58,82.92,3,3,49.13,4,EASIER
7,69.03,93.73,2,2,64.89,5,SAME
7,15.79,173.39,4,5,3.34,5,EASIER
4,100.0,55.72,1,0,99.62,2,SAME
3,91.12,19.23,1,1,88.37,1,HARDER
6,73.14,38.78,1,1,71.87,4,SAME
3,58.84,14.67,3,2,53.9,1,SAME
6,73.08,25.02,2,2,69.54,4,SAME
4,85.36,33.4,1,1,81.59,2,HARDER
7,40.54,111.28,4,4,38.61,5,EASIER
6,42.16,45.26,4,3,33.99,4,EASIER
6,39.27,42.5,4,4,33.22,4,EASIER
5,47.9,57.54,4,4,40.35,3,EASIER
7,24.15,79.37,4,5,15.44,5,EASIER
5,51.23,52.2,5,4,44.63,3,EASIER
6,80.45,67.75,2,1,76.78,4,SAME
4,87.97,42.71,1,2,78.97,2,SAME
5,67.98,43.84,1,1,70.65,3,SAME
7,38.6,85.81,5,4,30.97,5,EASIER
4,33.82,15.69,4,3,32.09,2,EASIER
3,100.0,24.45,1,0,97.12,1,HARDER
4,70.72,39.62,2,2,70.17,2,SAME
4,89.65,34.96,1,0,87.82,2,HARDER
5,48.07,149.43,4,4,41.85,3,EASIER
3,96.24,26.88,1,0,92.19,1,HARDER
3,100.0,23.32,2,1,94.18,1,HARDER
4,52.66,48.05,2,2,47.17,2,EASIER
5,71.28,165.06,1,2,71.35,3,EASIER
3,78.9,27.98,3,3,77.53,1,EASIER
4,79.84,13.36,1,1,79.2,2,SAME
4,68.16,46.56,2,1,71.46,2,SAME
3,100.0,16.91,1,1,98.05,1,HARDER
4,83.61,15.39,1,1,79.97,2,SAME
4,80.28,84.39,1,1,77.34,2,EASIER
3,84.82,48.33,1,0,86.34,1,SAME
6,61.25,51.21,2,3,55.67,4,EASIER
3,96.72,16.76,1,0,100.0,1,HARDER
5,54.87,62.79,5,3,48.76,3,EASIER
6,61.45,51.75,1,1,62.87,4,SAME
7,45.67,104.05,3,3,42.6,5,EASIER
5,60.2,40.75,5,3,57.69,3,EASIER
5,81.5,47.57,3,2,75.28,3,SAME
6,74.52,39.51,3,1,65.91,4,SAME
7,75.56,175.77,1,1,74.32,5,SAME
4,76.87,66.91,2,2,72.05,2,SAME
6,67.39,77.84,3,2,65.38,4,SAME
5,74.04,56.97,2,2,72.4,3,EASIER
3,81.23,33.08,1,1,77.95,1,SAME
6,40.65,82.08,5,4,32.11,4,EASIER
7,32.7,287.47,3,4,26.72,5,EASIER
3,93.18,13.92,2,0,87.06,1,HARDER
3,83.82,36.67,3,2,79.5,1,SAME
7,40.87,105.24,4,4,34.44,5,EASIER
5,74.51,33.3,1,0,75.85,3,SAME
4,63.81,109.26,2,2,57.98,2,EASIER
6,29.28,283.45,4,4,22.89,4,EASIER
4,75.84,34.46,2,2,75.06,2,SAME
4,86.91,46.83,1,1,86.33,2,HARDER
4,85.25,30.45,1,0,87.53,2,HARDER
5,61.16,49.74,2,3,53.58,3,EASIER
3,77.65,15.1,2,2,73.02,1,SAME
4,61.8,20.82,4,3,57.92,2,EASIER
4,85.38,90.41,1,1,80.91,2,EASIER
3,84.53,24.57,1,1,81.84,1,SAME
6,39.71,84.19,3,3,38.05,4,EASIER
3,56.75,17.43,4,3,52.57,1,EASIER
7,58.54,124.22,2,2,57.3,5,SAME
3,95.11,12.8,1,0,99.78,1,HARDER
4,63.54,26.41,3,3,57.74,2,EASIER
3,79.11,14.66,1,1,82.05,1,EASIER
4,66.01,69.77,1,1,63.45,2,SAME
6,27.08,34.73,5,3,18.16,4,EASIER
3,78.75,14.79,2,2,76.35,1,SAME
5,59.7,21.05,1,1,56.79,3,SAME
6,43.78,51.62,5,4,33.41,4,EASIER
5,61.63,46.2,4,2,56.56,3,EASIER
3,52.9,38.63,4,3,45.96,1,EASIER
6,51.62,73.06,2,3,48.86,4,EASIER
3,81.98,20.83,2,1,85.49,1,SAME
3,80.8,28.57,1,1,80.19,1,SAME
5,72.1,46.58,2,1,71.74,3,SAME
4,81.43,117.95,2,2,75.96,2,EASIER
3,87.74,19.22,1,0,85.66,1,HARDER
6,42.69,101.68,2,4,37.95,4,EASIER
5,69.49,87.32,2,2,67.77,3,SAME
7,59.27,79.9,1,3,58.12,5,EASIER
5,54.45,62.95,5,4,47.26,3,EASIER
5,88.57,45.26,3,2,83.59,3,SAME
7,37.0,130.04,3,3,39.34,5,EASIER
3,74.85,26.15,2,1,75.91,1,SAME
4,59.16,35.58,5,4,55.42,2,EASIER
6,72.51,44.96,2,2,65.81,4,SAME
4,95.18,91.24,2,0,95.81,2,EASIER
7,54.99,154.17,1,3,53.95,5,EASIER
4,53.42,18.01,4,2,52.63,2,EASIER
5,68.28,47.1,1,1,69.49,3,SAME
7,37.18,47.62,4,4,30.34,5,EASIER
4,79.97,54.37,1,1,75.4,2,SAME
7,50.87,110.68,3,4,43.21,5,EASIER
3,90.34,25.05,1,0,91.51,1,HARDER
4,69.93,25.58,1,1,66.97,2,SAME
5,32.15,49.61,5,4,28.66,3,EASIER
5,73.6,85.64,1,1,72.46,3,SAME
7,40.64,199.12,2,3,35.81,5,HARDER
7,23.19,177.65,5,5,15.38,5,EASIER
6,79.69,36.58,1,1,73.18,4,SAME
6,77.22,74.44,1,0,73.65,4,SAME
4,79.6,42.8,1,2,80.05,2,SAME
7,67.18,75.04,2,1,64.92,5,HARDER
6,60.92,34.61,4,3,55.04,4,EASIER
3,98.04,14.1,2,0,94.13,1,HARDER
7,68.8,253.63,1,2,67.3,5,EASIER
4,74.74,21.71,2,2,65.79,2,SAME
5,82.09,59.38,2,1,81.89,3,SAME
5,59.64,53.68,3,4,47.01,3,EASIER
7,62.35,103.0,3,3,57.69,5,EASIER
4,81.39,32.7,1,1,82.51,2,SAME
4,54.84,55.06,5,3,49.34,2,EASIER
3,78.93,25.4,1,1,77.1,1,SAME
4,44.85,28.32,5,4,42.22,2,EASIER
3,94.43,25.58,1,0,89.74,1,HARDER
5,80.66,30.82,2,1,78.28,3,SAME
7,48.97,145.17,1,3,42.25,5,EASIER
5,70.58,41.4,4,2,66.95,3,EASIER
7,62.35,79.74,3,2,58.92,5,SAME
7,36.48,148.13,5,5,31.76,5,EASIER
3,93.45,20.86,2,0,88.99,1,HARDER
5,71.22,48.75,1,1,70.91,3,SAME
5,57.76,103.38,1,1,61.1,3,SAME
4,57.25,24.05,4,3,50.98,2,EASIER
7,59.28,146.95,3,2,56.91,5,SAME
4,82.19,59.37,3,1,77.79,2,SAME
3,68.62,42.02,2,2,70.93,1,SAME
5,40.83,170.34,3,4,29.0,3,EASIER
4,74.2,28.1,1,1,72.06,2,SAME
4,55.68,25.27,2,3,51.03,2,EASIER
5,46.97,86.92,4,4,34.93,3,EASIER
6,57.16,133.71,3,3,48.23,4,EASIER
4,29.94,26.2,4,4,21.69,2,EASIER
4,82.39,47.72,1,0,81.09,2,SAME
3,93.86,84.03,2,1,92.61,1,EASIER
4,86.87,39.92,2,1,78.25,2,HARDER
5,78.69,91.61,1,1,79.28,3,SAME
6,48.86,186.16,3,3,43.07,4,EASIER
4,82.65,123.27,2,2,79.96,2,EASIER
3,67.32,27.89,5,3,61.76,1,EASIER
5,63.0,107.84,2,3,55.78,3,EASIER
6,80.29,54.42,1,1,80.91,4,SAME
3,46.97,25.28,5,4,44.56,1,EASIER
5,85.73,46.5,1,2,86.64,3,SAME
3,89.03,10.8,2,1,88.77,1,HARDER
5,72.2,26.23,2,1,67.16,3,SAME
6,62.39,102.55,2,2,58.0,4,SAME
6,79.78,103.6,2,1,75.69,4,SAME
6,67.91,47.71,3,2,63.35,4,SAME
6,55.92,184.3,4,3,47.24,4,EASIER
4,68.37,22.55,4,2,69.45,2,EASIER
7,46.29,128.86,5,4,40.21,5,EASIER
4,88.95,31.26,1,0,86.61,2,HARDER
4,82.27,39.96,1,1,82.33,2,SAME
6,74.78,130.84,1,0,73.36,4,SAME
4,51.79,54.25,5,3,47.2,2,EASIER
3,100.0,34.26,1,0,97.19,1,SAME
6,40.39,110.87,3,4,31.33,4,EASIER
6,39.3,42.3,5,4,36.19,4,EASIER
5,59.07,101.7,2,4,54.82,3,EASIER
3,100.0,15.6,1,0,100.0,1,HARDER
6,62.87,77.6,1,2,58.78,4,SAME
3,82.44,21.38,2,1,80.64,1,SAME
5,53.49,68.98,1,3,50.39,3,EASIER
5,88.9,45.63,2,0,86.95,3,HARDER
6,61.14,75.51,1,2,54.28,4,SAME
7,38.9,270.64,5,3,35.7,5,EASIER
3,64.58,14.05,3,3,58.5,1,EASIER
3,79.35,24.97,1,1,77.03,1,SAME
5,79.2,33.41,2,1,81.94,3,SAME
7,35.07,161.74,2,3,28.78,5,EASIER
3,94.79,18.09,1,0,95.68,1,HARDER
5,40.59,59.12,5,5,32.77,3,EASIER
5,93.8,30.11,2,0,94.01,3,HARDER
4,100.0,69.73,1,0,94.82,2,SAME
6,62.76,85.16,4,2,61.16,4,EASIER
4,81.51,40.54,5,3,81.67,2,EASIER
5,67.9,87.43,1,2,68.85,3,SAME
7,57.67,56.63,3,2,54.05,5,SAME
4,45.69,28.46,5,4,45.36,2,EASIER
3,99.55,26.97,1,1,100.0,1,HARDER
7,45.84,42.87,4,4,39.34,5,EASIER
4,70.52,17.46,1,1,73.7,2,SAME
6,55.45,53.5,3,3,50.48,4,EASIER
6,71.15,45.3,1,1,70.93,4,SAME
5,77.81,48.92,1,0,82.12,3,SAME
3,100.0,31.54,1,0,98.32,1,HARDER
7,39.8,168.54,2,4,33.41,5,EASIER
6,38.36,210.11,3,4,27.44,4,EASIER
5,44.39,57.35,1,2,39.56,3,EASIER
7,48.65,121.83,4,2,47.17,5,EASIER
6,79.03,80.95,1,0,78.97,4,SAME
6,64.52,96.86,3,1,64.85,4,SAME
3,89.21,29.85,1,0,83.27,1,HARDER
6,36.85,132.45,4,3,33.34,4,EASIER
4,69.23,58.51,1,1,65.16,2,SAME
3,95.69,31.5,1,0,98.26,1,EASIER
4,71.79,77.27,1,1,67.27,2,EASIER
3,64.57,25.3,2,1,65.74,1,SAME
3,100.0,19.04,1,0,95.65,1,HARDER
6,51.98,64.96,3,3,48.36,4,EASIER
5,78.87,55.04,1,2,75.82,3,SAME
4,18.71,22.83,5,5,11.78,2,EASIER
3,89.53,19.03,1,1,87.3,1,HARDER
6,67.41,45.33,1,1,68.19,4,SAME
6,75.17,98.06,3,0,75.9,4,SAME
5,73.39,69.1,1,2,70.79,3,SAME
3,56.67,11.38,1,3,52.31,1,EASIER
3,80.36,18.69,2,0,76.97,1,SAME
3,80.57,56.32,2,1,79.84,1,EASIER
3,100.0,33.09,1,0,97.33,1,HARDER
7,59.95,143.47,1,3,58.35,5,EASIER
4,79.12,27.81,1,1,76.64,2,SAME
6,60.28,95.21,2,2,56.97,4,SAME
7,74.41,111.12,4,3,72.61,5,EASIER
7,54.77,72.55,3,3,48.72,5,EASIER
4,66.67,30.13,3,2,62.26,2,SAME
5,74.59,45.93,3,2,71.54,3,SAME
5,56.87,27.76,2,1,58.39,3,SAME
3,81.31,13.87,1,1,82.25,1,SAME
6,56.66,73.92,2,2,54.96,4,SAME
5,56.49,38.12,1,3,47.42,3,EASIER
4,95.41,32.99,1,0,98.28,2,HARDER
5,67.8,26.2,1,1,63.46,3,SAME
6,40.05,124.39,5,5,32.89,4,EASIER
3,73.3,63.1,2,1,76.36,1,EASIER
6,69.16,139.91,1,2,64.04,4,SAME
7,77.6,207.4,1,1,78.73,5,SAME
6,42.29,113.56,4,3,37.19,4,EASIER
6,49.38,94.14,3,3,40.25,4,EASIER
3,75.13,25.98,1,1,76.14,1,SAME
6,45.58,50.97,4,3,40.3,4,EASIER
6,30.83,117.4,3,3,24.66,4,EASIER
5,92.32,79.25,1,0,94.96,3,SAME
5,55.28,46.12,3,2,53.3,3,SAME
6,35.75,107.8,4,4,27.67,4,EASIER
3,80.77,18.36,2,1,75.0,1,EASIER
4,84.53,28.26,2,1,82.54,2,SAME
6,63.72,122.7,1,2,59.68,4,SAME
7,59.68,141.62,3,2,56.74,5,SAME
4,71.59,34.08,2,2,69.65,2,SAME
5,60.65,48.83,2,2,60.52,3,SAME
7,54.33,123.19,2,2,54.26,5,EASIER
3,88.03,11.05,1,1,95.91,1,HARDER
4,87.81,26.61,2,0,88.96,2,HARDER
3,92.54,14.24,2,1,88.14,1,HARDER
4,64.35,38.21,3,3,60.33,2,EASIER
6,32.42,144.43,3,4,25.13,4,EASIER
4,62.14,47.55,5,4,52.96,2,EASIER
7,34.48,84.75,3,3,28.77,5,EASIER
7,54.71,76.2,2,3,56.82,5,EASIER
7,61.85,74.27,2,2,58.01,5,SAME
6,79.5,231.95,1,0,83.58,4,EASIER
6,95.59,84.95,1,1,97.23,4,HARDER
5,81.38,64.03,1,1,80.83,3,SAME
7,25.52,35.44,3,4,22.65,5,EASIER
3,48.72,14.78,5,4,44.13,1,EASIER
6,47.05,80.14,4,5,35.8,4,EASIER
3,71.77,20.03,3,2,70.39,1,SAME
4,85.12,40.45,1,1,83.88,2,HARDER
4,85.34,40.2,1,0,80.38,2,HARDER
6,53.51,112.05,1,2,50.96,4,EASIER
6,70.06,31.02,2,1,68.46,4,SAME
3,79.17,15.29,1,1,78.38,1,SAME
6,71.87,77.86,1,1,78.32,4,SAME
4,100.0,28.03,1,0,100.0,2,HARDER
3,71.28,21.78,2,2,68.93,1,SAME
5,50.49,61.22,5,4,47.55,3,EASIER
5,72.29,40.11,1,0,71.06,3,SAME
4,71.86,41.59,1,2,66.89,2,SAME
4,84.53,49.07,1,0,86.88,2,SAME
7,39.62,116.04,3,4,32.64,5,EASIER
4,92.01,53.32,1,0,93.05,2,SAME
7,63.49,34.27,2,3,57.01,5,EASIER
7,82.7,81.38,1,2,79.93,5,SAME
4,91.48,57.8,1,1,92.04,2,SAME
5,84.66,37.81,1,1,86.44,3,SAME
6,32.94,48.75,3,5,23.81,4,EASIER
5,73.55,54.49,3,2,75.79,3,SAME
5,57.96,57.5,5,4,53.08,3,EASIER
4,75.49,29.56,1,1,74.19,2,SAME
3,100.0,56.78,2,0,100.0,1,EASIER
3,100.0,28.4,1,0,100.0,1,SAME
4,86.53,24.86,1,0,87.47,2,HARDER
6,78.67,38.79,1,1,78.35,4,SAME
4,88.81,45.98,1,1,87.53,2,HARDER
3,78.25,16.55,3,1,81.15,1,SAME
4,55.51,104.51,4,3,51.15,2,EASIER
5,83.08,71.68,2,2,75.67,3,SAME
4,59.85,49.44,2,2,62.04,2,SAME
4,85.96,42.71,1,1,85.6,2,HARDER
3,98.58,41.18,2,0,94.48,1,SAME
4,85.4,12.33,1,1,81.13,2,HARDER
4,93.01,21.59,1,0,92.4,2,HARDER
7,35.28,196.78,4,4,30.64,5,EASIER
7,33.31,253.74,2,3,19.48,5,EASIER
4,94.36,21.26,1,0,86.59,2,HARDER
3,85.67,11.13,4,2,82.94,1,EASIER
3,83.57,26.93,1,1,86.17,1,SAME
4,89.49,47.74,1,0,93.53,2,HARDER
5,72.95,62.39,2,2,66.97,3,SAME
5,58.82,56.31,3,3,56.07,3,EASIER
4,97.06,15.91,1,0,98.76,2,HARDER
4,60.29,31.86,4,3,56.47,2,EASIER
4,72.36,34.17,1,1,74.52,2,SAME
5,65.86,44.22,2,2,60.57,3,SAME
6,68.17,30.23,1,2,66.32,4,SAME
3,81.83,32.43,1,0,87.68,1,SAME
5,68.32,89.03,1,1,65.83,3,SAME
6,56.97,54.24,1,2,52.57,4,SAME
6,52.47,74.44,3,4,48.76,4,EASIER
5,57.89,45.35,4,3,54.52,3,EASIER
5,45.75,45.57,4,3,35.8,3,EASIER
6,41.83,105.97,3,2,41.99,4,EASIER
4,71.69,48.46,1,1,66.55,2,SAME
5,71.97,98.74,1,1,72.97,3,SAME
4,76.12,62.36,1,1,74.27,2,SAME
5,51.48,53.27,2,2,48.4,3,EASIER
3,63.59,88.55,2,2,60.84,1,EASIER
4,72.42,78.73,2,2,66.84,2,EASIER
3,78.45,18.65,2,1,80.62,1,SAME
4,82.47,40.33,1,2,79.83,2,SAME
5,93.99,21.7,1,1,91.52,3,HARDER
5,51.46,58.79,5,4,50.48,3,EASIER
7,21.78,278.85,2,3,17.05,5,EASIER
3,56.75,86.19,4,3,49.7,1,EASIER
7,59.47,104.84,2,2,59.01,5,HARDER
4,75.67,44.48,1,1,72.47,2,SAME
6,49.28,112.33,2,3,49.85,4,EASIER
6,67.81,229.56,1,1,65.38,4,EASIER
7,30.02,65.55,5,5,20.93,5,EASIER
3,75.52,81.5,1,2,70.19,1,EASIER
7,46.17,94.23,2,2,43.23,5,EASIER
3,100.0,14.85,1,0,98.85,1,HARDER
7,50.06,94.32,1,3,45.04,5,EASIER
6,53.39,53.82,3,2,46.24,4,EASIER
5,73.97,71.38,1,0,74.97,3,SAME
4,84.19,17.48,2,3,81.49,2,EASIER
3,80.56,26.63,1,0,83.43,1,SAME
7,21.45,160.83,5,5,12.21,5,EASIER
6,63.89,177.29,2,3,60.5,4,EASIER
7,57.88,162.3,5,4,54.83,5,EASIER
6,56.21,171.71,1,2,54.36,4,EASIER
7,34.65,80.51,4,5,25.22,5,EASIER
7,73.82,138.84,3,2,73.26,5,SAME
5,72.68,19.24,1,1,75.25,3,SAME
6,66.11,77.28,1,2,63.54,4,SAME
4,78.38,45.57,2,2,76.48,2,SAME
6,65.63,105.1,2,2,59.47,4,SAME
6,72.71,36.17,1,1,69.81,4,SAME
5,73.58,47.81,3,2,73.44,3,SAME
6,54.64,71.98,1,1,53.21,4,EASIER
4,81.49,31.06,1,1,77.35,2,SAME
6,78.95,119.55,1,1,81.65,4,SAME
5,44.73,52.1,2,3,43.38,3,EASIER
4,48.37,39.82,4,4,41.52,2,EASIER
7,42.78,85.77,5,4,44.55,5,EASIER
3,89.7,40.15,1,1,86.75,1,SAME
6,57.58,148.28,1,3,48.3,4,EASIER
4,73.46,32.87,3,3,68.51,2,EASIER
4,73.26,145.09,2,2,65.66,2,EASIER
3,80.22,17.78,1,0,81.75,1,SAME
3,74.03,39.14,3,1,76.79,1,SAME
3,63.07,16.37,3,2,57.72,1,SAME
7,63.99,170.68,2,2,59.75,5,SAME
7,13.71,163.58,5,6,3.19,5,EASIER
5,68.58,35.15,2,2,64.51,3,SAME
3,84.72,23.59,3,1,82.85,1,SAME
7,62.97,300.0,2,3,56.46,5,EASIER
6,60.88,53.69,2,2,59.75,4,SAME
5,99.23,70.77,2,1,94.53,3,HARDER
7,41.7,134.47,2,3,38.0,5,EASIER
5,76.47,56.8,2,2,75.97,3,HARDER
4,76.31,16.84,1,1,71.87,2,SAME
6,84.5,126.17,1,1,78.24,4,SAME
5,55.0,58.33,4,2,48.24,3,EASIER
6,53.57,145.58,1,2,49.35,4,EASIER
6,61.8,92.5,4,2,55.03,4,EASIER
7,43.86,116.01,3,3,43.88,5,EASIER
4,69.13,45.27,1,2,66.05,2,SAME
3,72.47,16.11,3,2,67.37,1,SAME
5,75.71,125.42,2,1,71.89,3,EASIER
6,68.36,67.46,1,1,69.34,4,SAME
7,58.68,91.92,1,2,58.95,5,SAME
4,74.43,69.75,2,1,71.59,2,SAME
6,21.64,93.25,4,5,14.79,4,EASIER
7,80.46,98.46,3,1,80.46,5,SAME
7,53.12,140.33,2,2,51.5,5,EASIER
7,41.96,157.54,5,4,37.98,5,EASIER
7,65.44,105.0,3,2,65.62,5,SAME
6,47.11,132.47,2,3,44.5,4,EASIER
4,55.89,20.91,3,3,49.91,2,EASIER
5,93.86,66.03,1,0,92.93,3,HARDER
6,43.57,124.32,3,3,34.58,4,EASIER
4,78.62,50.9,1,0,79.19,2,SAME
6,61.58,25.57,1,2,58.94,4,SAME
5,43.96,54.48,1,2,39.54,3,EASIER
6,46.45,43.62,4,3,42.84,4,EASIER
5,57.99,109.61,3,2,53.69,3,SAME
6,81.71,66.92,1,0,79.21,4,SAME
3,83.57,42.17,1,1,85.77,1,SAME
6,63.17,43.55,1,2,58.54,4,SAME
7,59.71,138.57,2,3,54.94,5,EASIER
7,58.73,112.49,3,2,57.73,5,SAME
7,21.01,300.0,3,5,10.47,5,EASIER
4,59.8,66.1,1,1,58.85,2,SAME
3,100.0,41.04,1,0,97.24,1,SAME
6,67.81,235.37,2,3,65.13,4,EASIER
3,82.21,28.36,1,0,88.71,1,SAME
4,73.21,36.26,2,2,73.16,2,SAME
6,55.37,73.38,3,2,56.14,4,SAME
5,52.52,68.22,3,3,49.67,3,EASIER
6,49.31,19.42,3,2,51.53,4,EASIER
6,40.43,82.1,5,3,29.86,4,EASIER
3,66.91,27.65,2,2,64.9,1,SAME
6,74.52,75.62,4,2,74.44,4,EASIER
5,51.18,27.18,2,2,47.38,3,EASIER
5,53.62,53.85,1,3,51.1,3,EASIER
5,86.72,27.15,1,1,83.58,3,HARDER
5,58.86,139.55,2,2,60.14,3,EASIER
5,67.44,51.06,3,2,64.48,3,SAME
4,76.76,14.41,2,2,73.06,2,SAME
4,79.57,34.49,1,1,76.06,2,SAME
3,87.71,37.24,1,1,86.5,1,SAME
4,87.95,41.28,1,1,91.04,2,HARDER
4,96.29,24.73,1,0,99.83,2,HARDER
5,54.45,41.46,3,2,49.0,3,EASIER
7,67.95,95.79,1,1,66.85,5,SAME
3,84.66,20.56,1,0,86.17,1,SAME
4,72.75,21.02,2,1,70.72,2,SAME
3,52.11,24.26,5,4,46.79,1,EASIER
7,31.56,54.14,5,5,27.73,5,EASIER
6,45.08,134.32,2,3,40.34,4,EASIER
4,69.26,62.87,1,2,67.72,2,SAME
5,38.74,35.3,5,4,36.07,3,EASIER
6,23.9,56.49,4,5,18.73,4,EASIER
7,31.33,88.94,4,5,24.4,5,EASIER
5,64.24,57.1,2,1,67.14,3,SAME
4,80.3,42.88,2,1,76.73,2,SAME
6,38.62,104.32,3,3,29.27,4,EASIER
6,46.6,103.07,4,4,41.72,4,EASIER
6,51.66,183.96,3,2,54.48,4,EASIER
3,79.64,25.68,2,1,84.78,1,SAME
6,43.7,41.66,5,4,35.17,4,EASIER
3,70.97,12.22,4,3,64.92,1,EASIER
7,38.7,273.14,2,4,27.69,5,EASIER
7,24.37,147.86,5,5,17.37,5,EASIER
5,77.92,64.24,1,1,78.65,3,SAME
6,55.87,103.57,1,3,48.62,4,EASIER
3,64.64,26.85,1,2,60.46,1,SAME
7,52.11,141.82,1,2,53.27,5,EASIER
4,77.24,31.9,1,0,83.21,2,SAME
4,55.15,62.4,5,3,53.3,2,EASIER
6,63.61,62.41,2,2,59.11,4,SAME
7,27.36,68.46,5,4,26.75,5,EASIER
5,77.37,25.12,1,1,77.57,3,SAME
5,86.37,51.56,1,0,85.34,3,HARDER
5,70.37,108.62,1,3,64.14,3,EASIER
4,66.21,30.65,2,1,57.97,2,SAME
5,43.97,29.31,5,3,44.73,3,EASIER
7,68.77,130.81,1,2,73.62,5,SAME
4,67.57,27.98,1,2,64.56,2,SAME
6,47.55,183.43,4,4,43.53,4,EASIER
6,51.39,143.38,2,2,48.27,4,EASIER
7,67.34,56.03,2,1,66.53,5,SAME
6,65.35,74.91,2,1,60.67,4,SAME
7,47.92,74.21,4,3,44.84,5,EASIER
6,72.33,44.85,2,1,76.6,4,SAME
7,60.27,108.64,3,3,55.73,5,EASIER
6,54.08,125.49,4,3,48.64,4,EASIER
7,51.94,107.12,1,2,52.3,5,EASIER
7,49.48,84.54,4,3,43.02,5,EASIER
7,19.46,33.65,5,5,11.15,5,EASIER
5,63.23,41.72,1,2,59.24,3,SAME
6,66.14,109.25,1,1,63.2,4,SAME
7,61.98,53.9,3,2,56.41,5,SAME
4,72.56,69.43,2,1,73.55,2,SAME
3,80.52,19.28,1,1,83.59,1,SAME
7,40.11,124.47,5,5,35.2,5,EASIER
6,64.19,66.63,1,1,68.95,4,SAME
5,81.34,32.4,1,0,83.95,3,SAME
6,69.08,103.1,1,2,66.4,4,SAME
3,71.78,19.16,2,1,69.72,1,SAME
5,88.84,38.4,1,0,89.29,3,HARDER
4,58.24,12.44,2,2,58.23,2,SAME
4,49.93,70.09,4,4,44.9,2,EASIER
7,69.4,112.38,1,1,71.64,5,SAME
5,100.0,100.3,1,0,97.79,3,SAME
3,55.31,32.95,3,2,51.66,1,SAME
4,79.93,63.92,1,1,79.87,2,SAME
4,57.47,29.15,1,3,50.32,2,EASIER
7,46.79,53.01,3,3,43.74,5,EASIER
4,67.91,54.38,2,1,59.93,2,SAME
4,83.63,40.4,1,1,84.33,2,SAME
4,84.95,30.52,3,2,80.5,2,SAME
3,91.14,34.79,2,1,88.98,1,SAME
6,64.41,96.25,1,2,59.45,4,SAME
5,82.49,79.58,1,2,79.54,3,SAME
5,63.31,34.97,3,3,56.26,3,EASIER
4,70.31,60.16,1,1,66.2,2,SAME
6,61.91,81.8,2,2,60.02,4,SAME
3,93.5,40.51,1,0,85.48,1,SAME
7,76.19,189.84,4,2,71.94,5,EASIER
5,89.22,81.46,1,0,91.33,3,SAME
4,91.54,36.07,1,0,89.5,2,HARDER
5,41.05,82.41,3,3,39.52,3,EASIER
7,29.34,205.18,5,4,19.27,5,EASIER
3,100.0,32.75,1,0,96.54,1,HARDER
5,75.32,64.12,2,1,68.53,3,SAME
5,87.51,82.5,1,2,79.63,3,SAME
7,61.45,84.1,2,1,56.9,5,EASIER
5,82.99,122.72,1,1,83.26,3,EASIER
6,29.99,34.2,4,3,21.88,4,EASIER
6,80.9,83.48,2,1,78.3,4,SAME
7,43.84,89.77,5,4,33.5,5,EASIER
4,96.91,28.12,1,0,97.64,2,HARDER
6,56.3,96.1,3,2,50.57,4,SAME
4,89.86,22.39,1,1,91.8,2,HARDER
7,34.99,300.0,4,5,28.22,5,EASIER
7,33.06,53.6,5,4,22.08,5,EASIER
4,47.23,24.3,5,3,36.27,2,EASIER
5,50.74,34.56,3,3,45.88,3,EASIER
7,60.54,124.8,1,2,54.3,5,SAME
3,72.3,39.27,2,2,69.88,1,SAME
6,31.95,107.8,5,5,25.15,4,EASIER
7,61.13,249.87,2,3,58.12,5,EASIER
7,73.84,71.35,2,1,74.89,5,SAME
3,85.42,33.52,1,1,82.53,1,HARDER
6,70.31,70.03,3,2,70.41,4,SAME
6,67.09,92.33,1,2,59.83,4,SAME
3,84.57,40.95,1,1,85.24,1,SAME
6,74.05,34.01,1,1,71.59,4,SAME
6,35.87,230.91,3,3,35.21,4,EASIER
7,59.29,103.48,1,2,61.3,5,SAME
3,90.75,12.23,3,1,92.73,1,SAME
7,52.65,76.78,3,3,51.63,5,EASIER
5,80.93,61.01,1,0,80.94,3,SAME
4,74.49,27.44,2,1,64.53,2,SAME
4,80.5,14.51,1,1,82.72,2,SAME
6,56.92,86.23,3,2,54.27,4,SAME
7,43.53,75.58,5,5,38.73,5,EASIER
4,86.68,51.61,1,1,84.4,2,SAME
7,69.68,62.57,1,1,70.01,5,SAME
6,28.46,265.79,2,4,26.18,4,EASIER
3,78.43,31.42,1,2,73.35,1,SAME
5,69.77,63.93,1,2,68.5,3,SAME
7,43.16,157.29,4,3,38.68,5,EASIER
3,94.01,11.12,1,0,95.16,1,HARDER
3,90.14,20.04,2,1,89.52,1,HARDER
3,83.78,55.27,1,1,86.01,1,EASIER
5,71.18,49.5,2,1,67.76,3,SAME
3,100.0,24.31,1,0,100.0,1,HARDER
7,63.36,86.86,1,2,60.68,5,SAME
3,67.71,47.97,1,1,67.06,1,SAME
3,88.33,22.42,2,1,83.1,1,HARDER
4,69.02,21.1,5,3,65.73,2,EASIER
6,65.12,300.0,1,0,68.79,4,EASIER
7,31.4,52.94,5,4,24.19,5,EASIER
4,81.14,36.3,1,2,74.02,2,SAME
5,57.32,38.24,5,3,54.92,3,EASIER
6,71.56,56.93,1,1,67.99,4,SAME
6,69.02,47.26,2,1,63.22,4,SAME
3,76.69,19.66,2,0,76.73,1,SAME
7,53.65,191.48,2,3,45.24,5,EASIER
7,29.08,39.72,5,5,17.42,5,EASIER
6,33.57,157.96,5,4,30.06,4,EASIER
5,61.78,99.4,1,2,58.83,3,SAME
4,74.24,48.27,1,2,67.33,2,SAME
7,46.58,119.97,1,2,41.97,5,EASIER
7,44.27,130.23,1,3,47.25,5,EASIER
5,54.91,117.33,2,2,51.53,3,EASIER
6,74.65,33.08,1,1,72.63,4,SAME
4,85.36,53.49,1,2,78.89,2,SAME
6,79.17,55.63,1,1,77.72,4,SAME
3,70.05,36.1,3,2,63.3,1,SAME
7,39.36,80.16,2,3,30.16,5,EASIER
5,64.91,82.3,3,3,61.06,3,EASIER
5,69.77,26.95,2,2,62.59,3,SAME
3,88.47,11.77,1,1,87.65,1,HARDER
5,51.0,54.84,3,3,51.85,3,EASIER
3,84.13,47.36,1,1,84.4,1,SAME
7,46.37,150.02,4,3,37.21,5,EASIER
6,54.64,107.97,1,2,49.17,4,EASIER
5,54.31,88.79,1,2,47.85,3,EASIER
7,36.56,90.21,5,5,28.79,5,EASIER
7,50.53,156.23,1,2,48.82,5,EASIER
3,98.12,19.32,1,0,93.72,1,HARDER
3,86.27,21.74,1,1,84.89,1,HARDER
4,65.45,34.76,2,1,67.39,2,SAME
3,84.54,19.61,2,1,83.23,1,SAME
5,76.56,56.13,1,1,73.33,3,SAME
5,69.58,51.13,2,3,68.28,3,EASIER
5,44.07,40.86,4,4,41.86,3,EASIER
3,96.24,23.48,2,1,94.95,1,HARDER
7,34.61,121.89,4,3,29.25,5,EASIER
7,78.75,61.5,1,1,77.98,5,SAME
5,57.01,71.31,1,3,57.03,3,SAME
3,99.48,20.07,1,1,95.32,1,HARDER
4,89.17,41.71,1,0,90.37,2,HARDER
6,52.67,58.02,3,3,52.54,4,EASIER
6,18.9,141.6,5,5,14.63,4,EASIER
4,75.86,59.56,2,2,66.42,2,SAME
7,28.58,63.22,3,3,24.36,5,EASIER
7,40.94,149.1,3,3,38.68,5,EASIER
5,80.74,118.67,1,1,81.62,3,EASIER
4,81.75,24.34,1,1,84.72,2,SAME
5,74.72,37.72,1,1,69.71,3,SAME
3,97.31,34.67,2,1,94.66,1,EASIER
5,64.37,30.37,3,3,61.25,3,EASIER
3,80.77,17.69,5,3,77.17,1,EASIER
3,86.28,15.92,1,1,90.51,1,HARDER
5,86.04,83.97,1,2,79.65,3,SAME
5,75.25,41.17,1,1,77.03,3,SAME
7,38.71,95.91,5,5,32.53,5,EASIER
5,67.83,40.05,1,1,65.4,3,SAME
7,50.87,209.44,2,3,47.18,5,EASIER
7,66.38,70.11,1,2,64.51,5,SAME
4,71.29,19.61,3,1,64.16,2,SAME
7,36.83,50.91,2,3,32.54,5,EASIER
5,86.32,81.76,1,2,85.05,3,SAME
5,64.17,84.74,3,3,62.73,3,EASIER
3,93.28,43.57,1,0,93.82,1,SAME
4,93.56,21.01,2,0,95.13,2,HARDER
5,76.1,51.73,1,0,77.44,3,SAME
4,84.93,118.92,1,0,85.87,2,EASIER
5,85.41,49.94,1,1,84.2,3,HARDER
3,58.9,19.46,5,4,53.67,1,EASIER
4,84.0,37.63,1,1,84.97,2,SAME
6,52.17,108.02,2,4,43.88,4,EASIER
6,40.99,107.08,1,3,34.72,4,EASIER
7,47.69,80.13,2,1,45.4,5,EASIER
7,47.77,81.42,1,2,43.84,5,EASIER
7,25.44,95.29,4,4,17.07,5,EASIER
3,68.18,18.07,3,3,64.04,1,EASIER
6,88.96,43.15,2,1,88.23,4,HARDER
4,53.07,88.88,3,2,54.42,2,EASIER
4,89.57,31.39,1,1,85.83,2,HARDER
4,63.27,32.23,1,2,59.5,2,SAME
5,80.2,49.53,1,2,83.52,3,SAME
3,97.38,24.12,1,0,94.72,1,HARDER
5,56.57,71.93,2,3,53.72,3,EASIER
3,75.79,20.33,2,0,72.15,1,SAME
5,49.15,101.94,3,4,43.91,3,EASIER
6,45.02,111.9,5,4,38.7,4,EASIER
3,93.1,22.96,1,1,93.47,1,HARDER
3,91.71,18.59,2,0,91.17,1,HARDER
7,32.97,202.31,4,4,29.0,5,EASIER
6,46.06,75.37,2,3,42.96,4,EASIER
4,64.69,21.19,2,2,67.73,2,SAME
7,27.29,195.39,3,4,18.82,5,EASIER
4,74.44,27.01,1,1,69.5,2,SAME
7,37.04,179.8,3,4,30.73,5,EASIER
3,84.74,8.17,1,0,86.49,1,SAME
6,68.24,67.7,1,1,69.12,4,SAME
3,39.95,41.89,5,4,32.29,1,EASIER
3,98.83,25.06,1,0,100.0,1,HARDER
5,50.37,77.99,5,4,44.22,3,EASIER
3,78.7,16.74,2,1,72.61,1,SAME
5,69.94,68.89,1,2,67.51,3,SAME
4,78.12,38.07,1,1,76.54,2,SAME
3,78.59,27.86,2,0,77.88,1,SAME
7,52.72,300.0,1,2,50.38,5,EASIER
7,51.84,228.04,1,3,48.2,5,EASIER
7,47.13,172.45,3,3,40.15,5,EASIER
3,61.9,35.76,5,4,53.0,1,EASIER
4,77.27,24.79,1,1,72.94,2,SAME
4,66.16,30.45,1,2,69.38,2,SAME
4,92.0,18.49,2,2,88.33,2,SAME
5,76.67,30.94,2,1,78.65,3,SAME
5,91.03,37.4,1,1,93.09,3,HARDER
5,64.4,57.17,2,2,60.28,3,SAME
4,87.62,21.37,1,1,87.67,2,HARDER
7,56.19,109.63,1,2,55.11,5,SAME
7,70.17,102.98,1,1,66.18,5,SAME
4,94.23,22.3,2,0,91.94,2,HARDER
4,97.47,77.84,1,0,99.41,2,EASIER
5,63.37,30.11,3,2,60.34,3,SAME
4,89.98,64.25,1,1,81.9,2,SAME
7,68.67,32.78,1,2,63.79,5,SAME
5,50.51,54.06,5,4,42.04,3,EASIER
3,87.71,14.67,2,1,85.08,1,HARDER
3,74.5,18.68,2,2,67.05,1,SAME
3,63.6,55.95,2,2,60.87,1,EASIER
4,81.74,32.28,2,1,81.05,2,EASIER
4,71.93,22.61,1,1,70.03,2,SAME
7,36.94,146.1,3,4,29.67,5,SAME
7,51.14,92.26,2,3,44.59,5,EASIER
3,85.4,26.73,4,1,84.85,1,EASIER
7,55.25,68.04,2,2,47.79,5,EASIER
5,53.29,37.79,3,3,54.34,3,EASIER
4,70.43,26.24,1,1,72.33,2,SAME
5,65.79,86.11,2,3,54.14,3,EASIER
5,74.62,51.84,1,1,77.7,3,SAME
3,77.15,15.68,1,1,76.63,1,SAME
7,49.64,122.33,3,3,45.98,5,EASIER
3,64.84,25.9,2,2,60.7,1,SAME
3,77.56,32.27,1,1,78.08,1,SAME
4,98.98,30.3,1,1,96.15,2,HARDER
3,70.13,24.15,2,1,66.37,1,SAME
3,88.09,30.16,1,1,85.23,1,HARDER
4,74.21,23.65,3,3,68.26,2,EASIER
4,95.42,57.63,2,1,93.79,2,SAME
3,99.71,25.18,2,0,100.0,1,HARDER
7,42.13,61.46,5,4,29.01,5,EASIER
7,44.13,61.22,2,3,41.1,5,EASIER
6,52.44,77.87,2,2,48.97,4,EASIER
5,64.71,44.17,2,3,62.3,3,EASIER
7,71.21,168.98,3,3,67.26,5,EASIER
4,82.43,33.21,2,1,74.89,2,SAME
5,47.59,67.39,5,5,40.68,3,EASIER
3,92.02,17.14,1,0,90.57,1,HARDER
6,63.94,81.03,4,3,53.78,4,EASIER
3,74.67,44.89,2,2,69.74,1,SAME
6,49.76,75.92,4,3,41.75,4,EASIER
6,60.43,61.51,2,2,59.26,4,SAME
4,75.98,25.32,1,1,78.56,2,SAME
6,39.19,81.2,5,5,32.62,4,EASIER
4,70.94,73.7,3,1,71.45,2,SAME
4,87.16,20.02,1,1,82.7,2,HARDER
5,85.3,56.58,2,0,87.2,3,HARDER
4,77.07,16.98,1,2,72.57,2,SAME
6,72.52,66.24,1,1,65.74,4,SAME
4,70.4,43.0,1,2,66.92,2,SAME
5,48.11,26.53,5,3,44.42,3,EASIER
7,39.0,87.89,2,4,36.37,5,EASIER
4,88.71,43.56,1,0,87.63,2,HARDER
5,82.58,61.89,3,2,76.33,3,SAME
7,58.47,134.72,3,3,55.03,5,EASIER
4,72.65,24.04,2,2,69.37,2,SAME
3,100.0,28.45,1,0,98.19,1,HARDER
4,67.6,28.66,1,2,65.22,2,SAME
7,49.49,165.28,3,2,49.63,5,EASIER
6,83.89,24.66,3,2,80.45,4,SAME
7,39.65,95.65,5,4,42.13,5,EASIER
4,73.85,39.81,2,1,68.76,2,SAME
7,28.51,233.68,4,3,24.42,5,EASIER
4,65.83,39.58,4,1,65.85,2,EASIER
6,68.72,90.43,1,1,62.18,4,SAME
7,48.59,137.43,2,3,44.33,5,EASIER
4,79.73,68.48,1,1,73.89,2,SAME
7,16.53,90.96,5,5,6.93,5,EASIER
6,70.92,39.53,2,1,67.05,4,SAME
6,67.66,35.79,3,3,60.74,4,EASIER
6,67.76,115.83,2,2,72.86,4,SAME
3,78.75,27.61,2,1,76.48,1,SAME
6,66.78,71.77,2,2,65.69,4,SAME
4,88.32,28.85,1,0,85.3,2,HARDER
4,80.25,41.37,1,1,79.76,2,SAME
3,100.0,27.45,1,0,95.88,1,HARDER
3,98.57,30.95,1,0,100.0,1,HARDER
7,66.85,61.21,2,2,65.71,5,SAME
4,87.43,16.58,1,1,87.24,2,HARDER
4,67.28,24.74,1,2,63.09,2,HARDER
5,31.35,29.71,4,4,26.06,3,EASIER
6,64.42,39.54,1,1,68.3,4,SAME
5,62.07,126.15,1,2,58.47,3,EASIER
5,76.1,18.88,1,2,74.0,3,SAME
7,47.49,144.67,1,3,39.28,5,EASIER
5,54.56,90.87,2,3,53.86,3,EASIER
6,14.97,137.03,5,6,6.44,4,EASIER
7,39.11,130.27,2,3,35.93,5,EASIER
6,44.4,162.89,3,3,36.96,4,EASIER
3,73.84,55.28,2,1,68.87,1,EASIER
4,88.22,32.97,2,1,85.6,2,HARDER
6,43.5,103.48,4,3,40.82,4,EASIER
5,55.05,109.07,1,3,51.87,3,EASIER
4,80.64,25.34,1,2,78.23,2,SAME
4,89.0,33.87,1,0,85.07,2,HARDER
3,63.76,18.92,1,3,55.69,1,EASIER
4,96.42,47.19,1,1,95.09,2,HARDER
6,46.44,30.56,5,4,32.85,4,EASIER
3,100.0,47.38,1,0,97.45,1,SAME
7,37.0,149.82,5,6,29.25,5,EASIER
4,78.11,50.14,1,2,79.86,2,SAME
7,41.12,30.89,4,4,35.22,5,EASIER
4,78.48,23.31,1,1,79.63,2,SAME
7,46.69,252.35,3,4,43.13,5,EASIER
5,54.22,53.12,3,3,47.63,3,EASIER
7,59.53,43.77,2,1,63.32,5,SAME
3,88.23,27.59,3,2,87.12,1,SAME
6,62.55,116.73,2,2,60.21,4,SAME
4,83.83,48.78,1,0,88.03,2,SAME
4,74.45,35.41,3,1,75.96,2,SAME
3,81.0,41.44,1,2,80.22,1,SAME
7,24.97,76.39,3,5,12.94,5,EASIER
6,49.84,108.59,2,2,48.0,4,EASIER
7,32.59,120.55,4,5,25.49,5,EASIER
5,66.6,54.3,3,3,62.1,3,EASIER
3,51.96,21.12,5,4,48.2,1,EASIER
4,75.39,32.33,1,1,71.9,2,SAME
5,85.13,58.93,1,0,88.0,3,HARDER
3,94.23,21.95,1,0,93.9,1,HARDER
7,50.76,167.0,4,2,49.88,5,EASIER
7,47.78,83.63,3,4,37.35,5,EASIER
5,33.66,126.06,4,3,29.8,3,EASIER
5,72.41,43.51,5,3,61.92,3,EASIER
6,44.61,132.31,5,3,44.11,4,EASIER
6,59.2,135.31,1,2,56.94,4,SAME
3,99.31,26.92,1,0,98.34,1,HARDER
5,78.94,60.25,1,1,78.91,3,SAME
6,55.38,56.13,5,3,50.58,4,EASIER
7,44.52,84.5,4,4,35.04,5,EASIER
5,71.81,64.67,1,1,69.66,3,SAME
7,59.0,109.28,2,3,53.09,5,EASIER
5,62.95,104.17,4,3,55.91,3,EASIER
4,75.27,30.69,1,1,71.92,2,SAME
5,70.56,47.72,2,1,68.16,3,SAME
6,42.73,34.5,3,3,41.1,4,EASIER
7,64.52,159.05,1,2,64.69,5,SAME
4,83.66,49.28,1,0,85.14,2,SAME
4,68.18,60.15,4,2,69.22,2,EASIER
6,76.39,140.35,1,1,79.68,4,SAME
6,45.35,123.59,3,4,46.87,4,HARDER
4,70.59,56.16,3,3,63.06,2,EASIER
6,63.06,112.61,2,2,62.5,4,SAME
3,82.07,35.12,1,1,82.93,1,SAME
4,66.03,15.99,2,2,64.09,2,SAME
7,72.8,61.5,2,2,68.11,5,SAME
5,72.38,31.04,1,2,71.87,3,SAME
7,42.39,223.8,2,3,43.45,5,EASIER
4,53.2,26.3,5,3,53.48,2,EASIER
4,82.56,28.36,2,1,85.6,2,SAME
7,57.73,112.41,1,1,56.63,5,SAME
7,47.39,56.87,2,3,35.96,5,EASIER
7,34.61,137.81,5,4,28.86,5,EASIER
4,77.76,13.96,3,2,73.2,2,SAME
7,61.03,58.95,2,3,63.47,5,EASIER
5,55.67,64.0,3,2,53.1,3,SAME
7,50.99,56.93,1,2,47.22,5,EASIER
7,43.13,227.36,1,2,40.44,5,EASIER
5,59.52,59.34,4,3,56.79,3,EASIER
4,80.69,64.69,2,2,77.63,2,SAME
7,55.75,136.12,1,1,54.29,5,SAME
5,63.99,57.66,2,2,64.26,3,SAME
5,56.71,35.42,2,3,47.26,3,EASIER
6,37.17,132.94,5,4,33.27,4,EASIER
7,68.1,142.45,1,1,65.41,5,SAME
3,72.51,63.22,2,1,74.5,1,EASIER
7,48.42,175.91,4,4,42.19,5,EASIER
5,51.45,47.64,3,3,44.95,3,EASIER
3,73.99,28.44,2,2,71.79,1,SAME
4,74.6,46.34,2,1,71.39,2,SAME
5,68.09,103.14,2,2,69.49,3,SAME
6,60.77,163.06,1,2,58.92,4,SAME
5,51.89,53.53,5,5,41.37,3,EASIER
3,92.45,14.56,1,1,89.09,1,HARDER
5,90.04,23.17,1,1,88.29,3,HARDER
4,84.78,22.24,1,1,82.92,2,SAME
4,80.34,28.77,1,0,81.07,2,SAME
6,59.62,179.28,2,3,50.91,4,EASIER
7,24.88,256.37,2,5,23.06,5,EASIER
3,73.8,38.33,1,0,72.34,1,SAME
6,59.98,155.48,3,2,54.6,4,SAME
5,43.06,40.87,5,4,33.94,3,EASIER
4,68.2,18.64,2,2,62.19,2,SAME
6,46.81,48.59,5,4,43.16,4,EASIER
4,82.56,14.6,1,1,79.71,2,SAME
6,73.47,45.95,2,1,67.64,4,SAME
5,72.4,45.15,1,0,70.93,3,SAME
3,100.0,26.93,1,0,100.0,1,HARDER
6,37.66,87.98,5,5,32.39,4,EASIER
7,73.2,76.91,1,1,67.75,5,SAME
5,62.44,76.87,3,2,52.23,3,SAME
6,46.99,57.86,3,3,39.02,4,EASIER
3,89.17,25.11,1,1,93.53,1,HARDER
4,85.18,22.55,1,0,78.26,2,HARDER
4,80.9,63.39,1,1,75.98,2,SAME
6,54.32,82.89,2,2,51.94,4,EASIER
4,84.62,52.28,3,1,90.27,2,SAME
6,72.68,43.57,1,1,69.79,4,SAME
4,38.5,41.25,4,3,34.95,2,EASIER
6,48.97,110.42,4,4,46.77,4,EASIER
4,89.58,14.54,1,0,86.57,2,HARDER
5,44.34,103.4,2,3,44.85,3,EASIER
3,82.17,14.34,1,1,77.91,1,SAME
6,65.41,91.5,3,2,64.57,4,SAME
3,89.34,55.39,1,1,95.73,1,EASIER
7,51.67,188.47,2,3,45.17,5,EASIER
7,21.82,49.72,5,5,14.03,5,EASIER
5,67.59,53.11,1,3,61.77,3,EASIER
7,25.46,219.36,3,4,19.12,5,EASIER
7,42.23,71.76,1,3,36.35,5,EASIER
3,61.86,21.3,1,1,62.5,1,SAME
6,92.92,67.02,1,0,93.25,4,HARDER
4,75.05,49.68,1,1,74.56,2,SAME
7,66.11,48.46,1,1,64.37,5,SAME
7,43.74,157.55,5,5,36.0,5,EASIER
7,64.65,79.76,1,3,60.44,5,EASIER
5,75.94,57.68,1,1,74.57,3,SAME
3,93.94,22.62,1,0,92.92,1,HARDER
3,100.0,32.65,1,0,100.0,1,HARDER
3,76.61,24.77,3,2,73.11,1,SAME
7,36.27,245.56,1,4,31.93,5,EASIER
5,40.98,94.65,4,4,36.14,3,EASIER
4,73.56,26.15,1,2,75.39,2,SAME
5,63.31,114.01,2,2,56.74,3,SAME
3,69.4,28.82,2,2,66.58,1,SAME
5,70.0,63.09,1,2,68.22,3,SAME
5,58.7,88.26,3,2,58.09,3,SAME
6,73.78,47.72,2,2,69.51,4,SAME
3,80.06,13.53,1,1,82.14,1,SAME
7,69.3,113.53,1,1,61.86,5,SAME
3,92.56,19.09,1,2,89.98,1,SAME
5,62.19,161.89,3,3,62.57,3,EASIER
4,57.65,26.53,1,2,54.63,2,EASIER
6,43.05,83.73,2,3,37.32,4,EASIER
6,45.38,90.61,2,3,44.01,4,EASIER
3,100.0,43.24,1,0,99.59,1,SAME
5,68.31,35.45,1,2,60.75,3,SAME
5,63.98,26.11,1,2,62.93,3,SAME
5,70.96,115.66,1,2,65.53,3,SAME
3,100.0,25.91,1,0,100.0,1,HARDER
3,81.52,35.85,1,0,84.24,1,SAME
5,46.12,88.63,4,4,44.08,3,SAME
4,85.54,61.66,2,2,84.18,2,SAME
5,72.55,48.11,2,1,73.32,3,SAME
3,89.84,18.73,1,1,87.95,1,HARDER
6,50.7,29.04,3,3,49.66,4,EASIER
3,93.08,16.06,1,1,94.8,1,HARDER
6,25.99,84.69,3,4,22.98,4,EASIER
7,65.86,76.42,1,1,66.88,5,SAME
4,63.05,22.23,2,2,57.76,2,SAME
3,98.85,25.57,2,1,100.0,1,HARDER
3,99.71,45.44,1,1,100.0,1,SAME
4,92.25,37.01,1,0,84.1,2,HARDER
3,100.0,15.1,1,0,100.0,1,HARDER
7,76.11,224.07,2,2,72.69,5,EASIER
7,62.78,73.45,1,2,60.55,5,SAME
7,45.17,250.83,2,2,41.43,5,EASIER
7,70.76,97.04,1,0,73.12,5,SAME
5,69.39,61.04,3,1,68.99,3,SAME
4,47.32,79.14,2,2,43.89,2,EASIER
5,52.75,29.71,4,3,42.9,3,EASIER
4,52.85,23.2,4,4,52.0,2,EASIER
7,53.28,93.74,3,2,49.68,5,EASIER
5,67.7,54.12,3,2,61.4,3,SAME
4,76.43,131.55,1,2,81.42,2,EASIER
6,41.04,51.67,4,3,40.04,4,EASIER
4,70.76,20.59,2,2,66.22,2,SAME
4,96.99,24.48,2,1,91.37,2,HARDER
4,56.84,42.38,1,3,52.14,2,EASIER
3,100.0,31.12,2,0,100.0,1,HARDER
3,100.0,18.25,1,0,96.16,1,EASIER
5,74.93,58.61,1,1,72.79,3,SAME
7,40.86,300.0,3,4,38.84,5,EASIER
4,82.52,38.63,1,1,75.23,2,SAME
6,52.76,96.9,3,3,45.11,4,EASIER
4,67.46,92.33,2,0,66.65,2,EASIER
4,69.44,27.37,2,1,66.86,2,SAME
3,90.62,17.8,2,1,90.43,1,HARDER
5,60.28,45.97,2,3,49.38,3,EASIER
6,56.49,62.32,3,3,53.67,4,EASIER
4,58.38,16.15,4,4,51.69,2,EASIER
5,98.02,62.1,1,0,99.22,3,HARDER
5,74.25,64.58,3,2,67.99,3,SAME
4,75.68,34.82,1,1,69.4,2,SAME
6,76.26,93.26,2,2,71.34,4,SAME
5,80.54,65.9,1,1,78.84,3,SAME
3,95.1,13.92,2,0,93.84,1,HARDER
5,86.6,66.91,1,0,82.76,3,HARDER
4,60.13,49.41,2,2,53.91,2,SAME
6,69.14,35.74,2,2,64.3,4,SAME
4,80.21,75.58,1,2,83.43,2,SAME
7,56.26,57.11,5,4,53.29,5,EASIER
6,59.64,45.37,1,2,56.85,4,SAME
3,97.59,27.35,1,0,97.33,1,HARDER
5,55.11,75.57,2,3,54.18,3,EASIER
7,75.06,171.11,2,1,73.68,5,SAME
4,82.34,49.46,2,2,79.37,2,SAME
6,64.15,62.58,1,1,59.21,4,SAME
6,71.45,86.76,3,1,73.39,4,SAME
6,82.39,69.55,2,1,79.37,4,SAME
3,87.26,27.02,2,2,81.77,1,SAME
4,81.65,39.24,1,1,80.13,2,SAME
4,71.11,29.97,1,2,73.18,2,SAME
4,65.81,32.28,2,3,61.97,2,EASIER
7,48.73,40.81,1,3,41.28,5,EASIER
3,100.0,36.17,1,0,99.18,1,SAME
5,75.22,67.2,3,3,73.07,3,EASIER
7,22.73,31.86,5,4,18.9,5,EASIER
7,64.54,172.56,2,1,61.92,5,EASIER
6,45.4,79.77,4,3,35.54,4,SAME
7,35.31,67.22,4,3,31.21,5,EASIER
5,60.92,34.91,4,2,59.39,3,EASIER
6,47.89,57.33,4,3,44.25,4,EASIER
5,56.75,36.57,1,2,58.2,3,SAME
3,64.73,17.53,4,1,68.32,1,EASIER
3,72.17,53.29,1,1,75.31,1,EASIER
7,34.42,137.11,2,3,27.62,5,EASIER
3,79.74,61.86,1,1,79.16,1,EASIER
4,82.32,42.25,1,1,78.88,2,SAME
6,52.4,110.82,1,3,47.3,4,EASIER
5,77.42,37.51,1,0,78.94,3,SAME
5,63.67,53.37,3,2,57.79,3,SAME
7,56.48,107.12,3,2,54.12,5,EASIER
6,58.07,113.2,2,2,51.28,4,SAME
7,49.71,109.02,4,4,44.06,5,EASIER
6,49.35,98.44,5,3,43.23,4,EASIER
7,43.97,133.01,1,2,39.57,5,EASIER
6,82.13,70.05,2,1,80.56,4,SAME
5,62.42,47.45,5,2,60.29,3,EASIER
7,45.57,77.78,3,3,38.14,5,EASIER
7,37.97,202.02,2,3,34.44,5,SAME
3,99.26,21.85,1,0,98.77,1,HARDER
7,25.45,133.99,5,6,14.38,5,HARDER
6,51.08,75.59,2,3,47.56,4,EASIER
7,24.0,199.86,5,5,19.21,5,EASIER
6,69.15,29.16,3,2,72.26,4,SAME
7,70.47,132.11,2,1,65.09,5,SAME
4,90.46,21.07,3,1,92.6,2,SAME
3,86.85,29.75,1,0,85.46,1,HARDER
3,81.17,23.42,2,2,79.13,1,SAME
4,82.23,18.97,1,2,75.62,2,SAME
4,62.36,44.54,3,2,60.91,2,SAME
5,61.99,64.81,2,2,56.75,3,SAME
3,85.18,22.56,1,1,83.71,1,HARDER
3,100.0,23.86,2,1,96.29,1,HARDER
5,46.15,62.83,4,5,36.68,3,EASIER
6,45.85,151.32,4,4,37.55,4,EASIER
3,96.64,21.74,1,1,100.0,1,HARDER
5,90.28,95.76,2,1,86.06,3,SAME
6,73.29,80.42,1,1,74.43,4,SAME
6,60.63,160.85,1,1,58.22,4,SAME
3,65.19,22.52,3,2,60.08,1,SAME
6,46.17,57.99,3,3,42.52,4,EASIER
3,89.87,15.34,1,0,92.72,1,HARDER
4,73.62,37.4,2,3,66.27,2,EASIER
4,83.35,26.17,1,1,88.65,2,SAME
7,52.08,240.79,2,2,54.45,5,SAME
3,68.81,16.97,3,1,67.22,1,SAME
6,67.13,57.28,2,2,65.55,4,SAME
7,57.1,153.73,3,2,55.12,5,SAME
7,27.77,213.74,2,4,21.97,5,EASIER
4,84.69,53.58,1,2,83.87,2,SAME
3,100.0,40.04,1,0,97.96,1,SAME
4,88.64,36.59,1,1,90.91,2,HARDER
6,56.12,79.23,2,2,52.1,4,SAME
3,65.87,61.2,5,3,63.12,1,EASIER
6,48.0,197.48,2,3,43.2,4,EASIER
4,78.51,53.16,3,2,73.52,2,SAME
6,70.08,145.79,1,2,63.69,4,SAME
6,80.3,128.14,2,2,76.44,4,SAME
5,68.87,31.93,2,2,65.23,3,SAME
6,67.9,80.33,2,1,69.66,4,SAME
7,47.97,253.22,1,3,41.71,5,EASIER
4,83.97,53.31,1,1,85.56,2,SAME
5,67.64,56.2,1,1,61.9,3,SAME
6,55.75,179.7,4,3,49.46,4,EASIER
7,63.62,136.97,1,1,65.04,5,SAME
5,75.27,84.31,1,1,75.62,3,SAME
4,79.43,45.31,3,2,76.76,2,SAME
7,69.8,150.42,2,2,62.26,5,SAME
7,77.46,156.4,2,1,78.29,5,SAME
5,63.53,110.36,1,2,58.84,3,SAME
3,81.91,47.24,3,2,80.38,1,SAME
4,73.53,30.74,4,1,71.0,2,EASIER
5,54.17,69.16,4,3,48.8,3,EASIER
6,56.84,158.8,1,2,52.46,4,SAME
6,82.94,76.58,1,1,87.11,4,SAME
7,31.99,54.88,4,4,24.38,5,EASIER
3,87.54,16.69,2,1,82.72,1,HARDER
5,69.36,38.28,1,1,69.29,3,SAME
6,63.55,64.62,2,3,53.21,4,EASIER
7,38.99,74.57,2,2,33.29,5,EASIER
3,77.48,39.52,1,1,80.24,1,SAME
7,36.11,96.32,2,3,30.9,5,EASIER
3,100.0,43.82,3,1,97.12,1,SAME
3,60.2,15.12,3,3,61.81,1,EASIER
7,72.72,92.38,1,1,71.33,5,SAME
6,61.31,86.57,1,2,56.12,4,SAME
7,31.87,174.22,1,3,29.13,5,EASIER
6,67.58,148.62,1,1,64.92,4,SAME
6,98.38,61.98,1,0,98.18,4,HARDER
5,65.48,94.84,1,1,63.53,3,SAME
5,76.29,25.23,4,2,68.01,3,EASIER
5,82.16,89.28,3,2,81.16,3,SAME
4,51.18,20.23,4,4,51.64,2,EASIER
7,20.53,142.87,4,4,8.18,5,EASIER
4,66.24,64.61,2,1,68.8,2,SAME
6,57.14,130.07,4,2,53.54,4,EASIER
6,33.81,34.96,3,4,25.69,4,EASIER
5,82.44,46.48,1,2,80.39,3,SAME
6,68.1,119.05,1,1,68.62,4,SAME
3,82.05,33.96,1,2,79.61,1,SAME
4,71.15,43.26,2,2,65.69,2,SAME
5,75.0,19.5,1,1,72.57,3,SAME
4,75.68,66.73,2,1,74.46,2,SAME
7,43.05,237.12,5,5,36.59,5,EASIER
7,57.59,122.45,1,2,57.85,5,SAME
6,61.11,92.35,2,3,52.06,4,EASIER
4,62.0,48.14,5,3,58.08,2,EASIER
3,77.28,47.88,1,1,75.41,1,SAME
6,86.75,93.41,1,1,85.28,4,HARDER
7,39.83,100.92,3,4,36.57,5,EASIER
5,53.22,70.06,5,5,43.54,3,EASIER
7,53.09,111.32,2,3,46.21,5,EASIER
7,63.05,112.02,1,1,57.79,5,SAME
5,92.0,24.2,2,1,90.77,3,HARDER
4,79.03,48.59,2,1,74.76,2,SAME
3,73.93,42.11,2,2,68.25,1,SAME
6,27.18,139.4,5,4,21.97,4,EASIER
5,74.11,92.87,3,2,69.66,3,HARDER
3,94.92,24.42,1,1,91.99,1,HARDER
3,77.28,26.67,2,2,75.68,1,EASIER
7,52.92,214.39,3,2,47.67,5,EASIER
4,73.42,57.13,1,1,73.13,2,SAME
4,64.27,76.41,2,2,64.57,2,EASIER
6,61.39,57.8,2,2,56.5,4,SAME
4,73.68,27.62,2,2,73.63,2,SAME
7,22.64,93.43,4,5,12.05,5,EASIER
6,64.32,50.22,1,1,68.73,4,SAME
4,83.15,20.42,2,2,81.52,2,SAME
4,79.01,47.36,1,0,77.39,2,SAME
7,53.38,139.32,2,2,53.49,5,EASIER
5,58.12,65.52,2,2,52.38,3,SAME
7,36.18,135.81,5,4,25.33,5,EASIER
4,89.38,19.1,1,1,84.85,2,HARDER
3,98.44,20.19,2,0,94.39,1,HARDER
7,52.44,95.45,2,2,45.2,5,EASIER
4,81.06,38.88,1,1,81.69,2,SAME
7,62.97,50.55,2,1,63.54,5,SAME
6,68.3,50.62,1,2,63.36,4,SAME
4,76.92,30.95,3,3,76.76,2,EASIER
6,66.22,142.17,2,2,59.61,4,SAME
3,70.98,28.09,2,2,71.52,1,SAME
4,55.83,61.42,3,4,47.01,2,EASIER
4,77.6,35.88,1,1,76.8,2,SAME
6,44.04,82.04,2,3,38.14,4,EASIER
5,96.12,74.25,1,1,94.25,3,HARDER
6,41.97,74.78,3,3,37.96,4,EASIER
5,75.69,42.57,3,1,72.59,3,SAME
6,51.66,37.79,2,3,46.87,4,EASIER
3,100.0,19.16,1,0,97.7,1,HARDER
6,65.45,126.66,3,2,58.59,4,SAME
3,62.42,43.81,2,1,55.54,1,SAME
3,88.77,17.72,1,0,89.05,1,HARDER
6,81.8,33.29,2,1,85.58,4,SAME
3,90.1,37.76,1,0,87.72,1,SAME
6,58.69,85.01,4,3,56.16,4,EASIER
3,85.87,13.73,2,2,86.11,1,SAME
3,99.78,8.0,1,0,98.58,1,HARDER
7,55.92,66.25,4,3,49.34,5,EASIER
3,73.97,20.35,3,3,70.51,1,EASIER
7,63.05,59.79,1,1,63.87,5,SAME
4,79.39,52.6,1,1,80.25,2,SAME
6,49.38,53.74,2,3,41.88,4,EASIER
7,49.67,112.76,4,4,49.62,5,EASIER
3,87.14,71.89,1,0,86.68,1,EASIER
4,83.69,40.16,3,2,80.36,2,SAME
5,98.41,54.78,1,0,98.99,3,HARDER
7,36.09,106.47,4,4,33.41,5,EASIER
3,77.77,33.67,2,2,82.15,1,SAME
3,82.64,31.86,1,2,80.0,1,SAME
4,85.95,23.71,3,2,80.15,2,SAME
4,54.89,31.32,3,3,51.37,2,EASIER
4,87.78,27.77,1,0,89.62,2,HARDER
3,73.66,22.05,1,1,70.59,1,SAME
7,36.16,300.0,5,5,24.94,5,EASIER
6,47.53,113.05,5,4,45.54,4,EASIER
3,83.06,24.13,1,1,85.34,1,SAME
5,92.86,107.39,1,0,93.47,3,SAME
6,60.55,90.44,1,2,61.59,4,SAME
6,64.35,34.99,2,2,60.92,4,SAME
7,11.54,277.37,3,5,0.33,5,EASIER
6,62.9,75.6,3,2,63.23,4,SAME
6,52.1,25.37,3,3,47.49,4,EASIER
3,73.54,12.27,3,2,77.09,1,SAME
3,78.09,41.29,1,1,71.63,1,SAME
6,50.87,35.99,2,3,47.96,4,EASIER
7,40.25,233.65,2,3,32.32,5,EASIER
4,91.06,39.48,2,0,93.93,2,HARDER
6,57.55,118.86,3,3,56.37,4,EASIER
4,60.44,33.68,3,3,53.62,2,EASIER
5,51.16,75.15,1,3,52.02,3,EASIER
6,69.4,96.67,4,3,59.66,4,EASIER
6,35.79,80.37,2,3,32.86,4,EASIER
3,100.0,15.56,1,1,99.91,1,HARDER
7,45.51,136.17,4,3,42.64,5,EASIER
7,53.82,41.61,2,2,53.91,5,EASIER
5,53.97,91.98,3,4,49.0,3,EASIER
4,85.13,41.69,2,1,84.94,2,HARDER
5,80.84,72.98,2,1,76.05,3,SAME
7,61.13,26.9,3,2,55.77,5,SAME
5,61.26,33.22,5,3,55.91,3,EASIER
3,73.39,19.96,1,1,75.29,1,SAME
3,81.81,33.74,1,0,83.45,1,SAME
7,28.04,67.0,5,4,22.79,5,EASIER
6,53.2,300.0,1,2,42.56,4,EASIER
6,66.13,71.51,2,2,59.01,4,SAME
3,94.79,15.91,2,1,94.32,1,HARDER
3,89.71,23.01,1,1,86.69,1,HARDER
4,92.61,24.3,1,0,91.87,2,HARDER
4,66.12,21.78,3,2,65.78,2,SAME
4,100.0,61.11,1,0,100.0,2,SAME
5,61.67,74.78,2,2,54.18,3,SAME
4,75.99,48.43,1,1,72.95,2,SAME
3,91.42,44.13,1,1,90.88,1,SAME
5,74.5,73.8,3,2,73.95,3,SAME
6,33.52,47.07,5,4,25.44,4,EASIER
6,56.87,118.54,2,2,56.72,4,SAME
4,80.05,22.38,1,1,71.86,2,SAME
4,72.71,30.35,1,1,70.85,2,SAME
5,63.98,56.7,2,1,57.67,3,SAME
3,75.51,23.42,2,1,71.35,1,SAME
7,56.68,42.2,4,3,54.38,5,EASIER
7,57.86,66.1,2,3,52.01,5,EASIER
3,84.51,24.75,1,1,80.34,1,SAME
7,69.62,80.29,3,2,64.19,5,SAME
3,100.0,41.27,2,1,100.0,1,SAME
5,84.82,110.24,2,1,85.83,3,SAME
6,58.13,45.79,2,2,55.04,4,SAME
4,88.33,39.08,2,1,81.89,2,HARDER
4,100.0,79.95,1,0,94.42,2,EASIER
3,85.72,23.55,1,0,83.81,1,HARDER
6,67.67,66.36,1,0,66.61,4,SAME
3,84.31,36.66,1,0,92.41,1,SAME
5,79.44,50.64,1,1,75.64,3,SAME
4,94.62,69.05,2,1,92.08,2,SAME
7,35.76,80.99,5,4,29.0,5,EASIER
7,56.85,86.47,1,3,49.66,5,EASIER
7,50.13,172.28,2,3,51.11,5,EASIER
6,54.69,86.4,5,3,49.21,4,EASIER
5,24.64,61.2,4,5,11.39,3,EASIER
4,88.28,15.49,1,1,88.46,2,HARDER
3,80.53,21.36,2,0,82.02,1,SAME
7,50.48,179.36,1,3,48.72,5,EASIER
4,57.68,26.29,2,3,52.08,2,EASIER
5,67.87,82.05,3,2,60.87,3,SAME
3,86.52,28.17,1,1,85.22,1,HARDER
4,89.03,34.6,1,1,87.76,2,HARDER
6,50.86,166.13,1,2,46.07,4,EASIER
5,56.1,49.02,1,2,50.87,3,SAME
5,63.55,50.74,1,2,61.97,3,SAME
4,67.53,34.41,3,2,62.26,2,SAME
3,69.95,25.91,1,1,72.48,1,SAME
7,59.94,170.12,1,2,59.39,5,SAME
5,81.34,27.98,3,0,84.78,3,SAME
4,55.04,57.14,1,2,49.13,2,EASIER
4,76.08,39.24,1,1,74.59,2,SAME
6,65.9,109.38,1,2,61.17,4,SAME
5,43.35,189.5,4,4,35.4,3,EASIER
4,70.41,29.88,5,3,70.92,2,EASIER
7,51.3,57.46,2,3,50.05,5,EASIER
7,58.77,124.48,1,1,57.96,5,SAME
3,78.62,29.24,2,0,83.22,1,SAME
6,57.53,129.02,3,2,57.9,4,SAME
7,81.1,83.52,1,0,79.57,5,SAME
5,70.03,38.46,2,2,62.14,3,SAME
3,100.0,12.64,1,0,92.62,1,HARDER
3,91.04,13.6,1,0,87.52,1,HARDER
6,49.1,66.05,2,3,49.03,4,EASIER
7,68.25,105.11,2,2,64.7,5,SAME
3,86.74,62.67,1,1,87.44,1,EASIER
5,92.73,25.09,1,1,92.48,3,HARDER
5,85.23,68.47,1,0,84.79,3,HARDER
4,94.26,27.02,1,0,92.52,2,HARDER
6,60.8,92.08,1,1,60.55,4,SAME
7,38.42,82.85,3,2,41.23,5,EASIER
4,81.66,61.82,1,1,81.04,2,SAME
3,66.91,39.52,2,1,60.46,1,SAME
4,65.1,36.03,2,2,56.25,2,SAME
4,58.8,74.74,3,2,56.27,2,EASIER
6,25.33,121.75,5,4,18.17,4,EASIER
5,71.2,115.56,1,1,65.42,3,SAME
3,69.24,24.52,4,1,71.12,1,EASIER
4,62.49,59.44,3,3,56.34,2,EASIER
6,49.27,54.99,2,3,46.38,4,EASIER
5,67.85,37.71,1,1,69.22,3,SAME
5,70.49,170.62,1,2,63.12,3,EASIER
4,67.27,22.81,3,1,65.33,2,SAME
4,78.1,30.96,2,0,75.52,2,SAME
3,80.15,10.74,1,2,79.09,1,SAME
3,87.58,17.16,2,0,91.39,1,HARDER
3,84.57,16.06,3,0,85.17,1,SAME
6,41.6,57.87,3,3,38.01,4,EASIER
3,84.66,28.57,1,1,82.34,1,SAME
5,57.33,75.81,1,2,56.08,3,SAME
7,51.03,64.7,4,4,42.11,5,EASIER
6,73.45,54.39,4,3,63.06,4,EASIER
5,76.63,99.16,2,1,77.24,3,SAME
3,79.09,53.4,2,1,79.03,1,EASIER
5,74.72,108.0,1,2,74.45,3,SAME
7,55.26,45.66,3,3,52.38,5,EASIER
4,67.81,66.46,1,1,62.68,2,SAME
7,20.55,300.0,5,6,8.26,5,EASIER
6,62.72,33.95,2,2,62.72,4,SAME
4,79.49,63.21,1,1,74.74,2,SAME
3,85.09,27.64,1,1,82.9,1,HARDER
3,62.95,21.61,5,3,55.4,1,EASIER
4,44.74,39.94,5,5,41.19,2,EASIER
4,60.98,46.8,3,2,53.73,2,SAME
6,60.59,149.7,2,2,59.29,4,SAME
5,66.11,100.28,2,1,61.84,3,SAME
5,63.13,27.51,3,2,61.91,3,SAME
6,80.64,58.52,1,1,80.88,4,SAME
6,68.51,86.09,1,0,69.44,4,SAME
6,52.35,185.73,2,2,53.63,4,EASIER
7,63.15,25.33,2,3,64.62,5,EASIER
4,100.0,28.52,1,0,88.75,2,HARDER
7,50.81,48.71,2,2,47.29,5,EASIER
5,74.98,29.45,2,2,70.32,3,SAME
3,79.03,38.77,2,2,78.89,1,SAME
3,65.55,19.73,3,2,65.71,1,SAME
3,89.71,8.85,1,0,85.04,1,HARDER
7,62.68,102.73,2,2,59.58,5,SAME
3,77.85,61.86,1,1,74.23,1,EASIER
7,61.27,41.84,3,2,59.95,5,SAME
6,63.58,108.19,1,2,64.02,4,SAME
5,45.66,126.02,4,3,37.96,3,EASIER
7,64.23,109.02,2,2,61.26,5,SAME
7,36.9,300.0,3,4,27.93,5,EASIER
7,47.93,78.17,2,3,38.59,5,EASIER
5,57.76,118.65,1,1,59.8,3,EASIER
4,86.52,67.1,3,1,88.3,2,SAME
3,91.92,24.64,1,1,87.34,1,HARDER
7,76.59,49.8,2,2,76.97,5,SAME
7,36.6,64.88,4,4,26.92,5,EASIER
5,80.66,18.18,1,1,81.59,3,SAME
3,68.84,32.57,2,1,64.29,1,SAME
7,28.28,145.04,4,4,22.36,5,EASIER
4,51.14,39.44,5,4,44.78,2,EASIER
5,81.3,54.58,3,1,72.5,3,HARDER
6,65.83,166.11,1,0,64.82,4,EASIER
3,94.68,28.54,2,1,92.84,1,HARDER
3,100.0,19.53,1,0,96.51,1,HARDER
3,100.0,26.69,1,0,98.43,1,HARDER
7,36.95,300.0,4,4,34.14,5,EASIER
7,53.84,157.21,2,3,49.08,5,EASIER
5,85.94,47.82,2,1,82.88,3,HARDER
5,81.01,56.74,1,0,76.93,3,SAME
5,88.33,72.95,1,0,85.96,3,HARDER
4,80.47,31.18,1,1,78.65,2,SAME
5,84.65,45.07,1,0,83.72,3,SAME
4,60.72,37.8,5,2,54.74,2,EASIER
6,44.57,180.67,3,3,37.96,4,EASIER
4,67.16,55.11,1,2,61.4,2,SAME
6,66.56,66.27,2,1,69.42,4,EASIER
7,34.57,179.85,5,5,31.14,5,EASIER
4,65.99,38.15,2,1,64.52,2,SAME
3,91.31,29.14,1,0,92.63,1,HARDER
5,72.67,65.76,2,1,75.67,3,SAME
3,100.0,9.77,1,0,100.0,1,HARDER
4,87.43,9.07,1,1,83.48,2,HARDER
6,76.92,92.26,1,1,76.49,4,SAME
5,61.4,38.03,3,2,57.48,3,SAME
5,73.6,25.76,1,1,74.77,3,SAME
6,61.52,53.48,2,3,50.0,4,EASIER
3,70.04,37.73,3,2,58.7,1,SAME
5,66.49,69.24,2,2,64.73,3,SAME
3,94.9,35.24,1,1,94.1,1,SAME
5,74.84,72.58,2,1,74.91,3,HARDER
4,88.91,24.67,1,0,86.27,2,HARDER
7,40.7,171.01,4,3,31.73,5,EASIER
4,90.59,50.04,2,0,89.02,2,HARDER
4,98.47,35.96,1,0,93.15,2,HARDER
3,91.65,25.66,1,0,88.19,1,HARDER
3,100.0,35.57,1,0,100.0,1,SAME
4,85.65,26.72,3,1,83.03,2,SAME
4,83.67,63.36,1,1,80.47,2,SAME
6,54.04,110.01,2,1,49.44,4,EASIER
7,31.06,112.14,5,4,23.34,5,EASIER
7,45.29,258.02,2,3,41.34,5,EASIER
7,38.6,55.32,4,5,32.47,5,EASIER
7,38.25,87.16,3,4,28.34,5,EASIER
5,65.64,41.38,1,2,62.99,3,SAME
4,50.79,44.97,5,5,48.87,2,EASIER
6,37.02,151.65,4,5,27.07,4,EASIER
4,63.17,23.94,1,1,62.82,2,SAME
6,54.82,300.0,2,2,50.92,4,EASIER
7,67.41,78.05,2,3,62.79,5,EASIER
3,96.2,29.35,1,0,98.64,1,HARDER
6,18.85,82.11,5,5,12.34,4,EASIER
7,46.68,114.85,3,4,42.36,5,EASIER
5,81.99,39.18,1,1,77.23,3,SAME
4,81.73,62.76,3,1,78.57,2,SAME
4,100.0,25.44,1,1,100.0,2,HARDER
3,90.13,11.38,1,0,87.25,1,HARDER
4,85.72,22.43,1,0,86.64,2,HARDER
6,40.02,173.87,5,4,36.93,4,EASIER
5,66.58,107.71,1,1,67.24,3,SAME
4,75.57,14.79,1,2,70.93,2,SAME
5,77.43,86.77,2,2,73.73,3,SAME
7,56.48,38.03,3,3,52.81,5,EASIER
3,87.79,24.7,1,2,82.37,1,SAME
3,58.76,14.61,3,3,51.63,1,EASIER
7,26.89,181.99,2,3,20.82,5,EASIER
6,67.01,109.41,1,2,67.64,4,SAME
5,45.68,94.19,5,4,35.72,3,EASIER
7,60.3,95.35,1,2,58.18,5,SAME
5,58.89,52.76,5,3,55.41,3,EASIER
5,58.38,27.61,4,2,60.55,3,EASIER
4,55.26,23.41,2,2,58.46,2,SAME
7,78.93,187.81,1,2,73.02,5,SAME
6,40.99,99.26,1,3,38.44,4,EASIER
4,77.81,39.91,1,1,74.62,2,SAME
6,45.92,158.07,2,3,42.93,4,EASIER
6,54.35,41.71,4,3,46.51,4,EASIER
3,75.1,34.44,1,2,73.17,1,SAME
3,97.28,14.79,1,0,100.0,1,HARDER
5,68.56,120.54,1,2,62.17,3,EASIER
6,68.79,108.84,2,2,68.54,4,SAME
6,39.4,135.4,1,3,36.79,4,EASIER
4,74.81,27.33,2,2,75.87,2,SAME
7,48.65,300.0,2,3,44.86,5,EASIER
5,49.68,155.98,2,4,44.32,3,EASIER
4,72.73,46.52,3,2,72.28,2,SAME
3,91.68,42.18,1,0,97.98,1,SAME
7,37.75,95.01,5,3,33.25,5,EASIER
6,45.02,42.4,4,4,40.15,4,EASIER
5,82.77,86.0,1,2,80.63,3,SAME
4,87.83,24.67,1,1,82.72,2,HARDER
3,77.61,44.79,3,3,70.94,1,EASIER
3,75.45,39.85,2,1,70.98,1,SAME
3,64.95,27.76,3,3,62.22,1,EASIER
5,81.83,63.38,1,1,79.66,3,SAME
3,53.13,38.83,5,5,44.75,1,EASIER
3,77.61,28.25,5,3,74.61,1,EASIER
4,100.0,31.42,1,0,97.47,2,HARDER
6,62.23,37.31,1,2,58.87,4,SAME
5,65.13,93.23,1,2,64.7,3,SAME
3,94.52,29.43,1,0,95.01,1,HARDER
6,55.91,300.0,1,2,55.56,4,EASIER
5,76.65,55.31,1,1,69.92,3,SAME
3,82.05,28.6,3,0,82.71,1,SAME
6,76.56,97.12,1,1,75.23,4,SAME
7,22.7,159.68,5,4,18.07,5,EASIER
5,67.6,35.94,1,2,60.69,3,SAME
3,62.47,24.16,2,2,57.8,1,SAME
4,63.97,56.07,1,2,57.44,2,SAME
5,66.52,49.19,1,2,62.2,3,SAME
7,33.49,172.29,4,5,32.03,5,EASIER
7,64.33,118.06,2,2,60.39,5,SAME
7,60.56,139.42,2,2,54.6,5,SAME
7,53.34,209.74,2,3,44.86,5,EASIER
5,67.84,51.83,2,2,62.42,3,SAME
6,80.57,38.54,3,2,76.97,4,SAME
6,56.93,71.39,1,2,55.9,4,SAME
6,39.25,53.38,5,4,34.72,4,EASIER
6,73.76,27.15,1,1,74.41,4,SAME
3,71.09,23.84,2,3,69.9,1,EASIER
7,37.67,124.83,4,3,35.28,5,EASIER
3,72.99,39.37,1,0,75.64,1,SAME
5,66.28,33.0,2,1,72.59,3,SAME
5,86.03,60.6,2,2,84.6,3,SAME
7,43.24,207.12,3,4,37.41,5,EASIER
3,100.0,19.36,2,1,98.52,1,HARDER
5,84.23,75.63,2,0,82.95,3,SAME
4,57.37,80.52,2,3,50.25,2,EASIER
3,77.35,10.91,1,1,71.32,1,SAME
4,92.37,43.2,2,0,100.0,2,EASIER
5,65.34,103.14,2,3,58.58,3,EASIER
7,18.78,92.51,5,6,12.24,5,EASIER
4,77.71,72.92,3,1,76.53,2,SAME
7,76.25,158.25,1,2,73.08,5,SAME
6,62.51,205.78,3,2,60.49,4,EASIER
7,51.16,153.84,3,3,47.1,5,EASIER
7,40.06,300.0,4,3,29.67,5,EASIER
6,74.64,95.84,1,1,73.8,4,SAME
6,38.4,40.26,4,3,36.09,4,EASIER
3,100.0,18.88,1,0,100.0,1,HARDER
6,35.07,139.25,5,3,27.85,4,EASIER
3,100.0,38.99,1,2,98.94,1,SAME
6,66.24,69.77,1,1,62.05,4,SAME
6,43.24,209.55,3,3,29.95,4,EASIER
6,51.1,68.21,2,3,41.28,4,EASIER
6,76.21,104.27,1,0,71.14,4,SAME
4,97.24,46.6,2,1,100.0,2,HARDER
4,92.83,20.33,1,0,93.23,2,HARDER
5,77.94,54.91,1,1,71.27,3,SAME
5,54.64,188.43,2,2,54.14,3,EASIER
4,76.82,24.63,1,1,78.13,2,SAME
5,88.82,79.04,1,0,90.77,3,SAME
5,70.1,32.75,1,2,67.3,3,SAME
4,61.1,24.51,1,3,57.77,2,EASIER
6,96.09,39.3,2,1,91.9,4,HARDER
4,85.58,59.14,1,1,85.65,2,SAME
4,58.9,25.23,4,2,56.24,2,EASIER
5,65.65,108.62,1,2,56.76,3,SAME
3,82.1,19.74,3,1,78.71,1,SAME
6,49.92,87.64,2,2,46.9,4,EASIER
6,47.64,101.56,3,3,38.28,4,EASIER
7,53.78,46.4,3,3,48.31,5,EASIER
4,74.08,41.82,1,2,68.39,2,SAME
5,56.26,68.97,2,2,47.94,3,EASIER
5,60.72,101.98,2,2,61.21,3,SAME
6,66.94,49.79,1,1,66.67,4,SAME
6,60.36,53.62,2,3,54.25,4,EASIER
7,35.18,160.45,4,3,33.58,5,EASIER
7,34.73,241.83,4,4,33.35,5,EASIER
3,82.38,19.21,1,1,77.6,1,SAME
4,80.29,21.26,2,1,82.7,2,SAME
6,42.63,69.55,4,4,39.34,4,EASIER
5,68.7,35.12,2,2,68.04,3,SAME
5,55.02,70.62,3,2,56.49,3,SAME
3,70.1,15.46,1,1,75.6,1,SAME
5,77.49,93.88,1,0,79.89,3,SAME
6,66.99,91.59,3,2,66.24,4,SAME
3,84.71,39.08,2,1,82.37,1,SAME
5,63.44,17.48,1,3,57.39,3,EASIER
7,34.42,42.96,3,4,31.17,5,EASIER
5,82.19,109.98,1,0,80.27,3,SAME
7,46.59,75.67,4,3,46.26,5,EASIER
4,85.74,19.08,1,0,84.13,2,EASIER
3,99.4,22.84,1,0,100.0,1,HARDER
6,48.52,93.01,5,4,44.6,4,EASIER
4,85.4,35.28,1,0,85.29,2,HARDER
3,100.0,30.79,1,0,96.45,1,HARDER
3,100.0,28.99,1,0,96.25,1,HARDER
7,75.64,130.47,1,1,76.01,5,SAME
6,43.77,165.32,5,4,42.15,4,EASIER
4,71.28,37.75,3,3,62.41,2,EASIER
5,63.53,56.76,3,2,63.36,3,SAME
4,62.85,55.42,5,3,59.99,2,EASIER
3,83.28,31.97,1,1,86.05,1,SAME
7,41.35,68.47,4,4,37.95,5,EASIER
7,56.39,106.52,1,2,55.8,5,SAME
4,75.52,46.69,2,2,73.57,2,SAME
4,67.97,28.84,2,2,66.33,2,HARDER
7,39.63,83.48,4,5,31.59,5,EASIER
5,72.68,29.13,1,2,67.84,3,SAME
4,81.79,9.8,3,2,78.45,2,SAME
4,89.78,31.87,2,1,86.24,2,HARDER
5,62.02,61.77,4,2,57.79,3,EASIER
5,53.76,33.72,2,2,53.67,3,EASIER
3,94.9,46.16,1,0,92.24,1,SAME
5,65.64,34.55,4,3,60.94,3,EASIER
5,56.76,91.12,3,3,48.1,3,EASIER
4,91.78,46.26,1,1,89.6,2,HARDER
4,88.9,105.69,1,0,92.98,2,EASIER
5,57.8,75.77,1,1,56.54,3,SAME
4,80.58,19.26,3,1,75.91,2,SAME
7,46.7,198.96,2,2,43.31,5,EASIER
5,55.82,134.39,1,2,52.08,3,EASIER
5,78.76,24.12,1,2,74.4,3,SAME
4,78.69,51.31,1,1,78.49,2,SAME
7,60.02,179.0,2,2,55.9,5,EASIER
3,75.75,22.74,4,3,71.8,1,EASIER
5,54.99,17.49,5,3,48.24,3,EASIER
3,81.42,21.92,1,1,82.25,1,SAME
6,37.71,60.62,5,4,36.84,4,EASIER
4,63.44,77.99,3,3,57.75,2,EASIER
4,84.14,36.45,2,1,82.57,2,SAME
3,100.0,20.81,1,0,100.0,1,HARDER
6,62.03,60.44,3,3,57.79,4,EASIER
4,46.37,44.29,5,4,42.12,2,EASIER
4,65.22,39.03,3,2,64.92,2,SAME
7,53.52,72.82,3,3,44.9,5,EASIER
3,100.0,28.12,1,0,100.0,1,HARDER
5,75.82,44.02,1,0,76.56,3,SAME
3,90.43,8.0,2,0,95.09,1,HARDER
3,72.19,33.65,1,2,69.57,1,SAME
3,83.41,32.26,1,1,79.46,1,SAME
3,90.79,27.32,2,0,95.15,1,HARDER
7,8.65,88.0,5,5,5.01,5,EASIER
5,74.98,55.97,3,2,75.38,3,SAME
7,48.2,175.04,3,3,47.95,5,EASIER
4,84.95,28.24,1,1,81.05,2,SAME
6,29.88,128.22,3,3,22.79,4,EASIER
3,93.41,12.97,2,1,93.56,1,HARDER
3,100.0,26.94,1,0,99.86,1,HARDER
3,73.25,25.29,3,2,66.8,1,SAME
7,44.12,193.44,2,3,39.33,5,EASIER
6,52.8,50.85,3,3,51.35,4,EASIER
6,57.25,53.82,4,2,47.47,4,EASIER
7,46.15,52.38,5,4,42.24,5,EASIER
4,90.33,29.11,1,1,83.79,2,HARDER
6,59.21,93.65,2,2,55.94,4,SAME
5,61.06,23.82,5,4,54.67,3,EASIER
5,57.45,46.58,2,2,52.76,3,EASIER
6,80.54,112.66,1,2,77.77,4,SAME
5,84.51,55.12,2,2,86.4,3,SAME
3,85.61,25.85,1,1,83.08,1,HARDER
3,100.0,12.79,2,0,100.0,1,HARDER
5,88.02,55.2,1,0,88.22,3,HARDER
5,69.97,58.83,2,3,65.66,3,EASIER
6,52.25,75.31,3,3,46.73,4,EASIER
5,78.23,62.56,2,1,73.43,3,SAME
3,82.98,21.79,1,0,81.78,1,SAME
4,92.95,30.67,2,1,97.02,2,HARDER
5,56.83,34.67,3,1,58.28,3,SAME
7,83.83,190.49,1,0,82.34,5,SAME
5,66.29,31.6,3,1,69.73,3,SAME
6,40.86,89.02,3,3,31.29,4,EASIER
6,67.12,210.52,2,2,64.44,4,EASIER
4,70.71,63.77,2,2,62.64,2,SAME
7,39.61,147.84,1,3,39.7,5,EASIER
6,82.92,93.37,2,2,77.19,4,SAME
7,65.13,104.47,5,4,61.87,5,EASIER
6,75.83,51.32,1,1,77.23,4,SAME
6,49.14,71.86,5,4,46.25,4,EASIER
3,87.56,32.29,2,1,85.75,1,HARDER
5,82.87,70.34,1,1,74.46,3,SAME
3,85.83,35.51,1,0,86.34,1,SAME
6,64.17,154.62,1,2,60.13,4,SAME
6,46.92,75.51,4,3,41.83,4,EASIER
5,76.62,63.78,1,1,73.02,3,SAME
4,63.79,15.56,2,2,57.81,2,SAME
3,83.23,68.23,3,1,77.99,1,EASIER
6,43.21,66.12,5,4,38.04,4,EASIER
6,54.27,115.08,4,3,48.86,4,EASIER
5,75.55,47.24,2,2,69.85,3,SAME
6,45.11,65.31,1,2,39.34,4,EASIER
6,68.05,72.49,2,1,64.41,4,SAME
5,86.16,31.32,1,1,79.28,3,HARDER
3,52.7,8.29,5,4,46.16,1,EASIER
7,34.19,210.72,4,4,27.14,5,EASIER
5,71.88,75.99,1,1,66.12,3,SAME
6,67.44,50.93,2,1,66.56,4,SAME
7,51.94,143.28,2,2,47.51,5,EASIER
4,63.52,55.97,1,2,61.97,2,SAME
6,59.29,57.19,1,2,60.1,4,SAME
3,89.49,30.03,2,1,86.56,1,HARDER
7,47.4,193.87,3,4,45.47,5,EASIER
3,100.0,13.18,1,0,99.34,1,HARDER
5,75.95,75.53,1,2,75.18,3,SAME
4,64.67,45.1,1,2,63.49,2,SAME
3,100.0,57.72,1,0,96.6,1,EASIER
5,87.07,76.41,1,0,87.47,3,HARDER
7,54.64,89.53,1,2,52.45,5,EASIER
3,99.36,21.92,1,0,100.0,1,HARDER
4,75.72,98.35,2,2,72.78,2,EASIER
3,73.69,21.35,2,1,72.25,1,SAME
3,78.95,32.45,3,1,74.26,1,SAME
4,49.86,33.97,5,4,44.64,2,EASIER
5,44.03,99.05,3,4,34.53,3,EASIER
6,63.13,147.62,1,2,59.94,4,SAME
6,77.53,81.04,1,1,76.68,4,SAME
6,48.76,66.37,4,4,47.31,4,EASIER
6,35.22,65.55,5,4,23.55,4,EASIER
4,69.26,16.87,4,3,67.8,2,EASIER
7,46.43,118.31,3,3,45.76,5,EASIER
3,73.35,25.91,2,2,70.16,1,SAME
6,72.81,53.64,1,1,73.15,4,HARDER
3,87.83,11.05,1,0,86.59,1,HARDER
6,89.78,91.29,1,0,85.88,4,HARDER
3,99.78,28.99,1,1,100.0,1,HARDER
4,85.56,45.74,2,1,84.35,2,HARDER
4,64.85,23.86,1,1,64.87,2,SAME
6,62.9,100.79,3,3,52.3,4,EASIER
3,93.13,23.09,2,0,93.49,1,HARDER
4,50.74,57.05,3,2,44.01,2,EASIER
4,46.85,24.03,5,3,47.51,2,EASIER
6,42.43,149.13,3,4,37.72,4,EASIER
7,49.47,255.05,3,3,46.93,5,SAME
6,62.05,87.1,4,3,53.22,4,HARDER
5,67.87,70.83,1,3,66.0,3,EASIER
4,62.96,54.93,2,1,61.87,2,SAME
7,11.52,64.04,5,5,7.05,5,EASIER
3,72.04,20.14,1,1,72.81,1,SAME
3,82.0,27.14,1,1,85.29,1,SAME
4,72.16,98.52,1,1,70.11,2,EASIER
4,83.94,21.66,1,2,83.64,2,SAME
5,70.77,130.47,2,2,67.86,3,EASIER
7,44.56,100.81,4,4,35.14,5,EASIER
6,62.7,80.54,1,2,60.85,4,SAME
4,80.52,67.36,1,1,75.8,2,SAME
4,63.1,98.26,2,3,59.51,2,EASIER
6,35.5,102.17,5,4,27.31,4,EASIER
4,78.99,65.69,1,1,76.62,2,SAME
7,57.35,67.83,3,3,49.62,5,EASIER
5,87.03,44.63,1,1,90.76,3,HARDER
5,67.87,29.7,1,1,64.1,3,SAME
7,56.2,84.56,2,3,51.23,5,EASIER
4,90.9,49.56,1,0,90.11,2,HARDER
5,74.98,64.42,1,1,73.49,3,SAME
5,66.8,136.37,1,2,60.85,3,EASIER
4,90.11,99.81,1,0,89.86,2,EASIER
3,83.09,23.53,3,1,82.1,1,SAME
4,62.57,27.61,4,3,58.66,2,EASIER
3,64.49,41.89,3,2,65.63,1,SAME
6,46.49,158.24,1,2,45.42,4,EASIER
3,91.63,30.42,1,1,95.85,1,HARDER
4,89.53,52.94,1,1,88.11,2,SAME
7,41.3,151.08,2,3,36.59,5,EASIER
5,73.88,35.55,3,2,67.96,3,SAME
6,52.29,43.51,3,4,44.77,4,EASIER
6,50.85,79.86,1,1,49.95,4,EASIER
4,89.39,34.58,1,1,87.4,2,HARDER
6,53.94,94.7,3,1,56.72,4,EASIER
4,68.38,35.73,3,2,65.27,2,SAME
6,65.25,33.82,3,1,60.82,4,SAME
6,86.6,27.34,1,1,81.71,4,HARDER
7,50.99,167.4,3,3,52.29,5,EASIER
7,44.49,78.04,3,3,41.31,5,EASIER
3,63.97,22.55,2,2,58.41,1,SAME
4,90.86,29.23,1,0,96.29,2,HARDER
5,63.59,36.91,3,2,59.67,3,SAME
4,75.42,24.43,1,2,67.49,2,SAME
6,59.71,139.36,1,2,53.83,4,SAME
7,58.47,98.31,4,3,53.39,5,EASIER
4,65.42,51.21,5,2,61.55,2,EASIER
7,42.79,170.32,5,5,36.14,5,EASIER
7,51.94,133.09,4,3,53.56,5,EASIER
7,46.97,173.4,3,3,41.42,5,EASIER
3,78.61,25.16,1,2,75.63,1,SAME
4,61.45,72.14,4,4,53.41,2,EASIER
3,96.33,36.06,1,0,96.6,1,SAME
3,80.69,38.26,2,2,85.36,1,SAME
3,92.94,16.46,1,0,88.75,1,HARDER
5,61.52,66.07,4,4,49.19,3,EASIER
3,93.66,11.05,2,1,88.76,1,HARDER
4,91.57,73.41,1,0,87.77,2,SAME
7,30.99,79.74,5,5,24.1,5,EASIER
7,48.49,86.0,1,2,48.92,5,EASIER
7,79.91,53.16,1,1,79.0,5,HARDER
3,93.56,24.6,1,1,93.95,1,HARDER
6,59.8,71.32,2,2,57.11,4,SAME
6,18.2,211.56,4,4,11.12,4,EASIER
3,96.93,36.64,1,0,97.64,1,EASIER
7,40.46,84.61,5,4,30.32,5,EASIER
5,73.96,25.42,1,1,79.46,3,SAME
7,60.24,32.26,2,3,55.16,5,EASIER
3,98.51,15.83,2,0,97.07,1,HARDER
6,56.08,41.04,1,2,50.55,4,HARDER
3,100.0,29.2,1,0,99.92,1,HARDER
7,52.76,103.49,1,2,50.98,5,EASIER
6,56.96,82.74,1,2,54.34,4,SAME
3,87.05,16.39,1,1,85.67,1,HARDER
4,98.83,40.81,1,0,97.01,2,HARDER
4,68.46,19.49,2,1,67.24,2,SAME
3,81.49,24.04,2,1,85.75,1,SAME
3,65.86,36.17,2,1,63.13,1,SAME
7,54.71,91.77,3,3,53.64,5,EASIER
7,44.15,142.63,2,3,38.54,5,EASIER
5,43.99,21.8,5,3,39.34,3,EASIER
7,72.91,36.5,1,1,74.5,5,SAME
6,47.29,97.21,3,4,33.96,4,EASIER
3,93.48,39.84,1,0,95.57,1,SAME
6,52.45,72.45,4,4,43.86,4,EASIER
3,82.44,64.94,2,2,79.31,1,EASIER
7,51.74,51.0,1,2,49.5,5,EASIER
4,71.97,27.6,3,1,74.3,2,SAME
3,87.88,26.61,1,1,86.85,1,HARDER
4,66.26,47.27,3,2,64.25,2,SAME
6,70.91,60.53,2,1,66.21,4,SAME
7,49.11,62.88,1,2,42.82,5,EASIER
5,61.13,78.84,2,3,57.28,3,EASIER
3,89.74,26.53,1,0,91.47,1,HARDER
7,72.75,92.82,2,1,74.65,5,SAME
6,27.14,106.28,4,4,22.37,4,EASIER
5,79.15,54.21,1,2,74.18,3,SAME
5,75.02,54.12,1,1,73.8,3,SAME
7,64.33,101.72,2,2,59.76,5,SAME
4,62.11,25.83,3,3,54.81,2,EASIER
3,87.72,16.58,1,1,84.05,1,HARDER
3,73.12,19.79,2,0,68.87,1,SAME
6,44.3,83.38,4,4,35.27,4,EASIER
7,55.94,40.39,3,2,48.31,5,EASIER
6,63.31,134.02,2,1,64.12,4,SAME
6,59.96,82.79,2,3,51.42,4,EASIER
4,93.83,23.03,1,0,91.65,2,HARDER
5,84.06,129.11,3,1,80.75,3,EASIER
3,81.24,25.47,1,2,79.78,1,SAME
4,89.79,20.29,1,0,90.52,2,HARDER
6,55.27,185.68,2,2,52.89,4,EASIER
7,65.15,234.37,1,2,57.05,5,EASIER
7,56.95,68.25,1,1,55.94,5,SAME
7,67.06,93.92,2,2,62.65,5,SAME
3,67.85,20.39,4,2,61.82,1,EASIER
7,32.47,39.99,5,4,25.49,5,EASIER
4,85.27,44.26,1,1,81.66,2,HARDER
6,61.13,127.26,2,2,51.56,4,SAME
7,42.23,160.21,2,3,39.1,5,EASIER
7,49.2,114.02,3,2,41.49,5,EASIER
6,80.59,133.84,1,1,83.76,4,SAME
4,64.19,22.29,2,2,55.51,2,SAME
5,68.42,142.66,2,2,67.74,3,EASIER
6,74.22,54.88,2,1,72.27,4,SAME
5,76.68,41.81,1,1,80.35,3,SAME
5,67.44,43.63,2,2,59.68,3,SAME
5,77.12,42.08,1,1,79.06,3,SAME
5,59.77,52.72,2,2,59.67,3,SAME
3,73.74,22.55,3,2,70.38,1,SAME
7,81.12,120.2,1,1,83.03,5,SAME
3,88.61,17.37,1,0,85.65,1,HARDER
7,48.3,122.65,3,2,46.61,5,EASIER
3,79.73,15.39,1,0,77.69,1,SAME
5,72.43,83.35,2,1,70.65,3,SAME
5,49.41,82.84,3,2,48.64,3,EASIER
5,67.83,57.83,2,2,63.93,3,SAME
5,40.13,42.05,2,3,33.79,3,EASIER
7,54.61,132.7,2,3,49.03,5,EASIER
3,91.76,16.84,1,0,90.91,1,HARDER
7,33.57,114.13,4,5,25.85,5,EASIER
6,57.1,75.78,2,2,55.68,4,SAME
6,38.04,300.0,2,3,33.93,4,EASIER
3,90.39,14.48,2,1,91.16,1,HARDER
3,84.03,8.0,1,0,84.09,1,SAME
4,99.16,28.16,1,0,93.4,2,HARDER
4,99.72,16.97,1,0,99.31,2,HARDER
6,42.61,56.2,5,5,37.44,4,EASIER
7,58.97,55.22,4,2,61.82,5,EASIER
5,78.94,37.07,3,1,70.67,3,SAME
6,74.4,47.13,1,2,70.7,4,SAME
3,79.17,38.37,1,1,79.82,1,SAME
6,46.03,79.96,5,3,40.45,4,EASIER
3,77.26,40.34,3,2,69.91,1,SAME
6,63.91,83.74,1,2,60.04,4,SAME
4,100.0,58.79,1,1,98.99,2,SAME
5,77.08,49.94,2,1,76.97,3,SAME
4,67.5,80.4,1,2,58.04,2,EASIER
5,80.29,73.23,1,1,80.74,3,SAME
7,56.62,73.22,2,2,55.68,5,SAME
7,64.29,156.95,1,2,61.35,5,SAME
4,75.16,38.49,2,2,69.7,2,SAME
4,70.18,34.55,1,1,73.34,2,SAME
5,88.49,60.82,1,0,87.43,3,HARDER
6,65.69,121.19,4,3,61.66,4,EASIER
3,85.47,9.74,1,0,86.32,1,HARDER
6,40.51,68.32,5,4,36.7,4,EASIER
7,71.39,162.48,1,2,68.4,5,SAME
7,42.51,128.22,3,3,38.34,5,EASIER
5,79.43,33.21,2,2,76.25,3,SAME
4,62.27,12.49,4,2,55.2,2,EASIER
4,71.41,84.52,1,2,63.82,2,EASIER
6,56.64,74.4,2,2,55.9,4,SAME
5,71.36,122.72,1,1,69.94,3,EASIER
3,75.53,35.61,3,2,72.7,1,SAME
6,50.4,54.27,2,2,50.36,4,EASIER
3,92.16,8.21,1,0,91.63,1,HARDER
7,24.73,87.06,3,3,22.91,5,EASIER
5,84.4,56.94,1,1,80.1,3,SAME
4,91.79,46.96,1,1,96.03,2,HARDER
3,81.59,15.25,1,2,85.53,1,SAME
3,90.46,27.06,1,1,92.02,1,HARDER
7,50.25,123.39,2,2,51.01,5,EASIER
5,69.7,94.49,1,1,68.28,3,SAME
7,39.17,94.75,4,4,36.53,5,EASIER
7,38.01,142.57,4,4,30.98,5,EASIER
3,77.02,28.42,2,2,78.02,1,SAME
4,85.27,57.35,1,2,77.81,2,SAME
7,65.61,71.64,3,2,59.59,5,SAME
5,75.11,12.68,2,2,76.24,3,SAME
5,46.91,51.58,5,5,37.72,3,EASIER
5,90.45,51.73,1,1,89.31,3,HARDER
6,68.64,44.92,3,2,60.21,4,SAME
7,58.7,49.24,3,2,56.78,5,SAME
7,53.58,81.88,3,3,46.25,5,EASIER
6,74.71,77.25,1,1,70.46,4,SAME
5,70.1,60.81,3,1,66.71,3,SAME
4,96.91,12.98,1,0,94.82,2,HARDER
3,82.49,11.46,1,1,80.79,1,SAME
6,56.2,147.54,2,1,54.13,4,SAME
3,85.99,22.98,3,1,80.47,1,SAME
6,57.2,81.9,3,2,56.26,4,SAME
5,78.03,29.98,1,0,75.91,3,SAME
6,79.63,81.81,1,1,78.38,4,EASIER
7,31.69,91.26,4,4,29.53,5,EASIER
5,66.44,42.7,4,3,59.57,3,EASIER
5,59.99,28.13,2,1,61.19,3,SAME
5,66.0,37.73,2,1,62.36,3,SAME
4,62.12,96.01,1,2,61.25,2,EASIER
3,84.96,21.4,1,1,79.67,1,SAME
3,95.45,35.53,1,1,94.91,1,SAME
6,65.11,74.04,2,1,58.96,4,SAME
7,46.33,94.48,3,3,40.42,5,EASIER
3,94.81,18.84,1,1,90.88,1,HARDER
4,86.27,71.52,1,0,87.29,2,SAME
6,49.81,99.56,2,2,47.06,4,EASIER
6,61.04,54.39,4,3,57.17,4,EASIER
6,76.37,66.81,1,1,76.37,4,SAME
6,35.16,143.48,3,4,28.58,4,EASIER
3,100.0,8.0,1,0,100.0,1,HARDER
4,80.47,43.97,1,0,77.07,2,SAME
5,63.92,75.68,1,0,63.17,3,SAME
3,75.96,17.91,1,1,74.84,1,SAME
4,66.54,40.86,1,1,66.65,2,SAME
4,77.89,48.12,1,1,77.34,2,SAME
7,40.8,57.26,3,4,34.54,5,EASIER
4,56.21,56.45,3,2,53.44,2,SAME
7,36.94,131.7,4,3,32.87,5,EASIER
6,79.77,75.73,2,0,80.83,4,SAME
6,61.94,86.6,1,1,60.5,4,SAME
7,41.18,164.67,3,3,36.63,5,EASIER
7,47.22,300.0,2,3,41.43,5,EASIER
4,95.83,50.62,2,0,97.12,2,HARDER
5,55.76,86.63,4,3,53.67,3,EASIER
5,81.56,63.83,1,1,75.37,3,SAME
7,50.24,300.0,2,3,48.8,5,EASIER
3,95.35,13.02,1,0,95.64,1,HARDER
5,51.73,24.54,2,3,47.13,3,EASIER
4,75.33,40.83,1,1,76.6,2,SAME
4,69.65,51.82,4,3,68.41,2,EASIER
6,57.09,21.5,2,2,52.54,4,EASIER
4,69.68,37.94,1,1,71.57,2,SAME
6,60.01,74.65,2,2,57.52,4,SAME
7,64.58,168.02,1,1,59.96,5,SAME
6,59.96,102.48,3,2,54.89,4,SAME
3,90.52,11.18,1,0,92.89,1,HARDER
3,69.69,15.46,1,1,68.33,1,SAME
5,65.26,38.9,3,2,57.31,3,SAME
5,46.71,83.61,3,3,46.45,3,EASIER
6,74.7,99.64,1,1,76.23,4,SAME
5,74.09,42.66,2,2,73.22,3,SAME
3,76.85,26.66,2,2,73.12,1,SAME
7,48.19,62.92,1,3,46.36,5,EASIER
7,60.44,300.0,1,2,53.18,5,EASIER
6,63.95,110.54,2,3,55.46,4,EASIER
6,49.42,123.41,2,3,44.55,4,EASIER
7,55.21,237.19,3,2,51.92,5,EASIER
5,53.45,95.92,4,3,49.21,3,EASIER
3,75.86,25.35,2,1,67.54,1,SAME
6,53.66,74.48,5,4,47.94,4,EASIER
5,53.64,109.74,5,4,41.25,3,EASIER
6,76.38,83.14,1,2,74.67,4,SAME
6,72.72,55.55,1,2,63.35,4,SAME
5,43.06,153.53,3,4,40.45,3,EASIER
4,51.26,24.48,4,3,48.04,2,EASIER
5,58.58,24.58,3,2,56.98,3,SAME
6,43.76,137.41,1,2,40.9,4,EASIER
6,73.12,56.06,1,1,73.98,4,SAME
5,46.99,71.94,5,4,44.29,3,EASIER
5,70.79,142.59,1,3,61.77,3,EASIER
7,52.21,52.94,5,3,42.23,5,EASIER
4,71.4,37.28,1,1,72.67,2,SAME
3,75.62,48.38,3,2,70.86,1,SAME
6,54.69,116.9,1,2,50.92,4,EASIER
7,49.01,101.54,5,4,44.68,5,EASIER
6,35.52,284.06,2,4,33.62,4,EASIER
5,83.82,55.33,3,2,82.73,3,SAME
4,72.76,45.79,1,2,73.28,2,SAME
5,74.56,131.22,1,2,72.66,3,EASIER
3,94.52,38.68,1,0,92.22,1,SAME
5,68.22,111.57,3,3,66.26,3,EASIER
4,72.2,24.9,1,2,63.39,2,SAME
4,61.56,67.68,2,2,62.33,2,SAME
5,71.47,63.08,1,1,68.53,3,SAME
7,56.62,74.59,3,1,57.57,5,SAME
4,83.73,42.18,1,1,81.33,2,SAME
7,45.91,124.24,5,4,35.55,5,EASIER
5,60.77,146.23,1,2,59.2,3,EASIER
7,30.14,137.87,5,5,24.05,5,HARDER
4,76.15,26.33,2,2,70.86,2,SAME
7,61.58,64.54,1,1,62.44,5,SAME
6,55.47,80.0,4,3,51.78,4,EASIER
6,83.62,40.72,1,0,82.23,4,SAME
5,63.55,40.7,2,2,61.88,3,SAME
5,64.89,51.4,2,3,60.56,3,EASIER
5,66.28,47.07,3,2,62.07,3,SAME
7,55.33,166.44,2,3,51.57,5,EASIER
6,81.87,55.87,1,1,79.46,4,SAME
3,77.03,8.33,3,1,73.77,1,SAME
6,60.76,34.13,2,2,53.91,4,SAME
7,68.25,110.92,3,2,66.27,5,SAME
6,52.64,60.44,4,2,47.75,4,EASIER
5,84.88,31.45,1,1,84.77,3,SAME
4,62.06,95.4,1,2,59.23,2,EASIER
6,64.95,126.17,1,2,62.32,4,SAME
6,54.43,79.55,5,4,51.27,4,SAME
4,63.91,42.4,4,2,60.82,2,EASIER
5,55.25,50.87,4,3,49.07,3,EASIER
4,63.25,21.08,1,1,62.17,2,SAME
3,87.41,39.55,1,0,89.07,1,SAME
3,88.86,36.51,3,1,89.37,1,SAME
3,76.14,10.37,3,2,71.99,1,SAME
5,81.72,64.88,1,2,86.13,3,SAME
5,72.66,68.52,1,1,67.99,3,SAME
5,66.41,49.46,2,1,64.04,3,SAME
7,27.65,300.0,4,4,21.52,5,EASIER
4,84.85,96.77,1,1,85.58,2,EASIER
4,92.61,31.82,1,0,94.4,2,HARDER
4,77.87,34.22,3,3,78.63,2,EASIER
4,80.4,32.38,1,1,81.73,2,SAME
5,79.37,42.86,1,1,77.93,3,SAME
4,63.11,24.65,2,2,63.59,2,SAME
4,72.06,48.22,3,2,68.94,2,SAME
6,29.4,227.39,2,3,21.63,4,EASIER
7,6.52,260.68,5,6,2.53,5,EASIER
4,70.9,55.06,3,1,69.43,2,SAME
3,95.95,8.57,1,0,93.07,1,HARDER
4,70.72,15.82,1,2,73.45,2,SAME
5,79.92,98.22,1,1,80.18,3,SAME
7,34.52,270.71,3,3,31.94,5,EASIER
3,94.94,31.99,2,0,90.57,1,HARDER
3,99.04,21.82,2,0,100.0,1,HARDER
5,41.01,113.28,2,3,32.28,3,EASIER
7,79.61,168.88,1,2,81.82,5,SAME
5,83.58,101.85,1,1,80.15,3,SAME
7,62.69,40.72,2,2,56.01,5,SAME
6,65.1,98.03,1,1,68.18,4,SAME
3,93.34,55.07,1,0,87.58,1,EASIER
5,58.7,75.3,4,3,55.75,3,EASIER
6,68.32,134.26,2,2,63.31,4,SAME
5,73.99,59.05,2,2,75.66,3,SAME
3,96.15,26.21,1,1,93.26,1,HARDER
3,82.59,46.67,3,1,81.83,1,EASIER
6,27.82,57.88,4,4,16.48,4,SAME
5,74.0,39.66,1,1,73.03,3,SAME
5,77.2,45.77,1,1,80.1,3,SAME
4,65.93,38.42,3,2,69.11,2,SAME
4,89.56,17.83,2,2,91.03,2,SAME
6,63.93,119.93,4,2,66.38,4,EASIER
3,91.73,23.24,1,1,90.86,1,HARDER
5,55.25,88.5,4,3,50.55,3,EASIER
4,78.42,14.04,2,2,73.99,2,SAME
6,42.25,128.08,2,2,35.88,4,EASIER
6,39.91,164.33,3,4,35.65,4,EASIER
5,66.49,72.06,1,1,66.6,3,SAME
4,92.98,38.54,1,0,93.83,2,HARDER
4,78.27,57.07,1,2,77.76,2,SAME
4,80.81,69.07,1,0,77.43,2,SAME
4,74.41,48.59,2,3,69.42,2,EASIER
6,64.84,111.89,1,2,64.81,4,SAME
3,100.0,52.26,1,0,95.92,1,EASIER
3,90.47,35.08,1,0,88.42,1,SAME
5,92.53,39.03,1,0,95.18,3,HARDER
4,73.87,68.92,1,2,68.18,2,SAME
7,29.86,104.7,4,4,23.68,5,EASIER
6,65.78,83.43,3,3,57.12,4,EASIER
6,43.42,86.69,5,5,33.63,4,EASIER
5,67.14,93.69,3,2,71.76,3,SAME
5,83.53,137.84,2,0,80.96,3,EASIER
5,79.07,58.71,1,0,80.57,3,SAME
3,92.05,54.02,1,0,93.23,1,EASIER
5,65.96,62.92,2,2,61.21,3,SAME
7,47.26,240.49,2,3,44.27,5,EASIER
4,86.67,41.71,1,1,78.03,2,HARDER
3,95.44,20.08,1,0,100.0,1,HARDER
5,72.87,150.19,1,1,69.5,3,EASIER
4,66.99,28.83,1,1,62.02,2,SAME
6,86.8,58.34,1,1,82.57,4,HARDER
7,49.98,56.48,3,4,39.78,5,EASIER
7,57.55,223.44,3,3,52.46,5,SAME
4,64.81,77.03,2,2,63.22,2,EASIER
7,34.5,137.26,4,4,26.6,5,EASIER
3,80.77,16.14,2,1,78.18,1,SAME
4,65.49,37.88,3,2,66.83,2,SAME
4,87.98,32.96,1,1,85.28,2,HARDER
7,47.0,63.87,5,4,42.86,5,EASIER
6,78.12,63.59,2,1,70.95,4,SAME
4,71.05,48.2,2,1,70.98,2,SAME
3,83.42,19.1,1,1,81.64,1,SAME
6,77.38,95.43,1,0,77.27,4,HARDER
6,30.39,32.56,5,4,19.53,4,EASIER
7,56.96,279.68,1,2,54.85,5,EASIER
5,67.4,47.78,2,2,65.0,3,SAME
3,84.2,36.82,1,1,84.49,1,EASIER
4,52.77,41.52,1,2,53.88,2,EASIER
6,43.39,101.09,5,3,34.56,4,EASIER
4,89.84,22.32,2,1,88.7,2,HARDER
3,69.97,17.82,2,2,64.88,1,SAME
7,59.11,74.92,2,3,60.06,5,EASIER
5,82.44,58.73,1,1,80.34,3,SAME
4,68.56,70.87,2,2,69.19,2,SAME
5,80.64,71.87,1,1,76.86,3,SAME
6,79.86,51.34,1,1,77.55,4,SAME
3,91.93,25.99,1,0,86.81,1,HARDER
5,83.09,55.73,1,0,85.47,3,SAME
4,60.13,32.22,4,3,50.44,2,EASIER
3,98.93,24.83,1,0,98.93,1,HARDER
3,70.34,35.12,1,1,71.34,1,SAME
5,78.47,40.61,2,2,76.17,3,SAME
5,83.55,48.87,2,1,75.71,3,SAME
5,65.83,94.31,1,2,61.81,3,SAME
6,38.65,104.65,4,4,36.36,4,EASIER
5,83.7,109.25,2,2,82.36,3,SAME
5,76.44,118.06,1,0,75.7,3,EASIER
7,32.24,53.36,3,4,23.14,5,EASIER
6,52.53,95.26,3,3,49.33,4,EASIER
7,37.06,84.92,2,3,31.25,5,EASIER
4,67.53,21.63,3,2,61.75,2,SAME
6,69.69,54.4,1,2,65.97,4,SAME
6,76.74,70.13,1,2,75.78,4,SAME
5,56.32,50.13,4,3,49.85,3,EASIER
3,100.0,19.08,1,0,99.92,1,HARDER
5,78.25,57.61,1,2,74.37,3,SAME
7,26.98,300.0,1,4,17.37,5,EASIER
6,62.77,33.44,3,2,58.84,4,SAME
3,89.87,41.47,1,1,88.57,1,SAME
4,75.12,37.67,2,2,72.51,2,SAME
5,81.61,46.7,2,1,83.39,3,SAME
7,51.16,37.28,4,4,45.82,5,EASIER
5,44.37,84.61,4,3,36.78,3,EASIER
7,44.98,51.07,4,4,40.84,5,EASIER
6,83.19,126.12,1,1,79.87,4,SAME
4,60.0,86.14,4,2,54.26,2,EASIER
3,75.84,14.13,1,2,77.84,1,SAME
7,38.39,211.72,4,3,34.86,5,EASIER
5,66.52,58.73,2,2,62.91,3,SAME
7,63.36,35.77,1,2,58.76,5,SAME
7,38.46,58.08,3,4,35.15,5,EASIER
5,73.27,63.35,2,2,74.66,3,SAME
3,69.23,29.89,3,2,69.37,1,SAME
7,64.88,47.32,2,2,64.64,5,SAME
5,77.78,58.92,3,1,77.56,3,SAME
3,91.16,36.07,1,1,85.11,1,SAME
5,56.58,95.08,2,1,53.82,3,SAME
3,81.7,20.8,1,1,81.92,1,SAME
4,85.25,46.7,1,1,82.37,2,HARDER
4,71.52,62.91,3,2,66.22,2,SAME
5,61.77,88.45,2,3,56.58,3,EASIER
5,58.22,90.17,3,2,51.67,3,SAME
7,40.82,119.15,5,4,29.33,5,EASIER
4,88.78,36.35,2,1,86.75,2,HARDER
6,54.91,94.46,3,2,53.42,4,EASIER
7,48.73,73.87,4,4,43.08,5,EASIER
6,57.82,146.2,2,2,60.61,4,SAME
4,87.45,18.51,1,1,88.61,2,HARDER
6,34.84,63.08,5,3,31.67,4,EASIER
4,81.3,37.36,2,1,82.57,2,SAME
5,90.82,73.18,1,0,84.48,3,HARDER
6,71.36,115.43,1,0,66.11,4,SAME
4,85.53,76.51,1,1,85.19,2,EASIER
3,73.13,25.88,2,1,75.73,1,SAME
7,38.75,75.73,5,4,27.59,5,SAME
6,26.4,76.04,4,5,13.9,4,EASIER
3,90.19,21.69,2,0,92.4,1,SAME
4,84.98,48.52,3,2,82.01,2,SAME
4,78.16,23.01,1,1,77.18,2,SAME
7,60.38,101.79,1,2,55.89,5,SAME
7,46.78,271.2,3,3,39.57,5,EASIER
6,32.31,90.04,5,3,26.3,4,EASIER
5,75.15,34.44,2,1,73.17,3,SAME
3,74.74,21.49,2,1,68.91,1,SAME
4,76.3,13.3,3,3,67.46,2,EASIER
3,87.33,24.35,1,1,84.55,1,EASIER
6,23.81,193.16,2,5,21.51,4,EASIER
3,78.44,14.74,1,0,75.05,1,SAME
6,61.97,38.46,2,2,59.47,4,SAME
7,76.54,78.45,2,1,74.34,5,SAME
4,79.67,58.59,1,2,73.4,2,SAME
6,38.76,198.97,3,4,31.68,4,EASIER
7,49.94,142.99,3,3,45.44,5,EASIER
5,22.09,30.69,4,4,16.92,3,EASIER
5,77.02,57.37,3,2,72.64,3,SAME
4,79.77,88.11,2,1,81.0,2,EASIER
5,71.44,49.73,1,1,68.34,3,SAME
7,70.24,120.91,1,1,65.45,5,SAME
6,65.44,92.93,2,2,68.22,4,SAME
4,75.54,18.38,2,1,74.18,2,SAME
5,80.05,95.05,1,1,75.76,3,SAME
6,44.37,127.83,4,4,42.43,4,EASIER
3,84.86,10.3,2,1,78.44,1,SAME
6,69.11,41.05,2,2,66.96,4,SAME
4,79.85,24.09,1,1,73.15,2,SAME
4,74.33,54.02,2,1,66.16,2,SAME
5,57.14,39.99,2,3,50.75,3,EASIER
5,61.84,70.75,1,1,56.07,3,SAME
7,30.3,101.44,3,4,30.05,5,EASIER
4,87.91,39.29,1,0,86.15,2,HARDER
4,72.75,47.97,2,1,69.95,2,SAME
4,49.64,43.19,4,3,44.87,2,EASIER
7,58.77,110.85,1,3,54.36,5,EASIER
7,35.59,133.86,3,3,31.3,5,EASIER
5,64.49,64.58,3,2,63.94,3,SAME
6,73.85,73.53,2,1,75.26,4,SAME
7,70.6,88.54,2,2,67.12,5,SAME
7,32.26,300.0,3,4,27.05,5,EASIER
6,47.05,65.14,4,3,46.11,4,EASIER
5,31.66,114.1,4,4,25.02,3,EASIER
7,39.92,77.1,2,3,34.18,5,EASIER
4,69.28,55.61,5,3,63.1,2,EASIER
4,81.92,87.88,1,0,79.34,2,EASIER
6,82.36,68.8,1,0,83.4,4,SAME
3,62.27,18.58,2,2,63.42,1,SAME
5,55.16,46.9,4,3,49.48,3,EASIER
7,43.92,110.82,1,3,41.31,5,EASIER
3,65.83,28.85,1,2,65.94,1,SAME
7,53.15,109.58,1,3,52.88,5,EASIER
5,90.05,47.11,2,1,91.0,3,HARDER
7,25.09,300.0,3,4,20.12,5,EASIER
6,69.76,73.88,3,2,65.36,4,SAME
3,87.16,18.97,1,0,84.98,1,HARDER
6,79.99,126.29,1,1,79.07,4,SAME
3,89.58,36.44,2,1,89.5,1,SAME
4,95.64,73.81,1,0,90.63,2,SAME
7,42.72,300.0,1,3,40.4,5,EASIER
7,57.07,135.26,2,2,50.68,5,SAME
3,91.32,21.99,1,1,92.35,1,HARDER
4,97.94,15.54,3,0,97.4,2,SAME
3,99.89,16.47,1,0,100.0,1,HARDER
4,82.1,41.91,1,1,83.2,2,SAME
7,57.37,58.84,5,4,52.82,5,EASIER
3,100.0,12.35,2,0,98.33,1,HARDER
6,48.7,84.86,3,3,48.65,4,EASIER
7,61.35,171.03,1,1,59.23,5,SAME
7,51.81,97.92,2,2,46.53,5,EASIER
4,37.1,57.92,5,4,32.49,2,EASIER
6,55.54,112.99,3,3,48.69,4,EASIER
5,25.85,102.44,3,4,15.98,3,EASIER
3,87.63,65.76,1,0,85.66,1,EASIER
4,76.08,129.82,1,2,73.09,2,EASIER
6,59.27,119.96,2,3,52.68,4,EASIER
6,46.66,64.56,4,3,41.21,4,EASIER
5,65.11,59.8,2,2,55.51,3,SAME
6,35.9,185.83,2,3,35.2,4,EASIER
6,40.59,51.53,3,4,34.83,4,EASIER
4,52.41,75.04,5,4,44.06,2,EASIER
4,83.45,35.08,1,1,85.9,2,SAME
7,71.28,126.76,1,1,65.51,5,SAME
7,43.77,72.12,3,3,36.34,5,EASIER
3,78.18,13.87,1,1,75.14,1,SAME
6,52.58,70.93,3,3,45.95,4,EASIER
3,36.23,44.64,5,5,27.31,1,EASIER
7,57.94,76.4,2,2,56.75,5,SAME
5,77.63,128.85,1,1,78.91,3,EASIER
6,56.53,60.88,5,2,56.56,4,EASIER
6,59.04,47.05,3,2,60.2,4,SAME
6,56.66,93.56,1,2,51.49,4,SAME
4,75.24,52.29,1,0,76.51,2,SAME
7,46.0,124.09,3,4,37.81,5,EASIER
5,68.89,62.5,1,1,65.14,3,SAME
5,44.46,128.24,3,3,35.43,3,EASIER
4,77.17,39.73,1,1,80.3,2,SAME
3,100.0,20.28,1,0,100.0,1,HARDER
5,81.09,33.1,1,1,86.48,3,SAME
4,76.88,69.14,3,2,76.34,2,SAME
6,61.32,65.72,1,2,59.68,4,SAME
4,92.08,32.57,2,1,89.21,2,HARDER
7,31.86,198.7,5,5,27.83,5,EASIER
6,61.89,238.62,1,2,60.21,4,EASIER
5,54.75,65.68,4,3,46.46,3,EASIER
6,28.76,76.36,3,3,24.63,4,EASIER
6,85.15,81.76,1,0,81.14,4,HARDER
6,45.34,64.71,5,4,40.45,4,EASIER
5,51.77,48.63,3,3,50.1,3,EASIER
7,85.77,92.53,1,1,83.33,5,HARDER
4,68.56,58.3,3,1,64.83,2,SAME
5,65.89,55.52,2,2,68.78,3,SAME
4,56.52,71.99,3,2,54.41,2,SAME
5,63.05,54.76,2,2,61.85,3,SAME
7,24.29,91.7,4,5,17.89,5,EASIER
6,37.88,159.37,4,4,34.91,4,EASIER
4,68.55,38.39,3,3,66.29,2,EASIER
7,69.08,104.54,1,1,66.99,5,SAME
6,35.85,83.44,3,4,24.94,4,EASIER
5,42.18,119.87,4,4,34.54,3,EASIER
3,62.11,28.65,3,2,59.45,1,SAME
5,68.96,107.66,3,1,70.77,3,SAME
7,63.4,98.56,2,2,65.12,5,EASIER
5,31.66,99.45,4,5,23.49,3,EASIER
3,86.72,27.79,1,1,91.06,1,HARDER
3,97.42,37.03,2,0,99.08,1,SAME
7,50.88,189.68,3,3,47.19,5,EASIER
5,52.17,36.39,4,3,48.61,3,EASIER
6,67.44,85.13,2,2,66.89,4,SAME
4,91.03,59.59,1,1,89.88,2,SAME
3,100.0,41.09,2,0,100.0,1,SAME
5,68.23,107.87,1,1,69.7,3,SAME
6,77.6,86.59,2,2,78.21,4,SAME
4,60.72,78.37,3,3,56.45,2,EASIER
6,63.41,58.26,1,1,61.85,4,SAME
5,74.98,27.68,1,1,71.17,3,SAME
4,71.76,33.35,3,3,66.33,2,EASIER
4,76.0,66.66,3,2,76.61,2,SAME
4,82.94,22.81,1,0,83.27,2,SAME
4,78.4,19.04,1,1,79.79,2,SAME
6,53.57,33.52,2,3,47.15,4,EASIER
4,61.27,53.7,5,3,57.78,2,EASIER
6,63.43,38.63,2,2,62.28,4,SAME
4,86.35,49.19,1,1,89.98,2,HARDER
4,74.34,32.57,3,2,65.68,2,SAME
7,57.34,73.59,4,2,57.44,5,EASIER
7,54.31,64.99,4,4,48.78,5,EASIER
5,77.73,64.24,2,2,75.04,3,SAME
4,82.33,26.66,1,0,76.7,2,SAME
6,55.93,81.79,1,3,47.11,4,EASIER
3,77.32,29.89,2,0,78.97,1,SAME
5,67.35,78.55,2,2,68.91,3,SAME
5,59.75,92.11,2,3,56.03,3,EASIER
6,47.63,89.33,5,5,44.77,4,EASIER
3,83.74,15.67,2,1,73.82,1,SAME
3,72.66,30.76,2,3,63.27,1,EASIER
4,90.86,51.73,2,1,84.17,2,SAME
3,94.86,23.06,1,0,98.13,1,HARDER
5,71.11,50.3,2,2,69.81,3,SAME
7,45.93,300.0,3,3,41.51,5,EASIER
4,75.34,20.69,1,2,75.3,2,SAME
5,61.87,74.06,2,2,58.15,3,SAME
4,78.12,62.13,1,1,80.57,2,SAME
3,95.77,21.48,1,0,100.0,1,HARDER
6,45.63,75.12,5,3,35.96,4,EASIER
4,100.0,31.47,1,0,100.0,2,EASIER
5,66.34,58.01,1,1,67.01,3,SAME
6,53.04,130.9,3,3,45.2,4,EASIER
7,53.08,100.53,2,3,44.2,5,SAME
3,67.88,99.79,4,3,63.11,1,EASIER
5,86.54,46.36,1,0,87.5,3,HARDER
7,34.54,237.28,4,4,30.61,5,EASIER
5,79.62,75.92,1,1,82.26,3,SAME
3,85.95,26.24,1,0,86.25,1,HARDER
4,98.95,75.86,1,0,99.63,2,SAME
6,57.81,35.68,2,2,62.16,4,SAME
6,12.93,102.29,4,5,6.47,4,EASIER
4,77.42,27.14,1,1,74.29,2,SAME
3,100.0,20.59,1,0,100.0,1,HARDER
4,70.99,30.28,1,2,66.65,2,SAME
4,89.3,24.16,1,2,84.99,2,SAME
6,54.22,34.72,2,2,48.14,4,EASIER
7,45.01,138.43,4,3,41.5,5,EASIER
3,95.17,24.28,2,0,99.49,1,HARDER
6,57.96,70.13,2,2,56.46,4,SAME
6,80.9,121.69,1,1,81.62,4,SAME
6,73.18,103.72,2,1,74.02,4,SAME
7,66.51,96.84,1,1,69.55,5,SAME
3,83.43,97.18,1,1,79.8,1,EASIER
6,62.97,139.22,1,1,59.76,4,SAME
3,77.11,74.2,1,1,76.82,1,EASIER
7,22.64,89.33,5,6,13.79,5,EASIER
5,82.82,65.63,1,0,80.6,3,SAME
3,93.79,14.41,1,0,94.56,1,HARDER
6,60.57,69.05,3,3,49.86,4,EASIER
6,74.1,60.53,2,1,75.72,4,SAME
5,53.94,255.5,2,3,47.12,3,EASIER
4,91.7,27.44,2,2,82.81,2,SAME
3,72.07,22.53,1,2,72.23,1,SAME
7,61.76,50.72,4,2,59.18,5,SAME
3,89.12,31.7,1,1,89.25,1,HARDER
7,27.25,68.57,5,5,25.36,5,EASIER
5,66.09,91.39,2,1,67.65,3,SAME
6,80.4,32.36,2,1,82.87,4,SAME
6,55.73,76.97,2,2,53.97,4,SAME
7,50.09,40.96,3,3,52.27,5,EASIER
3,78.62,20.1,1,1,78.68,1,SAME
7,53.42,95.77,3,3,44.9,5,EASIER
3,82.78,19.15,4,2,75.18,1,EASIER
7,59.16,85.27,2,3,57.35,5,EASIER
4,78.26,59.98,1,1,74.19,2,SAME
7,36.46,300.0,2,4,31.12,5,EASIER
3,90.91,29.07,1,0,92.89,1,HARDER
5,76.03,37.89,2,2,72.1,3,HARDER
5,65.41,59.87,4,1,60.64,3,EASIER
7,51.55,92.33,1,3,43.79,5,EASIER
3,83.7,37.14,1,0,82.85,1,SAME
3,100.0,28.42,1,0,100.0,1,HARDER
6,61.48,36.1,3,2,54.85,4,SAME
3,83.36,40.75,2,0,89.71,1,SAME
6,60.33,135.57,3,3,57.56,4,EASIER
3,55.38,48.63,2,2,53.67,1,SAME
7,49.41,84.52,4,3,44.82,5,EASIER
5,83.03,67.32,4,2,80.44,3,EASIER
7,56.83,58.72,2,1,56.59,5,SAME
3,93.08,24.44,1,0,93.62,1,HARDER
4,72.79,45.79,2,0,77.03,2,SAME
5,66.49,42.33,1,1,69.01,3,SAME
3,77.21,29.11,2,2,75.02,1,SAME
3,92.71,26.94,2,1,89.22,1,HARDER
4,90.23,30.76,1,1,86.18,2,HARDER
6,53.41,169.59,1,3,49.07,4,EASIER
6,49.05,72.59,3,3,44.01,4,EASIER
3,83.14,26.52,1,2,82.11,1,SAME
3,91.83,13.02,1,0,97.15,1,HARDER
6,65.79,107.41,1,2,63.93,4,SAME
4,69.24,30.37,3,2,64.35,2,SAME
6,46.95,134.89,2,3,38.83,4,EASIER
4,100.0,20.52,1,0,99.74,2,HARDER
4,72.61,46.53,3,3,69.05,2,EASIER
4,78.25,13.63,1,2,72.47,2,SAME
4,53.23,50.76,4,2,50.36,2,EASIER
6,37.77,74.88,5,5,34.18,4,EASIER
5,81.87,70.68,2,1,79.18,3,SAME
6,65.6,60.02,4,3,60.73,4,EASIER
3,76.03,16.39,2,1,77.04,1,SAME
5,65.18,46.78,2,2,67.04,3,SAME
5,58.15,63.78,1,1,58.9,3,SAME
7,41.97,153.35,1,2,34.77,5,EASIER
5,77.72,67.41,1,1,80.71,3,SAME
3,86.54,16.48,1,0,84.7,1,HARDER
6,55.55,213.22,1,2,51.22,4,EASIER
3,84.23,28.99,1,1,78.89,1,SAME
7,59.53,79.78,2,2,55.11,5,SAME
4,70.76,46.38,3,2,68.79,2,SAME
6,80.52,93.68,1,0,77.13,4,SAME
6,84.62,74.85,3,2,81.21,4,SAME
5,65.23,50.17,1,2,57.61,3,SAME
5,53.5,94.44,2,3,50.82,3,EASIER
3,100.0,53.93,1,0,98.75,1,EASIER
3,89.37,10.1,1,0,90.13,1,HARDER
6,73.0,155.49,1,1,69.86,4,SAME
7,36.56,113.22,3,4,31.19,5,EASIER
7,36.11,127.42,3,3,29.27,5,EASIER
4,76.84,71.73,3,1,72.02,2,SAME
4,70.24,10.91,1,0,70.6,2,SAME
4,98.38,55.73,1,1,100.0,2,SAME
6,45.07,159.75,5,5,32.44,4,EASIER
6,55.45,57.32,2,4,46.18,4,EASIER
6,73.14,39.72,3,2,73.15,4,SAME
7,49.05,273.76,2,3,44.67,5,EASIER
4,74.8,16.64,2,0,75.27,2,SAME
6,62.45,101.94,2,3,64.33,4,EASIER
5,38.69,96.24,3,3,33.05,3,EASIER
7,39.17,139.02,2,3,31.74,5,EASIER
4,84.61,49.55,2,1,80.55,2,SAME
3,92.43,22.22,1,0,95.71,1,HARDER
4,99.38,47.23,1,0,94.11,2,EASIER
6,74.38,56.73,1,1,69.81,4,SAME
7,35.85,81.69,3,3,29.95,5,EASIER
7,37.48,114.19,3,4,26.81,5,EASIER
3,74.02,12.6,2,2,68.24,1,SAME
5,48.06,77.18,4,3,46.97,3,EASIER
3,91.71,8.29,1,1,87.16,1,HARDER
4,82.52,45.07,3,1,75.4,2,SAME
7,39.38,143.67,5,4,33.26,5,EASIER
7,55.89,72.64,4,2,46.31,5,EASIER
3,87.46,14.44,2,0,91.21,1,HARDER
3,71.39,20.85,3,2,66.73,1,SAME
6,31.16,114.36,4,4,23.37,4,EASIER
5,83.08,68.82,1,1,81.03,3,SAME
5,68.96,33.46,2,1,69.66,3,SAME
7,57.19,118.64,3,3,51.01,5,EASIER
7,54.98,129.19,1,2,44.78,5,EASIER
7,72.83,126.24,2,2,67.11,5,SAME
6,81.02,49.09,2,1,81.38,4,SAME
7,45.61,121.92,2,3,37.38,5,EASIER
6,62.61,132.15,2,2,58.07,4,SAME
7,21.68,150.08,4,5,14.14,5,EASIER
5,52.93,71.1,3,3,45.87,3,EASIER
3,78.24,51.93,1,1,77.77,1,EASIER
7,48.5,122.72,2,3,41.77,5,EASIER
7,46.0,70.79,3,4,44.81,5,EASIER
4,75.45,25.62,1,1,76.92,2,SAME
5,50.27,63.28,5,3,45.49,3,EASIER
5,53.17,28.47,2,3,53.18,3,EASIER
6,80.92,69.76,1,1,80.16,4,SAME
6,56.52,104.39,1,3,52.91,4,EASIER
4,73.04,65.89,2,2,71.7,2,SAME
7,51.33,48.28,2,3,47.51,5,EASIER
7,73.82,118.21,1,2,72.87,5,SAME
7,52.39,107.91,2,4,47.17,5,EASIER
5,78.95,59.09,3,2,76.95,3,SAME
3,86.81,26.63,2,2,89.12,1,SAME
7,52.71,110.08,1,3,52.79,5,EASIER
3,78.94,46.45,2,1,73.94,1,SAME
3,88.04,43.49,1,0,87.89,1,SAME
4,72.79,104.06,3,1,70.84,2,EASIER
3,91.85,24.88,1,0,86.33,1,HARDER
6,67.56,66.23,1,1,71.12,4,SAME
5,54.59,35.92,3,2,48.7,3,EASIER
4,89.25,29.77,1,0,91.91,2,HARDER
3,71.37,34.36,3,2,63.79,1,SAME
4,67.53,57.16,2,1,65.24,2,SAME
6,55.93,116.51,1,3,50.41,4,EASIER
6,74.28,58.04,2,1,75.18,4,SAME
4,67.66,27.88,1,1,66.5,2,SAME
3,85.51,59.71,2,2,84.98,1,EASIER
5,77.23,38.42,1,1,76.12,3,HARDER
6,35.84,171.28,4,4,28.08,4,EASIER
3,74.72,29.93,2,1,70.7,1,SAME
6,56.2,56.02,3,3,54.09,4,EASIER
3,84.09,14.76,1,1,79.56,1,SAME
4,56.65,27.49,4,3,51.68,2,EASIER
6,58.34,101.89,4,4,48.78,4,EASIER
3,74.3,16.68,3,2,71.48,1,SAME
4,66.81,78.9,3,2,65.36,2,EASIER
3,81.18,22.79,1,1,79.01,1,SAME
4,93.76,52.82,1,1,86.58,2,SAME
6,80.94,113.18,1,1,81.79,4,SAME
4,54.93,81.44,5,3,49.09,2,EASIER
3,84.7,20.57,4,3,85.93,1,EASIER
4,77.86,39.94,1,1,77.68,2,SAME
3,100.0,13.4,1,0,100.0,1,HARDER
6,51.47,86.52,3,4,39.3,4,EASIER
7,35.98,208.47,3,4,28.15,5,EASIER
3,100.0,27.56,1,0,100.0,1,HARDER
6,22.73,272.96,5,5,15.13,4,EASIER
4,65.64,48.51,2,2,57.9,2,SAME
3,70.04,19.66,1,3,62.05,1,EASIER
6,54.34,103.93,3,3,49.97,4,EASIER
4,72.71,19.1,1,1,70.87,2,SAME
5,91.72,39.05,2,1,84.19,3,HARDER
5,82.14,31.75,3,1,85.39,3,SAME
5,22.97,58.46,4,4,16.95,3,EASIER
3,93.99,24.34,3,2,93.69,1,SAME
4,66.08,66.95,2,2,66.89,2,SAME
6,83.77,77.88,1,1,80.18,4,SAME
7,46.65,64.85,5,4,41.09,5,EASIER
3,95.75,50.04,2,0,94.32,1,EASIER
5,96.79,13.5,1,0,99.22,3,HARDER
7,36.07,114.37,3,4,32.64,5,EASIER
4,72.17,42.09,1,1,68.55,2,SAME
5,71.91,57.71,3,2,66.72,3,SAME
7,54.43,147.09,2,3,46.97,5,EASIER
7,62.88,118.96,2,1,63.17,5,SAME
6,43.2,106.33,4,3,37.53,4,EASIER
6,79.74,59.95,1,2,73.09,4,HARDER
6,48.75,38.4,2,2,47.0,4,EASIER
4,100.0,37.18,1,1,94.97,2,HARDER
7,83.16,64.01,2,0,80.39,5,SAME
3,70.15,18.08,1,2,66.42,1,SAME
3,100.0,41.92,1,0,100.0,1,SAME
6,28.7,184.36,3,5,21.86,4,EASIER
7,47.66,208.78,3,3,44.41,5,EASIER
7,18.36,188.72,5,6,6.33,5,EASIER
6,74.85,84.6,1,2,74.49,4,EASIER
4,68.39,61.24,1,1,66.47,2,SAME
4,87.93,44.91,1,0,90.01,2,HARDER
5,67.41,152.09,1,1,64.48,3,EASIER
4,81.07,24.68,1,0,75.9,2,SAME
5,72.11,80.91,2,1,74.98,3,SAME
3,71.22,14.24,1,2,64.39,1,SAME
4,89.67,52.27,1,0,87.28,2,SAME
7,38.55,43.89,4,4,35.07,5,EASIER
6,45.96,43.63,2,2,45.49,4,EASIER
3,97.47,14.13,1,0,99.08,1,HARDER
4,76.77,42.78,1,1,68.53,2,SAME
4,61.86,44.89,4,3,55.31,2,EASIER
4,81.02,120.22,1,0,80.04,2,EASIER
6,62.24,78.2,2,2,56.87,4,SAME
7,57.95,170.64,1,2,52.17,5,SAME
6,61.91,89.15,3,2,62.02,4,SAME
5,72.08,81.57,1,0,74.96,3,SAME
3,100.0,26.65,1,0,97.49,1,SAME
3,100.0,40.78,1,0,100.0,1,SAME
7,35.56,63.1,4,5,24.51,5,EASIER
6,49.84,22.97,3,2,50.42,4,EASIER
5,75.82,71.31,2,2,70.34,3,SAME
5,67.42,23.73,5,3,60.23,3,EASIER
7,58.72,228.93,2,3,58.98,5,EASIER
7,46.12,83.08,2,2,44.69,5,EASIER
3,86.79,15.75,1,1,79.99,1,HARDER
4,67.23,135.21,1,1,64.62,2,EASIER
3,100.0,24.8,1,0,99.32,1,HARDER
4,81.66,34.43,2,1,74.54,2,SAME
6,48.86,120.98,2,3,39.42,4,EASIER
4,77.77,55.75,1,1,75.68,2,SAME
3,57.29,41.5,4,3,55.65,1,EASIER
5,72.6,29.98,1,2,73.33,3,SAME
5,81.82,75.63,1,0,87.93,3,SAME
6,35.18,70.4,5,4,29.85,4,EASIER
3,84.02,16.59,2,1,81.59,1,SAME
4,73.34,38.87,3,2,71.97,2,SAME
6,48.99,31.97,1,2,46.98,4,EASIER
6,47.22,132.51,1,2,41.76,4,EASIER
7,50.73,95.59,2,2,48.7,5,EASIER
7,46.2,86.34,2,4,40.68,5,EASIER
7,46.53,103.9,4,3,47.42,5,EASIER
5,73.18,53.38,1,1,70.43,3,SAME
7,63.16,208.55,1,2,59.68,5,SAME
5,75.5,33.72,2,1,70.18,3,SAME
7,65.47,90.94,2,2,57.32,5,SAME
4,78.19,34.32,1,2,74.45,2,SAME
5,74.58,34.23,1,1,77.5,3,SAME
6,91.52,89.08,1,0,90.54,4,HARDER
4,72.47,27.04,1,1,70.59,2,SAME
3,97.35,13.38,1,0,99.7,1,HARDER
7,57.15,149.2,3,2,57.25,5,SAME
5,69.88,124.75,2,1,67.03,3,EASIER
7,72.6,114.99,1,1,71.99,5,SAME
4,84.0,36.2,1,1,81.6,2,SAME
7,40.31,104.65,5,4,30.97,5,EASIER
6,72.45,62.7,1,0,68.72,4,SAME
6,28.01,150.68,4,4,24.18,4,EASIER
6,67.28,86.11,1,2,66.99,4,SAME
4,60.29,13.65,2,2,52.62,2,SAME
7,47.69,215.28,3,3,44.46,5,EASIER
7,52.34,188.36,2,3,51.57,5,EASIER
6,71.07,112.12,2,1,72.15,4,SAME
7,22.48,24.95,5,4,14.34,5,EASIER
7,43.09,111.82,4,4,37.9,5,EASIER
6,53.58,130.49,3,3,49.58,4,EASIER
5,77.17,69.99,4,2,71.82,3,EASIER
7,59.81,125.25,1,2,60.88,5,SAME
3,75.96,37.24,2,1,76.05,1,SAME
5,49.02,62.14,5,5,48.04,3,EASIER
7,44.86,215.83,5,4,36.27,5,EASIER
7,71.61,122.32,1,1,70.57,5,SAME
4,77.06,39.5,3,1,78.91,2,SAME
3,86.46,37.19,1,1,78.57,1,SAME
4,74.58,31.51,2,2,72.45,2,SAME
7,65.41,61.59,3,3,55.23,5,EASIER
5,65.38,58.11,2,3,55.65,3,EASIER
3,83.92,32.51,1,1,81.1,1,SAME
3,70.51,37.74,1,1,71.83,1,SAME
4,65.2,58.86,1,2,61.1,2,SAME
4,96.51,36.79,1,0,93.74,2,HARDER
3,67.72,23.16,1,1,67.22,1,SAME
5,87.71,43.27,2,1,88.04,3,HARDER
5,66.57,65.64,2,1,66.52,3,SAME
3,94.05,12.04,1,0,89.04,1,HARDER
4,88.65,38.41,2,0,89.68,2,HARDER
6,45.93,300.0,1,2,46.05,4,EASIER
7,41.59,49.35,5,4,35.84,5,EASIER
7,43.94,121.99,2,3,40.96,5,EASIER
5,69.0,69.93,1,2,69.91,3,SAME
3,94.31,31.32,1,1,89.61,1,HARDER
7,46.58,66.13,4,4,40.19,5,EASIER
7,57.07,148.34,2,2,50.81,5,SAME
4,100.0,29.56,1,1,97.54,2,HARDER
5,48.15,28.61,5,4,39.15,3,EASIER
3,100.0,38.19,1,1,98.67,1,SAME
7,45.75,160.89,3,3,46.22,5,EASIER
6,76.64,49.61,1,2,72.81,4,SAME
3,98.06,19.63,1,0,98.51,1,HARDER
6,64.44,60.65,1,1,67.43,4,SAME
5,79.31,25.71,1,2,74.1,3,SAME
5,37.9,84.59,4,3,32.24,3,EASIER
4,83.8,55.34,1,1,82.15,2,SAME
7,63.77,93.43,1,1,61.04,5,EASIER
5,82.92,57.2,1,1,85.4,3,SAME
7,47.06,119.22,3,4,38.06,5,EASIER
3,100.0,27.87,1,0,99.24,1,HARDER
5,58.32,29.77,1,2,58.85,3,SAME
4,70.29,47.81,1,1,69.24,2,SAME
7,31.47,59.02,4,4,23.26,5,EASIER
5,60.7,81.27,3,3,54.8,3,EASIER
6,47.43,47.13,3,3,44.16,4,EASIER
3,70.11,14.02,2,2,62.33,1,SAME
6,43.45,80.81,4,3,42.83,4,EASIER
3,73.8,24.44,1,2,70.95,1,SAME
4,73.85,39.9,3,1,73.88,2,SAME
4,87.37,24.98,1,1,84.99,2,HARDER
3,61.85,27.36,3,2,58.5,1,SAME
5,78.85,67.19,2,1,78.03,3,SAME
4,60.11,65.72,2,2,58.35,2,SAME
5,63.62,63.56,2,3,64.06,3,EASIER
6,65.48,60.04,2,2,64.02,4,SAME
3,83.72,13.73,2,1,83.52,1,SAME
6,45.81,37.0,2,3,40.71,4,EASIER
4,81.4,44.23,2,0,83.75,2,SAME
4,82.1,55.17,1,1,79.49,2,SAME
5,83.84,37.33,3,3,80.77,3,EASIER
6,75.61,93.64,1,2,72.87,4,SAME
6,72.18,74.9,3,2,65.8,4,SAME
3,64.88,34.42,3,2,63.94,1,SAME
5,43.16,89.05,3,3,36.23,3,EASIER
4,98.58,13.1,1,0,100.0,2,HARDER
4,85.93,61.73,1,1,85.75,2,SAME
7,74.79,128.5,2,1,74.82,5,SAME
3,100.0,19.74,1,0,94.99,1,HARDER
5,74.75,45.21,3,2,77.61,3,SAME
5,53.94,58.92,5,3,46.25,3,EASIER
4,67.58,29.99,2,2,58.04,2,SAME
6,30.88,50.37,5,4,25.4,4,EASIER
5,33.71,40.86,4,5,20.25,3,EASIER
6,57.24,47.74,2,1,56.13,4,SAME
4,81.2,71.56,1,1,78.81,2,SAME
7,54.62,115.46,2,2,46.17,5,EASIER
6,55.57,264.59,1,2,51.51,4,EASIER
4,60.01,45.24,1,2,57.56,2,SAME
7,61.79,154.39,1,1,64.01,5,SAME
7,65.82,62.8,3,2,60.34,5,SAME
5,61.25,52.06,2,2,61.6,3,SAME
3,74.16,25.82,1,1,75.51,1,SAME
5,59.69,42.31,1,3,54.04,3,EASIER
6,49.04,64.39,3,3,42.42,4,EASIER
4,72.19,46.3,2,1,67.5,2,SAME
3,84.63,30.4,2,1,83.65,1,SAME
5,85.45,29.92,1,1,82.21,3,HARDER
7,36.84,130.73,3,3,31.7,5,EASIER
4,77.36,49.28,1,1,77.2,2,SAME
5,30.91,43.3,5,5,26.07,3,EASIER
3,82.21,18.37,3,1,81.16,1,SAME
6,56.95,103.16,2,3,49.86,4,EASIER
7,60.29,27.55,1,1,56.11,5,SAME
6,84.25,82.09,1,1,79.02,4,EASIER
5,72.25,130.25,1,1,74.58,3,EASIER
3,100.0,8.0,2,1,98.19,1,HARDER
5,82.75,87.16,1,2,82.78,3,SAME
7,55.06,150.69,1,2,56.48,5,SAME
3,77.59,13.18,1,2,70.84,1,SAME
4,67.27,48.53,3,3,68.36,2,EASIER
7,67.58,193.31,1,2,67.32,5,SAME
5,61.58,32.4,1,1,62.5,3,SAME
3,83.21,18.25,1,1,84.07,1,SAME
3,80.71,25.29,1,1,82.11,1,SAME
5,69.35,94.1,1,1,68.14,3,SAME
5,67.27,44.37,3,2,61.07,3,SAME
7,37.08,109.46,5,4,31.39,5,EASIER
7,64.86,77.96,1,1,58.62,5,SAME
5,61.52,58.71,1,2,55.63,3,SAME
5,81.58,97.37,1,1,76.91,3,SAME
7,73.37,118.65,1,1,70.22,5,SAME
6,46.3,68.09,4,4,39.04,4,EASIER
4,74.1,37.42,1,0,68.34,2,SAME
6,71.92,54.08,2,2,66.66,4,SAME
6,84.67,48.89,1,1,83.28,4,SAME
4,85.82,66.9,1,2,78.23,2,SAME
7,42.07,273.43,1,2,37.26,5,EASIER
4,65.3,16.37,2,1,64.81,2,SAME
5,74.66,77.37,2,1,67.39,3,SAME
5,57.31,88.73,1,3,51.11,3,EASIER
6,54.63,43.67,1,1,53.31,4,EASIER
7,44.31,86.61,4,3,42.95,5,EASIER
4,94.26,28.97,2,0,98.93,2,HARDER
4,92.26,92.85,1,0,93.91,2,EASIER
6,51.25,193.64,3,3,51.99,4,EASIER
7,19.02,67.79,4,5,17.75,5,EASIER
7,28.97,50.56,2,4,24.39,5,EASIER
6,50.84,122.57,3,2,45.87,4,EASIER
6,66.27,108.81,4,3,61.07,4,EASIER
6,47.22,156.58,2,3,42.73,4,EASIER
7,44.49,62.88,5,4,40.32,5,EASIER
3,92.64,34.5,1,0,87.62,1,SAME
5,70.69,40.38,1,2,66.79,3,SAME
3,77.84,32.99,2,2,75.72,1,SAME
5,58.48,56.94,1,1,58.05,3,SAME
4,84.45,92.84,1,0,84.44,2,EASIER
4,69.08,46.89,2,2,62.64,2,SAME
7,58.34,94.38,3,2,55.24,5,SAME
6,67.03,88.1,1,1,62.74,4,SAME
5,59.74,55.18,3,2,53.34,3,SAME
7,39.74,59.7,1,2,42.08,5,EASIER
3,90.46,58.88,1,1,83.36,1,EASIER
6,53.11,188.3,3,3,48.8,4,EASIER
3,96.85,23.11,2,1,97.55,1,HARDER
4,73.52,52.8,1,1,74.86,2,SAME
3,89.93,62.29,1,1,89.16,1,EASIER
5,49.48,106.99,5,3,44.74,3,EASIER
6,55.96,69.89,1,2,56.36,4,SAME
6,56.11,78.33,2,2,53.16,4,SAME
5,56.95,24.79,2,3,55.97,3,EASIER
7,18.16,170.84,5,5,14.36,5,EASIER
4,70.23,68.15,2,3,65.13,2,EASIER
3,80.9,43.6,1,0,84.71,1,SAME
3,82.08,34.15,2,2,75.21,1,SAME
3,89.55,29.24,2,1,90.55,1,HARDER
5,69.51,35.39,3,2,60.81,3,SAME
5,84.86,67.95,1,0,88.19,3,SAME
7,32.08,79.38,5,4,33.3,5,EASIER
3,76.81,31.58,2,2,74.39,1,SAME
4,56.46,26.54,3,3,52.74,2,EASIER
7,39.77,148.6,5,4,38.84,5,EASIER
3,99.14,45.05,1,0,98.88,1,SAME
5,75.83,69.9,3,2,65.31,3,SAME
3,86.14,28.93,2,2,83.99,1,SAME
5,55.21,91.14,3,3,48.03,3,EASIER
7,29.5,293.93,2,5,21.62,5,EASIER
4,69.25,36.13,1,1,64.51,2,SAME
4,54.58,48.54,2,2,56.22,2,EASIER
5,83.14,122.55,1,2,81.62,3,EASIER
6,43.48,116.13,5,4,36.36,4,EASIER
7,74.7,37.61,3,3,72.01,5,EASIER
3,88.67,18.18,1,0,88.5,1,HARDER
5,75.54,84.12,1,2,77.21,3,SAME
6,73.98,66.59,1,1,74.01,4,SAME
3,94.78,47.46,1,1,97.64,1,SAME
7,40.53,300.0,1,2,35.79,5,EASIER
4,76.54,28.79,2,1,75.7,2,SAME
5,71.48,34.79,3,2,71.72,3,SAME
7,52.49,91.99,5,3,48.69,5,EASIER
6,45.93,65.95,3,3,34.67,4,EASIER
7,39.41,258.7,3,3,34.18,5,EASIER
6,71.01,47.86,1,1,66.57,4,SAME
4,65.69,53.87,3,2,66.43,2,SAME
6,67.18,168.75,2,1,67.81,4,EASIER
6,77.6,125.55,3,2,77.63,4,SAME
4,80.34,46.65,2,2,74.85,2,SAME
3,81.41,23.26,1,0,78.8,1,SAME
6,29.72,214.47,3,4,19.83,4,EASIER
5,48.19,51.37,5,3,42.75,3,EASIER
6,62.2,134.27,3,3,57.43,4,SAME
3,87.72,23.29,1,1,89.16,1,HARDER
5,72.85,23.31,2,1,70.52,3,SAME
7,84.5,96.69,1,2,78.65,5,SAME
7,70.13,102.86,1,2,70.01,5,SAME
7,35.62,103.58,5,4,26.73,5,EASIER
4,69.2,27.86,1,3,68.23,2,EASIER
3,98.21,33.03,1,0,100.0,1,HARDER
5,81.1,83.54,1,0,79.66,3,SAME
5,79.08,49.85,2,2,68.41,3,SAME
4,70.22,32.78,1,2,67.82,2,SAME
3,89.65,15.66,1,1,89.39,1,HARDER
3,96.14,28.0,1,0,96.03,1,HARDER
4,51.09,72.62,3,3,49.38,2,EASIER
6,64.58,167.94,1,1,62.96,4,EASIER
3,100.0,19.15,1,0,96.98,1,HARDER
3,73.09,60.64,2,1,68.85,1,EASIER
4,95.65,32.05,1,0,94.35,2,HARDER
7,42.3,64.38,4,3,37.03,5,EASIER
7,50.06,53.32,3,3,44.12,5,EASIER
5,80.83,34.05,2,1,79.12,3,SAME
3,82.17,29.0,1,0,78.75,1,SAME
3,75.78,22.29,1,0,81.13,1,SAME
7,39.08,79.36,4,4,31.72,5,EASIER
5,80.61,38.13,1,1,76.02,3,SAME
3,93.85,15.42,1,1,93.17,1,HARDER
7,52.47,68.96,3,3,46.35,5,EASIER
5,65.78,95.88,1,1,63.22,3,SAME
4,78.17,88.69,2,2,75.88,2,EASIER
5,61.8,146.01,2,3,57.72,3,EASIER
4,78.64,52.48,4,2,71.91,2,EASIER
7,72.78,85.64,1,0,74.77,5,SAME
6,75.71,57.94,1,2,72.34,4,SAME
3,87.21,35.0,1,1,84.05,1,SAME
6,66.08,72.14,1,1,69.14,4,SAME
3,66.11,30.03,4,3,63.18,1,EASIER
5,65.6,150.81,2,1,60.95,3,EASIER
6,79.98,91.79,1,1,76.76,4,SAME
3,70.36,68.89,1,2,65.81,1,EASIER
6,57.49,45.64,2,2,57.24,4,SAME
4,97.0,46.89,1,0,94.93,2,HARDER
6,62.56,96.53,1,2,57.78,4,SAME
5,60.69,35.63,2,3,52.98,3,EASIER
3,93.89,35.72,2,1,94.67,1,SAME
6,67.54,181.77,1,1,65.28,4,EASIER
4,80.91,107.0,1,1,76.31,2,EASIER
7,53.46,140.14,3,3,43.03,5,EASIER
7,45.87,39.76,3,3,40.42,5,EASIER
3,89.91,30.91,1,1,85.98,1,HARDER
6,46.94,120.61,4,3,41.36,4,EASIER
4,73.42,34.02,2,2,73.81,2,SAME
6,58.58,91.71,2,3,58.57,4,EASIER
5,60.34,45.66,2,2,54.47,3,SAME
4,78.5,35.69,1,1,74.03,2,SAME
6,39.6,139.19,4,3,35.15,4,EASIER
4,53.65,73.0,2,2,52.52,2,EASIER
7,62.62,56.03,2,1,63.61,5,SAME
7,65.93,84.76,1,1,69.31,5,SAME
3,100.0,12.33,1,0,100.0,1,HARDER
6,45.0,213.29,1,2,41.59,4,EASIER
7,32.4,180.02,3,4,24.89,5,EASIER
3,93.29,10.26,2,1,89.16,1,HARDER
6,49.69,79.29,2,3,46.47,4,EASIER
7,34.47,95.97,5,5,33.26,5,EASIER
4,53.29,26.64,5,3,49.0,2,EASIER
5,83.73,96.87,2,1,88.29,3,SAME
6,57.86,138.89,2,2,58.66,4,SAME
4,82.96,43.13,1,1,74.91,2,SAME
4,72.4,28.11,3,2,71.4,2,SAME
4,74.51,28.22,1,1,66.96,2,SAME
4,71.32,38.79,2,1,72.01,2,SAME
6,43.88,64.65,3,3,37.79,4,EASIER
4,91.12,37.9,1,1,89.86,2,HARDER
4,90.67,49.4,1,0,88.26,2,HARDER
7,39.69,48.56,3,3,36.92,5,EASIER
5,74.15,39.85,1,2,77.72,3,SAME
7,64.73,109.96,1,2,69.17,5,SAME
6,18.5,185.06,5,5,8.51,4,EASIER
7,49.62,177.54,3,3,44.9,5,EASIER
3,71.21,24.96,2,1,72.81,1,SAME
7,35.18,139.46,2,3,31.22,5,EASIER
7,63.64,105.97,1,2,59.16,5,SAME
3,95.42,40.38,1,0,98.37,1,SAME
4,93.19,46.59,1,0,91.98,2,HARDER
5,77.97,109.23,1,2,76.15,3,SAME
5,41.49,29.65,5,4,37.64,3,EASIER
6,90.32,53.92,1,0,91.06,4,HARDER
6,69.69,94.58,1,2,64.43,4,SAME
4,59.01,47.92,3,2,56.07,2,SAME
6,43.34,285.69,4,5,37.89,4,EASIER
7,38.19,41.82,5,5,29.91,5,EASIER
5,99.35,57.06,1,0,100.0,3,HARDER
7,80.02,107.34,1,0,81.93,5,SAME
6,50.77,92.8,3,3,48.96,4,EASIER
7,14.48,288.05,4,5,6.75,5,EASIER
7,45.03,180.56,2,3,38.29,5,EASIER
3,50.54,12.24,3,4,45.75,1,EASIER
7,30.68,258.37,4,4,23.79,5,EASIER
3,98.9,48.86,1,0,95.61,1,SAME
7,40.89,129.27,4,4,30.55,5,EASIER
7,68.27,46.38,1,0,69.43,5,SAME
4,92.49,35.39,1,0,88.39,2,HARDER
3,100.0,30.8,1,1,100.0,1,HARDER
5,75.86,94.99,1,2,71.14,3,SAME
4,81.6,16.53,1,1,75.16,2,SAME
5,56.72,39.64,3,3,56.94,3,EASIER
3,99.37,40.75,2,0,98.91,1,SAME
3,81.59,48.77,1,1,80.63,1,SAME
5,89.27,71.78,2,0,86.42,3,HARDER
6,47.01,149.0,3,3,46.01,4,EASIER
4,74.08,47.07,1,2,70.44,2,SAME
4,86.96,59.75,1,0,80.91,2,SAME
3,92.57,26.67,1,1,90.22,1,HARDER
4,57.99,47.62,2,2,56.86,2,SAME
4,70.68,21.4,4,3,63.81,2,EASIER
4,62.52,53.36,1,2,55.15,2,SAME
4,96.95,21.09,2,1,94.66,2,HARDER
4,60.15,53.33,2,2,63.03,2,SAME
6,45.24,65.26,5,4,43.46,4,EASIER
4,82.39,45.22,2,1,84.74,2,SAME
6,80.6,49.96,1,1,82.21,4,SAME
6,54.21,63.11,1,2,50.7,4,EASIER
6,74.36,99.29,1,2,69.72,4,SAME
5,63.13,84.25,1,2,60.95,3,SAME
7,44.45,203.29,3,3,42.38,5,EASIER
4,62.7,22.13,1,2,56.0,2,SAME
7,54.76,49.42,3,4,48.14,5,EASIER
4,98.38,24.03,1,0,100.0,2,HARDER
3,79.88,15.56,2,1,80.53,1,SAME
7,51.93,263.07,1,3,50.4,5,EASIER
7,46.16,232.51,3,3,34.2,5,EASIER
3,86.74,16.04,2,1,86.05,1,HARDER
5,46.23,135.24,2,3,42.07,3,EASIER
5,59.47,109.32,1,2,52.88,3,SAME
4,72.55,17.67,2,2,70.76,2,SAME
5,57.26,34.83,4,4,54.97,3,EASIER
6,43.79,34.6,4,4,36.95,4,EASIER
5,78.07,55.57,1,0,79.59,3,SAME
5,88.06,58.5,1,0,86.78,3,HARDER
7,37.95,112.95,4,4,33.01,5,EASIER
4,71.87,14.66,1,2,63.05,2,SAME
6,61.48,39.04,3,3,54.56,4,EASIER
4,76.09,42.94,4,3,69.34,2,EASIER
7,55.54,157.21,2,2,51.85,5,SAME
4,78.86,14.71,1,1,74.29,2,SAME
7,54.08,55.72,2,3,51.78,5,EASIER
6,53.11,139.54,2,4,50.85,4,EASIER
4,87.18,21.37,1,1,87.13,2,HARDER
6,46.81,81.38,1,3,43.37,4,EASIER
4,85.06,20.44,1,1,84.01,2,HARDER
4,80.62,56.17,1,1,82.73,2,SAME
4,93.9,14.73,1,1,88.8,2,HARDER
6,47.38,69.99,2,3,36.33,4,EASIER
4,69.67,59.12,1,1,64.35,2,SAME
5,51.25,78.45,5,3,44.93,3,EASIER
5,91.32,46.1,1,1,90.28,3,HARDER
3,88.41,18.32,1,0,90.76,1,HARDER
4,74.45,34.06,2,1,72.35,2,SAME
4,75.39,20.73,1,2,69.97,2,SAME
4,63.43,36.26,4,3,58.6,2,EASIER
7,52.39,107.05,1,2,52.21,5,EASIER
4,69.4,31.22,1,1,67.29,2,SAME
5,79.97,95.17,1,1,76.84,3,SAME
6,46.42,47.0,3,4,43.45,4,EASIER
6,70.34,33.8,2,2,73.23,4,SAME
6,69.31,62.4,1,0,70.05,4,SAME
5,80.46,61.67,2,2,75.01,3,SAME
7,30.08,105.67,4,4,21.64,5,EASIER
7,43.76,103.14,5,4,42.65,5,EASIER
4,84.09,22.38,1,1,84.82,2,SAME
3,73.73,16.15,1,1,73.51,1,SAME
4,69.08,30.21,2,2,67.59,2,SAME
7,48.41,82.22,2,3,42.7,5,EASIER
7,38.98,203.76,4,4,35.43,5,EASIER
6,44.54,94.06,3,3,43.3,4,EASIER
6,56.43,62.16,1,2,53.98,4,SAME
4,77.51,63.58,1,1,74.76,2,SAME
5,86.01,72.34,1,1,83.93,3,HARDER
3,84.37,13.66,2,0,84.22,1,SAME
5,66.83,11.66,2,2,66.87,3,SAME
3,75.44,13.86,4,1,76.72,1,EASIER
3,78.68,32.58,1,1,77.99,1,SAME
7,63.07,182.06,3,3,59.71,5,EASIER
7,67.28,45.32,3,2,64.46,5,SAME
6,55.12,115.49,2,2,44.47,4,EASIER
6,61.43,113.24,2,2,56.46,4,SAME
4,79.86,73.2,1,0,79.32,2,SAME
5,68.32,92.84,1,2,65.63,3,SAME
6,59.24,165.62,3,2,50.54,4,EASIER
5,45.49,73.86,3,3,44.48,3,EASIER
4,72.02,47.06,2,1,67.42,2,SAME
4,61.43,32.43,5,4,57.16,2,EASIER
7,67.88,175.13,2,2,63.91,5,SAME
4,98.77,20.31,1,0,100.0,2,HARDER
7,55.24,103.85,1,2,47.61,5,EASIER
6,59.03,108.58,1,2,54.28,4,SAME
7,40.83,241.28,2,3,40.22,5,EASIER
5,92.51,45.78,1,0,90.85,3,HARDER
4,65.46,59.85,4,3,56.68,2,EASIER
3,100.0,22.9,1,0,100.0,1,HARDER
5,52.78,94.54,5,3,48.08,3,EASIER
4,100.0,26.07,1,1,96.8,2,HARDER
3,87.97,34.53,1,1,88.82,1,SAME
7,39.71,106.33,3,2,34.87,5,EASIER
7,82.18,58.71,2,1,78.22,5,SAME
4,69.22,35.36,1,1,69.67,2,SAME
6,52.31,163.04,3,4,44.41,4,EASIER
5,57.07,35.02,4,3,50.12,3,EASIER
5,56.26,27.82,3,2,61.92,3,SAME
6,65.21,100.89,2,1,66.42,4,SAME
5,61.1,25.28,3,2,63.28,3,SAME
7,27.16,262.57,3,5,19.6,5,EASIER
3,73.63,49.57,1,2,68.69,1,SAME
6,48.9,140.7,4,3,40.78,4,EASIER
7,40.13,111.32,3,4,33.57,5,EASIER
7,36.77,277.48,2,3,26.4,5,EASIER
3,72.03,45.49,2,2,62.63,1,SAME
3,80.97,19.72,1,0,79.54,1,SAME
6,60.8,173.28,1,1,58.4,4,EASIER
7,35.05,68.14,3,4,28.15,5,EASIER
7,31.27,100.6,5,4,27.02,5,EASIER
7,55.04,42.14,3,3,48.53,5,EASIER
3,68.28,26.68,5,3,65.44,1,EASIER
5,57.21,50.13,3,4,51.31,3,EASIER
6,54.66,64.82,2,3,49.25,4,EASIER
6,75.79,75.23,2,3,67.71,4,EASIER
6,60.18,60.66,3,2,63.66,4,SAME
4,68.32,38.75,4,3,68.72,2,EASIER
5,79.41,109.49,2,1,77.0,3,SAME
5,88.24,34.29,1,1,90.17,3,HARDER
7,67.07,179.21,1,2,65.78,5,SAME
4,63.95,42.05,1,2,63.89,2,SAME
4,76.87,45.31,1,1,73.47,2,SAME
3,74.83,24.66,1,2,75.94,1,SAME
3,100.0,18.17,1,0,95.6,1,HARDER
7,42.4,142.73,3,3,31.81,5,EASIER
7,44.43,148.6,2,3,39.12,5,EASIER
4,87.17,26.09,1,0,85.33,2,SAME
6,69.66,40.88,2,2,68.49,4,SAME
5,74.79,60.5,2,1,68.21,3,SAME
7,51.39,168.99,2,2,48.91,5,EASIER
4,88.1,60.95,2,2,83.16,2,SAME
7,29.78,215.79,4,4,28.32,5,EASIER
4,66.64,45.25,1,2,58.96,2,SAME
6,51.43,71.51,3,3,51.36,4,EASIER
4,58.0,37.96,4,4,55.51,2,EASIER
6,62.83,42.96,3,2,59.55,4,SAME
4,87.04,27.57,2,1,87.07,2,HARDER
7,33.46,108.8,4,4,29.9,5,EASIER
6,39.21,71.38,2,3,34.54,4,EASIER
4,84.36,39.68,4,2,84.1,2,EASIER
7,65.04,52.94,1,2,60.62,5,SAME
6,47.22,45.06,1,2,47.0,4,EASIER
5,56.72,85.15,1,2,52.43,3,SAME
3,92.39,17.25,1,1,90.07,1,HARDER
7,36.24,77.48,4,4,32.72,5,EASIER
6,83.22,86.15,1,1,77.95,4,SAME
6,36.28,50.53,5,4,34.39,4,EASIER
7,40.68,204.68,3,3,35.46,5,EASIER
6,35.32,42.66,5,5,29.33,4,EASIER
4,75.41,38.03,2,2,72.51,2,SAME
4,77.61,26.73,2,1,77.81,2,SAME
3,83.53,26.8,4,2,79.15,1,EASIER
3,72.27,20.04,4,3,69.01,1,EASIER
6,56.89,81.0,3,4,49.66,4,EASIER
7,62.69,217.91,1,1,69.29,5,SAME
3,100.0,18.41,1,1,96.26,1,HARDER
5,62.33,41.1,1,2,61.95,3,SAME
3,82.69,21.72,1,2,76.78,1,SAME
5,67.25,120.31,2,3,59.45,3,EASIER
6,62.97,78.26,2,3,60.34,4,EASIER
7,26.64,219.45,4,4,10.94,5,EASIER
7,13.46,101.71,5,5,2.21,5,EASIER
4,78.59,66.47,1,1,74.07,2,SAME
7,36.89,139.84,5,4,32.49,5,EASIER
6,55.65,109.41,5,3,50.17,4,EASIER
4,77.3,19.35,2,1,70.79,2,SAME
4,70.07,18.05,3,2,66.32,2,SAME
3,66.15,40.25,3,3,61.1,1,EASIER
7,49.03,199.33,2,3,45.66,5,EASIER
4,72.07,118.59,1,1,65.16,2,SAME
4,90.21,18.9,1,1,88.49,2,SAME
5,73.76,73.77,2,1,72.57,3,SAME
3,84.55,15.85,4,2,82.45,1,EASIER
7,66.11,74.8,1,2,64.75,5,SAME
6,68.94,63.15,2,2,67.05,4,SAME
3,60.55,29.64,3,3,58.9,1,EASIER
3,86.72,18.6,2,1,88.76,1,HARDER
3,98.1,25.38,1,1,92.63,1,EASIER
7,45.12,176.26,3,3,41.38,5,EASIER
5,73.04,101.37,1,2,71.94,3,SAME
6,58.2,117.55,2,1,55.33,4,SAME
3,93.66,30.57,3,1,90.87,1,SAME
4,59.09,35.55,2,2,63.23,2,SAME
5,69.82,43.76,4,2,66.08,3,EASIER
4,87.56,48.96,1,0,90.74,2,HARDER
6,57.62,47.48,2,3,56.62,4,EASIER
7,54.33,119.51,3,3,53.86,5,EASIER
4,88.54,22.92,1,1,91.22,2,HARDER
6,38.12,80.26,4,5,31.22,4,EASIER
7,67.66,63.07,2,2,64.93,5,SAME
7,37.29,90.03,5,5,29.61,5,EASIER
3,81.42,18.51,1,1,80.66,1,SAME
3,78.97,17.54,5,2,75.97,1,EASIER
7,41.71,106.79,5,4,35.23,5,EASIER
7,39.33,29.89,5,5,27.65,5,EASIER
4,88.48,16.29,2,0,90.64,2,HARDER
5,68.09,86.34,2,2,63.15,3,SAME
5,79.2,62.39,2,2,76.8,3,SAME
6,64.88,56.29,3,2,60.39,4,SAME
6,59.73,136.07,1,1,54.9,4,SAME
4,82.29,28.14,1,1,78.31,2,SAME
7,43.98,81.66,3,3,42.61,5,SAME
3,100.0,17.64,1,1,94.12,1,HARDER
3,64.11,58.4,2,2,60.71,1,EASIER
7,44.7,127.31,4,2,43.48,5,EASIER
3,97.91,27.27,2,0,96.6,1,HARDER
7,33.07,144.41,3,4,25.25,5,EASIER
4,70.74,15.91,3,1,68.09,2,SAME
4,97.35,28.74,1,0,95.29,2,HARDER
3,85.64,30.61,1,1,80.15,1,HARDER
7,64.64,111.75,1,2,61.26,5,SAME
4,76.08,107.14,1,1,68.85,2,EASIER
3,79.6,19.7,1,1,77.64,1,SAME
5,70.12,92.51,1,1,71.21,3,SAME
3,75.08,35.79,2,1,73.52,1,SAME
6,31.58,88.32,4,4,26.86,4,EASIER
3,98.61,28.88,2,1,97.16,1,HARDER
5,74.92,50.24,2,2,70.86,3,SAME
4,79.8,15.03,1,1,77.69,2,SAME
3,84.44,29.2,1,2,84.64,1,SAME
3,84.94,30.25,1,0,86.98,1,SAME
5,67.17,77.5,1,2,65.72,3,SAME
4,79.65,39.14,1,1,82.07,2,SAME
3,78.92,38.5,1,1,80.31,1,SAME
3,97.72,17.01,1,0,95.95,1,HARDER
7,31.54,249.33,1,3,24.99,5,EASIER
6,72.22,49.06,1,2,71.04,4,SAME
6,60.28,77.53,1,2,58.24,4,SAME
7,68.99,162.32,1,1,70.53,5,SAME
3,88.11,19.88,1,0,88.25,1,HARDER
6,63.78,121.05,2,2,62.1,4,SAME
6,49.15,68.61,3,3,48.44,4,EASIER
4,98.12,40.17,1,1,92.93,2,HARDER
5,63.32,53.03,1,1,60.73,3,SAME
6,48.68,60.75,3,3,47.39,4,EASIER
6,30.6,264.35,3,4,24.47,4,EASIER
4,76.26,25.61,2,2,74.06,2,SAME
6,70.99,24.98,1,1,67.97,4,SAME
6,28.11,53.99,5,4,23.48,4,EASIER
3,78.27,26.5,1,1,76.77,1,SAME
5,36.79,48.13,5,5,28.06,3,EASIER
5,50.84,96.03,2,1,51.22,3,EASIER
4,74.67,60.29,1,1,71.28,2,SAME
3,100.0,21.7,1,0,100.0,1,HARDER
3,91.54,11.83,1,0,92.79,1,HARDER
6,48.7,42.08,3,2,46.6,4,EASIER
7,32.05,110.05,5,4,28.66,5,EASIER
5,38.86,26.74,4,4,39.69,3,EASIER
7,18.52,91.66,5,5,7.59,5,EASIER
7,36.1,243.01,2,4,27.81,5,EASIER
6,47.75,98.0,2,3,42.42,4,EASIER
5,72.32,59.33,3,1,69.2,3,SAME
7,76.8,63.52,2,2,69.87,5,SAME
6,71.84,90.13,2,2,66.03,4,SAME
7,47.29,97.28,2,2,48.95,5,EASIER
7,54.85,127.56,2,3,47.53,5,EASIER
3,87.88,34.55,2,1,88.61,1,SAME
6,70.47,130.81,1,2,65.94,4,SAME
6,85.95,87.68,1,1,84.91,4,HARDER
7,46.94,148.04,1,2,42.7,5,EASIER
4,78.65,29.87,2,1,75.45,2,SAME
7,47.76,207.63,2,2,43.95,5,EASIER
5,66.27,37.39,2,2,67.2,3,SAME
4,66.86,34.47,1,3,62.03,2,EASIER
3,72.49,43.34,1,2,69.28,1,SAME
4,84.19,30.3,3,2,82.07,2,SAME
7,72.39,53.93,1,1,75.59,5,SAME
6,43.44,66.23,3,3,38.16,4,EASIER
6,29.14,169.09,3,4,21.49,4,EASIER
7,56.31,32.49,2,2,51.56,5,EASIER
4,75.97,39.87,2,2,73.9,2,SAME
6,52.23,58.97,1,1,47.74,4,EASIER
4,99.62,35.12,2,0,96.14,2,HARDER
7,55.64,92.62,4,3,49.74,5,EASIER
5,62.3,93.31,1,2,59.88,3,SAME
7,63.16,115.33,3,3,55.74,5,EASIER
6,67.98,138.68,1,2,68.35,4,SAME
6,71.73,159.89,1,0,73.79,4,SAME
7,46.58,113.84,2,2,44.23,5,EASIER
6,76.81,68.02,1,1,78.09,4,SAME
4,100.0,45.37,1,0,100.0,2,HARDER
5,88.47,76.91,1,0,93.59,3,HARDER
5,71.13,32.77,3,1,66.47,3,SAME
3,55.39,27.77,3,2,47.15,1,EASIER
5,58.39,51.16,5,4,48.46,3,EASIER
5,54.05,47.1,5,5,47.31,3,EASIER
4,68.04,27.46,2,1,68.84,2,SAME
3,79.44,18.92,2,1,80.8,1,SAME
5,72.03,107.98,1,1,76.02,3,SAME
5,61.9,48.44,4,3,55.85,3,EASIER
3,72.8,41.59,1,2,70.5,1,SAME
6,56.11,87.78,3,3,44.87,4,EASIER
3,100.0,15.1,2,1,95.37,1,HARDER
3,74.69,27.21,4,2,74.47,1,EASIER
5,65.17,32.21,1,2,61.23,3,SAME
4,85.97,50.55,1,0,86.02,2,HARDER
7,61.31,100.01,2,2,56.45,5,SAME
3,59.34,36.58,2,1,56.01,1,SAME
4,77.44,74.54,2,2,73.28,2,SAME
6,70.17,33.26,1,2,71.41,4,SAME
4,52.74,30.6,3,3,52.78,2,EASIER
7,77.05,57.94,2,1,73.72,5,SAME
6,38.82,251.9,4,3,37.4,4,EASIER
7,32.73,88.1,5,5,29.2,5,EASIER
7,25.53,54.69,5,4,18.55,5,EASIER
3,80.8,67.75,2,1,74.67,1,EASIER
5,67.6,40.49,3,1,69.98,3,SAME
6,77.62,35.28,2,2,70.99,4,SAME
3,88.72,14.93,1,2,81.04,1,SAME
5,54.81,62.26,2,2,53.23,3,EASIER
6,61.97,83.97,2,3,55.79,4,EASIER
6,69.04,53.09,1,1,71.46,4,SAME
5,95.05,45.62,1,0,91.4,3,HARDER
7,65.92,115.29,1,2,61.61,5,SAME
6,53.71,163.23,3,2,50.33,4,EASIER
3,83.64,29.0,1,0,87.21,1,SAME
4,87.88,29.16,1,0,85.57,2,HARDER
7,32.76,98.89,4,4,25.94,5,EASIER
3,76.98,35.21,3,1,66.04,1,SAME
3,96.5,52.8,1,1,94.97,1,EASIER
4,69.85,22.61,3,1,61.52,2,SAME
7,67.65,205.55,1,2,68.53,5,SAME
6,71.3,69.69,3,1,70.21,4,SAME
3,88.5,12.14,3,2,90.42,1,SAME
4,84.68,16.14,1,0,82.93,2,SAME
7,15.16,231.74,5,5,8.01,5,EASIER
4,63.07,75.24,2,3,54.73,2,EASIER
5,54.98,43.76,5,3,50.08,3,EASIER
5,79.95,52.22,1,2,77.7,3,SAME
6,69.36,32.46,1,2,65.65,4,SAME
6,46.97,121.87,3,3,44.72,4,EASIER
7,49.14,110.28,3,2,43.1,5,EASIER
3,67.84,12.53,2,3,69.46,1,EASIER
5,62.42,64.19,2,2,60.5,3,SAME
6,67.77,39.81,1,2,60.62,4,SAME
5,76.24,76.43,2,2,73.16,3,SAME
6,66.72,46.7,3,3,60.44,4,EASIER
6,40.37,97.71,2,2,38.9,4,EASIER
4,66.52,27.96,1,2,58.46,2,SAME
3,97.87,8.72,1,1,96.11,1,HARDER
7,36.67,192.75,4,3,37.7,5,EASIER
7,55.98,198.59,2,2,53.95,5,SAME
7,49.16,84.28,2,3,39.06,5,HARDER
4,70.35,43.23,2,2,67.88,2,SAME
4,75.2,46.69,1,1,73.02,2,SAME
4,46.79,47.4,2,3,44.66,2,EASIER
3,75.37,53.88,1,1,75.19,1,EASIER
3,70.85,30.09,2,2,69.01,1,SAME
4,73.81,32.12,1,1,70.9,2,SAME
7,42.94,141.42,2,2,34.3,5,EASIER
4,73.89,31.05,1,1,73.05,2,SAME
5,67.4,34.23,2,2,61.13,3,SAME
5,65.21,106.08,3,3,63.22,3,EASIER
4,44.51,48.84,2,2,38.5,2,EASIER
7,52.66,40.61,1,2,57.93,5,EASIER
3,66.06,18.44,3,3,58.23,1,EASIER
7,41.56,169.26,1,1,40.86,5,EASIER
6,68.18,36.36,3,3,57.59,4,EASIER
4,64.78,26.67,2,3,66.01,2,EASIER
6,29.1,300.0,5,5,18.77,4,EASIER
5,47.28,49.23,4,3,43.69,3,EASIER
7,69.71,202.06,1,1,69.74,5,SAME
3,57.75,48.74,4,3,55.69,1,EASIER
3,79.87,16.69,1,1,79.96,1,SAME
5,67.3,66.17,2,2,63.82,3,SAME
7,64.42,300.0,1,2,64.04,5,EASIER
3,94.92,30.67,1,0,95.12,1,HARDER
6,25.76,280.56,4,5,13.22,4,EASIER
7,36.9,79.15,5,4,28.17,5,EASIER
5,63.97,141.18,1,1,65.68,3,EASIER
7,72.19,113.02,2,2,71.6,5,SAME
6,57.52,69.16,4,2,49.63,4,EASIER
4,75.48,51.34,2,1,72.58,2,SAME
7,37.05,105.4,5,4,27.8,5,EASIER
6,55.96,78.47,2,2,52.61,4,SAME
3,89.5,31.02,1,0,88.58,1,HARDER
5,76.32,23.7,2,1,75.09,3,SAME
6,72.73,54.13,2,2,72.68,4,SAME
7,25.94,166.06,5,4,20.04,5,HARDER
6,41.9,137.32,1,3,35.76,4,EASIER
5,83.72,69.22,1,1,84.33,3,SAME
4,76.65,43.26,1,0,77.39,2,SAME
3,91.84,29.9,2,1,88.07,1,HARDER
3,72.15,38.29,1,2,66.57,1,SAME
6,73.54,39.06,1,2,70.07,4,SAME
7,32.72,84.85,5,4,24.47,5,EASIER
3,78.06,24.19,2,1,73.29,1,SAME
6,64.26,90.79,4,2,63.72,4,EASIER
5,68.97,20.41,1,2,70.53,3,SAME
3,100.0,14.29,1,0,100.0,1,HARDER
4,100.0,37.7,2,1,98.19,2,HARDER
4,68.26,61.18,1,1,68.03,2,SAME
6,31.96,65.94,5,5,22.66,4,EASIER
4,54.21,27.78,5,4,47.8,2,EASIER
7,43.52,149.4,3,4,34.82,5,EASIER
4,68.15,32.57,5,3,66.76,2,EASIER
3,87.16,37.0,3,2,83.45,1,SAME
3,84.6,22.66,1,0,87.37,1,SAME
5,68.36,33.4,1,0,70.77,3,SAME
5,68.62,117.17,1,1,67.98,3,EASIER
6,66.47,156.04,1,1,65.97,4,EASIER
5,50.37,36.14,3,3,43.07,3,EASIER
3,75.76,29.81,1,1,71.34,1,EASIER
4,61.71,32.59,3,3,51.33,2,EASIER
5,56.31,78.8,3,2,50.86,3,SAME
4,65.89,25.18,3,3,58.82,2,EASIER
6,44.16,129.03,1,3,42.06,4,EASIER
7,29.06,214.81,4,5,24.09,5,EASIER
4,69.62,24.35,1,2,66.3,2,SAME
5,63.57,59.98,3,3,60.36,3,EASIER
7,26.67,217.28,3,4,17.6,5,EASIER
4,87.56,23.73,1,0,86.68,2,EASIER
5,61.08,41.65,3,2,53.39,3,SAME
4,98.52,51.86,1,0,97.76,2,SAME
6,52.12,75.43,4,4,45.56,4,EASIER
6,60.83,36.15,2,2,54.04,4,SAME
3,89.38,21.68,1,0,91.35,1,HARDER
3,88.2,54.38,1,0,86.08,1,EASIER
3,80.42,62.61,1,1,72.88,1,EASIER
3,87.17,18.83,1,0,84.37,1,HARDER
3,84.37,16.65,1,0,86.15,1,SAME
6,38.03,64.62,5,4,27.06,4,EASIER
7,21.96,299.03,4,5,14.76,5,EASIER
5,49.49,87.99,4,4,40.85,3,EASIER
7,30.52,248.74,4,5,20.7,5,EASIER
6,71.59,137.83,1,2,65.99,4,SAME
7,59.04,54.57,3,2,54.35,5,SAME
6,49.05,50.06,3,3,42.67,4,EASIER
3,74.4,18.34,1,1,75.34,1,SAME
5,71.55,44.79,3,2,70.54,3,SAME
5,93.69,41.46,2,1,94.64,3,HARDER
6,61.74,61.22,3,2,58.73,4,SAME
6,56.66,114.41,2,2,53.13,4,SAME
3,92.26,26.56,1,1,91.14,1,HARDER
6,51.83,154.63,3,3,48.69,4,EASIER
7,54.19,128.48,2,3,49.66,5,EASIER
3,80.05,18.5,1,1,78.23,1,SAME
5,87.35,63.67,1,1,88.95,3,HARDER
7,26.21,49.15,5,6,17.1,5,EASIER
3,93.51,8.94,2,1,92.53,1,HARDER
3,95.21,33.28,1,0,98.23,1,HARDER
7,43.87,195.09,5,4,43.58,5,EASIER
3,90.79,25.82,2,1,87.04,1,HARDER
6,23.38,66.9,4,5,15.07,4,EASIER
7,19.44,53.9,5,5,14.52,5,EASIER
5,67.02,103.34,2,1,66.74,3,SAME
5,94.09,74.01,1,0,93.26,3,HARDER
5,71.85,66.99,1,1,77.26,3,SAME
4,68.8,37.91,1,1,69.86,2,SAME
4,92.68,30.47,1,0,90.95,2,HARDER
5,94.9,33.43,1,1,90.97,3,HARDER
7,52.86,128.54,1,2,50.6,5,EASIER
7,43.09,83.51,3,3,39.73,5,EASIER
7,73.92,88.89,2,0,73.26,5,SAME
3,73.59,53.69,1,1,72.25,1,EASIER
4,65.19,37.15,2,2,63.31,2,SAME
6,51.03,22.9,2,3,46.19,4,EASIER
5,71.78,44.5,2,2,68.81,3,SAME
4,80.81,23.73,1,1,76.26,2,SAME
4,70.31,35.59,2,2,70.98,2,SAME
3,99.57,13.26,1,0,96.8,1,HARDER
4,92.28,46.59,1,1,94.96,2,HARDER
5,92.86,50.09,1,0,96.52,3,HARDER
5,63.58,45.83,3,3,57.96,3,EASIER
5,85.09,62.46,1,1,87.91,3,HARDER
4,43.36,36.66,5,3,39.84,2,EASIER
4,91.87,35.67,1,0,90.01,2,HARDER
7,64.41,99.12,2,2,62.96,5,SAME
5,61.25,57.42,2,2,56.61,3,SAME
4,90.06,44.65,1,0,88.93,2,HARDER
6,50.84,91.84,4,3,45.24,4,EASIER
5,71.57,101.32,2,1,71.44,3,SAME
5,73.39,44.25,3,3,69.66,3,EASIER
4,71.53,42.5,3,2,71.72,2,SAME
6,65.87,292.57,1,3,65.9,4,EASIER
3,77.71,24.55,1,0,79.14,1,SAME
7,46.47,111.87,2,3,45.3,5,EASIER
5,61.2,31.03,3,3,57.19,3,EASIER
5,47.49,40.75,4,3,41.22,3,EASIER
4,86.82,36.15,1,1,85.43,2,HARDER
5,71.86,75.53,1,1,71.36,3,SAME
6,50.06,114.93,3,3,50.09,4,EASIER
5,58.56,68.17,3,3,51.63,3,EASIER
3,91.74,35.76,1,0,91.41,1,SAME
5,76.92,35.37,1,1,76.02,3,SAME
4,87.23,47.82,1,0,89.45,2,HARDER
3,85.69,25.15,1,0,85.03,1,HARDER
7,35.05,119.89,2,3,29.17,5,EASIER
4,85.12,32.05,2,1,81.03,2,HARDER
5,68.4,36.19,1,1,65.2,3,SAME
3,86.07,14.56,2,1,91.06,1,HARDER
4,83.47,44.18,1,1,81.53,2,SAME
4,100.0,48.02,2,1,100.0,2,HARDER
3,60.49,23.6,1,2,58.38,1,SAME
7,55.75,111.1,1,2,51.39,5,SAME
4,88.11,27.09,1,0,92.54,2,HARDER
5,51.02,74.4,2,3,49.59,3,EASIER
5,69.35,59.77,2,3,64.75,3,EASIER
5,51.53,48.4,2,3,43.79,3,EASIER
5,67.38,89.05,2,1,66.89,3,EASIER
5,68.63,79.82,2,2,69.34,3,SAME
3,76.78,12.62,4,2,77.0,1,EASIER
6,72.79,84.12,1,1,71.94,4,SAME
3,79.3,16.32,1,1,80.75,1,SAME
5,70.25,62.15,2,2,65.6,3,SAME
4,73.45,8.64,3,2,72.86,2,SAME
5,45.47,63.95,4,3,42.11,3,EASIER
3,92.91,34.32,2,0,93.3,1,SAME
6,76.13,77.41,1,2,79.79,4,SAME
5,45.03,32.59,3,3,41.59,3,EASIER
3,87.4,59.71,1,0,82.85,1,EASIER
3,77.25,41.82,1,1,78.3,1,SAME
5,55.1,44.59,1,2,60.19,3,SAME
6,35.62,71.59,5,4,26.62,4,EASIER
5,58.78,21.75,3,3,55.15,3,EASIER
6,91.48,104.89,1,0,91.37,4,HARDER
6,56.92,40.23,2,1,57.25,4,SAME
7,31.42,161.04,5,5,22.7,5,EASIER
7,38.53,195.91,4,4,33.61,5,EASIER
7,51.88,107.79,2,3,43.7,5,EASIER
6,44.86,47.14,5,4,42.32,4,EASIER
5,58.01,107.63,2,2,54.21,3,SAME
5,57.74,58.06,2,2,61.15,3,SAME
6,49.07,86.07,3,2,49.73,4,EASIER
3,68.72,16.52,2,1,65.97,1,SAME
6,75.69,90.66,1,2,75.92,4,SAME
5,75.95,52.46,1,1,78.07,3,SAME
5,64.31,30.05,2,2,58.29,3,SAME
7,52.43,232.48,2,3,45.54,5,EASIER
6,32.29,204.68,4,4,24.84,4,EASIER
7,0.0,195.08,5,6,0.0,5,EASIER
7,37.3,179.83,3,4,32.39,5,EASIER
7,42.48,293.09,3,2,43.04,5,EASIER
4,87.63,23.23,2,1,87.3,2,HARDER
3,76.1,15.6,1,1,77.01,1,EASIER
4,77.11,31.28,1,1,76.56,2,SAME
6,62.49,95.74,3,2,60.7,4,SAME
7,32.17,95.49,3,4,20.05,5,HARDER
7,38.15,64.24,4,4,34.64,5,EASIER
6,72.96,82.24,1,2,70.63,4,SAME
6,70.97,78.07,3,2,67.93,4,SAME
7,31.25,177.15,4,4,23.4,5,EASIER
6,39.9,83.92,3,4,31.2,4,EASIER
3,80.91,10.71,1,1,79.46,1,SAME
5,94.87,70.19,2,1,94.35,3,HARDER
4,69.6,79.92,3,2,63.92,2,EASIER
6,82.84,83.24,1,0,86.46,4,SAME
6,50.99,136.99,3,2,45.86,4,EASIER
4,74.77,29.97,1,1,73.44,2,SAME
4,70.83,49.58,1,1,71.72,2,SAME
3,84.41,17.95,1,0,81.63,1,SAME
4,91.45,33.84,1,1,83.82,2,HARDER
7,34.12,98.34,3,4,27.16,5,EASIER
6,61.62,105.07,3,2,59.11,4,SAME
7,49.77,71.47,1,3,48.27,5,EASIER
7,59.17,50.41,1,3,54.05,5,EASIER
7,45.24,144.71,3,2,43.41,5,EASIER
3,95.73,30.31,1,0,100.0,1,HARDER
4,73.1,40.06,2,2,67.76,2,SAME
3,87.24,37.86,2,1,87.18,1,SAME
3,86.03,22.84,1,0,89.56,1,HARDER
4,59.32,43.37,5,3,52.48,2,EASIER
4,83.23,32.24,1,0,81.33,2,SAME
3,70.63,22.28,4,3,66.83,1,EASIER
7,62.64,134.82,1,2,56.38,5,SAME
5,37.75,178.11,5,5,26.6,3,EASIER
6,72.2,120.63,2,1,69.53,4,SAME
6,45.83,109.07,5,4,37.02,4,EASIER
7,45.67,170.72,3,4,38.31,5,EASIER
3,69.5,8.79,3,1,68.0,1,SAME
4,100.0,44.15,1,0,100.0,2,HARDER
4,91.79,58.29,2,1,91.87,2,SAME
5,65.32,60.48,1,2,62.84,3,SAME
5,76.16,56.77,2,0,72.11,3,SAME
6,76.24,50.3,2,1,69.27,4,SAME
5,67.98,46.8,3,2,63.68,3,SAME
4,83.47,25.68,1,1,84.08,2,SAME
5,59.83,95.13,2,3,60.76,3,EASIER
7,28.41,253.89,5,5,21.67,5,EASIER
5,38.15,151.15,4,4,36.83,3,SAME
5,44.4,38.08,5,3,37.25,3,EASIER
3,83.83,18.57,1,1,82.95,1,SAME
3,81.21,17.91,3,2,73.86,1,SAME
4,98.57,23.54,1,0,96.76,2,HARDER
3,70.29,16.0,3,2,70.91,1,SAME
5,65.36,44.94,2,2,60.86,3,SAME
7,57.32,180.38,3,2,51.83,5,SAME
5,70.7,40.65,1,2,64.66,3,SAME
6,33.77,141.79,1,3,31.78,4,EASIER
7,59.07,235.99,3,2,58.12,5,EASIER
6,79.6,95.1,1,0,79.64,4,SAME
6,58.56,155.38,3,3,54.19,4,EASIER
6,73.7,40.4,1,1,67.87,4,SAME
4,82.7,29.23,1,2,77.39,2,SAME
5,55.58,63.7,1,2,54.91,3,SAME
4,80.86,42.2,1,1,79.86,2,SAME
6,59.7,172.42,1,1,58.54,4,EASIER
5,61.12,35.38,3,3,58.58,3,EASIER
7,61.9,83.58,2,2,57.63,5,SAME
3,100.0,24.07,1,0,100.0,1,HARDER
3,88.72,19.85,1,1,82.91,1,HARDER
6,46.29,47.68,4,3,44.19,4,EASIER
6,86.1,64.0,1,0,87.95,4,HARDER
6,46.82,72.17,3,3,43.34,4,EASIER
4,73.24,75.03,2,1,64.52,2,SAME
3,89.86,15.88,1,1,89.66,1,HARDER
4,52.4,55.74,4,2,47.59,2,EASIER
5,61.73,108.87,2,2,63.0,3,SAME
5,58.94,45.0,3,3,51.65,3,EASIER
7,62.72,129.04,2,2,61.78,5,SAME
7,42.05,153.3,3,4,34.38,5,EASIER
6,51.1,101.54,3,3,41.62,4,EASIER
3,94.68,25.93,1,0,94.28,1,HARDER
3,70.2,18.48,3,1,70.55,1,SAME
5,50.76,80.51,3,3,45.59,3,EASIER
6,84.74,67.49,3,1,83.41,4,SAME
6,47.87,83.23,4,3,44.35,4,EASIER
4,85.79,41.27,1,0,87.61,2,HARDER
3,78.69,36.59,2,2,72.93,1,SAME
4,62.55,94.04,1,0,67.4,2,EASIER
6,35.88,55.87,5,5,26.43,4,EASIER
7,36.04,115.26,3,3,32.77,5,EASIER
7,47.56,49.87,4,5,44.24,5,EASIER
5,76.13,120.75,1,2,70.58,3,EASIER
3,95.92,25.49,1,0,97.14,1,HARDER
7,30.75,95.12,4,5,21.31,5,EASIER
3,67.54,25.59,1,1,62.72,1,SAME
4,58.44,39.88,1,2,59.52,2,SAME
7,52.97,75.16,3,3,48.56,5,EASIER
5,68.5,104.43,1,3,63.37,3,EASIER
3,74.84,33.31,1,1,72.22,1,SAME
5,66.4,85.51,3,1,63.73,3,SAME
3,99.13,18.47,1,0,94.05,1,HARDER
4,82.9,26.91,1,1,85.12,2,SAME
7,56.14,105.28,1,1,56.71,5,SAME
4,79.7,55.34,1,0,73.85,2,SAME
7,72.61,147.22,1,1,71.47,5,SAME
5,74.18,39.47,3,2,72.81,3,SAME
6,64.32,116.04,1,0,64.87,4,SAME
6,50.04,49.46,4,3,47.49,4,EASIER
5,100.0,41.8,1,0,100.0,3,HARDER
3,98.66,26.82,3,1,96.92,1,SAME
7,63.06,59.15,1,1,62.27,5,SAME
5,78.29,36.0,3,3,71.9,3,EASIER
6,44.65,183.8,4,4,45.59,4,EASIER
5,81.39,114.06,2,1,85.5,3,SAME
6,18.7,269.72,5,5,9.1,4,EASIER
4,91.01,46.96,1,1,89.46,2,HARDER
7,70.07,159.16,1,3,63.11,5,EASIER
4,55.38,35.33,5,3,54.81,2,EASIER
6,64.93,68.34,1,2,63.29,4,SAME
5,76.62,89.3,1,1,74.96,3,SAME
5,57.26,113.82,1,3,55.27,3,EASIER
3,56.47,35.48,5,4,48.45,1,EASIER
4,63.59,25.61,3,3,57.81,2,EASIER
3,98.66,29.76,1,0,96.3,1,HARDER
5,82.31,39.62,1,1,84.26,3,SAME
6,69.75,69.27,2,2,64.58,4,SAME
5,69.81,130.37,3,3,62.51,3,EASIER
6,57.36,43.94,1,2,57.12,4,SAME
4,96.06,105.31,1,2,85.97,2,EASIER
4,85.82,49.2,2,1,84.87,2,HARDER
5,61.54,46.05,1,2,59.64,3,SAME
4,92.12,39.24,1,1,92.23,2,HARDER
7,47.91,77.11,4,4,38.28,5,EASIER
7,53.19,83.13,3,3,50.95,5,EASIER
5,59.27,60.14,2,2,49.76,3,EASIER
6,48.55,69.11,4,3,42.7,4,EASIER
3,96.99,16.51,1,0,96.2,1,HARDER
3,83.15,22.65,2,2,84.77,1,SAME
4,62.19,20.49,2,2,58.87,2,SAME
4,79.76,20.9,1,1,82.77,2,SAME
4,80.64,20.8,2,1,80.89,2,SAME
5,61.76,132.65,2,3,65.07,3,EASIER
6,88.9,101.26,1,0,87.58,4,SAME
5,76.44,77.9,2,2,72.74,3,SAME
5,56.58,58.32,5,3,55.75,3,EASIER
3,91.27,31.32,1,0,94.15,1,HARDER
4,69.74,66.04,2,1,70.75,2,SAME
7,65.26,139.88,3,2,64.12,5,SAME
7,38.83,273.82,2,3,34.48,5,EASIER
3,90.66,24.59,1,0,86.38,1,HARDER
3,88.35,32.64,1,1,82.78,1,HARDER
7,43.5,164.38,1,3,40.23,5,EASIER
3,80.77,16.51,3,2,73.99,1,SAME
5,87.53,59.24,1,0,89.51,3,HARDER
7,42.61,41.06,3,3,37.57,5,EASIER
6,59.66,76.65,2,3,58.94,4,EASIER
5,67.89,50.52,1,2,66.74,3,SAME
4,100.0,32.4,1,0,97.84,2,HARDER
6,46.68,66.34,5,5,41.73,4,EASIER
6,75.41,107.01,2,2,74.31,4,SAME
7,51.4,69.11,2,3,47.36,5,EASIER
5,76.05,145.64,1,1,77.22,3,EASIER
7,42.49,152.59,1,2,37.33,5,EASIER
6,49.35,54.01,3,2,44.71,4,EASIER
3,97.64,33.34,3,2,91.95,1,SAME
4,86.65,60.65,1,1,78.95,2,SAME
6,57.97,99.35,2,3,49.4,4,EASIER
3,62.74,15.98,2,1,60.14,1,SAME
6,57.55,262.46,1,2,54.09,4,EASIER
4,78.3,51.32,1,0,80.9,2,SAME
4,93.32,21.14,1,0,88.87,2,HARDER
5,53.5,64.33,2,2,47.71,3,EASIER
7,44.79,99.33,5,4,37.81,5,EASIER
7,43.98,112.39,3,3,39.12,5,EASIER
5,65.59,32.12,1,1,66.03,3,SAME
3,84.98,25.61,2,1,78.98,1,SAME
7,82.99,71.2,1,1,86.39,5,SAME
7,70.94,92.57,1,2,67.04,5,SAME
6,64.94,100.3,2,3,65.0,4,EASIER
6,64.08,64.0,1,1,64.86,4,SAME
5,85.59,50.23,2,1,80.38,3,HARDER
3,92.94,36.01,1,1,89.27,1,SAME
3,54.28,16.83,3,3,42.72,1,EASIER
3,98.37,18.73,1,1,93.37,1,HARDER
7,44.63,56.53,4,4,37.89,5,EASIER
3,81.65,17.33,2,1,78.16,1,SAME
5,62.33,61.83,5,3,54.09,3,EASIER
4,67.78,51.32,2,3,61.58,2,EASIER
3,77.16,17.46,2,1,73.28,1,SAME
7,50.46,156.15,2,3,43.15,5,EASIER
3,94.38,26.2,1,0,94.86,1,HARDER
7,49.22,52.72,2,2,40.86,5,EASIER
6,44.35,89.79,3,4,40.79,4,EASIER
6,62.04,152.59,1,2,58.63,4,SAME
3,84.37,10.77,1,0,85.44,1,SAME
7,66.0,300.0,1,2,62.19,5,EASIER
5,47.26,42.87,2,3,41.54,3,EASIER
5,86.57,25.64,1,0,81.35,3,HARDER
6,32.85,88.12,3,4,34.94,4,EASIER
4,74.48,56.16,2,2,73.51,2,SAME
4,50.89,33.31,4,3,45.96,2,EASIER
4,38.24,43.99,5,4,33.78,2,EASIER
5,82.71,165.62,1,1,80.55,3,EASIER
6,77.04,91.26,1,0,73.68,4,SAME
4,75.14,154.37,1,0,71.93,2,EASIER
4,68.73,68.85,3,3,68.87,2,EASIER
7,54.1,115.19,1,3,48.91,5,EASIER
5,63.97,67.0,2,3,62.04,3,EASIER
7,55.17,94.1,1,3,53.06,5,EASIER
4,77.6,42.73,1,1,75.35,2,SAME
4,80.51,49.48,1,1,78.66,2,SAME
4,91.4,31.43,2,0,89.37,2,HARDER
5,76.28,29.29,2,1,75.01,3,SAME
6,38.7,163.01,5,5,33.92,4,EASIER
5,34.97,93.91,5,4,32.1,3,EASIER
4,74.68,19.52,3,2,67.38,2,SAME
7,27.49,122.94,2,3,21.92,5,EASIER
5,66.06,96.43,1,2,59.8,3,SAME
4,68.53,58.66,1,1,71.07,2,EASIER
3,78.66,18.36,2,1,77.11,1,SAME
5,70.69,94.31,1,1,70.32,3,SAME
6,64.92,82.65,1,2,61.92,4,SAME
7,60.43,138.42,1,1,56.83,5,SAME
4,85.4,24.67,1,0,91.09,2,HARDER
3,100.0,8.0,1,0,100.0,1,HARDER
7,46.84,73.32,2,4,41.88,5,EASIER
5,66.17,75.64,1,1,61.76,3,SAME
3,74.56,22.82,3,2,70.57,1,SAME
3,92.41,33.39,1,0,93.06,1,HARDER
5,73.78,100.28,1,2,69.62,3,SAME
6,68.84,69.05,4,2,63.01,4,EASIER
4,86.06,31.06,2,1,84.12,2,HARDER
4,98.85,13.6,1,0,97.4,2,HARDER
6,60.72,36.67,3,2,52.61,4,SAME
7,56.66,53.96,2,3,47.08,5,EASIER
5,33.42,76.4,3,3,29.36,3,EASIER
5,77.25,49.49,1,2,74.33,3,SAME
4,80.1,29.56,1,2,78.99,2,SAME
3,86.39,18.73,1,1,88.63,1,HARDER
3,93.53,17.68,2,0,88.61,1,HARDER
7,21.18,185.26,4,5,11.3,5,EASIER
3,87.51,26.06,3,0,82.38,1,SAME
7,56.13,192.25,2,1,59.83,5,SAME
4,65.03,13.55,4,2,61.68,2,EASIER
6,76.41,108.17,1,1,70.22,4,SAME
7,42.79,86.04,1,3,38.56,5,EASIER
6,66.69,70.84,2,2,60.34,4,SAME
6,46.42,165.7,1,3,44.44,4,EASIER
4,87.33,31.64,1,1,83.64,2,HARDER
5,54.91,73.99,2,3,49.33,3,EASIER
6,53.6,48.3,2,3,44.38,4,EASIER
5,50.28,59.05,4,3,43.97,3,EASIER
3,58.22,12.31,5,4,51.24,1,EASIER
7,36.43,108.56,5,4,30.82,5,EASIER
3,96.73,29.68,1,0,100.0,1,HARDER
7,74.3,204.69,2,3,60.43,5,EASIER
7,26.84,71.72,5,4,22.66,5,EASIER
3,90.66,19.76,1,1,87.27,1,HARDER
6,61.26,58.66,2,2,57.28,4,SAME
6,43.5,71.85,3,3,36.49,4,EASIER
4,54.57,24.16,2,4,46.58,2,EASIER
7,51.7,34.56,1,2,43.74,5,EASIER
3,83.01,15.72,1,1,84.29,1,SAME
4,78.96,37.14,1,1,76.25,2,SAME
7,46.42,103.32,1,3,47.37,5,EASIER
6,56.62,109.27,2,2,56.39,4,SAME
3,65.29,36.37,4,2,64.56,1,EASIER
3,72.23,20.47,2,2,76.59,1,SAME
4,91.45,18.03,1,0,89.84,2,HARDER
3,69.93,29.91,1,1,70.72,1,SAME
3,64.2,24.89,5,3,54.38,1,EASIER
5,59.63,51.04,3,4,55.13,3,EASIER
3,88.65,43.03,1,0,90.49,1,SAME
4,59.01,46.96,5,4,55.52,2,EASIER
4,65.21,40.26,4,3,58.32,2,EASIER
7,39.79,122.46,1,3,36.36,5,EASIER
7,40.07,177.97,3,4,32.48,5,EASIER
7,53.29,76.91,3,2,48.92,5,EASIER
4,74.66,25.13,3,2,70.73,2,SAME
5,60.39,51.65,2,2,57.76,3,SAME
5,57.27,32.37,2,2,54.82,3,SAME
7,61.44,109.26,2,2,62.09,5,SAME
6,67.2,86.24,2,2,67.44,4,SAME
7,36.3,107.88,3,3,31.39,5,EASIER
5,62.03,48.5,1,2,61.0,3,SAME
7,23.56,275.72,4,5,16.58,5,EASIER
6,49.28,133.74,2,3,42.72,4,EASIER
6,49.32,77.96,4,4,43.01,4,EASIER
6,62.41,86.06,4,3,59.48,4,EASIER
4,59.36,72.56,2,1,60.92,2,SAME
6,53.29,60.51,3,3,49.83,4,EASIER
4,60.25,24.14,3,3,58.43,2,EASIER
6,69.2,92.27,2,2,69.21,4,SAME
4,84.08,46.16,2,1,84.61,2,SAME
6,28.81,105.71,5,5,20.94,4,EASIER
5,85.34,87.37,1,0,84.89,3,SAME
6,70.77,56.02,2,1,67.13,4,SAME
4,80.75,19.6,1,1,80.82,2,SAME
6,69.78,60.51,2,2,62.45,4,SAME
7,22.19,153.79,4,5,19.78,5,EASIER
3,100.0,16.59,1,0,99.57,1,HARDER
4,83.17,15.31,1,1,77.93,2,SAME
6,81.89,88.39,1,1,83.13,4,SAME
7,33.95,82.22,4,4,26.03,5,EASIER
6,51.13,33.4,1,2,48.74,4,EASIER
5,73.51,60.18,2,1,69.07,3,SAME
4,67.37,31.69,2,2,62.21,2,SAME
7,27.19,279.19,3,4,25.15,5,EASIER
7,35.7,117.56,5,4,29.14,5,EASIER
7,46.33,154.15,4,4,41.88,5,EASIER
4,86.44,37.69,1,1,85.02,2,HARDER
5,66.13,43.15,4,3,61.29,3,EASIER
4,73.29,30.22,2,2,68.45,2,SAME
7,41.28,201.87,5,5,30.13,5,EASIER
7,38.05,168.35,5,3,34.88,5,EASIER
3,76.55,12.89,1,1,75.25,1,SAME
4,89.49,21.13,1,0,87.96,2,HARDER
5,68.78,32.13,2,2,64.7,3,SAME
5,63.51,98.02,1,1,65.62,3,SAME
5,74.79,24.62,2,2,74.06,3,SAME
4,57.76,54.99,5,4,52.45,2,EASIER
6,67.26,100.87,2,2,61.87,4,SAME
7,41.6,121.33,2,2,39.78,5,EASIER
7,37.31,86.55,1,3,30.68,5,EASIER
5,53.91,104.46,3,3,48.27,3,EASIER
7,29.75,119.14,5,5,26.26,5,EASIER
6,45.63,38.7,5,5,34.96,4,EASIER
3,58.66,14.58,1,2,53.88,1,SAME
6,75.34,34.86,1,2,74.5,4,SAME
4,61.08,66.8,5,3,59.86,2,EASIER
6,42.89,171.97,5,4,34.36,4,EASIER
6,72.62,144.26,1,1,70.26,4,SAME
7,49.34,103.6,1,2,50.89,5,EASIER
7,37.79,51.48,3,4,36.24,5,EASIER
7,52.19,63.06,2,3,46.16,5,EASIER
5,59.71,35.55,3,2,56.41,3,SAME
5,64.99,56.7,1,1,64.31,3,SAME
5,58.8,115.26,3,3,57.07,3,EASIER
7,49.48,238.06,2,3,43.7,5,EASIER
4,86.28,30.21,1,0,85.41,2,HARDER
5,77.22,19.17,1,1,86.03,3,SAME
6,73.02,44.7,1,2,73.24,4,SAME
3,77.63,42.43,2,0,79.45,1,SAME
6,73.84,92.5,1,2,69.24,4,SAME
4,87.37,32.15,1,1,86.63,2,HARDER
4,60.24,31.11,3,3,55.4,2,EASIER
6,82.2,55.49,2,1,79.47,4,SAME
3,100.0,14.63,1,1,96.59,1,HARDER
3,93.59,62.86,1,1,89.82,1,EASIER
5,54.29,135.79,5,4,48.15,3,EASIER
5,51.49,38.61,5,3,43.25,3,EASIER
3,85.31,11.45,1,1,77.74,1,HARDER
4,81.24,41.14,3,2,75.69,2,SAME
4,72.36,35.46,3,3,68.02,2,EASIER
5,61.39,79.15,4,2,54.4,3,EASIER
4,84.74,56.78,3,1,78.25,2,SAME
3,72.29,14.85,1,1,67.54,1,SAME
5,77.32,109.31,1,1,76.64,3,SAME
7,24.47,92.39,5,5,17.51,5,EASIER
5,65.95,78.36,2,1,61.73,3,SAME
4,67.97,33.61,2,2,62.59,2,SAME
5,86.59,91.57,1,0,86.48,3,SAME
3,94.6,8.74,1,0,94.89,1,HARDER
4,82.86,53.76,1,1,80.19,2,SAME
5,59.43,38.42,1,3,58.34,3,EASIER
5,70.44,60.15,1,0,69.55,3,SAME
5,60.31,107.4,2,1,61.67,3,SAME
7,44.81,72.3,4,3,43.3,5,EASIER
6,50.73,49.77,3,3,41.23,4,EASIER
3,78.95,21.19,2,1,79.89,1,SAME
5,49.65,46.76,1,2,49.39,3,EASIER
5,72.66,34.49,3,3,70.34,3,EASIER
3,76.34,26.21,1,1,70.54,1,SAME
4,75.52,40.93,1,1,72.77,2,SAME
7,58.6,144.15,2,3,52.63,5,EASIER
4,72.03,25.85,4,3,71.91,2,EASIER
5,76.58,36.35,1,1,78.93,3,SAME
4,87.4,35.94,1,0,85.5,2,HARDER
3,99.87,22.42,1,0,98.83,1,HARDER
4,54.61,34.17,1,1,48.54,2,EASIER
6,72.05,56.77,2,1,70.31,4,EASIER
7,36.84,134.07,1,2,39.29,5,EASIER
6,58.8,50.23,2,2,50.09,4,SAME
7,52.94,104.79,3,3,43.41,5,EASIER
6,44.62,69.92,3,3,37.76,4,EASIER
6,46.11,80.59,4,4,40.22,4,EASIER
5,9.65,104.29,5,5,2.41,3,EASIER
3,74.98,13.93,1,1,70.9,1,SAME
5,67.43,17.76,1,1,67.74,3,SAME
7,23.34,81.02,5,4,17.79,5,EASIER
5,67.57,32.8,2,2,68.35,3,SAME
6,81.16,17.12,2,2,77.87,4,SAME
3,96.25,54.38,1,1,93.38,1,EASIER
4,78.12,49.43,3,2,77.64,2,SAME
4,73.17,52.0,3,1,76.41,2,SAME
4,67.55,33.23,1,1,61.44,2,SAME
7,65.97,140.87,2,3,64.66,5,EASIER
5,66.39,47.05,3,3,57.76,3,EASIER
6,71.53,125.23,1,2,72.8,4,SAME
6,56.46,90.47,4,3,46.66,4,EASIER
5,81.85,56.96,1,2,80.99,3,SAME
7,59.1,114.4,2,2,57.91,5,SAME
4,57.24,75.67,3,2,53.96,2,SAME
3,63.85,26.93,3,2,62.96,1,SAME
6,44.09,48.01,3,3,41.93,4,EASIER
6,28.99,97.66,2,3,26.04,4,EASIER
4,69.87,47.82,2,1,65.61,2,SAME
7,47.2,103.51,4,4,38.44,5,EASIER
3,100.0,24.43,1,1,100.0,1,HARDER
4,68.26,23.02,2,2,61.75,2,SAME
3,81.04,26.1,2,1,73.22,1,SAME
3,69.68,14.56,3,2,64.87,1,SAME
6,64.76,71.97,2,1,60.61,4,SAME
6,26.24,57.9,5,4,22.35,4,EASIER
6,45.11,136.71,3,3,41.47,4,EASIER
7,34.61,260.66,2,3,33.74,5,EASIER
3,68.32,15.02,5,3,67.39,1,EASIER
6,50.55,81.8,1,3,48.4,4,EASIER
3,79.47,21.78,3,1,74.55,1,SAME
7,55.96,144.26,3,4,52.49,5,EASIER
6,39.09,86.21,3,3,41.36,4,EASIER
6,41.49,67.04,4,3,37.12,4,EASIER
5,45.91,60.76,4,3,43.77,3,EASIER
4,87.17,34.35,3,1,84.68,2,SAME
6,69.29,187.37,2,1,60.08,4,EASIER
7,51.94,72.67,4,4,43.96,5,EASIER
3,87.09,28.04,2,1,89.85,1,HARDER
7,62.74,147.86,2,1,60.4,5,SAME
6,74.77,103.0,1,2,74.66,4,SAME
3,100.0,21.9,2,0,100.0,1,HARDER
7,39.53,236.09,3,4,31.95,5,EASIER
3,62.81,9.87,1,1,59.49,1,SAME
6,43.58,46.43,4,4,36.13,4,EASIER
3,95.31,33.59,1,1,90.26,1,HARDER
3,72.41,16.9,3,3,67.67,1,EASIER
6,83.1,50.33,1,0,78.02,4,SAME
6,32.8,64.31,5,4,19.24,4,EASIER
6,72.9,54.5,2,1,72.61,4,SAME
4,66.84,51.27,1,2,62.31,2,SAME
7,53.98,183.35,2,3,47.36,5,EASIER
3,81.01,26.0,1,0,83.67,1,SAME
7,34.33,198.99,2,3,30.48,5,SAME
4,76.36,19.81,2,1,71.34,2,SAME
6,49.37,85.3,2,3,45.81,4,EASIER
7,47.76,233.49,3,2,48.39,5,EASIER
4,78.26,60.14,1,2,78.34,2,SAME
5,73.22,118.09,1,2,73.48,3,EASIER
7,48.41,81.2,3,3,44.06,5,EASIER
7,49.39,184.63,3,3,43.74,5,EASIER
4,76.35,31.09,1,1,77.81,2,SAME
5,80.73,77.87,2,1,84.74,3,SAME
4,100.0,70.37,1,0,99.28,2,SAME
5,64.81,39.15,1,2,60.23,3,SAME
4,87.54,15.89,3,1,91.02,2,SAME
3,81.39,56.89,1,1,79.4,1,EASIER
7,47.71,146.13,2,2,43.6,5,EASIER
6,79.31,77.56,1,0,77.69,4,SAME
5,57.84,53.53,2,2,56.7,3,SAME
3,82.59,9.84,3,2,79.5,1,SAME
3,95.87,27.43,1,0,94.54,1,HARDER
5,55.2,44.6,4,4,48.98,3,EASIER
6,61.6,84.27,2,2,57.82,4,SAME
4,78.06,38.54,1,1,75.19,2,SAME
6,70.95,14.16,2,3,67.59,4,EASIER
4,78.94,47.84,1,0,79.42,2,SAME
3,100.0,27.19,1,0,100.0,1,HARDER
5,88.78,68.06,1,1,90.33,3,HARDER
3,73.99,23.04,1,2,67.19,1,SAME
3,75.4,25.55,1,0,70.72,1,HARDER
3,87.79,27.0,1,0,85.22,1,HARDER
4,59.23,43.23,3,2,56.22,2,SAME
5,54.19,73.4,3,2,51.59,3,EASIER
7,52.52,130.66,1,2,47.47,5,EASIER
4,93.98,90.65,2,1,92.26,2,EASIER
3,100.0,18.1,1,0,97.74,1,HARDER
3,80.73,21.16,1,2,73.02,1,SAME
4,52.08,84.21,2,2,44.99,2,HARDER
4,77.73,35.34,1,1,77.89,2,SAME
4,68.22,58.88,1,0,63.19,2,SAME
7,63.11,120.58,2,1,64.72,5,SAME
4,77.65,34.14,2,1,76.31,2,SAME
6,45.27,136.94,3,4,36.45,4,SAME
6,53.03,107.37,3,2,49.5,4,EASIER
3,77.29,12.63,1,1,72.81,1,SAME
4,81.17,41.23,1,1,84.45,2,SAME
5,87.94,35.44,2,1,85.16,3,EASIER
5,44.38,108.82,4,3,36.49,3,EASIER
3,81.72,54.56,2,1,88.22,1,EASIER
6,50.55,217.28,1,3,45.83,4,EASIER
4,74.64,44.95,1,1,75.22,2,SAME
4,93.11,30.59,1,1,92.03,2,HARDER
6,34.17,96.93,4,3,30.47,4,EASIER
7,32.98,67.11,5,5,27.65,5,EASIER
7,38.29,300.0,1,3,36.32,5,EASIER
7,55.89,214.74,3,4,47.53,5,EASIER
5,68.62,67.44,1,3,63.83,3,EASIER
3,74.89,38.96,1,1,73.47,1,SAME
4,82.22,30.16,1,1,79.82,2,SAME
4,75.26,22.58,2,1,77.75,2,SAME
4,89.04,13.43,2,1,91.27,2,HARDER
4,77.84,39.51,1,2,67.65,2,SAME
3,87.65,22.79,2,1,88.33,1,HARDER
3,78.46,31.5,1,1,78.47,1,SAME
6,67.9,82.56,3,2,66.59,4,SAME
5,85.48,73.33,1,0,86.84,3,HARDER
3,95.23,35.87,1,0,93.97,1,SAME
5,79.16,28.15,2,2,80.97,3,SAME
7,32.41,179.84,5,5,16.87,5,EASIER
5,78.25,47.43,1,1,70.87,3,SAME
4,63.52,48.47,2,2,56.89,2,SAME
4,74.73,61.44,1,0,75.61,2,SAME
4,84.38,61.64,2,1,80.49,2,SAME
4,92.67,40.38,1,0,92.87,2,HARDER
7,57.85,123.44,3,2,52.48,5,SAME
7,45.66,182.11,2,2,39.66,5,EASIER
4,100.0,18.77,1,0,100.0,2,SAME
7,61.11,66.68,1,2,59.62,5,SAME
7,54.05,96.19,3,2,57.67,5,EASIER
3,100.0,13.82,1,0,100.0,1,HARDER
5,50.35,50.7,4,2,45.99,3,EASIER
6,63.9,69.2,3,3,58.06,4,EASIER
5,60.16,60.56,1,3,49.58,3,EASIER
5,72.92,56.39,1,1,73.18,3,SAME
5,80.31,98.47,1,0,80.78,3,SAME
6,46.92,110.46,3,3,41.92,4,EASIER
4,77.42,36.75,2,1,76.1,2,SAME
5,79.49,49.18,1,0,76.56,3,SAME
4,85.77,37.16,1,0,79.02,2,HARDER
7,31.74,110.19,2,4,25.1,5,EASIER
3,100.0,76.69,1,0,99.0,1,EASIER
3,77.8,13.07,1,0,78.5,1,SAME
3,74.15,16.55,2,1,72.95,1,SAME
4,38.14,22.95,5,5,30.89,2,EASIER
6,43.69,94.32,3,3,37.23,4,EASIER
7,61.02,126.93,1,1,65.51,5,EASIER
5,59.82,43.67,5,4,57.25,3,EASIER
3,81.93,37.25,1,1,77.59,1,SAME
4,84.53,45.21,1,1,87.14,2,SAME
3,85.09,37.95,2,1,84.83,1,SAME
5,60.4,105.23,1,2,52.77,3,SAME
6,49.11,27.07,1,3,48.17,4,EASIER
3,71.22,33.92,2,2,66.82,1,SAME
6,84.15,41.93,1,2,79.89,4,SAME
4,74.23,42.73,1,1,72.13,2,SAME
6,54.3,78.95,2,2,51.71,4,EASIER
7,38.08,110.17,5,5,29.81,5,EASIER
6,69.27,43.83,2,2,69.17,4,SAME
6,52.01,140.13,1,3,52.51,4,EASIER
6,70.33,41.92,2,3,64.8,4,HARDER
3,93.8,34.91,1,0,89.25,1,SAME
3,82.81,13.22,1,1,79.96,1,SAME
4,48.56,37.68,3,3,41.35,2,EASIER
6,53.68,209.56,3,3,47.53,4,EASIER
6,36.15,279.99,4,5,24.5,4,EASIER
6,64.11,35.34,2,2,62.46,4,SAME
4,60.84,27.29,2,2,53.58,2,SAME
7,59.06,84.24,5,3,51.13,5,EASIER
5,55.39,177.1,1,2,57.2,3,EASIER
4,77.03,36.8,1,0,72.58,2,SAME
6,60.84,143.39,3,2,54.06,4,SAME
3,89.85,28.57,1,0,94.43,1,HARDER
5,71.26,32.04,2,2,67.93,3,SAME
6,34.88,31.18,4,4,25.43,4,EASIER
6,55.04,59.62,1,2,48.92,4,EASIER
4,53.4,112.9,5,4,55.54,2,HARDER
3,77.45,28.04,2,2,76.89,1,SAME
3,100.0,39.97,1,1,99.36,1,SAME
3,76.36,13.3,1,1,77.37,1,SAME
7,36.85,93.81,4,5,28.32,5,EASIER
6,68.14,122.94,1,2,65.56,4,SAME
5,64.46,33.8,2,2,62.89,3,SAME
5,60.64,56.19,2,3,54.43,3,EASIER
4,56.21,25.13,5,4,50.51,2,EASIER
3,100.0,36.11,1,0,100.0,1,SAME
3,74.92,29.85,2,2,68.48,1,SAME
6,20.87,116.99,5,5,11.87,4,EASIER
3,94.58,36.84,1,0,92.74,1,SAME
3,85.48,22.59,1,1,86.24,1,HARDER
6,53.67,138.16,1,2,53.98,4,EASIER
5,83.35,43.31,1,0,78.87,3,EASIER
5,80.03,79.06,1,1,77.54,3,SAME
4,76.04,15.05,1,2,70.81,2,SAME
3,71.24,17.93,1,2,69.7,1,SAME
5,69.72,182.5,2,2,66.74,3,EASIER
4,75.06,50.64,1,1,76.22,2,SAME
5,70.87,78.5,2,1,75.07,3,SAME
3,81.15,17.33,2,1,73.3,1,SAME
4,82.21,22.72,2,1,74.38,2,SAME
3,85.25,22.23,2,0,85.27,1,HARDER
5,91.14,56.1,1,0,92.4,3,HARDER
4,86.53,93.45,1,1,82.42,2,EASIER
4,53.22,61.34,2,2,50.43,2,EASIER
5,51.6,61.21,4,3,47.94,3,EASIER
5,71.23,59.92,2,2,64.19,3,SAME
4,78.1,54.27,1,1,77.53,2,SAME
6,82.88,41.3,1,0,84.83,4,SAME
4,88.91,15.4,1,1,87.49,2,HARDER
4,40.73,53.89,4,4,30.22,2,EASIER
5,65.69,60.1,2,2,59.79,3,SAME
3,90.2,13.94,1,0,91.56,1,HARDER
5,68.15,20.56,1,1,71.97,3,SAME
5,81.85,90.28,1,0,83.12,3,SAME
3,89.05,19.82,2,1,86.73,1,HARDER
5,80.2,70.71,1,1,79.27,3,SAME
3,97.99,22.23,1,1,95.67,1,HARDER
6,84.69,80.55,1,0,85.73,4,SAME
3,85.08,19.21,3,1,84.97,1,SAME
3,98.85,24.16,1,0,94.09,1,HARDER
4,82.84,49.84,1,1,85.07,2,SAME
6,56.62,71.05,2,4,55.82,4,EASIER
6,78.5,68.97,3,1,73.38,4,SAME
5,72.92,78.35,2,2,67.86,3,SAME
3,71.69,33.75,2,1,72.37,1,SAME
4,76.14,22.26,2,1,73.7,2,SAME
6,59.16,80.78,2,2,52.7,4,SAME
3,85.1,19.8,3,1,78.86,1,SAME
6,66.51,82.59,1,1,64.55,4,SAME
4,57.12,74.56,2,2,50.29,2,SAME
3,96.09,29.33,1,1,96.27,1,HARDER
6,43.47,252.68,2,3,39.01,4,EASIER
3,64.42,27.57,1,2,66.67,1,SAME
4,86.97,35.14,2,1,89.03,2,HARDER
3,75.56,24.78,1,1,73.93,1,SAME
5,58.78,62.24,2,2,59.29,3,SAME
3,90.57,28.86,1,1,87.17,1,HARDER
3,84.54,16.08,2,1,80.73,1,SAME
5,71.03,51.68,1,2,71.83,3,SAME
7,60.02,75.47,2,2,62.8,5,SAME
3,98.06,39.53,1,0,100.0,1,SAME
5,52.87,22.36,3,3,44.76,3,EASIER
7,56.0,122.0,2,3,47.69,5,EASIER
4,85.43,18.62,1,1,86.06,2,HARDER
5,68.05,71.84,4,3,60.85,3,EASIER
7,65.32,90.12,1,2,59.79,5,EASIER
6,35.7,31.88,3,3,30.72,4,EASIER
4,93.66,59.17,3,1,90.16,2,SAME
6,71.16,22.16,1,2,73.81,4,SAME
6,65.73,80.67,2,2,67.76,4,SAME
5,66.84,81.66,2,1,70.25,3,SAME
5,61.37,114.65,3,2,57.49,3,SAME
7,39.58,46.57,5,5,37.32,5,EASIER
7,64.39,84.54,2,1,62.5,5,SAME
7,46.97,202.17,2,3,44.69,5,EASIER
6,31.23,149.21,2,3,29.19,4,EASIER
4,76.53,69.38,1,1,73.08,2,SAME
3,83.25,78.16,1,1,84.22,1,EASIER
3,68.29,19.94,3,2,64.53,1,SAME
7,41.88,137.2,2,3,39.12,5,EASIER
4,78.55,32.3,1,1,74.79,2,SAME
3,99.24,10.38,1,0,100.0,1,HARDER
4,66.28,36.43,4,3,63.81,2,EASIER
3,74.93,10.29,1,2,74.17,1,SAME
5,43.53,44.82,3,4,43.87,3,EASIER
5,43.38,28.04,3,3,43.1,3,EASIER
4,78.77,46.7,2,2,73.71,2,SAME
6,46.19,54.7,2,3,39.23,4,EASIER
5,68.81,23.97,2,2,69.26,3,SAME
7,57.52,179.52,2,2,59.04,5,SAME
6,67.1,59.91,2,1,59.06,4,SAME
3,78.92,20.63,2,2,77.2,1,SAME
4,93.83,24.0,2,0,88.22,2,HARDER
6,50.63,149.04,2,2,49.18,4,EASIER
5,63.51,66.31,3,2,63.4,3,SAME
6,51.47,59.62,3,2,48.73,4,EASIER
4,60.52,15.46,4,3,55.97,2,EASIER
3,87.61,76.41,2,1,85.37,1,EASIER
6,58.0,229.52,2,2,56.9,4,EASIER
6,42.38,173.67,1,2,41.18,4,EASIER
6,51.37,56.89,2,2,51.41,4,EASIER
5,78.78,45.26,2,1,78.61,3,SAME
3,74.88,29.88,1,1,69.92,1,SAME
6,44.5,51.52,3,3,34.53,4,EASIER
6,73.46,49.02,1,1,69.33,4,SAME
6,51.91,175.07,4,4,45.41,4,EASIER
3,98.98,24.39,1,0,100.0,1,HARDER
6,30.94,45.8,4,4,27.47,4,EASIER
6,62.47,134.57,1,2,65.11,4,SAME
7,37.48,81.92,4,5,32.05,5,HARDER
5,63.05,21.77,2,2,63.64,3,SAME
6,45.33,45.45,2,3,35.28,4,EASIER
5,91.71,44.92,1,0,87.33,3,HARDER
6,46.61,91.94,4,4,44.89,4,EASIER
6,58.31,89.66,1,3,54.38,4,EASIER
6,67.75,155.27,1,2,64.41,4,EASIER
7,39.79,98.43,4,5,26.76,5,EASIER
3,91.88,20.32,2,1,92.39,1,HARDER
6,37.28,156.67,4,5,29.26,4,EASIER
6,32.52,136.41,5,5,18.8,4,EASIER
5,76.96,52.18,1,1,77.51,3,SAME
5,69.55,67.02,3,1,67.62,3,SAME
6,58.92,64.04,1,2,55.23,4,SAME
5,40.32,32.63,4,4,36.59,3,EASIER
5,66.21,172.1,2,2,61.06,3,EASIER
7,37.83,83.36,5,4,28.03,5,EASIER
6,62.22,95.59,2,2,57.33,4,SAME
4,77.66,18.64,2,2,77.29,2,SAME
7,30.66,167.31,5,4,21.49,5,EASIER
4,98.6,21.56,1,0,99.01,2,HARDER
3,89.85,52.75,1,1,91.5,1,EASIER
7,17.72,298.3,5,5,10.4,5,EASIER
4,43.44,49.57,5,3,37.24,2,EASIER
4,72.38,40.11,2,2,71.2,2,SAME
4,89.88,34.8,1,0,89.79,2,HARDER
5,84.94,56.65,1,1,82.65,3,SAME
3,73.3,29.99,1,1,69.85,1,SAME
3,92.46,26.02,2,1,91.17,1,HARDER
4,80.68,60.28,1,2,80.07,2,SAME
4,100.0,24.68,1,0,98.49,2,HARDER
3,100.0,49.35,1,0,99.47,1,SAME
7,53.75,88.96,2,2,53.45,5,EASIER
5,56.89,40.09,2,2,53.7,3,SAME
3,78.02,29.38,1,1,76.15,1,SAME
3,83.39,30.23,1,1,77.89,1,SAME
7,82.43,43.47,1,1,81.11,5,SAME
4,66.25,30.31,3,2,64.79,2,SAME
3,85.01,9.51,2,1,82.57,1,HARDER
6,54.04,57.71,3,3,50.12,4,EASIER
7,39.45,79.34,4,4,32.12,5,EASIER
4,78.53,43.7,1,1,72.52,2,SAME
6,57.67,54.44,5,3,47.13,4,EASIER
5,86.09,44.15,1,1,87.41,3,HARDER
3,72.31,44.66,1,1,76.49,1,SAME
6,38.76,239.87,1,3,38.31,4,EASIER
7,43.53,67.8,5,4,35.24,5,EASIER
7,60.79,195.19,2,2,60.45,5,SAME
3,79.06,29.71,1,2,74.37,1,EASIER
5,64.87,24.53,2,2,59.53,3,SAME
6,53.72,54.34,5,3,53.11,4,EASIER
3,96.66,8.0,1,1,92.96,1,HARDER
7,53.96,133.6,2,2,50.17,5,EASIER
3,95.96,15.48,1,0,95.11,1,HARDER
4,80.76,40.47,1,1,77.27,2,SAME
7,15.21,300.0,5,5,12.27,5,EASIER
5,75.89,127.62,2,2,77.1,3,EASIER
6,62.43,55.03,1,1,56.32,4,SAME
5,57.58,35.2,3,2,55.93,3,SAME
6,61.14,160.62,4,3,56.2,4,EASIER
3,59.3,15.99,4,2,54.16,1,EASIER
6,83.66,137.29,1,1,81.04,4,SAME
3,86.94,84.46,1,1,86.05,1,EASIER
3,75.11,33.77,3,2,72.39,1,SAME
5,78.8,104.22,1,1,79.1,3,SAME
5,82.76,98.41,1,0,84.79,3,SAME
3,90.75,19.51,3,0,86.38,1,SAME
6,66.22,95.36,1,2,62.83,4,SAME
4,81.66,24.24,2,1,79.49,2,SAME
7,20.71,226.22,5,4,17.28,5,EASIER
3,83.74,15.43,1,0,76.9,1,SAME
4,69.91,52.83,3,2,72.23,2,SAME
4,75.71,64.68,3,1,74.18,2,SAME
5,52.62,45.47,3,3,49.15,3,EASIER
5,52.18,40.59,2,4,40.56,3,EASIER
3,78.51,23.18,1,1,76.05,1,SAME
5,71.48,37.29,1,1,66.7,3,SAME
7,55.1,121.97,4,3,53.64,5,EASIER
3,80.47,16.62,1,1,77.49,1,SAME
4,89.21,25.55,1,0,88.78,2,HARDER
5,80.78,76.03,2,1,77.19,3,SAME
6,51.79,113.05,2,3,44.3,4,EASIER
3,97.7,21.94,2,1,98.37,1,HARDER
4,62.09,17.53,5,3,54.66,2,EASIER
4,70.86,65.88,1,1,69.91,2,SAME
6,65.41,64.95,1,2,60.82,4,SAME
3,71.02,62.59,2,1,70.73,1,EASIER
6,66.89,76.54,1,0,69.47,4,SAME
5,80.77,62.03,1,1,79.57,3,SAME
4,76.54,31.02,1,1,77.86,2,SAME
7,58.5,127.89,2,2,58.22,5,SAME
7,35.62,300.0,3,5,29.15,5,EASIER
7,44.02,92.6,2,3,40.13,5,EASIER
7,43.81,224.55,3,3,36.88,5,EASIER
4,88.4,39.65,2,2,83.29,2,SAME
7,52.06,212.35,1,3,48.36,5,EASIER
3,97.82,10.58,1,1,93.97,1,HARDER
4,67.92,94.79,1,1,64.96,2,EASIER
5,78.81,68.67,3,2,77.8,3,SAME
6,76.4,71.34,1,2,76.24,4,SAME
5,60.87,90.7,4,2,49.39,3,EASIER
5,48.13,62.28,4,3,43.34,3,EASIER
4,91.52,22.16,1,1,92.4,2,HARDER
5,53.3,17.48,5,3,47.56,3,EASIER
5,78.11,143.21,1,1,78.46,3,EASIER
5,91.07,51.94,1,1,91.14,3,HARDER
5,71.41,42.82,1,1,69.64,3,SAME
6,70.07,62.08,3,2,65.52,4,SAME
4,89.16,75.63,1,1,84.26,2,SAME
3,55.9,20.1,4,4,45.27,1,EASIER
4,86.92,51.44,3,2,84.36,2,SAME
5,64.04,49.15,2,1,57.86,3,SAME
3,92.13,14.3,1,0,94.12,1,HARDER
3,91.62,37.34,1,0,94.39,1,SAME
7,45.02,204.31,1,3,43.13,5,EASIER
4,93.45,27.61,1,0,91.71,2,HARDER
6,58.12,80.41,2,3,56.85,4,EASIER
3,75.83,26.1,1,0,67.75,1,SAME
7,23.48,142.75,5,4,15.64,5,EASIER
4,31.37,95.98,5,4,19.48,2,EASIER
4,69.29,32.63,1,1,68.64,2,SAME
6,66.84,69.07,3,2,61.7,4,SAME
4,67.11,34.99,1,2,61.0,2,SAME
5,73.73,36.38,2,2,65.62,3,SAME
6,42.55,33.49,4,3,38.69,4,EASIER
3,100.0,26.53,1,0,99.49,1,HARDER
3,82.2,31.61,2,1,78.3,1,SAME
6,56.7,82.1,1,2,55.15,4,SAME
4,90.39,36.9,1,1,86.83,2,HARDER
7,30.74,68.63,5,5,24.82,5,EASIER
7,41.0,128.52,5,4,30.57,5,EASIER
7,51.65,122.86,3,3,51.91,5,EASIER
7,48.68,145.08,1,2,50.9,5,EASIER
7,45.79,133.61,3,5,36.42,5,EASIER
4,77.05,45.73,1,1,79.58,2,SAME
7,36.67,229.81,3,4,28.85,5,EASIER
4,81.48,49.73,1,1,81.17,2,SAME
5,37.16,73.58,4,5,23.4,3,EASIER
3,72.21,11.51,4,3,65.56,1,EASIER
7,24.34,198.87,5,4,20.59,5,EASIER
5,34.89,50.05,5,4,34.19,3,EASIER
7,49.74,116.94,1,1,47.81,5,EASIER
4,64.8,20.89,1,2,57.88,2,SAME
4,93.29,101.48,2,1,92.71,2,EASIER
5,69.55,17.04,2,2,62.3,3,SAME
7,27.79,252.02,5,5,17.31,5,EASIER
5,91.66,71.59,1,1,88.72,3,HARDER
6,99.95,30.45,1,0,100.0,4,HARDER
4,64.22,98.96,2,1,59.76,2,EASIER
6,55.17,107.11,2,2,50.74,4,SAME
6,51.84,24.06,2,3,47.76,4,EASIER
7,47.25,88.97,3,3,44.63,5,SAME
3,62.49,31.71,2,3,53.77,1,EASIER
4,94.54,85.01,1,0,92.98,2,EASIER
3,95.43,20.84,1,1,94.18,1,HARDER
5,60.65,15.65,3,3,56.74,3,EASIER
6,32.4,175.11,3,5,25.76,4,EASIER
6,76.82,106.25,2,2,74.47,4,SAME
6,51.08,25.68,3,3,45.74,4,EASIER
6,80.77,98.0,2,2,80.62,4,SAME
7,57.17,143.02,1,2,56.17,5,SAME
7,42.77,93.83,4,3,41.81,5,EASIER
5,63.23,38.51,1,1,59.78,3,SAME
7,48.24,80.33,5,3,40.1,5,EASIER
3,50.56,21.63,4,4,43.73,1,EASIER
6,70.18,98.61,2,2,67.31,4,SAME
5,89.95,85.69,1,0,90.77,3,SAME
7,23.68,34.74,4,5,10.5,5,EASIER
5,72.6,65.83,3,2,66.78,3,SAME
3,100.0,31.06,1,1,96.11,1,HARDER
6,67.15,89.54,2,1,66.4,4,SAME
7,62.46,89.82,2,2,55.47,5,SAME
3,92.46,47.03,1,0,93.93,1,SAME
3,89.1,45.47,1,1,83.64,1,SAME
6,58.73,67.78,1,1,54.79,4,SAME
5,76.4,55.66,1,1,71.44,3,SAME
5,64.51,84.99,2,2,61.89,3,SAME
3,100.0,44.24,1,1,100.0,1,SAME
5,76.26,38.74,1,2,78.99,3,SAME
5,62.65,34.56,3,2,60.42,3,SAME
7,42.64,130.05,4,3,37.31,5,EASIER
4,88.96,22.41,1,0,87.28,2,HARDER
4,68.48,15.23,2,1,67.39,2,SAME
3,100.0,17.35,1,0,100.0,1,HARDER
5,54.05,71.3,4,3,46.96,3,EASIER
6,69.93,183.94,1,2,71.9,4,EASIER
4,74.07,27.23,1,1,74.57,2,SAME
6,68.5,76.87,1,2,63.3,4,SAME
7,78.57,121.91,1,2,75.58,5,SAME
3,100.0,18.73,2,0,94.74,1,HARDER
5,56.37,40.47,5,3,53.22,3,EASIER
6,42.46,97.6,3,4,32.94,4,EASIER
3,69.75,14.67,1,1,68.37,1,SAME
3,90.37,17.77,2,1,88.42,1,HARDER
4,100.0,34.55,1,0,100.0,2,HARDER
3,85.44,28.86,1,1,82.45,1,HARDER
4,81.94,18.64,1,2,79.98,2,SAME
3,93.06,23.59,1,0,91.79,1,HARDER
7,90.71,55.42,1,1,88.16,5,HARDER
5,51.12,41.34,5,3,47.86,3,EASIER
4,84.95,55.05,1,0,80.56,2,SAME
6,51.94,78.91,3,3,47.91,4,EASIER
3,89.05,52.54,1,0,86.71,1,EASIER
5,82.53,55.96,2,1,79.05,3,SAME
6,44.68,135.65,3,3,35.72,4,EASIER
7,54.76,172.72,3,3,45.52,5,EASIER
4,95.09,37.76,1,0,93.56,2,HARDER
5,61.39,30.24,2,2,57.99,3,SAME
6,57.88,77.64,4,4,52.57,4,EASIER
6,92.72,62.16,1,0,92.31,4,HARDER
3,76.67,19.39,1,2,74.8,1,SAME
7,53.68,121.93,2,2,49.15,5,EASIER
4,86.94,19.23,1,0,85.59,2,HARDER
4,88.35,25.2,1,1,91.31,2,HARDER
3,72.65,15.93,2,1,73.13,1,SAME
3,76.32,22.33,1,1,72.8,1,SAME
4,75.96,26.48,1,1,73.41,2,SAME
3,91.18,18.29,1,0,88.2,1,HARDER
6,64.44,87.98,1,2,65.06,4,SAME
5,86.64,46.52,1,1,85.03,3,HARDER
4,76.37,38.09,4,2,69.28,2,EASIER
5,67.62,33.39,1,1,65.49,3,SAME
6,73.73,53.3,1,1,68.04,4,SAME
3,81.2,61.99,2,2,76.87,1,EASIER
4,100.0,27.38,1,0,99.53,2,HARDER
7,37.41,35.53,4,4,29.88,5,EASIER
3,94.25,29.11,1,0,94.66,1,HARDER
7,57.01,76.15,5,4,51.55,5,EASIER
7,32.88,127.92,2,5,26.54,5,EASIER
4,93.32,36.43,2,1,93.43,2,HARDER
4,76.38,49.21,1,2,76.38,2,SAME
4,68.09,36.26,1,1,67.53,2,SAME
5,80.52,51.85,1,1,75.98,3,SAME
4,84.13,65.18,1,2,85.02,2,SAME
6,69.87,25.88,2,2,73.04,4,SAME
4,92.37,20.38,1,0,89.36,2,HARDER
7,61.92,71.44,1,2,56.26,5,SAME
7,68.43,44.52,3,2,68.44,5,SAME
5,78.43,45.75,3,2,78.27,3,SAME
5,75.07,43.57,2,1,72.02,3,SAME
3,85.97,38.58,2,1,79.91,1,SAME
3,100.0,24.04,1,0,94.64,1,HARDER
5,77.62,52.2,1,1,73.98,3,SAME
5,49.62,48.06,3,3,48.8,3,EASIER
4,82.99,23.18,1,1,81.73,2,SAME
3,78.47,37.16,2,2,74.02,1,SAME
7,56.32,216.59,1,2,57.67,5,SAME
5,57.16,31.83,2,3,53.57,3,EASIER
5,45.9,129.33,3,3,39.91,3,EASIER
5,89.85,41.61,1,0,85.95,3,HARDER
5,57.01,39.96,4,3,49.65,3,EASIER
6,65.29,104.85,1,2,66.66,4,SAME
6,63.3,109.84,1,2,59.57,4,SAME
5,68.54,55.99,2,1,62.1,3,SAME
3,85.12,21.43,2,1,82.38,1,HARDER
7,37.07,212.18,1,3,33.41,5,EASIER
4,79.89,28.35,1,1,78.24,2,SAME
3,92.47,24.25,1,0,96.47,1,HARDER
3,86.42,53.12,1,1,87.66,1,EASIER
6,44.14,40.91,2,3,36.52,4,EASIER
4,70.57,30.63,3,1,67.07,2,SAME
3,88.76,39.45,1,1,87.58,1,SAME
7,52.69,149.34,1,1,52.41,5,EASIER
4,65.55,57.85,2,2,59.97,2,SAME
7,51.52,54.46,3,3,49.09,5,EASIER
7,48.81,133.42,3,2,44.29,5,EASIER
3,88.44,22.02,2,0,90.07,1,HARDER
6,57.4,267.3,4,2,54.25,4,EASIER
6,73.23,124.91,1,1,71.59,4,SAME
3,75.37,24.75,2,1,74.45,1,SAME
4,90.73,43.47,2,1,89.91,2,HARDER
5,53.44,59.58,4,3,49.22,3,EASIER
3,86.88,34.12,1,1,85.17,1,SAME
6,32.42,52.53,5,3,30.37,4,EASIER
4,73.92,72.19,3,3,75.87,2,EASIER
7,53.06,54.41,2,3,51.4,5,EASIER
7,58.04,125.24,3,2,53.51,5,SAME
6,69.9,53.42,2,2,69.61,4,SAME
3,81.15,25.48,1,1,81.3,1,SAME
3,78.89,38.8,1,2,78.68,1,SAME
3,93.18,11.67,1,0,94.55,1,HARDER
5,91.16,53.33,1,1,90.34,3,HARDER
6,75.15,38.79,2,1,66.93,4,SAME
3,100.0,22.08,1,1,96.88,1,HARDER
6,65.35,38.73,2,3,63.26,4,EASIER
3,100.0,26.87,1,0,100.0,1,HARDER
4,83.1,31.1,3,2,76.29,2,SAME
5,83.64,83.95,3,1,78.82,3,SAME
7,31.62,218.78,5,5,26.42,5,EASIER
6,45.49,82.46,4,4,38.32,4,EASIER
5,73.89,90.27,3,2,71.74,3,SAME
3,67.52,46.25,2,2,65.67,1,SAME
4,96.7,24.64,1,0,99.55,2,HARDER
6,64.31,172.93,3,1,67.06,4,EASIER
3,100.0,24.59,1,0,97.2,1,HARDER
6,32.51,49.3,5,5,22.89,4,EASIER
6,58.21,95.77,3,3,56.91,4,EASIER
6,68.85,78.98,3,2,65.61,4,SAME
4,83.67,19.61,2,1,83.24,2,SAME
4,78.29,22.65,2,2,71.67,2,SAME
3,84.1,51.8,2,2,80.45,1,EASIER
4,100.0,43.32,1,0,100.0,2,HARDER
5,54.95,120.78,2,1,54.47,3,EASIER
3,55.92,20.77,4,4,49.77,1,EASIER
5,53.5,39.0,3,2,44.81,3,EASIER
4,100.0,17.23,1,0,95.72,2,HARDER
5,75.95,93.65,2,1,77.34,3,SAME
4,78.08,46.09,1,1,77.95,2,SAME
7,60.39,89.69,5,3,56.92,5,EASIER
4,51.35,26.18,4,4,48.42,2,EASIER
7,49.74,206.98,1,3,46.49,5,EASIER
3,77.87,23.1,1,0,75.28,1,SAME
3,91.63,23.21,1,0,92.46,1,HARDER
3,95.99,19.14,1,0,97.01,1,HARDER
5,72.44,47.41,2,2,69.86,3,SAME
7,59.85,151.16,3,3,56.64,5,EASIER
3,79.41,13.31,2,2,75.94,1,SAME
6,67.38,85.52,1,1,64.88,4,SAME
6,69.91,134.78,1,1,68.11,4,SAME
4,98.0,36.52,2,1,99.23,2,HARDER
4,87.94,62.37,1,0,93.03,2,SAME
7,43.97,232.55,2,3,39.55,5,EASIER
6,75.67,131.18,1,0,77.97,4,SAME
4,75.43,29.52,2,1,75.53,2,SAME
7,59.59,109.86,2,2,62.77,5,SAME
5,60.96,68.83,3,3,61.7,3,EASIER
3,63.3,20.28,3,1,62.1,1,HARDER
7,56.6,85.14,1,2,52.43,5,SAME
7,59.57,82.39,4,3,48.96,5,EASIER
5,55.35,204.28,3,3,51.44,3,EASIER
6,58.38,71.22,3,2,56.21,4,EASIER
4,83.09,62.79,1,1,82.08,2,SAME
7,53.5,69.73,2,2,51.29,5,EASIER
4,67.45,84.56,3,3,64.76,2,EASIER
4,80.54,31.81,1,0,80.39,2,SAME
5,66.34,59.54,3,1,61.8,3,SAME
4,59.06,16.06,3,3,56.12,2,EASIER
6,52.08,146.55,4,3,47.57,4,EASIER
6,42.25,164.02,4,4,34.77,4,EASIER
5,42.52,32.23,4,4,42.62,3,EASIER
6,33.88,151.05,5,4,28.45,4,EASIER
5,66.28,29.92,2,3,60.19,3,EASIER
7,63.95,158.06,2,2,62.44,5,SAME
4,82.71,33.19,1,1,87.96,2,SAME
6,48.31,164.28,2,3,45.56,4,EASIER
5,55.01,65.61,1,3,49.16,3,EASIER
7,30.2,186.07,4,6,28.75,5,EASIER
4,81.09,67.99,3,1,81.32,2,SAME
3,95.62,21.96,1,0,97.1,1,HARDER
7,32.98,110.25,4,4,24.85,5,EASIER
7,47.59,61.12,3,4,41.54,5,EASIER
6,64.42,70.15,2,2,64.01,4,SAME
5,73.4,150.56,3,2,72.79,3,EASIER
5,61.5,84.31,3,2,52.12,3,SAME
6,43.7,47.63,4,4,36.77,4,EASIER
6,58.61,191.53,2,2,56.48,4,EASIER
4,90.89,45.62,1,0,86.75,2,HARDER
3,98.0,36.18,1,1,91.6,1,SAME
3,91.2,31.1,2,1,92.75,1,HARDER
4,86.39,46.29,4,2,83.39,2,EASIER
6,43.2,29.02,3,3,37.71,4,EASIER
5,58.67,100.32,3,3,53.41,3,EASIER
6,70.35,25.39,1,1,70.59,4,SAME
5,53.32,95.9,2,3,50.34,3,EASIER
4,65.06,39.82,2,2,64.58,2,SAME
6,43.07,126.62,4,4,38.22,4,EASIER
6,58.9,89.04,2,3,56.51,4,EASIER
7,50.94,197.82,1,1,52.38,5,EASIER
7,15.65,112.99,5,5,12.3,5,EASIER
4,71.71,43.36,1,1,71.06,2,SAME
6,55.64,101.21,2,2,52.69,4,SAME
4,77.41,91.89,1,1,80.05,2,EASIER
7,35.1,155.35,5,4,26.46,5,EASIER
6,67.47,41.35,1,2,62.54,4,SAME
7,41.99,82.36,3,4,38.01,5,EASIER
4,87.26,50.33,1,0,89.88,2,HARDER
3,91.64,43.79,1,1,88.03,1,SAME
3,80.1,18.13,1,2,78.57,1,SAME
5,89.47,175.77,1,1,87.48,3,EASIER
7,9.32,123.25,5,6,0.0,5,EASIER
6,62.0,102.05,3,3,57.89,4,EASIER
7,45.3,56.54,5,4,41.87,5,EASIER
5,71.3,100.75,3,1,73.19,3,SAME
7,59.89,87.84,2,1,62.24,5,SAME
7,48.25,74.59,1,2,46.42,5,EASIER
4,100.0,32.74,1,0,98.65,2,HARDER
7,31.24,237.96,2,3,26.33,5,EASIER
3,78.03,30.76,1,1,76.21,1,SAME
5,71.35,37.35,1,1,66.32,3,SAME
5,63.34,44.61,1,2,57.22,3,SAME
4,67.57,73.71,1,1,59.07,2,SAME
7,53.48,98.46,1,2,49.12,5,EASIER
6,46.6,109.74,1,2,40.9,4,EASIER
3,90.59,35.77,1,1,89.81,1,SAME
3,85.34,8.0,1,1,82.65,1,HARDER
3,85.92,43.88,1,0,90.33,1,SAME
4,80.26,25.46,2,2,79.16,2,SAME
3,74.75,21.29,3,2,62.25,1,SAME
4,73.75,78.34,1,1,69.15,2,EASIER
6,60.79,174.01,2,2,56.78,4,EASIER
7,50.36,146.51,2,3,44.39,5,EASIER
6,51.19,119.76,2,3,45.45,4,EASIER
5,72.63,94.12,1,1,66.34,3,SAME
6,69.84,172.5,2,2,67.84,4,EASIER
7,37.85,261.72,2,3,32.09,5,EASIER
3,97.18,26.23,1,0,94.09,1,HARDER
7,24.23,74.94,5,4,14.93,5,EASIER
6,63.35,71.81,2,1,61.29,4,SAME
4,86.92,40.34,1,0,93.67,2,HARDER
5,53.54,56.5,3,3,47.67,3,EASIER
5,73.2,35.14,1,1,74.01,3,SAME
3,79.25,30.36,1,1,80.91,1,SAME
4,74.69,18.19,1,1,71.47,2,SAME
4,69.77,39.56,3,3,65.74,2,EASIER
3,86.6,26.72,4,1,81.62,1,EASIER
5,74.36,61.4,2,1,65.83,3,SAME
5,53.99,88.39,4,3,49.63,3,EASIER
4,91.46,53.27,2,0,91.39,2,SAME
3,72.31,67.22,1,1,68.64,1,EASIER
7,63.93,84.47,3,2,64.48,5,SAME
6,51.02,94.82,3,3,47.64,4,EASIER
5,79.75,64.52,1,1,72.11,3,SAME
6,70.06,89.49,2,1,66.83,4,SAME
4,89.53,20.97,1,1,88.37,2,HARDER
4,80.26,21.79,1,1,80.52,2,SAME
6,72.38,82.28,2,1,71.99,4,SAME
6,51.78,36.13,3,3,48.14,4,EASIER
6,58.72,68.92,2,2,58.03,4,SAME
5,76.72,42.09,1,1,70.56,3,SAME
3,95.82,21.9,1,0,95.23,1,HARDER
6,54.06,147.75,1,2,48.52,4,EASIER
6,60.55,46.8,1,2,62.31,4,SAME
5,41.78,89.21,3,3,38.57,3,EASIER
4,74.21,29.05,2,3,71.04,2,EASIER
7,60.91,87.8,3,3,58.27,5,EASIER
4,100.0,47.29,1,0,99.48,2,HARDER
4,66.01,33.41,4,3,58.71,2,EASIER
6,67.4,51.55,4,2,64.33,4,EASIER
5,56.7,48.29,4,3,53.55,3,EASIER
5,78.5,24.07,1,1,83.12,3,SAME
6,67.52,99.98,1,1,69.97,4,SAME
4,83.84,8.84,1,0,81.19,2,SAME
3,88.94,37.12,1,2,87.82,1,SAME
3,86.11,32.87,1,1,87.15,1,HARDER
7,49.34,268.08,4,4,39.69,5,EASIER
5,46.37,170.81,5,4,39.09,3,EASIER
5,59.76,92.17,2,2,55.88,3,SAME
4,91.37,28.3,1,0,87.51,2,HARDER
6,67.57,253.78,1,2,63.32,4,EASIER
7,42.79,58.43,2,3,37.7,5,HARDER
6,81.75,30.49,1,1,82.66,4,EASIER
5,80.31,145.1,1,1,77.83,3,EASIER
5,79.86,78.12,1,1,76.42,3,SAME
7,73.76,40.29,2,2,69.26,5,SAME
7,74.43,53.51,1,2,75.25,5,SAME
4,58.0,49.24,4,3,55.7,2,EASIER
7,50.97,69.71,3,3,42.22,5,EASIER
7,51.01,75.4,5,4,45.31,5,EASIER
7,29.31,300.0,3,3,22.55,5,SAME
3,82.99,65.03,1,1,76.8,1,EASIER
3,93.57,26.69,1,0,93.02,1,HARDER
4,75.17,35.41,2,1,78.33,2,SAME
6,86.91,131.1,2,1,86.75,4,SAME
3,100.0,19.47,1,0,98.74,1,HARDER
3,100.0,9.27,1,0,100.0,1,HARDER
3,97.13,8.0,2,0,99.09,1,HARDER
3,92.98,24.19,1,1,90.34,1,HARDER
7,36.21,181.11,1,3,35.35,5,EASIER
6,60.42,82.69,3,3,52.57,4,EASIER
6,54.8,124.95,1,2,55.84,4,EASIER
4,44.7,58.28,4,3,41.92,2,EASIER
6,62.55,168.59,3,2,60.04,4,EASIER
6,43.69,90.34,3,3,38.12,4,EASIER
5,68.9,66.49,1,1,61.43,3,SAME
7,44.17,109.78,3,3,37.13,5,EASIER
5,79.0,51.04,1,1,77.44,3,SAME
4,83.72,18.15,1,1,80.17,2,SAME
6,59.12,150.83,3,3,51.91,4,EASIER
7,69.75,90.86,1,2,67.65,5,SAME
7,25.09,88.07,4,5,13.64,5,EASIER
5,87.27,44.36,2,1,85.56,3,HARDER
5,43.76,29.87,4,4,34.5,3,SAME
7,38.22,106.9,3,3,30.26,5,EASIER
6,87.64,107.26,1,1,89.9,4,HARDER
5,55.41,40.91,4,3,47.49,3,EASIER
4,94.77,61.88,1,0,88.19,2,SAME
7,64.09,91.63,2,2,66.6,5,SAME
7,61.15,48.58,2,1,57.72,5,SAME
3,80.69,46.07,1,1,76.14,1,SAME
3,87.71,27.31,1,0,90.06,1,HARDER
3,100.0,36.71,2,0,97.99,1,SAME
4,60.91,57.65,3,3,55.13,2,EASIER
3,90.82,16.41,1,0,90.31,1,HARDER
7,68.74,84.27,1,2,67.0,5,SAME
7,51.91,196.8,1,3,48.69,5,SAME
3,79.89,56.57,1,1,82.56,1,SAME
7,53.74,115.93,2,4,51.52,5,EASIER
3,87.82,18.91,1,0,88.03,1,HARDER
6,37.33,196.67,2,3,36.89,4,EASIER
4,80.05,28.31,2,2,80.25,2,SAME
3,100.0,28.94,1,0,98.36,1,HARDER
5,26.18,46.93,3,4,23.02,3,EASIER
7,63.61,129.69,1,2,68.83,5,SAME
7,15.98,66.9,3,4,8.54,5,EASIER
3,99.25,21.16,2,0,99.47,1,HARDER
7,49.5,79.57,2,3,37.6,5,EASIER
4,69.01,51.88,3,1,68.67,2,SAME
5,51.48,62.88,3,2,50.57,3,EASIER
3,96.78,36.99,3,1,96.07,1,SAME
7,78.92,71.41,2,0,80.3,5,HARDER
6,29.77,73.58,5,4,26.59,4,EASIER
6,46.98,113.49,2,4,38.67,4,EASIER
6,68.53,128.16,2,1,64.29,4,SAME
7,58.48,50.93,3,2,57.56,5,SAME
3,71.43,28.8,3,2,70.13,1,SAME
4,58.37,25.93,3,3,52.39,2,EASIER
3,100.0,37.47,1,0,100.0,1,SAME
5,67.01,145.68,1,1,64.86,3,EASIER
5,66.39,15.92,2,1,67.73,3,SAME
3,77.31,18.67,3,2,76.33,1,SAME
6,24.73,94.06,5,5,18.39,4,EASIER
3,83.03,24.96,1,0,81.28,1,SAME
6,54.72,133.67,1,2,48.59,4,EASIER
6,33.83,85.44,3,4,29.94,4,EASIER
7,46.46,83.91,2,2,51.46,5,EASIER
3,89.3,15.88,1,1,88.28,1,HARDER
7,33.11,58.6,4,5,22.15,5,EASIER
5,75.3,40.16,1,1,79.07,3,SAME
7,30.11,82.31,4,4,28.67,5,EASIER
6,47.11,100.11,5,4,45.4,4,HARDER
6,80.7,75.58,1,0,79.82,4,SAME
3,97.12,18.71,1,0,96.02,1,HARDER
6,57.59,48.52,3,3,51.6,4,EASIER
5,78.86,40.96,2,1,75.94,3,SAME
7,28.08,82.36,5,4,22.64,5,EASIER
6,61.13,55.57,1,1,59.07,4,SAME
3,60.37,33.73,5,3,56.09,1,EASIER
7,32.95,236.06,3,4,28.1,5,EASIER
3,100.0,14.81,1,0,99.08,1,HARDER
4,97.04,64.3,2,1,91.5,2,SAME
4,100.0,52.64,2,0,96.86,2,SAME
7,72.18,123.54,1,2,68.98,5,SAME
3,85.0,49.32,2,1,83.94,1,SAME
7,41.37,102.07,1,3,32.34,5,EASIER
4,78.74,45.9,1,2,75.09,2,SAME
6,47.41,87.45,3,2,45.83,4,EASIER
3,75.61,25.56,2,1,76.63,1,SAME
4,91.14,47.15,2,0,92.45,2,HARDER
6,71.79,84.0,3,1,73.05,4,SAME
6,56.55,104.49,2,2,55.41,4,SAME
7,42.24,77.75,3,4,31.22,5,EASIER
7,53.57,79.08,2,2,49.91,5,EASIER
5,56.87,41.54,1,1,57.3,3,SAME
4,98.17,32.01,1,0,95.18,2,HARDER
4,77.24,61.18,3,1,77.77,2,SAME
7,42.39,87.06,2,2,34.36,5,EASIER
6,39.96,115.12,3,3,39.56,4,EASIER
7,65.9,129.43,3,3,61.81,5,EASIER
5,86.32,46.62,1,0,82.77,3,HARDER
5,93.19,110.88,1,0,90.28,3,SAME
7,50.34,167.28,1,2,48.2,5,EASIER
6,83.09,82.08,2,1,80.44,4,SAME
4,73.94,36.58,1,2,76.34,2,SAME
5,78.91,60.75,1,1,76.38,3,SAME
4,51.33,18.52,3,3,47.49,2,EASIER
6,57.88,53.4,2,2,59.65,4,SAME
3,92.11,30.71,1,1,91.88,1,HARDER
7,58.99,47.27,1,2,54.63,5,SAME
7,63.5,74.52,2,2,59.06,5,SAME
3,81.61,20.99,1,1,83.34,1,SAME
6,53.13,300.0,1,2,54.94,4,EASIER
3,72.2,33.74,3,2,67.09,1,SAME
4,71.71,63.65,2,2,66.79,2,SAME
4,79.41,26.03,3,2,74.78,2,SAME
5,54.95,69.38,3,2,52.76,3,EASIER
7,61.51,42.91,1,3,62.5,5,EASIER
5,65.19,49.24,2,2,64.88,3,SAME
4,100.0,48.19,1,0,100.0,2,HARDER
3,89.99,13.3,1,0,90.74,1,HARDER
7,60.94,138.76,1,3,58.12,5,EASIER
4,66.5,47.53,3,2,58.53,2,SAME
5,75.01,43.04,2,2,72.99,3,SAME
3,78.62,17.24,2,2,82.92,1,SAME
4,72.13,27.15,2,1,68.64,2,SAME
5,72.14,48.85,1,2,62.08,3,SAME
7,49.83,94.24,3,3,50.27,5,EASIER
4,95.19,48.28,1,0,93.68,2,HARDER
5,73.57,44.52,1,1,72.54,3,SAME
7,29.17,268.18,2,5,24.12,5,EASIER
4,64.3,80.41,1,2,64.01,2,EASIER
4,100.0,42.46,2,0,100.0,2,HARDER
3,81.0,21.45,1,1,81.28,1,SAME
7,69.94,83.75,3,2,68.2,5,SAME
3,73.1,28.78,3,3,71.82,1,EASIER
4,72.68,47.88,1,1,66.85,2,SAME
3,89.15,22.86,1,1,92.74,1,HARDER
6,69.91,66.84,2,2,56.69,4,SAME
4,80.99,44.85,1,1,79.76,2,SAME
6,42.15,85.0,4,4,36.95,4,EASIER
6,45.85,60.9,2,3,43.31,4,EASIER
3,76.01,26.29,2,1,66.46,1,SAME
4,88.44,28.59,1,0,84.5,2,HARDER
3,66.01,17.89,2,2,65.02,1,SAME
3,85.2,24.94,1,1,88.18,1,HARDER
5,79.93,43.64,1,0,78.65,3,SAME
4,97.15,26.93,1,0,95.69,2,HARDER
3,76.61,39.81,1,1,73.93,1,SAME
5,99.42,47.77,1,1,100.0,3,HARDER
5,75.14,144.45,1,1,78.37,3,EASIER
7,39.51,157.59,2,4,33.48,5,EASIER
6,71.63,53.51,1,1,71.09,4,SAME
4,73.84,65.54,1,1,70.78,2,SAME
5,52.77,40.68,2,3,48.2,3,EASIER
3,85.42,60.16,1,2,83.72,1,EASIER
4,82.18,42.26,1,1,83.45,2,SAME
5,50.64,75.87,5,3,43.81,3,EASIER
3,79.54,25.35,1,0,81.97,1,SAME
7,37.95,129.46,3,5,27.43,5,EASIER
5,80.35,51.78,2,1,71.85,3,SAME
6,71.38,50.67,2,3,69.98,4,EASIER
4,69.78,44.58,1,2,67.96,2,SAME
7,23.92,195.78,3,5,21.45,5,EASIER
4,71.67,21.71,1,2,65.47,2,SAME
7,63.52,259.32,1,1,64.83,5,EASIER
5,43.61,78.1,1,2,39.58,3,EASIER
6,56.56,65.33,2,3,55.67,4,EASIER
4,94.16,30.69,1,0,94.74,2,HARDER
7,50.08,300.0,1,3,44.76,5,EASIER
3,87.29,37.96,1,2,81.75,1,SAME
3,98.82,41.52,1,0,100.0,1,SAME
5,60.55,51.22,3,3,56.24,3,EASIER
7,32.83,151.6,4,5,23.81,5,EASIER
7,55.38,135.49,3,4,52.68,5,EASIER
7,84.06,101.83,1,0,86.08,5,SAME
5,51.69,61.22,1,3,41.61,3,EASIER
7,25.92,205.1,4,5,16.48,5,EASIER
5,68.02,128.03,1,2,66.65,3,EASIER
5,63.8,51.21,2,2,58.95,3,SAME
3,83.67,13.94,2,1,78.89,1,SAME
6,53.9,192.75,2,4,43.9,4,EASIER
4,66.98,82.76,1,2,60.49,2,EASIER
3,95.9,29.88,1,1,95.96,1,HARDER
4,71.64,88.25,2,2,67.68,2,EASIER
6,82.53,97.23,1,0,77.53,4,SAME
4,95.74,24.79,1,0,93.22,2,HARDER
4,81.66,20.51,1,2,77.23,2,SAME
4,82.84,20.42,2,1,82.59,2,SAME
5,23.74,58.13,5,5,12.66,3,EASIER
6,39.59,64.35,2,2,30.91,4,EASIER
6,75.01,60.69,2,1,73.99,4,SAME
3,88.49,23.84,1,0,89.39,1,HARDER
4,96.45,56.87,1,0,100.0,2,SAME
6,82.07,61.7,1,2,82.54,4,SAME
4,39.12,27.15,5,4,30.85,2,HARDER
3,83.18,20.18,3,1,83.69,1,SAME
4,66.72,58.58,2,1,67.27,2,SAME
6,66.66,79.07,1,2,60.81,4,SAME
6,47.94,94.85,2,4,42.33,4,EASIER
3,98.94,49.9,1,0,97.99,1,SAME
6,43.93,300.0,3,4,37.67,4,EASIER
3,82.72,33.24,1,1,80.07,1,SAME
6,52.3,108.66,2,3,52.12,4,EASIER
5,64.51,32.27,4,2,64.54,3,EASIER
3,66.98,29.46,3,3,65.55,1,EASIER
4,77.22,39.12,1,1,79.8,2,SAME
7,35.32,182.14,3,3,28.86,5,EASIER
5,47.82,47.77,4,4,41.16,3,EASIER
6,48.75,91.02,5,5,42.86,4,EASIER
6,56.07,112.33,3,3,48.77,4,EASIER
3,81.15,58.19,1,0,84.8,1,EASIER
7,25.36,262.63,3,4,17.55,5,EASIER
4,81.33,68.9,1,0,75.36,2,SAME
6,64.02,119.68,1,1,61.16,4,SAME
5,64.56,46.85,4,3,58.78,3,EASIER
5,60.0,83.1,2,2,58.18,3,SAME
4,67.73,26.43,4,2,57.25,2,EASIER
7,60.18,100.09,1,2,57.73,5,SAME
3,83.76,55.16,2,1,82.86,1,EASIER
7,63.81,150.16,3,2,65.54,5,SAME
4,80.77,42.28,1,0,79.48,2,SAME
7,56.99,135.96,5,3,53.28,5,EASIER
3,80.63,23.98,2,0,79.85,1,SAME
3,78.54,9.58,1,1,77.01,1,SAME
3,86.23,14.24,4,2,81.26,1,EASIER
5,81.3,78.73,3,2,85.43,3,SAME
4,73.7,24.65,1,0,72.69,2,SAME
5,68.32,54.99,1,2,65.22,3,SAME
7,58.0,57.37,3,2,58.18,5,SAME
3,96.3,18.16,1,0,94.36,1,HARDER
5,61.09,57.88,2,2,63.07,3,SAME
6,56.11,132.57,1,1,55.74,4,SAME
5,62.68,101.19,3,3,59.65,3,EASIER
7,40.51,75.05,4,4,34.95,5,EASIER
6,61.22,96.18,3,4,55.78,4,EASIER
3,89.31,13.26,2,1,87.23,1,HARDER
5,86.92,59.64,1,0,89.77,3,HARDER
4,59.8,59.48,1,1,53.64,2,SAME
3,100.0,24.27,2,0,100.0,1,HARDER
7,45.31,229.42,3,2,43.75,5,EASIER
4,77.77,56.31,1,1,82.86,2,SAME
3,88.61,27.83,1,1,90.15,1,EASIER
4,84.14,33.79,2,1,79.59,2,SAME
7,65.59,83.7,1,2,63.7,5,SAME
5,79.74,28.18,1,1,83.55,3,SAME
7,54.98,55.29,2,3,50.28,5,EASIER
5,85.4,94.91,2,1,82.05,3,SAME
3,91.82,49.03,1,0,95.11,1,SAME
4,89.52,22.86,2,2,86.67,2,SAME
3,99.95,25.77,3,1,96.89,1,SAME
5,87.59,26.6,1,1,82.04,3,HARDER
4,87.31,24.01,1,0,89.09,2,HARDER
7,13.4,129.04,5,3,4.57,5,SAME
4,58.5,29.78,4,4,55.39,2,EASIER
4,100.0,15.44,1,0,100.0,2,HARDER
7,31.73,285.8,4,3,24.29,5,EASIER
5,62.33,56.61,1,2,63.07,3,SAME
3,80.65,15.29,2,0,80.26,1,SAME
5,35.72,61.79,5,5,26.12,3,EASIER
4,78.97,36.58,1,1,73.64,2,SAME
6,63.96,102.11,1,2,57.99,4,SAME
5,70.55,49.02,1,2,68.54,3,SAME
6,62.69,96.56,2,1,60.59,4,SAME
7,27.51,187.31,2,3,22.76,5,EASIER
6,70.28,41.32,2,2,66.46,4,SAME
4,99.77,27.43,1,0,100.0,2,HARDER
4,48.29,56.38,3,3,47.56,2,EASIER
5,67.69,44.15,4,3,68.8,3,EASIER
5,77.21,55.7,2,2,72.95,3,SAME
4,81.01,30.46,2,0,83.67,2,SAME
7,49.53,89.67,3,3,43.25,5,EASIER
7,44.48,85.61,4,4,31.61,5,EASIER
4,86.53,21.03,2,1,81.86,2,HARDER
6,49.64,104.12,4,4,48.55,4,EASIER
7,85.58,199.83,1,0,86.86,5,SAME
3,76.03,23.11,2,1,78.43,1,SAME
4,100.0,59.37,1,0,96.49,2,SAME
6,54.59,63.52,3,3,50.18,4,EASIER
5,44.65,44.17,5,5,36.78,3,EASIER
6,65.52,101.52,3,2,56.5,4,SAME
5,51.53,71.66,4,4,50.01,3,EASIER
3,100.0,23.78,2,0,100.0,1,HARDER
5,52.94,81.07,3,3,46.99,3,EASIER
5,90.97,30.67,1,1,93.75,3,HARDER
7,69.62,94.9,1,2,62.3,5,SAME
3,73.12,38.41,3,3,69.0,1,EASIER
3,71.13,38.36,2,2,67.82,1,SAME
3,78.25,36.27,1,1,75.69,1,SAME
5,64.6,96.13,1,2,65.56,3,SAME
7,75.18,91.42,1,2,72.41,5,SAME
6,56.5,33.78,3,3,48.86,4,EASIER
7,64.69,97.27,2,2,62.72,5,SAME
7,53.97,158.4,2,2,49.1,5,EASIER
6,33.54,124.27,4,5,25.31,4,EASIER
6,66.91,62.37,2,2,66.49,4,SAME
4,90.75,24.11,1,0,88.49,2,HARDER
7,43.77,69.77,1,3,40.25,5,EASIER
6,56.45,61.81,2,3,50.54,4,EASIER
7,33.05,39.83,4,4,27.81,5,EASIER
7,49.2,84.03,1,2,47.77,5,EASIER
4,78.53,38.86,2,1,83.11,2,SAME
3,93.03,23.93,1,1,93.92,1,HARDER
7,56.45,93.55,4,3,56.38,5,EASIER
5,85.88,41.23,1,0,85.62,3,HARDER
7,31.64,81.97,5,4,23.28,5,EASIER
6,59.67,61.44,2,3,52.97,4,EASIER
4,100.0,52.94,1,0,100.0,2,SAME
4,89.57,37.98,1,1,94.32,2,HARDER
6,37.2,300.0,5,4,31.22,4,EASIER
4,68.47,32.5,1,1,71.92,2,SAME
4,51.88,46.68,3,3,42.95,2,EASIER
4,51.44,32.85,5,5,45.32,2,EASIER
6,59.75,68.91,4,2,56.41,4,EASIER
3,100.0,50.11,1,0,99.12,1,SAME
3,80.49,38.97,1,1,78.86,1,SAME
3,95.81,11.45,1,1,92.77,1,HARDER
6,67.55,48.18,2,3,63.7,4,EASIER
3,77.2,23.53,1,1,76.4,1,SAME
5,60.63,44.9,2,2,59.81,3,SAME
3,88.79,12.78,1,1,87.45,1,HARDER
5,48.68,61.42,3,2,46.01,3,EASIER
3,100.0,10.84,1,0,100.0,1,HARDER
3,78.22,26.45,1,1,75.8,1,SAME
5,55.95,83.24,3,4,48.04,3,EASIER
6,42.26,129.09,5,5,34.7,4,EASIER
3,85.66,23.44,2,1,79.94,1,HARDER
5,50.62,122.52,5,3,44.08,3,EASIER
7,29.09,134.19,4,4,18.57,5,EASIER
6,23.46,127.3,5,6,12.73,4,EASIER
6,43.1,55.92,5,3,39.19,4,EASIER
4,63.84,77.69,2,2,57.52,2,EASIER
7,33.98,111.82,4,5,25.78,5,SAME
3,79.14,50.43,1,1,78.59,1,EASIER
6,26.43,166.16,5,6,18.12,4,EASIER
5,46.39,65.89,3,2,44.36,3,EASIER
3,63.84,29.95,3,2,56.95,1,SAME
7,58.97,101.54,1,2,57.19,5,SAME
6,75.46,53.56,2,1,73.55,4,SAME
4,100.0,50.27,1,1,100.0,2,HARDER
3,85.63,31.85,3,0,85.7,1,SAME
6,51.65,35.34,4,3,49.15,4,EASIER
5,74.24,55.67,3,2,70.52,3,SAME
3,87.34,36.79,1,1,84.9,1,SAME
7,54.86,248.97,1,2,49.59,5,EASIER
6,46.9,119.57,5,4,31.86,4,EASIER
5,82.96,27.37,1,1,78.5,3,SAME
4,94.53,23.15,1,1,96.22,2,HARDER
4,77.46,32.3,3,3,72.78,2,EASIER
5,64.29,115.91,1,2,64.13,3,SAME
3,97.07,19.08,1,0,100.0,1,HARDER
4,73.8,62.5,1,0,71.82,2,SAME
4,92.05,28.35,1,0,94.7,2,HARDER
3,70.96,31.69,3,2,63.52,1,SAME
3,47.79,16.45,5,4,38.87,1,EASIER
4,68.6,34.69,1,0,68.77,2,SAME
4,100.0,22.33,1,0,100.0,2,HARDER
4,69.5,74.88,1,1,68.84,2,SAME
6,73.42,57.13,2,2,75.94,4,SAME
5,70.43,26.97,3,1,73.5,3,SAME
3,100.0,12.12,1,0,100.0,1,HARDER
7,51.92,106.9,1,2,48.87,5,EASIER
6,65.39,64.62,1,2,66.43,4,SAME
5,64.53,79.96,1,2,59.95,3,SAME
3,100.0,22.52,1,0,100.0,1,HARDER
7,57.33,211.44,3,3,48.23,5,EASIER
6,48.47,67.11,4,3,44.62,4,EASIER
5,83.49,96.4,3,1,89.04,3,SAME
3,92.85,16.36,1,1,94.96,1,HARDER
3,87.7,12.81,1,1,87.14,1,HARDER
4,78.05,25.81,2,0,80.45,2,SAME
4,89.29,22.36,1,0,84.41,2,HARDER
4,67.71,21.21,1,2,66.84,2,SAME
5,64.79,71.18,3,2,62.31,3,SAME
3,74.2,22.23,3,1,76.57,1,SAME
4,80.85,40.62,1,1,80.86,2,SAME
7,58.53,149.31,1,2,52.16,5,SAME
7,73.71,44.69,1,1,77.15,5,SAME
3,89.42,32.22,1,1,87.39,1,HARDER
6,57.46,43.82,1,1,61.58,4,SAME
7,56.75,81.79,2,3,51.81,5,EASIER
5,74.24,22.73,1,2,68.47,3,SAME
4,82.89,51.69,1,1,77.98,2,SAME
5,48.06,25.14,5,4,37.63,3,EASIER
4,73.8,21.62,3,3,71.67,2,EASIER
4,61.62,22.37,2,2,57.29,2,SAME
7,20.01,104.41,5,4,16.39,5,EASIER
6,68.91,75.48,1,1,64.87,4,SAME
5,50.73,86.69,4,4,46.32,3,EASIER
3,72.37,23.86,2,2,68.78,1,SAME
7,27.22,189.59,2,4,21.1,5,EASIER
3,85.27,29.6,2,1,85.67,1,HARDER
6,57.93,50.15,2,3,56.78,4,EASIER
4,87.55,27.77,1,1,87.72,2,HARDER
4,62.72,77.29,4,2,64.37,2,EASIER
3,96.29,43.17,1,1,89.93,1,SAME
4,49.76,55.97,4,3,42.37,2,EASIER
6,44.95,134.77,4,3,38.83,4,EASIER
5,91.67,73.02,2,1,91.98,3,HARDER
3,85.3,29.02,2,1,79.29,1,EASIER
4,100.0,38.9,1,0,96.81,2,HARDER
3,95.39,53.24,1,0,96.46,1,EASIER
5,67.16,46.08,1,2,62.67,3,SAME
7,88.17,127.67,1,0,82.77,5,HARDER
7,71.23,44.15,2,2,69.43,5,SAME
7,48.79,51.35,1,2,45.07,5,EASIER
3,71.76,56.07,3,2,64.86,1,EASIER
5,73.93,78.71,4,2,71.33,3,EASIER
3,97.02,22.74,1,0,88.19,1,HARDER
5,56.53,60.29,1,2,50.86,3,SAME
5,41.3,29.61,5,4,40.65,3,EASIER
6,61.29,65.63,1,1,62.53,4,SAME
4,79.29,19.15,4,2,76.01,2,EASIER
3,95.67,21.92,1,0,97.1,1,HARDER
5,64.76,81.22,2,2,57.74,3,SAME
5,67.27,72.59,1,2,68.99,3,SAME
6,61.93,187.37,2,2,59.34,4,EASIER
3,81.36,28.5,2,2,78.46,1,SAME
6,64.98,22.6,2,2,62.34,4,SAME
5,55.13,152.33,4,3,50.72,3,EASIER
6,64.91,52.96,2,3,60.28,4,EASIER
7,26.26,122.35,4,4,24.47,5,EASIER
4,79.25,39.86,3,1,79.05,2,SAME
6,73.52,92.94,2,1,70.36,4,SAME
3,100.0,25.54,2,2,96.45,1,SAME
7,27.81,116.08,5,3,26.97,5,EASIER
5,63.11,30.15,5,3,62.67,3,EASIER
6,66.62,300.0,1,2,59.76,4,EASIER
6,58.09,115.06,4,3,54.15,4,EASIER
6,57.57,84.24,3,3,48.61,4,EASIER
4,62.73,90.31,2,3,59.0,2,EASIER
6,38.8,46.96,5,5,29.3,4,EASIER
5,62.19,89.15,1,2,55.07,3,SAME
6,39.41,61.44,3,4,37.38,4,EASIER
6,69.76,101.08,2,2,70.16,4,SAME
5,59.69,71.56,2,2,54.34,3,SAME
3,68.22,8.84,1,1,68.07,1,SAME
4,85.37,19.39,1,0,84.93,2,HARDER
7,45.63,265.9,3,3,40.57,5,EASIER
5,83.96,51.19,1,0,86.48,3,SAME
6,47.15,232.19,1,2,45.26,4,EASIER
4,74.81,70.34,1,2,71.81,2,SAME
6,74.55,73.13,1,1,80.18,4,SAME
5,79.98,49.79,2,1,78.37,3,EASIER
4,85.26,82.46,1,1,83.35,2,EASIER
3,96.52,63.73,1,0,90.91,1,EASIER
4,82.18,33.21,1,1,87.61,2,SAME
5,76.11,124.19,1,1,71.01,3,EASIER
4,84.51,61.66,1,1,86.96,2,SAME
4,69.61,66.87,1,1,65.1,2,HARDER
4,64.45,39.85,1,1,62.72,2,SAME
4,67.56,27.7,2,2,66.52,2,SAME
6,47.91,47.39,3,2,52.1,4,EASIER
5,91.65,30.41,1,1,87.59,3,HARDER
5,68.4,149.36,1,1,71.42,3,EASIER
3,66.74,25.12,3,3,60.2,1,EASIER
5,46.86,32.91,5,3,43.41,3,EASIER
7,44.73,193.41,3,3,36.96,5,EASIER
6,58.15,63.92,2,2,55.74,4,SAME
5,42.59,42.02,5,5,36.87,3,EASIER
4,74.58,100.44,1,2,74.21,2,EASIER
4,86.29,20.33,1,0,88.76,2,HARDER
3,87.81,27.76,1,1,86.14,1,HARDER
3,84.8,19.22,1,1,82.05,1,SAME
6,33.54,55.5,5,5,29.29,4,EASIER
7,52.61,50.44,3,4,51.14,5,EASIER
7,30.38,115.7,5,4,20.84,5,EASIER
6,69.2,52.05,2,3,64.34,4,EASIER
7,76.85,154.59,1,1,73.65,5,SAME
5,43.67,56.67,4,4,38.65,3,EASIER
4,81.28,32.81,1,1,77.95,2,SAME
4,52.39,25.26,3,3,48.5,2,EASIER
4,78.41,74.44,1,1,79.89,2,SAME
6,87.7,120.21,1,2,79.57,4,HARDER
3,89.52,18.46,2,0,87.77,1,HARDER
7,48.64,53.4,2,2,45.75,5,EASIER
6,47.05,30.72,5,3,40.05,4,EASIER
4,69.42,64.85,1,1,69.3,2,SAME
6,53.6,131.56,1,2,47.36,4,EASIER
3,89.01,39.83,2,1,88.67,1,SAME
5,73.56,54.65,1,1,71.93,3,SAME
3,86.68,35.79,1,1,82.78,1,SAME
3,88.3,39.49,1,0,84.33,1,SAME
3,80.18,24.24,2,1,79.78,1,SAME
6,84.35,68.07,1,0,90.16,4,SAME
6,39.95,49.36,3,4,36.22,4,EASIER
7,23.83,141.28,5,4,19.98,5,EASIER
7,62.3,151.91,1,1,59.65,5,SAME
7,43.16,89.74,2,3,38.71,5,EASIER
7,47.62,95.69,2,4,38.67,5,EASIER
3,99.46,22.7,1,0,97.08,1,HARDER
6,43.39,123.74,3,3,40.53,4,EASIER
6,51.0,40.13,5,3,43.14,4,EASIER
3,47.21,15.29,5,3,42.17,1,EASIER
3,100.0,15.42,1,0,97.52,1,HARDER
7,70.48,103.29,1,2,66.81,5,SAME
7,62.06,133.0,2,1,57.74,5,SAME
4,72.74,22.99,2,2,63.83,2,SAME
3,89.12,37.46,1,0,90.4,1,SAME
4,96.67,75.57,3,0,96.64,2,SAME
3,77.57,30.05,1,0,79.97,1,SAME
6,58.59,147.02,1,2,60.14,4,SAME
4,66.35,24.72,3,3,63.22,2,EASIER
3,91.89,16.81,1,0,94.35,1,HARDER
7,39.67,148.26,5,4,36.1,5,EASIER
7,47.46,109.68,4,4,46.73,5,EASIER
7,37.15,68.83,3,3,30.19,5,EASIER
7,60.95,243.51,1,2,57.08,5,EASIER
3,98.12,28.56,1,1,94.97,1,HARDER
6,53.91,118.14,3,3,49.58,4,EASIER
6,42.11,57.75,4,4,34.03,4,EASIER
6,43.0,196.42,4,4,34.0,4,EASIER
4,59.92,35.31,4,3,53.76,2,EASIER
4,74.62,61.35,2,1,70.38,2,SAME
7,56.23,81.52,2,3,49.5,5,EASIER
3,80.24,26.95,1,1,73.53,1,SAME
6,61.21,109.6,2,2,64.35,4,SAME
6,69.82,231.44,1,2,64.37,4,EASIER
6,77.47,65.24,1,2,77.6,4,SAME
5,74.4,64.12,1,1,75.98,3,SAME
6,50.96,111.55,3,3,46.78,4,EASIER
7,82.35,51.8,1,0,79.5,5,SAME
6,53.45,26.47,2,2,53.68,4,EASIER
3,97.12,16.05,1,0,99.93,1,HARDER
4,88.68,59.87,2,1,89.77,2,SAME
4,68.15,85.14,1,1,69.35,2,EASIER
4,75.18,24.63,2,2,73.69,2,SAME
4,82.23,21.45,3,1,82.65,2,SAME
4,65.8,78.17,2,1,67.14,2,EASIER
6,71.66,61.11,1,2,66.8,4,SAME
3,74.66,21.19,1,1,72.93,1,SAME
6,30.14,175.12,5,4,20.06,4,EASIER
6,72.08,160.77,2,2,73.52,4,SAME
7,36.41,186.34,2,3,33.26,5,EASIER
3,65.05,11.67,2,2,58.24,1,SAME
4,76.61,21.03,2,2,66.7,2,SAME
7,33.33,206.27,5,4,27.69,5,EASIER
5,70.86,67.88,1,1,68.83,3,SAME
5,45.64,39.47,5,4,38.15,3,EASIER
3,91.17,21.45,2,1,90.6,1,HARDER
6,64.36,146.12,3,2,64.29,4,SAME
4,79.53,77.91,2,1,81.72,2,EASIER
7,73.43,111.64,1,2,74.73,5,SAME
4,83.69,27.52,1,0,83.85,2,SAME
3,83.13,22.12,1,1,86.79,1,SAME
5,49.26,112.76,2,3,43.47,3,EASIER
5,50.56,111.67,2,3,47.04,3,EASIER
5,54.16,63.85,4,2,52.63,3,EASIER
7,70.3,83.93,2,1,71.11,5,SAME
4,64.64,63.21,2,3,56.86,2,EASIER
4,100.0,81.48,1,0,100.0,2,EASIER
6,47.08,38.51,4,3,44.46,4,EASIER
3,78.97,22.54,1,1,73.27,1,SAME
7,49.09,210.29,1,3,45.07,5,EASIER
4,83.1,39.34,1,0,82.51,2,SAME
4,71.03,30.2,5,3,72.28,2,EASIER
3,91.1,27.15,1,1,90.83,1,HARDER
4,62.75,45.23,2,2,58.68,2,SAME
5,96.35,33.2,1,0,94.87,3,SAME
6,55.92,85.96,2,3,54.27,4,EASIER
7,24.08,136.82,5,5,17.54,5,EASIER
6,68.16,63.53,2,1,67.08,4,SAME
4,94.95,26.34,1,0,96.98,2,HARDER
7,45.63,83.54,5,4,39.96,5,EASIER
3,70.78,16.23,1,2,71.78,1,SAME
4,93.41,56.68,2,1,91.22,2,SAME
4,72.46,23.93,1,1,68.03,2,SAME
5,62.52,63.69,4,2,58.57,3,EASIER
4,61.07,31.87,5,4,55.0,2,EASIER
7,62.62,76.22,2,2,60.31,5,SAME
4,64.87,72.39,3,3,61.13,2,EASIER
4,75.71,35.73,4,3,72.04,2,EASIER
6,56.36,57.9,3,3,50.11,4,EASIER
5,78.42,39.71,3,1,72.62,3,SAME
5,49.8,68.6,3,4,38.08,3,EASIER
7,77.56,175.74,1,1,78.24,5,SAME
5,53.88,108.8,1,2,43.86,3,EASIER
3,100.0,23.2,1,0,100.0,1,HARDER
6,64.52,72.84,1,2,62.96,4,SAME
6,67.3,87.78,2,2,66.12,4,SAME
4,78.94,41.11,1,1,78.81,2,SAME
7,39.06,73.53,3,3,34.34,5,EASIER
4,76.4,75.56,1,1,70.98,2,SAME
3,99.03,25.25,1,0,97.09,1,HARDER
3,94.02,31.72,1,0,98.12,1,HARDER
6,68.41,102.25,3,2,66.88,4,SAME
4,61.66,45.94,5,4,52.32,2,EASIER
5,74.36,35.28,2,2,68.56,3,SAME
6,60.78,81.73,5,3,62.32,4,EASIER
7,25.53,300.0,5,4,15.97,5,EASIER
5,46.98,127.24,3,4,40.95,3,EASIER
7,34.97,122.01,3,5,28.05,5,EASIER
4,97.71,31.98,2,2,97.68,2,SAME
7,62.32,33.44,1,1,63.71,5,SAME
4,84.95,30.08,1,0,86.76,2,SAME
3,83.83,24.14,1,0,84.15,1,SAME
6,46.07,69.53,2,3,43.18,4,EASIER
6,91.96,72.09,1,0,100.0,4,HARDER
7,46.03,157.23,1,2,53.56,5,EASIER
7,31.43,64.93,4,4,27.29,5,EASIER
3,86.53,28.22,1,0,85.35,1,HARDER
6,51.12,77.43,3,3,46.7,4,EASIER
6,56.88,51.83,2,3,54.97,4,EASIER
6,61.77,195.83,2,2,55.9,4,EASIER
3,100.0,34.87,1,0,100.0,1,EASIER
3,89.78,17.62,1,0,90.34,1,HARDER
6,71.55,107.31,1,0,66.93,4,SAME
7,25.17,52.52,5,5,18.86,5,EASIER
3,96.79,18.61,1,0,95.23,1,HARDER
3,78.81,45.13,2,1,80.56,1,SAME
5,72.38,69.02,1,1,70.34,3,SAME
4,80.61,43.17,3,1,74.73,2,SAME
7,34.23,191.79,2,4,26.82,5,EASIER
7,50.26,156.28,4,3,46.31,5,EASIER
5,76.8,50.84,1,1,69.22,3,SAME
7,31.2,186.58,4,4,27.12,5,EASIER
4,82.78,17.18,4,2,77.4,2,EASIER
7,72.28,77.85,1,1,73.07,5,SAME
5,58.75,55.28,1,2,61.33,3,SAME
5,72.65,76.06,3,2,73.19,3,SAME
3,96.98,21.63,1,0,96.57,1,HARDER
3,76.41,11.3,1,1,77.89,1,SAME
3,89.63,10.62,1,1,89.78,1,HARDER
5,58.32,56.08,5,2,55.52,3,EASIER
3,49.31,20.21,4,3,54.22,1,EASIER
3,99.07,16.68,1,0,100.0,1,HARDER
6,52.2,46.83,3,4,44.62,4,EASIER
7,46.82,120.47,3,3,43.09,5,EASIER
3,100.0,44.63,1,0,100.0,1,HARDER
5,68.72,61.97,1,1,68.63,3,SAME
7,41.92,229.41,1,3,37.5,5,EASIER
5,85.24,48.2,1,1,84.84,3,HARDER
3,84.12,30.45,2,0,83.59,1,SAME
3,83.88,45.63,1,0,84.84,1,SAME
7,34.48,102.77,3,4,34.27,5,EASIER
5,58.88,58.75,3,4,54.2,3,EASIER
3,83.79,21.16,1,1,82.83,1,SAME
7,50.15,154.69,2,3,49.76,5,EASIER
7,33.02,183.14,2,4,29.87,5,EASIER
6,47.24,98.43,3,3,42.05,4,EASIER
3,94.62,22.57,1,1,89.69,1,HARDER
3,89.21,12.83,1,1,83.24,1,HARDER
4,74.95,37.14,2,1,75.88,2,SAME
3,72.58,22.95,2,2,78.03,1,SAME
5,66.36,65.19,1,1,64.47,3,SAME
4,52.79,40.14,5,4,39.06,2,EASIER
6,54.41,185.74,2,2,55.25,4,EASIER
3,80.8,18.34,1,0,81.87,1,SAME
6,58.04,36.15,3,3,53.02,4,EASIER
7,37.0,60.09,5,4,27.32,5,EASIER
3,71.69,18.86,2,2,72.79,1,SAME
6,64.51,143.94,3,2,61.81,4,SAME
5,53.95,30.52,3,3,52.62,3,EASIER
3,73.15,14.89,2,2,70.3,1,SAME
4,69.42,46.16,2,2,72.21,2,SAME
6,44.52,127.53,2,3,40.74,4,EASIER
7,36.84,48.14,2,4,28.82,5,EASIER
4,88.73,16.52,2,1,88.96,2,HARDER
3,100.0,17.62,1,0,100.0,1,HARDER
4,73.33,51.76,1,2,66.96,2,SAME
7,55.38,121.09,3,4,46.79,5,EASIER
5,62.99,40.01,2,1,61.8,3,EASIER
5,56.81,83.63,2,2,58.08,3,SAME
3,87.17,26.42,1,2,82.67,1,EASIER
6,60.18,77.54,2,2,60.43,4,SAME
5,87.9,26.08,1,0,87.45,3,HARDER
5,36.94,39.61,3,3,36.89,3,EASIER
7,44.83,300.0,1,2,47.86,5,EASIER
5,100.0,49.11,1,0,100.0,3,HARDER
7,10.4,66.49,5,6,0.0,5,EASIER
5,70.78,48.0,1,2,66.02,3,SAME
4,80.38,40.19,1,2,80.69,2,SAME
7,59.1,181.26,1,1,54.94,5,SAME
6,75.59,113.26,1,1,69.07,4,SAME
6,64.57,57.68,2,2,65.4,4,SAME
4,98.92,69.08,1,0,96.46,2,SAME
6,62.42,125.26,1,0,58.5,4,SAME
5,60.6,46.53,5,3,53.85,3,EASIER
3,88.35,23.61,1,0,87.84,1,HARDER
4,91.6,50.4,1,0,88.0,2,HARDER
7,20.82,201.18,5,6,8.52,5,EASIER
5,53.17,27.35,3,4,48.02,3,EASIER
6,55.3,85.06,1,2,50.84,4,SAME
3,87.19,24.66,1,0,88.67,1,HARDER
4,76.22,29.06,1,1,76.67,2,SAME
7,45.7,81.83,4,5,36.52,5,EASIER
5,74.28,97.74,2,1,72.41,3,SAME
7,50.31,149.89,4,3,48.39,5,EASIER
7,43.01,300.0,3,3,42.23,5,EASIER
4,96.04,29.07,1,0,88.88,2,HARDER
7,62.83,120.69,2,1,56.99,5,SAME
6,42.46,96.33,3,3,38.66,4,EASIER
3,92.09,37.25,1,0,92.28,1,SAME
3,80.37,45.76,1,2,76.61,1,SAME
3,88.35,26.06,1,0,87.31,1,HARDER
6,48.48,46.41,4,3,41.67,4,EASIER
3,62.62,18.22,1,2,64.26,1,SAME
4,72.34,40.64,1,2,66.32,2,SAME
5,61.05,101.11,2,1,59.35,3,SAME
3,52.26,13.13,2,2,49.08,1,EASIER
4,91.4,21.93,2,1,92.63,2,HARDER
6,61.18,121.56,2,2,60.53,4,SAME
7,50.28,55.34,3,3,45.87,5,EASIER
5,81.24,33.23,2,1,79.1,3,SAME
6,72.56,148.07,1,1,68.28,4,SAME
5,77.87,51.98,2,2,78.65,3,SAME
5,88.28,50.05,1,1,81.56,3,EASIER
5,61.82,114.18,3,2,55.89,3,SAME
7,45.58,62.75,4,4,42.35,5,EASIER
3,94.93,14.24,1,1,90.51,1,HARDER
5,56.73,129.92,1,2,55.75,3,EASIER
3,59.56,27.74,2,2,60.73,1,SAME
7,22.29,162.22,3,4,19.94,5,EASIER
6,70.71,69.75,2,1,67.29,4,SAME
3,84.17,23.84,1,1,81.59,1,SAME
6,67.0,56.87,1,2,60.93,4,SAME
5,77.96,67.89,1,0,78.5,3,SAME
3,76.73,36.19,5,3,77.25,1,EASIER
7,55.26,124.62,3,3,50.93,5,HARDER
4,77.25,62.57,2,0,77.33,2,SAME
3,65.87,33.57,5,3,61.86,1,EASIER
6,87.63,47.54,2,2,84.37,4,SAME
4,59.09,35.5,3,3,56.53,2,EASIER
6,57.3,64.95,5,3,48.33,4,EASIER
3,89.45,34.96,1,1,88.43,1,SAME
7,31.57,144.04,5,4,27.7,5,EASIER
5,69.59,61.77,3,2,69.73,3,SAME
5,53.72,95.79,1,2,55.28,3,EASIER
7,44.25,40.52,2,2,39.07,5,EASIER
5,81.31,43.03,1,1,77.16,3,SAME
3,88.04,19.85,2,0,86.92,1,HARDER
5,82.67,65.7,1,0,85.1,3,SAME
6,68.66,109.31,2,2,61.52,4,SAME
4,100.0,37.98,1,0,100.0,2,HARDER
3,82.91,13.93,1,0,83.75,1,SAME
3,93.89,29.96,1,1,90.75,1,HARDER
7,70.58,120.1,1,1,71.4,5,SAME
3,87.11,13.0,2,1,81.67,1,HARDER
5,68.81,50.11,2,2,70.0,3,SAME
7,31.42,137.32,4,5,25.83,5,EASIER
4,78.14,82.65,1,1,76.01,2,EASIER
4,98.27,22.78,1,0,94.46,2,HARDER
6,62.8,123.67,5,3,58.28,4,SAME
6,50.84,46.85,1,2,49.67,4,EASIER
3,90.21,14.2,1,1,87.14,1,HARDER
5,57.41,31.84,1,2,48.7,3,EASIER
3,81.38,32.72,1,1,77.44,1,SAME
4,86.42,40.39,1,1,92.51,2,HARDER
4,49.93,32.78,4,4,45.24,2,HARDER
7,55.53,143.74,1,2,51.72,5,SAME
7,35.18,114.52,4,5,35.41,5,EASIER
6,71.74,86.85,1,1,73.11,4,SAME
6,65.35,70.03,1,2,67.75,4,SAME
3,95.88,15.83,2,1,95.56,1,SAME
3,80.04,53.06,2,1,81.39,1,EASIER
6,46.31,169.85,2,3,42.54,4,EASIER
5,54.13,127.43,1,2,48.83,3,EASIER
5,60.5,44.41,2,1,58.65,3,SAME
6,46.7,57.52,4,3,42.61,4,EASIER
4,82.43,31.27,2,2,79.24,2,SAME
6,44.85,143.35,5,3,38.37,4,EASIER
6,79.95,81.99,1,1,77.69,4,SAME
4,90.05,29.44,1,0,88.88,2,HARDER
6,65.18,99.08,3,3,59.28,4,EASIER
3,72.13,18.01,3,2,73.33,1,SAME
4,74.87,20.1,2,1,74.27,2,SAME
6,62.78,87.7,1,1,57.36,4,SAME
7,47.09,84.54,2,3,38.44,5,EASIER
3,90.97,24.85,3,1,88.35,1,SAME
6,46.87,20.3,4,3,39.64,4,EASIER
5,36.4,37.3,5,4,29.71,3,EASIER
6,46.46,80.1,3,3,47.83,4,EASIER
6,92.99,37.27,1,0,90.86,4,HARDER
3,92.67,12.93,1,0,89.7,1,HARDER
6,67.89,83.67,2,2,66.03,4,SAME
4,76.85,52.84,1,1,73.06,2,SAME
3,58.42,16.81,2,1,51.32,1,SAME
5,62.96,50.94,1,2,59.11,3,SAME
3,82.71,22.48,1,1,76.44,1,SAME
6,63.02,36.39,1,1,58.86,4,SAME
5,45.07,104.22,5,4,40.22,3,EASIER
5,72.05,52.98,3,2,64.88,3,SAME
3,90.12,23.16,1,0,93.08,1,HARDER
6,52.09,99.55,4,4,45.57,4,EASIER
3,85.87,12.49,3,1,89.26,1,SAME
4,91.09,58.55,2,1,89.86,2,SAME
4,71.66,62.26,1,1,69.87,2,SAME
6,73.84,88.22,1,1,72.68,4,SAME
5,66.64,72.91,3,2,65.44,3,SAME
7,65.64,93.76,1,2,66.95,5,SAME
7,45.93,179.29,2,2,40.03,5,EASIER
6,58.99,53.45,1,2,56.2,4,SAME
3,87.9,24.64,1,1,86.32,1,HARDER
6,65.28,83.17,2,2,65.96,4,SAME
4,95.43,37.32,1,0,96.27,2,HARDER
7,53.99,200.57,1,2,48.52,5,EASIER
7,20.72,300.0,3,3,16.56,5,EASIER
3,57.64,23.81,4,3,48.74,1,EASIER
3,76.07,30.82,1,0,80.84,1,SAME
6,54.64,54.03,3,3,48.39,4,EASIER
3,73.33,39.57,1,0,69.86,1,SAME
7,39.99,84.48,3,3,38.06,5,EASIER
5,76.96,275.14,1,0,78.78,3,EASIER
5,53.72,25.37,4,2,56.69,3,EASIER
7,48.47,300.0,1,2,46.23,5,EASIER
4,67.48,60.55,1,1,67.78,2,SAME
5,69.09,33.28,2,2,67.7,3,SAME
7,15.34,300.0,3,5,6.67,5,EASIER
3,91.15,16.54,1,0,90.71,1,HARDER
3,75.89,21.74,1,1,77.94,1,SAME
3,97.17,14.04,2,1,93.43,1,HARDER
4,76.89,35.47,5,2,74.23,2,EASIER
3,75.5,24.42,2,2,66.02,1,SAME
3,71.52,36.17,1,0,73.59,1,SAME
7,14.63,300.0,5,5,9.29,5,EASIER
5,44.47,44.99,3,3,44.63,3,EASIER
4,72.8,10.42,2,1,72.32,2,SAME
5,65.13,79.95,1,2,59.3,3,SAME
7,68.22,82.98,2,2,65.86,5,SAME
5,40.04,142.68,2,3,43.88,3,EASIER
5,55.23,57.02,2,3,46.71,3,EASIER
7,65.27,74.05,2,3,61.24,5,EASIER
3,76.05,15.93,2,1,69.61,1,SAME
5,91.77,78.95,1,0,95.95,3,SAME
6,49.16,71.07,4,4,42.41,4,EASIER
5,74.3,119.94,1,1,75.3,3,EASIER
7,38.27,99.86,5,5,26.34,5,EASIER
7,35.8,242.13,4,4,29.17,5,EASIER
4,74.56,19.86,2,2,65.24,2,SAME
7,54.06,43.42,2,2,48.96,5,EASIER
4,95.82,56.11,1,0,97.66,2,SAME
4,61.72,30.55,3,2,55.34,2,SAME
7,43.76,97.01,4,3,43.38,5,EASIER
3,85.42,15.93,1,0,83.1,1,HARDER
4,90.98,22.81,1,0,89.68,2,HARDER
6,74.43,114.12,2,1,69.81,4,SAME
5,57.13,57.46,3,3,57.88,3,EASIER
7,31.1,62.85,4,4,18.95,5,EASIER
4,74.3,55.1,1,2,72.19,2,SAME
5,69.4,103.75,3,1,67.37,3,SAME
3,85.7,23.82,2,0,90.64,1,HARDER
4,67.28,60.89,3,2,62.95,2,SAME
3,80.85,16.01,2,2,77.21,1,SAME
6,52.87,110.7,2,2,48.29,4,EASIER
4,86.17,41.0,2,2,83.32,2,SAME
6,57.89,54.33,3,3,55.48,4,EASIER
4,91.62,99.74,2,1,89.88,2,EASIER
5,76.07,65.08,1,1,71.63,3,SAME
7,44.83,81.17,4,4,37.6,5,EASIER
7,57.78,113.2,1,2,56.38,5,SAME
3,82.87,16.98,1,0,84.93,1,SAME
6,62.22,44.93,2,2,64.66,4,SAME
7,55.1,87.67,4,3,49.33,5,EASIER
6,57.82,67.24,2,3,53.4,4,EASIER
3,84.63,17.48,1,1,84.2,1,SAME
6,20.26,157.17,5,4,16.43,4,EASIER
6,83.23,55.07,3,1,83.7,4,SAME
6,42.42,50.5,4,4,32.39,4,EASIER
5,61.25,32.25,1,2,53.26,3,SAME
5,78.92,30.75,1,1,78.56,3,SAME
6,68.06,139.91,1,1,63.8,4,EASIER
5,64.03,65.91,4,4,55.4,3,EASIER
6,55.24,117.41,3,3,49.76,4,EASIER
6,39.09,139.25,2,4,27.63,4,EASIER
4,54.61,32.49,4,4,47.77,2,HARDER
6,60.15,176.32,3,2,56.03,4,EASIER
6,59.19,59.19,4,2,54.83,4,EASIER
5,81.68,33.72,1,0,77.98,3,SAME
6,63.78,99.58,4,3,64.14,4,EASIER
3,87.26,26.66,1,1,89.56,1,HARDER
4,96.51,40.64,1,1,100.0,2,HARDER
6,60.61,139.03,1,1,55.78,4,SAME
7,67.52,118.67,3,2,65.84,5,SAME
6,49.2,96.5,3,2,52.8,4,EASIER
6,50.41,166.29,1,3,46.49,4,EASIER
4,70.3,43.07,1,2,68.18,2,SAME
6,76.34,106.03,2,1,74.44,4,SAME
4,100.0,19.52,1,0,99.88,2,HARDER
3,50.19,130.83,4,3,51.35,1,EASIER
4,62.5,17.99,3,2,54.84,2,SAME
6,43.61,61.95,1,2,39.93,4,EASIER
7,28.34,82.11,4,4,24.89,5,EASIER
5,58.4,164.66,2,3,52.02,3,EASIER
7,59.84,80.74,1,2,58.77,5,SAME
6,24.17,103.18,4,5,17.49,4,EASIER
5,60.79,43.9,1,2,61.07,3,SAME
7,76.35,63.54,2,1,73.81,5,SAME
5,74.07,76.92,3,2,69.88,3,SAME
5,57.46,40.63,4,3,53.49,3,EASIER
6,71.04,91.35,1,1,69.37,4,SAME
6,53.51,113.59,3,3,49.6,4,EASIER
5,47.33,149.05,4,4,43.19,3,EASIER
5,56.14,31.05,4,2,53.8,3,EASIER
7,45.71,103.05,1,3,40.32,5,EASIER
3,87.16,23.79,1,1,82.55,1,HARDER
3,67.75,25.01,1,2,65.64,1,SAME
5,62.81,206.85,1,2,56.17,3,EASIER
3,80.59,23.14,3,2,79.22,1,SAME
4,77.77,11.62,1,2,74.03,2,SAME
5,58.76,52.57,4,3,53.25,3,EASIER
5,75.82,54.7,1,1,72.7,3,SAME
4,88.87,33.93,1,0,89.37,2,HARDER
4,87.89,27.11,1,0,87.31,2,HARDER
6,46.6,41.25,3,4,39.56,4,EASIER
7,32.26,300.0,1,2,30.59,5,EASIER
6,25.93,96.76,5,6,15.95,4,EASIER
5,66.9,52.74,1,2,65.03,3,SAME
3,81.7,64.44,3,0,84.91,1,EASIER
4,91.94,25.26,1,1,90.49,2,HARDER
5,56.17,78.15,3,3,51.75,3,EASIER
4,80.75,21.13,1,1,73.14,2,SAME
6,38.16,121.16,3,4,33.87,4,EASIER
4,63.0,22.3,2,3,53.2,2,EASIER
7,64.92,144.73,1,2,62.99,5,SAME
4,74.66,95.16,1,1,71.97,2,EASIER
5,66.07,60.75,2,3,60.84,3,EASIER
6,70.32,26.22,2,2,64.08,4,EASIER
4,74.79,38.64,3,3,67.9,2,EASIER
6,65.58,105.27,1,1,57.36,4,SAME
5,87.46,90.6,1,1,89.25,3,SAME
6,49.57,176.44,2,2,46.15,4,EASIER
5,47.18,123.36,3,3,41.3,3,EASIER
7,49.08,104.29,1,3,37.94,5,EASIER
6,76.2,58.2,2,1,73.38,4,SAME
3,83.04,15.2,1,1,77.88,1,SAME
5,70.15,44.4,2,1,61.99,3,SAME
7,66.95,145.21,3,2,65.22,5,SAME
4,75.27,20.16,1,1,72.07,2,SAME
5,50.26,36.66,5,3,53.48,3,SAME
6,61.96,109.85,2,3,56.95,4,EASIER
4,70.52,28.04,3,2,66.28,2,SAME
5,79.16,69.66,2,1,82.43,3,SAME
5,74.2,38.76,2,1,71.57,3,SAME
3,84.79,28.42,2,1,83.41,1,SAME
3,80.46,17.73,5,3,79.83,1,EASIER
5,60.72,22.62,1,2,58.15,3,SAME
3,75.89,38.26,1,1,73.32,1,SAME
7,62.28,76.65,1,2,63.18,5,SAME
5,82.75,51.28,1,2,82.57,3,SAME
6,41.55,57.24,5,4,41.96,4,EASIER
4,47.87,49.08,5,3,46.54,2,EASIER
4,90.4,44.44,2,1,89.18,2,HARDER
5,77.49,75.85,2,3,73.29,3,EASIER
6,49.39,61.62,3,3,44.84,4,EASIER
4,74.04,37.12,5,3,66.85,2,EASIER
4,57.76,46.23,4,2,55.55,2,EASIER
3,71.04,49.72,3,2,71.83,1,SAME
5,52.41,67.5,2,2,52.62,3,EASIER
6,72.9,48.67,1,1,69.24,4,SAME
5,97.51,66.22,1,0,95.63,3,HARDER
4,100.0,35.16,1,0,100.0,2,HARDER
4,80.07,14.85,1,0,77.94,2,SAME
4,78.06,15.96,1,1,74.17,2,SAME
4,77.24,36.83,2,2,71.82,2,SAME
4,85.67,38.32,3,1,83.59,2,SAME
7,44.25,95.38,4,3,43.44,5,EASIER
4,91.22,57.58,1,1,89.75,2,SAME
4,91.65,24.49,1,0,90.45,2,HARDER
6,54.46,39.88,5,4,52.28,4,EASIER
7,44.47,71.41,5,4,36.66,5,EASIER
5,41.98,42.89,5,5,31.74,3,EASIER
6,43.73,79.56,5,4,36.98,4,SAME
3,85.07,17.53,1,1,82.76,1,HARDER
5,73.29,20.09,3,2,71.21,3,SAME
3,95.71,8.0,1,0,100.0,1,HARDER
3,96.05,26.41,1,0,92.77,1,HARDER
5,74.01,33.17,2,2,70.14,3,SAME
4,53.29,14.81,3,2,52.47,2,EASIER
3,95.51,33.02,1,1,96.57,1,HARDER
3,74.1,49.72,1,0,80.29,1,SAME
6,30.91,78.07,5,5,26.47,4,EASIER
5,88.73,66.24,1,2,84.76,3,SAME
4,72.33,43.28,2,3,67.37,2,EASIER
7,26.92,31.75,4,3,19.97,5,EASIER
4,75.6,57.7,1,1,73.86,2,SAME
7,55.55,220.13,2,2,54.51,5,SAME
4,74.64,90.1,1,2,71.62,2,EASIER
3,95.24,20.58,2,0,94.87,1,HARDER
3,93.01,15.09,2,1,93.55,1,HARDER
4,92.32,71.96,1,0,95.1,2,SAME
3,89.68,31.21,2,1,90.54,1,HARDER
3,75.07,36.9,1,1,76.85,1,SAME
4,74.14,28.04,2,2,71.93,2,SAME
7,52.39,129.87,3,3,44.93,5,EASIER
4,61.19,23.16,3,2,56.82,2,SAME
4,89.62,37.91,1,1,87.16,2,HARDER
7,53.73,92.66,4,2,51.25,5,EASIER
4,65.51,114.33,1,2,65.67,2,EASIER
7,32.99,151.03,2,3,29.28,5,EASIER
6,71.06,26.78,1,2,65.08,4,SAME
7,75.86,111.91,3,3,73.61,5,EASIER
5,75.5,69.59,1,0,76.67,3,SAME
5,42.01,45.87,4,3,38.88,3,HARDER
4,90.13,22.63,1,0,96.93,2,HARDER
5,50.83,80.43,5,3,53.66,3,EASIER
6,76.33,49.74,1,1,76.57,4,SAME
7,69.77,153.26,3,2,66.3,5,SAME
3,76.66,15.7,1,1,77.6,1,SAME
3,84.31,19.71,3,1,75.67,1,SAME
3,88.73,38.26,1,0,84.55,1,SAME
6,72.73,105.75,1,2,73.49,4,SAME
3,82.57,25.35,1,0,80.97,1,SAME
7,26.66,110.19,4,5,17.51,5,EASIER
4,88.09,39.65,3,2,88.36,2,SAME
4,96.79,26.19,2,0,97.5,2,HARDER
7,70.45,49.0,3,2,67.69,5,SAME
6,31.67,110.24,5,4,26.83,4,EASIER
5,63.13,123.7,2,2,62.71,3,EASIER
7,72.97,155.68,1,1,76.27,5,SAME
6,67.41,93.59,1,1,61.77,4,SAME
6,48.52,43.74,3,3,45.65,4,EASIER
4,73.08,57.39,3,3,72.72,2,EASIER
7,25.78,145.6,4,4,13.47,5,EASIER
6,46.85,121.75,1,2,45.83,4,EASIER
7,75.09,196.76,2,1,73.36,5,SAME
7,47.42,265.83,1,2,40.53,5,EASIER
5,65.04,33.4,4,3,59.73,3,EASIER
4,81.0,20.73,1,1,85.12,2,SAME
7,36.89,121.42,5,3,26.79,5,EASIER
7,56.63,67.74,2,2,56.02,5,SAME
3,73.55,15.35,1,2,67.37,1,SAME
6,43.59,154.65,3,3,45.42,4,EASIER
6,56.95,48.52,4,2,62.37,4,EASIER
6,59.64,81.53,3,2,54.1,4,SAME
7,48.83,46.03,3,3,44.04,5,EASIER
4,61.49,39.14,1,3,59.37,2,EASIER
7,60.55,213.39,1,2,61.45,5,SAME
6,45.21,154.09,3,3,42.42,4,EASIER
3,82.06,39.8,1,0,77.63,1,SAME
5,53.86,55.79,3,4,45.11,3,EASIER
3,82.63,41.0,2,0,83.06,1,SAME
7,52.44,141.58,2,2,47.87,5,EASIER
6,65.6,65.27,1,1,64.34,4,SAME
7,61.78,137.9,3,2,54.99,5,EASIER
6,59.57,129.97,2,2,53.53,4,SAME
4,67.96,20.36,1,2,61.22,2,SAME
5,63.01,34.31,2,1,63.37,3,SAME
7,58.36,103.57,2,2,57.72,5,SAME
3,97.38,14.52,1,0,97.41,1,HARDER
7,45.08,57.1,2,2,36.97,5,EASIER
5,66.1,47.1,1,1,65.43,3,SAME
5,51.43,94.77,5,4,45.2,3,EASIER
6,52.53,136.01,3,3,52.02,4,EASIER
3,93.76,28.84,1,1,92.08,1,HARDER
3,82.34,27.09,1,1,77.78,1,SAME
3,89.08,63.29,2,1,87.81,1,EASIER
6,71.5,61.95,2,1,68.15,4,SAME
3,96.69,27.83,1,0,94.95,1,HARDER
6,43.93,60.37,4,3,38.03,4,EASIER
3,70.72,14.1,3,2,66.65,1,SAME
6,62.38,151.84,1,1,60.0,4,SAME
7,29.56,94.84,3,5,20.63,5,EASIER
5,63.56,81.81,2,2,62.86,3,SAME
4,93.49,33.85,1,0,89.84,2,HARDER
5,42.71,107.5,4,4,36.94,3,EASIER
6,61.76,48.82,5,4,54.0,4,EASIER
6,36.46,150.2,3,4,28.59,4,EASIER
6,55.41,130.54,1,2,55.01,4,SAME
5,69.13,23.86,1,1,70.1,3,SAME
6,76.02,62.67,1,1,75.39,4,SAME
4,70.99,61.4,2,2,70.86,2,SAME
4,66.68,82.03,1,2,68.87,2,EASIER
7,43.27,165.41,4,3,41.07,5,SAME
5,51.56,47.66,5,3,47.5,3,EASIER
7,54.24,66.07,1,1,55.55,5,EASIER
6,58.47,110.1,5,3,50.56,4,EASIER
5,77.73,46.97,2,1,74.48,3,SAME
5,76.0,47.97,2,1,74.37,3,SAME
6,63.13,72.98,1,2,60.77,4,SAME
3,77.45,37.01,1,0,73.78,1,SAME
5,71.88,141.83,3,1,65.68,3,EASIER
6,41.31,139.87,3,4,34.51,4,EASIER
3,88.5,25.11,2,0,89.6,1,HARDER
3,99.96,16.76,1,0,100.0,1,HARDER
3,66.61,33.65,2,0,66.45,1,SAME
5,61.51,132.27,2,3,58.24,3,EASIER
4,71.23,60.9,1,2,68.23,2,SAME
5,80.31,64.28,1,1,86.26,3,SAME
3,73.71,20.11,2,1,73.52,1,SAME
4,52.47,44.69,4,4,43.44,2,EASIER
3,66.89,41.79,2,3,63.89,1,EASIER
7,32.72,127.12,5,5,25.57,5,EASIER
5,58.15,55.11,1,2,54.27,3,SAME
3,99.1,18.41,2,0,97.08,1,HARDER
5,62.34,208.97,1,1,60.97,3,SAME
7,64.72,68.92,2,3,59.07,5,EASIER
7,54.8,65.53,2,2,50.6,5,EASIER
7,51.23,122.48,3,1,50.64,5,EASIER
5,48.38,52.48,3,3,45.58,3,EASIER
4,80.69,61.47,2,1,78.74,2,SAME
4,61.55,62.45,2,2,57.1,2,SAME
4,98.59,21.47,1,1,95.84,2,HARDER
7,42.94,74.2,3,3,40.38,5,EASIER
3,97.19,16.93,1,0,97.62,1,HARDER
7,44.26,171.75,1,1,40.43,5,EASIER
7,61.41,141.45,2,2,52.12,5,SAME
7,16.03,91.47,5,5,11.3,5,EASIER
6,23.16,91.77,5,4,14.04,4,EASIER
7,45.99,60.62,5,3,37.75,5,EASIER
3,99.91,17.97,1,0,100.0,1,HARDER
7,36.57,55.15,4,4,25.84,5,EASIER
5,44.18,62.33,5,5,34.67,3,EASIER
7,60.34,120.99,1,2,59.82,5,SAME
3,92.69,16.13,1,0,94.05,1,HARDER
7,64.14,140.9,2,3,58.42,5,EASIER
5,48.66,97.88,4,4,41.52,3,EASIER
3,72.4,15.8,1,1,68.48,1,SAME
5,47.65,49.35,5,4,40.42,3,EASIER
3,80.96,31.42,1,0,79.68,1,SAME
3,100.0,24.93,1,0,99.77,1,HARDER
5,65.43,29.41,2,1,66.49,3,SAME
7,75.72,88.08,1,2,73.97,5,SAME
3,68.16,20.25,4,2,64.85,1,EASIER
4,69.45,35.08,2,2,64.77,2,HARDER
4,89.5,35.78,2,1,90.32,2,HARDER
5,62.59,125.92,1,2,62.81,3,EASIER
3,82.56,22.78,2,2,79.64,1,SAME
6,37.74,33.56,5,4,33.13,4,EASIER
5,53.44,60.68,3,2,43.29,3,EASIER
7,37.71,290.33,3,4,29.72,5,EASIER
4,69.99,35.13,2,2,62.72,2,SAME
5,60.39,46.69,2,3,56.37,3,EASIER
3,87.59,21.83,1,0,84.04,1,HARDER
7,24.49,153.99,5,5,25.8,5,EASIER
7,51.02,94.62,2,3,48.79,5,EASIER
4,81.95,18.64,1,1,81.38,2,SAME
5,62.02,41.59,4,2,57.45,3,EASIER
7,36.4,108.12,4,4,29.07,5,EASIER
4,61.33,48.88,2,2,59.1,2,SAME
4,89.05,28.9,1,1,93.68,2,HARDER
4,62.8,33.06,3,3,60.6,2,EASIER
6,66.08,83.94,2,1,66.21,4,SAME
4,88.57,26.37,2,0,87.77,2,HARDER
3,88.85,24.0,1,0,82.91,1,HARDER
3,79.29,30.78,1,1,76.46,1,SAME
7,52.93,58.67,2,3,46.97,5,EASIER
7,45.23,132.36,2,2,41.56,5,EASIER
7,46.38,61.82,2,2,43.14,5,EASIER
4,65.14,22.98,3,2,62.52,2,SAME
5,62.84,41.78,1,2,57.43,3,SAME
5,59.99,114.01,1,2,59.69,3,SAME
5,62.73,24.81,4,4,61.49,3,EASIER
3,83.82,20.34,2,0,82.8,1,SAME
5,72.63,57.25,2,1,71.49,3,SAME
3,88.77,42.03,2,2,82.5,1,SAME
4,58.55,94.93,1,2,51.99,2,EASIER
4,72.77,31.16,2,1,75.04,2,SAME
6,55.62,108.55,5,3,53.7,4,EASIER
7,73.89,106.37,2,1,72.45,5,SAME
6,40.66,77.81,4,4,35.82,4,EASIER
5,58.74,66.4,2,3,55.64,3,EASIER
5,53.54,26.46,1,2,47.18,3,EASIER
5,71.52,56.64,1,1,65.77,3,SAME
3,94.94,30.55,1,0,89.96,1,HARDER
7,43.92,70.1,5,5,37.18,5,EASIER
7,17.1,143.71,5,6,11.69,5,EASIER
4,80.89,16.86,1,0,82.48,2,SAME
3,83.07,26.06,1,1,79.46,1,SAME
3,54.5,45.43,4,3,43.97,1,EASIER
6,55.22,73.19,2,2,54.88,4,SAME
3,91.21,16.18,2,0,91.38,1,HARDER
3,94.23,13.26,1,1,92.45,1,HARDER
6,71.4,100.46,1,2,69.09,4,SAME
3,100.0,37.78,1,1,96.35,1,SAME
3,80.7,24.38,2,1,77.81,1,SAME
3,73.33,20.34,3,2,68.91,1,SAME
6,52.67,30.04,4,3,49.71,4,EASIER
4,71.73,40.28,1,1,67.99,2,SAME
4,92.06,27.48,1,1,89.24,2,HARDER
6,54.65,59.04,4,4,46.7,4,EASIER
3,90.94,51.33,1,0,88.7,1,EASIER
5,61.18,23.78,2,2,57.03,3,SAME
5,83.43,25.4,1,2,80.48,3,SAME
6,72.99,92.48,3,2,71.64,4,SAME
6,74.78,67.11,1,1,76.3,4,SAME
6,55.78,62.61,2,2,61.06,4,SAME
4,95.04,43.2,2,0,98.0,2,HARDER
3,86.58,28.02,2,1,87.31,1,HARDER
5,95.05,35.82,1,0,94.44,3,HARDER
3,78.41,19.21,1,1,79.87,1,SAME
5,68.49,59.44,1,0,73.4,3,SAME
6,77.24,89.44,1,1,76.78,4,SAME
7,30.4,145.75,1,3,26.03,5,EASIER
6,82.98,60.55,2,1,83.17,4,SAME
7,67.36,135.32,2,3,67.88,5,EASIER
5,58.83,92.84,2,2,53.8,3,SAME
5,82.59,59.36,2,1,85.44,3,SAME
4,62.9,36.21,4,3,60.6,2,EASIER
6,52.7,72.55,3,3,46.48,4,EASIER
7,30.6,80.0,4,3,25.38,5,EASIER
4,73.6,24.45,4,3,70.15,2,EASIER
3,96.91,21.89,1,0,94.91,1,HARDER
3,91.99,30.55,1,1,94.54,1,HARDER
6,56.76,51.64,1,2,56.08,4,SAME
6,61.07,78.85,3,3,52.5,4,EASIER
3,100.0,22.96,1,1,100.0,1,HARDER
3,100.0,55.15,1,0,100.0,1,EASIER
6,64.9,119.41,1,1,64.6,4,SAME
4,76.6,52.97,1,1,77.3,2,SAME
5,62.3,91.46,1,2,60.01,3,SAME
4,63.68,29.4,4,3,60.55,2,EASIER
6,71.97,167.78,1,2,67.16,4,EASIER
6,90.6,89.08,1,1,93.67,4,HARDER
3,81.19,24.51,3,1,81.63,1,SAME
3,97.34,14.56,2,1,92.54,1,HARDER
5,57.32,47.54,4,4,53.36,3,EASIER
6,56.57,32.73,4,3,46.89,4,EASIER
3,83.8,22.39,1,0,79.23,1,SAME
3,92.73,19.34,1,0,97.34,1,HARDER
6,37.69,66.66,4,3,37.61,4,EASIER
5,88.77,29.21,1,1,86.77,3,SAME
3,100.0,34.19,1,1,100.0,1,SAME
6,48.29,111.59,4,3,44.92,4,EASIER
3,82.88,53.03,1,1,80.95,1,EASIER
4,100.0,82.97,1,0,97.5,2,EASIER
6,68.07,88.94,3,3,59.64,4,EASIER
4,98.68,61.47,1,0,100.0,2,SAME
3,94.13,28.08,1,1,91.73,1,HARDER
7,37.72,88.73,3,4,26.6,5,EASIER
4,81.69,33.34,1,1,79.42,2,SAME
5,55.21,79.58,4,3,49.93,3,EASIER
7,47.59,300.0,1,2,52.26,5,EASIER
7,36.0,211.55,2,3,30.04,5,EASIER
7,33.42,128.1,5,4,28.18,5,EASIER
4,70.5,47.7,1,1,69.83,2,SAME
7,17.6,145.08,5,4,11.83,5,EASIER
3,74.35,24.02,2,2,69.92,1,SAME
4,79.45,54.22,1,1,78.51,2,SAME
3,87.48,23.33,1,0,85.4,1,HARDER
5,75.45,35.15,1,1,76.16,3,SAME
7,52.08,145.62,5,4,46.14,5,EASIER
6,38.01,112.92,5,3,31.27,4,EASIER
7,35.55,103.44,2,3,33.79,5,EASIER
3,64.7,28.7,4,3,61.32,1,EASIER
6,62.59,135.15,1,2,58.5,4,SAME
6,30.63,79.82,3,3,29.48,4,EASIER
5,76.34,46.49,1,3,72.39,3,EASIER
3,83.31,18.23,1,1,84.34,1,SAME
3,88.3,22.33,1,0,86.2,1,HARDER
7,45.93,258.53,2,3,40.93,5,EASIER
4,81.56,34.62,1,1,82.26,2,SAME
6,59.41,98.85,2,2,55.85,4,SAME
7,28.29,93.85,5,5,19.57,5,EASIER
5,68.15,47.34,3,1,69.96,3,SAME
4,78.52,25.14,1,0,82.31,2,EASIER
5,75.7,60.95,2,1,74.57,3,SAME
4,56.85,29.8,3,3,47.99,2,EASIER
3,82.78,44.06,1,2,83.19,1,SAME
7,60.22,105.63,2,2,51.13,5,SAME
4,70.57,37.21,1,1,69.62,2,SAME
6,34.79,74.67,5,3,34.75,4,EASIER
6,66.59,99.45,2,1,63.1,4,SAME
5,62.54,121.32,1,2,61.61,3,EASIER
5,68.22,34.67,4,3,59.83,3,EASIER
3,81.92,28.29,2,0,80.83,1,SAME
5,51.67,26.68,4,3,50.03,3,EASIER
6,69.63,154.9,1,2,66.69,4,SAME
3,68.8,23.83,4,3,56.92,1,EASIER
4,69.43,18.82,3,2,65.21,2,SAME
6,52.97,42.24,3,3,43.4,4,EASIER
7,27.42,174.53,5,4,20.86,5,EASIER
4,71.54,17.38,1,2,66.56,2,SAME
7,53.7,130.34,3,3,41.55,5,EASIER
3,82.44,20.66,1,2,77.19,1,SAME
5,72.88,52.67,3,3,65.14,3,EASIER
7,30.79,77.58,4,4,25.34,5,EASIER
5,67.93,36.19,4,2,62.64,3,EASIER
5,60.62,45.57,2,2,58.43,3,SAME
3,96.59,32.25,1,0,98.43,1,HARDER
5,64.56,50.18,2,2,66.02,3,SAME
5,62.97,71.45,3,3,59.1,3,EASIER
7,34.56,98.15,4,5,28.57,5,EASIER
4,52.42,50.65,4,3,47.27,2,EASIER
4,50.45,46.18,5,4,41.8,2,EASIER
6,69.12,61.9,2,2,67.82,4,SAME
7,69.11,66.6,1,2,66.52,5,SAME
4,80.23,59.55,2,0,80.34,2,SAME
6,57.64,53.72,3,3,52.97,4,EASIER
7,81.92,147.15,1,0,81.09,5,SAME
6,60.0,83.34,1,2,55.18,4,SAME
5,53.72,46.12,4,3,49.11,3,EASIER
4,55.44,46.5,1,2,49.86,2,EASIER
4,63.89,72.28,4,2,64.67,2,EASIER
3,78.75,33.02,1,1,77.97,1,SAME
3,60.52,26.48,5,3,47.63,1,EASIER
5,55.39,129.42,2,3,54.63,3,EASIER
3,80.31,11.87,2,2,81.4,1,SAME
3,90.67,15.24,1,0,90.11,1,HARDER
6,54.34,64.41,2,3,48.73,4,EASIER
3,83.74,47.02,2,1,85.89,1,SAME
3,83.38,38.03,1,2,84.23,1,SAME
5,61.97,24.8,2,1,55.51,3,SAME
7,41.15,88.29,5,4,37.55,5,EASIER
6,43.48,41.2,5,5,39.52,4,EASIER
3,56.06,24.55,3,3,49.71,1,EASIER
3,77.53,37.34,2,2,71.88,1,SAME
6,33.01,136.19,4,4,28.97,4,EASIER
6,54.6,94.26,5,3,56.19,4,EASIER
4,68.05,31.12,2,1,70.78,2,SAME
7,55.22,106.33,1,2,54.49,5,SAME
7,44.55,162.53,3,4,38.23,5,EASIER
6,58.85,277.92,1,2,56.01,4,EASIER
6,61.71,44.28,1,2,58.61,4,SAME
6,48.38,187.34,3,4,41.56,4,SAME
3,77.81,27.87,3,2,72.9,1,SAME
6,47.77,125.62,1,2,46.89,4,EASIER
7,45.21,123.89,4,4,35.15,5,EASIER
4,74.79,73.52,1,2,74.33,2,SAME
3,69.31,28.95,2,1,66.33,1,SAME
4,95.63,28.01,2,0,97.12,2,HARDER
4,66.01,46.95,2,2,60.78,2,SAME
7,55.73,206.97,2,2,47.87,5,EASIER
5,81.23,58.01,1,1,84.11,3,SAME
6,44.19,27.89,2,3,42.67,4,EASIER
7,40.01,105.2,3,4,33.04,5,EASIER
6,49.88,86.29,2,3,51.58,4,EASIER
6,71.9,80.11,2,2,73.84,4,SAME
7,56.64,85.5,3,4,52.39,5,EASIER
6,79.86,163.15,1,1,74.03,4,SAME
4,72.52,12.46,1,2,65.5,2,SAME
6,94.35,86.11,1,0,94.89,4,HARDER
4,79.07,39.98,3,1,80.68,2,SAME
4,82.01,101.71,3,1,85.65,2,EASIER
6,70.8,81.39,1,2,68.59,4,SAME
4,72.47,46.85,2,1,73.46,2,SAME
3,79.89,26.43,1,2,80.5,1,SAME
7,61.49,117.91,3,1,55.0,5,SAME
5,61.4,138.81,2,2,56.68,3,EASIER
6,61.0,46.0,2,3,57.81,4,EASIER
7,60.57,77.86,3,2,59.33,5,SAME
6,75.08,121.38,1,1,70.35,4,SAME
6,66.18,93.72,1,2,65.29,4,SAME
6,63.91,70.77,2,2,63.34,4,SAME
4,86.52,36.76,1,0,87.22,2,HARDER
7,29.38,184.3,5,4,25.38,5,EASIER
6,73.42,105.53,2,1,72.98,4,SAME
3,95.2,18.2,1,0,96.69,1,HARDER
3,85.84,27.79,1,1,83.68,1,HARDER
7,69.59,109.0,2,2,64.34,5,SAME
7,39.2,144.73,3,4,32.58,5,EASIER
7,40.44,94.02,4,4,35.44,5,EASIER
3,80.02,14.6,2,1,72.19,1,EASIER
7,47.28,161.57,2,3,39.32,5,EASIER
7,28.03,151.03,5,5,18.27,5,EASIER
6,72.94,171.17,1,1,66.94,4,EASIER
5,70.33,30.23,2,1,68.71,3,SAME
5,67.39,56.01,5,3,55.8,3,EASIER
5,64.07,51.75,2,2,62.27,3,SAME
3,55.15,20.96,5,3,49.62,1,EASIER
5,48.43,27.05,3,4,43.01,3,EASIER
4,69.39,23.02,1,2,69.8,2,SAME
4,67.89,43.15,2,2,67.24,2,SAME
3,59.85,20.02,4,3,51.7,1,EASIER
5,49.4,38.53,4,3,42.11,3,EASIER
3,89.61,47.25,1,1,85.62,1,SAME
7,17.77,300.0,4,5,18.49,5,EASIER
7,80.89,108.61,1,1,74.14,5,SAME
7,61.59,49.39,1,2,57.66,5,SAME
4,91.97,45.78,1,0,95.28,2,HARDER
3,80.1,9.88,1,0,79.84,1,SAME
5,72.43,29.73,1,1,70.1,3,SAME
6,50.49,101.68,4,3,50.2,4,EASIER
3,94.32,13.51,1,1,87.53,1,HARDER
7,72.45,95.31,1,1,72.48,5,SAME
5,55.43,27.83,2,2,50.17,3,SAME
7,77.36,115.49,3,1,76.52,5,SAME
3,100.0,41.21,1,0,100.0,1,SAME
5,58.22,42.82,4,3,51.94,3,EASIER
5,80.55,57.45,1,0,80.19,3,SAME
3,92.13,17.39,1,1,93.8,1,HARDER
6,38.24,55.64,4,4,27.44,4,EASIER
7,26.8,71.19,4,4,23.03,5,EASIER
5,54.96,85.58,2,2,50.23,3,EASIER
4,69.78,19.56,1,1,71.1,2,SAME
6,88.32,69.0,1,0,87.76,4,HARDER
4,77.78,46.07,1,2,73.18,2,SAME
4,73.32,58.28,4,2,70.81,2,EASIER
6,65.45,103.11,1,2,66.04,4,SAME
5,54.45,55.95,4,3,48.64,3,EASIER
4,67.2,29.08,3,2,62.7,2,SAME
5,39.75,91.7,5,5,35.79,3,EASIER
7,82.06,69.82,1,0,81.75,5,SAME
5,78.27,38.04,1,1,75.7,3,SAME
3,100.0,45.64,1,1,97.59,1,SAME
7,49.43,136.3,3,3,47.75,5,EASIER
6,62.93,100.73,4,3,60.79,4,EASIER
4,62.9,50.35,4,3,55.55,2,EASIER
7,52.9,106.36,2,2,48.2,5,EASIER
7,25.68,51.16,4,4,22.37,5,EASIER
7,48.72,128.43,4,3,45.7,5,EASIER
4,100.0,37.68,1,0,92.46,2,HARDER
7,66.82,70.13,2,2,64.48,5,SAME
7,30.2,61.87,5,4,23.73,5,EASIER
7,43.67,109.2,5,4,40.84,5,EASIER
5,37.23,29.62,5,4,36.01,3,EASIER
4,65.77,35.52,2,1,63.17,2,SAME
4,76.3,33.57,1,1,82.66,2,SAME
7,34.45,104.96,4,4,23.05,5,EASIER
5,82.38,70.79,1,1,80.4,3,SAME
7,40.41,157.19,5,4,34.43,5,EASIER
5,72.42,40.78,1,2,71.48,3,SAME
5,84.96,89.21,2,1,86.29,3,SAME
3,77.34,22.67,2,1,79.28,1,SAME
5,83.4,138.15,1,1,84.18,3,EASIER
5,72.94,43.41,1,1,72.4,3,SAME
3,90.12,12.2,1,0,89.53,1,HARDER
3,89.84,36.23,1,0,86.34,1,SAME
5,85.11,71.6,1,1,82.79,3,HARDER
4,79.47,66.84,1,1,77.47,2,SAME
6,36.38,96.33,3,4,26.42,4,EASIER
5,68.31,184.7,2,3,66.16,3,EASIER
5,76.92,52.82,1,1,73.16,3,SAME
3,100.0,39.82,1,0,100.0,1,SAME
5,48.75,44.72,3,2,46.81,3,EASIER
5,73.43,73.99,1,2,66.79,3,SAME
5,50.42,81.13,2,2,44.51,3,EASIER
4,76.65,56.2,2,1,73.19,2,SAME
3,69.3,35.32,4,3,63.31,1,EASIER
7,78.42,19.19,1,1,81.26,5,SAME
7,68.32,107.89,1,3,64.5,5,EASIER
7,57.4,81.86,1,2,52.25,5,SAME
4,70.97,31.82,3,2,70.07,2,SAME
6,73.79,70.76,2,1,76.87,4,SAME
3,62.56,38.62,2,3,56.54,1,EASIER
7,60.9,125.07,2,2,57.69,5,SAME
3,82.13,19.95,1,1,78.78,1,SAME
5,44.98,28.04,5,5,39.26,3,EASIER
7,51.49,258.27,1,2,49.98,5,EASIER
6,46.3,58.56,2,2,44.08,4,EASIER
7,18.42,104.3,5,4,12.7,5,EASIER
5,75.43,167.2,1,0,71.73,3,EASIER
3,85.33,18.97,1,0,80.76,1,HARDER
3,89.58,22.11,1,0,89.51,1,HARDER
3,85.26,27.72,2,1,80.32,1,HARDER
3,48.32,12.23,5,4,43.02,1,EASIER
5,61.81,24.73,2,2,54.5,3,SAME
3,52.14,20.18,5,4,44.55,1,EASIER
3,64.4,20.49,1,3,58.51,1,EASIER
5,67.5,61.98,2,2,57.03,3,SAME
6,54.19,49.31,3,3,47.03,4,EASIER
6,73.56,102.76,1,1,72.85,4,SAME
3,93.87,9.57,1,0,98.51,1,HARDER
7,29.92,107.79,3,4,28.44,5,EASIER
5,43.25,69.32,3,3,39.43,3,EASIER
4,62.66,44.34,3,2,60.56,2,SAME
4,86.29,35.2,1,2,85.99,2,SAME
7,57.3,78.15,1,2,51.23,5,SAME
5,47.4,52.74,4,4,37.16,3,EASIER
4,89.09,67.87,2,1,84.9,2,SAME
5,83.31,43.11,1,0,82.14,3,SAME
3,96.68,38.63,1,1,96.74,1,SAME
3,85.5,41.47,2,1,80.43,1,SAME
4,71.81,16.81,1,1,71.58,2,SAME
4,92.05,35.78,1,0,91.13,2,HARDER
4,100.0,24.0,2,0,96.91,2,HARDER
3,96.68,12.81,1,1,98.4,1,HARDER
6,37.53,123.79,5,4,34.28,4,EASIER
3,72.63,30.86,1,1,72.22,1,SAME
4,68.27,43.01,2,2,69.22,2,SAME
7,49.64,61.99,4,3,45.18,5,EASIER
3,96.91,27.45,1,0,96.27,1,HARDER
4,72.63,20.53,1,1,70.21,2,SAME
5,82.11,60.26,1,2,75.6,3,SAME
4,66.37,27.85,2,3,61.48,2,EASIER
4,91.57,62.27,1,1,89.24,2,SAME
3,75.69,21.27,4,2,70.71,1,EASIER
5,73.21,65.03,3,2,67.28,3,SAME
6,63.75,92.58,1,2,62.88,4,SAME
5,84.98,55.86,1,1,85.05,3,SAME
7,63.73,118.62,1,2,62.59,5,SAME
6,52.24,96.03,4,3,45.17,4,EASIER
6,49.71,51.45,4,4,46.39,4,EASIER
5,59.47,70.8,2,2,57.79,3,SAME
6,62.87,128.5,2,2,57.92,4,SAME
5,73.97,70.61,2,1,72.95,3,SAME
7,29.85,92.34,4,4,17.68,5,EASIER
5,61.86,63.23,4,3,62.06,3,EASIER
5,82.7,48.44,1,0,82.83,3,SAME
3,68.56,23.71,3,2,62.52,1,SAME
7,58.91,58.63,2,2,58.57,5,SAME
5,65.69,114.84,1,2,58.86,3,SAME
6,44.07,224.34,4,4,38.56,4,EASIER
6,53.24,56.86,2,4,48.47,4,EASIER
3,100.0,35.47,1,0,100.0,1,SAME
6,76.54,175.0,1,1,73.89,4,EASIER
5,85.99,36.1,1,0,85.24,3,HARDER
4,100.0,13.78,1,0,100.0,2,HARDER
4,68.55,77.52,5,2,66.35,2,EASIER
6,66.31,81.56,3,2,65.12,4,SAME
3,100.0,19.84,1,0,97.16,1,HARDER
6,47.47,84.04,4,4,42.14,4,EASIER
7,49.92,91.59,2,3,44.81,5,EASIER
3,95.32,93.3,1,0,90.21,1,EASIER
3,88.8,19.74,1,0,87.04,1,HARDER
3,99.83,28.92,1,0,99.26,1,HARDER
6,55.24,160.56,1,2,54.23,4,SAME
7,32.64,225.91,3,3,22.15,5,EASIER
7,32.63,203.53,2,4,29.93,5,EASIER
3,77.77,20.69,1,2,81.37,1,SAME
5,73.78,53.79,2,1,72.93,3,HARDER
3,67.49,9.5,2,2,62.56,1,SAME
4,45.11,36.69,5,4,37.61,2,EASIER
4,61.14,38.59,3,2,53.57,2,SAME
6,62.43,120.59,1,2,58.03,4,SAME
7,49.09,297.98,1,2,40.56,5,EASIER
7,66.32,165.04,3,2,62.67,5,SAME
3,97.52,40.26,1,0,100.0,1,SAME
4,63.52,37.69,3,3,61.14,2,EASIER
4,67.72,69.49,3,2,62.76,2,SAME
4,71.07,38.2,2,1,63.81,2,SAME
4,70.58,64.95,4,2,66.2,2,EASIER
6,65.78,124.59,2,3,63.89,4,EASIER
6,48.55,100.58,3,3,44.08,4,EASIER
7,46.24,48.37,4,4,42.12,5,EASIER
6,62.97,144.79,2,3,63.23,4,EASIER
4,84.01,45.39,1,0,86.46,2,SAME
3,93.57,34.18,1,0,94.65,1,SAME
4,89.87,44.03,1,0,88.9,2,HARDER
6,84.55,105.57,2,0,81.31,4,SAME
7,52.94,227.55,3,2,51.42,5,EASIER
4,73.42,30.41,1,1,75.2,2,SAME
3,78.3,30.78,3,2,69.97,1,SAME
3,100.0,17.69,1,1,100.0,1,HARDER
3,93.43,32.31,1,0,96.22,1,HARDER
6,82.38,93.45,2,1,76.56,4,SAME
5,100.0,42.44,1,0,99.62,3,HARDER
6,52.45,86.09,2,3,48.93,4,EASIER
3,89.23,19.41,1,0,88.27,1,HARDER
5,49.8,48.1,5,3,49.95,3,EASIER
3,68.31,29.28,2,2,69.2,1,SAME
4,98.89,43.11,1,1,95.91,2,HARDER
6,66.79,30.21,2,2,61.97,4,SAME
4,51.25,45.23,3,3,47.91,2,EASIER
6,45.55,70.03,5,4,40.82,4,EASIER
4,54.33,31.28,4,3,47.29,2,EASIER
5,62.75,33.2,3,2,57.7,3,SAME
5,49.59,56.71,1,2,42.64,3,EASIER
4,74.96,29.72,2,2,71.86,2,SAME
3,90.74,44.06,2,1,87.44,1,SAME
5,58.37,24.4,3,3,50.61,3,EASIER
7,15.46,66.23,5,5,8.04,5,EASIER
6,62.36,47.96,2,2,63.69,4,SAME
6,59.84,93.81,2,2,51.89,4,SAME
7,58.23,212.27,3,2,54.46,5,SAME
3,80.36,31.27,3,3,74.14,1,EASIER
6,60.46,46.41,2,2,56.15,4,SAME
4,70.78,31.06,1,2,69.12,2,SAME
6,62.51,53.84,2,2,57.51,4,SAME
7,60.45,147.7,4,3,54.93,5,EASIER
7,39.18,87.66,5,5,31.03,5,EASIER
5,77.23,28.82,2,1,77.97,3,SAME
7,11.43,154.03,4,5,1.41,5,EASIER
6,73.99,158.16,1,1,73.85,4,SAME
3,91.03,23.09,1,0,92.72,1,HARDER
4,84.08,40.21,1,1,83.99,2,SAME
7,50.9,49.28,3,2,44.14,5,EASIER
7,37.21,36.46,5,4,31.88,5,EASIER
7,39.16,40.88,4,4,34.32,5,EASIER
4,71.56,37.21,2,3,65.03,2,EASIER
4,61.57,32.88,2,2,61.1,2,SAME
7,27.83,150.84,5,4,22.68,5,EASIER
3,88.23,22.9,3,1,87.01,1,SAME
7,29.47,191.87,4,5,22.13,5,EASIER
6,61.0,129.06,3,3,57.84,4,EASIER
6,37.22,69.34,4,3,30.37,4,EASIER
5,55.1,35.29,2,3,48.89,3,EASIER
7,51.28,39.42,2,3,47.91,5,EASIER
6,44.91,172.81,5,3,43.41,4,EASIER
3,73.83,16.44,1,1,71.99,1,SAME
5,89.52,27.65,2,1,85.67,3,HARDER
7,85.86,120.21,1,1,84.54,5,HARDER
3,97.78,12.9,1,0,99.89,1,HARDER
6,56.65,87.68,2,3,53.41,4,EASIER
4,78.78,32.44,1,1,81.53,2,SAME
5,38.74,91.62,5,4,35.4,3,EASIER
7,22.23,176.71,5,5,17.63,5,EASIER
5,43.23,100.14,5,5,36.91,3,EASIER
3,69.7,27.4,1,2,67.47,1,SAME
3,86.84,17.06,2,0,81.83,1,HARDER
6,57.55,47.82,1,2,54.79,4,SAME
7,46.53,83.87,2,3,43.35,5,EASIER
4,70.91,97.02,1,1,67.16,2,EASIER
7,52.98,97.78,3,4,45.32,5,EASIER
5,88.77,62.81,1,0,88.9,3,HARDER
3,76.89,49.14,1,2,69.37,1,SAME
5,82.62,65.79,2,0,86.04,3,SAME
7,50.63,74.48,1,2,42.13,5,EASIER
4,60.74,53.56,3,3,52.35,2,EASIER
7,72.86,88.68,1,1,72.59,5,SAME
6,36.66,95.3,3,3,36.76,4,EASIER
4,77.1,48.34,1,1,77.91,2,SAME
6,52.79,63.41,2,3,51.53,4,EASIER
5,71.51,63.61,1,2,68.89,3,SAME
3,52.37,50.95,5,3,47.04,1,EASIER
7,15.85,79.6,5,5,5.45,5,EASIER
4,74.08,70.56,3,3,70.35,2,EASIER
5,80.81,43.3,1,1,83.88,3,SAME
6,62.66,209.31,2,2,55.52,4,EASIER
3,71.51,17.08,3,2,69.5,1,SAME
6,61.97,66.81,2,2,59.49,4,SAME
4,90.68,77.21,1,1,95.39,2,EASIER
5,67.1,125.06,2,2,66.17,3,EASIER
5,63.65,86.97,4,3,59.47,3,EASIER
6,79.17,46.72,1,0,82.6,4,EASIER
3,90.42,25.93,1,1,87.68,1,HARDER
3,91.05,25.01,1,1,93.81,1,HARDER
5,76.25,37.97,1,2,68.3,3,SAME
3,90.33,34.09,1,0,88.66,1,SAME
4,77.99,26.38,1,2,74.92,2,SAME
6,59.75,41.91,3,3,60.71,4,EASIER
7,65.02,46.3,1,2,58.35,5,SAME
6,39.94,199.76,3,3,37.59,4,EASIER
4,88.25,29.89,1,0,89.07,2,HARDER
7,62.56,85.77,3,3,54.43,5,EASIER
5,63.09,34.82,3,2,59.11,3,SAME
3,82.09,45.95,2,2,80.75,1,SAME
6,58.03,40.0,3,2,53.4,4,SAME
5,56.04,31.96,1,2,53.95,3,SAME
4,66.0,32.67,3,1,65.16,2,SAME
6,81.47,81.09,3,1,80.25,4,SAME
6,60.79,115.49,2,2,60.53,4,SAME
4,74.13,27.66,1,0,68.31,2,SAME
3,87.6,49.7,1,1,80.54,1,SAME
5,56.79,41.65,3,2,49.58,3,EASIER
3,91.86,15.96,1,0,91.41,1,HARDER
6,65.02,46.19,2,2,60.26,4,SAME
5,48.31,39.54,5,4,43.35,3,EASIER
4,86.81,21.94,2,1,84.8,2,HARDER
5,61.59,84.11,1,2,56.12,3,SAME
4,59.63,23.74,5,3,57.32,2,EASIER
4,88.49,35.7,2,1,87.63,2,HARDER
4,80.96,23.42,1,0,78.34,2,SAME
6,71.93,44.52,2,3,66.43,4,EASIER
7,46.07,204.7,2,3,41.7,5,EASIER
6,42.46,188.7,2,4,44.06,4,EASIER
4,60.6,68.99,1,2,58.84,2,SAME
7,35.89,50.23,4,4,26.16,5,EASIER
3,86.53,13.82,1,0,89.82,1,HARDER
4,96.46,96.3,2,0,98.92,2,EASIER
3,83.5,22.32,2,1,85.23,1,SAME
7,28.8,52.94,5,4,18.04,5,EASIER
3,94.6,40.47,1,0,93.06,1,SAME
5,72.56,59.97,1,1,66.87,3,SAME
3,86.79,32.21,3,1,88.57,1,SAME
4,79.96,13.27,4,2,74.75,2,EASIER
6,50.77,69.2,4,4,37.36,4,EASIER
7,30.35,187.84,2,2,30.98,5,EASIER
3,67.9,18.8,4,3,65.77,1,EASIER
3,86.76,43.31,1,1,82.44,1,SAME
4,100.0,20.46,1,0,100.0,2,HARDER
7,46.91,105.33,4,3,43.7,5,EASIER
3,83.54,51.98,1,0,81.41,1,EASIER
3,100.0,14.98,1,0,100.0,1,HARDER
5,61.04,66.34,3,3,58.95,3,EASIER
4,67.64,50.03,3,2,62.03,2,SAME
3,70.41,26.04,3,1,66.36,1,SAME
5,89.76,51.25,1,0,89.32,3,HARDER
6,57.09,51.99,2,2,52.26,4,SAME
3,89.96,27.29,2,0,90.37,1,HARDER
6,60.41,77.74,3,3,53.47,4,EASIER
3,76.75,13.19,3,1,77.12,1,SAME
6,67.98,145.28,2,3,63.31,4,EASIER
4,100.0,24.78,1,0,97.89,2,HARDER
4,70.45,19.58,1,1,71.65,2,SAME
3,88.21,19.18,1,0,87.58,1,HARDER
7,46.32,68.85,3,4,43.75,5,EASIER
5,71.17,51.04,2,1,66.92,3,SAME
6,56.62,42.98,2,2,57.55,4,SAME
4,64.98,46.91,2,2,61.83,2,SAME
3,87.11,46.22,1,0,87.57,1,SAME
3,87.09,26.21,3,2,87.24,1,SAME
5,74.78,28.38,1,2,65.96,3,SAME
4,88.57,24.74,1,1,90.91,2,HARDER
6,86.04,92.0,1,1,90.81,4,EASIER
6,64.83,29.49,2,2,56.45,4,SAME
4,73.89,21.29,4,2,73.01,2,EASIER
5,74.92,25.66,3,2,67.81,3,SAME
4,97.49,40.12,1,0,97.45,2,HARDER
6,72.26,252.41,2,2,70.43,4,EASIER
6,68.6,42.56,1,2,67.6,4,SAME
6,69.58,125.36,2,2,65.29,4,SAME
3,92.39,19.45,1,0,89.24,1,HARDER
4,89.48,20.43,1,1,92.73,2,HARDER
7,34.47,262.68,4,5,20.19,5,EASIER
4,84.78,104.87,2,1,82.91,2,EASIER
3,70.02,30.03,3,2,67.75,1,SAME
3,93.97,29.38,1,2,92.13,1,SAME
3,75.96,25.7,1,2,78.21,1,SAME
6,54.23,75.92,2,2,46.94,4,EASIER
3,69.33,29.08,3,3,64.14,1,EASIER
5,81.67,81.05,1,1,78.89,3,SAME
4,85.01,83.04,1,1,83.42,2,EASIER
3,98.4,19.81,2,1,98.8,1,HARDER
7,59.21,120.05,3,3,63.24,5,EASIER
6,55.83,78.31,3,3,53.82,4,EASIER
7,61.43,195.71,5,3,60.57,5,EASIER
7,22.04,300.0,5,6,16.02,5,EASIER
7,33.62,199.42,2,3,33.76,5,EASIER
6,38.71,124.19,3,4,28.2,4,EASIER
5,75.04,90.91,2,1,75.26,3,SAME
6,39.69,158.5,2,3,30.43,4,EASIER
5,54.31,191.64,3,3,55.92,3,EASIER
3,86.31,11.81,1,1,85.86,1,HARDER
4,100.0,50.37,1,0,100.0,2,HARDER
5,50.16,16.16,3,4,45.51,3,EASIER
3,99.89,38.18,1,0,94.66,1,SAME
7,49.03,151.23,2,2,39.13,5,EASIER
7,58.16,83.14,1,2,54.11,5,SAME
5,65.76,15.47,5,2,60.63,3,EASIER
5,57.33,57.59,3,2,53.48,3,SAME
7,30.95,126.46,4,4,23.48,5,EASIER
5,64.83,56.22,2,3,61.28,3,EASIER
6,58.9,59.36,1,2,57.19,4,SAME
5,32.16,37.21,5,4,27.54,3,EASIER
4,75.41,37.09,1,1,73.06,2,SAME
6,38.28,54.04,3,3,35.99,4,EASIER
3,79.63,35.84,1,1,75.29,1,SAME
4,74.22,36.62,1,2,76.35,2,SAME
6,65.74,33.44,2,1,64.79,4,SAME
6,48.14,89.89,2,3,41.65,4,EASIER
7,46.27,140.36,4,3,42.47,5,EASIER
6,23.6,190.2,3,4,14.73,4,EASIER
3,78.76,37.78,1,0,75.77,1,SAME
7,32.63,68.63,5,4,27.38,5,EASIER
5,53.79,117.48,3,3,46.69,3,EASIER
3,83.61,13.49,2,2,85.14,1,SAME
5,62.13,58.81,1,1,57.98,3,SAME
3,100.0,34.97,2,0,100.0,1,SAME
5,82.9,119.4,2,2,77.47,3,EASIER
5,41.26,147.74,1,3,39.29,3,EASIER
3,95.1,44.09,1,0,97.29,1,SAME
7,45.11,103.96,3,3,34.07,5,EASIER
5,60.08,77.28,3,2,59.59,3,SAME
7,53.69,126.57,2,2,51.98,5,EASIER
5,47.2,40.82,4,3,43.86,3,EASIER
5,54.69,54.77,4,3,50.15,3,EASIER
7,43.84,298.36,4,3,38.48,5,EASIER
4,100.0,51.48,1,1,92.15,2,SAME
7,32.61,300.0,3,4,26.28,5,EASIER
3,44.07,15.44,5,4,37.79,1,EASIER
7,53.13,90.97,2,2,49.33,5,EASIER
6,64.95,101.76,1,1,60.37,4,SAME
5,83.68,83.76,2,1,85.78,3,SAME
4,70.65,35.97,1,2,68.42,2,SAME
5,39.95,86.2,3,4,32.39,3,EASIER
5,38.9,85.88,5,4,27.77,3,EASIER
7,63.12,52.57,2,2,57.49,5,SAME
7,26.98,168.87,4,4,19.87,5,EASIER
5,56.83,98.66,3,3,55.81,3,EASIER
4,84.57,43.68,2,1,83.04,2,SAME
4,66.85,16.0,1,1,64.14,2,EASIER
4,75.62,33.36,2,2,74.48,2,SAME
3,85.0,30.38,2,1,85.53,1,HARDER
3,96.86,17.01,1,0,97.0,1,EASIER
6,33.2,132.19,5,6,26.52,4,EASIER
4,99.47,53.54,1,0,100.0,2,SAME
5,57.05,61.99,3,3,54.98,3,EASIER
6,64.6,82.75,3,2,61.53,4,SAME
6,60.44,90.65,4,3,53.43,4,EASIER
4,55.72,37.93,1,2,51.76,2,SAME
6,72.73,42.03,3,2,71.95,4,SAME
3,77.81,20.65,1,0,82.04,1,SAME
5,71.8,60.12,1,1,73.01,3,SAME
3,100.0,47.0,1,0,99.85,1,SAME
5,63.09,81.7,2,2,62.87,3,SAME
3,79.99,48.14,2,1,76.52,1,SAME
7,65.95,52.08,2,3,65.0,5,EASIER
6,71.64,68.14,1,1,75.19,4,SAME
4,46.69,100.72,4,4,43.7,2,EASIER
6,82.9,55.72,1,0,79.81,4,SAME
4,87.58,26.55,1,0,84.68,2,HARDER
5,38.59,50.7,4,5,34.1,3,EASIER
3,85.57,61.37,1,0,87.15,1,EASIER
5,80.49,41.6,1,1,76.7,3,SAME
3,84.81,32.04,1,1,81.38,1,SAME
3,64.47,29.76,2,1,64.52,1,SAME
5,47.55,22.33,3,2,41.73,3,EASIER
5,69.41,57.55,1,1,69.13,3,SAME
4,80.74,29.3,2,1,83.35,2,SAME
3,100.0,33.8,1,0,100.0,1,SAME
5,54.98,137.18,1,2,57.48,3,EASIER
7,35.35,92.83,4,4,31.21,5,EASIER
6,18.66,68.55,5,6,9.95,4,EASIER
3,78.23,76.65,2,2,77.95,1,EASIER
7,58.34,76.0,4,3,57.11,5,EASIER
5,80.99,29.83,2,1,77.22,3,SAME
5,69.2,114.7,1,1,67.26,3,SAME
3,86.04,24.44,1,1,81.67,1,HARDER
4,72.3,43.41,2,1,66.0,2,SAME
6,38.04,261.67,3,3,33.17,4,EASIER
4,76.97,19.65,2,1,76.78,2,SAME
3,85.69,22.92,1,0,84.83,1,HARDER
3,89.6,14.42,1,0,90.47,1,HARDER
7,27.48,134.45,4,4,20.54,5,EASIER
7,53.61,82.86,3,3,46.54,5,EASIER
3,96.5,14.83,1,0,97.53,1,HARDER
7,85.62,166.93,1,1,81.06,5,SAME
7,54.1,112.63,3,4,47.78,5,EASIER
4,75.02,21.1,2,1,70.75,2,SAME
6,80.38,44.16,2,2,75.55,4,SAME
4,91.88,41.9,2,1,88.08,2,HARDER
4,47.89,17.33,5,4,46.6,2,EASIER
6,88.08,92.3,1,0,88.45,4,HARDER
4,77.86,71.32,2,2,72.69,2,SAME
4,67.29,51.99,1,1,64.22,2,SAME
4,75.87,28.35,1,1,76.7,2,SAME
3,82.78,28.25,1,1,81.76,1,SAME
7,72.23,56.62,2,1,72.73,5,SAME
6,57.38,88.02,3,3,54.37,4,EASIER
7,50.03,93.73,3,3,48.47,5,EASIER
5,69.29,34.67,2,1,63.12,3,SAME
3,100.0,33.0,1,0,99.87,1,HARDER
4,60.66,15.0,4,2,53.05,2,EASIER
4,51.36,21.76,5,4,50.87,2,EASIER
7,69.01,62.66,2,2,65.36,5,SAME
4,71.77,29.97,3,2,72.53,2,SAME
6,51.13,161.16,5,3,48.64,4,EASIER
3,84.58,34.97,1,1,81.15,1,SAME
7,50.37,118.62,3,3,49.96,5,EASIER
6,89.51,84.52,1,0,88.94,4,HARDER
5,64.48,57.66,2,0,67.91,3,SAME
4,91.91,72.41,1,0,89.8,2,SAME
4,66.92,16.19,1,2,65.32,2,SAME
4,83.73,54.61,2,1,81.88,2,SAME
5,69.77,45.1,1,2,67.43,3,SAME
7,62.86,147.32,2,3,56.03,5,EASIER
4,56.76,48.24,3,2,49.14,2,EASIER
6,64.12,120.06,3,2,57.12,4,SAME
5,56.65,127.02,3,2,57.66,3,EASIER
6,74.37,40.2,1,1,69.62,4,SAME
6,59.68,138.32,2,2,55.37,4,SAME
3,88.69,24.3,1,0,87.55,1,HARDER
3,82.56,20.36,1,2,82.39,1,SAME
7,23.19,300.0,3,5,20.25,5,EASIER
3,96.75,34.17,1,0,100.0,1,SAME
5,57.3,47.18,2,2,50.1,3,SAME
6,49.84,134.9,3,3,41.07,4,EASIER
5,65.65,56.69,1,2,59.7,3,SAME
3,85.99,20.62,1,0,88.21,1,HARDER
3,69.06,19.09,1,1,69.0,1,SAME
6,60.62,96.07,4,2,61.28,4,EASIER
7,42.68,80.15,5,4,33.13,5,EASIER
4,83.0,40.88,1,1,79.08,2,SAME
5,76.23,89.97,1,0,77.27,3,SAME
7,68.18,118.95,2,1,64.48,5,SAME
7,27.84,300.0,3,4,24.94,5,EASIER
5,91.18,58.38,1,1,85.12,3,HARDER
6,27.35,165.38,5,4,27.56,4,EASIER
7,56.08,190.68,1,2,52.6,5,SAME
6,39.56,181.25,2,3,29.87,4,EASIER
5,84.26,153.95,1,1,88.92,3,EASIER
6,59.66,32.81,2,2,53.15,4,SAME
4,87.14,43.04,1,0,89.53,2,HARDER
7,54.35,105.38,1,1,51.44,5,EASIER
3,73.44,26.27,3,1,67.71,1,SAME
4,65.73,31.53,2,2,61.35,2,SAME
4,67.47,29.43,2,2,67.96,2,SAME
4,65.84,22.66,1,2,64.21,2,SAME
5,73.64,60.86,1,2,66.13,3,SAME
6,29.8,133.27,5,5,23.93,4,EASIER
7,80.0,85.58,2,0,79.0,5,SAME
5,50.27,49.3,3,3,48.58,3,EASIER
6,33.95,57.04,5,5,21.26,4,EASIER
5,77.92,35.45,2,2,68.93,3,SAME
3,78.59,22.51,1,0,73.63,1,SAME
6,66.62,98.02,1,1,68.24,4,SAME
3,95.78,43.75,1,0,96.5,1,SAME
5,83.45,32.15,1,1,89.33,3,SAME
7,48.77,110.16,3,3,42.28,5,EASIER
6,34.66,151.31,5,5,24.4,4,EASIER
5,72.83,32.36,3,0,67.57,3,SAME
4,94.12,68.93,1,0,97.44,2,SAME
7,62.93,88.17,1,1,62.7,5,SAME
7,63.6,165.04,1,1,63.43,5,SAME
4,63.44,34.3,3,2,61.37,2,SAME
3,100.0,30.66,1,0,100.0,1,HARDER
5,72.0,128.63,2,2,66.29,3,EASIER
6,37.59,76.98,5,4,35.56,4,EASIER
7,21.89,192.79,5,6,14.28,5,EASIER
7,80.55,130.08,1,1,77.42,5,SAME
4,56.57,26.26,4,3,51.43,2,EASIER
4,80.82,35.49,1,1,77.24,2,SAME
7,27.38,99.99,4,5,22.0,5,EASIER
4,94.42,19.57,1,0,98.48,2,HARDER
5,69.29,72.8,1,1,70.62,3,SAME
4,68.3,51.77,3,3,67.81,2,EASIER
4,81.02,55.67,1,2,77.82,2,SAME
5,69.45,117.71,5,3,62.42,3,EASIER
4,100.0,59.5,1,0,100.0,2,SAME
5,79.84,43.03,1,0,76.37,3,SAME
4,69.18,31.63,2,1,68.24,2,SAME
3,82.85,36.31,2,0,84.24,1,SAME
6,67.15,100.42,1,2,65.55,4,SAME
7,65.87,110.92,3,2,58.26,5,SAME
5,100.0,37.62,1,1,98.63,3,HARDER
4,87.05,29.61,1,0,83.05,2,HARDER
6,75.91,111.03,1,1,71.97,4,SAME
5,98.04,22.08,1,0,98.69,3,HARDER
5,82.27,18.21,1,2,79.44,3,SAME
5,58.75,81.75,2,2,49.25,3,EASIER
6,61.33,62.14,2,2,57.39,4,SAME
3,89.05,30.8,1,1,86.71,1,HARDER
3,79.58,50.43,1,1,77.25,1,EASIER
3,83.11,15.93,2,1,80.61,1,SAME
3,65.88,11.89,2,2,67.61,1,SAME
7,26.85,96.34,3,5,10.31,5,EASIER
6,61.98,57.43,2,2,57.72,4,SAME
6,60.23,80.93,2,3,49.14,4,EASIER
6,80.22,108.47,2,1,77.38,4,SAME
3,77.18,28.91,2,2,77.17,1,SAME
4,87.05,38.84,1,1,94.36,2,HARDER
6,39.37,142.16,4,4,35.38,4,EASIER
5,47.81,80.84,2,2,44.97,3,EASIER
5,69.28,53.02,2,2,68.75,3,SAME
6,41.75,114.1,5,3,35.39,4,EASIER
3,69.86,12.57,3,2,68.77,1,SAME
6,55.86,142.58,2,3,52.39,4,EASIER
6,66.23,82.95,3,3,65.37,4,EASIER
5,52.93,32.01,4,4,46.86,3,EASIER
5,83.96,47.19,2,0,85.15,3,SAME
3,77.16,39.67,3,1,74.48,1,SAME
4,95.6,26.49,1,0,95.73,2,EASIER
4,79.75,46.09,4,2,77.09,2,EASIER
7,33.56,180.81,3,4,29.17,5,EASIER
3,100.0,25.27,1,0,100.0,1,HARDER
4,98.53,25.31,1,0,97.94,2,HARDER
3,94.8,24.3,2,0,92.79,1,HARDER
4,81.07,19.59,1,2,77.55,2,SAME
3,59.71,20.11,1,2,55.42,1,SAME
4,100.0,22.58,1,0,99.94,2,EASIER
6,52.72,80.02,1,2,46.16,4,EASIER
6,91.96,42.38,1,0,96.72,4,HARDER
4,64.06,39.52,2,2,59.06,2,SAME
6,43.92,147.79,2,2,45.65,4,EASIER
6,58.22,152.7,2,2,51.88,4,SAME
7,41.27,56.81,4,3,42.22,5,EASIER
7,87.03,77.9,1,0,89.34,5,HARDER
4,61.32,56.73,3,3,53.52,2,EASIER
5,57.16,82.18,5,3,53.58,3,EASIER
6,47.63,59.55,5,4,43.03,4,EASIER
4,74.27,30.23,1,1,77.39,2,SAME
5,61.98,60.41,4,1,60.18,3,EASIER
5,62.19,23.41,3,3,60.69,3,EASIER
4,96.19,48.64,1,1,94.59,2,HARDER
3,58.45,40.48,5,3,49.74,1,EASIER
3,100.0,21.03,1,0,100.0,1,HARDER
6,60.18,39.2,3,2,56.28,4,SAME
7,39.4,241.86,1,2,36.76,5,EASIER
6,49.71,91.91,1,2,49.25,4,EASIER
4,89.01,53.03,3,1,92.11,2,SAME
3,82.46,13.89,2,2,77.0,1,SAME
6,55.38,41.33,3,3,49.54,4,EASIER
3,92.44,30.06,1,1,89.75,1,HARDER
5,52.57,96.46,4,3,49.13,3,EASIER
7,57.36,60.53,2,2,54.38,5,SAME
3,72.12,23.89,1,2,68.7,1,SAME
5,87.37,26.44,1,1,84.25,3,HARDER
7,57.97,76.41,2,2,51.93,5,SAME
4,77.78,33.68,3,1,73.9,2,SAME
7,47.25,146.19,2,3,41.09,5,EASIER
7,55.99,35.55,2,2,54.92,5,SAME
5,57.02,111.5,1,2,51.55,3,SAME
4,96.33,35.07,1,0,100.0,2,HARDER
6,55.46,160.74,2,3,45.05,4,EASIER
6,12.77,117.92,5,5,3.93,4,EASIER
5,42.69,88.44,5,4,36.79,3,EASIER
3,77.38,61.43,3,2,75.23,1,EASIER
6,72.31,54.61,3,2,70.09,4,SAME
4,39.79,40.5,5,5,31.94,2,EASIER
3,100.0,16.09,1,1,100.0,1,HARDER
3,97.9,23.89,1,1,92.63,1,HARDER
5,49.13,82.84,4,4,46.6,3,EASIER
3,91.61,41.29,2,2,85.04,1,SAME
4,87.52,31.75,1,1,83.92,2,HARDER
4,77.95,21.57,1,1,76.02,2,SAME
5,89.06,60.14,1,1,90.02,3,HARDER
6,78.42,52.65,2,0,79.84,4,SAME
5,47.57,43.57,3,3,46.97,3,EASIER
5,79.21,80.88,1,1,76.66,3,SAME
3,87.82,31.03,1,2,86.64,1,SAME
3,94.32,36.24,1,1,89.89,1,SAME
7,38.41,93.2,4,4,34.48,5,EASIER
6,68.16,138.57,3,2,66.4,4,SAME
3,69.35,25.16,1,2,65.12,1,SAME
5,79.0,50.39,1,1,75.79,3,SAME
3,84.19,15.33,1,0,87.75,1,SAME
3,87.43,9.86,1,1,86.83,1,HARDER
4,62.75,18.22,1,0,66.7,2,SAME
6,69.25,91.72,3,1,67.49,4,SAME
6,54.57,51.15,1,2,54.09,4,EASIER
6,47.0,34.85,5,4,46.3,4,EASIER
3,76.88,20.74,2,2,76.02,1,SAME
3,86.68,28.31,1,0,90.79,1,HARDER
5,82.39,71.23,1,0,86.35,3,SAME
7,69.6,110.25,2,1,71.13,5,SAME
6,55.39,79.45,1,1,54.57,4,SAME
6,58.46,61.98,2,2,59.7,4,SAME
3,92.41,33.15,1,0,93.56,1,HARDER
7,48.51,101.71,3,3,43.9,5,EASIER
7,44.35,107.44,5,4,38.17,5,EASIER
5,90.46,96.95,1,0,92.02,3,SAME
4,61.28,55.13,3,2,59.2,2,SAME
6,53.79,74.48,2,3,45.54,4,EASIER
6,76.07,69.18,1,1,80.82,4,SAME
7,49.92,93.32,1,2,46.92,5,EASIER
3,95.23,10.17,1,0,96.79,1,HARDER
5,66.07,99.82,2,2,67.67,3,SAME
6,68.18,57.43,1,2,61.85,4,SAME
4,90.28,56.78,1,1,91.36,2,SAME
7,36.44,114.57,4,3,29.56,5,EASIER
3,100.0,46.44,1,1,98.82,1,SAME
3,86.21,31.64,1,1,88.6,1,HARDER
6,36.83,131.77,4,4,33.96,4,EASIER
3,100.0,19.21,1,0,98.51,1,HARDER
5,62.71,30.7,3,4,52.36,3,EASIER
4,65.06,40.73,2,1,56.97,2,SAME
6,47.18,30.26,4,4,46.07,4,EASIER
3,100.0,20.3,1,0,93.58,1,HARDER
4,65.79,21.73,4,3,61.12,2,EASIER
7,52.88,70.87,1,3,45.89,5,EASIER
4,86.51,50.28,2,0,81.23,2,HARDER
5,68.56,75.4,3,2,63.2,3,SAME
7,41.65,102.54,5,4,34.54,5,EASIER
6,36.79,96.85,3,4,33.2,4,EASIER
6,44.39,61.9,3,4,39.23,4,EASIER
7,2.94,300.0,5,6,0.0,5,EASIER
6,58.12,95.89,2,2,50.93,4,SAME
7,65.07,81.19,3,2,65.53,5,SAME
5,46.99,89.46,2,3,41.21,3,EASIER
7,34.2,220.17,2,4,26.09,5,EASIER
6,44.1,54.82,2,3,42.94,4,EASIER
4,85.6,19.51,2,1,82.45,2,HARDER
5,97.56,31.7,1,0,97.3,3,HARDER
4,65.79,27.74,4,2,64.87,2,EASIER
4,82.19,37.04,2,1,82.14,2,SAME
4,76.56,17.67,2,1,72.57,2,EASIER
5,74.97,47.15,1,1,70.8,3,SAME
4,63.65,34.46,5,3,60.55,2,EASIER
6,30.72,97.09,5,4,22.41,4,EASIER
4,82.99,50.66,2,2,80.73,2,SAME
5,72.48,70.75,1,1,67.94,3,SAME
3,87.07,55.5,1,1,87.7,1,EASIER
4,75.75,63.55,1,1,78.54,2,SAME
4,60.37,42.18,1,1,60.29,2,SAME
7,64.13,66.0,2,2,62.69,5,SAME
5,75.64,41.52,1,1,70.14,3,SAME
3,68.2,13.24,4,3,58.08,1,EASIER
4,97.57,40.84,2,1,94.43,2,HARDER
6,56.24,97.42,3,3,48.57,4,EASIER
3,73.73,37.2,2,2,71.06,1,SAME
3,72.65,28.16,1,1,74.75,1,SAME
4,50.41,62.36,5,3,38.45,2,EASIER
4,79.43,62.97,2,1,79.22,2,SAME
5,60.96,34.87,1,2,58.12,3,SAME
3,94.78,19.85,2,1,94.55,1,HARDER
6,58.47,81.53,2,4,56.92,4,EASIER
4,74.99,27.27,2,1,71.98,2,SAME
6,69.62,72.25,1,2,67.59,4,SAME
5,53.39,67.33,2,3,47.92,3,EASIER
4,78.03,35.86,1,1,81.2,2,SAME
5,67.3,58.01,3,1,65.17,3,SAME
3,88.89,16.43,1,1,88.62,1,HARDER
6,48.33,106.71,3,3,42.49,4,EASIER
4,72.42,46.58,2,2,69.57,2,SAME
4,61.85,26.55,5,3,58.85,2,EASIER
3,100.0,14.06,1,0,99.5,1,HARDER
4,79.44,67.75,1,0,76.89,2,SAME
4,63.16,86.42,2,2,57.56,2,HARDER
4,100.0,42.43,2,0,100.0,2,HARDER
7,53.0,91.96,4,3,47.77,5,EASIER
4,52.55,62.14,5,4,51.62,2,EASIER
3,82.73,30.82,1,1,82.56,1,SAME
5,81.72,52.26,3,2,81.06,3,SAME
4,72.72,59.89,1,0,71.21,2,SAME
5,62.98,38.85,3,3,61.77,3,EASIER
6,70.46,57.25,2,2,69.82,4,SAME
3,91.7,29.39,1,0,96.95,1,HARDER
5,38.14,61.37,5,4,29.97,3,EASIER
3,77.83,33.2,2,2,75.99,1,SAME
3,81.35,42.52,2,1,84.95,1,SAME
3,77.03,12.53,1,1,73.36,1,SAME
3,87.91,25.44,1,0,85.68,1,HARDER
4,95.65,92.86,1,0,97.52,2,EASIER
7,82.77,80.91,1,1,80.92,5,SAME
7,39.45,75.87,4,4,34.26,5,EASIER
3,82.2,9.22,2,1,78.3,1,SAME
7,60.13,118.39,1,2,57.42,5,SAME
6,37.42,110.9,2,4,34.3,4,EASIER
5,59.31,77.23,4,3,54.85,3,EASIER
6,72.71,47.82,1,1,74.8,4,SAME
5,88.19,57.75,1,1,81.44,3,HARDER
4,95.16,42.17,1,1,95.21,2,HARDER
5,76.48,59.52,2,1,76.21,3,SAME
6,69.74,46.41,2,3,65.19,4,EASIER
6,51.15,85.36,2,2,53.6,4,EASIER
3,84.77,17.4,2,2,82.27,1,SAME
7,40.34,40.38,2,1,37.39,5,EASIER
4,78.46,52.34,1,1,78.12,2,SAME
7,59.03,120.88,4,3,49.92,5,EASIER
4,88.63,50.19,1,0,87.36,2,HARDER
3,86.03,19.71,2,1,82.08,1,HARDER
7,51.79,157.58,2,3,41.09,5,EASIER
5,73.54,96.2,1,1,69.99,3,SAME
4,81.74,86.66,1,1,81.89,2,EASIER
3,82.89,35.91,2,1,81.43,1,SAME
3,96.72,29.67,1,2,97.39,1,SAME
3,84.2,13.53,5,3,78.27,1,EASIER
7,64.75,105.68,3,3,57.62,5,EASIER
3,78.06,13.27,2,2,75.82,1,SAME
3,83.12,17.37,1,0,85.67,1,SAME
7,14.08,300.0,5,4,8.9,5,EASIER
7,48.94,64.13,2,3,44.05,5,EASIER
4,64.77,12.64,1,1,65.39,2,SAME
6,46.72,125.16,4,4,39.94,4,EASIER
5,72.44,41.57,1,2,71.78,3,SAME
5,67.51,84.83,2,2,62.13,3,SAME
4,64.44,21.92,3,2,60.8,2,SAME
6,42.61,65.71,5,5,34.38,4,EASIER
7,26.47,214.92,4,3,26.7,5,EASIER
6,62.94,41.23,1,2,61.47,4,SAME
7,70.92,102.13,3,1,62.41,5,SAME
3,69.21,28.46,2,2,71.46,1,SAME
6,100.0,56.41,1,0,100.0,4,HARDER
7,32.78,127.79,3,4,31.2,5,EASIER
5,46.8,58.45,4,4,44.1,3,SAME
7,32.06,149.88,3,5,21.94,5,EASIER
4,75.5,90.33,1,2,70.45,2,EASIER
7,0.0,300.0,4,5,0.0,5,EASIER
7,64.22,144.17,2,2,61.64,5,SAME
6,46.9,77.43,3,3,37.04,4,EASIER
6,64.77,103.13,2,1,64.34,4,SAME
5,88.97,51.7,2,0,89.34,3,HARDER
4,78.24,18.02,1,1,74.51,2,EASIER
5,74.27,56.68,2,1,78.36,3,SAME
7,45.7,202.0,1,3,43.68,5,EASIER
3,92.11,13.03,2,1,81.36,1,HARDER
4,59.8,23.92,5,4,55.96,2,EASIER
5,63.17,43.48,1,2,59.15,3,SAME
4,91.33,45.27,2,1,89.34,2,HARDER
6,38.77,282.24,3,3,37.15,4,EASIER
4,75.12,25.98,2,1,73.65,2,SAME
6,49.24,85.98,5,3,43.77,4,EASIER
3,87.31,25.06,3,1,82.36,1,SAME
4,58.61,32.98,3,2,55.88,2,SAME
6,73.21,79.99,2,2,68.79,4,SAME
5,77.43,46.08,1,1,77.6,3,SAME
6,42.85,300.0,2,2,41.02,4,EASIER
6,52.74,121.09,2,2,56.47,4,EASIER
4,86.46,30.67,1,1,82.58,2,HARDER
5,43.75,104.2,3,4,35.62,3,EASIER
7,24.47,128.82,5,4,20.14,5,EASIER
7,30.2,115.59,3,4,21.83,5,EASIER
3,99.19,23.05,1,0,96.42,1,EASIER
6,64.83,72.0,2,2,58.29,4,SAME
5,51.59,31.71,5,3,51.99,3,EASIER
3,84.9,11.87,1,1,81.95,1,SAME
6,66.45,99.43,1,2,63.38,4,SAME
3,66.89,22.95,4,3,59.56,1,EASIER
4,72.17,57.4,3,2,71.19,2,SAME
6,46.13,51.62,2,2,44.3,4,EASIER
7,50.04,61.57,3,2,48.35,5,HARDER
5,72.82,85.17,2,1,69.65,3,SAME
7,40.42,95.35,5,5,33.55,5,EASIER
7,65.71,178.55,3,2,63.03,5,SAME
5,72.85,58.97,2,2,69.98,3,SAME
3,96.97,57.65,1,0,99.87,1,EASIER
6,49.32,121.47,5,3,44.27,4,EASIER
3,81.44,30.0,1,1,81.67,1,SAME
7,52.81,173.2,3,3,46.05,5,EASIER
4,62.88,33.43,1,1,62.91,2,SAME
6,61.06,34.9,1,2,55.41,4,SAME
6,62.27,98.93,3,2,70.22,4,SAME
5,43.19,151.64,3,3,40.96,3,EASIER
7,53.97,32.14,4,3,46.56,5,EASIER
6,72.69,104.66,2,2,69.74,4,SAME
7,46.83,48.51,4,4,40.65,5,EASIER
3,93.3,24.74,1,0,93.72,1,HARDER
5,74.34,60.33,1,1,70.43,3,SAME
7,53.64,168.26,2,3,42.92,5,EASIER
7,73.28,125.59,1,1,76.53,5,SAME
5,78.3,114.47,2,1,76.64,3,SAME
3,89.87,42.01,1,1,90.77,1,SAME
4,69.41,34.64,1,1,64.34,2,SAME
5,63.61,99.7,2,1,64.54,3,SAME
6,58.96,69.69,3,3,54.38,4,EASIER
7,64.91,85.99,2,2,61.67,5,SAME
3,94.83,14.63,1,1,89.52,1,HARDER
4,74.73,70.4,4,2,71.68,2,EASIER
4,62.63,33.0,3,3,60.7,2,EASIER
7,55.67,29.93,1,2,52.53,5,SAME
3,100.0,31.82,1,0,100.0,1,HARDER
4,74.05,30.99,1,3,71.13,2,EASIER
4,44.71,33.02,5,4,44.15,2,EASIER
3,83.74,22.53,2,1,80.09,1,SAME
6,64.4,68.83,3,2,57.91,4,EASIER
5,66.27,223.79,1,1,63.22,3,EASIER
5,42.31,132.09,1,3,35.53,3,EASIER
7,29.35,163.95,5,4,21.87,5,EASIER
5,61.3,65.36,2,2,59.05,3,SAME
4,95.06,64.59,1,0,96.13,2,SAME
4,66.74,42.61,1,2,61.98,2,SAME
7,50.31,174.71,3,3,46.46,5,EASIER
5,75.73,76.46,1,0,72.62,3,SAME
3,92.82,26.47,1,1,90.72,1,HARDER
6,74.66,133.71,1,1,71.46,4,SAME
6,60.76,65.91,2,3,54.08,4,EASIER
4,57.0,39.06,5,3,54.89,2,EASIER
5,89.15,35.72,2,0,87.98,3,HARDER
5,74.04,37.82,3,2,72.11,3,SAME
3,100.0,8.11,1,0,97.72,1,HARDER
3,92.45,30.63,2,0,92.72,1,HARDER
6,80.89,119.95,2,1,80.78,4,SAME
6,64.44,144.19,2,1,66.1,4,SAME
6,64.4,46.22,2,2,60.0,4,SAME
4,90.32,46.73,1,0,86.93,2,HARDER
5,56.91,57.98,3,3,52.24,3,EASIER
7,46.91,167.42,4,2,39.3,5,EASIER
4,95.33,27.98,1,0,97.43,2,HARDER
6,59.4,68.84,2,2,55.91,4,SAME
3,88.61,12.52,1,0,84.68,1,HARDER
3,93.9,18.17,1,0,92.36,1,HARDER
7,49.06,112.19,2,3,47.09,5,EASIER
3,78.5,27.01,1,0,75.33,1,SAME
6,53.4,34.13,3,3,50.78,4,EASIER
5,49.85,45.03,5,5,47.16,3,EASIER
7,62.54,122.23,2,1,64.2,5,SAME
5,78.48,116.45,1,2,76.66,3,EASIER
6,55.55,52.84,3,3,50.93,4,EASIER
7,66.62,146.29,1,1,62.72,5,SAME
7,43.28,82.47,3,3,41.56,5,EASIER
6,46.46,65.03,2,2,45.37,4,SAME
3,87.82,16.92,1,1,91.37,1,HARDER
3,92.76,15.71,1,1,92.24,1,HARDER
5,70.65,45.85,1,2,68.07,3,SAME
6,49.17,141.41,1,2,49.63,4,EASIER
6,46.51,55.38,3,3,45.37,4,EASIER
6,49.77,51.07,2,2,40.9,4,EASIER
3,67.81,27.44,2,3,67.1,1,EASIER
3,90.65,25.06,1,0,93.07,1,HARDER
3,100.0,24.25,1,0,98.78,1,HARDER
5,76.86,65.77,1,1,76.03,3,SAME
6,54.98,48.51,5,3,53.41,4,EASIER
3,61.35,16.76,1,1,63.63,1,SAME
7,58.83,191.71,1,2,57.9,5,SAME
4,83.23,35.48,2,1,82.81,2,SAME
6,52.25,111.82,2,2,51.22,4,EASIER
6,47.45,154.97,2,3,44.99,4,EASIER
3,85.22,36.42,1,0,92.44,1,SAME
7,72.86,53.09,1,1,75.55,5,SAME
7,36.08,105.11,3,4,32.04,5,EASIER
7,40.16,197.5,2,3,33.15,5,EASIER
3,75.09,31.55,1,2,74.37,1,SAME
4,69.39,41.43,4,3,64.17,2,EASIER
4,76.3,17.58,1,2,72.73,2,SAME
5,68.93,42.75,2,3,61.78,3,EASIER
7,46.91,116.31,4,3,42.91,5,EASIER
6,57.54,39.07,2,2,55.04,4,SAME
6,36.53,123.89,3,4,35.23,4,EASIER
5,75.57,54.72,2,2,71.78,3,SAME
7,62.38,38.08,2,2,60.53,5,SAME
7,52.65,82.24,5,4,49.5,5,EASIER
7,59.42,95.82,2,2,58.16,5,SAME
7,56.82,104.35,2,3,52.61,5,EASIER
6,51.9,171.56,3,3,51.73,4,EASIER
3,87.42,32.34,1,0,78.8,1,HARDER
4,83.65,20.0,1,2,85.56,2,SAME
6,49.42,37.79,3,4,37.2,4,EASIER
4,79.93,33.52,2,0,83.57,2,SAME
3,93.02,26.44,1,0,95.39,1,HARDER
7,40.77,192.36,3,3,37.14,5,EASIER
5,60.36,136.56,1,2,61.55,3,EASIER
7,10.95,296.16,4,6,2.11,5,EASIER
4,50.14,30.87,5,3,46.9,2,EASIER
4,75.31,58.96,1,1,71.62,2,SAME
4,78.98,46.42,1,1,77.72,2,SAME
4,57.94,22.76,4,4,56.23,2,EASIER
5,88.87,22.78,2,1,89.31,3,HARDER
4,72.5,40.66,2,1,73.59,2,SAME
7,41.33,49.58,2,2,38.58,5,EASIER
4,77.2,25.47,2,1,75.72,2,SAME
5,72.81,41.32,1,0,70.69,3,SAME
7,61.31,126.18,4,3,57.44,5,EASIER
5,69.17,109.33,2,2,62.38,3,SAME
3,99.85,25.14,1,0,98.08,1,HARDER
3,90.33,19.67,1,1,86.33,1,HARDER
5,51.11,20.83,5,4,48.43,3,EASIER
6,41.36,104.07,4,3,39.6,4,EASIER
7,62.31,113.76,1,1,64.05,5,SAME
3,80.07,19.58,1,1,79.24,1,SAME
5,68.55,103.3,1,1,70.16,3,EASIER
4,66.47,21.71,4,2,65.62,2,EASIER
5,81.24,41.32,1,0,78.47,3,SAME
5,65.41,51.38,3,3,54.64,3,EASIER
4,70.28,29.18,2,2,65.75,2,SAME
3,100.0,31.94,2,0,100.0,1,HARDER
3,81.52,30.73,2,1,85.45,1,SAME
5,76.51,97.58,1,0,78.83,3,SAME
4,97.08,48.12,1,0,94.27,2,HARDER
4,73.76,35.99,1,1,73.08,2,SAME
3,88.03,21.49,1,0,90.28,1,HARDER
3,100.0,30.61,1,0,100.0,1,HARDER
3,81.03,22.97,3,1,79.28,1,SAME
4,92.68,38.85,1,1,88.4,2,HARDER
3,85.39,31.36,1,1,87.09,1,HARDER
4,79.29,40.56,1,1,74.04,2,SAME
4,71.68,43.93,1,3,69.03,2,EASIER
4,100.0,26.2,1,0,97.64,2,HARDER
3,76.42,45.58,2,1,67.27,1,SAME
3,68.16,15.28,2,2,65.03,1,SAME
7,59.52,142.29,3,2,56.22,5,SAME
6,41.67,63.69,4,4,33.41,4,EASIER
3,96.52,40.47,1,0,100.0,1,SAME
4,82.85,57.57,2,1,76.31,2,SAME
4,88.41,37.96,2,1,88.51,2,HARDER
7,14.71,261.34,4,5,9.2,5,EASIER
7,60.14,101.13,2,2,57.89,5,SAME
6,47.24,129.7,2,3,42.21,4,EASIER
3,90.65,18.1,1,1,86.13,1,HARDER
5,85.41,70.87,1,0,84.93,3,HARDER
5,51.15,36.56,2,3,48.85,3,EASIER
6,65.1,82.83,1,2,58.79,4,SAME
7,24.59,108.91,5,6,9.06,5,EASIER
4,56.22,57.43,5,3,50.13,2,EASIER
5,57.71,41.61,2,3,51.71,3,EASIER
4,53.66,161.11,5,4,41.96,2,EASIER
4,81.27,19.85,1,1,77.76,2,SAME
4,83.06,42.4,1,2,85.19,2,SAME
6,43.47,95.24,5,4,40.64,4,EASIER
5,44.86,75.7,1,3,42.19,3,EASIER
6,58.25,62.72,1,1,57.62,4,HARDER
6,85.17,92.99,1,1,76.62,4,HARDER
4,63.46,29.15,2,2,64.02,2,SAME
7,29.36,300.0,2,4,19.08,5,EASIER
3,79.04,18.85,2,2,73.81,1,SAME
7,50.59,103.32,4,4,43.42,5,EASIER
3,60.75,18.61,3,3,56.64,1,EASIER
4,60.09,26.09,4,3,52.36,2,EASIER
7,76.43,52.19,1,2,70.5,5,SAME
6,63.75,116.3,2,2,63.59,4,SAME
4,59.1,27.7,3,4,58.95,2,EASIER
7,67.38,72.53,2,1,65.12,5,SAME
3,58.34,16.29,5,2,57.63,1,EASIER
6,59.92,96.06,3,3,54.83,4,EASIER
5,40.35,58.63,5,4,37.11,3,EASIER
4,94.84,38.47,1,0,96.43,2,HARDER
7,59.37,73.96,1,2,58.07,5,SAME
6,42.79,102.83,5,4,34.06,4,EASIER
3,69.9,18.62,1,2,65.4,1,SAME
3,92.41,25.79,3,1,90.98,1,SAME
3,100.0,23.49,1,1,97.54,1,HARDER
5,64.0,25.14,1,2,62.75,3,SAME
5,78.85,158.33,2,1,72.19,3,EASIER
6,24.98,110.57,5,5,22.25,4,EASIER
6,48.45,90.06,2,3,48.49,4,EASIER
3,87.39,29.06,1,1,87.41,1,HARDER
5,70.86,160.19,1,2,67.05,3,EASIER
6,74.49,148.1,1,0,73.56,4,SAME
7,39.14,135.45,4,4,31.84,5,EASIER
4,65.33,27.24,2,2,63.56,2,SAME
3,87.8,19.57,3,1,84.79,1,SAME
3,88.09,11.21,1,0,86.72,1,SAME
4,91.06,31.96,1,0,86.12,2,HARDER
5,78.71,80.48,2,2,75.95,3,SAME
4,76.83,51.18,1,1,74.39,2,SAME
3,79.64,32.89,2,2,81.8,1,SAME
4,91.18,29.83,1,0,91.34,2,HARDER
4,79.73,49.23,3,2,69.53,2,SAME
5,60.99,87.22,2,2,59.24,3,HARDER
3,82.68,9.28,2,2,80.45,1,SAME
6,53.66,96.06,1,2,48.59,4,EASIER
5,64.22,162.48,1,1,68.81,3,EASIER
4,100.0,33.14,1,0,100.0,2,HARDER
7,35.91,28.34,2,3,28.92,5,EASIER
6,83.01,53.74,2,1,85.62,4,SAME
3,100.0,11.15,1,0,100.0,1,HARDER
3,76.88,18.85,1,1,74.99,1,SAME
3,78.47,14.5,1,2,73.59,1,HARDER
5,74.5,91.95,1,2,70.72,3,SAME
4,78.22,54.79,1,0,73.73,2,SAME
4,88.16,44.65,2,1,85.72,2,HARDER
5,81.72,106.42,1,1,77.26,3,SAME
5,76.19,43.84,1,1,78.1,3,SAME
3,75.5,25.83,1,0,75.63,1,SAME
3,83.8,66.38,1,1,86.81,1,EASIER
6,81.74,111.17,3,3,81.43,4,EASIER
7,48.29,153.87,3,3,40.98,5,EASIER
7,78.97,73.71,1,2,76.32,5,SAME
7,60.3,89.25,2,1,58.9,5,SAME
5,96.3,35.3,1,0,96.75,3,HARDER
7,21.04,279.95,5,5,16.95,5,EASIER
7,69.55,47.91,2,2,66.31,5,SAME
7,61.13,184.33,2,2,58.47,5,SAME
3,83.58,32.38,2,0,83.73,1,SAME
3,91.21,12.25,1,1,89.81,1,HARDER
5,57.54,102.1,1,2,51.66,3,SAME
5,59.06,51.03,3,2,54.36,3,SAME
7,76.65,54.52,3,2,66.82,5,SAME
4,100.0,45.1,1,0,100.0,2,HARDER
7,62.32,71.54,1,2,59.81,5,SAME
7,32.9,100.16,4,3,29.13,5,EASIER
7,76.89,85.02,1,0,81.32,5,SAME
3,93.49,16.91,1,1,93.92,1,HARDER
4,89.55,21.74,1,1,91.64,2,HARDER
4,79.61,55.26,1,1,81.35,2,SAME
6,85.55,97.09,1,0,90.67,4,HARDER
6,72.21,93.9,1,1,74.58,4,SAME
5,77.2,48.43,2,1,73.18,3,SAME
3,78.67,25.58,1,2,77.61,1,SAME
5,68.71,40.29,1,0,70.82,3,SAME
6,57.66,55.42,1,2,55.99,4,SAME
5,62.0,135.23,3,3,63.59,3,EASIER
4,83.58,57.59,1,1,82.9,2,SAME
5,55.54,43.93,2,3,52.81,3,EASIER
6,73.65,37.66,1,1,72.02,4,SAME
5,71.58,24.99,2,2,68.1,3,SAME
7,35.58,79.27,2,4,28.61,5,EASIER
4,75.98,39.97,1,0,73.33,2,SAME
6,65.37,87.21,2,2,63.72,4,SAME
7,50.95,121.43,1,2,53.11,5,EASIER
4,80.65,44.46,1,2,77.18,2,SAME
4,75.81,23.33,1,0,76.81,2,SAME
3,70.71,48.9,1,1,66.75,1,SAME
4,46.7,34.63,3,3,36.9,2,EASIER
3,76.74,28.51,1,2,73.79,1,SAME
6,91.85,58.29,1,0,89.93,4,HARDER
3,76.06,28.72,1,1,71.64,1,SAME
6,34.31,241.47,4,4,23.28,4,EASIER
5,55.25,35.54,4,4,44.68,3,EASIER
7,56.32,60.98,5,3,52.3,5,EASIER
4,47.19,25.31,3,3,48.37,2,EASIER
4,62.04,32.49,3,2,57.42,2,SAME
4,59.13,29.74,5,3,56.24,2,EASIER
5,75.54,34.65,1,2,69.7,3,SAME
4,72.19,37.12,2,2,67.09,2,SAME
3,93.92,50.08,1,0,89.44,1,EASIER
7,11.55,103.22,5,5,3.04,5,EASIER
6,66.54,77.99,1,2,56.72,4,SAME
3,76.12,29.12,2,2,70.08,1,SAME
6,69.82,114.84,2,2,65.55,4,SAME
4,50.61,72.46,2,3,44.48,2,EASIER
3,80.01,27.82,2,2,78.26,1,SAME
5,67.71,57.92,2,1,68.3,3,SAME
6,36.83,48.97,5,3,31.85,4,EASIER
3,82.23,34.75,1,1,83.96,1,SAME
4,74.97,25.55,2,1,68.07,2,SAME
7,46.51,69.5,5,4,42.69,5,EASIER
4,83.28,41.61,2,1,81.31,2,SAME
3,79.53,49.64,1,2,71.79,1,SAME
5,66.41,83.1,1,1,67.32,3,SAME
6,36.35,80.42,4,4,31.22,4,EASIER
7,66.43,65.6,2,2,61.81,5,SAME
6,54.81,180.95,1,2,54.94,4,EASIER
3,75.75,24.38,1,1,74.36,1,SAME
7,56.19,95.62,2,2,55.75,5,SAME
6,70.02,109.44,1,2,68.09,4,SAME
6,38.02,64.96,5,4,28.7,4,EASIER
7,49.33,74.3,3,3,39.87,5,EASIER
6,39.19,58.27,5,5,28.4,4,EASIER
4,81.63,27.87,2,2,79.51,2,SAME
5,58.02,33.19,4,4,50.37,3,EASIER
5,68.99,31.41,1,1,68.53,3,SAME
5,66.3,93.84,3,1,63.1,3,SAME
6,56.91,116.11,1,3,47.16,4,EASIER
6,57.22,53.46,1,2,55.51,4,SAME
3,89.91,37.12,1,0,92.62,1,SAME
5,72.41,67.6,2,1,70.4,3,SAME
3,91.47,21.65,2,1,89.18,1,HARDER
5,96.41,31.62,1,1,97.75,3,HARDER
5,34.03,68.68,4,3,31.25,3,EASIER
4,51.34,91.31,4,4,49.13,2,EASIER
7,42.36,112.89,4,3,40.76,5,EASIER
4,92.83,60.76,2,1,89.38,2,SAME
3,84.71,22.75,1,1,82.07,1,SAME
4,63.36,58.61,1,2,60.44,2,SAME
6,50.02,75.84,2,2,46.32,4,EASIER
3,86.84,8.57,1,2,82.39,1,SAME
5,52.35,40.58,5,4,47.83,3,EASIER
5,92.96,61.92,2,1,92.01,3,HARDER
7,40.64,202.05,2,3,34.58,5,EASIER
3,94.91,23.35,1,0,91.65,1,HARDER
3,100.0,25.33,1,0,100.0,1,HARDER
5,69.7,43.37,1,2,64.84,3,SAME
3,98.35,50.07,2,0,96.71,1,EASIER
6,40.82,178.94,3,3,33.83,4,EASIER
4,64.56,27.65,2,3,58.9,2,EASIER
5,78.9,27.38,3,2,74.17,3,SAME
3,74.44,11.19,3,1,76.16,1,SAME
6,54.18,112.22,1,2,50.41,4,EASIER
5,63.78,62.02,2,2,56.45,3,SAME
3,81.02,17.65,1,1,79.78,1,SAME
4,48.38,43.18,5,4,45.98,2,EASIER
3,90.86,14.46,1,0,90.61,1,HARDER
3,84.24,35.61,1,0,83.68,1,SAME
6,91.55,67.22,1,1,85.15,4,HARDER
5,43.93,33.96,5,4,37.38,3,EASIER
7,53.21,91.7,2,2,48.15,5,EASIER
4,99.16,31.47,1,0,93.75,2,HARDER
6,53.2,99.14,5,4,44.07,4,EASIER
6,43.68,150.36,5,4,41.32,4,EASIER
6,52.33,146.36,2,3,50.63,4,EASIER
7,69.93,122.18,2,1,72.2,5,SAME
6,57.62,74.39,2,2,54.74,4,SAME
6,57.17,61.01,1,2,47.93,4,EASIER
6,62.31,32.7,1,3,58.68,4,EASIER
5,77.67,57.45,2,1,83.25,3,SAME
6,44.99,52.68,4,3,36.82,4,EASIER
7,55.64,217.56,1,2,47.56,5,EASIER
6,44.08,73.87,3,4,34.97,4,EASIER
6,67.82,120.93,2,3,65.15,4,EASIER
3,80.75,20.17,1,1,72.8,1,SAME
5,66.16,41.52,1,2,64.71,3,SAME
3,85.93,32.72,1,1,83.12,1,HARDER
3,74.28,28.29,1,1,72.51,1,SAME
4,72.23,44.21,1,2,70.6,2,SAME
5,66.3,55.37,1,2,62.15,3,SAME
5,69.2,85.73,2,1,67.29,3,SAME
7,50.28,159.16,1,2,47.41,5,EASIER
6,72.18,26.44,1,1,73.75,4,SAME
5,60.12,51.06,3,2,56.78,3,SAME
4,68.84,61.22,2,2,60.94,2,SAME
6,75.47,48.26,2,1,74.79,4,SAME
4,36.78,17.15,5,4,32.52,2,EASIER
7,61.65,103.84,2,2,65.89,5,SAME
6,40.36,107.5,3,3,36.36,4,EASIER
6,52.92,64.54,2,2,52.61,4,SAME
4,75.59,69.77,1,0,75.81,2,SAME
6,55.81,213.88,1,2,53.37,4,EASIER
7,61.28,39.23,1,2,62.09,5,SAME
3,83.02,21.07,2,2,86.1,1,SAME
3,83.23,9.06,1,0,84.86,1,SAME
5,26.85,80.45,4,4,24.74,3,EASIER
4,74.77,27.61,1,1,65.5,2,SAME
6,70.94,64.03,2,1,66.08,4,SAME
5,78.38,102.39,1,1,75.02,3,SAME
7,40.27,54.3,5,4,35.41,5,EASIER
4,80.01,18.09,1,2,73.76,2,SAME
4,88.03,13.03,1,1,85.17,2,HARDER
3,75.03,44.0,2,2,72.35,1,SAME
4,76.71,61.9,1,1,78.25,2,SAME
4,69.25,33.1,2,3,65.18,2,EASIER
6,79.26,42.25,1,0,81.23,4,SAME
4,31.79,56.24,4,5,23.65,2,EASIER
4,61.9,138.7,3,2,57.11,2,EASIER
4,83.95,34.02,1,1,86.93,2,SAME
5,63.85,31.98,3,3,59.88,3,EASIER
6,61.74,156.4,1,2,55.2,4,SAME
7,47.18,60.42,5,4,40.58,5,EASIER
3,89.04,21.24,1,0,92.05,1,HARDER
7,52.25,26.59,2,4,42.27,5,EASIER
4,75.75,32.95,3,1,71.38,2,SAME
7,44.1,55.8,1,2,38.0,5,EASIER
3,65.08,43.77,3,2,63.06,1,SAME
6,66.2,49.36,3,2,61.51,4,SAME
7,52.91,171.31,2,1,47.5,5,EASIER
3,73.21,23.86,1,1,67.99,1,SAME
6,83.01,87.52,3,1,84.75,4,SAME
3,86.28,31.54,1,0,86.2,1,HARDER
7,46.2,108.78,2,2,44.3,5,SAME
6,45.87,58.55,2,4,39.2,4,EASIER
7,62.51,71.95,3,3,53.76,5,EASIER
7,41.46,147.8,2,2,40.66,5,EASIER
4,71.36,15.55,2,2,66.61,2,SAME
5,66.24,133.1,2,2,64.59,3,EASIER
6,18.09,87.82,5,5,9.25,4,EASIER
3,97.66,21.51,1,0,95.33,1,HARDER
4,72.35,43.06,1,0,73.54,2,SAME
3,79.5,19.19,4,1,76.57,1,EASIER
7,36.77,101.64,5,4,36.41,5,EASIER
4,67.23,22.32,5,3,66.23,2,EASIER
5,76.97,69.83,1,1,71.44,3,SAME
5,86.96,55.79,1,1,85.72,3,HARDER
4,87.41,41.5,1,0,86.65,2,HARDER
6,39.41,177.32,4,3,32.77,4,EASIER
7,44.44,72.26,4,4,35.72,5,EASIER
5,43.02,54.42,1,3,37.16,3,EASIER
7,55.72,45.53,1,2,57.1,5,SAME
3,87.15,31.93,3,2,85.48,1,SAME
7,40.64,110.94,2,3,36.4,5,EASIER
3,82.27,25.19,1,1,76.73,1,SAME
3,72.01,23.31,1,2,58.17,1,SAME
3,69.21,19.33,1,1,64.53,1,SAME
4,71.62,122.82,1,1,74.34,2,EASIER
7,58.98,114.36,2,2,54.67,5,SAME
4,79.06,43.68,1,2,74.32,2,SAME
6,47.7,45.34,2,3,45.37,4,EASIER
5,59.96,89.89,1,2,57.05,3,SAME
3,56.84,23.66,4,3,50.08,1,EASIER
5,64.03,72.32,2,2,62.38,3,SAME
4,70.35,58.07,1,2,68.96,2,SAME
4,94.5,36.19,1,0,100.0,2,HARDER
5,60.56,41.48,2,2,61.48,3,SAME
6,56.05,24.44,2,3,50.5,4,EASIER
5,67.24,47.88,3,2,64.21,3,SAME
4,53.04,27.57,2,3,44.6,2,EASIER
6,78.08,45.26,2,1,75.96,4,SAME
6,63.12,174.57,2,2,61.57,4,EASIER
4,89.44,60.31,1,0,89.33,2,SAME
7,53.28,41.32,1,2,46.77,5,EASIER
7,51.14,121.79,1,1,47.7,5,EASIER
6,54.71,53.61,2,3,48.08,4,EASIER
4,77.57,45.15,1,1,77.87,2,SAME
4,96.36,26.1,1,0,98.04,2,HARDER
5,53.98,44.42,1,2,51.23,3,EASIER
3,87.71,38.38,3,2,86.15,1,SAME
4,78.67,55.85,1,2,74.76,2,SAME
3,91.38,48.94,2,1,87.26,1,SAME
3,78.7,22.7,3,1,76.45,1,SAME
6,54.51,38.47,4,3,50.28,4,EASIER
3,90.95,37.67,2,2,88.69,1,SAME
5,64.45,91.78,2,2,59.67,3,SAME
5,63.34,79.16,1,2,55.17,3,SAME
3,78.52,17.96,1,1,77.58,1,SAME
7,65.08,62.48,2,2,56.48,5,SAME
7,61.42,149.99,3,2,57.26,5,SAME
6,53.48,51.72,2,3,44.12,4,EASIER
6,80.76,69.87,1,2,81.0,4,SAME
4,84.27,148.96,1,1,85.04,2,EASIER
7,22.88,300.0,2,4,19.38,5,EASIER
6,54.4,123.83,4,3,46.14,4,EASIER
5,54.98,41.79,3,3,46.02,3,EASIER
6,85.23,56.32,1,0,91.53,4,HARDER
7,32.05,165.44,5,4,26.33,5,HARDER
6,74.47,178.6,3,1,67.22,4,EASIER
3,81.47,19.91,2,2,77.14,1,SAME
4,62.05,30.66,3,3,54.81,2,EASIER
3,87.7,26.0,2,2,86.81,1,SAME
4,70.46,19.78,4,2,64.02,2,EASIER
7,61.29,53.42,2,3,55.22,5,EASIER
3,77.88,14.81,2,1,78.32,1,SAME
7,67.5,150.82,1,0,68.13,5,SAME
4,48.72,43.18,4,3,42.78,2,EASIER
5,33.59,101.82,3,4,24.28,3,EASIER
5,80.07,24.55,1,1,79.27,3,SAME
3,100.0,12.73,1,0,94.27,1,HARDER
3,95.44,30.62,1,0,96.36,1,HARDER
4,67.61,25.22,2,2,64.62,2,SAME
3,78.57,17.52,2,1,76.0,1,SAME
6,57.61,138.84,2,3,50.0,4,EASIER
5,52.16,44.11,3,4,47.13,3,EASIER
7,30.25,88.32,4,4,24.89,5,EASIER
7,38.27,97.73,5,5,28.08,5,EASIER
4,59.88,34.76,5,3,48.08,2,EASIER
7,47.83,162.68,1,2,44.9,5,EASIER
3,73.99,14.59,1,2,74.32,1,SAME
5,73.66,52.84,1,2,69.63,3,SAME
6,51.83,150.08,2,2,47.72,4,EASIER
5,74.26,166.69,1,0,74.88,3,EASIER
6,53.64,40.5,2,2,48.05,4,EASIER
7,35.66,134.14,5,5,27.29,5,EASIER
5,66.35,52.79,3,2,66.32,3,SAME
4,84.52,36.28,2,0,85.08,2,SAME
5,74.92,39.24,1,1,78.45,3,SAME
7,42.69,169.09,2,3,38.68,5,EASIER
7,54.31,164.42,1,3,51.58,5,SAME
7,44.66,300.0,1,2,40.05,5,EASIER
4,97.64,20.42,2,1,95.32,2,HARDER
4,55.96,16.71,4,3,51.96,2,EASIER
5,67.39,160.38,4,3,66.51,3,EASIER
5,48.31,56.53,5,4,41.81,3,EASIER
6,64.38,64.66,1,2,64.04,4,SAME
7,46.43,124.1,2,3,45.64,5,EASIER
5,63.88,29.08,1,1,68.25,3,SAME
4,80.13,45.34,1,0,80.64,2,SAME
7,53.98,107.21,2,1,53.65,5,EASIER
5,65.59,98.69,2,1,62.48,3,SAME
6,82.33,128.04,2,1,81.84,4,SAME
3,88.87,37.99,3,2,87.37,1,SAME
5,76.22,63.75,1,1,74.29,3,SAME
5,51.58,128.33,3,4,41.63,3,EASIER
3,72.57,32.31,1,1,69.99,1,SAME
4,78.57,29.58,2,2,68.02,2,SAME
6,72.57,53.83,2,1,70.73,4,SAME
3,100.0,18.34,1,0,96.73,1,HARDER
3,81.92,32.49,1,0,83.12,1,SAME
3,73.76,13.82,1,1,79.06,1,SAME
3,88.62,26.79,1,1,89.93,1,HARDER
5,80.96,38.4,1,0,78.81,3,SAME
5,65.03,31.19,2,2,65.36,3,SAME
6,45.86,46.48,5,4,40.78,4,HARDER
5,74.41,57.32,1,0,76.29,3,SAME
5,75.25,84.65,1,1,73.19,3,SAME
7,57.27,77.49,2,2,57.3,5,SAME
4,81.87,14.32,1,0,79.42,2,SAME
6,30.12,300.0,2,4,18.63,4,EASIER
3,93.7,41.11,2,0,91.87,1,SAME
7,42.2,186.16,2,4,37.2,5,EASIER
4,53.47,81.67,1,1,50.27,2,EASIER
4,60.15,39.69,4,3,58.13,2,EASIER
3,85.54,23.54,2,2,83.14,1,SAME
5,81.4,113.47,1,2,76.87,3,SAME
4,81.97,71.64,1,1,80.63,2,SAME
7,30.68,156.61,5,4,15.27,5,EASIER
3,68.1,37.02,4,2,66.95,1,EASIER
5,60.62,31.41,2,2,58.33,3,SAME
7,57.61,97.34,1,1,53.68,5,SAME
7,36.32,283.46,4,4,33.2,5,EASIER
6,52.41,124.58,2,3,46.47,4,EASIER
5,76.96,28.13,1,1,75.94,3,SAME
7,56.73,83.85,1,1,54.16,5,SAME
4,72.25,78.4,1,2,64.01,2,EASIER
7,56.87,143.54,1,2,52.87,5,SAME
5,66.13,63.46,2,1,59.25,3,SAME
4,73.59,41.98,2,2,70.71,2,SAME
4,57.5,36.54,5,4,51.73,2,EASIER
5,26.48,44.74,5,5,20.22,3,EASIER
3,76.85,17.25,2,2,71.6,1,SAME
6,70.01,138.67,1,2,63.88,4,SAME
4,97.43,42.49,1,0,98.48,2,HARDER
4,68.05,52.98,1,1,59.78,2,EASIER
3,68.84,31.89,2,2,66.35,1,SAME
5,73.14,116.48,1,0,76.56,3,EASIER
4,85.87,47.05,2,2,81.53,2,SAME
3,79.15,36.07,1,1,80.96,1,EASIER
7,26.61,122.69,3,4,21.6,5,EASIER
6,57.01,50.1,3,3,56.31,4,EASIER
4,72.94,34.18,1,0,74.57,2,SAME
3,77.17,32.5,5,3,71.71,1,EASIER
7,49.07,162.04,2,3,44.35,5,EASIER
6,48.12,174.38,1,3,41.76,4,EASIER
5,58.56,46.19,2,2,53.08,3,SAME
6,62.12,92.23,2,3,58.97,4,EASIER
3,77.64,23.6,2,1,75.85,1,SAME
5,63.7,129.6,2,1,59.95,3,EASIER
3,100.0,29.56,1,0,100.0,1,HARDER
6,48.3,100.73,2,3,45.18,4,EASIER
7,41.6,109.84,5,3,29.13,5,EASIER
5,89.88,51.89,1,0,91.6,3,HARDER
6,81.43,38.61,1,0,79.18,4,SAME
6,36.23,42.56,4,4,33.27,4,EASIER
7,33.55,123.47,5,5,28.58,5,EASIER
3,58.41,25.61,3,2,58.86,1,SAME
4,90.69,41.44,1,0,92.68,2,HARDER
4,61.53,59.15,3,3,60.65,2,EASIER
6,71.62,86.06,1,1,63.48,4,SAME
5,83.39,48.81,2,2,75.48,3,SAME
6,70.95,73.52,1,2,70.68,4,SAME
5,70.17,65.44,2,1,64.57,3,SAME
7,30.9,91.05,5,4,23.81,5,EASIER
6,77.33,142.62,1,1,78.46,4,SAME
3,82.31,24.87,1,1,88.42,1,HARDER
7,50.78,128.46,3,2,48.7,5,EASIER
7,46.77,71.77,4,3,42.58,5,EASIER
3,95.56,40.15,1,0,89.42,1,SAME
4,76.01,74.73,2,2,74.18,2,SAME
7,22.55,53.28,5,5,14.96,5,EASIER
7,38.34,139.35,4,3,36.57,5,EASIER
5,50.28,54.98,2,3,47.46,3,EASIER
5,65.15,66.76,2,1,66.53,3,SAME
3,95.25,30.57,1,0,92.0,1,HARDER
5,86.56,19.19,1,1,87.45,3,HARDER
6,58.47,121.71,1,2,53.68,4,SAME
4,100.0,64.1,1,1,95.16,2,SAME
4,63.36,67.58,1,2,59.34,2,SAME
7,66.82,66.93,1,2,63.86,5,SAME
5,81.91,57.12,1,1,80.99,3,SAME
4,75.1,29.5,3,1,69.77,2,SAME
4,87.15,15.45,1,1,89.26,2,HARDER
5,55.71,42.66,4,4,52.13,3,EASIER
4,100.0,22.83,1,0,100.0,2,HARDER
5,56.57,68.45,2,1,60.0,3,SAME
7,30.26,46.03,5,5,21.18,5,EASIER
6,70.15,49.27,1,1,72.83,4,SAME
4,74.32,29.77,2,1,71.31,2,SAME
5,49.48,84.92,3,3,45.89,3,EASIER
5,61.87,229.39,2,2,61.38,3,EASIER
6,70.55,96.0,1,1,68.97,4,SAME
6,80.41,47.94,2,1,81.29,4,SAME
5,84.89,41.44,1,1,80.99,3,SAME
4,93.79,51.77,1,0,93.98,2,SAME
6,80.46,40.72,1,1,80.87,4,SAME
3,69.58,40.73,2,3,66.04,1,EASIER
6,43.38,94.53,4,4,33.31,4,EASIER
7,58.7,104.62,1,2,54.02,5,SAME
6,67.47,34.14,3,2,63.18,4,SAME
5,61.44,91.47,3,3,58.02,3,EASIER
7,55.64,73.95,2,3,56.37,5,EASIER
5,54.52,62.58,4,3,45.91,3,EASIER
5,88.41,53.66,1,0,85.55,3,HARDER
7,51.72,47.24,1,2,53.44,5,EASIER
3,90.09,22.56,1,1,91.41,1,HARDER
6,58.09,43.7,5,3,54.16,4,EASIER
6,61.33,58.42,3,3,58.12,4,EASIER
5,71.53,71.86,1,2,70.44,3,SAME
3,92.02,34.17,1,1,91.12,1,SAME
6,53.78,81.23,1,3,49.58,4,EASIER
4,62.38,25.08,3,3,61.93,2,EASIER
7,52.3,78.7,2,3,42.93,5,EASIER
6,57.64,58.03,1,2,58.37,4,SAME
4,91.23,13.92,1,1,85.92,2,HARDER
5,56.65,60.14,2,3,56.55,3,EASIER
3,100.0,11.91,1,0,99.61,1,HARDER
5,54.48,60.23,5,4,47.75,3,EASIER
3,68.57,13.06,3,2,61.9,1,SAME
7,43.14,58.04,3,4,39.84,5,EASIER
6,52.93,116.09,3,3,49.69,4,EASIER
4,93.59,38.44,1,1,91.86,2,HARDER
7,62.01,40.1,1,1,57.86,5,SAME
3,100.0,19.5,1,1,100.0,1,HARDER
5,68.98,66.03,2,3,63.81,3,EASIER
3,96.82,18.98,1,1,94.06,1,HARDER
3,98.66,21.46,2,1,100.0,1,HARDER
4,78.75,42.62,2,2,77.48,2,SAME
4,44.12,38.81,5,4,45.39,2,EASIER
6,46.66,48.95,4,4,41.02,4,EASIER
7,69.95,113.37,3,2,73.44,5,SAME
6,57.16,70.62,2,2,55.82,4,SAME
6,12.1,200.99,5,6,5.44,4,EASIER
5,66.32,55.11,1,3,62.18,3,EASIER
4,80.95,40.49,1,1,81.29,2,SAME
4,81.67,42.93,2,1,83.27,2,SAME
7,47.31,93.96,5,5,39.96,5,EASIER
5,67.81,40.61,1,1,64.5,3,SAME
5,62.17,72.82,5,3,56.13,3,EASIER
3,97.17,30.79,1,1,96.67,1,HARDER
5,73.02,162.6,2,2,69.24,3,EASIER
6,63.48,120.64,3,3,59.54,4,EASIER
5,63.43,84.46,2,2,62.56,3,SAME
6,58.58,119.1,5,4,53.97,4,EASIER
7,70.18,76.88,2,1,71.76,5,SAME
3,83.81,14.28,2,1,82.88,1,SAME
7,64.27,64.82,3,2,58.78,5,SAME
7,66.67,162.95,4,2,62.53,5,EASIER
5,62.05,117.23,4,3,59.2,3,EASIER
6,38.75,120.11,2,4,36.43,4,EASIER
3,72.17,23.21,1,2,69.7,1,SAME
4,69.56,83.56,3,2,64.58,2,EASIER
3,80.08,20.52,1,1,80.17,1,SAME
6,62.06,45.14,1,1,65.14,4,SAME
7,50.36,128.56,3,3,46.74,5,EASIER
6,59.69,160.53,1,2,53.91,4,SAME
6,58.53,52.88,4,3,49.6,4,EASIER
3,100.0,11.71,1,0,100.0,1,HARDER
7,44.6,114.33,2,3,40.52,5,EASIER
3,85.4,35.24,2,2,79.31,1,SAME
5,71.67,13.37,1,1,69.24,3,SAME
6,59.71,136.31,3,3,61.34,4,EASIER
7,60.73,53.18,1,2,62.39,5,SAME
7,55.03,166.26,3,3,50.16,5,EASIER
5,76.26,21.59,1,1,71.9,3,SAME
5,80.37,27.95,3,1,83.35,3,SAME
5,78.29,78.78,1,1,79.69,3,SAME
5,35.38,105.87,4,3,31.25,3,EASIER
6,69.23,81.61,2,1,60.01,4,SAME
6,43.47,284.95,2,3,39.48,4,EASIER
5,54.75,34.96,1,2,54.05,3,EASIER
5,73.43,34.74,1,2,69.82,3,SAME
3,96.08,21.85,1,0,94.01,1,HARDER
3,98.55,21.4,1,0,95.14,1,HARDER
5,76.64,66.74,2,2,74.13,3,SAME
4,76.79,26.8,2,1,71.28,2,SAME
6,63.68,110.15,1,2,62.09,4,SAME
7,49.95,150.62,1,3,41.42,5,EASIER
6,70.63,189.74,1,2,65.9,4,EASIER
7,56.73,85.73,3,3,49.5,5,EASIER
5,69.67,68.53,1,2,63.44,3,SAME
7,75.72,155.82,1,1,70.51,5,SAME
7,65.99,111.56,2,2,66.94,5,SAME
3,100.0,22.75,1,0,99.62,1,HARDER
6,69.77,28.04,1,1,64.44,4,SAME
5,84.92,60.44,3,2,83.97,3,SAME
7,36.67,154.94,3,3,29.92,5,EASIER
5,39.59,56.36,3,4,37.77,3,EASIER
3,100.0,17.65,1,0,98.49,1,HARDER
4,94.63,17.26,1,0,93.41,2,HARDER
3,70.96,30.58,5,2,63.79,1,EASIER
4,90.66,38.6,2,0,94.84,2,HARDER
3,100.0,46.4,1,0,97.21,1,SAME
6,69.35,38.59,3,3,63.3,4,EASIER
5,67.4,45.95,3,3,59.7,3,EASIER
6,46.41,41.25,5,3,38.53,4,EASIER
7,44.0,195.84,3,3,40.85,5,EASIER
6,62.05,156.18,3,2,65.05,4,SAME
5,62.13,150.22,1,2,61.25,3,EASIER
4,74.78,48.55,2,2,66.47,2,SAME
6,55.19,123.61,1,2,54.98,4,SAME
5,69.15,71.97,3,2,65.88,3,SAME
6,71.9,110.47,3,1,67.7,4,SAME
3,74.11,25.55,2,1,73.57,1,SAME
3,64.41,32.93,2,2,59.2,1,SAME
3,86.23,64.79,1,2,88.06,1,EASIER
6,72.71,91.88,1,1,72.9,4,SAME
5,68.26,58.69,2,2,61.93,3,SAME
4,63.56,41.71,2,2,60.84,2,SAME
4,82.17,35.43,3,1,73.0,2,SAME
6,58.84,93.21,3,3,52.66,4,EASIER
7,75.87,101.37,2,2,76.35,5,SAME
7,51.99,208.92,3,3,51.92,5,EASIER
5,57.63,97.25,2,3,51.54,3,EASIER
6,47.65,252.9,3,4,41.86,4,EASIER
3,89.57,24.74,2,1,88.63,1,HARDER
7,65.47,131.08,3,2,65.53,5,SAME
3,69.48,27.9,3,2,63.7,1,SAME
4,70.0,41.74,1,1,72.1,2,SAME
6,44.15,147.57,4,4,39.09,4,EASIER
7,60.86,46.2,1,2,58.69,5,SAME
3,80.11,30.69,2,2,78.08,1,SAME
6,61.74,231.49,1,3,57.31,4,EASIER
3,50.47,45.85,2,2,50.86,1,EASIER
3,69.09,43.58,2,1,64.97,1,SAME
5,75.98,87.99,1,2,69.89,3,SAME
5,76.1,43.19,1,1,73.27,3,SAME
4,99.04,26.71,2,1,100.0,2,HARDER
7,56.13,74.75,2,2,57.5,5,SAME
6,48.1,45.36,2,3,41.68,4,EASIER
5,59.59,92.67,2,2,55.92,3,SAME
5,68.96,119.97,3,2,64.27,3,EASIER
5,73.11,71.91,1,1,72.57,3,SAME
3,66.77,35.77,1,2,62.7,1,SAME
6,55.25,95.52,4,3,49.13,4,EASIER
6,73.35,110.22,2,2,69.61,4,EASIER
5,75.83,20.34,1,1,74.97,3,SAME
5,63.19,67.78,2,3,62.75,3,EASIER
7,72.36,88.82,1,2,68.09,5,SAME
6,20.08,80.31,5,4,14.68,4,EASIER
4,91.99,42.25,1,0,94.89,2,HARDER
3,83.45,18.18,2,1,79.48,1,SAME
7,58.72,62.32,3,3,54.75,5,EASIER
6,43.56,55.64,3,3,41.19,4,EASIER
6,48.36,38.61,4,3,45.77,4,EASIER
4,87.71,22.08,2,1,90.71,2,HARDER
3,82.04,15.89,3,1,82.12,1,SAME
5,42.57,28.5,2,3,38.24,3,EASIER
6,49.31,107.95,5,4,44.58,4,EASIER
4,95.73,24.89,1,1,93.64,2,HARDER
5,60.65,23.06,4,3,59.68,3,EASIER
7,49.78,90.0,3,2,46.54,5,EASIER
4,81.07,22.52,3,2,77.57,2,SAME
4,82.38,75.44,1,2,77.15,2,SAME
4,57.25,40.45,2,2,52.92,2,SAME
7,40.92,50.25,3,3,38.1,5,EASIER
5,78.52,76.86,3,1,73.15,3,SAME
7,45.98,117.31,3,4,38.78,5,EASIER
7,37.56,98.34,5,4,30.39,5,EASIER
5,46.16,126.45,2,2,45.03,3,EASIER
3,95.96,16.2,1,0,98.57,1,HARDER
4,74.74,61.81,3,2,76.18,2,SAME
5,95.15,47.36,2,0,93.04,3,HARDER
4,92.88,37.67,1,0,95.24,2,HARDER
3,100.0,17.91,1,0,100.0,1,HARDER
7,21.99,77.06,4,4,15.8,5,EASIER
4,56.86,30.96,4,3,54.55,2,EASIER
6,93.29,30.52,1,1,87.8,4,HARDER
7,64.09,135.29,2,1,61.01,5,SAME
5,82.05,61.39,1,1,77.29,3,SAME
6,90.13,37.63,1,1,92.54,4,HARDER
3,80.1,33.53,1,1,81.23,1,SAME
6,45.82,174.93,4,3,38.1,4,EASIER
7,61.43,77.97,2,2,54.4,5,SAME
7,54.59,73.02,2,2,53.39,5,EASIER
3,59.13,41.03,3,3,52.04,1,EASIER
4,78.86,45.93,4,2,77.85,2,EASIER
3,91.09,23.53,1,0,96.46,1,HARDER
7,62.93,174.59,1,1,58.85,5,SAME
4,76.07,43.22,1,1,76.38,2,SAME
5,43.31,117.63,4,3,38.11,3,EASIER
5,52.37,57.52,4,4,51.14,3,EASIER
6,58.88,102.36,2,2,51.23,4,SAME
7,40.0,203.76,5,5,28.53,5,EASIER
4,88.26,12.03,1,0,88.79,2,HARDER
6,32.86,147.9,4,4,31.14,4,EASIER
4,46.49,29.97,4,4,39.7,2,EASIER
3,99.84,31.23,1,0,97.52,1,HARDER
3,99.31,52.43,1,0,94.16,1,EASIER
4,73.65,32.91,2,1,73.48,2,SAME
5,70.1,46.29,1,1,64.48,3,SAME
6,42.6,79.7,5,5,41.56,4,EASIER
7,56.65,50.75,2,2,54.05,5,SAME
5,56.95,172.26,3,4,51.13,3,EASIER
5,88.77,56.79,1,2,84.86,3,SAME
3,70.72,52.0,5,3,63.65,1,EASIER
7,51.55,93.4,4,4,44.92,5,EASIER
4,72.78,38.61,1,1,72.74,2,SAME
6,71.64,133.99,1,1,72.99,4,SAME
6,73.7,46.23,1,1,72.15,4,SAME
7,34.93,105.91,3,4,28.44,5,EASIER
7,32.17,183.59,4,5,25.04,5,EASIER
6,54.47,73.4,4,3,47.69,4,EASIER
6,47.43,63.79,2,2,49.51,4,EASIER
3,82.19,41.06,1,1,78.89,1,SAME
3,68.3,46.64,4,3,61.65,1,EASIER
5,59.97,125.55,2,3,57.19,3,EASIER
6,67.9,57.73,3,3,62.19,4,EASIER
6,78.13,60.67,1,1,81.24,4,SAME
4,69.63,30.45,1,1,69.51,2,SAME
5,65.54,82.77,1,2,59.68,3,SAME
7,47.56,58.34,5,3,46.03,5,EASIER
3,89.27,15.05,2,2,86.16,1,SAME
4,31.28,27.16,4,4,29.59,2,EASIER
7,71.68,67.17,2,2,66.49,5,SAME
3,89.2,37.06,1,0,90.09,1,SAME
4,82.17,55.79,1,0,84.66,2,SAME
5,60.26,45.7,2,3,52.79,3,EASIER
6,55.89,74.14,5,3,56.13,4,EASIER
4,89.72,11.52,1,0,89.86,2,HARDER
6,40.51,64.64,5,5,33.99,4,EASIER
4,51.44,68.19,1,2,41.49,2,EASIER
4,78.63,29.88,1,1,73.87,2,SAME
5,65.02,33.77,1,1,60.68,3,SAME
3,84.01,46.12,1,1,86.35,1,SAME
6,46.26,45.93,3,4,34.66,4,EASIER
6,42.7,183.22,5,3,35.66,4,EASIER
7,36.99,300.0,5,3,32.78,5,EASIER
4,83.19,36.1,1,1,83.17,2,SAME
4,61.85,68.18,2,2,61.35,2,SAME
7,52.07,45.1,2,3,48.79,5,EASIER
3,85.15,11.67,1,0,83.65,1,HARDER
5,87.32,39.1,2,2,81.23,3,SAME
5,75.13,87.14,1,0,79.87,3,SAME
5,92.95,58.05,1,0,95.27,3,HARDER
5,33.42,52.89,5,4,27.17,3,EASIER
6,56.03,41.91,3,3,49.53,4,EASIER
3,71.56,23.62,2,2,68.32,1,SAME
7,47.62,78.86,3,3,42.31,5,EASIER
7,61.53,67.74,2,2,57.44,5,SAME
3,73.43,15.97,1,0,71.16,1,SAME
7,56.0,124.35,1,2,55.9,5,SAME
4,53.9,27.09,5,3,47.75,2,EASIER
3,85.04,24.93,2,1,82.35,1,HARDER
4,66.94,16.55,1,1,68.3,2,SAME
6,58.54,106.52,3,3,55.0,4,EASIER
7,38.64,127.7,5,4,37.15,5,EASIER
6,80.94,72.7,1,1,74.14,4,SAME
7,16.65,122.31,5,5,8.98,5,EASIER
4,78.8,58.95,1,1,77.4,2,SAME
7,62.79,50.85,1,2,61.29,5,SAME
6,43.83,84.89,5,3,38.84,4,EASIER
3,90.75,13.99,1,1,90.01,1,HARDER
3,76.78,25.99,2,1,77.8,1,SAME
4,85.08,33.65,1,1,81.43,2,HARDER
3,100.0,24.72,1,1,100.0,1,HARDER
4,60.75,56.62,5,4,52.79,2,EASIER
7,33.94,174.97,2,3,29.87,5,EASIER
4,98.69,63.33,1,0,93.72,2,SAME
6,88.22,66.73,1,0,84.17,4,HARDER
7,39.92,164.31,5,5,30.36,5,EASIER
4,76.42,48.22,4,2,69.25,2,EASIER
6,95.71,67.61,1,2,91.96,4,SAME
5,72.87,61.46,2,2,73.18,3,SAME
4,88.65,35.71,2,1,86.6,2,HARDER
7,41.54,239.54,5,5,34.65,5,EASIER
6,44.11,124.96,3,3,45.58,4,EASIER
5,72.58,49.12,4,3,68.8,3,EASIER
7,65.21,89.8,1,2,62.36,5,EASIER
7,53.5,188.75,3,2,47.61,5,EASIER
6,59.52,164.6,3,2,57.38,4,EASIER
7,53.91,133.02,1,2,53.48,5,EASIER
4,97.9,51.79,1,0,95.94,2,SAME
4,55.66,70.11,4,3,51.91,2,SAME
4,73.06,35.0,3,2,66.32,2,SAME
6,78.87,85.64,1,2,76.94,4,SAME
7,52.58,146.02,3,3,47.09,5,EASIER
6,56.77,65.6,2,1,56.66,4,SAME
5,56.78,134.49,1,2,47.99,3,EASIER
6,60.92,65.3,1,1,59.32,4,SAME
3,97.9,25.69,1,0,100.0,1,HARDER
4,57.46,93.53,5,3,54.42,2,EASIER
6,60.83,31.14,2,3,55.7,4,EASIER
3,87.26,27.52,1,0,79.7,1,HARDER
7,52.59,78.14,2,2,53.6,5,EASIER
3,78.0,25.0,1,1,73.4,1,SAME
6,59.08,43.8,4,3,57.57,4,EASIER
6,43.84,67.62,3,3,36.92,4,EASIER
7,50.24,113.52,3,3,42.61,5,EASIER
6,69.14,92.82,3,1,67.12,4,SAME
5,74.01,90.36,1,1,67.82,3,SAME
6,80.42,24.49,2,2,73.69,4,SAME
4,72.25,35.82,1,1,74.12,2,SAME
5,62.39,53.2,1,3,60.49,3,EASIER
7,37.68,108.14,1,3,30.35,5,EASIER
3,98.28,25.36,1,0,96.51,1,HARDER
4,55.31,25.72,2,2,46.25,2,EASIER
3,100.0,12.56,1,0,98.72,1,HARDER
5,95.54,64.58,1,1,92.27,3,HARDER
6,72.93,48.9,1,2,74.36,4,SAME
3,80.71,29.91,1,1,79.51,1,SAME
5,56.58,36.47,1,3,52.38,3,EASIER
5,79.49,81.72,1,1,79.23,3,SAME
6,41.82,79.71,5,5,32.72,4,EASIER
4,86.54,38.27,1,1,86.95,2,HARDER
3,95.89,22.4,1,1,95.86,1,HARDER
3,70.96,20.86,2,1,70.13,1,SAME
5,46.6,51.68,5,4,41.89,3,EASIER
5,74.97,104.1,1,2,78.11,3,SAME
7,81.07,48.53,2,1,72.47,5,SAME
5,78.63,42.08,2,1,73.54,3,SAME
3,83.44,40.01,2,1,80.54,1,SAME
6,48.37,125.59,2,3,46.47,4,EASIER
3,100.0,45.46,1,1,98.61,1,SAME
4,81.61,36.96,4,1,82.2,2,EASIER
6,46.43,41.31,2,2,43.01,4,EASIER
4,63.68,22.58,1,3,57.02,2,HARDER
5,49.67,50.03,5,3,47.18,3,EASIER
5,65.77,84.52,2,2,61.71,3,SAME
7,50.6,97.49,5,3,49.29,5,EASIER
4,71.58,32.51,1,0,67.92,2,SAME
7,43.45,139.05,2,3,43.11,5,EASIER
6,53.09,83.19,1,1,54.07,4,EASIER
6,44.98,65.21,3,4,38.27,4,EASIER
3,70.79,16.01,4,2,63.95,1,EASIER
3,51.21,38.1,4,4,43.47,1,EASIER
6,86.86,141.4,3,1,84.69,4,SAME
5,35.28,34.36,3,4,32.49,3,EASIER
4,77.99,31.45,1,1,75.91,2,SAME
7,54.61,161.1,2,3,52.52,5,EASIER
4,98.09,22.26,1,0,96.18,2,HARDER
5,57.89,69.49,2,2,54.3,3,SAME
6,21.69,69.2,5,5,13.82,4,EASIER
7,37.69,57.71,3,4,39.48,5,EASIER
7,61.52,295.05,2,3,60.54,5,EASIER
6,47.53,68.66,1,3,44.8,4,EASIER
3,100.0,31.57,1,0,100.0,1,HARDER
3,93.14,15.18,1,0,97.15,1,HARDER
6,38.25,183.82,5,4,27.58,4,EASIER
5,68.66,152.08,3,2,58.49,3,EASIER
3,81.79,12.81,1,1,81.25,1,SAME
6,73.75,75.27,2,2,69.66,4,SAME
7,55.22,230.95,1,2,49.88,5,EASIER
3,75.53,20.3,1,1,76.15,1,SAME
7,52.73,139.99,2,2,43.2,5,EASIER
4,83.52,17.25,1,0,86.59,2,SAME
4,57.04,26.23,1,1,60.01,2,SAME
6,51.08,96.1,2,3,43.11,4,EASIER
4,89.36,28.8,1,1,93.08,2,HARDER
3,91.61,21.29,1,1,93.03,1,HARDER
7,67.56,49.03,2,1,65.14,5,SAME
4,90.06,51.68,2,2,86.46,2,SAME
3,73.18,13.77,2,2,70.25,1,SAME
6,46.83,182.71,2,3,42.94,4,EASIER
4,38.68,27.57,5,4,33.94,2,EASIER
6,58.22,124.35,3,2,60.81,4,SAME
3,76.25,34.17,2,2,71.47,1,SAME
5,82.83,35.62,2,2,79.83,3,SAME
5,60.41,43.62,5,3,56.53,3,EASIER
7,54.41,87.29,3,2,46.91,5,EASIER
5,58.15,47.83,3,3,55.21,3,SAME
7,61.02,55.22,3,3,55.18,5,EASIER
4,69.11,48.84,3,2,67.57,2,SAME
5,65.64,41.24,3,2,62.04,3,EASIER
7,20.72,105.24,4,5,16.31,5,EASIER
3,93.04,39.12,1,0,88.24,1,SAME
7,46.2,152.95,3,3,35.97,5,EASIER
6,61.73,59.36,2,2,62.07,4,SAME
6,51.83,140.89,2,2,47.89,4,EASIER
4,65.89,51.96,1,2,65.63,2,SAME
7,41.34,76.23,4,4,45.53,5,EASIER
7,32.15,84.63,2,3,26.6,5,EASIER
4,72.6,60.81,2,1,69.88,2,SAME
5,61.57,85.28,2,1,60.83,3,HARDER
3,100.0,12.81,1,0,95.5,1,HARDER
4,83.56,23.69,4,3,77.84,2,EASIER
3,58.51,34.07,3,2,57.74,1,SAME
5,78.6,32.43,2,1,75.96,3,SAME
5,67.36,86.39,1,2,64.16,3,SAME
5,64.28,151.21,1,2,55.89,3,EASIER
6,63.13,99.57,1,2,62.44,4,SAME
7,70.25,67.73,2,1,72.98,5,SAME
3,88.53,27.04,1,0,82.26,1,HARDER
4,86.7,61.8,1,1,86.7,2,SAME
4,65.43,39.81,1,1,66.9,2,EASIER
7,47.65,145.79,1,2,45.1,5,EASIER
3,76.86,17.52,2,1,76.34,1,SAME
3,68.98,18.12,4,3,68.68,1,EASIER
3,96.36,37.41,1,0,100.0,1,SAME
6,56.52,56.62,2,2,54.32,4,SAME
5,92.38,16.12,1,0,88.86,3,HARDER
7,59.94,94.78,1,2,56.13,5,SAME
4,68.88,44.05,2,1,67.84,2,SAME
4,84.48,62.49,2,1,79.3,2,SAME
5,64.92,130.99,3,3,62.3,3,EASIER
3,70.12,25.96,1,1,65.91,1,SAME
7,76.54,160.36,1,1,80.63,5,SAME
7,28.36,119.61,5,5,16.92,5,EASIER
3,73.21,29.27,3,1,79.13,1,SAME
7,32.26,101.16,4,5,21.34,5,EASIER
5,43.22,70.23,5,3,32.78,3,EASIER
4,51.04,26.96,3,3,50.16,2,EASIER
7,44.12,300.0,2,2,38.35,5,EASIER
5,48.91,17.76,4,3,45.49,3,EASIER
4,72.52,49.69,2,2,70.11,2,SAME
7,58.0,133.31,3,3,49.8,5,EASIER
6,66.45,99.46,2,1,57.69,4,SAME
3,82.78,14.77,2,0,81.57,1,SAME
6,91.47,34.26,1,0,93.28,4,HARDER
6,40.51,112.36,3,4,33.38,4,EASIER
4,81.88,71.37,1,1,80.08,2,SAME
5,90.26,64.68,1,1,90.51,3,HARDER
7,67.65,173.71,2,2,59.38,5,SAME
3,59.53,20.39,3,1,56.48,1,SAME
6,32.5,97.43,5,4,30.57,4,EASIER
7,38.82,218.43,5,5,29.64,5,EASIER
7,43.69,94.41,3,3,39.65,5,EASIER
4,68.19,66.35,3,2,63.44,2,SAME
4,78.49,17.63,1,1,76.05,2,SAME
7,48.7,80.19,3,4,42.69,5,EASIER
5,37.34,76.0,1,3,28.92,3,EASIER
5,65.37,148.76,1,2,66.92,3,EASIER
5,62.17,58.41,3,3,59.95,3,EASIER
5,71.94,34.77,1,1,74.38,3,SAME
6,39.3,217.97,4,5,31.35,4,EASIER
5,34.36,54.49,5,4,23.45,3,EASIER
4,85.85,51.94,1,1,83.01,2,SAME
5,95.13,49.15,1,1,95.1,3,HARDER
6,62.7,88.3,4,3,60.49,4,EASIER
7,49.74,82.45,4,4,43.54,5,EASIER
5,56.33,177.32,3,2,49.69,3,EASIER
6,42.53,152.35,3,3,41.03,4,EASIER
5,51.05,139.17,3,4,44.57,3,EASIER
6,58.5,54.42,4,2,54.38,4,EASIER
4,82.4,16.12,1,2,79.87,2,SAME
5,72.25,50.17,5,2,70.16,3,EASIER
3,59.65,76.61,2,2,56.35,1,EASIER
4,74.7,32.67,2,2,74.18,2,SAME
6,52.05,141.69,2,2,51.48,4,EASIER
3,70.53,15.84,5,3,67.87,1,EASIER
4,94.88,25.74,1,1,91.56,2,HARDER
6,41.84,78.67,3,3,35.48,4,EASIER
7,33.2,300.0,1,3,28.06,5,EASIER
5,58.13,99.99,2,2,57.23,3,SAME
5,76.04,20.99,2,2,69.67,3,SAME
5,79.99,80.68,1,0,80.93,3,SAME
6,52.06,45.12,1,3,48.13,4,EASIER
5,80.23,41.39,1,0,81.75,3,SAME
3,91.23,31.37,1,1,90.71,1,HARDER
5,71.72,115.89,1,1,71.43,3,SAME
4,87.78,71.65,1,1,84.93,2,SAME
6,57.27,97.43,3,2,49.31,4,EASIER
3,83.56,29.16,2,1,80.63,1,SAME
6,69.18,165.13,2,1,69.54,4,EASIER
3,99.81,12.4,2,0,100.0,1,HARDER
7,29.45,300.0,3,4,23.49,5,EASIER
6,55.3,55.92,3,3,55.83,4,EASIER
3,76.15,28.07,4,3,72.3,1,EASIER
7,32.93,85.46,5,4,25.9,5,EASIER
5,70.66,32.73,3,2,68.15,3,SAME
6,55.64,104.25,3,2,52.25,4,SAME
3,98.32,27.77,1,1,100.0,1,HARDER
3,97.38,23.85,1,0,96.92,1,HARDER
7,41.08,103.06,4,4,34.59,5,SAME
5,74.63,123.44,2,2,69.14,3,EASIER
6,56.88,256.46,2,2,57.01,4,EASIER
7,58.73,221.7,4,3,50.28,5,EASIER
5,49.12,66.54,2,3,40.42,3,EASIER
4,91.33,17.6,1,1,85.36,2,HARDER
7,42.82,157.64,5,3,34.29,5,EASIER
3,99.81,33.7,3,0,100.0,1,SAME
5,69.18,84.97,1,1,67.84,3,SAME
7,50.22,60.14,3,2,43.03,5,EASIER
4,56.44,56.66,4,2,53.31,2,EASIER
4,93.26,79.16,2,1,92.47,2,EASIER
5,61.53,35.66,2,2,58.43,3,SAME
3,69.9,33.9,3,3,57.5,1,EASIER
3,66.99,17.42,2,2,66.58,1,SAME
4,46.25,36.18,2,3,43.58,2,EASIER
7,56.07,66.78,2,2,52.94,5,SAME
4,75.88,32.23,2,2,76.7,2,SAME
6,46.46,68.61,4,3,45.26,4,EASIER
5,82.66,71.13,1,1,76.61,3,SAME
6,60.6,130.28,3,4,57.36,4,EASIER
4,67.1,67.3,2,2,61.75,2,SAME
7,63.69,78.51,1,2,56.94,5,SAME
4,68.16,45.0,3,2,66.16,2,SAME
6,49.04,46.32,4,4,40.53,4,EASIER
7,79.44,105.44,1,1,80.92,5,HARDER
5,67.44,59.24,3,3,63.82,3,EASIER
6,81.4,50.75,1,1,84.07,4,SAME
3,87.17,32.06,1,0,86.53,1,HARDER
5,64.49,53.7,1,1,66.06,3,SAME
4,88.56,40.86,2,2,84.28,2,SAME
7,34.53,218.3,5,4,32.02,5,EASIER
7,43.78,88.71,3,4,39.06,5,EASIER
6,64.36,127.59,1,2,60.65,4,SAME
7,58.31,245.89,1,2,60.68,5,EASIER
7,56.92,237.81,1,2,51.11,5,EASIER
6,68.61,74.36,1,2,65.17,4,SAME
5,57.96,35.84,2,2,56.81,3,SAME
4,77.01,27.22,5,3,74.37,2,EASIER
7,34.91,47.17,5,4,25.58,5,EASIER
3,100.0,33.93,1,0,95.91,1,SAME
3,62.26,34.88,1,2,57.72,1,SAME
7,34.82,119.4,3,4,29.17,5,EASIER
3,95.13,13.55,2,0,93.46,1,HARDER
3,87.96,21.25,1,0,88.27,1,HARDER
5,56.04,114.86,5,3,55.68,3,EASIER
5,61.87,78.43,2,2,59.86,3,SAME
3,87.71,35.42,1,1,86.0,1,SAME
4,50.29,179.9,3,2,49.18,2,EASIER
4,94.25,44.34,1,0,92.69,2,HARDER
4,73.35,13.78,2,1,69.93,2,SAME
3,85.14,15.32,3,0,83.56,1,SAME
6,57.46,96.12,5,5,50.13,4,EASIER
5,74.74,58.54,1,1,77.43,3,SAME
7,61.98,101.98,1,2,61.8,5,SAME
3,77.32,23.34,2,2,77.42,1,SAME
6,91.84,54.53,1,1,86.52,4,HARDER
7,45.79,137.31,3,3,39.46,5,EASIER
5,55.8,115.66,3,2,56.44,3,SAME
6,48.17,201.85,1,2,45.37,4,EASIER
5,64.75,134.82,1,1,60.47,3,EASIER
5,65.15,36.13,2,2,65.29,3,SAME
7,47.05,110.78,5,4,36.21,5,EASIER
5,66.71,49.65,2,2,65.19,3,SAME
5,43.47,77.75,5,3,35.28,3,EASIER
7,50.42,107.06,4,4,46.77,5,EASIER
5,77.32,51.87,1,1,75.54,3,SAME
3,76.23,47.76,1,1,77.15,1,SAME
6,72.73,86.3,3,1,69.17,4,SAME
6,56.49,87.47,2,2,48.51,4,EASIER
4,86.47,46.15,1,0,84.87,2,HARDER
6,65.17,116.55,2,1,59.77,4,SAME
3,65.06,33.86,1,2,61.64,1,SAME
4,56.14,78.81,4,2,51.98,2,EASIER
7,28.52,55.58,5,5,24.87,5,EASIER
6,41.73,97.07,3,4,33.17,4,EASIER
6,68.67,77.75,1,1,65.17,4,SAME
6,64.27,70.12,2,2,58.9,4,SAME
3,95.12,35.03,1,0,97.24,1,SAME
7,41.01,227.04,3,4,35.61,5,EASIER
4,76.47,28.77,2,2,68.05,2,SAME
6,71.4,197.14,2,0,78.14,4,EASIER
7,59.14,51.33,1,2,58.75,5,SAME
4,36.56,50.15,5,5,27.77,2,EASIER
6,61.05,51.6,1,3,50.41,4,EASIER
3,95.37,18.79,2,1,94.19,1,HARDER
6,53.57,84.6,3,3,47.94,4,EASIER
5,60.35,47.61,2,2,55.94,3,SAME
3,97.93,8.0,1,0,99.56,1,HARDER
6,63.69,112.69,4,3,61.07,4,EASIER
7,42.21,171.31,3,3,44.03,5,EASIER
3,90.16,23.27,2,0,86.4,1,HARDER
7,58.25,98.29,4,3,57.14,5,EASIER
7,85.94,91.4,1,1,81.09,5,HARDER
5,76.26,24.86,2,2,75.41,3,SAME
7,41.5,41.6,4,4,35.46,5,EASIER
4,81.97,55.44,1,1,82.32,2,SAME
6,27.25,142.65,3,4,23.84,4,HARDER
6,46.62,111.84,2,3,38.19,4,EASIER
5,67.63,69.98,3,2,60.27,3,SAME
7,66.13,171.59,4,3,62.44,5,EASIER
7,31.56,165.47,4,3,21.4,5,EASIER
6,53.63,54.51,3,2,52.34,4,EASIER
5,74.13,64.75,2,2,71.99,3,SAME
7,52.35,95.31,5,4,41.52,5,EASIER
5,67.95,50.42,1,0,69.91,3,SAME
6,31.88,148.36,5,5,26.38,4,EASIER
3,81.34,50.38,2,1,76.52,1,EASIER
4,85.8,12.61,1,1,86.31,2,HARDER
7,58.46,97.46,2,2,54.7,5,SAME
5,60.52,49.81,4,4,49.44,3,EASIER
5,80.14,103.07,1,1,82.25,3,SAME
7,67.09,50.81,1,0,67.34,5,SAME
4,84.41,9.32,1,1,87.5,2,SAME
4,53.85,55.89,3,3,46.81,2,EASIER
3,75.06,38.37,1,1,73.12,1,SAME
4,76.27,16.43,1,1,75.72,2,SAME
5,89.94,54.54,1,1,91.65,3,HARDER
6,64.14,181.71,3,4,56.38,4,EASIER
4,69.75,22.89,1,2,68.57,2,SAME
5,87.69,60.97,1,0,85.25,3,HARDER
4,66.41,48.25,1,2,67.41,2,SAME
7,56.32,51.44,3,2,46.05,5,EASIER
5,72.67,43.87,1,1,74.93,3,SAME
3,67.04,11.78,1,1,63.15,1,SAME
6,45.45,75.28,3,4,34.96,4,EASIER
4,71.09,26.2,2,2,74.14,2,SAME
7,67.38,125.42,1,1,64.39,5,SAME
4,83.05,51.21,1,0,82.75,2,SAME
7,24.13,238.72,5,4,20.63,5,EASIER
6,51.97,275.75,1,3,48.97,4,EASIER
3,87.29,27.42,3,1,87.76,1,HARDER
6,52.55,69.55,2,3,48.84,4,EASIER
6,62.37,67.48,3,2,57.12,4,SAME
5,100.0,35.98,1,0,100.0,3,HARDER
3,89.06,30.52,2,1,94.17,1,HARDER
5,83.11,45.4,1,1,83.76,3,SAME
6,47.24,107.35,3,3,41.83,4,EASIER
3,100.0,16.51,1,0,98.95,1,HARDER
4,75.75,30.52,1,2,72.74,2,SAME
6,67.92,102.67,1,2,61.78,4,SAME
5,32.47,54.52,4,4,30.0,3,EASIER
7,35.26,39.33,4,5,25.76,5,EASIER
4,92.75,37.73,1,1,92.64,2,HARDER
6,68.93,54.04,1,1,75.79,4,SAME
5,57.26,104.09,5,4,49.23,3,EASIER
4,84.89,59.98,1,1,82.02,2,SAME
7,68.79,32.28,1,1,68.41,5,HARDER
6,77.95,124.4,1,0,80.94,4,SAME
5,58.96,70.33,1,3,51.6,3,EASIER
4,72.61,18.92,4,2,71.3,2,EASIER
7,39.74,180.76,3,4,34.83,5,EASIER
3,85.01,14.14,1,1,79.82,1,HARDER
3,70.13,41.62,2,1,67.04,1,SAME
3,88.27,18.75,2,1,90.4,1,HARDER
6,71.76,37.24,1,2,67.02,4,SAME
3,96.43,64.24,1,0,91.16,1,EASIER
6,53.3,36.69,1,4,46.12,4,EASIER
3,100.0,17.46,1,0,100.0,1,HARDER
6,75.87,59.71,1,1,67.68,4,SAME
6,53.52,64.7,2,3,49.09,4,EASIER
7,70.13,163.91,1,1,69.92,5,SAME
4,81.43,39.05,2,1,79.82,2,SAME
3,75.01,39.09,1,1,68.5,1,SAME
6,56.65,99.5,3,3,50.82,4,EASIER
5,35.35,25.34,3,3,28.55,3,EASIER
7,46.48,151.13,4,5,44.56,5,EASIER
3,82.55,27.74,1,0,78.8,1,SAME
5,58.78,42.57,1,2,57.42,3,SAME
3,61.02,62.91,1,1,55.94,1,EASIER
5,78.75,78.38,1,1,79.14,3,SAME
3,87.52,38.01,1,1,84.58,1,SAME
6,62.03,136.26,1,2,57.21,4,SAME
6,58.75,65.91,3,3,58.08,4,EASIER
3,82.48,33.14,2,1,79.07,1,SAME
5,77.34,67.82,2,2,69.34,3,SAME
5,62.86,44.02,3,3,55.81,3,EASIER
6,57.78,43.45,2,2,54.47,4,SAME
5,64.92,58.7,2,3,62.69,3,EASIER
5,70.8,77.55,2,1,63.41,3,SAME
7,68.0,113.0,1,2,63.94,5,SAME
5,63.47,53.0,2,2,56.4,3,SAME
7,29.57,113.68,5,5,16.1,5,EASIER
7,65.92,95.78,1,2,67.78,5,SAME
7,47.69,260.57,2,4,41.33,5,EASIER
7,44.29,129.77,2,3,35.53,5,EASIER
6,41.99,63.67,3,3,36.01,4,EASIER
5,77.58,23.7,1,1,73.5,3,SAME
5,75.25,52.61,2,1,70.89,3,SAME
4,87.01,28.98,1,0,88.67,2,HARDER
7,40.65,80.15,2,2,42.63,5,EASIER
6,62.52,133.87,2,3,60.84,4,EASIER
7,65.1,116.97,2,2,58.55,5,SAME
6,58.27,34.19,2,2,53.11,4,SAME
5,68.11,78.79,1,2,63.0,3,SAME
4,75.95,18.07,4,3,72.9,2,EASIER
7,63.62,163.43,2,2,62.0,5,SAME
6,59.69,64.05,1,1,55.25,4,SAME
7,57.75,117.43,2,2,55.79,5,SAME
5,51.0,57.29,3,2,50.01,3,EASIER
5,81.76,53.9,1,1,81.11,3,SAME
3,84.5,27.44,1,0,82.0,1,SAME
3,58.04,25.93,4,3,55.97,1,EASIER
6,43.53,216.8,1,3,40.98,4,EASIER
4,69.36,42.22,5,3,64.67,2,EASIER
3,84.63,27.91,1,1,85.74,1,SAME
6,100.0,56.7,1,0,100.0,4,HARDER
6,63.22,99.96,4,1,69.0,4,EASIER
3,100.0,15.85,1,0,100.0,1,HARDER
5,50.98,102.49,1,2,48.51,3,EASIER
5,68.62,27.82,2,2,61.25,3,SAME
3,59.97,17.17,2,2,58.97,1,SAME
6,68.22,35.15,2,2,64.55,4,SAME
4,75.73,46.29,2,2,72.66,2,SAME
7,79.36,88.9,1,1,73.23,5,SAME
3,77.74,33.92,1,1,73.28,1,SAME
7,68.17,65.81,1,2,64.35,5,HARDER
3,61.89,31.67,5,4,51.57,1,EASIER
6,67.4,110.86,1,2,66.69,4,SAME
6,49.9,91.55,5,3,46.69,4,EASIER
5,82.3,58.89,1,1,83.0,3,SAME
4,93.39,40.53,1,0,93.03,2,HARDER
3,88.97,16.67,2,1,92.06,1,HARDER
4,88.08,22.92,1,0,95.63,2,HARDER
6,59.67,108.8,1,1,57.67,4,HARDER
6,66.6,67.69,1,2,63.76,4,SAME
3,78.11,30.59,1,1,76.42,1,SAME
3,84.73,49.85,1,0,82.49,1,HARDER
5,81.91,46.25,1,0,76.9,3,HARDER
5,61.27,43.09,1,2,57.16,3,SAME
7,50.73,93.86,4,3,48.48,5,EASIER
6,59.98,83.68,2,2,57.19,4,SAME
5,45.8,78.61,5,4,37.87,3,EASIER
5,76.79,57.19,1,1,78.93,3,SAME
6,59.16,241.67,1,2,57.49,4,EASIER
5,42.03,71.43,2,4,44.99,3,EASIER
6,65.61,123.07,1,2,64.84,4,SAME
3,82.32,24.59,1,1,82.47,1,SAME
7,46.53,194.41,2,2,42.53,5,EASIER
7,57.4,100.15,3,3,55.39,5,EASIER
5,71.53,42.16,1,1,66.68,3,SAME
5,44.88,90.79,4,3,40.78,3,EASIER
5,59.44,56.38,4,3,54.64,3,EASIER
7,34.74,128.02,3,4,30.61,5,EASIER
3,100.0,38.7,1,1,99.75,1,SAME
4,98.18,40.57,2,0,98.75,2,HARDER
6,54.79,75.88,1,2,55.66,4,EASIER
6,69.86,62.07,2,2,71.68,4,SAME
4,98.49,62.59,1,2,100.0,2,SAME
3,70.8,21.47,3,2,70.58,1,SAME
5,63.53,56.55,2,3,60.5,3,EASIER
6,55.31,95.19,2,3,53.53,4,EASIER
6,68.56,94.99,3,2,67.03,4,SAME
3,96.48,39.25,2,1,97.96,1,SAME
3,87.14,24.24,1,1,85.42,1,HARDER
4,90.95,72.57,2,0,91.79,2,SAME
5,42.75,51.28,4,3,42.86,3,EASIER
3,95.26,29.48,1,0,98.02,1,HARDER
3,80.48,23.04,1,1,81.4,1,SAME
5,49.38,163.46,4,4,43.58,3,EASIER
4,66.13,32.23,3,2,63.55,2,SAME
6,58.47,71.62,1,1,54.34,4,SAME
3,93.57,26.31,1,1,92.27,1,HARDER
7,42.66,96.84,2,3,38.84,5,EASIER
3,90.61,28.76,2,1,90.18,1,EASIER
5,53.19,106.57,5,3,45.25,3,EASIER
7,56.5,121.36,2,1,60.05,5,SAME
6,38.0,90.25,5,4,31.03,4,EASIER
7,70.98,98.85,1,2,63.81,5,SAME
3,98.96,19.97,1,0,96.67,1,HARDER
6,64.31,86.22,1,1,59.79,4,SAME
3,63.93,25.08,5,2,58.93,1,EASIER
6,60.04,150.93,1,2,58.42,4,SAME
4,68.06,24.21,4,3,66.9,2,EASIER
6,33.47,174.7,4,4,26.66,4,EASIER
3,78.27,23.42,3,2,67.85,1,SAME
7,47.1,121.44,3,3,38.52,5,EASIER
5,79.8,34.24,2,1,79.66,3,SAME
5,69.53,76.6,1,1,64.68,3,SAME
5,79.98,36.05,1,2,76.73,3,SAME
3,77.98,29.52,2,2,71.25,1,SAME
4,66.75,43.26,1,2,63.4,2,SAME
6,60.2,69.23,2,2,56.35,4,SAME
7,69.93,36.34,1,1,67.83,5,SAME
7,41.24,300.0,3,4,33.92,5,EASIER
5,70.18,34.42,1,1,64.3,3,SAME
4,94.39,43.2,1,1,95.94,2,HARDER
5,91.0,40.41,1,0,90.3,3,HARDER
5,63.66,97.44,1,2,63.23,3,SAME
4,78.48,31.79,2,1,77.31,2,SAME
4,95.71,26.69,1,1,95.89,2,HARDER
7,59.89,154.91,3,3,54.48,5,EASIER
4,79.33,20.9,2,1,77.64,2,SAME
3,100.0,20.8,1,1,96.3,1,HARDER
6,74.52,117.41,2,2,71.63,4,SAME
6,68.49,179.52,1,1,67.75,4,EASIER
4,80.98,24.17,1,0,77.36,2,SAME
6,53.09,59.66,4,3,49.41,4,EASIER
7,39.72,135.7,3,3,37.44,5,EASIER
7,28.22,37.71,5,5,25.85,5,EASIER
6,18.35,166.12,5,6,9.28,4,EASIER
5,86.66,35.36,1,1,84.24,3,HARDER
3,94.65,20.58,2,1,88.15,1,HARDER
5,55.6,65.99,1,3,49.87,3,EASIER
7,50.53,115.17,2,3,48.02,5,EASIER
7,42.32,66.24,3,4,35.63,5,EASIER
6,59.16,200.71,2,3,47.76,4,EASIER
7,34.89,27.52,5,4,27.97,5,EASIER
5,63.12,33.28,4,2,59.9,3,EASIER
3,90.28,18.83,1,1,88.99,1,HARDER
5,65.94,36.25,3,3,65.66,3,EASIER
4,61.14,67.41,4,2,59.86,2,EASIER
7,54.88,45.36,4,3,47.93,5,EASIER
6,36.98,184.31,3,4,30.65,4,EASIER
5,61.72,50.54,2,2,56.17,3,SAME
4,67.43,20.04,2,2,65.91,2,SAME
3,94.86,9.82,1,1,93.05,1,HARDER
3,72.05,22.72,1,2,69.74,1,SAME
4,62.73,27.32,1,2,58.29,2,SAME
4,70.17,42.47,4,2,61.97,2,EASIER
4,68.8,30.75,1,2,66.08,2,SAME
7,46.99,188.56,1,2,45.13,5,EASIER
6,47.99,76.14,2,2,48.88,4,EASIER
5,69.09,47.02,1,1,68.04,3,SAME
3,93.12,38.55,5,2,89.14,1,EASIER
7,51.1,126.83,2,3,51.6,5,EASIER
6,59.49,122.67,2,3,54.4,4,EASIER
5,34.26,102.41,5,5,25.2,3,EASIER
5,54.7,50.15,4,3,50.24,3,EASIER
5,66.62,59.11,4,2,63.39,3,EASIER
7,37.9,177.39,4,4,29.9,5,EASIER
6,85.05,22.93,2,1,80.22,4,HARDER
5,54.51,55.15,3,4,48.63,3,EASIER
6,32.37,72.95,3,3,23.11,4,EASIER
7,58.4,137.33,2,2,54.19,5,SAME
4,81.61,26.08,2,2,77.46,2,SAME
7,28.42,203.47,5,5,20.83,5,EASIER
6,54.97,55.87,1,2,52.42,4,EASIER
3,69.97,20.38,3,2,65.65,1,SAME
7,44.18,77.98,4,4,37.58,5,EASIER
6,59.86,155.44,2,3,55.92,4,EASIER
4,91.38,14.26,1,0,91.02,2,HARDER
4,69.09,88.01,1,2,64.01,2,EASIER
7,24.1,250.01,2,4,18.22,5,EASIER
7,61.01,82.32,1,2,63.43,5,SAME
3,95.7,39.48,1,1,94.53,1,SAME
6,48.0,87.74,2,3,44.23,4,EASIER
3,100.0,52.17,1,1,96.83,1,EASIER
4,78.52,59.41,1,1,75.81,2,SAME
5,59.37,171.75,4,3,52.8,3,EASIER
4,96.5,18.24,2,1,94.58,2,HARDER
5,37.58,63.76,4,4,33.77,3,EASIER
5,75.38,24.71,2,1,73.44,3,SAME
5,96.92,44.87,1,0,99.99,3,HARDER
7,21.99,300.0,4,4,16.12,5,EASIER
3,100.0,30.79,1,0,97.42,1,HARDER
6,69.55,136.82,2,1,68.11,4,HARDER
4,79.54,48.38,1,0,76.93,2,SAME
3,89.16,30.55,1,0,86.83,1,SAME
5,59.66,44.79,1,2,55.62,3,SAME
4,76.51,27.24,1,1,80.4,2,SAME
3,83.33,19.58,3,2,82.95,1,SAME
5,59.98,15.01,3,3,52.11,3,EASIER
7,66.81,107.1,1,1,65.02,5,SAME
5,89.12,65.31,1,1,90.98,3,HARDER
6,75.29,59.43,2,1,75.25,4,SAME
3,94.33,23.59,1,0,94.1,1,HARDER
3,83.36,31.58,1,0,77.98,1,SAME
4,84.41,57.6,1,1,79.59,2,SAME
6,65.61,43.99,2,1,63.53,4,SAME
7,27.97,72.63,5,5,23.61,5,EASIER
3,93.35,34.95,1,0,97.49,1,SAME
5,45.54,77.63,4,3,39.42,3,EASIER
4,74.14,71.48,2,2,73.75,2,SAME
6,50.11,161.46,2,3,43.17,4,EASIER
4,72.4,118.22,1,2,71.13,2,EASIER
5,73.1,50.18,3,2,63.07,3,SAME
7,32.8,264.76,5,4,23.62,5,EASIER
5,75.14,36.78,1,1,70.28,3,EASIER
6,60.68,284.75,2,1,54.43,4,SAME
6,62.43,103.87,3,2,60.04,4,SAME
5,75.12,75.85,2,1,70.73,3,SAME
4,74.42,60.51,2,2,68.36,2,SAME
7,70.35,53.51,1,1,68.49,5,SAME
4,79.28,22.93,1,1,73.9,2,SAME
7,57.94,119.29,2,2,51.06,5,SAME
7,67.82,135.22,2,2,66.15,5,SAME
5,64.81,162.6,3,3,61.64,3,EASIER
7,28.62,66.77,5,4,25.9,5,EASIER
6,74.12,182.66,1,2,74.26,4,EASIER
6,49.68,71.42,2,3,41.65,4,EASIER
3,89.73,22.08,1,0,89.75,1,HARDER
3,81.67,23.24,4,3,81.64,1,EASIER
3,74.26,21.82,2,2,73.49,1,SAME
3,72.13,31.04,4,2,65.87,1,EASIER
7,54.16,90.31,3,3,51.15,5,EASIER
3,97.24,13.35,2,0,95.01,1,HARDER
3,70.67,22.19,3,1,68.21,1,SAME
7,69.79,143.65,1,1,69.59,5,SAME
4,55.38,19.66,4,3,52.23,2,EASIER
7,48.79,153.79,2,4,41.84,5,EASIER
7,27.02,213.13,5,5,14.6,5,EASIER
5,70.7,120.66,1,1,68.22,3,EASIER
7,71.93,134.63,1,1,70.52,5,SAME
7,89.78,41.89,1,1,81.79,5,HARDER
3,89.41,33.35,1,2,85.17,1,SAME
3,89.34,38.45,1,1,85.39,1,SAME
4,100.0,27.39,1,0,98.62,2,HARDER
5,100.0,55.95,1,0,98.26,3,HARDER
6,66.55,105.45,1,1,59.26,4,SAME
3,91.17,55.38,1,1,87.88,1,EASIER
3,68.36,22.31,2,2,63.47,1,SAME
4,74.12,57.77,1,0,75.09,2,SAME
4,58.71,44.09,2,2,51.3,2,SAME
7,44.69,124.86,3,3,40.12,5,EASIER
4,99.86,71.02,1,0,96.45,2,SAME
7,53.55,71.19,1,2,51.88,5,EASIER
3,75.88,27.7,2,2,75.62,1,SAME
3,88.24,25.3,2,1,90.2,1,HARDER
7,38.74,49.27,2,3,39.96,5,EASIER
4,85.3,67.82,1,1,75.0,2,SAME
3,61.65,36.15,1,1,57.76,1,SAME
5,60.07,58.98,3,3,58.58,3,EASIER
3,65.87,22.25,2,2,59.72,1,SAME
3,82.0,25.0,1,1,84.63,1,SAME
5,66.8,82.32,2,2,63.99,3,SAME
5,47.7,59.54,5,3,43.76,3,EASIER
5,67.91,41.68,2,2,63.1,3,SAME
5,94.77,44.9,2,1,96.37,3,HARDER
3,98.05,24.87,1,0,100.0,1,HARDER
4,65.61,24.51,1,2,63.18,2,SAME
4,47.27,44.44,4,3,36.18,2,EASIER
4,91.83,26.18,2,1,87.12,2,HARDER
5,77.14,36.16,1,0,69.63,3,SAME
4,66.43,170.44,4,2,66.07,2,EASIER
6,63.04,224.85,2,2,63.31,4,EASIER
7,59.3,121.14,1,2,54.93,5,SAME
6,54.2,127.64,3,3,49.63,4,EASIER
4,47.77,61.4,5,4,40.91,2,EASIER
5,73.58,55.87,3,1,76.5,3,SAME
5,77.86,66.71,1,1,76.57,3,SAME
6,62.57,71.55,4,3,56.37,4,EASIER
4,74.2,68.56,1,1,72.48,2,SAME
3,85.6,43.98,1,1,84.16,1,SAME
6,48.86,184.73,2,2,46.91,4,EASIER
6,85.69,94.16,1,0,82.98,4,HARDER
3,86.41,65.6,1,1,81.96,1,EASIER
6,61.87,78.81,2,1,54.76,4,SAME
3,84.96,62.16,1,1,80.94,1,EASIER
6,75.95,64.44,2,2,74.36,4,SAME
6,81.82,41.76,4,2,79.61,4,EASIER
3,100.0,61.64,3,0,100.0,1,EASIER
6,75.17,115.6,1,1,64.91,4,SAME
3,58.03,31.5,4,4,53.46,1,EASIER
4,77.57,32.08,1,1,74.91,2,SAME
6,73.3,52.84,1,1,71.56,4,SAME
4,51.46,26.71,2,3,45.96,2,EASIER
7,55.16,120.78,1,2,51.15,5,SAME
7,51.61,103.2,4,3,46.96,5,EASIER
7,24.37,38.9,4,6,18.01,5,EASIER
3,86.59,53.12,2,2,86.46,1,EASIER
3,76.92,20.74,2,1,71.27,1,SAME
3,74.48,43.38,2,1,73.92,1,SAME
5,76.42,40.9,2,2,70.74,3,SAME
5,86.99,62.62,2,2,84.05,3,SAME
6,57.9,135.95,2,2,54.97,4,SAME
4,90.64,56.25,2,1,91.08,2,SAME
3,93.66,22.19,1,0,89.33,1,HARDER
6,55.54,106.86,1,2,53.93,4,SAME
6,72.35,116.54,2,2,69.66,4,SAME
6,77.41,75.93,2,2,77.31,4,SAME
4,74.36,22.51,3,3,68.28,2,EASIER
5,62.95,42.58,1,2,61.63,3,SAME
7,32.73,91.09,3,3,24.84,5,EASIER
6,47.1,83.12,5,4,38.48,4,EASIER
7,48.79,266.76,2,2,46.29,5,EASIER
5,82.15,90.89,1,2,76.3,3,SAME
3,58.96,17.39,2,3,55.66,1,EASIER
6,49.99,213.09,1,3,38.64,4,EASIER
5,56.69,55.78,3,2,53.49,3,SAME
3,100.0,33.72,1,0,99.9,1,HARDER
3,69.24,16.46,4,3,63.29,1,EASIER
4,89.51,30.72,2,1,90.36,2,HARDER
3,70.98,39.68,2,1,70.12,1,SAME
6,35.67,51.92,3,4,28.25,4,EASIER
6,79.1,84.39,1,2,74.07,4,SAME
4,80.83,47.41,1,2,77.94,2,SAME
3,90.58,15.86,1,0,90.48,1,HARDER
3,69.34,11.33,2,1,67.26,1,SAME
7,37.8,183.65,4,4,33.93,5,EASIER
4,77.69,145.97,1,1,73.07,2,EASIER
3,75.79,30.66,3,1,73.68,1,SAME
6,67.73,115.02,2,2,69.91,4,SAME
7,71.68,69.18,1,1,69.52,5,SAME
3,95.05,48.08,2,0,93.11,1,SAME
7,49.81,91.21,3,2,46.27,5,EASIER
6,83.18,150.18,1,2,78.64,4,SAME
4,54.93,50.55,3,3,49.45,2,EASIER
6,77.78,113.89,1,0,79.32,4,SAME
5,75.94,77.8,1,1,75.06,3,SAME
6,52.64,109.8,3,3,42.02,4,EASIER
3,84.88,28.36,1,1,87.18,1,SAME
4,88.32,59.93,1,0,87.32,2,SAME
6,90.47,56.21,1,1,86.75,4,HARDER
7,77.57,98.33,1,1,77.31,5,EASIER
3,98.15,48.05,1,0,100.0,1,SAME
4,54.29,41.22,5,3,52.09,2,EASIER
6,74.07,69.22,3,1,71.92,4,SAME
7,53.92,196.86,2,3,50.22,5,EASIER
6,26.95,126.75,5,5,19.12,4,EASIER
6,33.1,41.71,5,4,22.99,4,EASIER
4,100.0,53.55,1,0,97.66,2,SAME
3,100.0,26.58,1,0,95.38,1,HARDER
6,81.03,118.74,1,1,86.3,4,SAME
6,57.75,82.46,3,3,50.86,4,EASIER
5,66.46,72.99,1,1,65.56,3,SAME
5,43.6,23.43,3,3,41.18,3,EASIER
4,74.85,24.95,1,1,73.24,2,SAME
5,51.81,83.66,2,3,48.43,3,EASIER
4,100.0,130.28,1,0,98.33,2,EASIER
5,62.97,69.56,2,2,61.36,3,SAME
3,76.9,18.37,2,2,71.05,1,SAME
6,35.34,87.98,5,4,27.99,4,EASIER
4,64.81,24.97,1,1,65.56,2,SAME
6,29.95,157.06,3,4,22.22,4,EASIER
5,87.7,59.4,2,1,88.07,3,HARDER
7,54.75,198.84,4,3,47.4,5,EASIER
4,90.13,35.36,2,0,94.86,2,HARDER
4,87.54,64.99,1,1,90.26,2,SAME
4,70.71,17.72,1,1,68.74,2,SAME
6,70.15,83.05,3,0,73.28,4,SAME
3,82.6,31.78,2,0,83.04,1,SAME
6,61.98,71.32,3,2,55.76,4,SAME
7,64.39,136.24,1,3,63.67,5,EASIER
6,77.36,97.99,1,1,71.73,4,SAME
3,92.61,39.87,2,0,91.89,1,SAME
5,66.83,78.89,2,1,63.0,3,SAME
5,80.57,70.45,2,2,81.02,3,SAME
4,79.3,57.45,1,0,79.12,2,SAME
5,81.23,29.69,2,2,77.57,3,SAME
6,60.51,55.45,4,2,57.91,4,EASIER
7,37.48,52.64,2,3,37.57,5,EASIER
4,83.6,49.18,1,0,86.57,2,SAME
4,59.71,46.16,1,2,61.57,2,SAME
4,64.39,72.87,1,1,61.02,2,SAME
5,69.9,69.03,2,2,69.96,3,SAME
5,75.57,42.43,1,2,70.98,3,SAME
6,66.74,87.92,1,2,58.42,4,SAME
4,77.33,15.74,3,1,73.88,2,SAME
4,58.94,31.37,4,2,54.77,2,EASIER
3,70.25,8.8,2,2,63.02,1,SAME
3,72.86,28.94,1,1,77.08,1,SAME
3,71.81,22.08,1,1,66.79,1,SAME
4,74.42,35.71,1,2,71.17,2,SAME
6,54.88,50.52,2,2,48.52,4,EASIER
6,85.67,57.91,1,0,87.95,4,SAME
7,39.86,163.36,4,3,34.97,5,EASIER
5,51.87,28.49,3,2,49.13,3,EASIER
5,78.0,74.5,2,2,76.72,3,SAME
7,64.91,71.98,2,2,59.41,5,SAME
3,78.3,11.83,2,1,79.72,1,SAME
6,64.32,155.15,3,2,60.88,4,SAME
7,50.98,231.11,3,3,38.78,5,EASIER
5,52.68,44.41,4,3,45.4,3,EASIER
4,83.59,29.35,1,1,88.05,2,SAME
6,59.26,71.97,2,2,58.26,4,SAME
7,69.1,72.03,1,2,64.3,5,SAME
4,58.83,28.21,1,2,56.19,2,SAME
5,79.37,72.47,2,1,79.55,3,SAME
3,64.33,62.91,2,2,62.85,1,EASIER
4,76.98,32.16,1,1,81.35,2,SAME
6,81.61,139.59,2,1,81.28,4,SAME
5,72.71,69.07,1,2,72.83,3,SAME
3,87.18,11.88,2,1,87.91,1,HARDER
4,81.99,37.57,2,1,78.42,2,SAME
3,94.36,23.39,1,0,96.67,1,HARDER
6,58.25,175.61,1,2,54.8,4,EASIER
7,35.96,254.37,4,4,28.41,5,EASIER
3,82.31,29.56,2,1,82.47,1,SAME
4,62.95,67.24,1,1,64.82,2,SAME
7,43.66,103.41,2,3,40.56,5,EASIER
7,47.1,206.14,2,3,48.1,5,EASIER
6,68.82,86.39,2,2,68.06,4,SAME
6,71.29,145.11,1,2,72.9,4,SAME
7,43.19,215.33,3,3,37.92,5,EASIER
4,83.21,53.21,1,1,76.15,2,SAME
7,40.97,74.76,4,4,31.78,5,EASIER
7,52.99,89.06,3,3,49.29,5,EASIER
4,58.41,54.12,3,3,50.56,2,EASIER
3,82.81,37.21,2,1,81.54,1,SAME
5,65.77,62.73,4,3,62.27,3,EASIER
6,43.47,69.71,5,4,34.83,4,EASIER
7,37.44,124.31,3,3,34.57,5,EASIER
3,72.25,22.09,2,1,71.96,1,SAME
4,98.38,33.43,1,0,94.78,2,HARDER
6,29.06,227.22,5,4,23.27,4,EASIER
3,67.28,20.23,2,2,70.02,1,SAME
6,57.06,106.78,1,2,53.98,4,SAME
4,65.43,40.83,1,1,59.83,2,SAME
3,65.01,14.48,2,2,57.8,1,SAME
4,87.26,21.01,1,0,90.11,2,HARDER
6,42.6,78.61,4,4,35.17,4,EASIER
7,21.51,38.64,5,4,17.3,5,EASIER
3,100.0,56.45,1,0,98.18,1,EASIER
5,66.83,48.49,2,2,62.41,3,SAME
4,70.28,30.85,3,2,68.92,2,SAME
6,65.3,154.89,2,1,65.45,4,SAME
6,53.47,76.21,1,3,50.65,4,EASIER
7,24.0,159.7,4,4,18.1,5,EASIER
4,84.24,29.03,1,1,87.07,2,SAME
4,47.26,38.82,1,2,45.85,2,EASIER
4,76.6,59.91,5,2,71.03,2,EASIER
6,53.18,52.38,4,4,46.32,4,EASIER
5,67.3,75.31,2,1,66.11,3,SAME
3,95.19,8.53,1,0,91.44,1,HARDER
7,54.28,223.23,2,2,49.96,5,EASIER
3,93.6,19.52,1,1,96.17,1,HARDER
7,57.99,106.89,3,2,51.92,5,SAME
3,95.8,23.93,2,1,92.95,1,HARDER
5,89.12,35.8,2,1,86.46,3,HARDER
4,67.77,23.18,2,1,67.09,2,SAME
6,47.19,107.54,2,2,45.89,4,EASIER
5,54.71,76.84,2,2,50.79,3,EASIER
4,58.26,25.07,5,4,54.94,2,EASIER
5,34.35,75.81,4,5,23.89,3,EASIER
7,23.35,151.8,4,5,13.16,5,EASIER
4,75.77,31.81,3,1,79.92,2,SAME
4,71.62,20.69,2,2,69.5,2,SAME
3,81.37,24.59,2,1,81.01,1,SAME
6,72.18,99.14,3,1,67.22,4,SAME
6,81.06,79.53,1,1,80.9,4,SAME
6,44.56,60.26,5,5,33.27,4,EASIER
3,77.9,30.77,1,0,77.13,1,SAME
6,61.67,158.33,1,2,55.94,4,SAME
7,53.25,73.6,1,2,49.32,5,EASIER
7,45.87,95.21,3,3,40.03,5,EASIER
7,23.56,300.0,3,5,18.14,5,EASIER
4,77.19,43.57,2,1,74.62,2,SAME
6,59.25,42.44,2,3,53.86,4,EASIER
5,59.47,45.79,2,3,54.87,3,EASIER
5,48.81,39.88,3,3,48.66,3,EASIER
4,100.0,45.44,1,1,100.0,2,HARDER
6,60.59,96.23,1,2,55.03,4,SAME
7,74.17,79.17,1,0,72.19,5,SAME
6,43.54,215.29,3,3,39.51,4,EASIER
7,56.15,117.32,2,2,54.56,5,SAME
7,35.74,87.37,5,5,33.5,5,EASIER
3,86.26,14.52,1,1,83.55,1,HARDER
7,48.41,68.78,3,2,46.81,5,EASIER
7,61.55,56.79,2,2,59.16,5,SAME
5,62.45,52.78,1,2,58.24,3,SAME
6,60.42,51.76,2,2,57.0,4,SAME
6,52.5,123.27,3,3,47.04,4,EASIER
6,69.71,60.51,2,2,62.79,4,SAME
7,52.71,177.05,1,2,56.88,5,EASIER
3,86.73,31.11,1,1,89.47,1,HARDER
3,97.4,33.32,1,0,100.0,1,HARDER
4,64.07,57.92,1,1,60.98,2,SAME
5,60.01,155.58,4,3,53.0,3,EASIER
7,53.11,70.51,1,2,54.03,5,EASIER
6,77.46,127.31,1,1,73.43,4,SAME
3,95.9,29.85,2,0,100.0,1,HARDER
6,46.77,142.54,3,3,42.65,4,EASIER
5,87.23,61.27,1,1,91.39,3,HARDER
4,77.25,66.04,1,1,70.16,2,SAME
6,61.55,41.89,1,2,57.27,4,SAME
4,66.78,23.7,4,3,66.55,2,EASIER
6,51.17,60.99,5,4,44.34,4,EASIER
3,50.94,24.18,5,4,45.28,1,EASIER
4,64.34,38.84,1,2,61.22,2,SAME
5,64.8,40.21,3,2,58.1,3,SAME
6,80.66,48.98,2,0,78.99,4,SAME
7,41.35,78.36,4,4,39.44,5,EASIER
4,97.84,17.02,1,0,92.96,2,HARDER
7,74.72,95.72,1,1,72.2,5,SAME
7,72.46,108.49,1,2,70.1,5,SAME
4,81.19,46.75,1,1,77.38,2,SAME
3,61.34,26.93,4,3,58.25,1,EASIER
4,81.22,88.28,1,1,83.35,2,EASIER
6,39.55,125.11,3,3,36.84,4,EASIER
6,75.87,120.32,1,2,75.07,4,SAME
6,63.99,99.12,1,2,59.14,4,SAME
6,51.93,108.34,3,4,45.44,4,EASIER
3,87.65,22.66,1,0,86.41,1,HARDER
5,53.95,60.93,3,2,53.05,3,EASIER
7,34.74,300.0,2,3,34.6,5,EASIER
4,87.92,36.77,1,0,89.16,2,HARDER
7,29.22,54.2,4,5,19.19,5,EASIER
3,69.94,34.09,2,2,60.4,1,SAME
7,19.75,180.46,5,6,11.31,5,EASIER
6,55.9,88.86,3,2,55.19,4,SAME
6,52.0,30.88,1,3,44.99,4,EASIER
6,34.58,160.09,4,4,28.65,4,EASIER
7,21.98,126.95,3,4,12.32,5,EASIER
4,66.03,32.84,1,2,63.85,2,SAME
3,76.73,42.42,2,1,70.44,1,SAME
7,45.17,37.15,4,4,41.03,5,EASIER
3,62.68,26.28,5,3,56.38,1,EASIER
6,62.55,61.9,2,1,61.96,4,SAME
4,67.43,76.62,2,2,64.09,2,EASIER
7,53.55,127.85,4,3,51.62,5,EASIER
7,43.58,69.91,3,3,41.79,5,EASIER
5,57.21,101.89,1,2,53.54,3,SAME
5,85.02,17.17,2,1,89.02,3,EASIER
5,65.71,74.58,1,1,65.15,3,SAME
5,73.66,31.03,1,1,66.5,3,SAME
7,45.56,87.05,5,4,37.54,5,EASIER
4,76.61,33.94,1,1,71.3,2,SAME
7,48.33,183.92,4,4,39.01,5,EASIER
6,57.11,257.88,1,1,54.67,4,EASIER
7,54.47,42.46,3,2,49.14,5,EASIER
6,56.74,103.42,3,2,54.09,4,SAME
7,17.03,300.0,5,5,7.63,5,EASIER
5,94.05,43.68,1,1,98.02,3,HARDER
5,71.23,42.36,3,2,69.47,3,SAME
4,50.31,42.46,3,3,40.21,2,EASIER
4,77.41,56.1,1,1,77.43,2,SAME
3,97.82,33.5,1,0,97.86,1,HARDER
4,57.8,32.1,1,1,51.46,2,SAME
7,46.79,72.32,2,2,42.07,5,EASIER
7,65.26,229.47,1,1,63.28,5,EASIER
6,59.39,54.81,3,3,54.5,4,EASIER
4,78.11,15.44,1,2,71.0,2,SAME
5,70.77,28.25,3,3,69.35,3,EASIER
6,86.86,60.77,2,1,86.45,4,HARDER
3,77.76,48.57,1,0,80.11,1,SAME
7,21.45,58.61,5,5,13.96,5,EASIER
7,56.34,256.71,3,3,50.95,5,EASIER
7,57.79,228.31,2,1,58.74,5,SAME
3,86.61,27.64,1,1,85.25,1,HARDER
7,49.62,27.92,3,3,47.24,5,EASIER
6,65.3,44.3,3,3,62.15,4,EASIER
5,79.32,42.39,2,0,79.27,3,SAME
3,90.74,54.0,2,1,93.69,1,EASIER
5,53.99,43.76,3,2,54.37,3,EASIER
4,81.08,26.42,1,1,82.74,2,SAME
7,76.44,124.1,2,1,73.22,5,SAME
4,77.18,19.59,3,2,69.6,2,SAME
4,100.0,37.56,1,0,98.91,2,HARDER
7,65.17,72.48,1,1,62.31,5,SAME
3,65.79,82.68,3,3,66.34,1,EASIER
7,52.56,67.92,1,2,42.4,5,EASIER
7,43.4,300.0,1,3,44.83,5,EASIER
4,97.46,22.24,1,0,99.06,2,HARDER
6,70.22,94.01,1,1,70.62,4,EASIER
6,52.07,106.37,1,1,56.0,4,EASIER
5,58.88,62.22,2,2,61.17,3,SAME
6,95.45,85.5,1,1,95.57,4,HARDER
3,65.81,36.68,3,3,62.19,1,EASIER
5,71.85,71.31,2,1,71.85,3,SAME
5,79.83,53.24,2,1,79.67,3,SAME
5,59.59,41.54,3,2,57.41,3,SAME
7,36.87,102.33,1,3,34.44,5,EASIER
7,42.48,101.64,2,4,34.65,5,EASIER
6,45.55,73.99,3,3,43.22,4,EASIER
5,61.12,60.23,1,1,56.35,3,SAME
5,92.69,28.87,1,1,91.2,3,HARDER
3,98.8,15.83,1,0,100.0,1,HARDER
5,88.28,87.55,1,1,80.82,3,SAME
4,60.13,13.2,3,2,51.08,2,SAME
7,52.15,215.05,1,2,49.97,5,EASIER
6,81.26,61.32,1,1,74.58,4,SAME
7,16.26,278.21,3,4,10.5,5,EASIER
7,74.74,218.5,1,1,71.76,5,SAME
5,68.69,49.32,4,3,65.49,3,EASIER
5,81.59,51.92,1,1,83.05,3,SAME
6,47.69,187.77,2,3,39.11,4,EASIER
5,44.34,108.93,3,4,42.33,3,EASIER
4,89.63,60.03,1,1,87.97,2,SAME
6,53.41,148.67,5,3,51.0,4,EASIER
5,67.08,33.86,3,2,68.79,3,SAME
7,62.01,125.26,2,2,60.3,5,SAME
4,91.37,26.46,1,0,90.72,2,HARDER
5,78.96,33.43,1,1,77.17,3,SAME
5,82.14,62.9,1,1,81.34,3,SAME
7,72.87,89.39,2,2,72.11,5,SAME
5,83.31,53.42,1,1,86.28,3,SAME
3,84.54,20.01,2,2,83.43,1,SAME
4,61.23,21.07,3,2,51.73,2,SAME
7,51.5,282.38,2,3,51.49,5,EASIER
4,84.73,40.89,1,0,85.42,2,SAME
4,85.14,19.29,1,1,86.57,2,HARDER
3,75.0,27.11,4,2,73.17,1,EASIER
6,62.4,180.88,1,2,54.38,4,EASIER
3,86.19,38.3,2,2,77.21,1,SAME
4,86.15,29.78,1,1,82.15,2,HARDER
6,45.16,63.4,4,4,39.63,4,EASIER
7,65.77,66.48,2,3,57.81,5,EASIER
4,55.54,26.81,1,2,55.86,2,SAME
4,90.48,27.85,1,1,87.16,2,HARDER
3,57.79,13.01,4,2,55.98,1,EASIER
5,82.66,46.56,2,1,82.92,3,SAME
7,41.0,135.09,1,3,36.31,5,EASIER
4,78.16,31.28,1,1,74.25,2,SAME
4,81.09,42.09,2,2,77.2,2,SAME
4,79.01,81.44,1,0,77.31,2,EASIER
7,26.13,300.0,3,4,17.85,5,EASIER
5,89.08,56.08,1,1,84.47,3,HARDER
6,44.71,129.59,2,3,42.45,4,EASIER
6,57.1,75.19,3,3,57.88,4,EASIER
6,63.09,63.63,1,2,60.45,4,SAME
5,85.43,33.37,1,0,86.43,3,HARDER
5,49.44,60.54,4,2,45.86,3,EASIER
5,66.77,99.21,2,3,61.41,3,EASIER
3,72.66,14.18,3,2,66.71,1,SAME
5,76.3,50.32,1,1,77.73,3,SAME
7,36.65,93.29,5,4,31.21,5,EASIER
3,83.22,27.9,2,1,83.09,1,SAME
7,60.97,129.24,1,2,57.35,5,SAME
5,60.91,75.67,2,2,52.73,3,SAME
4,82.2,92.68,1,1,78.27,2,EASIER
3,63.04,16.97,3,2,61.29,1,SAME
6,60.12,50.68,3,3,56.44,4,EASIER
3,82.6,27.91,2,1,81.25,1,SAME
5,26.48,119.05,4,5,20.87,3,EASIER
3,92.12,13.04,1,0,88.71,1,HARDER
7,79.91,134.17,1,1,81.13,5,SAME
3,88.92,22.86,1,0,94.37,1,HARDER
7,31.67,178.41,5,4,28.92,5,EASIER
5,60.45,79.15,2,2,56.57,3,SAME
3,100.0,25.55,1,0,100.0,1,HARDER
6,64.79,105.66,5,3,61.53,4,EASIER
7,68.08,78.24,3,2,64.76,5,SAME
4,100.0,55.35,1,0,100.0,2,SAME
7,29.19,238.45,3,4,27.26,5,EASIER
6,48.69,86.38,2,2,38.42,4,EASIER
6,73.21,66.33,5,3,62.72,4,EASIER
4,82.23,35.49,1,1,76.21,2,SAME
3,73.05,35.53,2,2,68.76,1,SAME
5,82.1,56.81,1,1,82.02,3,SAME
7,43.7,58.25,2,3,43.56,5,EASIER
5,56.12,92.92,4,3,47.98,3,EASIER
6,46.91,49.19,3,3,46.69,4,EASIER
6,50.34,102.25,5,3,44.5,4,EASIER
4,74.4,15.81,1,2,73.58,2,SAME
3,76.86,26.23,1,1,74.62,1,SAME
7,38.66,107.91,3,4,28.64,5,EASIER
6,73.7,29.48,1,1,75.59,4,SAME
5,62.38,68.39,2,2,56.73,3,SAME
5,86.67,33.62,1,1,80.85,3,HARDER
7,62.22,117.29,1,2,62.66,5,SAME
6,76.75,66.2,1,1,77.0,4,SAME
6,52.61,37.97,2,2,53.63,4,EASIER
6,68.2,47.61,1,1,71.33,4,HARDER
4,83.68,24.14,1,1,83.88,2,SAME
6,28.72,136.67,5,4,19.1,4,EASIER
7,45.36,176.62,2,3,36.51,5,EASIER
4,75.91,106.59,2,2,70.14,2,EASIER
5,51.34,45.02,2,2,53.36,3,EASIER
6,65.07,61.79,1,1,64.71,4,SAME
5,61.3,62.0,3,3,55.83,3,EASIER
7,27.74,92.28,4,4,24.32,5,EASIER
5,47.26,43.47,2,4,43.27,3,EASIER
4,83.04,38.98,1,1,81.71,2,SAME
3,71.26,34.19,2,2,70.6,1,SAME
7,37.13,35.42,2,3,29.12,5,EASIER
6,53.78,60.9,2,2,58.22,4,EASIER
5,79.73,28.96,1,0,72.75,3,SAME
5,74.31,53.75,2,2,68.47,3,SAME
5,52.21,71.85,4,3,45.55,3,EASIER
7,60.92,205.87,2,2,56.51,5,SAME
6,70.35,65.44,2,3,65.08,4,EASIER
7,35.04,118.68,3,5,30.68,5,EASIER
7,49.4,44.78,2,3,46.03,5,EASIER
6,18.53,52.42,5,4,11.46,4,EASIER
5,91.33,64.26,1,0,94.57,3,HARDER
4,78.65,20.06,1,0,77.1,2,SAME
6,73.99,156.02,3,1,72.28,4,SAME
6,48.91,107.66,3,4,40.57,4,EASIER
5,74.74,37.07,1,1,68.47,3,SAME
3,96.23,12.93,1,0,95.35,1,EASIER
7,82.49,75.68,1,1,81.7,5,SAME
7,84.24,68.61,1,0,89.95,5,SAME
4,83.99,21.45,1,0,82.87,2,SAME
5,69.02,28.91,2,1,67.09,3,SAME
3,83.39,22.56,1,0,81.25,1,SAME
7,58.06,166.93,4,3,48.35,5,EASIER
4,91.35,27.2,1,0,88.94,2,HARDER
4,69.42,46.84,2,1,65.89,2,SAME
5,87.32,49.31,1,0,90.24,3,HARDER
4,83.31,50.67,2,0,82.49,2,EASIER
6,55.39,54.48,2,2,51.8,4,SAME
7,41.71,130.53,3,3,40.61,5,EASIER
7,42.46,119.58,2,3,40.15,5,EASIER
5,71.13,113.84,3,2,70.01,3,SAME
3,83.41,32.06,1,1,85.48,1,SAME
7,34.25,128.77,3,4,24.56,5,EASIER
4,100.0,19.04,1,0,93.7,2,HARDER
7,66.46,84.12,1,2,63.66,5,SAME
4,53.23,26.09,2,2,48.65,2,EASIER
5,70.72,38.61,3,2,71.13,3,SAME
5,48.44,58.45,2,3,43.5,3,EASIER
5,67.31,65.34,1,2,70.63,3,SAME
3,87.53,28.32,2,0,91.59,1,HARDER
5,63.45,108.29,3,3,61.29,3,EASIER
5,67.17,73.69,1,1,69.22,3,SAME
7,41.23,57.36,2,3,33.73,5,EASIER
5,96.16,64.12,1,0,93.62,3,HARDER
7,54.93,154.0,4,3,46.91,5,EASIER
4,78.18,68.77,1,1,75.7,2,SAME
4,83.22,35.34,1,0,78.27,2,SAME
3,81.74,23.44,1,1,76.47,1,SAME
6,47.6,143.7,3,3,41.37,4,EASIER
3,89.6,27.07,1,1,81.85,1,HARDER
4,78.11,17.93,3,1,75.92,2,SAME
7,30.17,41.7,3,4,19.27,5,EASIER
6,63.64,213.56,1,1,60.48,4,EASIER
5,65.75,24.83,5,4,53.99,3,EASIER
7,37.78,102.24,4,3,36.78,5,EASIER
6,54.82,129.79,1,2,55.15,4,EASIER
7,67.68,42.81,2,1,63.12,5,SAME
6,50.47,46.73,2,2,47.13,4,EASIER
5,62.07,31.29,1,2,63.68,3,SAME
3,52.86,55.72,3,4,51.6,1,EASIER
4,84.25,98.11,1,0,83.06,2,EASIER
6,55.58,55.98,1,1,51.24,4,SAME
4,56.9,49.9,2,3,58.32,2,EASIER
6,48.92,96.25,4,3,40.82,4,EASIER
3,63.63,22.06,3,3,61.4,1,EASIER
3,96.12,12.12,1,0,95.01,1,HARDER
4,83.19,112.4,1,2,78.98,2,EASIER
4,77.35,16.18,2,1,73.74,2,SAME
7,45.78,125.72,2,3,42.34,5,EASIER
4,92.38,28.03,1,0,92.37,2,HARDER
5,57.77,95.53,1,1,52.06,3,SAME
5,58.69,88.16,5,3,54.06,3,EASIER
4,73.88,23.99,2,1,70.18,2,SAME
7,54.41,72.81,2,3,49.51,5,EASIER
6,59.55,36.62,3,2,58.04,4,SAME
3,89.54,27.26,3,0,88.03,1,SAME
4,64.65,53.07,4,2,60.73,2,EASIER
3,84.5,20.54,1,1,80.86,1,SAME
4,68.97,33.87,4,3,65.69,2,EASIER
6,56.89,221.14,3,4,50.59,4,EASIER
7,53.87,186.56,3,3,50.57,5,EASIER
5,74.52,113.02,1,1,73.27,3,SAME
3,78.22,9.22,3,2,80.77,1,SAME
3,93.43,31.89,1,1,93.15,1,HARDER
5,78.4,65.69,2,1,77.17,3,SAME
4,82.22,21.1,1,1,81.24,2,SAME
5,78.63,34.6,1,1,82.24,3,HARDER
3,91.31,22.68,1,1,93.71,1,HARDER
4,68.3,20.22,1,1,70.93,2,SAME
5,55.96,39.06,3,3,51.43,3,EASIER
4,94.84,30.59,1,1,95.57,2,HARDER
4,90.54,49.76,3,1,88.74,2,SAME
4,56.68,27.26,5,3,54.22,2,EASIER
3,88.57,20.49,1,1,86.94,1,HARDER
4,61.96,61.5,3,2,58.59,2,SAME
4,50.34,16.58,2,4,43.28,2,EASIER
7,71.87,126.77,2,2,69.6,5,SAME
7,45.15,138.48,2,2,44.95,5,EASIER
5,50.58,71.29,2,3,48.96,3,EASIER
4,87.25,30.02,1,0,85.47,2,HARDER
5,76.91,34.24,1,1,75.26,3,SAME
6,85.56,180.71,1,1,80.91,4,EASIER
4,82.33,25.41,2,2,78.09,2,SAME
6,87.44,45.87,1,1,84.01,4,HARDER
7,49.79,113.24,4,3,41.45,5,EASIER
5,63.44,40.23,2,2,59.61,3,SAME
3,100.0,39.9,2,0,100.0,1,SAME
3,100.0,22.22,1,1,98.36,1,HARDER
7,40.27,213.12,4,3,38.65,5,SAME
5,67.16,72.43,4,2,64.25,3,EASIER
4,87.92,31.66,1,1,85.52,2,HARDER
6,60.47,146.35,2,3,59.66,4,EASIER
7,47.46,78.55,4,4,46.29,5,EASIER
5,72.24,49.5,5,3,64.36,3,EASIER
4,96.8,48.73,1,1,99.14,2,HARDER
7,40.83,126.72,4,4,35.59,5,SAME
3,92.56,18.52,1,0,89.05,1,HARDER
7,17.82,48.48,5,6,7.8,5,EASIER
5,64.63,57.47,3,2,61.45,3,SAME
3,75.93,18.09,4,1,76.61,1,EASIER
4,88.59,38.53,1,1,88.52,2,HARDER
6,72.32,65.88,1,1,69.85,4,SAME
6,55.75,56.46,2,3,53.46,4,EASIER
3,100.0,22.19,1,0,98.3,1,HARDER
6,81.3,78.93,1,0,80.14,4,SAME
7,59.86,163.58,1,3,61.15,5,EASIER
6,69.4,102.18,1,2,61.71,4,SAME
6,56.84,243.67,1,2,56.37,4,EASIER
3,93.38,26.62,1,0,90.16,1,HARDER
6,68.86,57.79,2,1,68.61,4,SAME
6,51.82,75.21,1,2,49.19,4,EASIER
3,77.27,32.19,2,1,73.94,1,SAME
4,61.17,60.9,2,3,56.53,2,EASIER
7,40.36,232.67,2,2,34.59,5,EASIER
7,69.46,64.34,2,2,68.11,5,SAME
3,49.55,44.2,5,3,47.31,1,EASIER
6,52.44,80.06,1,2,53.2,4,EASIER
5,41.34,36.66,4,4,40.46,3,EASIER
5,79.95,52.43,1,1,77.6,3,SAME
5,81.05,105.61,1,0,79.32,3,SAME
7,32.71,143.7,5,4,25.1,5,EASIER
5,47.02,31.83,2,2,48.05,3,EASIER
5,55.17,31.95,3,3,49.39,3,EASIER
6,81.0,43.2,2,1,81.13,4,SAME
5,50.05,40.38,5,3,41.77,3,EASIER
7,39.66,116.83,1,3,35.03,5,EASIER
4,74.9,22.38,1,1,74.36,2,SAME
7,40.06,88.68,1,3,34.95,5,EASIER
6,43.6,170.0,3,3,37.79,4,EASIER
7,44.56,270.48,2,4,33.96,5,EASIER
4,64.95,78.75,3,3,65.81,2,EASIER
5,72.67,23.85,1,1,71.98,3,SAME
3,100.0,52.65,1,0,100.0,1,HARDER
7,64.97,117.74,1,1,65.4,5,SAME
7,30.72,116.86,5,4,27.84,5,EASIER
4,83.63,61.63,2,1,81.38,2,SAME
3,97.87,34.19,1,1,96.71,1,SAME
6,60.53,31.03,3,3,56.49,4,EASIER
6,93.16,59.63,2,1,92.04,4,HARDER
5,47.77,48.39,4,3,48.69,3,EASIER
3,100.0,13.83,1,0,99.62,1,HARDER
7,69.37,192.86,1,1,68.32,5,SAME
5,56.19,118.24,1,2,51.58,3,EASIER
6,48.03,81.55,5,4,42.99,4,EASIER
7,22.85,131.79,5,4,15.04,5,EASIER
5,77.87,57.68,1,1,75.51,3,SAME
3,100.0,26.13,1,0,100.0,1,HARDER
7,43.05,205.95,3,3,38.29,5,EASIER
6,45.91,32.74,1,3,38.55,4,EASIER
7,69.0,145.97,1,2,70.49,5,SAME
6,52.69,82.51,1,3,47.97,4,EASIER
7,36.79,75.92,4,4,34.05,5,EASIER
7,48.59,85.13,5,4,45.91,5,EASIER
4,67.0,89.91,1,2,65.36,2,EASIER
3,95.47,13.85,1,0,96.81,1,HARDER
3,82.01,23.19,1,1,78.81,1,SAME
6,29.39,191.34,2,4,23.71,4,EASIER
4,75.96,20.92,1,1,78.52,2,SAME
5,69.65,46.28,1,2,66.05,3,SAME
6,55.65,83.82,1,2,50.2,4,SAME
5,76.18,71.14,1,2,68.41,3,SAME
3,83.82,24.12,2,1,82.9,1,SAME
4,79.25,24.95,1,0,77.25,2,SAME
3,71.12,30.51,3,2,72.43,1,SAME
4,77.46,36.25,3,2,75.88,2,SAME
6,45.27,113.65,2,3,41.48,4,EASIER
5,73.67,91.62,3,2,71.3,3,SAME
6,62.99,37.86,1,2,59.97,4,SAME
3,77.87,39.59,2,1,77.07,1,SAME
6,31.66,71.83,5,6,19.37,4,SAME
5,54.58,87.26,2,2,53.69,3,EASIER
4,94.44,47.93,1,0,93.99,2,HARDER
6,36.13,215.04,3,5,29.61,4,EASIER
3,95.72,25.07,1,0,92.56,1,HARDER
5,81.52,47.5,1,1,76.37,3,SAME
5,74.22,44.99,1,1,70.87,3,SAME
3,100.0,15.76,1,0,99.99,1,HARDER
7,38.15,173.98,4,4,36.41,5,EASIER
4,52.81,22.64,2,3,38.83,2,EASIER
3,68.03,35.68,3,1,72.39,1,SAME
5,93.73,51.93,3,2,87.68,3,SAME
7,42.52,42.84,4,4,38.39,5,EASIER
6,61.43,177.79,1,2,60.94,4,EASIER
6,81.28,14.17,1,2,76.6,4,SAME
7,72.08,107.12,2,1,71.74,5,SAME
3,79.34,27.74,1,1,76.19,1,SAME
5,63.21,18.52,3,3,58.2,3,EASIER
4,83.28,46.76,1,1,77.88,2,SAME
6,25.88,57.88,5,5,17.09,4,EASIER
7,60.67,97.81,1,2,61.32,5,SAME
3,69.8,45.45,4,3,69.65,1,EASIER
3,80.65,26.64,2,1,77.58,1,SAME
7,64.44,92.52,4,4,56.88,5,EASIER
5,78.67,53.31,2,2,72.3,3,SAME
4,83.85,87.56,1,1,84.48,2,EASIER
3,82.95,29.93,2,0,83.39,1,SAME
4,64.46,25.08,5,4,57.55,2,EASIER
3,87.41,20.12,1,0,85.62,1,HARDER
4,59.66,21.72,2,3,56.83,2,EASIER
3,76.28,20.45,1,1,74.28,1,SAME
3,90.72,51.13,1,1,90.92,1,EASIER
7,63.27,102.29,3,2,59.99,5,SAME
6,65.15,40.91,1,1,66.38,4,SAME
7,70.77,141.65,1,0,72.67,5,SAME
4,89.08,31.6,1,1,85.49,2,HARDER
4,96.15,49.47,1,0,95.43,2,HARDER
4,71.53,33.91,1,2,63.33,2,SAME
5,59.3,118.61,1,2,57.35,3,EASIER
3,100.0,16.67,1,1,95.46,1,HARDER
4,64.66,21.98,1,1,64.39,2,SAME
7,61.29,186.7,1,2,55.12,5,SAME
4,100.0,14.82,1,0,98.26,2,HARDER
6,74.72,74.99,1,1,69.41,4,SAME
4,98.55,55.36,1,0,100.0,2,SAME
7,77.98,33.87,1,0,79.31,5,SAME
6,79.02,84.8,1,1,78.93,4,SAME
7,67.14,49.56,1,1,60.98,5,SAME
5,57.44,23.27,2,3,52.14,3,EASIER
7,46.97,62.65,1,3,44.15,5,EASIER
4,81.58,34.86,1,1,82.72,2,SAME
5,42.36,40.9,3,4,35.03,3,EASIER
3,95.39,40.92,1,1,92.06,1,SAME
3,100.0,25.93,1,0,97.31,1,HARDER
6,56.49,63.59,3,3,54.79,4,EASIER
4,88.13,20.53,1,1,81.03,2,HARDER
3,76.38,27.62,1,1,75.32,1,SAME
4,70.57,100.01,2,2,60.15,2,EASIER
4,63.74,27.31,4,2,63.3,2,HARDER
6,39.28,60.48,5,4,30.84,4,EASIER
3,94.51,15.59,1,1,96.23,1,HARDER
3,67.21,42.34,3,2,60.93,1,SAME
6,67.3,132.79,1,1,66.56,4,SAME
3,95.3,20.5,1,2,93.77,1,SAME
5,85.48,43.12,2,1,82.76,3,HARDER
6,70.99,50.2,1,1,64.39,4,SAME
5,70.32,50.26,1,2,64.84,3,SAME
3,80.21,39.36,2,1,76.25,1,SAME
6,74.99,83.79,1,2,74.19,4,SAME
3,71.22,44.34,2,2,67.51,1,SAME
4,47.9,27.09,5,4,44.25,2,EASIER
3,91.38,8.93,1,1,94.66,1,HARDER
5,42.15,210.63,1,3,31.51,3,EASIER
6,67.69,91.68,1,1,66.8,4,SAME
6,61.7,122.92,1,2,57.48,4,SAME
3,96.4,17.61,1,0,98.25,1,HARDER
4,74.16,20.03,1,1,71.74,2,SAME
3,77.91,26.78,2,1,76.61,1,SAME
4,76.48,14.9,2,1,71.23,2,SAME
4,76.06,33.52,1,1,71.83,2,SAME
6,47.29,139.54,2,1,46.14,4,EASIER
6,46.84,103.54,3,3,37.82,4,EASIER
7,24.05,128.69,3,3,16.09,5,EASIER
4,68.94,86.24,1,2,66.45,2,EASIER
3,96.07,29.54,1,0,96.2,1,HARDER
3,65.81,10.71,2,2,61.23,1,SAME
7,43.8,103.26,2,2,40.1,5,EASIER
7,44.58,300.0,1,3,38.58,5,EASIER
4,91.49,32.86,1,0,90.41,2,HARDER
7,26.7,300.0,2,4,18.4,5,EASIER
5,59.37,96.27,2,2,51.77,3,SAME
3,100.0,20.84,1,1,100.0,1,HARDER
4,85.49,22.87,1,0,87.11,2,HARDER
4,62.57,44.58,5,4,51.7,2,EASIER
6,44.85,158.76,2,3,36.68,4,EASIER
3,82.61,12.38,1,1,86.47,1,SAME
3,100.0,26.38,1,1,100.0,1,HARDER
6,73.6,28.37,1,2,74.15,4,SAME
4,69.21,32.39,4,3,61.83,2,EASIER
4,84.41,17.46,2,1,85.26,2,SAME
7,61.93,152.16,2,1,58.36,5,SAME
7,51.51,76.94,2,2,45.19,5,EASIER
5,61.19,102.89,1,2,58.76,3,SAME
7,48.1,83.42,2,2,41.69,5,EASIER
7,44.17,79.38,3,3,38.41,5,EASIER
5,51.97,26.07,1,2,47.33,3,EASIER
7,51.91,138.6,3,2,41.9,5,EASIER
3,98.95,31.12,1,1,92.05,1,HARDER
3,89.94,37.98,1,1,88.92,1,SAME
7,44.6,160.07,2,3,38.07,5,EASIER
3,90.45,29.89,1,1,91.19,1,HARDER
6,20.67,111.78,5,4,15.14,4,EASIER
5,48.12,81.89,2,2,44.67,3,EASIER
6,56.47,131.46,5,3,56.77,4,EASIER
6,33.29,37.05,3,4,28.73,4,EASIER
3,98.78,20.36,1,0,99.29,1,HARDER
4,98.96,17.72,1,1,99.19,2,HARDER
6,61.18,97.46,2,3,57.84,4,EASIER
7,49.05,272.28,1,3,44.25,5,EASIER
7,44.89,182.55,3,3,41.06,5,EASIER
7,10.95,80.45,5,6,0.1,5,EASIER
7,45.84,147.52,2,3,43.57,5,EASIER
7,55.4,135.46,4,3,49.95,5,EASIER
5,56.36,65.09,4,3,53.44,3,EASIER
4,81.89,20.59,1,1,79.02,2,SAME
5,66.16,111.21,2,2,56.63,3,SAME
6,54.9,44.44,2,1,54.33,4,EASIER
5,63.03,48.37,1,2,66.31,3,SAME
7,66.76,188.9,1,2,61.06,5,SAME
6,59.31,67.53,1,2,55.83,4,SAME
4,94.02,39.44,3,2,91.77,2,SAME
7,30.7,119.54,5,5,24.29,5,EASIER
7,59.29,116.1,2,2,58.75,5,SAME
5,94.74,61.4,1,0,93.45,3,HARDER
3,87.61,27.5,2,1,84.32,1,HARDER
4,61.29,39.36,2,2,55.21,2,SAME
7,49.12,68.75,2,2,47.43,5,EASIER
3,63.72,12.54,2,2,63.12,1,SAME
5,57.36,95.06,3,3,53.82,3,EASIER
6,53.44,141.1,1,2,50.83,4,EASIER
4,80.53,44.53,1,1,78.5,2,SAME
7,75.97,134.0,1,2,76.52,5,SAME
5,95.28,36.87,1,0,100.0,3,HARDER
3,70.16,8.45,1,2,66.69,1,SAME
4,63.97,33.81,1,1,59.88,2,SAME
4,70.32,15.58,3,2,63.64,2,SAME
4,80.96,41.44,1,1,81.85,2,SAME
7,10.27,227.99,5,5,0.0,5,EASIER
4,73.84,28.45,2,2,69.39,2,SAME
5,69.06,43.99,2,1,65.55,3,SAME
5,65.62,35.25,2,2,67.36,3,SAME
4,96.87,38.8,1,1,97.88,2,HARDER
5,88.07,57.05,1,0,92.26,3,HARDER
4,81.76,23.54,1,0,80.7,2,SAME
3,95.14,37.52,2,0,98.21,1,SAME
5,52.13,220.99,4,4,48.6,3,EASIER
5,73.73,104.52,1,1,73.42,3,SAME
3,60.74,23.8,1,2,55.85,1,SAME
6,32.44,76.94,4,3,27.96,4,EASIER
6,57.59,62.78,2,2,55.96,4,SAME
4,88.45,29.56,1,0,87.92,2,HARDER
5,58.57,93.2,1,1,55.2,3,SAME
4,93.45,60.85,1,0,98.71,2,SAME
6,85.3,44.64,1,1,85.11,4,HARDER
3,86.96,29.43,2,1,85.25,1,HARDER
6,69.68,146.13,1,1,70.46,4,SAME
3,90.34,21.39,2,2,90.68,1,SAME
3,86.65,22.75,2,1,82.33,1,HARDER
4,82.87,52.7,1,1,75.57,2,SAME
3,58.93,34.51,5,4,53.9,1,EASIER
5,57.35,71.72,5,4,54.2,3,EASIER
3,77.8,27.99,4,3,76.91,1,EASIER
4,67.27,45.61,1,1,67.43,2,SAME
3,81.87,22.09,2,1,76.85,1,SAME
7,60.72,60.91,2,1,60.28,5,SAME
6,45.87,36.5,2,3,43.27,4,EASIER
4,89.29,50.27,1,1,86.9,2,HARDER
3,80.19,26.23,2,1,80.88,1,SAME
7,81.43,143.56,1,1,76.0,5,SAME
6,70.45,53.29,2,1,73.64,4,SAME
7,34.99,118.44,5,4,27.17,5,SAME
3,94.29,25.89,1,0,89.58,1,HARDER
4,61.24,69.32,4,2,55.96,2,EASIER
3,71.36,36.52,1,2,70.54,1,EASIER
5,68.78,40.21,2,2,68.07,3,SAME
3,63.69,31.29,2,2,61.1,1,SAME
3,85.95,17.93,1,1,78.37,1,HARDER
5,78.04,15.91,1,1,73.51,3,SAME
7,34.84,286.9,1,2,30.72,5,EASIER
6,61.56,67.47,2,2,57.58,4,SAME
6,81.08,140.79,1,1,76.07,4,SAME
7,56.43,78.11,1,2,52.85,5,SAME
7,30.96,72.13,4,4,27.85,5,EASIER
3,94.58,19.6,2,0,94.74,1,HARDER
4,78.5,42.79,2,2,79.84,2,SAME
6,61.49,89.87,2,3,56.78,4,EASIER
7,51.58,146.9,3,3,51.41,5,EASIER
6,64.29,63.35,2,3,64.93,4,EASIER
6,39.88,83.74,4,4,35.01,4,EASIER
4,63.83,25.57,2,1,62.74,2,SAME
4,100.0,75.8,1,0,100.0,2,SAME
3,94.68,13.93,1,0,98.0,1,HARDER
4,93.73,25.82,2,1,91.37,2,HARDER
3,86.84,20.71,1,0,85.92,1,HARDER
7,33.12,300.0,5,5,26.96,5,EASIER
3,80.06,35.17,1,1,74.84,1,SAME
4,59.16,25.44,2,3,56.06,2,EASIER
7,41.64,175.32,4,5,34.25,5,EASIER
7,48.92,148.36,4,4,39.69,5,EASIER
4,87.68,43.22,2,0,86.5,2,HARDER
5,58.3,81.85,4,2,56.81,3,EASIER
5,54.91,59.69,3,3,49.82,3,EASIER
7,44.91,122.93,4,4,39.81,5,EASIER
6,66.61,36.57,2,2,65.75,4,SAME
5,70.9,118.48,1,1,74.05,3,EASIER
4,71.56,30.79,2,2,67.48,2,SAME
4,71.11,21.24,1,2,67.75,2,SAME
6,43.79,63.08,5,5,36.8,4,EASIER
7,51.17,86.97,3,4,50.89,5,EASIER
3,66.39,17.5,2,1,68.1,1,SAME
6,73.67,122.87,3,0,71.05,4,SAME
5,50.89,93.94,2,3,42.03,3,EASIER
3,68.11,10.45,3,3,67.47,1,EASIER
3,92.27,19.88,1,1,91.39,1,HARDER
4,73.73,30.86,3,2,75.06,2,SAME
4,60.47,35.05,3,3,60.55,2,EASIER
3,48.87,53.42,5,4,41.54,1,EASIER
4,82.35,25.92,1,1,80.7,2,SAME
7,29.13,262.44,4,5,23.93,5,EASIER
6,85.22,76.0,1,1,81.35,4,HARDER
4,68.31,79.54,1,1,67.19,2,EASIER
6,70.25,69.76,1,1,68.23,4,SAME
5,74.74,46.92,1,0,73.42,3,SAME
6,73.65,81.04,1,1,74.25,4,SAME
4,56.92,69.75,4,2,53.74,2,EASIER
3,93.96,26.82,2,1,90.11,1,HARDER
4,83.6,41.93,2,2,83.45,2,SAME
7,45.17,158.46,5,4,42.69,5,EASIER
5,56.85,37.52,4,3,55.31,3,EASIER
3,68.02,29.04,4,3,61.89,1,EASIER
7,30.11,79.53,5,4,25.41,5,EASIER
7,14.1,249.72,4,5,7.09,5,EASIER
5,79.56,71.36,1,1,78.41,3,SAME
6,64.55,117.56,2,2,63.21,4,SAME
3,95.61,10.09,1,1,96.08,1,HARDER
5,70.2,82.29,1,0,74.97,3,SAME
7,49.68,101.67,1,2,48.27,5,EASIER
5,60.53,28.48,2,2,58.76,3,SAME
3,70.86,26.08,4,2,69.19,1,EASIER
6,74.65,37.23,2,1,78.27,4,SAME
6,28.64,112.67,4,5,17.15,4,EASIER
6,80.0,172.84,1,1,81.84,4,EASIER
6,46.27,32.32,1,3,43.55,4,EASIER
3,100.0,24.67,2,0,100.0,1,HARDER
3,78.07,23.23,1,1,77.73,1,SAME
6,71.57,29.14,3,1,74.45,4,SAME
7,51.78,184.56,1,3,48.96,5,EASIER
3,100.0,33.03,1,0,100.0,1,HARDER
5,36.05,158.12,2,3,31.61,3,EASIER
5,74.68,74.15,2,2,74.43,3,SAME
4,94.8,25.14,1,1,96.15,2,HARDER
6,49.92,107.14,4,3,39.56,4,EASIER
7,59.99,225.59,1,2,58.11,5,EASIER
7,60.1,86.93,3,3,63.34,5,EASIER
3,83.83,36.53,2,1,87.5,1,SAME
5,64.68,18.08,2,3,63.71,3,EASIER
7,30.22,250.24,2,4,24.54,5,EASIER
4,92.6,55.36,1,1,94.9,2,SAME
7,60.79,27.99,3,3,57.39,5,EASIER
5,83.43,70.1,1,1,77.07,3,SAME
5,85.24,21.7,1,1,83.61,3,HARDER
4,86.59,28.51,1,0,82.36,2,HARDER
7,39.88,162.14,3,4,33.95,5,EASIER
5,68.38,54.22,4,3,70.97,3,EASIER
5,67.52,108.04,1,2,62.75,3,SAME
5,64.02,59.86,3,1,65.37,3,SAME
3,95.93,24.59,1,0,91.93,1,HARDER
6,80.07,145.17,1,1,79.4,4,SAME
4,51.78,32.42,1,3,42.61,2,EASIER
4,79.51,37.55,3,1,74.12,2,SAME
6,36.61,86.68,5,4,32.79,4,EASIER
3,95.46,24.26,1,0,95.06,1,HARDER
6,36.76,149.91,2,3,32.05,4,EASIER
5,68.68,41.69,1,2,65.73,3,SAME
6,75.82,53.25,2,1,67.98,4,SAME
3,100.0,15.59,1,0,98.72,1,HARDER
6,67.8,26.92,1,0,67.79,4,SAME
4,92.58,76.32,2,0,93.76,2,EASIER
7,55.88,68.55,2,2,44.98,5,EASIER
4,80.52,33.97,2,2,80.65,2,SAME
3,71.78,50.01,2,2,65.64,1,EASIER
5,50.86,54.07,4,4,46.53,3,EASIER
3,93.95,31.43,1,0,94.19,1,HARDER
4,37.36,19.49,4,3,35.76,2,EASIER
6,50.0,169.67,3,3,50.19,4,EASIER
5,74.76,54.61,2,2,72.03,3,SAME
6,62.97,48.29,2,1,62.3,4,SAME
7,78.76,64.27,1,1,70.28,5,SAME
5,65.56,133.88,1,2,60.28,3,EASIER
5,67.31,43.39,2,2,61.44,3,SAME
3,71.51,16.04,3,2,68.33,1,SAME
4,66.6,31.0,3,3,61.93,2,EASIER
6,67.99,83.96,1,1,66.18,4,SAME
3,83.63,26.75,1,1,83.09,1,SAME
4,95.58,46.83,1,0,100.0,2,HARDER
3,100.0,27.75,1,0,100.0,1,HARDER
7,71.73,159.36,1,2,70.66,5,SAME
5,70.76,50.68,3,2,67.9,3,SAME
6,39.49,240.87,2,3,35.17,4,EASIER
6,48.06,63.61,4,3,44.93,4,EASIER
4,100.0,71.75,1,0,100.0,2,SAME
3,73.55,19.15,3,3,74.36,1,EASIER
4,74.23,19.42,3,2,68.82,2,SAME
3,73.46,11.91,1,0,75.63,1,SAME
4,75.4,43.84,3,2,70.32,2,SAME
4,67.28,65.61,2,2,65.57,2,SAME
6,60.01,45.07,2,2,58.63,4,SAME
4,53.6,25.16,1,2,51.91,2,EASIER
3,88.97,29.69,1,1,86.92,1,HARDER
7,72.8,111.84,1,1,67.69,5,SAME
3,100.0,19.26,1,0,98.98,1,HARDER
4,65.61,20.83,3,2,64.05,2,SAME
4,91.92,43.94,1,1,83.9,2,HARDER
3,92.85,33.43,2,1,92.48,1,HARDER
7,23.73,146.42,5,5,15.48,5,HARDER
4,94.55,38.48,1,1,89.31,2,HARDER
6,45.28,47.36,4,4,39.78,4,EASIER
3,61.07,28.76,3,2,62.79,1,SAME
5,68.69,65.31,1,1,70.65,3,SAME
3,92.35,13.94,1,0,89.82,1,HARDER
4,60.37,32.97,2,2,63.85,2,EASIER
5,32.37,69.53,4,5,26.64,3,EASIER
7,46.24,107.32,4,4,42.74,5,EASIER
4,87.8,15.12,1,1,86.57,2,HARDER
6,59.93,58.78,2,1,57.52,4,SAME
3,90.92,18.25,1,0,86.09,1,HARDER
4,90.21,49.42,1,0,94.97,2,HARDER
6,33.65,300.0,1,2,31.85,4,EASIER
5,33.02,61.98,3,4,26.44,3,EASIER
5,71.82,32.05,3,3,70.79,3,EASIER
6,52.98,75.43,4,3,49.24,4,EASIER
3,95.67,25.12,1,0,91.95,1,HARDER
6,57.53,121.53,1,1,56.06,4,SAME
7,56.28,220.4,1,2,51.86,5,SAME
6,60.55,169.03,3,3,54.78,4,EASIER
4,64.22,48.91,4,3,64.36,2,EASIER
4,64.12,37.99,3,2,62.75,2,SAME
7,47.11,251.38,2,4,43.48,5,EASIER
6,77.58,68.44,2,2,78.29,4,SAME
7,57.31,115.38,2,2,56.5,5,SAME
7,50.39,98.08,1,2,49.56,5,EASIER
5,88.72,20.2,2,0,90.65,3,HARDER
3,84.94,44.03,1,2,82.49,1,SAME
4,61.04,52.2,3,3,57.12,2,EASIER
4,76.97,12.47,1,2,71.89,2,SAME
7,61.8,193.34,1,2,57.9,5,SAME
4,70.13,32.95,2,2,68.24,2,SAME
4,49.96,60.47,3,2,47.73,2,EASIER
7,39.36,116.72,5,4,31.44,5,EASIER
3,92.15,13.67,1,0,91.75,1,HARDER
6,63.76,83.13,2,1,61.29,4,SAME
5,65.48,37.18,1,2,66.16,3,SAME
7,30.27,57.51,5,6,21.17,5,EASIER
5,72.2,89.09,2,1,69.43,3,SAME
5,62.94,70.4,3,3,55.3,3,EASIER
7,47.99,253.33,2,2,41.65,5,EASIER
7,79.6,90.34,1,1,73.74,5,SAME
6,65.69,49.7,2,3,62.91,4,EASIER
6,58.67,114.31,3,2,52.27,4,SAME
7,45.58,71.1,2,2,39.5,5,EASIER
7,43.3,94.58,2,3,32.23,5,EASIER
6,68.21,107.75,2,2,63.28,4,SAME
4,78.63,35.82,1,1,72.02,2,SAME
6,50.56,63.6,1,2,42.76,4,EASIER
4,82.22,19.66,2,2,81.42,2,SAME
5,71.51,92.22,3,1,69.98,3,SAME
5,51.21,48.33,3,3,45.01,3,EASIER
7,40.34,156.86,1,2,40.08,5,EASIER
5,91.36,73.77,1,1,88.95,3,HARDER
7,62.94,203.01,2,2,56.11,5,SAME
7,74.14,98.51,1,1,74.9,5,SAME
7,53.82,92.67,1,2,52.87,5,EASIER
3,86.71,15.27,1,1,82.62,1,HARDER
6,67.37,61.84,2,3,61.1,4,EASIER
4,86.24,44.61,2,1,83.19,2,SAME
5,75.52,38.71,1,2,77.36,3,SAME
5,100.0,67.81,1,0,98.39,3,HARDER
4,87.59,75.73,1,1,84.87,2,EASIER
7,64.42,87.87,1,2,59.11,5,SAME
7,33.32,54.72,5,4,24.86,5,EASIER
5,51.55,47.27,5,3,48.44,3,EASIER
3,94.26,13.27,1,0,98.3,1,HARDER
3,76.04,45.27,1,2,70.49,1,SAME
4,70.69,39.55,1,1,61.78,2,SAME
7,33.84,75.3,4,4,28.09,5,EASIER
5,66.48,43.96,2,2,55.45,3,SAME
3,63.83,14.77,5,3,58.45,1,EASIER
5,62.09,95.68,2,2,58.98,3,SAME
7,47.69,300.0,1,2,40.25,5,EASIER
5,47.34,27.68,3,2,44.83,3,EASIER
5,73.17,97.21,3,3,68.11,3,EASIER
3,74.8,22.41,1,0,69.28,1,SAME
7,57.46,223.47,1,2,51.68,5,SAME
3,64.77,11.05,3,2,61.53,1,SAME
7,38.22,126.64,5,4,34.87,5,EASIER
4,94.15,31.37,2,1,90.75,2,HARDER
3,98.31,33.52,1,1,95.6,1,HARDER
4,74.15,39.11,1,1,69.44,2,SAME
3,85.56,25.25,2,2,83.05,1,SAME
3,86.03,23.85,1,0,85.53,1,HARDER
3,73.5,50.1,1,1,73.39,1,EASIER
6,80.92,74.87,1,0,78.84,4,SAME
7,69.25,179.38,3,2,63.46,5,SAME
4,90.19,51.06,2,1,87.44,2,HARDER
6,24.76,130.18,5,4,18.09,4,EASIER
4,100.0,23.59,1,0,100.0,2,HARDER
5,47.25,82.31,4,3,44.27,3,EASIER
4,78.96,44.52,1,1,78.54,2,SAME
7,26.81,58.57,5,5,17.97,5,EASIER
5,71.76,52.21,2,1,73.22,3,SAME
5,44.63,180.57,1,2,42.21,3,EASIER
7,24.29,90.47,5,5,21.32,5,EASIER
6,68.88,67.73,3,2,67.61,4,SAME
3,100.0,30.55,2,0,94.07,1,HARDER
3,51.63,19.65,3,3,42.6,1,EASIER
4,95.4,40.59,1,0,99.93,2,HARDER
3,76.72,20.47,1,1,76.95,1,SAME
6,63.4,101.08,1,2,60.53,4,SAME
5,63.08,56.25,1,1,67.77,3,SAME
3,84.25,59.59,3,3,73.14,1,EASIER
5,55.2,59.34,5,3,47.89,3,EASIER
7,50.33,99.2,3,3,46.53,5,EASIER
7,50.8,196.28,3,2,46.93,5,EASIER
7,62.89,52.48,2,2,62.71,5,SAME
7,8.97,281.6,5,6,5.99,5,EASIER
6,66.65,49.04,2,1,67.58,4,SAME
7,33.83,214.52,3,3,23.36,5,EASIER
7,15.8,247.73,5,5,13.32,5,EASIER
6,54.61,62.38,4,2,51.46,4,EASIER
5,77.66,46.89,3,1,74.15,3,SAME
7,55.18,105.53,2,2,46.71,5,EASIER
5,93.53,78.89,1,1,92.13,3,SAME
3,86.42,16.03,1,1,80.02,1,HARDER
3,71.4,23.81,1,1,67.53,1,SAME
5,48.19,49.66,3,3,39.36,3,EASIER
3,65.66,14.98,2,3,60.05,1,EASIER
3,80.52,15.7,3,3,74.87,1,EASIER
4,100.0,40.36,1,1,94.91,2,HARDER
5,82.63,61.26,2,1,80.32,3,SAME
5,73.06,39.74,3,2,71.58,3,SAME
5,87.88,60.32,2,1,85.92,3,HARDER
5,84.55,42.11,1,0,91.8,3,SAME
7,45.32,228.35,4,3,39.3,5,EASIER
4,85.19,36.2,1,1,83.19,2,HARDER
5,63.98,99.86,1,2,64.37,3,SAME
6,42.38,34.01,3,4,33.58,4,EASIER
4,79.22,44.22,1,2,78.11,2,SAME
3,63.3,32.59,2,3,55.57,1,EASIER
3,86.18,23.51,1,0,84.08,1,HARDER
4,80.45,29.5,1,1,79.74,2,SAME
4,72.75,35.35,4,3,65.84,2,EASIER
3,87.59,34.79,1,1,84.59,1,SAME
4,98.02,21.51,1,0,91.95,2,HARDER
6,55.13,118.03,2,3,55.51,4,EASIER
7,50.25,133.22,1,2,49.28,5,EASIER
5,96.87,50.98,1,0,97.91,3,HARDER
3,100.0,22.69,1,0,98.12,1,HARDER
6,43.37,84.68,5,4,31.69,4,EASIER
3,81.35,52.3,1,1,80.95,1,EASIER
3,100.0,29.19,1,0,100.0,1,HARDER
5,70.47,36.37,2,3,60.14,3,EASIER
5,86.77,46.76,1,0,82.28,3,HARDER
4,100.0,22.19,1,0,99.74,2,HARDER
7,61.05,39.99,2,2,58.89,5,SAME
3,70.4,14.91,2,1,68.39,1,SAME
3,88.02,26.37,1,0,79.73,1,HARDER
5,67.46,108.97,1,1,66.36,3,SAME
5,59.91,94.95,3,3,54.9,3,EASIER
7,45.73,59.67,4,4,35.33,5,EASIER
3,71.82,17.53,3,2,68.78,1,SAME
5,59.11,36.44,3,3,52.58,3,EASIER
3,84.79,8.0,2,1,76.81,1,SAME
3,73.5,23.2,1,0,73.51,1,SAME
5,43.16,86.32,5,4,39.88,3,EASIER
6,59.16,71.91,3,3,58.12,4,EASIER
3,92.05,14.22,1,0,94.42,1,HARDER
7,33.74,70.66,4,4,26.74,5,EASIER
5,71.49,49.29,1,1,67.85,3,SAME
5,44.3,84.92,3,3,36.07,3,EASIER
7,26.46,101.38,5,5,12.17,5,EASIER
4,62.37,51.21,1,2,59.6,2,SAME
4,81.34,36.57,1,1,80.16,2,SAME
6,53.16,92.74,4,4,45.74,4,EASIER
3,74.94,16.45,2,1,76.97,1,SAME
7,24.07,77.07,3,4,21.11,5,EASIER
7,65.47,56.49,2,1,65.55,5,SAME
7,33.83,155.46,5,4,25.56,5,EASIER
5,60.38,50.21,2,2,62.69,3,SAME
6,38.89,12.63,4,4,36.91,4,EASIER
7,63.17,145.58,2,1,57.44,5,SAME
3,93.7,38.57,1,0,94.38,1,SAME
4,84.74,25.95,2,1,84.92,2,SAME
5,45.09,73.57,3,3,37.3,3,EASIER
6,75.98,73.53,1,2,75.24,4,SAME
6,58.43,27.26,1,2,58.93,4,SAME
7,11.37,300.0,4,6,0.14,5,EASIER
5,69.65,52.44,2,1,67.15,3,SAME
3,95.12,27.34,1,0,96.75,1,HARDER
3,90.37,18.93,1,0,95.33,1,HARDER
7,42.87,95.34,4,3,40.02,5,EASIER
5,63.77,62.83,1,2,59.08,3,SAME
6,34.28,47.68,3,3,28.45,4,EASIER
5,68.84,134.15,2,2,66.83,3,EASIER
7,32.45,176.85,5,5,25.17,5,EASIER
4,70.74,48.45,2,1,69.2,2,SAME
3,78.01,23.47,2,2,71.13,1,SAME
6,57.03,55.2,3,2,54.65,4,SAME
5,41.28,96.58,5,5,35.3,3,EASIER
7,60.19,156.23,2,2,55.39,5,SAME
3,98.21,20.93,1,1,98.28,1,HARDER
4,83.01,22.83,1,0,85.96,2,SAME
7,32.49,47.45,5,5,27.27,5,EASIER
7,44.77,113.76,4,3,44.34,5,EASIER
3,58.29,22.38,1,2,51.88,1,SAME
7,47.14,213.72,2,2,45.75,5,EASIER
3,71.18,38.88,1,1,74.58,1,SAME
3,94.59,25.44,1,1,97.23,1,HARDER
7,58.93,107.16,3,3,47.85,5,EASIER
3,61.98,14.97,1,1,58.99,1,SAME
4,82.45,62.57,2,2,80.11,2,SAME
3,88.84,24.38,1,1,80.61,1,HARDER
5,73.84,78.26,2,2,71.88,3,SAME
3,99.57,42.21,1,0,94.45,1,SAME
4,79.43,29.13,2,1,76.66,2,SAME
4,78.53,25.75,2,1,75.08,2,SAME
6,19.1,296.03,4,4,11.28,4,EASIER
5,51.82,77.84,3,4,44.82,3,EASIER
3,100.0,22.09,2,1,92.23,1,HARDER
5,77.01,107.15,2,1,76.88,3,SAME
5,82.1,49.79,1,1,81.23,3,SAME
4,65.96,44.28,2,1,65.67,2,SAME
5,80.91,43.78,1,0,84.23,3,SAME
4,72.22,37.7,2,2,72.18,2,SAME
4,100.0,33.41,1,0,99.96,2,HARDER
6,85.23,55.46,1,0,86.32,4,HARDER
4,67.47,42.59,2,1,69.1,2,SAME
4,54.93,28.15,4,3,47.21,2,EASIER
3,79.93,32.3,2,3,76.57,1,EASIER
6,70.19,69.99,3,2,63.92,4,SAME
6,61.11,33.52,4,3,52.9,4,EASIER
6,36.53,113.25,2,3,29.98,4,EASIER
3,86.97,33.2,2,1,85.24,1,HARDER
5,73.28,176.96,2,3,70.0,3,EASIER
4,60.63,38.32,4,3,53.36,2,EASIER
6,61.42,90.2,3,3,60.82,4,EASIER
4,100.0,47.59,1,0,100.0,2,HARDER
5,89.3,96.08,1,1,86.87,3,SAME
5,72.58,93.15,2,2,68.25,3,SAME
6,65.56,96.78,2,2,61.16,4,SAME
6,69.61,80.61,1,2,63.27,4,SAME
7,49.94,177.28,3,3,41.97,5,EASIER
5,67.85,55.9,2,1,65.38,3,SAME
7,74.6,55.47,1,1,72.28,5,SAME
7,44.72,49.42,2,3,42.18,5,EASIER
5,56.25,50.16,3,2,59.55,3,SAME
6,65.17,87.28,1,1,64.72,4,SAME
7,33.51,300.0,5,4,24.31,5,EASIER
7,57.82,104.91,3,2,53.51,5,SAME
4,87.3,38.84,1,0,93.03,2,HARDER
6,45.9,66.45,5,4,46.17,4,EASIER
5,46.42,78.79,2,3,42.23,3,EASIER
3,82.92,28.32,3,2,84.88,1,SAME
4,43.84,28.15,5,5,39.58,2,EASIER
7,48.5,64.54,2,2,46.78,5,EASIER
7,90.15,89.95,2,1,89.46,5,HARDER
6,54.26,52.89,4,3,53.15,4,EASIER
7,64.34,98.74,1,2,64.44,5,SAME
5,66.96,62.21,2,2,60.32,3,SAME
6,69.47,63.19,3,1,65.61,4,SAME
3,68.93,47.76,2,1,67.84,1,SAME
4,68.34,65.53,2,2,64.28,2,SAME
3,100.0,22.57,1,0,96.37,1,HARDER
7,48.73,66.22,3,3,39.07,5,EASIER
6,60.03,80.74,3,3,53.98,4,EASIER
7,56.06,104.13,1,3,49.21,5,HARDER
5,83.16,56.23,1,1,84.33,3,SAME
5,63.84,47.63,2,3,62.41,3,EASIER
6,37.99,47.51,3,3,32.98,4,EASIER
5,73.51,59.01,3,3,70.94,3,EASIER
4,66.78,32.22,2,3,60.91,2,EASIER
4,41.74,33.6,5,4,41.54,2,EASIER
5,51.55,60.76,3,3,48.48,3,EASIER
3,90.3,24.24,1,0,93.06,1,EASIER
3,74.39,25.82,2,1,73.38,1,SAME
3,100.0,20.95,1,0,100.0,1,HARDER
3,100.0,29.35,1,0,100.0,1,HARDER
3,83.98,18.16,2,2,76.97,1,SAME
3,79.5,15.41,1,1,79.78,1,SAME
3,79.29,16.82,4,1,78.32,1,EASIER
7,52.2,77.46,3,4,42.41,5,EASIER
3,82.07,14.09,1,1,80.21,1,SAME
5,79.41,25.09,1,1,75.48,3,HARDER
3,77.63,31.28,3,2,77.31,1,SAME
7,38.45,224.29,2,4,30.29,5,EASIER
4,67.53,49.39,1,1,68.91,2,SAME
6,76.06,63.78,2,1,73.01,4,SAME
6,49.79,33.59,5,3,42.37,4,EASIER
6,67.64,90.61,1,1,63.05,4,SAME
6,61.64,35.55,3,3,61.58,4,EASIER
5,72.67,55.56,3,1,72.07,3,SAME
6,65.32,54.11,1,1,62.98,4,SAME
7,52.29,32.32,2,3,51.64,5,EASIER
4,100.0,76.21,1,0,100.0,2,EASIER
7,55.7,56.49,1,3,49.29,5,EASIER
7,83.59,92.26,1,0,87.68,5,SAME
6,100.0,76.68,1,0,99.38,4,HARDER
7,44.89,86.67,4,3,41.02,5,EASIER
3,70.62,30.74,1,2,65.89,1,SAME
5,75.9,40.19,1,1,75.58,3,SAME
6,62.39,100.01,2,2,61.61,4,SAME
7,60.39,133.23,1,2,59.7,5,EASIER
3,100.0,13.54,1,0,97.53,1,HARDER
7,42.44,127.36,3,3,42.46,5,EASIER
3,87.96,15.64,2,0,94.37,1,HARDER
4,88.38,21.97,1,1,89.11,2,HARDER
6,66.68,95.37,2,2,67.13,4,SAME
4,59.66,31.36,3,3,50.61,2,EASIER
7,50.21,137.24,4,4,41.88,5,EASIER
7,42.84,137.9,2,2,44.55,5,EASIER
3,87.33,13.24,2,1,89.65,1,HARDER
4,81.29,53.82,2,2,79.11,2,SAME
3,78.74,28.38,1,1,76.17,1,SAME
6,58.15,60.44,1,2,55.54,4,SAME
7,59.11,104.01,1,1,59.29,5,SAME
6,79.04,122.32,1,1,80.88,4,SAME
3,94.67,21.69,1,1,92.7,1,HARDER
3,98.37,64.08,1,0,93.85,1,EASIER
3,100.0,48.53,1,0,100.0,1,SAME
5,70.95,61.45,3,2,63.86,3,SAME
6,62.61,72.83,2,2,64.57,4,SAME
3,54.25,23.03,1,1,54.99,1,EASIER
7,63.52,80.73,2,2,64.78,5,SAME
4,100.0,40.3,2,0,100.0,2,HARDER
5,66.96,81.51,1,1,67.51,3,SAME
6,62.58,40.65,2,1,58.13,4,SAME
5,66.82,79.73,5,4,59.47,3,EASIER
5,73.11,92.07,2,1,69.4,3,SAME
4,88.25,49.73,1,0,87.04,2,HARDER
5,72.42,54.39,1,1,70.99,3,SAME
4,65.26,48.76,4,3,58.61,2,EASIER
4,83.63,69.98,1,1,78.57,2,SAME
6,60.53,79.56,3,3,50.74,4,EASIER
7,36.26,113.45,3,3,28.57,5,EASIER
7,46.51,300.0,5,5,40.57,5,EASIER
4,69.72,43.9,3,2,66.92,2,SAME
4,72.97,23.67,1,0,74.7,2,SAME
3,81.31,36.87,1,1,78.91,1,SAME
4,57.19,45.9,3,2,53.14,2,SAME
5,74.21,41.93,1,1,74.05,3,SAME
4,66.46,22.62,3,2,64.23,2,SAME
6,72.96,92.83,2,0,73.83,4,SAME
3,75.95,24.34,1,1,74.23,1,SAME
5,61.75,31.33,1,2,60.01,3,SAME
4,33.84,36.45,5,4,23.65,2,EASIER
5,80.99,53.81,1,1,80.46,3,SAME
3,97.46,24.32,1,0,95.85,1,HARDER
5,24.23,73.98,3,4,18.64,3,EASIER
6,67.6,32.8,2,1,63.92,4,SAME
7,48.14,61.09,2,3,38.99,5,EASIER
4,95.41,30.23,1,1,90.85,2,HARDER
5,93.83,111.82,1,1,94.34,3,SAME
6,7.24,280.89,5,6,0.0,4,EASIER
5,63.62,58.14,2,2,60.67,3,SAME
5,88.23,59.32,1,0,88.91,3,HARDER
4,95.4,12.05,1,1,90.58,2,HARDER
7,41.65,183.36,3,4,30.21,5,EASIER
6,64.45,103.6,3,1,62.87,4,SAME
7,66.7,130.69,1,1,63.86,5,SAME
6,80.81,42.89,1,1,80.99,4,SAME
4,83.9,96.36,2,1,81.37,2,EASIER
4,51.46,77.65,5,3,38.31,2,EASIER
3,98.92,28.5,1,0,100.0,1,HARDER
6,64.34,137.35,1,1,64.77,4,SAME
6,58.44,84.21,4,3,51.67,4,EASIER
4,74.4,55.9,1,2,71.06,2,SAME
3,87.91,13.97,2,2,82.87,1,SAME
7,60.67,32.44,2,2,57.36,5,SAME
4,80.44,20.92,3,0,82.1,2,SAME
5,75.77,38.91,1,1,74.13,3,SAME
3,72.65,18.77,2,2,71.0,1,SAME
3,88.73,30.52,1,1,83.29,1,HARDER
7,40.06,97.34,2,4,29.91,5,EASIER
6,65.38,80.79,1,2,65.15,4,SAME
3,65.7,14.76,2,2,62.88,1,SAME
3,90.85,14.2,1,0,90.55,1,HARDER
5,81.98,59.19,2,2,84.14,3,SAME
6,80.37,61.86,1,0,84.84,4,SAME
5,58.34,58.13,1,2,56.19,3,SAME
7,55.66,150.69,2,3,49.29,5,EASIER
6,88.77,192.34,1,1,87.36,4,EASIER
6,49.86,81.13,3,3,42.98,4,EASIER
4,85.08,89.11,1,1,83.81,2,EASIER
6,67.81,101.29,3,3,64.23,4,EASIER
7,28.48,163.09,3,4,26.67,5,EASIER
3,92.87,39.94,1,1,90.79,1,SAME
6,77.55,119.22,1,2,74.98,4,SAME
7,38.37,72.35,4,5,31.08,5,EASIER
5,29.6,99.14,5,5,24.81,3,EASIER
6,69.89,67.5,3,2,61.43,4,SAME
4,57.04,43.79,2,3,56.53,2,EASIER
3,64.98,26.52,1,1,65.26,1,SAME
7,32.53,208.94,2,4,23.72,5,EASIER
4,78.79,45.71,1,1,74.38,2,SAME
6,52.64,39.88,1,2,45.71,4,EASIER
4,65.65,101.56,1,2,64.78,2,EASIER
4,74.76,56.26,1,0,77.93,2,SAME
6,70.6,61.59,3,2,68.71,4,SAME
4,68.05,22.27,4,3,66.56,2,EASIER
7,52.46,187.89,2,2,51.64,5,EASIER
3,100.0,15.89,1,0,95.91,1,HARDER
3,100.0,35.7,1,0,96.32,1,SAME
3,78.33,40.23,1,1,77.47,1,SAME
4,72.86,28.0,1,1,66.82,2,SAME
3,82.88,17.99,1,1,78.28,1,SAME
4,65.83,30.47,4,3,65.63,2,EASIER
3,91.54,16.1,3,2,90.86,1,SAME
6,43.25,92.4,3,2,31.8,4,EASIER
3,88.75,29.5,1,0,85.25,1,HARDER
7,57.15,166.5,1,2,52.73,5,SAME
7,72.18,71.12,2,3,63.66,5,EASIER
6,62.4,126.91,3,2,61.66,4,SAME
6,37.29,49.06,4,4,26.23,4,EASIER
6,61.6,126.88,3,3,57.05,4,EASIER
7,38.74,49.81,4,4,32.32,5,EASIER
5,74.63,126.02,1,2,75.9,3,EASIER
6,41.75,62.52,3,4,33.04,4,EASIER
5,52.77,78.02,1,3,42.93,3,EASIER
6,49.87,116.69,3,3,45.16,4,EASIER
4,72.93,20.92,1,1,67.9,2,SAME
3,86.93,36.25,1,0,88.87,1,SAME
7,27.5,82.96,5,4,18.67,5,EASIER
6,70.53,69.93,1,1,70.78,4,SAME
6,51.75,57.87,4,4,46.44,4,EASIER
4,88.7,81.13,1,1,87.89,2,EASIER
6,64.04,44.63,3,3,52.72,4,EASIER
5,83.59,71.77,2,1,84.75,3,SAME
3,91.1,18.94,1,0,91.62,1,HARDER
7,27.84,202.99,3,5,22.18,5,EASIER
7,59.14,300.0,1,2,54.47,5,EASIER
7,52.12,79.44,3,3,46.42,5,EASIER
5,85.42,62.16,1,0,83.86,3,HARDER
4,93.23,31.71,1,0,92.58,2,HARDER
3,85.79,39.68,1,0,82.59,1,SAME
6,52.8,72.05,3,3,46.8,4,EASIER
7,79.8,183.46,1,1,78.52,5,SAME
3,75.37,20.94,1,2,69.81,1,SAME
6,50.34,263.34,1,3,46.05,4,EASIER
3,99.69,9.43,1,0,100.0,1,HARDER
6,66.41,99.75,1,1,64.81,4,SAME
3,83.63,24.88,1,1,85.37,1,SAME
7,51.03,109.18,4,3,53.52,5,EASIER
3,100.0,28.39,1,0,100.0,1,HARDER
5,78.84,59.7,1,1,81.54,3,SAME
6,30.85,91.89,4,4,26.43,4,EASIER
7,34.12,139.9,5,5,24.66,5,EASIER
4,56.74,86.45,5,2,56.92,2,EASIER
7,37.56,24.81,3,3,30.96,5,EASIER
3,100.0,56.87,1,0,100.0,1,EASIER
5,71.3,205.93,1,2,70.58,3,EASIER
7,52.07,43.13,1,2,43.75,5,EASIER
4,90.28,38.86,1,0,90.53,2,HARDER
5,78.63,114.35,1,0,80.44,3,SAME
5,67.44,91.39,1,2,62.23,3,SAME
4,66.23,83.55,1,1,66.15,2,EASIER
6,37.4,99.5,5,5,27.7,4,EASIER
5,69.93,21.2,1,0,71.72,3,SAME
6,66.6,161.6,1,1,61.95,4,SAME
5,72.17,79.44,1,1,72.89,3,SAME
7,43.61,249.05,3,4,37.17,5,EASIER
5,79.64,27.14,1,0,78.25,3,SAME
6,71.53,43.57,2,1,64.7,4,SAME
6,69.62,82.7,2,2,66.51,4,SAME
7,36.74,231.61,5,4,28.16,5,EASIER
7,40.63,269.57,1,3,34.04,5,EASIER
4,95.91,27.02,1,1,90.34,2,HARDER
4,98.89,31.39,2,0,99.49,2,HARDER
4,82.1,146.56,2,1,81.56,2,EASIER
5,53.33,44.12,2,2,51.8,3,EASIER
5,86.7,81.02,2,1,82.82,3,SAME
3,91.7,20.45,2,1,89.46,1,HARDER
7,71.83,145.07,1,1,69.49,5,SAME
7,25.99,69.85,5,5,20.2,5,EASIER
6,53.74,53.04,1,1,50.35,4,EASIER
4,100.0,31.92,1,0,96.55,2,HARDER
7,50.64,83.21,2,2,47.66,5,EASIER
4,67.65,32.94,2,1,62.87,2,SAME
4,58.58,48.65,2,3,51.49,2,EASIER
7,28.53,300.0,1,3,28.33,5,EASIER
7,35.01,81.18,5,4,25.71,5,EASIER
5,59.2,35.56,5,4,52.77,3,EASIER
3,93.34,25.11,1,0,93.48,1,HARDER
3,88.43,17.12,1,0,86.56,1,HARDER
7,64.02,45.94,3,2,62.22,5,SAME
4,91.59,62.66,2,1,87.69,2,SAME
6,59.41,85.51,1,2,56.27,4,SAME
4,85.85,41.33,1,1,82.92,2,HARDER
5,71.41,22.34,2,2,72.11,3,SAME
7,31.56,81.43,5,5,26.84,5,EASIER
5,82.15,28.78,1,1,78.71,3,SAME
5,93.4,57.42,1,1,92.56,3,HARDER
5,33.46,61.99,4,3,26.83,3,EASIER
4,79.38,40.46,2,1,75.41,2,SAME
5,71.64,41.69,2,1,72.16,3,SAME
5,74.31,38.02,1,2,73.47,3,SAME
3,77.45,22.94,4,2,71.9,1,EASIER
5,59.17,69.21,3,3,56.46,3,EASIER
6,61.99,60.67,1,2,54.71,4,SAME
3,98.76,16.47,1,1,99.9,1,HARDER
7,35.07,68.78,3,3,32.69,5,EASIER
7,48.3,78.23,2,2,44.18,5,EASIER
6,60.72,64.8,1,2,56.97,4,SAME
3,100.0,15.34,2,0,100.0,1,HARDER
5,57.62,46.52,4,3,51.62,3,EASIER
7,32.17,219.68,2,4,29.9,5,EASIER
3,92.79,21.93,1,0,96.91,1,HARDER
6,57.6,43.06,1,2,54.66,4,SAME
7,52.13,32.71,3,3,49.01,5,EASIER
3,72.74,56.6,1,1,71.27,1,EASIER
4,58.0,64.91,2,2,55.85,2,SAME
6,48.8,95.08,5,3,43.47,4,EASIER
7,41.16,211.07,2,3,33.28,5,EASIER
6,67.77,107.89,3,3,69.97,4,EASIER
5,52.72,55.87,1,3,55.16,3,EASIER
6,69.36,43.03,2,2,70.91,4,SAME
5,57.29,149.19,2,2,59.17,3,EASIER
5,78.08,46.72,2,2,73.39,3,SAME
6,65.37,67.21,1,1,56.49,4,SAME
3,89.69,25.42,2,0,88.25,1,HARDER
4,73.87,38.99,2,2,67.53,2,SAME
3,90.49,32.29,1,0,91.4,1,HARDER
6,61.65,104.14,4,2,56.08,4,EASIER
6,56.63,60.75,3,3,54.16,4,EASIER
3,55.09,25.29,5,3,54.66,1,EASIER
3,71.94,31.83,2,2,63.07,1,SAME
4,82.37,27.84,2,1,77.52,2,SAME
4,93.4,75.0,1,0,89.53,2,SAME
5,77.36,57.42,2,2,66.49,3,SAME
5,90.57,127.96,1,1,91.14,3,HARDER
4,80.25,19.75,2,1,75.28,2,SAME
3,76.15,33.45,2,2,74.13,1,SAME
6,78.01,51.61,2,1,72.8,4,SAME
6,48.19,58.96,2,4,39.32,4,EASIER
6,57.19,131.27,1,2,53.47,4,SAME
7,56.86,98.89,2,2,53.49,5,SAME
7,22.7,300.0,3,4,15.82,5,HARDER
7,59.02,148.54,2,3,54.58,5,EASIER
6,65.25,57.11,1,2,64.43,4,SAME
3,100.0,31.51,1,0,100.0,1,HARDER
4,68.38,33.99,4,2,64.82,2,EASIER
5,95.48,87.56,1,0,94.76,3,SAME
6,22.59,70.3,5,5,15.38,4,EASIER
7,65.97,139.79,1,1,64.57,5,SAME
6,63.74,90.91,2,3,57.24,4,EASIER
4,85.23,39.43,1,0,88.97,2,HARDER
6,53.69,140.96,2,2,51.06,4,EASIER
6,73.59,32.11,1,1,72.33,4,SAME
6,26.98,86.27,4,4,17.36,4,EASIER
5,33.95,40.99,4,4,24.67,3,EASIER
6,46.85,40.67,3,3,38.54,4,EASIER
4,61.87,25.63,1,2,59.03,2,SAME
4,88.22,28.4,1,1,87.18,2,HARDER
4,72.98,34.02,1,1,69.66,2,SAME
4,61.59,44.53,4,3,54.23,2,EASIER
6,49.93,108.71,4,4,43.77,4,EASIER
4,82.07,31.35,1,1,83.88,2,SAME
3,95.03,50.6,1,0,93.6,1,EASIER
3,77.56,21.19,2,1,76.47,1,SAME
7,62.04,38.77,1,3,57.07,5,EASIER
5,71.12,48.9,1,0,69.19,3,SAME
5,86.9,59.37,1,1,84.57,3,HARDER
7,20.0,18.82,5,5,16.63,5,EASIER
3,92.41,42.78,1,0,91.31,1,SAME
7,79.6,106.11,1,0,81.06,5,SAME
6,46.92,45.04,5,3,42.19,4,EASIER
6,42.12,49.77,4,4,37.68,4,EASIER
5,71.26,84.56,2,2,64.67,3,SAME
6,30.67,129.85,5,5,24.27,4,EASIER
4,95.67,28.01,1,0,97.36,2,HARDER
4,81.72,20.1,2,1,78.32,2,SAME
7,42.85,120.28,4,4,33.45,5,EASIER
4,91.74,44.05,2,0,98.53,2,HARDER
6,61.25,110.02,2,2,61.06,4,SAME
7,39.64,82.4,2,3,37.58,5,EASIER
5,70.37,54.6,2,2,71.01,3,SAME
4,80.6,38.36,1,1,83.42,2,SAME
7,56.18,189.69,1,2,51.41,5,SAME
7,30.63,231.13,5,5,25.36,5,EASIER
5,64.77,128.1,3,2,59.45,3,EASIER
3,76.19,44.63,1,1,72.87,1,SAME
5,70.15,142.32,1,1,68.73,3,EASIER
5,71.49,95.77,1,2,64.85,3,SAME
3,92.03,19.23,1,0,97.67,1,HARDER
5,62.01,123.91,3,2,58.28,3,EASIER
3,88.94,13.55,1,0,88.15,1,HARDER
6,19.41,280.41,4,5,13.95,4,EASIER
5,75.68,35.79,1,1,73.21,3,SAME
6,50.67,130.1,5,3,45.05,4,EASIER
5,52.6,118.55,2,2,48.03,3,EASIER
6,68.9,104.12,3,3,66.24,4,EASIER
6,44.11,28.23,2,3,36.87,4,EASIER
3,63.88,16.4,5,2,58.72,1,EASIER
5,69.01,69.2,1,1,66.44,3,SAME
6,59.87,114.12,2,2,56.62,4,SAME
5,84.68,53.09,1,1,83.31,3,SAME
4,93.87,39.35,1,1,90.31,2,HARDER
7,55.73,50.3,4,3,49.41,5,EASIER
3,70.19,55.06,1,1,70.94,1,EASIER
7,52.96,91.15,1,2,51.36,5,EASIER
6,31.99,123.58,5,4,28.38,4,EASIER
4,72.48,73.5,1,1,70.26,2,SAME
3,87.28,14.95,2,1,87.45,1,HARDER
7,56.7,120.09,3,2,51.45,5,SAME
5,41.48,66.56,3,4,35.04,3,EASIER
7,36.58,97.31,3,5,31.65,5,EASIER
7,47.85,185.66,2,3,43.58,5,EASIER
3,89.47,18.58,1,1,90.78,1,HARDER
6,79.77,84.38,2,1,77.44,4,SAME
4,70.0,31.92,1,0,69.66,2,SAME
7,27.51,300.0,3,4,24.79,5,EASIER
4,97.88,27.83,1,0,91.71,2,HARDER
3,76.07,34.83,2,2,76.19,1,SAME
6,60.37,208.72,2,2,58.19,4,EASIER
5,57.33,36.81,3,2,54.76,3,SAME
5,66.36,60.8,2,1,59.66,3,SAME
4,89.74,23.9,1,1,85.98,2,HARDER
5,66.46,21.41,2,2,65.89,3,SAME
7,54.29,73.01,1,3,50.79,5,EASIER
6,49.18,60.95,5,4,41.38,4,EASIER
7,52.53,84.78,1,3,49.28,5,EASIER
4,91.75,33.01,1,0,90.21,2,HARDER
7,58.55,112.37,1,2,54.03,5,SAME
4,66.38,21.65,2,2,71.43,2,SAME
7,62.84,135.66,2,1,59.61,5,SAME
7,49.19,216.97,1,2,37.58,5,EASIER
3,78.66,45.2,2,1,75.23,1,SAME
7,12.64,97.19,5,5,0.17,5,EASIER
6,52.66,130.52,1,3,45.58,4,EASIER
6,82.16,57.55,1,1,79.36,4,SAME
5,78.52,48.93,1,1,73.2,3,SAME
4,88.45,45.83,2,1,91.85,2,HARDER
7,54.4,93.32,2,2,50.53,5,EASIER
3,83.31,14.25,2,0,84.51,1,SAME
7,68.62,176.38,2,1,64.06,5,SAME
4,88.16,25.74,1,0,86.74,2,HARDER
6,87.58,62.57,1,1,85.87,4,HARDER
5,68.27,97.93,1,3,61.44,3,EASIER
4,72.88,48.91,2,2,71.66,2,SAME
4,67.78,41.28,2,1,64.18,2,SAME
4,82.59,19.05,2,1,79.36,2,SAME
7,52.61,59.41,1,2,53.15,5,EASIER
6,79.59,100.82,2,2,80.49,4,SAME
6,35.07,113.79,3,3,35.14,4,EASIER
6,54.58,93.53,3,3,54.59,4,EASIER
5,63.15,45.88,2,3,57.27,3,EASIER
7,58.4,84.98,2,2,56.43,5,SAME
4,74.89,42.06,1,1,72.08,2,SAME
7,51.01,56.62,3,3,48.59,5,EASIER
4,87.9,39.67,1,0,93.21,2,HARDER
4,89.62,19.78,1,1,90.24,2,HARDER
5,89.01,34.45,2,1,92.02,3,HARDER
6,61.41,89.96,2,2,55.92,4,SAME
6,57.22,111.05,2,3,51.63,4,EASIER
6,59.25,97.95,2,2,58.95,4,SAME
3,66.65,15.22,2,1,66.36,1,SAME
3,100.0,10.87,1,0,95.06,1,HARDER
7,37.88,111.49,3,3,38.29,5,EASIER
7,74.27,39.78,1,0,73.49,5,SAME
3,78.91,38.06,1,1,74.6,1,SAME
7,44.34,62.13,1,3,37.66,5,EASIER
4,44.52,108.6,2,3,40.42,2,EASIER
7,72.35,66.3,1,1,69.79,5,HARDER
7,53.28,144.14,4,4,50.37,5,EASIER
6,66.82,55.91,2,1,67.49,4,SAME
3,71.36,23.2,2,3,65.74,1,EASIER
6,56.11,90.23,1,3,50.01,4,EASIER
3,83.73,36.66,1,1,88.96,1,EASIER
4,77.86,61.36,3,2,75.36,2,SAME
6,63.65,119.69,1,1,66.25,4,SAME
3,72.32,39.67,1,2,71.39,1,SAME
4,66.91,28.45,2,1,68.21,2,SAME
6,55.23,114.9,3,3,47.7,4,EASIER
3,100.0,21.48,1,0,99.16,1,HARDER
4,88.91,60.41,1,0,90.77,2,SAME
3,80.3,26.32,1,1,74.9,1,SAME
6,66.91,113.21,1,3,61.18,4,EASIER
3,100.0,28.46,1,0,99.72,1,HARDER
4,81.89,54.32,1,1,78.03,2,SAME
5,31.05,38.89,5,5,19.39,3,EASIER
4,48.22,18.15,5,4,45.21,2,EASIER
4,39.33,60.49,2,3,35.34,2,EASIER
7,49.45,233.11,2,3,51.52,5,EASIER
6,56.24,77.2,5,3,53.51,4,EASIER
3,98.18,35.87,2,1,97.73,1,SAME
7,62.09,46.09,1,2,58.71,5,SAME
5,67.06,42.64,1,1,64.21,3,SAME
3,80.36,25.93,2,1,83.42,1,SAME
7,36.43,43.5,5,5,30.79,5,EASIER
4,97.5,18.52,1,0,97.88,2,HARDER
4,87.62,40.93,1,0,89.46,2,HARDER
3,64.39,19.09,2,2,62.8,1,SAME
7,71.69,92.72,1,1,69.68,5,SAME
4,62.83,31.39,1,3,57.7,2,EASIER
5,64.97,30.72,3,2,59.88,3,SAME
4,95.34,34.31,2,1,94.72,2,HARDER
7,37.96,111.17,2,2,35.33,5,EASIER
6,68.52,60.56,1,2,57.3,4,SAME
5,76.14,45.25,1,2,70.86,3,SAME
4,83.92,34.53,1,1,87.0,2,SAME
6,61.44,125.59,3,2,56.0,4,SAME
5,48.44,55.35,4,3,46.96,3,EASIER
7,56.31,39.2,3,2,51.13,5,SAME
6,59.95,44.08,2,2,60.58,4,SAME
3,90.28,37.85,1,0,90.13,1,SAME
7,47.49,77.08,1,1,46.7,5,EASIER
3,100.0,24.03,1,0,100.0,1,HARDER
4,81.23,93.91,1,1,77.5,2,EASIER
5,81.73,79.3,1,0,84.71,3,SAME
4,96.31,13.84,1,0,95.69,2,HARDER
7,28.09,246.16,4,4,25.64,5,EASIER
7,59.44,121.52,1,2,52.63,5,SAME
3,69.96,29.47,1,2,69.23,1,SAME
4,78.43,43.84,2,3,73.27,2,EASIER
4,90.41,58.37,2,0,89.46,2,SAME
6,69.36,78.67,1,1,69.56,4,SAME
5,60.84,27.86,2,2,53.82,3,SAME
6,64.53,97.02,3,2,61.0,4,SAME
3,74.19,13.52,1,0,77.99,1,SAME
5,49.51,142.54,3,3,45.49,3,EASIER
4,76.6,32.05,1,1,74.79,2,SAME
4,86.77,37.09,2,1,89.87,2,HARDER
6,72.5,57.7,1,1,70.01,4,SAME
3,83.19,29.07,1,0,85.31,1,SAME
3,76.92,30.6,2,0,77.88,1,SAME
5,71.88,41.45,2,1,74.78,3,SAME
6,70.46,103.78,1,1,71.37,4,SAME
5,50.48,59.98,5,3,46.93,3,EASIER
3,82.64,23.96,1,0,78.12,1,SAME
6,74.84,55.47,2,2,71.84,4,SAME
4,95.58,112.77,1,0,100.0,2,EASIER
6,80.0,151.68,1,0,85.23,4,SAME
4,82.21,53.51,3,1,79.39,2,SAME
7,74.57,206.94,2,1,73.68,5,SAME
4,75.86,43.75,1,2,68.6,2,SAME
7,35.0,92.58,4,6,28.18,5,EASIER
4,68.71,10.97,1,0,65.63,2,SAME
6,53.4,43.5,3,3,48.7,4,EASIER
5,54.47,169.38,1,1,55.58,3,EASIER
3,96.22,41.89,2,1,93.73,1,SAME
3,92.27,27.36,1,0,92.76,1,HARDER
5,45.42,26.56,5,4,42.95,3,EASIER
3,77.41,33.16,1,0,81.07,1,SAME
6,55.98,70.96,1,2,51.52,4,SAME
3,83.58,34.11,1,0,80.37,1,SAME
5,94.89,33.45,1,0,94.25,3,HARDER
4,96.66,30.18,1,0,94.74,2,HARDER
3,97.42,37.07,1,1,91.45,1,SAME
4,55.64,94.03,1,2,55.7,2,EASIER
5,68.98,41.87,2,3,60.36,3,EASIER
4,74.33,23.75,2,1,73.12,2,SAME
4,53.49,61.46,4,3,49.46,2,EASIER
4,84.64,21.02,1,0,81.45,2,SAME
4,74.11,21.74,1,1,72.51,2,SAME
5,56.46,66.16,3,2,56.04,3,SAME
7,24.45,300.0,3,5,17.61,5,EASIER
5,70.01,38.1,1,2,64.7,3,SAME
5,40.74,48.3,1,3,39.16,3,EASIER
6,70.46,86.89,1,1,68.44,4,SAME
5,83.91,45.9,1,1,84.52,3,SAME
7,40.19,42.76,3,4,35.37,5,EASIER
5,80.07,86.26,2,2,77.85,3,SAME
4,74.18,41.48,1,0,73.31,2,SAME
5,34.66,69.55,5,5,25.9,3,EASIER
6,74.57,76.17,2,2,70.65,4,SAME
4,47.06,77.38,5,4,39.28,2,EASIER
4,86.59,29.98,1,1,91.24,2,HARDER
5,53.92,34.03,2,3,49.8,3,EASIER
7,41.04,277.33,2,3,34.51,5,EASIER
4,59.47,13.52,4,2,58.06,2,EASIER
5,72.83,53.75,1,1,75.43,3,SAME
6,66.04,78.84,1,2,61.01,4,SAME
6,58.05,77.26,3,2,57.07,4,SAME
3,91.29,12.54,1,0,91.69,1,HARDER
4,75.69,21.77,3,1,68.33,2,SAME
7,35.03,188.78,1,3,26.8,5,EASIER
7,69.4,238.29,1,2,64.46,5,EASIER
6,67.59,66.0,1,1,64.32,4,SAME
3,84.28,16.52,1,0,81.56,1,SAME
5,66.78,23.97,3,2,63.21,3,SAME
3,72.96,37.99,3,2,72.68,1,SAME
4,62.46,60.79,4,3,55.56,2,EASIER
7,30.87,24.21,5,3,29.69,5,EASIER
4,90.29,12.16,1,0,93.57,2,HARDER
3,72.18,26.57,1,2,68.66,1,SAME
6,64.66,94.17,2,3,59.96,4,EASIER
6,50.4,63.98,3,3,48.49,4,EASIER
6,22.0,80.61,5,5,11.9,4,EASIER
7,75.15,97.88,1,1,69.1,5,SAME
6,58.77,83.13,2,2,50.47,4,SAME
6,74.15,51.33,2,1,72.82,4,SAME
7,43.0,111.25,5,3,35.65,5,EASIER
4,61.86,27.68,3,2,50.51,2,SAME
5,68.82,39.86,4,3,68.95,3,EASIER
5,60.42,23.02,3,2,64.06,3,SAME
6,34.61,74.85,5,5,25.55,4,EASIER
5,35.82,86.31,5,4,37.77,3,EASIER
5,68.19,49.37,1,1,66.99,3,SAME
3,80.07,21.36,3,1,81.45,1,SAME
6,48.85,157.54,2,4,44.43,4,SAME
3,93.56,39.45,1,0,93.32,1,SAME
5,58.05,136.87,2,2,52.06,3,EASIER
5,70.92,177.27,2,1,69.84,3,EASIER
6,58.56,84.58,2,3,49.62,4,EASIER
5,74.94,32.71,1,2,66.45,3,SAME
3,81.48,19.83,2,1,76.92,1,SAME
5,70.5,77.02,2,2,68.89,3,SAME
4,81.46,74.77,1,1,79.83,2,SAME
4,66.47,23.21,2,2,60.7,2,SAME
4,97.56,42.84,2,1,97.77,2,HARDER
3,83.19,17.57,3,1,83.63,1,SAME
7,59.19,103.4,3,3,51.53,5,EASIER
4,68.95,35.22,5,2,64.0,2,EASIER
5,59.7,70.04,3,3,55.39,3,EASIER
7,50.05,300.0,2,2,46.72,5,EASIER
4,98.09,47.51,1,0,94.49,2,HARDER
7,64.69,88.61,3,2,62.39,5,SAME
5,80.3,43.21,2,2,76.78,3,SAME
7,53.58,100.94,2,3,49.07,5,EASIER
5,77.84,37.67,3,2,69.35,3,SAME
3,61.81,26.6,3,2,61.05,1,SAME
7,48.96,30.1,2,2,46.55,5,EASIER
7,37.61,99.82,1,2,37.89,5,EASIER
7,32.29,104.23,5,5,26.72,5,EASIER
3,85.43,14.92,1,0,88.91,1,HARDER
7,50.8,90.94,2,3,46.18,5,EASIER
4,79.49,64.32,1,1,73.87,2,SAME
7,35.73,214.47,2,4,32.4,5,EASIER
7,55.88,83.76,3,3,50.45,5,EASIER
3,73.03,31.56,3,2,71.41,1,SAME
4,73.42,18.79,2,2,68.01,2,SAME
4,69.25,33.06,1,2,67.41,2,SAME
4,65.42,42.35,2,3,56.81,2,EASIER
5,54.45,123.5,2,2,54.48,3,EASIER
5,71.47,104.68,2,1,70.16,3,SAME
6,92.62,91.41,2,0,94.65,4,HARDER
6,65.64,51.05,2,2,59.8,4,SAME
4,75.89,71.96,3,3,71.14,2,EASIER
3,92.42,21.49,2,0,94.08,1,HARDER
6,29.38,103.54,4,5,23.34,4,EASIER
3,74.65,23.67,5,2,72.51,1,EASIER
3,68.92,60.67,4,2,63.96,1,EASIER
6,53.77,59.71,5,4,47.56,4,EASIER
4,64.07,58.45,2,2,60.15,2,SAME
3,65.01,24.06,5,4,54.42,1,EASIER
4,90.7,49.65,1,1,87.18,2,HARDER
5,70.32,129.33,1,1,67.74,3,EASIER
7,29.31,37.56,4,5,20.15,5,EASIER
7,43.81,108.08,1,4,37.61,5,EASIER
6,70.77,51.51,2,2,68.74,4,SAME
7,38.88,142.8,5,4,32.81,5,EASIER
5,53.48,81.67,3,2,49.22,3,EASIER
5,85.93,45.95,1,0,88.47,3,HARDER
7,49.83,84.27,2,3,41.97,5,EASIER
4,65.8,41.82,2,2,60.5,2,SAME
7,46.62,55.96,4,4,37.46,5,EASIER
7,21.04,134.3,4,5,15.0,5,EASIER
4,79.22,25.87,2,2,77.64,2,SAME
6,48.27,120.09,1,2,46.48,4,EASIER
6,43.1,41.32,3,3,43.79,4,EASIER
6,51.71,61.05,3,4,43.54,4,SAME
4,91.67,26.7,1,1,90.29,2,HARDER
7,12.44,95.2,5,5,6.5,5,EASIER
5,73.45,114.63,2,0,72.5,3,SAME
3,100.0,36.43,1,0,100.0,1,SAME
3,92.62,20.19,1,0,95.21,1,HARDER
6,61.0,63.87,2,3,58.7,4,EASIER
5,67.12,89.9,2,2,68.89,3,SAME
3,46.15,14.89,5,4,45.09,1,EASIER
5,69.33,58.65,2,2,67.89,3,SAME
5,73.35,42.97,2,1,69.8,3,SAME
3,100.0,23.16,2,0,100.0,1,HARDER
4,89.68,55.58,2,0,86.3,2,SAME
5,54.13,41.64,4,3,49.34,3,EASIER
6,40.62,136.08,3,4,37.2,4,EASIER
6,31.66,257.37,5,5,25.03,4,EASIER
3,81.7,32.71,2,2,79.42,1,HARDER
6,73.97,78.49,1,1,73.76,4,SAME
7,36.64,210.43,2,4,33.02,5,EASIER
3,71.64,15.26,1,1,66.85,1,SAME
7,34.65,256.59,4,5,29.62,5,EASIER
3,84.58,17.88,1,1,83.6,1,SAME
6,49.06,253.19,2,3,46.88,4,EASIER
4,72.03,27.13,1,2,69.18,2,SAME
6,72.29,115.68,2,0,69.13,4,SAME
7,41.81,47.87,2,4,37.66,5,EASIER
7,44.2,99.71,5,4,34.2,5,EASIER
7,34.23,62.18,5,4,29.79,5,EASIER
7,39.33,51.05,4,4,40.87,5,EASIER
4,83.46,66.97,1,1,80.16,2,SAME
5,46.57,31.59,5,4,37.81,3,EASIER
6,66.52,55.95,1,1,65.55,4,SAME
3,89.56,17.11,1,0,88.55,1,HARDER
5,67.93,101.96,1,1,67.29,3,SAME
5,77.28,95.98,1,0,75.35,3,SAME
7,68.19,223.81,1,1,63.36,5,SAME
3,100.0,17.62,1,0,91.29,1,HARDER
3,99.34,45.58,1,0,95.86,1,SAME
3,83.4,17.55,3,1,82.36,1,SAME
5,33.11,39.92,4,5,28.4,3,EASIER
5,54.29,41.04,4,3,51.49,3,EASIER
5,55.5,41.79,3,3,52.96,3,EASIER
4,60.13,36.41,2,1,60.74,2,SAME
4,88.32,25.62,2,1,84.83,2,HARDER
5,30.19,65.04,5,4,18.3,3,EASIER
3,80.95,8.0,1,1,78.91,1,SAME
6,35.93,92.33,3,3,26.56,4,EASIER
3,88.45,15.39,1,0,88.98,1,HARDER
6,82.5,57.89,1,1,80.59,4,SAME
5,56.54,42.14,2,2,59.5,3,SAME
7,23.12,187.27,5,4,20.78,5,EASIER
6,48.84,106.6,5,4,44.28,4,EASIER
5,90.84,53.44,1,0,89.07,3,HARDER
6,70.18,56.53,1,1,64.27,4,SAME
3,61.53,35.42,3,3,63.15,1,EASIER
3,84.03,55.56,1,0,83.62,1,EASIER
5,72.31,57.2,1,2,70.4,3,SAME
7,49.32,46.87,2,3,42.44,5,EASIER
7,27.46,76.36,4,4,26.49,5,EASIER
4,83.97,49.42,2,1,79.68,2,SAME
4,66.18,30.86,3,2,61.94,2,SAME
7,42.94,70.14,1,3,39.56,5,EASIER
5,83.32,37.11,1,2,83.29,3,SAME
3,100.0,26.04,1,1,97.44,1,HARDER
4,87.04,18.48,1,0,87.22,2,HARDER
7,44.71,109.9,2,3,38.23,5,EASIER
7,78.79,117.53,2,3,74.01,5,EASIER
7,55.68,87.66,2,2,54.2,5,SAME
3,98.46,15.72,1,1,100.0,1,HARDER
7,45.04,195.1,2,3,40.89,5,EASIER
3,54.81,13.82,5,4,45.25,1,EASIER
7,56.13,123.06,3,3,56.68,5,EASIER
7,40.97,166.52,2,3,38.61,5,EASIER
4,78.97,40.96,1,0,80.26,2,SAME
3,87.21,43.24,1,1,91.19,1,SAME
6,69.94,45.44,3,1,73.15,4,SAME
3,74.5,17.58,1,1,69.88,1,SAME
5,88.66,46.16,1,1,86.64,3,HARDER
4,81.26,178.43,1,1,75.57,2,EASIER
5,54.11,74.58,5,4,47.95,3,EASIER
7,59.55,163.58,2,3,55.86,5,EASIER
7,46.73,159.9,1,3,36.98,5,EASIER
5,47.36,60.31,3,3,42.5,3,EASIER
4,41.07,62.23,4,4,33.64,2,EASIER
7,37.68,40.41,4,4,34.98,5,EASIER
5,79.64,66.52,1,1,83.16,3,SAME
3,71.66,30.25,2,1,73.6,1,SAME
7,55.6,195.13,2,2,51.89,5,SAME
7,47.09,59.66,3,3,45.07,5,EASIER
4,83.91,22.85,1,1,81.2,2,SAME
3,96.63,15.89,1,0,94.07,1,HARDER
3,89.46,31.54,1,0,87.03,1,HARDER
5,62.42,75.65,1,2,62.73,3,SAME
4,94.03,24.32,2,0,99.28,2,HARDER
6,57.67,221.88,2,2,54.33,4,EASIER
6,49.55,95.17,2,3,47.08,4,EASIER
3,87.4,26.42,1,0,85.58,1,HARDER
7,43.75,100.02,4,4,40.36,5,EASIER
3,68.71,37.82,2,2,60.92,1,SAME
3,91.08,29.73,2,1,93.1,1,HARDER
6,46.6,219.08,1,3,45.8,4,HARDER
6,74.58,43.62,3,1,71.19,4,SAME
7,59.18,48.24,3,2,60.37,5,SAME
5,69.4,40.21,1,1,58.82,3,SAME
5,63.7,76.28,1,1,61.25,3,SAME
6,57.45,65.64,3,3,55.73,4,EASIER
6,34.37,158.8,3,3,29.55,4,EASIER
6,46.99,66.82,4,3,37.33,4,EASIER
4,74.65,63.19,2,2,72.2,2,SAME
7,60.02,71.22,2,2,54.59,5,SAME
4,92.42,66.26,1,0,96.43,2,SAME
4,90.46,72.32,1,1,83.73,2,SAME
4,73.51,29.14,4,2,70.45,2,EASIER
4,80.26,47.83,2,1,74.2,2,SAME
4,85.24,43.1,1,1,84.02,2,HARDER
5,54.28,74.9,3,3,46.45,3,EASIER
6,34.97,159.91,2,2,31.51,4,EASIER
5,68.59,93.9,2,2,63.9,3,SAME
7,18.63,148.22,5,5,9.47,5,EASIER
5,69.38,80.53,2,2,66.76,3,SAME
5,31.08,30.94,4,5,25.79,3,EASIER
3,76.54,24.55,1,1,75.42,1,SAME
7,33.55,61.45,4,4,27.13,5,EASIER
3,100.0,24.8,1,0,100.0,1,HARDER
3,80.43,41.09,1,2,74.92,1,SAME
7,51.1,111.57,2,1,51.29,5,EASIER
5,70.55,16.78,2,1,68.1,3,SAME
3,98.59,15.69,1,1,100.0,1,HARDER
5,53.37,77.33,3,3,46.43,3,EASIER
5,48.4,44.42,2,2,42.32,3,EASIER
3,64.94,35.43,2,2,61.6,1,SAME
6,66.2,43.77,1,1,64.02,4,SAME
6,85.22,100.0,1,1,84.25,4,HARDER
3,78.38,30.3,1,1,76.92,1,SAME
6,68.1,123.65,2,2,64.82,4,SAME
4,78.33,27.93,1,0,82.36,2,SAME
6,64.48,123.0,1,1,67.0,4,SAME
4,68.07,77.14,1,1,66.67,2,EASIER
4,88.09,13.06,1,2,84.78,2,SAME
5,83.11,59.5,1,1,82.0,3,SAME
5,30.39,23.72,5,4,25.76,3,EASIER
4,74.75,25.36,1,0,69.75,2,SAME
7,40.59,73.27,4,4,38.72,5,EASIER
6,75.63,79.21,1,0,78.35,4,SAME
5,100.0,69.92,1,0,99.04,3,HARDER
4,68.05,58.14,2,2,62.87,2,SAME
5,25.76,66.1,4,4,16.02,3,EASIER
3,82.8,33.74,1,1,82.94,1,SAME
7,52.76,62.22,3,4,52.36,5,EASIER
3,87.01,40.01,2,0,79.35,1,SAME
6,53.67,14.77,3,2,50.48,4,EASIER
4,61.89,77.88,2,2,53.68,2,EASIER
6,39.34,165.22,5,4,31.93,4,EASIER
4,83.72,54.06,1,1,80.89,2,SAME
3,82.2,67.41,2,0,86.35,1,HARDER
7,26.87,41.91,5,5,19.89,5,EASIER
6,69.0,122.98,2,2,68.32,4,SAME
3,84.94,26.55,2,1,81.83,1,SAME
3,88.59,27.87,1,0,89.35,1,HARDER
5,88.41,32.61,1,1,87.45,3,HARDER
7,49.92,138.89,2,2,52.85,5,EASIER
5,64.85,68.9,4,3,59.95,3,EASIER
3,83.63,18.39,1,0,84.32,1,SAME
6,57.41,79.12,1,1,59.36,4,SAME
5,48.77,30.26,5,3,42.17,3,EASIER
6,47.37,66.76,1,4,36.77,4,EASIER
4,86.04,59.69,1,1,83.31,2,SAME
3,100.0,38.68,1,0,100.0,1,SAME
3,94.74,35.2,4,1,92.22,1,EASIER
6,69.99,135.11,2,2,67.43,4,SAME
6,64.52,136.04,4,2,59.88,4,EASIER
4,73.28,28.08,3,1,71.31,2,SAME
3,100.0,29.08,1,0,96.28,1,EASIER
6,53.1,144.29,3,3,50.69,4,EASIER
3,100.0,13.53,1,0,100.0,1,HARDER
3,59.23,13.5,2,2,60.95,1,SAME
5,57.74,28.43,2,2,51.51,3,SAME
6,65.9,32.4,1,3,67.38,4,EASIER
7,72.7,63.17,1,1,69.91,5,SAME
6,77.96,62.39,1,1,70.36,4,SAME
7,34.18,255.37,2,4,31.56,5,EASIER
6,40.41,65.32,3,3,39.32,4,EASIER
7,54.55,49.01,2,3,48.63,5,EASIER
3,84.67,26.92,1,1,79.94,1,SAME
3,85.54,22.98,1,0,77.32,1,HARDER
6,52.95,54.6,3,2,45.74,4,EASIER
7,32.44,81.27,5,3,25.31,5,EASIER
6,68.77,142.82,2,2,67.94,4,SAME
4,86.87,19.59,2,0,87.73,2,HARDER
5,72.16,25.43,1,0,72.61,3,SAME
3,78.27,30.77,2,1,75.36,1,SAME
4,71.75,28.47,4,3,67.1,2,EASIER
6,57.86,183.8,2,2,56.94,4,EASIER
3,100.0,23.34,1,0,100.0,1,HARDER
5,82.52,55.19,1,1,81.88,3,SAME
4,75.3,55.0,2,3,73.79,2,EASIER
5,72.24,25.35,2,1,67.04,3,SAME
6,26.9,97.74,4,4,17.59,4,EASIER
7,35.1,91.77,4,5,30.02,5,EASIER
5,83.13,96.42,2,1,80.05,3,SAME
7,74.46,78.73,1,1,72.04,5,SAME
6,66.58,89.9,1,1,62.76,4,SAME
7,36.78,92.1,3,3,30.52,5,EASIER
6,47.67,101.64,5,4,39.64,4,SAME
5,48.71,51.22,2,3,48.88,3,EASIER
6,74.31,93.98,1,1,73.07,4,SAME
4,52.66,86.63,5,4,47.65,2,EASIER
6,45.99,70.67,4,1,39.9,4,EASIER
6,73.1,101.1,2,2,67.59,4,SAME
6,50.96,269.26,3,3,43.98,4,EASIER
3,98.11,29.74,1,0,99.32,1,HARDER
5,66.13,17.38,5,2,60.76,3,EASIER
6,63.9,57.99,1,2,62.3,4,SAME
3,70.12,14.63,3,2,62.01,1,SAME
6,59.7,132.44,2,3,52.01,4,EASIER
7,61.85,106.42,4,4,51.15,5,EASIER
5,55.7,98.19,1,2,52.47,3,SAME
7,39.63,156.3,3,3,31.81,5,EASIER
7,38.69,155.94,3,3,33.45,5,EASIER
5,75.45,31.66,2,2,67.93,3,SAME
7,40.57,147.48,2,3,31.19,5,EASIER
7,25.83,235.87,5,5,16.02,5,EASIER
3,100.0,13.13,1,1,100.0,1,HARDER
7,49.4,94.22,1,3,40.32,5,EASIER
3,80.17,29.27,1,1,77.79,1,SAME
5,57.16,60.88,4,2,55.28,3,EASIER
7,55.44,245.04,2,2,52.77,5,EASIER
6,69.06,119.77,1,1,64.95,4,SAME
4,93.9,45.99,1,1,89.16,2,HARDER
6,69.91,125.45,2,2,66.84,4,SAME
4,70.22,54.42,1,1,71.87,2,SAME
4,82.38,38.74,1,1,79.48,2,SAME
7,40.94,92.31,1,2,38.78,5,EASIER
3,94.7,38.84,1,0,94.44,1,SAME
7,79.43,74.7,2,2,81.0,5,SAME
5,63.51,55.96,2,2,57.14,3,SAME
3,79.53,14.94,2,1,81.11,1,SAME
6,45.23,119.96,3,3,37.37,4,EASIER
3,97.93,43.27,2,0,96.83,1,SAME
4,91.08,24.48,1,0,94.19,2,SAME
4,73.74,35.35,2,2,73.29,2,SAME
6,54.9,63.89,1,3,46.44,4,EASIER
4,71.92,62.99,2,0,71.9,2,SAME
6,23.16,171.32,5,4,20.32,4,EASIER
3,74.85,20.2,3,1,74.95,1,SAME
6,57.59,16.43,3,2,50.99,4,SAME
6,55.15,149.33,1,2,51.29,4,SAME
4,79.64,38.81,1,1,79.44,2,SAME
7,66.57,115.03,2,1,64.24,5,SAME
5,67.21,93.46,1,1,62.11,3,SAME
6,73.42,67.86,3,2,70.72,4,SAME
3,95.74,18.89,1,0,100.0,1,HARDER
7,66.84,92.26,1,1,65.48,5,SAME
4,81.46,47.82,2,0,76.24,2,SAME
6,27.71,129.51,3,4,17.82,4,EASIER
3,98.2,51.71,1,0,100.0,1,EASIER
3,95.51,29.92,2,1,95.31,1,HARDER
3,96.03,23.44,1,0,97.1,1,HARDER
7,21.18,181.54,4,4,16.67,5,EASIER
4,75.04,24.07,3,2,76.96,2,SAME
7,20.18,242.76,4,6,13.01,5,EASIER
5,56.34,64.4,5,4,49.47,3,EASIER
3,96.74,22.58,1,0,96.07,1,HARDER
5,72.98,35.92,1,1,72.68,3,SAME
5,64.09,79.11,3,2,54.9,3,SAME
4,80.38,33.3,2,1,85.03,2,SAME
6,77.1,78.08,2,2,73.16,4,SAME
7,54.39,45.05,3,3,46.67,5,EASIER
7,52.37,88.38,1,3,47.74,5,EASIER
5,57.67,43.77,1,2,52.88,3,SAME
7,75.92,140.7,1,1,80.37,5,SAME
7,48.59,96.8,1,2,45.69,5,EASIER
3,70.32,8.0,2,2,68.23,1,SAME
6,51.0,66.08,3,3,48.69,4,EASIER
6,51.2,38.49,3,3,44.92,4,EASIER
3,72.73,15.72,1,1,70.96,1,EASIER
6,45.24,138.21,4,3,41.57,4,EASIER
7,42.34,44.61,2,2,40.98,5,EASIER
4,87.91,43.65,1,2,81.44,2,SAME
7,54.42,84.95,3,3,47.64,5,EASIER
7,61.15,76.48,3,3,48.09,5,EASIER
6,61.05,49.28,3,3,54.69,4,HARDER
6,68.96,96.82,2,2,66.5,4,SAME
5,31.66,71.82,5,4,28.68,3,EASIER
5,60.95,24.69,2,2,59.92,3,SAME
5,71.76,102.51,1,2,66.33,3,SAME
5,79.45,32.24,2,1,76.68,3,HARDER
5,61.48,70.3,3,4,58.03,3,EASIER
7,46.0,58.84,3,2,41.92,5,EASIER
6,76.44,64.59,1,1,74.19,4,SAME
4,55.92,20.83,2,2,56.83,2,SAME
5,58.75,44.64,2,3,56.59,3,EASIER
4,78.96,34.57,2,1,74.52,2,SAME
3,90.38,14.99,1,0,88.65,1,HARDER
4,88.71,44.05,1,0,93.8,2,HARDER
3,85.48,30.48,2,1,85.05,1,EASIER
7,45.33,300.0,2,3,44.59,5,EASIER
3,82.58,37.79,1,1,77.65,1,SAME
4,89.43,66.06,2,0,90.86,2,SAME
4,72.37,16.55,1,1,72.8,2,SAME
4,81.37,15.14,1,1,83.54,2,SAME
4,84.35,33.05,1,0,88.17,2,SAME
6,59.96,207.65,2,3,54.25,4,EASIER
7,9.71,300.0,5,5,3.16,5,EASIER
3,75.08,18.41,3,2,71.41,1,SAME
4,81.46,28.85,3,1,81.93,2,SAME
5,68.51,75.92,2,3,59.55,3,EASIER
4,71.81,34.64,3,3,61.47,2,EASIER
6,37.79,74.99,5,4,32.65,4,EASIER
4,82.97,51.21,1,1,81.44,2,SAME
5,56.52,222.43,2,2,54.34,3,EASIER
5,56.31,110.63,4,2,52.35,3,EASIER
4,52.16,91.48,3,3,50.91,2,EASIER
6,47.49,31.43,4,3,44.53,4,EASIER
6,38.63,143.4,5,5,29.71,4,EASIER
5,85.8,36.24,1,1,83.86,3,HARDER
5,71.36,132.99,2,1,64.38,3,EASIER
7,68.54,234.68,1,1,73.9,5,EASIER
7,45.76,155.65,3,2,41.97,5,EASIER
7,48.67,74.71,1,2,47.5,5,EASIER
3,89.18,20.16,1,1,88.49,1,HARDER
7,31.18,89.92,3,3,26.59,5,EASIER
7,19.48,169.69,4,5,12.57,5,EASIER
7,53.79,139.58,1,2,44.19,5,EASIER
6,44.41,171.59,4,4,40.39,4,EASIER
4,68.76,81.02,1,1,65.74,2,EASIER
6,70.63,52.83,3,3,68.29,4,EASIER
5,57.2,73.38,4,3,54.57,3,EASIER
7,46.07,144.15,5,3,41.29,5,EASIER
4,96.13,36.34,2,0,99.74,2,HARDER
6,76.71,133.81,1,1,80.89,4,SAME
6,62.8,105.85,1,2,57.32,4,SAME
7,30.44,81.89,4,5,21.33,5,EASIER
3,79.58,23.47,1,1,72.59,1,SAME
7,64.51,92.59,1,2,61.26,5,SAME
4,79.14,27.0,1,2,77.07,2,SAME
7,51.59,106.91,1,2,46.01,5,EASIER
3,89.51,14.04,2,2,85.81,1,SAME
4,81.84,47.48,2,1,86.44,2,SAME
6,31.8,170.18,4,5,25.28,4,EASIER
5,70.73,59.47,1,0,70.41,3,SAME
6,21.61,134.14,5,5,15.26,4,EASIER
5,49.54,62.64,5,4,44.58,3,EASIER
3,84.97,15.86,1,1,77.23,1,SAME
6,68.7,232.85,1,2,65.19,4,EASIER
5,76.78,17.48,1,1,73.96,3,SAME
5,47.5,58.3,4,4,45.3,3,EASIER
4,84.07,26.48,1,1,81.65,2,SAME
7,47.34,265.21,1,2,49.41,5,EASIER
6,53.67,91.75,2,3,51.79,4,EASIER
3,69.91,77.95,3,2,71.06,1,EASIER
3,54.14,25.4,4,4,45.89,1,EASIER
3,91.31,17.82,1,0,91.79,1,HARDER
3,92.15,11.68,1,1,96.45,1,HARDER
6,55.32,145.79,4,4,44.76,4,EASIER
6,57.49,53.13,3,3,54.77,4,EASIER
5,58.78,47.12,2,2,59.19,3,SAME
5,25.03,106.52,3,4,18.66,3,EASIER
7,22.61,198.86,4,5,15.97,5,EASIER
7,52.25,80.34,3,3,51.81,5,EASIER
5,83.16,46.33,2,1,86.75,3,SAME
5,63.8,24.32,3,2,56.07,3,SAME
5,53.71,20.97,3,2,54.18,3,EASIER
7,60.78,169.82,1,2,54.33,5,SAME
6,32.42,129.18,2,5,26.91,4,EASIER
4,76.67,44.95,2,1,70.3,2,SAME
7,40.44,124.03,5,3,31.39,5,EASIER
4,75.17,27.27,1,1,80.59,2,SAME
6,73.14,175.94,1,1,74.31,4,EASIER
7,78.44,42.36,1,1,70.4,5,SAME
7,41.15,86.76,5,3,33.44,5,EASIER
3,93.92,26.85,1,1,89.73,1,HARDER
4,45.72,37.99,1,2,41.44,2,EASIER
6,66.3,81.91,2,2,60.6,4,SAME
3,100.0,19.84,1,1,94.18,1,HARDER
3,88.08,31.8,1,0,86.2,1,HARDER
4,92.96,21.46,1,0,92.35,2,HARDER
5,64.53,54.01,3,2,58.63,3,SAME
3,83.05,30.3,2,1,84.26,1,SAME
3,95.3,21.56,1,1,90.43,1,HARDER
4,74.92,38.09,2,1,74.93,2,SAME
5,54.06,64.53,3,3,50.61,3,EASIER
5,74.2,24.26,1,1,71.11,3,SAME
6,66.11,34.46,1,2,61.21,4,SAME
7,45.51,120.48,4,4,42.41,5,EASIER
3,80.16,19.07,1,1,76.15,1,SAME
6,75.77,61.67,2,1,77.39,4,SAME
3,92.97,32.2,1,0,92.96,1,HARDER
4,83.18,23.88,3,1,85.41,2,SAME
4,81.22,12.22,1,1,75.03,2,SAME
6,39.46,194.1,2,2,35.96,4,EASIER
4,68.12,67.1,1,1,64.46,2,SAME
7,40.62,215.07,2,3,40.95,5,EASIER
4,65.34,22.44,2,1,64.37,2,SAME
7,31.75,107.37,3,4,24.12,5,EASIER
7,37.06,56.1,5,6,24.65,5,EASIER
5,80.71,56.3,1,1,76.42,3,SAME
3,87.53,21.41,1,2,85.79,1,SAME
6,85.43,46.81,1,0,87.4,4,HARDER
5,54.38,74.41,4,3,54.8,3,EASIER
4,73.38,33.65,2,1,71.96,2,SAME
5,46.49,136.07,4,4,34.45,3,EASIER
4,85.12,39.56,2,1,84.82,2,HARDER
4,69.0,11.47,1,1,68.99,2,SAME
7,28.83,41.72,3,4,21.51,5,EASIER
4,60.24,101.75,4,3,57.56,2,EASIER
5,79.32,48.56,1,1,78.31,3,SAME
6,68.63,92.9,2,2,67.35,4,SAME
4,76.7,38.17,2,2,69.51,2,SAME
6,75.21,171.26,2,2,73.51,4,EASIER
7,72.07,39.62,1,1,66.3,5,SAME
7,28.16,231.12,1,4,19.07,5,EASIER
3,73.4,43.8,1,2,70.68,1,SAME
5,49.43,58.18,2,2,44.69,3,EASIER
3,76.46,30.05,3,1,73.24,1,SAME
6,65.1,67.63,2,1,63.8,4,SAME
4,100.0,17.21,1,1,98.43,2,HARDER
7,51.54,153.66,1,1,45.59,5,EASIER
3,65.89,27.9,3,2,62.13,1,SAME
7,36.38,129.57,5,5,31.51,5,EASIER
4,64.89,47.67,2,1,64.14,2,SAME
7,46.2,80.57,3,4,46.35,5,EASIER
3,84.27,48.59,3,3,81.27,1,SAME
4,85.53,38.15,2,1,88.71,2,HARDER
4,94.83,49.02,1,0,90.87,2,HARDER
7,48.64,96.56,1,2,45.34,5,EASIER
6,71.37,141.58,1,2,64.99,4,SAME
7,55.58,118.53,2,1,51.69,5,SAME
5,100.0,55.61,1,0,100.0,3,HARDER
6,72.18,153.63,1,2,63.83,4,SAME
6,63.09,33.48,2,2,62.93,4,SAME
6,67.32,70.89,3,2,65.77,4,SAME
7,55.41,80.21,3,3,52.9,5,EASIER
7,48.35,137.31,4,4,41.39,5,EASIER
5,67.85,67.81,3,2,69.06,3,SAME
5,72.87,57.66,1,2,70.41,3,SAME
6,37.78,56.57,5,4,33.53,4,EASIER
6,77.74,80.98,1,0,71.68,4,SAME
7,33.46,133.58,4,4,23.99,5,EASIER
6,65.0,74.73,2,2,60.71,4,SAME
7,47.2,204.82,3,2,45.86,5,EASIER
6,33.35,112.73,5,4,23.46,4,EASIER
7,46.93,113.17,4,3,37.12,5,EASIER
6,70.42,24.21,1,1,69.03,4,SAME
7,44.92,99.44,3,3,37.33,5,EASIER
3,97.96,33.09,1,0,98.55,1,HARDER
7,42.26,96.18,2,2,38.04,5,EASIER
4,69.73,43.82,1,1,69.79,2,SAME
6,49.62,72.96,4,3,40.49,4,EASIER
4,71.42,42.39,1,1,67.97,2,SAME
5,58.65,116.04,5,3,52.93,3,EASIER
6,42.14,123.45,4,4,38.73,4,EASIER
5,47.77,30.54,3,4,40.02,3,EASIER
6,54.37,34.62,3,4,48.2,4,EASIER
3,100.0,30.44,2,0,96.62,1,HARDER
7,38.43,211.66,2,3,35.32,5,EASIER
5,63.29,25.49,2,2,62.06,3,SAME
6,62.22,73.52,3,2,58.66,4,SAME
4,93.32,115.93,1,0,91.25,2,EASIER
5,59.13,50.78,2,2,54.15,3,SAME
5,43.19,202.5,3,3,37.6,3,EASIER
3,73.04,17.33,1,1,72.97,1,SAME
5,48.87,42.11,5,4,41.67,3,EASIER
6,65.78,56.89,2,2,66.11,4,SAME
7,52.09,55.78,4,3,46.97,5,EASIER
7,39.77,44.56,5,5,28.73,5,EASIER
4,57.22,34.25,5,3,57.79,2,EASIER
6,58.41,88.42,3,3,51.7,4,SAME
3,75.63,18.17,4,2,69.76,1,EASIER
7,36.06,86.4,3,4,28.73,5,EASIER
7,48.12,246.31,2,2,48.49,5,EASIER
7,24.53,190.2,3,4,21.14,5,EASIER
5,89.62,51.03,1,1,89.61,3,HARDER
4,96.22,46.51,2,1,95.83,2,HARDER
6,63.64,35.02,1,1,63.0,4,SAME
6,65.55,94.34,2,2,63.3,4,SAME
4,92.97,36.9,1,0,94.14,2,HARDER
5,94.2,48.19,1,1,91.44,3,HARDER
6,54.52,83.41,3,3,47.38,4,EASIER
5,69.33,54.42,1,1,69.93,3,SAME
4,68.24,20.49,4,3,60.5,2,EASIER
4,94.94,83.69,1,0,94.8,2,EASIER
5,68.14,92.86,2,3,61.47,3,EASIER
4,98.93,31.67,1,0,96.35,2,HARDER
4,88.18,16.61,2,0,89.9,2,HARDER
3,98.16,8.38,1,0,98.82,1,HARDER
4,64.98,97.49,3,3,63.96,2,EASIER
6,67.38,74.92,1,2,63.1,4,SAME
4,100.0,54.39,1,1,99.87,2,SAME
3,80.46,16.39,1,2,74.98,1,SAME
7,68.73,94.73,1,2,66.44,5,EASIER
5,74.95,51.09,2,1,69.84,3,SAME
5,80.27,65.36,1,1,76.28,3,SAME
5,50.91,60.64,3,3,47.48,3,EASIER
5,77.88,36.74,1,1,71.26,3,SAME
5,64.18,36.55,2,2,64.55,3,SAME
6,73.29,78.6,2,1,72.08,4,SAME
7,37.83,43.05,5,4,30.31,5,EASIER
7,72.36,71.52,2,1,71.59,5,SAME
5,85.84,53.74,2,0,87.64,3,HARDER
4,72.04,45.81,2,2,74.73,2,SAME
3,100.0,48.81,1,1,94.04,1,SAME
5,63.26,45.81,2,2,58.28,3,SAME
7,63.54,114.23,3,3,62.5,5,SAME
4,71.12,15.8,1,2,67.42,2,SAME
7,63.61,134.42,3,2,61.69,5,SAME
6,55.28,51.1,2,3,44.79,4,SAME
6,66.31,69.86,1,2,64.54,4,SAME
5,66.9,73.41,2,2,63.62,3,SAME
6,54.45,107.33,2,2,51.54,4,EASIER
3,91.02,13.09,3,1,90.0,1,SAME
3,70.41,35.72,1,3,62.53,1,EASIER
3,95.67,24.57,1,1,91.59,1,HARDER
6,56.54,158.48,3,2,57.44,4,SAME
5,53.58,119.58,2,3,48.08,3,EASIER
4,61.63,80.84,3,2,64.42,2,EASIER
3,79.06,13.26,1,1,80.84,1,SAME
5,72.46,70.78,1,1,71.19,3,SAME
4,94.0,18.11,1,1,92.47,2,HARDER
3,84.27,44.61,1,0,83.78,1,SAME
3,91.36,47.53,1,0,90.28,1,SAME
6,57.53,136.36,2,2,53.62,4,SAME
6,78.09,65.75,3,1,83.42,4,SAME
4,84.55,49.08,1,0,84.18,2,SAME
5,67.57,44.13,1,1,69.42,3,SAME
4,86.63,38.25,1,0,85.38,2,HARDER
5,77.68,55.41,2,1,71.27,3,SAME
3,84.06,10.27,1,1,80.38,1,SAME
7,56.19,72.05,4,3,51.33,5,EASIER
6,37.39,267.08,1,2,33.79,4,EASIER
7,44.31,106.83,3,3,40.6,5,EASIER
4,83.99,40.97,1,1,81.53,2,SAME
7,45.77,111.47,5,4,34.37,5,EASIER
5,78.54,47.33,3,2,77.33,3,SAME
3,100.0,25.4,1,0,99.31,1,HARDER
4,78.77,31.38,2,1,76.27,2,SAME
7,47.47,32.27,5,4,41.97,5,EASIER
6,74.01,123.42,1,1,74.81,4,SAME
6,55.82,189.69,2,1,56.19,4,EASIER
4,78.51,21.99,1,1,77.24,2,SAME
6,72.59,66.16,1,1,74.18,4,SAME
7,65.6,253.65,1,1,65.91,5,EASIER
3,90.97,17.74,1,1,86.76,1,HARDER
4,79.22,45.6,1,0,77.52,2,SAME
3,84.01,171.46,2,2,80.22,1,EASIER
3,56.52,33.12,5,3,57.4,1,EASIER
7,68.8,116.28,1,1,67.59,5,SAME
4,72.73,57.51,3,2,66.31,2,SAME
3,99.13,35.32,1,0,100.0,1,SAME
3,98.88,18.62,1,1,95.55,1,HARDER
7,56.32,43.47,3,3,58.62,5,EASIER
5,71.86,77.82,1,1,71.38,3,SAME
6,61.24,120.73,1,2,52.29,4,SAME
4,87.58,33.04,1,1,85.35,2,EASIER
6,56.76,192.91,2,2,53.12,4,EASIER
7,65.51,246.13,3,3,60.06,5,EASIER
6,63.69,122.67,2,2,63.21,4,SAME
5,78.04,50.53,1,1,78.01,3,SAME
4,77.82,14.22,1,1,79.78,2,SAME
4,58.84,35.01,3,2,57.41,2,SAME
5,60.46,23.37,1,1,60.17,3,SAME
5,58.25,18.06,2,2,51.52,3,SAME
3,79.2,33.34,2,2,76.93,1,SAME
3,99.31,42.12,1,0,100.0,1,SAME
5,67.67,22.08,3,2,65.9,3,SAME
3,79.27,22.3,1,0,80.69,1,SAME
5,70.38,57.5,1,1,64.13,3,SAME
4,82.83,33.12,1,2,80.63,2,SAME
4,59.26,19.88,4,3,53.37,2,EASIER
3,79.03,45.2,1,0,80.69,1,SAME
5,35.96,29.72,3,4,33.06,3,EASIER
3,78.34,10.5,1,1,79.2,1,SAME
6,51.94,40.13,2,3,46.7,4,EASIER
7,58.89,145.6,3,2,53.38,5,SAME
7,57.4,96.82,4,3,52.88,5,EASIER
6,49.39,54.94,1,3,44.47,4,EASIER
7,54.33,149.32,3,3,52.43,5,EASIER
7,46.64,134.26,5,4,43.43,5,EASIER
6,33.56,24.7,5,4,29.62,4,EASIER
4,37.29,48.47,5,4,30.05,2,EASIER
5,70.38,104.08,4,2,70.06,3,EASIER
7,53.94,104.73,2,2,52.15,5,EASIER
6,84.04,72.57,1,1,77.92,4,SAME
4,80.58,92.55,1,0,77.37,2,EASIER
3,100.0,18.23,1,1,94.97,1,HARDER
3,81.1,23.22,3,2,76.24,1,SAME
4,79.54,44.4,1,0,81.87,2,SAME
7,50.47,115.0,2,3,49.78,5,EASIER
5,49.63,50.69,4,4,42.81,3,EASIER
3,87.71,26.01,1,2,84.44,1,SAME
7,36.16,263.37,3,4,28.46,5,EASIER
5,71.77,86.51,2,2,69.36,3,SAME
4,65.67,36.69,3,2,60.77,2,SAME
7,68.36,69.94,3,2,66.19,5,SAME
4,100.0,26.95,1,0,100.0,2,HARDER
6,68.98,134.4,1,1,66.86,4,SAME
7,69.4,47.0,3,2,65.16,5,SAME
5,75.5,190.57,2,2,72.3,3,EASIER
6,66.81,80.66,1,2,62.67,4,SAME
4,82.32,19.88,2,2,80.19,2,SAME
7,54.54,123.68,2,3,52.73,5,EASIER
3,100.0,17.51,1,0,96.63,1,HARDER
4,74.61,31.21,1,1,69.13,2,SAME
7,47.54,49.16,1,3,40.97,5,EASIER
5,69.92,51.54,2,1,69.72,3,SAME
3,73.75,9.72,2,1,73.93,1,SAME
5,68.05,43.1,1,0,73.17,3,SAME
4,75.15,25.76,2,2,74.07,2,SAME
5,51.26,45.23,4,3,46.34,3,EASIER
4,73.92,26.53,2,1,69.07,2,SAME
4,60.77,38.61,4,2,57.85,2,EASIER
7,53.6,181.72,2,2,51.13,5,EASIER
3,82.6,29.35,1,2,79.17,1,SAME
6,50.64,161.15,2,3,45.37,4,EASIER
3,99.76,20.03,1,0,100.0,1,HARDER
5,82.31,68.11,2,1,81.28,3,SAME
6,74.46,99.09,3,3,74.6,4,EASIER
7,55.73,209.8,1,3,49.63,5,EASIER
4,89.55,26.96,2,1,89.32,2,HARDER
3,85.9,35.51,1,0,84.89,1,SAME
6,68.23,52.51,2,3,62.7,4,EASIER
7,57.24,82.1,2,2,54.42,5,SAME
5,75.28,48.57,4,3,74.78,3,EASIER
3,61.83,30.59,4,2,61.5,1,EASIER
5,68.08,33.86,1,2,61.68,3,SAME
4,84.61,24.34,1,1,83.85,2,SAME
5,48.85,42.15,2,3,39.19,3,EASIER
3,83.81,25.54,2,1,81.21,1,SAME
4,57.12,24.47,1,2,57.23,2,SAME
7,45.04,129.33,2,2,40.57,5,EASIER
3,89.97,21.32,1,1,86.82,1,HARDER
7,41.03,160.3,1,3,42.18,5,EASIER
5,79.69,59.84,1,1,79.53,3,SAME
5,46.61,138.07,1,3,45.34,3,EASIER
7,54.61,119.64,2,2,55.37,5,EASIER
4,92.12,21.43,1,1,90.42,2,HARDER
7,75.86,99.74,1,1,77.23,5,SAME
4,72.81,38.38,5,4,66.64,2,EASIER
4,74.32,24.79,1,1,72.46,2,SAME
5,46.34,122.9,4,3,43.07,3,EASIER
6,48.39,69.79,3,2,48.27,4,EASIER
4,86.42,28.07,2,1,84.52,2,HARDER
6,71.64,90.12,1,2,70.71,4,SAME
3,75.88,16.7,3,2,70.21,1,SAME
6,65.03,135.53,1,1,64.75,4,SAME
6,73.05,122.08,1,1,66.1,4,SAME
5,67.28,61.87,1,2,64.89,3,SAME
6,69.36,111.53,2,1,63.54,4,SAME
6,73.63,63.24,1,1,75.19,4,SAME
7,53.51,49.38,4,2,50.02,5,EASIER
4,73.05,32.61,2,2,69.65,2,SAME
5,56.57,45.25,4,3,52.73,3,EASIER
5,82.06,21.17,2,1,79.35,3,SAME
4,71.33,23.11,1,2,67.07,2,SAME
7,62.38,57.28,3,3,57.42,5,EASIER
5,74.16,34.43,1,1,69.62,3,SAME
5,53.28,112.22,5,3,43.64,3,EASIER
3,91.44,31.4,2,1,88.39,1,HARDER
5,72.21,93.51,1,1,69.09,3,SAME
6,54.38,106.88,3,3,44.42,4,EASIER
5,44.83,99.14,3,3,41.43,3,EASIER
6,22.2,83.16,5,5,13.88,4,EASIER
3,82.25,49.08,2,1,82.81,1,SAME
3,95.93,14.45,2,0,95.93,1,HARDER
4,82.04,36.81,1,1,79.61,2,SAME
4,61.14,23.47,1,1,59.74,2,SAME
7,42.13,220.35,2,3,32.82,5,EASIER
7,41.23,140.79,3,3,35.36,5,EASIER
5,48.4,104.36,4,4,44.74,3,EASIER
5,58.76,28.95,2,2,62.31,3,SAME
4,55.03,28.63,4,3,48.17,2,EASIER
5,53.54,23.98,2,2,52.32,3,EASIER
6,77.28,98.95,3,1,74.6,4,SAME
6,88.41,65.63,1,0,90.2,4,HARDER
7,33.89,169.07,3,5,27.13,5,EASIER
5,77.47,58.92,1,0,73.26,3,SAME
4,70.44,13.96,2,1,69.1,2,SAME
3,88.27,11.94,1,1,87.35,1,HARDER
6,60.09,85.59,3,2,56.81,4,SAME
7,34.51,144.36,5,4,23.75,5,EASIER
5,80.81,19.36,2,1,79.22,3,SAME
7,43.39,107.02,3,2,39.69,5,EASIER
4,77.14,23.56,2,1,75.5,2,SAME
3,62.81,15.25,1,1,63.13,1,SAME
6,71.76,58.33,1,2,66.84,4,SAME
3,66.93,26.41,1,1,65.91,1,SAME
3,69.09,18.26,2,2,66.41,1,SAME
6,83.99,29.19,1,0,80.58,4,SAME
5,62.85,61.42,5,3,52.89,3,EASIER
6,58.93,68.33,1,2,55.62,4,SAME
6,74.88,50.34,3,1,72.71,4,SAME
4,84.97,32.88,2,1,81.76,2,SAME
6,68.28,68.43,2,2,66.14,4,SAME
5,57.13,59.28,2,1,56.6,3,SAME
5,90.02,51.3,2,1,86.68,3,HARDER
6,77.44,89.37,1,0,81.15,4,SAME
4,75.27,37.14,1,1,71.71,2,SAME
5,35.15,87.02,3,3,36.0,3,EASIER
5,51.67,127.09,2,2,50.83,3,EASIER
3,63.73,24.83,5,2,60.81,1,EASIER
4,81.65,28.37,1,2,74.32,2,SAME
3,100.0,13.19,1,0,96.23,1,HARDER
3,70.58,33.33,2,2,68.3,1,SAME
5,66.38,37.1,3,2,62.67,3,EASIER
7,52.48,300.0,2,3,45.78,5,EASIER
7,33.48,300.0,1,4,28.99,5,EASIER
6,76.72,73.4,1,0,76.62,4,SAME
5,76.83,25.44,1,1,72.15,3,SAME
4,76.85,51.67,1,2,72.7,2,SAME
4,54.74,101.9,1,2,51.03,2,EASIER
6,75.0,41.44,1,1,75.24,4,SAME
7,26.54,300.0,3,4,20.51,5,EASIER
7,51.81,40.89,2,4,45.9,5,EASIER
4,92.41,19.18,2,1,94.22,2,HARDER
5,54.89,67.58,4,3,45.39,3,EASIER
5,76.64,95.94,1,1,80.38,3,SAME
3,100.0,24.27,1,0,95.53,1,HARDER
3,91.42,30.53,1,1,85.73,1,HARDER
3,79.97,40.87,1,0,79.11,1,SAME
6,78.13,154.66,1,2,73.0,4,SAME
4,63.77,28.36,4,3,64.84,2,EASIER
6,64.34,52.34,1,2,58.47,4,SAME
4,72.18,62.35,1,1,68.43,2,SAME
6,65.1,103.85,1,1,63.3,4,SAME
3,99.84,32.49,1,1,100.0,1,HARDER
4,77.85,27.85,1,3,76.68,2,EASIER
4,70.78,51.29,3,2,68.39,2,SAME
5,67.76,33.74,1,2,61.0,3,SAME
5,78.06,65.55,3,2,69.76,3,SAME
3,74.75,26.27,1,1,70.3,1,SAME
6,44.79,87.22,3,4,32.84,4,EASIER
7,22.99,171.44,5,5,11.75,5,EASIER
3,75.03,15.88,1,2,66.23,1,SAME
3,95.09,33.79,1,0,96.16,1,SAME
7,56.39,113.27,3,3,48.08,5,EASIER
6,77.1,54.33,1,1,78.53,4,SAME
7,70.57,54.49,1,1,69.44,5,SAME
6,42.68,218.95,1,2,39.53,4,EASIER
6,65.83,79.09,2,3,63.3,4,EASIER
3,100.0,21.35,1,0,98.7,1,HARDER
5,66.26,32.93,2,2,63.48,3,EASIER
4,93.82,63.39,1,1,89.54,2,SAME
7,40.67,194.33,3,4,37.63,5,EASIER
3,87.75,35.99,1,0,91.74,1,SAME
3,76.71,24.33,1,0,75.31,1,SAME
5,69.66,84.13,1,1,72.0,3,EASIER
7,63.12,71.49,3,3,58.43,5,EASIER
7,54.86,126.1,1,2,53.96,5,EASIER
5,83.85,56.46,3,1,82.1,3,SAME
5,67.54,66.2,2,2,63.85,3,EASIER
4,98.84,16.21,1,1,95.83,2,HARDER
7,48.07,300.0,1,2,46.71,5,EASIER
3,48.44,51.37,3,2,41.77,1,EASIER
3,82.01,14.99,1,0,82.63,1,SAME
5,60.52,77.19,2,2,60.53,3,SAME
4,69.41,18.89,2,2,63.29,2,SAME
5,56.0,60.46,2,3,53.82,3,EASIER
7,38.14,33.85,3,4,35.53,5,EASIER
4,90.71,33.12,1,0,88.14,2,HARDER
7,77.9,85.86,3,1,75.53,5,SAME
4,70.05,65.45,3,1,66.31,2,SAME
4,69.54,83.24,2,2,66.93,2,EASIER
3,60.57,53.06,1,1,55.71,1,EASIER
6,65.35,149.76,4,4,61.89,4,EASIER
7,60.31,117.15,3,3,53.84,5,EASIER
7,48.86,138.4,2,3,41.06,5,EASIER
3,93.04,29.65,1,0,94.36,1,HARDER
6,57.81,44.39,2,2,51.66,4,EASIER
3,68.73,41.63,2,1,67.06,1,SAME
6,48.8,117.4,3,3,47.58,4,EASIER
6,55.38,120.27,4,2,54.93,4,EASIER
3,87.02,9.06,2,1,88.56,1,HARDER
3,73.16,30.58,3,1,70.79,1,SAME
3,82.04,39.11,3,2,78.83,1,SAME
6,66.45,81.35,1,2,64.81,4,SAME
6,76.68,63.2,2,2,72.75,4,SAME
3,78.46,13.63,1,1,78.64,1,SAME
5,59.04,28.52,3,3,50.48,3,EASIER
6,71.19,88.85,2,2,67.96,4,SAME
4,63.91,34.03,5,4,61.39,2,EASIER
6,48.59,72.05,3,4,41.53,4,EASIER
4,64.18,77.96,2,1,62.73,2,EASIER
4,75.64,21.06,3,1,80.75,2,SAME
4,85.77,32.3,3,2,80.87,2,SAME
4,90.22,84.25,1,0,89.87,2,EASIER
5,57.0,49.7,2,2,48.44,3,EASIER
4,48.5,39.2,5,3,45.17,2,EASIER
4,65.05,35.0,2,2,63.98,2,SAME
6,82.67,118.36,1,1,82.92,4,SAME
4,83.32,14.46,1,1,86.91,2,SAME
6,52.63,73.77,3,3,49.78,4,EASIER
3,85.97,25.61,2,0,85.76,1,HARDER
3,88.2,16.03,2,2,87.43,1,SAME
7,49.83,135.07,2,3,43.9,5,EASIER
5,63.89,85.6,3,2,62.72,3,SAME
6,41.37,103.72,5,4,43.95,4,EASIER
6,71.07,206.84,2,2,74.19,4,EASIER
3,90.39,20.62,1,1,93.75,1,HARDER
7,57.64,146.97,2,2,55.8,5,SAME
5,68.83,73.41,1,2,63.23,3,SAME
7,56.21,98.5,1,2,52.13,5,SAME
5,78.58,101.64,1,1,83.95,3,SAME
5,66.26,66.89,1,2,62.66,3,SAME
6,59.67,43.91,3,2,60.32,4,SAME
3,86.57,34.91,1,1,82.46,1,SAME
6,48.75,63.25,5,5,42.55,4,EASIER
7,13.48,93.93,5,6,6.37,5,EASIER
6,78.88,72.05,2,1,75.48,4,SAME
3,57.08,34.68,3,3,48.86,1,EASIER
6,77.78,143.71,2,2,72.82,4,SAME
3,76.84,23.29,3,3,75.13,1,EASIER
3,88.66,22.7,2,0,92.94,1,HARDER
4,83.51,14.52,1,1,80.13,2,SAME
4,77.89,27.22,2,1,74.13,2,SAME
3,72.52,16.4,2,1,68.03,1,SAME
3,89.56,28.71,2,1,91.66,1,HARDER
6,60.9,77.56,3,3,54.72,4,EASIER
5,67.67,36.99,3,2,60.18,3,SAME
3,99.32,26.76,2,0,98.59,1,HARDER
5,40.59,56.09,4,4,32.41,3,EASIER
6,49.9,21.88,4,3,49.55,4,HARDER
6,34.52,145.89,3,3,32.45,4,EASIER
4,95.0,61.11,1,0,95.8,2,SAME
3,77.05,22.49,4,2,78.34,1,EASIER
7,30.51,135.73,5,4,25.13,5,EASIER
6,72.78,69.24,2,1,70.39,4,SAME
7,40.5,46.72,5,4,32.02,5,EASIER
4,55.3,105.06,2,2,51.24,2,SAME
3,96.43,34.9,1,0,91.95,1,SAME
4,58.9,59.13,3,2,59.92,2,SAME
4,85.74,33.24,1,0,83.79,2,HARDER
6,61.13,147.26,3,3,52.05,4,EASIER
6,49.54,40.21,4,3,48.17,4,EASIER
3,75.28,22.41,3,1,73.45,1,SAME
5,83.59,83.65,2,1,76.47,3,SAME
4,85.95,28.3,1,1,80.23,2,HARDER
6,42.19,131.67,4,4,32.47,4,EASIER
4,66.13,43.83,1,3,56.82,2,EASIER
5,69.77,64.34,2,1,67.12,3,SAME
6,63.69,56.39,3,1,64.72,4,SAME
4,85.81,45.95,3,2,83.3,2,SAME
3,70.08,59.08,1,1,63.04,1,EASIER
6,60.31,89.83,3,3,53.87,4,EASIER
7,53.41,151.64,3,2,51.58,5,EASIER
5,63.42,82.16,2,2,59.77,3,SAME
7,67.26,60.03,3,2,65.51,5,SAME
3,80.78,23.57,1,1,79.62,1,SAME
7,62.15,102.48,4,2,55.88,5,EASIER
7,64.53,35.18,1,1,59.25,5,SAME
4,63.11,55.06,5,2,59.57,2,EASIER
3,85.53,16.51,1,1,81.97,1,HARDER
6,22.34,116.76,5,6,13.88,4,EASIER
7,54.87,74.1,2,2,55.04,5,EASIER
3,94.16,62.03,1,1,95.88,1,EASIER
6,57.04,70.94,2,1,51.7,4,SAME
7,37.88,300.0,2,3,31.85,5,EASIER
3,83.91,23.15,2,1,79.12,1,SAME
5,53.29,56.49,2,2,52.14,3,EASIER
3,84.86,50.2,1,0,85.85,1,EASIER
3,85.31,16.62,2,1,87.87,1,HARDER
5,64.06,59.45,2,2,59.43,3,SAME
4,89.77,48.97,2,1,87.05,2,HARDER
3,85.1,29.92,2,0,83.79,1,HARDER
7,25.33,114.66,3,4,20.75,5,EASIER
4,78.37,36.35,1,1,78.06,2,SAME
7,29.11,177.65,4,5,18.09,5,EASIER
3,80.41,27.05,1,0,75.07,1,SAME
5,91.06,93.58,1,1,88.88,3,SAME
6,75.38,100.53,1,2,68.84,4,SAME
5,71.05,80.02,1,1,68.33,3,SAME
5,47.34,101.65,4,4,42.47,3,EASIER
6,52.5,69.79,3,3,44.26,4,EASIER
3,82.3,40.9,1,0,79.07,1,SAME
7,34.33,102.83,4,4,27.83,5,EASIER
6,61.56,39.58,3,2,65.93,4,SAME
6,40.3,69.1,2,4,32.46,4,EASIER
5,68.71,40.56,3,3,65.91,3,EASIER
4,59.64,45.33,2,2,52.39,2,SAME
5,75.63,50.35,2,1,78.4,3,SAME
6,67.27,87.64,3,2,63.64,4,SAME
7,44.93,194.66,1,2,42.07,5,EASIER
7,29.78,251.7,3,2,24.67,5,EASIER
3,100.0,28.48,1,0,98.82,1,HARDER
3,85.31,40.53,1,0,90.25,1,SAME
7,47.4,101.69,2,2,42.14,5,EASIER
4,76.03,18.23,1,2,71.88,2,SAME
5,100.0,32.35,1,0,100.0,3,HARDER
3,56.54,22.91,5,4,50.59,1,EASIER
3,94.72,35.62,1,0,94.07,1,SAME
5,70.16,52.72,3,1,68.28,3,SAME
6,67.61,151.92,3,2,67.95,4,SAME
6,80.81,212.55,1,0,82.84,4,EASIER
7,35.31,69.02,2,3,29.37,5,EASIER
3,100.0,64.36,1,0,100.0,1,EASIER
4,85.54,17.62,1,0,87.84,2,HARDER
5,44.75,144.84,3,2,41.87,3,EASIER
5,87.77,57.05,1,1,81.78,3,HARDER
3,80.08,22.54,1,1,82.63,1,SAME
5,77.24,57.77,3,1,71.05,3,SAME
7,51.81,72.42,2,2,54.91,5,EASIER
3,99.94,48.77,1,0,99.5,1,SAME
7,64.16,76.81,2,2,65.9,5,SAME
5,56.71,43.86,2,2,52.09,3,SAME
5,47.5,29.3,3,2,46.58,3,EASIER
6,57.85,56.08,3,2,50.91,4,SAME
6,43.65,56.97,4,3,39.74,4,EASIER
6,56.29,55.02,4,3,48.78,4,EASIER
3,73.43,23.12,3,3,69.96,1,EASIER
4,74.45,22.5,1,0,80.29,2,SAME
7,40.4,267.07,3,3,38.4,5,EASIER
3,60.19,23.36,2,2,59.06,1,SAME
6,32.98,99.61,4,4,26.93,4,EASIER
5,49.13,88.86,3,4,40.38,3,EASIER
3,60.72,61.56,1,2,64.32,1,EASIER
3,92.99,37.48,1,1,86.41,1,SAME
7,53.6,97.85,1,3,53.27,5,EASIER
3,92.59,15.51,1,1,92.69,1,HARDER
3,97.88,29.06,1,0,96.75,1,HARDER
3,100.0,40.11,1,1,100.0,1,SAME
6,78.28,88.28,1,0,79.11,4,SAME
7,45.05,116.05,1,2,42.44,5,EASIER
3,72.87,27.49,2,1,70.01,1,EASIER
6,29.88,31.01,4,5,18.16,4,EASIER
6,52.39,88.49,2,3,44.79,4,EASIER
4,84.87,53.61,3,2,83.61,2,SAME
3,79.28,24.5,3,2,75.04,1,SAME
5,84.49,101.15,1,0,85.57,3,SAME
3,66.96,41.83,2,1,62.04,1,SAME
3,87.73,19.98,1,2,81.69,1,SAME
5,82.44,72.18,1,2,77.72,3,SAME
7,44.7,114.64,2,3,45.85,5,EASIER
7,46.54,37.08,3,3,40.51,5,EASIER
6,73.4,74.39,2,2,67.37,4,SAME
4,95.01,23.41,1,1,97.65,2,HARDER
4,82.62,40.47,2,1,86.7,2,SAME
6,45.77,116.95,4,3,36.64,4,EASIER
3,84.21,22.69,2,1,80.14,1,SAME
5,64.72,37.15,1,2,68.08,3,SAME
6,61.82,92.61,5,4,55.39,4,EASIER
7,26.8,300.0,2,3,24.06,5,HARDER
3,90.25,9.51,3,1,88.23,1,SAME
4,62.47,42.39,1,2,60.92,2,SAME
4,60.0,29.43,4,2,56.66,2,EASIER
5,81.15,46.97,1,1,78.51,3,SAME
3,81.97,23.86,1,1,77.96,1,SAME
7,25.46,92.85,4,5,18.08,5,EASIER
7,36.44,155.47,3,4,30.43,5,EASIER
4,74.24,33.92,2,2,73.83,2,SAME
5,71.82,19.89,2,2,68.2,3,SAME
5,64.55,109.28,2,3,57.41,3,EASIER
3,90.06,41.32,1,1,85.98,1,EASIER
7,59.65,80.46,2,2,55.87,5,SAME
6,63.19,84.15,3,3,53.92,4,EASIER
4,76.56,67.35,1,1,77.17,2,SAME
5,77.63,96.72,1,0,79.22,3,SAME
4,68.34,71.92,1,2,71.25,2,SAME
4,58.7,45.31,2,2,51.35,2,SAME
4,77.55,54.56,1,2,73.34,2,SAME
3,100.0,46.8,1,0,97.64,1,SAME
7,55.85,92.89,2,2,56.01,5,SAME
6,56.55,103.11,4,4,53.07,4,EASIER
7,69.05,34.76,2,2,66.62,5,SAME
3,86.57,12.38,1,0,87.46,1,HARDER
6,77.4,106.35,2,1,79.52,4,SAME
5,80.68,80.12,1,1,78.34,3,SAME
6,54.01,67.04,5,4,49.84,4,EASIER
7,44.16,80.48,4,4,39.79,5,EASIER
4,86.78,32.15,1,0,84.37,2,HARDER
3,100.0,27.23,1,1,95.93,1,HARDER
3,84.64,8.93,1,1,80.98,1,SAME
5,65.45,73.03,3,3,64.86,3,EASIER
3,91.03,25.36,1,0,93.1,1,HARDER
3,91.3,27.91,1,1,93.75,1,HARDER
3,90.72,23.66,2,0,88.65,1,HARDER
4,80.73,19.84,2,1,84.11,2,SAME
3,89.36,15.34,1,1,85.32,1,HARDER
5,90.46,123.29,1,1,84.09,3,EASIER
6,67.44,58.71,2,2,57.04,4,SAME
4,68.77,55.55,2,1,66.27,2,SAME
3,90.3,15.44,1,1,88.29,1,HARDER
5,49.26,57.57,5,4,41.02,3,EASIER
3,84.12,20.55,1,1,76.27,1,SAME
6,58.27,70.61,2,2,57.87,4,SAME
4,75.92,32.39,2,1,74.71,2,SAME
5,63.85,118.53,3,2,62.52,3,EASIER
4,53.23,94.02,3,3,52.84,2,EASIER
4,90.05,42.49,1,0,84.66,2,HARDER
3,73.88,20.81,3,2,73.74,1,SAME
5,65.19,30.04,1,2,63.23,3,SAME
3,95.83,13.42,1,0,98.91,1,HARDER
6,45.18,174.23,4,4,42.91,4,HARDER
4,90.45,19.06,1,0,89.98,2,HARDER
5,75.33,46.64,3,2,81.71,3,SAME
5,82.94,62.63,3,2,83.87,3,SAME
6,57.07,21.2,3,2,53.05,4,SAME
6,67.18,42.79,1,0,64.96,4,SAME
5,68.85,29.9,2,2,62.17,3,SAME
7,38.3,77.92,4,4,30.66,5,EASIER
4,77.78,42.91,1,1,77.27,2,SAME
6,58.75,139.93,2,2,54.66,4,SAME
4,67.4,27.82,1,1,69.22,2,SAME
6,79.42,64.5,1,0,83.27,4,SAME
5,74.13,54.67,2,2,73.0,3,SAME
7,72.9,72.2,2,2,69.3,5,SAME
4,60.09,46.25,3,2,61.07,2,SAME
5,84.87,72.42,2,1,83.74,3,SAME
3,93.65,8.0,2,1,98.27,1,HARDER
6,43.19,114.34,3,3,33.48,4,EASIER
3,57.08,26.46,4,3,53.25,1,EASIER
5,80.28,65.93,1,1,80.46,3,SAME
3,88.25,42.26,2,0,93.83,1,SAME
4,92.9,16.41,1,1,90.71,2,HARDER
5,49.32,31.16,4,4,45.75,3,EASIER
4,96.62,36.77,3,1,88.67,2,SAME
4,57.89,12.76,3,2,54.56,2,SAME
3,100.0,22.75,1,1,100.0,1,HARDER
6,47.5,127.32,1,2,45.95,4,EASIER
6,39.12,100.78,4,3,33.88,4,EASIER
5,79.78,60.31,2,1,75.31,3,SAME
3,100.0,22.54,1,0,99.9,1,HARDER
3,100.0,20.67,1,0,100.0,1,HARDER
6,68.45,63.71,1,2,65.59,4,SAME
7,35.37,126.87,3,3,37.1,5,EASIER
7,63.24,48.1,3,3,56.33,5,EASIER
5,42.37,119.66,5,4,39.85,3,EASIER
5,86.19,40.26,2,2,84.7,3,SAME
3,81.3,32.04,4,1,78.73,1,EASIER
3,96.0,25.91,1,1,96.9,1,SAME
6,47.35,45.01,3,3,47.68,4,EASIER
5,50.85,109.98,3,3,42.05,3,EASIER
5,73.63,99.06,2,1,79.09,3,SAME
4,79.05,18.16,2,2,81.89,2,SAME
4,100.0,36.71,1,0,100.0,2,HARDER
7,62.08,125.4,2,1,59.77,5,SAME
7,55.23,36.22,3,3,48.94,5,EASIER
6,80.52,27.22,2,2,85.07,4,SAME
4,63.47,25.68,3,2,63.44,2,SAME
6,55.25,41.42,4,3,54.73,4,EASIER
4,68.12,23.27,2,2,71.86,2,SAME
5,80.4,30.28,2,1,83.97,3,SAME
3,100.0,23.67,2,1,98.0,1,HARDER
6,58.67,51.56,3,2,53.48,4,SAME
3,63.73,41.04,2,2,58.57,1,SAME
6,74.08,90.06,2,2,70.73,4,SAME
6,83.87,123.94,1,1,79.0,4,SAME
3,61.42,11.79,4,3,57.67,1,EASIER
5,70.25,42.5,1,1,64.6,3,SAME
4,95.19,40.51,1,0,99.56,2,HARDER
5,38.29,72.58,5,4,37.61,3,EASIER
3,78.35,18.74,1,1,78.84,1,SAME
6,39.72,63.19,4,4,35.68,4,EASIER
5,72.69,47.78,1,1,74.2,3,SAME
4,92.84,33.04,1,1,88.67,2,HARDER
7,29.33,300.0,4,4,21.07,5,EASIER
6,72.97,96.51,2,2,71.55,4,SAME
6,48.8,83.72,5,4,36.84,4,EASIER
3,98.5,14.28,2,1,97.98,1,HARDER
5,82.18,31.47,2,1,84.31,3,SAME
6,37.45,73.39,4,5,27.71,4,EASIER
7,38.2,207.38,3,4,35.14,5,EASIER
6,84.7,73.93,1,2,83.23,4,SAME
3,95.11,23.32,1,0,94.82,1,HARDER
6,57.86,55.68,2,2,52.52,4,SAME
3,79.52,11.52,2,0,79.52,1,HARDER
4,65.5,46.66,5,2,62.11,2,EASIER
7,38.57,97.5,4,4,33.19,5,EASIER
7,59.63,142.82,3,3,54.13,5,EASIER
7,60.52,121.85,1,1,57.42,5,SAME
4,93.93,24.15,2,0,93.64,2,HARDER
6,75.56,92.2,2,2,73.72,4,SAME
6,50.23,41.9,3,2,51.59,4,HARDER
4,92.65,42.09,1,1,93.64,2,SAME
7,41.32,108.23,2,4,32.18,5,EASIER
7,38.23,259.34,3,4,33.65,5,SAME
3,90.12,17.0,1,1,91.48,1,HARDER
6,44.57,41.13,2,3,43.91,4,EASIER
5,57.79,47.27,1,2,54.55,3,EASIER
6,80.88,112.56,1,1,88.08,4,SAME
5,76.7,14.52,1,2,75.11,3,SAME
4,84.25,57.35,1,1,81.73,2,SAME
3,86.84,22.78,1,0,82.63,1,HARDER
5,90.94,32.96,1,0,93.78,3,HARDER
7,32.54,91.65,3,4,25.31,5,EASIER
7,58.31,74.78,3,3,49.79,5,EASIER
4,98.77,21.37,2,0,98.44,2,HARDER
7,33.18,38.94,4,4,33.02,5,EASIER
4,72.13,53.57,1,3,67.19,2,EASIER
5,81.27,43.97,1,2,76.72,3,SAME
4,91.17,31.61,1,2,85.78,2,SAME
5,60.5,88.11,1,2,64.03,3,SAME
5,65.95,59.63,2,3,60.24,3,EASIER
6,58.71,36.45,5,3,54.41,4,EASIER
5,96.23,80.92,1,1,96.87,3,SAME
5,70.19,120.9,1,2,62.45,3,EASIER
6,48.5,106.52,4,4,40.02,4,EASIER
5,73.53,37.8,2,2,70.01,3,SAME
5,18.39,27.98,5,5,9.18,3,EASIER
3,81.73,16.74,1,1,79.36,1,SAME
7,40.94,118.47,4,5,40.53,5,EASIER
3,100.0,47.16,2,0,100.0,1,SAME
7,39.67,74.04,5,4,29.01,5,EASIER
6,86.06,58.52,1,1,83.83,4,SAME
7,40.25,195.43,3,4,38.09,5,EASIER
3,94.95,20.61,1,0,94.32,1,HARDER
4,62.67,85.04,2,2,56.77,2,EASIER
3,73.72,23.41,1,0,77.28,1,SAME
5,53.9,103.39,2,2,51.64,3,EASIER
7,56.0,137.98,1,2,49.84,5,EASIER
6,65.94,118.44,1,1,62.57,4,SAME
6,41.86,74.79,4,3,36.56,4,EASIER
7,29.94,105.39,2,3,23.42,5,EASIER
3,82.7,30.12,3,1,78.27,1,SAME
6,56.62,124.18,1,2,55.79,4,SAME
4,75.6,48.66,2,2,70.67,2,SAME
6,60.92,32.71,1,2,52.71,4,SAME
6,79.07,93.76,1,0,81.7,4,SAME
6,28.64,58.28,4,5,21.69,4,EASIER
5,85.83,44.27,1,1,82.7,3,HARDER
6,55.05,104.02,2,3,53.09,4,EASIER
5,37.92,134.41,5,4,32.06,3,EASIER
6,69.06,72.68,1,2,67.07,4,SAME
5,39.13,154.01,5,4,33.16,3,EASIER
4,97.92,22.69,1,1,97.06,2,HARDER
4,87.31,67.8,1,1,86.28,2,SAME
4,89.53,46.53,2,1,90.14,2,HARDER
6,73.26,91.39,1,1,69.3,4,SAME
7,28.94,238.01,4,4,22.65,5,EASIER
3,73.21,18.83,3,2,71.68,1,SAME
3,69.39,44.14,1,0,65.5,1,SAME
5,89.39,52.32,2,0,90.24,3,HARDER
6,60.04,58.72,2,2,56.48,4,SAME
3,61.91,13.85,2,3,59.57,1,EASIER
4,60.8,80.05,2,2,58.18,2,EASIER
3,69.85,41.54,1,2,69.1,1,SAME
3,80.51,20.21,1,1,82.32,1,SAME
3,87.01,31.87,2,1,81.48,1,HARDER
6,38.29,87.58,2,4,33.98,4,EASIER
7,68.95,92.4,2,2,70.59,5,SAME
5,58.67,93.5,2,3,54.53,3,EASIER
3,86.06,18.93,1,1,85.86,1,EASIER
7,53.61,33.92,2,2,50.26,5,EASIER
4,69.95,42.94,1,2,69.25,2,SAME
3,96.25,25.75,1,0,97.0,1,HARDER
3,72.93,19.2,1,1,76.13,1,SAME
4,99.37,24.98,1,1,99.32,2,HARDER
6,42.76,36.45,3,2,35.03,4,EASIER
4,82.01,32.04,1,1,81.94,2,SAME
5,67.88,37.61,1,2,63.81,3,SAME
4,85.71,59.79,2,0,85.67,2,SAME
7,25.01,148.41,4,4,14.92,5,EASIER
6,83.87,63.74,1,1,78.01,4,SAME
6,69.02,107.61,4,2,66.22,4,EASIER
5,60.16,55.0,1,2,62.88,3,SAME
5,47.64,50.76,2,2,39.33,3,EASIER
7,37.45,108.7,4,3,29.86,5,EASIER
6,53.15,205.98,2,2,50.2,4,EASIER
7,27.23,159.09,5,5,24.28,5,EASIER
3,78.4,21.89,2,2,75.92,1,SAME
7,56.44,182.3,2,3,47.31,5,EASIER
7,60.08,178.75,1,2,53.81,5,SAME
6,28.99,93.86,4,5,18.86,4,EASIER
7,25.53,93.64,5,5,17.82,5,EASIER
5,83.17,47.71,2,1,84.56,3,SAME
4,84.34,22.93,1,0,88.03,2,SAME
6,60.52,90.07,2,3,54.1,4,EASIER
6,54.68,59.72,1,2,52.76,4,EASIER
3,96.87,20.58,1,0,98.56,1,HARDER
4,53.59,50.95,5,3,54.56,2,EASIER
4,78.93,83.98,1,2,78.9,2,EASIER
5,71.63,69.8,3,3,62.5,3,EASIER
3,77.23,23.86,1,1,82.5,1,SAME
6,67.73,81.2,3,3,65.32,4,EASIER
3,90.84,41.48,1,0,93.85,1,SAME
7,65.45,138.35,2,2,63.57,5,SAME
6,58.01,90.69,2,2,54.11,4,SAME
4,82.54,43.03,3,2,81.03,2,SAME
4,37.77,19.42,3,3,34.31,2,EASIER
6,45.21,100.46,2,2,37.16,4,EASIER
3,71.67,16.94,2,1,72.26,1,SAME
6,52.0,100.67,2,3,46.6,4,EASIER
5,80.93,40.31,2,1,80.73,3,SAME
4,53.46,50.17,2,4,52.51,2,EASIER
7,64.66,103.04,2,2,57.44,5,SAME
6,61.63,45.2,2,2,51.1,4,SAME
3,76.43,21.97,1,1,73.61,1,SAME
6,60.03,258.21,3,3,53.42,4,EASIER
5,39.96,18.83,4,4,33.26,3,EASIER
6,50.14,89.41,5,4,48.43,4,EASIER
5,62.32,35.17,5,3,55.89,3,EASIER
7,10.23,237.2,4,5,3.62,5,EASIER
7,38.34,174.76,2,3,33.24,5,EASIER
3,96.53,27.16,2,0,99.22,1,HARDER
5,75.09,91.34,1,2,74.58,3,SAME
4,89.83,42.63,1,1,92.28,2,HARDER
5,55.68,58.18,4,4,46.39,3,EASIER
3,97.46,19.15,1,0,100.0,1,SAME
5,55.62,48.51,2,3,51.63,3,EASIER
3,90.11,20.34,2,1,86.61,1,HARDER
6,46.07,82.44,4,3,41.1,4,EASIER
5,73.62,22.73,1,1,72.96,3,SAME
7,33.23,196.3,2,3,29.39,5,EASIER
7,1.82,300.0,5,5,0.0,5,EASIER
6,39.39,65.49,5,4,36.57,4,EASIER
5,78.79,103.76,2,1,82.11,3,SAME
6,71.15,76.48,1,2,70.38,4,SAME
6,37.23,59.95,4,4,30.58,4,EASIER
3,73.02,21.09,3,2,68.34,1,SAME
4,79.78,39.56,1,1,78.21,2,SAME
7,31.89,75.59,4,4,28.55,5,EASIER
4,65.55,50.53,4,3,64.67,2,EASIER
3,78.31,19.84,1,0,77.02,1,SAME
7,54.44,62.4,1,1,49.55,5,EASIER
7,28.94,110.79,4,4,22.38,5,EASIER
6,46.64,57.16,3,3,42.92,4,EASIER
6,71.87,69.17,3,2,66.63,4,SAME
4,68.23,37.04,2,1,64.31,2,SAME
4,77.73,20.25,1,1,72.23,2,SAME
7,31.92,248.04,5,5,22.3,5,EASIER
7,54.47,174.41,3,4,49.78,5,EASIER
5,63.47,42.46,2,3,58.03,3,EASIER
4,89.85,37.66,2,1,89.74,2,HARDER
3,70.58,33.18,2,2,67.07,1,SAME
3,96.34,27.43,1,2,89.08,1,SAME
5,68.12,147.08,1,1,65.18,3,EASIER
5,80.83,51.54,1,0,82.87,3,SAME
6,63.11,152.17,2,3,59.3,4,EASIER
7,61.34,54.12,1,2,51.79,5,SAME
4,74.85,21.82,3,1,76.15,2,SAME
3,88.48,52.9,2,1,84.28,1,EASIER
7,23.28,88.51,4,4,14.82,5,EASIER
6,52.47,44.69,2,2,54.31,4,EASIER
5,86.16,56.65,1,1,78.66,3,HARDER
3,59.47,43.88,2,2,54.43,1,SAME
5,63.67,39.75,1,1,67.66,3,SAME
6,79.11,80.24,2,1,81.32,4,SAME
7,51.05,40.76,2,2,57.25,5,EASIER
5,50.35,45.99,5,4,43.7,3,EASIER
5,63.7,95.02,3,2,61.72,3,SAME
4,60.17,26.28,5,3,58.92,2,EASIER
5,42.58,30.9,5,5,31.01,3,EASIER
3,85.32,17.7,1,0,85.33,1,SAME
3,100.0,19.06,2,1,96.53,1,HARDER
6,44.44,122.04,2,3,36.66,4,EASIER
4,68.0,45.43,2,2,62.49,2,SAME
7,39.14,153.05,2,3,36.14,5,EASIER
4,80.99,38.51,1,1,77.84,2,SAME
7,38.02,79.89,3,4,32.73,5,EASIER
3,100.0,17.7,1,1,98.76,1,HARDER
3,100.0,30.3,1,0,100.0,1,HARDER
5,63.24,127.36,2,1,66.07,3,EASIER
7,50.97,67.07,1,2,45.15,5,EASIER
3,95.24,15.89,3,2,93.27,1,SAME
5,67.82,33.06,1,2,67.51,3,SAME
4,84.14,56.17,1,1,81.01,2,SAME
6,66.21,80.22,2,2,67.81,4,SAME
5,42.88,76.35,4,3,35.83,3,EASIER
6,50.52,62.96,3,3,49.97,4,EASIER
4,100.0,50.81,1,0,100.0,2,HARDER
4,86.15,33.19,1,1,83.57,2,HARDER
6,60.56,36.72,3,2,63.3,4,SAME
4,62.45,58.64,5,3,54.51,2,EASIER
6,66.85,80.47,2,2,64.99,4,SAME
3,93.25,21.78,2,0,89.19,1,HARDER
4,81.69,43.37,2,1,80.3,2,SAME
3,80.69,13.15,2,1,77.91,1,SAME
3,100.0,30.28,1,0,97.91,1,HARDER
4,76.71,28.72,1,2,75.13,2,HARDER
5,64.98,53.69,2,2,62.65,3,SAME
3,100.0,41.51,1,0,100.0,1,SAME
3,97.28,33.27,1,1,95.12,1,HARDER
7,50.79,101.73,2,2,44.72,5,EASIER
5,70.96,55.17,1,1,71.83,3,SAME
6,48.32,21.65,4,3,47.27,4,EASIER
6,72.81,53.48,1,1,70.83,4,SAME
3,89.25,26.93,1,2,89.71,1,SAME
6,63.69,55.11,1,2,66.83,4,EASIER
7,62.86,54.36,2,2,64.31,5,SAME
5,68.89,73.56,2,2,67.09,3,SAME
7,41.84,228.27,4,4,34.23,5,EASIER
7,50.11,75.59,3,3,42.25,5,EASIER
5,50.33,89.44,2,3,48.21,3,EASIER
3,94.15,34.52,1,0,92.58,1,SAME
6,73.3,49.34,2,2,72.73,4,SAME
7,45.94,75.33,4,4,37.16,5,SAME
5,52.49,141.6,1,1,55.13,3,EASIER
7,58.81,60.93,2,2,54.38,5,SAME
5,71.5,42.9,1,2,65.35,3,SAME
5,69.71,153.47,1,1,68.62,3,EASIER
7,68.15,82.14,1,1,64.2,5,SAME
3,71.38,45.65,3,1,67.39,1,SAME
5,83.68,34.97,1,1,84.73,3,SAME
3,80.9,26.59,3,2,76.49,1,SAME
6,68.66,144.23,1,2,68.27,4,SAME
7,51.81,86.81,2,3,48.86,5,EASIER
7,59.23,118.26,3,3,54.62,5,EASIER
4,98.69,53.92,1,0,98.39,2,SAME
6,41.66,51.3,5,4,34.08,4,EASIER
7,28.51,300.0,3,4,20.76,5,EASIER
7,30.61,197.17,4,4,25.55,5,EASIER
5,85.62,48.6,1,0,87.82,3,HARDER
3,91.02,22.52,1,0,93.07,1,HARDER
5,45.99,149.42,4,4,44.39,3,EASIER
6,61.8,68.18,1,1,60.63,4,SAME
6,67.25,64.15,2,2,69.42,4,SAME
4,81.52,65.12,2,1,80.24,2,SAME
4,83.14,19.67,1,1,82.63,2,SAME
6,58.96,78.73,3,2,63.63,4,SAME
5,54.22,60.47,5,2,54.44,3,EASIER
5,80.08,40.94,2,1,79.39,3,SAME
7,46.3,47.72,2,3,44.27,5,EASIER
3,61.02,25.78,4,3,57.58,1,EASIER
4,57.35,52.51,4,3,59.16,2,EASIER
7,49.25,77.36,3,3,43.98,5,EASIER
7,36.83,58.88,4,4,27.22,5,EASIER
4,71.39,68.58,2,1,69.79,2,SAME
7,60.85,149.36,2,3,55.15,5,EASIER
4,68.01,32.06,1,2,63.89,2,SAME
3,80.21,37.66,1,1,74.99,1,SAME
4,76.04,42.57,1,2,76.45,2,SAME
5,84.05,140.63,1,1,84.76,3,EASIER
3,90.08,33.6,1,0,95.97,1,HARDER
3,92.4,13.47,1,0,94.07,1,HARDER
6,60.71,58.22,1,2,61.01,4,SAME
6,50.5,59.68,3,2,47.48,4,EASIER
6,33.46,96.32,2,3,27.58,4,EASIER
7,35.49,94.93,5,4,27.09,5,EASIER
4,69.46,22.37,2,1,71.58,2,SAME
7,13.65,154.41,5,4,10.13,5,EASIER
4,85.32,60.8,1,1,85.89,2,SAME
7,45.55,105.9,2,4,37.97,5,EASIER
6,49.11,91.44,4,4,48.35,4,EASIER
4,79.92,24.12,2,1,77.77,2,SAME
4,100.0,29.73,1,0,100.0,2,HARDER
5,51.47,45.7,4,4,44.53,3,SAME
5,70.4,76.47,2,1,69.89,3,SAME
4,61.85,42.86,4,4,59.45,2,EASIER
4,68.37,32.55,2,2,65.95,2,SAME
7,51.0,91.58,3,3,46.35,5,EASIER
6,78.24,29.47,1,1,73.82,4,SAME
3,93.67,51.08,1,0,98.75,1,EASIER
6,77.38,27.72,1,2,70.24,4,SAME
3,80.62,30.16,1,1,75.4,1,SAME
5,56.5,59.09,4,2,55.18,3,EASIER
3,72.26,22.21,1,1,70.44,1,SAME
6,29.78,81.65,4,3,26.83,4,EASIER
3,80.46,18.61,5,2,77.31,1,EASIER
4,83.92,51.65,1,1,78.11,2,SAME
3,96.71,13.93,1,1,90.69,1,HARDER
3,82.43,28.93,3,2,74.33,1,SAME
3,89.45,18.49,1,1,94.85,1,HARDER
5,77.44,46.95,3,1,72.74,3,SAME
7,40.25,90.07,4,4,32.95,5,EASIER
4,60.06,35.16,1,2,60.35,2,SAME
6,55.75,106.47,3,3,54.21,4,SAME
5,87.08,56.98,1,1,83.31,3,HARDER
4,66.59,58.91,1,1,63.43,2,SAME
3,85.49,39.8,1,0,85.22,1,SAME
6,73.85,96.28,2,2,68.87,4,SAME
3,91.83,33.87,2,0,93.87,1,SAME
5,67.33,158.03,1,1,74.6,3,EASIER
3,81.3,13.33,1,1,78.49,1,SAME
6,57.77,143.5,2,1,54.45,4,SAME
7,53.6,259.94,1,2,52.82,5,EASIER
4,91.23,46.59,1,1,82.24,2,HARDER
4,77.77,92.99,1,2,75.42,2,EASIER
5,87.32,139.55,1,1,83.06,3,EASIER
5,79.31,49.09,1,2,81.11,3,SAME
4,79.87,33.62,1,1,75.74,2,SAME
4,62.79,48.76,3,2,59.62,2,SAME
3,80.32,18.94,1,1,78.41,1,SAME
4,87.15,135.89,1,0,88.26,2,EASIER
5,72.32,85.71,1,0,74.59,3,SAME
6,38.16,84.01,1,3,35.11,4,EASIER
6,58.45,39.39,2,2,52.21,4,SAME
5,82.65,65.7,2,1,81.9,3,SAME
6,64.66,44.26,1,1,66.34,4,SAME
5,52.78,84.49,2,2,47.76,3,EASIER
4,78.49,11.72,1,1,75.78,2,SAME
4,80.41,72.82,2,1,81.0,2,SAME
5,74.01,47.02,1,1,69.05,3,SAME
4,52.41,17.16,4,3,49.64,2,EASIER
6,69.1,81.3,2,1,69.31,4,SAME
3,100.0,25.19,1,0,96.38,1,HARDER
3,100.0,24.29,1,0,100.0,1,HARDER
5,74.36,114.82,1,2,70.93,3,SAME
3,80.36,29.62,2,0,78.77,1,SAME
3,93.59,35.63,1,0,95.93,1,SAME
4,90.49,33.81,2,0,87.93,2,HARDER
3,100.0,30.23,1,1,99.09,1,HARDER
4,82.88,20.54,1,0,83.77,2,SAME
5,58.6,65.9,2,2,57.12,3,SAME
4,65.39,26.61,4,2,66.43,2,EASIER
7,46.14,229.91,2,4,41.73,5,EASIER
3,80.65,25.85,3,1,79.71,1,SAME
6,27.0,115.75,5,4,19.31,4,EASIER
5,68.85,66.04,1,1,69.63,3,SAME
6,41.18,209.77,5,4,36.84,4,EASIER
6,57.79,36.43,3,3,50.57,4,EASIER
3,76.79,23.77,1,0,76.11,1,SAME
6,70.13,49.77,3,2,64.53,4,SAME
4,80.5,14.5,1,1,80.3,2,SAME
6,73.92,48.12,1,1,72.33,4,SAME
4,76.16,65.92,1,0,77.64,2,SAME
4,79.74,37.46,2,2,75.98,2,SAME
6,77.15,73.14,2,2,74.9,4,SAME
7,44.51,170.73,5,4,39.57,5,EASIER
7,58.18,119.27,4,3,55.46,5,EASIER
6,55.04,112.8,2,2,52.29,4,SAME
5,76.06,68.05,2,2,69.84,3,SAME
5,35.94,75.87,4,5,31.37,3,EASIER
7,59.34,87.66,2,2,59.37,5,SAME
4,88.18,62.16,3,1,91.0,2,SAME
7,42.45,57.85,2,3,35.16,5,EASIER
6,39.61,78.41,4,4,31.96,4,EASIER
6,63.15,145.06,1,0,60.19,4,SAME
5,60.1,53.74,3,2,50.81,3,SAME
7,50.86,88.56,4,4,47.42,5,EASIER
6,49.12,269.54,3,4,38.79,4,EASIER
3,65.68,47.0,1,1,66.15,1,SAME
6,57.82,88.27,1,1,52.17,4,SAME
6,54.13,49.5,3,3,44.6,4,EASIER
7,56.54,36.94,1,2,52.28,5,SAME
7,41.62,164.8,4,4,36.92,5,EASIER
7,44.46,223.27,3,3,34.66,5,EASIER
3,64.77,29.81,1,1,61.64,1,SAME
6,66.44,33.69,1,1,60.43,4,SAME
7,52.7,122.23,1,2,51.8,5,EASIER
7,36.19,85.9,5,4,30.16,5,EASIER
5,76.88,62.83,2,2,73.94,3,SAME
7,24.57,300.0,4,5,19.72,5,EASIER
7,16.04,172.21,5,5,7.86,5,EASIER
3,100.0,32.31,1,0,100.0,1,HARDER
7,54.31,109.27,1,3,54.64,5,EASIER
6,55.62,101.72,2,4,49.73,4,EASIER
5,49.04,40.55,2,3,39.19,3,EASIER
3,95.29,32.0,1,0,96.66,1,HARDER
7,56.17,100.8,2,2,50.63,5,SAME
4,82.4,25.82,2,1,79.64,2,EASIER
5,65.81,86.82,1,3,59.28,3,EASIER
4,84.15,13.31,2,2,81.73,2,SAME
7,71.57,83.24,2,2,68.1,5,SAME
5,43.18,78.57,2,2,39.63,3,EASIER
3,86.44,43.11,2,1,86.86,1,SAME
3,73.43,30.84,1,1,71.22,1,SAME
7,46.97,77.65,4,4,41.49,5,EASIER
4,88.78,37.1,2,1,90.91,2,HARDER
6,57.55,95.41,1,1,60.13,4,SAME
3,79.08,50.06,1,0,84.85,1,EASIER
7,58.66,184.98,1,1,61.48,5,SAME
6,44.76,132.85,4,4,34.28,4,EASIER
4,68.86,39.19,1,1,65.11,2,SAME
7,42.75,62.48,3,3,40.16,5,EASIER
4,68.51,19.62,2,3,65.45,2,EASIER
7,53.49,95.04,2,2,49.91,5,EASIER
5,94.38,82.0,1,0,96.85,3,SAME
5,78.73,45.24,1,1,74.18,3,SAME
3,77.6,32.25,1,1,78.27,1,SAME
4,86.99,26.16,1,1,88.55,2,HARDER
3,80.17,18.8,2,1,73.78,1,SAME
7,47.48,241.26,4,4,41.8,5,EASIER
3,84.28,35.17,1,0,85.02,1,SAME
3,86.67,21.81,1,0,83.67,1,HARDER
3,95.23,17.28,2,0,91.29,1,EASIER
7,47.61,187.85,1,2,45.36,5,EASIER
7,30.41,180.58,3,4,25.96,5,EASIER
6,63.4,114.33,2,1,61.41,4,SAME
3,84.86,23.1,2,1,82.14,1,SAME
5,48.38,33.74,3,3,45.22,3,EASIER
7,13.11,111.1,5,5,1.17,5,EASIER
3,91.79,46.77,1,0,95.75,1,SAME
6,73.46,51.11,1,1,78.63,4,SAME
3,95.91,25.53,1,0,96.23,1,HARDER
7,54.19,273.15,2,2,55.24,5,EASIER
5,71.1,49.89,2,3,69.29,3,EASIER
7,40.3,104.48,4,4,41.94,5,EASIER
5,84.89,29.73,1,0,77.7,3,SAME
6,61.61,113.38,2,2,60.57,4,SAME
7,46.54,74.8,1,2,35.99,5,EASIER
4,72.57,18.3,3,1,68.22,2,SAME
6,70.17,49.94,2,2,66.97,4,SAME
5,66.48,64.3,1,2,62.35,3,SAME
5,88.83,26.53,2,1,90.91,3,HARDER
6,66.52,39.89,1,2,68.85,4,SAME
4,87.9,49.42,2,1,87.74,2,SAME
3,79.19,24.21,1,1,85.45,1,SAME
5,86.09,36.89,1,0,82.51,3,HARDER
7,78.12,94.01,1,1,73.83,5,SAME
3,78.86,54.18,1,1,74.0,1,EASIER
4,84.69,69.41,1,1,86.34,2,SAME
6,46.39,77.54,4,4,44.2,4,EASIER
5,56.41,86.87,2,2,48.82,3,EASIER
6,70.81,87.33,1,1,66.77,4,SAME
5,66.44,24.1,2,2,62.76,3,SAME
7,53.11,38.63,2,2,48.34,5,EASIER
7,43.15,68.23,2,3,36.77,5,EASIER
5,86.42,26.59,1,2,82.56,3,EASIER
5,64.72,66.35,2,2,58.85,3,EASIER
4,80.74,29.34,1,1,82.33,2,SAME
5,64.42,71.59,1,2,66.36,3,SAME
7,51.43,142.41,4,4,41.14,5,EASIER
5,60.7,81.61,1,2,58.64,3,SAME
6,31.35,50.54,4,3,28.79,4,EASIER
5,77.19,74.87,1,1,72.93,3,SAME
6,64.54,49.89,1,2,56.52,4,SAME
6,66.96,118.7,2,2,63.42,4,SAME
5,90.2,106.24,1,0,88.45,3,SAME
7,51.8,166.1,4,3,46.07,5,EASIER
7,73.53,101.7,1,1,73.82,5,SAME
3,72.39,32.17,2,2,72.94,1,SAME
4,81.5,18.48,3,1,88.03,2,SAME
7,58.0,42.95,1,2,56.21,5,SAME
5,49.25,73.08,3,3,44.52,3,EASIER
4,87.39,70.26,1,0,83.41,2,SAME
6,37.25,43.22,5,4,32.8,4,EASIER
6,61.21,82.65,2,1,60.32,4,SAME
3,96.99,30.39,1,0,96.59,1,HARDER
3,84.57,19.02,3,2,82.02,1,SAME
7,45.64,93.09,3,4,34.18,5,EASIER
6,48.04,112.8,4,4,35.96,4,EASIER
4,93.99,39.98,1,1,95.9,2,HARDER
7,40.47,119.09,3,4,28.48,5,EASIER
3,44.55,16.15,5,5,32.89,1,EASIER
7,43.6,110.11,3,3,35.76,5,EASIER
3,79.42,20.94,2,1,79.15,1,SAME
6,40.55,68.56,5,4,41.75,4,EASIER
7,66.89,83.38,4,2,63.76,5,EASIER
6,48.0,80.84,3,3,41.42,4,EASIER
6,68.18,52.21,1,2,69.28,4,SAME
4,74.49,38.22,1,1,69.73,2,SAME
4,72.59,32.01,3,2,71.9,2,SAME
4,61.75,24.52,5,3,58.5,2,EASIER
3,98.22,10.5,1,1,94.68,1,EASIER
4,78.07,59.32,2,3,73.47,2,EASIER
4,83.76,53.97,1,1,83.4,2,HARDER
6,43.33,53.96,1,2,38.89,4,EASIER
4,90.73,52.35,1,0,90.42,2,SAME
3,100.0,15.84,1,1,99.64,1,HARDER
6,61.39,69.9,1,2,60.58,4,SAME
5,67.47,44.61,1,1,61.12,3,SAME
4,64.96,33.35,2,2,61.98,2,SAME
6,67.19,114.75,2,3,60.75,4,EASIER
4,64.58,31.46,2,2,65.81,2,SAME
6,61.62,68.72,2,3,57.15,4,EASIER
3,72.86,34.8,1,2,69.49,1,SAME
5,81.43,59.8,1,1,84.41,3,SAME
5,65.22,43.27,2,3,57.3,3,EASIER
4,85.98,42.55,1,1,84.93,2,HARDER
6,35.16,137.4,4,4,27.77,4,EASIER
4,74.21,62.42,1,2,77.24,2,SAME
6,63.7,41.18,1,2,58.12,4,SAME
4,74.65,20.87,1,1,73.45,2,SAME
5,64.13,95.11,1,2,60.99,3,SAME
6,55.92,70.61,1,3,51.37,4,EASIER
7,40.19,33.77,5,4,38.36,5,EASIER
4,87.31,26.96,1,0,89.38,2,SAME
5,65.36,46.67,2,2,62.7,3,SAME
5,85.3,49.69,1,0,87.61,3,HARDER
7,53.62,169.93,4,3,49.44,5,EASIER
7,41.21,67.5,3,3,32.65,5,EASIER
6,68.2,133.38,1,2,66.18,4,SAME
7,63.81,130.83,1,2,69.45,5,SAME
3,75.95,14.1,2,1,76.93,1,SAME
6,41.69,69.45,3,4,32.92,4,EASIER
7,73.17,146.66,3,2,64.85,5,SAME
6,59.64,83.7,3,3,52.64,4,EASIER
5,62.38,69.97,3,3,55.32,3,EASIER
7,59.59,81.32,2,2,57.17,5,SAME
6,87.48,109.42,2,1,90.86,4,HARDER
7,39.61,90.14,4,4,31.33,5,EASIER
3,86.32,77.63,1,1,83.76,1,EASIER
6,42.66,41.29,5,3,40.74,4,EASIER
5,62.0,220.51,3,3,56.99,3,EASIER
7,44.97,66.69,4,4,41.56,5,EASIER
7,8.97,223.93,5,6,0.0,5,EASIER
7,17.48,175.82,4,5,9.32,5,EASIER
4,95.38,24.78,1,0,95.52,2,HARDER
5,71.12,78.04,2,2,68.37,3,SAME
3,86.34,20.05,1,1,80.45,1,HARDER
7,45.84,130.1,2,3,41.34,5,EASIER
4,100.0,40.73,1,0,100.0,2,HARDER
6,72.54,68.38,1,2,68.03,4,SAME
5,75.73,46.82,2,1,75.78,3,EASIER
7,49.15,134.87,4,3,47.04,5,EASIER
7,67.72,68.44,1,2,65.63,5,SAME
6,65.1,52.27,1,1,62.37,4,SAME
6,49.57,134.73,3,4,39.93,4,EASIER
3,89.69,30.25,2,1,90.17,1,HARDER
7,72.76,54.95,1,1,73.72,5,SAME
3,100.0,16.0,1,0,100.0,1,HARDER
5,61.23,20.14,2,1,55.17,3,SAME
4,70.39,58.27,3,2,71.78,2,SAME
4,73.97,52.52,1,1,76.13,2,SAME
7,33.68,61.88,5,5,27.05,5,EASIER
4,52.1,51.57,5,3,51.13,2,EASIER
5,62.15,154.98,2,3,58.14,3,EASIER
4,66.15,18.43,5,3,62.37,2,EASIER
7,46.65,80.1,2,3,39.1,5,EASIER
6,84.58,36.41,2,2,80.59,4,SAME
5,73.96,92.76,3,2,72.66,3,SAME
3,72.25,23.95,1,1,70.55,1,SAME
3,86.39,20.94,2,1,82.67,1,HARDER
4,49.84,42.29,4,4,43.11,2,EASIER
5,73.81,44.03,2,1,72.39,3,SAME
7,47.2,89.98,1,3,46.45,5,EASIER
3,100.0,28.25,1,1,100.0,1,HARDER
5,90.13,42.88,1,0,89.55,3,HARDER
4,78.69,30.48,1,1,75.98,2,SAME
3,77.77,23.32,3,1,78.66,1,SAME
6,55.51,85.99,1,1,51.93,4,SAME
6,33.32,112.12,5,4,29.4,4,EASIER
7,36.68,153.91,4,3,36.17,5,EASIER
5,45.53,27.61,3,3,45.83,3,EASIER
4,91.88,73.65,2,0,89.43,2,SAME
7,63.97,115.67,1,1,63.15,5,SAME
4,90.45,32.52,2,0,90.64,2,HARDER
6,60.76,51.26,2,2,53.12,4,SAME
7,40.02,300.0,1,2,38.65,5,HARDER
3,80.12,71.45,2,3,75.57,1,EASIER
7,51.17,300.0,2,2,47.6,5,EASIER
4,69.12,40.23,2,1,67.75,2,SAME
5,78.7,68.77,1,1,76.36,3,SAME
4,74.16,76.58,1,0,72.54,2,EASIER
3,66.24,22.46,1,1,67.21,1,SAME
6,63.63,108.66,1,1,62.04,4,SAME
5,70.59,64.9,2,2,71.1,3,SAME
5,69.39,149.94,1,1,69.96,3,EASIER
5,61.77,118.09,2,2,61.0,3,EASIER
6,63.74,76.32,2,2,56.54,4,SAME
7,36.99,257.15,2,4,31.03,5,EASIER
5,68.16,57.89,3,2,67.7,3,SAME
3,84.78,19.61,1,1,87.21,1,SAME
4,92.69,33.23,1,0,92.84,2,HARDER
5,61.07,62.39,1,2,54.8,3,SAME
3,90.61,17.63,1,0,94.78,1,HARDER
4,82.05,29.79,2,1,78.34,2,SAME
4,90.38,19.28,2,2,82.35,2,SAME
7,49.76,71.54,2,2,46.94,5,SAME
5,88.93,65.14,1,2,85.78,3,SAME
7,39.57,197.64,4,4,37.27,5,EASIER
5,92.96,91.18,1,0,96.22,3,SAME
5,52.32,71.75,2,2,47.87,3,EASIER
7,37.18,48.67,5,4,28.16,5,EASIER
6,48.17,52.4,4,3,42.76,4,EASIER
4,85.36,34.63,1,2,82.99,2,SAME
4,91.41,59.75,1,1,91.94,2,SAME
6,84.89,61.38,1,1,82.3,4,SAME
3,93.18,14.53,1,0,95.29,1,HARDER
3,70.08,47.63,1,1,66.85,1,SAME
3,85.39,18.03,1,1,88.92,1,HARDER
6,90.27,45.61,3,1,89.81,4,SAME
5,51.5,64.91,3,4,41.84,3,EASIER
3,91.53,24.45,1,0,89.66,1,HARDER
6,70.56,63.22,2,2,65.34,4,SAME
6,73.51,82.02,2,1,71.12,4,SAME
6,48.9,50.66,3,3,41.07,4,EASIER
3,100.0,19.91,1,0,99.02,1,SAME
7,75.98,109.82,1,1,73.22,5,SAME
3,80.36,10.1,3,1,79.81,1,SAME
5,63.66,93.06,1,1,60.93,3,SAME
5,63.37,29.4,2,2,63.09,3,SAME
4,76.22,24.44,1,1,73.71,2,SAME
4,79.0,60.8,1,1,74.07,2,SAME
3,83.05,32.21,4,2,73.14,1,EASIER
5,72.5,60.56,2,1,71.74,3,SAME
6,62.31,33.73,3,2,57.93,4,SAME
4,78.2,28.59,2,1,72.31,2,EASIER
5,79.24,52.11,3,3,74.88,3,EASIER
7,38.27,103.57,2,4,30.09,5,EASIER
4,39.78,64.98,1,3,38.65,2,EASIER
4,64.19,97.02,3,2,58.91,2,EASIER
3,88.56,32.87,1,0,93.42,1,HARDER
5,54.86,44.52,4,3,50.14,3,EASIER
4,66.4,67.25,2,3,62.72,2,HARDER
7,26.97,81.22,4,4,22.89,5,EASIER
4,75.15,11.07,2,1,75.32,2,SAME
6,37.28,42.82,5,3,33.33,4,EASIER
3,84.91,8.7,2,1,79.6,1,SAME
4,90.93,31.73,1,0,99.09,2,HARDER
3,100.0,23.09,1,0,96.62,1,HARDER
5,85.41,26.37,1,0,81.85,3,HARDER
3,89.1,17.1,1,2,87.26,1,SAME
3,94.38,13.25,1,0,97.34,1,HARDER
5,63.48,54.47,1,1,58.72,3,SAME
5,67.17,38.01,1,2,68.45,3,SAME
4,100.0,61.08,1,0,96.57,2,SAME
5,73.48,63.08,3,3,71.65,3,EASIER
5,54.7,128.36,1,2,52.75,3,EASIER
6,47.76,64.73,3,3,50.15,4,EASIER
5,60.03,167.65,5,3,57.2,3,EASIER
7,46.98,112.15,2,3,43.95,5,EASIER
4,63.14,29.64,1,1,62.67,2,SAME
3,73.0,73.02,2,1,75.06,1,EASIER
5,57.13,23.46,3,2,52.05,3,SAME
3,100.0,19.55,1,0,99.47,1,HARDER
6,72.09,34.5,2,1,71.94,4,SAME
4,57.49,16.02,4,3,57.55,2,EASIER
4,76.13,14.38,2,1,76.12,2,SAME
5,50.45,78.71,5,5,39.3,3,EASIER
3,97.9,13.84,1,0,100.0,1,HARDER
4,79.85,33.71,1,1,80.03,2,SAME
7,39.58,182.11,4,4,34.68,5,EASIER
6,62.92,104.34,4,3,59.85,4,EASIER
5,74.33,71.19,1,1,71.85,3,SAME
5,74.71,105.77,1,1,74.97,3,SAME
5,71.05,128.65,2,2,64.2,3,EASIER
7,28.72,56.62,5,3,27.82,5,EASIER
7,22.57,145.74,5,5,21.67,5,EASIER
5,74.34,50.69,2,1,78.02,3,SAME
7,48.4,103.4,4,3,43.01,5,EASIER
3,89.1,12.76,1,1,90.06,1,HARDER
4,70.0,29.59,2,2,70.19,2,SAME
4,64.88,31.15,3,2,64.19,2,HARDER
6,65.62,172.51,1,2,61.11,4,EASIER
6,57.06,44.97,1,2,53.15,4,SAME
5,81.51,17.81,2,1,77.66,3,SAME
4,80.22,37.89,4,1,76.96,2,EASIER
5,32.49,31.14,5,5,31.21,3,EASIER
4,90.12,35.59,1,0,90.56,2,HARDER
5,76.93,80.44,2,2,71.5,3,SAME
4,86.6,36.26,2,0,88.79,2,HARDER
7,44.83,88.54,1,2,47.53,5,EASIER
6,59.44,75.59,2,2,58.23,4,SAME
3,75.83,36.45,2,1,74.91,1,SAME
7,60.32,59.69,1,2,49.95,5,EASIER
6,32.4,119.76,4,4,24.46,4,EASIER
4,95.98,23.7,2,0,97.42,2,HARDER
5,59.19,78.14,4,3,60.13,3,EASIER
3,78.82,12.58,1,2,75.9,1,SAME
3,83.39,31.83,1,1,84.88,1,SAME
5,92.42,55.15,1,0,94.01,3,HARDER
6,40.56,86.22,5,4,34.39,4,EASIER
4,96.34,59.64,1,0,94.24,2,SAME
4,91.43,25.83,1,0,92.03,2,HARDER
7,27.07,110.48,4,5,26.31,5,EASIER
7,29.51,132.13,4,5,15.71,5,EASIER
5,43.09,50.02,4,4,36.6,3,EASIER
3,87.38,34.39,2,0,86.79,1,SAME
6,89.74,97.34,1,1,87.29,4,HARDER
6,71.9,60.65,1,1,73.36,4,SAME
7,45.97,222.65,2,3,43.6,5,EASIER
7,65.7,152.13,1,2,62.75,5,SAME
6,41.17,52.91,5,3,36.8,4,EASIER
3,65.29,17.11,4,3,62.53,1,EASIER
4,79.12,34.27,2,2,79.33,2,SAME
6,76.63,103.48,1,1,79.8,4,SAME
6,64.4,25.94,1,2,61.8,4,SAME
5,66.01,39.02,1,2,58.72,3,SAME
5,87.42,43.58,1,0,90.42,3,HARDER
6,31.59,38.83,3,3,27.13,4,EASIER
5,34.44,34.98,5,4,31.1,3,EASIER
3,89.97,26.58,1,1,96.37,1,HARDER
7,44.77,85.8,5,4,39.01,5,EASIER
4,65.22,31.33,4,3,60.64,2,EASIER
4,63.69,19.88,3,2,57.78,2,SAME
3,98.88,22.73,1,0,100.0,1,HARDER
5,68.36,27.55,1,1,59.97,3,SAME
7,52.43,248.06,2,2,50.0,5,EASIER
3,75.68,54.31,2,2,75.63,1,EASIER
4,70.88,30.42,1,1,69.25,2,SAME
3,97.82,15.17,1,1,92.86,1,HARDER
3,85.43,36.57,4,1,80.26,1,EASIER
6,63.23,111.58,1,2,59.72,4,SAME
4,90.63,91.72,1,1,91.29,2,EASIER
6,34.78,249.65,1,3,31.24,4,EASIER
5,54.93,21.27,2,2,49.88,3,EASIER
6,46.7,149.79,2,2,47.3,4,EASIER
3,88.04,22.64,1,0,91.41,1,HARDER
4,88.19,49.19,1,1,84.61,2,HARDER
5,61.17,85.24,1,2,55.3,3,SAME
3,71.71,34.69,2,1,73.36,1,SAME
5,68.7,95.17,3,1,66.68,3,SAME
5,67.36,43.95,1,1,66.91,3,SAME
5,77.86,36.19,3,2,77.91,3,SAME
5,57.91,104.37,2,2,50.36,3,SAME
6,75.39,52.11,2,1,74.59,4,SAME
6,60.86,215.86,2,2,58.51,4,EASIER
3,83.52,17.79,2,1,79.93,1,EASIER
6,58.03,67.27,3,3,50.6,4,EASIER
7,50.02,100.96,3,3,44.0,5,EASIER
7,75.07,48.36,1,1,68.33,5,SAME
4,59.63,18.44,1,2,52.64,2,SAME
6,40.92,131.76,4,4,38.37,4,EASIER
7,57.71,43.86,2,2,52.27,5,SAME
4,69.01,124.19,4,3,60.68,2,EASIER
7,49.34,106.4,2,2,46.18,5,EASIER
6,39.67,48.01,2,4,31.78,4,EASIER
6,26.34,102.03,3,5,17.08,4,EASIER
6,70.43,22.79,1,2,71.02,4,SAME
6,48.18,68.94,2,3,50.17,4,EASIER
7,53.06,100.14,2,2,52.23,5,EASIER
7,41.59,56.17,2,3,32.83,5,EASIER
5,65.68,42.42,2,1,63.24,3,SAME
5,92.9,123.45,1,0,95.47,3,EASIER
6,68.95,90.2,3,2,65.19,4,SAME
7,39.28,139.24,4,3,33.75,5,EASIER
4,73.6,26.25,2,2,70.85,2,SAME
4,73.82,20.4,1,2,75.3,2,SAME
6,68.78,72.34,2,2,61.28,4,SAME
7,30.69,29.34,5,4,25.06,5,EASIER
7,49.45,61.6,5,3,39.07,5,EASIER
3,76.9,14.32,3,2,77.25,1,SAME
7,50.36,36.87,3,3,46.42,5,EASIER
6,41.59,114.93,2,3,35.47,4,EASIER
3,83.32,23.59,1,1,84.02,1,SAME
3,100.0,18.98,2,0,98.29,1,HARDER
4,65.54,52.09,1,2,58.86,2,SAME
7,59.84,45.71,1,2,62.34,5,SAME
6,67.08,40.77,1,2,63.57,4,SAME
5,68.95,100.84,2,2,66.37,3,SAME
6,58.9,268.55,1,2,59.2,4,EASIER
5,68.66,81.38,1,2,70.37,3,SAME
7,69.41,144.82,1,1,68.12,5,SAME
3,68.62,19.3,3,2,71.9,1,SAME
4,82.79,29.22,2,1,83.57,2,SAME
4,66.03,42.28,1,2,68.34,2,SAME
7,43.97,236.68,1,3,37.73,5,EASIER
5,51.62,71.63,2,3,45.54,3,SAME
6,54.11,134.94,3,3,50.38,4,EASIER
7,65.8,67.98,1,2,60.44,5,SAME
3,84.3,32.9,1,1,87.26,1,SAME
7,44.29,77.68,4,3,38.22,5,EASIER
3,62.18,26.61,3,3,55.86,1,EASIER
6,80.47,112.95,1,0,75.52,4,SAME
6,72.2,62.21,2,2,67.16,4,SAME
7,31.01,64.34,4,3,19.56,5,EASIER
3,75.83,29.38,1,0,74.48,1,SAME
7,49.95,104.07,2,4,37.64,5,EASIER
6,43.4,88.01,5,5,32.98,4,EASIER
3,89.99,33.49,1,1,86.3,1,HARDER
5,53.48,110.78,2,3,48.36,3,EASIER
7,39.79,160.77,3,3,36.65,5,EASIER
5,78.61,75.47,1,2,75.7,3,SAME
4,71.94,30.04,2,1,71.79,2,SAME
4,84.51,32.28,1,1,85.54,2,SAME
5,86.13,72.63,1,0,87.59,3,HARDER
7,55.54,91.88,1,2,52.39,5,SAME
6,49.57,103.64,5,4,47.65,4,EASIER
6,48.0,53.66,4,3,43.81,4,EASIER
6,56.78,223.63,1,2,50.28,4,EASIER
6,39.94,90.69,3,3,36.19,4,EASIER
5,77.83,61.79,2,1,77.58,3,SAME
6,84.22,63.8,2,1,81.1,4,SAME
4,67.84,93.38,1,1,70.12,2,EASIER
5,38.46,31.19,5,5,31.4,3,EASIER
4,93.85,27.31,2,1,89.68,2,HARDER
7,43.62,178.34,4,3,35.14,5,EASIER
6,40.54,92.88,4,5,28.97,4,EASIER
5,67.43,43.6,5,4,67.89,3,EASIER
5,71.94,44.22,1,1,70.66,3,SAME
5,77.3,50.22,1,1,77.32,3,SAME
6,66.35,86.47,2,3,59.99,4,EASIER
4,82.1,78.87,2,1,82.97,2,EASIER
7,36.35,155.76,5,5,28.46,5,EASIER
4,100.0,61.47,1,0,99.45,2,SAME
3,98.1,20.61,2,1,96.15,1,HARDER
6,78.26,107.22,2,2,71.51,4,SAME
6,55.72,36.53,2,4,51.81,4,EASIER
4,87.29,41.4,1,1,91.0,2,HARDER
6,88.11,87.19,1,2,86.09,4,SAME
6,41.28,211.42,3,3,36.41,4,EASIER
6,57.54,184.32,1,1,53.54,4,EASIER
7,66.15,97.29,2,2,62.37,5,SAME
7,54.15,71.75,3,3,47.37,5,EASIER
5,76.79,39.23,1,1,70.31,3,SAME
4,80.0,33.09,2,1,77.6,2,SAME
3,68.4,44.62,1,2,64.97,1,SAME
5,72.26,71.22,1,2,70.04,3,SAME
6,58.63,107.35,1,1,60.67,4,SAME
6,70.2,125.03,3,2,68.28,4,SAME
3,88.04,16.06,1,0,85.76,1,HARDER
6,56.93,56.71,3,3,54.03,4,EASIER
6,66.08,107.47,3,2,60.61,4,SAME
6,80.07,54.69,2,2,76.38,4,SAME
5,72.93,27.25,2,2,70.04,3,SAME
3,80.63,15.44,1,1,80.44,1,SAME
5,67.79,97.74,1,1,65.76,3,SAME
6,73.24,67.5,1,2,65.05,4,SAME
5,73.01,64.86,2,1,70.48,3,SAME
5,61.1,34.79,2,2,55.56,3,SAME
5,53.37,69.98,1,3,46.63,3,EASIER
5,52.16,50.75,2,2,46.8,3,EASIER
4,49.24,46.87,4,3,44.15,2,EASIER
6,67.59,63.96,1,1,67.31,4,SAME
4,72.69,48.16,2,1,73.24,2,SAME
5,51.7,44.68,2,3,45.42,3,EASIER
5,60.31,55.74,3,3,50.98,3,HARDER
6,88.33,71.2,1,0,85.81,4,HARDER
7,38.79,113.61,5,4,36.43,5,EASIER
6,84.0,94.81,2,1,84.41,4,SAME
3,83.05,20.06,2,1,84.44,1,SAME
6,55.72,77.05,3,2,52.92,4,SAME
4,79.83,41.48,2,1,77.22,2,SAME
3,100.0,31.34,1,0,96.09,1,HARDER
3,100.0,24.17,2,0,100.0,1,HARDER
7,57.34,69.07,3,2,55.12,5,SAME
5,67.5,60.54,3,3,61.53,3,EASIER
4,66.44,52.07,2,1,59.46,2,SAME
3,68.24,13.81,2,2,68.9,1,SAME
6,37.08,41.25,5,4,34.5,4,EASIER
6,58.84,58.11,5,4,51.53,4,EASIER
4,100.0,34.72,1,0,99.65,2,HARDER
3,44.3,9.41,5,3,38.4,1,EASIER
4,83.9,49.77,3,1,81.76,2,SAME
6,76.1,74.57,3,2,66.29,4,SAME
3,100.0,8.78,1,0,100.0,1,HARDER
4,79.01,22.52,1,2,74.46,2,SAME
3,99.03,21.87,1,0,98.02,1,HARDER
5,60.04,24.12,1,1,56.37,3,SAME
3,52.5,38.5,4,3,47.14,1,EASIER
3,100.0,27.17,1,0,100.0,1,HARDER
3,84.3,33.81,1,0,85.57,1,SAME
6,36.48,48.02,4,4,30.39,4,EASIER
5,58.06,71.1,3,2,55.22,3,SAME
7,69.55,78.14,3,3,64.59,5,EASIER
4,96.83,34.71,1,0,100.0,2,HARDER
4,69.17,44.85,2,2,66.14,2,EASIER
4,69.31,36.77,3,1,68.07,2,SAME
7,63.57,174.01,1,1,67.45,5,SAME
5,77.2,62.13,2,1,75.65,3,SAME
4,89.7,30.57,1,0,87.27,2,HARDER
6,49.09,127.11,2,2,49.01,4,EASIER
5,64.43,97.71,2,2,55.82,3,SAME
3,70.9,25.99,2,1,67.38,1,SAME
6,67.08,164.27,2,2,63.46,4,EASIER
3,75.12,22.51,3,2,64.64,1,SAME
3,79.87,23.62,3,3,76.47,1,EASIER
6,41.84,82.19,4,4,37.19,4,EASIER
5,77.22,54.39,2,1,71.89,3,SAME
4,91.6,32.84,1,0,91.08,2,HARDER
3,67.5,18.19,2,2,72.36,1,SAME
5,71.92,35.46,3,2,68.98,3,SAME
6,50.08,86.86,2,3,50.58,4,EASIER
4,46.39,66.74,5,4,39.5,2,EASIER
5,85.0,86.79,1,0,88.18,3,SAME
4,62.44,45.6,3,3,57.02,2,EASIER
7,27.77,221.25,5,5,19.68,5,EASIER
6,55.14,82.82,3,2,49.3,4,EASIER
4,54.4,23.88,3,2,56.2,2,EASIER
5,92.78,48.79,1,0,91.63,3,HARDER
7,71.92,108.36,2,1,69.42,5,SAME
4,89.34,29.87,1,0,90.36,2,HARDER
3,86.32,32.8,1,0,80.95,1,HARDER
4,83.62,58.99,1,1,82.1,2,SAME
6,84.97,33.32,1,0,85.28,4,SAME
7,57.55,103.46,1,1,53.69,5,SAME
4,72.56,9.71,2,2,72.85,2,SAME
3,87.83,24.0,1,1,87.7,1,HARDER
3,66.27,23.88,1,1,62.89,1,SAME
5,64.44,139.72,3,2,57.26,3,EASIER
3,83.58,48.22,2,1,84.17,1,SAME
3,84.42,37.86,3,1,79.59,1,SAME
6,51.15,49.78,3,3,45.04,4,EASIER
7,33.41,64.33,3,4,30.08,5,EASIER
4,85.85,22.7,1,1,84.9,2,HARDER
5,59.31,123.48,1,2,55.65,3,EASIER
5,69.64,36.96,3,2,61.32,3,SAME
6,56.58,67.1,4,3,46.94,4,EASIER
7,72.89,68.59,3,2,66.04,5,SAME
7,50.82,56.42,5,4,42.73,5,EASIER
4,72.86,44.43,3,3,67.15,2,EASIER
7,31.78,121.76,5,4,24.26,5,EASIER
3,93.09,9.29,2,0,96.6,1,HARDER
7,38.72,55.09,5,3,34.83,5,EASIER
3,84.97,28.01,1,1,80.45,1,SAME
3,67.66,24.21,1,1,65.91,1,SAME
3,100.0,20.91,1,0,98.94,1,HARDER
3,87.51,32.73,3,1,85.76,1,SAME
5,84.46,28.39,1,1,81.53,3,SAME
6,71.04,60.18,1,2,64.71,4,SAME
6,75.24,107.35,3,2,74.92,4,SAME
3,100.0,18.73,1,0,100.0,1,HARDER
4,61.57,44.01,2,3,60.16,2,EASIER
3,59.56,15.01,5,3,55.55,1,EASIER
3,91.69,17.33,2,1,91.59,1,HARDER
6,83.65,32.46,1,0,82.28,4,SAME
6,67.14,28.13,1,2,66.99,4,SAME
4,94.17,30.38,2,1,89.42,2,HARDER
4,69.02,46.95,1,1,66.39,2,SAME
7,60.52,105.21,1,2,57.53,5,SAME
5,71.38,103.01,1,1,72.68,3,SAME
4,94.81,31.59,1,0,93.87,2,HARDER
7,49.7,35.27,5,3,44.74,5,EASIER
3,100.0,29.14,1,0,96.13,1,HARDER
4,69.06,22.89,1,1,59.49,2,SAME
6,57.48,87.55,3,3,52.91,4,EASIER
5,60.49,18.71,1,2,59.68,3,SAME
3,90.77,22.12,1,0,93.6,1,HARDER
7,70.5,164.26,2,2,67.7,5,SAME
4,77.67,49.92,5,3,73.38,2,EASIER
6,75.63,71.98,1,2,66.6,4,SAME
4,80.55,37.09,2,1,78.53,2,SAME
6,54.45,63.32,3,3,50.91,4,EASIER
7,56.12,95.19,2,2,55.33,5,SAME
6,69.83,113.6,3,2,68.97,4,SAME
7,53.82,74.43,1,2,53.87,5,EASIER
5,74.38,42.0,1,1,71.63,3,SAME
3,83.5,12.38,2,1,77.53,1,EASIER
5,67.74,79.88,1,1,67.75,3,SAME
5,61.82,49.51,4,3,56.27,3,EASIER
6,80.3,42.52,2,1,77.59,4,SAME
4,89.73,55.93,1,1,90.22,2,SAME
6,62.48,77.8,1,1,62.85,4,SAME
5,61.92,39.1,2,3,57.42,3,EASIER
6,24.57,126.79,5,5,15.28,4,EASIER
5,75.89,47.68,1,2,76.57,3,SAME
4,74.93,17.71,1,1,74.11,2,EASIER
4,78.13,58.12,2,1,72.52,2,SAME
7,41.35,68.78,3,3,35.96,5,EASIER
3,62.09,93.56,2,3,54.42,1,EASIER
4,62.71,30.04,1,2,59.06,2,SAME
5,83.92,20.82,1,1,81.74,3,SAME
3,72.45,53.27,1,2,64.18,1,EASIER
7,47.46,105.44,4,4,34.71,5,EASIER
4,76.54,41.77,1,1,75.21,2,SAME
4,86.37,44.32,1,1,78.22,2,HARDER
4,83.47,19.54,1,1,82.15,2,SAME
3,91.63,9.3,1,1,96.32,1,HARDER
6,69.45,220.17,1,1,72.17,4,EASIER
5,55.21,26.04,3,3,50.36,3,EASIER
4,76.0,79.99,4,3,73.49,2,EASIER
7,47.77,144.87,4,3,44.58,5,EASIER
6,58.86,87.32,2,2,58.5,4,SAME
5,60.44,44.78,3,3,53.6,3,EASIER
5,68.72,177.06,1,1,71.95,3,EASIER
6,65.29,55.61,1,2,66.09,4,SAME
3,70.84,18.15,1,1,68.73,1,SAME
7,34.6,156.93,3,4,25.23,5,EASIER
4,73.16,27.0,1,1,67.47,2,SAME
3,87.81,15.56,1,2,88.79,1,SAME
5,56.58,54.89,2,2,58.63,3,SAME
7,40.4,158.27,5,5,34.34,5,EASIER
6,53.99,211.98,2,3,49.7,4,EASIER
4,74.55,98.68,1,2,76.26,2,EASIER
4,74.96,15.98,1,1,72.05,2,SAME
5,74.26,94.67,1,2,71.17,3,SAME
4,94.3,23.34,1,1,92.63,2,HARDER
7,35.28,65.41,2,4,28.34,5,EASIER
4,67.46,28.77,1,2,65.74,2,SAME
4,51.62,27.92,4,4,45.85,2,EASIER
3,75.53,15.17,1,1,72.31,1,SAME
6,47.02,23.81,2,3,39.32,4,EASIER
3,88.34,46.51,1,0,92.32,1,SAME
7,57.29,177.69,1,3,55.84,5,EASIER
7,51.8,107.94,2,2,55.32,5,EASIER
3,85.17,15.89,2,2,82.9,1,SAME
3,80.7,42.34,2,1,81.43,1,SAME
7,54.61,105.22,1,2,50.91,5,EASIER
3,78.21,18.92,2,2,77.39,1,SAME
5,79.33,25.06,1,1,81.99,3,SAME
7,46.87,146.06,1,3,39.39,5,EASIER
3,65.22,21.06,5,3,60.3,1,EASIER
6,12.88,91.47,4,5,6.77,4,EASIER
4,83.44,40.16,1,1,79.29,2,SAME
5,64.92,77.47,3,2,58.21,3,SAME
7,37.5,122.65,3,4,29.55,5,EASIER
6,53.69,68.16,5,4,47.23,4,EASIER
4,95.77,48.16,1,0,92.73,2,HARDER
7,59.62,182.95,1,2,57.33,5,SAME
5,82.72,121.63,2,1,86.75,3,EASIER
3,81.18,14.85,1,0,84.07,1,SAME
4,77.71,62.59,3,1,78.99,2,SAME
4,99.53,17.6,1,1,92.96,2,HARDER
6,39.17,135.39,3,3,33.74,4,EASIER
7,63.84,78.99,1,1,66.63,5,SAME
3,65.89,35.56,2,2,61.44,1,SAME
6,71.86,173.62,1,1,69.4,4,EASIER
7,80.41,123.5,1,1,81.81,5,SAME
7,56.98,109.15,1,1,56.74,5,SAME
6,55.63,77.91,3,3,48.57,4,EASIER
4,78.37,30.46,1,1,72.47,2,SAME
3,100.0,41.23,1,0,98.82,1,SAME
7,25.01,105.61,5,5,19.55,5,EASIER
5,66.97,19.76,1,2,70.06,3,SAME
4,88.57,57.58,1,1,83.56,2,HARDER
6,51.48,126.36,3,3,42.8,4,EASIER
6,97.48,83.86,1,0,100.0,4,HARDER
7,63.85,72.89,4,2,59.12,5,EASIER
7,62.78,59.51,2,2,63.12,5,SAME
7,45.25,73.0,5,4,37.38,5,EASIER
3,97.86,27.31,1,0,100.0,1,HARDER
3,100.0,11.01,1,0,98.61,1,HARDER
4,75.09,46.39,3,1,75.35,2,SAME
6,44.65,85.15,3,3,37.69,4,EASIER
5,63.81,109.69,1,1,64.4,3,SAME
7,69.51,164.13,1,2,63.49,5,SAME
7,43.48,75.52,3,3,34.05,5,EASIER
7,63.76,44.57,3,2,60.59,5,SAME
3,97.99,17.35,1,0,97.12,1,HARDER
6,29.05,168.17,4,5,22.83,4,EASIER
7,41.82,131.49,2,2,36.57,5,EASIER
7,17.19,155.1,5,6,14.5,5,EASIER
4,85.63,28.27,2,1,85.11,2,HARDER
6,66.92,105.51,3,2,59.22,4,SAME
5,65.72,27.33,2,1,62.31,3,SAME
3,88.92,37.9,1,1,87.71,1,SAME
4,87.52,22.08,1,1,85.06,2,HARDER
4,79.63,15.02,3,3,76.52,2,EASIER
7,16.12,300.0,5,5,7.81,5,EASIER
3,94.65,26.55,1,0,89.79,1,HARDER
3,75.1,26.22,3,2,67.39,1,SAME
5,59.84,22.98,1,2,58.65,3,SAME
5,76.37,78.93,3,1,71.66,3,SAME
5,56.92,89.93,4,2,54.49,3,EASIER
3,87.9,22.88,1,0,85.42,1,HARDER
5,66.1,90.1,1,2,61.12,3,SAME
7,40.21,211.97,2,3,31.49,5,EASIER
3,66.57,31.59,2,2,65.75,1,SAME
6,50.64,26.58,2,3,44.7,4,EASIER
3,72.68,14.98,2,2,75.69,1,SAME
4,53.21,83.97,4,4,40.81,2,EASIER
7,77.13,117.14,1,2,70.21,5,SAME
4,62.43,39.58,5,3,59.31,2,EASIER
5,66.89,38.43,1,2,60.78,3,SAME
4,45.47,28.16,4,2,44.68,2,EASIER
6,40.27,152.46,3,3,34.59,4,EASIER
5,73.8,121.78,3,1,70.7,3,EASIER
5,61.06,86.06,4,3,56.48,3,EASIER
7,57.87,151.28,1,1,54.17,5,SAME
5,68.13,79.09,2,1,68.68,3,SAME
5,89.6,56.01,1,0,82.55,3,HARDER
7,55.76,58.12,2,3,44.9,5,EASIER
5,94.92,28.72,2,2,93.17,3,SAME
7,40.52,229.3,3,3,40.24,5,EASIER
6,45.75,80.61,3,3,39.99,4,EASIER
7,24.11,145.26,3,4,21.13,5,EASIER
5,81.35,64.38,1,1,84.0,3,SAME
5,74.05,66.01,1,0,77.74,3,SAME
3,65.36,29.15,3,3,54.22,1,EASIER
3,89.88,34.1,2,1,89.76,1,SAME
3,92.97,17.77,1,0,89.11,1,HARDER
6,59.37,151.65,1,2,56.28,4,SAME
4,73.36,26.87,3,2,69.28,2,SAME
4,82.13,42.53,1,2,78.53,2,SAME
6,52.17,44.33,5,4,49.36,4,EASIER
4,85.0,35.14,1,0,80.8,2,HARDER
3,78.79,18.64,2,2,80.91,1,SAME
5,90.65,58.7,1,0,91.3,3,HARDER
5,63.21,83.47,1,1,59.34,3,SAME
3,74.44,25.86,1,1,70.08,1,SAME
4,65.82,95.51,2,2,66.63,2,EASIER
4,55.99,55.24,2,3,45.35,2,EASIER
6,46.1,72.82,2,3,43.21,4,EASIER
4,67.37,36.49,3,1,67.18,2,SAME
3,90.29,29.58,1,1,93.35,1,HARDER
4,58.9,52.91,4,4,51.15,2,EASIER
5,75.54,31.49,2,2,78.25,3,SAME
6,55.28,114.18,2,3,56.14,4,EASIER
3,69.12,14.6,1,2,67.37,1,SAME
7,61.15,150.31,2,3,58.03,5,SAME
4,67.03,63.73,3,1,68.2,2,SAME
4,91.21,43.75,1,0,90.31,2,HARDER
3,89.88,8.88,2,1,93.27,1,HARDER
4,88.91,16.44,2,1,91.09,2,HARDER
5,37.76,76.63,5,4,29.89,3,EASIER
6,56.93,22.89,1,2,56.02,4,SAME
6,52.56,112.6,3,3,42.98,4,EASIER
5,72.44,94.44,1,1,66.28,3,SAME
3,100.0,41.43,1,1,95.78,1,SAME
4,89.62,33.92,1,0,85.47,2,HARDER
6,62.95,103.0,2,3,61.33,4,EASIER
6,48.89,91.41,2,3,46.31,4,EASIER
5,69.24,27.98,1,1,68.5,3,SAME
5,36.17,83.87,4,5,27.57,3,EASIER
5,49.41,115.44,3,4,46.45,3,EASIER
7,60.93,163.08,1,1,64.44,5,SAME
5,81.96,45.22,1,1,80.55,3,SAME
5,75.01,83.66,2,2,73.73,3,SAME
4,82.86,69.93,2,1,80.89,2,SAME
5,72.64,103.31,2,2,67.45,3,SAME
6,58.76,139.87,1,3,51.97,4,EASIER
7,40.6,47.04,3,3,33.44,5,EASIER
6,82.79,100.87,1,0,84.55,4,SAME
6,63.09,114.72,1,2,63.26,4,SAME
6,61.51,140.73,1,2,54.39,4,SAME
3,81.2,31.45,2,2,73.43,1,SAME
4,57.33,78.81,2,3,51.98,2,EASIER
4,81.99,16.09,1,0,83.33,2,SAME
6,50.59,109.62,1,2,49.18,4,EASIER
6,75.07,105.19,1,1,75.73,4,SAME
3,84.15,37.36,1,2,77.78,1,SAME
3,81.62,49.66,1,1,75.98,1,SAME
5,41.9,37.37,3,3,38.26,3,EASIER
7,41.1,254.84,3,4,31.1,5,EASIER
3,100.0,35.93,2,0,100.0,1,SAME
7,49.71,101.14,2,2,49.07,5,EASIER
3,89.47,16.68,1,0,83.39,1,HARDER
4,100.0,41.67,1,0,100.0,2,HARDER
6,88.02,95.13,2,0,83.59,4,HARDER
6,55.43,97.92,1,3,52.97,4,EASIER
7,76.32,79.58,1,2,76.41,5,SAME
3,58.85,32.79,1,2,54.29,1,SAME
3,55.37,20.87,1,3,50.28,1,EASIER
5,39.49,105.92,3,3,32.71,3,EASIER
5,38.74,135.23,5,4,31.57,3,EASIER
4,55.03,25.94,2,2,55.14,2,SAME
6,63.2,84.59,4,3,59.65,4,EASIER
4,82.7,60.01,1,1,84.99,2,SAME
7,47.36,130.17,4,4,35.3,5,EASIER
3,86.19,13.69,1,1,86.85,1,HARDER
6,52.76,128.56,2,2,50.4,4,EASIER
5,76.08,42.97,1,1,76.5,3,SAME
3,100.0,27.33,2,1,96.72,1,EASIER
6,58.2,48.9,3,2,49.68,4,EASIER
3,83.93,35.6,2,1,77.05,1,SAME
5,65.42,47.09,1,3,60.72,3,EASIER
6,27.05,130.97,5,4,23.04,4,EASIER
3,82.55,22.72,1,0,81.42,1,SAME
4,90.77,30.31,1,1,90.05,2,HARDER
4,86.93,46.12,1,1,87.3,2,HARDER
7,41.26,62.36,1,3,30.45,5,EASIER
4,77.89,88.48,2,1,74.61,2,EASIER
7,69.96,123.92,1,2,69.15,5,SAME
5,69.48,43.82,3,0,76.08,3,SAME
7,41.27,90.09,5,4,37.55,5,EASIER
7,55.46,113.08,3,4,46.16,5,EASIER
4,79.22,60.68,2,2,79.85,2,SAME
5,55.32,37.25,2,3,50.08,3,EASIER
6,80.65,67.69,1,2,76.64,4,SAME
3,100.0,24.46,1,0,95.88,1,HARDER
6,68.86,182.88,2,1,73.02,4,EASIER
5,77.05,95.11,1,1,71.56,3,SAME
3,80.13,50.73,2,1,77.37,1,EASIER
7,41.94,113.91,3,3,36.17,5,EASIER
4,39.46,74.51,4,3,34.23,2,EASIER
7,43.72,223.44,4,4,40.96,5,EASIER
4,59.51,52.72,2,1,56.95,2,SAME
5,49.88,85.2,4,3,48.71,3,EASIER
4,79.82,28.74,1,1,78.93,2,SAME
7,33.78,300.0,5,4,28.43,5,EASIER
7,63.31,97.99,2,2,62.74,5,SAME
6,61.02,109.7,1,3,56.65,4,EASIER
7,36.76,161.95,4,4,31.32,5,EASIER
6,46.71,40.19,4,3,45.78,4,EASIER
4,90.86,37.1,1,1,85.91,2,HARDER
7,36.83,125.13,3,4,32.3,5,EASIER
5,59.24,54.83,4,3,61.78,3,EASIER
4,81.77,37.31,1,1,78.84,2,SAME
3,100.0,48.58,2,0,100.0,1,SAME
6,54.32,53.34,2,2,48.9,4,EASIER
4,76.47,20.93,4,2,73.88,2,EASIER
6,65.35,60.45,1,2,59.91,4,SAME
3,81.22,34.82,2,3,80.68,1,EASIER
6,67.32,127.03,3,2,65.85,4,SAME
6,73.62,112.38,1,1,65.89,4,HARDER
5,52.15,91.08,4,4,46.82,3,EASIER
6,58.2,93.68,2,3,54.25,4,EASIER
7,78.33,84.45,1,1,78.05,5,SAME
7,45.1,66.91,3,3,45.98,5,EASIER
5,73.08,31.05,1,0,70.93,3,SAME
7,27.54,98.96,5,4,22.71,5,EASIER
7,64.1,172.11,3,3,51.55,5,EASIER
3,61.97,27.78,3,2,62.91,1,SAME
4,80.14,38.41,2,1,73.87,2,SAME
6,45.7,47.37,5,4,37.1,4,EASIER
5,44.84,207.93,2,3,40.33,3,EASIER
3,87.03,17.31,1,1,86.92,1,HARDER
5,72.63,61.57,1,1,68.16,3,SAME
4,75.53,60.89,1,1,79.06,2,SAME
6,43.03,83.83,5,4,36.33,4,EASIER
5,52.45,38.9,5,4,50.03,3,EASIER
3,85.98,35.83,1,0,83.1,1,SAME
3,100.0,13.77,1,0,100.0,1,HARDER
4,72.92,86.17,1,1,71.29,2,EASIER
3,92.6,28.35,1,0,92.45,1,HARDER
7,57.35,97.55,2,2,55.53,5,SAME
4,62.71,19.53,5,4,56.14,2,EASIER
6,65.34,45.05,2,2,65.06,4,SAME
3,80.81,24.43,1,1,79.92,1,SAME
5,62.98,148.02,3,4,55.76,3,EASIER
7,62.03,127.16,1,2,58.7,5,SAME
6,58.51,98.22,4,3,51.8,4,EASIER
4,85.04,45.56,2,1,82.7,2,HARDER
6,32.78,280.35,5,4,19.38,4,EASIER
5,59.29,46.62,5,4,48.94,3,EASIER
4,67.51,79.31,2,1,66.07,2,EASIER
7,43.05,90.13,4,4,36.83,5,EASIER
7,47.26,76.33,5,4,45.37,5,EASIER
5,58.62,55.76,4,2,58.23,3,EASIER
3,81.57,24.08,1,0,82.7,1,SAME
5,64.13,76.6,1,1,60.46,3,SAME
5,85.53,18.36,1,2,84.32,3,SAME
7,28.19,121.4,5,6,17.67,5,EASIER
6,69.45,60.06,1,0,68.96,4,SAME
4,85.52,27.04,3,1,77.7,2,SAME
5,60.77,30.54,2,2,58.1,3,SAME
3,96.04,21.25,2,0,95.65,1,HARDER
5,59.0,44.91,2,2,56.98,3,SAME
5,90.19,46.96,1,0,89.93,3,HARDER
5,50.89,25.77,5,4,39.57,3,EASIER
5,50.99,60.89,2,2,50.44,3,EASIER
5,49.61,39.2,3,2,46.86,3,EASIER
6,32.55,35.04,5,4,30.32,4,EASIER
5,71.47,44.22,2,2,61.79,3,SAME
3,100.0,17.72,1,0,99.24,1,HARDER
6,74.14,83.77,1,1,76.28,4,SAME
6,46.53,61.24,3,4,36.27,4,EASIER
6,71.9,38.59,3,2,72.16,4,SAME
6,62.32,51.66,2,3,61.68,4,EASIER
3,72.94,11.59,2,1,72.99,1,SAME
7,40.04,208.14,3,4,31.55,5,EASIER
7,53.89,227.2,1,2,48.07,5,EASIER
3,78.85,47.01,1,2,76.22,1,SAME
4,80.47,28.8,3,2,79.88,2,SAME
4,77.47,69.91,1,0,83.58,2,SAME
7,37.65,139.81,3,4,33.41,5,EASIER
7,55.72,71.55,3,3,48.77,5,EASIER
4,81.36,28.28,2,1,83.73,2,SAME
6,50.66,74.99,5,3,51.58,4,HARDER
4,78.26,39.87,3,1,78.07,2,SAME
3,75.38,29.38,2,1,75.82,1,SAME
4,82.73,37.97,1,1,84.03,2,SAME
3,65.27,21.41,1,2,53.67,1,SAME
7,33.73,234.02,4,4,28.35,5,EASIER
6,58.64,77.29,3,3,53.48,4,EASIER
3,87.78,23.17,1,1,83.26,1,HARDER
5,52.45,52.09,3,2,50.83,3,EASIER
4,88.62,36.03,2,0,89.79,2,HARDER
5,56.69,29.55,2,2,55.03,3,SAME
7,51.53,64.83,5,4,46.93,5,EASIER
7,3.24,300.0,5,6,0.0,5,EASIER
7,60.08,45.56,1,2,58.29,5,SAME
4,58.51,43.18,1,2,55.12,2,SAME
3,81.35,29.12,1,1,76.67,1,SAME
3,77.51,39.23,3,3,80.91,1,EASIER
3,93.1,29.43,1,1,94.8,1,HARDER
6,49.37,219.2,2,2,49.25,4,EASIER
6,63.59,92.88,1,1,63.62,4,SAME
7,65.24,233.48,3,2,65.24,5,EASIER
3,87.91,39.71,1,0,88.15,1,SAME
4,100.0,78.44,1,0,100.0,2,EASIER
6,72.78,83.07,3,2,63.59,4,SAME
6,54.13,100.85,2,3,53.4,4,EASIER
5,64.65,48.31,2,1,63.4,3,SAME
3,86.64,26.84,4,2,82.26,1,EASIER
5,61.18,64.51,1,2,59.22,3,SAME
3,77.42,9.92,5,2,75.85,1,EASIER
5,61.76,54.03,3,3,60.01,3,EASIER
7,30.1,181.9,1,3,28.08,5,EASIER
3,77.54,13.71,1,1,80.91,1,SAME
3,87.37,16.12,1,0,85.59,1,HARDER
6,44.92,149.55,3,3,41.23,4,EASIER
3,80.45,45.45,1,2,77.55,1,SAME
7,39.7,79.85,2,3,30.19,5,EASIER
6,54.99,89.76,3,3,52.49,4,EASIER
5,79.79,55.8,3,1,78.3,3,SAME
4,91.29,66.07,2,0,93.86,2,SAME
4,97.28,29.57,1,0,100.0,2,HARDER
4,75.05,31.8,2,2,70.84,2,SAME
7,52.73,232.58,3,3,54.24,5,EASIER
6,31.65,48.67,4,4,22.28,4,EASIER
4,83.76,30.07,2,1,77.77,2,SAME
3,100.0,26.52,1,0,97.72,1,HARDER
5,72.94,123.31,2,2,68.56,3,EASIER
6,52.16,44.08,1,3,46.48,4,EASIER
6,46.16,56.67,3,3,43.92,4,EASIER
4,47.86,50.2,5,2,43.57,2,EASIER
5,35.04,83.95,5,4,30.65,3,EASIER
3,86.18,27.47,1,0,81.75,1,HARDER
5,75.89,54.74,1,1,75.69,3,SAME
6,67.0,87.72,1,1,63.41,4,SAME
4,67.06,18.71,2,1,66.43,2,SAME
4,89.02,39.86,2,1,86.41,2,HARDER
5,48.96,120.79,4,5,40.34,3,EASIER
7,47.31,54.54,1,3,43.17,5,EASIER
6,51.08,54.54,3,3,48.5,4,EASIER
7,42.83,90.22,3,4,42.59,5,EASIER
3,69.94,21.55,1,1,69.95,1,SAME
7,22.73,300.0,4,4,19.03,5,EASIER
3,97.11,16.51,2,1,97.88,1,HARDER
4,81.2,22.32,1,0,77.96,2,SAME
5,51.79,84.96,4,2,49.47,3,EASIER
4,62.03,28.04,5,2,57.3,2,EASIER
7,30.63,172.05,4,5,29.86,5,EASIER
7,50.98,100.59,1,2,49.91,5,EASIER
5,83.52,72.8,1,0,79.83,3,SAME
5,76.77,26.69,1,1,73.39,3,SAME
6,21.38,103.92,5,4,12.7,4,EASIER
6,66.71,91.83,2,1,66.13,4,SAME
5,59.48,51.11,4,3,54.72,3,EASIER
7,22.75,57.21,4,6,13.84,5,EASIER
3,63.48,27.53,1,1,60.42,1,SAME
4,75.42,53.4,1,1,73.06,2,SAME
3,100.0,19.74,1,0,100.0,1,HARDER
3,100.0,19.91,1,0,100.0,1,HARDER
3,100.0,35.59,1,0,97.39,1,SAME
6,52.28,199.54,1,2,49.54,4,EASIER
7,33.87,186.9,3,4,23.71,5,EASIER
5,41.15,64.98,4,4,36.67,3,EASIER
5,63.4,51.42,1,3,58.55,3,EASIER
4,90.82,37.51,1,1,87.58,2,HARDER
3,95.09,13.86,3,0,90.38,1,SAME
5,60.22,53.73,3,2,56.62,3,SAME
3,82.68,41.15,1,1,82.93,1,SAME
6,52.69,83.71,2,2,48.51,4,EASIER
5,74.61,42.56,1,1,75.78,3,SAME
4,74.52,27.12,1,2,67.73,2,SAME
3,67.5,24.65,2,2,63.18,1,SAME
4,85.98,21.27,1,0,85.64,2,HARDER
3,81.15,16.69,1,1,81.92,1,SAME
6,56.22,181.96,1,3,56.27,4,SAME
5,63.16,34.73,3,2,63.3,3,SAME
6,40.22,54.05,2,3,38.59,4,EASIER
5,52.43,67.0,2,3,51.62,3,EASIER
7,64.44,88.04,1,2,56.22,5,SAME
6,28.89,85.87,5,5,14.89,4,EASIER
3,75.59,36.7,3,2,70.87,1,SAME
3,74.93,12.56,2,2,73.6,1,SAME
7,40.52,168.94,4,4,37.08,5,EASIER
4,38.39,28.9,5,4,33.48,2,EASIER
6,53.87,70.67,2,3,49.0,4,EASIER
6,55.38,222.78,4,3,52.07,4,EASIER
6,53.05,39.54,4,3,47.33,4,EASIER
4,93.23,50.16,1,0,96.92,2,HARDER
4,81.97,64.57,1,1,82.83,2,SAME
5,56.01,41.35,2,2,57.89,3,SAME
3,74.86,18.57,2,1,78.6,1,SAME
4,69.79,31.95,2,1,69.27,2,SAME
5,55.83,41.23,3,3,55.08,3,EASIER
4,98.3,39.21,1,0,97.69,2,HARDER
4,79.91,57.81,1,2,77.85,2,SAME
7,40.68,91.88,2,3,39.05,5,EASIER
4,67.84,58.79,2,1,71.8,2,SAME
7,57.19,240.34,1,2,56.52,5,EASIER
7,43.95,141.66,1,2,41.05,5,EASIER
6,51.9,107.77,5,2,48.96,4,EASIER
3,98.99,19.19,2,0,100.0,1,HARDER
4,74.7,11.08,1,1,72.98,2,SAME
7,65.41,154.12,1,2,63.31,5,SAME
3,99.54,35.63,1,0,98.59,1,SAME
5,65.16,65.4,1,1,64.48,3,SAME
5,69.72,90.99,1,2,64.93,3,SAME
7,59.96,83.07,1,2,58.62,5,SAME
7,43.14,148.57,4,3,36.66,5,EASIER
4,96.99,75.91,1,0,97.0,2,SAME
5,51.23,80.64,4,3,47.32,3,EASIER
6,18.51,164.84,5,6,9.33,4,HARDER
7,19.7,233.64,3,4,12.87,5,EASIER
5,68.41,31.69,1,2,64.8,3,SAME
3,78.94,34.43,2,2,76.19,1,SAME
7,47.98,79.37,5,3,40.86,5,EASIER
5,43.69,33.52,3,3,36.8,3,EASIER
3,87.78,22.02,1,0,90.48,1,HARDER
3,96.71,54.57,2,1,96.17,1,EASIER
4,81.14,29.43,2,1,79.31,2,SAME
6,49.14,32.87,2,2,47.92,4,EASIER
7,64.63,50.97,1,2,62.54,5,SAME
5,67.88,73.5,2,2,66.78,3,SAME
3,96.35,17.84,2,0,96.12,1,HARDER
7,63.59,36.78,2,3,59.6,5,EASIER
6,44.58,39.49,5,4,38.48,4,EASIER
5,82.25,63.0,1,1,80.98,3,SAME
3,89.08,35.37,1,1,88.02,1,SAME
7,40.01,87.85,3,4,33.45,5,EASIER
3,96.7,33.37,1,1,92.67,1,HARDER
6,44.01,131.96,3,3,39.37,4,EASIER
5,73.37,39.35,2,2,72.23,3,SAME
5,77.1,54.62,2,1,77.08,3,SAME
5,55.61,43.09,2,3,52.1,3,EASIER
4,80.04,48.95,1,2,78.78,2,SAME
5,93.5,42.84,1,0,89.23,3,HARDER
4,98.05,21.49,1,1,98.35,2,HARDER
5,66.98,59.53,3,3,62.65,3,EASIER
6,41.25,146.07,4,4,32.83,4,EASIER
6,64.36,106.93,1,0,61.41,4,SAME
3,80.84,39.13,1,1,75.58,1,SAME
7,48.73,184.82,2,4,48.64,5,EASIER
3,100.0,25.47,1,0,100.0,1,HARDER
4,76.4,28.7,1,1,75.47,2,SAME
4,62.31,25.25,2,2,61.94,2,SAME
4,94.07,18.03,1,0,93.67,2,HARDER
4,77.0,66.46,1,1,72.62,2,SAME
4,72.45,32.53,1,1,69.71,2,SAME
5,62.65,24.94,3,2,57.22,3,SAME
6,45.7,155.8,3,3,40.03,4,EASIER
7,34.38,117.9,5,5,25.47,5,EASIER
4,86.91,59.89,1,1,84.86,2,SAME
4,73.16,33.6,3,2,72.03,2,SAME
6,46.17,54.28,5,5,34.87,4,EASIER
3,83.2,30.48,2,1,73.23,1,SAME
5,55.15,75.35,1,3,53.24,3,EASIER
4,84.01,33.32,1,1,80.8,2,SAME
6,20.46,162.35,5,5,12.97,4,EASIER
3,80.1,38.08,1,2,71.71,1,SAME
7,30.08,152.37,4,5,20.9,5,EASIER
4,89.35,22.55,1,1,91.67,2,HARDER
5,49.39,31.23,2,1,47.7,3,EASIER
5,70.11,105.0,1,2,65.27,3,SAME
5,61.01,19.63,3,2,59.5,3,SAME
5,84.57,55.45,1,1,87.37,3,SAME
4,83.92,40.71,1,1,80.14,2,SAME
6,54.05,63.57,4,3,52.27,4,EASIER
5,56.31,56.99,4,3,47.28,3,EASIER
4,87.2,46.3,3,2,89.95,2,SAME
4,78.28,28.84,1,1,76.72,2,SAME
5,92.17,89.72,2,2,88.2,3,SAME
7,45.61,153.85,2,3,40.2,5,EASIER
7,42.66,101.54,5,4,36.59,5,EASIER
4,92.88,25.77,2,1,92.87,2,HARDER
4,60.06,36.41,4,2,56.6,2,EASIER
3,85.21,63.95,1,1,88.71,1,EASIER
5,47.35,39.87,3,3,46.25,3,EASIER
4,100.0,78.03,1,0,98.6,2,EASIER
7,45.9,43.03,3,3,38.95,5,EASIER
5,77.92,37.88,3,2,75.26,3,SAME
4,75.54,29.45,1,1,75.04,2,SAME
7,40.91,187.87,1,3,35.18,5,EASIER
7,55.17,115.43,1,1,53.32,5,SAME
4,75.88,70.34,2,2,74.57,2,SAME
3,83.81,21.56,2,1,85.66,1,SAME
4,55.3,37.05,4,3,48.4,2,EASIER
4,71.57,32.56,2,2,62.37,2,SAME
5,63.13,158.14,2,2,58.93,3,EASIER
7,39.93,60.82,3,3,29.95,5,EASIER
7,50.43,84.9,2,3,42.86,5,EASIER
6,50.69,49.31,2,3,38.29,4,EASIER
7,47.04,153.08,4,3,46.79,5,EASIER
3,75.18,15.05,1,1,67.91,1,SAME
3,83.82,56.25,1,1,88.59,1,EASIER
7,40.19,117.03,5,3,30.14,5,SAME
6,53.87,101.61,4,3,52.08,4,EASIER
4,63.51,47.24,2,2,59.18,2,SAME
6,64.41,81.15,3,2,63.92,4,SAME
3,94.88,26.39,1,0,97.14,1,HARDER
6,62.89,85.69,3,3,55.01,4,EASIER
7,37.71,148.63,4,4,36.68,5,EASIER
5,74.83,38.6,2,0,70.53,3,SAME
6,69.53,48.95,2,2,65.47,4,SAME
6,93.74,125.67,1,0,99.24,4,SAME
7,30.04,111.88,3,3,26.58,5,EASIER
5,74.5,21.48,2,3,69.29,3,EASIER
4,84.98,30.39,2,1,83.41,2,SAME
4,84.05,78.0,1,0,84.68,2,EASIER
4,88.12,35.24,2,1,89.78,2,HARDER
3,93.54,19.74,2,2,92.21,1,EASIER
6,59.94,37.69,3,2,55.71,4,SAME
4,82.9,29.1,1,0,84.61,2,SAME
6,19.36,44.77,5,5,5.57,4,EASIER
3,100.0,30.26,1,1,100.0,1,HARDER
4,44.59,38.89,3,3,38.56,2,EASIER
4,91.33,32.03,1,1,88.89,2,HARDER
3,94.36,17.81,1,0,95.79,1,HARDER
7,9.39,257.34,5,6,2.83,5,EASIER
5,81.5,40.91,4,2,74.95,3,EASIER
7,73.58,76.41,1,1,72.31,5,SAME
7,39.02,98.11,5,5,27.27,5,EASIER
3,69.4,23.88,2,1,68.93,1,SAME
7,70.97,145.65,2,1,65.03,5,SAME
3,100.0,37.82,1,0,96.73,1,SAME
7,46.2,178.54,3,4,42.61,5,EASIER
6,74.39,290.11,1,0,73.67,4,EASIER
7,45.15,44.52,4,3,40.84,5,EASIER
5,67.51,65.02,3,3,60.59,3,EASIER
3,90.06,19.83,1,0,92.06,1,HARDER
3,89.1,61.14,2,0,84.94,1,EASIER
3,89.66,27.03,2,1,87.39,1,HARDER
7,43.73,37.05,3,3,38.27,5,EASIER
5,56.83,71.91,2,2,54.46,3,SAME
4,74.84,43.08,2,1,73.21,2,SAME
3,76.61,35.03,4,2,73.52,1,EASIER
3,88.43,18.12,1,0,84.99,1,HARDER
4,73.54,44.33,1,1,66.76,2,SAME
6,55.48,71.24,3,3,50.63,4,EASIER
7,22.35,77.68,5,5,14.57,5,EASIER
6,55.88,98.0,2,2,50.09,4,SAME
7,35.45,121.73,2,3,24.59,5,EASIER
4,55.62,62.25,5,3,55.63,2,EASIER
4,92.81,38.49,1,0,93.63,2,HARDER
6,61.14,112.25,2,2,60.09,4,EASIER
3,94.57,14.61,1,1,92.79,1,HARDER
7,40.72,239.49,3,4,28.89,5,EASIER
6,75.4,54.74,1,2,68.52,4,SAME
3,95.74,37.36,1,1,95.23,1,SAME
3,96.71,28.11,1,0,100.0,1,HARDER
6,82.31,88.02,1,1,79.8,4,SAME
6,42.15,121.77,2,3,39.86,4,EASIER
4,92.64,13.9,1,0,85.09,2,HARDER
6,67.6,60.85,1,2,59.67,4,SAME
5,48.7,83.91,4,3,44.58,3,EASIER
6,30.47,222.79,2,4,25.43,4,SAME
5,52.56,57.3,2,2,47.69,3,EASIER
5,64.47,17.35,2,2,65.54,3,SAME
4,74.86,32.74,1,1,68.69,2,SAME
3,100.0,24.34,1,1,98.48,1,HARDER
3,96.83,40.96,1,0,96.14,1,SAME
3,100.0,25.54,1,0,98.45,1,HARDER
7,61.31,55.85,1,1,61.49,5,SAME
5,67.36,93.45,3,2,63.57,3,SAME
4,51.75,49.63,3,3,39.18,2,EASIER
7,61.3,76.52,5,3,56.65,5,EASIER
7,50.45,165.81,5,4,46.22,5,EASIER
4,67.88,29.39,2,1,61.89,2,SAME
4,100.0,33.03,1,0,100.0,2,HARDER
5,64.35,44.62,1,2,60.93,3,SAME
7,55.59,94.59,1,3,46.69,5,EASIER
6,45.15,131.4,4,4,39.65,4,EASIER
5,53.36,23.96,3,2,46.25,3,EASIER
4,88.59,63.85,1,0,89.1,2,SAME
4,96.25,41.28,1,1,97.03,2,HARDER
3,74.39,21.02,1,0,82.25,1,SAME
6,43.23,82.89,5,4,38.51,4,SAME
7,45.11,68.25,2,3,37.59,5,EASIER
6,52.02,35.1,4,4,39.72,4,EASIER
4,80.28,25.12,2,1,80.38,2,SAME
5,55.99,22.7,3,4,48.11,3,EASIER
7,47.19,53.59,3,3,33.8,5,EASIER
5,78.14,25.98,1,1,74.6,3,SAME
7,46.98,218.21,1,3,38.63,5,EASIER
5,30.58,30.72,5,5,29.19,3,EASIER
5,78.53,56.83,2,2,72.16,3,SAME
5,75.03,100.81,2,1,72.47,3,SAME
4,83.45,56.66,2,0,83.12,2,SAME
5,66.08,50.12,1,2,63.52,3,SAME
4,74.44,33.15,2,2,74.69,2,SAME
6,30.42,90.05,4,3,26.91,4,EASIER
6,79.83,245.94,1,2,75.04,4,EASIER
4,68.73,46.14,1,1,65.06,2,SAME
7,72.83,161.21,1,2,67.4,5,SAME
5,37.86,178.09,4,4,38.27,3,EASIER
7,50.87,130.31,3,4,44.61,5,EASIER
6,47.82,148.95,3,3,43.98,4,EASIER
7,56.09,145.31,1,3,51.51,5,EASIER
7,57.9,144.16,2,2,49.04,5,EASIER
4,77.93,24.16,1,0,82.8,2,SAME
4,59.25,22.35,2,3,51.47,2,EASIER
7,54.18,84.71,2,3,49.2,5,EASIER
4,66.7,57.52,5,3,62.91,2,EASIER
6,52.62,126.55,3,3,43.97,4,EASIER
3,78.04,45.25,1,1,75.54,1,SAME
7,93.42,111.32,1,0,94.19,5,HARDER
6,67.97,108.46,1,2,70.78,4,SAME
5,66.22,75.85,1,2,58.75,3,SAME
5,72.63,54.99,5,2,71.89,3,EASIER
6,22.95,69.37,5,6,17.26,4,EASIER
4,73.75,18.91,1,1,68.72,2,SAME
4,95.24,35.37,1,1,94.63,2,HARDER
4,73.56,36.19,1,1,75.55,2,SAME
3,96.72,41.42,1,0,100.0,1,SAME
7,49.86,219.31,3,3,41.89,5,EASIER
6,85.24,88.45,2,2,82.69,4,SAME
5,80.45,161.07,1,1,85.13,3,EASIER
7,49.98,124.22,2,3,42.52,5,EASIER
6,50.23,140.31,2,3,48.99,4,EASIER
5,65.38,55.2,1,2,66.44,3,SAME
3,70.72,15.05,2,1,74.76,1,SAME
5,81.33,46.99,1,0,77.68,3,SAME
3,68.6,48.17,1,3,63.22,1,EASIER
6,57.77,71.47,3,2,57.21,4,SAME
3,68.78,20.31,1,2,67.44,1,SAME
5,58.83,57.88,4,3,48.3,3,EASIER
4,77.98,31.64,1,2,80.16,2,SAME
3,95.56,42.53,1,1,91.85,1,SAME
5,33.13,147.49,2,3,25.39,3,EASIER
4,94.41,38.11,1,0,98.35,2,HARDER
4,83.24,48.99,1,0,82.06,2,SAME
7,51.59,190.22,1,2,54.12,5,EASIER
4,82.6,39.99,2,1,80.56,2,SAME
5,81.9,37.56,1,2,78.9,3,SAME
3,74.85,20.84,1,0,73.95,1,SAME
4,85.08,46.12,1,1,79.79,2,HARDER
4,84.44,45.73,2,1,85.09,2,SAME
6,52.48,32.29,1,1,53.82,4,EASIER
3,92.24,20.59,1,1,92.99,1,HARDER
7,48.25,74.95,5,4,44.12,5,EASIER
3,90.92,37.02,1,1,93.14,1,SAME
6,50.83,57.03,3,3,44.9,4,EASIER
3,67.94,20.36,2,2,68.39,1,SAME
7,43.9,85.47,2,3,41.65,5,EASIER
6,41.21,123.74,4,4,34.88,4,EASIER
7,51.31,189.9,3,3,45.09,5,EASIER
7,45.76,146.57,4,3,40.42,5,EASIER
7,51.18,204.69,1,3,42.95,5,EASIER
6,47.99,155.89,2,3,45.64,4,EASIER
7,56.28,41.76,1,3,52.63,5,EASIER
3,100.0,32.53,1,0,99.96,1,HARDER
6,46.2,67.66,2,3,42.61,4,EASIER
7,63.18,56.46,1,2,64.88,5,SAME
4,78.0,32.7,1,2,75.52,2,SAME
7,37.61,166.8,5,4,34.8,5,EASIER
5,48.38,119.2,4,3,46.75,3,EASIER
5,62.71,29.8,1,2,57.9,3,SAME
4,99.89,50.82,1,0,100.0,2,HARDER
3,89.11,59.95,1,0,90.22,1,EASIER
7,49.23,300.0,1,2,47.56,5,EASIER
6,47.11,13.61,2,2,43.49,4,EASIER
5,49.87,170.54,3,2,42.15,3,EASIER
7,41.21,189.1,2,3,30.18,5,EASIER
3,81.46,8.95,2,2,74.48,1,SAME
6,20.78,55.07,5,5,14.43,4,EASIER
5,73.83,108.1,1,1,70.43,3,SAME
6,70.23,98.9,2,2,64.26,4,SAME
3,83.39,19.36,1,0,83.55,1,SAME
6,65.2,84.88,2,0,63.2,4,SAME
6,55.87,108.92,1,2,56.01,4,SAME
7,66.95,81.68,3,2,67.49,5,SAME
4,72.21,35.8,1,1,73.98,2,SAME
3,65.39,37.26,4,2,64.13,1,EASIER
3,80.61,18.3,1,1,76.16,1,HARDER
3,79.18,13.67,1,1,78.21,1,SAME
4,100.0,28.16,1,0,100.0,2,HARDER
7,78.74,69.0,1,1,78.63,5,SAME
3,84.1,19.1,1,0,83.85,1,SAME
3,100.0,11.59,4,2,98.23,1,EASIER
3,100.0,27.76,1,0,99.79,1,HARDER
4,86.39,57.13,2,1,88.42,2,SAME
6,55.85,53.76,3,3,48.04,4,EASIER
4,96.88,27.97,1,1,95.72,2,HARDER
5,50.16,52.86,5,4,44.57,3,EASIER
4,44.94,24.76,5,4,36.56,2,EASIER
7,56.21,191.46,1,2,51.13,5,SAME
3,84.92,16.83,1,0,82.68,1,SAME
4,63.24,29.68,2,2,62.27,2,SAME
5,66.95,39.75,4,2,61.02,3,EASIER
7,44.2,193.94,3,4,34.9,5,EASIER
5,76.09,51.73,1,1,71.05,3,SAME
3,100.0,60.69,1,0,100.0,1,EASIER
5,70.86,69.1,2,1,65.5,3,SAME
4,74.32,65.5,4,3,68.44,2,EASIER
4,65.35,32.63,2,2,63.52,2,SAME
7,33.28,67.01,4,4,29.62,5,EASIER
7,62.98,109.99,1,2,65.76,5,SAME
4,85.05,27.62,1,0,84.19,2,HARDER
5,66.26,21.57,3,2,65.32,3,HARDER
5,85.0,95.79,1,1,84.39,3,SAME
7,95.64,114.02,2,0,94.4,5,HARDER
7,24.25,76.47,4,5,14.6,5,SAME
4,69.67,45.35,2,2,67.56,2,SAME
3,94.36,25.53,1,0,96.15,1,HARDER
3,100.0,46.82,1,0,99.12,1,SAME
3,87.08,30.31,1,1,85.17,1,HARDER
6,48.75,75.57,4,3,48.5,4,EASIER
6,62.62,117.6,1,2,64.67,4,SAME
7,54.81,109.83,3,2,50.69,5,EASIER
3,89.48,27.13,1,1,88.87,1,HARDER
3,97.51,43.14,1,0,100.0,1,SAME
3,96.45,14.86,2,1,94.81,1,HARDER
6,65.78,52.34,1,1,62.62,4,SAME
3,100.0,20.74,1,0,100.0,1,HARDER
6,47.71,71.15,3,3,45.57,4,EASIER
7,57.52,210.36,1,2,55.54,5,SAME
3,68.57,13.32,3,2,65.74,1,SAME
6,44.69,80.75,2,3,36.39,4,EASIER
5,80.08,44.16,2,2,77.95,3,SAME
7,38.02,282.95,1,3,32.15,5,EASIER
4,67.26,57.57,2,1,66.87,2,SAME
4,79.65,42.51,1,1,76.25,2,SAME
3,100.0,38.48,1,0,98.74,1,SAME
6,59.85,41.29,5,3,60.86,4,EASIER
7,8.46,300.0,4,5,1.76,5,EASIER
3,69.37,17.19,2,2,58.76,1,SAME
5,65.63,108.05,5,4,63.55,3,EASIER
6,91.86,109.24,1,0,87.77,4,HARDER
6,74.3,94.08,1,1,70.31,4,SAME
7,35.09,217.2,4,5,27.34,5,EASIER
6,64.86,137.68,1,2,65.07,4,SAME
7,39.05,118.75,4,3,35.37,5,EASIER
7,35.27,89.01,3,3,25.8,5,EASIER
7,71.48,119.77,1,1,71.39,5,SAME
5,59.63,55.12,2,2,55.27,3,SAME
5,76.29,69.11,2,2,72.53,3,SAME
5,74.33,96.12,1,0,72.72,3,SAME
7,51.44,144.59,4,4,42.56,5,EASIER
4,76.18,41.45,1,1,71.83,2,SAME
6,55.96,58.36,1,2,55.24,4,SAME
6,43.67,97.08,3,3,36.73,4,EASIER
3,89.76,11.75,1,0,85.98,1,HARDER
5,75.29,39.08,1,1,71.62,3,SAME
3,75.28,32.74,1,2,71.93,1,SAME
6,46.3,129.93,3,4,41.75,4,EASIER
5,77.86,57.41,1,2,75.81,3,SAME
4,77.47,41.76,3,1,75.43,2,SAME
3,89.39,29.48,1,1,85.32,1,HARDER
3,97.01,33.86,1,1,92.34,1,SAME
6,70.46,73.85,1,2,70.25,4,SAME
7,35.53,65.55,5,4,31.17,5,EASIER
4,88.9,45.58,1,0,90.48,2,HARDER
7,13.85,300.0,4,5,7.1,5,EASIER
5,97.76,36.74,1,1,97.36,3,HARDER
4,70.85,35.8,3,1,69.6,2,SAME
5,55.03,47.91,4,2,49.75,3,EASIER
6,56.29,287.6,1,2,58.62,4,EASIER
7,75.53,66.35,1,1,69.68,5,SAME
5,81.57,53.57,1,1,76.07,3,SAME
4,70.01,32.01,4,2,68.46,2,EASIER
6,56.98,42.71,3,2,54.96,4,SAME
5,37.11,30.35,5,4,37.12,3,EASIER
4,54.52,49.64,1,2,52.4,2,EASIER
5,70.18,82.37,3,1,69.0,3,SAME
5,60.1,43.97,5,3,58.64,3,EASIER
3,75.08,46.8,1,2,79.47,1,SAME
3,75.51,9.18,1,1,75.81,1,SAME
6,57.12,42.62,1,2,50.2,4,SAME
3,82.95,17.32,1,1,87.83,1,SAME
5,52.5,57.74,3,2,49.85,3,EASIER
6,42.84,64.86,5,5,35.91,4,EASIER
4,71.2,34.57,3,2,61.65,2,SAME
4,83.1,47.73,1,1,79.37,2,SAME
7,17.66,247.79,5,5,7.33,5,EASIER
3,71.38,35.73,2,2,66.96,1,SAME
6,52.74,84.43,1,2,52.27,4,EASIER
3,68.85,24.12,3,3,58.83,1,EASIER
7,61.72,204.13,1,1,53.78,5,SAME
5,44.13,147.4,2,3,44.17,3,EASIER
3,80.68,33.21,2,1,80.64,1,SAME
6,57.46,63.55,1,3,52.55,4,EASIER
3,67.54,28.06,2,2,66.36,1,SAME
4,92.78,49.92,1,0,91.89,2,HARDER
5,82.67,44.06,2,1,77.97,3,SAME
6,56.89,128.63,3,3,48.48,4,EASIER
5,62.41,66.1,1,2,59.53,3,SAME
7,63.4,211.29,1,2,60.58,5,SAME
5,84.33,35.76,1,1,80.26,3,SAME
4,100.0,16.76,1,0,100.0,2,HARDER
4,77.31,31.59,1,1,78.09,2,SAME
7,52.2,113.46,3,4,41.45,5,EASIER
6,59.4,32.14,1,2,59.78,4,SAME
3,61.3,19.07,2,2,57.73,1,SAME
6,21.82,159.84,4,5,12.64,4,EASIER
5,75.46,75.52,1,1,75.69,3,SAME
4,74.87,40.55,1,1,72.09,2,SAME
3,94.97,15.63,1,0,89.1,1,HARDER
7,46.6,221.38,3,4,38.87,5,EASIER
3,89.45,20.76,1,1,85.47,1,HARDER
7,37.75,117.95,2,3,32.23,5,EASIER
3,50.05,29.97,5,4,45.24,1,EASIER
5,71.48,63.13,2,2,65.78,3,SAME
3,91.11,48.56,1,0,94.89,1,SAME
5,71.63,77.1,2,2,68.84,3,SAME
7,63.02,134.68,2,2,61.55,5,SAME
5,52.65,55.57,4,4,44.96,3,EASIER
5,49.51,71.83,5,4,47.52,3,EASIER
3,95.45,22.77,1,1,96.45,1,HARDER
7,43.98,124.18,5,4,33.95,5,EASIER
4,76.16,32.36,2,1,73.79,2,SAME
5,75.78,45.3,1,0,82.86,3,SAME
7,44.7,67.98,4,4,43.8,5,EASIER
6,69.82,71.21,1,1,68.79,4,SAME
6,66.31,68.83,1,1,68.29,4,SAME
3,72.81,56.43,2,1,70.13,1,EASIER
5,54.47,94.78,1,2,54.53,3,EASIER
5,61.19,54.28,4,2,54.58,3,EASIER
3,94.42,20.71,1,0,89.85,1,HARDER
4,78.2,50.74,2,2,81.71,2,SAME
7,30.78,300.0,4,5,25.01,5,EASIER
7,34.62,172.88,4,4,26.47,5,EASIER
7,82.89,43.86,1,0,85.03,5,SAME
7,66.68,179.28,1,2,65.04,5,SAME
7,48.86,197.45,5,4,37.78,5,EASIER
3,78.74,66.52,1,1,78.17,1,EASIER
7,47.71,97.82,3,4,43.98,5,EASIER
6,68.22,88.13,1,1,71.99,4,SAME
7,61.81,143.15,3,2,57.52,5,SAME
6,46.62,55.12,1,2,37.81,4,EASIER
3,89.13,17.09,2,1,85.0,1,HARDER
5,63.74,70.68,3,2,58.34,3,SAME
6,67.49,36.76,3,2,63.01,4,SAME
3,83.85,13.91,1,1,82.47,1,SAME
5,55.59,86.85,1,3,51.78,3,EASIER
6,88.89,106.23,1,0,94.77,4,HARDER
5,72.9,107.67,1,2,63.81,3,SAME
6,71.73,104.33,2,2,61.95,4,SAME
3,86.61,25.12,1,0,85.28,1,HARDER
4,65.99,69.65,5,3,57.51,2,EASIER
7,50.52,88.95,4,3,44.53,5,EASIER
5,90.45,49.18,1,0,84.81,3,HARDER
3,79.39,24.29,2,1,82.55,1,SAME
3,100.0,30.55,1,0,100.0,1,HARDER
5,82.83,56.12,1,1,81.18,3,SAME
7,43.07,49.86,1,3,44.15,5,EASIER
3,98.03,22.2,2,1,100.0,1,HARDER
3,96.4,24.65,1,0,95.95,1,HARDER
4,80.6,40.11,1,1,80.66,2,SAME
4,82.6,30.76,1,1,76.83,2,SAME
3,71.47,31.31,2,1,68.04,1,SAME
4,71.68,17.83,3,2,72.79,2,SAME
6,67.56,101.79,2,2,66.49,4,SAME
7,21.46,297.56,5,6,12.4,5,EASIER
4,86.59,28.57,1,1,86.23,2,HARDER
6,49.84,84.49,3,2,49.55,4,EASIER
7,24.92,97.89,5,4,22.56,5,EASIER
3,90.41,22.57,1,1,88.18,1,HARDER
7,58.89,63.94,2,2,54.78,5,SAME
3,82.67,60.65,1,1,81.65,1,EASIER
6,52.79,100.22,4,4,43.89,4,EASIER
6,79.55,57.85,1,1,76.87,4,SAME
7,66.76,73.03,2,1,67.71,5,SAME
5,57.53,59.79,3,3,54.31,3,EASIER
6,44.76,26.56,2,3,44.29,4,EASIER
3,86.6,39.94,2,1,83.79,1,SAME
5,59.87,44.97,3,3,60.23,3,EASIER
7,33.18,138.43,5,5,24.06,5,EASIER
3,84.29,30.35,1,0,82.35,1,SAME
3,100.0,38.41,1,0,95.6,1,SAME
6,35.53,105.94,5,4,22.2,4,EASIER
5,95.56,83.79,1,0,97.4,3,SAME
5,68.55,96.05,3,2,65.71,3,SAME
4,88.6,32.54,2,0,90.19,2,HARDER
3,71.38,65.12,3,2,68.11,1,EASIER
6,59.55,98.52,1,2,55.83,4,SAME
4,77.73,37.5,3,2,75.64,2,SAME
6,66.8,52.95,2,2,67.55,4,SAME
5,71.48,52.35,1,1,72.22,3,SAME
4,91.21,45.9,1,0,96.25,2,HARDER
4,83.35,39.74,2,2,82.07,2,SAME
6,40.67,212.09,1,3,34.33,4,EASIER
4,90.83,31.64,1,0,98.06,2,HARDER
7,41.62,162.18,5,4,39.86,5,EASIER
5,53.27,33.22,2,3,49.4,3,EASIER
7,48.47,300.0,4,4,44.37,5,EASIER
5,92.43,32.12,1,0,94.12,3,HARDER
5,42.79,161.94,2,3,34.97,3,EASIER
5,73.07,54.23,1,1,71.75,3,SAME
5,67.18,19.19,1,2,64.52,3,SAME
5,31.54,113.26,5,4,28.98,3,EASIER
7,66.05,117.14,1,2,62.39,5,SAME
6,64.65,64.78,2,3,61.47,4,EASIER
3,65.34,33.26,3,1,69.22,1,SAME
3,73.58,33.6,2,2,71.27,1,SAME
3,89.73,30.07,1,0,92.0,1,HARDER
6,62.25,147.96,2,2,61.52,4,SAME
4,74.54,42.79,1,1,72.74,2,SAME
4,83.68,51.57,1,1,82.56,2,SAME
7,48.08,84.28,4,5,40.13,5,EASIER
3,99.27,35.15,1,0,95.53,1,SAME
3,86.25,19.86,2,1,84.24,1,HARDER
3,91.77,15.16,1,0,89.12,1,HARDER
4,74.37,34.49,2,1,73.74,2,SAME
3,85.51,22.11,1,0,89.06,1,HARDER
6,53.9,132.84,3,3,55.39,4,EASIER
6,57.05,38.52,3,2,52.73,4,SAME
3,93.3,40.67,1,0,93.95,1,SAME
5,68.59,42.61,1,1,65.57,3,SAME
4,77.05,11.93,3,2,70.69,2,SAME
3,73.29,14.61,1,1,72.12,1,SAME
5,77.51,49.81,2,2,68.27,3,SAME
6,37.97,103.31,5,4,34.26,4,EASIER
4,71.56,35.69,1,2,67.05,2,SAME
6,50.63,43.72,2,4,43.21,4,EASIER
7,69.04,73.27,1,1,62.42,5,SAME
3,91.37,14.7,1,0,88.16,1,HARDER
3,92.03,28.05,1,0,94.09,1,HARDER
4,81.91,36.42,1,1,81.33,2,SAME
7,54.97,156.49,1,1,52.6,5,EASIER
3,91.32,11.37,1,1,90.23,1,HARDER
5,69.62,44.53,2,2,63.96,3,SAME
5,32.58,158.33,5,5,19.08,3,EASIER
3,63.88,33.25,2,2,63.45,1,SAME
3,75.28,21.91,2,1,76.44,1,SAME
3,91.68,16.11,1,0,90.89,1,HARDER
3,97.82,40.93,1,0,100.0,1,SAME
5,35.74,123.86,3,3,27.52,3,EASIER
7,57.46,59.89,1,1,58.57,5,SAME
4,79.32,23.15,2,2,74.14,2,SAME
4,84.89,43.32,1,1,81.97,2,SAME
4,83.98,45.27,1,1,78.96,2,SAME
7,40.5,145.71,3,4,37.48,5,EASIER
7,32.37,300.0,2,4,29.31,5,EASIER
6,60.89,49.48,3,3,55.57,4,EASIER
5,79.4,59.16,1,2,75.51,3,SAME
3,88.38,34.46,1,1,90.86,1,SAME
7,73.73,164.96,2,1,72.59,5,HARDER
3,96.35,18.74,2,1,94.14,1,HARDER
3,95.39,19.07,1,0,89.55,1,HARDER
6,52.16,64.58,5,4,49.91,4,EASIER
3,94.84,53.35,1,0,91.55,1,EASIER
3,86.98,16.17,1,1,86.77,1,HARDER
5,43.75,49.4,4,3,35.43,3,EASIER
3,99.78,35.3,1,0,100.0,1,SAME
4,83.84,22.78,1,1,80.99,2,SAME
6,57.96,93.77,4,3,51.04,4,EASIER
3,99.0,10.74,1,1,91.48,1,HARDER
6,38.8,90.64,3,4,31.55,4,EASIER
3,96.86,25.59,1,0,91.36,1,HARDER
6,67.49,89.28,4,3,63.45,4,EASIER
3,88.04,16.98,1,0,89.09,1,HARDER
6,66.0,92.31,2,1,65.2,4,SAME
6,74.45,80.35,2,2,69.5,4,SAME
6,40.58,161.14,2,2,34.7,4,EASIER
4,60.55,51.28,1,2,59.59,2,SAME
4,54.3,19.23,5,4,55.12,2,EASIER
7,38.78,71.15,2,4,31.7,5,EASIER
6,84.82,59.51,1,1,85.26,4,SAME
3,99.31,27.09,1,0,98.07,1,HARDER
3,100.0,23.19,1,0,99.68,1,HARDER
4,83.52,35.03,1,1,80.02,2,SAME
6,64.91,300.0,1,2,63.5,4,EASIER
4,85.03,29.86,1,1,77.66,2,HARDER
7,29.25,239.01,5,5,13.95,5,EASIER
5,100.0,53.92,1,1,97.76,3,HARDER
7,49.2,34.17,1,2,49.4,5,EASIER
7,60.13,124.31,4,4,56.24,5,EASIER
5,45.92,100.93,2,2,44.79,3,SAME
7,52.14,158.18,2,2,54.88,5,EASIER
5,75.54,65.84,2,1,78.42,3,SAME
3,84.56,25.27,1,1,82.32,1,SAME
4,87.16,30.12,1,2,82.77,2,SAME
5,57.47,90.39,4,3,47.68,3,EASIER
7,48.83,88.4,4,2,45.9,5,EASIER
7,53.81,79.01,2,2,55.88,5,EASIER
3,82.14,30.01,1,0,85.57,1,SAME
3,92.08,21.87,1,0,95.97,1,HARDER
5,69.36,109.34,1,2,66.48,3,SAME
5,76.12,73.09,1,1,73.31,3,SAME
6,59.6,54.72,2,2,57.82,4,SAME
4,86.21,22.19,1,1,87.16,2,HARDER
7,56.34,81.93,1,2,52.89,5,SAME
5,54.63,184.52,2,3,52.28,3,EASIER
4,64.8,33.99,2,2,60.17,2,SAME
5,69.61,84.42,2,1,68.37,3,SAME
7,32.11,54.98,4,5,22.93,5,EASIER
4,87.41,22.84,1,0,87.75,2,HARDER
5,88.21,52.83,1,1,87.51,3,HARDER
7,59.56,283.04,2,3,55.04,5,EASIER
3,88.79,14.08,1,1,84.9,1,HARDER
5,100.0,42.47,1,0,95.79,3,HARDER
6,72.86,131.05,1,0,78.63,4,SAME
7,52.02,266.79,1,3,49.66,5,EASIER
3,100.0,30.37,1,0,99.42,1,HARDER
6,50.53,116.53,2,4,47.55,4,EASIER
7,48.84,68.69,3,4,42.96,5,EASIER
4,73.73,20.41,2,1,76.45,2,SAME
6,55.8,45.19,1,2,50.89,4,SAME
5,73.9,37.64,3,2,67.65,3,SAME
6,72.43,92.21,1,2,65.85,4,SAME
4,84.35,21.42,2,0,83.32,2,SAME
3,89.93,27.95,2,1,82.32,1,HARDER
7,37.4,94.32,2,3,32.49,5,EASIER
4,97.14,29.17,1,1,93.18,2,HARDER
3,80.78,37.07,1,0,79.48,1,SAME
7,59.76,66.41,3,3,56.84,5,EASIER
7,31.62,244.93,2,4,27.27,5,EASIER
6,42.48,126.31,5,5,29.99,4,EASIER
5,63.11,35.53,2,3,61.6,3,HARDER
4,84.2,66.86,1,0,82.05,2,SAME
6,61.31,46.08,2,4,48.88,4,SAME
6,66.91,160.63,1,2,57.32,4,EASIER
5,66.7,68.39,2,1,68.21,3,SAME
6,36.75,36.07,5,4,31.84,4,EASIER
5,76.78,30.55,3,2,76.91,3,SAME
7,69.78,89.82,2,1,74.78,5,SAME
6,87.21,128.76,1,1,84.57,4,SAME
4,70.59,35.07,3,3,70.0,2,EASIER
6,69.15,74.07,1,2,63.95,4,SAME
4,78.14,38.72,2,1,74.88,2,SAME
4,76.89,14.88,1,1,77.99,2,SAME
7,37.77,175.51,2,2,30.7,5,EASIER
5,67.14,112.57,1,2,58.91,3,SAME
3,81.52,35.52,1,0,77.57,1,SAME
4,90.64,31.14,1,0,87.8,2,HARDER
7,58.08,69.14,3,2,51.72,5,SAME
6,41.96,46.72,2,4,33.78,4,EASIER
7,40.76,60.4,3,4,37.59,5,EASIER
5,72.2,177.93,1,2,70.39,3,EASIER
3,85.09,24.14,2,0,83.83,1,HARDER
3,87.23,37.39,1,1,87.2,1,SAME
3,79.98,36.49,2,1,83.46,1,SAME
6,66.74,88.31,2,1,66.66,4,SAME
6,67.89,50.51,2,2,67.78,4,SAME
5,54.78,74.98,2,3,49.47,3,EASIER
6,36.82,46.7,3,3,34.47,4,EASIER
5,67.93,78.15,2,2,67.63,3,SAME
6,71.51,47.82,2,2,61.96,4,SAME
6,58.6,65.36,2,2,62.86,4,SAME
5,100.0,46.7,1,0,98.6,3,HARDER
6,72.54,169.72,1,2,67.84,4,EASIER
4,72.31,12.1,2,2,69.04,2,SAME
6,21.94,275.54,3,4,21.52,4,HARDER
7,64.5,72.19,2,1,57.62,5,SAME
4,61.23,35.86,3,2,60.4,2,SAME
6,41.54,101.66,4,4,34.62,4,EASIER
3,81.66,28.92,1,0,83.56,1,SAME
4,40.93,56.49,5,4,33.0,2,EASIER
6,62.12,112.63,1,2,58.7,4,SAME
4,73.56,98.99,1,1,69.99,2,EASIER
4,73.81,53.59,1,2,71.22,2,SAME
4,77.32,35.96,1,0,75.07,2,SAME
3,100.0,19.55,2,0,100.0,1,HARDER
6,64.13,60.69,3,2,62.4,4,SAME
3,87.01,44.45,1,1,91.97,1,SAME
4,54.39,86.71,2,2,51.95,2,EASIER
4,88.14,60.92,1,0,86.58,2,SAME
7,76.18,19.96,2,1,72.6,5,SAME
7,54.03,32.91,5,3,46.92,5,EASIER
3,88.52,24.92,1,0,86.93,1,HARDER
3,86.81,23.21,2,1,83.16,1,HARDER
6,57.76,82.85,1,1,59.94,4,SAME
4,84.48,68.44,1,1,83.01,2,SAME
6,71.86,153.19,1,2,68.01,4,SAME
7,46.67,123.2,4,4,41.16,5,EASIER
3,100.0,12.69,1,0,100.0,1,EASIER
7,63.25,57.32,2,2,57.57,5,SAME
3,71.98,25.76,1,2,68.57,1,HARDER
4,79.14,46.22,1,2,81.42,2,SAME
5,87.95,31.75,1,0,84.31,3,EASIER
7,41.17,160.53,1,2,35.68,5,EASIER
5,70.75,24.36,2,1,71.21,3,SAME
3,85.32,8.0,1,0,83.77,1,HARDER
4,70.38,25.19,1,1,67.47,2,SAME
6,45.51,167.45,5,5,38.69,4,EASIER
5,63.15,123.22,1,2,57.43,3,EASIER
3,100.0,12.29,2,0,100.0,1,HARDER
5,67.64,27.35,2,3,69.76,3,EASIER
5,86.7,84.53,1,1,80.96,3,SAME
3,100.0,20.55,2,1,95.29,1,HARDER
4,84.88,72.22,1,0,90.75,2,SAME
7,31.44,168.06,5,5,21.96,5,EASIER
6,53.45,132.06,4,3,48.4,4,EASIER
3,100.0,17.34,2,0,95.58,1,HARDER
3,72.15,30.46,4,1,75.2,1,EASIER
4,50.5,98.03,4,3,48.25,2,EASIER
5,60.82,62.23,1,1,60.06,3,SAME
5,59.8,56.72,4,3,55.22,3,EASIER
6,37.92,65.38,4,3,31.68,4,EASIER
3,100.0,12.26,1,0,99.36,1,HARDER
3,100.0,15.33,1,0,100.0,1,HARDER
6,69.42,51.57,2,1,64.71,4,SAME
7,48.36,45.71,3,3,48.51,5,EASIER
3,96.79,12.58,1,2,98.28,1,SAME
4,77.31,12.02,2,1,78.33,2,SAME
6,46.13,54.59,4,4,41.51,4,EASIER
3,63.49,33.76,4,2,63.21,1,EASIER
7,50.28,94.25,3,3,51.3,5,EASIER
4,63.21,32.82,4,3,56.78,2,EASIER
5,60.55,84.77,5,2,60.51,3,EASIER
4,79.64,84.05,2,1,73.88,2,EASIER
6,40.62,267.43,1,3,36.92,4,EASIER
3,95.38,26.66,1,0,96.23,1,HARDER
3,77.07,22.05,3,2,76.04,1,SAME
5,80.16,47.27,1,1,74.92,3,SAME
7,35.91,154.58,4,5,27.59,5,EASIER
6,42.44,75.6,5,4,37.74,4,EASIER
6,74.16,75.74,3,2,72.5,4,SAME
5,45.02,55.57,5,4,39.04,3,EASIER
3,76.05,16.44,2,1,75.47,1,SAME
5,41.35,18.28,5,4,35.64,3,SAME
7,23.31,77.77,5,5,13.65,5,EASIER
6,55.23,174.97,3,4,48.72,4,EASIER
6,61.87,170.74,3,2,54.71,4,EASIER
4,61.81,59.1,3,1,59.58,2,SAME
5,68.87,45.42,3,2,64.7,3,SAME
6,67.43,54.36,3,1,63.24,4,SAME
6,49.81,190.85,3,3,45.02,4,EASIER
7,63.23,62.07,1,2,59.01,5,SAME
6,34.65,83.7,5,6,28.9,4,EASIER
4,87.17,84.07,1,1,89.24,2,EASIER
4,81.23,40.28,1,0,74.24,2,SAME
6,69.63,70.39,2,1,67.22,4,SAME
7,35.48,210.74,3,3,30.64,5,EASIER
7,38.22,116.48,5,4,32.45,5,EASIER
6,67.29,90.81,3,3,62.31,4,EASIER
5,77.14,122.76,1,1,73.73,3,EASIER
7,56.0,27.98,1,2,55.54,5,SAME
7,42.02,136.19,2,3,39.12,5,EASIER
3,76.79,17.78,3,2,77.79,1,SAME
4,99.27,34.47,1,0,97.53,2,HARDER
4,64.54,40.07,5,3,56.03,2,EASIER
5,98.76,41.52,1,0,100.0,3,HARDER
4,100.0,42.31,2,0,100.0,2,HARDER
4,54.3,45.55,5,3,47.89,2,EASIER
3,96.8,27.37,1,1,93.42,1,HARDER
3,89.86,26.27,1,0,85.55,1,HARDER
5,71.02,54.72,1,2,67.39,3,SAME
7,46.87,106.18,4,3,41.36,5,EASIER
4,65.69,39.44,4,3,55.66,2,SAME
4,83.48,24.4,1,1,77.6,2,SAME
4,56.65,69.03,4,3,51.47,2,EASIER
7,64.5,106.57,1,1,64.99,5,SAME
6,51.97,66.48,3,1,44.82,4,EASIER
6,67.0,100.74,1,2,62.06,4,SAME
3,77.87,23.76,1,2,76.27,1,SAME
7,31.41,220.46,3,3,32.04,5,EASIER
3,83.12,37.23,1,1,81.59,1,SAME
7,50.75,117.82,3,3,45.25,5,EASIER
7,36.91,186.83,4,5,31.47,5,EASIER
5,62.93,65.16,2,3,57.34,3,EASIER
7,50.5,59.71,2,3,41.25,5,EASIER
7,38.71,181.9,4,4,31.78,5,EASIER
5,57.75,22.64,3,1,58.7,3,SAME
6,52.51,13.17,2,3,50.87,4,EASIER
5,75.59,81.94,2,1,71.58,3,SAME
5,53.88,72.24,2,1,45.65,3,EASIER
4,64.98,45.36,2,4,58.18,2,EASIER
6,68.39,168.9,2,1,67.92,4,EASIER
4,57.28,37.56,3,3,55.83,2,EASIER
3,99.45,21.13,2,1,100.0,1,HARDER
4,62.88,55.26,2,2,64.97,2,SAME
3,51.4,18.2,5,2,48.51,1,EASIER
7,37.44,98.37,3,4,32.46,5,EASIER
4,48.21,42.79,4,3,39.79,2,EASIER
6,77.14,97.48,2,2,77.59,4,EASIER
5,69.22,49.19,4,2,70.13,3,EASIER
4,61.7,30.18,2,2,53.07,2,SAME
4,94.33,22.45,2,0,95.52,2,HARDER
7,21.55,72.93,5,5,14.96,5,EASIER
5,74.83,142.72,5,2,76.01,3,EASIER
5,75.4,50.86,1,2,73.14,3,SAME
6,62.74,90.48,1,1,61.9,4,SAME
7,47.51,49.69,4,4,43.14,5,EASIER
6,35.91,300.0,2,3,30.0,4,EASIER
5,61.48,37.86,1,2,55.29,3,SAME
7,51.23,59.03,2,3,46.02,5,EASIER
7,56.92,108.33,2,2,52.42,5,SAME
7,18.24,68.86,4,4,12.28,5,EASIER
3,79.81,29.41,1,1,86.99,1,SAME
7,70.5,49.14,3,1,70.85,5,SAME
3,88.61,41.47,1,1,84.79,1,SAME
6,25.52,133.68,3,3,19.13,4,EASIER
6,42.04,77.09,5,4,40.11,4,EASIER
4,87.96,17.45,1,0,87.78,2,HARDER
3,75.83,17.42,3,1,77.26,1,EASIER
7,43.34,115.88,5,4,33.87,5,EASIER
7,52.84,57.9,2,3,47.53,5,EASIER
3,100.0,15.68,1,1,97.61,1,HARDER
6,58.11,141.51,2,3,56.44,4,EASIER
3,77.15,26.78,3,2,74.83,1,SAME
5,73.53,61.65,2,2,71.83,3,SAME
4,90.81,48.69,1,0,92.86,2,HARDER
6,73.93,75.3,1,1,72.19,4,SAME
5,68.83,56.32,1,1,69.17,3,SAME
5,72.46,72.69,4,3,67.73,3,EASIER
6,29.96,124.88,5,4,28.36,4,EASIER
5,66.16,74.22,1,2,61.15,3,SAME
3,59.78,47.88,2,1,56.29,1,SAME
5,60.14,58.71,3,3,54.71,3,EASIER
6,57.52,40.7,2,2,51.49,4,SAME
5,60.44,99.4,3,2,53.6,3,SAME
3,66.88,22.42,3,2,63.35,1,SAME
3,100.0,17.76,2,0,100.0,1,HARDER
4,69.34,53.11,2,2,67.36,2,SAME
6,48.15,99.44,3,3,44.27,4,EASIER
4,69.21,20.83,3,3,63.75,2,EASIER
7,42.17,161.42,4,3,41.73,5,EASIER
4,72.01,91.7,4,3,63.69,2,EASIER
5,67.97,68.08,3,2,61.44,3,SAME
6,75.59,71.77,1,1,73.96,4,SAME
6,57.31,34.42,3,3,54.12,4,EASIER
3,78.01,62.28,1,1,73.57,1,EASIER
3,76.22,19.86,2,1,73.25,1,HARDER
3,65.6,13.36,1,1,64.11,1,SAME
7,52.0,118.97,2,3,52.15,5,EASIER
3,95.91,39.16,1,1,89.39,1,SAME
3,71.68,43.33,3,3,68.91,1,SAME
6,46.76,57.81,5,4,43.48,4,EASIER
6,83.9,77.9,2,2,86.64,4,SAME
7,50.17,112.03,3,4,40.19,5,EASIER
4,81.55,60.13,2,1,76.69,2,SAME
6,54.91,111.61,3,2,49.65,4,EASIER
3,80.75,28.2,1,1,75.09,1,SAME
5,72.0,91.22,1,2,72.44,3,SAME
3,78.02,13.64,1,1,77.75,1,SAME
7,63.02,140.88,2,2,60.29,5,SAME
5,79.68,64.72,2,2,78.09,3,SAME
4,61.98,37.12,4,2,62.51,2,EASIER
7,61.47,97.75,4,2,50.95,5,EASIER
3,87.39,26.54,1,1,87.21,1,HARDER
6,79.6,60.96,1,0,80.65,4,SAME
5,54.02,223.73,2,2,52.84,3,EASIER
6,68.18,166.23,1,2,60.53,4,EASIER
4,66.63,63.51,1,2,63.26,2,SAME
7,29.56,83.92,5,5,19.1,5,EASIER
5,56.73,36.11,4,3,56.09,3,EASIER
5,79.35,52.22,2,3,75.24,3,EASIER
5,70.25,61.37,2,3,65.2,3,EASIER
4,99.03,19.24,1,0,100.0,2,HARDER
4,79.25,47.62,1,0,75.61,2,SAME
3,78.58,40.46,1,1,81.1,1,SAME
5,69.57,19.18,5,4,67.6,3,EASIER
5,46.31,37.14,3,3,37.79,3,EASIER
4,73.54,67.67,1,0,77.14,2,SAME
7,53.88,137.32,2,3,54.46,5,EASIER
3,86.77,17.0,1,0,84.52,1,HARDER
7,52.97,167.21,2,2,47.21,5,EASIER
7,57.08,81.02,2,1,52.84,5,SAME
3,100.0,22.51,1,0,100.0,1,HARDER
6,39.37,45.35,5,4,38.79,4,EASIER
4,87.94,38.3,1,1,84.79,2,HARDER
3,89.43,39.33,1,0,91.02,1,SAME
7,29.27,86.34,2,4,25.05,5,EASIER
3,76.13,33.32,1,0,74.41,1,SAME
4,59.66,37.12,1,2,55.02,2,SAME
3,69.45,40.41,2,2,66.46,1,SAME
3,87.8,20.34,1,0,88.27,1,HARDER
3,90.16,49.94,2,1,86.35,1,SAME
7,66.4,162.38,2,1,63.99,5,SAME
3,100.0,27.87,3,1,99.52,1,SAME
6,69.59,94.88,1,2,66.99,4,SAME
3,83.0,20.33,2,0,89.73,1,SAME
7,25.72,83.93,4,4,17.18,5,EASIER
7,22.25,129.2,5,6,18.26,5,EASIER
6,50.53,43.96,5,3,47.51,4,EASIER
7,69.88,80.69,3,2,66.59,5,SAME
4,91.99,24.46,2,1,98.57,2,HARDER
6,53.6,110.4,2,3,50.07,4,EASIER
4,55.95,50.07,3,3,47.89,2,EASIER
6,29.53,158.54,3,3,25.73,4,EASIER
7,40.74,93.33,4,4,38.59,5,EASIER
6,91.11,53.88,1,1,91.22,4,HARDER
4,77.98,19.05,1,1,78.58,2,SAME
6,61.64,94.41,1,1,59.31,4,SAME
7,35.6,239.79,3,4,29.44,5,EASIER
7,38.54,107.54,4,3,31.7,5,EASIER
6,70.38,83.14,1,1,66.53,4,SAME
6,27.87,81.74,3,3,24.76,4,EASIER
6,50.78,93.58,2,2,50.33,4,EASIER
6,46.82,137.71,3,4,38.94,4,EASIER
3,89.85,58.73,1,0,88.51,1,EASIER
7,53.51,146.95,1,2,55.05,5,EASIER
3,84.33,32.14,2,1,79.91,1,SAME
5,69.67,51.52,1,1,66.02,3,SAME
4,85.83,36.12,2,1,79.3,2,HARDER
4,87.12,35.89,1,0,85.5,2,HARDER
4,85.69,31.99,1,0,85.5,2,HARDER
3,98.42,26.46,1,0,100.0,1,HARDER
5,81.35,79.02,1,1,79.38,3,SAME
5,42.25,59.85,5,5,36.87,3,EASIER
5,60.79,50.48,2,2,54.47,3,SAME
3,100.0,26.44,1,0,96.88,1,HARDER
6,70.16,49.78,4,3,61.2,4,EASIER
3,100.0,35.74,1,0,100.0,1,SAME
7,61.4,89.42,3,3,55.27,5,EASIER
3,71.57,14.95,2,1,76.61,1,SAME
3,73.64,30.7,3,2,76.8,1,SAME
4,79.84,48.32,1,1,80.37,2,SAME
5,66.28,37.89,2,2,58.11,3,SAME
7,50.41,157.33,1,3,45.58,5,EASIER
5,71.98,79.38,2,2,69.44,3,SAME
4,83.17,96.14,1,1,82.17,2,EASIER
7,31.89,98.53,4,3,20.92,5,EASIER
4,68.8,37.04,2,2,62.79,2,SAME
7,44.13,80.46,4,3,36.28,5,EASIER
5,75.3,74.06,1,1,73.26,3,HARDER
4,77.32,37.92,1,1,76.87,2,SAME
4,79.91,60.46,1,1,79.68,2,SAME
3,75.51,20.61,1,2,70.33,1,SAME
6,68.45,104.8,2,2,66.01,4,SAME
5,65.6,51.56,2,1,64.55,3,SAME
6,58.23,31.46,2,3,52.02,4,EASIER
6,51.68,113.67,4,4,47.36,4,EASIER
3,94.49,11.48,2,0,98.01,1,HARDER
7,42.02,102.68,4,4,33.26,5,EASIER
5,56.09,54.01,3,3,49.35,3,EASIER
6,74.39,81.64,1,1,72.69,4,SAME
3,69.59,25.53,4,2,69.69,1,EASIER
6,59.3,83.61,3,2,54.92,4,SAME
6,56.53,99.04,4,4,55.34,4,EASIER
4,61.05,36.11,4,3,60.65,2,EASIER
7,38.2,300.0,4,3,28.75,5,EASIER
6,56.64,68.63,2,3,53.04,4,EASIER
7,48.45,57.52,2,2,45.51,5,EASIER
7,58.85,51.94,3,3,51.93,5,EASIER
4,73.75,51.78,3,1,71.93,2,SAME
7,61.25,47.04,1,2,59.98,5,SAME
6,62.82,43.71,2,3,57.45,4,EASIER
3,86.71,13.69,1,1,88.74,1,HARDER
6,59.03,104.0,2,2,53.11,4,SAME
5,52.12,112.07,2,3,47.73,3,EASIER
7,33.48,66.96,4,4,27.46,5,EASIER
3,87.89,30.17,1,1,83.47,1,HARDER
4,66.75,11.0,1,0,62.19,2,SAME
4,60.25,26.78,1,2,58.31,2,SAME
5,43.64,78.15,3,3,37.24,3,EASIER
6,82.94,69.71,1,1,76.89,4,SAME
4,100.0,60.63,1,1,98.38,2,SAME
6,73.05,25.67,1,0,71.67,4,SAME
3,88.05,18.03,1,0,88.09,1,HARDER
4,95.89,47.01,1,0,98.91,2,HARDER
6,42.23,103.09,3,2,38.39,4,SAME
4,72.51,48.45,3,2,73.52,2,SAME
5,79.92,64.27,1,0,80.94,3,SAME
6,60.18,45.23,2,3,56.58,4,EASIER
4,49.57,26.35,3,3,39.11,2,EASIER
7,32.16,300.0,5,5,23.19,5,EASIER
7,35.69,56.38,4,3,32.74,5,EASIER
7,55.26,51.78,1,3,50.74,5,EASIER
5,51.51,81.21,2,2,45.19,3,EASIER
4,62.49,23.1,5,3,56.17,2,EASIER
7,45.2,297.45,2,4,42.96,5,EASIER
6,58.5,300.0,1,2,55.79,4,EASIER
6,57.95,72.34,2,2,56.61,4,SAME
3,86.35,28.69,1,0,89.35,1,HARDER
7,48.29,41.43,2,2,46.27,5,EASIER
5,69.5,96.65,2,2,67.41,3,SAME
6,62.83,25.6,2,2,58.07,4,SAME
7,52.47,53.97,2,2,52.71,5,EASIER
3,76.23,26.35,1,1,73.06,1,SAME
3,78.88,31.9,2,2,78.04,1,SAME
3,66.65,12.92,2,3,65.05,1,EASIER
6,63.02,61.84,1,1,63.58,4,SAME
7,53.88,45.28,1,2,51.79,5,EASIER
3,73.34,21.71,3,2,66.81,1,SAME
3,92.88,17.51,1,0,97.34,1,HARDER
5,68.17,42.34,2,2,67.07,3,SAME
4,76.27,51.61,1,1,71.28,2,SAME
3,86.75,28.34,1,1,84.43,1,HARDER
6,55.39,109.79,3,2,52.42,4,SAME
7,67.63,104.38,1,1,68.65,5,SAME
4,97.54,53.23,1,0,92.17,2,SAME
3,100.0,24.61,1,1,98.94,1,HARDER
4,99.96,30.16,1,0,100.0,2,HARDER
3,82.33,32.23,2,1,78.17,1,SAME
5,66.72,47.03,1,1,67.35,3,SAME
3,85.94,21.59,1,1,84.49,1,HARDER
4,70.21,62.78,3,2,69.06,2,SAME
3,84.26,38.56,1,1,80.35,1,SAME
6,66.37,70.26,1,1,66.25,4,SAME
5,74.59,89.35,2,1,74.9,3,SAME
3,87.79,14.16,1,1,84.48,1,HARDER
3,93.5,21.96,1,0,91.89,1,HARDER
5,67.52,39.98,2,2,61.2,3,SAME
5,47.91,57.95,2,3,40.55,3,EASIER
3,60.11,34.67,2,2,55.4,1,SAME
4,87.25,49.34,1,1,85.78,2,HARDER
6,53.4,102.0,3,3,50.54,4,EASIER
5,57.21,62.08,4,3,53.81,3,EASIER
3,72.03,23.29,4,3,70.16,1,EASIER
4,77.07,66.83,2,1,74.02,2,SAME
3,89.43,12.56,1,0,85.59,1,HARDER
7,56.05,77.88,4,3,48.27,5,EASIER
7,35.07,140.14,5,4,32.36,5,EASIER
4,83.43,77.92,1,1,75.83,2,EASIER
4,78.32,32.3,1,2,78.42,2,SAME
3,77.27,22.26,1,2,70.49,1,SAME
6,65.85,41.93,5,2,63.54,4,EASIER
7,51.0,83.38,4,4,49.08,5,EASIER
4,85.52,53.01,1,0,85.97,2,SAME
6,38.06,186.41,4,4,32.71,4,EASIER
4,83.83,33.11,2,1,79.76,2,SAME
7,29.41,72.46,5,5,22.86,5,EASIER
4,77.61,39.27,3,2,76.48,2,SAME
3,100.0,12.19,1,0,100.0,1,HARDER
7,46.51,219.62,2,3,41.65,5,EASIER
7,73.04,57.27,2,2,78.27,5,SAME
4,73.6,44.04,2,3,65.78,2,EASIER
7,27.82,131.82,3,5,21.55,5,EASIER
4,92.0,51.04,1,1,89.5,2,HARDER
4,75.5,42.85,2,2,71.95,2,SAME
5,79.1,58.08,2,1,73.87,3,SAME
6,49.03,102.47,2,3,47.15,4,EASIER
4,63.19,56.25,3,3,62.57,2,EASIER
6,67.64,208.7,2,1,67.24,4,EASIER
6,59.25,46.22,3,3,56.95,4,EASIER
3,100.0,11.03,1,0,97.35,1,HARDER
7,49.1,48.2,2,3,41.34,5,EASIER
3,100.0,11.16,1,0,100.0,1,HARDER
5,100.0,32.03,1,0,100.0,3,HARDER
5,78.3,30.08,2,1,80.92,3,SAME
5,64.69,47.2,3,2,63.15,3,SAME
3,93.85,36.58,1,0,88.08,1,SAME
4,94.45,51.01,1,0,93.3,2,HARDER
3,92.77,18.95,1,1,94.71,1,HARDER
7,31.19,83.63,5,4,23.08,5,EASIER
3,75.81,61.17,1,1,74.56,1,EASIER
5,44.53,77.86,2,2,38.77,3,EASIER
4,80.5,41.21,1,1,82.17,2,SAME
3,67.23,26.39,1,1,65.45,1,SAME
4,75.33,33.17,2,1,74.36,2,SAME
7,51.14,300.0,3,3,47.25,5,EASIER
5,69.22,52.8,2,2,67.33,3,SAME
7,44.86,121.49,2,4,36.22,5,EASIER
7,29.37,45.6,5,5,25.12,5,EASIER
5,68.04,42.33,1,1,68.08,3,SAME
7,74.72,82.96,2,2,72.97,5,SAME
4,76.0,47.76,1,1,76.4,2,SAME
5,43.34,39.52,3,4,37.67,3,EASIER
6,90.86,84.09,2,0,92.52,4,HARDER
5,74.9,42.96,1,1,72.08,3,SAME
7,53.32,61.48,1,2,54.38,5,EASIER
3,90.1,15.04,1,0,82.92,1,HARDER
5,67.4,53.23,2,3,64.2,3,EASIER
6,67.8,86.51,2,3,62.24,4,EASIER
4,82.21,34.69,1,1,87.15,2,SAME
7,39.44,71.14,1,3,35.23,5,EASIER
4,61.03,35.62,4,3,58.91,2,EASIER
4,86.75,32.65,2,1,80.4,2,HARDER
4,64.09,23.29,3,2,58.38,2,SAME
6,77.72,85.62,1,1,76.37,4,SAME
3,97.91,55.95,1,1,99.05,1,EASIER
3,100.0,23.39,1,1,97.82,1,HARDER
6,58.6,38.36,1,1,61.05,4,SAME
4,70.71,75.78,1,2,68.18,2,SAME
3,88.74,43.74,1,1,94.29,1,EASIER
4,47.12,74.51,3,2,42.88,2,EASIER
4,72.12,37.25,1,2,73.1,2,SAME
3,93.27,17.64,1,0,94.84,1,HARDER
7,33.07,68.84,2,4,27.79,5,EASIER
3,54.93,41.54,3,3,48.99,1,EASIER
5,48.97,128.43,5,4,44.19,3,EASIER
4,66.17,24.66,1,2,60.7,2,SAME
4,85.6,11.62,5,2,82.63,2,EASIER
3,78.78,24.8,1,0,74.99,1,SAME
7,30.08,68.42,4,3,28.4,5,EASIER
7,26.38,76.18,4,5,18.0,5,EASIER
3,75.58,22.49,3,2,75.54,1,SAME
3,87.18,30.0,1,1,88.3,1,HARDER
7,46.05,73.18,4,3,44.78,5,EASIER
5,59.71,62.04,3,2,54.96,3,SAME
3,99.91,23.64,1,0,100.0,1,HARDER
3,80.22,8.96,2,1,80.87,1,SAME
5,50.21,75.96,4,4,40.7,3,EASIER
5,72.27,46.4,2,2,68.96,3,SAME
6,27.2,42.5,4,5,20.38,4,EASIER
3,70.42,18.1,2,2,68.23,1,SAME
4,88.18,41.8,3,1,93.15,2,SAME
4,57.09,38.83,2,2,51.74,2,SAME
5,70.72,79.79,3,2,67.6,3,SAME
4,56.75,46.66,1,2,52.87,2,SAME
4,66.01,21.91,1,1,63.84,2,SAME
7,47.08,22.39,2,2,49.8,5,EASIER
5,67.1,61.58,3,2,64.66,3,SAME
5,73.34,79.26,1,2,72.92,3,SAME
3,93.98,22.85,1,1,94.71,1,HARDER
3,83.06,33.54,1,2,81.3,1,SAME
6,46.83,48.71,4,4,44.05,4,EASIER
7,34.99,92.75,5,5,29.66,5,EASIER
5,87.06,36.77,1,0,87.84,3,HARDER
3,100.0,34.1,2,0,99.2,1,SAME
5,50.8,36.96,3,3,46.97,3,EASIER
4,76.9,100.05,1,1,77.22,2,EASIER
3,85.21,20.0,1,0,83.62,1,HARDER
3,92.21,35.66,1,0,92.72,1,SAME
5,92.14,45.53,1,1,89.64,3,HARDER
5,73.42,112.46,1,0,72.7,3,SAME
5,66.32,110.35,1,2,63.9,3,SAME
6,53.09,69.29,5,3,52.66,4,EASIER
4,80.68,43.24,1,0,81.63,2,SAME
4,79.65,69.15,1,1,81.03,2,SAME
6,75.32,96.06,1,1,76.52,4,HARDER
3,75.3,16.6,1,0,79.76,1,SAME
3,74.53,25.79,1,1,71.55,1,SAME
7,51.83,74.49,1,3,46.68,5,EASIER
4,80.52,40.79,1,1,81.23,2,SAME
3,100.0,17.61,1,0,100.0,1,HARDER
6,47.13,99.54,3,3,45.16,4,EASIER
5,57.22,23.93,3,3,52.96,3,EASIER
3,91.88,15.17,1,0,98.51,1,HARDER
7,45.66,72.69,2,2,45.43,5,EASIER
4,78.73,35.24,1,1,79.87,2,SAME
6,62.54,37.35,2,2,55.97,4,SAME
6,76.22,51.8,1,1,73.0,4,SAME
7,61.63,171.16,2,2,53.9,5,SAME
6,36.33,130.74,5,5,26.75,4,EASIER
6,52.72,21.96,3,2,52.94,4,EASIER
3,73.64,19.26,3,2,68.11,1,EASIER
7,42.25,224.37,3,2,40.32,5,HARDER
3,98.77,29.69,2,2,93.97,1,SAME
4,100.0,46.02,1,0,100.0,2,HARDER
5,95.84,76.68,1,1,92.55,3,HARDER
4,88.73,24.21,2,1,88.53,2,HARDER
5,37.24,64.48,5,4,28.52,3,EASIER
3,84.93,30.84,2,0,83.59,1,SAME
5,72.73,61.16,1,1,67.39,3,SAME
4,61.49,31.58,4,3,53.58,2,EASIER
6,82.14,79.98,2,1,80.5,4,SAME
5,84.62,32.99,2,1,81.78,3,SAME
6,76.85,112.85,1,1,72.15,4,SAME
3,100.0,13.2,2,1,97.08,1,HARDER
7,58.09,71.78,3,3,47.94,5,EASIER
4,85.21,52.35,3,1,81.68,2,SAME
4,68.67,43.55,4,1,67.37,2,EASIER
5,65.18,45.64,3,2,60.6,3,SAME
3,100.0,11.67,1,0,97.81,1,HARDER
7,54.38,109.22,1,2,49.16,5,EASIER
4,59.27,28.26,2,2,58.65,2,SAME
7,49.75,145.52,1,3,41.21,5,EASIER
3,84.97,19.87,1,0,82.23,1,SAME
7,73.08,43.14,1,1,69.15,5,SAME
4,97.84,19.83,1,1,99.55,2,HARDER
6,61.37,65.67,1,1,64.77,4,SAME
7,34.77,118.84,4,4,31.68,5,EASIER
3,85.15,14.89,1,1,82.39,1,HARDER
4,84.52,26.6,1,0,86.3,2,SAME
7,51.22,172.5,2,3,47.1,5,EASIER
3,92.75,40.96,1,0,91.86,1,SAME
3,72.38,28.28,2,2,72.17,1,SAME
5,65.22,50.37,1,1,58.89,3,SAME
3,80.46,18.96,1,0,82.8,1,SAME
7,53.42,150.26,2,2,52.4,5,EASIER
7,42.59,94.26,2,4,34.18,5,EASIER
3,79.08,37.65,1,1,75.55,1,SAME
3,80.56,38.54,3,1,77.18,1,SAME
6,70.61,101.49,3,1,72.03,4,SAME
5,81.28,45.34,1,0,82.04,3,EASIER
7,44.04,89.07,2,3,36.62,5,EASIER
7,63.62,45.73,2,2,62.42,5,SAME
5,70.7,56.51,1,0,69.12,3,SAME
4,99.44,36.53,1,0,96.2,2,HARDER
6,74.74,40.06,1,1,75.81,4,SAME
6,44.79,280.36,1,3,41.44,4,EASIER
5,76.86,76.38,1,1,75.25,3,SAME
4,68.59,25.6,1,1,72.27,2,SAME
4,66.97,99.79,3,3,61.76,2,EASIER
5,67.08,45.37,2,2,60.74,3,SAME
5,97.76,87.48,1,0,99.25,3,SAME
5,72.1,60.57,2,2,72.64,3,SAME
3,90.66,20.36,1,1,91.68,1,HARDER
7,36.74,93.21,1,2,35.42,5,EASIER
6,62.67,173.08,2,3,55.69,4,EASIER
7,70.37,180.56,1,2,63.22,5,SAME
7,61.93,104.77,3,2,58.91,5,SAME
6,68.64,28.23,1,2,62.65,4,SAME
4,76.76,43.85,1,0,75.26,2,SAME
6,69.67,42.89,3,2,66.02,4,HARDER
5,67.63,75.72,2,1,69.29,3,SAME
7,41.6,75.89,4,3,39.96,5,EASIER
4,80.36,28.54,1,1,74.02,2,SAME
3,37.28,18.82,5,4,34.23,1,EASIER
3,79.82,39.37,1,1,77.96,1,HARDER
3,70.08,11.39,4,2,65.34,1,EASIER
6,73.53,120.34,1,1,72.38,4,SAME
3,68.33,29.11,4,3,62.6,1,EASIER
3,74.93,24.2,4,2,69.76,1,EASIER
4,65.16,30.78,1,2,63.23,2,SAME
6,57.61,105.6,1,3,54.87,4,EASIER
5,95.33,46.65,2,1,96.34,3,HARDER
4,91.78,30.77,1,0,91.44,2,HARDER
4,98.8,39.16,1,0,100.0,2,SAME
7,18.1,285.94,5,5,12.23,5,EASIER
5,74.34,27.43,3,3,69.13,3,EASIER
4,80.11,48.08,3,1,82.0,2,SAME
6,72.72,76.12,4,2,66.65,4,EASIER
4,81.9,34.26,2,1,77.12,2,SAME
4,65.49,18.54,2,2,63.13,2,SAME
6,47.6,32.91,3,3,36.89,4,EASIER
4,86.82,44.58,1,1,84.16,2,HARDER
5,48.32,30.94,1,3,45.11,3,EASIER
6,55.98,139.11,3,3,55.24,4,EASIER
4,76.18,23.57,3,2,72.88,2,SAME
3,100.0,31.95,1,1,100.0,1,HARDER
7,43.02,81.82,1,2,36.09,5,EASIER
4,50.79,28.34,4,2,48.48,2,EASIER
4,85.28,24.73,1,0,88.28,2,HARDER
5,68.4,72.0,2,1,71.3,3,SAME
3,82.47,34.37,2,2,77.96,1,SAME
3,100.0,21.73,1,0,100.0,1,HARDER
5,72.23,77.72,2,2,74.3,3,SAME
7,65.83,112.77,3,3,59.16,5,EASIER
5,90.24,29.96,1,1,91.05,3,HARDER
5,61.64,69.95,2,3,55.32,3,EASIER
6,66.32,70.14,2,1,64.49,4,SAME
7,55.27,26.94,3,2,56.63,5,SAME
7,83.94,90.52,1,1,79.27,5,SAME
3,78.57,11.77,3,3,75.04,1,EASIER
5,62.49,31.53,4,2,56.92,3,EASIER
5,50.92,51.28,4,3,53.71,3,EASIER
4,90.07,36.68,1,1,87.66,2,HARDER
7,30.28,71.05,4,4,24.67,5,EASIER
4,62.01,48.69,3,3,60.16,2,EASIER
7,49.02,105.22,5,3,43.22,5,EASIER
3,92.54,20.7,2,0,91.0,1,HARDER
6,84.9,83.87,1,1,85.06,4,SAME
6,89.25,153.45,1,0,92.28,4,SAME
5,80.46,20.01,2,2,75.61,3,SAME
3,84.25,44.57,2,2,80.91,1,SAME
3,76.96,19.0,2,1,76.27,1,SAME
6,64.17,54.69,1,0,66.69,4,SAME
7,56.29,89.96,2,3,51.45,5,EASIER
5,69.46,37.39,2,2,63.92,3,SAME
3,92.65,15.74,2,0,88.63,1,HARDER
6,49.77,127.37,2,3,43.05,4,EASIER
5,56.52,62.77,3,3,53.72,3,EASIER
3,87.03,10.65,2,1,85.73,1,HARDER
4,66.7,52.17,1,2,63.45,2,SAME
4,99.33,48.71,1,0,99.15,2,HARDER
7,58.57,49.87,3,3,54.91,5,EASIER
7,64.4,123.56,1,2,63.31,5,SAME
3,71.17,32.95,2,3,63.69,1,EASIER
5,75.52,26.21,1,1,67.69,3,SAME
3,97.63,28.38,1,0,96.46,1,HARDER
5,63.13,41.52,2,2,57.42,3,SAME
3,71.43,31.82,1,2,64.51,1,SAME
6,47.18,50.46,5,3,42.21,4,EASIER
3,92.33,39.75,1,0,88.73,1,SAME
7,50.69,98.08,2,2,53.3,5,EASIER
4,95.82,28.46,3,1,93.12,2,SAME
4,75.0,27.06,1,1,72.23,2,SAME
7,72.88,180.34,1,2,76.13,5,SAME
7,63.43,75.52,2,2,63.36,5,SAME
3,92.86,40.08,1,0,93.0,1,SAME
3,100.0,27.49,2,0,98.06,1,HARDER
7,54.82,52.63,4,3,49.65,5,EASIER
7,41.64,113.6,3,4,39.4,5,EASIER
5,70.73,59.36,1,1,68.29,3,SAME
3,74.69,13.3,2,2,73.02,1,SAME
3,93.52,25.09,1,0,94.82,1,HARDER
4,68.47,49.03,2,1,69.66,2,SAME
6,34.71,147.43,2,3,28.98,4,EASIER
3,83.6,40.5,1,1,86.85,1,SAME
6,50.15,284.01,3,2,45.53,4,EASIER
7,78.15,112.04,1,1,80.81,5,SAME
3,98.84,31.99,1,1,98.18,1,HARDER
7,33.83,80.49,5,6,25.13,5,EASIER
7,59.79,300.0,1,1,59.04,5,EASIER
4,91.71,25.0,3,0,93.36,2,SAME
3,86.48,56.68,2,2,86.16,1,EASIER
4,59.92,84.92,4,3,61.84,2,EASIER
4,100.0,26.28,1,0,96.21,2,HARDER
4,61.35,61.85,3,3,56.57,2,EASIER
7,55.17,143.66,3,3,51.0,5,EASIER
3,56.34,20.81,1,1,58.81,1,SAME
4,80.12,35.65,1,1,76.97,2,HARDER
6,16.71,94.14,5,5,9.08,4,EASIER
3,98.32,29.35,1,1,100.0,1,HARDER
3,79.66,48.61,1,2,75.85,1,SAME
4,90.62,49.7,1,0,87.52,2,HARDER
7,56.93,73.62,1,2,60.09,5,SAME
7,53.38,167.97,1,2,44.2,5,EASIER
7,41.92,43.21,3,4,34.38,5,EASIER
7,62.46,90.72,2,2,61.95,5,SAME
3,80.06,21.97,3,2,78.19,1,SAME
5,51.73,80.34,3,3,46.69,3,EASIER
5,62.86,139.35,2,1,57.2,3,EASIER
3,82.56,27.54,1,0,82.98,1,SAME
7,51.11,91.98,2,2,45.25,5,EASIER
6,51.05,57.03,3,4,44.68,4,EASIER
7,52.0,176.55,1,3,45.64,5,EASIER
4,77.94,34.67,3,3,72.41,2,EASIER
6,63.8,63.12,3,2,59.53,4,SAME
3,50.98,38.18,4,4,49.27,1,EASIER
3,79.4,42.06,2,1,85.35,1,SAME
6,92.02,49.79,2,0,90.64,4,HARDER
3,100.0,12.84,1,0,100.0,1,HARDER
4,100.0,36.29,1,0,96.53,2,HARDER
6,59.46,45.32,1,2,59.66,4,SAME
5,73.32,30.82,1,2,71.51,3,SAME
4,75.08,23.3,1,2,67.31,2,SAME
4,82.78,62.14,1,1,79.04,2,SAME
6,63.7,115.0,2,3,57.87,4,EASIER
7,47.05,300.0,2,2,44.94,5,EASIER
6,58.45,58.73,2,2,56.18,4,SAME
4,74.54,70.99,1,1,71.58,2,SAME
5,38.33,74.05,5,5,27.4,3,EASIER
3,88.66,19.52,1,0,82.8,1,HARDER
3,90.14,23.42,2,2,85.67,1,SAME
4,85.62,29.19,2,2,82.14,2,SAME
4,98.05,42.91,1,0,100.0,2,HARDER
7,54.01,191.76,2,4,48.32,5,EASIER
7,72.1,91.62,1,1,68.66,5,SAME
3,73.83,36.47,1,1,76.61,1,SAME
4,93.17,69.07,1,1,93.2,2,SAME
3,87.03,48.6,3,2,83.58,1,SAME
3,100.0,14.83,1,0,94.67,1,HARDER
4,93.67,37.13,3,1,89.77,2,SAME
7,39.58,164.87,2,3,35.17,5,EASIER
3,93.66,15.41,2,2,89.49,1,SAME
6,66.6,41.5,1,0,68.2,4,SAME
4,65.27,37.53,3,2,63.09,2,SAME
5,73.54,47.28,1,1,65.03,3,SAME
7,44.24,101.96,3,3,39.06,5,EASIER
7,61.91,86.63,1,2,59.93,5,SAME
7,15.85,300.0,5,5,12.69,5,EASIER
5,75.77,46.15,2,1,69.58,3,SAME
3,97.66,32.44,1,0,95.05,1,HARDER
7,66.73,148.58,2,2,64.7,5,SAME
7,55.55,44.62,3,3,47.96,5,EASIER
7,51.73,249.02,1,2,50.33,5,EASIER
5,76.65,79.06,2,1,75.62,3,SAME
4,95.61,40.91,1,0,97.7,2,HARDER
3,82.05,40.02,3,1,87.75,1,SAME
4,90.6,37.16,1,0,89.63,2,HARDER
4,100.0,57.52,1,0,98.71,2,SAME
4,78.18,15.73,1,1,79.76,2,SAME
7,47.71,174.87,4,3,48.92,5,EASIER
6,71.8,90.22,1,1,72.67,4,SAME
4,38.13,41.73,5,5,34.15,2,EASIER
6,51.84,52.92,1,2,48.4,4,EASIER
6,35.97,73.18,3,3,32.88,4,EASIER
5,50.05,51.3,5,4,43.23,3,EASIER
7,24.97,60.2,4,4,14.73,5,EASIER
7,53.68,136.15,2,3,49.06,5,EASIER
5,52.89,126.36,4,3,48.86,3,EASIER
5,72.33,28.7,1,1,70.2,3,SAME
4,74.06,47.85,2,2,74.4,2,SAME
6,66.77,65.9,3,2,65.83,4,SAME
7,46.96,83.63,2,2,45.44,5,EASIER
6,50.08,85.25,4,3,43.67,4,EASIER
4,59.85,39.64,1,2,56.94,2,SAME
5,59.0,63.55,4,4,51.55,3,EASIER
6,85.02,45.54,1,0,84.15,4,HARDER
3,84.15,40.61,3,1,81.93,1,SAME
5,67.72,60.38,2,2,65.6,3,SAME
6,56.71,111.67,2,3,52.48,4,EASIER
5,92.32,105.81,1,1,88.13,3,SAME
6,77.63,30.2,1,0,77.77,4,SAME
7,53.71,157.92,2,2,52.51,5,EASIER
3,97.86,23.24,1,0,99.86,1,HARDER
5,61.43,96.04,2,1,56.64,3,SAME
6,55.0,54.06,3,3,50.45,4,EASIER
7,49.59,186.47,1,1,43.44,5,EASIER
5,59.37,34.41,5,3,53.1,3,EASIER
7,44.0,139.45,2,2,40.9,5,EASIER
4,71.57,43.43,2,1,72.08,2,SAME
5,68.03,53.71,3,1,69.15,3,SAME
7,28.19,63.82,2,4,19.83,5,EASIER
5,61.63,48.32,2,2,59.77,3,SAME
4,72.55,58.64,1,1,69.91,2,SAME
5,67.16,121.13,2,1,66.34,3,EASIER
6,32.47,226.53,5,3,26.6,4,EASIER
7,74.93,149.25,2,2,69.28,5,SAME
6,30.93,93.45,5,4,28.32,4,EASIER
3,65.94,30.53,2,2,64.64,1,SAME
3,86.61,58.97,3,2,85.96,1,EASIER
7,52.98,148.75,1,1,54.08,5,EASIER
5,71.23,60.56,2,2,67.06,3,SAME
4,78.37,33.39,1,1,77.06,2,SAME
4,90.72,35.25,1,2,85.84,2,SAME
3,86.4,29.69,2,1,87.18,1,HARDER
3,85.87,17.89,1,0,90.74,1,HARDER
6,42.22,59.2,5,4,39.21,4,EASIER
6,57.62,79.32,2,1,57.08,4,SAME
5,70.57,46.37,2,2,64.57,3,SAME
3,70.4,32.6,3,3,64.56,1,EASIER
6,62.32,116.41,4,3,58.8,4,EASIER
7,30.56,129.23,5,5,27.04,5,EASIER
7,41.21,146.28,3,3,37.68,5,EASIER
4,57.02,40.16,2,2,54.1,2,EASIER
6,58.05,11.41,1,1,54.21,4,SAME
4,83.54,25.18,2,1,82.09,2,SAME
7,42.98,164.68,3,3,40.13,5,EASIER
7,52.35,70.91,2,4,48.45,5,EASIER
4,62.58,56.81,5,3,58.38,2,EASIER
5,81.74,91.08,2,1,77.27,3,SAME
4,67.66,33.54,2,2,68.63,2,SAME
6,53.42,60.32,3,3,51.11,4,EASIER
4,60.98,38.17,1,2,56.43,2,SAME
6,73.5,80.14,2,1,76.28,4,SAME
7,76.67,157.62,3,1,78.95,5,SAME
7,31.12,31.27,5,5,24.53,5,EASIER
3,85.84,18.03,1,0,84.63,1,HARDER
3,82.1,15.93,2,2,77.92,1,SAME
7,58.62,28.39,2,2,55.58,5,SAME
3,93.09,20.06,1,1,85.47,1,HARDER
5,80.07,27.61,1,1,79.95,3,SAME
7,33.7,90.68,3,4,27.9,5,EASIER
5,76.39,45.55,1,2,72.48,3,SAME
3,96.59,30.59,1,0,94.78,1,HARDER
7,42.87,97.73,2,3,40.8,5,EASIER
6,55.03,34.03,1,2,49.13,4,EASIER
4,49.34,44.72,5,4,45.42,2,EASIER
6,41.38,288.61,3,4,34.75,4,EASIER
6,43.93,143.42,5,4,40.29,4,EASIER
5,69.73,81.18,3,3,62.64,3,EASIER
7,39.49,100.68,3,4,37.1,5,EASIER
6,35.31,63.53,3,4,28.8,4,EASIER
4,100.0,29.2,1,0,100.0,2,HARDER
7,75.35,127.7,1,1,70.03,5,SAME
7,44.09,60.3,3,3,42.2,5,EASIER
3,98.19,27.58,1,0,97.73,1,HARDER
4,80.1,27.82,2,1,76.36,2,SAME
6,68.02,33.62,1,2,73.02,4,SAME
7,82.79,77.41,1,1,86.59,5,SAME
6,42.82,157.17,3,4,31.65,4,EASIER
5,54.22,62.11,2,3,49.13,3,EASIER
4,85.63,8.0,1,2,76.77,2,SAME
3,83.61,18.52,1,1,79.74,1,SAME
7,45.25,183.24,3,3,36.26,5,HARDER
5,59.77,50.04,3,3,55.18,3,EASIER
5,67.86,75.17,1,1,61.39,3,SAME
7,39.59,90.29,4,5,35.42,5,EASIER
3,66.05,27.13,2,0,63.88,1,SAME
4,60.08,38.64,2,2,59.99,2,SAME
7,60.2,78.77,1,1,61.71,5,SAME
4,59.38,49.71,5,3,62.31,2,EASIER
7,18.85,258.06,3,4,14.07,5,EASIER
7,58.9,138.12,2,2,56.43,5,SAME
3,70.58,26.18,3,3,62.52,1,EASIER
5,74.3,38.21,2,1,73.11,3,SAME
6,68.46,133.57,1,2,63.69,4,SAME
5,66.74,45.04,4,3,63.04,3,EASIER
4,74.46,49.46,2,2,71.46,2,SAME
3,71.14,35.09,1,0,70.69,1,SAME
3,100.0,38.8,1,1,93.96,1,SAME
3,89.97,39.12,1,0,93.54,1,SAME
4,83.92,59.95,1,1,85.0,2,SAME
4,82.5,21.06,1,1,82.18,2,SAME
7,71.43,70.13,2,1,69.97,5,SAME
5,63.54,29.4,1,1,64.47,3,SAME
3,74.8,13.17,1,2,71.7,1,SAME
3,80.37,49.29,1,0,85.53,1,SAME
3,87.32,16.12,2,1,86.15,1,HARDER
4,76.05,22.38,1,2,75.63,2,SAME
6,61.6,79.65,1,1,60.02,4,SAME
3,77.74,17.94,1,2,74.08,1,SAME
5,69.84,177.7,2,2,67.06,3,EASIER
5,73.93,50.66,2,2,71.32,3,SAME
3,91.31,30.48,2,2,83.72,1,SAME
3,84.06,17.66,1,1,85.88,1,SAME
4,76.19,17.4,2,0,73.79,2,SAME
3,77.27,18.08,4,1,73.29,1,EASIER
6,40.09,56.45,4,4,32.72,4,EASIER
7,53.04,75.44,4,3,49.01,5,EASIER
6,74.75,35.68,1,1,72.91,4,SAME
6,76.71,88.01,2,2,74.76,4,SAME
6,80.32,68.83,1,0,79.0,4,SAME
7,23.99,48.33,4,4,22.68,5,EASIER
3,76.6,26.21,2,0,75.75,1,SAME
7,32.66,169.68,1,2,31.06,5,EASIER
5,37.76,104.93,3,4,25.92,3,EASIER
5,59.14,17.5,2,2,51.59,3,SAME
6,56.69,56.07,5,2,50.94,4,EASIER
5,48.76,29.43,5,4,40.81,3,EASIER
4,88.85,27.97,1,0,88.42,2,HARDER
3,75.73,46.38,2,1,77.35,1,SAME
3,86.37,18.09,1,1,78.84,1,HARDER
3,97.31,20.24,1,0,98.86,1,HARDER
4,82.05,25.74,1,1,78.52,2,SAME
6,58.86,190.99,1,2,54.15,4,EASIER
4,82.66,12.89,2,1,87.49,2,SAME
5,58.15,44.04,2,2,55.31,3,SAME
3,84.97,17.01,2,0,83.57,1,SAME
5,65.5,24.74,3,3,57.72,3,EASIER
7,29.08,204.22,2,3,26.42,5,EASIER
4,71.79,16.28,1,1,67.13,2,SAME
5,69.74,46.2,1,1,63.75,3,SAME
7,57.57,107.3,1,3,49.24,5,EASIER
6,61.34,55.49,3,3,54.87,4,EASIER
4,73.82,16.82,1,1,76.13,2,SAME
3,79.63,23.2,1,1,80.27,1,SAME
7,62.92,73.94,2,3,55.9,5,EASIER
6,56.01,124.86,4,3,53.29,4,EASIER
3,93.3,31.45,2,0,89.27,1,HARDER
5,57.06,151.84,1,3,47.14,3,EASIER
7,45.26,118.92,2,4,43.89,5,EASIER
7,33.74,154.41,2,3,34.64,5,EASIER
3,40.32,21.31,4,4,32.07,1,EASIER
5,50.02,135.33,2,3,41.83,3,SAME
7,55.65,112.63,1,2,53.69,5,SAME
6,72.16,77.74,1,2,70.17,4,SAME
5,63.68,75.79,4,3,57.94,3,EASIER
4,82.75,28.06,1,0,80.27,2,SAME
6,57.64,63.24,5,3,56.07,4,EASIER
5,58.53,75.77,2,3,55.08,3,HARDER
5,82.88,83.34,2,1,80.16,3,SAME
7,29.26,155.07,4,4,20.36,5,EASIER
4,82.25,36.59,2,2,79.73,2,SAME
6,57.32,94.38,3,3,49.42,4,EASIER
3,100.0,38.33,1,0,100.0,1,SAME
6,65.2,46.43,4,2,65.55,4,EASIER
5,51.81,58.04,3,3,52.19,3,EASIER
7,9.59,22.91,5,6,0.0,5,EASIER
4,80.39,53.81,1,1,76.85,2,SAME
7,39.27,73.11,5,4,33.99,5,EASIER
5,69.85,39.89,2,1,72.41,3,SAME
4,100.0,35.88,1,0,99.63,2,HARDER
3,88.34,32.93,2,0,87.33,1,HARDER
3,85.14,72.48,2,1,77.13,1,EASIER
4,69.69,18.31,1,1,70.22,2,SAME
5,70.95,38.09,1,2,64.1,3,SAME
7,60.03,126.87,2,3,55.6,5,EASIER
7,45.43,75.37,4,3,39.15,5,EASIER
6,67.17,126.65,1,1,69.11,4,SAME
5,76.85,53.38,3,3,71.13,3,EASIER
6,30.7,129.94,5,5,23.4,4,EASIER
4,67.64,33.81,4,2,64.58,2,EASIER
4,75.94,49.09,1,0,74.33,2,SAME
5,100.0,36.11,2,2,100.0,3,SAME
7,32.6,300.0,2,3,42.14,5,EASIER
3,100.0,11.73,1,0,97.04,1,HARDER
3,87.35,18.25,1,0,86.39,1,HARDER
3,68.92,13.29,3,2,63.79,1,SAME
4,75.24,55.35,2,2,73.1,2,SAME
3,76.93,31.79,1,1,76.1,1,SAME
3,51.94,14.54,5,3,50.13,1,EASIER
3,92.91,38.96,3,1,87.34,1,SAME
4,89.05,27.37,1,1,90.4,2,HARDER
6,64.75,100.3,3,3,54.38,4,EASIER
3,70.28,32.97,3,2,69.17,1,SAME
4,77.69,33.87,3,2,72.5,2,SAME
7,30.84,183.9,5,4,20.8,5,EASIER
3,82.23,23.45,1,0,83.05,1,SAME
7,96.18,134.71,1,0,94.28,5,HARDER
5,61.72,50.64,1,1,64.6,3,SAME
6,70.96,31.04,1,2,69.77,4,SAME
4,83.19,35.86,2,1,80.67,2,SAME
4,66.44,25.2,4,2,62.05,2,EASIER
4,76.32,73.11,1,1,74.52,2,EASIER
3,75.94,13.62,2,2,78.84,1,SAME
4,78.5,67.58,2,1,71.77,2,SAME
7,47.97,101.6,2,3,39.55,5,EASIER
3,100.0,29.95,1,0,100.0,1,HARDER
5,79.64,29.29,1,1,74.64,3,SAME
6,54.14,69.84,3,3,50.52,4,EASIER
3,84.39,18.6,2,1,85.15,1,SAME
3,92.77,63.74,1,1,90.18,1,EASIER
5,63.61,41.23,5,3,61.39,3,EASIER
4,86.31,65.34,1,1,78.77,2,SAME
7,36.36,211.6,4,4,31.52,5,EASIER
3,98.79,41.51,1,0,100.0,1,SAME
3,74.41,19.19,1,2,71.87,1,SAME
4,67.04,88.76,2,3,64.76,2,EASIER
4,77.6,97.84,1,1,83.65,2,EASIER
3,80.09,29.44,1,0,79.66,1,SAME
6,71.07,64.37,2,2,64.21,4,SAME
4,84.37,25.36,1,1,76.07,2,SAME
5,42.41,73.26,4,4,36.81,3,EASIER
4,63.31,39.18,2,2,56.73,2,SAME
3,82.8,27.12,2,0,85.32,1,SAME
3,76.3,13.72,4,2,76.54,1,EASIER
3,84.01,25.37,2,1,81.18,1,SAME
7,83.9,208.91,1,0,79.04,5,SAME
4,73.51,55.74,2,2,73.0,2,SAME
4,77.62,31.28,1,1,75.08,2,SAME
5,91.44,54.95,1,0,93.86,3,HARDER
3,93.63,13.01,1,1,92.29,1,EASIER
6,70.77,58.02,3,1,70.35,4,SAME
5,85.75,49.02,2,1,85.77,3,HARDER
6,63.61,113.99,1,1,61.6,4,SAME
3,76.54,18.26,2,2,75.46,1,SAME
3,98.06,15.77,1,0,100.0,1,HARDER
6,57.94,121.6,1,2,51.03,4,SAME
4,64.85,31.15,3,2,58.32,2,SAME
3,68.75,17.21,1,1,66.79,1,SAME
5,66.09,86.71,2,2,59.78,3,SAME
5,92.09,72.79,1,0,86.98,3,HARDER
7,49.38,100.03,3,3,47.81,5,EASIER
7,44.86,92.49,1,2,43.43,5,EASIER
5,98.81,69.99,1,0,96.53,3,HARDER
3,68.35,31.77,3,2,69.6,1,SAME
6,69.79,91.41,1,2,73.88,4,SAME
4,73.52,40.22,3,2,72.51,2,SAME
7,58.56,80.47,3,3,58.26,5,EASIER
6,75.22,61.71,1,1,74.02,4,SAME
4,82.48,35.05,1,1,81.61,2,SAME
7,62.88,66.33,1,2,56.81,5,SAME
5,62.33,34.02,2,2,59.03,3,SAME
4,72.58,36.43,1,2,71.5,2,SAME
3,64.55,38.83,4,3,60.02,1,EASIER
6,87.06,27.9,1,0,88.22,4,HARDER
4,72.32,31.61,1,1,74.82,2,SAME
3,75.2,28.22,1,2,74.74,1,SAME
3,90.75,40.29,1,0,94.04,1,SAME
6,71.1,209.07,1,0,72.53,4,EASIER
7,41.6,97.32,3,3,35.06,5,EASIER
4,61.65,96.03,2,2,54.06,2,EASIER
4,59.31,47.07,5,3,52.63,2,EASIER
6,68.4,125.23,1,1,65.65,4,SAME
3,99.7,15.56,2,0,98.37,1,HARDER
3,100.0,30.59,1,0,100.0,1,HARDER
6,52.17,130.98,1,2,56.09,4,EASIER
5,44.64,41.23,4,2,44.94,3,EASIER
3,45.3,8.0,3,4,39.43,1,EASIER
4,85.91,40.76,1,0,83.47,2,HARDER
3,81.57,22.72,1,1,80.91,1,SAME
6,71.18,164.96,3,2,72.16,4,EASIER
6,57.49,61.98,2,1,62.23,4,EASIER
6,66.35,56.83,1,1,61.85,4,SAME
3,75.27,14.84,2,2,76.81,1,SAME
7,49.98,79.45,3,2,46.26,5,EASIER
4,91.24,133.09,1,1,89.01,2,EASIER
7,39.82,47.17,1,1,37.95,5,EASIER
7,47.3,54.1,5,4,43.71,5,EASIER
5,48.41,56.46,2,3,43.43,3,SAME
6,48.0,228.95,2,2,47.74,4,EASIER
6,54.98,120.58,1,2,53.51,4,EASIER
6,50.5,183.82,1,2,48.69,4,EASIER
3,74.73,21.06,1,1,74.02,1,SAME
3,94.3,13.47,1,1,92.71,1,HARDER
7,58.06,87.68,1,1,55.06,5,SAME
6,75.86,76.85,1,1,79.53,4,SAME
6,63.2,82.47,3,2,58.95,4,SAME
4,80.94,34.36,1,1,82.36,2,SAME
5,54.62,77.7,5,3,55.12,3,EASIER
4,63.79,27.19,4,3,59.96,2,EASIER
5,71.71,36.65,1,0,72.86,3,SAME
6,59.06,43.83,4,2,52.75,4,EASIER
6,85.48,91.23,1,2,78.38,4,SAME
4,97.67,39.94,1,0,93.01,2,HARDER
7,29.99,203.02,2,3,26.13,5,EASIER
3,74.71,49.76,3,1,70.74,1,SAME
7,70.34,58.0,2,1,67.11,5,SAME
6,56.42,83.01,1,2,54.18,4,SAME
5,61.95,52.39,3,2,60.22,3,SAME
4,68.74,18.45,2,2,64.23,2,SAME
4,86.95,29.65,1,2,85.18,2,SAME
4,100.0,79.35,2,0,96.77,2,EASIER
7,48.9,79.33,3,3,40.23,5,EASIER
3,88.15,17.52,1,0,87.41,1,HARDER
6,94.47,79.81,1,0,99.38,4,HARDER
7,45.41,184.08,3,4,36.73,5,EASIER
5,63.09,49.88,2,2,63.38,3,SAME
6,51.39,87.63,1,3,46.02,4,EASIER
5,88.94,18.72,1,0,91.07,3,HARDER
5,62.4,77.0,1,2,64.67,3,SAME
6,39.01,91.99,5,3,30.21,4,EASIER
7,48.17,181.39,3,3,42.46,5,EASIER
6,69.97,31.05,2,2,68.1,4,SAME
7,44.91,94.98,1,2,44.89,5,EASIER
5,55.27,93.48,2,2,52.31,3,SAME
6,44.41,61.38,5,4,40.4,4,EASIER
7,17.29,115.16,5,4,11.72,5,HARDER
4,91.48,31.35,1,0,93.99,2,HARDER
7,20.32,90.8,5,5,13.61,5,EASIER
6,54.26,150.45,2,2,46.85,4,EASIER
5,64.37,28.67,2,3,61.94,3,EASIER
6,71.67,79.88,2,2,73.21,4,SAME
3,76.96,27.96,2,1,75.69,1,SAME
6,59.64,133.56,3,3,56.98,4,EASIER
5,89.6,54.6,1,1,94.59,3,HARDER
7,28.27,189.91,5,4,21.92,5,EASIER
6,72.63,79.7,1,2,70.48,4,SAME
5,55.0,61.54,3,4,50.59,3,EASIER
5,36.57,60.38,5,5,24.49,3,EASIER
5,61.01,80.22,1,2,56.43,3,SAME
7,32.98,150.47,5,3,30.7,5,EASIER
6,42.64,45.97,4,3,33.4,4,EASIER
3,87.4,27.53,2,1,85.68,1,HARDER
5,72.29,75.8,1,1,74.2,3,SAME
4,75.42,75.54,1,0,74.14,2,SAME
3,87.81,15.96,1,1,82.39,1,HARDER
7,8.48,150.2,5,6,0.0,5,EASIER
7,59.05,92.66,3,2,56.24,5,SAME
7,51.01,124.35,2,3,50.38,5,EASIER
4,79.63,22.94,1,1,78.26,2,SAME
5,66.46,57.62,5,3,57.85,3,EASIER
6,51.26,96.79,3,2,46.06,4,EASIER
3,96.41,16.24,1,1,93.71,1,HARDER
3,59.48,47.64,2,1,60.68,1,SAME
5,69.96,27.01,1,1,67.72,3,SAME
6,59.5,108.45,4,3,52.59,4,EASIER
5,79.54,17.43,2,0,79.85,3,SAME
4,91.36,33.71,1,0,92.99,2,HARDER
5,66.81,73.54,1,1,63.31,3,SAME
7,47.24,165.15,3,4,43.4,5,EASIER
4,72.68,36.16,2,2,73.82,2,SAME
5,80.77,51.46,1,0,78.98,3,SAME
4,64.77,49.61,5,3,62.99,2,EASIER
4,77.42,59.41,2,1,75.65,2,SAME
6,53.65,168.03,4,4,47.04,4,EASIER
4,96.2,20.72,1,0,96.43,2,HARDER
6,49.95,73.88,2,3,48.1,4,EASIER
3,47.68,9.42,4,3,40.37,1,EASIER
6,74.31,40.27,2,1,71.48,4,SAME
3,83.88,18.28,2,1,83.37,1,SAME
4,90.99,57.06,2,2,89.09,2,SAME
7,59.81,86.18,2,2,62.44,5,SAME
4,87.52,33.17,3,1,89.14,2,SAME
6,70.31,95.85,2,1,70.91,4,SAME
4,88.32,27.73,1,0,96.41,2,HARDER
7,44.61,37.77,3,3,34.4,5,EASIER
7,57.23,74.59,1,1,56.14,5,SAME
7,15.41,104.87,5,5,6.94,5,EASIER
4,90.16,47.36,1,1,83.25,2,HARDER
4,60.88,34.49,3,2,59.98,2,SAME
6,58.24,103.72,2,2,52.18,4,SAME
7,42.67,185.39,3,2,35.81,5,EASIER
5,39.46,101.0,5,4,35.34,3,EASIER
6,43.35,89.69,5,4,35.44,4,EASIER
7,8.05,60.26,5,6,2.57,5,EASIER
6,56.24,42.92,3,3,50.59,4,EASIER
4,84.25,22.11,2,1,83.71,2,SAME
4,64.4,22.93,1,2,66.44,2,SAME
5,61.96,60.93,2,3,62.0,3,EASIER
5,78.21,147.63,2,1,76.1,3,EASIER
7,53.8,125.71,2,2,48.67,5,EASIER
4,69.01,36.53,2,1,68.01,2,SAME
3,97.34,38.36,1,0,98.04,1,SAME
4,64.31,25.74,2,2,59.85,2,SAME
5,55.17,97.15,2,3,54.83,3,EASIER
4,57.58,59.89,3,2,51.47,2,SAME
4,99.35,39.07,1,1,97.36,2,HARDER
4,60.27,101.66,2,2,56.71,2,EASIER
7,40.62,205.68,3,3,33.78,5,EASIER
5,89.75,59.32,1,1,86.16,3,HARDER
6,44.57,76.1,3,4,36.35,4,EASIER
5,57.12,46.84,1,3,54.36,3,EASIER
3,100.0,23.59,2,0,100.0,1,HARDER
4,64.45,36.22,4,4,55.32,2,EASIER
7,48.69,94.1,2,2,39.86,5,EASIER
5,68.17,52.17,2,1,67.23,3,SAME
6,57.4,44.11,4,3,54.99,4,EASIER
6,38.4,61.03,3,3,35.16,4,EASIER
5,64.64,26.31,2,2,57.73,3,SAME
5,70.95,71.21,3,2,72.45,3,SAME
4,100.0,39.46,1,0,99.53,2,HARDER
4,100.0,35.87,1,0,100.0,2,HARDER
3,62.25,37.09,5,4,55.32,1,EASIER
4,100.0,25.32,1,0,100.0,2,HARDER
6,22.79,56.66,5,4,14.42,4,EASIER
7,43.63,49.96,4,3,35.63,5,EASIER
5,37.3,96.24,2,3,38.15,3,EASIER
6,55.61,112.35,5,3,48.62,4,EASIER
7,58.41,231.16,1,2,59.26,5,EASIER
6,53.52,186.73,5,4,46.32,4,EASIER
4,70.18,31.13,2,2,74.78,2,SAME
4,61.83,27.2,2,2,62.12,2,SAME
6,71.9,32.24,2,2,69.37,4,SAME
4,61.16,22.68,4,4,53.43,2,EASIER
4,82.24,32.62,3,2,77.95,2,SAME
5,78.73,20.91,2,2,79.05,3,SAME
6,45.58,46.83,4,3,38.72,4,EASIER
4,76.64,36.55,2,1,81.3,2,SAME
3,79.39,37.21,2,1,76.54,1,SAME
6,56.3,56.48,3,2,59.21,4,SAME
4,78.15,40.36,1,1,76.45,2,SAME
6,66.0,216.13,1,1,65.08,4,EASIER
3,63.84,11.19,2,2,63.35,1,SAME
4,60.61,63.3,1,2,58.65,2,SAME
6,35.59,99.96,5,4,27.91,4,EASIER
3,81.52,43.92,1,1,77.65,1,SAME
4,76.42,59.86,1,2,72.13,2,EASIER
6,69.63,58.08,3,1,64.37,4,SAME
6,57.39,82.08,3,2,52.72,4,SAME
4,85.51,19.13,2,1,84.63,2,HARDER
3,81.69,19.81,3,1,75.77,1,SAME
3,99.55,25.33,2,1,94.98,1,HARDER
5,55.17,67.4,3,4,48.79,3,EASIER
6,65.97,123.62,2,1,60.56,4,SAME
5,55.07,126.98,3,3,44.23,3,EASIER
5,57.76,46.75,2,2,51.12,3,SAME
3,75.24,41.61,1,2,69.18,1,SAME
4,74.13,43.09,2,2,77.24,2,SAME
3,94.58,13.97,2,1,94.56,1,HARDER
5,70.55,53.84,1,1,68.85,3,SAME
4,78.23,40.13,1,1,75.99,2,SAME
3,82.33,17.23,1,1,77.98,1,SAME
6,49.76,47.73,2,3,44.18,4,EASIER
4,78.63,22.94,1,1,77.72,2,SAME
7,75.42,83.28,1,1,76.28,5,SAME
5,79.87,37.81,1,1,76.02,3,SAME
3,82.24,43.22,1,2,79.05,1,SAME
6,37.8,22.92,5,5,32.82,4,EASIER
6,66.26,86.88,2,2,61.94,4,SAME
7,53.34,149.37,1,3,46.05,5,EASIER
6,72.75,49.7,2,1,72.86,4,SAME
4,90.62,34.08,2,1,90.84,2,HARDER
6,29.27,68.64,5,5,20.15,4,EASIER
6,45.65,78.77,4,3,37.64,4,EASIER
5,72.59,80.53,2,2,65.16,3,SAME
6,68.03,110.48,3,3,62.84,4,EASIER
7,6.3,80.76,5,6,0.0,5,EASIER
6,62.97,37.5,1,1,64.55,4,SAME
5,27.57,62.94,4,5,19.37,3,EASIER
5,64.33,41.9,4,2,67.72,3,EASIER
7,35.01,84.0,5,4,31.04,5,EASIER
7,45.13,126.5,5,4,37.22,5,EASIER
4,81.37,30.97,1,0,81.67,2,SAME
3,87.19,28.66,1,0,91.57,1,HARDER
7,51.89,300.0,1,1,53.62,5,EASIER
4,83.72,52.45,1,1,80.96,2,SAME
7,26.51,233.1,4,3,18.0,5,EASIER
3,85.1,31.38,3,2,81.91,1,SAME
7,67.8,116.81,2,2,72.91,5,SAME
6,57.47,107.8,3,2,55.1,4,SAME
4,98.44,47.56,1,1,100.0,2,HARDER
3,100.0,36.7,1,0,99.02,1,SAME
7,56.13,115.68,1,2,53.13,5,SAME
3,83.15,13.97,2,0,84.27,1,SAME
3,94.08,13.01,1,0,91.92,1,HARDER
6,50.59,104.23,1,2,49.4,4,EASIER
6,64.09,45.65,2,2,59.31,4,SAME
3,87.78,33.93,1,0,91.08,1,SAME
4,66.1,71.29,2,2,66.33,2,SAME
6,65.64,73.11,2,1,68.54,4,SAME
6,53.79,153.95,1,1,51.42,4,EASIER
4,66.43,42.92,1,2,66.94,2,SAME
5,36.57,58.75,3,4,28.98,3,EASIER
3,70.91,25.82,1,1,72.77,1,SAME
3,76.54,17.27,1,2,74.89,1,SAME
7,56.18,66.42,2,3,52.06,5,EASIER
4,66.45,17.55,4,2,66.96,2,EASIER
7,42.2,75.11,3,3,35.11,5,EASIER
3,93.32,64.77,1,0,93.62,1,EASIER
7,52.29,49.63,3,2,51.72,5,EASIER
5,45.91,32.4,4,4,35.09,3,EASIER
7,38.23,72.2,3,4,30.48,5,EASIER
7,62.31,74.07,3,2,58.14,5,SAME
4,77.63,43.13,1,1,72.66,2,SAME
6,74.93,59.65,3,2,71.04,4,SAME
4,69.82,34.61,1,1,73.45,2,SAME
6,66.97,52.72,1,1,67.62,4,SAME
7,18.0,86.44,5,4,10.41,5,EASIER
7,19.82,108.42,4,6,13.31,5,EASIER
6,62.17,76.46,1,1,64.15,4,SAME
4,79.91,96.4,2,2,74.03,2,EASIER
3,68.6,24.69,3,2,66.47,1,SAME
5,76.06,52.28,2,1,74.9,3,SAME
3,79.93,8.23,1,1,78.22,1,SAME
5,83.91,65.31,2,2,81.3,3,SAME
7,39.53,38.17,3,3,37.0,5,EASIER
3,91.25,31.96,3,1,88.25,1,SAME
7,55.45,121.04,2,3,51.44,5,EASIER
5,48.96,86.09,3,4,36.86,3,EASIER
3,73.14,18.85,2,1,70.22,1,SAME
6,73.74,83.16,1,0,68.09,4,SAME
3,76.37,33.77,1,1,73.86,1,SAME
6,51.63,50.57,4,3,43.55,4,EASIER
5,66.95,78.45,1,2,63.93,3,SAME
6,48.36,109.96,2,3,41.36,4,EASIER
4,74.21,35.67,1,2,69.04,2,SAME
3,70.25,50.47,1,1,69.07,1,EASIER
4,84.04,48.42,1,1,81.4,2,EASIER
6,64.65,34.33,2,1,63.66,4,SAME
7,33.63,191.97,3,4,24.24,5,SAME
4,60.66,27.89,3,2,56.34,2,SAME
4,65.47,55.28,1,2,64.44,2,SAME
7,46.7,131.57,2,3,42.79,5,EASIER
4,81.23,10.98,2,1,79.25,2,SAME
4,60.54,50.49,3,3,52.6,2,EASIER
7,43.92,99.26,4,4,34.39,5,EASIER
5,82.65,46.2,1,1,79.3,3,SAME
5,63.09,47.06,1,1,58.67,3,SAME
5,98.11,85.71,1,1,94.44,3,SAME
6,79.27,50.79,1,0,77.52,4,SAME
4,77.2,64.12,1,2,72.93,2,SAME
6,42.9,37.21,2,3,38.88,4,EASIER
4,57.49,43.67,3,2,51.48,2,SAME
5,74.55,85.01,4,2,69.28,3,EASIER
3,93.43,34.87,1,1,87.88,1,SAME
3,83.07,27.13,1,1,81.53,1,SAME
5,64.34,52.36,2,2,64.14,3,SAME
3,97.72,19.57,2,0,98.51,1,HARDER
7,53.02,57.53,3,4,42.45,5,EASIER
7,36.96,77.08,4,3,26.73,5,EASIER
4,65.24,24.19,1,2,69.45,2,SAME
4,81.22,22.39,1,1,81.82,2,SAME
5,69.2,141.64,2,2,66.31,3,EASIER
4,81.85,16.94,2,1,82.92,2,SAME
7,36.58,206.83,2,4,30.08,5,EASIER
3,89.2,14.42,1,0,89.12,1,HARDER
5,54.59,34.97,5,4,46.04,3,EASIER
3,98.15,15.75,2,0,97.4,1,HARDER
7,44.43,61.15,3,3,40.32,5,EASIER
3,100.0,37.7,1,0,99.26,1,SAME
5,59.45,77.61,4,2,55.88,3,EASIER
7,42.1,98.67,3,4,31.01,5,EASIER
5,52.28,221.54,1,2,51.91,3,EASIER
3,65.47,24.81,1,2,64.09,1,SAME
3,78.41,25.68,1,1,72.09,1,SAME
6,86.06,57.41,1,1,82.57,4,HARDER
3,84.61,17.47,1,0,79.86,1,SAME
4,65.6,29.58,1,1,67.99,2,SAME
6,49.61,127.69,2,3,49.42,4,EASIER
4,76.06,49.7,2,2,73.55,2,SAME
7,42.58,226.3,2,2,39.45,5,EASIER
6,73.67,56.48,1,1,74.33,4,SAME
3,71.24,32.5,3,2,70.7,1,SAME
7,54.34,132.29,1,2,55.85,5,EASIER
7,52.39,141.9,2,2,53.17,5,EASIER
4,64.02,25.32,2,1,64.17,2,SAME
4,71.4,23.32,3,1,69.86,2,SAME
4,64.67,48.96,2,2,60.21,2,SAME
5,71.92,89.34,1,2,71.3,3,SAME
5,72.95,42.71,2,2,68.26,3,SAME
7,47.91,156.09,2,2,45.49,5,EASIER
6,49.5,152.99,3,4,41.58,4,EASIER
7,63.04,91.96,2,3,54.15,5,EASIER
4,75.5,19.32,1,1,74.76,2,SAME
5,87.95,30.27,2,1,89.18,3,HARDER
3,75.55,18.5,1,1,71.03,1,SAME
4,89.97,30.81,2,0,87.67,2,HARDER
5,81.17,56.97,1,0,82.31,3,SAME
3,80.6,24.82,3,2,76.42,1,SAME
7,59.57,96.55,3,2,57.1,5,SAME
4,82.54,52.29,1,0,83.44,2,SAME
3,84.69,17.82,2,1,87.95,1,SAME
6,43.34,158.28,4,4,40.68,4,EASIER
3,97.98,37.99,1,1,99.77,1,SAME
4,86.47,57.11,2,1,88.11,2,SAME
3,82.67,18.64,2,1,82.42,1,SAME
6,51.81,77.18,3,4,48.63,4,EASIER
7,32.91,166.08,3,4,29.61,5,EASIER
3,84.88,22.87,2,1,77.45,1,SAME
5,64.41,41.03,2,2,62.89,3,SAME
5,57.15,40.23,1,2,58.69,3,SAME
6,68.28,57.26,1,3,64.97,4,EASIER
4,84.28,22.02,1,0,81.97,2,SAME
5,56.91,240.15,3,3,55.12,3,EASIER
5,76.41,22.07,1,1,71.45,3,SAME
3,78.31,16.16,1,1,77.29,1,SAME
5,86.28,77.9,1,1,86.43,3,HARDER
5,53.76,41.39,1,2,57.01,3,EASIER
7,31.69,92.46,3,4,29.15,5,EASIER
5,58.67,70.53,3,2,55.92,3,SAME
7,52.3,196.59,1,2,50.75,5,EASIER
4,66.74,33.42,3,2,59.35,2,SAME
6,42.17,132.45,3,3,37.29,4,EASIER
7,58.74,44.41,3,3,50.78,5,EASIER
3,87.05,19.09,1,1,92.18,1,HARDER
5,59.82,74.1,1,2,55.34,3,SAME
7,51.21,300.0,1,3,44.23,5,EASIER
5,67.49,35.97,1,1,65.39,3,SAME
7,37.63,60.12,3,3,36.39,5,EASIER
5,74.25,68.68,1,1,72.23,3,SAME
7,65.47,115.29,3,2,61.28,5,SAME
6,24.15,56.44,4,4,18.07,4,EASIER
5,57.88,31.76,1,2,56.45,3,SAME
4,58.88,29.85,3,4,49.75,2,EASIER
3,100.0,31.53,1,0,100.0,1,HARDER
4,70.52,32.49,1,1,71.28,2,SAME
6,60.63,150.77,3,1,62.36,4,SAME
5,71.23,54.22,3,2,66.56,3,SAME
4,87.0,50.42,2,1,85.41,2,HARDER
5,50.95,66.57,3,3,48.85,3,EASIER
4,83.69,31.43,1,1,86.07,2,SAME
7,50.24,176.36,3,2,51.72,5,EASIER
4,87.0,21.44,1,1,83.45,2,HARDER
5,85.91,44.1,4,1,84.33,3,EASIER
5,68.75,47.26,5,3,63.51,3,EASIER
6,80.23,99.99,1,1,82.1,4,SAME
4,82.68,51.11,2,1,80.86,2,SAME
3,97.58,17.39,1,1,98.65,1,HARDER
6,67.06,49.88,3,2,62.42,4,SAME
5,95.4,60.3,1,1,89.11,3,HARDER
6,46.52,36.86,3,3,41.22,4,EASIER
5,86.33,95.52,1,1,83.44,3,SAME
5,65.29,51.92,3,2,59.95,3,SAME
7,66.96,59.21,2,2,61.54,5,SAME
3,83.4,14.73,2,1,77.62,1,SAME
3,84.27,28.74,1,1,80.87,1,SAME
7,28.24,130.9,5,5,18.37,5,EASIER
7,49.86,73.68,3,3,48.14,5,SAME
5,82.39,54.82,1,1,79.07,3,SAME
5,72.03,33.16,1,0,72.53,3,SAME
5,60.56,51.04,1,2,58.37,3,SAME
7,44.93,250.3,3,3,38.31,5,EASIER
5,66.73,166.51,1,1,72.01,3,EASIER
6,32.8,73.45,3,3,30.07,4,EASIER
4,51.37,46.55,3,3,47.69,2,EASIER
4,86.21,45.69,1,1,85.76,2,HARDER
6,76.91,33.51,1,0,76.5,4,SAME
4,67.98,22.13,5,3,61.35,2,EASIER
3,77.04,8.92,2,2,72.73,1,SAME
3,75.24,30.53,2,2,70.38,1,SAME
7,39.76,300.0,3,3,33.54,5,EASIER
4,72.34,62.71,1,1,71.37,2,SAME
3,73.64,25.5,2,2,64.87,1,SAME
7,50.85,106.26,3,2,48.04,5,EASIER
7,58.73,92.43,2,2,54.97,5,SAME
5,72.55,98.0,2,2,70.43,3,SAME
6,49.19,91.73,4,4,49.96,4,EASIER
6,37.5,84.71,4,4,27.38,4,EASIER
3,78.79,15.3,2,1,73.58,1,SAME
4,83.61,50.41,1,1,81.77,2,SAME
5,90.66,53.85,1,1,95.1,3,HARDER
5,69.29,70.59,3,2,61.4,3,SAME
4,69.76,60.77,3,1,67.97,2,SAME
3,82.87,12.08,3,1,79.3,1,SAME
7,48.94,95.33,5,4,42.68,5,EASIER
6,48.54,65.21,2,2,41.75,4,EASIER
6,56.13,62.29,3,3,50.66,4,EASIER
5,51.9,33.37,2,3,48.8,3,EASIER
5,76.95,40.46,1,1,73.72,3,SAME
5,64.52,33.67,2,3,62.14,3,EASIER
5,61.35,87.25,5,3,62.51,3,EASIER
6,53.14,99.78,5,4,49.23,4,EASIER
7,69.74,132.48,3,2,70.12,5,SAME
6,66.86,30.1,1,2,66.2,4,SAME
6,40.2,225.91,4,4,33.16,4,EASIER
3,75.39,20.84,3,1,67.91,1,SAME
5,78.11,137.56,2,1,73.99,3,EASIER
7,51.17,168.47,2,2,51.14,5,EASIER
4,73.48,34.08,1,1,68.4,2,SAME
5,50.18,159.47,1,2,46.8,3,EASIER
4,96.94,49.61,1,0,97.03,2,HARDER
3,93.63,22.58,1,1,89.0,1,HARDER
6,72.14,66.91,1,1,75.35,4,SAME
4,99.06,61.72,1,1,99.14,2,SAME
5,78.65,44.47,1,1,81.77,3,SAME
5,39.71,48.09,4,3,38.93,3,EASIER
7,49.25,80.9,1,3,47.31,5,EASIER
7,62.67,74.19,2,2,54.26,5,SAME
5,84.88,41.13,1,1,80.14,3,SAME
3,100.0,55.02,1,0,100.0,1,EASIER
5,74.92,95.51,1,1,72.87,3,SAME
7,82.79,127.33,1,1,79.81,5,HARDER
5,58.08,44.23,2,2,54.91,3,SAME
5,62.39,44.15,2,3,65.91,3,EASIER
6,58.51,67.77,1,1,56.8,4,SAME
5,45.39,140.61,5,4,38.65,3,EASIER
5,76.18,66.98,3,3,71.69,3,HARDER
5,66.67,83.97,2,2,65.12,3,SAME
7,24.26,124.89,5,5,18.18,5,EASIER
5,70.63,37.41,3,2,67.98,3,SAME
4,83.16,39.88,1,0,81.2,2,SAME
5,56.83,34.05,5,2,51.63,3,EASIER
6,50.09,152.67,3,3,45.25,4,SAME
7,62.69,74.48,1,2,58.32,5,SAME
7,86.03,82.01,1,0,82.81,5,HARDER
6,55.7,125.16,1,3,47.23,4,EASIER
6,68.3,57.03,2,2,67.27,4,SAME
5,85.63,52.04,1,1,80.41,3,HARDER
4,89.32,11.0,2,1,88.61,2,HARDER
5,58.66,49.44,2,3,59.63,3,EASIER
6,65.65,111.69,2,2,57.02,4,SAME
5,65.44,42.54,2,1,63.75,3,SAME
4,82.93,49.42,1,0,80.92,2,SAME
3,57.83,24.82,5,3,52.7,1,EASIER
3,83.61,40.57,1,1,78.36,1,SAME
5,73.67,40.31,4,3,66.78,3,EASIER
6,60.76,72.32,4,2,60.69,4,EASIER
6,48.27,38.19,2,3,46.89,4,EASIER
7,60.5,106.52,1,2,57.86,5,SAME
6,48.11,65.86,4,3,40.3,4,EASIER
3,100.0,38.33,1,0,99.2,1,SAME
7,50.74,79.68,1,2,53.34,5,EASIER
7,27.83,88.9,5,4,20.35,5,EASIER
7,41.17,77.52,3,2,45.86,5,EASIER
5,55.66,58.79,1,1,55.09,3,HARDER
4,58.15,96.76,1,2,54.88,2,EASIER
7,45.03,16.65,4,4,38.77,5,EASIER
3,81.94,24.47,1,1,78.97,1,SAME
6,53.13,151.02,3,3,47.62,4,EASIER
7,38.41,84.61,2,4,35.45,5,EASIER
7,26.55,149.26,4,5,23.81,5,EASIER
5,61.67,103.88,2,2,55.79,3,SAME
7,18.67,96.35,5,5,11.82,5,EASIER
7,31.69,78.48,5,4,19.69,5,EASIER
7,46.57,186.48,2,3,38.95,5,EASIER
4,78.77,47.96,1,1,78.3,2,SAME
6,26.89,79.38,5,6,18.34,4,EASIER
7,72.35,156.28,1,1,73.31,5,SAME
4,68.92,59.68,1,1,67.74,2,SAME
4,75.0,37.06,2,2,71.6,2,SAME
4,81.6,43.87,1,0,75.5,2,SAME
4,83.45,48.58,1,0,83.68,2,SAME
6,54.71,64.49,1,3,50.3,4,EASIER
7,50.78,213.99,2,3,42.22,5,EASIER
3,68.23,15.8,3,2,64.79,1,SAME
4,82.77,35.73,2,1,81.77,2,SAME
7,61.22,170.17,2,2,60.98,5,SAME
5,77.46,34.38,1,1,81.44,3,SAME
4,69.11,57.23,2,2,61.66,2,SAME
6,86.89,90.53,1,0,82.64,4,HARDER
7,57.99,230.61,1,2,50.85,5,EASIER
4,74.34,50.68,1,0,75.16,2,SAME
5,50.39,53.51,3,3,42.12,3,EASIER
6,52.26,92.49,4,3,47.6,4,EASIER
7,43.87,129.58,3,4,39.2,5,EASIER
5,56.81,157.9,1,2,49.54,3,EASIER
7,63.43,117.29,1,3,59.24,5,EASIER
6,56.15,76.32,1,2,54.28,4,SAME
5,77.85,52.65,1,2,70.04,3,SAME
5,72.44,63.68,2,1,68.93,3,SAME
6,32.58,45.46,5,4,23.2,4,EASIER
3,93.64,21.08,1,0,93.43,1,HARDER
4,75.54,23.62,1,0,72.4,2,SAME
4,76.51,25.11,2,3,81.55,2,EASIER
7,33.81,173.6,2,4,29.21,5,EASIER
7,63.68,113.62,1,1,61.32,5,SAME
7,74.56,74.75,1,1,73.38,5,SAME
3,73.34,23.38,1,1,70.68,1,SAME
4,84.89,33.85,2,1,82.11,2,SAME
4,70.55,38.95,2,1,67.51,2,SAME
3,92.68,12.78,2,1,90.37,1,HARDER
4,100.0,22.75,1,0,100.0,2,HARDER
5,70.85,28.42,2,3,63.1,3,EASIER
7,61.87,68.6,2,2,54.51,5,SAME
3,93.96,18.12,1,1,94.85,1,HARDER
7,52.49,63.73,4,4,50.98,5,EASIER
7,48.81,169.88,2,3,43.73,5,EASIER
3,94.72,56.69,1,0,94.84,1,EASIER
4,74.74,56.01,1,1,72.95,2,SAME
5,89.26,43.84,1,1,87.24,3,HARDER
7,50.18,125.59,1,2,50.13,5,EASIER
6,57.8,79.22,2,2,53.22,4,SAME
7,48.92,80.37,2,3,47.04,5,EASIER
4,78.52,70.82,2,1,75.48,2,SAME
7,42.33,300.0,3,4,35.34,5,EASIER
7,47.82,50.27,4,3,41.62,5,EASIER
5,66.29,118.32,1,0,62.23,3,EASIER
3,92.04,19.22,3,2,89.83,1,SAME
4,89.8,33.59,2,2,88.33,2,SAME
3,85.63,28.35,2,1,80.95,1,HARDER
7,16.39,260.34,5,5,9.58,5,EASIER
4,68.67,43.37,1,1,66.22,2,SAME
6,55.09,101.62,4,4,48.48,4,EASIER
4,79.04,56.75,1,1,76.43,2,SAME
7,45.9,194.33,4,3,41.79,5,EASIER
6,51.3,106.97,5,3,46.45,4,EASIER
4,77.25,61.3,1,2,74.12,2,SAME
5,70.11,43.14,2,2,68.63,3,SAME
3,75.66,11.55,3,2,74.14,1,SAME
3,100.0,56.32,1,0,97.05,1,EASIER
7,37.93,63.62,4,4,34.52,5,SAME
7,70.13,83.73,1,1,71.69,5,SAME
7,56.76,93.49,2,2,52.12,5,SAME
6,72.99,63.1,3,1,66.2,4,SAME
4,76.69,27.01,1,2,70.21,2,SAME
3,71.07,30.73,2,1,70.68,1,SAME
6,40.46,104.93,2,3,34.68,4,EASIER
4,63.77,50.85,4,3,60.51,2,EASIER
3,92.04,32.04,1,1,95.86,1,HARDER
3,80.6,20.77,2,1,76.03,1,SAME
5,79.97,47.15,2,2,76.46,3,SAME
7,44.18,206.12,5,4,42.18,5,EASIER
4,61.45,29.74,3,2,56.91,2,SAME
7,53.48,83.39,2,3,44.44,5,EASIER
4,49.71,58.82,3,3,45.32,2,EASIER
6,63.64,81.21,2,2,65.4,4,SAME
4,76.97,29.97,1,1,77.85,2,SAME
6,65.25,63.37,1,1,60.41,4,SAME
4,80.18,64.45,1,0,77.8,2,SAME
6,58.94,111.21,3,3,48.88,4,HARDER
5,66.39,65.2,2,2,64.76,3,SAME
3,100.0,14.88,1,0,100.0,1,HARDER
4,68.33,42.55,3,2,65.71,2,SAME
4,61.14,34.38,2,1,57.85,2,SAME
5,40.51,36.92,5,4,34.99,3,EASIER
4,90.38,28.64,1,0,85.91,2,HARDER
5,81.95,81.86,1,1,79.29,3,SAME
7,25.72,220.44,5,5,19.87,5,EASIER
6,55.44,47.32,3,3,52.81,4,EASIER
4,85.53,24.53,1,0,86.44,2,HARDER
6,66.92,117.64,2,1,59.99,4,SAME
7,55.06,89.61,2,2,48.26,5,EASIER
4,61.73,49.27,2,3,55.46,2,EASIER
4,75.6,31.15,1,1,77.15,2,SAME
3,82.33,32.32,1,0,81.2,1,SAME
7,28.44,52.97,4,4,21.81,5,EASIER
7,45.79,151.09,1,3,42.31,5,EASIER
5,72.92,20.52,2,1,71.13,3,SAME
7,48.85,185.45,2,3,44.22,5,EASIER
6,69.76,80.56,2,2,63.99,4,HARDER
7,78.93,142.45,1,1,75.29,5,SAME
7,69.37,127.45,1,2,66.77,5,SAME
7,55.59,44.2,3,3,55.65,5,EASIER
4,64.2,72.24,1,2,58.56,2,SAME
6,67.29,97.58,2,1,64.79,4,SAME
3,87.99,35.0,1,1,87.28,1,SAME
7,47.09,72.45,5,3,47.37,5,EASIER
4,69.09,42.55,1,1,70.16,2,SAME
5,78.82,30.33,2,1,73.41,3,SAME
5,48.46,62.45,4,3,42.6,3,EASIER
6,58.2,50.31,1,2,53.53,4,SAME
6,67.13,300.0,2,1,62.1,4,EASIER
7,45.59,155.76,3,3,40.89,5,EASIER
6,61.5,163.82,1,2,63.01,4,SAME
6,63.38,72.02,1,2,60.77,4,SAME
5,71.79,70.66,1,2,69.41,3,SAME
5,55.25,90.79,3,2,48.92,3,EASIER
7,45.58,62.42,3,3,43.94,5,EASIER
4,81.67,27.7,1,1,81.21,2,SAME
6,62.14,135.97,1,1,61.57,4,SAME
4,71.47,34.3,1,1,72.58,2,SAME
5,69.42,40.06,2,1,66.08,3,SAME
4,86.19,28.25,1,1,80.36,2,HARDER
4,84.77,21.39,2,2,82.47,2,SAME
7,74.19,38.5,1,1,72.0,5,SAME
6,58.68,33.94,2,3,52.96,4,EASIER
6,51.83,83.97,4,3,51.96,4,EASIER
3,96.72,33.71,1,0,100.0,1,HARDER
4,63.23,124.15,2,2,60.92,2,EASIER
4,85.6,37.27,1,0,82.57,2,HARDER
6,58.9,42.15,3,3,65.74,4,EASIER
7,28.47,110.28,3,4,23.91,5,EASIER
4,75.0,52.88,2,1,73.38,2,SAME
4,82.88,61.67,1,1,79.5,2,SAME
5,65.97,92.05,1,2,62.26,3,SAME
7,69.26,153.03,1,1,64.98,5,SAME
4,95.28,39.74,2,0,91.68,2,HARDER
4,57.96,53.73,5,2,54.32,2,EASIER
5,63.57,32.26,1,1,65.05,3,SAME
7,53.1,37.49,2,4,46.86,5,EASIER
6,39.6,243.52,2,3,26.97,4,EASIER
5,98.68,56.67,1,1,100.0,3,HARDER
6,47.5,108.24,3,3,38.72,4,EASIER
3,91.41,8.0,1,1,87.15,1,EASIER
6,59.47,183.11,3,2,59.36,4,EASIER
3,78.96,41.81,1,0,80.78,1,SAME
4,68.58,18.21,2,2,69.55,2,SAME
4,90.0,32.74,2,1,90.83,2,HARDER
6,53.68,94.18,5,4,50.38,4,EASIER
4,65.98,20.98,2,2,60.72,2,SAME
4,64.7,47.81,2,2,59.93,2,SAME
7,48.02,198.02,3,4,42.87,5,EASIER
5,82.0,68.1,1,2,77.79,3,SAME
6,56.37,36.32,2,2,53.9,4,SAME
5,58.67,34.72,4,2,59.47,3,EASIER
6,36.45,76.89,4,4,32.76,4,EASIER
6,47.27,72.02,5,4,45.29,4,EASIER
6,58.33,72.78,3,3,53.34,4,EASIER
7,44.49,96.96,1,3,39.52,5,EASIER
6,44.62,32.09,4,4,41.44,4,EASIER
4,71.74,55.49,2,2,61.52,2,SAME
3,95.9,33.05,1,0,99.44,1,HARDER
7,48.36,148.89,1,2,44.51,5,EASIER
4,88.15,46.5,2,1,85.3,2,HARDER
4,77.23,33.25,2,1,73.03,2,SAME
3,100.0,19.08,1,0,100.0,1,HARDER
5,33.58,35.05,5,5,28.36,3,EASIER
5,74.36,124.49,1,0,75.02,3,EASIER
7,64.55,110.76,1,1,58.77,5,SAME
6,64.92,34.58,2,2,65.96,4,SAME
6,66.5,80.76,2,1,59.57,4,SAME
5,72.7,20.67,2,1,72.67,3,SAME
7,16.0,128.21,4,5,6.13,5,EASIER
7,80.26,121.08,1,1,76.53,5,SAME
7,41.76,83.36,3,4,30.17,5,EASIER
4,77.43,24.44,1,1,71.52,2,SAME
4,62.7,49.5,4,3,62.57,2,EASIER
3,88.2,24.09,2,1,86.65,1,HARDER
7,20.45,38.87,5,4,14.12,5,EASIER
6,26.82,153.35,4,3,22.37,4,EASIER
7,79.2,67.11,1,1,80.21,5,SAME
6,59.16,41.32,2,2,56.22,4,SAME
5,54.81,113.63,4,3,50.92,3,EASIER
3,70.59,40.06,2,0,71.15,1,SAME
3,93.71,20.73,3,1,91.84,1,SAME
6,79.15,42.75,1,1,76.27,4,SAME
4,77.83,24.78,1,1,78.39,2,SAME
4,100.0,30.94,1,1,96.51,2,HARDER
7,61.9,217.31,1,1,63.78,5,SAME
5,74.76,110.11,2,0,77.65,3,SAME
7,43.88,122.6,5,3,42.33,5,EASIER
5,57.14,80.02,3,2,51.2,3,SAME
7,68.84,99.92,3,2,69.33,5,SAME
3,100.0,16.95,2,1,100.0,1,HARDER
4,96.71,18.77,2,0,92.18,2,HARDER
3,64.27,28.86,1,2,59.78,1,SAME
3,82.43,37.32,2,0,88.29,1,SAME
7,67.0,84.79,1,3,61.84,5,EASIER
5,69.82,104.4,1,1,72.97,3,SAME
4,84.13,31.71,1,0,87.35,2,SAME
4,55.57,39.53,5,3,48.83,2,EASIER
4,98.83,34.25,1,0,100.0,2,HARDER
3,94.85,43.34,2,0,94.58,1,SAME
7,57.1,146.5,2,3,47.69,5,EASIER
3,94.9,24.36,1,1,92.09,1,HARDER
4,70.25,39.39,3,2,70.08,2,SAME
3,100.0,14.73,1,0,99.48,1,HARDER
7,53.22,33.16,3,2,47.1,5,EASIER
4,89.26,29.6,3,2,89.6,2,SAME
4,94.76,34.69,1,0,94.45,2,HARDER
6,67.48,108.09,2,2,68.64,4,SAME
5,53.37,53.5,2,3,45.71,3,EASIER
4,97.63,30.48,1,0,100.0,2,HARDER
5,51.09,13.48,2,2,49.56,3,EASIER
5,59.6,75.29,3,3,57.34,3,EASIER
4,54.73,41.96,3,3,52.08,2,EASIER
5,85.54,86.77,1,1,83.57,3,SAME
4,79.55,38.49,1,2,72.79,2,SAME
7,41.51,209.25,4,4,32.19,5,EASIER
5,47.0,44.16,2,3,45.47,3,EASIER
6,65.95,80.29,3,1,64.17,4,SAME
4,71.92,42.55,4,2,71.17,2,EASIER
6,56.12,115.57,1,2,53.97,4,SAME
5,56.02,71.28,3,2,53.06,3,SAME
6,82.97,105.12,1,0,83.38,4,SAME
5,79.47,66.25,1,1,81.37,3,SAME
6,65.46,74.18,3,2,59.92,4,SAME
3,69.66,37.34,1,1,67.54,1,SAME
6,68.28,34.33,1,1,69.05,4,SAME
6,74.41,59.12,2,1,65.43,4,SAME
5,63.52,127.54,1,2,61.43,3,EASIER
3,82.97,18.53,1,1,79.16,1,SAME
5,77.0,55.8,1,1,77.19,3,SAME
6,47.73,168.74,2,4,36.87,4,EASIER
5,85.79,54.49,2,1,86.82,3,HARDER
3,98.07,17.25,1,0,93.42,1,HARDER
4,81.78,66.74,1,0,79.21,2,SAME
7,65.31,95.66,4,3,61.05,5,EASIER
4,61.86,34.25,4,3,54.56,2,EASIER
5,68.69,21.76,3,2,65.49,3,SAME
4,74.12,35.79,1,2,67.82,2,SAME
6,59.98,116.96,2,2,55.64,4,SAME
5,84.85,46.86,1,1,85.58,3,SAME
4,91.48,20.81,1,1,90.77,2,HARDER
5,46.26,45.72,4,3,45.94,3,EASIER
5,62.89,42.77,1,2,58.92,3,SAME
5,50.07,51.16,5,4,46.58,3,EASIER
4,88.54,29.79,1,0,90.2,2,HARDER
3,66.32,52.44,1,2,69.46,1,EASIER
6,85.82,95.96,2,1,92.86,4,HARDER
4,80.62,16.77,2,2,79.14,2,SAME
6,33.64,85.11,3,4,25.68,4,EASIER
4,88.81,37.29,1,0,86.97,2,HARDER
7,37.22,214.75,1,2,36.89,5,EASIER
6,44.87,75.61,3,3,38.9,4,EASIER
5,68.26,52.93,3,1,67.46,3,SAME
4,59.04,91.21,2,2,52.61,2,EASIER
6,31.68,47.04,5,4,25.01,4,EASIER
3,98.67,35.65,1,0,98.11,1,SAME
3,74.86,25.72,3,1,72.62,1,SAME
3,85.15,20.01,1,1,87.37,1,HARDER
4,61.25,28.02,4,3,58.1,2,EASIER
5,84.39,113.62,2,1,85.26,3,SAME
4,85.65,47.29,2,1,85.32,2,HARDER
3,46.28,32.67,5,3,37.76,1,EASIER
4,85.05,57.73,3,2,83.92,2,SAME
5,71.57,68.7,1,1,67.43,3,SAME
4,69.15,23.08,3,2,64.22,2,SAME
5,59.41,26.64,2,1,56.06,3,SAME
4,75.74,78.35,1,0,80.99,2,EASIER
7,43.15,125.44,4,4,37.79,5,EASIER
7,56.47,116.94,2,3,52.86,5,EASIER
6,64.87,209.58,3,3,64.57,4,EASIER
5,50.56,34.25,3,3,44.39,3,EASIER
3,81.41,8.13,2,1,84.12,1,EASIER
6,40.02,31.97,2,2,35.57,4,EASIER
4,77.74,29.61,1,1,75.81,2,SAME
4,95.3,40.15,1,0,93.78,2,HARDER
6,65.65,169.08,3,2,60.68,4,EASIER
3,85.63,36.38,4,2,82.22,1,EASIER
4,79.83,11.4,1,1,81.26,2,SAME
6,49.16,300.0,1,2,52.49,4,EASIER
7,38.36,89.55,3,3,28.09,5,EASIER
5,63.99,106.51,2,2,64.99,3,SAME
5,88.55,76.0,1,0,88.92,3,HARDER
7,72.14,112.33,1,2,68.54,5,SAME
3,84.42,22.5,1,1,82.68,1,SAME
5,73.44,33.44,1,2,74.37,3,SAME
4,73.84,20.74,2,2,73.0,2,SAME
5,56.99,53.42,3,3,50.65,3,EASIER
7,58.57,52.56,2,2,57.86,5,SAME
5,72.3,131.13,2,2,68.95,3,EASIER
7,80.83,118.08,2,0,78.89,5,SAME
5,47.7,163.42,4,4,38.01,3,EASIER
7,42.65,88.33,5,4,33.86,5,EASIER
3,71.89,19.22,2,2,69.83,1,EASIER
4,84.2,50.16,1,1,81.01,2,EASIER
4,61.29,33.64,4,3,58.12,2,EASIER
6,66.01,136.01,2,2,66.12,4,SAME
5,70.58,118.2,2,2,66.63,3,EASIER
4,68.52,63.7,4,2,64.79,2,EASIER
3,86.81,45.88,1,1,80.93,1,SAME
4,78.8,55.8,1,1,80.93,2,SAME
3,76.77,19.58,1,1,78.17,1,SAME
6,45.99,148.33,4,3,41.0,4,EASIER
7,57.77,163.81,1,2,53.7,5,EASIER
7,78.05,79.98,1,0,77.6,5,SAME
4,82.21,30.17,1,1,81.24,2,SAME
5,64.07,55.42,2,2,62.44,3,SAME
5,58.86,100.55,4,2,55.68,3,EASIER
5,61.63,61.46,1,2,58.49,3,SAME
5,73.18,57.84,2,2,72.51,3,SAME
4,70.15,35.26,2,1,70.35,2,SAME
3,69.63,21.36,2,2,71.93,1,SAME
5,64.45,32.6,3,2,64.47,3,SAME
3,55.88,35.61,2,3,47.73,1,EASIER
3,89.33,15.9,2,0,88.96,1,HARDER
5,77.8,59.97,1,1,75.37,3,EASIER
7,56.39,89.63,1,2,50.54,5,SAME
5,64.28,84.76,4,2,61.51,3,EASIER
3,95.6,21.47,1,0,98.0,1,HARDER
7,21.01,64.72,5,5,12.7,5,EASIER
6,65.1,137.16,2,2,62.7,4,SAME
4,89.6,25.77,1,1,88.28,2,HARDER
4,78.9,40.87,1,2,76.88,2,SAME
7,44.57,224.24,2,2,38.47,5,EASIER
5,81.05,40.41,3,2,82.69,3,SAME
3,94.53,23.87,1,1,94.47,1,HARDER
4,70.46,31.03,1,0,68.72,2,SAME
4,78.22,40.42,2,1,83.11,2,SAME
5,46.21,56.07,3,3,40.38,3,EASIER
4,81.04,58.57,2,1,77.96,2,SAME
5,63.84,42.66,2,2,61.4,3,SAME
4,62.41,69.16,3,2,60.5,2,SAME
6,51.31,188.89,1,3,49.92,4,EASIER
5,51.77,65.85,4,4,49.45,3,EASIER
7,51.62,72.81,3,3,47.75,5,EASIER
7,27.95,109.52,5,5,21.58,5,EASIER
4,54.75,35.83,4,4,45.23,2,EASIER
3,88.5,55.01,1,1,92.06,1,EASIER
5,73.64,55.11,1,2,68.19,3,SAME
4,71.58,72.78,2,1,70.77,2,SAME
7,54.94,119.01,1,2,55.12,5,EASIER
5,59.47,59.33,2,2,54.65,3,SAME
4,82.6,32.17,1,1,84.4,2,SAME
4,63.96,33.61,5,3,57.72,2,EASIER
7,56.63,181.89,1,2,54.93,5,SAME
3,86.68,18.06,1,0,87.65,1,HARDER
7,34.13,188.96,2,4,23.09,5,EASIER
4,75.82,74.8,1,1,74.79,2,SAME
7,36.1,81.12,4,4,28.53,5,EASIER
5,74.15,105.47,1,0,79.25,3,SAME
5,67.35,97.45,2,1,65.45,3,SAME
4,100.0,57.17,1,0,99.58,2,EASIER
6,38.03,58.91,5,4,31.51,4,EASIER
6,50.85,77.06,5,4,42.64,4,EASIER
5,72.16,54.63,3,2,72.39,3,SAME
5,68.48,163.26,2,2,56.92,3,EASIER
5,70.08,57.71,2,1,70.17,3,SAME
5,100.0,52.97,1,0,100.0,3,HARDER
7,25.67,59.91,5,5,13.83,5,EASIER
3,74.34,16.22,4,2,71.08,1,EASIER
4,91.98,27.55,1,1,90.61,2,HARDER
7,35.97,136.38,2,3,31.0,5,EASIER
6,47.48,39.1,2,3,42.53,4,EASIER
4,90.59,27.79,2,1,84.68,2,HARDER
5,73.31,23.09,2,1,70.25,3,SAME
3,75.64,46.65,1,2,74.67,1,SAME
3,96.27,26.21,2,1,95.32,1,HARDER
7,52.39,132.64,2,3,45.87,5,EASIER
6,80.36,46.52,1,1,78.59,4,SAME
3,100.0,41.92,1,0,100.0,1,SAME
6,60.1,179.17,1,2,56.08,4,EASIER
5,48.57,59.95,2,4,42.54,3,EASIER
5,61.47,45.75,2,1,59.44,3,SAME
7,37.78,151.33,1,3,32.54,5,EASIER
7,41.6,167.16,2,2,34.63,5,EASIER
3,90.24,36.82,3,1,91.92,1,SAME
4,60.8,51.92,3,2,59.49,2,SAME
4,63.0,59.78,2,2,57.29,2,SAME
7,80.02,76.79,1,2,78.6,5,EASIER
6,42.83,131.75,4,4,39.74,4,EASIER
6,72.45,64.76,1,2,68.97,4,SAME
3,63.92,8.18,3,2,62.75,1,SAME
7,62.46,87.02,3,2,58.28,5,SAME
5,77.33,44.09,1,1,78.55,3,SAME
4,92.2,42.56,1,1,89.41,2,HARDER
5,44.55,87.82,3,4,35.85,3,EASIER
5,90.69,63.81,1,0,86.66,3,HARDER
4,82.66,97.68,1,1,76.05,2,EASIER
7,54.84,84.13,1,2,59.37,5,EASIER
7,30.22,37.91,5,5,19.53,5,EASIER
3,76.79,28.29,2,2,74.46,1,SAME
7,65.7,83.23,1,1,62.95,5,SAME
5,71.19,33.89,2,2,69.32,3,SAME
6,80.39,70.25,2,0,86.5,4,SAME
6,47.54,54.56,1,3,42.17,4,EASIER
5,76.54,41.33,2,2,70.57,3,SAME
6,37.15,180.99,2,4,30.13,4,EASIER
6,97.19,87.48,1,0,97.91,4,HARDER
7,51.35,96.92,5,4,46.85,5,EASIER
5,70.83,127.9,1,1,68.36,3,EASIER
6,60.54,70.32,3,2,60.43,4,SAME
7,35.65,57.29,5,3,30.53,5,EASIER
7,56.1,54.36,1,2,52.18,5,SAME
3,81.82,24.13,1,0,78.82,1,SAME
5,62.47,25.73,3,2,64.6,3,SAME
5,40.55,32.46,2,3,34.39,3,EASIER
6,63.35,67.25,4,3,63.49,4,EASIER
6,76.44,147.72,2,2,70.53,4,SAME
7,22.9,226.45,5,6,11.76,5,EASIER
5,90.98,80.4,1,0,91.48,3,SAME
6,57.28,81.83,2,2,52.74,4,SAME
7,28.7,82.07,5,4,21.99,5,EASIER
3,91.76,29.72,1,1,84.59,1,HARDER
6,58.63,207.13,2,2,52.22,4,EASIER
4,74.4,40.61,1,1,74.3,2,SAME
7,52.6,87.07,3,4,47.93,5,EASIER
5,80.04,53.65,1,0,77.13,3,SAME
6,38.09,71.38,2,3,33.11,4,EASIER
6,50.69,109.08,3,3,42.18,4,EASIER
4,74.43,26.54,2,1,74.35,2,SAME
5,69.15,70.92,1,2,70.01,3,SAME
6,53.96,110.19,2,2,46.35,4,EASIER
6,66.93,98.06,2,2,64.91,4,SAME
4,59.35,22.81,2,2,51.62,2,SAME
7,46.85,103.24,5,3,46.13,5,EASIER
3,88.52,19.78,1,1,93.79,1,HARDER
4,76.58,36.7,4,3,72.78,2,EASIER
7,28.0,77.88,5,5,17.57,5,EASIER
6,67.66,156.53,2,2,64.15,4,SAME
5,75.55,63.62,2,2,73.31,3,SAME
5,57.32,26.04,1,1,57.68,3,SAME
7,46.94,54.26,3,3,39.44,5,EASIER
4,95.54,66.94,3,0,94.24,2,SAME
4,93.3,34.92,1,0,96.16,2,HARDER
5,43.85,47.82,4,4,39.23,3,EASIER
7,36.2,207.17,3,3,29.81,5,EASIER
5,79.11,53.81,2,2,81.47,3,SAME
6,66.72,44.05,2,1,63.98,4,SAME
7,39.33,60.58,2,4,28.28,5,EASIER
7,32.99,157.67,2,4,24.42,5,EASIER
5,69.79,158.38,2,2,71.75,3,EASIER
5,64.51,87.88,2,2,64.56,3,SAME
3,100.0,21.09,1,0,100.0,1,HARDER
3,93.77,22.6,1,0,96.65,1,HARDER
5,53.88,59.41,3,2,52.73,3,EASIER
6,62.56,28.68,2,2,57.12,4,SAME
7,30.19,113.44,5,5,19.82,5,EASIER
5,71.62,77.44,2,2,66.64,3,SAME
5,60.59,139.5,1,3,57.53,3,EASIER
7,18.02,202.95,4,6,10.97,5,EASIER
4,56.75,94.13,4,3,55.5,2,EASIER
3,78.34,52.81,1,0,83.66,1,EASIER
7,56.19,239.51,2,2,57.12,5,EASIER
5,67.31,58.76,2,3,66.58,3,EASIER
3,78.54,29.15,3,2,76.74,1,SAME
4,79.85,17.33,1,2,76.31,2,SAME
4,85.57,40.4,1,0,86.09,2,HARDER
4,75.75,49.58,3,2,70.62,2,SAME
5,79.63,50.41,1,1,72.7,3,SAME
7,24.0,48.34,4,5,21.66,5,EASIER
6,28.73,186.75,5,5,19.86,4,EASIER
7,76.25,139.74,2,2,73.07,5,SAME
7,25.17,286.07,5,5,18.09,5,EASIER
4,63.8,53.86,3,2,60.75,2,SAME
3,75.71,45.96,2,1,72.2,1,SAME
3,100.0,41.95,1,0,97.2,1,SAME
6,75.81,57.59,1,1,68.52,4,SAME
4,63.1,29.92,2,2,60.97,2,SAME
6,91.99,65.63,1,1,95.11,4,HARDER
5,73.11,35.95,2,2,70.99,3,SAME
7,37.36,293.09,3,4,29.05,5,EASIER
5,72.18,59.23,4,2,68.31,3,EASIER
7,62.24,143.87,1,2,60.77,5,SAME
4,88.68,20.33,1,0,90.8,2,HARDER
6,49.8,125.51,1,2,44.59,4,EASIER
5,62.02,47.36,3,3,53.96,3,EASIER
3,74.61,43.82,1,2,68.6,1,SAME
4,78.29,27.53,1,1,78.22,2,SAME
4,70.1,71.06,3,2,62.93,2,SAME
3,64.3,38.0,1,2,58.68,1,SAME
7,52.57,86.89,3,4,46.3,5,EASIER
4,83.35,73.99,2,0,88.41,2,SAME
5,32.29,102.42,4,4,24.6,3,EASIER
5,61.25,73.91,2,2,60.6,3,SAME
5,53.34,35.47,2,2,46.36,3,EASIER
6,72.32,124.31,1,1,69.97,4,SAME
7,43.14,116.1,3,3,33.37,5,SAME
7,68.12,115.05,2,2,65.78,5,SAME
7,41.2,116.6,2,3,34.53,5,EASIER
5,58.17,57.14,4,3,54.26,3,EASIER
6,46.81,52.28,3,3,40.12,4,HARDER
3,90.18,12.74,1,1,92.83,1,HARDER
7,59.39,43.82,1,2,55.44,5,SAME
3,90.45,28.56,2,1,88.06,1,HARDER
3,93.17,8.5,1,0,91.7,1,HARDER
7,50.28,166.38,4,3,46.17,5,EASIER
6,52.96,106.69,3,3,49.26,4,EASIER
3,72.96,21.85,2,1,68.99,1,SAME
7,56.03,195.97,2,3,50.91,5,EASIER
3,75.18,22.27,3,2,73.45,1,SAME
3,86.66,30.12,1,0,90.99,1,HARDER
7,52.74,38.52,3,3,51.05,5,EASIER
4,75.66,13.25,1,2,73.9,2,SAME
4,89.58,34.02,3,1,91.86,2,SAME
6,72.95,102.17,2,2,66.16,4,SAME
6,69.83,134.4,1,1,72.39,4,SAME
5,51.81,53.13,5,3,47.62,3,EASIER
7,55.17,128.11,2,2,50.43,5,SAME
3,69.45,35.47,3,1,67.05,1,SAME
7,47.56,104.47,4,4,44.12,5,EASIER
4,71.37,50.08,2,2,67.12,2,SAME
6,88.06,45.59,1,1,86.83,4,SAME
4,99.79,17.45,1,0,100.0,2,HARDER
4,86.43,29.57,1,1,87.56,2,HARDER
4,78.84,54.69,3,1,73.23,2,SAME
5,60.45,40.79,1,2,56.49,3,SAME
7,54.01,159.68,2,2,53.41,5,EASIER
3,70.72,15.83,1,2,71.73,1,SAME
6,64.14,60.57,2,2,59.24,4,SAME
7,38.88,127.79,3,3,39.5,5,SAME
6,65.96,57.95,3,2,63.43,4,SAME
7,35.88,85.38,5,4,25.84,5,EASIER
3,85.89,8.0,1,1,85.73,1,HARDER
4,78.6,56.38,1,2,74.75,2,SAME
5,45.84,54.69,2,2,40.51,3,EASIER
5,86.72,36.32,1,0,82.07,3,HARDER
4,95.01,89.92,1,1,93.25,2,EASIER
4,78.58,26.22,3,0,79.86,2,SAME
7,57.53,84.57,1,2,55.34,5,SAME
4,60.45,24.18,3,2,56.4,2,SAME
7,16.18,204.39,4,5,4.74,5,EASIER
3,83.96,47.32,1,1,85.93,1,EASIER
5,47.26,112.25,1,3,43.77,3,EASIER
6,39.99,163.27,1,3,25.01,4,EASIER
7,73.64,80.88,1,2,68.6,5,SAME
6,64.52,195.66,3,2,63.51,4,EASIER
3,76.16,22.92,2,1,78.37,1,SAME
6,75.18,36.77,1,1,76.53,4,SAME
4,78.57,31.1,1,1,78.13,2,SAME
7,67.21,133.77,2,1,63.27,5,SAME
6,72.5,58.64,1,1,74.87,4,SAME
3,96.65,26.69,1,1,97.69,1,HARDER
4,63.14,48.9,1,2,59.93,2,SAME
7,31.72,140.09,5,4,26.53,5,EASIER
7,53.36,160.06,1,2,50.92,5,EASIER
6,85.08,74.67,1,0,83.42,4,HARDER
4,78.0,27.0,1,1,75.85,2,SAME
4,81.26,19.04,1,1,81.79,2,SAME
6,49.55,78.33,1,2,46.51,4,EASIER
5,50.68,44.46,5,4,44.94,3,EASIER
4,71.13,35.94,3,2,65.56,2,SAME
4,80.82,14.36,1,1,82.16,2,SAME
3,100.0,12.72,1,0,100.0,1,HARDER
5,54.89,74.66,4,4,45.11,3,EASIER
5,70.08,25.81,1,2,67.63,3,SAME
5,61.19,52.79,2,2,57.71,3,SAME
7,71.24,71.22,1,2,73.6,5,SAME
6,45.17,51.5,2,4,37.19,4,EASIER
5,69.51,60.5,1,1,66.3,3,SAME
4,75.56,38.51,2,1,71.37,2,SAME
6,35.33,108.94,5,4,35.18,4,EASIER
7,55.19,61.43,2,2,57.14,5,SAME
3,95.44,16.87,2,1,95.91,1,HARDER
4,71.91,64.43,2,3,65.84,2,EASIER
3,79.04,22.62,1,1,71.98,1,SAME
4,79.36,45.13,4,2,74.01,2,EASIER
3,58.95,20.04,5,4,46.24,1,EASIER
5,80.49,72.66,1,0,76.28,3,SAME
7,51.26,28.85,5,5,41.31,5,EASIER
7,19.26,209.77,5,5,12.68,5,EASIER
4,100.0,30.68,1,0,100.0,2,HARDER
6,82.62,42.83,2,2,80.57,4,SAME
4,75.96,23.06,1,1,78.05,2,HARDER
4,77.7,33.57,1,0,76.31,2,SAME
6,78.09,77.43,1,1,72.12,4,SAME
6,85.45,88.25,1,0,80.98,4,HARDER
5,65.12,32.14,4,3,56.0,3,EASIER
3,88.6,36.84,1,0,90.75,1,SAME
5,68.88,44.74,3,2,62.43,3,SAME
4,70.84,29.01,4,3,60.06,2,EASIER
3,93.46,22.61,1,1,92.81,1,HARDER
3,77.36,33.58,2,2,72.63,1,SAME
5,79.0,57.03,2,2,75.83,3,SAME
3,87.12,19.64,1,1,85.73,1,HARDER
6,28.22,69.29,4,4,18.57,4,EASIER
3,66.57,43.01,2,2,68.94,1,SAME
4,89.32,62.4,2,1,85.71,2,SAME
7,42.29,136.71,2,2,32.82,5,EASIER
6,63.67,88.59,2,1,66.27,4,SAME
5,81.15,182.3,1,1,81.3,3,EASIER
3,77.53,30.73,3,3,66.93,1,EASIER
3,100.0,27.09,3,1,93.48,1,SAME
7,61.97,100.32,1,2,64.56,5,SAME
6,45.64,98.72,3,4,37.23,4,EASIER
7,40.16,21.3,2,3,31.84,5,EASIER
7,14.93,196.1,4,4,11.94,5,EASIER
3,100.0,14.2,1,0,100.0,1,HARDER
7,43.76,75.73,2,3,34.84,5,EASIER
5,52.3,29.0,2,2,50.44,3,EASIER
6,45.08,55.91,4,4,41.96,4,EASIER
5,70.6,49.01,1,0,66.93,3,SAME
6,30.85,130.21,5,5,22.57,4,EASIER
7,68.14,226.11,1,1,62.19,5,EASIER
7,43.46,300.0,2,3,37.81,5,SAME
5,86.38,61.01,1,0,88.95,3,HARDER
4,100.0,34.28,1,1,99.15,2,HARDER
6,44.02,122.99,3,3,37.16,4,EASIER
5,79.57,38.0,1,1,77.99,3,SAME
4,68.71,24.13,1,2,58.83,2,SAME
6,58.95,67.75,5,4,50.24,4,EASIER
3,80.75,24.63,2,1,85.64,1,SAME
5,36.11,20.85,2,4,31.44,3,EASIER
6,36.49,142.81,3,3,35.16,4,EASIER
7,78.15,127.66,1,1,73.85,5,SAME
6,39.56,124.19,2,3,31.7,4,EASIER
7,33.91,47.59,5,5,23.49,5,EASIER
7,40.45,77.95,5,5,33.16,5,EASIER
4,76.21,27.14,3,2,77.84,2,SAME
7,77.16,100.28,3,2,75.91,5,SAME
4,69.14,37.41,3,2,65.77,2,SAME
6,55.65,128.88,1,2,53.95,4,SAME
4,74.21,39.81,1,2,76.37,2,SAME
5,82.82,40.18,2,1,78.36,3,SAME
6,15.09,255.78,3,5,12.98,4,EASIER
7,58.58,96.91,2,3,55.61,5,SAME
7,67.07,68.33,3,2,68.84,5,SAME
7,56.99,40.09,2,3,53.56,5,EASIER
5,77.28,60.65,3,2,79.17,3,SAME
7,28.35,163.2,2,4,23.32,5,EASIER
3,100.0,15.05,1,0,100.0,1,HARDER
7,33.62,157.45,5,5,27.66,5,EASIER
4,49.94,39.52,5,4,45.0,2,EASIER
5,57.24,24.11,3,3,49.73,3,EASIER
7,71.53,157.51,2,1,68.84,5,SAME
6,53.84,71.44,2,4,50.62,4,EASIER
7,40.41,60.63,3,4,32.41,5,EASIER
6,69.53,134.87,3,3,65.9,4,EASIER
6,55.18,133.54,3,3,51.92,4,EASIER
3,95.46,15.0,1,0,88.97,1,HARDER
7,43.11,131.42,2,3,33.72,5,EASIER
6,43.76,91.14,3,3,43.17,4,EASIER
6,89.36,79.15,1,0,92.58,4,HARDER
5,80.68,44.93,1,1,79.92,3,SAME
7,41.69,103.3,4,5,33.53,5,EASIER
5,49.58,92.3,4,2,45.4,3,EASIER
3,87.83,29.99,1,1,84.46,1,HARDER
3,67.28,10.6,3,2,62.35,1,SAME
6,53.23,26.9,4,3,47.73,4,EASIER
6,62.57,31.22,1,1,65.92,4,SAME
4,79.28,20.07,1,1,76.47,2,SAME
6,68.0,55.37,2,3,63.62,4,EASIER
7,57.44,87.51,4,3,47.43,5,EASIER
5,83.45,56.15,2,1,79.41,3,SAME
7,34.69,109.95,4,4,27.54,5,EASIER
3,87.52,24.47,1,1,86.14,1,HARDER
5,54.64,102.16,1,2,50.87,3,EASIER
5,69.7,25.29,3,3,59.68,3,EASIER
4,91.42,44.46,1,1,90.6,2,HARDER
3,89.56,28.94,1,0,90.99,1,HARDER
5,76.74,31.04,3,2,79.2,3,SAME
4,76.3,48.84,1,1,73.71,2,SAME
4,84.18,45.27,1,1,83.1,2,SAME
4,49.93,37.24,4,3,44.57,2,EASIER
5,54.21,17.53,4,2,51.17,3,EASIER
7,44.24,189.38,2,3,40.64,5,EASIER
5,75.79,64.89,2,1,76.94,3,SAME
5,71.5,70.83,1,1,71.2,3,SAME
4,96.84,8.0,1,0,94.1,2,HARDER
5,58.01,44.58,1,1,53.32,3,SAME
4,82.94,19.37,2,1,79.66,2,SAME
7,0.0,226.65,5,6,0.0,5,EASIER
5,75.48,33.56,1,1,71.94,3,SAME
5,56.73,120.62,5,3,48.41,3,EASIER
3,87.48,38.2,1,0,89.99,1,SAME
7,74.98,126.36,1,0,73.21,5,SAME
5,62.27,101.74,1,2,58.22,3,SAME
3,91.7,16.42,1,1,93.56,1,HARDER
3,80.69,17.78,1,0,78.53,1,SAME
4,91.34,58.62,2,1,90.75,2,SAME
6,60.38,50.3,1,3,60.1,4,EASIER
3,71.96,13.86,2,2,64.42,1,SAME
3,100.0,21.67,1,0,100.0,1,HARDER
5,55.89,37.48,2,2,55.36,3,SAME
5,53.55,146.03,2,3,48.37,3,EASIER
7,43.06,170.9,4,4,33.38,5,EASIER
6,58.17,60.78,3,2,54.68,4,SAME
6,54.97,48.72,2,2,55.74,4,EASIER
4,60.91,44.56,4,2,55.31,2,EASIER
6,62.79,152.06,4,3,59.66,4,EASIER
5,43.83,66.98,4,4,35.88,3,EASIER
4,83.71,24.3,1,0,87.74,2,SAME
4,73.48,19.34,2,1,71.6,2,SAME
7,59.72,91.14,3,3,51.48,5,EASIER
5,41.37,67.82,4,4,35.52,3,EASIER
5,62.24,45.95,2,2,55.92,3,SAME
6,61.5,138.48,1,2,57.99,4,SAME
4,75.28,48.68,1,1,75.14,2,SAME
4,88.07,42.48,1,1,86.49,2,HARDER
7,53.5,147.68,3,2,52.08,5,EASIER
7,60.31,52.53,2,2,62.13,5,SAME
5,36.22,45.32,4,4,28.58,3,EASIER
7,30.99,63.53,5,4,24.9,5,SAME
4,73.33,45.52,2,2,70.89,2,SAME
6,50.05,48.12,2,3,47.21,4,EASIER
3,72.85,25.93,2,2,72.47,1,SAME
6,68.13,75.28,4,3,62.7,4,EASIER
3,97.9,32.65,1,1,92.28,1,HARDER
4,63.31,21.65,2,2,61.52,2,SAME
7,60.3,143.27,2,2,57.24,5,SAME
4,90.03,22.99,1,0,94.73,2,HARDER
5,54.03,35.99,3,4,47.97,3,EASIER
7,40.04,103.63,5,4,34.0,5,EASIER
7,35.32,214.74,3,4,28.74,5,EASIER
5,56.63,38.24,1,2,47.95,3,EASIER
3,77.73,11.33,2,1,75.52,1,SAME
4,71.78,24.37,1,2,67.01,2,SAME
6,55.94,67.12,2,3,44.07,4,EASIER
4,85.06,91.47,1,0,85.46,2,EASIER
6,52.88,100.35,4,3,47.78,4,EASIER
7,38.94,74.29,5,4,26.52,5,EASIER
6,66.17,76.19,2,2,61.17,4,SAME
6,49.83,185.61,1,2,49.21,4,EASIER
5,61.13,51.49,2,2,56.38,3,SAME
3,95.65,22.58,2,1,92.31,1,HARDER
5,96.5,47.45,1,0,94.9,3,HARDER
7,44.7,163.67,3,4,41.44,5,EASIER
6,73.23,62.4,1,0,77.72,4,SAME
6,75.55,129.06,3,2,75.59,4,SAME
7,44.23,199.88,2,3,41.12,5,EASIER
4,84.76,50.7,1,1,87.46,2,SAME
4,76.68,34.2,1,2,71.09,2,SAME
7,25.62,52.27,3,4,22.62,5,EASIER
5,56.44,51.91,3,4,53.32,3,EASIER
6,74.09,57.92,1,2,64.6,4,SAME
6,38.58,54.69,3,3,35.8,4,EASIER
3,95.45,22.47,1,0,100.0,1,HARDER
4,61.95,47.6,2,2,60.75,2,SAME
4,77.15,28.36,1,2,78.58,2,SAME
3,80.8,13.56,2,2,77.9,1,SAME
6,45.78,49.81,3,3,40.08,4,EASIER
7,49.73,281.39,1,3,45.2,5,EASIER
7,30.58,151.04,5,5,23.46,5,EASIER
3,90.72,16.32,1,1,87.42,1,HARDER
5,89.01,109.78,1,0,89.36,3,SAME
4,74.94,33.95,1,1,74.24,2,SAME
3,91.68,68.9,1,1,91.33,1,EASIER
6,32.77,93.97,5,4,32.65,4,EASIER
7,52.88,152.43,2,3,51.16,5,EASIER
3,99.66,36.29,1,0,99.5,1,SAME
6,66.23,177.58,2,2,63.53,4,EASIER
3,77.9,20.56,2,2,78.88,1,SAME
7,34.74,240.15,5,5,26.91,5,EASIER
3,93.12,18.94,1,0,89.29,1,HARDER
5,78.34,48.5,1,2,73.87,3,SAME
3,93.03,25.1,1,1,92.95,1,HARDER
5,53.06,91.47,4,3,46.52,3,EASIER
5,53.43,49.25,3,4,47.16,3,EASIER
5,69.61,131.31,1,1,69.14,3,EASIER
7,48.24,230.77,4,4,42.17,5,EASIER
7,55.97,114.44,1,1,49.48,5,EASIER
4,100.0,24.13,1,1,98.38,2,HARDER
7,48.24,193.27,1,3,43.16,5,EASIER
5,58.6,20.56,5,4,50.29,3,EASIER
3,73.18,34.77,1,1,72.25,1,SAME
6,74.59,53.43,1,2,70.78,4,SAME
6,24.68,157.59,4,5,15.35,4,EASIER
4,93.79,19.81,1,1,91.01,2,HARDER
5,70.35,41.79,2,1,66.06,3,SAME
5,65.82,72.05,4,3,61.69,3,EASIER
3,76.16,32.67,1,1,72.19,1,SAME
4,79.2,28.31,2,1,75.8,2,SAME
5,83.76,49.21,1,1,80.35,3,SAME
4,74.95,59.46,3,1,67.99,2,SAME
7,39.68,193.87,2,4,31.64,5,EASIER
4,85.63,32.21,1,0,84.76,2,HARDER
6,50.38,59.8,3,3,45.26,4,EASIER
3,78.21,13.59,3,2,79.01,1,SAME
4,65.25,42.81,1,2,62.99,2,SAME
7,74.31,174.41,1,0,73.95,5,SAME
7,41.57,121.63,3,3,37.96,5,EASIER
7,68.35,67.65,1,1,66.93,5,SAME
3,74.8,55.36,1,0,76.05,1,EASIER
7,37.72,35.59,2,3,30.97,5,EASIER
4,89.82,57.42,1,1,87.66,2,SAME
3,96.93,27.53,1,0,93.85,1,HARDER
3,91.9,30.8,2,1,90.09,1,HARDER
6,73.94,54.47,1,2,69.44,4,SAME
5,82.98,53.79,2,0,86.11,3,SAME
5,80.06,67.06,1,1,79.05,3,SAME
7,38.86,106.88,3,4,38.1,5,EASIER
3,100.0,11.25,1,0,100.0,1,HARDER
3,78.54,53.57,1,0,83.6,1,EASIER
7,54.46,159.63,3,3,54.57,5,EASIER
6,75.36,83.49,1,1,72.36,4,SAME
6,74.33,86.34,2,2,74.65,4,SAME
5,62.93,133.47,2,3,60.66,3,SAME
3,79.7,17.96,3,1,72.89,1,SAME
5,56.1,35.92,3,3,48.42,3,EASIER
7,50.1,178.0,3,3,43.49,5,EASIER
3,75.42,30.72,1,1,71.95,1,SAME
3,100.0,15.95,1,0,100.0,1,HARDER
4,100.0,63.39,1,0,100.0,2,SAME
5,81.39,67.12,2,2,76.9,3,SAME
6,47.19,51.41,1,3,38.66,4,EASIER
3,83.66,31.1,1,1,83.44,1,SAME
7,64.98,134.85,2,2,55.86,5,SAME
3,70.71,24.04,2,1,65.7,1,SAME
4,68.58,45.52,1,1,66.51,2,SAME
7,60.88,157.55,1,1,53.54,5,SAME
4,70.11,58.4,2,2,66.58,2,SAME
5,63.87,61.16,2,1,59.88,3,SAME
5,33.64,50.73,5,4,30.31,3,EASIER
4,100.0,42.52,1,0,96.03,2,HARDER
5,48.52,104.58,3,3,45.55,3,EASIER
6,48.72,113.78,3,3,46.14,4,EASIER
3,87.61,21.62,2,2,86.55,1,SAME
7,39.21,115.45,4,3,35.65,5,EASIER
3,82.53,52.46,1,1,83.84,1,EASIER
7,47.8,168.49,4,3,43.46,5,EASIER
7,59.26,121.66,2,2,53.6,5,SAME
7,30.84,208.51,5,4,29.93,5,EASIER
6,51.36,61.83,3,3,48.85,4,EASIER
7,46.8,133.99,1,2,44.37,5,EASIER
7,60.55,300.0,1,2,58.24,5,EASIER
6,31.37,115.19,5,4,25.16,4,EASIER
7,21.25,270.93,3,3,17.32,5,EASIER
4,72.95,36.53,2,2,73.86,2,SAME
7,34.2,86.4,5,5,23.7,5,EASIER
7,39.54,210.78,1,2,38.51,5,EASIER
6,65.04,31.69,1,2,60.32,4,SAME
3,75.61,27.09,3,2,67.1,1,SAME
4,60.85,61.69,2,3,50.29,2,EASIER
3,94.61,32.11,2,1,89.37,1,HARDER
5,62.65,20.49,1,3,55.4,3,EASIER
5,84.1,29.79,1,1,77.99,3,SAME
7,64.64,105.23,1,1,63.86,5,SAME
4,100.0,47.5,1,0,97.29,2,HARDER
3,90.12,31.43,1,0,93.37,1,SAME
6,26.54,81.74,5,5,23.14,4,EASIER
3,61.26,34.6,3,2,60.98,1,SAME
7,36.06,142.11,4,4,32.72,5,EASIER
3,62.54,23.61,1,1,67.05,1,SAME
5,53.71,75.68,2,2,50.66,3,EASIER
7,62.85,78.7,2,2,60.56,5,SAME
5,99.07,79.49,1,0,100.0,3,SAME
7,61.87,70.59,1,1,63.72,5,SAME
5,50.06,73.83,3,3,42.79,3,EASIER
6,72.53,104.31,2,2,71.01,4,SAME
6,70.35,70.2,3,2,64.29,4,SAME
5,56.29,79.42,3,3,57.4,3,EASIER
3,94.89,49.67,1,1,93.82,1,SAME
7,77.36,64.24,1,1,76.53,5,SAME
3,71.58,38.23,4,3,64.65,1,EASIER
4,67.38,63.32,2,3,60.57,2,EASIER
6,64.25,73.62,1,1,61.83,4,SAME
6,39.04,124.36,3,3,37.85,4,EASIER
5,61.37,51.13,2,2,64.2,3,SAME
5,65.85,108.01,3,2,60.67,3,SAME
5,60.57,14.95,3,2,58.69,3,SAME
7,28.52,246.16,2,3,17.38,5,EASIER
4,80.76,22.53,2,1,84.88,2,SAME
7,60.67,117.63,3,2,54.54,5,SAME
3,81.04,17.4,2,1,80.76,1,SAME
6,54.36,178.56,2,2,56.05,4,EASIER
6,86.18,72.79,1,1,80.86,4,HARDER
6,82.92,61.86,1,1,80.07,4,SAME
5,65.57,100.98,3,3,63.87,3,EASIER
6,82.63,119.99,1,1,78.56,4,SAME
5,82.92,49.17,2,1,78.38,3,SAME
5,54.72,35.51,4,3,53.07,3,EASIER
7,39.26,60.62,5,3,36.09,5,EASIER
6,37.17,159.14,5,4,29.36,4,EASIER
6,69.18,101.96,4,3,71.17,4,EASIER
7,52.86,123.1,3,3,41.97,5,EASIER
4,87.12,47.89,1,1,81.07,2,HARDER
5,97.59,22.11,1,0,100.0,3,HARDER
6,71.91,69.27,1,0,67.48,4,SAME
6,66.33,70.23,1,1,63.67,4,SAME
3,65.15,38.69,1,3,63.81,1,EASIER
6,51.29,38.2,3,2,43.47,4,EASIER
3,62.92,39.95,5,4,58.55,1,EASIER
5,81.18,140.99,1,1,80.8,3,EASIER
6,41.93,33.54,5,4,36.38,4,EASIER
4,60.49,38.3,3,3,64.9,2,EASIER
3,86.88,31.22,2,1,87.13,1,EASIER
6,46.81,129.12,1,2,45.42,4,EASIER
4,91.28,13.74,2,1,91.23,2,HARDER
7,62.96,134.63,3,3,56.03,5,EASIER
7,22.72,99.41,4,4,19.48,5,EASIER
4,67.71,33.26,2,2,65.87,2,SAME
6,33.21,240.48,5,4,25.28,4,EASIER
4,100.0,34.34,1,0,99.6,2,HARDER
7,59.94,143.12,1,3,54.1,5,EASIER
4,81.3,35.91,2,1,78.02,2,SAME
7,36.54,127.74,5,4,30.98,5,EASIER
6,50.74,109.3,1,3,44.29,4,EASIER
4,78.67,57.83,1,1,76.08,2,SAME
7,40.66,73.34,3,4,34.27,5,EASIER
6,58.05,88.77,3,2,53.87,4,SAME
6,54.81,90.42,2,3,48.92,4,EASIER
4,84.36,17.51,1,0,85.52,2,SAME
4,83.43,24.27,1,0,84.83,2,SAME
6,66.47,130.32,1,2,60.8,4,SAME
3,100.0,20.36,1,0,94.0,1,EASIER
4,80.91,129.7,1,1,80.27,2,EASIER
3,86.24,38.38,1,0,84.72,1,EASIER
3,88.03,30.57,2,1,87.73,1,HARDER
3,75.13,48.96,2,2,74.0,1,SAME
3,49.35,35.26,5,4,46.06,1,EASIER
7,45.87,123.83,5,4,29.03,5,EASIER
6,62.77,39.31,1,2,64.48,4,SAME
7,40.96,160.95,2,2,35.7,5,EASIER
3,100.0,46.54,1,0,95.56,1,SAME
7,51.67,81.08,4,3,44.47,5,EASIER
5,74.98,23.49,1,1,67.62,3,SAME
6,51.82,47.03,5,3,49.1,4,EASIER
7,22.48,292.12,4,5,18.35,5,EASIER
4,75.18,39.46,3,1,71.73,2,SAME
6,49.16,175.18,3,3,46.95,4,EASIER
6,37.94,82.82,5,5,31.46,4,EASIER
5,65.85,45.36,3,3,62.29,3,EASIER
5,48.98,166.85,2,3,39.34,3,EASIER
4,70.72,31.91,2,2,68.89,2,SAME
3,46.44,22.38,4,3,45.06,1,EASIER
7,28.85,143.96,5,5,19.41,5,EASIER
6,44.8,70.52,5,3,44.19,4,EASIER
5,44.95,85.25,3,3,42.78,3,EASIER
6,58.48,103.4,3,3,60.17,4,EASIER
5,44.57,73.76,2,3,39.04,3,EASIER
4,77.52,28.44,1,2,77.15,2,SAME
7,54.91,45.26,2,3,53.08,5,EASIER
7,62.76,71.16,1,1,59.44,5,SAME
4,86.56,26.79,1,0,80.86,2,HARDER
7,43.21,131.37,1,3,36.8,5,EASIER
5,71.83,38.74,2,2,71.94,3,SAME
6,77.48,38.27,1,1,78.37,4,SAME
3,71.08,15.01,3,3,68.16,1,EASIER
5,52.37,70.27,4,3,49.72,3,EASIER
3,66.43,33.95,2,2,65.26,1,SAME
7,58.48,84.98,3,3,52.33,5,EASIER
4,49.03,31.49,4,3,47.05,2,EASIER
4,94.85,50.71,1,1,90.95,2,HARDER
6,79.55,89.37,3,3,74.43,4,EASIER
7,28.36,213.77,4,4,21.29,5,EASIER
4,68.5,35.29,2,2,69.52,2,SAME
6,46.94,53.22,4,4,39.48,4,EASIER
6,75.95,144.27,1,1,73.35,4,SAME
5,52.95,49.72,3,2,50.41,3,EASIER
7,39.35,72.87,1,3,34.43,5,EASIER
3,100.0,37.2,1,1,95.09,1,SAME
7,52.44,246.74,1,2,52.28,5,EASIER
5,74.01,63.51,1,1,66.28,3,SAME
3,90.56,15.99,1,1,90.49,1,HARDER
7,21.2,258.52,4,4,18.45,5,EASIER
6,59.4,99.74,2,2,54.27,4,SAME
7,36.67,126.25,5,5,26.77,5,EASIER
3,95.28,20.89,1,0,91.61,1,HARDER
6,65.04,147.56,1,2,59.66,4,SAME
6,43.36,46.08,1,3,34.57,4,EASIER
7,38.34,58.12,4,4,37.65,5,EASIER
4,59.06,92.57,4,3,51.23,2,EASIER
7,50.35,70.0,3,3,47.54,5,EASIER
6,46.9,135.06,3,3,47.9,4,EASIER
4,95.66,72.64,2,0,88.61,2,SAME
4,71.63,41.95,2,2,71.53,2,SAME
7,39.77,69.29,5,4,31.2,5,EASIER
6,55.21,113.77,2,3,51.52,4,EASIER
3,86.33,46.44,2,2,82.53,1,SAME
3,66.25,29.12,2,3,59.41,1,EASIER
7,72.46,74.57,2,2,68.85,5,SAME
3,93.24,28.65,1,1,90.55,1,HARDER
4,78.02,19.82,1,1,80.0,2,SAME
6,37.42,49.42,5,5,28.52,4,EASIER
7,54.72,97.27,1,3,50.66,5,EASIER
4,79.84,39.11,1,0,79.05,2,SAME
6,48.61,43.89,4,3,42.24,4,EASIER
6,55.75,93.37,2,2,53.43,4,SAME
6,61.88,107.55,3,3,59.19,4,EASIER
6,80.29,73.34,3,0,79.31,4,SAME
4,74.38,13.78,2,2,77.37,2,SAME
6,37.94,86.58,2,3,35.57,4,EASIER
3,76.55,56.06,2,1,77.57,1,EASIER
6,66.92,104.04,1,2,66.08,4,SAME
6,64.11,82.67,3,1,68.94,4,SAME
6,55.04,67.56,2,2,54.53,4,SAME
3,74.65,32.32,2,2,77.07,1,SAME
7,32.88,125.47,4,5,27.67,5,EASIER
5,53.75,82.32,2,3,48.62,3,EASIER
3,63.24,15.35,2,2,55.61,1,SAME
5,77.49,61.59,1,2,76.53,3,SAME
5,60.91,46.16,1,2,54.09,3,SAME
5,65.56,69.71,2,2,62.95,3,SAME
6,56.02,29.82,4,3,51.57,4,EASIER
5,66.76,47.75,1,1,65.14,3,SAME
4,88.54,49.04,2,1,89.76,2,HARDER
6,58.9,118.23,1,2,52.67,4,SAME
4,67.1,37.46,1,1,68.46,2,SAME
3,85.26,9.56,1,1,80.34,1,HARDER
4,86.54,51.37,1,1,88.0,2,SAME
7,52.37,265.56,2,3,48.52,5,EASIER
5,74.03,38.29,2,2,73.09,3,SAME
4,100.0,31.11,1,0,100.0,2,HARDER
4,63.61,55.52,4,3,55.84,2,EASIER
7,37.91,176.38,3,3,28.33,5,EASIER
6,57.25,145.06,2,3,54.27,4,EASIER
6,23.04,138.98,5,5,13.61,4,EASIER
6,72.1,36.96,2,2,72.55,4,SAME
7,33.67,86.25,3,4,25.14,5,EASIER
6,48.99,113.58,2,3,47.16,4,EASIER
5,54.41,55.58,4,4,49.38,3,EASIER
4,72.89,45.13,1,1,69.42,2,SAME
3,94.01,23.59,1,2,94.63,1,SAME
6,73.11,65.37,1,1,68.81,4,SAME
7,63.9,98.17,2,1,62.82,5,SAME
6,69.28,45.76,2,2,64.38,4,SAME
5,65.4,40.54,3,3,62.67,3,EASIER
3,82.04,24.27,2,2,80.36,1,SAME
6,77.67,79.95,1,2,74.73,4,SAME
4,83.02,49.62,1,2,75.92,2,SAME
6,85.36,70.7,1,1,83.17,4,HARDER
4,90.16,83.53,1,0,87.89,2,HARDER
7,37.41,218.94,3,5,28.74,5,EASIER
7,69.03,85.18,2,2,64.51,5,SAME
4,86.22,41.7,3,1,88.6,2,SAME
4,100.0,67.2,1,1,98.76,2,SAME
7,54.46,78.99,4,2,53.4,5,EASIER
3,50.24,17.92,5,3,49.1,1,EASIER
5,55.27,110.35,2,2,49.29,3,EASIER
3,77.71,34.01,1,1,83.15,1,SAME
5,70.8,98.69,3,3,66.34,3,EASIER
3,100.0,28.77,1,0,95.2,1,HARDER
3,80.02,22.32,3,1,79.5,1,SAME
5,70.47,29.85,2,2,68.49,3,SAME
3,81.4,26.57,3,1,77.44,1,SAME
6,63.37,155.62,2,1,69.59,4,SAME
5,86.97,107.35,1,0,82.02,3,SAME
5,46.31,98.54,4,4,41.32,3,EASIER
5,79.82,85.64,1,1,79.37,3,SAME
7,28.96,300.0,5,5,24.98,5,EASIER
7,37.78,48.08,5,5,32.9,5,EASIER
3,72.59,27.71,1,1,70.34,1,SAME
6,28.28,50.38,4,5,18.1,4,EASIER
5,35.45,125.07,4,4,31.84,3,EASIER
6,75.19,61.52,2,1,72.61,4,SAME
6,61.79,138.54,4,3,59.33,4,EASIER
6,43.9,64.91,3,3,38.73,4,EASIER
6,70.35,102.03,2,2,67.32,4,SAME
4,61.61,36.11,1,1,65.58,2,SAME
7,28.18,111.16,5,5,17.01,5,EASIER
6,58.82,97.53,3,2,53.44,4,SAME
4,84.59,58.54,2,1,84.69,2,SAME
4,69.56,36.1,2,2,64.27,2,SAME
5,59.27,90.17,3,3,59.36,3,EASIER
4,81.32,61.89,1,1,70.37,2,SAME
6,34.32,66.01,4,4,24.2,4,EASIER
5,74.4,147.47,2,0,74.0,3,EASIER
3,70.34,34.83,4,3,68.0,1,EASIER
4,68.23,31.03,2,3,62.57,2,EASIER
7,58.73,156.51,1,1,57.71,5,SAME
7,68.27,197.24,1,2,69.59,5,SAME
4,67.18,50.14,2,2,67.25,2,SAME
6,49.63,91.08,2,3,44.54,4,EASIER
3,63.83,8.0,3,2,61.52,1,EASIER
7,61.42,66.11,5,4,54.2,5,EASIER
6,70.0,116.7,2,2,74.65,4,SAME
3,51.24,16.11,5,3,43.11,1,EASIER
6,48.23,107.12,4,3,42.15,4,EASIER
5,77.24,89.87,1,1,78.94,3,SAME
7,56.63,105.33,2,3,52.33,5,EASIER
4,70.72,16.58,2,2,72.15,2,SAME
7,47.65,74.96,1,2,51.32,5,EASIER
7,43.96,162.67,2,3,40.65,5,EASIER
4,68.9,68.6,2,1,66.48,2,SAME
5,58.1,20.7,5,2,50.73,3,EASIER
6,50.59,85.52,4,3,42.19,4,EASIER
4,90.12,19.07,1,0,82.8,2,HARDER
7,29.16,117.66,4,5,21.61,5,EASIER
3,87.24,23.31,1,1,90.53,1,HARDER
4,68.41,115.23,4,3,60.96,2,EASIER
5,55.98,44.42,2,3,53.62,3,EASIER
5,92.44,97.48,1,0,94.23,3,SAME
3,62.12,39.17,5,3,54.01,1,EASIER
7,70.12,100.71,1,0,72.98,5,SAME
4,62.87,40.18,1,1,61.36,2,SAME
3,97.94,25.01,1,0,100.0,1,HARDER
5,67.44,40.14,1,0,66.52,3,SAME
7,63.82,71.24,1,2,65.73,5,SAME
3,48.84,20.83,5,4,35.28,1,EASIER
5,81.05,33.01,2,2,78.94,3,SAME
7,30.39,85.27,4,5,16.25,5,EASIER
7,61.2,100.68,2,3,50.57,5,EASIER
3,93.84,26.87,1,1,93.44,1,HARDER
6,64.29,103.28,2,2,56.29,4,SAME
7,40.03,100.63,4,4,28.92,5,EASIER
6,62.07,54.97,3,2,57.09,4,SAME
6,60.75,102.31,2,3,57.72,4,EASIER
6,63.75,123.72,1,1,63.78,4,SAME
5,78.14,45.6,2,1,77.47,3,SAME
3,100.0,16.14,2,0,100.0,1,HARDER
6,69.7,65.02,1,1,64.62,4,SAME
6,41.38,74.61,3,2,34.3,4,EASIER
7,24.22,209.05,5,5,20.19,5,EASIER
7,65.91,163.47,1,1,64.41,5,SAME
4,80.11,37.94,1,2,78.86,2,SAME
7,25.14,300.0,2,4,18.16,5,EASIER
3,85.81,24.62,2,1,84.27,1,HARDER
7,36.4,242.02,3,4,32.03,5,EASIER
3,81.65,43.05,1,0,81.87,1,SAME
6,53.68,149.16,3,3,45.87,4,EASIER
6,71.7,96.9,2,2,66.88,4,SAME
6,51.04,87.13,3,3,40.66,4,EASIER
7,64.92,112.31,2,1,64.93,5,SAME
5,47.77,88.35,5,4,39.49,3,EASIER
3,78.95,17.6,1,1,77.74,1,SAME
6,20.7,71.52,5,5,10.54,4,EASIER
4,82.91,83.18,1,0,82.75,2,EASIER
6,66.87,113.4,1,2,68.98,4,SAME
4,74.43,59.5,1,2,70.05,2,SAME
3,76.48,14.52,2,1,75.56,1,SAME
6,43.14,65.5,3,3,41.59,4,EASIER
3,92.61,29.0,1,0,95.29,1,HARDER
4,51.41,37.27,4,3,45.19,2,EASIER
6,66.98,43.36,1,2,67.82,4,SAME
7,46.17,169.45,2,3,44.38,5,EASIER
4,65.48,63.05,1,1,65.14,2,SAME
4,90.71,33.23,1,0,83.8,2,HARDER
4,80.73,55.23,1,0,83.18,2,SAME
5,95.19,158.36,1,0,96.54,3,EASIER
3,78.57,49.29,1,1,80.93,1,SAME
5,89.67,51.49,2,0,92.67,3,HARDER
7,56.6,61.38,2,1,56.71,5,SAME
3,84.57,27.7,1,0,80.61,1,SAME
7,23.11,300.0,3,4,10.69,5,EASIER
5,57.98,112.48,1,2,57.56,3,SAME
6,62.93,81.74,1,3,61.23,4,EASIER
6,46.65,184.77,2,3,40.37,4,EASIER
7,22.39,211.76,5,4,14.3,5,EASIER
6,40.94,30.54,4,2,35.61,4,EASIER
7,44.8,199.75,4,4,37.57,5,EASIER
4,64.89,40.18,2,2,60.34,2,SAME
4,75.79,25.29,1,2,74.06,2,SAME
6,52.83,85.98,3,3,47.08,4,EASIER
3,73.49,30.06,2,1,68.36,1,SAME
3,100.0,17.56,1,0,100.0,1,HARDER
4,52.76,35.92,4,3,48.66,2,EASIER
4,66.36,32.53,3,3,65.41,2,EASIER
3,84.7,35.61,1,1,84.24,1,SAME
6,58.64,70.11,2,2,54.8,4,SAME
5,86.34,25.0,3,1,82.13,3,SAME
4,76.57,30.79,4,3,77.58,2,EASIER
4,89.26,24.36,1,0,90.06,2,HARDER
7,65.86,55.33,1,2,62.26,5,SAME
7,60.87,213.11,3,2,54.86,5,SAME
3,86.84,35.75,1,1,80.91,1,SAME
6,66.36,49.6,1,2,61.99,4,SAME
4,82.82,20.93,1,1,86.06,2,SAME
4,75.17,36.21,2,2,75.31,2,SAME
5,79.92,30.12,1,1,72.63,3,SAME
7,56.31,98.16,2,2,50.62,5,SAME
5,45.79,60.06,2,2,41.14,3,EASIER
7,63.8,132.22,1,2,60.29,5,SAME
7,65.96,134.81,1,2,64.39,5,SAME
6,74.64,54.64,1,1,68.82,4,SAME
6,62.05,85.06,1,2,61.41,4,SAME
6,48.07,159.59,1,3,42.49,4,EASIER
4,89.17,14.18,2,1,88.3,2,HARDER
7,29.13,133.75,5,4,24.24,5,EASIER
7,50.68,58.93,2,3,45.32,5,EASIER
6,35.03,170.16,4,4,29.66,4,EASIER
6,64.75,125.41,2,1,62.71,4,SAME
7,53.95,171.81,3,3,50.78,5,EASIER
3,94.14,17.1,1,0,95.18,1,HARDER
3,65.52,28.11,5,3,63.22,1,EASIER
7,42.64,137.41,3,3,42.79,5,EASIER
5,64.86,17.93,2,1,61.79,3,SAME
6,57.94,88.49,2,2,56.37,4,SAME
5,65.38,78.57,3,3,59.95,3,EASIER
5,42.69,28.8,5,4,37.19,3,EASIER
3,95.27,32.68,1,0,94.41,1,HARDER
4,90.48,39.82,1,1,89.09,2,HARDER
3,74.39,46.23,4,2,68.05,1,EASIER
5,58.26,47.27,3,3,51.54,3,EASIER
3,80.21,27.06,1,2,82.65,1,SAME
7,61.17,134.89,1,2,65.55,5,SAME
4,71.64,10.16,2,2,70.32,2,SAME
6,35.08,68.19,5,4,26.8,4,EASIER
3,86.81,25.98,1,1,87.9,1,HARDER
3,96.43,8.76,1,2,99.38,1,SAME
5,65.69,80.98,1,2,61.0,3,SAME
6,60.04,85.74,5,3,55.1,4,EASIER
7,40.22,117.01,5,4,34.24,5,EASIER
5,62.86,82.88,2,1,62.93,3,SAME
6,70.8,66.23,2,2,67.4,4,SAME
6,53.05,83.87,2,4,47.76,4,EASIER
6,53.96,128.58,3,4,48.88,4,EASIER
6,53.54,84.4,4,3,43.72,4,EASIER
3,90.14,11.01,2,0,87.81,1,HARDER
5,61.28,59.5,3,2,54.15,3,SAME
7,22.78,115.97,5,5,16.32,5,EASIER
5,74.24,90.58,1,1,70.7,3,SAME
3,96.4,21.46,2,0,94.04,1,HARDER
6,34.56,49.31,5,4,26.51,4,EASIER
4,76.2,24.03,1,1,73.49,2,SAME
5,69.49,118.46,1,1,68.55,3,EASIER
5,82.49,66.93,1,1,81.0,3,SAME
6,29.93,169.07,4,5,24.16,4,EASIER
7,30.48,258.72,3,4,27.15,5,EASIER
6,44.75,55.71,3,4,32.8,4,EASIER
7,63.98,71.64,3,3,62.29,5,EASIER
3,79.68,23.62,1,1,75.91,1,SAME
6,68.78,112.87,1,1,66.05,4,SAME
5,69.62,28.98,1,1,73.13,3,SAME
6,72.43,103.88,1,1,69.54,4,SAME
3,72.0,29.93,5,3,68.29,1,EASIER
5,61.05,33.23,3,2,56.48,3,SAME
3,98.27,15.39,1,1,97.43,1,HARDER
6,74.58,103.32,1,2,76.08,4,SAME
4,74.55,100.68,2,1,71.69,2,EASIER
3,92.59,21.93,2,1,89.9,1,HARDER
3,100.0,28.95,1,0,100.0,1,HARDER
4,97.52,28.6,1,0,95.55,2,HARDER
7,30.24,127.41,3,4,27.16,5,EASIER
7,33.81,79.65,3,3,29.0,5,EASIER
3,88.95,22.28,1,1,86.96,1,HARDER
7,18.62,300.0,2,2,18.52,5,EASIER
5,68.05,61.16,2,3,62.5,3,EASIER
4,60.25,18.22,2,2,59.58,2,SAME
7,53.93,158.99,2,3,49.92,5,EASIER
4,86.04,64.61,1,1,80.5,2,SAME
3,87.57,33.77,1,1,87.11,1,SAME
4,73.09,34.97,2,1,71.72,2,SAME
3,82.13,16.62,1,0,77.64,1,SAME
5,77.95,37.28,1,0,75.89,3,SAME
3,76.58,22.98,1,2,75.32,1,SAME
4,59.95,31.98,3,3,55.38,2,EASIER
4,60.54,29.23,5,4,49.72,2,EASIER
6,53.26,154.27,2,2,55.96,4,EASIER
7,44.91,185.03,2,3,42.32,5,EASIER
3,91.87,43.93,2,0,86.92,1,SAME
6,41.4,54.42,5,5,31.73,4,EASIER
3,77.68,16.6,2,1,79.26,1,SAME
7,69.93,116.82,1,1,70.77,5,SAME
4,73.36,46.18,1,1,74.46,2,SAME
7,27.45,116.45,1,3,15.04,5,EASIER
6,83.65,98.21,1,0,86.95,4,SAME
4,60.52,80.04,2,1,61.07,2,EASIER
4,95.21,34.29,2,0,100.0,2,HARDER
4,76.35,55.53,1,1,73.94,2,SAME
5,47.82,74.95,2,3,43.6,3,EASIER
5,66.42,60.8,1,1,70.11,3,SAME
6,42.82,121.81,5,6,35.6,4,EASIER
5,94.04,39.66,1,0,88.65,3,HARDER
6,79.78,49.54,1,2,78.98,4,SAME
5,58.96,71.86,5,2,53.28,3,EASIER
4,63.03,17.6,2,0,62.62,2,SAME
4,92.14,48.33,1,1,92.27,2,HARDER
6,46.33,45.61,4,4,39.69,4,EASIER
3,100.0,49.12,1,0,99.79,1,SAME
4,74.98,31.54,3,2,74.43,2,SAME
4,78.24,75.23,2,0,76.88,2,SAME
6,33.7,73.49,4,4,30.89,4,EASIER
3,89.92,22.33,2,1,91.54,1,HARDER
5,53.73,89.04,3,2,53.48,3,EASIER
6,55.32,95.49,4,3,53.26,4,EASIER
7,53.88,108.0,2,3,54.81,5,EASIER
5,71.45,47.48,1,1,75.48,3,SAME
7,68.58,90.33,1,2,63.6,5,SAME
6,55.91,279.4,1,2,44.93,4,EASIER
6,49.2,34.31,2,1,46.51,4,EASIER
4,100.0,21.59,1,0,100.0,2,HARDER
7,38.64,212.7,3,4,32.4,5,EASIER
4,70.39,63.78,4,3,68.25,2,EASIER
3,88.69,16.58,1,1,87.94,1,HARDER
3,80.33,11.46,1,0,78.74,1,SAME
6,33.67,158.91,5,4,31.19,4,EASIER
6,76.08,47.58,1,2,74.82,4,SAME
3,100.0,20.09,1,0,100.0,1,HARDER
7,45.65,118.02,5,4,46.21,5,EASIER
4,78.01,22.95,1,2,72.95,2,SAME
6,28.25,132.61,4,5,21.41,4,EASIER
5,70.26,58.6,2,2,64.72,3,SAME
5,70.61,37.48,2,1,69.65,3,SAME
6,59.87,54.26,4,3,52.67,4,EASIER
7,40.32,227.09,5,4,32.78,5,EASIER
6,76.91,70.94,1,1,76.69,4,SAME
7,62.88,156.55,2,2,63.17,5,SAME
7,53.8,111.39,2,3,50.09,5,EASIER
4,93.48,16.66,1,0,92.35,2,HARDER
5,78.41,83.94,1,1,77.79,3,SAME
3,100.0,40.32,1,0,100.0,1,SAME
7,36.47,300.0,3,3,28.92,5,EASIER
7,39.95,39.75,4,4,35.88,5,EASIER
7,43.45,20.03,5,4,37.53,5,EASIER
6,84.19,114.32,1,0,82.22,4,SAME
7,43.97,80.79,5,4,39.04,5,EASIER
6,74.78,38.98,1,1,67.36,4,SAME
4,62.34,39.97,4,2,54.21,2,EASIER
4,67.35,30.77,2,2,66.07,2,SAME
5,83.02,30.84,2,1,76.3,3,SAME
5,62.05,55.67,5,3,65.09,3,EASIER
6,44.58,110.09,1,3,40.4,4,EASIER
6,39.03,89.81,4,4,29.39,4,EASIER
7,55.96,123.71,3,3,49.61,5,EASIER
6,62.81,103.27,1,3,58.8,4,EASIER
3,96.13,11.78,1,0,96.14,1,HARDER
4,73.1,37.09,1,1,67.38,2,SAME
4,74.46,42.54,1,2,72.24,2,SAME
6,29.35,67.37,5,4,17.73,4,EASIER
4,82.75,25.73,1,1,85.41,2,SAME
7,48.98,74.58,3,3,42.32,5,EASIER
4,63.68,33.11,2,2,59.34,2,SAME
5,55.99,91.2,2,3,54.34,3,EASIER
7,46.63,257.45,1,2,45.41,5,EASIER
4,77.57,70.78,1,1,78.96,2,SAME
3,67.49,12.48,3,2,66.9,1,SAME
4,90.56,24.44,1,0,91.21,2,HARDER
4,78.23,51.76,1,2,71.45,2,SAME
6,37.34,161.27,5,5,24.76,4,EASIER
6,46.49,49.6,5,4,40.59,4,EASIER
5,59.67,63.51,2,2,56.19,3,SAME
5,61.76,33.12,4,4,57.63,3,EASIER
5,50.02,66.51,5,3,43.09,3,EASIER
3,90.91,18.78,1,1,86.43,1,HARDER
3,80.55,27.12,1,1,78.55,1,SAME
6,72.93,43.67,2,2,68.6,4,SAME
7,23.9,45.97,4,4,13.23,5,HARDER
5,44.54,268.83,3,3,40.07,3,EASIER
3,80.54,25.78,1,1,85.86,1,SAME
7,43.23,300.0,1,3,38.99,5,EASIER
4,65.24,77.23,1,1,67.1,2,SAME
6,41.05,35.03,4,4,39.84,4,EASIER
7,34.71,136.41,3,4,29.05,5,EASIER
7,46.38,55.31,1,2,44.99,5,EASIER
3,88.66,21.91,2,0,87.13,1,HARDER
3,74.95,10.81,2,3,67.04,1,EASIER
6,60.54,36.17,2,3,53.81,4,EASIER
6,52.78,52.57,4,3,52.7,4,EASIER
7,58.92,83.18,2,3,53.26,5,EASIER
5,61.11,59.13,3,2,57.81,3,SAME
3,82.24,15.76,1,0,79.9,1,SAME
6,57.95,88.62,2,2,55.39,4,SAME
6,38.6,148.02,5,5,33.77,4,EASIER
5,80.7,66.42,2,1,84.79,3,SAME
6,37.24,79.18,2,4,25.46,4,EASIER
4,80.61,44.62,2,1,78.29,2,SAME
7,28.74,51.24,4,4,24.67,5,EASIER
3,76.07,38.19,2,2,75.52,1,SAME
7,39.44,58.31,4,3,38.17,5,EASIER
7,28.67,260.93,4,5,19.61,5,EASIER
6,52.63,122.43,2,2,44.56,4,EASIER
7,65.27,151.69,2,1,67.99,5,SAME
7,58.56,155.33,2,2,56.94,5,SAME
3,84.77,24.98,1,0,85.03,1,SAME
5,80.15,39.3,3,1,80.76,3,SAME
6,54.96,50.25,2,3,50.45,4,EASIER
7,32.93,290.91,2,3,30.35,5,EASIER
6,63.53,86.53,2,2,54.41,4,SAME
5,70.38,33.4,1,1,71.06,3,SAME
5,72.76,74.9,2,1,74.02,3,SAME
3,86.13,29.12,1,0,87.19,1,HARDER
4,80.38,32.55,2,2,75.69,2,SAME
5,45.87,37.19,4,5,38.18,3,EASIER
7,64.18,167.23,3,2,64.28,5,SAME
7,37.19,187.56,3,4,33.2,5,EASIER
6,70.28,96.97,3,2,68.67,4,SAME
3,53.8,25.81,4,3,51.25,1,EASIER
6,75.49,54.59,3,1,75.71,4,SAME
5,74.08,73.55,1,1,70.92,3,SAME
6,60.11,58.95,2,1,58.49,4,SAME
5,48.89,30.89,1,3,47.66,3,EASIER
6,49.9,147.23,1,2,47.03,4,EASIER
4,59.07,23.42,3,1,54.25,2,SAME
3,77.32,10.75,1,0,74.94,1,SAME
4,87.86,70.3,1,0,85.44,2,SAME
7,43.71,43.28,3,4,34.18,5,EASIER
3,89.54,21.02,1,1,85.3,1,HARDER
4,85.7,22.71,1,1,89.73,2,HARDER
4,41.4,27.04,2,3,36.46,2,EASIER
7,44.17,300.0,1,3,44.51,5,EASIER
4,100.0,36.23,1,0,100.0,2,HARDER
7,51.3,136.27,4,4,41.81,5,EASIER
7,34.84,172.31,5,5,26.03,5,EASIER
6,70.97,58.58,1,1,66.81,4,SAME
4,97.13,62.99,1,0,98.94,2,SAME
5,82.04,69.87,1,1,80.86,3,SAME
6,64.61,121.35,1,1,58.54,4,SAME
3,93.45,18.11,1,1,91.08,1,EASIER
7,47.98,142.66,4,3,43.7,5,EASIER
5,90.36,57.74,1,0,91.24,3,HARDER
7,39.44,207.31,1,1,34.74,5,EASIER
6,56.95,61.91,3,4,49.29,4,EASIER
7,37.16,300.0,4,4,31.44,5,EASIER
3,82.78,29.07,1,0,83.18,1,SAME
3,87.39,23.65,1,1,82.97,1,HARDER
3,100.0,22.45,1,0,99.68,1,HARDER
7,37.11,111.58,5,4,29.85,5,EASIER
7,26.28,79.51,5,4,22.6,5,EASIER
7,21.93,161.07,4,4,15.05,5,EASIER
4,82.3,37.79,1,1,82.43,2,SAME
4,72.53,94.73,1,1,73.5,2,EASIER
4,97.41,31.0,1,0,99.33,2,HARDER
7,54.42,104.87,1,2,54.05,5,EASIER
4,93.39,30.98,1,0,92.67,2,HARDER
5,62.25,146.29,2,2,55.62,3,EASIER
6,36.52,38.67,5,4,26.91,4,EASIER
4,73.24,39.71,2,2,71.7,2,SAME
5,89.59,67.72,1,1,94.05,3,HARDER
6,78.25,45.61,1,1,74.8,4,SAME
6,26.58,300.0,5,5,23.21,4,EASIER
3,75.91,16.52,2,2,68.76,1,SAME
5,84.64,58.97,1,1,83.42,3,SAME
3,74.7,52.89,3,2,67.05,1,EASIER
3,85.01,21.16,1,2,79.84,1,SAME
6,45.01,88.36,3,3,37.18,4,EASIER
5,63.38,48.9,2,2,63.56,3,SAME
4,64.83,37.06,2,2,67.45,2,SAME
3,79.37,40.45,1,0,74.11,1,SAME
7,78.37,89.01,3,2,72.74,5,SAME
7,42.51,26.36,1,3,44.89,5,EASIER
7,65.45,110.01,2,1,69.24,5,SAME
3,95.11,25.71,1,0,96.77,1,HARDER
3,65.16,27.27,2,1,62.74,1,SAME
4,92.85,34.86,1,2,86.93,2,SAME
3,100.0,17.03,1,0,98.61,1,HARDER
5,76.74,51.37,1,1,73.2,3,SAME
6,56.22,205.33,3,4,53.16,4,EASIER
3,88.27,24.54,1,1,85.86,1,HARDER
4,87.38,51.65,1,1,86.38,2,SAME
5,49.28,34.77,2,3,52.49,3,EASIER
4,83.99,33.14,1,1,82.26,2,SAME
5,56.1,35.34,4,3,51.36,3,SAME
5,67.95,110.04,1,2,68.46,3,SAME
7,65.05,47.97,3,3,62.91,5,EASIER
4,61.84,45.27,4,3,58.64,2,EASIER
3,87.94,29.09,1,2,79.68,1,SAME
7,43.44,130.18,3,3,45.25,5,EASIER
5,72.19,18.17,1,1,72.94,3,SAME
5,47.38,21.31,5,5,42.08,3,EASIER
6,59.4,87.15,2,3,58.78,4,EASIER
7,60.81,67.72,2,2,61.16,5,SAME
3,96.06,18.78,1,0,95.49,1,HARDER
7,51.01,88.87,5,4,50.99,5,EASIER
6,65.09,47.43,1,1,61.82,4,HARDER
5,44.98,31.62,4,3,34.4,3,HARDER
7,36.76,112.0,5,5,28.41,5,EASIER
4,72.03,15.51,3,2,65.12,2,SAME
6,80.33,63.04,1,1,79.83,4,SAME
5,54.77,41.68,2,3,48.07,3,EASIER
7,55.16,110.56,2,3,51.27,5,EASIER
5,72.21,189.07,2,0,71.3,3,EASIER
6,79.75,49.21,1,2,77.56,4,SAME
5,60.93,70.92,5,3,54.03,3,EASIER
4,79.75,42.16,1,1,76.53,2,SAME
4,44.82,49.44,3,4,33.96,2,EASIER
7,65.73,99.71,1,1,65.23,5,SAME
7,36.44,245.7,4,3,34.35,5,EASIER
4,61.56,52.44,3,3,59.11,2,EASIER
7,55.73,164.13,2,3,49.15,5,EASIER
5,71.27,28.8,2,1,70.81,3,SAME
3,73.66,26.1,1,2,68.75,1,SAME
6,81.34,62.9,1,0,79.83,4,SAME
3,73.37,17.04,1,1,65.69,1,SAME
7,49.77,79.6,4,3,46.01,5,EASIER
5,53.15,56.42,3,2,50.4,3,EASIER
7,41.42,143.66,4,3,38.01,5,EASIER
5,61.15,94.29,3,3,63.52,3,EASIER
3,89.99,37.89,1,1,84.89,1,SAME
6,52.86,95.48,5,4,50.71,4,EASIER
6,51.1,84.41,5,3,48.07,4,EASIER
4,75.44,32.62,1,1,72.18,2,SAME
4,56.58,33.83,5,3,54.76,2,EASIER
7,41.61,73.2,5,4,35.71,5,EASIER
6,61.97,65.62,3,2,59.99,4,SAME
4,75.37,44.88,3,1,71.52,2,SAME
6,62.61,182.67,1,2,58.72,4,EASIER
4,93.47,35.42,1,1,88.37,2,HARDER
3,98.58,17.45,1,0,100.0,1,HARDER
6,69.61,135.74,1,2,72.38,4,SAME
7,39.67,37.61,4,4,32.01,5,EASIER
7,74.3,197.75,1,1,73.9,5,SAME
5,73.62,28.54,1,2,68.92,3,SAME
3,79.6,33.49,1,0,74.48,1,SAME
5,73.65,45.82,1,2,69.75,3,SAME
6,49.68,96.89,4,3,45.08,4,EASIER
7,23.58,300.0,4,4,20.68,5,SAME
3,80.83,17.22,1,1,81.59,1,SAME
6,54.78,48.74,3,3,51.11,4,EASIER
5,82.17,60.29,2,1,82.17,3,SAME
5,49.8,123.41,2,3,40.09,3,HARDER
3,91.43,27.07,1,0,100.0,1,HARDER
3,77.58,25.5,1,1,70.77,1,SAME
6,57.24,89.54,1,2,58.74,4,SAME
3,64.72,15.99,2,2,58.58,1,SAME
6,62.37,90.01,2,1,60.98,4,SAME
3,70.66,20.99,1,1,73.08,1,SAME
7,40.97,230.27,3,4,40.12,5,EASIER
4,74.02,55.29,2,2,70.87,2,SAME
5,67.91,30.12,3,2,63.0,3,SAME
4,60.49,33.27,1,2,54.41,2,SAME
5,42.86,75.32,3,3,37.0,3,EASIER
5,72.47,35.68,1,1,68.8,3,SAME
6,69.7,46.78,1,2,71.28,4,SAME
6,59.76,64.49,4,2,53.82,4,EASIER
7,38.25,135.13,4,4,28.06,5,EASIER
3,72.71,39.66,2,1,69.27,1,SAME
7,67.2,127.1,2,2,69.73,5,SAME
6,24.95,295.05,4,5,15.14,4,EASIER
4,67.45,27.65,1,2,66.19,2,SAME
7,55.15,167.67,2,3,52.97,5,EASIER
6,63.12,46.06,2,2,56.63,4,SAME
3,90.23,51.2,2,0,90.38,1,EASIER
3,76.74,45.78,1,1,75.51,1,SAME
6,67.55,118.71,1,1,67.73,4,SAME
6,62.5,33.24,1,3,60.58,4,EASIER
3,91.98,34.17,1,1,88.55,1,SAME
6,55.23,53.56,2,3,49.72,4,EASIER
5,61.97,72.6,3,3,57.29,3,EASIER
7,75.66,50.69,1,1,82.14,5,SAME
6,55.7,94.36,3,3,47.12,4,EASIER
7,52.36,92.37,2,3,47.39,5,EASIER
3,100.0,17.68,1,0,100.0,1,HARDER
6,66.13,111.59,1,1,61.98,4,SAME
4,86.56,37.09,1,1,87.22,2,HARDER
5,65.29,52.4,4,3,58.13,3,EASIER
7,49.58,167.38,2,3,44.9,5,EASIER
7,25.6,300.0,4,5,14.63,5,EASIER
4,82.12,43.26,1,0,78.39,2,SAME
4,87.43,16.26,1,1,84.73,2,HARDER
6,96.57,36.47,1,1,93.6,4,EASIER
7,68.45,116.29,2,1,67.21,5,SAME
6,55.54,139.84,4,2,53.28,4,EASIER
3,80.03,26.54,1,1,83.29,1,SAME
3,77.82,31.39,2,2,72.72,1,SAME
6,69.35,79.53,2,0,63.14,4,SAME
6,45.21,135.23,1,3,36.15,4,EASIER
7,36.68,156.73,3,3,30.74,5,EASIER
5,83.19,35.01,2,1,78.01,3,SAME
5,87.44,72.39,1,0,88.52,3,HARDER
3,93.09,12.58,1,0,87.27,1,HARDER
6,62.06,103.51,3,2,55.44,4,SAME
7,80.18,96.02,2,1,75.09,5,SAME
3,87.08,26.85,1,2,81.83,1,SAME
5,85.82,68.09,3,2,80.41,3,SAME
4,88.8,43.38,1,1,87.09,2,HARDER
6,60.76,171.37,1,1,59.97,4,EASIER
6,64.65,83.47,4,2,61.18,4,EASIER
4,47.21,41.53,5,4,41.03,2,EASIER
7,54.09,231.19,1,3,49.14,5,EASIER
3,84.96,58.15,1,0,80.84,1,EASIER
6,87.42,81.25,1,0,88.81,4,HARDER
6,58.85,62.83,2,2,54.5,4,SAME
3,87.28,20.35,1,0,80.52,1,HARDER
6,46.58,103.66,4,3,39.74,4,EASIER
4,42.29,34.54,4,4,32.82,2,EASIER
4,97.78,16.7,1,0,97.65,2,HARDER
3,74.36,41.21,3,2,72.77,1,SAME
6,62.0,125.3,1,1,57.49,4,SAME
7,57.31,209.23,2,3,52.43,5,EASIER
5,49.13,112.82,4,2,49.06,3,EASIER
6,66.28,90.54,2,1,62.5,4,SAME
4,73.85,42.95,1,1,72.82,2,SAME
5,66.82,95.46,1,1,65.08,3,SAME
6,65.96,43.59,2,2,63.07,4,SAME
5,49.54,48.71,4,3,45.92,3,EASIER
6,52.49,79.51,1,2,50.69,4,EASIER
3,100.0,37.68,1,0,99.62,1,SAME
5,33.39,44.43,5,5,22.69,3,EASIER
7,65.4,75.97,2,2,62.24,5,SAME
6,46.87,65.54,4,5,39.76,4,EASIER
4,95.53,47.39,1,0,93.16,2,HARDER
5,70.55,56.07,2,1,68.03,3,SAME
6,40.82,38.56,5,4,34.63,4,EASIER
7,40.21,56.56,5,3,37.93,5,EASIER
7,62.74,120.66,1,2,66.69,5,SAME
7,50.59,122.87,3,4,44.71,5,EASIER
6,61.91,83.18,2,2,60.51,4,SAME
4,93.73,30.46,1,1,94.01,2,HARDER
4,75.41,55.02,1,1,74.55,2,SAME
5,84.62,69.62,2,1,78.86,3,SAME
5,80.3,68.46,1,1,75.3,3,SAME
7,45.13,137.05,5,3,39.47,5,EASIER
7,36.12,267.49,2,3,28.7,5,EASIER
7,78.03,64.09,2,1,74.03,5,SAME
6,62.84,65.88,3,2,55.87,4,SAME
3,100.0,21.52,1,0,100.0,1,HARDER
3,84.85,43.75,1,0,78.71,1,SAME
4,65.58,31.88,2,2,64.76,2,SAME
6,68.66,54.31,1,2,69.5,4,SAME
4,93.02,36.16,1,0,95.21,2,HARDER
6,55.66,86.58,5,4,46.71,4,EASIER
7,27.65,214.98,4,5,21.11,5,EASIER
4,96.18,31.79,1,0,97.48,2,HARDER
7,39.25,77.0,5,5,27.18,5,EASIER
5,66.71,36.97,4,3,65.55,3,EASIER
7,43.89,92.84,2,2,40.94,5,EASIER
3,63.52,78.23,3,3,62.04,1,EASIER
4,69.25,45.48,1,1,63.13,2,SAME
7,31.45,155.18,5,5,26.75,5,SAME
7,60.0,111.98,3,2,59.58,5,SAME
5,90.85,62.08,1,1,96.59,3,HARDER
3,81.89,35.48,1,1,78.12,1,SAME
3,94.35,32.11,1,0,86.87,1,HARDER
5,80.93,68.94,1,1,81.76,3,SAME
7,22.87,112.99,4,6,11.02,5,EASIER
4,87.39,32.2,1,0,90.15,2,HARDER
7,40.49,141.14,1,4,31.08,5,EASIER
5,68.68,60.45,2,2,67.79,3,SAME
3,79.69,64.58,1,1,76.89,1,EASIER
5,80.37,97.56,1,1,80.93,3,SAME
4,91.86,27.68,1,1,91.47,2,HARDER
4,92.17,21.93,2,1,92.78,2,HARDER
6,70.81,66.66,1,0,73.16,4,SAME
4,87.63,22.84,1,0,89.13,2,HARDER
7,25.71,87.24,5,4,16.25,5,EASIER
7,49.34,66.03,2,3,49.01,5,EASIER
6,36.25,69.18,5,4,30.26,4,EASIER
3,88.58,21.73,1,2,87.11,1,SAME
7,56.6,121.35,5,4,49.6,5,EASIER
5,71.5,52.35,2,2,71.11,3,SAME
6,70.89,51.29,3,2,68.6,4,SAME
3,74.14,42.93,4,2,72.6,1,EASIER
6,77.4,101.12,1,1,73.31,4,SAME
4,86.1,29.42,1,1,87.41,2,HARDER
6,61.75,51.72,2,1,61.03,4,SAME
4,78.9,19.07,2,0,74.12,2,SAME
7,40.37,48.37,3,3,33.71,5,EASIER
6,37.8,141.37,4,4,32.9,4,EASIER
5,74.18,92.42,1,1,75.08,3,SAME
5,78.19,43.43,1,1,79.01,3,SAME
3,66.19,45.92,1,2,60.12,1,SAME
4,71.8,50.78,1,2,69.19,2,SAME
6,68.93,91.14,2,2,63.1,4,SAME
7,58.83,179.16,2,2,55.11,5,SAME
7,34.48,156.89,2,3,27.65,5,EASIER
3,91.81,26.77,1,1,91.53,1,HARDER
4,100.0,33.95,2,0,100.0,2,HARDER
6,68.55,77.55,3,3,68.86,4,EASIER
4,50.13,17.85,4,4,44.87,2,EASIER
4,85.82,26.08,1,1,82.94,2,HARDER
4,75.23,88.56,2,1,68.52,2,EASIER
7,46.8,71.35,3,3,44.04,5,EASIER
7,46.0,40.85,5,4,43.47,5,EASIER
3,94.62,37.38,2,0,98.82,1,SAME
7,55.79,128.25,1,2,51.48,5,SAME
5,83.24,67.45,1,1,81.4,3,SAME
7,41.16,102.79,3,3,37.77,5,EASIER
6,50.76,131.67,3,3,46.45,4,EASIER
6,79.7,181.66,1,2,73.31,4,EASIER
5,59.83,44.81,2,2,52.88,3,SAME
6,76.58,113.96,1,1,78.04,4,SAME
7,13.31,206.04,5,6,8.3,5,EASIER
5,42.41,43.57,5,4,34.61,3,EASIER
3,66.76,48.94,3,3,65.21,1,EASIER
3,65.16,41.06,3,2,63.54,1,SAME
5,33.51,31.36,5,4,27.0,3,EASIER
5,57.24,127.73,1,2,54.76,3,EASIER
7,28.96,58.57,3,5,24.87,5,EASIER
3,80.9,18.41,1,0,79.18,1,SAME
7,41.79,162.57,2,2,38.29,5,EASIER
3,88.29,39.74,1,1,84.28,1,SAME
5,77.48,60.9,3,2,69.8,3,SAME
5,82.35,42.46,1,1,83.56,3,SAME
5,59.47,50.99,4,3,51.63,3,EASIER
3,68.19,21.12,3,2,65.95,1,SAME
6,43.42,127.0,5,4,39.44,4,EASIER
3,96.51,20.87,1,0,95.79,1,EASIER
6,42.03,58.43,4,3,39.15,4,EASIER
5,88.59,27.92,1,0,86.85,3,HARDER
7,59.08,81.02,1,1,62.93,5,SAME
7,38.31,105.0,4,4,30.31,5,EASIER
7,66.86,60.49,1,2,71.1,5,SAME
5,41.63,24.45,4,2,35.05,3,EASIER
5,47.0,94.21,4,3,39.76,3,EASIER
6,61.23,48.74,2,3,55.15,4,EASIER
6,55.88,41.51,2,2,55.15,4,SAME
6,45.92,185.47,4,4,38.55,4,EASIER
5,51.56,88.29,3,2,54.39,3,EASIER
5,67.19,96.36,1,1,65.44,3,SAME
3,99.22,31.3,1,0,100.0,1,HARDER
3,87.96,44.81,1,0,87.58,1,SAME
7,37.06,181.26,5,4,28.73,5,EASIER
7,40.89,92.83,5,4,32.16,5,EASIER
6,82.08,47.13,2,2,80.36,4,SAME
4,78.58,20.79,1,1,77.42,2,SAME
3,75.78,23.49,1,1,65.19,1,SAME
3,71.76,15.32,1,2,70.66,1,SAME
6,56.08,54.16,2,3,51.07,4,EASIER
6,53.39,75.76,5,3,52.48,4,EASIER
4,60.01,73.3,5,3,54.59,2,EASIER
3,87.73,12.76,1,0,88.39,1,HARDER
3,99.49,25.33,3,1,98.44,1,SAME
6,55.58,42.78,1,2,50.32,4,SAME
6,80.65,61.4,1,0,80.96,4,SAME
4,69.1,58.83,2,1,67.81,2,SAME
6,82.17,52.75,2,2,82.65,4,SAME
7,37.48,97.02,4,4,29.51,5,EASIER
5,88.44,62.19,1,1,84.29,3,HARDER
4,80.54,52.83,1,1,82.56,2,SAME
3,100.0,19.59,2,0,100.0,1,HARDER
6,59.37,157.96,2,3,51.97,4,EASIER
5,77.01,46.53,1,1,74.5,3,SAME
4,86.9,47.71,1,1,87.67,2,HARDER
3,97.61,22.97,1,0,93.01,1,HARDER
7,62.19,167.72,3,2,57.58,5,SAME
7,50.15,300.0,3,2,46.56,5,EASIER
5,48.15,50.55,2,2,44.98,3,EASIER
4,81.02,37.72,1,2,78.55,2,SAME
6,63.09,65.5,1,1,59.01,4,SAME
7,71.37,81.38,1,1,72.63,5,SAME
5,63.61,41.03,2,2,60.06,3,SAME
3,98.0,24.79,3,2,92.89,1,SAME
3,73.68,17.69,2,1,74.21,1,SAME
3,73.72,17.93,1,1,74.84,1,SAME
5,72.0,12.1,2,1,71.42,3,SAME
5,52.75,115.12,5,3,52.76,3,EASIER
5,32.24,130.86,5,5,21.17,3,EASIER
6,53.31,114.9,5,3,50.3,4,EASIER
3,83.07,16.95,1,1,79.22,1,SAME
7,45.15,56.26,3,3,44.76,5,EASIER
4,78.27,18.22,2,1,78.17,2,SAME
5,68.96,79.59,1,1,70.59,3,SAME
4,100.0,68.87,1,0,100.0,2,SAME
4,69.39,41.09,1,2,68.3,2,SAME
7,34.27,178.75,2,4,27.26,5,EASIER
3,81.52,30.47,1,0,77.71,1,SAME
5,64.29,39.6,1,1,62.11,3,SAME
5,49.44,95.6,2,3,43.73,3,EASIER
5,77.02,92.62,1,2,73.42,3,SAME
4,50.01,23.86,4,4,46.29,2,EASIER
4,81.06,55.53,1,0,80.05,2,SAME
7,43.53,103.34,3,3,42.4,5,EASIER
4,99.03,33.61,1,1,97.65,2,HARDER
5,55.09,70.37,2,3,48.31,3,EASIER
4,88.2,45.0,1,0,90.02,2,HARDER
6,37.43,130.17,5,5,28.35,4,EASIER
7,41.47,70.5,3,3,38.61,5,EASIER
7,58.61,152.44,1,2,54.8,5,SAME
3,87.4,14.92,2,1,82.71,1,HARDER
3,73.23,23.09,1,2,73.15,1,SAME
4,85.85,36.05,1,1,79.89,2,HARDER
5,67.35,93.75,2,2,66.91,3,SAME
3,98.91,25.1,1,0,100.0,1,HARDER
7,53.73,97.11,3,3,51.42,5,EASIER
7,63.54,243.63,2,3,62.72,5,EASIER
5,89.19,46.9,1,1,88.19,3,HARDER
6,53.53,64.18,3,2,55.94,4,EASIER
5,92.41,22.91,1,0,92.86,3,HARDER
6,58.22,73.26,3,2,52.23,4,SAME
7,46.74,67.11,5,4,40.66,5,EASIER
3,89.26,22.36,1,1,85.71,1,HARDER
4,87.85,42.54,1,1,89.26,2,HARDER
5,57.59,33.9,1,1,57.09,3,SAME
7,51.29,71.52,3,3,45.7,5,EASIER
5,62.56,26.28,4,2,63.35,3,EASIER
4,90.65,29.9,1,0,91.29,2,HARDER
3,71.16,16.42,1,1,71.91,1,SAME
5,50.11,167.64,3,3,44.0,3,EASIER
4,65.12,77.05,2,2,66.67,2,EASIER
4,80.83,71.4,1,1,72.9,2,SAME
7,39.33,55.3,1,3,36.0,5,EASIER
5,68.93,53.12,1,2,69.15,3,SAME
3,90.83,14.64,1,0,90.85,1,HARDER
3,82.32,56.77,1,0,81.77,1,EASIER
4,100.0,56.16,1,0,100.0,2,SAME
3,85.91,15.65,1,0,89.04,1,HARDER
5,54.24,69.64,4,3,49.18,3,EASIER
5,58.18,27.84,1,1,54.11,3,SAME
7,30.93,103.97,4,3,24.56,5,EASIER
4,93.21,34.99,1,0,88.51,2,HARDER
4,76.11,53.8,1,2,75.1,2,SAME
6,36.28,137.06,5,4,26.16,4,EASIER
6,56.89,82.87,2,3,54.53,4,EASIER
3,97.49,22.63,1,0,98.43,1,HARDER
3,69.75,8.0,2,1,64.03,1,SAME
3,81.44,50.1,1,1,85.02,1,EASIER
6,53.64,58.25,4,4,50.55,4,EASIER
4,80.17,39.87,1,1,77.65,2,SAME
7,19.56,300.0,2,5,8.04,5,EASIER
5,54.99,32.12,4,3,46.17,3,EASIER
7,37.14,113.31,2,4,31.97,5,EASIER
4,82.41,48.0,1,1,83.47,2,SAME
5,75.81,99.6,2,1,74.28,3,SAME
3,83.21,25.01,1,0,81.23,1,SAME
7,44.88,212.55,4,4,35.0,5,EASIER
5,84.13,47.21,1,0,88.56,3,SAME
3,84.32,31.84,3,1,84.16,1,SAME
6,49.66,101.69,1,2,44.23,4,EASIER
7,45.66,106.57,3,3,40.67,5,EASIER
6,47.5,97.02,5,4,45.7,4,EASIER
7,42.66,69.54,3,4,36.88,5,EASIER
4,64.06,33.02,1,2,62.64,2,SAME
5,59.69,30.67,5,4,58.5,3,EASIER
7,72.63,88.05,1,1,75.09,5,SAME
6,72.17,148.2,2,1,74.03,4,SAME
6,19.09,102.04,5,6,10.87,4,EASIER
6,52.13,96.24,3,4,48.24,4,EASIER
6,57.74,35.71,2,2,58.72,4,SAME
3,57.26,28.83,4,2,55.91,1,EASIER
4,78.35,36.9,2,2,75.8,2,SAME
6,42.83,108.44,5,5,33.77,4,EASIER
4,70.62,72.8,2,1,71.19,2,SAME
6,87.6,66.29,1,1,80.95,4,HARDER
5,26.57,49.61,5,5,15.61,3,EASIER
6,49.28,132.18,4,3,47.99,4,EASIER
4,62.13,28.62,2,3,62.16,2,EASIER
4,84.67,39.59,1,0,85.46,2,SAME
6,53.41,29.03,4,3,51.52,4,EASIER
3,97.13,21.8,2,0,100.0,1,HARDER
4,77.84,70.17,1,0,73.1,2,SAME
7,48.61,134.47,3,3,37.83,5,EASIER
3,35.83,37.3,5,4,27.0,1,EASIER
5,79.47,93.11,2,1,74.86,3,SAME
3,87.52,45.57,2,2,83.11,1,SAME
6,57.43,68.46,3,3,62.71,4,EASIER
3,90.43,38.02,1,1,83.48,1,SAME
5,45.98,176.45,3,4,36.72,3,EASIER
5,71.66,57.25,1,2,72.87,3,SAME
6,54.68,41.28,2,1,58.39,4,EASIER
3,65.97,19.18,3,2,64.08,1,SAME
5,77.56,73.13,1,0,71.09,3,SAME
5,85.37,25.48,2,1,81.8,3,HARDER
4,78.67,26.56,1,0,76.57,2,SAME
4,64.28,32.54,4,4,57.82,2,EASIER
6,67.48,86.82,1,0,66.51,4,SAME
5,61.08,141.13,2,2,64.98,3,EASIER
5,71.8,81.53,1,2,70.74,3,SAME
7,73.2,61.03,2,2,69.94,5,SAME
5,56.46,300.0,1,1,55.13,3,EASIER
7,44.83,111.0,5,5,31.83,5,EASIER
7,55.39,44.82,2,3,45.68,5,EASIER
5,95.9,34.69,1,0,100.0,3,HARDER
4,98.17,23.39,1,1,95.17,2,HARDER
5,78.79,29.76,2,2,69.27,3,SAME
3,97.36,31.41,1,0,99.84,1,HARDER
6,62.92,20.49,3,3,62.78,4,EASIER
4,76.88,60.29,1,1,80.92,2,SAME
7,46.7,174.57,3,3,42.23,5,EASIER
6,95.76,64.67,1,1,94.89,4,HARDER
5,72.11,91.26,2,2,69.53,3,SAME
3,83.41,15.37,1,1,81.71,1,SAME
3,59.91,17.19,3,2,56.19,1,SAME
6,41.52,109.12,4,2,32.77,4,EASIER
6,57.29,73.53,1,2,51.78,4,SAME
4,81.03,28.33,2,2,77.26,2,SAME
3,53.96,23.77,4,2,45.73,1,EASIER
4,64.84,70.63,1,2,57.3,2,SAME
6,65.92,159.54,1,2,60.11,4,SAME
5,52.14,71.62,2,2,51.32,3,EASIER
3,92.17,21.34,1,1,88.81,1,HARDER
3,100.0,31.53,2,0,98.92,1,HARDER
3,80.39,17.03,3,2,75.61,1,SAME
6,65.23,150.59,2,2,62.52,4,SAME
6,44.34,134.42,5,4,37.44,4,EASIER
5,48.4,150.89,1,2,43.58,3,EASIER
6,17.7,54.03,5,6,14.66,4,EASIER
3,94.82,16.55,1,1,90.26,1,HARDER
5,61.99,76.2,4,2,58.46,3,EASIER
4,68.08,33.41,4,3,62.15,2,EASIER
7,52.77,193.08,2,2,51.2,5,EASIER
5,65.15,111.35,1,2,64.99,3,SAME
7,46.62,283.31,2,4,41.5,5,EASIER
5,79.57,59.7,2,0,78.96,3,SAME
5,41.1,89.68,5,5,32.13,3,EASIER
7,40.06,84.5,3,4,33.97,5,EASIER
7,32.84,126.08,3,3,24.08,5,EASIER
5,55.48,56.49,2,1,56.12,3,SAME
4,79.23,36.14,1,1,82.66,2,SAME
6,47.53,211.7,3,3,53.97,4,EASIER
3,100.0,13.76,1,0,100.0,1,HARDER
4,70.41,37.91,2,1,63.56,2,SAME
7,35.39,115.33,3,4,33.81,5,EASIER
7,41.09,159.03,4,4,34.94,5,EASIER
5,71.03,33.69,1,1,70.36,3,SAME
4,90.52,33.02,2,1,87.78,2,HARDER
7,70.92,80.95,1,1,72.96,5,EASIER
4,90.26,13.19,1,2,85.33,2,SAME
3,66.26,41.94,2,3,61.03,1,EASIER
3,83.27,13.0,1,1,78.04,1,SAME
3,100.0,12.25,1,0,99.21,1,HARDER
7,26.35,187.72,5,5,20.34,5,EASIER
3,65.56,21.54,1,1,66.09,1,SAME
4,100.0,33.0,1,0,100.0,2,HARDER
6,59.53,70.84,2,2,51.97,4,SAME
6,61.49,143.36,2,2,53.8,4,SAME
7,67.54,82.91,1,1,67.99,5,SAME
7,51.13,154.9,2,2,55.34,5,EASIER
5,90.02,32.97,1,0,88.1,3,HARDER
4,81.64,44.38,1,1,82.58,2,SAME
3,85.45,37.36,1,1,83.57,1,SAME
7,58.66,240.87,4,3,56.24,5,EASIER
4,66.08,18.35,1,2,63.46,2,SAME
7,57.76,95.28,2,2,55.22,5,SAME
4,77.77,80.55,2,2,73.1,2,EASIER
6,72.68,132.43,1,1,71.18,4,SAME
6,84.45,73.94,2,1,83.79,4,SAME
6,64.51,82.16,2,2,58.89,4,SAME
6,35.75,95.7,4,4,31.9,4,EASIER
4,86.71,31.89,1,1,84.0,2,HARDER
3,88.87,31.89,1,2,94.69,1,SAME
3,100.0,31.1,1,1,100.0,1,HARDER
5,77.73,33.4,2,2,77.5,3,SAME
7,60.74,85.76,1,2,56.88,5,SAME
6,50.88,64.75,3,3,48.26,4,EASIER
6,53.46,71.8,4,3,50.63,4,EASIER
4,79.64,43.14,2,2,71.48,2,SAME
5,59.07,63.42,1,2,56.99,3,SAME
5,54.52,40.62,2,2,57.99,3,EASIER
3,93.56,45.39,1,0,87.92,1,SAME
6,38.21,82.22,4,4,37.11,4,EASIER
4,65.73,75.6,1,1,68.24,2,SAME
5,54.67,118.31,4,3,46.52,3,EASIER
5,35.7,34.33,5,4,27.02,3,EASIER
3,86.95,20.1,1,0,89.27,1,EASIER
7,43.14,89.22,5,5,29.52,5,EASIER
4,56.73,44.03,3,4,51.91,2,EASIER
6,58.7,119.64,3,2,58.57,4,SAME
6,57.24,88.51,4,2,56.77,4,EASIER
3,78.69,19.56,1,1,76.04,1,SAME
4,89.98,82.59,2,1,89.01,2,EASIER
5,61.32,46.68,2,2,59.13,3,SAME
7,33.86,167.8,5,5,26.79,5,EASIER
6,51.29,80.43,2,3,47.29,4,EASIER
5,67.9,56.16,1,2,69.58,3,SAME
7,60.81,161.69,3,3,54.7,5,EASIER
5,76.42,124.49,3,0,81.61,3,SAME
7,43.59,132.25,5,3,44.98,5,EASIER
6,64.52,63.59,1,1,60.16,4,SAME
3,69.57,48.3,2,1,65.83,1,SAME
4,56.02,47.93,2,3,45.04,2,EASIER
3,84.82,26.97,2,2,76.64,1,SAME
4,55.5,61.6,2,3,48.16,2,EASIER
3,85.52,28.85,1,1,82.21,1,HARDER
3,91.23,74.61,1,0,92.33,1,EASIER
3,79.38,25.02,1,1,75.56,1,SAME
6,49.39,149.09,3,3,43.33,4,EASIER
5,70.41,72.18,1,1,74.24,3,SAME
5,59.9,72.07,4,3,59.85,3,EASIER
6,62.63,67.93,2,2,60.6,4,EASIER
7,55.17,92.19,1,2,58.84,5,SAME
5,39.33,74.16,4,5,30.69,3,EASIER
5,98.11,37.74,1,0,96.86,3,HARDER
6,62.6,60.79,1,2,62.08,4,SAME
5,66.8,58.44,1,1,67.38,3,SAME
5,78.86,107.17,2,1,77.88,3,SAME
4,82.04,39.47,1,1,78.59,2,SAME
3,93.17,25.73,2,0,92.99,1,HARDER
3,89.77,15.61,1,1,89.01,1,HARDER
6,63.25,198.04,1,2,57.29,4,EASIER
7,46.69,204.77,3,3,40.35,5,EASIER
5,44.47,106.08,5,3,38.0,3,EASIER
3,64.73,13.1,3,3,58.58,1,EASIER
6,63.53,98.45,1,2,58.96,4,SAME
7,11.01,67.16,5,4,3.9,5,EASIER
5,81.97,84.98,1,0,78.28,3,SAME
3,81.3,28.85,1,0,79.54,1,SAME
3,75.68,31.49,1,1,75.64,1,SAME
5,69.82,40.68,3,2,68.52,3,SAME
7,55.64,63.55,2,2,53.25,5,SAME
3,95.32,18.8,2,2,90.68,1,SAME
6,45.37,96.23,1,2,40.47,4,HARDER
6,65.94,72.3,1,2,59.87,4,SAME
3,62.08,27.98,4,3,57.85,1,EASIER
4,92.47,23.48,1,0,94.3,2,HARDER
3,84.93,24.93,2,2,86.16,1,SAME
5,90.08,115.7,1,0,92.66,3,SAME
3,100.0,28.98,1,0,100.0,1,HARDER
7,68.38,138.9,1,2,66.23,5,SAME
3,85.68,29.91,2,0,86.91,1,HARDER
6,54.6,62.84,1,3,49.07,4,EASIER
6,53.61,191.56,3,3,46.12,4,EASIER
3,100.0,29.3,1,0,100.0,1,HARDER
4,98.06,41.3,1,0,100.0,2,HARDER
6,47.13,117.21,3,4,39.48,4,EASIER
3,85.81,38.0,1,0,84.99,1,SAME
5,75.65,31.31,4,2,72.72,3,EASIER
4,64.5,39.02,2,1,66.3,2,SAME
3,89.48,67.59,1,0,89.69,1,EASIER
5,63.84,131.61,1,2,62.53,3,EASIER
5,64.83,55.02,2,1,65.24,3,SAME
4,87.19,53.5,1,1,84.83,2,SAME
7,69.47,93.74,1,2,67.34,5,SAME
3,84.35,29.26,1,1,79.55,1,SAME
5,79.58,46.23,2,1,83.86,3,SAME
3,98.05,20.23,1,1,99.22,1,HARDER
6,64.51,60.28,3,3,64.78,4,EASIER
5,73.34,133.38,1,1,72.74,3,EASIER
6,72.48,63.87,3,3,67.36,4,EASIER
3,77.69,41.55,1,1,71.34,1,SAME
5,64.94,46.84,3,2,60.88,3,SAME
3,86.08,19.61,1,1,84.69,1,HARDER
4,87.24,45.63,1,1,84.17,2,HARDER
7,75.26,55.18,1,1,71.94,5,SAME
6,31.99,115.86,4,5,21.39,4,EASIER
3,76.06,23.53,3,2,72.87,1,SAME
4,77.99,29.33,1,1,73.62,2,SAME
7,62.16,73.8,3,2,60.47,5,SAME
3,90.54,60.11,3,1,88.82,1,EASIER
6,57.35,80.55,1,2,51.32,4,SAME
4,90.61,36.66,1,0,94.77,2,HARDER
5,100.0,89.35,2,0,100.0,3,SAME
7,65.36,70.8,1,1,61.92,5,SAME
6,64.43,147.9,1,2,57.5,4,SAME
4,67.58,37.37,4,3,64.25,2,EASIER
3,93.12,13.51,2,1,94.25,1,HARDER
4,92.42,29.61,2,1,90.04,2,HARDER
5,87.29,33.73,2,1,88.34,3,HARDER
3,79.06,25.92,1,2,75.86,1,SAME
7,55.02,72.67,4,2,54.22,5,EASIER
3,82.45,16.72,2,1,83.19,1,SAME
5,67.37,67.03,2,1,60.77,3,SAME
7,59.92,114.71,1,2,56.62,5,SAME
4,89.9,67.08,1,2,81.68,2,SAME
5,53.73,103.24,3,3,48.96,3,EASIER
3,97.93,25.69,2,0,92.55,1,HARDER
6,59.42,106.33,2,2,58.24,4,SAME
7,71.97,52.01,1,1,65.82,5,SAME
6,52.36,117.76,4,3,46.83,4,EASIER
3,78.58,30.01,1,0,78.88,1,SAME
4,65.4,59.5,2,1,60.53,2,SAME
6,63.35,69.93,3,2,62.0,4,SAME
6,26.98,70.25,5,4,22.13,4,EASIER
5,78.59,50.21,1,1,76.13,3,SAME
7,33.23,244.78,3,4,29.54,5,EASIER
4,65.04,43.4,3,2,62.72,2,SAME
6,74.18,37.67,1,1,72.86,4,SAME
5,75.78,79.79,3,2,73.15,3,SAME
6,75.94,64.44,1,1,69.48,4,SAME
5,51.7,99.22,2,3,47.15,3,EASIER
5,62.12,75.73,3,4,56.75,3,EASIER
7,35.64,220.2,5,5,28.44,5,EASIER
7,24.58,197.29,5,5,13.14,5,EASIER
7,27.9,186.67,5,4,23.0,5,EASIER
3,75.66,41.42,2,3,69.39,1,EASIER
5,79.93,86.83,2,2,79.16,3,SAME
6,44.9,57.16,3,3,37.28,4,EASIER
7,37.43,60.05,4,4,35.94,5,EASIER
4,58.41,25.72,3,3,53.41,2,EASIER
6,75.66,119.9,1,2,67.5,4,SAME
5,51.66,19.3,3,3,47.31,3,EASIER
4,75.81,37.73,1,1,76.61,2,SAME
7,59.5,96.89,1,2,51.99,5,SAME
5,60.47,106.3,3,2,57.1,3,SAME
6,51.73,77.15,3,3,40.6,4,EASIER
4,84.04,31.96,1,1,86.88,2,SAME
3,67.28,44.9,1,2,64.45,1,SAME
5,84.46,55.42,1,1,86.44,3,SAME
6,59.51,71.88,3,1,59.59,4,SAME
4,84.74,30.19,1,1,77.21,2,SAME
7,13.03,130.87,4,5,2.39,5,EASIER
6,63.34,69.02,2,2,57.51,4,SAME
6,48.44,69.15,3,3,42.29,4,EASIER
7,45.11,246.87,1,2,42.51,5,EASIER
7,55.5,115.02,2,3,48.12,5,EASIER
6,76.16,64.95,2,0,76.56,4,SAME
7,69.24,65.12,3,1,69.46,5,SAME
6,54.52,90.92,5,3,47.04,4,EASIER
7,40.55,82.55,4,4,32.53,5,EASIER
3,100.0,21.22,2,0,100.0,1,HARDER
4,93.28,25.47,2,1,93.75,2,HARDER
7,62.79,124.69,1,1,59.82,5,SAME
5,49.62,30.43,2,3,48.39,3,EASIER
3,73.23,30.02,2,2,68.77,1,SAME
7,25.06,83.15,3,4,20.07,5,EASIER
6,33.87,119.03,5,4,23.3,4,EASIER
7,47.08,145.91,3,3,44.57,5,EASIER
3,71.1,26.18,1,0,70.94,1,SAME
3,98.9,36.43,1,1,97.69,1,SAME
5,73.64,125.35,1,2,69.18,3,EASIER
3,68.33,43.96,1,2,70.07,1,SAME
5,79.4,30.31,1,1,80.69,3,SAME
4,57.39,28.59,2,2,52.25,2,SAME
4,100.0,30.28,1,0,98.19,2,HARDER
6,53.32,114.3,1,2,51.08,4,EASIER
3,79.62,19.82,1,1,74.45,1,SAME
7,30.06,82.47,5,5,22.3,5,EASIER
3,91.23,18.03,1,0,90.78,1,HARDER
5,64.69,67.25,2,2,62.26,3,SAME
7,41.91,158.29,1,2,37.11,5,EASIER
3,76.84,14.58,3,1,76.32,1,SAME
7,49.51,84.63,2,3,44.09,5,EASIER
4,70.3,15.59,2,2,68.27,2,SAME
6,80.46,23.64,2,0,80.46,4,SAME
7,34.76,145.86,4,5,26.99,5,EASIER
