current_level,accuracy,response_time,total_attempts,later_attempts,later_mistakes,previous_score,difficulty_change
1,26.81,64.23,8,6,1,47.62,SAME
5,25.34,209.53,21,3,3,52.45,EASIER
3,25.0,99.32,17,5,0,64.27,SAME
4,25.0,126.15,17,2,1,83.35,EASIER
2,51.1,43.04,6,0,0,75.52,HARDER
1,66.47,29.45,3,1,0,74.78,HARDER
1,64.72,44.48,3,1,0,85.53,HARDER
5,28.03,189.69,22,4,1,69.9,SAME
3,30.53,112.22,14,2,1,57.47,EASIER
5,34.28,234.55,20,2,2,69.21,EASIER
3,35.31,91.79,13,1,1,61.64,EASIER
3,25.0,146.25,16,4,2,47.55,EASIER
1,96.8,20.0,2,0,0,72.19,HARDER
3,33.43,71.24,12,0,0,91.07,HARDER
3,25.0,142.05,15,3,3,65.9,EASIER
5,25.0,298.63,23,5,5,35.63,EASIER
1,25.0,68.03,9,7,2,67.76,SAME
2,44.06,67.96,7,1,0,72.99,HARDER
2,51.44,72.27,6,0,0,47.98,SAME
4,25.0,174.88,18,3,0,45.48,SAME
3,33.83,101.53,13,1,0,82.74,HARDER
4,27.46,134.24,17,2,2,62.47,EASIER
4,25.0,226.32,19,4,3,85.35,EASIER
2,42.08,53.74,7,1,0,65.27,HARDER
2,35.21,84.98,9,3,2,73.75,EASIER
4,25.0,214.8,20,5,2,35.62,EASIER
5,25.0,280.33,25,7,2,40.73,EASIER
1,98.77,30.42,2,0,0,96.21,HARDER
4,28.27,165.38,17,2,0,56.86,SAME
3,31.03,99.97,14,2,0,58.34,SAME
5,25.62,190.5,20,2,2,63.87,EASIER
3,30.24,73.94,13,1,0,65.44,HARDER
4,28.15,193.03,20,5,2,54.14,EASIER
3,27.96,101.8,14,2,1,69.92,EASIER
4,34.79,119.74,15,0,0,58.1,SAME
2,44.58,55.37,6,0,0,85.72,HARDER
5,34.21,145.84,19,1,0,72.36,SAME
5,34.23,197.11,23,5,0,64.49,SAME
5,28.28,161.84,21,3,1,84.5,SAME
2,34.0,71.15,8,2,0,79.28,HARDER
2,43.12,79.94,7,1,0,60.97,SAME
5,25.0,300.0,28,10,7,36.82,EASIER
5,32.04,152.43,19,1,0,87.1,SAME
2,33.43,79.74,9,3,0,67.24,HARDER
4,31.73,109.45,16,1,1,74.83,EASIER
3,32.83,119.1,12,0,0,90.49,HARDER
1,100.0,20.0,2,0,0,72.91,HARDER
2,48.97,45.47,6,0,0,70.24,HARDER
1,100.0,39.04,2,0,0,76.75,HARDER
1,100.0,24.44,2,0,0,85.42,HARDER
2,33.75,66.83,9,3,1,53.65,SAME
4,38.5,92.73,15,0,0,74.25,HARDER
4,33.46,164.18,17,2,0,75.87,HARDER
1,60.5,60.06,3,1,0,69.18,HARDER
2,45.97,48.76,6,0,0,67.15,HARDER
4,25.0,146.35,19,4,0,71.1,HARDER
1,54.43,51.7,4,2,0,58.09,SAME
3,36.28,82.2,12,0,0,81.08,HARDER
4,27.9,200.86,21,6,2,50.69,EASIER
5,25.0,193.62,22,4,2,45.15,EASIER
4,40.84,92.91,15,0,0,100.0,HARDER
5,25.0,195.87,24,6,2,72.11,SAME
4,36.83,109.57,16,1,1,65.18,EASIER
4,25.0,195.01,21,6,2,39.46,EASIER
5,34.66,133.94,18,0,0,87.87,SAME
2,49.27,64.26,6,0,0,74.36,HARDER
2,44.78,59.9,6,0,0,64.99,SAME
4,32.12,113.44,15,0,0,100.0,HARDER
5,27.84,233.79,24,6,4,60.69,EASIER
2,50.18,57.91,6,0,0,93.49,HARDER
5,29.68,254.03,23,5,3,59.15,EASIER
3,33.15,119.16,13,1,1,64.68,EASIER
3,30.03,86.84,14,2,0,80.73,HARDER
1,67.18,51.81,3,1,1,61.93,SAME
3,25.0,134.71,16,4,1,50.05,SAME
2,48.24,69.12,6,0,0,80.7,HARDER
5,25.0,300.0,29,11,9,54.29,EASIER
3,26.24,133.25,15,3,1,59.4,SAME
5,27.91,248.68,23,5,2,59.45,EASIER
5,29.7,161.11,20,2,1,84.93,EASIER
2,34.67,63.72,7,1,0,67.58,HARDER
2,49.24,54.5,6,0,0,95.32,HARDER
2,58.31,53.4,6,0,0,83.96,HARDER
5,27.91,187.6,21,3,1,95.92,SAME
3,34.55,81.35,12,0,0,65.7,HARDER
1,98.42,20.0,2,0,0,92.48,HARDER
3,33.58,93.18,13,1,1,84.13,EASIER
5,31.6,211.95,21,3,1,69.29,EASIER
4,28.14,160.26,18,3,0,70.02,HARDER
1,100.0,29.96,2,0,0,52.59,SAME
3,31.96,80.09,13,1,0,58.75,SAME
4,29.66,180.33,18,3,2,87.56,EASIER
2,48.26,48.34,6,0,0,83.05,HARDER
2,48.66,42.41,6,0,0,98.39,HARDER
3,38.13,66.67,12,0,0,73.93,HARDER
3,29.68,71.79,12,0,0,97.39,HARDER
5,25.0,259.35,25,7,4,54.29,EASIER
5,26.78,176.5,23,5,1,79.5,SAME
2,52.55,67.96,6,0,0,76.09,HARDER
4,26.92,213.15,20,5,3,50.4,EASIER
2,52.52,65.96,6,0,0,62.26,SAME
3,25.0,138.8,15,3,0,73.78,HARDER
3,28.7,117.44,14,2,1,96.99,EASIER
5,25.0,258.22,26,8,5,43.63,EASIER
1,100.0,30.03,2,0,0,100.0,HARDER
4,25.0,188.3,20,5,1,43.42,SAME
1,49.38,57.0,4,2,2,62.6,SAME
2,44.43,68.85,7,1,1,78.12,EASIER
2,25.39,91.44,11,5,1,78.6,HARDER
4,25.0,131.85,20,5,2,74.79,EASIER
5,30.08,160.6,21,3,2,82.48,EASIER
2,44.33,62.81,6,0,0,62.54,SAME
4,30.57,114.32,18,3,1,77.21,SAME
5,30.96,254.71,25,7,5,25.0,EASIER
4,31.78,234.66,18,3,3,47.58,EASIER
4,27.95,212.59,19,4,3,52.84,EASIER
4,27.28,97.66,17,2,1,75.16,EASIER
3,28.52,124.08,13,1,0,63.91,SAME
3,40.27,125.38,12,0,0,70.77,HARDER
4,27.82,139.07,16,1,1,73.21,EASIER
2,31.47,103.44,10,4,0,54.0,SAME
2,28.35,108.16,11,5,2,47.09,EASIER
1,99.23,38.06,2,0,0,91.92,HARDER
3,29.99,176.18,15,3,3,67.92,EASIER
2,33.06,92.03,8,2,1,88.13,EASIER
1,66.59,31.33,3,1,0,53.63,SAME
4,26.62,170.24,20,5,0,57.58,SAME
3,30.78,107.08,14,2,0,63.01,SAME
5,30.02,252.63,22,4,3,57.78,EASIER
4,30.33,136.46,18,3,1,95.83,SAME
4,27.47,143.69,20,5,2,83.17,SAME
2,47.7,54.83,6,0,0,88.7,HARDER
3,28.4,119.36,13,1,1,87.65,EASIER
3,31.1,119.9,12,0,0,83.69,HARDER
5,25.0,209.86,25,7,2,74.68,SAME
3,25.65,142.63,15,3,3,67.04,EASIER
2,50.9,45.32,6,0,0,89.92,HARDER
4,25.0,194.58,21,6,1,55.44,SAME
4,25.0,190.76,24,9,4,53.83,EASIER
3,27.0,137.37,14,2,1,67.15,EASIER
4,33.06,125.24,16,1,0,58.17,SAME
5,28.1,273.93,23,5,4,41.61,EASIER
1,99.0,21.25,2,0,0,92.43,HARDER
3,38.73,87.95,12,0,0,64.25,SAME
4,25.94,197.25,17,2,2,39.52,EASIER
5,27.26,300.0,24,6,5,62.18,EASIER
1,100.0,26.24,2,0,0,87.23,HARDER
2,32.19,78.57,9,3,3,67.32,EASIER
4,33.85,104.05,15,0,0,100.0,HARDER
1,97.87,20.0,2,0,0,88.26,HARDER
4,30.18,212.51,19,4,3,41.72,EASIER
3,25.0,169.84,15,3,0,58.04,SAME
3,32.11,90.46,12,0,0,60.43,SAME
1,47.5,73.24,4,2,1,61.59,SAME
3,25.16,124.22,16,4,2,68.12,EASIER
4,33.05,106.77,16,1,0,90.93,HARDER
5,25.0,300.0,26,8,4,33.12,EASIER
4,34.56,167.52,16,1,0,79.28,HARDER
5,35.69,135.07,19,1,0,96.19,SAME
2,31.74,66.52,9,3,0,58.2,SAME
3,30.09,104.73,13,1,0,73.29,HARDER
2,27.64,93.94,10,4,1,72.58,SAME
4,39.19,105.2,15,0,0,80.46,HARDER
4,27.82,178.79,18,3,3,51.61,EASIER
4,25.0,228.14,19,4,1,56.74,EASIER
5,25.0,118.97,20,2,2,60.8,EASIER
5,25.0,253.67,25,7,5,49.97,EASIER
1,62.14,38.99,3,1,0,50.77,SAME
2,32.4,84.29,10,4,1,56.9,SAME
2,34.56,89.53,8,2,1,42.21,EASIER
4,31.73,133.57,16,1,0,74.17,HARDER
2,52.67,30.0,6,0,0,100.0,HARDER
4,28.93,125.71,18,3,2,67.84,EASIER
1,95.14,25.94,2,0,0,56.9,SAME
3,28.19,146.8,16,4,2,73.34,EASIER
4,27.73,160.22,17,2,0,69.99,HARDER
5,28.58,210.98,21,3,2,59.58,EASIER
5,30.5,247.15,19,1,0,64.21,EASIER
5,27.21,173.47,19,1,1,77.78,EASIER
1,29.38,84.39,6,4,1,39.03,SAME
1,45.66,30.65,4,2,0,90.34,HARDER
4,25.0,140.73,20,5,1,57.12,SAME
2,46.82,41.27,6,0,0,92.72,HARDER
5,31.65,247.19,24,6,3,61.92,EASIER
3,25.0,207.3,20,8,6,40.68,EASIER
3,26.17,99.47,14,2,0,58.21,SAME
5,28.54,202.4,22,4,3,73.0,EASIER
2,54.52,48.92,6,0,0,51.78,SAME
2,36.97,98.54,8,2,0,57.54,SAME
1,63.6,34.68,3,1,0,69.03,HARDER
1,67.45,35.3,3,1,0,76.03,HARDER
1,100.0,35.93,2,0,0,42.13,SAME
2,25.88,115.17,10,4,1,60.34,SAME
1,98.9,33.99,2,0,0,67.25,HARDER
3,30.87,96.78,16,4,2,67.48,EASIER
1,99.43,31.57,2,0,0,89.58,HARDER
3,34.4,65.6,12,0,0,100.0,HARDER
3,25.0,156.29,15,3,2,60.41,EASIER
4,29.83,120.08,16,1,1,78.29,EASIER
2,39.98,96.89,7,1,0,63.14,SAME
2,44.63,83.73,6,0,0,68.27,HARDER
3,33.2,122.53,13,1,0,70.01,HARDER
4,37.2,107.29,16,1,1,75.28,EASIER
4,28.13,134.68,16,1,0,82.01,HARDER
2,46.43,36.95,6,0,0,83.3,HARDER
5,30.52,287.26,22,4,3,45.94,EASIER
5,25.28,293.49,25,7,6,44.97,EASIER
1,47.82,44.77,4,2,0,49.61,SAME
5,25.0,300.0,28,10,2,33.42,EASIER
1,100.0,24.0,2,0,0,66.51,HARDER
3,33.22,86.39,13,1,0,67.6,HARDER
3,29.9,77.52,14,2,0,71.04,HARDER
5,27.54,156.52,22,4,2,80.47,EASIER
3,25.0,163.67,19,7,2,51.04,SAME
4,29.55,119.98,19,4,1,65.15,SAME
5,25.0,274.94,25,7,3,43.18,EASIER
2,25.98,87.08,10,4,1,60.82,SAME
2,49.17,53.37,6,0,0,100.0,HARDER
5,25.0,269.73,23,5,4,60.63,EASIER
3,27.69,142.65,15,3,0,53.61,SAME
1,66.94,30.72,3,1,1,79.94,SAME
1,98.01,23.44,2,0,0,90.7,HARDER
4,27.65,243.54,20,5,4,41.15,EASIER
1,26.93,44.78,6,4,0,70.58,HARDER
5,35.2,227.8,18,0,0,54.75,SAME
5,29.86,198.83,20,2,1,70.22,EASIER
3,35.34,101.23,12,0,0,94.12,HARDER
2,42.63,48.23,7,1,0,75.46,HARDER
5,31.39,162.5,18,0,0,65.65,SAME
3,32.72,102.88,12,0,0,81.76,HARDER
4,27.14,138.99,17,2,1,69.01,EASIER
2,44.87,108.74,7,1,0,60.44,SAME
1,41.71,68.55,5,3,2,73.19,SAME
3,27.62,159.4,15,3,2,59.52,EASIER
2,32.31,94.29,8,2,1,62.85,EASIER
2,42.31,72.86,8,2,0,58.27,SAME
4,25.0,162.94,19,4,1,78.66,SAME
5,28.24,184.81,19,1,0,99.23,SAME
4,27.94,213.15,18,3,1,49.37,EASIER
2,51.0,59.46,6,0,0,91.64,HARDER
2,45.9,81.87,7,1,1,71.72,EASIER
5,31.41,162.73,20,2,1,87.08,EASIER
5,30.53,139.13,19,1,1,97.74,EASIER
2,45.06,82.34,7,1,0,61.81,SAME
3,37.83,81.05,12,0,0,62.94,SAME
3,34.91,78.92,12,0,0,84.48,HARDER
4,25.0,124.63,18,3,2,83.47,EASIER
4,25.0,144.5,18,3,2,65.61,EASIER
4,25.0,124.03,18,3,1,57.52,SAME
1,99.51,30.1,2,0,0,65.7,HARDER
2,52.88,37.89,6,0,0,80.19,HARDER
4,30.36,134.02,16,1,0,66.61,HARDER
5,29.66,196.14,21,3,1,87.69,SAME
2,42.41,55.71,7,1,0,67.51,HARDER
2,54.14,58.22,6,0,0,63.4,SAME
3,26.14,113.08,15,3,1,70.46,SAME
3,35.34,75.29,12,0,0,78.22,HARDER
1,100.0,20.0,2,0,0,100.0,HARDER
1,66.3,26.76,3,1,0,77.42,HARDER
1,99.13,27.5,2,0,0,82.11,HARDER
3,25.0,134.08,15,3,1,64.46,SAME
1,99.05,20.0,2,0,0,89.9,HARDER
3,27.37,111.17,13,1,0,61.05,SAME
3,31.77,104.58,12,0,0,95.6,HARDER
1,99.95,20.0,2,0,0,88.94,HARDER
2,28.74,103.15,10,4,2,47.79,EASIER
5,25.97,178.3,20,2,1,94.02,EASIER
2,52.47,59.78,6,0,0,94.53,HARDER
4,33.61,97.29,15,0,0,100.0,HARDER
4,25.0,130.33,17,2,0,56.21,SAME
3,31.93,129.24,14,2,1,72.81,EASIER
2,25.0,136.68,12,6,4,36.71,EASIER
2,48.13,53.62,6,0,0,71.48,HARDER
3,25.0,210.0,18,6,5,32.74,EASIER
4,25.22,186.03,18,3,2,53.64,EASIER
5,30.44,155.69,22,4,3,67.44,EASIER
1,51.7,52.71,4,2,0,52.14,SAME
3,25.0,142.59,19,7,3,59.52,EASIER
1,100.0,33.16,2,0,0,61.37,SAME
2,54.69,57.98,6,0,0,68.03,HARDER
2,30.64,83.41,10,4,2,57.36,EASIER
2,51.36,55.99,6,0,0,56.87,SAME
5,29.32,300.0,23,5,3,62.01,EASIER
2,35.95,48.58,8,2,0,86.8,HARDER
2,50.05,69.25,6,0,0,48.68,SAME
4,28.7,236.24,19,4,3,50.94,EASIER
4,25.0,120.55,15,0,0,94.23,HARDER
4,28.02,190.0,19,4,3,63.59,EASIER
2,25.0,97.27,10,4,2,46.22,EASIER
2,34.65,98.32,8,2,0,36.95,SAME
5,29.72,159.5,20,2,2,72.04,EASIER
3,25.0,104.44,15,3,0,60.84,SAME
4,33.89,212.83,17,2,1,66.62,EASIER
1,66.61,45.36,3,1,0,67.25,HARDER
4,26.54,91.61,16,1,0,61.98,SAME
5,25.2,184.54,24,6,4,58.6,EASIER
3,32.65,119.0,12,0,0,83.68,HARDER
5,25.0,288.5,26,8,3,49.33,EASIER
4,33.57,129.7,16,1,0,76.52,HARDER
5,26.19,210.92,23,5,1,60.38,SAME
5,38.83,154.39,18,0,0,76.18,SAME
3,31.96,80.58,12,0,0,89.11,HARDER
1,100.0,30.63,2,0,0,84.8,HARDER
5,31.99,167.56,21,3,1,62.27,SAME
1,31.53,84.01,6,4,3,54.44,SAME
1,64.34,39.76,3,1,0,75.86,HARDER
2,25.0,96.96,12,6,2,61.36,SAME
1,97.43,31.32,2,0,0,85.25,HARDER
2,46.16,60.77,7,1,0,58.22,SAME
3,27.96,68.03,15,3,0,74.48,HARDER
4,28.73,189.79,18,3,2,57.78,EASIER
5,25.0,265.5,28,10,6,29.43,EASIER
5,25.0,200.32,24,6,4,59.73,EASIER
4,26.23,190.01,22,7,3,73.1,EASIER
4,40.53,130.27,15,0,0,76.97,HARDER
2,32.67,105.02,10,4,2,66.3,EASIER
1,69.96,41.34,3,1,1,67.15,SAME
2,38.7,78.54,8,2,1,76.45,SAME
4,28.61,123.3,15,0,0,83.08,HARDER
5,25.0,177.28,23,5,4,75.68,EASIER
5,26.81,229.32,23,5,2,49.28,HARDER
5,26.21,296.85,25,7,5,42.11,EASIER
5,25.0,300.0,27,9,8,50.87,EASIER
5,30.82,164.06,20,2,2,80.62,EASIER
4,33.13,176.94,17,2,1,49.39,EASIER
2,49.8,48.73,6,0,0,53.22,SAME
1,100.0,43.53,2,0,0,68.63,HARDER
1,68.06,34.6,3,1,0,100.0,HARDER
3,33.47,82.18,12,0,0,88.81,HARDER
3,31.54,75.44,12,0,0,91.59,HARDER
5,25.0,300.0,22,4,4,57.86,EASIER
4,30.62,95.0,15,0,0,88.24,HARDER
2,48.19,54.32,6,0,0,79.02,HARDER
2,36.01,70.49,8,2,0,82.54,HARDER
2,36.95,81.31,8,2,1,70.19,EASIER
2,44.91,52.42,7,1,0,83.35,HARDER
2,31.61,91.61,9,3,1,65.36,HARDER
1,98.8,34.31,2,0,0,75.85,HARDER
4,28.37,175.86,20,5,0,78.79,HARDER
1,100.0,38.33,2,0,0,56.22,SAME
3,30.26,93.95,12,0,0,82.0,HARDER
4,27.72,250.0,21,6,4,76.28,EASIER
4,25.0,154.6,23,8,4,75.62,SAME
4,25.03,231.85,19,4,3,62.05,EASIER
1,99.5,22.78,2,0,0,63.63,SAME
3,29.41,108.56,15,3,1,62.95,SAME
4,29.08,99.04,15,0,0,86.43,HARDER
2,44.49,63.53,7,1,0,96.01,HARDER
2,41.05,75.0,7,1,1,60.26,SAME
4,25.0,228.86,21,6,4,61.79,EASIER
5,25.0,251.99,23,5,2,63.57,EASIER
2,46.8,72.14,7,1,0,47.66,SAME
5,32.53,222.84,23,5,1,54.65,SAME
1,100.0,27.61,2,0,0,90.35,HARDER
1,48.74,32.3,4,2,0,71.91,HARDER
3,25.0,130.26,17,5,0,44.53,SAME
5,29.63,187.41,21,3,3,81.84,EASIER
1,61.27,41.99,3,1,0,68.58,HARDER
3,25.0,190.52,18,6,2,66.79,SAME
4,32.81,174.4,17,2,2,65.65,EASIER
3,29.58,104.71,13,1,1,72.1,EASIER
1,100.0,33.91,2,0,0,85.19,HARDER
3,29.15,113.23,14,2,0,76.98,HARDER
4,25.0,183.34,18,3,3,48.9,EASIER
5,25.0,155.6,21,3,2,74.14,EASIER
3,27.45,151.03,15,3,2,60.22,EASIER
3,27.5,147.22,14,2,2,70.8,EASIER
1,62.23,20.0,3,1,0,60.53,SAME
5,25.0,259.55,23,5,1,62.11,EASIER
3,25.0,169.39,19,7,2,54.26,SAME
4,26.68,173.16,19,4,1,62.9,SAME
4,29.31,139.13,19,4,0,78.24,HARDER
5,34.15,155.28,19,1,1,76.23,EASIER
5,31.82,234.37,22,4,2,58.7,EASIER
5,34.25,242.28,20,2,2,49.73,EASIER
5,25.0,260.81,24,6,3,68.73,EASIER
3,35.55,86.82,13,1,0,72.82,HARDER
1,98.16,25.67,2,0,0,92.55,HARDER
4,25.0,147.54,20,5,0,72.34,HARDER
4,31.88,134.13,17,2,2,54.8,EASIER
4,29.73,163.03,19,4,3,57.72,EASIER
4,30.88,129.04,17,2,0,85.27,HARDER
1,93.42,43.82,2,0,0,62.76,SAME
1,41.4,36.78,5,3,0,72.43,HARDER
4,36.3,84.52,15,0,0,100.0,HARDER
3,28.05,81.14,14,2,0,53.56,SAME
2,39.51,84.59,7,1,1,75.62,EASIER
3,25.5,86.69,13,1,0,82.16,HARDER
2,26.27,93.87,12,6,1,50.73,SAME
1,97.91,25.17,2,0,0,100.0,HARDER
4,30.08,101.42,16,1,0,64.57,SAME
1,37.61,56.96,5,3,1,58.36,SAME
4,29.48,157.17,19,4,1,95.12,SAME
1,65.12,48.36,3,1,1,62.16,SAME
1,96.07,21.16,2,0,0,82.55,HARDER
4,32.8,106.94,17,2,0,72.66,HARDER
3,28.65,114.09,14,2,0,70.36,HARDER
1,59.4,62.77,3,1,1,45.14,SAME
1,39.74,72.52,6,4,3,47.46,SAME
5,25.0,268.59,28,10,6,60.72,EASIER
2,40.09,72.88,8,2,1,79.04,EASIER
5,26.88,240.42,24,6,4,58.69,EASIER
3,25.0,127.47,16,4,1,74.47,SAME
5,26.88,240.14,24,6,3,63.06,EASIER
4,26.99,139.21,16,1,1,66.14,EASIER
4,29.36,167.14,19,4,3,54.38,EASIER
4,31.3,128.28,17,2,1,61.17,EASIER
1,68.88,35.74,3,1,0,44.17,SAME
5,26.93,205.31,22,4,2,53.43,EASIER
2,51.38,47.16,6,0,0,76.46,HARDER
4,37.2,163.55,16,1,1,66.79,EASIER
4,37.1,177.06,16,1,1,67.27,EASIER
2,43.3,55.19,6,0,0,100.0,HARDER
4,29.89,204.59,21,6,2,74.92,SAME
2,50.3,55.79,6,0,0,81.82,HARDER
2,52.91,56.33,6,0,0,89.3,HARDER
2,47.32,51.99,7,1,0,57.41,SAME
5,29.06,150.47,18,0,0,63.25,SAME
4,36.96,99.16,15,0,0,74.79,HARDER
4,29.4,134.41,18,3,1,67.49,SAME
3,32.44,68.72,12,0,0,94.77,HARDER
2,47.83,60.32,6,0,0,81.3,HARDER
4,29.24,189.85,17,2,1,52.44,EASIER
3,35.65,86.49,13,1,0,82.23,HARDER
1,100.0,20.0,2,0,0,68.78,HARDER
5,25.0,140.84,24,6,1,65.38,SAME
2,49.57,49.3,6,0,0,86.52,HARDER
5,28.96,286.88,22,4,4,50.62,EASIER
5,29.44,161.33,20,2,1,83.43,EASIER
1,98.51,26.63,2,0,0,90.87,HARDER
2,39.89,64.27,8,2,0,62.88,EASIER
5,30.58,204.71,21,3,1,65.4,EASIER
1,40.04,29.74,5,3,0,45.09,SAME
4,25.0,132.09,18,3,1,77.24,SAME
3,25.0,164.77,17,5,2,64.82,EASIER
4,28.97,133.44,17,2,2,68.65,EASIER
2,52.35,57.06,6,0,0,88.19,HARDER
5,26.33,142.85,22,4,1,70.03,SAME
2,47.02,67.32,6,0,0,61.31,SAME
4,25.0,250.0,26,11,6,55.77,EASIER
3,27.93,130.28,14,2,0,54.55,SAME
1,98.63,20.52,2,0,0,88.24,HARDER
5,29.44,229.7,23,5,0,71.82,SAME
4,28.77,210.96,18,3,1,62.61,EASIER
1,26.78,77.75,7,5,0,64.88,SAME
2,51.67,40.88,6,0,0,93.91,HARDER
4,25.0,188.68,23,8,5,57.09,EASIER
5,25.0,300.0,26,8,6,49.06,EASIER
1,100.0,27.93,2,0,0,78.32,HARDER
1,99.13,20.0,2,0,0,87.01,HARDER
5,36.89,153.88,19,1,1,100.0,EASIER
5,34.41,184.67,18,0,0,72.02,SAME
4,25.0,147.16,20,5,1,46.81,SAME
1,63.94,50.2,3,1,0,66.38,HARDER
5,25.69,244.11,25,7,4,45.7,EASIER
5,32.54,245.26,21,3,1,50.94,EASIER
1,100.0,34.07,2,0,0,71.81,HARDER
1,100.0,24.5,2,0,0,87.7,HARDER
1,39.73,46.58,6,4,1,58.44,SAME
1,93.19,36.86,2,0,0,62.56,SAME
2,51.33,63.16,6,0,0,89.48,HARDER
5,25.0,243.65,25,7,4,58.07,EASIER
5,34.68,156.34,18,0,0,90.89,SAME
5,26.31,215.79,24,6,2,72.06,SAME
5,26.82,197.7,23,5,2,80.22,EASIER
2,51.82,49.79,6,0,0,76.46,HARDER
5,25.0,232.82,23,5,1,66.02,SAME
3,31.73,88.19,14,2,1,86.98,EASIER
4,28.07,140.11,17,2,1,69.08,EASIER
3,29.92,96.5,12,0,0,79.36,HARDER
1,98.25,25.97,2,0,0,55.23,SAME
5,36.15,163.87,18,0,0,87.08,SAME
1,100.0,25.38,2,0,0,70.77,HARDER
5,25.0,272.08,27,9,3,61.45,EASIER
5,25.0,226.49,27,9,4,52.42,EASIER
3,28.89,145.72,14,2,1,58.39,EASIER
4,25.0,194.7,21,6,3,57.07,EASIER
2,54.19,62.4,6,0,0,73.94,HARDER
1,97.1,44.34,2,0,0,62.86,SAME
5,36.42,236.72,21,3,1,50.2,EASIER
4,28.68,123.21,17,2,1,95.12,EASIER
1,100.0,26.77,2,0,0,91.56,HARDER
4,25.0,189.58,19,4,2,74.45,EASIER
4,25.0,221.25,24,9,4,75.42,EASIER
5,32.83,169.35,20,2,1,63.32,EASIER
1,99.06,21.05,2,0,0,83.99,HARDER
1,69.52,36.98,3,1,0,51.35,SAME
4,25.0,135.62,19,4,3,55.41,EASIER
4,34.15,114.9,15,0,0,41.79,SAME
1,98.37,35.5,2,0,0,73.96,HARDER
2,41.9,51.85,7,1,0,83.42,HARDER
2,39.16,47.53,7,1,0,67.44,HARDER
4,25.0,160.67,19,4,2,74.86,EASIER
3,25.0,145.0,18,6,2,52.09,EASIER
1,42.86,65.01,5,3,1,51.94,SAME
2,29.23,111.14,12,6,2,74.1,SAME
1,42.06,63.81,5,3,1,60.43,SAME
4,25.0,145.82,23,8,1,71.09,HARDER
3,27.34,107.87,14,2,0,68.32,HARDER
1,49.54,62.53,4,2,1,71.75,EASIER
4,30.49,175.57,16,1,0,79.95,HARDER
1,100.0,36.51,2,0,0,65.42,EASIER
1,100.0,31.83,2,0,0,76.62,HARDER
3,26.37,112.39,14,2,1,66.24,EASIER
2,48.3,41.7,6,0,0,86.78,HARDER
5,26.41,175.52,27,9,6,55.97,EASIER
2,25.0,113.94,12,6,2,72.98,SAME
1,100.0,22.19,2,0,0,100.0,HARDER
2,40.53,74.78,7,1,0,60.67,SAME
2,59.5,49.83,6,0,0,92.35,HARDER
4,39.03,94.72,15,0,0,100.0,HARDER
5,32.45,203.62,19,1,0,63.24,SAME
4,25.0,173.28,21,6,2,37.22,EASIER
3,27.72,181.05,17,5,2,67.86,EASIER
5,28.61,207.18,19,1,0,63.84,SAME
4,25.34,183.44,19,4,2,63.65,EASIER
3,25.0,137.94,15,3,2,53.71,EASIER
1,67.19,36.84,3,1,0,75.04,HARDER
4,25.43,189.04,20,5,1,54.74,SAME
1,100.0,29.88,2,0,0,82.42,HARDER
3,25.0,160.44,16,4,2,46.49,EASIER
3,26.64,134.76,14,2,2,58.52,EASIER
1,41.63,63.71,5,3,1,42.31,SAME
1,97.78,20.0,2,0,0,71.14,HARDER
5,29.18,144.16,19,1,1,60.7,EASIER
3,27.99,153.94,14,2,1,62.36,EASIER
3,25.05,122.61,16,4,3,61.54,EASIER
5,25.0,300.0,24,6,3,34.09,EASIER
1,99.17,40.64,2,0,0,65.63,HARDER
2,50.48,74.27,6,0,0,69.27,HARDER
4,25.0,228.33,21,6,5,25.0,SAME
3,30.64,140.14,16,4,1,72.37,SAME
1,99.09,20.0,2,0,0,98.53,HARDER
4,25.0,246.76,23,8,5,39.13,EASIER
4,25.0,182.36,20,5,3,66.66,EASIER
3,35.63,66.21,12,0,0,90.8,HARDER
5,27.15,192.88,22,4,2,72.01,EASIER
2,41.36,70.95,7,1,1,63.96,EASIER
3,27.89,92.28,14,2,2,82.24,EASIER
1,36.98,40.5,6,4,0,61.69,SAME
2,28.87,85.5,9,3,1,72.73,SAME
2,44.68,47.34,6,0,0,89.3,HARDER
4,28.54,210.02,17,2,2,51.98,EASIER
3,27.47,126.89,13,1,0,69.92,HARDER
5,25.0,214.47,21,3,2,63.14,EASIER
5,25.0,234.77,23,5,3,64.57,EASIER
1,100.0,20.0,2,0,0,76.73,HARDER
3,25.98,122.99,13,1,1,70.52,EASIER
1,98.99,28.36,2,0,0,93.03,HARDER
4,25.0,179.02,19,4,2,69.58,EASIER
2,31.48,64.94,9,3,0,59.82,SAME
2,43.02,91.3,7,1,1,71.61,EASIER
3,33.84,87.61,12,0,0,100.0,HARDER
4,25.0,204.56,21,6,3,59.59,EASIER
2,40.09,88.75,8,2,0,46.33,SAME
4,27.69,187.28,17,2,0,72.08,SAME
1,67.05,21.43,3,1,0,95.75,HARDER
3,30.97,160.92,13,1,1,51.96,EASIER
1,95.34,41.16,2,0,0,70.7,HARDER
4,26.34,212.47,20,5,4,47.25,EASIER
1,100.0,34.78,2,0,0,63.97,SAME
2,40.26,56.11,7,1,0,62.41,SAME
5,30.55,246.94,20,2,2,58.49,EASIER
5,31.88,131.95,20,2,1,97.85,EASIER
1,69.73,35.31,3,1,0,79.33,HARDER
2,52.65,43.86,6,0,0,72.5,HARDER
4,25.0,169.64,18,3,2,57.58,EASIER
4,37.51,163.46,16,1,0,55.68,SAME
5,29.21,134.92,19,1,0,94.22,EASIER
5,25.0,300.0,31,13,10,38.5,EASIER
5,30.64,189.95,21,3,1,66.67,SAME
2,48.9,56.06,6,0,0,76.36,HARDER
1,25.0,98.49,10,8,1,38.34,SAME
2,46.92,54.71,7,1,1,86.42,EASIER
5,28.48,178.68,21,3,1,55.96,EASIER
3,27.36,146.77,15,3,1,62.12,SAME
1,94.02,31.94,2,0,0,80.16,HARDER
1,94.75,28.62,2,0,0,90.66,HARDER
1,96.65,30.17,2,0,0,58.59,SAME
5,32.48,290.19,19,1,1,49.25,EASIER
2,30.61,66.69,9,3,0,54.92,SAME
3,31.67,147.57,15,3,1,66.2,SAME
4,32.22,151.97,16,1,1,58.84,EASIER
1,51.03,38.62,4,2,0,64.06,SAME
1,100.0,20.0,2,0,0,69.72,HARDER
1,64.83,45.67,3,1,0,86.85,HARDER
1,99.86,36.85,2,0,0,42.56,SAME
4,25.72,250.0,19,4,2,35.68,EASIER
2,40.9,76.6,8,2,0,62.69,SAME
1,95.64,20.0,2,0,0,71.53,HARDER
2,34.43,104.89,9,3,0,47.58,SAME
2,50.37,64.45,6,0,0,65.59,HARDER
5,30.46,227.12,20,2,1,72.06,EASIER
5,25.0,300.0,24,6,4,50.58,EASIER
3,32.9,106.75,14,2,0,51.6,SAME
1,99.62,27.93,2,0,0,74.73,HARDER
2,40.45,97.31,7,1,0,61.59,SAME
1,67.33,38.78,3,1,0,39.6,SAME
4,30.47,170.96,17,2,2,56.39,EASIER
1,100.0,28.08,2,0,0,44.57,SAME
2,35.37,84.36,9,3,2,58.7,EASIER
5,25.0,182.77,23,5,1,69.72,SAME
2,42.53,50.24,7,1,0,76.47,HARDER
2,43.63,64.16,7,1,0,79.26,HARDER
3,30.92,69.3,12,0,0,100.0,HARDER
5,25.0,223.97,23,5,2,54.79,EASIER
4,26.89,239.08,18,3,3,43.29,EASIER
1,100.0,24.87,2,0,0,78.82,HARDER
4,33.08,131.43,16,1,0,75.96,HARDER
3,26.21,115.33,14,2,1,85.88,EASIER
2,40.61,69.88,8,2,0,68.65,HARDER
3,29.09,89.1,13,1,1,71.94,EASIER
2,42.19,67.29,8,2,0,59.58,SAME
1,99.13,23.96,2,0,0,90.63,HARDER
2,34.86,69.71,8,2,0,91.16,HARDER
5,25.15,185.45,22,4,1,70.26,SAME
4,27.42,216.06,19,4,4,67.96,EASIER
1,100.0,28.35,2,0,0,77.96,HARDER
5,25.0,300.0,26,8,6,44.68,EASIER
2,50.66,80.16,6,0,0,50.71,SAME
1,25.0,58.16,8,6,0,63.06,SAME
5,25.1,165.76,23,5,1,71.2,SAME
4,25.0,151.32,19,4,1,65.25,SAME
3,25.0,142.41,17,5,2,58.97,EASIER
5,30.8,201.54,20,2,1,54.33,EASIER
4,27.48,203.06,21,6,3,59.14,EASIER
5,25.0,242.59,21,3,1,59.46,EASIER
4,35.03,174.42,16,1,0,48.68,SAME
4,25.0,223.53,23,8,4,44.19,EASIER
3,25.0,167.58,19,7,3,72.69,EASIER
5,32.12,161.41,18,0,0,68.89,SAME
3,29.02,67.24,13,1,0,93.33,HARDER
1,95.37,42.95,2,0,0,57.45,SAME
1,92.37,20.0,2,0,0,90.67,HARDER
2,50.63,56.13,6,0,0,99.97,HARDER
2,37.99,91.8,8,2,0,52.52,SAME
3,25.0,178.1,18,6,3,70.72,EASIER
2,47.96,45.0,6,0,0,94.23,HARDER
4,30.81,119.62,16,1,0,86.94,HARDER
3,28.14,134.51,15,3,0,50.81,SAME
4,25.0,239.46,23,8,6,41.96,EASIER
5,25.0,265.15,27,9,4,37.76,EASIER
2,40.15,69.28,8,2,0,67.7,HARDER
4,25.0,114.9,17,2,0,74.65,HARDER
1,99.22,44.5,2,0,0,74.03,HARDER
4,25.0,180.62,22,7,4,40.96,EASIER
2,43.64,76.73,7,1,1,70.15,EASIER
3,30.5,91.27,14,2,1,70.93,EASIER
4,26.41,188.78,19,4,3,58.28,EASIER
5,34.16,214.41,21,3,0,77.89,SAME
4,26.92,184.62,19,4,3,62.15,EASIER
1,65.64,35.43,3,1,0,38.72,SAME
3,26.34,107.3,14,2,1,79.54,EASIER
4,25.0,242.54,21,6,2,54.93,EASIER
5,38.15,135.18,18,0,0,63.02,SAME
1,100.0,20.0,2,0,0,96.53,HARDER
3,26.86,131.69,16,4,0,76.87,HARDER
4,28.05,171.95,19,4,3,57.26,EASIER
4,30.49,113.67,15,0,0,56.42,SAME
3,26.35,113.76,17,5,3,72.22,EASIER
3,25.0,162.11,18,6,3,52.76,EASIER
5,25.17,156.74,21,3,1,97.26,SAME
3,25.0,158.39,16,4,2,40.21,EASIER
4,29.69,163.45,16,1,1,79.48,EASIER
3,26.94,78.85,12,0,0,76.08,HARDER
5,26.09,267.39,22,4,3,54.12,EASIER
3,31.96,101.99,13,1,1,49.89,EASIER
1,55.95,33.03,4,2,1,66.99,SAME
3,29.88,130.82,16,4,2,47.15,EASIER
1,77.0,54.67,3,1,0,62.72,SAME
3,25.0,123.3,16,4,0,69.03,HARDER
5,25.0,268.94,23,5,4,53.79,EASIER
3,29.77,100.69,13,1,1,84.96,EASIER
2,44.81,74.12,6,0,0,77.65,HARDER
3,33.0,91.32,12,0,0,77.83,HARDER
1,100.0,23.27,2,0,0,80.16,HARDER
3,25.0,130.92,17,5,1,34.72,SAME
5,30.83,170.94,21,3,1,64.78,SAME
1,40.53,62.46,5,3,2,38.57,SAME
1,99.22,26.4,2,0,0,96.97,HARDER
3,37.73,100.09,12,0,0,93.01,HARDER
4,25.19,177.54,19,4,4,44.84,EASIER
4,29.32,149.68,19,4,1,79.8,SAME
4,31.28,93.24,17,2,1,74.63,EASIER
3,31.83,143.99,14,2,1,71.98,EASIER
5,32.03,246.66,21,3,2,65.26,EASIER
5,29.85,164.64,20,2,2,76.73,EASIER
2,51.74,51.33,6,0,0,99.88,HARDER
3,35.79,106.03,13,1,0,87.37,HARDER
4,30.32,151.15,19,4,3,69.78,EASIER
3,25.0,134.76,16,4,3,71.3,EASIER
2,29.22,76.17,9,3,0,68.45,HARDER
5,25.0,265.63,20,2,2,61.1,EASIER
4,25.0,184.62,21,6,5,44.88,EASIER
3,25.0,210.0,21,9,5,41.81,EASIER
3,25.0,207.75,20,8,5,47.53,EASIER
2,49.24,49.8,6,0,0,67.6,HARDER
1,64.94,22.21,3,1,0,98.79,HARDER
4,30.82,93.0,16,1,0,78.74,HARDER
2,25.0,117.24,12,6,2,49.15,EASIER
2,48.39,34.8,6,0,0,83.03,HARDER
1,54.06,41.94,4,2,0,71.49,SAME
3,30.58,94.57,14,2,0,79.56,HARDER
2,35.45,126.22,8,2,2,60.3,EASIER
4,25.0,204.77,19,4,0,70.77,SAME
3,25.0,158.77,18,6,2,35.09,EASIER
5,35.85,95.98,18,0,0,63.15,SAME
5,27.51,300.0,21,3,2,52.92,EASIER
2,29.24,98.43,11,5,2,70.7,SAME
3,25.0,143.56,17,5,1,55.05,SAME
4,29.4,133.46,18,3,1,70.6,SAME
3,30.96,180.37,16,4,4,46.12,EASIER
2,43.42,68.39,7,1,0,61.26,SAME
5,26.38,189.57,24,6,3,74.09,EASIER
2,33.45,68.25,8,2,1,74.81,EASIER
2,44.1,71.84,7,1,0,70.48,HARDER
3,28.95,109.2,14,2,0,68.51,HARDER
3,30.95,122.43,13,1,0,64.06,SAME
5,25.0,266.86,25,7,3,40.78,EASIER
1,52.68,28.75,4,2,0,54.71,SAME
5,25.0,278.0,25,7,2,59.77,EASIER
5,34.04,219.1,19,1,1,61.87,HARDER
2,51.29,46.44,6,0,0,62.46,SAME
5,25.0,196.56,22,4,2,68.43,EASIER
3,29.43,64.96,12,0,0,74.12,HARDER
1,100.0,33.55,2,0,0,57.43,SAME
5,29.67,188.87,21,3,3,87.34,EASIER
4,25.24,149.06,16,1,0,70.73,HARDER
1,25.0,54.37,10,8,1,54.16,SAME
4,25.0,165.66,22,7,1,69.25,HARDER
4,32.01,133.45,19,4,3,50.47,EASIER
3,33.81,102.52,12,0,0,80.89,HARDER
5,29.44,193.82,21,3,0,55.18,SAME
5,25.46,167.75,22,4,2,89.87,EASIER
1,99.64,31.56,2,0,0,78.34,HARDER
2,25.41,115.68,10,4,1,51.75,SAME
1,100.0,38.3,2,0,0,89.37,HARDER
4,32.38,132.96,15,0,0,89.81,HARDER
1,99.51,32.68,2,0,0,65.26,HARDER
2,37.01,65.83,8,2,0,76.21,HARDER
4,26.5,178.65,18,3,1,75.1,SAME
1,30.74,56.79,7,5,1,54.83,SAME
4,30.55,131.01,15,0,0,92.42,HARDER
5,26.67,240.69,24,6,4,75.91,EASIER
3,29.69,109.47,15,3,1,60.81,SAME
4,33.53,242.77,19,4,3,37.54,EASIER
4,33.08,184.95,16,1,1,79.86,EASIER
4,26.4,208.77,19,4,2,33.62,EASIER
2,47.8,62.11,6,0,0,91.97,HARDER
1,98.77,22.68,2,0,0,81.95,HARDER
1,66.03,38.89,3,1,0,71.91,HARDER
5,27.03,164.96,21,3,0,100.0,SAME
3,25.0,139.92,14,2,0,68.79,HARDER
4,35.67,111.13,15,0,0,80.99,HARDER
3,30.37,107.42,13,1,0,80.55,HARDER
2,44.48,55.18,6,0,0,65.66,HARDER
4,30.76,133.96,15,0,0,51.47,SAME
4,32.47,152.14,16,1,1,86.74,EASIER
2,35.36,103.11,9,3,1,54.21,SAME
2,40.84,54.01,7,1,0,82.88,HARDER
1,49.41,36.83,4,2,0,80.81,HARDER
1,68.43,47.75,3,1,0,50.94,SAME
5,30.69,228.88,20,2,0,72.35,SAME
5,26.08,234.64,25,7,2,55.07,EASIER
3,25.0,147.61,15,3,1,70.12,SAME
5,25.0,300.0,27,9,4,32.48,EASIER
3,35.76,69.34,12,0,0,84.26,HARDER
1,62.64,37.03,3,1,0,70.7,HARDER
1,100.0,26.81,2,0,0,74.23,HARDER
4,31.77,116.15,16,1,1,63.78,EASIER
5,25.84,137.08,21,3,1,84.06,SAME
4,25.0,186.58,22,7,3,62.87,EASIER
4,30.47,142.0,17,2,1,80.61,EASIER
2,42.45,64.15,7,1,0,78.87,HARDER
3,25.0,120.23,16,4,1,78.31,SAME
1,100.0,30.32,2,0,0,76.77,HARDER
4,32.43,166.65,17,2,1,52.38,EASIER
3,25.0,146.13,16,4,3,43.0,EASIER
3,25.0,152.44,17,5,2,64.57,EASIER
3,29.27,86.32,12,0,0,58.99,SAME
4,30.45,147.02,19,4,0,54.73,EASIER
4,31.71,136.29,16,1,1,74.45,EASIER
4,29.08,133.28,19,4,1,55.85,SAME
3,35.76,82.64,12,0,0,100.0,HARDER
3,31.08,101.33,12,0,0,66.55,HARDER
5,33.34,186.79,20,2,2,74.69,EASIER
5,30.83,193.03,21,3,0,82.86,SAME
1,69.29,53.59,3,1,1,68.75,SAME
1,51.21,34.3,4,2,0,41.23,SAME
4,25.0,222.85,20,5,5,57.27,EASIER
2,32.48,90.18,9,3,0,53.92,SAME
1,93.18,31.79,2,0,0,81.47,HARDER
4,26.43,250.0,25,10,3,55.64,EASIER
3,31.03,135.57,13,1,0,82.75,HARDER
4,27.5,109.89,17,2,0,91.95,HARDER
4,25.0,166.73,17,2,1,65.97,EASIER
1,98.2,38.74,2,0,0,69.16,HARDER
3,29.3,82.75,13,1,1,79.2,EASIER
5,28.96,171.56,20,2,0,62.7,SAME
1,48.9,33.74,4,2,0,71.43,HARDER
4,28.96,109.05,15,0,0,97.12,HARDER
2,35.9,61.92,7,1,0,69.95,HARDER
2,49.39,58.85,6,0,0,74.81,HARDER
4,30.28,110.66,15,0,0,91.65,HARDER
5,28.64,256.82,23,5,2,56.19,EASIER
1,43.54,38.98,4,2,0,80.42,HARDER
1,69.92,37.63,3,1,0,63.58,SAME
3,25.0,192.55,17,5,2,37.6,EASIER
3,25.52,81.43,13,1,0,100.0,HARDER
4,25.0,247.08,24,9,8,31.05,EASIER
1,100.0,20.17,2,0,0,61.86,SAME
2,36.63,73.26,8,2,0,84.37,HARDER
5,25.69,270.94,22,4,2,48.91,EASIER
2,39.29,53.46,7,1,0,84.1,HARDER
4,25.0,194.03,23,8,5,67.84,EASIER
5,27.04,232.51,23,5,5,72.54,EASIER
5,27.27,291.53,22,4,3,54.03,EASIER
1,44.51,65.32,5,3,1,73.08,SAME
3,26.78,103.76,14,2,1,46.48,EASIER
5,36.23,160.35,18,0,0,56.65,SAME
5,25.0,281.1,27,9,4,25.0,EASIER
3,32.32,130.45,15,3,1,67.0,SAME
4,28.26,116.93,16,1,0,92.53,HARDER
5,32.33,201.53,21,3,1,59.0,EASIER
5,25.11,181.38,21,3,1,87.02,SAME
5,31.05,149.61,18,0,0,100.0,SAME
3,25.44,182.98,19,7,3,46.55,EASIER
3,34.1,101.27,13,1,0,68.13,HARDER
3,25.0,162.36,19,7,3,60.22,EASIER
1,100.0,31.34,2,0,0,75.48,HARDER
2,48.72,48.11,6,0,0,78.9,HARDER
2,35.16,69.36,8,2,0,64.8,SAME
2,33.97,85.39,9,3,1,38.1,EASIER
2,39.32,60.99,8,2,0,69.78,SAME
2,48.69,46.56,6,0,0,82.31,HARDER
5,25.0,204.13,22,4,4,63.64,EASIER
5,31.3,208.41,20,2,1,62.15,EASIER
2,47.07,77.42,6,0,0,90.14,HARDER
5,28.63,175.4,22,4,3,71.21,EASIER
1,98.1,24.43,2,0,0,92.92,HARDER
5,30.23,228.22,22,4,2,88.09,EASIER
3,26.14,124.36,17,5,1,55.69,SAME
1,38.54,51.85,5,3,2,53.09,SAME
4,25.0,176.56,20,5,1,53.5,SAME
3,28.37,82.24,13,1,0,94.97,HARDER
4,33.47,226.36,16,1,1,49.65,HARDER
5,27.62,158.97,20,2,0,75.22,SAME
5,32.51,142.29,19,1,1,51.82,EASIER
2,49.21,30.0,6,0,0,100.0,HARDER
2,44.96,71.55,7,1,0,51.93,SAME
2,30.21,68.05,9,3,0,53.62,SAME
2,44.16,70.24,7,1,0,78.7,HARDER
4,30.04,96.41,17,2,0,78.23,HARDER
3,25.0,197.15,19,7,4,30.73,EASIER
1,93.6,25.76,2,0,0,63.1,SAME
5,25.77,208.79,23,5,2,74.4,EASIER
2,30.64,100.32,10,4,3,63.38,EASIER
4,32.78,142.91,16,1,1,74.13,EASIER
5,30.48,178.77,19,1,1,73.38,EASIER
3,28.98,89.31,12,0,0,89.86,HARDER
2,42.68,47.54,7,1,0,80.14,HARDER
1,39.09,31.3,5,3,0,48.85,SAME
5,26.13,220.19,22,4,2,59.67,EASIER
5,35.74,120.8,20,2,0,78.45,SAME
1,100.0,40.69,2,0,0,71.21,HARDER
2,31.11,99.14,9,3,0,55.48,SAME
2,46.72,54.55,6,0,0,65.83,HARDER
1,100.0,28.37,2,0,0,74.93,HARDER
5,25.0,276.85,28,10,6,33.08,EASIER
4,31.05,139.5,15,0,0,86.77,HARDER
1,72.68,20.0,3,1,0,87.04,HARDER
2,35.73,61.96,9,3,1,87.8,SAME
3,26.81,126.41,14,2,1,49.26,EASIER
2,41.97,63.2,7,1,0,73.59,HARDER
3,25.0,165.16,18,6,3,39.98,EASIER
3,25.06,120.14,14,2,0,45.64,SAME
2,43.81,54.44,7,1,0,71.71,HARDER
3,27.65,92.56,14,2,2,58.28,EASIER
5,25.56,277.43,23,5,3,40.99,EASIER
2,52.84,58.9,6,0,0,94.09,HARDER
5,26.42,179.14,21,3,0,86.77,SAME
4,25.0,250.0,23,8,5,49.24,EASIER
4,25.0,211.86,21,6,1,62.25,EASIER
2,36.96,84.69,8,2,2,74.15,HARDER
5,27.28,234.25,26,8,4,84.64,EASIER
2,52.84,45.49,6,0,0,92.83,HARDER
4,25.0,208.29,19,4,3,71.69,EASIER
1,96.3,40.28,2,0,0,51.78,SAME
5,25.0,300.0,25,7,4,27.09,EASIER
1,43.59,36.96,5,3,2,52.11,SAME
1,100.0,30.33,2,0,0,83.67,HARDER
1,96.3,20.0,2,0,0,100.0,HARDER
1,96.04,51.74,2,0,0,55.45,SAME
5,31.68,142.64,22,4,1,100.0,SAME
1,100.0,41.46,2,0,0,70.33,HARDER
5,28.15,177.2,20,2,2,86.96,EASIER
2,55.87,75.85,6,0,0,73.24,HARDER
5,29.56,254.05,20,2,1,62.69,EASIER
1,64.11,41.1,3,1,1,88.24,SAME
3,27.08,85.42,13,1,0,89.06,HARDER
2,35.72,80.81,8,2,1,61.47,EASIER
3,31.25,133.29,14,2,1,69.13,EASIER
3,26.25,142.5,14,2,2,78.85,EASIER
5,25.55,205.5,21,3,2,58.33,EASIER
4,35.24,155.99,16,1,1,69.55,EASIER
5,25.51,153.62,20,2,0,75.62,SAME
2,26.91,126.53,11,5,2,58.02,EASIER
2,50.89,52.22,6,0,0,80.66,HARDER
5,29.82,191.21,22,4,2,78.73,EASIER
5,25.0,272.75,25,7,3,66.78,EASIER
5,31.02,253.54,21,3,1,53.48,EASIER
3,35.69,112.44,13,1,1,78.2,EASIER
3,34.49,95.83,12,0,0,74.8,HARDER
4,28.54,183.1,21,6,3,64.52,EASIER
5,34.42,148.53,18,0,0,80.1,SAME
5,28.86,175.03,20,2,0,52.52,SAME
2,42.66,56.86,6,0,0,82.51,HARDER
4,25.0,189.2,21,6,5,50.29,EASIER
2,39.39,53.68,7,1,0,68.52,HARDER
1,100.0,34.35,2,0,0,68.21,HARDER
1,60.99,46.7,3,1,1,60.3,SAME
3,29.34,89.77,14,2,0,77.02,HARDER
2,46.75,68.32,6,0,0,51.31,SAME
2,50.04,44.12,6,0,0,99.48,HARDER
3,29.47,142.38,14,2,2,60.81,EASIER
1,56.52,50.25,4,2,0,76.59,HARDER
1,98.34,20.0,2,0,0,78.38,HARDER
1,71.0,60.76,3,1,1,47.77,SAME
4,26.31,145.75,17,2,2,89.56,EASIER
3,25.0,140.54,15,3,1,64.42,SAME
3,31.85,94.57,13,1,0,76.41,HARDER
4,25.0,240.42,21,6,3,55.52,EASIER
1,97.32,31.42,2,0,0,65.55,HARDER
4,26.03,186.16,23,8,4,47.24,EASIER
1,67.3,46.94,3,1,1,67.84,SAME
4,29.94,190.97,19,4,0,57.78,SAME
4,28.96,192.23,18,3,3,55.82,EASIER
3,28.22,93.24,13,1,0,90.31,HARDER
5,25.0,203.95,25,7,2,63.34,SAME
1,100.0,30.25,2,0,0,70.57,HARDER
5,36.07,120.21,19,1,1,69.76,EASIER
1,100.0,24.39,2,0,0,81.8,HARDER
3,29.29,118.62,14,2,1,72.7,EASIER
2,52.97,64.52,6,0,0,69.96,HARDER
1,100.0,20.0,2,0,0,85.11,HARDER
5,32.39,114.14,20,2,1,85.29,EASIER
4,33.56,177.1,19,4,3,65.39,EASIER
1,64.95,43.66,3,1,0,72.48,HARDER
2,49.45,70.97,6,0,0,65.73,HARDER
1,97.6,20.0,2,0,0,97.58,HARDER
3,27.31,134.67,14,2,1,44.42,EASIER
1,95.02,30.91,2,0,0,78.47,HARDER
1,100.0,20.0,2,0,0,80.44,HARDER
2,25.0,89.05,13,7,2,59.61,SAME
1,67.56,45.93,3,1,0,76.28,HARDER
1,49.57,44.36,4,2,1,58.02,SAME
1,100.0,27.36,2,0,0,99.83,HARDER
1,97.77,20.0,2,0,0,54.38,SAME
5,25.0,298.34,26,8,7,32.43,EASIER
1,65.53,49.44,3,1,0,52.12,SAME
1,51.71,26.82,4,2,0,68.12,HARDER
5,25.0,290.78,27,9,5,53.74,EASIER
4,27.34,87.1,15,0,0,90.32,HARDER
2,44.19,68.36,7,1,1,78.98,EASIER
2,47.54,48.59,6,0,0,97.09,HARDER
3,25.0,188.33,16,4,3,71.8,EASIER
4,33.58,118.69,16,1,1,84.96,EASIER
5,29.94,191.08,22,4,2,67.67,EASIER
2,40.9,61.6,7,1,0,51.52,SAME
3,25.0,172.39,18,6,3,34.99,EASIER
2,27.58,109.01,10,4,2,68.35,EASIER
3,31.6,106.28,13,1,0,78.33,HARDER
1,45.72,36.48,4,2,0,74.61,HARDER
1,53.36,31.79,4,2,1,54.91,SAME
3,28.19,129.89,15,3,2,59.64,EASIER
3,29.84,101.29,14,2,1,69.94,EASIER
5,29.29,189.08,20,2,0,52.69,SAME
1,98.28,23.1,2,0,0,56.49,SAME
1,25.0,73.81,8,6,4,54.62,SAME
2,58.23,34.43,6,0,0,86.79,HARDER
1,50.45,46.23,4,2,0,41.01,SAME
5,29.39,274.67,23,5,2,53.9,EASIER
3,25.83,127.98,17,5,2,50.2,EASIER
2,36.72,93.34,8,2,0,59.64,SAME
5,30.89,176.84,23,5,2,65.37,EASIER
4,25.0,214.53,23,8,2,53.12,EASIER
5,31.12,216.88,23,5,3,67.13,EASIER
4,25.0,194.16,19,4,2,63.53,EASIER
1,100.0,20.0,2,0,0,100.0,HARDER
4,25.0,151.94,19,4,4,68.63,EASIER
3,25.0,183.22,16,4,3,75.99,EASIER
1,96.07,20.0,2,0,0,82.12,HARDER
2,42.85,78.46,8,2,1,78.01,EASIER
2,32.85,40.74,8,2,1,70.4,EASIER
5,31.25,223.36,21,3,2,64.38,EASIER
5,28.84,175.59,20,2,1,72.72,EASIER
3,25.0,158.75,17,5,1,60.32,SAME
2,57.85,42.2,6,0,0,69.04,HARDER
1,67.12,20.87,3,1,0,85.69,HARDER
2,34.12,62.77,8,2,0,58.19,SAME
1,32.62,52.3,6,4,2,85.14,SAME
1,50.98,46.22,4,2,0,78.58,HARDER
2,48.89,118.61,7,1,0,43.28,SAME
5,33.76,183.9,19,1,1,91.22,EASIER
4,30.35,114.47,17,2,0,54.37,SAME
3,32.58,123.93,14,2,1,54.02,EASIER
5,30.5,278.26,19,1,1,55.28,EASIER
1,52.64,45.35,4,2,1,48.23,SAME
5,27.25,278.84,22,4,2,34.24,EASIER
4,28.04,207.39,20,5,4,56.61,EASIER
3,25.0,144.99,16,4,1,71.67,SAME
3,25.0,180.55,18,6,4,56.75,EASIER
3,30.56,179.46,14,2,1,36.02,EASIER
4,27.19,179.46,19,4,1,60.15,SAME
2,30.07,108.26,11,5,2,49.58,EASIER
4,28.96,177.67,17,2,1,80.79,EASIER
4,25.0,133.82,17,2,0,77.43,HARDER
5,29.95,178.42,21,3,1,69.78,SAME
4,28.54,178.75,18,3,2,80.51,EASIER
4,28.85,228.88,22,7,2,54.21,EASIER
1,71.82,32.5,3,1,0,78.34,HARDER
2,43.4,53.29,7,1,0,81.78,HARDER
1,98.12,20.0,2,0,0,100.0,HARDER
2,30.74,70.32,9,3,0,39.48,SAME
2,51.41,73.84,6,0,0,74.49,HARDER
5,29.28,206.54,20,2,1,64.94,EASIER
5,29.43,157.07,20,2,1,66.13,EASIER
4,25.0,165.71,20,5,0,69.61,HARDER
1,64.28,32.07,3,1,0,69.68,HARDER
4,32.41,171.01,15,0,0,72.31,HARDER
3,28.09,148.42,16,4,2,42.75,EASIER
2,39.04,55.74,7,1,0,71.42,HARDER
5,28.48,162.26,20,2,0,90.76,SAME
5,30.64,138.02,20,2,1,88.53,EASIER
3,27.33,102.17,13,1,1,74.51,EASIER
5,25.0,218.17,23,5,2,59.17,EASIER
3,25.0,143.08,16,4,2,74.78,EASIER
2,47.88,38.83,6,0,0,77.23,HARDER
2,42.97,58.72,7,1,0,74.38,HARDER
2,52.99,47.31,6,0,0,98.06,HARDER
2,47.13,47.23,7,1,0,59.41,SAME
2,51.54,32.27,6,0,0,86.74,HARDER
2,57.8,61.33,6,0,0,98.32,HARDER
2,52.4,53.38,6,0,0,80.73,HARDER
3,27.17,101.91,13,1,0,88.34,HARDER
1,50.08,39.74,4,2,1,69.99,SAME
1,100.0,20.0,2,0,0,80.57,HARDER
5,25.0,149.57,20,2,1,86.11,EASIER
4,31.68,112.66,18,3,2,70.63,EASIER
3,29.98,99.61,13,1,1,80.86,EASIER
5,28.98,162.75,20,2,0,72.69,SAME
2,37.64,81.8,8,2,0,64.89,SAME
3,32.55,112.99,13,1,0,74.82,HARDER
5,25.0,231.37,22,4,2,59.12,EASIER
5,37.52,142.71,18,0,0,100.0,SAME
3,37.88,117.04,14,2,1,71.98,EASIER
1,35.32,61.99,6,4,1,52.64,SAME
3,25.0,128.0,16,4,2,71.98,EASIER
5,30.89,247.44,22,4,1,52.43,EASIER
4,33.25,114.97,16,1,0,67.98,HARDER
1,97.4,20.0,2,0,0,84.86,HARDER
5,32.47,228.63,20,2,2,55.28,EASIER
2,37.02,106.79,8,2,1,33.27,EASIER
1,37.27,29.77,5,3,0,75.84,HARDER
5,25.02,196.18,22,4,0,55.15,SAME
3,26.29,147.19,14,2,0,49.96,SAME
4,25.0,142.92,19,4,1,70.96,SAME
2,47.17,59.09,7,1,0,69.79,HARDER
4,29.35,90.72,15,0,0,73.24,HARDER
5,25.0,211.41,27,9,4,52.35,EASIER
4,26.37,166.68,19,4,1,75.56,SAME
1,68.98,53.16,3,1,1,67.05,SAME
1,100.0,20.0,2,0,0,90.55,HARDER
2,42.07,69.83,7,1,0,74.94,HARDER
3,25.0,159.88,20,8,2,54.71,SAME
5,25.57,196.77,23,5,1,54.4,SAME
1,50.89,31.85,4,2,0,47.67,SAME
5,29.92,160.47,19,1,0,93.63,SAME
2,48.2,67.87,6,0,0,66.9,HARDER
3,32.97,89.05,12,0,0,100.0,HARDER
4,27.54,234.14,18,3,2,42.88,EASIER
2,43.65,52.24,7,1,0,95.44,HARDER
4,33.28,86.8,15,0,0,75.07,HARDER
5,34.09,176.68,21,3,0,72.87,SAME
1,65.6,27.13,3,1,1,72.49,SAME
5,29.21,188.62,21,3,3,68.47,EASIER
3,25.0,188.84,18,6,3,45.65,EASIER
5,26.38,216.97,23,5,2,76.19,EASIER
4,27.61,165.87,17,2,0,86.54,HARDER
2,48.15,39.9,6,0,0,85.21,HARDER
2,38.21,53.74,7,1,0,71.05,HARDER
3,25.27,156.05,14,2,2,42.57,EASIER
2,36.73,59.47,7,1,1,80.79,EASIER
4,28.88,114.65,16,1,1,59.5,EASIER
2,25.0,99.11,14,8,3,79.13,SAME
4,31.55,139.89,16,1,1,73.39,EASIER
3,31.65,143.68,14,2,0,56.66,SAME
1,99.2,26.32,2,0,0,66.31,HARDER
2,47.06,66.96,6,0,0,88.59,HARDER
2,53.19,31.16,6,0,0,96.9,HARDER
3,35.24,112.57,12,0,0,88.26,HARDER
4,31.02,112.05,15,0,0,60.37,SAME
3,25.57,112.97,15,3,1,86.58,SAME
4,29.93,160.22,19,4,1,54.73,SAME
1,49.98,41.5,4,2,0,78.6,HARDER
3,34.87,94.52,12,0,0,76.18,HARDER
2,44.42,77.43,6,0,0,64.74,SAME
1,49.61,66.86,4,2,0,66.87,HARDER
5,35.17,160.64,22,4,1,55.8,SAME
1,100.0,23.73,2,0,0,69.34,HARDER
3,36.55,51.12,12,0,0,80.04,HARDER
3,25.0,181.86,19,7,2,42.78,EASIER
5,33.24,137.35,18,0,0,92.96,SAME
4,34.05,165.05,18,3,2,80.06,EASIER
3,30.79,100.81,13,1,1,100.0,EASIER
1,49.75,36.22,4,2,0,55.3,SAME
1,64.45,38.99,3,1,1,52.82,SAME
1,68.98,20.56,3,1,0,65.41,HARDER
1,68.27,59.32,3,1,1,29.69,SAME
2,39.61,65.95,7,1,0,45.89,SAME
1,66.32,56.56,3,1,0,77.56,HARDER
1,68.73,43.54,3,1,0,44.72,SAME
5,33.52,227.87,25,7,2,53.12,EASIER
2,44.84,52.2,6,0,0,100.0,HARDER
3,28.82,96.03,14,2,0,100.0,HARDER
2,38.23,58.76,7,1,0,67.48,HARDER
2,35.26,102.47,8,2,0,30.13,SAME
3,25.0,136.49,17,5,3,57.48,EASIER
4,26.48,212.26,22,7,2,46.74,EASIER
4,28.14,132.61,17,2,1,73.38,EASIER
4,25.0,193.21,25,10,3,57.67,SAME
3,33.83,127.66,14,2,1,59.86,EASIER
3,31.27,83.96,12,0,0,99.7,HARDER
3,25.0,129.38,14,2,0,71.36,HARDER
3,31.31,133.73,14,2,1,47.11,EASIER
4,30.45,128.9,18,3,0,80.33,HARDER
3,32.29,86.72,12,0,0,84.6,HARDER
3,29.62,183.03,17,5,4,54.58,EASIER
2,25.0,160.0,18,12,9,35.75,EASIER
3,27.65,136.79,14,2,0,72.15,HARDER
4,25.25,156.96,18,3,1,67.24,SAME
1,30.1,68.86,7,5,3,80.37,SAME
4,29.3,181.76,18,3,2,56.62,EASIER
1,99.25,23.88,2,0,0,68.73,HARDER
4,32.26,109.39,18,3,1,52.37,SAME
3,25.0,109.07,16,4,0,75.2,HARDER
5,31.7,189.69,19,1,0,57.44,SAME
5,29.42,172.81,21,3,1,57.85,EASIER
5,36.47,121.01,19,1,0,95.55,SAME
5,37.43,142.74,21,3,1,81.54,SAME
2,28.7,102.0,9,3,2,47.36,EASIER
4,34.29,122.84,15,0,0,89.15,HARDER
1,46.14,61.76,4,2,2,56.28,SAME
4,27.42,148.09,17,2,1,82.39,EASIER
3,25.0,153.65,15,3,2,54.62,EASIER
3,31.46,60.41,12,0,0,84.0,HARDER
4,31.26,104.96,16,1,1,88.85,EASIER
5,30.21,230.66,20,2,2,48.95,EASIER
2,50.72,57.41,6,0,0,73.79,HARDER
5,28.2,175.67,22,4,2,85.52,EASIER
1,64.25,40.95,3,1,0,61.32,SAME
3,32.16,55.51,12,0,0,80.42,HARDER
3,27.37,83.11,14,2,0,78.12,HARDER
5,25.06,235.96,23,5,3,89.51,EASIER
5,35.39,139.08,18,0,0,91.28,SAME
2,50.74,53.88,6,0,0,80.33,HARDER
1,100.0,36.39,2,0,0,55.82,SAME
2,34.31,42.72,8,2,0,64.94,SAME
5,36.07,130.21,18,0,0,97.64,EASIER
2,35.96,85.31,9,3,0,74.53,HARDER
4,25.69,200.9,18,3,2,45.89,EASIER
3,25.0,156.22,16,4,2,52.95,EASIER
5,33.16,115.36,18,0,0,100.0,SAME
5,26.2,151.62,19,1,0,70.93,SAME
3,29.34,114.59,13,1,0,63.32,SAME
3,35.98,104.51,13,1,1,83.34,EASIER
4,33.27,100.46,15,0,0,98.81,HARDER
5,25.0,142.97,22,4,2,57.43,EASIER
4,28.28,157.27,17,2,1,63.66,EASIER
4,38.56,124.5,16,1,0,99.25,HARDER
4,25.0,200.46,23,8,5,66.98,EASIER
2,50.37,49.14,6,0,0,82.87,HARDER
5,25.59,300.0,22,4,3,58.69,EASIER
2,31.42,96.94,10,4,2,50.9,EASIER
4,31.21,143.39,16,1,0,65.7,HARDER
1,100.0,20.0,2,0,0,60.08,SAME
5,29.76,249.75,23,5,4,59.25,EASIER
3,27.27,130.13,15,3,2,67.31,EASIER
1,25.0,88.24,8,6,4,50.97,SAME
5,32.61,162.65,19,1,1,59.65,EASIER
2,49.09,39.23,6,0,0,100.0,HARDER
2,46.51,70.03,7,1,1,62.2,EASIER
5,42.34,189.6,18,0,0,74.6,SAME
1,97.79,29.69,2,0,0,70.28,HARDER
4,35.83,107.71,15,0,0,70.26,HARDER
3,25.0,194.69,19,7,2,47.89,EASIER
2,33.16,58.61,9,3,0,65.87,HARDER
4,32.98,163.77,15,0,0,81.87,HARDER
3,30.39,115.69,15,3,2,61.56,EASIER
2,30.28,105.23,11,5,1,69.78,HARDER
3,33.07,80.25,12,0,0,96.47,HARDER
1,99.98,20.0,2,0,0,85.37,HARDER
1,42.13,59.01,5,3,1,64.0,SAME
4,35.92,158.23,16,1,0,65.23,HARDER
4,26.37,244.99,18,3,0,46.48,EASIER
5,33.6,220.38,19,1,1,62.07,EASIER
1,61.34,53.8,3,1,1,83.07,SAME
4,33.06,127.67,15,0,0,91.57,HARDER
5,26.83,156.74,18,0,0,62.82,SAME
1,95.13,33.68,2,0,0,100.0,SAME
1,100.0,26.02,2,0,0,89.69,HARDER
5,28.76,215.57,23,5,4,57.74,EASIER
2,33.65,72.48,8,2,0,64.85,SAME
5,25.0,300.0,28,10,5,63.82,EASIER
2,36.87,112.08,9,3,2,51.66,EASIER
1,100.0,32.77,2,0,0,88.89,HARDER
3,37.72,88.2,13,1,1,70.17,EASIER
2,25.0,137.93,12,6,5,71.13,EASIER
4,25.0,183.93,19,4,2,60.56,EASIER
3,37.46,88.66,12,0,0,58.5,SAME
2,30.59,101.24,9,3,1,52.2,SAME
4,25.0,246.65,21,6,4,54.77,EASIER
4,28.14,250.0,21,6,5,45.47,EASIER
5,28.3,170.14,21,3,1,74.62,SAME
3,25.0,182.89,18,6,4,51.74,EASIER
2,45.34,59.53,7,1,0,52.1,SAME
4,29.05,146.96,18,3,0,73.24,HARDER
5,25.15,232.6,23,5,3,63.96,SAME
1,100.0,22.47,2,0,0,62.25,SAME
2,36.24,98.7,10,4,2,49.32,EASIER
2,46.17,56.97,7,1,0,46.58,SAME
3,30.7,124.44,14,2,1,63.26,EASIER
3,36.16,92.51,12,0,0,77.43,HARDER
1,100.0,25.45,2,0,0,91.1,HARDER
5,25.0,207.51,23,5,2,74.28,EASIER
3,25.0,105.37,18,6,3,80.51,EASIER
3,29.21,86.27,14,2,1,81.54,EASIER
1,68.98,26.96,3,1,0,81.16,HARDER
1,50.91,50.63,4,2,0,64.08,SAME
3,27.72,92.39,16,4,1,50.9,SAME
1,97.53,33.96,2,0,0,73.45,HARDER
4,34.27,122.83,15,0,0,74.09,HARDER
4,35.15,93.46,15,0,0,70.44,HARDER
5,28.67,185.7,21,3,2,64.24,EASIER
1,47.03,41.0,4,2,1,62.33,SAME
4,25.63,122.33,17,2,1,77.82,EASIER
1,67.25,51.58,3,1,1,79.76,SAME
4,28.76,110.05,16,1,0,80.33,HARDER
4,33.92,121.91,15,0,0,83.29,HARDER
2,47.89,48.91,6,0,0,72.56,HARDER
4,26.39,157.18,21,6,1,60.31,SAME
3,33.23,120.24,13,1,1,59.61,EASIER
3,30.59,73.36,13,1,0,72.3,HARDER
4,31.62,202.38,17,2,1,56.24,EASIER
3,25.0,144.98,16,4,2,75.16,EASIER
5,25.0,298.86,23,5,5,25.0,EASIER
3,25.0,164.47,15,3,3,67.37,EASIER
4,26.28,187.06,17,2,0,68.34,SAME
5,25.14,226.55,21,3,2,61.36,EASIER
1,97.44,27.08,2,0,0,83.41,HARDER
2,37.56,43.61,8,2,0,55.93,SAME
4,32.81,107.37,15,0,0,92.6,HARDER
1,54.17,59.81,4,2,1,45.17,SAME
1,94.54,26.71,2,0,0,89.72,HARDER
4,28.65,148.36,16,1,0,68.35,HARDER
3,30.26,84.84,12,0,0,85.35,HARDER
4,30.95,113.48,18,3,0,62.64,SAME
3,33.8,70.67,12,0,0,69.79,HARDER
1,97.19,27.71,2,0,0,88.08,HARDER
5,30.57,187.7,20,2,1,75.51,EASIER
4,30.56,131.18,18,3,2,79.01,EASIER
1,100.0,20.0,2,0,0,61.18,SAME
2,48.98,51.16,6,0,0,100.0,HARDER
4,29.62,178.43,17,2,0,39.29,SAME
4,25.0,182.12,18,3,3,66.06,EASIER
5,25.0,291.87,27,9,6,51.76,EASIER
5,26.99,218.45,20,2,1,40.11,EASIER
2,37.98,67.11,8,2,0,49.11,SAME
4,25.0,177.49,19,4,1,69.05,SAME
3,34.17,115.79,12,0,0,80.32,HARDER
5,25.0,277.66,23,5,4,59.13,EASIER
4,29.36,137.05,15,0,0,59.12,SAME
2,44.11,71.13,8,2,0,78.12,HARDER
5,27.79,227.81,20,2,2,68.13,EASIER
1,47.35,58.95,4,2,0,36.68,SAME
1,67.58,37.18,3,1,0,63.5,SAME
3,26.92,183.0,17,5,3,30.64,EASIER
3,25.0,127.52,17,5,2,61.54,EASIER
2,36.94,84.51,8,2,1,32.95,EASIER
1,100.0,21.37,2,0,0,78.82,HARDER
3,28.22,90.1,14,2,1,53.99,EASIER
4,25.0,212.73,20,5,2,46.85,EASIER
1,99.84,20.0,2,0,0,57.9,SAME
1,44.39,46.87,4,2,1,52.01,SAME
2,50.87,73.32,7,1,0,72.25,HARDER
1,100.0,20.0,2,0,0,84.08,HARDER
5,27.41,254.91,23,5,5,42.43,EASIER
5,31.46,236.82,21,3,1,42.25,EASIER
5,30.03,161.1,20,2,0,64.36,SAME
4,25.68,153.38,19,4,0,83.48,HARDER
5,25.0,234.0,21,3,2,62.89,EASIER
3,36.79,68.12,12,0,0,83.05,HARDER
3,36.41,62.01,12,0,0,66.45,HARDER
1,100.0,30.4,2,0,0,62.89,SAME
2,29.58,88.33,9,3,0,59.4,SAME
3,25.0,158.18,17,5,2,80.99,SAME
4,31.79,125.52,15,0,0,100.0,HARDER
4,27.99,173.5,20,5,2,73.58,EASIER
3,35.45,134.8,13,1,0,74.16,HARDER
2,44.32,53.48,8,2,0,67.27,HARDER
1,36.62,83.46,6,4,2,45.04,SAME
4,25.0,151.64,17,2,1,59.8,EASIER
5,30.09,159.38,19,1,0,81.15,SAME
3,27.54,151.32,14,2,1,67.84,EASIER
4,32.47,165.34,15,0,0,51.58,EASIER
1,44.77,51.18,4,2,0,62.92,SAME
4,25.98,161.07,20,5,2,60.87,EASIER
1,97.89,27.37,2,0,0,74.02,HARDER
4,25.0,192.93,18,3,2,52.94,EASIER
4,25.0,240.52,21,6,3,59.87,EASIER
3,35.22,93.72,12,0,0,91.86,HARDER
3,28.59,88.65,13,1,0,71.91,HARDER
5,29.01,282.69,23,5,3,25.0,EASIER
3,35.27,103.68,13,1,1,67.86,EASIER
5,25.67,148.94,21,3,1,95.56,SAME
5,38.1,145.69,19,1,1,77.26,EASIER
5,33.78,164.77,19,1,0,77.86,SAME
4,31.35,183.26,18,3,3,56.04,EASIER
5,30.64,172.24,19,1,0,94.23,SAME
5,25.0,238.49,27,9,5,62.91,EASIER
4,26.57,175.61,21,6,4,49.52,EASIER
4,25.0,250.0,19,4,2,53.5,EASIER
1,25.15,75.25,6,4,1,59.87,SAME
4,30.48,250.0,21,6,4,43.28,EASIER
3,29.14,98.8,15,3,2,77.5,EASIER
4,33.07,183.36,18,3,1,43.93,EASIER
5,25.9,212.17,21,3,2,66.88,EASIER
4,28.57,175.46,18,3,0,74.11,HARDER
5,29.04,172.01,22,4,3,87.02,EASIER
2,52.06,48.12,6,0,0,100.0,HARDER
3,27.22,80.23,14,2,0,75.48,HARDER
1,98.51,24.64,2,0,0,52.61,SAME
1,99.28,27.68,2,0,0,48.09,SAME
2,37.0,74.98,8,2,2,54.55,EASIER
1,98.35,49.36,2,0,0,70.39,HARDER
4,33.49,110.28,15,0,0,82.79,HARDER
3,25.82,182.75,18,6,1,30.29,EASIER
5,25.0,259.7,20,2,0,47.31,EASIER
3,25.51,159.03,14,2,2,54.36,EASIER
1,100.0,20.0,2,0,0,60.82,SAME
1,100.0,24.24,2,0,0,71.66,HARDER
4,27.73,128.59,18,3,0,63.49,SAME
5,31.14,153.12,20,2,0,57.0,SAME
4,35.13,147.14,15,0,0,74.42,HARDER
1,100.0,46.41,2,0,0,70.47,HARDER
3,30.37,99.41,14,2,2,86.23,EASIER
1,43.78,46.88,4,2,0,88.56,HARDER
1,71.2,34.17,3,1,1,58.85,SAME
2,49.24,83.03,6,0,0,95.38,HARDER
1,27.18,61.71,7,5,1,72.26,HARDER
1,97.48,22.0,2,0,0,76.07,HARDER
2,33.46,78.48,8,2,0,64.88,SAME
2,39.63,57.18,7,1,1,79.13,EASIER
1,36.72,52.8,6,4,0,64.67,SAME
1,100.0,22.97,2,0,0,59.48,SAME
5,29.02,177.64,20,2,0,60.33,SAME
4,27.75,231.91,21,6,3,33.71,HARDER
4,27.35,150.05,16,1,0,52.1,SAME
5,26.26,153.71,20,2,0,74.08,SAME
5,27.79,187.75,22,4,2,88.92,EASIER
5,25.9,295.18,22,4,2,57.81,EASIER
2,26.64,86.75,10,4,1,49.77,SAME
3,33.07,97.91,13,1,0,78.23,HARDER
4,25.0,238.44,21,6,3,52.4,EASIER
2,52.47,31.55,6,0,0,63.86,SAME
1,67.82,20.0,3,1,0,74.33,HARDER
1,100.0,20.17,2,0,0,81.87,HARDER
1,47.6,37.32,4,2,1,66.43,SAME
2,40.03,57.41,8,2,0,96.38,HARDER
2,33.95,63.32,8,2,0,83.77,HARDER
2,55.77,46.12,6,0,0,85.58,HARDER
5,25.0,271.18,25,7,6,48.01,EASIER
5,29.89,241.84,22,4,2,54.32,EASIER
4,25.0,178.66,23,8,4,71.91,EASIER
5,25.0,234.65,23,5,1,55.49,SAME
4,26.62,248.47,20,5,2,42.17,EASIER
4,25.26,134.34,17,2,0,71.85,HARDER
2,34.98,52.44,8,2,1,69.32,EASIER
1,96.75,20.0,2,0,0,69.3,HARDER
2,55.2,57.97,6,0,0,89.13,HARDER
4,25.0,147.02,17,2,0,75.71,HARDER
1,99.93,29.75,2,0,0,65.39,HARDER
4,27.03,142.08,18,3,1,62.51,SAME
1,100.0,20.0,2,0,0,63.13,SAME
1,62.19,42.02,3,1,0,66.45,HARDER
4,25.0,214.89,23,8,2,56.19,EASIER
4,28.08,202.35,19,4,1,55.57,SAME
1,64.38,36.97,3,1,0,81.29,HARDER
4,33.23,112.11,15,0,0,85.2,HARDER
2,43.19,100.05,7,1,1,64.94,EASIER
1,26.64,63.56,7,5,1,34.61,SAME
5,30.8,147.22,20,2,0,81.74,SAME
1,100.0,20.0,2,0,0,79.15,HARDER
1,96.89,27.01,2,0,0,65.53,HARDER
5,26.35,188.69,23,5,3,76.13,HARDER
3,29.19,81.91,13,1,0,63.08,SAME
1,71.38,34.42,3,1,0,73.76,HARDER
1,97.96,20.45,2,0,0,100.0,HARDER
3,30.77,139.98,14,2,1,41.01,EASIER
2,55.06,65.19,6,0,0,87.76,HARDER
1,98.66,20.0,2,0,0,66.17,HARDER
5,25.0,262.53,25,7,3,65.28,EASIER
1,63.39,43.03,3,1,0,73.4,SAME
2,53.9,40.12,6,0,0,75.25,HARDER
2,43.94,77.51,7,1,0,58.52,SAME
4,25.61,186.07,20,5,3,63.66,EASIER
4,35.83,113.64,15,0,0,55.98,SAME
5,39.52,186.33,21,3,3,84.5,EASIER
5,25.0,294.72,24,6,4,37.19,EASIER
3,25.0,122.52,16,4,1,49.36,SAME
5,25.0,226.78,23,5,3,66.55,EASIER
2,40.09,52.14,8,2,0,87.21,HARDER
4,25.0,201.45,21,6,2,67.31,EASIER
1,100.0,34.74,2,0,0,88.97,HARDER
1,38.32,53.66,5,3,2,58.91,SAME
4,25.0,153.26,17,2,1,63.25,EASIER
3,31.07,205.27,17,5,4,68.23,EASIER
5,27.9,149.83,19,1,1,74.23,EASIER
3,30.63,85.3,13,1,0,68.93,SAME
1,47.23,49.38,5,3,0,76.29,HARDER
5,25.0,300.0,29,11,7,57.8,EASIER
5,26.03,177.73,21,3,2,77.23,EASIER
1,96.23,37.67,2,0,0,62.01,SAME
2,38.4,49.83,8,2,1,82.3,EASIER
4,32.3,89.94,16,1,0,66.38,HARDER
5,28.67,284.96,22,4,4,55.59,EASIER
3,28.59,168.76,15,3,2,55.58,EASIER
4,29.24,105.84,17,2,0,89.31,HARDER
4,27.11,168.36,20,5,3,57.43,EASIER
1,69.3,41.23,3,1,0,78.0,HARDER
4,35.92,118.76,16,1,1,62.42,EASIER
4,25.0,202.75,25,10,4,53.39,EASIER
2,54.73,58.62,6,0,0,76.55,HARDER
1,97.68,20.0,2,0,0,79.8,HARDER
4,25.0,224.99,26,11,6,54.41,EASIER
2,30.78,89.38,9,3,0,46.84,SAME
4,25.0,214.62,24,9,3,48.58,EASIER
2,32.56,82.49,8,2,0,52.42,SAME
4,25.0,246.78,21,6,5,64.81,EASIER
5,31.77,300.0,20,2,2,47.42,EASIER
3,25.0,159.28,16,4,1,48.79,SAME
4,32.78,215.84,18,3,2,40.42,EASIER
5,25.0,228.24,21,3,1,50.49,EASIER
2,49.52,62.1,6,0,0,72.3,HARDER
1,100.0,29.01,2,0,0,62.17,SAME
5,28.32,250.66,25,7,3,46.76,EASIER
1,97.96,39.67,2,0,0,78.51,HARDER
2,41.43,52.02,7,1,1,60.57,EASIER
3,26.99,161.28,15,3,1,62.4,SAME
5,25.0,190.15,26,8,4,72.79,EASIER
4,28.29,153.67,18,3,0,49.19,SAME
2,45.74,42.35,7,1,0,70.97,HARDER
1,95.53,37.83,2,0,0,84.66,HARDER
5,29.39,300.0,24,6,6,52.49,EASIER
4,27.68,137.19,18,3,0,83.11,HARDER
2,54.91,47.25,6,0,0,80.96,HARDER
1,100.0,40.38,2,0,0,76.42,HARDER
4,25.0,243.0,20,5,5,53.65,EASIER
4,40.8,75.32,15,0,0,73.37,HARDER
4,25.0,147.46,20,5,0,61.21,SAME
5,39.51,179.95,19,1,1,86.34,EASIER
3,31.11,88.55,12,0,0,88.98,HARDER
1,26.11,58.62,7,5,0,49.4,SAME
3,32.86,119.33,13,1,0,72.84,HARDER
4,25.0,164.66,19,4,1,58.7,SAME
3,25.0,140.5,17,5,1,68.22,HARDER
2,38.1,72.22,8,2,1,56.34,EASIER
3,25.0,182.38,20,8,4,39.22,EASIER
2,25.36,123.58,12,6,2,41.58,EASIER
5,28.79,214.06,21,3,2,62.03,EASIER
1,31.58,61.04,6,4,1,62.96,SAME
5,34.76,247.23,20,2,1,40.75,EASIER
3,25.0,137.3,16,4,1,83.2,SAME
2,33.51,83.22,8,2,1,74.35,EASIER
3,25.0,141.77,16,4,1,71.29,SAME
2,40.26,76.14,8,2,0,72.84,HARDER
1,51.64,66.54,4,2,0,75.8,EASIER
4,30.16,112.21,19,4,1,79.68,SAME
5,25.0,250.23,26,8,7,35.11,EASIER
3,25.0,135.86,17,5,0,64.53,SAME
2,39.85,43.91,8,2,0,80.86,HARDER
5,28.34,158.08,21,3,1,63.89,SAME
5,35.24,149.85,19,1,0,52.01,SAME
5,26.4,152.3,21,3,1,67.55,SAME
1,99.7,35.44,2,0,0,99.15,HARDER
1,100.0,30.94,2,0,0,80.1,HARDER
1,99.89,20.0,2,0,0,87.8,HARDER
5,31.21,149.47,18,0,0,65.36,SAME
3,25.0,187.43,18,6,3,45.38,EASIER
3,26.23,144.54,15,3,1,71.66,SAME
2,34.28,93.87,9,3,3,75.88,EASIER
3,33.29,103.63,12,0,0,78.1,HARDER
3,26.26,133.67,17,5,1,82.69,HARDER
1,28.04,68.74,6,4,3,55.55,SAME
5,28.16,214.72,22,4,3,57.97,EASIER
1,100.0,22.98,2,0,0,62.79,SAME
4,31.66,108.1,16,1,0,80.13,HARDER
4,26.99,127.45,18,3,0,74.6,HARDER
2,43.64,36.92,6,0,0,88.22,HARDER
5,33.68,150.9,20,2,1,59.12,EASIER
4,30.9,146.76,18,3,1,90.74,SAME
4,36.01,115.89,16,1,1,78.38,EASIER
2,40.24,90.75,8,2,2,46.15,EASIER
4,25.2,148.64,20,5,2,88.85,SAME
4,29.61,104.25,18,3,2,78.43,EASIER
4,25.0,139.72,17,2,1,80.11,EASIER
2,37.49,78.59,9,3,0,67.03,HARDER
4,30.56,147.77,16,1,1,57.39,EASIER
5,27.62,216.4,24,6,3,73.03,EASIER
3,29.33,108.37,14,2,1,80.66,EASIER
3,29.06,91.74,13,1,0,54.84,SAME
2,45.62,46.58,6,0,0,66.75,HARDER
3,26.15,116.1,14,2,0,93.71,HARDER
3,27.98,115.57,13,1,0,79.26,HARDER
5,25.0,235.19,25,7,3,65.18,EASIER
5,27.9,192.18,20,2,0,71.88,SAME
5,37.32,135.04,19,1,0,74.95,SAME
2,32.31,83.65,9,3,2,81.13,EASIER
1,46.09,57.04,4,2,1,49.94,SAME
1,52.17,52.32,4,2,0,80.95,HARDER
1,42.07,47.2,5,3,1,51.9,SAME
4,25.91,195.55,18,3,3,48.28,EASIER
5,25.0,300.0,28,10,6,51.71,EASIER
2,50.93,53.38,6,0,0,57.32,SAME
1,94.18,30.04,2,0,0,85.8,HARDER
1,69.48,30.92,3,1,1,75.17,SAME
3,29.71,139.65,16,4,1,61.16,SAME
5,25.0,300.0,23,5,4,48.59,EASIER
1,55.1,34.41,4,2,1,64.85,EASIER
5,25.0,223.31,22,4,2,100.0,EASIER
2,51.45,50.62,6,0,0,64.45,SAME
2,40.28,81.19,8,2,1,75.15,EASIER
4,25.0,233.7,20,5,3,45.06,EASIER
1,40.23,64.2,6,4,1,50.25,SAME
4,38.7,82.36,15,0,0,83.94,HARDER
5,32.69,222.71,21,3,3,76.82,EASIER
2,28.38,82.35,10,4,1,86.48,SAME
2,49.71,41.53,6,0,0,90.73,HARDER
5,30.85,229.23,21,3,1,61.77,EASIER
3,25.0,161.37,17,5,1,59.3,SAME
5,28.15,232.95,22,4,2,70.14,EASIER
5,29.97,181.15,19,1,1,72.54,EASIER
4,25.0,212.41,23,8,3,58.8,EASIER
3,25.05,133.66,15,3,2,64.63,EASIER
2,49.15,31.99,6,0,0,100.0,HARDER
4,27.15,141.03,17,2,1,48.57,EASIER
5,25.86,230.08,20,2,0,55.0,SAME
3,33.05,98.03,13,1,0,87.01,HARDER
5,25.0,269.05,24,6,3,50.52,EASIER
2,43.47,81.23,7,1,0,69.35,HARDER
5,25.0,287.02,24,6,4,51.11,EASIER
1,47.64,52.31,4,2,0,51.65,SAME
3,25.0,96.27,14,2,0,63.82,SAME
3,36.99,70.41,12,0,0,100.0,HARDER
5,25.0,201.98,23,5,1,95.16,SAME
4,27.93,106.05,18,3,0,80.28,HARDER
4,32.51,160.5,15,0,0,59.85,SAME
5,25.0,263.29,24,6,4,69.17,EASIER
2,38.01,83.85,7,1,0,60.74,SAME
4,25.0,142.16,19,4,2,77.43,EASIER
5,30.86,218.89,21,3,1,56.62,EASIER
3,25.4,178.39,17,5,3,31.31,EASIER
3,26.35,117.57,14,2,1,54.8,EASIER
4,26.5,221.03,20,5,3,69.25,EASIER
3,37.42,69.81,12,0,0,92.89,HARDER
2,40.39,57.81,9,3,0,81.16,HARDER
4,25.0,151.7,20,5,2,68.56,EASIER
4,27.18,190.38,16,1,1,56.75,EASIER
3,25.0,174.75,17,5,2,52.52,EASIER
4,28.78,195.86,17,2,2,40.65,EASIER
1,53.47,48.19,4,2,2,51.1,SAME
1,62.69,34.8,3,1,0,57.15,SAME
2,36.82,90.17,7,1,1,47.72,EASIER
5,25.0,289.38,24,6,3,45.63,EASIER
4,30.79,131.03,16,1,0,80.79,HARDER
3,27.93,92.48,14,2,1,59.83,EASIER
2,50.62,52.09,6,0,0,90.69,HARDER
4,25.0,150.36,19,4,1,63.15,SAME
2,41.47,98.04,8,2,1,43.34,EASIER
3,29.82,128.2,14,2,2,77.02,EASIER
3,32.57,128.42,15,3,2,65.31,EASIER
4,29.61,162.05,18,3,2,66.68,EASIER
3,38.92,82.39,12,0,0,70.58,HARDER
3,31.17,198.79,16,4,0,25.6,EASIER
4,25.0,168.3,19,4,0,60.04,SAME
4,26.42,190.62,17,2,1,70.79,EASIER
4,25.0,190.14,20,5,2,67.45,EASIER
5,28.04,227.76,21,3,2,68.58,EASIER
5,31.94,207.79,19,1,1,46.41,EASIER
2,41.79,52.76,7,1,0,78.95,HARDER
2,51.79,72.79,6,0,0,82.59,HARDER
2,35.29,67.64,8,2,1,54.03,EASIER
5,25.0,242.32,23,5,2,60.57,EASIER
5,31.94,120.12,19,1,0,75.19,SAME
3,29.82,118.72,15,3,1,87.36,SAME
4,25.0,215.66,21,6,4,61.63,EASIER
2,49.3,40.46,6,0,0,69.57,HARDER
1,100.0,30.48,2,0,0,55.03,SAME
1,100.0,20.0,2,0,0,100.0,HARDER
1,66.12,41.24,3,1,0,63.93,SAME
3,25.0,207.04,20,8,4,25.0,EASIER
3,32.88,113.61,13,1,0,81.43,HARDER
2,49.23,45.83,6,0,0,74.91,HARDER
3,25.0,119.57,14,2,2,54.78,EASIER
2,46.83,49.51,6,0,0,100.0,HARDER
3,26.82,96.78,14,2,0,70.88,HARDER
3,30.53,65.49,12,0,0,80.86,HARDER
1,100.0,24.54,2,0,0,100.0,HARDER
1,65.62,43.98,3,1,0,63.92,SAME
1,100.0,20.0,2,0,0,82.92,HARDER
5,25.0,198.69,23,5,1,65.67,SAME
1,71.22,23.82,3,1,0,73.53,HARDER
5,27.7,153.18,19,1,0,85.41,SAME
3,25.92,171.11,16,4,3,31.15,EASIER
1,99.88,37.45,2,0,0,79.34,HARDER
4,32.35,155.98,16,1,1,57.77,EASIER
1,98.32,26.92,2,0,0,69.72,HARDER
2,31.8,79.29,9,3,0,54.08,SAME
1,96.65,39.48,2,0,0,81.98,HARDER
2,49.24,61.11,6,0,0,69.47,HARDER
5,25.0,201.02,22,4,2,59.16,EASIER
3,25.0,109.84,13,1,0,60.44,SAME
2,50.13,42.66,6,0,0,87.44,HARDER
4,26.5,213.41,17,2,2,71.15,EASIER
5,25.97,247.49,24,6,2,61.14,EASIER
4,26.94,120.84,16,1,1,71.14,EASIER
5,25.0,253.05,23,5,2,60.54,EASIER
4,30.01,204.74,18,3,2,42.55,EASIER
2,32.73,83.3,9,3,0,59.18,SAME
4,34.16,91.1,15,0,0,98.64,HARDER
4,25.0,175.47,20,5,2,53.18,EASIER
3,29.82,102.2,13,1,0,93.07,HARDER
5,28.22,176.8,22,4,0,92.8,SAME
4,25.77,202.53,20,5,1,61.58,SAME
2,39.95,72.95,7,1,0,60.46,SAME
5,32.34,162.08,19,1,1,83.25,EASIER
1,64.28,59.45,3,1,0,56.38,SAME
5,25.94,300.0,24,6,4,26.68,HARDER
5,27.87,269.42,23,5,4,56.88,EASIER
5,25.0,183.54,25,7,2,64.45,SAME
4,29.74,87.81,16,1,0,64.57,SAME
1,99.33,35.5,2,0,0,100.0,HARDER
2,41.82,49.21,8,2,0,73.32,HARDER
1,36.87,73.77,6,4,2,25.18,SAME
1,48.31,47.93,4,2,1,64.96,SAME
3,25.0,101.26,13,1,0,59.68,SAME
1,100.0,21.96,2,0,0,67.41,HARDER
5,25.0,228.8,23,5,5,50.16,EASIER
3,34.03,88.47,12,0,0,73.84,HARDER
5,26.06,193.34,23,5,2,73.02,EASIER
3,25.13,95.58,13,1,1,66.6,EASIER
4,29.3,145.87,15,0,0,67.66,HARDER
4,31.87,183.66,17,2,0,58.63,SAME
4,25.0,155.49,18,3,1,75.32,SAME
1,96.56,21.8,2,0,0,82.35,HARDER
1,100.0,20.0,2,0,0,80.66,HARDER
4,26.03,158.55,16,1,1,40.83,EASIER
1,99.69,37.28,2,0,0,59.43,SAME
2,40.35,98.33,8,2,1,60.33,EASIER
5,25.0,251.1,21,3,2,41.82,EASIER
4,30.53,124.97,15,0,0,96.9,HARDER
2,48.85,43.61,6,0,0,75.26,HARDER
1,97.26,33.23,2,0,0,76.6,HARDER
2,36.53,112.34,10,4,3,54.61,EASIER
1,40.14,60.66,5,3,1,80.01,SAME
1,66.37,54.0,3,1,0,62.89,SAME
4,36.15,229.31,16,1,0,51.09,EASIER
5,25.0,237.14,21,3,2,59.39,EASIER
2,27.76,101.79,10,4,0,51.32,SAME
3,32.46,119.77,15,3,2,63.16,EASIER
3,30.62,57.42,12,0,0,74.64,HARDER
2,48.15,38.41,6,0,0,99.81,HARDER
3,25.8,181.6,16,4,2,57.78,EASIER
2,26.68,97.97,11,5,0,72.69,HARDER
1,64.27,21.49,3,1,0,99.09,HARDER
1,98.9,56.46,2,0,0,58.77,SAME
4,25.26,250.0,20,5,3,34.67,EASIER
2,52.83,57.32,6,0,0,78.36,HARDER
1,42.97,66.62,5,3,3,45.28,SAME
1,49.37,60.71,4,2,1,67.71,SAME
2,50.54,33.49,6,0,0,99.13,HARDER
2,31.53,75.27,11,5,0,49.22,SAME
3,25.0,90.65,14,2,1,86.9,EASIER
1,54.55,47.9,4,2,0,42.41,HARDER
2,52.53,34.95,6,0,0,68.59,HARDER
2,27.39,124.31,12,6,4,38.49,EASIER
4,30.27,126.9,16,1,0,64.94,SAME
1,100.0,31.33,2,0,0,72.21,HARDER
2,26.23,63.99,12,6,1,50.06,SAME
2,33.37,82.82,9,3,1,53.29,SAME
3,26.96,67.13,13,1,0,84.37,HARDER
5,26.53,237.2,23,5,4,61.13,EASIER
3,35.61,103.19,12,0,0,69.53,HARDER
2,39.74,66.59,8,2,0,60.2,SAME
4,25.0,250.0,20,5,2,44.5,EASIER
3,25.0,153.72,19,7,1,59.88,SAME
4,25.0,250.0,22,7,1,30.13,EASIER
1,100.0,20.75,2,0,0,76.49,HARDER
5,31.26,186.38,19,1,0,50.64,SAME
2,28.92,94.36,11,5,1,57.76,SAME
1,98.68,20.0,2,0,0,100.0,HARDER
5,25.0,289.66,27,9,4,53.42,EASIER
2,46.23,56.83,6,0,0,75.43,HARDER
3,32.89,113.52,14,2,0,97.78,HARDER
4,26.06,125.76,16,1,0,74.31,HARDER
1,100.0,30.9,2,0,0,80.46,HARDER
2,25.0,111.73,11,5,4,49.56,EASIER
3,36.56,100.86,12,0,0,78.95,HARDER
4,25.0,250.0,20,5,4,54.6,EASIER
2,37.72,84.78,8,2,0,80.66,HARDER
1,64.86,40.62,3,1,0,49.25,SAME
2,28.14,74.59,10,4,1,56.53,SAME
4,29.07,151.93,17,2,1,71.06,EASIER
5,25.0,300.0,29,11,8,33.2,EASIER
4,31.43,164.16,16,1,0,55.52,SAME
1,95.81,26.11,2,0,0,67.41,HARDER
2,51.9,45.85,6,0,0,81.49,HARDER
3,25.97,96.12,15,3,0,74.72,HARDER
1,67.92,43.84,3,1,1,41.91,SAME
3,30.19,86.16,13,1,1,75.9,EASIER
5,31.45,190.25,21,3,1,81.4,SAME
5,35.0,222.39,20,2,0,68.25,SAME
2,32.67,79.72,9,3,0,66.0,HARDER
3,33.87,84.38,12,0,0,89.73,HARDER
3,25.0,195.83,19,7,3,33.01,EASIER
4,33.92,164.51,17,2,0,56.15,SAME
5,25.34,151.33,21,3,0,58.02,SAME
4,26.21,110.23,15,0,0,67.27,HARDER
5,25.0,261.87,23,5,2,69.81,EASIER
4,28.11,166.0,20,5,1,70.07,HARDER
3,29.33,120.32,15,3,1,57.49,SAME
4,25.0,184.26,20,5,1,66.23,SAME
5,31.2,300.0,20,2,1,40.12,EASIER
4,29.61,146.15,17,2,1,59.66,EASIER
2,51.06,60.32,6,0,0,81.63,HARDER
3,27.66,127.77,15,3,3,73.21,EASIER
4,25.0,169.99,20,5,3,80.0,EASIER
3,32.98,131.2,13,1,1,63.25,EASIER
1,35.32,66.19,6,4,1,60.8,SAME
5,33.89,153.51,19,1,0,71.17,SAME
2,29.73,77.31,10,4,0,35.37,SAME
4,28.1,241.26,20,5,4,45.09,EASIER
4,25.32,150.59,17,2,0,86.35,HARDER
1,46.4,54.01,4,2,0,58.68,SAME
3,37.88,86.84,12,0,0,73.52,HARDER
5,25.0,300.0,26,8,5,57.63,EASIER
3,25.0,160.88,17,5,2,54.17,EASIER
1,93.0,20.0,2,0,0,80.25,HARDER
3,26.7,130.02,15,3,0,52.54,EASIER
3,32.63,83.21,13,1,0,70.65,HARDER
2,42.84,41.66,7,1,1,94.49,EASIER
1,98.27,37.92,2,0,0,73.35,HARDER
4,32.85,138.65,15,0,0,65.01,HARDER
2,41.57,88.66,7,1,1,62.56,EASIER
1,100.0,26.62,2,0,0,79.6,HARDER
4,27.79,128.12,19,4,1,90.48,SAME
1,100.0,37.44,2,0,0,67.32,HARDER
2,40.03,100.41,8,2,0,60.78,SAME
5,32.12,108.04,18,0,0,75.14,SAME
3,25.0,174.65,19,7,4,55.41,EASIER
2,35.52,99.44,9,3,1,53.41,SAME
3,28.66,107.18,14,2,0,67.46,EASIER
5,28.8,144.57,19,1,1,82.55,EASIER
4,26.25,210.85,18,3,1,49.84,EASIER
1,64.32,38.99,3,1,1,67.04,SAME
2,51.31,41.09,6,0,0,83.61,HARDER
1,97.6,20.0,2,0,0,100.0,HARDER
3,30.0,94.15,12,0,0,80.1,HARDER
4,28.69,174.43,19,4,2,74.17,EASIER
5,30.57,147.99,18,0,0,72.92,SAME
2,25.0,97.09,12,6,2,60.94,SAME
2,44.56,53.8,6,0,0,78.58,HARDER
5,30.49,168.42,19,1,0,63.92,SAME
4,25.0,187.59,17,2,2,60.83,EASIER
2,49.48,41.31,6,0,0,100.0,HARDER
5,29.1,215.29,20,2,1,51.86,EASIER
2,47.4,53.36,6,0,0,87.13,HARDER
1,57.65,61.25,4,2,1,76.92,SAME
3,30.07,111.44,12,0,0,64.08,SAME
2,35.09,62.63,8,2,0,92.62,HARDER
3,25.0,159.94,18,6,2,74.03,SAME
4,25.0,229.95,18,3,2,40.83,EASIER
3,28.37,96.41,13,1,0,94.51,HARDER
1,41.08,55.24,5,3,1,58.53,SAME
1,98.79,47.56,2,0,0,64.14,SAME
5,25.0,161.5,21,3,1,69.1,SAME
2,38.65,38.39,7,1,0,100.0,HARDER
5,25.0,144.67,22,4,2,84.67,EASIER
3,25.0,172.05,17,5,2,64.62,EASIER
3,25.0,189.27,17,5,5,54.01,EASIER
1,40.21,38.23,5,3,0,63.61,SAME
5,30.35,242.77,22,4,3,43.94,EASIER
1,50.23,59.04,4,2,2,48.77,SAME
1,41.98,35.62,5,3,0,60.66,SAME
4,31.19,158.21,18,3,0,56.95,SAME
4,25.0,163.72,18,3,1,73.29,SAME
5,35.63,177.51,19,1,1,80.07,EASIER
2,27.95,74.32,10,4,0,65.88,HARDER
3,25.0,152.19,15,3,2,48.29,EASIER
5,25.43,300.0,25,7,5,47.69,EASIER
3,25.0,128.51,14,2,1,76.08,EASIER
5,25.0,294.11,26,8,5,35.11,SAME
4,25.0,250.0,24,9,5,61.7,EASIER
2,48.87,59.54,6,0,0,70.95,HARDER
3,32.82,71.67,12,0,0,99.65,HARDER
2,34.66,73.93,8,2,1,47.3,EASIER
2,44.26,53.44,6,0,0,97.6,HARDER
3,37.71,121.0,12,0,0,54.77,SAME
5,25.27,180.81,23,5,2,72.79,EASIER
4,32.18,116.23,17,2,0,82.65,HARDER
5,25.0,187.93,21,3,0,70.31,SAME
2,46.01,63.03,6,0,0,68.26,HARDER
5,32.83,188.69,24,6,4,75.49,EASIER
1,100.0,21.09,2,0,0,93.85,HARDER
5,25.0,280.13,24,6,3,51.48,EASIER
4,31.65,127.89,17,2,0,84.47,HARDER
5,25.0,300.0,24,6,3,60.89,EASIER
4,25.48,139.54,20,5,0,72.72,HARDER
3,28.55,181.79,16,4,2,55.13,EASIER
4,25.0,250.0,21,6,5,28.32,EASIER
3,32.3,89.21,13,1,1,73.5,EASIER
4,28.28,132.74,17,2,0,62.03,SAME
3,40.88,81.09,12,0,0,94.89,HARDER
5,29.92,300.0,24,6,4,27.98,EASIER
3,28.78,117.97,13,1,0,62.27,SAME
5,25.0,281.72,25,7,5,80.06,EASIER
2,36.93,66.85,8,2,1,58.92,EASIER
3,31.03,100.68,13,1,0,85.45,HARDER
3,32.97,102.7,13,1,1,62.26,EASIER
1,50.44,40.24,4,2,2,58.44,SAME
3,36.21,95.23,12,0,0,100.0,HARDER
5,25.0,219.89,24,6,2,64.2,EASIER
5,25.43,169.93,22,4,2,55.6,EASIER
2,31.92,104.03,9,3,2,42.66,HARDER
3,25.0,206.6,16,4,2,43.81,EASIER
1,32.43,53.72,5,3,0,62.36,SAME
4,37.82,170.86,16,1,1,65.19,EASIER
4,25.0,227.26,20,5,3,61.19,EASIER
1,35.28,47.15,5,3,0,69.32,HARDER
3,26.27,121.53,16,4,1,53.6,SAME
1,69.13,41.58,3,1,0,33.74,SAME
2,43.79,46.8,7,1,0,72.66,HARDER
1,100.0,26.14,2,0,0,77.71,HARDER
4,25.0,250.0,20,5,4,72.18,EASIER
2,50.0,52.02,6,0,0,80.19,HARDER
2,25.0,141.05,15,9,5,41.36,EASIER
4,31.87,148.86,16,1,1,69.36,EASIER
3,35.29,67.12,13,1,0,78.27,HARDER
2,35.43,82.99,9,3,2,40.95,EASIER
1,48.5,52.4,4,2,1,53.66,SAME
2,40.11,38.96,7,1,0,87.14,HARDER
2,38.59,65.46,8,2,0,52.14,SAME
5,28.31,152.25,20,2,1,87.38,EASIER
2,35.97,50.48,8,2,0,75.79,HARDER
4,30.09,154.54,19,4,0,74.17,HARDER
1,99.73,22.95,2,0,0,60.33,SAME
4,25.0,217.31,21,6,0,71.47,SAME
2,46.83,60.43,7,1,0,64.87,SAME
5,25.0,300.0,27,9,5,49.63,EASIER
1,94.27,21.32,2,0,0,100.0,HARDER
1,98.87,29.3,2,0,0,94.97,HARDER
5,28.48,149.01,20,2,1,86.43,EASIER
4,25.0,171.59,18,3,2,58.38,EASIER
4,30.38,108.1,16,1,0,67.51,HARDER
3,25.81,114.18,13,1,1,59.67,EASIER
1,71.49,44.28,3,1,0,50.28,SAME
5,25.0,213.3,25,7,3,60.76,EASIER
3,30.81,102.62,12,0,0,80.73,HARDER
5,25.0,300.0,26,8,5,38.79,EASIER
2,53.31,67.45,6,0,0,81.01,HARDER
1,35.66,50.95,6,4,1,77.76,SAME
3,25.0,118.59,18,6,3,64.93,EASIER
5,26.83,269.0,23,5,3,51.73,EASIER
1,25.0,69.79,9,7,2,52.15,SAME
2,34.74,54.38,7,1,0,64.6,SAME
3,31.27,118.29,14,2,1,77.07,EASIER
2,49.21,44.91,6,0,0,63.83,SAME
5,33.04,213.78,22,4,1,54.6,SAME
2,47.42,30.0,6,0,0,75.67,HARDER
1,98.28,35.11,2,0,0,83.38,HARDER
3,32.39,126.52,12,0,0,58.53,SAME
1,52.93,36.18,4,2,0,59.76,SAME
5,25.87,166.31,21,3,2,75.72,EASIER
5,30.35,227.85,21,3,1,48.41,EASIER
1,100.0,33.11,2,0,0,65.93,HARDER
1,100.0,20.0,2,0,0,86.1,HARDER
1,69.04,48.4,3,1,0,80.28,HARDER
4,25.89,196.52,21,6,3,80.75,EASIER
4,27.14,111.58,17,2,1,84.08,EASIER
2,43.58,60.8,7,1,0,79.25,HARDER
4,25.0,206.95,19,4,3,65.57,EASIER
4,29.55,182.08,19,4,1,40.55,EASIER
4,30.34,122.46,17,2,1,64.77,EASIER
5,27.3,190.89,23,5,4,65.57,EASIER
3,32.94,103.01,14,2,0,54.43,SAME
4,25.0,192.75,21,6,1,53.17,SAME
4,25.0,226.12,21,6,5,54.25,EASIER
4,33.99,128.02,16,1,0,100.0,HARDER
4,31.55,171.11,19,4,0,75.84,HARDER
2,38.31,71.03,7,1,1,44.63,EASIER
5,25.0,300.0,22,4,2,58.0,EASIER
1,100.0,20.0,2,0,0,67.06,HARDER
5,31.82,225.97,23,5,5,58.48,EASIER
2,51.18,47.03,6,0,0,88.07,HARDER
1,97.93,44.67,2,0,0,95.05,HARDER
2,50.7,42.41,6,0,0,76.25,HARDER
5,33.76,131.99,18,0,0,72.63,SAME
1,68.87,56.56,3,1,0,65.75,HARDER
4,27.5,111.16,18,3,1,68.57,SAME
4,25.0,241.37,17,2,2,58.31,EASIER
1,100.0,20.0,2,0,0,98.09,HARDER
2,37.55,64.66,7,1,0,45.18,SAME
4,29.58,192.6,20,5,2,91.28,SAME
5,25.0,300.0,27,9,7,39.47,EASIER
4,35.51,149.91,16,1,0,82.48,HARDER
1,40.44,52.47,5,3,1,57.94,SAME
4,25.0,236.62,21,6,3,59.82,EASIER
4,31.65,105.04,16,1,0,74.3,HARDER
5,25.0,300.0,30,12,7,44.64,EASIER
4,26.97,170.12,19,4,1,58.21,SAME
2,34.02,76.56,8,2,1,68.76,EASIER
3,27.75,148.18,15,3,1,47.5,EASIER
5,25.57,187.72,21,3,1,73.82,SAME
1,100.0,30.86,2,0,0,86.68,HARDER
1,96.98,49.49,2,0,0,59.53,SAME
4,25.0,231.51,26,11,8,52.63,EASIER
1,67.99,38.7,3,1,1,71.99,SAME
3,29.33,101.4,15,3,2,53.35,EASIER
5,25.0,300.0,24,6,4,52.51,EASIER
3,29.54,140.74,14,2,2,61.21,EASIER
3,30.95,121.35,14,2,0,60.4,SAME
1,98.68,31.53,2,0,0,71.7,HARDER
2,38.98,85.64,8,2,1,41.03,EASIER
3,30.14,110.62,14,2,1,81.35,EASIER
5,26.28,268.47,26,8,7,59.93,EASIER
2,53.53,47.07,6,0,0,98.48,HARDER
3,31.86,117.07,15,3,0,59.95,SAME
3,34.6,65.29,13,1,0,77.86,HARDER
1,97.37,39.7,2,0,0,74.36,HARDER
2,44.6,52.31,6,0,0,67.31,HARDER
2,48.3,52.99,6,0,0,79.98,HARDER
3,25.0,159.63,16,4,2,79.45,EASIER
5,25.0,153.73,24,6,1,59.42,SAME
5,31.16,161.45,21,3,1,78.66,SAME
3,31.69,113.88,14,2,0,69.34,HARDER
3,25.0,145.28,17,5,2,49.12,EASIER
4,34.45,154.99,16,1,0,83.02,HARDER
2,50.42,37.97,6,0,0,95.89,HARDER
4,27.82,226.02,20,5,1,35.57,EASIER
5,25.0,253.31,22,4,2,54.37,EASIER
1,25.0,83.36,8,6,3,51.59,SAME
1,38.51,66.44,6,4,1,58.26,SAME
2,37.25,104.54,8,2,0,34.47,SAME
4,36.52,106.42,15,0,0,100.0,HARDER
4,25.0,198.05,21,6,3,45.84,EASIER
4,28.24,99.52,15,0,0,81.33,SAME
4,28.64,168.6,20,5,0,90.55,HARDER
1,40.1,63.61,5,3,1,59.34,SAME
1,99.87,20.0,2,0,0,87.18,HARDER
2,25.79,114.9,10,4,3,37.26,EASIER
5,31.7,160.09,19,1,1,84.0,EASIER
1,25.54,76.2,7,5,3,35.72,SAME
5,26.46,177.98,23,5,5,56.19,EASIER
4,25.56,187.51,18,3,1,50.15,EASIER
2,45.84,112.02,7,1,1,70.73,EASIER
1,48.29,36.7,4,2,1,50.04,SAME
1,49.16,49.98,4,2,1,63.96,SAME
3,32.18,80.18,12,0,0,72.5,HARDER
2,40.03,80.25,8,2,0,61.2,SAME
2,49.62,71.9,7,1,0,58.25,SAME
3,30.39,77.35,12,0,0,81.86,HARDER
3,25.0,124.05,14,2,1,68.06,EASIER
1,99.23,51.26,2,0,0,78.75,HARDER
2,27.84,118.55,11,5,2,54.0,EASIER
5,25.0,158.46,19,1,1,71.15,EASIER
5,35.06,190.6,19,1,1,54.79,EASIER
3,26.96,132.28,14,2,2,54.0,EASIER
4,33.75,196.96,16,1,1,62.87,EASIER
4,25.0,172.08,17,2,0,74.96,HARDER
4,32.88,126.62,16,1,0,100.0,HARDER
3,25.0,115.93,16,4,2,57.04,EASIER
4,26.13,224.56,19,4,2,44.09,EASIER
1,66.92,55.36,3,1,1,54.38,SAME
2,25.0,79.14,10,4,0,61.87,SAME
5,26.77,253.48,20,2,2,66.78,EASIER
1,100.0,20.0,2,0,0,71.92,HARDER
2,34.55,75.38,8,2,1,45.94,EASIER
1,35.8,33.2,5,3,0,75.07,EASIER
1,64.19,20.5,3,1,0,73.83,HARDER
2,46.89,43.21,6,0,0,89.27,HARDER
3,31.23,114.94,13,1,1,85.11,EASIER
3,28.74,90.99,13,1,0,98.56,HARDER
2,27.37,92.7,10,4,1,56.41,SAME
2,45.3,70.23,7,1,0,65.12,HARDER
3,29.47,74.33,13,1,0,67.84,HARDER
3,29.28,99.51,14,2,0,54.26,SAME
3,25.0,98.17,14,2,0,70.43,HARDER
2,27.2,117.29,10,4,2,57.11,EASIER
4,38.73,186.75,16,1,1,69.28,EASIER
5,37.19,271.05,18,0,0,28.02,EASIER
4,29.33,179.45,18,3,2,64.72,EASIER
2,48.26,74.27,6,0,0,67.61,HARDER
3,32.96,88.1,12,0,0,79.89,HARDER
1,35.83,72.8,5,3,0,47.11,SAME
1,32.3,78.84,6,4,3,59.9,SAME
4,30.62,144.93,18,3,1,53.2,EASIER
3,28.5,125.1,15,3,1,59.67,SAME
1,99.5,40.07,2,0,0,69.76,HARDER
3,25.13,139.28,15,3,0,78.49,HARDER
3,28.46,74.26,14,2,1,68.75,SAME
4,25.97,155.49,19,4,1,37.0,SAME
1,36.43,44.65,5,3,1,60.31,SAME
2,32.41,110.49,10,4,2,35.02,EASIER
5,25.08,289.36,23,5,5,35.32,EASIER
4,29.85,154.63,18,3,2,61.39,EASIER
4,33.01,147.56,16,1,1,82.7,EASIER
2,34.24,99.1,9,3,1,73.62,HARDER
5,33.28,175.08,19,1,0,54.66,SAME
4,35.37,119.76,15,0,0,96.89,HARDER
4,29.9,112.5,15,0,0,83.86,HARDER
4,28.18,162.11,18,3,1,71.11,SAME
5,31.23,215.31,21,3,2,75.11,SAME
5,25.0,203.14,28,10,6,59.59,EASIER
4,29.57,108.8,15,0,0,80.29,HARDER
5,33.15,145.94,20,2,0,95.72,SAME
4,25.0,196.39,23,8,3,40.35,EASIER
1,100.0,20.0,2,0,0,83.03,HARDER
3,27.27,116.73,13,1,1,42.4,EASIER
3,26.78,153.11,16,4,2,44.6,EASIER
2,33.07,111.9,9,3,1,58.59,SAME
4,30.24,100.13,16,1,0,86.84,HARDER
4,29.87,121.0,19,4,0,81.38,HARDER
4,28.66,216.73,19,4,1,67.99,SAME
3,32.83,77.91,12,0,0,90.13,HARDER
3,25.0,90.25,14,2,0,82.12,HARDER
3,25.07,148.93,16,4,3,58.85,EASIER
2,31.28,91.53,11,5,2,57.62,EASIER
4,29.07,141.6,19,4,1,85.27,SAME
1,100.0,20.0,2,0,0,59.96,SAME
4,26.77,134.33,19,4,1,62.91,SAME
2,28.99,106.54,10,4,1,29.38,SAME
5,25.0,215.28,20,2,1,80.33,EASIER
5,26.45,125.73,19,1,1,78.69,EASIER
3,30.54,85.75,13,1,0,84.02,HARDER
1,95.08,24.46,2,0,0,67.18,HARDER
4,27.04,171.39,19,4,3,62.54,EASIER
5,25.0,298.82,25,7,4,74.16,EASIER
2,35.06,53.33,8,2,0,65.97,HARDER
2,42.49,62.25,7,1,1,58.03,EASIER
1,98.9,31.69,2,0,0,93.2,HARDER
5,29.84,225.31,22,4,3,69.44,EASIER
2,36.48,111.18,8,2,0,36.39,SAME
4,25.0,218.54,18,3,1,68.31,EASIER
2,36.37,119.29,9,3,2,67.7,EASIER
5,26.64,296.48,24,6,3,43.13,EASIER
5,25.0,264.26,22,4,4,42.94,EASIER
5,25.0,300.0,30,12,9,43.69,EASIER
5,26.95,210.05,21,3,1,63.49,EASIER
4,32.95,131.84,16,1,0,64.07,SAME
5,29.65,185.09,21,3,0,77.18,SAME
3,25.69,110.03,15,3,1,54.62,SAME
5,28.7,233.05,20,2,1,49.93,EASIER
4,26.6,122.59,19,4,0,70.8,HARDER
2,52.81,68.87,6,0,0,67.53,HARDER
2,39.96,102.48,7,1,0,55.53,SAME
1,67.68,30.05,3,1,0,100.0,HARDER
2,25.0,117.63,11,5,2,56.64,EASIER
5,25.0,193.4,23,5,4,63.42,EASIER
4,25.0,167.8,18,3,1,65.84,SAME
2,46.28,65.64,7,1,0,74.08,HARDER
1,95.14,24.77,2,0,0,87.21,HARDER
2,37.52,69.35,8,2,1,63.84,EASIER
2,49.85,43.03,6,0,0,66.4,EASIER
2,41.67,74.84,8,2,0,66.57,HARDER
1,65.98,29.0,3,1,0,80.75,HARDER
5,26.88,247.07,25,7,6,39.82,EASIER
5,26.79,214.76,23,5,3,75.01,EASIER
3,28.35,88.18,12,0,0,76.37,HARDER
4,31.37,110.57,18,3,1,82.56,SAME
5,25.0,259.28,28,10,3,47.07,EASIER
2,46.12,66.55,6,0,0,44.16,SAME
1,49.17,64.52,4,2,1,65.3,SAME
5,25.21,118.52,18,0,0,88.34,SAME
2,50.83,69.47,6,0,0,65.9,HARDER
1,96.08,32.88,2,0,0,83.12,HARDER
2,53.12,59.46,6,0,0,100.0,HARDER
5,25.0,300.0,26,8,5,44.82,EASIER
4,25.0,207.49,21,6,5,49.06,EASIER
4,27.45,94.59,16,1,0,73.63,HARDER
3,32.92,94.18,12,0,0,88.2,HARDER
5,28.35,150.85,20,2,0,100.0,SAME
3,26.34,126.94,16,4,1,77.14,SAME
5,29.09,148.7,19,1,0,70.44,SAME
4,27.72,231.95,17,2,0,51.38,EASIER
1,44.6,41.26,5,3,1,43.11,SAME
2,32.07,67.86,9,3,1,65.03,SAME
1,68.8,44.8,3,1,1,80.34,SAME
3,26.17,103.3,15,3,1,79.08,SAME
5,25.0,295.33,21,3,3,50.41,EASIER
5,38.51,129.33,18,0,0,91.56,SAME
1,96.2,23.97,2,0,0,66.47,HARDER
2,46.05,75.08,7,1,0,75.65,HARDER
1,100.0,28.04,2,0,0,62.54,SAME
3,31.86,63.8,12,0,0,100.0,HARDER
2,46.85,68.81,7,1,0,69.96,HARDER
3,25.0,108.56,14,2,0,56.73,SAME
5,27.7,224.07,23,5,3,75.78,EASIER
2,47.75,57.0,6,0,0,90.18,HARDER
1,33.03,65.39,6,4,1,62.09,HARDER
1,100.0,22.85,2,0,0,70.35,HARDER
1,68.09,37.8,3,1,0,50.58,SAME
4,29.63,229.92,18,3,3,55.55,EASIER
3,32.17,99.02,12,0,0,64.35,SAME
5,28.98,155.78,19,1,0,58.34,SAME
5,27.79,172.19,21,3,1,72.74,SAME
2,44.56,92.21,8,2,1,52.97,EASIER
5,25.0,196.21,23,5,3,74.38,EASIER
2,45.82,51.26,6,0,0,69.51,HARDER
2,37.0,71.53,9,3,0,42.0,SAME
4,27.41,113.47,21,6,2,59.1,SAME
4,26.9,187.04,22,7,4,43.53,EASIER
3,32.73,75.76,12,0,0,100.0,HARDER
4,25.0,180.03,19,4,3,80.68,EASIER
5,25.0,161.27,21,3,1,81.69,SAME
4,27.18,206.77,19,4,2,63.5,EASIER
3,27.91,102.37,13,1,0,88.46,HARDER
3,29.81,162.41,15,3,1,80.34,SAME
3,25.0,138.05,16,4,1,65.16,SAME
1,49.18,36.72,4,2,0,62.47,SAME
1,65.75,30.01,3,1,0,65.87,HARDER
4,31.74,162.05,16,1,1,56.4,EASIER
5,25.0,221.67,24,6,3,63.31,EASIER
3,34.51,101.94,15,3,2,76.76,EASIER
3,30.43,160.23,13,1,1,50.38,EASIER
3,29.12,90.91,13,1,0,63.97,SAME
5,25.0,274.38,22,4,3,53.24,EASIER
1,62.73,47.54,3,1,0,76.25,HARDER
2,48.99,72.84,6,0,0,53.65,SAME
3,29.68,117.61,14,2,1,73.52,HARDER
3,33.88,84.21,12,0,0,83.36,HARDER
2,32.0,91.68,9,3,2,67.64,EASIER
1,35.57,39.7,5,3,0,61.36,SAME
1,48.68,27.34,4,2,0,83.22,HARDER
1,70.34,21.4,3,1,0,63.3,SAME
4,26.55,150.59,17,2,2,64.24,EASIER
4,25.0,175.29,20,5,0,55.33,SAME
1,97.81,23.32,2,0,0,84.7,HARDER
4,25.0,227.96,18,3,2,46.28,EASIER
3,30.29,104.87,13,1,0,54.03,SAME
5,32.68,166.53,20,2,0,80.47,SAME
5,25.0,288.13,25,7,5,55.0,EASIER
2,52.36,62.16,6,0,0,61.89,SAME
5,33.45,203.75,18,0,0,90.96,SAME
1,65.37,27.2,3,1,0,76.22,HARDER
4,25.0,250.0,29,14,12,33.37,EASIER
4,31.41,171.95,17,2,1,75.49,EASIER
5,34.88,174.14,20,2,1,62.19,EASIER
5,28.09,171.79,20,2,1,81.82,EASIER
3,26.59,85.74,12,0,0,70.16,HARDER
2,48.18,53.28,6,0,0,82.54,SAME
3,25.0,174.59,19,7,5,47.23,EASIER
2,33.15,87.44,9,3,0,48.73,SAME
5,29.02,128.88,21,3,1,82.92,SAME
5,25.0,238.55,23,5,3,42.09,EASIER
2,29.02,67.07,9,3,0,77.02,HARDER
3,25.58,113.95,14,2,0,71.89,HARDER
4,33.3,116.32,16,1,0,78.4,HARDER
2,39.13,81.61,7,1,0,47.38,SAME
3,35.57,80.17,12,0,0,86.93,HARDER
1,98.9,39.1,2,0,0,52.12,SAME
2,46.72,43.51,6,0,0,91.05,HARDER
3,25.89,95.12,13,1,0,69.71,HARDER
2,50.56,43.14,6,0,0,100.0,HARDER
4,27.22,91.43,15,0,0,78.33,HARDER
3,25.0,99.97,13,1,1,74.11,EASIER
5,25.0,285.26,27,9,3,51.27,SAME
1,100.0,28.97,2,0,0,74.37,HARDER
1,100.0,31.93,2,0,0,77.07,HARDER
5,25.0,180.69,24,6,3,79.73,EASIER
3,36.64,119.23,12,0,0,77.37,HARDER
3,25.42,116.57,16,4,0,52.01,SAME
2,35.85,68.83,9,3,1,78.49,SAME
2,26.23,56.54,11,5,1,61.89,SAME
4,31.53,164.57,17,2,1,73.79,EASIER
5,28.75,275.31,23,5,3,32.77,EASIER
4,25.0,175.07,20,5,2,62.78,EASIER
4,32.88,134.83,15,0,0,72.05,HARDER
4,30.79,95.71,16,1,0,66.09,HARDER
5,27.84,173.63,20,2,1,83.81,EASIER
5,32.87,136.91,18,0,0,94.15,SAME
5,27.41,155.26,20,2,1,94.44,EASIER
2,51.38,57.84,6,0,0,85.32,HARDER
3,28.76,111.51,13,1,0,91.69,HARDER
1,65.19,42.51,3,1,1,81.11,SAME
2,27.86,95.37,13,7,0,49.31,SAME
1,51.08,51.14,4,2,2,70.74,SAME
3,25.0,104.17,14,2,2,84.76,EASIER
1,99.68,30.24,2,0,0,65.44,HARDER
4,25.63,226.54,21,6,5,77.43,EASIER
1,99.91,44.14,2,0,0,68.73,HARDER
4,31.44,137.92,17,2,1,67.24,EASIER
4,25.0,235.61,25,10,7,48.33,EASIER
5,26.55,254.57,23,5,2,62.81,EASIER
4,28.79,157.32,17,2,0,66.6,HARDER
1,94.83,23.32,2,0,0,49.07,SAME
1,95.95,24.3,2,0,0,91.34,HARDER
1,98.75,44.25,2,0,0,71.26,HARDER
5,25.43,228.12,21,3,2,74.31,EASIER
4,25.0,250.0,21,6,3,57.09,EASIER
4,25.0,209.29,18,3,2,59.51,EASIER
5,27.78,178.82,21,3,2,54.86,EASIER
1,98.3,37.0,2,0,0,94.56,HARDER
5,26.0,258.15,23,5,2,42.24,EASIER
2,36.07,84.44,8,2,0,78.76,HARDER
2,39.35,55.86,7,1,0,88.73,HARDER
3,27.99,114.07,15,3,2,64.57,EASIER
4,28.6,191.41,19,4,3,73.59,EASIER
2,30.81,82.66,9,3,2,82.82,EASIER
4,27.88,126.54,18,3,1,76.47,SAME
5,26.49,300.0,22,4,3,52.94,EASIER
4,30.35,101.96,16,1,0,95.31,HARDER
3,38.75,121.99,12,0,0,66.95,HARDER
2,52.45,50.07,6,0,0,94.29,HARDER
5,25.0,227.38,25,7,4,48.58,EASIER
4,26.17,127.21,15,0,0,72.7,HARDER
2,43.07,49.78,7,1,1,60.12,EASIER
5,25.0,288.0,24,6,3,57.39,EASIER
1,42.22,45.17,5,3,0,69.66,HARDER
3,25.87,116.76,16,4,1,68.8,SAME
4,32.16,165.96,17,2,0,69.58,HARDER
4,32.77,184.17,18,3,2,81.58,EASIER
3,25.71,104.67,16,4,1,70.75,SAME
2,48.41,76.37,7,1,0,52.28,SAME
2,51.53,53.36,6,0,0,67.72,HARDER
1,50.55,74.1,4,2,1,36.54,SAME
2,25.57,133.09,11,5,1,43.86,EASIER
5,27.77,199.55,21,3,1,53.41,EASIER
3,25.0,161.15,18,6,2,50.66,EASIER
5,26.72,166.83,23,5,1,79.97,SAME
5,26.56,164.73,21,3,0,97.74,SAME
4,29.16,101.73,16,1,1,100.0,EASIER
5,25.71,252.66,26,8,8,42.35,EASIER
1,65.83,34.12,3,1,0,72.76,HARDER
3,28.44,90.29,13,1,1,77.11,EASIER
2,29.76,124.04,11,5,3,62.73,EASIER
3,31.12,73.94,12,0,0,82.78,HARDER
5,25.0,211.6,25,7,4,58.3,EASIER
4,36.23,153.93,17,2,0,49.2,SAME
1,44.7,66.16,5,3,0,62.31,SAME
3,36.84,88.32,12,0,0,75.33,HARDER
1,66.74,25.17,3,1,0,73.26,HARDER
1,65.56,37.04,3,1,0,62.89,SAME
5,31.17,185.29,22,4,0,47.9,SAME
4,25.0,208.8,19,4,1,57.06,SAME
3,26.69,138.52,13,1,1,59.64,EASIER
3,31.78,110.65,13,1,1,62.91,EASIER
4,31.34,129.47,16,1,1,100.0,EASIER
2,25.47,118.75,11,5,1,34.96,SAME
3,37.76,75.09,12,0,0,82.87,HARDER
5,25.0,292.21,22,4,2,67.5,EASIER
4,27.33,112.41,17,2,1,66.23,EASIER
4,26.54,217.97,19,4,4,62.12,SAME
1,51.38,55.5,4,2,1,61.74,SAME
4,27.03,161.7,19,4,1,65.43,SAME
3,25.0,161.98,18,6,4,79.68,EASIER
1,96.16,20.0,2,0,0,89.76,HARDER
3,31.93,113.56,13,1,1,70.26,EASIER
1,100.0,28.9,2,0,0,76.17,HARDER
1,67.34,55.15,3,1,0,42.05,SAME
4,28.72,128.03,17,2,0,51.74,SAME
5,29.69,189.24,19,1,1,62.78,EASIER
2,30.27,83.36,9,3,0,61.04,SAME
4,32.21,151.51,17,2,1,59.3,EASIER
3,32.68,78.08,12,0,0,94.62,HARDER
5,26.57,205.67,22,4,2,71.61,EASIER
4,25.0,250.0,22,7,5,52.73,EASIER
2,45.38,76.08,7,1,0,84.98,HARDER
4,25.17,225.23,18,3,1,50.03,EASIER
1,100.0,27.36,2,0,0,71.15,HARDER
3,37.85,99.98,12,0,0,79.32,HARDER
5,35.72,120.45,19,1,0,92.84,SAME
3,28.77,103.3,16,4,0,57.03,SAME
2,29.24,69.23,10,4,0,73.72,HARDER
2,25.0,111.59,11,5,3,25.0,HARDER
4,25.0,132.1,20,5,3,73.31,EASIER
3,26.81,100.99,15,3,1,67.9,SAME
3,29.62,144.02,13,1,1,66.23,EASIER
5,31.22,171.41,19,1,0,80.77,SAME
3,25.5,134.59,16,4,0,67.81,HARDER
3,32.87,69.89,14,2,0,57.32,SAME
1,52.23,65.18,4,2,2,63.49,SAME
5,26.43,139.77,20,2,1,75.8,EASIER
2,47.09,71.71,7,1,1,57.61,EASIER
5,33.56,134.06,19,1,0,84.11,SAME
4,30.74,90.4,16,1,0,77.17,HARDER
4,30.79,148.85,18,3,3,82.22,EASIER
3,25.0,210.0,22,10,10,32.33,EASIER
1,100.0,20.0,2,0,0,78.39,HARDER
1,98.59,31.64,2,0,0,100.0,HARDER
1,99.19,28.26,2,0,0,64.75,SAME
2,27.74,98.77,10,4,3,73.46,HARDER
3,27.72,69.28,13,1,0,97.9,HARDER
1,100.0,25.12,2,0,0,69.04,HARDER
2,38.51,57.05,8,2,1,77.85,EASIER
2,50.2,77.85,6,0,0,41.1,SAME
1,63.38,29.03,3,1,0,70.4,HARDER
5,26.15,199.96,21,3,3,48.03,EASIER
5,27.85,276.32,23,5,4,25.0,EASIER
3,31.95,80.63,13,1,0,78.18,HARDER
1,71.81,33.69,3,1,0,48.44,SAME
1,48.84,35.68,4,2,0,52.04,SAME
1,95.45,28.91,2,0,0,89.44,HARDER
2,39.77,50.77,7,1,0,89.57,HARDER
1,97.36,29.57,2,0,0,59.02,SAME
3,34.2,78.82,12,0,0,100.0,HARDER
3,32.1,89.19,14,2,0,57.32,SAME
4,25.0,194.07,22,7,0,52.77,SAME
2,46.68,48.24,6,0,0,88.13,HARDER
4,34.64,106.08,15,0,0,100.0,HARDER
1,100.0,20.04,2,0,0,78.83,HARDER
4,30.75,141.16,18,3,1,62.32,SAME
3,25.93,114.64,15,3,2,66.56,EASIER
1,61.02,26.04,3,1,0,81.27,HARDER
2,54.3,61.94,6,0,0,83.81,HARDER
4,30.27,188.05,16,1,0,65.95,SAME
2,34.04,88.78,9,3,1,74.29,SAME
3,25.0,97.12,16,4,1,84.64,SAME
1,64.01,47.66,3,1,1,50.99,SAME
4,30.47,184.54,19,4,3,47.59,EASIER
3,28.78,139.54,14,2,2,57.92,EASIER
1,98.17,20.0,2,0,0,85.36,HARDER
1,56.02,53.48,4,2,0,60.76,SAME
5,30.73,129.56,19,1,1,72.73,EASIER
1,100.0,35.41,2,0,0,55.24,SAME
4,32.78,162.26,16,1,1,65.5,EASIER
4,25.0,169.09,21,6,2,82.18,SAME
3,36.64,70.36,12,0,0,100.0,SAME
4,26.05,231.68,19,4,4,25.0,EASIER
4,28.52,158.32,19,4,2,48.85,EASIER
2,38.34,90.92,8,2,1,28.87,EASIER
4,30.74,125.64,17,2,0,87.64,HARDER
4,26.57,147.77,17,2,1,78.28,EASIER
4,27.29,149.53,20,5,3,66.46,EASIER
1,33.23,47.14,6,4,0,61.58,SAME
3,30.14,113.88,14,2,1,74.7,EASIER
3,30.8,94.11,13,1,0,71.83,HARDER
5,33.27,139.55,18,0,0,77.28,SAME
1,46.7,58.11,5,3,0,51.85,SAME
5,25.0,300.0,22,4,3,56.03,EASIER
3,35.83,88.92,12,0,0,74.59,HARDER
5,26.74,202.29,21,3,0,81.74,SAME
4,26.33,135.85,16,1,1,71.55,EASIER
3,25.0,200.99,20,8,3,67.37,EASIER
4,25.58,228.12,20,5,3,51.3,EASIER
1,99.31,27.46,2,0,0,67.42,HARDER
1,100.0,39.06,2,0,0,73.19,HARDER
4,25.0,161.96,18,3,1,58.26,EASIER
2,52.61,39.42,6,0,0,62.5,SAME
4,28.34,181.45,19,4,2,56.87,EASIER
2,35.28,98.95,10,4,2,49.48,EASIER
1,96.7,20.0,2,0,0,86.25,HARDER
1,100.0,36.6,2,0,0,60.88,SAME
1,37.13,58.31,6,4,0,58.77,SAME
2,46.36,49.22,6,0,0,89.88,HARDER
5,25.0,182.31,23,5,4,77.01,EASIER
1,67.68,41.55,3,1,0,82.17,HARDER
5,28.69,186.52,20,2,1,77.85,EASIER
1,100.0,24.96,2,0,0,94.83,HARDER
1,34.97,55.37,6,4,1,74.34,SAME
5,32.47,187.19,22,4,3,58.02,EASIER
1,39.4,46.21,5,3,1,77.05,SAME
4,32.05,151.33,18,3,1,54.98,EASIER
3,25.0,116.59,17,5,3,66.61,EASIER
1,64.97,35.29,3,1,0,60.36,SAME
2,27.0,101.99,10,4,3,57.86,EASIER
1,100.0,20.0,2,0,0,87.48,HARDER
4,25.0,147.39,17,2,0,62.81,SAME
2,29.06,89.92,9,3,0,61.49,SAME
1,69.96,43.59,3,1,0,63.89,SAME
4,26.5,241.73,19,4,2,41.16,EASIER
2,49.38,36.87,6,0,0,74.98,HARDER
2,48.85,50.86,6,0,0,93.57,HARDER
3,26.15,193.93,16,4,3,30.77,EASIER
3,34.35,86.94,13,1,0,65.9,HARDER
4,25.0,219.96,19,4,3,64.68,EASIER
3,25.77,106.94,16,4,2,73.92,EASIER
1,100.0,38.84,2,0,0,64.65,SAME
1,46.86,54.66,4,2,1,45.44,SAME
3,33.1,133.5,14,2,1,55.46,EASIER
2,30.98,126.11,10,4,4,74.67,EASIER
5,25.0,286.06,26,8,6,58.47,EASIER
2,52.45,39.95,6,0,0,88.19,HARDER
5,28.83,249.84,23,5,4,57.96,EASIER
3,31.19,84.84,13,1,0,79.66,HARDER
5,26.14,300.0,21,3,1,34.5,EASIER
3,29.06,139.68,16,4,1,62.99,SAME
3,31.52,86.77,13,1,0,88.69,SAME
4,31.08,120.34,16,1,0,83.81,HARDER
2,49.35,31.48,6,0,0,100.0,HARDER
2,39.67,63.3,7,1,0,82.65,HARDER
5,25.0,165.81,22,4,3,71.68,EASIER
3,30.0,75.27,12,0,0,58.38,SAME
1,45.9,31.4,5,3,0,64.38,SAME
3,26.19,155.8,15,3,2,73.32,EASIER
4,25.12,241.33,20,5,4,49.51,EASIER
4,33.12,191.86,19,4,2,78.63,EASIER
1,38.15,44.18,5,3,1,55.91,SAME
4,25.0,227.06,19,4,3,29.6,EASIER
2,42.31,39.5,6,0,0,97.02,HARDER
1,41.03,48.14,5,3,1,69.29,SAME
2,38.05,87.83,9,3,1,57.84,SAME
4,25.0,231.49,22,7,4,48.27,EASIER
5,27.43,187.87,24,6,5,51.3,EASIER
2,46.53,47.37,6,0,0,85.88,HARDER
4,36.03,147.15,15,0,0,83.91,HARDER
1,100.0,26.97,2,0,0,56.97,SAME
2,29.23,108.24,10,4,1,61.83,SAME
5,25.0,300.0,26,8,6,34.15,EASIER
2,33.02,75.98,10,4,2,80.11,EASIER
5,31.45,174.83,22,4,1,49.59,SAME
3,29.92,102.55,15,3,2,71.14,EASIER
2,26.6,111.33,12,6,2,58.01,SAME
1,92.54,25.83,2,0,0,83.92,HARDER
5,25.96,214.99,21,3,2,56.42,EASIER
5,32.61,125.55,18,0,0,77.79,SAME
5,25.0,300.0,25,7,5,48.37,EASIER
2,29.66,130.57,11,5,2,40.51,EASIER
4,25.0,198.99,18,3,1,61.37,EASIER
3,25.0,134.74,16,4,2,69.31,EASIER
5,30.81,246.94,23,5,3,55.55,EASIER
5,27.76,244.1,23,5,4,49.21,EASIER
4,31.28,100.72,15,0,0,87.83,SAME
2,41.66,61.08,7,1,0,73.56,HARDER
4,25.0,199.47,18,3,3,72.37,EASIER
1,36.84,48.71,5,3,0,55.91,SAME
3,30.04,124.76,13,1,0,64.52,SAME
1,42.65,44.94,5,3,0,60.71,SAME
2,31.1,89.94,9,3,1,68.8,SAME
2,37.1,87.14,8,2,1,68.36,EASIER
2,48.44,41.65,6,0,0,94.63,HARDER
4,25.51,148.84,17,2,0,90.69,HARDER
1,96.74,25.06,2,0,0,70.44,HARDER
5,25.49,251.12,22,4,1,50.05,EASIER
2,32.74,90.65,9,3,0,62.17,SAME
5,31.19,132.92,18,0,0,97.71,SAME
1,68.9,39.9,3,1,0,79.58,HARDER
3,27.36,109.62,17,5,0,70.47,HARDER
2,48.67,72.78,6,0,0,85.39,HARDER
4,32.06,125.61,15,0,0,80.39,HARDER
5,25.0,205.27,24,6,5,55.05,EASIER
2,44.62,63.23,7,1,1,87.24,EASIER
3,34.77,76.51,13,1,0,80.33,HARDER
2,49.99,45.29,6,0,0,76.71,HARDER
1,97.99,27.84,2,0,0,86.27,HARDER
1,44.64,40.85,4,2,0,68.54,HARDER
4,25.0,175.94,20,5,4,48.6,EASIER
3,26.6,100.32,13,1,0,91.31,HARDER
5,28.15,217.93,21,3,1,74.89,SAME
4,25.0,212.01,21,6,2,56.76,EASIER
3,30.85,123.91,13,1,0,79.62,HARDER
3,26.49,148.7,18,6,3,55.31,EASIER
3,25.0,121.19,15,3,1,73.7,SAME
2,51.71,56.49,6,0,0,74.01,EASIER
3,31.27,96.36,13,1,0,64.15,SAME
2,38.04,63.4,8,2,0,66.44,HARDER
4,29.83,224.57,19,4,3,56.04,EASIER
2,43.8,69.57,7,1,0,70.29,EASIER
1,100.0,20.0,2,0,0,77.63,HARDER
4,25.0,128.95,18,3,1,66.61,SAME
2,46.89,60.09,6,0,0,79.87,HARDER
5,30.66,162.71,20,2,0,67.62,SAME
1,96.76,20.0,2,0,0,78.13,HARDER
1,53.76,64.87,4,2,1,57.14,SAME
3,29.94,122.18,16,4,0,65.18,HARDER
4,25.0,242.18,20,5,4,68.04,EASIER
3,25.0,114.85,16,4,0,59.74,SAME
4,32.67,166.41,16,1,0,86.49,HARDER
2,45.36,67.15,7,1,0,76.55,HARDER
2,58.21,35.31,6,0,0,100.0,HARDER
4,26.32,200.43,20,5,3,54.49,EASIER
5,25.42,269.51,25,7,3,61.01,EASIER
1,71.13,34.13,3,1,0,62.62,SAME
3,36.79,100.73,12,0,0,100.0,HARDER
2,46.79,58.57,7,1,0,82.68,HARDER
5,29.67,270.09,21,3,1,60.04,EASIER
2,47.93,97.99,6,0,0,49.95,SAME
4,26.55,132.1,16,1,0,84.02,HARDER
4,25.69,132.13,17,2,1,71.13,EASIER
2,41.55,75.61,7,1,0,55.91,SAME
4,33.11,133.07,16,1,1,73.28,EASIER
1,97.73,20.0,2,0,0,100.0,HARDER
3,31.91,85.1,12,0,0,79.92,HARDER
1,64.73,30.95,3,1,0,51.96,SAME
1,100.0,40.33,2,0,0,68.77,HARDER
4,31.3,172.46,17,2,1,65.4,EASIER
1,100.0,20.0,2,0,0,86.42,HARDER
4,33.35,169.37,18,3,2,73.85,EASIER
4,27.64,125.72,16,1,0,73.89,HARDER
2,35.97,81.37,9,3,1,49.52,SAME
5,25.08,212.42,23,5,4,71.68,EASIER
3,31.53,96.32,12,0,0,84.66,HARDER
5,37.52,147.53,18,0,0,76.39,SAME
4,25.0,233.01,20,5,3,48.75,EASIER
4,25.0,214.18,22,7,4,42.01,EASIER
1,94.8,28.6,2,0,0,88.12,HARDER
1,98.22,51.05,2,0,0,77.61,HARDER
1,94.85,20.0,2,0,0,69.52,HARDER
5,25.0,196.01,23,5,1,42.01,SAME
1,45.58,47.67,4,2,0,61.58,SAME
5,27.33,235.9,22,4,1,67.82,SAME
5,34.0,153.97,20,2,0,64.74,SAME
4,25.0,108.85,19,4,1,66.98,SAME
3,31.14,65.79,12,0,0,58.91,SAME
1,68.41,20.0,3,1,0,81.8,HARDER
2,43.16,54.64,7,1,0,69.59,HARDER
2,40.04,89.81,7,1,0,67.43,HARDER
4,30.79,135.23,16,1,0,71.77,HARDER
2,41.16,57.55,7,1,1,67.18,EASIER
2,26.25,92.55,11,5,1,64.73,SAME
4,34.18,123.38,15,0,0,80.48,EASIER
4,31.49,196.16,19,4,3,59.88,EASIER
5,32.01,206.63,19,1,0,65.49,SAME
4,32.93,97.1,18,3,1,54.34,SAME
2,43.56,46.48,7,1,1,65.49,EASIER
5,25.0,300.0,27,9,7,40.61,EASIER
1,65.48,45.2,3,1,0,71.26,HARDER
3,31.43,142.21,14,2,0,52.17,SAME
2,38.72,56.65,7,1,1,77.77,EASIER
5,29.25,253.26,20,2,1,46.19,EASIER
3,32.12,80.75,13,1,0,77.16,EASIER
1,52.54,46.83,4,2,1,84.84,SAME
2,43.83,52.75,7,1,1,76.63,EASIER
1,55.2,51.62,4,2,0,50.49,SAME
3,25.0,160.63,17,5,1,56.81,SAME
5,26.87,212.84,22,4,1,78.92,SAME
3,25.0,178.79,16,4,1,58.27,EASIER
4,30.9,163.05,16,1,0,57.57,SAME
2,35.28,83.26,8,2,1,56.57,EASIER
4,28.21,141.76,18,3,1,74.4,SAME
2,49.31,76.01,6,0,0,100.0,HARDER
1,65.17,45.15,3,1,1,89.09,SAME
3,29.83,96.22,12,0,0,97.13,HARDER
4,25.0,167.89,20,5,2,58.82,EASIER
5,30.25,201.82,19,1,0,56.65,SAME
1,99.97,28.6,2,0,0,89.19,HARDER
5,25.79,225.91,22,4,3,55.34,EASIER
5,30.03,154.76,21,3,1,73.85,SAME
3,35.54,95.16,12,0,0,92.57,HARDER
1,100.0,20.0,2,0,0,75.45,HARDER
2,45.4,71.0,7,1,1,74.38,EASIER
3,32.42,168.97,14,2,0,63.18,SAME
1,99.59,25.46,2,0,0,93.88,HARDER
5,33.29,143.82,19,1,1,76.49,EASIER
5,30.69,221.93,19,1,1,60.5,EASIER
2,48.72,62.22,6,0,0,86.29,HARDER
1,25.0,48.37,10,8,0,52.08,SAME
4,27.68,114.76,18,3,0,84.57,HARDER
5,28.07,270.54,23,5,3,54.58,EASIER
3,28.23,134.25,15,3,2,43.55,EASIER
5,25.0,253.97,27,9,5,63.57,EASIER
2,40.57,44.56,7,1,0,75.04,HARDER
3,31.19,126.07,13,1,1,69.66,EASIER
5,28.52,194.42,20,2,1,62.03,EASIER
3,31.49,95.87,13,1,0,64.74,SAME
4,25.36,196.57,19,4,1,40.18,EASIER
2,39.43,58.46,7,1,0,73.71,SAME
2,37.87,79.52,8,2,0,61.46,SAME
1,47.65,71.67,4,2,0,73.65,HARDER
4,32.82,214.04,17,2,1,54.32,EASIER
5,25.09,300.0,25,7,5,31.79,EASIER
2,43.54,58.39,7,1,0,85.16,HARDER
2,40.58,48.8,7,1,0,71.16,HARDER
1,98.84,22.93,2,0,0,70.01,HARDER
1,98.42,36.85,2,0,0,90.64,SAME
4,29.85,157.11,17,2,1,61.62,EASIER
4,28.28,141.84,19,4,1,56.83,SAME
5,25.0,242.19,22,4,3,63.38,EASIER
4,25.26,243.98,20,5,4,60.11,EASIER
1,100.0,24.09,2,0,0,62.0,SAME
5,35.62,182.26,22,4,2,78.62,EASIER
1,100.0,30.86,2,0,0,61.22,SAME
1,98.66,20.0,2,0,0,96.57,HARDER
1,66.7,20.0,3,1,0,86.8,HARDER
3,33.91,88.78,13,1,1,99.09,EASIER
3,29.71,113.62,15,3,0,56.69,SAME
1,67.93,22.15,3,1,0,82.03,HARDER
4,26.07,212.6,17,2,1,64.23,EASIER
4,28.88,139.77,19,4,2,66.93,EASIER
4,25.0,231.01,23,8,4,50.4,EASIER
3,25.77,111.63,15,3,1,92.15,SAME
2,40.35,50.18,7,1,0,72.84,HARDER
2,34.96,111.55,9,3,2,75.94,EASIER
4,25.0,161.22,22,7,5,73.27,EASIER
4,26.72,132.46,16,1,1,57.69,EASIER
5,29.88,131.84,18,0,0,90.26,SAME
3,25.0,117.75,13,1,0,86.94,HARDER
2,26.88,83.24,11,5,1,56.3,SAME
5,25.0,300.0,27,9,9,43.78,EASIER
2,51.41,47.53,6,0,0,67.45,HARDER
3,30.93,110.35,12,0,0,76.58,HARDER
1,100.0,38.83,2,0,0,68.18,HARDER
5,25.07,214.21,22,4,2,60.21,EASIER
4,30.74,96.8,16,1,0,77.17,HARDER
2,38.46,90.31,9,3,1,56.02,SAME
2,31.42,49.37,9,3,0,87.95,HARDER
4,26.88,191.68,21,6,4,54.14,EASIER
4,25.0,163.24,18,3,2,74.44,EASIER
3,26.02,111.94,13,1,0,86.42,HARDER
3,32.89,102.37,15,3,0,63.33,SAME
3,25.0,134.12,15,3,2,39.33,EASIER
5,25.0,269.39,27,9,5,55.53,EASIER
2,28.68,103.08,9,3,1,52.11,SAME
4,26.97,141.09,19,4,2,82.39,EASIER
2,36.02,102.8,9,3,2,45.7,EASIER
1,100.0,20.95,2,0,0,91.78,HARDER
3,31.77,139.17,15,3,1,78.77,SAME
2,35.04,98.51,8,2,1,59.43,EASIER
4,25.36,250.0,24,9,4,60.66,EASIER
2,28.05,72.03,9,3,0,56.0,SAME
3,25.0,149.49,16,4,2,62.16,EASIER
5,29.38,147.25,18,0,0,70.06,SAME
5,25.43,120.03,18,0,0,72.92,SAME
1,97.84,27.47,2,0,0,79.93,HARDER
1,94.24,37.48,2,0,0,79.4,HARDER
4,32.9,101.67,16,1,0,86.44,HARDER
1,66.19,37.48,3,1,0,66.21,HARDER
3,25.0,174.66,17,5,2,57.94,EASIER
2,31.05,72.83,9,3,2,73.17,EASIER
5,26.98,179.1,20,2,1,54.39,EASIER
5,26.89,164.94,21,3,2,65.68,EASIER
1,67.98,46.55,3,1,1,64.98,SAME
1,48.86,58.23,4,2,0,70.03,HARDER
1,71.58,54.39,3,1,1,64.23,SAME
4,25.0,190.08,23,8,2,59.03,SAME
3,30.91,118.83,13,1,0,58.54,SAME
3,27.64,109.41,17,5,3,52.01,EASIER
2,50.66,54.82,6,0,0,65.19,HARDER
3,30.03,95.81,13,1,0,96.34,HARDER
3,30.23,125.0,12,0,0,62.7,SAME
2,38.32,96.54,8,2,0,55.73,SAME
5,28.78,174.32,20,2,1,72.05,EASIER
4,28.97,106.47,18,3,0,74.69,HARDER
5,31.85,285.13,21,3,1,28.65,EASIER
1,100.0,24.3,2,0,0,99.6,HARDER
3,28.49,107.32,13,1,0,92.08,HARDER
2,41.47,79.28,8,2,1,56.66,EASIER
4,29.54,96.7,17,2,1,77.16,EASIER
1,63.44,25.14,3,1,0,59.26,SAME
2,29.75,99.31,9,3,1,64.86,SAME
5,25.0,225.75,22,4,4,73.35,EASIER
4,30.67,119.02,16,1,1,72.34,EASIER
3,32.54,104.98,12,0,0,77.29,HARDER
3,25.07,186.83,20,8,4,58.85,EASIER
4,25.0,223.13,20,5,4,61.32,EASIER
2,29.33,113.93,9,3,2,56.98,EASIER
3,29.73,103.15,14,2,2,60.38,EASIER
3,31.29,79.74,12,0,0,82.68,HARDER
5,29.04,190.28,23,5,3,80.65,EASIER
3,25.0,164.26,18,6,1,48.74,SAME
1,53.75,40.35,4,2,0,91.59,HARDER
2,53.15,65.38,6,0,0,60.22,SAME
3,26.76,122.55,14,2,1,62.8,EASIER
4,25.0,182.03,19,4,3,65.0,EASIER
2,34.45,96.83,9,3,1,61.82,SAME
4,28.16,103.92,15,0,0,93.57,HARDER
5,27.36,191.86,21,3,2,57.29,EASIER
4,31.01,97.37,17,2,1,84.65,EASIER
2,35.59,77.04,9,3,0,66.23,HARDER
3,26.32,112.56,15,3,2,85.75,EASIER
5,35.28,126.19,19,1,0,73.59,SAME
1,96.27,30.44,2,0,0,87.3,HARDER
3,29.96,113.42,15,3,0,67.07,HARDER
5,32.76,124.28,19,1,0,81.57,SAME
1,30.5,50.59,6,4,3,39.52,SAME
2,41.18,106.45,8,2,1,80.3,EASIER
5,27.03,256.16,21,3,2,52.6,EASIER
1,54.1,34.74,4,2,0,47.36,SAME
4,37.74,118.02,15,0,0,68.51,HARDER
5,27.9,295.08,23,5,3,44.74,EASIER
2,46.24,38.48,6,0,0,87.59,HARDER
4,30.64,199.91,20,5,3,62.46,EASIER
1,100.0,32.82,2,0,0,73.36,HARDER
2,45.57,64.15,7,1,0,78.58,HARDER
3,25.0,161.14,17,5,2,55.74,EASIER
1,71.14,63.96,3,1,0,38.55,SAME
2,51.39,40.49,6,0,0,86.17,HARDER
1,100.0,24.33,2,0,0,85.83,HARDER
5,29.89,154.59,18,0,0,84.77,SAME
4,25.0,250.0,23,8,6,42.63,EASIER
5,29.5,104.66,19,1,0,65.31,SAME
2,27.65,96.78,10,4,0,49.74,SAME
3,25.0,138.8,15,3,3,50.18,EASIER
2,46.76,38.85,6,0,0,93.51,HARDER
2,57.02,53.93,6,0,0,84.99,HARDER
1,62.7,43.76,3,1,1,79.58,SAME
1,43.06,67.41,5,3,2,46.34,SAME
2,56.42,47.9,6,0,0,83.03,HARDER
4,26.71,158.0,18,3,1,57.33,EASIER
4,25.0,178.58,18,3,2,51.76,EASIER
1,100.0,21.59,2,0,0,80.26,HARDER
5,28.1,183.52,22,4,3,72.21,EASIER
5,25.0,300.0,24,6,6,47.71,EASIER
1,95.27,35.55,2,0,0,64.42,SAME
2,30.93,98.41,9,3,1,69.24,SAME
5,35.49,255.85,19,1,1,66.82,EASIER
3,25.0,103.41,16,4,1,60.91,SAME
1,97.44,39.24,2,0,0,76.89,HARDER
5,31.97,142.03,20,2,2,91.31,EASIER
5,28.05,122.75,19,1,0,94.66,SAME
2,46.63,58.67,6,0,0,79.31,HARDER
2,35.64,90.3,8,2,0,44.68,SAME
1,98.32,41.74,2,0,0,80.37,HARDER
4,26.93,228.11,22,7,2,72.8,SAME
3,25.42,134.13,17,5,2,68.98,EASIER
3,35.08,117.45,13,1,0,72.69,HARDER
5,25.0,300.0,24,6,4,34.63,EASIER
5,25.12,170.1,23,5,2,72.33,EASIER
2,54.94,46.54,6,0,0,78.37,HARDER
2,39.47,62.95,8,2,1,78.44,EASIER
2,42.2,73.75,7,1,0,73.43,HARDER
2,39.62,68.77,7,1,1,47.08,SAME
4,25.5,168.46,17,2,1,59.72,EASIER
5,29.91,157.81,19,1,1,66.6,EASIER
5,25.0,300.0,27,9,8,59.22,EASIER
2,48.07,81.47,6,0,0,55.26,SAME
4,25.0,202.65,20,5,2,73.44,EASIER
4,26.81,141.0,15,0,0,78.75,HARDER
5,25.0,238.55,26,8,2,62.73,SAME
4,27.1,110.06,18,3,0,66.5,HARDER
1,52.21,32.67,4,2,0,79.79,HARDER
5,28.85,206.87,22,4,3,54.62,EASIER
4,25.0,152.76,18,3,0,76.69,HARDER
1,97.67,27.42,2,0,0,94.35,HARDER
3,25.0,94.55,15,3,1,72.6,SAME
3,26.27,113.55,14,2,2,67.16,EASIER
3,25.81,124.14,14,2,1,84.8,EASIER
4,25.0,154.37,18,3,1,66.99,SAME
2,42.57,49.0,6,0,0,90.81,HARDER
4,33.14,151.97,16,1,0,90.01,HARDER
5,25.0,300.0,26,8,5,41.78,EASIER
5,29.73,191.94,23,5,4,62.46,EASIER
4,25.4,142.67,17,2,0,99.15,HARDER
2,53.42,34.88,6,0,0,92.83,HARDER
4,31.51,165.05,16,1,1,61.05,EASIER
4,26.06,200.9,21,6,4,50.43,EASIER
3,30.68,67.18,12,0,0,94.62,HARDER
1,98.5,29.34,2,0,0,71.34,HARDER
2,51.47,52.49,6,0,0,95.5,HARDER
5,26.66,178.25,23,5,3,66.11,EASIER
3,28.26,97.55,14,2,1,60.83,EASIER
1,43.32,53.09,4,2,0,48.21,SAME
4,29.21,198.78,19,4,2,60.82,EASIER
3,28.99,80.84,12,0,0,82.07,HARDER
5,27.28,222.98,22,4,2,65.83,EASIER
2,48.44,51.32,6,0,0,56.53,SAME
1,66.48,43.07,3,1,0,52.3,SAME
2,52.7,48.9,6,0,0,93.65,HARDER
5,27.28,244.86,22,4,3,60.36,EASIER
2,43.17,53.28,7,1,0,65.56,HARDER
3,25.0,169.02,17,5,3,56.07,EASIER
4,28.61,156.23,18,3,1,58.42,EASIER
1,49.97,37.23,4,2,1,78.62,SAME
3,29.68,120.83,14,2,1,63.07,EASIER
2,38.48,58.18,7,1,0,73.61,HARDER
2,27.54,84.58,11,5,2,58.38,EASIER
1,52.56,21.81,4,2,0,66.71,SAME
3,25.0,129.39,19,7,2,59.83,SAME
3,25.0,210.0,16,4,3,29.97,EASIER
3,35.06,142.4,13,1,1,65.8,EASIER
4,25.74,103.51,18,3,2,78.7,EASIER
4,26.36,250.0,22,7,4,40.35,EASIER
4,27.07,95.25,17,2,1,54.4,EASIER
4,25.44,183.26,20,5,4,71.14,EASIER
2,47.46,53.32,6,0,0,98.24,HARDER
5,32.14,198.84,19,1,1,53.61,EASIER
5,25.0,217.08,25,7,3,68.14,EASIER
1,94.32,20.36,2,0,0,68.74,HARDER
5,30.95,159.34,19,1,0,75.88,SAME
4,28.23,193.81,18,3,1,64.44,EASIER
3,25.0,119.14,13,1,0,76.36,HARDER
3,26.8,156.61,16,4,2,49.73,EASIER
5,28.52,140.33,19,1,1,78.03,EASIER
1,100.0,20.0,2,0,0,88.26,HARDER
2,35.46,89.55,8,2,1,93.01,EASIER
5,27.66,174.05,23,5,3,67.16,EASIER
1,97.21,20.0,2,0,0,70.12,HARDER
4,25.0,201.03,22,7,4,68.13,EASIER
1,29.65,84.09,8,6,3,79.62,SAME
3,25.0,132.46,20,8,2,54.33,SAME
4,27.27,125.54,17,2,1,78.19,EASIER
1,69.02,20.95,3,1,0,82.78,HARDER
4,31.91,184.14,20,5,2,50.0,EASIER
1,100.0,23.72,2,0,0,85.54,HARDER
1,98.24,20.0,2,0,0,79.7,HARDER
2,39.46,63.0,8,2,0,50.04,SAME
2,50.3,59.58,6,0,0,75.96,HARDER
5,25.61,213.56,24,6,2,56.86,EASIER
1,29.81,62.86,6,4,0,67.65,HARDER
1,66.0,40.53,3,1,0,73.53,HARDER
3,32.83,73.21,12,0,0,88.88,HARDER
3,25.0,124.11,14,2,0,74.67,HARDER
3,25.0,166.8,17,5,2,41.09,EASIER
3,25.0,113.73,17,5,0,77.63,HARDER
1,65.69,43.07,3,1,0,92.99,HARDER
5,25.0,271.22,28,10,3,51.53,EASIER
1,38.09,52.37,5,3,0,68.26,HARDER
2,48.15,66.3,6,0,0,98.63,HARDER
5,27.32,222.64,22,4,3,56.75,EASIER
2,29.06,77.19,10,4,2,48.76,EASIER
1,25.0,98.35,9,7,4,62.14,SAME
2,32.97,96.88,9,3,2,50.44,EASIER
2,50.34,52.11,7,1,0,80.1,HARDER
1,100.0,29.11,2,0,0,65.62,HARDER
1,35.66,61.66,5,3,0,76.09,HARDER
2,38.79,68.87,7,1,0,49.86,SAME
4,33.93,170.65,18,3,0,50.16,SAME
4,29.32,149.73,16,1,1,71.07,EASIER
5,30.65,215.1,20,2,1,83.24,EASIER
1,38.55,50.33,5,3,2,54.82,SAME
2,48.62,59.39,6,0,0,92.02,HARDER
3,36.68,85.96,13,1,0,50.3,SAME
2,29.6,94.59,11,5,2,65.72,EASIER
5,28.9,186.75,23,5,1,74.12,SAME
4,34.87,126.15,19,4,2,95.41,EASIER
3,31.8,75.59,12,0,0,98.75,HARDER
5,25.83,209.92,22,4,3,41.39,EASIER
5,34.1,178.4,19,1,1,69.6,EASIER
3,32.4,51.41,12,0,0,84.69,EASIER
2,44.3,73.37,7,1,1,69.47,EASIER
4,31.86,145.62,16,1,0,76.24,HARDER
1,68.92,24.44,3,1,0,74.03,HARDER
1,47.36,35.98,4,2,1,63.45,SAME
1,100.0,27.27,2,0,0,81.67,HARDER
3,32.44,137.53,15,3,1,59.28,SAME
3,27.84,139.79,13,1,1,71.48,EASIER
5,27.95,163.57,20,2,0,73.03,SAME
1,100.0,23.37,2,0,0,77.27,HARDER
5,27.26,183.9,23,5,2,71.54,EASIER
2,50.99,64.0,6,0,0,93.54,HARDER
3,27.24,96.32,14,2,2,91.69,EASIER
4,31.06,137.8,17,2,0,74.41,HARDER
4,26.34,178.54,19,4,1,39.08,EASIER
2,43.2,60.34,8,2,0,61.87,SAME
3,29.67,110.72,15,3,0,76.01,HARDER
2,28.55,51.89,10,4,0,77.21,HARDER
3,26.15,120.9,14,2,1,67.75,EASIER
3,37.03,161.33,14,2,0,67.96,SAME
3,33.53,99.18,12,0,0,68.24,HARDER
2,39.28,62.28,9,3,0,57.99,SAME
3,32.13,72.71,13,1,0,89.91,HARDER
4,25.0,248.37,22,7,4,62.33,EASIER
1,35.85,65.29,5,3,0,49.45,SAME
5,33.68,161.02,19,1,1,100.0,EASIER
5,32.49,152.65,19,1,1,99.37,EASIER
1,94.96,20.0,2,0,0,81.59,HARDER
4,25.0,243.06,21,6,3,52.6,EASIER
5,34.68,151.59,19,1,1,68.84,EASIER
5,25.0,135.36,21,3,1,50.54,EASIER
5,33.31,120.95,18,0,0,100.0,SAME
1,68.28,40.73,3,1,1,70.0,SAME
3,27.97,145.14,17,5,1,42.79,SAME
1,100.0,35.25,2,0,0,57.44,SAME
2,44.88,56.15,7,1,0,95.21,HARDER
5,27.12,289.12,24,6,4,56.04,EASIER
1,36.55,67.26,5,3,0,54.79,SAME
3,25.0,142.59,20,8,2,53.17,SAME
3,29.92,126.96,13,1,0,90.53,HARDER
5,25.0,278.49,26,8,7,50.73,EASIER
4,27.84,100.93,16,1,1,80.26,EASIER
2,41.69,67.84,7,1,0,80.03,HARDER
5,26.19,177.44,22,4,3,62.45,EASIER
1,40.8,45.37,5,3,0,58.93,SAME
2,48.05,89.07,6,0,0,54.76,SAME
4,30.27,154.92,19,4,2,48.21,EASIER
1,41.15,52.88,5,3,1,59.17,SAME
3,25.88,138.41,15,3,1,66.39,SAME
3,37.0,88.46,12,0,0,88.06,HARDER
3,33.7,131.91,14,2,0,41.18,SAME
4,32.21,202.46,17,2,1,71.07,EASIER
5,25.0,202.45,20,2,1,82.09,EASIER
5,28.6,154.81,20,2,1,58.52,EASIER
5,28.73,300.0,25,7,2,25.0,EASIER
1,93.73,37.71,2,0,0,75.79,HARDER
2,48.47,67.56,6,0,0,61.28,SAME
1,100.0,24.31,2,0,0,87.09,HARDER
2,48.85,41.3,6,0,0,78.95,HARDER
4,28.52,135.31,15,0,0,97.39,HARDER
5,30.01,250.52,21,3,3,74.72,EASIER
5,27.16,165.64,25,7,1,71.1,SAME
3,25.82,149.74,17,5,4,45.05,EASIER
3,25.46,136.13,15,3,1,69.28,SAME
5,25.0,275.0,24,6,4,43.73,EASIER
4,32.03,107.26,17,2,0,80.81,HARDER
3,31.16,106.77,14,2,1,62.73,EASIER
4,25.0,145.74,17,2,1,65.53,EASIER
3,29.99,96.87,13,1,1,76.32,EASIER
5,27.08,244.82,22,4,1,39.54,EASIER
2,38.88,64.54,8,2,0,76.2,HARDER
2,31.65,93.07,10,4,1,68.16,SAME
1,100.0,26.47,2,0,0,56.08,SAME
5,32.58,147.47,20,2,1,91.06,EASIER
4,25.0,221.26,20,5,2,74.59,EASIER
2,40.24,63.58,8,2,0,77.19,HARDER
4,32.47,163.89,17,2,1,60.65,EASIER
2,49.55,45.41,6,0,0,67.46,HARDER
3,31.01,78.47,12,0,0,62.75,SAME
2,45.18,63.8,6,0,0,72.41,HARDER
4,32.01,102.9,15,0,0,88.4,HARDER
1,69.43,37.27,3,1,1,77.83,SAME
3,31.04,94.94,13,1,0,74.3,HARDER
4,25.0,168.37,20,5,4,70.75,EASIER
2,49.75,56.74,6,0,0,63.31,SAME
1,25.0,75.99,8,6,2,49.42,SAME
3,25.0,159.94,15,3,1,62.32,SAME
1,97.79,38.74,2,0,0,100.0,EASIER
3,31.8,134.7,15,3,1,50.08,EASIER
4,38.3,121.67,17,2,1,77.16,EASIER
1,100.0,39.59,2,0,0,99.22,HARDER
1,69.7,42.07,3,1,0,51.32,SAME
2,30.1,75.97,10,4,1,57.1,SAME
5,26.35,281.37,23,5,3,47.36,EASIER
3,30.91,125.6,14,2,0,65.52,HARDER
4,27.05,134.01,17,2,1,70.13,EASIER
4,29.09,163.6,18,3,2,73.75,EASIER
5,30.8,196.59,22,4,3,59.95,EASIER
1,66.03,35.27,3,1,0,67.06,HARDER
4,25.0,183.61,21,6,2,48.29,EASIER
3,25.0,95.61,13,1,0,93.82,HARDER
3,27.15,119.58,15,3,2,63.87,EASIER
3,25.0,148.58,17,5,2,42.79,EASIER
5,25.48,229.34,23,5,4,62.73,EASIER
5,33.28,183.27,20,2,0,66.38,SAME
1,97.88,29.32,2,0,0,99.65,HARDER
2,47.56,77.56,7,1,1,69.53,EASIER
1,98.88,24.36,2,0,0,91.81,HARDER
1,95.25,20.0,2,0,0,92.36,HARDER
3,33.8,95.43,12,0,0,100.0,HARDER
2,40.1,77.89,7,1,0,62.91,SAME
3,29.66,90.29,13,1,0,94.49,HARDER
4,32.48,102.54,15,0,0,94.53,HARDER
2,36.21,72.71,9,3,0,76.65,HARDER
5,25.0,149.72,22,4,1,69.92,SAME
3,31.11,125.86,13,1,1,67.39,EASIER
2,40.98,42.56,8,2,1,69.72,EASIER
3,33.08,112.34,13,1,0,87.82,HARDER
5,32.3,189.73,20,2,1,53.93,EASIER
2,50.77,56.85,6,0,0,83.59,HARDER
5,25.68,181.21,24,6,3,70.7,EASIER
1,45.08,55.22,4,2,1,78.56,SAME
5,30.72,174.24,19,1,0,72.11,SAME
2,25.0,115.45,14,8,2,56.25,SAME
1,95.21,45.61,2,0,0,56.04,SAME
1,98.56,20.0,2,0,0,100.0,HARDER
2,46.93,58.58,6,0,0,100.0,HARDER
2,38.86,56.96,7,1,0,65.0,HARDER
1,73.12,25.1,3,1,1,74.6,SAME
5,38.0,227.71,19,1,1,52.92,EASIER
3,25.0,129.6,18,6,2,73.72,SAME
3,25.0,111.87,16,4,0,69.7,HARDER
5,27.22,160.39,21,3,2,59.89,EASIER
4,28.57,121.58,21,6,1,67.76,HARDER
1,48.83,42.92,4,2,1,54.04,SAME
3,25.0,186.81,18,6,1,27.39,EASIER
5,26.77,242.01,24,6,2,71.75,EASIER
1,40.55,73.49,5,3,2,67.08,SAME
5,27.46,208.43,21,3,0,76.37,SAME
4,25.0,247.6,20,5,3,54.09,EASIER
5,28.55,172.78,23,5,2,60.64,EASIER
4,30.22,200.06,18,3,1,56.17,EASIER
4,25.0,118.86,19,4,1,95.43,SAME
2,32.0,104.89,9,3,1,56.56,SAME
1,97.47,20.0,2,0,0,90.78,HARDER
4,30.25,110.95,17,2,0,53.55,SAME
3,25.0,145.51,18,6,2,49.88,EASIER
1,62.77,38.59,3,1,1,53.53,SAME
4,29.09,105.59,16,1,1,90.45,EASIER
2,48.53,57.46,7,1,1,56.27,EASIER
4,34.66,104.49,15,0,0,89.54,HARDER
4,25.0,182.64,21,6,2,71.69,SAME
5,25.0,237.34,26,8,3,67.86,EASIER
2,36.14,87.19,8,2,0,59.23,SAME
2,43.66,81.01,7,1,0,79.35,HARDER
1,100.0,20.0,2,0,0,99.59,HARDER
3,25.0,107.86,16,4,0,79.53,HARDER
2,42.45,60.61,7,1,0,72.27,HARDER
1,100.0,35.67,2,0,0,66.46,HARDER
2,45.24,80.93,7,1,1,59.97,EASIER
5,25.0,213.23,26,8,4,62.38,EASIER
2,49.96,31.29,6,0,0,66.51,HARDER
2,44.76,58.7,7,1,0,55.24,SAME
5,29.52,197.38,22,4,2,62.91,EASIER
5,28.06,170.62,24,6,1,100.0,SAME
1,62.45,38.88,3,1,0,44.47,SAME
5,27.1,247.23,24,6,4,70.53,EASIER
3,25.0,201.21,17,5,4,51.68,EASIER
2,49.25,69.12,7,1,0,76.11,HARDER
5,26.37,279.88,24,6,3,57.87,EASIER
4,25.0,118.75,20,5,3,69.24,EASIER
2,52.08,30.0,6,0,0,76.48,HARDER
1,70.6,29.8,3,1,0,76.51,HARDER
5,32.17,131.47,19,1,1,93.96,EASIER
3,30.93,114.01,12,0,0,52.73,SAME
3,31.7,107.12,14,2,1,64.98,EASIER
5,25.0,300.0,29,11,6,42.24,EASIER
4,27.04,173.44,21,6,3,69.65,EASIER
4,26.33,147.69,18,3,0,66.6,HARDER
5,33.73,159.04,20,2,1,65.8,EASIER
1,63.95,39.38,3,1,0,86.64,HARDER
3,30.98,85.97,12,0,0,86.24,HARDER
2,34.48,84.74,9,3,1,73.65,SAME
5,25.0,278.97,25,7,4,40.06,EASIER
2,38.25,72.15,8,2,1,59.16,EASIER
3,34.72,73.9,12,0,0,95.82,HARDER
5,29.99,182.87,24,6,4,60.81,EASIER
2,53.55,42.95,6,0,0,93.51,HARDER
1,100.0,25.22,2,0,0,55.66,SAME
3,25.8,128.68,15,3,0,69.96,HARDER
2,31.62,59.79,8,2,1,66.89,EASIER
1,99.16,22.64,2,0,0,76.3,HARDER
1,62.85,66.0,3,1,1,32.78,SAME
4,25.0,227.41,21,6,2,54.37,EASIER
3,25.89,101.45,14,2,1,80.65,EASIER
3,35.38,90.03,12,0,0,72.46,HARDER
3,29.17,119.93,13,1,0,64.28,SAME
4,28.02,106.77,16,1,0,79.46,HARDER
1,67.25,42.6,3,1,0,60.81,SAME
5,27.64,178.47,20,2,1,67.52,EASIER
1,100.0,34.88,2,0,0,77.32,HARDER
3,25.0,163.67,18,6,1,61.07,SAME
4,30.72,130.4,16,1,0,58.09,SAME
2,54.19,32.3,6,0,0,68.8,HARDER
4,29.23,141.5,19,4,3,58.39,EASIER
3,29.91,98.32,13,1,0,67.69,HARDER
1,95.76,27.32,2,0,0,58.08,SAME
3,26.87,98.27,14,2,0,80.58,HARDER
2,49.06,49.73,6,0,0,76.86,HARDER
4,32.23,163.58,17,2,1,67.69,EASIER
2,45.88,58.02,7,1,0,85.1,HARDER
2,47.82,37.27,6,0,0,98.36,HARDER
2,51.31,51.64,6,0,0,38.78,SAME
2,51.82,56.88,6,0,0,77.65,HARDER
2,39.11,56.7,7,1,0,79.88,HARDER
4,31.73,106.41,16,1,0,78.25,EASIER
1,99.01,20.0,2,0,0,81.18,HARDER
5,25.0,231.84,26,8,4,60.9,EASIER
1,97.88,44.82,2,0,0,59.72,SAME
5,25.0,219.36,23,5,3,83.31,EASIER
5,31.86,300.0,26,8,3,58.43,HARDER
5,28.54,184.06,22,4,4,82.57,EASIER
2,50.98,47.56,6,0,0,100.0,HARDER
1,97.24,28.34,2,0,0,69.07,HARDER
5,32.44,180.46,19,1,1,67.04,EASIER
5,32.82,128.08,19,1,1,74.92,EASIER
5,30.76,140.6,20,2,0,77.08,SAME
1,65.23,34.22,3,1,0,65.54,HARDER
4,29.65,131.18,17,2,1,69.88,EASIER
5,25.0,195.06,21,3,1,59.25,EASIER
2,48.25,43.04,6,0,0,92.44,HARDER
1,55.9,50.37,4,2,0,73.86,HARDER
3,28.06,143.72,15,3,0,57.96,SAME
2,38.35,68.25,8,2,1,54.9,EASIER
3,31.21,153.57,14,2,1,53.99,EASIER
4,32.41,153.81,15,0,0,49.71,SAME
5,32.46,172.51,19,1,1,85.34,EASIER
5,27.18,217.89,23,5,2,64.32,EASIER
4,26.92,163.43,17,2,0,72.78,HARDER
3,25.0,120.61,16,4,0,49.5,SAME
4,33.65,132.35,17,2,0,81.78,HARDER
5,25.0,296.64,23,5,0,53.84,EASIER
4,25.8,196.91,20,5,2,41.6,EASIER
4,25.0,200.99,18,3,0,93.68,SAME
3,25.0,140.12,14,2,0,40.06,SAME
5,25.79,200.08,21,3,1,74.73,SAME
2,33.88,90.99,10,4,2,48.87,EASIER
5,34.6,181.53,20,2,1,74.19,EASIER
3,32.13,51.99,12,0,0,89.6,EASIER
1,100.0,31.96,2,0,0,82.29,HARDER
5,25.23,182.44,23,5,1,65.59,SAME
5,36.2,188.76,19,1,0,68.34,SAME
5,27.84,283.23,22,4,3,47.46,EASIER
1,33.69,57.63,6,4,1,57.98,SAME
3,25.0,210.0,22,10,7,38.13,EASIER
2,47.76,57.42,6,0,0,73.48,HARDER
1,64.72,48.55,3,1,0,70.99,HARDER
4,34.02,185.97,17,2,0,74.25,SAME
5,26.31,196.06,23,5,3,69.11,EASIER
5,28.33,156.18,21,3,0,72.6,SAME
2,36.76,113.95,8,2,2,44.52,EASIER
4,32.33,124.83,17,2,1,100.0,EASIER
2,34.51,61.01,8,2,0,80.18,HARDER
4,27.25,202.44,18,3,3,67.46,EASIER
4,25.0,250.0,28,13,7,48.29,EASIER
5,25.0,273.79,26,8,6,54.99,EASIER
3,25.0,178.0,16,4,1,45.73,EASIER
4,30.04,113.64,15,0,0,80.96,HARDER
4,32.57,190.04,18,3,1,72.63,SAME
5,25.0,173.86,23,5,3,60.13,SAME
3,25.0,136.44,15,3,2,36.49,EASIER
1,100.0,41.5,2,0,0,61.4,SAME
4,25.0,168.09,19,4,3,75.38,EASIER
3,36.41,78.89,13,1,1,70.18,EASIER
3,32.16,74.64,14,2,1,70.91,EASIER
2,41.4,58.75,7,1,0,57.95,SAME
4,25.0,250.0,28,13,8,53.43,EASIER
1,100.0,20.0,2,0,0,100.0,HARDER
3,25.0,133.94,16,4,1,75.0,SAME
2,48.41,54.91,6,0,0,54.25,SAME
4,26.56,171.68,19,4,1,77.03,SAME
3,34.14,108.43,13,1,0,55.36,SAME
5,28.76,189.38,23,5,1,67.49,SAME
4,25.39,184.45,19,4,3,71.91,EASIER
5,25.0,300.0,23,5,4,43.51,EASIER
2,41.81,71.46,7,1,0,53.19,SAME
1,100.0,43.34,2,0,0,87.05,HARDER
5,28.2,280.06,23,5,5,25.0,EASIER
5,28.99,300.0,22,4,3,42.74,EASIER
1,97.85,25.21,2,0,0,96.72,HARDER
1,100.0,20.31,2,0,0,85.52,HARDER
4,25.0,156.8,22,7,1,63.0,SAME
2,25.7,121.59,10,4,2,53.97,EASIER
5,25.0,252.09,24,6,2,67.49,EASIER
3,26.68,150.15,14,2,0,61.47,SAME
1,59.25,26.43,3,1,0,63.57,SAME
2,34.96,67.16,9,3,0,71.08,HARDER
5,25.0,282.2,25,7,4,57.08,EASIER
1,100.0,20.72,2,0,0,70.34,HARDER
3,30.93,89.63,12,0,0,91.9,HARDER
4,28.65,129.06,17,2,0,73.87,HARDER
1,97.19,21.72,2,0,0,85.12,HARDER
5,31.3,123.33,18,0,0,78.7,SAME
1,98.13,26.43,2,0,0,57.02,SAME
3,27.5,132.97,15,3,1,59.33,SAME
4,29.09,195.91,21,6,3,56.42,EASIER
3,25.0,132.3,16,4,0,59.05,SAME
3,25.0,192.3,19,7,5,73.4,EASIER
3,25.0,161.09,16,4,3,46.04,EASIER
3,30.08,116.6,12,0,0,74.43,HARDER
4,26.62,217.68,18,3,3,52.84,EASIER
1,68.38,22.6,3,1,0,55.4,SAME
2,39.44,78.86,7,1,1,60.93,EASIER
3,28.69,133.16,14,2,1,65.85,EASIER
1,67.31,57.13,3,1,1,49.75,SAME
1,54.02,51.26,4,2,1,62.1,SAME
1,96.28,20.0,2,0,0,78.09,HARDER
2,43.34,64.27,7,1,0,90.53,HARDER
3,37.35,81.34,12,0,0,98.55,HARDER
5,25.0,300.0,25,7,3,41.29,EASIER
4,27.72,198.55,20,5,3,59.9,EASIER
3,29.16,93.11,13,1,0,73.59,HARDER
4,33.23,205.78,19,4,2,69.94,EASIER
2,38.14,63.17,8,2,0,68.09,HARDER
4,27.95,237.06,18,3,2,51.66,EASIER
4,26.41,137.84,19,4,2,73.35,EASIER
5,29.79,173.92,19,1,0,55.8,SAME
5,26.67,143.38,20,2,0,83.11,SAME
1,37.01,54.52,5,3,0,56.01,SAME
5,36.35,173.7,18,0,0,67.05,SAME
2,26.78,93.32,10,4,1,56.09,SAME
3,25.0,128.08,15,3,0,61.36,SAME
4,25.0,157.2,18,3,1,62.34,SAME
2,34.55,94.16,9,3,1,50.66,SAME
5,27.99,189.15,21,3,0,65.56,EASIER
5,31.16,198.35,22,4,4,57.04,EASIER
5,25.0,276.75,23,5,3,70.68,EASIER
4,26.84,160.25,21,6,2,71.79,SAME
1,96.14,37.09,2,0,0,75.76,HARDER
3,31.11,116.98,13,1,0,68.94,HARDER
2,51.2,40.34,6,0,0,71.55,HARDER
1,67.14,33.44,3,1,0,81.12,HARDER
3,26.93,99.17,12,0,0,100.0,HARDER
5,25.0,268.44,24,6,5,60.51,EASIER
3,27.93,161.81,15,3,1,59.74,EASIER
2,35.77,58.83,8,2,1,87.58,EASIER
2,39.86,56.64,7,1,0,73.31,HARDER
4,29.1,156.63,20,5,3,50.46,EASIER
2,37.62,78.03,8,2,0,44.04,SAME
1,98.44,28.66,2,0,0,89.14,HARDER
4,25.0,187.95,25,10,8,76.34,EASIER
5,28.74,227.06,20,2,1,78.52,EASIER
4,25.0,181.84,18,3,2,70.42,EASIER
1,58.94,41.68,3,1,0,59.98,SAME
3,31.39,103.2,12,0,0,68.63,HARDER
2,34.15,79.18,9,3,1,58.52,SAME
4,25.34,108.89,16,1,1,85.86,EASIER
2,45.66,57.47,7,1,0,61.16,SAME
2,36.14,88.14,9,3,1,57.1,SAME
1,96.51,27.61,2,0,0,78.09,HARDER
5,25.88,246.46,25,7,3,36.49,EASIER
3,29.07,122.94,14,2,1,75.55,EASIER
2,26.05,54.42,11,5,0,63.16,SAME
1,66.55,44.95,3,1,0,81.39,HARDER
1,100.0,23.89,2,0,0,72.35,HARDER
3,29.63,121.66,15,3,3,83.54,EASIER
1,66.4,59.68,3,1,0,69.03,HARDER
3,28.93,64.74,12,0,0,88.7,HARDER
4,25.0,128.37,18,3,2,95.53,EASIER
3,33.68,67.93,12,0,0,87.77,HARDER
2,54.69,57.12,6,0,0,73.66,HARDER
5,30.17,196.44,18,0,0,58.35,SAME
4,32.49,156.77,16,1,1,48.4,EASIER
5,25.0,275.19,29,11,5,64.5,EASIER
4,25.89,141.0,18,3,0,57.11,SAME
1,100.0,26.83,2,0,0,40.76,SAME
4,25.0,250.0,22,7,5,53.25,SAME
4,34.35,102.02,17,2,0,73.33,HARDER
2,50.7,53.33,6,0,0,79.54,HARDER
5,25.84,152.84,21,3,2,80.89,EASIER
1,69.02,27.81,3,1,0,50.8,SAME
3,30.62,136.43,13,1,1,54.72,EASIER
2,41.89,52.45,8,2,1,62.89,EASIER
2,52.24,40.07,6,0,0,100.0,HARDER
2,48.46,65.51,6,0,0,60.23,SAME
5,31.57,253.97,21,3,1,78.88,SAME
5,25.0,285.67,26,8,5,37.38,EASIER
2,53.19,30.0,6,0,0,100.0,HARDER
3,25.93,112.75,14,2,0,81.15,HARDER
5,31.98,143.82,19,1,1,87.06,EASIER
5,31.58,160.81,20,2,0,100.0,SAME
4,25.0,250.0,23,8,6,55.45,EASIER
5,36.79,157.18,18,0,0,77.37,SAME
2,33.98,103.76,9,3,1,58.28,SAME
4,31.43,84.6,15,0,0,85.93,HARDER
1,99.79,31.62,2,0,0,74.38,HARDER
5,27.28,227.53,21,3,2,60.51,EASIER
3,32.81,108.75,14,2,0,70.42,SAME
4,34.37,151.68,17,2,2,60.69,EASIER
5,26.12,300.0,23,5,3,56.45,EASIER
2,52.06,50.8,6,0,0,100.0,HARDER
4,30.4,158.27,18,3,1,55.55,EASIER
3,27.89,165.59,13,1,1,40.91,EASIER
2,45.33,43.11,6,0,0,100.0,HARDER
4,25.0,158.67,18,3,2,61.15,EASIER
1,66.44,23.78,3,1,0,77.14,HARDER
5,25.0,218.45,22,4,1,69.71,SAME
3,31.88,150.77,14,2,0,74.0,HARDER
1,99.6,20.0,2,0,0,85.74,HARDER
5,25.0,229.87,26,8,7,68.21,EASIER
5,27.4,300.0,22,4,3,46.01,EASIER
2,29.0,89.67,10,4,2,72.05,EASIER
3,29.64,158.0,13,1,0,32.62,SAME
2,39.38,64.77,8,2,0,85.45,HARDER
4,26.33,105.48,17,2,0,78.72,HARDER
5,25.0,179.5,24,6,2,92.16,SAME
4,29.25,101.42,17,2,1,69.3,EASIER
5,26.4,194.21,24,6,2,66.54,EASIER
5,31.2,300.0,20,2,1,52.64,EASIER
1,67.93,32.32,3,1,0,75.28,HARDER
1,67.42,25.58,3,1,0,56.82,SAME
3,25.0,153.75,17,5,5,50.63,EASIER
4,31.25,123.43,16,1,1,80.77,EASIER
3,25.0,156.98,17,5,2,51.24,EASIER
4,28.95,205.5,19,4,1,81.69,SAME
4,25.03,143.21,17,2,1,60.11,EASIER
5,29.28,160.21,20,2,1,55.85,EASIER
5,27.12,263.15,22,4,4,58.15,EASIER
1,69.04,33.81,3,1,0,66.18,HARDER
4,31.1,135.65,17,2,0,60.47,SAME
4,28.55,147.33,17,2,2,86.12,EASIER
3,27.27,105.9,13,1,0,60.38,SAME
2,44.21,87.5,7,1,0,51.39,SAME
3,31.03,94.72,14,2,0,61.77,SAME
3,25.0,111.83,18,6,1,62.09,SAME
2,51.02,39.26,6,0,0,78.25,HARDER
2,48.29,74.54,6,0,0,73.99,HARDER
4,25.0,237.67,26,11,6,48.86,EASIER
2,43.55,34.94,7,1,0,85.44,HARDER
2,50.74,66.41,6,0,0,65.01,HARDER
3,25.0,127.53,16,4,1,75.57,SAME
5,25.0,243.9,22,4,2,54.63,EASIER
4,26.26,131.29,16,1,1,80.02,EASIER
1,100.0,20.0,2,0,0,89.21,HARDER
2,28.48,89.09,10,4,1,49.61,SAME
2,47.55,37.4,6,0,0,100.0,HARDER
3,26.9,96.72,14,2,0,92.14,HARDER
3,25.33,139.56,14,2,1,46.76,EASIER
2,48.49,30.0,6,0,0,93.58,EASIER
1,100.0,35.11,2,0,0,79.12,HARDER
5,26.3,195.86,23,5,2,79.18,EASIER
5,25.74,300.0,24,6,4,52.6,EASIER
4,29.84,119.05,16,1,0,73.72,HARDER
2,46.89,63.68,7,1,0,45.46,SAME
1,67.79,61.57,3,1,1,68.87,SAME
4,26.6,250.0,22,7,7,48.0,EASIER
2,52.94,39.82,6,0,0,88.05,HARDER
2,39.77,53.06,8,2,0,62.74,SAME
4,30.65,177.2,20,5,1,72.53,HARDER
1,95.31,23.4,2,0,0,86.08,HARDER
5,25.0,267.49,24,6,4,42.24,EASIER
2,46.87,56.91,6,0,0,84.73,HARDER
4,25.0,178.45,19,4,4,71.85,EASIER
2,31.61,97.96,10,4,2,34.56,HARDER
2,49.92,46.5,6,0,0,100.0,HARDER
4,25.0,185.25,20,5,3,49.23,EASIER
2,48.17,53.38,6,0,0,82.01,HARDER
3,25.0,110.32,15,3,2,50.18,EASIER
5,25.0,300.0,23,5,4,41.39,EASIER
4,29.76,91.99,15,0,0,100.0,HARDER
5,28.76,155.96,20,2,0,64.15,SAME
1,62.26,45.55,3,1,0,71.22,HARDER
1,94.23,24.32,2,0,0,90.7,HARDER
3,26.75,87.55,13,1,0,81.18,HARDER
2,25.0,105.94,12,6,3,63.34,EASIER
4,30.76,215.21,19,4,2,49.71,EASIER
4,31.26,222.04,20,5,2,41.46,EASIER
2,29.97,82.72,9,3,1,59.34,SAME
1,99.66,29.49,2,0,0,81.6,HARDER
4,28.53,149.44,18,3,1,61.65,SAME
4,25.0,220.47,18,3,2,62.47,EASIER
4,35.41,118.11,15,0,0,64.01,SAME
1,97.54,26.56,2,0,0,84.64,HARDER
1,97.16,26.0,2,0,0,87.42,HARDER
2,45.67,54.24,7,1,0,62.8,SAME
1,100.0,20.0,2,0,0,83.28,HARDER
2,34.23,101.38,10,4,1,60.12,SAME
3,29.92,102.63,14,2,1,84.9,EASIER
2,41.78,83.84,7,1,0,57.02,SAME
3,26.93,100.31,14,2,1,86.82,EASIER
5,28.97,224.83,24,6,2,61.56,EASIER
2,35.75,80.35,8,2,1,98.82,EASIER
1,100.0,35.38,2,0,0,100.0,HARDER
4,28.19,152.8,20,5,3,55.58,EASIER
2,25.0,76.58,10,4,0,90.28,HARDER
3,25.0,128.88,17,5,3,56.11,EASIER
5,25.0,270.83,25,7,3,47.12,EASIER
3,30.95,129.17,13,1,1,59.08,EASIER
3,28.26,105.92,15,3,0,64.13,SAME
2,46.76,65.2,7,1,1,77.62,EASIER
3,34.44,80.9,12,0,0,64.9,SAME
2,48.67,49.77,6,0,0,86.13,HARDER
3,36.95,140.31,14,2,0,71.46,HARDER
4,25.0,160.95,17,2,1,80.15,SAME
4,25.0,198.21,22,7,2,78.7,SAME
3,32.24,82.56,13,1,0,83.13,HARDER
2,37.25,88.85,9,3,2,47.52,EASIER
4,25.0,238.64,22,7,5,52.55,EASIER
2,31.98,101.87,10,4,2,52.99,EASIER
5,25.0,195.26,22,4,2,66.55,EASIER
3,25.0,105.54,15,3,0,51.96,SAME
5,32.82,163.96,21,3,2,72.08,EASIER
4,25.0,154.85,18,3,2,47.94,EASIER
5,25.0,244.39,24,6,2,51.73,EASIER
3,27.89,155.18,13,1,0,69.54,SAME
1,99.62,20.0,2,0,0,82.87,HARDER
5,25.0,241.39,23,5,1,57.09,SAME
2,33.43,89.27,9,3,0,55.35,SAME
1,69.35,56.88,3,1,1,75.63,SAME
1,64.35,29.94,3,1,0,56.4,SAME
5,25.0,132.07,21,3,1,70.25,SAME
2,42.82,52.38,6,0,0,67.75,HARDER
5,30.61,194.6,19,1,0,52.91,SAME
4,27.68,214.95,18,3,2,33.87,EASIER
5,32.04,154.03,19,1,0,75.3,SAME
5,32.51,159.26,19,1,1,100.0,EASIER
2,30.07,94.69,11,5,0,64.71,SAME
1,100.0,23.63,2,0,0,96.2,HARDER
4,28.02,156.46,20,5,2,57.35,EASIER
1,99.82,20.0,2,0,0,95.89,HARDER
5,27.85,216.95,22,4,2,57.09,EASIER
3,26.43,156.54,16,4,3,30.28,EASIER
4,26.53,160.46,20,5,2,46.99,EASIER
1,98.43,20.22,2,0,0,79.12,HARDER
1,66.45,30.07,3,1,0,88.2,HARDER
5,27.6,253.09,22,4,2,52.62,EASIER
5,25.0,217.35,25,7,4,68.35,EASIER
1,54.91,28.97,4,2,0,85.33,HARDER
4,28.21,165.2,17,2,1,62.29,EASIER
1,99.75,28.97,2,0,0,89.06,HARDER
4,31.8,135.82,18,3,1,79.99,SAME
3,25.65,99.22,17,5,1,90.53,HARDER
1,96.69,34.85,2,0,0,77.29,HARDER
4,29.29,224.69,18,3,2,44.76,EASIER
3,25.0,161.16,15,3,3,59.87,EASIER
5,26.95,300.0,24,6,5,34.0,EASIER
3,29.65,127.82,14,2,0,56.04,SAME
3,28.4,138.81,14,2,0,79.73,HARDER
2,36.77,114.94,9,3,0,29.97,SAME
5,25.0,289.48,25,7,4,43.86,EASIER
5,25.0,256.34,22,4,1,50.0,EASIER
5,25.0,300.0,27,9,8,47.74,EASIER
3,28.89,119.27,14,2,1,60.05,EASIER
2,30.34,113.21,10,4,3,64.85,EASIER
5,26.27,300.0,22,4,3,48.86,EASIER
4,30.74,162.88,18,3,0,49.33,SAME
2,47.93,43.54,6,0,0,84.8,HARDER
4,25.0,130.64,18,3,1,58.25,SAME
5,25.0,300.0,25,7,6,45.56,EASIER
1,40.01,57.12,5,3,0,55.89,SAME
4,30.34,114.96,17,2,0,77.9,HARDER
3,34.59,111.62,12,0,0,89.05,HARDER
1,96.58,20.0,2,0,0,85.84,HARDER
5,25.0,291.43,25,7,3,52.68,EASIER
5,29.41,217.15,20,2,1,72.09,EASIER
4,25.0,238.2,22,7,2,54.22,EASIER
1,99.91,36.02,2,0,0,78.06,HARDER
1,66.22,41.63,3,1,0,74.44,HARDER
1,68.33,33.26,3,1,0,79.87,HARDER
3,27.53,116.55,13,1,0,74.93,HARDER
3,33.52,60.66,12,0,0,95.55,HARDER
1,29.5,88.22,6,4,4,53.99,SAME
1,62.29,32.95,3,1,1,91.81,SAME
1,99.23,22.99,2,0,0,67.81,HARDER
3,32.71,111.23,13,1,0,72.16,HARDER
1,100.0,72.45,2,0,0,65.96,HARDER
1,39.61,54.18,5,3,1,41.58,SAME
1,95.35,30.51,2,0,0,64.04,SAME
4,26.07,250.0,25,10,5,29.5,EASIER
3,30.48,78.56,13,1,1,78.16,EASIER
5,31.23,189.25,20,2,1,70.04,EASIER
1,32.5,67.49,6,4,2,48.63,SAME
3,36.39,89.65,12,0,0,75.01,HARDER
1,96.94,41.72,2,0,0,68.71,HARDER
4,25.0,192.95,20,5,2,50.74,EASIER
5,30.74,228.89,20,2,1,58.18,EASIER
5,27.08,182.07,24,6,3,92.73,EASIER
2,43.11,90.43,8,2,1,96.95,EASIER
2,28.52,58.78,9,3,0,79.91,HARDER
5,25.0,300.0,26,8,5,41.14,EASIER
5,25.0,142.03,21,3,2,82.08,EASIER
4,28.13,163.68,19,4,3,59.68,EASIER
3,26.9,141.57,15,3,1,36.07,EASIER
1,63.89,41.55,3,1,0,76.22,HARDER
1,72.1,21.75,3,1,0,78.13,HARDER
4,28.67,203.23,20,5,2,62.36,EASIER
5,27.36,189.14,20,2,0,75.74,SAME
3,29.77,122.34,12,0,0,97.76,HARDER
1,62.7,25.84,3,1,1,75.0,SAME
3,26.33,120.6,15,3,1,62.95,SAME
3,29.56,143.7,14,2,1,90.41,EASIER
1,67.7,20.0,3,1,0,89.66,HARDER
2,48.03,47.65,6,0,0,85.14,HARDER
4,32.82,94.7,15,0,0,61.37,SAME
5,32.22,158.52,19,1,1,51.15,EASIER
5,28.39,164.15,21,3,0,84.68,SAME
2,51.94,44.12,6,0,0,80.22,HARDER
4,27.69,149.9,19,4,1,52.02,SAME
5,28.2,122.7,19,1,0,67.61,SAME
4,26.69,189.83,21,6,3,53.9,EASIER
1,52.7,55.46,4,2,0,42.85,SAME
2,35.4,69.75,8,2,1,63.63,EASIER
5,25.0,166.41,24,6,3,61.99,EASIER
4,35.77,113.39,15,0,0,67.19,HARDER
4,25.56,224.42,21,6,4,39.41,EASIER
4,33.01,153.99,17,2,2,45.98,EASIER
2,51.23,53.87,6,0,0,63.82,SAME
3,28.45,123.19,15,3,1,83.54,SAME
4,29.01,184.91,16,1,0,72.24,SAME
4,25.0,182.75,21,6,2,32.36,EASIER
4,34.07,103.5,15,0,0,79.24,HARDER
4,25.67,215.33,20,5,2,80.0,EASIER
2,48.21,72.86,6,0,0,90.63,HARDER
4,25.32,199.95,24,9,4,57.18,EASIER
4,25.0,110.02,18,3,1,67.8,SAME
4,25.6,158.31,17,2,1,56.22,EASIER
1,100.0,33.57,2,0,0,67.39,HARDER
3,28.64,176.55,15,3,1,37.71,EASIER
5,27.72,236.04,22,4,3,56.03,EASIER
5,28.75,268.11,24,6,4,73.85,EASIER
4,33.01,103.24,15,0,0,93.85,HARDER
4,26.2,158.05,16,1,0,67.65,HARDER
3,25.0,150.53,17,5,1,66.63,HARDER
3,25.79,98.13,14,2,1,77.82,EASIER
4,26.43,201.37,21,6,1,64.81,SAME
2,25.0,160.0,15,9,2,66.57,SAME
2,43.73,53.82,7,1,0,72.81,HARDER
5,26.19,203.14,21,3,2,44.42,EASIER
4,28.89,155.62,17,2,0,71.17,HARDER
3,25.0,168.72,17,5,5,41.82,EASIER
5,25.0,279.52,25,7,3,48.61,EASIER
3,29.36,119.84,14,2,0,77.67,HARDER
2,40.59,96.84,7,1,1,53.89,EASIER
5,26.92,245.1,22,4,3,65.12,EASIER
3,29.65,104.66,14,2,2,56.83,EASIER
1,98.1,39.02,2,0,0,67.32,HARDER
2,32.65,86.64,10,4,1,62.32,SAME
4,30.09,125.56,17,2,0,83.2,HARDER
5,27.16,148.71,20,2,0,64.73,SAME
3,25.0,192.01,21,9,3,54.87,EASIER
3,36.61,98.63,12,0,0,87.74,HARDER
2,47.38,51.77,6,0,0,99.52,HARDER
2,31.8,58.16,9,3,1,58.55,SAME
4,33.28,160.01,15,0,0,61.29,SAME
5,25.37,196.1,23,5,2,68.99,EASIER
1,100.0,26.86,2,0,0,89.88,HARDER
3,30.23,117.57,15,3,2,74.81,EASIER
4,25.0,189.6,23,8,4,56.71,EASIER
2,41.12,101.24,8,2,0,47.54,SAME
2,49.45,43.1,6,0,0,76.78,HARDER
5,25.17,266.75,24,6,5,42.5,EASIER
4,28.02,187.43,19,4,2,38.17,EASIER
4,25.0,237.37,23,8,3,53.91,EASIER
2,51.53,55.74,6,0,0,73.05,HARDER
4,25.0,250.0,25,10,7,57.03,EASIER
3,35.4,68.28,12,0,0,100.0,HARDER
5,29.18,160.27,22,4,0,62.59,SAME
1,100.0,20.0,2,0,0,89.44,HARDER
5,29.99,149.92,22,4,0,51.53,SAME
3,35.88,73.11,13,1,0,77.53,HARDER
4,31.2,157.85,16,1,1,60.43,EASIER
1,66.0,38.02,3,1,0,68.15,HARDER
2,45.0,71.95,6,0,0,56.94,SAME
2,39.84,89.33,7,1,1,65.28,EASIER
2,31.59,108.47,10,4,2,63.91,EASIER
2,44.63,81.28,8,2,0,57.25,SAME
3,32.26,118.34,12,0,0,56.31,SAME
1,65.31,33.62,3,1,0,98.88,HARDER
1,92.44,35.03,2,0,0,65.03,HARDER
5,27.71,189.36,21,3,1,60.65,EASIER
5,25.0,254.17,22,4,2,65.33,EASIER
2,36.91,66.71,8,2,0,50.68,SAME
3,25.0,180.55,17,5,5,54.02,EASIER
2,42.5,54.7,6,0,0,88.89,HARDER
3,32.66,70.24,13,1,0,79.59,HARDER
2,40.76,98.7,7,1,1,58.63,EASIER
2,32.35,80.35,8,2,1,62.37,EASIER
5,25.0,221.23,21,3,2,81.83,EASIER
2,50.9,54.53,6,0,0,68.3,HARDER
2,39.39,97.88,8,2,0,59.55,SAME
1,99.8,27.31,2,0,0,65.78,HARDER
4,27.17,149.42,17,2,1,57.41,EASIER
3,25.0,139.42,17,5,2,71.47,EASIER
5,25.0,300.0,26,8,7,56.29,EASIER
3,25.46,115.8,15,3,2,57.84,EASIER
2,49.18,53.06,6,0,0,66.23,HARDER
3,29.35,143.41,13,1,1,49.74,EASIER
2,36.08,93.25,8,2,1,51.93,EASIER
1,67.24,56.23,3,1,1,54.64,SAME
4,25.0,250.0,23,8,5,25.0,EASIER
5,33.75,121.07,18,0,0,100.0,SAME
2,36.6,76.95,8,2,0,71.27,HARDER
1,100.0,20.0,2,0,0,61.95,SAME
3,25.0,56.73,13,1,0,79.05,HARDER
3,25.0,151.47,15,3,1,67.14,SAME
3,25.0,136.38,18,6,1,51.92,SAME
3,33.42,85.1,13,1,1,67.9,EASIER
3,32.9,123.5,13,1,0,68.33,HARDER
2,28.7,139.51,10,4,4,42.26,EASIER
1,100.0,20.33,2,0,0,80.83,HARDER
5,32.98,217.34,21,3,2,44.36,EASIER
2,45.16,71.57,7,1,0,80.25,HARDER
2,39.99,69.28,7,1,0,84.25,HARDER
5,25.0,272.88,26,8,4,64.88,EASIER
5,26.22,213.61,21,3,1,67.92,EASIER
3,25.0,202.76,17,5,3,43.14,EASIER
1,47.98,29.6,4,2,0,62.35,SAME
5,28.75,158.12,21,3,0,72.1,SAME
5,38.45,135.52,18,0,0,93.72,SAME
1,100.0,34.64,2,0,0,81.97,HARDER
4,34.12,129.39,15,0,0,84.17,HARDER
2,42.69,74.01,7,1,0,69.08,HARDER
4,27.48,194.28,19,4,3,72.42,EASIER
3,35.51,91.42,12,0,0,62.79,SAME
2,32.74,74.9,8,2,1,70.02,EASIER
2,38.08,64.02,7,1,1,86.77,EASIER
5,26.85,300.0,24,6,3,47.95,EASIER
1,53.59,59.37,4,2,1,52.05,SAME
5,25.0,228.71,24,6,4,69.72,EASIER
4,28.04,179.1,17,2,0,58.5,SAME
2,52.68,48.77,6,0,0,100.0,HARDER
5,25.91,288.74,22,4,3,40.32,EASIER
4,25.0,210.21,21,6,1,44.64,EASIER
5,29.0,267.45,20,2,1,46.83,EASIER
3,25.0,206.7,19,7,4,41.92,EASIER
2,50.99,39.31,6,0,0,89.07,HARDER
1,66.26,30.86,3,1,1,78.62,SAME
1,100.0,22.73,2,0,0,85.9,HARDER
3,32.94,100.17,12,0,0,100.0,HARDER
1,43.19,48.32,5,3,0,67.74,HARDER
2,43.93,72.27,7,1,0,73.11,HARDER
3,27.62,144.12,16,4,3,64.92,EASIER
2,43.61,58.05,7,1,1,65.45,EASIER
3,30.37,122.26,13,1,1,49.2,EASIER
4,25.0,172.91,19,4,0,84.37,SAME
5,26.06,300.0,20,2,1,56.15,EASIER
1,100.0,27.21,2,0,0,89.67,HARDER
1,65.98,49.92,3,1,1,40.02,SAME
3,31.44,89.19,13,1,0,65.26,HARDER
3,29.36,121.49,12,0,0,43.31,SAME
4,27.56,218.83,21,6,3,53.15,EASIER
1,64.74,36.52,3,1,0,85.39,HARDER
2,44.66,72.18,7,1,0,61.87,SAME
2,41.63,98.19,9,3,1,54.17,SAME
3,36.83,78.09,12,0,0,77.36,HARDER
3,25.0,148.16,15,3,2,58.88,EASIER
5,31.44,243.72,21,3,1,66.61,EASIER
2,41.43,67.04,7,1,0,87.11,HARDER
4,25.0,144.86,18,3,0,77.62,HARDER
1,61.9,35.1,3,1,0,72.78,HARDER
4,25.0,250.0,21,6,3,25.0,EASIER
5,32.63,137.64,18,0,0,100.0,SAME
1,96.55,36.35,2,0,0,83.26,HARDER
5,25.0,155.85,22,4,2,78.82,EASIER
2,34.4,80.78,9,3,1,57.44,SAME
4,28.65,188.45,21,6,3,61.73,EASIER
1,67.25,35.43,3,1,0,76.28,HARDER
3,30.59,138.08,13,1,1,71.73,EASIER
3,31.85,102.87,13,1,1,68.36,EASIER
1,25.0,75.33,8,6,2,54.5,SAME
2,50.94,57.6,6,0,0,70.38,HARDER
2,53.51,51.57,6,0,0,93.88,HARDER
4,25.0,156.29,16,1,0,73.9,HARDER
5,37.14,165.57,18,0,0,87.97,SAME
2,54.41,69.39,6,0,0,68.9,HARDER
1,100.0,32.27,2,0,0,73.41,HARDER
5,25.0,255.19,22,4,2,51.33,EASIER
5,32.96,259.51,22,4,4,58.76,EASIER
2,49.6,66.3,6,0,0,49.89,SAME
2,50.61,42.49,6,0,0,72.25,HARDER
5,25.0,288.05,22,4,3,41.18,EASIER
1,97.19,20.26,2,0,0,86.9,HARDER
4,36.46,74.06,15,0,0,67.2,HARDER
1,50.88,34.71,4,2,1,64.57,SAME
4,25.0,135.82,17,2,1,97.05,EASIER
1,39.75,42.75,5,3,1,59.52,SAME
3,25.44,103.5,14,2,0,58.25,SAME
2,37.16,74.95,8,2,1,77.57,EASIER
4,30.46,236.37,19,4,3,56.54,EASIER
4,26.89,154.44,20,5,2,78.37,EASIER
1,47.11,59.47,4,2,1,59.48,SAME
3,35.9,109.08,12,0,0,68.17,HARDER
5,25.0,173.81,21,3,2,74.95,EASIER
2,52.36,33.05,6,0,0,73.06,HARDER
3,26.75,144.98,15,3,1,58.71,SAME
5,26.24,159.41,22,4,2,44.46,EASIER
5,28.45,163.26,19,1,1,69.51,EASIER
1,26.08,100.68,8,6,2,40.35,SAME
5,25.0,224.19,25,7,6,76.31,EASIER
2,49.4,45.1,6,0,0,54.63,SAME
2,25.0,143.52,13,7,4,59.65,EASIER
1,100.0,20.0,2,0,0,87.98,HARDER
4,28.8,124.4,17,2,0,56.18,SAME
4,28.62,110.53,17,2,0,66.17,HARDER
1,25.32,75.63,7,5,3,75.0,SAME
2,25.98,119.78,12,6,4,64.57,EASIER
2,42.68,45.28,7,1,0,71.76,HARDER
4,27.23,181.47,18,3,1,69.51,SAME
4,28.5,155.27,21,6,2,76.54,SAME
2,49.06,49.51,6,0,0,100.0,HARDER
4,25.0,220.1,19,4,0,60.12,EASIER
5,30.53,217.45,20,2,0,75.16,SAME
1,100.0,24.29,2,0,0,72.38,HARDER
4,25.04,187.05,19,4,0,65.85,SAME
5,25.61,287.4,27,9,2,46.36,EASIER
3,25.0,154.84,16,4,1,54.56,SAME
2,42.28,70.02,7,1,0,80.99,HARDER
2,44.99,70.16,7,1,0,91.74,HARDER
4,27.52,122.83,18,3,1,71.42,SAME
4,26.86,207.56,21,6,3,52.84,EASIER
4,26.97,212.88,18,3,2,32.91,EASIER
4,26.78,181.4,21,6,1,43.36,SAME
2,50.33,47.55,6,0,0,71.1,HARDER
1,64.33,20.0,3,1,0,78.81,HARDER
1,97.02,41.22,2,0,0,100.0,HARDER
2,48.15,59.2,6,0,0,80.52,HARDER
5,35.23,133.95,19,1,0,63.37,SAME
5,28.89,173.71,21,3,0,66.13,SAME
4,32.66,156.9,16,1,0,73.3,HARDER
3,25.08,127.8,16,4,1,39.88,SAME
3,26.72,124.58,15,3,2,77.83,EASIER
4,25.0,184.09,18,3,1,75.93,SAME
4,25.0,192.71,19,4,2,70.41,EASIER
5,30.72,259.97,22,4,2,67.54,EASIER
5,25.0,248.85,27,9,6,68.16,EASIER
4,36.43,89.61,15,0,0,81.75,HARDER
1,97.89,20.0,2,0,0,93.07,HARDER
2,47.03,62.15,6,0,0,64.23,SAME
2,51.99,70.16,6,0,0,76.13,HARDER
1,50.77,63.46,4,2,1,67.17,SAME
1,61.62,35.73,3,1,0,89.14,HARDER
1,32.05,47.53,6,4,1,64.49,SAME
3,27.72,103.21,13,1,0,63.92,SAME
3,25.57,90.49,13,1,0,83.86,SAME
2,46.47,75.82,7,1,0,80.01,HARDER
2,47.5,30.5,6,0,0,74.07,HARDER
5,34.09,224.31,22,4,2,81.98,EASIER
4,25.0,185.52,23,8,3,57.95,EASIER
1,100.0,28.99,2,0,0,92.34,HARDER
1,65.3,38.54,3,1,0,82.18,HARDER
4,25.2,248.2,22,7,6,55.83,EASIER
5,25.0,300.0,29,11,6,38.25,EASIER
4,25.0,171.75,17,2,2,71.7,EASIER
2,53.82,50.33,6,0,0,79.3,HARDER
5,25.0,267.13,26,8,3,55.0,EASIER
2,31.76,98.57,10,4,0,66.52,HARDER
5,25.0,280.29,24,6,2,55.7,EASIER
2,45.58,63.57,6,0,0,60.08,SAME
4,28.94,183.19,20,5,3,44.02,EASIER
2,53.23,41.4,6,0,0,90.85,SAME
2,47.21,37.2,6,0,0,72.13,HARDER
4,27.37,193.5,20,5,1,76.53,SAME
5,32.85,168.49,20,2,1,94.8,SAME
1,68.42,48.6,3,1,0,73.06,HARDER
5,25.72,173.54,21,3,0,58.26,SAME
1,60.97,48.73,3,1,0,70.98,EASIER
5,29.98,239.91,19,1,0,57.01,SAME
2,47.5,49.11,7,1,0,77.95,HARDER
2,54.32,54.92,6,0,0,100.0,HARDER
4,30.62,117.58,16,1,1,82.12,HARDER
3,25.0,138.25,16,4,1,32.23,EASIER
3,29.38,132.77,12,0,0,43.25,SAME
5,25.0,213.21,20,2,0,65.33,SAME
4,26.51,189.5,20,5,3,60.96,EASIER
5,25.0,196.62,20,2,0,76.29,SAME
4,31.86,161.49,17,2,1,61.89,EASIER
2,43.35,72.46,7,1,1,72.07,EASIER
2,31.38,63.93,9,3,1,53.09,SAME
2,47.6,51.36,6,0,0,72.28,HARDER
1,99.11,35.23,2,0,0,71.22,HARDER
5,32.72,147.17,19,1,0,83.59,SAME
3,28.85,145.13,13,1,0,68.64,HARDER
4,34.77,105.94,16,1,0,84.54,HARDER
4,25.0,171.55,25,10,3,44.82,EASIER
4,26.26,194.55,16,1,1,53.15,EASIER
1,97.96,33.26,2,0,0,70.04,HARDER
4,30.93,182.75,20,5,3,85.97,EASIER
4,26.44,176.86,18,3,3,69.14,EASIER
4,29.1,169.61,18,3,2,77.3,EASIER
5,32.92,146.63,21,3,1,67.13,HARDER
2,41.97,56.27,7,1,0,74.81,HARDER
4,32.69,120.26,17,2,2,80.01,EASIER
4,34.99,99.73,16,1,0,93.82,HARDER
2,35.27,59.72,7,1,0,76.11,HARDER
5,29.7,132.74,19,1,0,84.3,SAME
1,100.0,26.85,2,0,0,80.56,HARDER
1,66.25,31.84,3,1,0,66.9,HARDER
2,28.06,57.05,9,3,1,66.36,SAME
2,45.43,48.63,6,0,0,87.79,HARDER
3,25.0,201.67,18,6,3,48.83,EASIER
5,26.57,169.63,23,5,2,67.58,EASIER
5,26.08,138.17,21,3,0,81.61,SAME
5,27.77,292.95,25,7,3,39.14,EASIER
4,25.0,235.19,22,7,3,56.12,EASIER
2,33.19,83.02,9,3,1,70.25,SAME
2,46.99,43.19,6,0,0,59.2,SAME
2,46.76,47.57,6,0,0,100.0,HARDER
1,100.0,38.33,2,0,0,87.71,HARDER
1,99.85,26.47,2,0,0,100.0,HARDER
3,25.0,151.67,17,5,2,54.81,EASIER
3,29.24,89.21,13,1,1,71.38,EASIER
4,26.25,97.17,16,1,1,85.5,EASIER
3,27.69,124.85,16,4,0,73.56,HARDER
2,49.44,58.7,6,0,0,77.1,HARDER
3,25.0,108.4,14,2,0,66.89,HARDER
2,46.17,55.27,7,1,0,86.37,HARDER
1,35.64,43.51,6,4,2,59.09,SAME
2,50.14,62.24,6,0,0,98.93,HARDER
5,26.33,149.27,20,2,1,94.95,EASIER
3,28.74,115.57,15,3,1,63.82,SAME
3,31.74,85.65,14,2,0,71.66,HARDER
2,33.66,70.95,9,3,1,71.63,SAME
3,25.0,154.04,20,8,1,56.01,SAME
1,100.0,46.79,2,0,0,79.9,HARDER
2,25.0,104.04,11,5,3,66.55,EASIER
4,25.0,213.94,22,7,2,58.51,EASIER
2,49.58,63.1,6,0,0,83.63,HARDER
3,33.94,87.98,13,1,0,88.52,HARDER
3,34.32,86.27,12,0,0,93.76,HARDER
4,34.07,129.52,17,2,1,82.55,EASIER
5,25.0,262.14,22,4,3,33.71,EASIER
3,31.32,91.3,12,0,0,88.5,HARDER
3,27.07,109.0,14,2,2,61.7,EASIER
5,25.0,300.0,30,12,10,25.0,EASIER
4,25.0,183.52,20,5,2,52.63,EASIER
5,25.0,235.92,25,7,6,77.18,EASIER
3,26.52,120.59,14,2,1,72.45,EASIER
2,46.46,77.44,7,1,0,59.01,SAME
3,32.71,81.42,13,1,1,85.49,EASIER
5,25.01,182.87,22,4,3,58.99,EASIER
1,64.43,35.9,3,1,0,56.27,SAME
2,45.85,72.45,7,1,0,60.68,SAME
5,28.81,156.86,20,2,1,82.07,EASIER
3,28.39,91.41,13,1,1,89.09,EASIER
4,32.26,107.05,15,0,0,57.96,SAME
1,100.0,20.0,2,0,0,91.8,HARDER
4,25.0,250.0,21,6,4,59.01,EASIER
5,32.4,133.33,19,1,0,81.52,SAME
2,43.99,52.62,7,1,0,76.8,HARDER
1,99.61,20.0,2,0,0,88.91,HARDER
1,100.0,36.33,2,0,0,69.86,HARDER
3,25.0,155.23,17,5,2,58.87,EASIER
1,46.96,42.02,4,2,1,58.51,SAME
5,32.25,287.17,20,2,1,59.26,EASIER
2,40.55,89.17,7,1,1,51.82,EASIER
4,27.96,153.13,17,2,0,61.12,SAME
3,28.06,93.01,13,1,0,72.38,HARDER
3,25.0,210.0,18,6,3,30.15,EASIER
1,25.0,53.42,6,4,0,25.47,SAME
2,41.09,43.03,7,1,0,82.95,HARDER
3,30.19,84.73,13,1,1,68.48,EASIER
5,25.0,228.83,27,9,4,68.54,EASIER
2,39.2,47.57,7,1,0,66.93,HARDER
1,64.4,44.46,3,1,0,88.3,HARDER
2,34.84,66.13,8,2,1,76.5,EASIER
5,31.92,169.89,19,1,1,75.14,EASIER
1,100.0,27.98,2,0,0,81.97,HARDER
1,66.91,36.35,3,1,0,63.45,SAME
3,35.14,94.64,12,0,0,77.08,HARDER
3,28.01,139.2,14,2,1,61.96,EASIER
4,33.28,162.53,19,4,1,58.33,SAME
5,28.71,215.09,20,2,1,69.42,EASIER
2,46.59,62.96,7,1,0,76.21,HARDER
2,54.68,42.38,6,0,0,64.41,SAME
4,27.83,136.73,18,3,0,69.64,HARDER
3,35.78,110.43,13,1,1,59.25,EASIER
2,45.11,68.07,7,1,0,61.75,SAME
3,25.43,130.41,15,3,0,72.22,HARDER
1,42.9,53.98,5,3,1,63.58,SAME
3,25.0,152.0,17,5,3,63.36,EASIER
4,25.0,199.57,21,6,2,27.57,EASIER
1,100.0,22.98,2,0,0,100.0,HARDER
1,97.7,36.23,2,0,0,94.9,HARDER
5,31.4,190.07,22,4,2,53.81,EASIER
1,40.75,52.33,5,3,1,88.09,SAME
5,30.56,132.78,20,2,1,63.38,EASIER
1,35.31,50.68,6,4,1,61.5,SAME
3,28.59,124.32,14,2,1,80.29,EASIER
1,92.62,25.51,2,0,0,77.1,HARDER
4,27.89,124.5,16,1,0,61.38,SAME
4,25.0,200.05,19,4,3,54.24,EASIER
1,93.16,26.44,2,0,0,91.59,HARDER
5,30.23,257.49,20,2,1,40.48,EASIER
2,38.09,69.07,8,2,0,85.61,HARDER
3,25.0,116.58,14,2,1,35.65,EASIER
4,28.55,136.69,18,3,2,84.14,EASIER
2,31.48,132.22,11,5,2,47.16,EASIER
3,25.0,176.39,19,7,4,38.82,EASIER
2,41.66,61.94,7,1,0,65.36,HARDER
5,29.6,234.58,23,5,2,75.45,EASIER
2,33.5,71.11,8,2,1,58.93,EASIER
2,27.53,93.34,10,4,0,38.52,SAME
4,29.02,198.1,16,1,0,56.08,SAME
2,25.12,100.15,12,6,2,64.8,SAME
2,44.95,77.74,7,1,0,47.78,SAME
1,100.0,20.0,2,0,0,85.13,HARDER
2,46.88,58.2,6,0,0,83.69,HARDER
1,68.12,56.91,3,1,0,54.15,SAME
1,66.38,38.41,3,1,0,67.13,HARDER
3,30.72,117.02,14,2,0,41.25,SAME
4,26.98,113.94,19,4,2,73.5,EASIER
2,28.46,97.41,11,5,0,57.71,SAME
5,28.6,183.14,22,4,3,66.78,EASIER
3,27.85,146.22,15,3,0,48.16,SAME
5,32.75,175.68,21,3,0,74.16,SAME
3,29.03,125.6,15,3,3,78.77,EASIER
2,48.17,75.39,7,1,0,80.48,HARDER
3,25.0,111.09,14,2,0,59.88,SAME
1,100.0,52.09,2,0,0,72.71,HARDER
5,29.13,203.86,21,3,2,75.21,EASIER
2,47.91,53.87,6,0,0,66.49,HARDER
4,25.0,250.0,22,7,4,32.1,EASIER
3,31.71,76.14,14,2,1,71.17,EASIER
3,36.6,75.27,12,0,0,75.99,HARDER
2,26.24,133.3,13,7,4,85.02,EASIER
3,26.49,209.51,19,7,4,39.63,EASIER
3,31.97,87.51,14,2,1,63.9,EASIER
1,38.48,54.49,5,3,1,61.83,SAME
5,28.19,151.52,18,0,0,68.29,SAME
5,25.0,165.13,25,7,3,75.69,EASIER
1,43.18,62.65,5,3,0,58.22,SAME
4,25.18,208.46,19,4,2,48.55,EASIER
3,31.28,81.09,13,1,0,76.81,HARDER
5,29.19,197.52,22,4,2,64.61,EASIER
4,26.93,137.26,16,1,0,75.55,HARDER
4,29.63,160.36,18,3,0,77.57,HARDER
2,27.61,92.79,10,4,3,55.34,EASIER
2,53.64,65.04,6,0,0,87.89,HARDER
4,27.74,171.57,19,4,2,49.58,EASIER
5,27.67,138.53,21,3,0,53.2,HARDER
2,36.19,79.22,8,2,0,67.6,HARDER
3,27.79,121.62,15,3,1,64.0,SAME
2,25.0,74.78,11,5,0,48.25,SAME
3,25.0,119.72,16,4,1,82.85,SAME
1,64.4,48.85,3,1,0,71.18,HARDER
3,29.34,79.83,12,0,0,94.07,HARDER
2,45.5,42.56,7,1,0,82.84,HARDER
3,25.08,146.61,17,5,2,66.39,EASIER
3,32.47,75.47,13,1,0,83.03,EASIER
1,42.87,48.75,5,3,0,52.58,SAME
2,29.88,63.92,9,3,0,48.25,SAME
2,31.36,80.42,9,3,1,67.5,SAME
2,44.13,66.79,6,0,0,84.69,HARDER
3,25.0,71.61,14,2,0,73.59,HARDER
4,25.0,250.0,22,7,5,25.0,EASIER
4,28.7,196.82,19,4,3,69.43,EASIER
2,30.42,120.13,12,6,2,62.55,SAME
1,67.94,42.38,3,1,0,62.3,SAME
1,26.26,53.05,8,6,1,68.52,HARDER
4,31.12,202.1,17,2,1,42.75,EASIER
1,30.43,56.54,6,4,0,71.03,HARDER
4,27.09,209.54,19,4,3,82.17,EASIER
4,29.36,107.62,16,1,1,77.06,EASIER
2,50.55,38.77,6,0,0,71.27,HARDER
3,32.5,65.85,13,1,0,89.99,HARDER
3,25.0,109.49,14,2,0,55.79,SAME
2,39.11,76.17,8,2,1,70.27,EASIER
2,40.53,56.06,7,1,0,65.6,HARDER
1,27.31,69.24,7,5,3,59.45,SAME
2,45.17,40.3,6,0,0,85.12,HARDER
2,44.69,49.12,7,1,0,91.71,HARDER
3,29.44,100.2,14,2,2,68.08,EASIER
2,45.27,40.49,6,0,0,68.96,HARDER
2,36.83,82.3,9,3,1,65.19,SAME
5,34.89,169.73,20,2,1,64.42,EASIER
5,28.86,175.99,20,2,2,100.0,EASIER
1,95.38,25.64,2,0,0,100.0,HARDER
1,100.0,24.74,2,0,0,95.03,HARDER
3,33.25,92.9,12,0,0,81.17,HARDER
2,52.69,56.81,6,0,0,98.33,HARDER
3,27.21,86.92,12,0,0,80.91,HARDER
5,31.24,300.0,22,4,4,46.31,EASIER
1,68.0,26.68,3,1,0,95.86,HARDER
4,32.67,130.56,17,2,1,84.85,EASIER
1,100.0,28.6,2,0,0,100.0,HARDER
2,45.39,71.19,7,1,0,49.47,SAME
2,44.62,71.03,7,1,0,71.99,HARDER
3,25.0,125.97,17,5,1,62.34,SAME
1,100.0,36.74,2,0,0,94.11,HARDER
1,72.28,32.32,3,1,0,61.25,SAME
1,68.99,46.96,3,1,0,57.15,SAME
5,34.0,121.05,18,0,0,74.02,SAME
5,25.16,201.57,19,1,0,41.9,SAME
2,45.26,49.16,6,0,0,84.22,HARDER
3,34.33,91.13,12,0,0,61.21,SAME
4,25.0,216.85,21,6,3,51.86,EASIER
3,25.0,205.61,21,9,5,39.12,EASIER
4,25.0,228.25,20,5,3,46.79,EASIER
3,26.74,113.68,14,2,1,74.39,EASIER
2,42.49,39.88,7,1,0,91.78,HARDER
1,94.66,20.0,2,0,0,80.33,HARDER
3,36.67,82.03,12,0,0,100.0,HARDER
2,36.44,70.19,8,2,2,64.05,EASIER
4,29.03,157.69,16,1,1,92.2,EASIER
3,26.81,111.0,15,3,2,99.19,EASIER
4,25.79,117.03,17,2,1,67.28,EASIER
4,26.78,133.07,18,3,1,74.49,SAME
4,25.21,174.73,19,4,1,79.78,SAME
1,99.18,23.82,2,0,0,86.74,HARDER
3,29.44,109.13,15,3,1,71.06,SAME
1,55.87,24.49,4,2,1,71.33,SAME
5,27.66,289.88,25,7,5,76.29,EASIER
5,26.12,169.56,23,5,2,69.15,EASIER
4,29.01,131.82,17,2,0,75.6,HARDER
5,27.03,233.49,23,5,3,58.68,EASIER
5,30.36,237.53,22,4,2,54.61,EASIER
2,42.18,49.5,7,1,0,64.13,SAME
4,25.0,245.95,21,6,2,49.15,EASIER
3,28.63,89.22,15,3,2,88.86,EASIER
3,29.17,135.06,16,4,1,66.12,SAME
4,33.11,105.4,15,0,0,84.6,HARDER
4,31.42,123.67,17,2,1,52.89,EASIER
3,25.0,139.95,16,4,2,76.35,EASIER
2,46.66,52.06,6,0,0,80.63,HARDER
2,38.8,108.55,8,2,2,45.47,EASIER
4,25.0,211.99,22,7,4,75.7,EASIER
1,34.64,38.48,6,4,1,33.37,SAME
5,35.49,178.02,19,1,0,67.79,SAME
5,29.75,144.03,20,2,0,67.64,SAME
5,25.0,279.92,28,10,8,44.99,EASIER
4,25.0,223.76,22,7,3,42.99,EASIER
4,29.73,164.16,19,4,2,60.33,EASIER
3,32.77,95.26,13,1,0,73.64,HARDER
2,29.06,101.38,12,6,3,45.19,EASIER
4,25.0,208.0,21,6,4,63.5,EASIER
3,38.72,86.31,13,1,0,87.74,HARDER
4,37.24,156.05,15,0,0,51.74,SAME
4,28.05,162.71,17,2,1,63.29,EASIER
1,100.0,41.91,2,0,0,100.0,EASIER
2,49.62,44.32,6,0,0,94.27,HARDER
5,25.41,300.0,22,4,4,33.04,EASIER
4,25.0,174.35,19,4,1,69.54,SAME
3,32.47,86.59,12,0,0,81.5,HARDER
2,25.0,139.59,15,9,4,59.2,EASIER
4,29.77,87.01,16,1,0,67.19,HARDER
1,39.37,49.97,5,3,0,88.92,HARDER
2,35.76,60.46,8,2,0,86.75,HARDER
1,68.31,24.13,3,1,1,81.9,SAME
5,28.79,161.17,21,3,2,73.12,EASIER
2,26.58,98.23,10,4,3,72.04,SAME
2,43.58,76.05,7,1,1,67.75,EASIER
5,29.5,150.55,21,3,1,96.28,SAME
4,35.55,107.67,15,0,0,94.34,HARDER
5,32.66,157.15,21,3,1,82.91,SAME
4,25.0,192.07,22,7,1,49.01,SAME
4,25.0,250.0,23,8,6,33.42,EASIER
2,41.7,74.64,8,2,1,77.37,EASIER
3,25.39,98.58,14,2,1,72.91,SAME
1,68.99,21.15,3,1,0,78.48,HARDER
5,34.49,215.16,19,1,1,69.64,EASIER
4,27.97,109.48,15,0,0,86.88,HARDER
5,32.16,211.32,19,1,0,62.56,SAME
1,48.9,55.0,4,2,0,49.32,SAME
4,33.13,130.23,15,0,0,87.68,HARDER
2,42.99,87.57,7,1,0,74.28,HARDER
2,48.9,48.25,6,0,0,56.06,SAME
1,100.0,20.0,2,0,0,77.37,HARDER
3,29.9,162.41,15,3,1,92.95,SAME
5,35.5,176.72,19,1,1,81.09,EASIER
4,31.36,132.54,17,2,1,83.11,EASIER
1,35.51,39.07,5,3,1,67.79,SAME
1,96.51,31.05,2,0,0,94.09,HARDER
5,31.91,245.32,19,1,1,66.75,EASIER
3,25.0,86.34,14,2,0,82.71,HARDER
3,27.94,106.11,14,2,0,54.94,SAME
3,32.52,80.56,12,0,0,94.15,HARDER
2,36.72,101.28,7,1,1,72.58,EASIER
2,34.7,67.57,8,2,0,80.98,HARDER
2,45.61,46.4,6,0,0,83.58,HARDER
3,25.32,124.32,14,2,0,82.55,HARDER
3,27.11,96.49,15,3,0,55.08,SAME
3,25.0,136.99,17,5,1,56.24,SAME
3,25.0,172.71,17,5,2,49.03,EASIER
4,25.0,250.0,20,5,3,41.75,EASIER
3,31.17,132.79,14,2,1,64.87,EASIER
4,25.0,229.78,24,9,3,54.86,EASIER
2,46.37,64.02,7,1,0,73.81,HARDER
4,25.0,196.13,20,5,3,60.56,EASIER
5,25.0,248.82,26,8,4,66.51,EASIER
1,94.73,28.03,2,0,0,71.78,HARDER
5,27.89,221.23,22,4,4,79.07,EASIER
2,37.14,94.43,8,2,1,50.59,EASIER
3,29.2,117.35,14,2,0,48.28,SAME
3,32.35,104.75,12,0,0,94.99,HARDER
4,25.0,250.0,28,13,7,55.32,EASIER
2,34.56,132.11,10,4,1,50.86,EASIER
1,96.28,37.9,2,0,0,65.62,HARDER
1,46.88,39.92,4,2,0,48.93,SAME
3,27.17,143.3,15,3,2,75.63,EASIER
5,28.09,266.72,23,5,3,65.64,EASIER
2,25.0,148.56,12,6,5,56.86,EASIER
3,28.04,109.95,14,2,1,56.04,EASIER
1,99.54,32.08,2,0,0,80.35,HARDER
1,50.39,33.53,4,2,0,61.92,HARDER
2,46.83,71.16,6,0,0,63.5,SAME
5,25.0,240.22,27,9,5,82.41,EASIER
3,25.0,140.14,15,3,1,70.81,SAME
5,31.7,228.0,20,2,2,42.08,EASIER
5,25.0,300.0,25,7,4,32.4,EASIER
3,25.0,100.08,14,2,0,83.87,HARDER
5,27.74,292.25,22,4,2,59.83,EASIER
2,53.17,54.07,6,0,0,96.93,HARDER
1,65.03,36.39,3,1,0,53.89,SAME
1,52.0,42.78,4,2,0,62.53,SAME
1,100.0,27.02,2,0,0,87.62,HARDER
3,36.02,89.7,13,1,0,85.07,HARDER
1,100.0,24.67,2,0,0,75.05,HARDER
3,32.95,84.97,12,0,0,100.0,HARDER
5,26.47,200.55,22,4,1,71.18,SAME
1,100.0,29.12,2,0,0,86.93,HARDER
2,50.74,43.52,6,0,0,81.17,HARDER
2,29.03,82.07,10,4,0,58.96,SAME
3,27.03,145.27,19,7,3,75.5,EASIER
5,32.62,155.42,18,0,0,89.84,SAME
4,28.82,173.69,19,4,3,67.71,EASIER
2,47.63,54.97,6,0,0,85.01,HARDER
3,29.45,92.86,15,3,2,68.0,EASIER
5,31.16,173.98,21,3,1,61.76,EASIER
2,39.86,85.77,8,2,0,62.53,SAME
4,31.64,173.27,19,4,1,58.61,SAME
2,42.39,88.26,7,1,0,33.56,SAME
2,39.37,69.95,7,1,0,63.32,SAME
3,25.0,186.41,19,7,3,45.67,EASIER
4,31.61,211.92,21,6,3,48.65,EASIER
1,100.0,27.83,2,0,0,71.56,HARDER
2,37.36,78.61,7,1,0,68.26,HARDER
2,36.6,98.25,8,2,1,39.9,EASIER
3,39.03,123.68,12,0,0,77.15,HARDER
5,32.33,126.21,18,0,0,70.67,SAME
4,34.75,146.1,15,0,0,100.0,HARDER
4,28.91,213.61,18,3,1,51.59,EASIER
1,64.21,47.04,3,1,1,53.05,SAME
1,100.0,20.72,2,0,0,77.59,HARDER
1,97.13,31.99,2,0,0,80.77,HARDER
3,33.87,80.45,13,1,0,90.26,HARDER
2,35.89,47.68,8,2,0,78.99,HARDER
4,26.44,201.12,19,4,3,65.39,EASIER
2,42.86,76.16,7,1,1,63.11,EASIER
3,25.0,197.19,16,4,4,36.73,EASIER
3,32.16,59.31,12,0,0,66.67,HARDER
4,25.58,170.44,21,6,2,63.85,SAME
4,25.82,159.27,19,4,1,78.25,SAME
5,25.66,300.0,27,9,7,44.66,EASIER
1,46.66,62.69,4,2,1,59.61,SAME
2,42.45,79.25,7,1,0,67.33,HARDER
5,25.14,232.52,23,5,1,57.97,SAME
5,25.0,265.94,26,8,6,55.15,EASIER
3,25.0,145.03,16,4,2,61.83,EASIER
3,25.0,163.37,19,7,4,42.68,EASIER
3,36.19,84.09,13,1,1,88.97,EASIER
3,25.0,142.49,17,5,2,52.18,EASIER
5,28.11,274.18,27,9,6,54.54,EASIER
5,28.63,177.63,19,1,0,46.07,SAME
1,100.0,40.38,2,0,0,80.01,HARDER
3,29.42,97.37,14,2,1,65.83,EASIER
2,30.41,76.3,11,5,2,59.39,EASIER
1,94.53,40.61,2,0,0,84.25,HARDER
3,29.22,135.45,17,5,1,40.25,SAME
4,27.69,125.56,17,2,2,78.06,EASIER
3,27.91,75.23,15,3,0,73.07,HARDER
3,25.16,114.37,16,4,0,94.18,HARDER
3,25.0,118.89,15,3,0,70.11,HARDER
3,27.67,99.88,15,3,0,81.82,HARDER
4,25.0,161.91,19,4,3,85.72,EASIER
4,28.39,126.87,16,1,0,87.59,HARDER
1,68.88,42.94,3,1,0,35.86,SAME
4,36.16,169.02,16,1,1,67.43,EASIER
5,32.11,230.81,21,3,3,30.97,EASIER
3,25.0,210.0,19,7,4,25.0,EASIER
1,100.0,35.78,2,0,0,82.81,HARDER
2,36.45,52.32,8,2,0,71.11,HARDER
4,32.46,128.13,17,2,2,76.84,EASIER
4,28.8,135.51,17,2,1,79.14,EASIER
1,100.0,30.57,2,0,0,73.97,HARDER
3,38.85,59.53,12,0,0,95.17,HARDER
5,27.86,197.58,22,4,2,63.66,EASIER
1,99.51,28.39,2,0,0,63.49,SAME
3,32.91,131.53,13,1,0,51.67,SAME
5,25.0,190.28,25,7,5,71.37,EASIER
3,32.46,109.09,14,2,0,79.58,HARDER
4,30.34,97.62,16,1,0,87.7,HARDER
1,48.97,46.85,4,2,0,68.7,HARDER
3,25.0,173.66,15,3,2,39.46,EASIER
1,99.98,42.07,2,0,0,65.6,HARDER
5,25.55,246.85,22,4,3,41.99,EASIER
5,25.0,284.44,25,7,2,27.24,EASIER
5,25.0,247.53,24,6,2,61.71,EASIER
2,51.5,57.55,6,0,0,75.54,HARDER
3,33.42,90.62,12,0,0,84.09,HARDER
4,32.75,134.71,15,0,0,74.41,HARDER
5,26.43,269.24,21,3,2,47.41,EASIER
3,33.96,151.8,13,1,0,55.91,SAME
4,25.0,152.08,18,3,1,54.81,EASIER
1,71.42,48.16,3,1,0,91.06,HARDER
3,28.29,102.11,13,1,1,64.2,EASIER
2,39.65,71.08,7,1,1,41.9,EASIER
3,26.78,141.23,17,5,2,46.01,EASIER
1,100.0,20.0,2,0,0,70.7,HARDER
1,44.46,32.97,4,2,0,90.54,HARDER
2,27.87,98.87,11,5,1,70.45,HARDER
5,25.58,257.14,22,4,2,57.79,EASIER
3,35.12,114.15,12,0,0,67.57,HARDER
5,29.17,191.22,23,5,5,78.73,EASIER
5,25.0,183.46,21,3,2,75.21,EASIER
4,34.23,99.66,15,0,0,85.58,HARDER
1,69.58,41.52,3,1,1,53.14,SAME
1,98.51,37.75,2,0,0,83.87,HARDER
1,100.0,25.42,2,0,0,93.92,HARDER
2,51.27,45.26,6,0,0,86.27,HARDER
3,27.83,100.38,13,1,0,74.19,HARDER
3,27.35,138.41,13,1,1,44.29,EASIER
2,44.94,44.1,6,0,0,65.9,HARDER
4,25.0,225.89,20,5,3,59.92,EASIER
4,26.71,173.32,19,4,4,43.67,EASIER
1,100.0,33.25,2,0,0,78.53,HARDER
1,100.0,21.7,2,0,0,86.91,HARDER
2,49.11,34.97,6,0,0,97.8,HARDER
5,27.83,157.76,20,2,1,69.12,EASIER
5,27.25,218.31,24,6,3,61.42,EASIER
2,28.41,75.82,9,3,3,46.81,EASIER
1,64.77,33.55,3,1,0,80.27,HARDER
5,27.08,297.84,25,7,7,49.41,EASIER
1,51.3,35.08,4,2,0,91.95,HARDER
3,28.59,89.26,14,2,0,76.53,HARDER
4,27.54,134.32,19,4,0,74.02,HARDER
1,48.04,51.61,4,2,0,69.51,HARDER
5,29.44,224.17,22,4,2,91.38,EASIER
3,31.02,92.53,13,1,0,79.09,HARDER
5,25.92,251.46,23,5,1,58.84,EASIER
5,31.46,239.13,21,3,2,78.16,EASIER
5,28.36,147.29,21,3,1,89.68,SAME
1,42.98,52.15,4,2,1,73.79,SAME
5,30.1,149.45,19,1,1,61.27,EASIER
1,100.0,29.38,2,0,0,57.74,SAME
5,33.99,127.83,18,0,0,80.64,SAME
3,29.84,116.47,15,3,1,64.7,SAME
3,32.98,91.95,13,1,0,94.14,HARDER
3,27.41,108.89,13,1,0,87.05,HARDER
2,48.32,60.65,7,1,0,81.03,HARDER
3,31.47,145.93,14,2,1,64.47,EASIER
2,40.36,54.31,7,1,0,74.02,HARDER
5,27.7,169.67,20,2,2,80.04,EASIER
2,48.24,55.98,7,1,0,73.86,HARDER
1,31.09,71.6,6,4,2,50.42,SAME
4,27.52,158.75,17,2,1,70.25,EASIER
5,25.84,300.0,22,4,4,46.66,EASIER
4,30.58,176.72,17,2,2,46.48,EASIER
2,33.66,78.55,9,3,1,38.3,EASIER
1,100.0,20.0,2,0,0,86.15,HARDER
4,32.11,229.1,18,3,2,60.08,EASIER
5,25.0,300.0,26,8,4,71.42,EASIER
5,25.0,260.5,26,8,5,55.42,EASIER
1,97.76,20.0,2,0,0,86.48,HARDER
2,31.63,85.29,9,3,0,86.08,HARDER
3,27.36,106.87,14,2,0,68.72,HARDER
4,28.42,250.0,18,3,1,32.73,EASIER
2,44.8,50.83,6,0,0,95.41,HARDER
3,29.86,111.01,14,2,1,65.58,EASIER
3,26.36,82.83,14,2,1,64.58,EASIER
4,25.0,186.91,18,3,1,60.21,EASIER
4,25.0,171.28,18,3,3,69.38,EASIER
3,31.95,163.03,13,1,1,25.0,EASIER
5,31.9,136.35,18,0,0,100.0,SAME
3,27.59,76.36,13,1,1,71.53,EASIER
2,38.72,92.39,8,2,1,59.63,EASIER
3,34.48,95.8,12,0,0,92.76,HARDER
5,32.66,212.14,20,2,1,59.99,EASIER
2,51.37,46.62,6,0,0,82.32,HARDER
4,25.87,242.09,20,5,5,40.04,EASIER
3,30.42,114.24,14,2,1,80.61,EASIER
4,26.85,242.57,21,6,4,45.15,EASIER
1,42.88,21.93,5,3,1,94.31,HARDER
1,64.21,22.41,3,1,0,78.2,HARDER
4,28.04,202.67,18,3,1,46.57,EASIER
4,36.05,153.61,16,1,1,68.85,EASIER
5,29.48,242.82,22,4,2,43.94,EASIER
1,99.14,44.48,2,0,0,94.1,HARDER
3,32.47,74.29,12,0,0,73.76,HARDER
2,43.55,109.49,9,3,2,43.72,EASIER
1,100.0,32.62,2,0,0,70.09,HARDER
2,42.91,59.7,7,1,0,86.14,HARDER
1,99.66,29.1,2,0,0,94.77,HARDER
5,30.58,152.79,20,2,0,72.51,SAME
2,36.36,90.97,7,1,0,42.3,SAME
4,29.71,169.57,17,2,1,77.75,EASIER
1,65.31,32.23,3,1,0,69.85,HARDER
1,25.0,75.05,9,7,1,42.66,SAME
2,53.12,50.84,6,0,0,75.43,HARDER
1,66.78,20.0,3,1,0,86.87,HARDER
5,27.83,192.98,20,2,2,64.31,EASIER
2,47.06,47.36,6,0,0,86.23,HARDER
2,43.7,40.71,7,1,0,75.39,HARDER
4,27.44,121.86,16,1,1,70.78,EASIER
4,25.0,179.34,20,5,3,56.04,EASIER
2,38.7,66.22,8,2,0,59.6,SAME
1,51.93,42.09,4,2,1,55.21,SAME
1,38.86,46.65,5,3,2,55.93,SAME
3,32.89,61.57,12,0,0,92.75,HARDER
5,25.0,300.0,26,8,8,44.03,EASIER
3,25.0,103.45,12,0,0,70.37,HARDER
1,100.0,40.86,2,0,0,77.24,HARDER
2,30.98,120.73,10,4,2,60.33,EASIER
2,39.08,96.66,8,2,2,41.58,EASIER
5,29.9,188.4,20,2,1,94.37,EASIER
5,25.0,272.12,23,5,4,32.78,EASIER
3,34.53,172.04,13,1,0,38.74,SAME
2,49.48,52.54,6,0,0,88.39,HARDER
4,26.57,128.93,18,3,2,84.82,EASIER
1,66.31,47.5,3,1,1,35.66,SAME
5,25.9,243.57,20,2,0,48.27,SAME
1,100.0,36.53,2,0,0,72.3,HARDER
2,25.0,115.29,11,5,3,67.73,EASIER
4,31.32,91.15,15,0,0,100.0,HARDER
3,29.39,93.79,12,0,0,82.63,HARDER
5,25.0,300.0,27,9,6,47.43,EASIER
4,28.36,157.89,19,4,1,82.81,SAME
2,44.39,64.51,7,1,0,82.1,HARDER
4,34.59,128.58,16,1,0,99.11,HARDER
5,30.18,203.94,20,2,0,69.18,SAME
1,100.0,51.7,2,0,0,78.82,HARDER
5,25.0,269.49,21,3,1,45.31,EASIER
1,50.84,51.03,4,2,0,67.04,HARDER
4,25.0,217.62,20,5,3,41.47,EASIER
5,29.34,252.53,20,2,2,42.3,EASIER
5,30.75,161.51,21,3,2,79.18,EASIER
5,25.36,255.51,22,4,2,74.73,EASIER
3,39.52,89.24,13,1,0,64.27,SAME
5,31.62,178.48,20,2,1,80.04,EASIER
2,51.08,48.39,6,0,0,76.55,HARDER
4,27.56,168.6,16,1,1,45.55,EASIER
3,36.1,120.55,13,1,0,78.41,HARDER
4,27.17,161.19,19,4,3,46.69,EASIER
2,45.63,70.47,7,1,0,84.66,HARDER
4,32.13,127.86,17,2,1,85.84,EASIER
3,25.0,154.5,15,3,1,66.92,SAME
1,50.69,40.14,4,2,0,75.45,SAME
3,31.21,93.95,14,2,0,66.56,HARDER
2,47.73,74.01,6,0,0,69.65,HARDER
3,25.0,193.91,18,6,3,51.61,EASIER
1,100.0,29.98,2,0,0,86.98,HARDER
2,56.24,66.4,6,0,0,63.95,SAME
2,51.1,68.97,6,0,0,63.67,SAME
2,49.77,61.38,6,0,0,71.01,HARDER
1,99.01,36.37,2,0,0,53.74,SAME
2,32.3,82.78,8,2,0,67.98,HARDER
3,28.62,83.78,13,1,0,92.91,HARDER
1,100.0,23.95,2,0,0,60.58,SAME
1,100.0,24.18,2,0,0,80.39,HARDER
1,94.99,20.1,2,0,0,79.72,HARDER
2,49.16,58.06,6,0,0,90.17,HARDER
3,25.0,162.08,15,3,0,72.07,SAME
4,25.0,131.84,19,4,0,75.47,HARDER
1,28.01,82.05,7,5,1,47.08,SAME
3,25.0,186.52,19,7,3,56.73,EASIER
3,29.4,92.61,14,2,0,49.89,SAME
4,30.27,211.1,18,3,2,34.32,EASIER
1,98.27,47.17,2,0,0,63.03,SAME
3,28.92,73.75,13,1,0,68.6,HARDER
3,28.9,76.28,13,1,0,56.32,SAME
3,30.69,127.38,14,2,2,67.07,EASIER
2,53.54,81.56,6,0,0,71.3,HARDER
4,38.67,133.38,15,0,0,69.42,HARDER
4,25.0,168.93,18,3,1,54.25,EASIER
1,98.7,20.0,2,0,0,73.46,HARDER
4,26.56,250.0,21,6,4,61.04,EASIER
2,53.21,34.32,6,0,0,91.33,HARDER
3,25.0,130.54,16,4,1,50.12,SAME
5,33.17,134.94,18,0,0,94.19,SAME
1,69.34,32.51,3,1,0,68.28,HARDER
5,37.2,162.53,19,1,1,59.82,EASIER
4,25.0,205.55,20,5,2,53.57,EASIER
1,100.0,20.0,2,0,0,88.19,HARDER
3,26.77,159.33,15,3,1,62.98,SAME
1,66.58,29.36,3,1,0,92.49,HARDER
3,26.92,100.29,14,2,1,40.26,EASIER
2,45.99,61.36,7,1,1,82.13,EASIER
2,25.73,120.44,12,6,2,52.36,EASIER
4,29.66,99.64,17,2,0,87.48,HARDER
1,42.29,45.84,5,3,1,70.75,SAME
3,40.6,78.5,12,0,0,100.0,HARDER
5,31.05,163.71,19,1,0,74.07,SAME
1,65.69,36.22,3,1,1,69.51,SAME
3,29.73,129.14,14,2,2,62.1,EASIER
3,29.74,136.53,13,1,0,72.26,HARDER
4,25.0,176.52,19,4,0,47.53,SAME
1,100.0,35.85,2,0,0,78.86,HARDER
4,29.17,91.7,16,1,0,85.82,HARDER
3,31.6,74.74,12,0,0,76.93,HARDER
2,45.42,37.98,7,1,0,100.0,HARDER
4,25.0,210.07,21,6,3,57.15,EASIER
2,49.34,41.26,6,0,0,72.23,HARDER
1,30.47,44.36,6,4,0,45.87,SAME
2,49.12,71.93,6,0,0,58.91,SAME
2,48.27,77.36,6,0,0,60.09,SAME
2,49.56,64.06,6,0,0,78.71,HARDER
3,31.63,101.92,13,1,1,78.08,EASIER
4,30.83,127.44,16,1,0,76.97,HARDER
4,25.58,170.29,19,4,2,66.86,EASIER
3,27.88,145.19,18,6,3,40.45,EASIER
1,99.88,34.71,2,0,0,77.77,HARDER
2,35.17,77.26,9,3,0,61.57,SAME
2,34.27,75.44,10,4,1,60.42,SAME
2,30.07,70.13,10,4,2,49.28,EASIER
2,52.01,49.12,6,0,0,83.31,HARDER
1,42.5,60.09,5,3,2,58.31,SAME
2,33.4,94.55,9,3,0,64.48,SAME
5,27.62,221.55,22,4,2,71.57,EASIER
3,25.0,122.46,15,3,3,64.08,EASIER
3,36.6,94.31,12,0,0,79.18,HARDER
2,57.12,54.08,6,0,0,89.1,HARDER
4,30.72,173.62,19,4,1,53.45,SAME
3,25.53,171.92,16,4,2,41.94,EASIER
3,25.76,181.85,15,3,0,60.95,EASIER
3,26.39,154.52,15,3,1,51.23,EASIER
5,25.56,163.49,22,4,4,79.06,EASIER
1,91.55,20.0,2,0,0,79.34,HARDER
2,38.59,75.02,8,2,2,59.0,EASIER
4,33.07,118.83,16,1,0,44.6,SAME
3,33.24,92.67,14,2,0,61.16,SAME
2,52.18,57.37,6,0,0,80.27,HARDER
5,28.07,252.27,23,5,3,67.02,EASIER
3,25.0,142.71,16,4,1,47.42,SAME
1,99.0,26.67,2,0,0,100.0,HARDER
4,25.0,191.57,23,8,3,62.33,EASIER
2,50.41,50.92,6,0,0,78.65,HARDER
2,50.24,53.32,6,0,0,88.14,HARDER
4,30.65,114.61,17,2,0,95.66,HARDER
5,32.57,285.14,20,2,1,57.38,EASIER
4,29.06,196.76,17,2,2,73.57,EASIER
3,36.63,102.68,12,0,0,100.0,HARDER
3,27.18,134.51,15,3,0,52.2,SAME
5,27.46,157.63,22,4,1,61.1,EASIER
5,35.5,161.76,21,3,1,78.66,SAME
2,47.67,60.58,6,0,0,100.0,HARDER
3,25.0,160.76,19,7,4,65.68,EASIER
2,27.64,97.12,10,4,2,72.09,EASIER
5,31.18,170.75,19,1,1,72.26,EASIER
5,25.0,151.01,23,5,1,64.4,SAME
3,25.91,118.73,15,3,3,50.77,EASIER
2,50.5,63.54,6,0,0,76.17,HARDER
2,50.07,59.93,6,0,0,79.57,HARDER
5,35.36,195.6,19,1,0,60.43,SAME
3,30.75,81.82,12,0,0,100.0,HARDER
1,61.99,33.57,3,1,0,78.27,HARDER
3,25.7,79.82,14,2,0,64.88,SAME
4,25.0,220.49,22,7,4,68.05,EASIER
4,29.24,139.37,17,2,0,64.78,SAME
3,25.0,210.0,18,6,4,56.4,EASIER
4,25.07,202.07,18,3,3,52.48,EASIER
1,97.5,33.48,2,0,0,64.29,SAME
4,31.03,154.95,17,2,0,68.63,HARDER
3,28.25,95.06,14,2,1,87.55,EASIER
2,35.23,72.94,9,3,0,83.75,HARDER
3,29.4,157.73,14,2,1,61.42,EASIER
3,35.27,76.52,12,0,0,87.91,HARDER
4,35.75,114.5,16,1,0,88.9,HARDER
2,33.63,80.03,7,1,0,61.08,SAME
5,25.0,272.4,25,7,3,63.5,EASIER
5,29.85,201.09,21,3,1,65.38,EASIER
4,29.68,182.67,17,2,1,56.3,EASIER
3,25.0,141.37,15,3,2,57.65,EASIER
3,25.0,129.45,16,4,1,57.52,SAME
4,30.05,109.4,16,1,0,81.72,HARDER
5,29.68,187.76,20,2,1,84.51,EASIER
1,94.83,30.84,2,0,0,89.91,HARDER
3,34.82,106.35,13,1,0,69.5,HARDER
4,25.0,160.62,21,6,3,87.37,EASIER
3,25.0,150.52,17,5,1,65.63,HARDER
4,25.0,182.15,21,6,1,80.02,SAME
2,43.06,58.1,7,1,0,67.17,HARDER
1,66.51,42.59,3,1,0,68.13,HARDER
1,47.75,79.24,4,2,0,65.31,HARDER
3,32.44,89.9,13,1,0,69.27,HARDER
5,28.71,154.39,19,1,0,80.37,SAME
1,100.0,20.0,2,0,0,89.24,HARDER
2,49.77,69.47,6,0,0,78.3,HARDER
5,25.0,222.42,22,4,0,45.66,SAME
1,47.46,49.84,4,2,0,50.2,SAME
3,25.0,210.0,22,10,5,63.48,EASIER
3,25.0,112.42,16,4,1,45.53,SAME
2,49.64,42.07,6,0,0,60.62,SAME
2,46.98,44.61,6,0,0,80.93,HARDER
1,49.09,56.98,4,2,1,50.87,SAME
5,30.52,141.82,20,2,1,86.48,EASIER
5,33.63,203.52,19,1,1,66.53,EASIER
1,67.4,40.22,3,1,1,45.32,SAME
5,25.6,155.65,20,2,2,59.53,EASIER
2,42.99,73.67,8,2,0,72.96,HARDER
1,100.0,26.67,2,0,0,87.64,HARDER
1,99.29,24.13,2,0,0,93.73,HARDER
2,42.37,69.93,7,1,0,69.14,HARDER
1,98.79,34.32,2,0,0,68.95,HARDER
2,50.56,63.41,6,0,0,51.0,SAME
5,31.02,185.51,21,3,2,75.47,EASIER
1,91.45,37.18,2,0,0,84.16,HARDER
2,32.94,100.51,8,2,2,69.06,EASIER
5,27.13,155.61,21,3,2,63.53,EASIER
4,28.84,167.13,19,4,2,70.28,EASIER
5,30.23,222.96,21,3,3,70.38,EASIER
3,25.0,97.9,14,2,1,73.8,EASIER
4,25.0,224.43,20,5,2,66.29,EASIER
4,36.89,171.61,15,0,0,47.27,SAME
5,29.99,211.26,23,5,1,66.36,SAME
5,26.88,147.88,21,3,0,52.38,SAME
4,27.8,147.42,17,2,2,68.67,EASIER
5,25.87,247.52,22,4,2,66.82,EASIER
3,25.0,134.64,16,4,0,45.56,SAME
4,25.0,181.75,21,6,3,48.58,EASIER
1,47.62,35.97,4,2,0,61.28,SAME
3,27.94,87.64,12,0,0,81.18,HARDER
1,49.88,44.53,4,2,0,44.88,SAME
5,27.6,221.28,20,2,1,80.67,EASIER
5,32.96,133.44,20,2,1,75.24,EASIER
1,67.81,52.74,3,1,1,61.71,SAME
4,26.77,186.32,19,4,1,46.49,SAME
4,25.0,250.0,23,8,7,56.62,EASIER
2,45.4,79.1,7,1,0,71.53,HARDER
4,32.66,161.51,17,2,0,80.57,HARDER
5,29.52,158.99,21,3,0,77.96,SAME
1,100.0,28.44,2,0,0,65.67,HARDER
2,49.91,77.39,6,0,0,58.97,SAME
2,38.98,73.6,8,2,1,62.54,EASIER
1,100.0,22.26,2,0,0,70.9,HARDER
1,100.0,26.51,2,0,0,82.26,HARDER
3,25.0,184.59,17,5,2,35.11,EASIER
2,54.48,63.87,6,0,0,54.35,SAME
5,32.04,203.59,21,3,2,66.69,EASIER
2,35.15,93.04,10,4,1,49.32,SAME
2,36.11,68.99,8,2,0,77.74,HARDER
3,33.46,110.11,12,0,0,60.45,SAME
3,32.51,87.65,13,1,0,100.0,HARDER
4,26.59,173.0,20,5,2,78.48,EASIER
4,27.71,148.34,18,3,0,82.09,HARDER
2,47.16,52.39,6,0,0,90.86,HARDER
1,38.31,89.04,6,4,3,34.53,SAME
4,25.0,173.41,17,2,1,75.06,EASIER
1,100.0,39.61,2,0,0,77.18,HARDER
5,32.78,137.92,20,2,0,67.9,SAME
1,99.6,36.02,2,0,0,77.39,HARDER
4,25.61,162.77,20,5,1,70.95,HARDER
2,34.89,78.01,9,3,0,63.88,SAME
2,45.84,47.84,6,0,0,77.18,HARDER
2,28.49,86.94,9,3,0,73.78,HARDER
5,25.0,203.99,25,7,2,55.24,SAME
5,25.0,300.0,29,11,6,65.16,EASIER
1,100.0,23.8,2,0,0,100.0,HARDER
3,25.0,127.95,16,4,1,56.89,SAME
2,42.0,69.93,7,1,0,64.23,SAME
5,25.0,209.75,25,7,4,49.1,EASIER
4,25.0,243.46,21,6,5,52.35,EASIER
5,25.0,280.24,27,9,7,53.91,EASIER
3,25.0,187.62,17,5,4,39.44,EASIER
3,29.33,129.54,15,3,2,85.43,EASIER
5,25.0,237.03,22,4,2,50.89,EASIER
3,34.77,84.83,12,0,0,76.22,HARDER
2,43.89,104.71,7,1,1,25.0,EASIER
3,27.36,118.63,16,4,0,66.64,HARDER
5,36.44,166.97,18,0,0,100.0,SAME
3,25.0,101.72,16,4,1,84.23,SAME
4,26.97,184.72,19,4,2,54.65,EASIER
2,36.56,79.43,8,2,0,67.17,HARDER
5,35.75,158.79,20,2,0,87.43,SAME
5,27.62,171.3,21,3,0,65.43,SAME
1,39.74,79.03,5,3,1,47.51,SAME
1,98.87,34.03,2,0,0,64.35,SAME
2,49.94,57.97,6,0,0,90.47,HARDER
1,63.45,53.71,3,1,1,54.78,SAME
1,99.08,20.0,2,0,0,80.0,HARDER
2,36.31,71.3,8,2,1,84.31,EASIER
5,27.32,259.23,21,3,1,30.05,EASIER
1,96.96,23.88,2,0,0,87.08,HARDER
1,100.0,20.0,2,0,0,85.58,HARDER
2,48.01,56.77,6,0,0,95.76,HARDER
1,97.45,32.13,2,0,0,100.0,HARDER
3,25.0,131.28,18,6,0,69.02,HARDER
5,30.05,300.0,21,3,2,30.03,EASIER
2,44.03,95.01,7,1,0,59.08,SAME
3,25.0,84.96,15,3,0,68.06,HARDER
3,32.11,88.0,12,0,0,83.37,HARDER
4,33.98,180.48,18,3,1,63.07,EASIER
3,34.75,89.2,13,1,0,77.46,HARDER
3,32.86,107.61,12,0,0,72.96,HARDER
2,49.55,38.65,6,0,0,100.0,HARDER
5,27.01,275.06,26,8,7,52.19,HARDER
2,49.11,42.18,6,0,0,74.54,HARDER
4,31.3,144.35,16,1,0,60.09,SAME
3,25.0,188.71,18,6,3,51.94,EASIER
3,28.31,155.17,14,2,1,47.94,EASIER
5,30.57,178.83,20,2,2,85.89,EASIER
1,40.76,61.26,5,3,1,54.66,SAME
2,35.04,92.04,9,3,1,59.16,SAME
1,64.85,40.6,3,1,0,70.98,HARDER
3,29.86,114.02,14,2,0,100.0,SAME
3,25.0,131.09,19,7,0,71.82,HARDER
2,30.9,92.63,9,3,1,71.56,SAME
1,67.52,38.23,3,1,0,80.98,HARDER
2,32.57,100.76,10,4,2,62.1,EASIER
3,28.89,129.66,14,2,2,74.84,EASIER
5,31.38,177.64,20,2,0,70.2,SAME
3,29.08,123.13,14,2,1,49.61,EASIER
3,33.51,70.17,13,1,0,100.0,HARDER
3,33.16,120.06,13,1,0,90.58,HARDER
3,31.58,84.35,12,0,0,79.32,HARDER
3,33.49,70.06,12,0,0,100.0,HARDER
3,29.83,142.63,16,4,3,48.72,EASIER
4,30.76,113.47,18,3,2,65.85,EASIER
3,34.14,69.79,12,0,0,69.89,HARDER
2,28.5,114.22,11,5,4,38.96,EASIER
4,30.63,128.95,17,2,0,64.56,EASIER
5,26.16,124.82,20,2,0,69.37,SAME
5,32.27,157.72,20,2,0,82.65,SAME
5,26.43,183.83,21,3,0,67.51,SAME
5,25.0,232.6,22,4,3,58.53,EASIER
3,31.72,109.2,12,0,0,87.38,HARDER
5,34.48,121.72,18,0,0,90.19,SAME
1,66.23,34.41,3,1,0,68.8,HARDER
2,47.72,50.79,6,0,0,71.88,EASIER
1,100.0,29.36,2,0,0,71.19,HARDER
5,27.54,188.82,20,2,2,75.05,EASIER
2,50.61,51.42,6,0,0,93.23,HARDER
2,38.4,51.76,7,1,1,64.26,EASIER
1,41.12,38.36,5,3,0,52.89,SAME
5,25.65,138.73,20,2,1,90.67,EASIER
5,30.55,193.11,23,5,0,57.54,SAME
5,28.99,216.94,20,2,2,75.42,EASIER
3,30.58,101.41,14,2,0,67.76,HARDER
3,25.0,97.47,13,1,0,66.37,HARDER
4,25.0,188.96,19,4,0,87.76,SAME
4,29.47,97.85,15,0,0,72.98,HARDER
2,29.78,73.89,10,4,2,57.3,EASIER
5,29.9,236.43,22,4,2,48.26,EASIER
1,100.0,20.0,2,0,0,100.0,HARDER
3,28.54,133.23,13,1,0,81.58,HARDER
2,36.92,70.43,8,2,1,82.72,EASIER
4,25.0,172.7,20,5,2,80.65,EASIER
5,30.45,130.12,18,0,0,93.65,SAME
5,26.73,221.24,24,6,2,67.86,EASIER
1,50.24,50.91,4,2,2,80.45,SAME
1,97.23,25.61,2,0,0,74.04,HARDER
2,37.6,99.64,8,2,1,47.87,EASIER
5,25.0,237.03,25,7,5,38.43,EASIER
1,90.98,31.93,2,0,0,57.95,SAME
4,27.04,134.08,18,3,1,89.2,SAME
1,98.49,20.0,2,0,0,93.81,HARDER
4,25.0,199.55,19,4,1,50.99,SAME
4,26.09,250.0,21,6,4,69.79,EASIER
2,41.55,71.48,7,1,0,75.86,HARDER
4,25.0,201.62,19,4,3,50.72,EASIER
2,46.72,42.05,6,0,0,88.86,HARDER
4,28.89,112.72,17,2,0,82.31,HARDER
4,32.9,107.16,15,0,0,71.22,HARDER
1,99.5,31.11,2,0,0,67.08,HARDER
2,52.65,61.48,6,0,0,93.9,HARDER
1,100.0,21.84,2,0,0,99.99,HARDER
2,45.96,42.35,6,0,0,88.69,HARDER
1,67.05,23.23,3,1,0,64.35,SAME
4,34.15,204.84,17,2,1,67.8,EASIER
5,25.0,271.88,22,4,3,50.42,EASIER
4,25.0,159.24,20,5,1,78.53,HARDER
1,92.95,20.0,2,0,0,60.58,SAME
5,26.45,131.54,21,3,1,58.19,SAME
5,25.87,240.45,24,6,2,57.87,EASIER
1,51.82,31.61,4,2,0,84.07,HARDER
1,41.99,49.33,5,3,0,49.52,SAME
2,52.16,47.23,6,0,0,94.95,HARDER
1,54.66,33.27,4,2,0,45.97,SAME
4,31.05,116.25,15,0,0,95.68,HARDER
1,27.02,68.54,8,6,2,56.28,SAME
4,31.68,97.19,15,0,0,96.93,HARDER
5,26.92,242.29,21,3,2,70.38,EASIER
3,27.47,91.74,14,2,0,69.12,HARDER
2,34.14,82.8,8,2,0,63.34,SAME
5,25.0,221.12,20,2,2,64.63,EASIER
3,31.78,102.59,14,2,2,76.43,EASIER
1,99.84,33.49,2,0,0,97.71,HARDER
1,26.26,97.56,9,7,3,47.71,SAME
5,26.44,203.38,22,4,0,66.86,EASIER
1,53.65,50.22,4,2,1,58.59,SAME
2,53.68,52.83,6,0,0,71.04,HARDER
2,39.39,53.09,7,1,0,94.33,HARDER
1,62.17,26.16,3,1,0,66.76,HARDER
5,25.6,300.0,25,7,4,36.79,EASIER
1,98.25,32.12,2,0,0,88.75,HARDER
1,72.37,57.01,3,1,0,61.17,SAME
5,27.26,254.42,22,4,3,56.05,EASIER
3,25.0,182.78,22,10,6,35.61,EASIER
2,35.67,93.51,9,3,0,27.51,SAME
3,29.5,112.75,14,2,0,65.75,HARDER
5,25.0,250.12,28,10,6,53.51,EASIER
5,25.0,163.56,21,3,2,62.94,EASIER
2,37.78,77.37,9,3,1,63.25,SAME
4,34.0,124.75,16,1,1,86.6,EASIER
3,33.05,120.37,12,0,0,67.1,HARDER
5,25.0,272.45,25,7,5,59.98,EASIER
3,25.73,139.8,14,2,1,68.09,EASIER
4,28.02,110.46,16,1,0,69.9,HARDER
4,26.19,162.29,18,3,2,66.85,EASIER
3,30.77,106.17,14,2,1,78.69,EASIER
5,27.33,235.02,20,2,2,46.25,EASIER
3,30.06,126.71,14,2,0,75.79,HARDER
1,40.33,47.38,5,3,1,67.03,SAME
3,25.0,96.38,14,2,0,80.27,HARDER
2,37.0,86.83,8,2,0,82.11,HARDER
3,30.86,108.31,14,2,0,80.32,HARDER
1,41.88,51.8,5,3,0,54.69,SAME
5,34.09,211.2,18,0,0,43.29,SAME
2,26.46,95.36,11,5,0,54.89,SAME
1,100.0,31.11,2,0,0,63.76,SAME
4,28.28,195.91,17,2,0,27.6,SAME
2,38.43,59.26,8,2,0,77.95,HARDER
3,28.77,127.28,15,3,1,72.85,SAME
5,32.66,214.81,19,1,1,66.68,EASIER
3,25.0,149.95,16,4,2,35.2,EASIER
1,97.14,20.77,2,0,0,74.4,HARDER
5,27.6,240.52,20,2,1,51.18,EASIER
3,25.0,114.12,17,5,1,73.79,HARDER
5,31.18,161.82,21,3,0,76.61,SAME
4,32.73,203.68,17,2,0,64.68,SAME
5,31.27,255.02,21,3,2,27.69,EASIER
3,27.06,98.08,13,1,1,92.93,EASIER
1,62.94,41.15,3,1,0,85.5,HARDER
4,25.0,174.34,21,6,3,67.98,EASIER
4,25.0,185.9,23,8,5,71.99,EASIER
1,40.72,62.04,5,3,1,56.75,SAME
2,43.43,66.22,7,1,0,88.79,HARDER
3,26.07,90.71,14,2,0,71.01,HARDER
1,69.01,25.13,3,1,0,72.19,HARDER
2,40.37,104.45,8,2,1,43.44,EASIER
4,31.42,172.17,18,3,2,68.49,EASIER
4,35.16,164.76,17,2,0,39.84,SAME
3,25.76,160.72,15,3,1,71.46,SAME
5,30.63,164.48,21,3,0,72.94,SAME
4,25.0,250.0,20,5,4,29.67,EASIER
4,25.0,155.14,21,6,2,61.45,SAME
3,25.0,153.68,18,6,4,70.4,EASIER
2,35.67,61.22,8,2,1,84.93,EASIER
3,25.97,145.54,13,1,0,44.17,SAME
5,25.0,257.75,24,6,4,39.09,EASIER
4,33.48,99.99,16,1,0,83.59,HARDER
1,96.21,35.9,2,0,0,76.41,HARDER
4,27.63,202.31,18,3,2,52.28,EASIER
1,47.19,52.6,5,3,1,57.49,SAME
1,100.0,36.71,2,0,0,45.83,EASIER
3,25.0,126.08,16,4,1,72.87,SAME
3,25.0,102.0,14,2,1,85.55,EASIER
1,52.9,52.61,4,2,0,72.08,HARDER
1,96.43,34.06,2,0,0,78.2,HARDER
3,32.09,76.3,14,2,0,71.11,HARDER
3,26.11,200.62,17,5,5,45.37,EASIER
2,30.83,91.75,11,5,2,65.16,EASIER
2,44.8,40.11,6,0,0,83.98,HARDER
2,44.38,82.66,8,2,0,74.07,HARDER
5,27.69,241.27,21,3,3,61.41,SAME
3,25.0,132.73,17,5,2,48.84,EASIER
4,32.61,135.82,16,1,1,64.47,EASIER
1,97.64,26.87,2,0,0,69.61,HARDER
2,56.14,45.86,6,0,0,66.97,HARDER
5,29.59,173.38,21,3,2,86.86,EASIER
1,43.1,50.21,5,3,0,64.06,SAME
4,31.14,182.16,17,2,1,79.86,EASIER
5,34.7,183.93,19,1,0,96.78,SAME
4,30.61,203.87,17,2,2,58.51,EASIER
1,62.01,41.2,3,1,0,85.67,HARDER
3,31.94,90.55,13,1,1,93.2,EASIER
5,25.21,238.47,20,2,0,42.96,SAME
3,25.0,123.84,18,6,1,65.43,HARDER
3,30.49,139.48,13,1,1,64.39,EASIER
2,44.27,46.16,6,0,0,82.18,HARDER
3,32.16,119.3,13,1,1,45.37,EASIER
5,29.1,166.58,22,4,2,56.33,EASIER
3,25.0,112.35,14,2,0,69.82,HARDER
4,25.1,172.17,19,4,3,59.02,EASIER
3,32.62,127.63,13,1,0,73.95,HARDER
1,66.83,44.0,3,1,0,94.6,HARDER
4,33.96,117.6,16,1,0,60.97,SAME
5,30.16,151.56,20,2,0,88.92,SAME
5,30.21,168.65,21,3,1,56.41,EASIER
4,25.0,163.05,19,4,2,78.94,EASIER
3,29.87,71.08,13,1,0,100.0,HARDER
3,25.0,173.47,17,5,2,31.52,EASIER
1,100.0,36.32,2,0,0,69.96,HARDER
1,27.15,58.01,7,5,0,58.76,SAME
4,25.24,183.09,19,4,3,57.85,EASIER
3,27.65,109.14,13,1,0,55.17,SAME
1,100.0,30.79,2,0,0,100.0,HARDER
3,32.02,113.4,14,2,0,86.22,HARDER
4,27.86,121.6,19,4,0,56.66,SAME
2,51.67,54.23,6,0,0,87.7,HARDER
2,34.98,62.46,8,2,0,64.41,SAME
5,26.34,254.05,25,7,5,47.51,EASIER
5,28.56,207.59,22,4,1,56.18,SAME
2,52.62,62.27,6,0,0,89.03,HARDER
5,25.68,267.62,26,8,5,63.91,EASIER
3,33.24,77.59,13,1,0,78.09,HARDER
5,25.0,294.67,25,7,4,47.84,EASIER
4,32.92,110.15,15,0,0,71.5,HARDER
3,34.08,97.86,12,0,0,66.33,HARDER
1,46.22,25.65,4,2,0,69.35,HARDER
1,95.92,25.07,2,0,0,58.65,SAME
4,30.86,194.5,18,3,1,66.36,EASIER
2,32.02,74.53,9,3,0,78.98,HARDER
5,25.0,300.0,28,10,7,50.13,EASIER
3,28.05,123.23,14,2,2,62.28,SAME
2,41.94,81.79,8,2,1,76.07,EASIER
4,25.0,113.65,18,3,1,63.9,SAME
1,64.29,27.59,3,1,0,72.89,HARDER
4,33.08,153.67,18,3,0,74.45,HARDER
1,67.38,42.58,3,1,0,76.11,HARDER
3,31.6,116.47,13,1,1,62.18,EASIER
5,25.0,268.13,25,7,4,38.58,EASIER
4,25.0,207.07,22,7,4,74.18,EASIER
1,32.0,47.38,6,4,0,63.22,SAME
1,100.0,24.37,2,0,0,78.01,HARDER
2,44.7,48.88,6,0,0,98.68,HARDER
3,28.43,103.97,15,3,0,73.5,HARDER
4,33.27,139.5,15,0,0,79.92,HARDER
2,33.75,80.31,10,4,1,70.17,EASIER
3,25.0,148.02,15,3,1,40.79,EASIER
5,25.0,300.0,28,10,7,37.58,EASIER
4,31.76,109.12,15,0,0,85.18,HARDER
5,28.33,194.27,18,0,0,48.77,SAME
5,26.63,275.99,20,2,1,47.79,EASIER
5,29.04,249.78,21,3,2,49.29,EASIER
4,31.07,198.11,21,6,3,61.58,EASIER
2,41.47,81.0,7,1,1,60.8,EASIER
2,32.17,85.94,10,4,1,78.1,SAME
2,27.74,141.56,11,5,4,49.9,EASIER
3,30.43,97.23,13,1,1,74.86,EASIER
3,26.76,64.02,13,1,0,75.96,HARDER
4,31.66,129.63,16,1,0,79.59,HARDER
5,25.0,200.71,22,4,3,71.02,EASIER
4,29.17,178.32,17,2,1,55.77,EASIER
4,27.14,120.22,16,1,1,60.66,EASIER
2,48.68,60.87,6,0,0,100.0,HARDER
5,29.32,173.83,21,3,0,74.38,SAME
2,33.77,81.99,9,3,1,69.15,SAME
5,25.0,283.54,23,5,1,57.78,EASIER
5,25.73,216.93,22,4,2,58.36,EASIER
5,25.0,177.45,22,4,2,79.43,EASIER
1,100.0,20.01,2,0,0,100.0,HARDER
1,66.48,48.8,3,1,1,58.28,SAME
3,25.0,139.87,18,6,2,59.22,SAME
5,26.82,205.18,20,2,1,58.88,EASIER
4,25.0,225.33,23,8,3,43.94,EASIER
2,39.31,92.32,7,1,1,89.31,EASIER
5,32.74,133.65,19,1,0,87.06,SAME
3,27.16,66.73,13,1,0,93.12,HARDER
4,29.6,89.03,15,0,0,91.62,HARDER
2,48.8,43.53,6,0,0,81.19,HARDER
2,53.14,73.89,6,0,0,80.55,SAME
2,42.99,63.3,7,1,0,70.55,HARDER
4,36.07,110.9,15,0,0,90.02,HARDER
1,100.0,36.28,2,0,0,81.76,HARDER
1,100.0,32.66,2,0,0,90.07,HARDER
5,30.6,233.35,21,3,1,58.29,EASIER
2,37.04,75.43,8,2,0,49.55,SAME
1,97.73,20.0,2,0,0,79.29,HARDER
1,100.0,28.01,2,0,0,100.0,HARDER
2,48.24,95.62,7,1,1,46.19,EASIER
3,30.18,140.91,14,2,2,51.06,EASIER
4,25.0,207.88,22,7,1,57.67,EASIER
5,26.31,193.29,22,4,1,60.93,SAME
3,33.72,88.37,12,0,0,82.48,HARDER
3,29.6,102.35,13,1,0,67.89,HARDER
5,25.0,200.35,22,4,2,52.72,EASIER
3,33.86,66.4,12,0,0,100.0,HARDER
2,47.84,67.78,6,0,0,87.82,HARDER
1,70.08,43.07,3,1,0,78.19,HARDER
4,30.98,167.97,18,3,1,57.83,EASIER
1,100.0,22.8,2,0,0,89.27,HARDER
2,55.9,49.82,6,0,0,88.05,HARDER
4,25.84,109.99,15,0,0,90.26,HARDER
2,27.18,67.33,11,5,2,79.59,SAME
4,32.46,164.53,17,2,1,79.68,EASIER
1,97.8,20.0,2,0,0,92.39,HARDER
3,25.0,123.4,17,5,1,45.47,SAME
2,42.93,58.72,6,0,0,71.77,HARDER
3,25.0,106.94,14,2,1,77.35,EASIER
3,29.61,153.24,15,3,2,61.43,EASIER
5,25.0,300.0,26,8,6,39.28,EASIER
2,39.3,61.96,8,2,0,81.59,HARDER
5,28.12,170.24,22,4,0,89.03,SAME
3,26.9,91.83,13,1,1,83.34,EASIER
3,33.16,171.78,15,3,2,62.93,EASIER
3,25.0,202.91,16,4,1,46.41,EASIER
1,67.51,44.05,3,1,0,83.86,HARDER
1,100.0,32.15,2,0,0,86.55,HARDER
2,51.16,65.13,6,0,0,78.82,HARDER
2,26.22,96.36,11,5,2,54.32,EASIER
3,32.58,125.81,13,1,1,70.05,EASIER
2,37.4,74.51,8,2,0,70.14,HARDER
3,32.17,118.2,14,2,1,64.06,EASIER
4,27.85,185.46,19,4,1,68.5,SAME
1,26.05,91.59,9,7,4,64.2,SAME
1,50.57,60.96,4,2,1,48.58,SAME
2,35.09,100.21,10,4,1,47.59,SAME
3,38.4,72.48,12,0,0,92.97,HARDER
4,25.93,144.81,21,6,1,64.12,SAME
4,25.0,194.45,21,6,0,58.14,SAME
5,25.0,300.0,28,10,6,39.92,EASIER
3,25.0,175.55,18,6,2,27.55,EASIER
3,25.0,210.0,21,9,8,54.97,EASIER
2,25.9,112.43,11,5,1,47.1,SAME
3,31.66,104.62,13,1,0,74.4,HARDER
3,25.0,210.0,21,9,4,53.95,EASIER
1,47.74,47.65,4,2,0,61.99,SAME
5,27.22,221.09,24,6,2,76.99,SAME
5,27.62,184.76,24,6,2,87.18,SAME
2,30.97,95.29,9,3,1,59.44,SAME
1,48.6,27.19,4,2,0,47.93,SAME
1,99.73,20.61,2,0,0,77.11,HARDER
5,31.5,147.61,19,1,1,68.39,EASIER
5,37.65,128.55,18,0,0,100.0,SAME
5,25.76,269.06,24,6,6,48.21,EASIER
2,45.39,81.84,7,1,1,66.75,EASIER
4,25.0,236.91,21,6,3,56.99,EASIER
3,33.54,147.52,14,2,2,44.73,EASIER
3,29.22,133.74,13,1,1,64.07,EASIER
1,99.24,20.0,2,0,0,94.19,HARDER
4,25.0,159.98,19,4,2,93.29,EASIER
4,34.16,250.0,21,6,4,30.11,EASIER
1,26.95,68.35,7,5,1,46.73,SAME
5,28.93,190.8,23,5,3,75.76,EASIER
5,27.03,187.35,21,3,0,54.91,SAME
1,100.0,21.82,2,0,0,83.09,HARDER
1,44.37,51.36,5,3,0,61.7,SAME
2,28.99,86.33,8,2,0,79.87,HARDER
2,35.83,101.98,8,2,1,46.99,EASIER
2,53.93,56.11,6,0,0,83.67,HARDER
3,25.0,163.18,18,6,1,59.27,SAME
2,48.46,50.49,6,0,0,87.59,HARDER
1,100.0,24.66,2,0,0,82.64,HARDER
3,31.87,60.06,13,1,0,64.08,SAME
3,30.09,135.96,12,0,0,66.92,HARDER
5,25.61,185.65,21,3,0,56.47,SAME
4,33.73,139.33,16,1,0,75.8,HARDER
5,27.31,173.83,24,6,5,77.42,EASIER
2,34.48,79.98,10,4,0,64.32,SAME
3,27.49,171.17,19,7,4,63.94,EASIER
2,46.35,56.59,6,0,0,88.8,HARDER
1,95.07,36.02,2,0,0,96.28,HARDER
2,33.44,122.68,9,3,3,65.12,EASIER
2,48.03,58.45,7,1,0,90.94,HARDER
5,25.0,286.65,29,11,6,55.99,EASIER
1,100.0,20.0,2,0,0,100.0,HARDER
1,49.13,45.29,4,2,1,62.54,SAME
3,29.77,66.14,12,0,0,59.61,SAME
2,39.76,84.3,7,1,0,49.73,SAME
4,25.61,151.15,18,3,1,61.77,SAME
2,55.07,36.62,6,0,0,92.42,HARDER
4,25.79,190.19,20,5,3,68.38,EASIER
5,31.92,229.1,20,2,1,57.13,EASIER
5,25.0,213.03,23,5,3,51.51,EASIER
5,25.0,174.98,21,3,0,56.56,SAME
2,31.41,58.09,8,2,1,85.41,EASIER
2,34.58,85.03,9,3,2,73.84,EASIER
1,31.97,84.38,7,5,4,45.25,SAME
2,47.71,58.3,6,0,0,51.29,SAME
1,67.19,41.36,3,1,0,43.91,SAME
5,27.03,167.72,21,3,2,63.24,EASIER
4,29.05,177.28,17,2,1,71.02,EASIER
4,37.7,94.63,15,0,0,83.48,HARDER
4,35.51,90.39,16,1,0,97.35,HARDER
3,29.94,71.82,12,0,0,97.46,HARDER
1,72.61,29.39,3,1,0,94.84,HARDER
4,32.6,119.25,15,0,0,100.0,HARDER
1,98.92,34.71,2,0,0,80.98,HARDER
2,28.89,130.6,11,5,4,41.22,EASIER
2,25.0,83.02,12,6,0,57.54,SAME
5,36.45,190.17,18,0,0,48.24,SAME
1,65.46,67.75,3,1,1,31.26,SAME
4,32.88,114.1,16,1,1,92.77,EASIER
5,29.21,112.3,20,2,0,80.42,SAME
1,39.78,52.45,5,3,0,73.31,HARDER
2,43.11,45.75,7,1,1,71.57,EASIER
5,25.0,198.69,22,4,2,43.05,EASIER
2,44.03,61.97,7,1,0,66.21,HARDER
5,32.23,151.53,19,1,0,54.42,SAME
1,64.97,30.23,3,1,0,75.49,HARDER
3,31.3,79.14,13,1,0,66.54,HARDER
4,25.19,170.18,18,3,1,51.1,EASIER
4,27.0,98.11,16,1,0,42.92,SAME
4,29.45,127.09,18,3,3,76.53,EASIER
3,31.51,100.61,12,0,0,87.21,HARDER
5,31.25,201.07,20,2,2,60.16,SAME
2,51.95,63.25,6,0,0,79.34,HARDER
2,42.78,51.85,7,1,0,87.75,HARDER
2,53.13,62.85,6,0,0,72.96,HARDER
4,31.72,166.66,16,1,0,42.71,SAME
2,57.27,52.35,6,0,0,92.71,HARDER
4,25.0,171.43,19,4,2,50.18,EASIER
1,100.0,33.26,2,0,0,68.1,HARDER
2,28.97,105.21,10,4,3,52.03,EASIER
5,26.98,195.86,23,5,2,56.23,EASIER
4,25.0,250.0,22,7,5,43.2,EASIER
2,33.93,69.91,9,3,1,70.24,SAME
4,33.18,130.35,17,2,1,74.81,EASIER
2,42.86,58.7,7,1,0,62.99,SAME
2,54.09,64.06,6,0,0,78.47,HARDER
4,29.93,148.66,15,0,0,69.02,HARDER
4,25.81,192.19,18,3,2,70.12,EASIER
5,36.32,128.88,18,0,0,86.5,SAME
4,27.13,142.0,20,5,2,78.66,SAME
1,50.1,35.28,4,2,0,82.71,HARDER
3,25.0,164.3,17,5,1,53.51,SAME
3,29.04,95.18,14,2,0,61.36,SAME
1,52.29,42.82,4,2,0,62.97,SAME
4,25.67,164.54,18,3,2,76.77,EASIER
4,29.17,211.85,18,3,3,63.13,EASIER
2,25.49,110.85,13,7,5,31.46,EASIER
3,25.0,103.53,16,4,0,49.77,SAME
1,100.0,20.0,2,0,0,81.23,HARDER
4,25.0,250.0,20,5,2,35.05,EASIER
2,25.71,119.63,11,5,3,63.12,EASIER
4,32.53,92.05,15,0,0,92.31,HARDER
1,48.23,49.62,4,2,1,55.71,SAME
3,28.8,133.25,14,2,1,49.1,EASIER
5,26.27,238.18,23,5,3,37.27,EASIER
1,25.0,57.21,9,7,2,42.0,SAME
5,26.21,193.07,23,5,2,76.32,EASIER
1,50.8,37.74,4,2,0,62.97,SAME
1,51.69,34.47,4,2,1,79.49,SAME
4,25.0,184.06,19,4,2,54.14,EASIER
1,99.94,33.03,2,0,0,60.99,SAME
3,25.0,129.9,16,4,0,53.41,SAME
3,26.15,119.46,15,3,2,79.19,EASIER
4,26.76,144.47,17,2,0,71.62,HARDER
2,51.61,75.89,6,0,0,70.56,HARDER
2,45.87,45.88,6,0,0,100.0,HARDER
4,28.63,219.85,17,2,1,61.9,EASIER
5,34.53,180.68,19,1,0,86.69,SAME
1,69.45,31.05,3,1,1,85.39,SAME
1,98.76,26.33,2,0,0,66.7,HARDER
1,98.21,20.0,2,0,0,85.25,HARDER
2,26.15,101.83,10,4,1,51.1,SAME
5,29.71,300.0,24,6,2,43.0,EASIER
5,32.22,194.61,22,4,2,57.07,EASIER
1,98.61,20.0,2,0,0,97.47,HARDER
2,49.72,62.55,6,0,0,77.99,HARDER
5,28.73,150.4,20,2,2,70.01,EASIER
1,74.2,36.96,3,1,0,78.8,EASIER
4,26.71,136.91,18,3,0,58.03,SAME
4,25.0,220.91,24,9,4,70.49,EASIER
2,40.22,90.7,8,2,1,66.97,EASIER
5,30.87,177.29,20,2,1,67.69,EASIER
2,28.36,89.73,10,4,2,51.54,EASIER
2,42.14,51.94,7,1,0,84.73,HARDER
2,38.93,52.61,8,2,0,75.76,HARDER
3,25.39,135.98,15,3,2,48.34,EASIER
1,67.11,29.31,3,1,0,82.82,HARDER
4,30.4,135.18,19,4,0,62.82,SAME
5,25.0,300.0,24,6,2,48.52,EASIER
2,34.52,107.08,8,2,1,51.7,EASIER
5,25.0,282.04,22,4,3,46.19,EASIER
5,25.0,174.95,26,8,2,66.92,SAME
2,51.84,51.35,6,0,0,79.04,HARDER
1,71.54,47.09,3,1,1,80.3,SAME
4,25.0,166.06,18,3,0,51.55,SAME
3,25.0,147.73,18,6,1,63.9,EASIER
4,29.37,126.07,18,3,2,55.19,EASIER
5,33.46,267.96,20,2,1,43.57,EASIER
5,25.0,168.23,21,3,1,82.15,SAME
2,44.74,73.36,7,1,0,79.54,HARDER
1,47.8,59.72,4,2,0,59.0,SAME
4,25.0,250.0,24,9,5,53.17,EASIER
4,35.48,120.69,18,3,2,50.91,EASIER
1,100.0,20.0,2,0,0,84.28,HARDER
2,34.01,59.48,8,2,0,69.81,HARDER
2,42.53,84.43,7,1,1,70.59,EASIER
2,33.51,85.53,10,4,0,54.44,SAME
4,29.76,182.77,19,4,2,48.55,EASIER
1,100.0,26.45,2,0,0,88.91,HARDER
5,27.39,214.56,22,4,1,51.1,SAME
2,54.25,67.07,6,0,0,78.53,HARDER
5,30.79,164.24,20,2,0,62.04,SAME
2,37.86,76.66,8,2,1,83.91,EASIER
4,25.0,220.74,24,9,6,42.95,EASIER
1,65.73,40.41,3,1,0,75.96,HARDER
1,92.97,20.81,2,0,0,100.0,HARDER
4,25.0,196.74,18,3,2,55.02,EASIER
1,100.0,30.46,2,0,0,97.16,HARDER
2,42.89,39.95,8,2,1,53.63,EASIER
5,31.66,206.78,19,1,1,47.09,EASIER
4,32.62,187.58,16,1,0,43.09,SAME
1,38.51,63.54,5,3,0,53.21,SAME
5,25.53,300.0,22,4,2,43.64,EASIER
4,27.16,173.47,18,3,2,70.04,EASIER
2,49.38,50.07,6,0,0,81.62,HARDER
5,30.54,212.0,19,1,0,54.05,SAME
4,25.0,116.2,19,4,2,79.87,EASIER
1,50.02,58.19,4,2,0,43.05,SAME
1,48.12,47.75,4,2,0,91.74,HARDER
5,25.0,206.87,24,6,5,57.76,EASIER
3,29.69,119.56,14,2,1,64.15,EASIER
2,50.78,34.77,6,0,0,80.17,HARDER
5,32.42,169.01,18,0,0,64.89,SAME
5,32.03,180.05,19,1,1,60.55,EASIER
3,30.39,91.66,13,1,0,78.88,HARDER
2,48.76,60.42,7,1,0,92.58,HARDER
5,25.0,278.33,26,8,5,40.59,EASIER
3,25.0,104.54,19,7,1,61.15,SAME
1,100.0,20.0,2,0,0,78.58,HARDER
1,100.0,29.61,2,0,0,61.03,SAME
1,97.82,21.01,2,0,0,97.98,HARDER
3,27.67,87.51,14,2,0,77.6,HARDER
3,28.74,128.86,13,1,0,57.42,HARDER
5,29.87,218.2,19,1,0,73.56,SAME
5,25.83,139.85,19,1,0,73.18,SAME
4,26.9,250.0,21,6,6,40.79,EASIER
2,37.04,58.54,8,2,0,63.45,SAME
5,26.83,171.91,24,6,3,93.31,EASIER
5,30.6,155.82,20,2,1,81.66,EASIER
5,28.41,216.98,24,6,3,91.24,EASIER
2,34.75,63.33,9,3,0,74.64,HARDER
2,51.49,53.0,6,0,0,79.88,HARDER
4,25.0,182.17,21,6,2,65.76,SAME
5,26.8,140.41,20,2,0,85.75,SAME
2,55.6,41.19,6,0,0,97.79,HARDER
2,30.7,82.83,10,4,1,52.27,SAME
3,32.87,95.49,12,0,0,84.07,HARDER
2,42.23,34.65,6,0,0,77.78,HARDER
3,30.96,122.91,13,1,1,52.41,EASIER
5,25.0,300.0,25,7,5,30.16,EASIER
5,25.0,271.01,26,8,6,67.45,EASIER
1,65.33,59.04,3,1,1,52.66,SAME
3,37.28,86.03,12,0,0,50.16,SAME
1,66.0,41.27,3,1,0,54.7,SAME
4,28.51,194.07,19,4,2,48.88,EASIER
4,28.98,203.4,16,1,0,59.76,SAME
1,67.38,20.0,3,1,0,70.7,HARDER
4,37.2,125.96,15,0,0,64.39,SAME
2,34.58,126.72,10,4,2,64.0,EASIER
3,25.0,116.1,16,4,1,64.38,SAME
4,28.22,187.86,22,7,3,61.9,EASIER
2,33.07,82.01,9,3,2,73.79,EASIER
5,25.0,220.26,24,6,3,38.53,EASIER
1,71.8,61.58,3,1,1,45.88,SAME
4,25.0,217.12,21,6,5,58.83,EASIER
1,51.44,37.66,4,2,0,54.56,SAME
3,37.76,112.81,12,0,0,68.03,HARDER
1,100.0,26.49,2,0,0,82.71,HARDER
2,38.44,86.87,7,1,0,52.95,SAME
1,91.52,31.3,2,0,0,98.55,HARDER
5,30.61,190.38,21,3,2,76.57,EASIER
1,96.05,20.0,2,0,0,83.54,HARDER
1,98.42,47.84,2,0,0,44.68,SAME
5,31.99,193.52,21,3,2,57.74,EASIER
4,25.0,225.97,20,5,5,27.77,EASIER
2,35.21,125.09,9,3,2,44.53,EASIER
4,30.3,91.48,15,0,0,90.86,HARDER
1,100.0,26.78,2,0,0,100.0,HARDER
4,29.41,239.39,20,5,4,50.09,EASIER
3,31.83,72.23,12,0,0,79.0,HARDER
4,25.0,229.93,23,8,3,58.73,EASIER
3,25.0,138.15,18,6,3,44.96,EASIER
1,97.39,29.23,2,0,0,88.79,HARDER
4,35.42,193.65,20,5,1,52.73,SAME
3,25.0,184.22,19,7,2,42.2,EASIER
5,25.0,223.15,24,6,3,46.03,EASIER
1,100.0,23.17,2,0,0,94.58,HARDER
5,27.21,172.4,23,5,1,72.1,SAME
2,31.23,104.43,9,3,2,76.33,EASIER
4,25.0,178.94,19,4,2,49.58,EASIER
1,66.72,45.88,3,1,0,80.86,HARDER
4,29.13,181.95,18,3,1,49.5,EASIER
3,28.55,99.48,14,2,0,64.76,SAME
2,25.0,160.0,16,10,5,58.32,EASIER
2,25.0,132.23,14,8,3,31.91,EASIER
2,36.82,64.44,8,2,1,82.69,EASIER
2,49.68,83.04,6,0,0,67.86,HARDER
2,50.83,37.95,6,0,0,69.13,HARDER
2,33.8,80.34,10,4,0,51.26,SAME
1,49.27,46.98,4,2,0,50.96,SAME
2,50.36,79.59,6,0,0,54.12,SAME
2,42.39,99.14,7,1,0,54.48,SAME
1,25.33,74.69,7,5,1,47.06,SAME
4,29.37,193.69,18,3,2,58.1,EASIER
1,65.08,31.91,3,1,0,58.02,SAME
1,68.8,44.39,3,1,0,46.73,SAME
1,40.64,55.34,5,3,2,65.76,SAME
2,48.56,39.16,6,0,0,92.99,HARDER
5,27.07,281.25,27,9,5,64.11,EASIER
2,48.84,61.14,7,1,0,95.33,HARDER
3,30.47,122.96,14,2,1,74.06,EASIER
1,44.96,58.74,5,3,0,63.67,SAME
2,50.63,40.12,6,0,0,87.71,HARDER
4,27.18,167.51,19,4,3,87.12,EASIER
2,50.13,52.79,6,0,0,83.86,HARDER
3,25.18,168.67,16,4,3,60.38,EASIER
1,52.38,42.5,4,2,0,39.69,SAME
3,25.0,177.9,15,3,1,30.22,EASIER
3,31.94,129.67,15,3,1,53.97,EASIER
2,45.18,93.39,7,1,1,29.65,SAME
4,32.2,153.3,19,4,2,68.47,EASIER
4,25.69,235.48,19,4,3,60.54,EASIER
2,25.0,137.56,13,7,4,50.24,EASIER
2,46.62,47.95,7,1,0,94.08,HARDER
5,29.77,211.8,20,2,1,51.93,EASIER
3,31.26,92.0,12,0,0,86.8,HARDER
1,100.0,20.0,2,0,0,81.13,HARDER
5,25.0,221.12,23,5,2,39.68,EASIER
3,26.59,120.3,15,3,0,61.69,SAME
2,48.64,51.61,6,0,0,74.64,HARDER
4,25.78,206.03,19,4,2,62.48,EASIER
2,47.22,49.95,6,0,0,90.85,HARDER
1,51.57,42.33,4,2,0,61.21,SAME
2,41.53,56.35,7,1,0,78.44,HARDER
3,28.07,142.94,15,3,2,62.88,EASIER
4,25.54,143.68,18,3,1,40.22,EASIER
4,30.76,116.26,18,3,2,62.36,EASIER
4,27.94,138.05,17,2,0,67.92,HARDER
4,27.47,196.43,16,1,0,67.46,SAME
4,33.74,161.43,16,1,0,66.43,HARDER
5,26.48,259.11,23,5,4,54.64,EASIER
4,27.51,142.46,18,3,0,59.98,SAME
3,27.75,120.85,14,2,0,71.24,HARDER
2,54.12,48.21,6,0,0,77.64,HARDER
1,97.27,20.0,2,0,0,93.65,HARDER
1,65.16,25.09,3,1,0,91.92,HARDER
2,43.37,84.24,7,1,0,70.65,HARDER
4,25.0,250.0,24,9,5,43.06,EASIER
5,31.7,225.61,21,3,1,73.38,SAME
4,25.0,215.66,21,6,2,33.88,EASIER
4,35.56,133.94,16,1,1,82.83,EASIER
2,33.88,36.93,9,3,1,79.48,SAME
1,100.0,20.0,2,0,0,73.68,HARDER
3,25.0,156.87,17,5,3,43.11,EASIER
4,28.39,147.1,18,3,2,69.03,EASIER
2,36.76,110.88,9,3,1,35.14,EASIER
3,25.0,173.77,20,8,3,62.81,EASIER
3,27.24,173.28,16,4,3,62.43,EASIER
4,35.64,156.59,15,0,0,56.86,SAME
1,100.0,26.62,2,0,0,84.49,HARDER
5,27.63,205.07,22,4,3,59.52,EASIER
3,27.85,148.17,16,4,1,70.53,SAME
2,25.0,102.62,12,6,1,53.83,SAME
2,48.12,50.06,6,0,0,81.35,HARDER
4,31.13,181.83,18,3,1,73.15,SAME
5,25.0,176.08,21,3,1,64.96,SAME
4,28.81,151.04,16,1,0,91.07,HARDER
5,29.38,197.63,20,2,0,50.9,SAME
3,30.59,104.2,14,2,0,64.33,SAME
5,25.0,243.69,24,6,5,69.8,EASIER
4,25.0,154.46,18,3,1,71.59,SAME
3,31.87,106.89,13,1,0,62.29,SAME
5,25.0,270.22,25,7,5,44.34,EASIER
2,52.34,59.86,6,0,0,100.0,HARDER
3,33.0,84.11,14,2,1,76.5,EASIER
2,44.04,69.13,7,1,0,70.06,HARDER
1,99.79,20.0,2,0,0,88.29,HARDER
5,25.0,222.19,23,5,2,58.94,EASIER
4,30.41,223.09,18,3,1,49.08,EASIER
3,26.59,112.03,14,2,0,63.78,SAME
5,34.56,140.68,18,0,0,37.81,SAME
4,32.52,123.49,17,2,1,72.33,EASIER
5,35.22,145.58,19,1,0,66.4,SAME
2,50.78,64.32,6,0,0,100.0,HARDER
2,40.11,84.38,7,1,1,72.91,EASIER
2,28.02,134.9,10,4,2,43.75,EASIER
4,28.42,206.09,20,5,4,65.55,EASIER
3,30.89,122.99,13,1,0,64.6,SAME
4,34.18,135.86,16,1,0,76.22,HARDER
4,25.0,204.67,21,6,1,59.21,SAME
3,27.06,130.89,15,3,2,85.42,EASIER
2,53.09,53.54,6,0,0,85.41,HARDER
1,33.01,64.47,6,4,1,68.17,SAME
2,26.92,131.31,11,5,3,58.91,EASIER
5,25.0,257.82,25,7,4,52.7,EASIER
5,26.38,197.8,23,5,1,53.41,SAME
5,31.85,149.4,20,2,0,88.93,SAME
3,33.67,76.73,12,0,0,90.42,HARDER
2,42.11,80.75,7,1,0,66.56,HARDER
1,36.91,54.87,5,3,2,80.15,SAME
2,52.27,39.96,6,0,0,88.26,HARDER
5,34.84,104.62,19,1,0,94.44,SAME
1,45.62,53.48,4,2,2,61.67,SAME
5,26.18,230.66,22,4,2,73.16,EASIER
5,32.95,278.15,21,3,3,48.95,EASIER
4,34.11,130.04,17,2,0,79.8,HARDER
4,30.14,96.2,15,0,0,100.0,HARDER
5,31.3,157.86,20,2,0,70.47,SAME
2,29.61,88.98,10,4,2,64.37,EASIER
4,28.47,211.66,23,8,4,52.71,EASIER
5,34.28,141.34,18,0,0,83.07,SAME
4,35.72,117.1,15,0,0,92.4,HARDER
3,30.26,87.83,13,1,0,65.55,HARDER
2,38.62,60.5,7,1,0,66.88,HARDER
2,26.98,90.65,10,4,3,57.84,EASIER
3,31.57,92.22,13,1,0,76.9,HARDER
3,31.91,73.53,12,0,0,92.33,HARDER
5,25.0,300.0,26,8,5,26.74,EASIER
1,47.86,34.61,4,2,0,66.77,HARDER
4,29.07,122.54,16,1,1,74.69,EASIER
1,51.34,44.96,4,2,0,76.06,HARDER
2,26.94,160.0,10,4,4,25.0,EASIER
1,100.0,35.86,2,0,0,68.86,HARDER
3,27.28,120.55,13,1,0,62.01,SAME
4,25.0,126.06,19,4,1,78.0,SAME
2,58.13,57.41,6,0,0,80.43,HARDER
2,52.55,80.04,6,0,0,70.83,HARDER
5,30.16,147.77,22,4,2,85.32,EASIER
5,31.77,165.82,18,0,0,89.47,SAME
5,32.65,130.26,18,0,0,99.99,SAME
2,52.93,44.65,6,0,0,89.16,HARDER
2,43.19,39.9,7,1,1,77.51,EASIER
3,34.73,118.76,12,0,0,74.51,HARDER
2,48.13,44.38,6,0,0,89.19,HARDER
4,30.73,200.7,19,4,1,31.06,EASIER
1,68.29,51.67,3,1,1,56.28,SAME
2,38.89,60.57,7,1,0,83.49,HARDER
5,30.89,221.96,20,2,0,45.99,SAME
5,25.0,300.0,28,10,7,55.29,EASIER
2,50.27,39.39,6,0,0,100.0,HARDER
1,96.65,26.72,2,0,0,93.39,HARDER
1,98.67,24.44,2,0,0,77.71,HARDER
5,25.0,266.04,26,8,5,59.22,EASIER
3,33.83,82.07,12,0,0,78.8,HARDER
4,30.29,112.71,17,2,0,67.38,HARDER
5,25.92,174.25,22,4,2,64.09,EASIER
5,30.32,224.9,22,4,2,65.37,EASIER
5,25.0,280.07,27,9,5,71.87,EASIER
3,30.51,127.52,14,2,1,83.41,EASIER
4,25.0,228.24,21,6,3,64.78,EASIER
1,100.0,20.0,2,0,0,99.31,HARDER
2,29.05,89.91,10,4,1,68.8,SAME
3,25.0,108.32,14,2,0,66.16,HARDER
1,100.0,26.91,2,0,0,69.32,HARDER
3,26.45,157.73,15,3,2,51.01,EASIER
1,99.95,35.61,2,0,0,70.55,HARDER
2,48.2,71.64,6,0,0,76.27,HARDER
2,41.06,62.52,8,2,0,75.55,HARDER
2,45.05,59.0,7,1,0,54.27,SAME
2,47.99,73.39,6,0,0,65.68,HARDER
1,100.0,20.0,2,0,0,100.0,HARDER
4,31.88,139.02,17,2,1,78.56,EASIER
4,29.45,232.27,16,1,0,25.0,EASIER
3,25.0,115.51,15,3,0,63.49,HARDER
4,25.0,105.55,17,2,0,74.85,HARDER
3,33.8,66.27,12,0,0,100.0,HARDER
5,26.36,182.87,22,4,1,63.04,SAME
2,34.34,78.32,8,2,1,89.59,EASIER
2,48.5,57.09,7,1,0,92.92,HARDER
2,41.67,92.89,7,1,1,83.67,EASIER
5,25.0,241.7,21,3,1,65.5,EASIER
1,99.28,28.95,2,0,0,75.99,HARDER
2,51.4,43.83,6,0,0,85.42,HARDER
4,31.39,89.4,16,1,0,52.99,SAME
5,25.0,257.97,22,4,2,74.8,EASIER
3,33.34,142.92,13,1,0,72.33,HARDER
4,32.54,229.91,16,1,1,65.43,EASIER
5,29.54,128.45,19,1,1,75.82,EASIER
1,99.66,41.6,2,0,0,76.57,HARDER
5,25.47,253.43,23,5,3,53.83,EASIER
3,31.47,135.47,14,2,1,63.45,EASIER
1,100.0,20.0,2,0,0,64.64,SAME
2,27.6,106.76,10,4,1,69.34,SAME
2,46.57,52.82,6,0,0,64.28,SAME
1,37.74,58.55,5,3,0,68.52,HARDER
2,38.56,88.78,8,2,2,62.48,EASIER
1,53.32,56.57,4,2,1,67.08,SAME
3,33.72,117.56,14,2,1,48.67,EASIER
4,25.0,177.14,18,3,3,59.52,SAME
2,51.55,59.13,6,0,0,87.33,HARDER
1,96.71,27.76,2,0,0,76.63,HARDER
1,96.77,20.0,2,0,0,66.92,HARDER
4,28.26,199.4,22,7,3,63.04,EASIER
2,50.31,48.15,6,0,0,70.71,HARDER
2,50.7,58.08,6,0,0,57.31,SAME
1,99.19,30.82,2,0,0,79.22,HARDER
1,48.26,45.0,4,2,0,51.9,SAME
1,26.42,75.98,9,7,1,26.72,SAME
2,26.61,71.36,11,5,1,61.75,SAME
4,25.0,194.66,20,5,2,58.12,EASIER
3,26.33,118.35,16,4,2,70.66,EASIER
1,100.0,34.54,2,0,0,84.67,HARDER
5,28.54,243.97,21,3,1,57.24,EASIER
3,27.61,97.16,13,1,1,79.41,EASIER
1,63.53,32.57,3,1,0,89.15,HARDER
4,25.0,229.95,20,5,4,62.84,EASIER
5,34.68,135.56,19,1,0,86.79,SAME
3,30.34,101.05,13,1,1,63.16,EASIER
3,29.42,156.36,15,3,1,47.43,EASIER
2,52.68,32.34,6,0,0,73.55,HARDER
4,25.0,182.73,19,4,2,68.94,EASIER
3,30.19,118.38,12,0,0,70.79,HARDER
5,25.55,232.07,22,4,2,57.47,EASIER
3,32.57,94.93,12,0,0,66.47,HARDER
5,33.2,224.98,19,1,0,65.62,SAME
1,68.5,37.13,3,1,0,71.86,HARDER
3,29.59,119.07,13,1,0,54.32,SAME
5,25.0,300.0,22,4,3,36.0,EASIER
4,28.59,108.56,16,1,1,83.56,EASIER
2,53.54,48.97,6,0,0,84.71,HARDER
4,32.2,145.46,16,1,0,69.03,HARDER
3,30.32,164.29,15,3,2,47.09,EASIER
4,28.75,135.12,17,2,0,75.52,HARDER
1,35.5,59.33,5,3,1,60.33,SAME
2,33.96,58.25,7,1,0,59.12,SAME
1,41.15,64.25,5,3,1,85.54,SAME
1,60.22,48.03,3,1,1,71.0,SAME
4,28.82,115.35,18,3,2,67.16,EASIER
2,33.31,68.2,9,3,1,79.49,SAME
1,100.0,30.54,2,0,0,72.04,HARDER
3,27.27,119.81,15,3,1,67.01,SAME
3,30.92,111.95,14,2,1,77.43,HARDER
3,33.37,80.85,12,0,0,83.65,HARDER
3,33.1,74.86,12,0,0,100.0,HARDER
3,26.81,82.39,15,3,1,66.55,SAME
2,52.18,52.54,6,0,0,67.36,HARDER
3,27.47,88.14,14,2,0,65.7,HARDER
5,29.95,218.77,20,2,2,84.4,EASIER
1,100.0,27.13,2,0,0,67.5,EASIER
4,25.0,168.77,20,5,1,44.62,SAME
4,29.94,146.94,16,1,1,73.51,EASIER
5,25.0,251.86,26,8,2,60.75,EASIER
5,25.56,181.53,22,4,0,49.67,SAME
3,25.42,120.25,14,2,0,77.17,HARDER
5,28.03,252.65,21,3,2,66.31,EASIER
4,25.0,195.17,22,7,3,58.94,EASIER
5,27.03,144.35,20,2,0,91.13,SAME
2,50.76,64.35,6,0,0,98.53,HARDER
3,31.09,119.08,14,2,1,53.19,EASIER
2,40.64,55.97,7,1,0,80.36,HARDER
1,100.0,26.38,2,0,0,99.04,HARDER
3,33.15,76.48,12,0,0,100.0,HARDER
1,98.72,47.82,2,0,0,75.07,HARDER
1,100.0,27.51,2,0,0,93.34,HARDER
1,39.94,43.94,5,3,0,55.83,SAME
4,27.95,118.7,16,1,0,100.0,HARDER
4,32.53,206.88,19,4,4,52.84,EASIER
5,28.35,287.43,21,3,2,39.51,EASIER
4,25.0,185.28,21,6,2,64.2,EASIER
5,35.1,127.03,19,1,1,93.85,EASIER
5,25.0,300.0,24,6,6,33.49,EASIER
1,100.0,53.57,2,0,0,62.08,SAME
3,25.0,110.92,14,2,1,72.05,EASIER
4,31.17,112.0,18,3,1,53.01,SAME
5,32.59,122.45,18,0,0,100.0,SAME
2,39.54,84.67,8,2,0,69.97,HARDER
4,25.0,215.1,20,5,3,50.98,EASIER
2,35.2,56.81,8,2,0,93.92,HARDER
3,29.61,124.58,14,2,0,66.51,HARDER
2,44.62,51.75,7,1,0,100.0,HARDER
1,100.0,31.67,2,0,0,79.25,HARDER
5,30.25,217.67,19,1,1,80.02,EASIER
2,52.67,42.4,6,0,0,82.72,HARDER
1,100.0,39.88,2,0,0,80.38,HARDER
5,31.94,137.49,20,2,2,57.85,EASIER
1,36.34,38.03,5,3,2,49.85,SAME
2,47.58,71.3,7,1,0,75.1,HARDER
1,97.36,23.89,2,0,0,86.51,HARDER
2,51.51,55.59,6,0,0,90.93,HARDER
3,31.28,85.48,12,0,0,87.63,HARDER
1,42.8,55.28,5,3,2,77.04,SAME
4,28.76,133.36,17,2,1,71.08,EASIER
1,99.81,35.38,2,0,0,75.32,HARDER
2,36.72,94.14,9,3,2,62.95,EASIER
4,25.0,127.27,17,2,1,71.96,EASIER
5,27.89,244.45,20,2,1,78.94,EASIER
3,34.2,110.51,12,0,0,60.24,SAME
1,99.35,20.4,2,0,0,87.79,HARDER
2,52.2,50.02,6,0,0,56.56,SAME
5,25.6,186.23,23,5,1,71.7,SAME
2,42.88,62.54,7,1,0,82.55,HARDER
1,51.96,57.78,4,2,1,52.85,SAME
2,35.84,63.81,8,2,0,94.21,HARDER
1,44.12,56.25,4,2,2,54.79,SAME
4,29.51,171.55,18,3,1,84.08,SAME
1,71.63,26.56,3,1,0,52.6,SAME
2,47.2,41.19,6,0,0,88.68,HARDER
2,46.91,30.0,6,0,0,68.82,HARDER
3,29.78,125.25,12,0,0,58.2,SAME
5,25.0,300.0,27,9,6,38.94,EASIER
4,28.82,93.44,17,2,1,85.18,EASIER
5,33.19,168.47,19,1,0,78.56,SAME
3,26.43,152.32,18,6,2,51.37,EASIER
1,96.68,36.17,2,0,0,67.3,HARDER
2,33.58,68.98,9,3,1,45.8,SAME
3,25.0,91.74,14,2,0,85.82,HARDER
5,25.0,300.0,25,7,5,28.73,EASIER
4,31.8,167.06,16,1,0,48.07,SAME
4,25.0,163.47,16,1,0,63.12,SAME
2,33.87,78.28,9,3,0,67.65,HARDER
3,37.86,81.51,12,0,0,70.7,HARDER
3,25.0,108.16,14,2,1,77.04,EASIER
4,26.51,181.65,22,7,5,85.86,EASIER
1,100.0,31.14,2,0,0,75.27,HARDER
1,38.24,70.66,5,3,1,40.89,SAME
5,34.72,156.15,21,3,1,94.87,SAME
5,28.9,154.6,20,2,0,84.86,SAME
5,25.6,266.76,22,4,2,43.72,EASIER
3,25.0,110.0,16,4,2,85.99,EASIER
4,31.12,110.49,15,0,0,86.6,HARDER
3,33.95,93.08,12,0,0,100.0,HARDER
4,26.95,184.05,18,3,1,28.76,EASIER
5,26.72,166.71,20,2,1,72.83,EASIER
2,52.41,61.86,6,0,0,100.0,HARDER
5,25.0,208.05,22,4,2,58.61,EASIER
5,26.93,162.45,20,2,1,52.09,EASIER
5,28.19,179.77,19,1,0,71.15,SAME
4,32.08,116.96,16,1,1,94.78,EASIER
3,25.02,131.06,14,2,1,44.11,EASIER
1,72.53,30.36,3,1,0,69.71,HARDER
1,67.58,40.21,3,1,0,60.44,SAME
1,67.87,25.32,3,1,0,88.28,HARDER
5,26.55,239.65,23,5,2,43.39,EASIER
1,100.0,45.67,2,0,0,91.06,HARDER
5,25.11,229.42,22,4,2,51.46,EASIER
3,36.23,93.7,14,2,0,90.27,HARDER
2,44.18,52.96,7,1,0,66.71,HARDER
3,29.04,134.38,15,3,0,83.78,HARDER
2,48.31,36.97,6,0,0,89.53,HARDER
4,33.01,153.43,16,1,1,65.35,EASIER
2,40.22,60.31,8,2,0,85.53,HARDER
1,99.29,43.76,2,0,0,82.08,HARDER
4,25.0,214.55,20,5,4,57.74,EASIER
3,26.6,167.9,16,4,3,63.26,EASIER
3,25.0,181.5,17,5,3,33.57,EASIER
1,65.18,44.47,3,1,0,57.47,SAME
5,26.95,198.89,22,4,3,65.95,EASIER
3,32.32,80.52,12,0,0,83.66,HARDER
3,25.25,79.61,16,4,1,71.68,SAME
5,35.03,158.87,19,1,0,96.61,SAME
2,44.69,30.0,6,0,0,81.16,HARDER
1,100.0,21.29,2,0,0,96.99,HARDER
2,51.24,75.66,6,0,0,72.55,HARDER
5,28.16,251.8,22,4,3,40.39,EASIER
4,30.75,94.4,17,2,0,75.95,HARDER
5,26.52,244.08,25,7,2,72.86,SAME
4,30.87,205.0,17,2,1,66.13,EASIER
4,25.0,134.22,18,3,1,69.81,SAME
2,33.13,76.88,8,2,1,62.15,EASIER
1,52.25,22.6,4,2,0,60.66,SAME
4,27.06,159.75,19,4,3,76.73,EASIER
3,26.52,124.72,14,2,0,57.36,SAME
5,25.0,198.29,21,3,1,53.87,EASIER
1,100.0,28.22,2,0,0,87.18,HARDER
4,25.0,208.79,22,7,5,29.01,EASIER
2,42.77,43.52,7,1,0,75.42,HARDER
4,30.69,203.26,19,4,3,53.63,EASIER
2,35.93,31.12,8,2,0,92.64,HARDER
5,25.26,208.69,25,7,5,45.47,EASIER
3,29.31,96.87,13,1,0,81.51,HARDER
1,99.47,49.13,2,0,0,66.46,HARDER
5,26.44,148.88,20,2,2,90.53,EASIER
5,25.0,163.21,20,2,1,65.9,EASIER
1,100.0,31.44,2,0,0,79.06,EASIER
5,28.29,192.66,23,5,3,65.7,EASIER
4,33.02,102.3,15,0,0,78.78,HARDER
5,28.66,229.64,23,5,2,67.26,EASIER
5,25.0,237.4,23,5,4,70.1,EASIER
4,29.26,223.91,20,5,2,51.53,EASIER
2,32.0,65.02,9,3,0,86.58,HARDER
3,32.41,79.47,13,1,1,46.8,EASIER
1,50.63,43.52,4,2,0,78.35,HARDER
4,35.81,127.41,16,1,0,69.55,EASIER
2,32.92,83.94,8,2,0,78.66,HARDER
2,26.5,111.13,11,5,1,47.0,SAME
3,25.0,156.74,15,3,1,46.03,EASIER
5,30.29,261.6,23,5,4,50.34,EASIER
3,25.0,193.2,17,5,3,52.66,EASIER
4,28.56,144.07,17,2,0,45.95,SAME
1,91.62,21.26,2,0,0,100.0,SAME
2,28.72,103.27,10,4,1,55.25,SAME
3,25.57,126.37,15,3,0,72.16,HARDER
3,29.27,59.69,12,0,0,82.49,HARDER
3,33.03,138.89,13,1,1,45.24,EASIER
4,28.44,226.92,18,3,2,58.71,HARDER
5,27.59,210.62,20,2,2,63.32,EASIER
4,25.0,211.81,22,7,0,63.54,EASIER
2,40.49,57.61,7,1,0,86.32,HARDER
5,28.88,165.36,20,2,0,71.75,SAME
1,68.94,35.69,3,1,0,76.9,HARDER
5,30.2,224.51,21,3,1,48.95,EASIER
1,100.0,31.74,2,0,0,77.72,HARDER
4,33.59,196.62,17,2,1,45.81,EASIER
3,26.19,167.97,16,4,1,60.31,SAME
5,34.58,237.97,20,2,2,60.31,EASIER
1,68.61,54.48,3,1,0,25.76,SAME
3,32.7,101.65,13,1,1,100.0,EASIER
1,98.91,36.0,2,0,0,94.42,HARDER
5,25.0,271.87,23,5,4,36.01,EASIER
5,32.14,201.59,21,3,1,77.56,SAME
1,95.53,37.38,2,0,0,93.49,HARDER
3,32.86,109.83,14,2,0,70.56,HARDER
5,25.0,141.98,21,3,1,100.0,SAME
4,25.75,177.77,18,3,2,62.86,EASIER
4,37.32,108.19,15,0,0,55.92,SAME
3,31.87,106.32,12,0,0,59.54,SAME
3,27.61,90.25,14,2,1,55.61,HARDER
5,26.55,264.28,23,5,3,37.98,EASIER
2,26.54,103.37,11,5,3,49.53,EASIER
1,36.69,69.81,5,3,1,75.92,SAME
3,35.26,82.15,12,0,0,68.28,HARDER
3,27.45,164.37,18,6,3,64.25,EASIER
1,100.0,20.0,2,0,0,91.43,HARDER
4,31.67,113.67,16,1,0,68.04,HARDER
4,30.74,193.14,17,2,1,59.83,EASIER
4,32.66,144.72,15,0,0,60.46,SAME
4,33.45,117.67,15,0,0,85.04,HARDER
5,25.0,282.34,24,6,5,60.16,EASIER
4,28.59,179.01,16,1,0,63.17,SAME
4,27.58,122.15,20,5,1,67.19,HARDER
2,41.92,75.61,7,1,1,95.36,EASIER
2,33.06,106.24,10,4,2,45.41,EASIER
2,34.37,71.07,9,3,1,79.85,SAME
5,29.49,202.01,22,4,3,50.97,EASIER
2,39.98,63.06,7,1,1,82.02,EASIER
2,41.88,57.79,7,1,0,79.32,HARDER
1,49.83,34.39,4,2,0,85.95,HARDER
3,28.36,117.22,13,1,0,62.61,SAME
5,28.65,170.39,22,4,2,81.84,EASIER
1,66.45,35.63,3,1,0,70.16,HARDER
2,31.53,105.04,9,3,2,51.06,EASIER
2,43.22,56.76,7,1,1,70.77,HARDER
4,25.59,149.42,19,4,3,76.49,EASIER
5,26.93,167.91,20,2,0,94.16,SAME
3,33.64,94.77,13,1,1,77.08,EASIER
4,28.24,167.66,19,4,1,57.69,SAME
4,28.73,176.5,19,4,1,41.08,SAME
4,25.0,127.81,17,2,0,57.82,SAME
1,100.0,25.47,2,0,0,71.81,HARDER
4,26.7,161.06,17,2,0,36.14,SAME
4,28.11,156.57,18,3,1,68.45,SAME
4,30.79,197.39,17,2,1,56.36,EASIER
4,25.0,250.0,22,7,6,52.0,EASIER
4,25.0,189.58,22,7,4,57.19,EASIER
4,34.06,136.7,18,3,1,81.61,SAME
4,29.84,121.84,16,1,1,76.85,EASIER
3,32.75,131.58,12,0,0,54.85,SAME
3,34.03,106.43,13,1,0,96.13,HARDER
5,26.81,300.0,29,11,6,52.71,EASIER
1,99.51,20.0,2,0,0,100.0,HARDER
2,42.59,82.9,7,1,0,42.66,SAME
3,29.97,86.1,14,2,0,92.21,HARDER
2,40.11,81.33,7,1,0,55.48,SAME
5,26.14,195.66,21,3,1,68.92,SAME
1,100.0,53.75,2,0,0,57.35,SAME
5,25.5,229.23,21,3,0,69.23,SAME
2,25.0,138.93,13,7,5,53.98,EASIER
1,67.06,25.75,3,1,0,99.66,HARDER
4,33.16,147.67,18,3,3,73.13,EASIER
3,26.47,98.28,14,2,1,64.58,EASIER
4,32.95,146.38,17,2,1,66.4,EASIER
1,38.28,55.74,5,3,1,61.27,SAME
5,25.0,262.39,24,6,3,27.03,EASIER
1,98.25,20.0,2,0,0,62.87,SAME
1,66.67,22.12,3,1,0,86.43,HARDER
4,28.65,129.3,16,1,1,76.98,EASIER
4,26.61,138.54,17,2,2,82.07,EASIER
1,100.0,23.45,2,0,0,77.46,HARDER
5,36.16,134.15,18,0,0,67.27,SAME
4,30.43,133.01,17,2,0,69.16,HARDER
4,25.0,141.49,19,4,1,83.67,SAME
4,29.76,170.86,16,1,1,63.57,EASIER
5,25.0,281.19,25,7,2,56.93,EASIER
5,25.0,284.95,26,8,6,52.99,EASIER
1,99.94,35.17,2,0,0,75.16,HARDER
4,29.37,193.79,17,2,1,80.64,EASIER
5,34.51,187.17,20,2,2,67.65,EASIER
3,25.0,152.98,17,5,2,44.38,EASIER
1,98.76,28.45,2,0,0,64.77,SAME
2,32.49,76.62,9,3,0,71.91,HARDER
3,28.27,70.83,13,1,0,84.31,HARDER
1,69.47,46.08,3,1,0,66.71,HARDER
4,32.37,111.2,15,0,0,75.07,HARDER
2,56.1,51.37,6,0,0,58.76,SAME
3,25.0,172.65,17,5,2,45.6,EASIER
2,26.76,98.27,10,4,2,62.71,EASIER
2,34.63,70.48,8,2,0,85.36,HARDER
2,29.65,82.57,10,4,0,61.8,SAME
4,26.47,250.0,20,5,4,37.73,EASIER
1,64.59,25.52,3,1,0,85.81,HARDER
1,29.28,72.18,6,4,2,73.88,SAME
3,35.2,67.53,12,0,0,62.62,SAME
2,50.32,41.2,6,0,0,81.28,HARDER
2,43.71,73.67,7,1,0,65.25,HARDER
3,36.61,60.77,12,0,0,95.07,HARDER
1,62.33,38.75,3,1,0,48.32,SAME
1,65.79,60.68,3,1,1,49.8,SAME
3,25.68,117.33,14,2,1,63.26,EASIER
3,25.0,103.21,16,4,0,50.27,SAME
5,26.36,223.73,21,3,2,72.15,EASIER
4,31.83,183.83,18,3,2,59.94,EASIER
3,25.0,198.98,15,3,3,55.79,EASIER
5,25.0,267.34,25,7,3,41.06,EASIER
1,94.93,26.68,2,0,0,78.25,HARDER
2,31.39,89.79,11,5,1,69.82,HARDER
2,50.0,43.79,6,0,0,88.54,HARDER
1,51.35,46.03,4,2,1,50.75,SAME
2,37.13,95.07,9,3,0,99.55,HARDER
2,36.84,49.05,8,2,0,70.3,HARDER
3,33.57,93.15,13,1,0,93.42,HARDER
2,51.01,60.83,6,0,0,69.97,HARDER
5,25.0,283.22,24,6,3,64.0,HARDER
3,34.06,74.09,12,0,0,100.0,HARDER
3,26.83,72.5,13,1,0,100.0,HARDER
1,93.88,43.86,2,0,0,100.0,HARDER
4,29.1,108.06,17,2,1,93.95,EASIER
1,42.47,73.4,5,3,1,61.62,SAME
4,26.14,235.43,19,4,2,45.68,EASIER
5,30.73,224.54,21,3,1,49.19,EASIER
3,34.0,133.09,14,2,1,71.1,HARDER
3,31.99,107.29,12,0,0,100.0,HARDER
1,51.05,44.64,4,2,1,41.09,SAME
2,33.2,81.82,8,2,0,52.79,EASIER
4,33.14,139.76,17,2,1,77.66,EASIER
5,33.09,197.25,21,3,2,69.01,EASIER
4,28.89,112.76,17,2,0,60.92,SAME
1,48.99,57.12,4,2,1,51.8,SAME
5,25.0,300.0,24,6,4,66.41,EASIER
3,30.06,78.36,12,0,0,69.14,HARDER
1,100.0,38.87,2,0,0,95.93,HARDER
5,28.19,196.63,19,1,0,69.37,SAME
4,28.27,127.59,17,2,0,67.69,HARDER
5,27.83,209.71,21,3,0,57.5,SAME
3,25.0,82.55,14,2,2,65.26,HARDER
2,46.41,68.71,7,1,0,94.89,HARDER
2,45.81,67.26,7,1,0,70.21,HARDER
3,25.21,100.72,15,3,1,41.12,EASIER
2,51.79,71.39,6,0,0,43.83,SAME
5,25.0,186.2,21,3,1,72.76,SAME
2,39.78,43.39,7,1,0,81.75,HARDER
3,25.0,204.74,22,10,8,34.02,EASIER
4,25.12,204.77,20,5,3,53.6,EASIER
5,30.15,217.86,21,3,2,51.04,EASIER
2,44.46,43.13,6,0,0,89.37,HARDER
5,31.71,155.04,21,3,0,82.09,SAME
5,30.57,224.6,19,1,1,72.79,EASIER
3,34.2,65.07,12,0,0,98.08,HARDER
1,97.14,26.23,2,0,0,85.62,HARDER
2,32.11,127.54,11,5,4,52.46,EASIER
5,28.87,153.76,21,3,2,77.73,EASIER
3,26.17,91.14,14,2,0,77.44,HARDER
3,25.0,181.33,18,6,4,35.75,EASIER
2,28.72,107.03,9,3,2,53.46,EASIER
1,96.48,30.52,2,0,0,65.9,HARDER
2,48.42,46.33,6,0,0,69.0,HARDER
5,25.99,221.09,23,5,2,44.83,EASIER
5,28.85,271.65,24,6,2,43.97,EASIER
5,29.04,230.75,23,5,4,79.15,EASIER
5,29.79,155.82,21,3,1,71.01,SAME
2,49.44,37.99,6,0,0,67.77,HARDER
5,26.5,196.45,22,4,2,47.27,EASIER
4,25.81,141.48,18,3,1,54.13,EASIER
2,25.0,101.04,14,8,3,46.21,EASIER
3,32.06,149.32,15,3,0,67.44,HARDER
2,47.55,46.24,6,0,0,81.89,EASIER
1,67.19,39.41,3,1,0,76.0,HARDER
2,25.0,81.46,12,6,3,69.93,EASIER
2,38.59,93.87,8,2,1,70.39,EASIER
1,37.9,44.27,5,3,2,67.95,SAME
4,25.0,159.32,20,5,2,59.2,EASIER
5,25.0,288.81,27,9,5,37.46,EASIER
3,25.0,139.21,17,5,3,69.95,EASIER
4,25.0,123.42,19,4,2,56.15,EASIER
4,25.0,166.22,21,6,3,78.96,EASIER
3,30.5,88.04,16,4,0,87.74,HARDER
5,25.95,153.62,20,2,0,78.07,SAME
4,34.44,121.71,17,2,1,68.64,EASIER
2,38.93,43.07,7,1,0,45.87,SAME
2,42.24,67.58,6,0,0,79.88,HARDER
3,26.38,118.75,14,2,0,74.67,HARDER
3,29.85,131.1,13,1,0,78.56,HARDER
5,31.55,129.18,18,0,0,87.07,SAME
2,32.61,110.33,10,4,2,38.57,EASIER
3,25.0,157.71,17,5,2,49.03,EASIER
2,40.75,61.42,7,1,0,52.22,SAME
1,63.61,24.07,3,1,0,66.07,HARDER
2,56.31,39.94,6,0,0,100.0,HARDER
4,27.48,109.17,18,3,2,78.22,EASIER
1,99.61,52.4,2,0,0,67.18,HARDER
3,34.25,95.32,13,1,1,77.67,EASIER
2,38.24,105.49,8,2,2,38.99,EASIER
1,31.99,79.22,6,4,2,58.94,SAME
2,28.96,103.94,10,4,1,55.25,SAME
5,26.55,229.4,22,4,2,70.95,EASIER
5,25.31,297.28,23,5,4,25.0,EASIER
5,25.0,300.0,26,8,4,40.49,EASIER
3,25.0,115.52,19,7,3,67.95,EASIER
2,43.58,41.12,7,1,0,73.45,HARDER
1,100.0,30.09,2,0,0,78.71,HARDER
3,27.67,125.6,15,3,0,54.17,SAME
2,28.75,113.54,10,4,1,66.47,SAME
5,25.0,272.54,29,11,4,54.64,EASIER
2,44.84,54.5,7,1,0,72.97,HARDER
5,35.03,127.95,18,0,0,43.68,SAME
1,100.0,25.09,2,0,0,80.82,HARDER
3,33.22,127.46,12,0,0,59.82,HARDER
4,31.66,147.87,18,3,1,40.27,EASIER
3,25.08,147.61,13,1,1,56.84,EASIER
2,52.54,49.05,6,0,0,75.58,HARDER
5,26.95,300.0,29,11,10,48.3,EASIER
4,27.64,160.69,18,3,1,52.3,EASIER
4,27.7,107.34,17,2,1,89.21,EASIER
1,100.0,20.0,2,0,0,79.39,HARDER
5,25.0,255.44,23,5,3,38.62,EASIER
2,30.04,112.48,10,4,3,59.84,EASIER
2,49.75,62.07,6,0,0,79.1,HARDER
3,35.61,129.14,14,2,1,62.78,EASIER
1,70.4,31.98,3,1,0,60.51,SAME
4,25.0,250.0,24,9,6,37.31,EASIER
3,29.67,90.5,14,2,1,62.93,EASIER
5,26.6,259.1,21,3,3,58.41,EASIER
1,96.63,20.61,2,0,0,91.98,HARDER
1,97.51,20.32,2,0,0,71.72,HARDER
2,42.81,67.71,7,1,0,55.26,SAME
4,33.5,160.92,16,1,0,44.95,SAME
4,25.0,173.59,20,5,2,52.36,EASIER
1,40.68,58.26,5,3,0,64.73,SAME
1,64.05,20.17,3,1,0,100.0,HARDER
3,28.07,104.1,13,1,0,70.79,HARDER
2,46.99,69.09,6,0,0,72.91,HARDER
3,36.78,105.16,12,0,0,77.09,HARDER
1,100.0,27.53,2,0,0,82.63,HARDER
1,98.18,21.93,2,0,0,61.69,SAME
5,25.0,274.02,23,5,5,58.29,EASIER
2,29.48,126.81,10,4,2,41.69,EASIER
2,40.04,59.78,7,1,1,89.89,EASIER
5,27.35,208.69,23,5,1,40.73,SAME
4,27.95,113.48,17,2,2,82.62,EASIER
4,26.18,176.23,19,4,2,63.6,EASIER
1,27.15,46.3,7,5,0,54.8,SAME
4,27.79,250.0,20,5,5,45.47,EASIER
3,38.06,74.29,12,0,0,55.26,SAME
2,27.94,103.36,11,5,4,37.04,EASIER
1,97.91,42.73,2,0,0,54.31,SAME
4,32.79,116.9,17,2,0,76.29,HARDER
1,35.08,69.3,6,4,1,39.88,SAME
5,36.43,256.01,19,1,1,79.02,EASIER
3,32.45,118.49,13,1,0,55.3,SAME
1,100.0,20.0,2,0,0,100.0,HARDER
4,28.77,108.1,17,2,0,51.31,EASIER
5,25.0,300.0,25,7,7,42.89,EASIER
2,25.0,122.19,14,8,4,47.14,EASIER
4,25.0,177.56,19,4,1,75.59,SAME
3,29.14,136.27,14,2,0,54.95,SAME
1,66.78,39.65,3,1,0,70.55,HARDER
5,31.31,152.16,23,5,1,97.78,SAME
4,31.87,133.62,18,3,1,74.47,SAME
2,38.35,49.84,7,1,0,47.97,EASIER
5,25.0,184.03,24,6,2,75.4,SAME
2,40.79,61.85,8,2,0,80.43,HARDER
3,25.0,156.19,17,5,1,61.96,SAME
2,51.23,64.77,6,0,0,82.6,HARDER
2,42.67,95.63,7,1,0,54.46,SAME
3,32.86,81.62,13,1,0,78.48,HARDER
4,25.0,250.0,27,12,10,35.21,EASIER
3,31.5,85.87,14,2,1,90.86,EASIER
1,68.64,33.55,3,1,0,70.12,HARDER
5,28.86,175.36,23,5,1,49.95,SAME
2,44.41,66.99,7,1,0,58.42,SAME
1,100.0,20.0,2,0,0,83.43,HARDER
1,100.0,31.47,2,0,0,93.9,HARDER
5,30.93,195.45,19,1,1,46.4,EASIER
2,51.76,53.22,6,0,0,81.89,HARDER
4,29.75,105.73,17,2,1,68.89,EASIER
3,25.0,144.7,18,6,3,49.89,EASIER
3,33.14,67.88,13,1,0,94.23,HARDER
2,47.45,89.91,7,1,1,63.39,EASIER
3,27.11,89.08,13,1,0,66.69,HARDER
4,27.52,169.44,17,2,1,51.94,EASIER
5,26.6,207.11,23,5,4,81.58,EASIER
3,35.84,158.35,12,0,0,54.04,SAME
2,48.78,62.56,7,1,0,85.49,HARDER
3,27.78,116.75,14,2,1,54.22,EASIER
3,29.64,144.87,14,2,1,62.98,EASIER
2,36.2,99.57,8,2,2,58.61,EASIER
1,100.0,37.09,2,0,0,89.65,HARDER
2,47.29,55.81,6,0,0,87.87,HARDER
4,33.08,143.83,15,0,0,84.49,HARDER
1,100.0,20.0,2,0,0,100.0,HARDER
3,31.91,111.86,14,2,1,63.32,EASIER
5,25.0,298.2,22,4,2,43.51,EASIER
4,38.31,124.25,16,1,1,79.97,EASIER
1,67.34,45.94,3,1,1,79.96,SAME
5,29.12,219.02,20,2,1,40.9,EASIER
2,43.37,61.53,7,1,0,79.03,SAME
5,25.74,188.17,23,5,4,58.0,EASIER
2,35.46,107.65,9,3,0,56.23,SAME
5,35.29,109.38,19,1,0,80.7,SAME
4,25.0,131.99,17,2,1,77.83,EASIER
4,33.23,137.04,16,1,1,82.51,EASIER
2,25.0,108.22,13,7,2,25.09,EASIER
2,32.04,91.46,9,3,1,25.25,EASIER
2,31.13,110.45,9,3,2,39.07,EASIER
2,39.5,85.8,7,1,0,63.66,SAME
5,25.33,236.83,25,7,3,57.3,EASIER
5,25.0,277.71,24,6,4,76.81,EASIER
2,35.86,71.37,8,2,1,64.73,HARDER
3,26.32,130.18,17,5,2,77.36,SAME
4,30.47,153.57,18,3,1,55.49,EASIER
1,100.0,40.96,2,0,0,87.56,HARDER
4,32.08,208.43,20,5,3,63.6,EASIER
3,30.44,90.59,12,0,0,83.64,HARDER
4,32.57,147.33,17,2,0,51.15,SAME
1,36.78,70.2,5,3,1,53.28,SAME
1,100.0,29.56,2,0,0,77.64,HARDER
5,27.22,300.0,21,3,3,39.0,EASIER
4,25.0,136.92,20,5,1,73.55,HARDER
5,35.2,177.34,18,0,0,68.14,SAME
4,25.98,109.42,15,0,0,73.11,HARDER
4,25.86,167.59,19,4,3,58.2,EASIER
4,25.0,108.06,17,2,1,72.52,EASIER
5,35.15,160.74,18,0,0,97.23,SAME
4,37.05,122.06,15,0,0,78.15,HARDER
4,26.7,159.67,17,2,1,49.19,EASIER
1,100.0,33.86,2,0,0,82.87,HARDER
1,100.0,32.23,2,0,0,92.06,HARDER
4,25.0,218.12,22,7,5,43.52,EASIER
2,38.71,82.73,9,3,1,64.22,SAME
3,28.0,133.7,14,2,0,80.89,HARDER
3,25.0,152.26,16,4,2,69.3,EASIER
4,26.06,220.57,18,3,0,70.04,SAME
4,28.72,167.81,20,5,3,61.69,EASIER
3,30.56,159.48,14,2,2,61.89,EASIER
1,99.88,33.88,2,0,0,73.09,HARDER
3,33.88,74.35,12,0,0,83.94,HARDER
1,100.0,24.64,2,0,0,86.72,HARDER
4,33.81,79.56,15,0,0,76.53,HARDER
5,25.0,253.69,25,7,3,55.94,EASIER
4,27.87,216.36,19,4,3,50.55,EASIER
4,30.93,170.96,17,2,1,65.61,EASIER
3,29.24,143.05,14,2,0,56.98,SAME
3,28.46,104.75,14,2,1,74.04,EASIER
1,98.12,25.31,2,0,0,91.22,HARDER
1,100.0,41.43,2,0,0,89.66,HARDER
5,25.0,265.05,22,4,2,68.88,EASIER
2,52.33,50.66,6,0,0,86.91,HARDER
2,41.26,53.57,8,2,0,56.38,SAME
1,41.19,50.72,5,3,1,68.77,SAME
2,45.03,44.41,6,0,0,95.96,HARDER
2,35.58,72.98,8,2,0,68.69,HARDER
2,25.86,80.13,10,4,1,72.41,SAME
1,70.4,38.94,3,1,0,84.94,HARDER
3,33.57,125.08,13,1,0,69.38,HARDER
5,31.54,284.25,21,3,3,28.87,EASIER
2,42.05,59.64,7,1,0,100.0,HARDER
3,32.89,90.4,12,0,0,67.08,HARDER
1,46.81,55.66,4,2,0,75.82,HARDER
4,25.0,176.75,22,7,5,74.74,EASIER
5,25.0,300.0,23,5,3,48.0,EASIER
5,33.4,165.64,21,3,0,64.96,SAME
1,49.32,36.13,4,2,0,67.98,HARDER
3,25.0,123.75,16,4,1,54.2,SAME
1,98.07,28.64,2,0,0,67.22,HARDER
3,28.0,116.91,14,2,1,89.39,EASIER
4,26.59,215.46,17,2,2,52.6,EASIER
1,55.23,53.29,4,2,1,60.6,SAME
2,50.09,65.73,6,0,0,81.53,HARDER
5,34.82,222.9,19,1,0,68.24,SAME
5,25.95,234.4,21,3,2,69.25,EASIER
3,30.36,85.82,14,2,0,82.88,HARDER
3,37.61,72.32,12,0,0,99.56,HARDER
3,26.5,141.54,15,3,2,61.42,EASIER
5,26.39,206.27,19,1,1,62.06,EASIER
3,28.82,125.88,13,1,1,72.52,EASIER
1,98.56,20.0,2,0,0,55.34,SAME
5,30.97,135.21,19,1,0,76.22,SAME
1,94.91,21.37,2,0,0,80.46,HARDER
4,31.16,178.38,18,3,0,51.98,SAME
5,31.66,178.9,19,1,1,48.68,EASIER
1,100.0,36.23,2,0,0,69.56,HARDER
3,25.0,102.72,17,5,0,58.95,SAME
3,25.0,154.52,19,7,1,61.49,SAME
3,27.85,156.22,15,3,2,60.33,HARDER
5,29.83,245.38,24,6,4,47.47,EASIER
2,42.86,39.84,7,1,0,67.59,HARDER
1,92.19,29.55,2,0,0,59.79,SAME
4,25.0,217.44,22,7,2,61.45,EASIER
3,25.9,153.77,15,3,1,64.5,SAME
1,63.88,20.0,3,1,0,81.41,HARDER
4,27.65,177.08,18,3,2,62.09,EASIER
5,27.86,270.61,23,5,2,46.31,EASIER
4,25.0,179.12,19,4,1,52.95,SAME
5,27.64,240.38,20,2,0,47.37,SAME
3,27.62,136.93,15,3,0,74.88,HARDER
4,32.82,109.22,17,2,0,89.08,HARDER
2,36.12,73.06,8,2,0,69.57,HARDER
1,70.41,38.23,3,1,0,78.35,HARDER
5,28.4,217.86,20,2,2,100.0,EASIER
4,25.0,198.63,19,4,3,34.75,EASIER
4,32.16,114.62,16,1,0,73.23,HARDER
4,28.9,182.91,17,2,0,38.37,SAME
3,25.0,103.4,15,3,0,66.55,HARDER
3,30.46,123.65,13,1,0,83.27,HARDER
3,25.0,172.29,20,8,1,57.17,EASIER
2,37.51,90.53,8,2,1,60.7,EASIER
3,29.9,124.63,13,1,0,86.36,HARDER
1,96.82,20.0,2,0,0,78.66,HARDER
5,29.13,212.13,21,3,2,70.18,EASIER
4,38.65,120.94,15,0,0,79.34,HARDER
1,49.14,68.15,4,2,0,68.09,HARDER
4,25.74,199.19,18,3,1,73.0,SAME
1,96.14,26.78,2,0,0,91.37,HARDER
2,53.7,57.03,6,0,0,73.89,HARDER
4,33.2,176.01,18,3,1,66.38,SAME
5,25.0,221.41,23,5,3,47.54,EASIER
2,36.97,77.54,8,2,1,75.03,EASIER
2,55.78,40.54,6,0,0,76.03,HARDER
5,27.78,246.44,21,3,0,59.23,EASIER
4,25.37,212.3,20,5,0,67.8,SAME
2,37.96,88.17,8,2,2,82.27,EASIER
3,25.91,128.15,15,3,1,54.92,EASIER
4,35.65,116.57,15,0,0,100.0,HARDER
2,50.67,43.22,6,0,0,83.6,HARDER
2,29.78,112.8,11,5,3,64.41,EASIER
2,44.95,56.03,6,0,0,90.35,HARDER
5,28.72,185.86,23,5,2,85.6,SAME
2,38.76,41.48,7,1,0,66.4,HARDER
1,67.65,46.71,3,1,0,60.58,SAME
4,25.0,250.0,22,7,7,42.48,EASIER
5,32.92,163.94,20,2,1,89.73,EASIER
3,30.45,70.64,12,0,0,88.58,HARDER
1,98.56,46.13,2,0,0,61.89,SAME
2,54.56,61.79,6,0,0,96.08,HARDER
3,31.84,115.43,15,3,0,57.33,SAME
2,52.52,61.51,6,0,0,69.24,HARDER
3,29.5,132.18,14,2,1,54.48,EASIER
4,29.07,140.64,16,1,1,77.92,EASIER
3,31.47,132.69,16,4,0,61.81,SAME
5,25.29,250.1,24,6,5,64.82,EASIER
2,41.73,55.03,7,1,0,70.96,HARDER
2,48.42,49.1,6,0,0,85.34,HARDER
1,92.43,36.66,2,0,0,66.5,HARDER
3,30.59,108.92,13,1,1,59.56,EASIER
2,26.99,89.97,10,4,0,55.97,SAME
1,31.27,55.11,6,4,0,56.02,SAME
3,34.38,94.28,12,0,0,90.76,HARDER
3,31.71,103.04,12,0,0,66.69,HARDER
5,28.92,160.02,22,4,1,89.99,SAME
2,32.67,77.59,7,1,0,72.2,HARDER
3,25.37,116.85,15,3,0,85.91,HARDER
3,34.98,107.82,12,0,0,61.94,SAME
1,99.35,26.17,2,0,0,59.37,SAME
2,49.18,62.73,6,0,0,98.07,HARDER
4,25.0,231.51,21,6,3,46.48,EASIER
5,31.14,175.29,23,5,1,65.66,SAME
1,61.05,21.87,3,1,0,82.05,HARDER
1,65.25,32.6,3,1,0,83.14,HARDER
5,25.0,164.51,25,7,5,71.15,EASIER
4,25.0,157.01,19,4,1,59.76,SAME
4,25.0,166.37,19,4,1,73.04,SAME
5,28.7,132.51,20,2,1,74.93,EASIER
5,26.52,259.83,21,3,3,52.39,EASIER
4,29.13,246.21,19,4,2,48.26,EASIER
4,25.0,218.49,20,5,2,29.06,EASIER
5,25.0,300.0,22,4,2,41.91,EASIER
4,27.77,161.01,18,3,2,49.47,EASIER
3,32.62,52.75,12,0,0,79.56,HARDER
4,27.27,173.45,18,3,2,62.95,EASIER
4,26.63,182.58,20,5,2,51.35,EASIER
4,34.49,152.64,16,1,1,51.41,EASIER
4,29.88,247.48,20,5,3,28.53,EASIER
4,30.45,155.43,17,2,1,64.01,EASIER
4,31.86,208.78,18,3,1,59.4,EASIER
1,62.99,53.71,3,1,0,34.87,SAME
1,100.0,29.23,2,0,0,78.45,HARDER
3,34.55,72.67,12,0,0,83.83,HARDER
2,44.86,44.59,6,0,0,91.98,HARDER
5,29.04,238.78,23,5,4,33.32,EASIER
3,37.87,77.45,13,1,0,75.94,HARDER
2,49.5,52.56,6,0,0,80.72,HARDER
2,34.05,102.97,8,2,2,49.94,EASIER
3,26.51,102.7,14,2,1,70.93,EASIER
1,99.97,28.38,2,0,0,74.35,HARDER
3,36.31,106.88,15,3,0,62.58,SAME
4,29.4,146.43,21,6,2,63.88,SAME
5,27.67,257.74,22,4,2,42.64,EASIER
4,31.47,149.48,16,1,0,74.16,HARDER
3,31.23,102.54,13,1,1,80.9,EASIER
5,28.57,271.62,26,8,5,37.26,EASIER
2,38.5,51.85,8,2,0,67.65,HARDER
2,25.0,65.0,10,4,0,54.06,SAME
5,27.65,200.59,21,3,2,73.71,EASIER
1,40.82,49.48,5,3,2,56.32,SAME
1,100.0,29.25,2,0,0,64.7,SAME
1,98.44,41.46,2,0,0,72.79,HARDER
2,52.26,54.98,6,0,0,88.0,HARDER
3,34.86,127.25,13,1,0,67.57,HARDER
2,49.78,49.72,6,0,0,84.36,HARDER
5,25.0,300.0,27,9,7,44.27,EASIER
5,31.53,238.75,19,1,1,62.28,EASIER
4,25.0,163.56,19,4,2,77.5,EASIER
4,26.73,106.46,15,0,0,97.73,HARDER
1,67.93,30.49,3,1,0,62.77,SAME
5,28.78,146.85,20,2,1,99.73,EASIER
1,52.8,36.5,4,2,0,76.01,HARDER
3,28.61,94.08,12,0,0,68.57,HARDER
4,32.01,194.86,16,1,1,67.68,EASIER
4,30.61,146.34,18,3,2,52.92,EASIER
4,25.0,201.98,24,9,2,65.5,SAME
4,25.0,247.75,20,5,3,25.0,EASIER
2,36.64,39.81,8,2,0,65.98,HARDER
2,34.89,77.02,9,3,0,68.86,HARDER
1,100.0,20.0,2,0,0,83.84,HARDER
2,25.0,125.02,12,6,2,31.11,EASIER
1,37.19,42.05,5,3,0,64.25,SAME
1,98.11,47.74,2,0,0,41.54,SAME
1,64.89,37.67,3,1,0,96.22,HARDER
5,26.38,150.44,20,2,1,75.32,EASIER
3,25.0,110.03,16,4,2,72.57,EASIER
2,25.0,135.89,11,5,2,50.78,EASIER
1,98.2,30.24,2,0,0,83.4,HARDER
3,30.41,87.6,12,0,0,67.62,HARDER
3,25.0,199.83,19,7,4,36.52,EASIER
2,53.73,36.75,6,0,0,87.2,HARDER
5,30.37,230.45,20,2,2,62.49,EASIER
5,26.84,267.25,21,3,2,43.22,EASIER
5,29.51,158.83,23,5,0,58.27,SAME
1,100.0,46.52,2,0,0,82.56,HARDER
3,30.64,140.38,12,0,0,68.57,HARDER
3,25.0,210.0,18,6,3,46.92,EASIER
4,25.0,250.0,22,7,6,48.75,EASIER
1,99.85,23.48,2,0,0,80.27,HARDER
5,25.92,186.19,19,1,1,71.73,EASIER
5,35.7,123.72,19,1,0,100.0,SAME
4,27.28,234.48,19,4,1,48.88,EASIER
2,50.32,84.63,6,0,0,72.27,HARDER
4,25.0,234.0,19,4,4,51.78,EASIER
2,48.83,70.63,6,0,0,51.99,SAME
2,50.44,40.46,6,0,0,92.97,HARDER
3,31.3,104.7,12,0,0,85.54,HARDER
2,25.64,104.0,11,5,2,50.96,EASIER
4,26.2,116.66,16,1,1,67.58,EASIER
5,25.0,272.58,26,8,7,54.97,EASIER
3,25.78,90.18,15,3,1,76.46,SAME
3,33.25,118.92,13,1,1,66.89,EASIER
1,40.46,40.31,5,3,1,50.13,SAME
4,27.61,149.69,19,4,1,66.96,SAME
2,43.27,44.66,6,0,0,84.07,HARDER
2,33.81,120.7,10,4,2,38.34,EASIER
5,25.0,184.97,21,3,2,55.9,EASIER
1,99.26,30.28,2,0,0,89.53,HARDER
2,37.32,85.35,7,1,0,59.08,SAME
2,31.71,91.7,10,4,2,67.3,EASIER
3,39.09,57.9,12,0,0,84.49,HARDER
2,42.69,67.01,7,1,1,84.44,EASIER
1,100.0,33.49,2,0,0,60.8,SAME
5,29.22,193.41,21,3,0,55.65,SAME
4,25.0,206.71,19,4,1,45.48,EASIER
5,25.55,247.11,24,6,3,52.11,EASIER
4,25.23,173.22,20,5,2,68.7,EASIER
4,28.01,106.34,16,1,0,82.62,HARDER
5,25.7,224.78,23,5,2,62.95,EASIER
3,36.04,62.59,12,0,0,86.77,HARDER
1,99.87,31.77,2,0,0,66.19,HARDER
1,28.76,77.09,7,5,3,33.24,SAME
1,66.56,50.9,3,1,1,50.49,SAME
1,100.0,30.77,2,0,0,76.26,HARDER
5,31.55,198.61,20,2,1,43.57,EASIER
4,33.49,91.76,15,0,0,78.78,HARDER
3,28.21,132.88,16,4,2,79.27,EASIER
3,25.0,144.74,15,3,1,75.0,SAME
1,98.57,24.24,2,0,0,79.99,HARDER
4,29.16,203.9,17,2,2,72.18,EASIER
4,29.17,124.1,16,1,1,64.53,EASIER
2,50.74,49.44,6,0,0,84.17,HARDER
1,100.0,27.24,2,0,0,95.36,HARDER
1,51.58,39.61,4,2,1,84.12,SAME
3,28.78,85.04,14,2,0,75.79,HARDER
1,51.39,56.96,4,2,1,48.62,SAME
1,66.86,34.03,3,1,1,72.42,SAME
2,51.58,52.82,6,0,0,65.16,HARDER
2,41.31,60.53,7,1,0,63.31,SAME
3,32.27,83.48,12,0,0,85.71,HARDER
2,35.42,52.92,8,2,0,80.99,HARDER
5,27.4,271.23,23,5,4,59.56,EASIER
1,100.0,20.0,2,0,0,97.63,HARDER
2,44.42,81.89,7,1,1,50.7,EASIER
1,68.63,41.43,3,1,0,74.27,HARDER
4,26.32,178.37,20,5,2,65.34,EASIER
5,30.47,250.96,20,2,1,65.68,EASIER
2,47.96,58.46,6,0,0,100.0,HARDER
1,100.0,32.26,2,0,0,67.82,HARDER
2,44.97,47.78,7,1,0,72.03,HARDER
4,34.86,110.43,15,0,0,90.19,HARDER
5,25.0,195.66,24,6,2,66.13,EASIER
1,99.94,21.4,2,0,0,76.77,HARDER
5,26.58,228.16,21,3,1,47.68,EASIER
1,98.19,28.67,2,0,0,98.42,HARDER
2,41.94,68.5,7,1,0,72.56,HARDER
2,53.36,68.99,6,0,0,72.35,HARDER
5,28.57,276.76,23,5,4,65.52,EASIER
4,25.72,165.45,16,1,1,67.46,EASIER
2,29.4,104.08,10,4,0,57.06,SAME
4,28.48,136.84,19,4,1,65.31,SAME
5,30.7,169.64,18,0,0,70.26,SAME
2,46.39,78.15,7,1,0,83.56,HARDER
3,25.87,131.78,13,1,1,72.02,EASIER
3,29.9,112.64,14,2,0,74.07,HARDER
1,97.88,26.14,2,0,0,99.18,HARDER
2,41.55,74.6,7,1,0,60.09,SAME
5,25.0,130.85,21,3,0,64.51,SAME
5,27.34,300.0,24,6,3,45.25,EASIER
4,34.0,127.81,15,0,0,67.52,HARDER
3,27.1,124.11,16,4,1,47.2,SAME
2,43.58,54.25,6,0,0,96.86,HARDER
4,27.31,193.1,21,6,3,60.98,EASIER
5,25.0,300.0,24,6,4,35.47,EASIER
3,27.87,147.05,15,3,2,87.63,EASIER
2,30.59,82.99,9,3,1,56.15,SAME
2,48.9,44.59,6,0,0,85.1,HARDER
1,45.88,36.88,4,2,0,67.1,HARDER
1,95.43,20.0,2,0,0,100.0,HARDER
5,29.75,151.84,19,1,0,71.05,SAME
2,47.91,43.58,6,0,0,78.96,HARDER
4,27.53,242.41,19,4,3,33.07,EASIER
4,28.74,222.1,17,2,2,25.97,EASIER
4,25.82,183.7,20,5,2,52.8,EASIER
4,28.69,237.43,19,4,3,35.77,EASIER
2,44.42,63.35,7,1,0,62.56,SAME
3,25.0,162.5,18,6,1,41.29,SAME
4,32.1,120.13,15,0,0,46.49,SAME
3,26.48,141.99,15,3,1,38.14,EASIER
1,100.0,23.94,2,0,0,80.97,HARDER
1,100.0,28.19,2,0,0,82.65,HARDER
1,38.07,53.53,5,3,0,52.3,SAME
4,25.0,164.34,21,6,3,63.49,EASIER
1,100.0,37.66,2,0,0,91.55,HARDER
2,29.44,127.63,10,4,3,26.81,EASIER
5,25.54,216.22,21,3,3,69.94,EASIER
4,31.52,103.48,17,2,0,56.43,SAME
3,31.97,92.81,14,2,0,61.32,SAME
3,26.57,157.19,15,3,2,45.27,EASIER
3,32.85,85.04,12,0,0,73.51,HARDER
1,69.12,28.02,3,1,0,69.54,HARDER
1,34.23,41.08,5,3,1,75.34,SAME
2,51.38,51.79,6,0,0,90.84,HARDER
2,52.96,70.77,6,0,0,62.72,SAME
3,25.0,130.29,17,5,1,82.48,HARDER
3,25.0,124.85,14,2,1,48.73,EASIER
1,98.43,23.62,2,0,0,58.03,SAME
5,33.7,174.0,19,1,0,90.0,SAME
5,25.0,147.99,20,2,0,83.29,SAME
1,96.83,29.52,2,0,0,99.07,HARDER
5,27.31,154.56,18,0,0,67.69,SAME
3,27.89,145.91,16,4,3,64.2,EASIER
5,32.58,191.11,20,2,1,58.17,EASIER
4,25.0,178.19,19,4,2,49.07,EASIER
2,50.87,58.55,6,0,0,80.44,HARDER
1,68.04,38.92,3,1,0,86.83,HARDER
2,32.96,103.76,9,3,2,50.36,EASIER
5,27.01,261.47,22,4,2,66.36,EASIER
4,32.09,153.92,16,1,0,75.72,HARDER
3,26.28,145.28,16,4,1,57.55,SAME
2,47.0,49.1,7,1,0,62.17,SAME
1,100.0,22.52,2,0,0,77.75,HARDER
1,47.43,61.65,4,2,1,60.01,SAME
4,28.24,205.52,17,2,1,59.87,EASIER
3,25.0,175.97,16,4,1,68.77,SAME
1,65.18,34.32,3,1,0,57.27,SAME
1,51.68,65.23,4,2,1,61.72,SAME
5,28.56,135.47,20,2,2,88.01,EASIER
5,28.96,186.42,20,2,1,80.4,EASIER
1,96.61,22.7,2,0,0,49.56,SAME
1,100.0,20.0,2,0,0,83.64,HARDER
2,32.13,95.69,9,3,0,70.34,HARDER
5,25.0,300.0,27,9,8,51.66,EASIER
4,31.03,142.28,18,3,1,80.54,SAME
1,36.29,39.05,5,3,0,62.51,EASIER
4,25.0,201.93,21,6,4,71.55,EASIER
5,35.64,155.85,18,0,0,57.99,SAME
1,49.22,31.0,4,2,0,59.09,SAME
4,27.28,250.0,21,6,4,50.65,EASIER
3,31.4,117.46,13,1,1,59.02,EASIER
3,33.23,126.79,15,3,2,86.24,EASIER
4,29.01,179.12,18,3,0,62.61,SAME
3,31.31,90.28,14,2,0,65.36,EASIER
5,30.1,240.99,21,3,2,73.84,EASIER
2,50.22,30.91,6,0,0,100.0,HARDER
3,25.0,136.99,18,6,3,67.61,EASIER
5,31.15,154.44,19,1,1,65.0,EASIER
1,47.41,34.99,4,2,0,62.2,SAME
4,25.52,210.84,21,6,1,42.94,EASIER
2,48.43,60.92,6,0,0,64.12,SAME
1,50.19,44.7,4,2,1,40.08,SAME
4,31.5,144.71,16,1,1,77.75,EASIER
3,26.27,182.31,18,6,1,67.93,HARDER
5,36.35,164.74,19,1,0,62.55,SAME
4,26.81,188.34,17,2,0,41.01,SAME
2,34.35,75.48,9,3,1,83.29,SAME
2,52.33,58.04,6,0,0,69.38,HARDER
5,29.98,208.04,20,2,1,56.16,EASIER
1,66.58,40.15,3,1,0,38.73,SAME
1,65.88,42.73,3,1,0,70.13,HARDER
4,25.0,227.7,22,7,3,53.83,EASIER
3,33.69,74.08,12,0,0,68.45,HARDER
4,27.29,147.91,19,4,2,95.68,EASIER
2,33.08,57.96,9,3,1,72.52,SAME
4,26.06,178.39,21,6,2,78.7,SAME
1,100.0,24.97,2,0,0,83.62,HARDER
3,30.76,102.5,12,0,0,85.32,HARDER
1,100.0,27.03,2,0,0,100.0,HARDER
3,26.88,116.94,14,2,1,77.73,EASIER
3,31.35,103.66,12,0,0,85.1,HARDER
4,37.94,126.17,15,0,0,65.31,HARDER
5,28.03,123.67,20,2,0,85.83,SAME
2,31.54,97.53,9,3,2,57.52,EASIER
4,30.13,134.79,18,3,1,83.51,SAME
2,50.81,44.62,6,0,0,53.49,SAME
4,25.72,140.38,19,4,1,76.16,SAME
1,71.43,42.46,3,1,0,62.89,SAME
2,51.89,44.59,6,0,0,85.33,HARDER
4,25.0,218.14,21,6,5,81.89,EASIER
1,49.07,42.63,4,2,0,66.99,HARDER
2,42.66,67.01,7,1,0,54.58,SAME
4,26.3,185.13,20,5,3,77.38,EASIER
1,45.57,69.57,5,3,1,38.66,SAME
3,25.0,140.86,15,3,1,58.19,SAME
2,34.73,89.8,9,3,1,60.5,SAME
2,36.9,62.5,8,2,0,67.08,HARDER
3,34.42,110.65,14,2,0,88.79,HARDER
2,35.31,73.84,8,2,0,79.78,HARDER
2,29.57,125.64,11,5,3,53.63,EASIER
4,25.0,128.64,19,4,2,79.47,EASIER
1,100.0,32.03,2,0,0,87.5,HARDER
5,26.79,220.83,22,4,1,50.04,SAME
1,44.8,74.92,5,3,2,53.66,SAME
2,42.51,65.44,8,2,1,89.77,EASIER
5,26.66,171.49,21,3,2,74.16,EASIER
5,28.84,138.88,21,3,2,64.27,EASIER
5,27.82,118.12,20,2,0,73.33,SAME
5,27.74,219.57,22,4,3,76.5,EASIER
4,36.64,112.59,15,0,0,49.69,SAME
2,55.45,41.45,6,0,0,76.6,HARDER
3,31.04,113.16,14,2,1,94.45,SAME
5,26.84,169.81,21,3,2,74.75,EASIER
4,30.04,130.81,15,0,0,58.59,SAME
1,97.47,23.52,2,0,0,55.99,SAME
5,31.1,169.72,20,2,0,68.27,SAME
5,28.01,120.69,19,1,0,83.91,HARDER
3,28.3,155.27,17,5,3,78.96,EASIER
4,25.0,197.5,19,4,2,64.23,EASIER
4,29.81,210.44,17,2,2,76.65,EASIER
2,53.4,79.42,6,0,0,73.31,HARDER
4,25.0,212.12,20,5,4,55.68,EASIER
5,31.67,239.78,21,3,2,75.76,EASIER
2,34.89,85.33,9,3,0,52.85,SAME
2,41.77,75.65,8,2,0,50.33,SAME
3,25.0,200.38,20,8,4,47.4,EASIER
5,37.9,192.43,18,0,0,61.32,SAME
2,41.22,57.14,7,1,1,69.47,EASIER
4,28.03,163.24,18,3,2,41.92,EASIER
3,25.0,109.8,19,7,0,76.84,HARDER
3,32.46,67.48,12,0,0,86.41,HARDER
2,46.26,44.94,7,1,1,69.75,EASIER
1,96.32,31.0,2,0,0,75.42,HARDER
2,53.31,40.03,6,0,0,77.08,HARDER
1,97.12,20.0,2,0,0,79.71,HARDER
3,29.54,85.58,13,1,1,100.0,EASIER
5,26.09,197.3,22,4,3,63.85,SAME
5,25.0,221.76,26,8,5,65.16,EASIER
4,25.0,167.92,17,2,1,38.15,EASIER
5,27.98,250.11,23,5,4,74.75,EASIER
4,25.0,250.0,22,7,4,46.11,EASIER
2,47.39,81.15,7,1,0,72.89,HARDER
2,33.07,104.36,10,4,3,37.24,EASIER
1,100.0,27.1,2,0,0,50.92,SAME
3,26.78,140.41,15,3,0,51.17,SAME
5,32.35,130.91,19,1,1,84.25,EASIER
5,27.88,254.7,22,4,4,36.02,EASIER
5,25.61,149.06,23,5,0,74.43,SAME
5,30.6,114.77,18,0,0,89.44,SAME
2,32.83,99.31,10,4,1,59.07,SAME
5,32.1,234.88,21,3,1,65.33,EASIER
5,27.4,276.64,24,6,5,36.35,EASIER
1,68.59,37.41,3,1,1,61.57,SAME
5,33.64,148.7,19,1,0,79.07,SAME
2,43.17,91.45,8,2,1,66.67,EASIER
1,100.0,28.01,2,0,0,85.8,HARDER
1,100.0,26.05,2,0,0,96.14,HARDER
2,49.07,54.4,6,0,0,83.26,HARDER
3,28.54,65.48,12,0,0,92.95,HARDER
3,25.0,169.14,16,4,2,63.2,EASIER
1,98.8,26.38,2,0,0,80.58,HARDER
2,46.38,48.11,6,0,0,69.92,HARDER
3,30.01,67.3,12,0,0,82.73,HARDER
4,25.55,234.26,20,5,1,34.54,EASIER
4,27.99,155.23,17,2,1,72.6,EASIER
2,43.89,72.32,8,2,1,67.6,EASIER
1,44.25,72.4,5,3,2,71.94,SAME
1,38.32,60.65,5,3,1,53.89,SAME
1,38.91,33.91,5,3,0,84.97,HARDER
2,25.5,132.74,12,6,2,55.37,EASIER
1,66.7,31.46,3,1,0,76.65,HARDER
2,26.55,148.62,11,5,3,56.48,EASIER
1,97.89,31.51,2,0,0,96.82,HARDER
5,26.53,197.53,23,5,3,69.2,EASIER
1,66.72,34.74,3,1,0,63.2,SAME
5,29.98,167.43,21,3,2,78.59,EASIER
1,25.0,69.68,9,7,0,37.93,SAME
3,28.52,120.21,14,2,0,58.75,SAME
2,49.62,40.72,7,1,0,70.56,HARDER
2,50.99,46.88,6,0,0,71.09,HARDER
5,25.83,209.59,23,5,3,43.34,EASIER
5,36.96,123.44,18,0,0,74.05,SAME
4,33.51,103.07,17,2,1,66.11,EASIER
3,32.2,169.81,15,3,2,51.84,EASIER
3,32.27,73.47,12,0,0,100.0,HARDER
1,41.34,72.73,5,3,1,51.75,SAME
4,27.48,114.93,17,2,1,60.22,EASIER
2,25.0,131.79,11,5,2,49.39,EASIER
4,31.39,158.85,18,3,3,93.7,EASIER
2,40.5,44.85,7,1,0,100.0,HARDER
3,32.73,95.29,12,0,0,74.82,HARDER
3,29.37,100.46,14,2,1,78.95,EASIER
2,46.63,66.98,7,1,0,85.24,HARDER
5,29.77,142.58,19,1,0,79.47,SAME
2,45.42,66.38,6,0,0,100.0,HARDER
1,100.0,26.24,2,0,0,50.96,SAME
3,25.0,122.55,14,2,0,62.79,SAME
2,46.05,42.07,7,1,0,85.7,HARDER
5,31.29,202.72,20,2,1,53.47,EASIER
4,25.0,144.32,19,4,1,57.68,SAME
4,37.53,119.75,15,0,0,96.17,HARDER
2,40.8,99.96,8,2,2,72.69,EASIER
1,69.3,24.33,3,1,0,54.98,SAME
5,26.04,225.83,23,5,3,41.51,EASIER
1,63.06,41.66,3,1,0,69.41,HARDER
4,25.44,139.72,18,3,1,75.42,SAME
3,27.77,139.13,14,2,1,53.75,EASIER
5,35.75,129.09,18,0,0,95.09,SAME
4,35.72,122.35,16,1,0,88.74,HARDER
5,25.0,219.93,26,8,4,51.06,EASIER
4,27.3,181.81,22,7,2,46.75,EASIER
1,66.06,21.45,3,1,0,64.84,SAME
5,31.1,183.63,20,2,2,52.32,EASIER
1,95.48,20.0,2,0,0,75.84,HARDER
3,28.57,172.24,14,2,1,27.66,EASIER
5,25.0,246.72,24,6,4,73.41,EASIER
5,25.0,195.43,24,6,1,69.37,SAME
2,50.97,51.33,6,0,0,58.95,SAME
1,54.99,65.58,4,2,2,50.09,SAME
4,27.82,250.0,19,4,2,26.16,EASIER
5,28.96,299.01,24,6,6,25.0,EASIER
5,25.0,214.32,23,5,4,62.81,EASIER
4,25.0,135.99,17,2,0,58.85,SAME
2,52.56,38.88,6,0,0,87.57,HARDER
1,57.59,37.97,4,2,0,73.91,HARDER
4,25.0,250.0,21,6,6,38.9,EASIER
2,31.51,90.96,8,2,0,56.32,SAME
1,66.5,27.75,3,1,0,57.6,SAME
4,27.67,178.81,16,1,1,53.85,EASIER
1,69.57,26.03,3,1,0,60.11,SAME
3,27.64,96.7,13,1,1,64.27,EASIER
5,25.0,219.39,23,5,3,88.8,EASIER
3,36.52,112.69,14,2,0,60.82,SAME
4,25.0,176.7,19,4,2,66.38,EASIER
5,29.08,183.26,24,6,5,94.91,EASIER
2,25.0,78.16,11,5,1,51.83,SAME
5,25.0,167.97,23,5,2,56.15,EASIER
3,33.79,113.8,13,1,0,67.26,HARDER
4,30.0,112.63,19,4,0,63.79,SAME
1,51.55,36.37,4,2,0,70.45,HARDER
5,25.0,129.38,21,3,1,76.78,SAME
5,25.32,145.93,20,2,1,87.98,EASIER
3,25.0,152.87,17,5,2,72.51,EASIER
3,28.61,95.31,15,3,1,58.5,SAME
4,25.94,217.93,22,7,6,59.19,EASIER
2,45.23,69.15,7,1,0,64.66,SAME
5,25.0,300.0,27,9,6,54.35,EASIER
4,28.6,191.22,19,4,0,60.09,SAME
4,30.72,226.62,17,2,2,36.51,EASIER
4,25.0,236.89,22,7,3,59.51,EASIER
2,42.62,63.58,6,0,0,93.41,HARDER
2,50.91,61.24,6,0,0,66.44,HARDER
4,25.46,116.12,17,2,0,79.41,HARDER
2,47.6,55.82,6,0,0,93.65,HARDER
2,53.31,66.17,6,0,0,67.29,HARDER
3,27.43,177.27,15,3,2,49.28,EASIER
4,30.53,194.16,19,4,3,52.24,EASIER
3,25.0,151.54,15,3,3,53.03,EASIER
5,25.0,280.55,23,5,4,33.38,EASIER
4,25.0,162.92,18,3,0,73.47,HARDER
2,31.28,59.56,9,3,0,78.54,HARDER
5,30.51,162.26,19,1,1,76.37,EASIER
2,50.9,41.65,6,0,0,94.08,HARDER
4,25.0,185.31,22,7,2,47.98,EASIER
3,27.61,93.14,13,1,0,81.84,HARDER
1,53.43,43.59,4,2,2,65.21,SAME
2,48.17,61.11,6,0,0,88.21,HARDER
3,30.35,72.26,12,0,0,88.14,HARDER
5,28.41,169.62,20,2,1,60.9,EASIER
3,32.2,79.47,13,1,0,74.65,HARDER
1,37.3,62.77,5,3,1,56.7,SAME
1,97.4,20.0,2,0,0,100.0,HARDER
1,50.4,47.34,4,2,0,57.51,SAME
1,95.19,20.0,2,0,0,67.45,HARDER
5,25.27,296.11,23,5,3,48.94,EASIER
4,25.0,132.31,18,3,1,70.63,SAME
1,98.3,20.0,2,0,0,83.25,HARDER
3,31.97,60.0,13,1,0,99.88,HARDER
3,29.27,70.74,13,1,0,67.05,HARDER
3,25.91,101.04,14,2,0,75.98,HARDER
4,30.89,184.17,16,1,1,63.23,EASIER
4,26.11,151.26,19,4,1,58.32,SAME
1,100.0,50.86,2,0,0,61.91,SAME
3,26.93,99.75,12,0,0,85.03,HARDER
1,67.71,46.18,3,1,0,53.44,SAME
5,31.34,117.05,19,1,0,83.63,SAME
3,29.48,107.44,13,1,1,56.8,EASIER
3,27.53,107.09,12,0,0,57.92,SAME
1,100.0,22.44,2,0,0,62.74,SAME
1,96.61,20.0,2,0,0,88.28,HARDER
1,68.31,21.43,3,1,0,60.49,SAME
5,26.77,296.54,22,4,3,42.13,EASIER
5,25.0,237.7,22,4,2,25.0,EASIER
1,100.0,23.93,2,0,0,87.03,HARDER
1,100.0,30.66,2,0,0,76.62,HARDER
1,39.19,60.35,5,3,1,64.48,SAME
4,28.94,132.69,17,2,1,72.74,SAME
1,100.0,21.54,2,0,0,67.58,HARDER
5,26.81,190.56,19,1,0,78.98,SAME
3,25.54,176.26,17,5,3,52.51,EASIER
5,28.44,230.0,22,4,1,67.44,SAME
1,99.45,25.42,2,0,0,75.37,HARDER
4,31.64,201.91,17,2,0,68.08,SAME
5,27.96,176.79,21,3,1,66.61,SAME
4,29.49,123.81,16,1,0,91.45,HARDER
2,47.96,38.72,6,0,0,86.45,HARDER
4,25.0,185.26,19,4,2,52.63,EASIER
5,25.47,158.41,21,3,3,72.02,EASIER
1,100.0,25.97,2,0,0,66.2,HARDER
2,51.29,54.72,6,0,0,74.89,HARDER
4,26.88,98.83,16,1,0,81.7,HARDER
5,25.0,184.43,22,4,0,74.05,SAME
3,35.29,76.4,12,0,0,68.6,HARDER
1,100.0,20.0,2,0,0,100.0,HARDER
5,31.82,136.55,20,2,1,82.43,EASIER
5,29.71,216.85,20,2,1,66.35,EASIER
1,100.0,40.08,2,0,0,85.13,HARDER
4,37.44,104.26,16,1,0,71.92,HARDER
4,33.31,95.68,15,0,0,66.79,HARDER
2,51.5,51.02,6,0,0,67.43,HARDER
4,27.01,152.02,16,1,1,73.75,EASIER
1,100.0,23.26,2,0,0,79.98,HARDER
5,25.0,238.63,24,6,3,63.02,EASIER
3,29.12,118.07,16,4,1,67.97,SAME
2,34.27,69.56,8,2,0,63.76,SAME
1,55.03,37.72,4,2,0,62.87,SAME
1,100.0,44.16,2,0,0,71.49,HARDER
4,30.53,153.52,17,2,1,60.64,EASIER
2,53.11,44.95,6,0,0,85.5,HARDER
2,26.7,110.51,11,5,0,52.77,SAME
5,25.93,300.0,23,5,4,44.85,EASIER
2,35.93,91.66,8,2,1,66.53,EASIER
3,28.52,99.27,16,4,1,69.57,SAME
4,29.77,157.75,17,2,1,68.68,EASIER
1,100.0,20.0,2,0,0,86.34,HARDER
2,46.63,43.3,7,1,0,82.78,HARDER
3,30.72,87.6,13,1,0,71.93,HARDER
3,27.07,102.73,15,3,2,59.12,SAME
4,25.0,172.17,20,5,3,53.51,EASIER
1,100.0,48.13,2,0,0,58.11,SAME
4,31.62,198.48,19,4,2,62.45,EASIER
2,28.77,128.24,11,5,2,44.15,EASIER
2,34.32,63.79,9,3,0,55.49,SAME
4,34.74,138.92,16,1,1,74.16,EASIER
4,31.8,190.62,17,2,1,50.72,HARDER
1,100.0,29.63,2,0,0,85.67,HARDER
2,41.37,63.6,7,1,0,91.83,HARDER
2,40.88,91.74,8,2,1,62.18,EASIER
5,28.92,172.12,21,3,2,82.9,EASIER
1,65.03,23.78,3,1,0,67.34,HARDER
4,27.77,149.06,18,3,1,69.92,SAME
4,25.1,188.23,19,4,4,65.79,EASIER
1,98.97,37.65,2,0,0,87.2,HARDER
4,35.14,118.89,16,1,0,81.94,HARDER
1,100.0,32.78,2,0,0,100.0,HARDER
3,26.73,152.22,15,3,2,64.1,EASIER
1,98.58,35.65,2,0,0,86.55,HARDER
4,30.28,120.27,15,0,0,100.0,HARDER
2,49.21,51.24,6,0,0,95.61,HARDER
5,25.0,206.56,23,5,3,41.7,EASIER
5,33.87,215.39,19,1,1,71.98,SAME
3,34.01,79.15,13,1,0,81.28,HARDER
4,28.5,226.72,17,2,2,44.11,EASIER
3,32.46,84.45,12,0,0,85.08,HARDER
2,36.2,83.99,8,2,1,63.93,EASIER
2,45.65,74.41,7,1,1,69.94,EASIER
4,25.0,127.12,17,2,1,65.13,EASIER
3,25.0,210.0,20,8,3,30.22,SAME
1,100.0,36.01,2,0,0,59.19,SAME
3,25.0,139.23,18,6,4,76.77,EASIER
3,25.0,111.46,16,4,1,81.14,SAME
4,29.45,181.96,19,4,4,58.13,EASIER
5,26.66,289.7,27,9,3,57.35,EASIER
3,25.0,127.3,15,3,2,88.14,EASIER
4,28.72,133.29,16,1,1,62.55,EASIER
3,25.0,130.33,13,1,0,73.29,HARDER
2,38.67,66.01,8,2,1,100.0,EASIER
2,34.07,80.32,8,2,1,68.12,EASIER
2,47.6,46.79,6,0,0,75.04,HARDER
3,26.1,121.09,14,2,0,68.44,HARDER
2,45.52,30.95,6,0,0,88.51,HARDER
5,27.71,152.42,21,3,2,68.18,EASIER
1,97.87,28.51,2,0,0,71.9,HARDER
5,25.4,277.38,26,8,4,49.82,EASIER
2,49.12,65.42,6,0,0,63.94,SAME
4,37.59,95.4,15,0,0,93.18,HARDER
2,51.04,54.87,6,0,0,73.78,HARDER
1,100.0,28.4,2,0,0,93.53,HARDER
4,33.64,112.6,16,1,1,73.79,EASIER
1,100.0,30.25,2,0,0,79.06,HARDER
3,29.0,126.95,14,2,1,61.89,EASIER
1,63.75,36.5,3,1,1,63.49,SAME
3,25.09,160.37,17,5,4,51.1,EASIER
5,25.0,300.0,24,6,4,37.39,EASIER
1,100.0,20.0,2,0,0,66.94,HARDER
2,47.44,75.93,7,1,0,73.22,HARDER
4,25.29,204.84,19,4,2,47.46,EASIER
5,33.54,178.47,21,3,1,77.36,SAME
3,33.97,159.4,14,2,1,59.59,EASIER
1,97.64,34.56,2,0,0,87.66,HARDER
5,30.79,212.73,22,4,1,45.56,EASIER
2,35.93,82.16,8,2,0,46.78,SAME
5,25.0,231.43,21,3,3,65.93,EASIER
4,30.06,99.55,16,1,0,74.2,HARDER
4,31.53,108.72,15,0,0,90.26,HARDER
5,25.0,276.18,24,6,4,47.61,EASIER
5,25.0,296.7,23,5,3,57.5,EASIER
4,29.49,220.76,17,2,2,58.8,EASIER
5,28.66,251.97,21,3,1,56.22,EASIER
1,99.7,20.0,2,0,0,85.44,HARDER
5,28.78,231.52,23,5,2,49.05,EASIER
5,33.75,188.59,21,3,1,72.12,SAME
1,100.0,23.79,2,0,0,100.0,HARDER
4,28.01,122.81,16,1,0,82.56,HARDER
4,32.13,124.0,17,2,1,82.53,EASIER
4,25.52,190.1,18,3,3,57.37,EASIER
5,34.41,223.47,20,2,0,59.4,SAME
1,100.0,20.0,2,0,0,79.66,HARDER
1,25.95,77.53,7,5,1,46.46,SAME
4,26.56,141.28,18,3,1,86.1,SAME
3,33.45,91.51,13,1,1,66.87,EASIER
1,98.15,51.08,2,0,0,71.85,HARDER
2,41.26,30.0,7,1,0,83.58,HARDER
2,40.16,53.64,7,1,0,67.98,HARDER
4,31.7,107.48,15,0,0,89.47,HARDER
3,25.24,170.91,16,4,0,44.07,EASIER
4,29.78,161.07,16,1,0,82.95,HARDER
1,94.08,30.98,2,0,0,89.67,HARDER
4,29.53,155.02,17,2,0,65.98,HARDER
1,99.83,41.96,2,0,0,63.03,SAME
5,29.73,162.88,21,3,1,88.56,SAME
5,30.76,171.91,22,4,3,81.0,EASIER
3,31.85,73.83,12,0,0,92.78,HARDER
2,31.55,88.03,8,2,1,84.6,EASIER
3,28.02,108.55,14,2,2,85.36,EASIER
5,34.33,213.88,20,2,1,70.73,EASIER
4,25.0,250.0,24,9,5,55.23,EASIER
5,29.24,121.36,19,1,0,79.83,SAME
4,27.4,106.42,17,2,0,94.7,HARDER
2,29.28,55.23,9,3,0,67.18,HARDER
3,26.22,118.12,15,3,1,93.32,SAME
5,25.0,157.62,22,4,1,66.53,SAME
1,100.0,20.0,2,0,0,91.29,HARDER
1,29.38,61.87,6,4,0,76.56,HARDER
1,30.42,79.66,6,4,0,50.59,SAME
1,100.0,27.48,2,0,0,79.03,HARDER
2,25.0,93.3,9,3,2,54.89,EASIER
4,28.72,158.42,20,5,3,57.13,EASIER
2,30.55,100.47,10,4,2,38.12,EASIER
2,48.96,65.93,7,1,0,52.32,SAME
2,48.62,57.66,6,0,0,74.58,HARDER
5,31.95,223.86,20,2,2,48.08,EASIER
3,36.9,92.06,12,0,0,92.18,HARDER
5,25.05,191.36,23,5,2,42.63,EASIER
4,31.7,114.73,16,1,1,67.78,EASIER
2,52.24,72.18,6,0,0,77.54,HARDER
5,25.0,190.03,25,7,4,70.29,EASIER
4,28.3,156.43,19,4,2,67.55,EASIER
1,100.0,29.76,2,0,0,94.41,HARDER
2,42.37,67.3,7,1,0,81.63,HARDER
4,27.27,143.6,20,5,2,80.53,SAME
1,41.77,61.74,5,3,2,50.36,SAME
2,40.64,63.27,8,2,1,54.96,EASIER
4,25.0,185.87,20,5,3,48.15,EASIER
2,49.79,32.55,6,0,0,78.39,HARDER
2,38.15,84.79,8,2,0,76.95,HARDER
4,25.0,133.12,19,4,2,66.5,EASIER
2,49.28,51.59,6,0,0,100.0,HARDER
2,47.16,61.83,6,0,0,79.01,HARDER
4,25.0,225.24,22,7,4,64.91,EASIER
2,32.26,91.33,9,3,0,72.82,HARDER
5,26.72,300.0,26,8,7,37.95,EASIER
3,25.0,120.28,17,5,2,68.99,HARDER
4,25.0,173.83,21,6,2,52.95,EASIER
2,30.46,68.35,9,3,1,57.21,SAME
3,25.0,77.78,15,3,0,82.01,HARDER
3,31.62,83.9,12,0,0,88.09,HARDER
4,26.64,186.85,19,4,1,66.64,SAME
1,68.43,30.1,3,1,0,100.0,HARDER
5,30.57,129.89,18,0,0,64.39,SAME
1,48.84,61.03,4,2,1,45.29,SAME
2,29.29,110.93,11,5,0,64.09,SAME
3,25.0,147.57,19,7,2,56.03,SAME
1,46.28,51.34,4,2,1,70.97,SAME
3,32.56,157.43,17,5,2,60.65,EASIER
4,25.0,231.11,21,6,2,71.82,EASIER
5,25.0,300.0,29,11,8,52.01,EASIER
5,25.59,123.11,22,4,1,81.48,SAME
3,29.64,116.59,13,1,0,75.75,HARDER
1,95.38,20.0,2,0,0,99.35,HARDER
3,33.61,67.95,12,0,0,75.41,HARDER
2,25.0,105.9,11,5,1,48.33,SAME
3,28.02,100.52,13,1,1,63.33,EASIER
4,30.87,106.67,16,1,0,99.11,HARDER
3,25.0,90.07,14,2,1,75.38,EASIER
3,25.0,152.92,16,4,3,54.72,EASIER
5,29.63,154.77,21,3,1,80.02,SAME
3,30.36,68.99,13,1,0,84.6,HARDER
5,30.66,188.48,20,2,0,80.02,SAME
4,25.0,169.75,21,6,3,28.82,EASIER
4,27.3,189.48,18,3,2,41.71,EASIER
1,31.18,43.99,6,4,1,76.77,SAME
4,28.69,134.68,19,4,1,57.19,SAME
1,100.0,38.81,2,0,0,41.57,SAME
1,97.34,27.23,2,0,0,69.8,HARDER
3,30.59,106.79,14,2,0,74.65,HARDER
2,26.07,141.19,11,5,2,34.54,SAME
3,31.81,66.71,12,0,0,100.0,HARDER
2,40.16,59.28,7,1,1,66.12,EASIER
1,100.0,28.5,2,0,0,100.0,HARDER
3,28.35,120.71,15,3,0,85.33,HARDER
3,25.0,147.33,16,4,1,53.53,SAME
4,32.94,132.29,18,3,1,86.31,SAME
2,48.89,46.61,6,0,0,91.83,HARDER
4,25.0,178.54,21,6,1,82.55,HARDER
5,26.0,265.32,24,6,4,63.34,EASIER
5,31.84,164.77,20,2,1,75.79,EASIER
1,49.87,23.65,4,2,0,75.35,HARDER
2,51.96,49.29,6,0,0,83.99,HARDER
2,38.98,69.82,8,2,1,82.57,EASIER
4,35.02,104.06,15,0,0,100.0,HARDER
5,28.17,216.43,20,2,1,59.46,EASIER
3,25.0,167.59,18,6,3,56.81,EASIER
1,93.55,46.36,2,0,0,65.8,HARDER
1,100.0,30.82,2,0,0,88.76,HARDER
3,29.78,128.92,15,3,2,77.04,EASIER
2,51.51,77.36,6,0,0,70.38,HARDER
2,27.91,128.19,11,5,1,43.02,SAME
2,52.6,30.0,6,0,0,78.5,HARDER
4,26.82,147.16,17,2,0,76.33,HARDER
2,40.06,93.42,8,2,0,75.18,HARDER
3,26.77,117.27,15,3,0,57.0,SAME
3,29.13,106.08,13,1,1,79.91,EASIER
1,68.4,33.07,3,1,0,58.35,SAME
4,29.91,183.02,17,2,1,61.71,EASIER
5,33.91,152.67,18,0,0,61.98,SAME
1,99.1,25.6,2,0,0,88.02,HARDER
1,100.0,20.0,2,0,0,54.73,SAME
2,34.53,71.64,8,2,0,71.32,HARDER
3,27.2,141.95,14,2,2,62.93,EASIER
1,97.93,31.64,2,0,0,80.37,HARDER
1,51.15,68.14,4,2,0,53.02,SAME
3,34.63,89.2,12,0,0,81.01,HARDER
4,26.64,161.94,18,3,2,53.58,EASIER
3,26.06,161.73,16,4,3,55.44,EASIER
2,32.76,96.49,9,3,1,66.7,SAME
2,33.22,85.42,8,2,0,65.47,HARDER
1,31.95,54.56,6,4,1,55.83,SAME
4,26.67,216.0,22,7,2,52.33,EASIER
3,27.59,170.18,16,4,2,36.17,EASIER
2,34.58,80.34,8,2,2,72.64,EASIER
4,38.76,92.91,15,0,0,71.36,HARDER
1,100.0,20.0,2,0,0,95.78,HARDER
5,34.36,167.67,19,1,1,84.75,EASIER
2,47.64,70.67,6,0,0,91.45,HARDER
4,25.0,138.17,18,3,3,61.66,EASIER
1,99.1,27.28,2,0,0,67.58,HARDER
5,28.66,184.33,21,3,1,82.18,SAME
4,25.0,139.92,18,3,0,83.44,HARDER
1,96.15,22.91,2,0,0,77.39,HARDER
1,96.89,35.94,2,0,0,67.79,HARDER
2,31.49,112.86,10,4,2,64.42,EASIER
1,67.72,39.73,3,1,0,87.43,HARDER
5,25.0,210.43,21,3,3,66.07,EASIER
1,60.71,32.4,3,1,0,88.32,HARDER
4,28.03,176.93,17,2,2,69.49,EASIER
4,30.24,138.68,17,2,1,71.4,EASIER
2,42.17,53.07,6,0,0,79.01,HARDER
1,32.41,72.41,6,4,2,42.36,SAME
1,100.0,27.38,2,0,0,82.32,HARDER
5,25.0,215.84,27,9,4,46.62,EASIER
4,26.25,162.8,18,3,2,55.13,EASIER
3,25.71,115.13,13,1,0,64.11,SAME
3,32.12,101.98,12,0,0,52.86,SAME
5,25.0,300.0,28,10,6,25.9,EASIER
2,50.68,51.6,6,0,0,76.06,HARDER
5,30.33,159.4,20,2,1,76.01,SAME
5,33.07,198.71,22,4,4,79.41,EASIER
1,100.0,31.24,2,0,0,100.0,HARDER
4,36.94,129.77,15,0,0,94.17,HARDER
4,32.15,129.62,17,2,0,80.92,HARDER
5,29.29,185.67,21,3,1,65.51,SAME
2,48.79,45.37,6,0,0,73.75,HARDER
1,69.82,31.08,3,1,0,93.62,HARDER
4,28.46,172.01,19,4,1,56.91,SAME
2,46.35,61.93,6,0,0,79.87,HARDER
5,26.75,163.86,22,4,0,81.01,SAME
1,99.54,31.64,2,0,0,93.26,HARDER
5,28.53,172.6,21,3,1,76.64,SAME
4,25.0,184.88,19,4,1,63.96,SAME
4,30.05,183.86,18,3,1,54.09,EASIER
5,30.26,282.56,21,3,1,50.16,EASIER
1,100.0,37.1,2,0,0,100.0,HARDER
3,25.0,142.14,17,5,2,51.61,EASIER
5,25.0,275.32,27,9,6,55.41,EASIER
2,40.59,58.31,8,2,1,62.58,EASIER
4,26.46,166.53,19,4,0,60.86,SAME
1,99.27,27.46,2,0,0,84.85,HARDER
2,34.63,36.21,9,3,0,91.59,HARDER
3,29.75,132.57,12,0,0,62.52,SAME
3,28.19,84.85,13,1,0,71.31,HARDER
3,32.32,80.22,13,1,0,86.91,HARDER
5,25.0,300.0,26,8,6,63.12,EASIER
4,30.18,130.79,16,1,0,68.69,HARDER
5,27.44,195.73,21,3,0,47.75,SAME
4,25.0,207.08,21,6,5,38.12,EASIER
2,46.1,67.1,7,1,0,83.36,HARDER
4,30.55,153.42,17,2,0,72.84,HARDER
5,32.48,253.21,23,5,1,62.27,EASIER
3,26.4,170.51,16,4,3,76.28,EASIER
1,30.46,58.25,7,5,0,40.33,SAME
1,63.84,48.74,3,1,0,71.43,HARDER
2,41.89,76.94,7,1,0,71.4,HARDER
5,25.0,298.78,25,7,7,29.06,EASIER
2,38.43,60.88,8,2,0,68.73,SAME
4,26.91,126.19,18,3,2,75.17,EASIER
4,27.78,108.24,18,3,0,91.25,HARDER
2,52.86,50.27,6,0,0,94.02,HARDER
1,66.21,20.0,3,1,0,87.71,HARDER
3,26.92,146.82,14,2,2,46.46,EASIER
2,55.98,30.0,6,0,0,80.28,HARDER
5,25.17,257.45,25,7,4,38.91,EASIER
3,25.0,169.78,17,5,4,38.19,EASIER
2,32.92,83.57,8,2,0,64.3,SAME
5,29.37,256.6,23,5,4,65.47,EASIER
3,34.96,93.8,12,0,0,77.09,HARDER
4,35.48,207.05,15,0,0,40.05,EASIER
3,25.0,70.3,14,2,0,81.3,HARDER
4,27.85,122.79,17,2,1,83.12,EASIER
5,25.84,169.46,19,1,1,46.6,EASIER
2,53.4,32.2,6,0,0,82.29,HARDER
4,29.52,124.13,18,3,2,75.32,EASIER
2,35.22,71.5,8,2,0,74.34,HARDER
2,27.94,66.49,11,5,2,68.35,SAME
5,25.39,147.66,22,4,2,88.3,EASIER
2,54.92,45.33,6,0,0,94.5,HARDER
5,26.84,254.61,25,7,6,56.91,EASIER
3,27.08,151.46,15,3,1,67.29,SAME
2,33.1,102.07,9,3,1,59.61,SAME
3,27.65,159.1,14,2,2,57.09,EASIER
5,30.27,146.05,21,3,2,57.14,EASIER
1,100.0,22.62,2,0,0,81.72,HARDER
5,26.72,201.51,23,5,4,80.7,EASIER
2,37.73,68.14,8,2,1,57.22,EASIER
1,100.0,24.41,2,0,0,79.14,HARDER
4,26.04,140.09,18,3,1,55.94,EASIER
5,33.54,179.89,20,2,1,94.69,SAME
2,33.69,57.9,8,2,1,67.8,EASIER
4,32.76,140.1,17,2,1,97.34,EASIER
1,66.66,35.72,3,1,0,64.69,EASIER
5,40.39,239.51,19,1,1,80.4,EASIER
1,66.92,38.82,3,1,0,53.68,SAME
3,27.33,79.08,15,3,0,55.97,SAME
5,27.63,177.13,18,0,0,54.52,SAME
1,65.97,53.48,3,1,0,45.84,SAME
2,31.56,96.44,10,4,2,57.3,EASIER
2,37.62,34.63,7,1,0,94.0,HARDER
4,27.28,129.75,17,2,1,72.06,EASIER
3,29.35,139.41,15,3,2,60.09,HARDER
2,41.57,67.94,8,2,0,75.43,HARDER
4,25.0,250.0,23,8,7,71.57,EASIER
2,47.34,50.09,7,1,0,72.88,HARDER
3,34.94,80.58,12,0,0,86.55,HARDER
2,50.98,53.39,6,0,0,70.1,HARDER
5,26.34,286.32,24,6,3,39.33,EASIER
5,25.0,267.37,25,7,5,48.05,EASIER
3,33.26,96.29,13,1,0,76.93,HARDER
1,69.99,48.94,3,1,1,56.91,SAME
3,27.54,94.81,14,2,0,89.54,HARDER
1,99.86,26.76,2,0,0,79.55,HARDER
1,99.95,20.0,2,0,0,98.47,HARDER
1,100.0,25.55,2,0,0,80.61,HARDER
3,25.41,171.13,14,2,0,54.79,SAME
4,32.98,112.18,17,2,1,65.21,EASIER
3,34.99,66.71,12,0,0,100.0,HARDER
4,25.82,200.29,19,4,4,38.68,EASIER
1,69.52,30.7,3,1,0,67.05,HARDER
3,30.96,74.51,13,1,0,79.24,HARDER
4,32.43,134.08,16,1,1,59.52,EASIER
1,35.54,42.25,6,4,0,71.98,HARDER
3,31.97,59.43,12,0,0,78.75,HARDER
3,33.92,128.79,14,2,2,41.95,EASIER
5,25.0,275.72,23,5,4,61.79,EASIER
2,49.1,45.51,7,1,0,70.5,HARDER
4,25.0,171.38,22,7,2,52.75,SAME
3,31.25,122.22,14,2,0,70.96,HARDER
2,41.02,34.06,7,1,0,100.0,HARDER
3,27.94,131.15,14,2,1,46.86,EASIER
1,99.01,20.0,2,0,0,57.81,SAME
3,31.11,120.53,14,2,1,73.29,EASIER
1,98.4,39.95,2,0,0,84.79,HARDER
5,28.93,150.06,23,5,2,62.88,EASIER
4,34.36,250.0,16,1,1,43.7,EASIER
3,29.39,173.53,14,2,1,48.09,EASIER
5,29.85,184.07,23,5,1,58.93,SAME
2,28.63,101.44,10,4,1,44.57,SAME
2,52.03,33.89,6,0,0,71.48,HARDER
3,33.14,77.4,12,0,0,100.0,HARDER
1,67.74,34.58,3,1,0,74.63,HARDER
2,32.27,114.24,10,4,3,66.08,EASIER
5,26.25,191.66,22,4,2,69.19,EASIER
4,34.53,126.77,16,1,0,73.17,HARDER
3,25.0,146.05,17,5,2,50.29,EASIER
2,47.63,66.07,6,0,0,63.3,SAME
2,41.67,85.21,7,1,0,40.7,SAME
5,28.78,195.62,21,3,1,70.34,SAME
2,37.93,96.51,8,2,1,53.6,EASIER
4,26.46,130.5,21,6,1,73.98,HARDER
2,34.06,80.39,8,2,0,80.29,HARDER
4,25.0,176.64,20,5,2,70.28,EASIER
1,100.0,25.33,2,0,0,85.15,HARDER
3,25.0,197.78,21,9,6,31.54,EASIER
5,27.27,123.61,22,4,1,85.42,SAME
5,26.83,270.06,20,2,1,40.5,EASIER
5,31.91,158.83,19,1,0,82.01,SAME
5,29.67,161.01,19,1,0,87.51,SAME
3,28.95,110.6,13,1,0,73.03,SAME
3,34.74,99.38,12,0,0,42.83,SAME
2,33.67,53.48,8,2,0,87.04,HARDER
5,28.72,182.05,22,4,1,77.07,SAME
2,43.33,62.88,7,1,0,77.8,HARDER
5,26.03,265.11,24,6,2,59.28,EASIER
2,30.58,91.19,11,5,0,73.98,HARDER
5,25.0,300.0,30,12,10,25.01,EASIER
5,26.35,158.56,26,8,4,71.65,EASIER
5,29.01,218.99,21,3,0,62.55,SAME
2,49.68,64.22,6,0,0,87.17,HARDER
4,25.75,199.45,21,6,4,35.02,EASIER
3,31.59,73.36,12,0,0,66.91,HARDER
1,53.38,37.0,4,2,0,55.53,SAME
4,25.0,233.74,20,5,4,51.79,EASIER
5,31.74,159.35,20,2,0,78.3,SAME
1,36.08,74.89,5,3,2,45.38,SAME
2,51.47,49.58,6,0,0,89.09,HARDER
2,47.57,68.65,6,0,0,100.0,HARDER
2,54.72,30.0,6,0,0,79.78,HARDER
4,25.0,177.44,19,4,0,55.24,SAME
4,28.41,168.06,20,5,2,64.41,EASIER
5,28.78,133.82,20,2,0,63.65,SAME
3,25.0,162.69,18,6,4,37.08,EASIER
3,28.34,116.44,15,3,3,62.92,EASIER
3,25.0,159.58,19,7,2,54.02,SAME
2,49.84,42.81,6,0,0,68.58,HARDER
3,27.37,132.65,13,1,0,77.96,HARDER
2,56.99,48.24,6,0,0,91.16,SAME
5,33.78,178.81,19,1,1,58.94,EASIER
4,26.94,237.33,19,4,2,41.17,EASIER
4,25.0,236.97,19,4,2,52.96,EASIER
2,37.34,110.78,8,2,1,56.07,EASIER
1,97.65,41.08,2,0,0,67.99,HARDER
3,25.0,137.1,17,5,1,69.48,HARDER
2,47.12,57.83,6,0,0,87.02,HARDER
3,25.0,134.12,17,5,1,54.16,SAME
5,26.27,161.4,22,4,1,70.05,SAME
2,36.93,55.38,8,2,0,78.81,HARDER
2,55.07,77.74,6,0,0,78.81,HARDER
5,25.0,220.34,23,5,2,60.72,EASIER
4,25.0,250.0,22,7,3,37.99,SAME
1,61.63,27.45,3,1,0,71.93,HARDER
5,26.52,184.89,20,2,0,70.32,SAME
1,41.24,49.56,5,3,0,72.16,HARDER
3,26.88,95.48,13,1,0,57.56,SAME
4,25.0,185.03,18,3,1,64.17,EASIER
4,28.53,129.45,15,0,0,87.81,HARDER
4,33.28,148.49,17,2,0,67.04,HARDER
4,30.91,171.79,19,4,2,54.45,EASIER
5,25.0,175.43,21,3,0,79.82,SAME
5,25.0,300.0,24,6,3,53.31,EASIER
2,38.71,69.48,8,2,2,72.22,EASIER
1,100.0,28.95,2,0,0,74.96,HARDER
3,25.0,167.11,19,7,4,55.16,EASIER
5,33.07,126.87,20,2,2,78.42,EASIER
4,33.58,125.91,17,2,1,71.08,EASIER
3,30.05,91.75,12,0,0,80.78,HARDER
2,54.6,55.52,6,0,0,67.25,HARDER
2,36.42,72.16,9,3,1,91.85,SAME
4,31.56,127.09,19,4,3,71.04,EASIER
3,25.07,177.26,15,3,0,47.95,EASIER
2,26.98,80.79,9,3,0,59.99,SAME
1,45.36,73.92,5,3,1,65.34,SAME
3,27.05,186.39,19,7,2,37.12,EASIER
2,40.45,64.57,7,1,0,81.52,HARDER
2,39.66,79.18,7,1,1,86.72,EASIER
4,25.47,192.98,18,3,2,59.21,EASIER
5,28.06,183.24,21,3,2,77.21,EASIER
1,64.12,39.36,3,1,0,66.04,HARDER
2,44.74,59.5,7,1,0,80.06,HARDER
1,52.3,33.17,4,2,0,59.4,SAME
2,47.95,58.08,6,0,0,69.8,HARDER
1,99.05,20.0,2,0,0,87.47,HARDER
5,25.0,281.77,25,7,3,67.56,EASIER
4,26.19,133.05,18,3,0,45.45,SAME
1,49.62,65.91,4,2,1,33.69,SAME
5,28.11,241.93,24,6,2,52.9,EASIER
2,29.53,115.86,10,4,1,66.23,SAME
2,31.64,58.04,10,4,0,73.48,HARDER
3,33.12,103.25,15,3,1,47.5,EASIER
4,26.02,166.82,18,3,2,63.0,EASIER
5,29.94,187.07,21,3,2,92.0,EASIER
3,25.0,106.74,14,2,0,82.35,HARDER
3,33.23,126.63,13,1,0,81.38,HARDER
3,25.0,190.98,18,6,6,54.83,EASIER
5,25.0,209.94,25,7,2,69.51,SAME
5,25.0,183.22,22,4,3,60.35,EASIER
4,30.62,175.17,19,4,1,75.71,SAME
1,53.47,46.98,4,2,0,58.05,SAME
4,25.0,185.93,21,6,2,55.81,EASIER
5,25.0,257.28,26,8,4,52.4,EASIER
3,30.04,105.7,14,2,1,74.43,EASIER
3,32.43,79.45,12,0,0,92.93,HARDER
5,25.0,238.26,25,7,2,43.88,EASIER
4,36.61,143.77,15,0,0,88.52,HARDER
1,66.19,32.2,3,1,1,50.3,SAME
3,26.91,113.95,13,1,0,71.78,HARDER
1,39.83,36.73,5,3,1,61.52,SAME
5,25.0,300.0,25,7,4,54.17,EASIER
3,30.5,99.81,13,1,0,76.59,HARDER
3,34.98,80.73,13,1,0,64.19,SAME
4,34.72,93.09,15,0,0,100.0,HARDER
3,29.15,108.51,15,3,1,59.33,SAME
1,100.0,28.37,2,0,0,100.0,HARDER
4,27.77,122.34,15,0,0,82.94,HARDER
5,32.51,192.91,19,1,1,88.07,EASIER
2,34.84,88.19,9,3,1,34.45,EASIER
1,100.0,49.58,2,0,0,100.0,HARDER
5,29.41,149.37,19,1,1,90.26,EASIER
2,53.82,50.52,6,0,0,79.3,HARDER
4,33.46,121.36,16,1,0,71.36,HARDER
2,37.85,75.28,8,2,1,67.55,EASIER
4,25.0,232.46,20,5,3,45.7,EASIER
2,47.33,53.46,6,0,0,85.53,HARDER
2,39.97,79.49,8,2,0,66.93,HARDER
3,32.15,61.58,13,1,0,89.1,EASIER
1,25.0,84.78,9,7,1,25.0,SAME
1,68.95,41.72,3,1,1,70.18,SAME
5,26.35,257.75,25,7,2,48.39,EASIER
4,25.0,235.61,25,10,5,56.02,EASIER
1,50.76,37.31,4,2,0,68.91,HARDER
1,67.94,24.32,3,1,1,73.52,SAME
5,28.75,180.9,21,3,1,63.89,EASIER
1,94.11,29.73,2,0,0,100.0,HARDER
1,100.0,26.17,2,0,0,100.0,HARDER
4,30.92,140.75,17,2,1,82.53,EASIER
4,33.36,116.02,17,2,1,81.2,EASIER
5,32.95,153.84,19,1,0,72.82,SAME
5,27.12,294.22,25,7,4,35.63,EASIER
1,98.83,32.92,2,0,0,75.36,HARDER
2,42.07,76.89,8,2,2,72.81,EASIER
2,48.28,64.59,6,0,0,81.57,HARDER
2,25.0,160.0,13,7,5,36.39,EASIER
1,66.96,48.53,3,1,0,43.07,SAME
5,29.51,300.0,22,4,2,45.36,EASIER
4,27.33,108.69,19,4,2,66.71,EASIER
3,32.79,89.66,13,1,1,83.2,EASIER
1,69.13,36.69,3,1,0,62.28,SAME
4,33.97,162.85,17,2,0,68.35,HARDER
2,47.48,59.11,6,0,0,86.42,HARDER
1,69.85,35.16,3,1,1,67.72,SAME
2,47.07,81.66,6,0,0,58.62,SAME
2,38.54,91.63,8,2,1,47.37,EASIER
2,36.03,61.62,8,2,1,75.29,EASIER
4,25.0,195.16,22,7,1,56.43,SAME
5,25.91,195.06,23,5,2,62.23,EASIER
1,97.2,27.28,2,0,0,78.78,HARDER
4,32.35,115.35,15,0,0,100.0,HARDER
3,30.42,129.48,14,2,1,55.46,EASIER
1,100.0,46.44,2,0,0,56.06,SAME
4,26.99,186.02,19,4,1,67.18,SAME
5,25.0,300.0,24,6,3,51.47,EASIER
3,25.0,140.88,17,5,2,73.36,EASIER
5,25.0,192.39,21,3,0,68.64,SAME
3,28.27,120.82,13,1,1,81.15,EASIER
3,30.04,105.67,13,1,0,64.97,SAME
2,53.93,49.85,6,0,0,96.17,HARDER
5,30.05,255.93,25,7,4,71.25,EASIER
3,25.88,150.56,16,4,1,44.47,SAME
1,54.48,39.79,4,2,0,58.42,SAME
1,96.38,20.0,2,0,0,99.55,HARDER
4,28.09,90.96,15,0,0,84.13,HARDER
4,25.0,189.46,18,3,1,42.78,EASIER
4,28.21,203.53,20,5,5,77.98,EASIER
1,97.93,38.01,2,0,0,76.86,HARDER
1,100.0,30.39,2,0,0,79.14,HARDER
1,67.39,37.76,3,1,0,71.08,HARDER
2,46.12,56.36,6,0,0,100.0,HARDER
1,63.0,49.46,3,1,0,68.26,HARDER
1,100.0,20.7,2,0,0,73.81,HARDER
5,28.57,218.38,22,4,1,51.18,SAME
4,32.75,137.12,17,2,1,67.15,EASIER
3,32.66,89.73,12,0,0,54.29,SAME
5,30.49,267.26,24,6,4,50.64,EASIER
1,46.2,34.58,4,2,1,79.91,SAME
2,55.72,80.94,6,0,0,68.57,HARDER
5,25.0,300.0,26,8,6,29.59,EASIER
5,28.98,182.17,22,4,3,48.7,EASIER
4,35.12,112.65,16,1,0,96.81,HARDER
4,33.04,108.03,16,1,0,70.24,HARDER
5,25.0,300.0,27,9,4,40.32,EASIER
4,25.74,250.0,21,6,3,34.53,EASIER
5,26.5,252.91,23,5,4,55.39,EASIER
2,37.29,95.27,8,2,2,60.08,EASIER
1,100.0,20.0,2,0,0,81.34,HARDER
5,28.42,265.81,23,5,2,64.56,EASIER
1,100.0,20.92,2,0,0,77.13,HARDER
1,38.18,44.2,6,4,1,60.45,SAME
5,29.65,228.57,19,1,1,48.67,EASIER
4,36.8,83.98,16,1,0,74.65,HARDER
4,26.95,202.8,19,4,2,50.12,EASIER
1,99.0,31.94,2,0,0,74.17,HARDER
2,34.8,78.61,9,3,1,46.01,EASIER
3,30.46,127.94,15,3,1,51.09,EASIER
5,28.96,205.79,19,1,1,71.24,EASIER
4,27.38,169.28,18,3,0,48.13,SAME
2,43.4,94.49,7,1,0,65.8,HARDER
1,47.72,30.78,4,2,1,48.3,SAME
4,31.73,112.93,16,1,0,85.18,HARDER
1,96.17,30.1,2,0,0,66.18,HARDER
5,33.56,188.14,20,2,2,53.74,EASIER
5,26.06,246.5,23,5,1,34.08,EASIER
3,25.0,171.05,18,6,3,59.98,EASIER
2,33.04,89.77,9,3,0,33.75,SAME
1,100.0,27.01,2,0,0,68.09,HARDER
3,28.46,111.01,13,1,1,70.07,EASIER
4,25.0,207.48,20,5,3,60.75,EASIER
3,25.36,148.22,15,3,1,74.71,SAME
1,37.79,61.81,6,4,0,55.34,SAME
2,47.03,41.09,6,0,0,75.22,HARDER
4,28.65,196.36,18,3,1,48.77,EASIER
2,44.23,45.6,6,0,0,91.61,HARDER
5,38.15,120.03,18,0,0,71.47,SAME
1,98.64,20.88,2,0,0,77.73,HARDER
1,100.0,21.29,2,0,0,69.88,HARDER
4,25.43,166.54,19,4,2,60.89,EASIER
1,100.0,20.0,2,0,0,95.85,HARDER
4,29.17,192.77,17,2,1,87.13,EASIER
4,32.32,140.87,17,2,0,68.02,HARDER
1,97.2,35.27,2,0,0,85.38,HARDER
1,100.0,29.73,2,0,0,82.93,HARDER
5,25.0,164.19,21,3,1,72.5,SAME
5,28.27,248.78,22,4,3,71.36,EASIER
1,51.42,30.24,4,2,0,80.12,HARDER
5,25.72,227.45,20,2,1,47.21,HARDER
4,35.76,111.0,15,0,0,90.13,HARDER
4,33.38,184.0,16,1,0,64.1,SAME
3,25.0,122.85,15,3,1,60.71,SAME
3,25.0,98.28,14,2,1,70.09,EASIER
3,25.55,154.5,14,2,1,52.02,EASIER
2,51.58,41.89,6,0,0,61.76,SAME
2,53.63,57.14,6,0,0,61.54,SAME
2,44.21,67.98,7,1,1,95.62,EASIER
5,30.58,158.5,19,1,0,71.97,SAME
2,38.43,87.26,8,2,0,57.37,SAME
3,25.0,108.88,16,4,0,74.41,HARDER
3,25.0,146.73,18,6,2,69.0,SAME
3,29.5,106.05,14,2,0,51.21,SAME
5,25.02,177.42,22,4,0,45.92,SAME
1,98.78,31.13,2,0,0,93.98,HARDER
3,31.28,120.05,16,4,0,60.57,SAME
3,30.64,108.13,13,1,1,68.14,EASIER
4,28.58,171.13,19,4,4,67.84,EASIER
3,33.27,70.79,12,0,0,98.48,HARDER
4,26.49,110.59,16,1,0,81.62,SAME
1,66.39,32.64,3,1,0,69.58,HARDER
4,25.0,157.28,20,5,0,64.65,SAME
3,25.0,193.16,20,8,3,41.96,EASIER
2,34.14,91.1,9,3,1,45.26,EASIER
5,25.0,221.01,23,5,3,68.71,EASIER
5,33.08,213.08,20,2,1,74.62,EASIER
3,26.36,115.47,14,2,0,77.32,HARDER
3,29.37,74.17,13,1,0,77.54,HARDER
1,45.98,32.84,5,3,1,82.09,SAME
4,25.0,250.0,23,8,3,53.61,EASIER
3,29.2,138.8,15,3,0,76.55,HARDER
2,28.98,80.67,11,5,3,67.82,EASIER
1,46.94,47.98,4,2,1,81.9,SAME
5,29.96,249.37,22,4,2,55.74,EASIER
5,26.9,222.03,24,6,5,57.75,EASIER
2,34.8,79.78,9,3,0,77.78,HARDER
1,40.05,57.23,5,3,1,53.2,SAME
1,67.13,28.25,3,1,0,66.28,HARDER
4,35.04,105.22,16,1,0,75.49,HARDER
5,25.21,206.56,22,4,2,68.37,EASIER
5,32.59,185.7,21,3,2,88.89,EASIER
3,28.51,115.4,13,1,0,73.6,HARDER
2,52.79,54.55,6,0,0,86.43,SAME
4,28.39,154.68,17,2,1,80.97,EASIER
1,41.4,55.88,5,3,1,62.25,SAME
1,30.68,62.16,6,4,0,67.23,HARDER
3,34.01,95.78,12,0,0,69.46,HARDER
2,35.13,82.57,8,2,1,60.16,EASIER
3,27.36,131.34,15,3,1,70.6,SAME
5,26.75,156.59,20,2,0,90.68,EASIER
1,100.0,40.47,2,0,0,59.26,SAME
2,41.18,54.87,7,1,0,87.08,HARDER
5,25.0,291.58,25,7,6,46.75,EASIER
5,28.58,174.32,21,3,2,63.02,EASIER
1,71.31,20.0,3,1,0,74.96,HARDER
5,34.38,160.7,19,1,1,80.01,EASIER
5,32.26,233.14,20,2,1,80.62,EASIER
2,25.0,120.4,11,5,2,40.73,EASIER
2,47.67,77.05,7,1,0,81.93,HARDER
4,25.0,198.06,21,6,2,61.63,EASIER
4,25.0,117.87,19,4,2,78.58,EASIER
1,98.61,35.98,2,0,0,57.27,EASIER
3,26.43,119.45,16,4,1,94.01,SAME
4,31.42,250.0,19,4,2,38.39,EASIER
4,27.9,214.88,19,4,3,70.68,EASIER
2,44.49,65.57,7,1,0,66.04,HARDER
4,25.85,148.23,18,3,2,77.5,EASIER
4,26.11,130.22,20,5,0,85.46,HARDER
5,25.0,300.0,26,8,5,46.14,EASIER
3,26.25,106.47,14,2,0,59.03,SAME
2,46.26,78.76,7,1,1,77.64,EASIER
3,25.0,192.63,16,4,2,52.43,EASIER
2,44.23,84.21,7,1,0,57.53,SAME
2,50.0,53.07,6,0,0,87.57,HARDER
1,99.78,29.49,2,0,0,77.1,HARDER
4,25.0,195.68,23,8,5,43.81,EASIER
1,67.89,37.99,3,1,0,55.9,SAME
2,32.73,90.75,9,3,0,84.85,HARDER
5,33.13,212.72,23,5,3,90.12,EASIER
3,33.93,71.98,14,2,0,78.32,HARDER
1,99.97,26.47,2,0,0,86.79,HARDER
3,33.18,127.1,12,0,0,61.15,SAME
3,32.89,70.76,13,1,0,71.21,HARDER
2,25.37,121.55,12,6,2,64.17,SAME
5,25.0,222.5,23,5,3,51.14,EASIER
5,33.47,157.3,19,1,0,68.8,SAME
4,28.47,150.47,19,4,0,64.1,SAME
5,32.74,179.24,20,2,0,56.58,SAME
5,25.0,300.0,35,17,12,51.28,EASIER
5,26.85,274.0,24,6,4,61.62,EASIER
4,28.86,123.16,16,1,0,82.23,HARDER
5,26.45,193.58,22,4,1,72.63,SAME
4,29.55,125.07,19,4,1,89.49,SAME
5,29.32,172.15,22,4,2,57.33,EASIER
5,28.88,248.65,21,3,1,66.44,SAME
4,28.54,107.04,16,1,1,89.44,EASIER
1,42.2,66.56,5,3,1,52.16,SAME
4,30.35,153.46,17,2,2,71.68,HARDER
3,28.7,109.8,13,1,0,84.64,HARDER
1,25.0,92.12,8,6,2,40.82,SAME
4,25.0,216.92,24,9,1,57.61,EASIER
1,97.86,20.0,2,0,0,100.0,HARDER
2,48.31,47.46,6,0,0,78.19,HARDER
4,31.44,100.38,15,0,0,67.6,HARDER
5,34.61,194.18,21,3,2,55.78,EASIER
5,29.67,226.37,20,2,1,65.58,EASIER
2,25.0,86.26,9,3,2,43.46,EASIER
4,33.88,92.91,15,0,0,95.78,HARDER
1,28.51,74.08,7,5,2,36.53,SAME
2,52.25,41.63,6,0,0,97.45,HARDER
1,97.24,34.54,2,0,0,79.01,HARDER
5,28.55,212.85,23,5,2,54.74,EASIER
1,100.0,26.66,2,0,0,71.92,HARDER
3,35.14,100.53,13,1,1,81.34,EASIER
5,25.0,286.62,27,9,6,35.4,EASIER
2,41.63,45.94,7,1,0,75.46,HARDER
5,28.35,144.83,20,2,2,74.8,EASIER
4,30.29,124.54,18,3,1,82.79,SAME
3,25.0,112.64,15,3,0,55.26,SAME
1,98.68,24.69,2,0,0,85.95,HARDER
4,31.02,169.26,18,3,3,61.13,EASIER
2,34.89,102.58,8,2,1,60.85,EASIER
1,100.0,20.0,2,0,0,67.71,HARDER
2,41.71,69.49,7,1,0,59.2,SAME
3,30.88,166.77,14,2,1,88.87,EASIER
3,25.57,133.92,16,4,2,56.27,EASIER
4,32.85,134.93,15,0,0,86.23,HARDER
3,25.0,120.57,14,2,2,57.75,EASIER
5,26.66,222.69,23,5,4,50.53,EASIER
1,100.0,24.15,2,0,0,76.83,HARDER
1,44.43,46.68,5,3,0,77.98,HARDER
1,100.0,20.13,2,0,0,84.78,HARDER
5,25.0,208.97,21,3,2,51.73,EASIER
5,26.61,200.62,22,4,1,67.36,SAME
1,100.0,35.34,2,0,0,85.67,HARDER
5,27.51,273.4,23,5,2,58.6,EASIER
2,40.02,82.45,7,1,1,62.23,EASIER
5,31.45,208.81,23,5,2,60.82,EASIER
4,25.0,154.83,20,5,1,67.94,HARDER
2,33.29,103.33,9,3,1,56.22,SAME
2,45.31,71.67,7,1,1,69.62,EASIER
4,33.62,131.78,17,2,1,56.93,EASIER
3,31.02,109.55,12,0,0,67.36,HARDER
1,98.92,29.04,2,0,0,53.16,SAME
5,31.93,199.48,20,2,1,60.95,EASIER
3,25.0,194.51,16,4,2,41.87,EASIER
3,30.84,82.9,14,2,1,77.61,EASIER
4,25.0,177.26,19,4,3,68.11,EASIER
2,47.03,48.19,6,0,0,93.96,HARDER
4,27.28,182.34,22,7,2,58.14,SAME
4,31.32,114.45,15,0,0,100.0,HARDER
4,31.64,155.83,17,2,0,60.18,SAME
2,45.41,78.14,7,1,0,70.27,HARDER
4,35.83,135.72,16,1,1,88.23,EASIER
3,25.75,176.6,17,5,3,54.63,EASIER
4,29.04,214.83,18,3,2,47.33,SAME
1,97.69,44.11,2,0,0,69.17,HARDER
3,25.0,156.01,16,4,2,46.25,EASIER
3,26.2,134.55,15,3,2,60.68,EASIER
3,25.0,176.22,22,10,6,41.23,EASIER
5,25.0,252.17,23,5,3,55.76,EASIER
3,25.85,152.69,14,2,2,56.84,EASIER
3,29.74,124.62,13,1,0,86.23,HARDER
4,31.45,104.25,15,0,0,65.84,SAME
5,27.8,200.98,23,5,0,65.52,SAME
3,29.75,82.51,12,0,0,84.95,HARDER
2,34.99,73.6,8,2,1,81.44,EASIER
2,45.77,67.73,7,1,0,60.39,SAME
2,49.19,45.6,6,0,0,88.87,EASIER
5,26.52,228.19,20,2,1,63.47,EASIER
1,98.09,22.1,2,0,0,61.89,SAME
2,43.41,82.1,8,2,2,66.89,EASIER
3,29.53,94.07,14,2,0,73.4,HARDER
1,97.78,26.05,2,0,0,79.16,HARDER
1,100.0,39.94,2,0,0,71.59,HARDER
2,26.8,77.27,11,5,0,70.37,HARDER
1,99.58,37.51,2,0,0,61.5,SAME
4,25.67,184.75,20,5,1,79.44,SAME
5,26.9,241.27,22,4,2,54.8,EASIER
4,26.2,241.77,22,7,4,41.55,EASIER
2,37.8,77.39,8,2,0,54.95,SAME
1,33.74,65.65,6,4,0,65.16,HARDER
5,26.54,216.46,19,1,1,82.27,EASIER
1,100.0,33.69,2,0,0,68.93,HARDER
4,25.0,210.2,21,6,3,43.78,EASIER
5,31.41,247.78,21,3,3,48.8,EASIER
2,49.74,41.82,6,0,0,99.43,HARDER
3,29.61,66.75,12,0,0,78.33,HARDER
3,28.4,74.42,12,0,0,72.95,HARDER
4,25.0,198.12,16,1,0,34.29,SAME
1,50.18,34.94,4,2,0,74.26,HARDER
1,100.0,28.71,2,0,0,98.92,HARDER
3,30.86,125.15,15,3,0,56.55,SAME
5,37.75,129.28,18,0,0,100.0,SAME
4,26.86,207.64,20,5,4,55.96,EASIER
5,25.0,256.29,25,7,6,44.94,EASIER
1,99.19,20.0,2,0,0,80.78,HARDER
1,93.52,20.0,2,0,0,83.2,HARDER
1,99.45,41.17,2,0,0,69.57,HARDER
1,74.48,23.85,3,1,0,75.3,HARDER
2,48.44,45.67,6,0,0,90.92,HARDER
2,37.98,51.5,7,1,0,86.62,HARDER
2,51.17,50.27,6,0,0,86.56,HARDER
2,37.05,56.35,8,2,0,65.53,HARDER
4,26.19,215.17,22,7,3,44.07,EASIER
2,30.21,94.23,10,4,0,57.32,SAME
4,25.98,148.89,18,3,2,63.85,EASIER
4,29.6,91.37,16,1,0,69.46,HARDER
3,30.32,86.74,13,1,0,87.61,HARDER
4,37.96,128.66,16,1,1,65.74,EASIER
4,29.44,171.05,18,3,2,64.12,EASIER
5,27.7,222.75,23,5,2,68.2,EASIER
1,65.22,37.74,3,1,0,51.98,SAME
4,26.94,147.65,20,5,3,74.62,EASIER
4,25.0,189.17,19,4,4,54.6,EASIER
1,35.54,80.9,6,4,2,53.7,SAME
4,33.21,122.65,16,1,1,65.81,EASIER
2,47.13,66.21,7,1,1,93.95,EASIER
5,29.57,153.83,20,2,1,74.58,EASIER
4,33.19,131.39,17,2,1,76.95,EASIER
1,100.0,33.37,2,0,0,63.42,SAME
2,25.0,125.02,14,8,4,54.93,EASIER
1,33.6,61.98,6,4,2,46.98,SAME
1,67.73,25.94,3,1,0,86.7,HARDER
2,41.94,53.87,7,1,0,72.53,SAME
3,29.2,66.31,12,0,0,84.59,HARDER
1,100.0,42.47,2,0,0,80.23,HARDER
2,37.25,90.88,8,2,0,52.24,SAME
2,51.66,49.77,6,0,0,89.93,HARDER
5,25.0,300.0,23,5,3,55.05,EASIER
1,28.98,98.37,9,7,3,56.8,SAME
3,29.86,144.71,15,3,1,55.68,SAME
1,100.0,27.6,2,0,0,87.55,HARDER
2,40.53,104.24,7,1,1,66.08,HARDER
2,49.37,30.0,6,0,0,79.35,HARDER
3,26.84,86.08,12,0,0,69.91,HARDER
3,26.8,88.98,13,1,1,84.16,EASIER
5,26.85,256.48,26,8,3,47.79,EASIER
4,25.0,175.25,19,4,3,64.17,EASIER
4,25.38,193.52,17,2,1,60.19,EASIER
5,25.21,215.41,23,5,2,45.86,EASIER
5,25.0,252.6,22,4,2,64.98,EASIER
4,34.78,114.46,16,1,0,68.21,HARDER
1,100.0,20.0,2,0,0,84.54,HARDER
2,52.84,41.13,6,0,0,83.06,HARDER
3,25.0,66.34,13,1,1,77.6,EASIER
1,50.48,45.39,4,2,1,67.39,SAME
2,35.56,83.2,8,2,1,85.88,EASIER
2,50.31,39.4,6,0,0,100.0,HARDER
1,64.55,28.56,3,1,0,56.82,SAME
4,35.79,97.25,15,0,0,63.39,SAME
5,25.65,217.64,25,7,2,41.22,EASIER
3,25.0,103.09,16,4,1,75.97,SAME
2,35.85,54.34,8,2,0,76.36,SAME
5,26.48,236.53,23,5,3,51.98,EASIER
5,35.44,215.72,20,2,0,64.41,SAME
5,26.9,162.29,21,3,1,67.79,SAME
3,33.58,141.05,15,3,2,51.99,EASIER
2,49.23,53.53,6,0,0,86.17,HARDER
2,33.0,87.82,8,2,0,60.09,SAME
2,33.02,78.08,9,3,0,55.91,SAME
3,26.82,83.98,14,2,1,73.09,EASIER
1,50.04,45.37,4,2,1,72.96,SAME
2,35.51,96.26,9,3,2,64.44,EASIER
1,47.59,53.91,4,2,1,59.34,SAME
1,70.15,20.0,3,1,0,92.47,HARDER
4,25.0,216.05,24,9,4,59.13,EASIER
2,25.0,85.81,11,5,0,61.9,SAME
5,34.83,198.15,18,0,0,68.86,SAME
1,98.95,21.54,2,0,0,99.16,HARDER
2,34.22,85.82,8,2,0,74.5,HARDER
2,49.17,49.49,6,0,0,61.67,SAME
3,31.89,81.51,13,1,0,72.59,HARDER
2,30.38,102.47,10,4,1,63.79,SAME
2,28.41,148.16,10,4,3,48.97,EASIER
1,37.03,58.82,6,4,1,49.0,SAME
4,25.0,230.57,21,6,4,46.47,EASIER
4,28.55,185.51,18,3,1,79.36,SAME
5,35.29,129.28,18,0,0,100.0,SAME
3,34.08,72.59,12,0,0,100.0,HARDER
5,27.37,250.07,22,4,2,54.71,EASIER
2,50.26,51.26,6,0,0,73.8,HARDER
3,25.0,123.82,14,2,1,65.21,EASIER
5,25.0,240.46,24,6,4,49.82,EASIER
5,32.74,216.6,20,2,0,62.58,SAME
5,25.0,300.0,29,11,6,45.76,EASIER
3,25.0,132.21,15,3,2,67.15,SAME
1,45.33,20.0,4,2,0,84.56,HARDER
5,25.0,213.79,25,7,1,65.26,SAME
5,33.22,172.02,19,1,1,85.57,EASIER
5,32.13,151.67,19,1,0,98.26,SAME
2,50.07,56.38,6,0,0,92.81,HARDER
4,25.54,162.67,18,3,1,52.36,EASIER
1,100.0,29.45,2,0,0,75.17,HARDER
5,25.0,121.97,21,3,0,78.69,SAME
3,27.19,91.06,13,1,0,85.33,HARDER
3,37.48,78.61,13,1,0,83.28,HARDER
2,48.64,62.68,6,0,0,84.62,HARDER
4,25.72,221.5,19,4,2,48.12,EASIER
1,100.0,25.85,2,0,0,63.87,SAME
1,45.82,34.88,4,2,0,46.6,SAME
4,33.27,83.93,15,0,0,72.53,HARDER
1,100.0,35.26,2,0,0,72.93,HARDER
5,34.66,200.13,20,2,1,57.01,EASIER
2,38.93,74.94,8,2,0,82.34,HARDER
1,43.04,61.85,5,3,2,40.75,SAME
3,28.23,139.73,15,3,2,66.05,EASIER
2,33.95,60.06,8,2,1,63.13,EASIER
5,32.32,153.25,19,1,1,62.15,EASIER
5,29.67,264.12,23,5,2,51.27,EASIER
1,70.67,48.12,3,1,1,53.34,SAME
4,36.7,105.91,15,0,0,95.89,HARDER
4,30.62,126.52,15,0,0,72.4,HARDER
1,97.58,31.84,2,0,0,73.02,HARDER
3,25.0,138.15,16,4,1,60.94,SAME
5,32.24,153.3,19,1,0,64.92,SAME
4,26.9,183.3,17,2,1,49.5,EASIER
1,100.0,52.77,2,0,0,55.01,SAME
5,27.5,146.29,21,3,0,90.22,SAME
4,25.89,218.12,20,5,3,59.2,EASIER
4,32.43,120.18,17,2,0,69.89,HARDER
4,28.07,111.99,18,3,2,83.68,EASIER
3,34.51,95.84,12,0,0,83.07,HARDER
5,26.45,300.0,23,5,3,36.77,EASIER
4,25.0,146.49,17,2,0,72.24,HARDER
3,25.0,134.75,14,2,0,83.19,HARDER
2,32.8,91.03,8,2,0,66.38,HARDER
5,27.31,188.62,22,4,2,62.44,EASIER
3,32.01,67.9,12,0,0,83.37,HARDER
3,26.92,143.25,15,3,2,75.85,EASIER
3,25.07,113.82,14,2,0,64.31,SAME
5,25.0,197.84,25,7,3,63.2,EASIER
1,93.3,33.9,2,0,0,88.84,HARDER
2,44.12,54.59,7,1,0,92.6,HARDER
3,28.01,148.93,16,4,3,78.87,EASIER
3,32.49,128.56,14,2,0,85.8,HARDER
4,30.23,155.72,18,3,1,85.42,SAME
3,26.74,96.74,14,2,1,71.27,EASIER
2,32.36,78.94,8,2,1,88.97,EASIER
4,26.47,138.79,18,3,2,71.92,EASIER
1,98.16,20.0,2,0,0,86.03,HARDER
1,100.0,44.87,2,0,0,69.67,HARDER
3,25.83,151.06,17,5,2,56.98,EASIER
5,29.42,261.87,23,5,2,48.84,EASIER
2,48.74,39.94,6,0,0,58.9,SAME
5,33.14,130.79,20,2,0,76.89,HARDER
1,41.26,57.28,5,3,0,63.09,SAME
5,30.39,192.03,22,4,0,72.71,SAME
4,25.29,176.74,17,2,1,53.63,EASIER
4,25.0,184.05,19,4,2,60.73,EASIER
1,48.81,37.11,4,2,0,69.51,HARDER
5,25.57,300.0,22,4,2,47.46,EASIER
2,48.78,67.55,6,0,0,80.79,HARDER
4,30.84,159.67,17,2,2,72.62,EASIER
2,32.66,61.42,11,5,0,59.75,SAME
4,37.24,115.99,15,0,0,32.96,SAME
5,28.05,178.21,23,5,3,64.04,EASIER
3,27.05,120.09,15,3,0,63.73,SAME
4,29.02,169.79,17,2,0,64.83,SAME
1,64.75,29.17,3,1,0,75.25,HARDER
3,27.19,123.67,15,3,1,67.86,SAME
3,29.6,120.2,14,2,0,83.89,HARDER
1,99.86,29.76,2,0,0,69.83,HARDER
2,45.74,39.93,6,0,0,85.3,HARDER
1,100.0,29.21,2,0,0,70.09,HARDER
2,48.3,56.24,6,0,0,95.03,HARDER
1,99.35,25.83,2,0,0,85.77,HARDER
4,31.17,110.02,16,1,0,65.6,HARDER
2,40.67,73.01,7,1,1,84.95,EASIER
5,29.43,186.59,21,3,2,73.09,EASIER
5,27.04,178.52,23,5,3,57.28,EASIER
5,25.0,261.57,24,6,4,64.77,EASIER
1,100.0,27.67,2,0,0,82.6,HARDER
2,38.94,30.0,7,1,0,94.77,HARDER
4,25.0,187.3,22,7,4,66.13,EASIER
3,32.28,50.0,12,0,0,78.04,HARDER
2,50.54,47.81,6,0,0,84.66,HARDER
3,28.58,151.95,15,3,2,71.17,EASIER
4,25.0,225.53,21,6,3,44.79,EASIER
5,33.56,176.76,20,2,0,65.13,SAME
5,25.0,165.66,21,3,1,62.5,SAME
4,25.0,193.76,19,4,3,44.35,EASIER
2,33.19,110.99,9,3,2,37.78,EASIER
4,25.0,223.32,21,6,1,64.44,EASIER
3,25.0,198.42,19,7,6,33.77,EASIER
2,38.65,80.99,7,1,0,83.85,HARDER
4,28.7,186.11,19,4,2,42.86,EASIER
4,28.29,166.32,17,2,2,57.44,EASIER
5,25.37,239.15,21,3,1,62.05,EASIER
5,30.63,230.53,23,5,3,54.06,EASIER
4,27.24,238.36,19,4,2,39.05,EASIER
3,29.1,118.53,13,1,0,61.82,HARDER
4,25.0,182.47,19,4,1,54.05,SAME
5,25.0,264.82,22,4,3,50.4,EASIER
5,31.64,156.29,21,3,1,60.75,SAME
5,25.0,217.87,23,5,1,72.76,SAME
4,30.38,165.43,17,2,1,69.18,EASIER
4,25.45,235.56,24,9,4,27.36,EASIER
2,52.13,53.78,6,0,0,91.56,HARDER
5,27.75,300.0,23,5,4,64.98,EASIER
1,100.0,35.69,2,0,0,58.57,SAME
2,45.08,67.65,6,0,0,72.27,HARDER
2,48.88,66.21,6,0,0,69.88,HARDER
2,52.0,45.66,6,0,0,63.36,SAME
2,51.63,60.17,6,0,0,94.21,HARDER
1,66.9,40.72,3,1,0,71.3,HARDER
3,33.57,90.76,12,0,0,76.02,HARDER
2,50.11,54.25,6,0,0,81.55,HARDER
4,25.65,149.47,18,3,1,79.85,SAME
2,45.98,67.0,7,1,0,87.55,HARDER
1,63.82,39.72,3,1,0,68.98,HARDER
2,51.67,53.87,6,0,0,90.02,HARDER
1,48.72,37.23,4,2,0,61.79,SAME
5,25.43,228.81,22,4,4,45.73,EASIER
3,30.78,121.71,16,4,0,78.58,HARDER
3,25.0,150.47,14,2,2,75.36,EASIER
3,28.1,144.05,16,4,3,64.8,EASIER
1,45.57,33.14,4,2,0,72.63,HARDER
5,25.0,279.69,24,6,4,69.43,EASIER
5,25.01,247.13,26,8,6,65.93,EASIER
5,33.51,274.77,21,3,2,46.19,EASIER
2,46.0,97.4,7,1,1,57.94,EASIER
2,29.03,90.19,10,4,1,62.97,SAME
3,33.04,109.41,12,0,0,66.48,HARDER
5,29.66,176.41,21,3,3,86.91,EASIER
1,96.15,27.73,2,0,0,87.41,HARDER
5,25.0,166.17,24,6,2,79.59,SAME
2,39.25,54.44,7,1,0,77.65,HARDER
3,26.81,84.62,14,2,0,59.7,SAME
5,33.59,258.7,20,2,1,69.97,EASIER
1,100.0,30.61,2,0,0,85.29,HARDER
3,33.54,131.92,12,0,0,61.44,SAME
4,35.21,107.82,15,0,0,94.29,HARDER
3,30.05,107.38,13,1,0,63.51,SAME
4,25.0,214.09,23,8,1,67.27,SAME
1,100.0,20.0,2,0,0,91.71,HARDER
3,26.76,112.78,14,2,1,60.74,EASIER
2,47.22,58.74,6,0,0,79.39,HARDER
4,29.09,207.09,18,3,1,30.14,EASIER
1,97.55,33.73,2,0,0,81.37,HARDER
4,25.0,241.65,21,6,2,43.15,EASIER
1,44.0,37.49,4,2,1,54.79,SAME
2,40.18,68.31,8,2,0,86.64,HARDER
5,25.0,199.57,20,2,0,74.35,SAME
4,29.07,150.13,17,2,0,53.29,SAME
1,94.7,28.58,2,0,0,100.0,HARDER
5,25.3,161.45,21,3,0,79.29,SAME
1,100.0,20.0,2,0,0,97.54,HARDER
2,48.26,47.54,6,0,0,79.78,HARDER
2,40.02,82.31,8,2,0,62.25,SAME
1,68.16,30.23,3,1,0,69.19,HARDER
2,40.61,93.99,7,1,1,50.96,EASIER
2,34.93,86.61,8,2,2,61.11,EASIER
2,52.24,47.17,6,0,0,63.68,SAME
2,46.44,39.18,7,1,0,92.82,HARDER
5,25.71,300.0,27,9,4,25.0,EASIER
1,66.44,30.73,3,1,0,70.28,HARDER
3,27.35,135.67,15,3,0,61.33,SAME
5,25.0,207.23,23,5,2,53.23,EASIER
4,30.33,195.22,18,3,1,66.72,EASIER
2,44.88,63.17,7,1,0,58.88,SAME
3,25.0,100.38,16,4,1,81.34,SAME
3,25.0,113.69,16,4,1,75.34,SAME
3,32.33,109.28,13,1,1,71.49,EASIER
3,25.0,178.1,18,6,3,46.93,EASIER
1,66.55,27.64,3,1,0,48.02,SAME
2,40.79,63.73,7,1,0,80.95,HARDER
2,42.64,90.47,7,1,0,74.81,HARDER
4,27.02,107.67,17,2,1,91.13,EASIER
1,40.77,62.88,5,3,0,63.48,SAME
1,100.0,21.03,2,0,0,89.14,HARDER
5,35.66,155.72,19,1,1,100.0,EASIER
3,25.73,90.5,15,3,0,80.98,HARDER
5,27.31,213.74,23,5,4,49.86,EASIER
3,28.57,120.89,14,2,0,74.22,HARDER
4,27.18,208.32,20,5,2,57.29,EASIER
2,45.74,42.02,6,0,0,83.0,HARDER
1,99.23,20.0,2,0,0,81.99,HARDER
5,32.1,205.29,20,2,2,73.71,EASIER
3,25.0,79.89,16,4,0,74.07,HARDER
1,46.1,43.12,4,2,0,70.66,HARDER
4,26.0,195.57,18,3,0,53.2,SAME
5,25.0,178.68,24,6,4,56.55,EASIER
3,31.08,81.77,13,1,0,77.34,HARDER
1,64.57,51.96,3,1,0,62.8,SAME
3,33.19,64.15,12,0,0,77.64,HARDER
4,30.38,157.69,16,1,0,85.34,HARDER
2,42.36,63.47,7,1,0,72.74,HARDER
5,31.69,142.48,18,0,0,88.56,SAME
5,25.0,185.62,25,7,5,73.64,EASIER
3,30.2,111.46,14,2,1,58.62,EASIER
3,27.58,82.97,14,2,0,79.06,HARDER
5,35.44,151.97,18,0,0,83.12,SAME
2,49.69,80.21,6,0,0,77.45,HARDER
4,26.92,176.84,17,2,1,82.22,EASIER
3,30.27,159.55,15,3,1,61.13,SAME
1,100.0,20.0,2,0,0,93.7,HARDER
1,96.33,20.34,2,0,0,70.64,HARDER
2,32.41,60.3,8,2,0,74.61,HARDER
2,33.66,69.26,8,2,1,62.52,EASIER
4,25.0,219.12,21,6,1,56.1,EASIER
2,37.05,71.83,7,1,0,79.52,HARDER
4,25.12,173.21,20,5,1,65.41,SAME
2,34.48,86.83,8,2,1,57.91,EASIER
3,25.74,110.69,14,2,0,47.99,SAME
4,26.06,118.42,18,3,1,51.41,EASIER
1,63.01,38.05,3,1,0,49.41,HARDER
3,33.79,84.88,13,1,0,89.15,HARDER
3,29.52,146.72,14,2,1,45.16,EASIER
1,100.0,20.0,2,0,0,71.59,HARDER
2,42.47,56.06,7,1,1,61.41,EASIER
4,25.03,142.17,18,3,2,71.94,HARDER
1,99.36,33.41,2,0,0,97.25,HARDER
5,30.11,184.3,20,2,0,86.22,SAME
1,34.11,61.09,6,4,0,63.22,SAME
3,34.06,92.26,12,0,0,82.45,HARDER
1,99.64,25.96,2,0,0,89.37,HARDER
5,28.11,121.55,18,0,0,84.8,SAME
3,28.44,128.47,16,4,0,56.65,SAME
4,29.98,182.84,18,3,2,57.45,EASIER
5,29.58,192.52,21,3,2,80.79,EASIER
2,36.91,74.48,8,2,1,81.44,EASIER
3,29.78,66.13,13,1,0,84.47,HARDER
4,25.48,210.57,21,6,5,71.52,EASIER
4,26.63,151.7,19,4,2,67.72,EASIER
2,42.51,48.82,7,1,0,72.67,HARDER
4,30.3,191.66,16,1,0,60.08,SAME
5,25.0,300.0,30,12,9,41.99,EASIER
4,25.24,156.78,18,3,1,71.04,SAME
4,25.0,179.69,18,3,1,73.32,SAME
2,43.28,89.0,7,1,0,60.45,SAME
3,25.94,102.4,15,3,2,62.49,EASIER
1,64.34,24.79,3,1,0,73.03,HARDER
4,29.12,155.58,16,1,1,72.21,EASIER
3,25.0,156.06,18,6,3,49.37,EASIER
5,29.35,173.1,21,3,1,82.18,SAME
5,29.68,247.34,23,5,2,59.73,EASIER
5,31.08,147.99,20,2,1,98.66,EASIER
2,53.6,45.11,6,0,0,86.86,HARDER
5,34.22,197.03,21,3,2,59.19,EASIER
3,25.0,142.93,15,3,3,66.15,EASIER
2,48.41,38.75,6,0,0,66.13,HARDER
1,46.95,65.41,4,2,1,59.19,SAME
5,25.0,300.0,24,6,6,50.52,EASIER
5,27.01,213.71,20,2,0,81.03,SAME
2,44.8,51.76,6,0,0,81.68,HARDER
5,28.88,268.56,25,7,4,65.28,EASIER
2,37.65,77.19,8,2,0,60.44,SAME
4,25.0,203.85,22,7,4,46.41,EASIER
1,100.0,20.53,2,0,0,71.83,HARDER
5,25.0,222.42,20,2,1,67.79,EASIER
4,25.0,177.16,19,4,3,65.37,EASIER
3,25.0,94.61,14,2,0,86.72,HARDER
2,30.26,120.54,10,4,3,61.22,EASIER
2,38.8,81.55,8,2,1,67.79,EASIER
1,49.53,43.93,4,2,0,72.64,HARDER
4,27.35,156.44,18,3,1,61.07,SAME
4,25.96,182.8,18,3,0,54.73,SAME
3,32.5,106.6,13,1,0,70.5,HARDER
5,25.07,234.85,23,5,2,73.94,EASIER
2,42.83,71.39,7,1,0,72.12,HARDER
1,63.01,44.63,3,1,0,44.58,SAME
4,30.64,108.03,17,2,0,87.05,HARDER
2,55.18,42.56,6,0,0,82.92,HARDER
3,31.47,82.42,14,2,0,55.57,SAME
5,27.62,194.9,23,5,0,65.47,SAME
3,25.0,134.63,16,4,3,44.65,EASIER
2,34.02,96.38,9,3,2,65.85,EASIER
1,100.0,27.81,2,0,0,86.74,HARDER
5,30.02,158.58,20,2,1,71.17,EASIER
3,30.83,70.03,12,0,0,90.86,HARDER
3,28.62,142.37,14,2,0,71.01,HARDER
5,26.37,182.81,21,3,1,73.78,SAME
3,25.17,114.06,14,2,0,60.97,SAME
3,25.0,153.47,20,8,5,67.89,EASIER
2,41.03,82.83,7,1,0,66.23,HARDER
4,28.41,126.32,18,3,1,73.2,HARDER
2,50.89,34.49,6,0,0,96.88,HARDER
1,63.92,44.8,3,1,0,50.57,SAME
5,26.23,136.2,20,2,1,97.0,SAME
4,25.0,151.58,18,3,2,60.32,EASIER
4,30.37,94.33,16,1,0,72.63,HARDER
1,100.0,24.2,2,0,0,78.39,HARDER
3,25.0,95.15,14,2,2,78.78,EASIER
3,25.0,147.6,17,5,3,48.11,EASIER
5,27.72,212.77,20,2,1,59.48,EASIER
1,98.13,38.57,2,0,0,83.36,HARDER
2,41.15,39.12,7,1,0,78.66,HARDER
1,100.0,33.83,2,0,0,69.72,HARDER
2,34.74,66.12,8,2,1,51.12,EASIER
4,26.69,103.09,17,2,0,83.27,EASIER
2,39.42,60.46,8,2,0,68.03,HARDER
5,30.31,158.26,21,3,0,74.83,SAME
3,26.19,144.54,14,2,1,55.48,EASIER
4,32.46,114.49,18,3,1,66.91,SAME
4,28.64,164.53,17,2,0,72.29,HARDER
2,28.43,54.95,10,4,2,75.23,EASIER
4,25.0,145.84,20,5,1,61.1,SAME
4,26.39,156.37,18,3,1,68.42,SAME
4,27.96,220.66,20,5,2,72.08,EASIER
5,25.82,218.75,22,4,3,52.64,EASIER
5,26.9,228.15,23,5,4,67.23,EASIER
2,38.46,82.42,8,2,1,81.37,EASIER
2,35.93,102.39,8,2,1,53.31,EASIER
2,35.52,78.3,8,2,1,66.85,EASIER
5,33.77,117.7,20,2,0,79.48,SAME
5,29.85,144.9,21,3,2,73.66,EASIER
5,33.19,246.24,21,3,1,36.19,EASIER
5,32.14,125.03,18,0,0,79.78,SAME
3,27.6,149.35,15,3,1,47.94,EASIER
4,25.0,166.58,20,5,0,41.29,SAME
3,25.0,167.46,18,6,1,56.86,SAME
3,25.0,107.91,16,4,0,50.02,SAME
5,31.73,122.37,18,0,0,68.64,SAME
3,29.2,64.79,12,0,0,100.0,HARDER
4,27.84,149.0,18,3,1,65.05,SAME
4,27.57,250.0,21,6,6,43.01,EASIER
1,100.0,31.72,2,0,0,91.69,HARDER
2,32.44,88.95,10,4,1,77.89,SAME
5,25.86,159.32,20,2,0,83.36,SAME
2,25.04,93.03,10,4,3,64.77,EASIER
4,31.03,186.39,18,3,2,65.3,EASIER
5,26.19,240.78,21,3,1,43.62,EASIER
1,66.19,33.59,3,1,0,63.22,SAME
3,25.0,133.39,16,4,0,49.49,SAME
3,33.42,108.79,13,1,0,59.51,SAME
1,100.0,20.0,2,0,0,78.13,HARDER
4,27.94,133.23,18,3,1,79.37,SAME
5,25.0,300.0,26,8,6,31.02,EASIER
4,31.62,164.31,17,2,0,43.04,SAME
3,29.85,74.73,12,0,0,59.38,SAME
5,25.0,279.15,24,6,4,71.25,EASIER
4,26.95,235.64,20,5,5,46.8,EASIER
2,39.38,87.35,8,2,1,56.75,EASIER
4,26.41,227.75,19,4,3,56.21,EASIER
4,34.63,139.01,16,1,1,84.5,EASIER
2,43.53,56.84,7,1,0,75.95,HARDER
2,40.62,83.93,8,2,1,53.68,EASIER
2,25.0,139.78,12,6,4,45.64,EASIER
5,31.56,123.87,18,0,0,94.26,SAME
1,40.21,58.32,5,3,1,87.3,SAME
3,28.18,173.17,15,3,1,60.45,EASIER
3,25.33,89.5,16,4,0,93.33,HARDER
3,28.13,90.4,12,0,0,68.08,HARDER
2,40.13,52.33,7,1,0,84.94,HARDER
5,25.54,180.7,23,5,2,41.89,EASIER
3,25.0,185.39,17,5,2,41.49,EASIER
1,28.83,79.24,7,5,1,50.74,SAME
2,49.12,58.85,6,0,0,77.59,HARDER
1,100.0,20.0,2,0,0,84.84,HARDER
5,25.99,208.13,22,4,1,64.11,SAME
3,28.01,150.86,15,3,1,56.46,EASIER
1,94.98,25.94,2,0,0,58.47,SAME
2,25.0,102.37,10,4,1,57.37,SAME
4,25.0,195.27,22,7,4,55.53,EASIER
4,28.92,201.12,18,3,2,42.96,EASIER
2,25.86,114.9,11,5,2,50.32,EASIER
4,26.25,158.52,18,3,0,71.94,HARDER
5,31.09,121.08,19,1,0,82.24,SAME
4,35.48,174.32,16,1,1,71.04,EASIER
1,54.13,25.81,4,2,0,65.03,HARDER
2,52.15,48.76,6,0,0,95.42,HARDER
5,25.0,300.0,28,10,6,43.98,EASIER
5,25.97,223.53,24,6,3,70.02,EASIER
3,26.19,141.93,16,4,2,55.84,EASIER
2,47.92,73.75,6,0,0,54.13,SAME
4,25.0,204.28,19,4,3,80.51,EASIER
4,36.27,114.37,17,2,0,84.51,HARDER
5,28.65,249.19,20,2,1,59.8,EASIER
3,26.33,150.77,18,6,1,40.85,SAME
4,25.0,246.78,21,6,6,40.09,EASIER
5,28.58,173.86,22,4,3,55.95,EASIER
2,39.14,31.26,7,1,0,80.19,HARDER
5,25.0,292.09,27,9,5,45.25,EASIER
2,28.08,118.77,12,6,2,73.51,SAME
3,29.08,91.15,14,2,0,78.84,HARDER
5,30.99,159.93,20,2,1,74.68,EASIER
5,25.0,204.75,21,3,1,56.68,EASIER
1,99.64,26.33,2,0,0,89.07,HARDER
4,25.0,250.0,20,5,3,31.11,EASIER
3,40.25,96.71,12,0,0,100.0,HARDER
1,97.28,29.55,2,0,0,99.88,HARDER
1,100.0,37.14,2,0,0,73.35,HARDER
3,29.83,115.79,14,2,1,69.23,EASIER
2,45.48,61.12,7,1,1,70.06,EASIER
1,100.0,23.78,2,0,0,86.92,HARDER
2,31.79,79.87,10,4,3,67.24,EASIER
5,28.89,300.0,21,3,3,25.0,EASIER
4,25.82,213.26,17,2,1,58.84,EASIER
4,34.06,147.36,17,2,2,79.74,EASIER
5,30.26,194.82,21,3,2,52.38,EASIER
1,40.0,50.45,5,3,2,42.89,SAME
4,25.95,143.05,22,7,1,51.18,HARDER
1,67.41,30.35,3,1,0,63.92,SAME
5,27.88,272.37,24,6,5,32.59,EASIER
1,98.99,25.36,2,0,0,63.4,SAME
4,26.37,181.06,19,4,2,46.8,EASIER
4,31.9,143.48,18,3,3,61.67,EASIER
2,25.0,136.57,15,9,3,61.57,EASIER
5,25.0,300.0,24,6,3,53.16,EASIER
4,25.0,206.1,20,5,4,42.22,EASIER
5,26.01,204.5,23,5,1,71.97,SAME
4,30.91,100.31,15,0,0,100.0,HARDER
5,25.0,264.9,25,7,4,65.46,EASIER
2,50.55,49.19,6,0,0,84.96,HARDER
1,100.0,20.0,2,0,0,75.38,HARDER
2,41.47,62.72,8,2,0,67.02,HARDER
4,33.11,169.45,17,2,0,45.29,SAME
4,27.07,160.62,18,3,2,99.08,EASIER
3,25.0,153.1,16,4,2,54.77,EASIER
5,26.57,199.14,22,4,3,68.84,EASIER
5,34.78,162.65,20,2,1,78.3,EASIER
2,31.17,98.76,10,4,1,57.08,SAME
2,50.14,51.97,6,0,0,86.57,HARDER
2,46.49,39.1,6,0,0,82.68,HARDER
4,28.93,112.35,16,1,1,79.1,EASIER
3,32.47,97.17,12,0,0,79.53,HARDER
1,41.03,56.36,5,3,1,48.91,SAME
3,27.05,114.24,16,4,2,74.37,EASIER
3,33.07,91.06,13,1,1,87.31,EASIER
5,30.35,158.29,21,3,2,72.23,EASIER
4,30.41,169.24,19,4,3,53.27,EASIER
1,100.0,20.0,2,0,0,60.11,SAME
2,28.93,91.72,10,4,0,72.22,HARDER
2,46.26,76.77,7,1,0,69.87,HARDER
3,32.67,52.53,12,0,0,100.0,HARDER
2,41.89,63.37,7,1,0,84.4,HARDER
2,51.38,45.12,6,0,0,67.46,HARDER
3,26.77,84.2,14,2,0,82.36,HARDER
2,53.5,58.62,6,0,0,74.99,HARDER
3,25.0,161.68,16,4,2,48.01,EASIER
3,25.59,138.1,14,2,1,68.66,EASIER
1,56.81,43.74,3,1,0,79.94,HARDER
3,27.73,131.78,15,3,0,65.47,HARDER
4,27.12,148.25,19,4,2,70.16,EASIER
5,25.77,233.27,21,3,3,70.98,EASIER
5,25.29,244.36,23,5,3,27.25,EASIER
4,30.26,137.92,19,4,1,66.01,SAME
4,31.4,168.79,19,4,1,76.17,SAME
2,54.19,58.66,6,0,0,60.38,SAME
5,41.33,134.25,18,0,0,100.0,SAME
3,29.75,105.34,14,2,0,76.08,HARDER
1,67.52,50.46,3,1,0,73.38,HARDER
2,40.52,89.59,8,2,0,57.73,SAME
5,25.7,201.65,23,5,3,74.7,EASIER
3,30.63,101.57,14,2,0,75.48,HARDER
5,25.0,186.78,25,7,2,58.48,SAME
3,25.0,120.93,15,3,0,67.3,HARDER
3,30.12,166.94,16,4,3,61.2,EASIER
2,38.69,56.8,7,1,0,77.26,HARDER
3,30.67,105.42,13,1,0,73.85,HARDER
4,28.2,130.39,18,3,1,66.82,SAME
2,36.61,56.04,8,2,1,66.44,EASIER
1,100.0,20.0,2,0,0,95.66,HARDER
2,46.54,36.13,6,0,0,93.81,HARDER
1,48.57,59.72,4,2,0,60.84,SAME
2,41.99,50.52,7,1,0,65.34,HARDER
1,68.81,59.42,3,1,0,48.86,SAME
1,60.29,43.51,3,1,1,70.97,SAME
5,29.36,179.81,20,2,1,52.19,EASIER
5,28.63,191.23,20,2,1,81.51,EASIER
5,26.0,291.8,25,7,6,77.8,EASIER
4,31.8,176.67,17,2,2,65.9,EASIER
5,28.65,250.3,22,4,2,60.0,EASIER
1,68.36,34.4,3,1,0,76.74,HARDER
5,27.76,295.16,24,6,6,47.46,EASIER
2,28.59,81.97,10,4,1,62.25,SAME
2,41.05,60.04,8,2,1,73.72,EASIER
3,28.63,138.75,15,3,1,37.17,EASIER
5,26.55,213.27,23,5,2,37.8,EASIER
2,51.23,49.56,6,0,0,68.69,HARDER
5,35.32,205.82,19,1,1,42.2,EASIER
5,28.93,235.34,21,3,2,45.21,EASIER
5,28.43,151.49,20,2,1,73.88,EASIER
5,27.98,165.44,21,3,2,71.42,EASIER
4,25.0,149.85,18,3,0,91.85,HARDER
4,34.72,173.37,18,3,2,59.95,EASIER
3,32.59,110.9,13,1,1,52.7,EASIER
1,97.57,29.93,2,0,0,79.31,HARDER
5,31.42,150.13,22,4,1,80.44,SAME
1,100.0,20.0,2,0,0,69.47,HARDER
1,42.63,78.24,5,3,2,56.57,SAME
2,48.51,44.95,6,0,0,78.8,HARDER
4,31.43,179.15,20,5,1,95.6,HARDER
2,48.76,59.06,6,0,0,66.77,HARDER
1,48.41,58.89,4,2,0,38.83,SAME
4,25.68,168.86,16,1,1,59.25,EASIER
2,46.35,89.32,7,1,0,45.35,SAME
5,25.0,206.04,22,4,1,64.99,SAME
5,25.0,163.65,24,6,4,58.92,EASIER
1,97.34,35.13,2,0,0,58.28,SAME
2,45.74,99.05,7,1,0,56.9,SAME
2,51.12,81.52,6,0,0,55.74,SAME
4,25.0,236.58,24,9,3,30.69,EASIER
3,32.75,74.93,13,1,0,78.24,HARDER
5,25.0,170.94,20,2,1,66.57,EASIER
3,25.0,149.44,18,6,5,39.88,EASIER
3,34.89,87.14,12,0,0,99.48,HARDER
3,30.94,73.76,12,0,0,92.41,HARDER
4,28.96,142.71,19,4,2,68.89,EASIER
4,31.86,97.35,16,1,1,100.0,EASIER
1,69.05,32.31,3,1,0,49.34,SAME
4,30.0,114.16,15,0,0,100.0,HARDER
1,100.0,38.48,2,0,0,58.01,SAME
3,25.11,152.59,18,6,4,30.47,EASIER
2,44.81,37.3,6,0,0,74.37,HARDER
3,25.0,146.78,17,5,2,60.75,EASIER
4,25.0,249.28,23,8,6,38.93,EASIER
2,51.38,54.81,6,0,0,94.47,HARDER
2,37.03,56.13,8,2,0,66.73,SAME
4,28.85,125.98,17,2,2,62.83,EASIER
1,98.43,20.0,2,0,0,96.56,HARDER
2,29.76,103.91,10,4,0,63.35,SAME
3,27.1,112.28,14,2,0,69.25,HARDER
5,25.32,300.0,27,9,7,30.07,EASIER
5,25.12,201.82,22,4,3,52.99,EASIER
4,25.83,114.14,18,3,0,80.55,HARDER
5,32.42,140.16,18,0,0,68.17,SAME
5,25.0,208.8,20,2,1,63.08,EASIER
5,29.35,170.09,20,2,0,68.14,SAME
3,25.0,84.0,15,3,1,72.88,HARDER
5,29.5,127.81,19,1,0,71.23,SAME
5,25.72,195.9,23,5,2,60.57,EASIER
2,40.83,57.47,7,1,0,72.89,HARDER
3,28.4,79.49,14,2,0,74.44,HARDER
2,26.78,141.21,13,7,4,79.07,EASIER
1,57.37,55.11,4,2,1,73.18,SAME
3,25.0,190.38,19,7,3,47.1,EASIER
3,28.37,152.4,13,1,0,63.61,SAME
1,49.72,48.5,4,2,0,64.66,SAME
2,25.0,94.19,11,5,1,57.41,SAME
5,26.68,254.16,21,3,0,57.41,EASIER
1,52.58,74.11,4,2,2,47.09,SAME
2,50.81,54.59,6,0,0,85.81,HARDER
1,66.95,44.53,3,1,0,48.22,SAME
3,25.0,104.33,15,3,2,79.94,EASIER
5,25.0,222.87,23,5,3,59.57,EASIER
5,25.26,251.14,22,4,2,46.03,EASIER
3,30.4,103.81,14,2,0,81.79,HARDER
5,31.13,167.56,19,1,1,89.21,EASIER
1,100.0,22.99,2,0,0,71.76,HARDER
5,29.78,168.64,20,2,1,72.82,EASIER
3,29.12,154.29,13,1,0,43.03,SAME
4,25.0,197.45,18,3,3,47.13,EASIER
1,70.13,37.75,3,1,1,82.51,SAME
4,28.37,103.85,16,1,0,92.33,HARDER
1,41.48,49.95,5,3,1,45.36,SAME
5,28.03,125.28,19,1,0,61.73,SAME
1,100.0,20.0,2,0,0,86.89,HARDER
1,98.24,20.0,2,0,0,99.4,HARDER
3,25.0,134.23,15,3,0,75.06,HARDER
3,27.32,58.91,13,1,0,79.25,HARDER
2,41.83,43.97,6,0,0,84.63,HARDER
2,28.43,111.54,11,5,2,44.67,EASIER
1,25.0,109.48,11,9,4,60.4,SAME
5,25.0,233.67,25,7,3,66.22,EASIER
2,46.32,42.14,6,0,0,95.04,HARDER
3,28.42,95.46,14,2,0,50.16,SAME
1,48.4,49.57,4,2,0,61.14,SAME
5,29.56,144.19,20,2,1,94.22,EASIER
4,30.89,107.42,15,0,0,94.91,HARDER
2,49.21,58.94,6,0,0,94.11,HARDER
2,46.82,35.4,6,0,0,97.81,HARDER
5,28.11,278.12,26,8,4,37.18,EASIER
2,45.65,48.96,6,0,0,81.06,HARDER
4,34.45,124.87,15,0,0,79.96,HARDER
1,67.23,24.15,3,1,0,75.7,HARDER
3,25.0,210.0,19,7,4,47.12,EASIER
5,31.04,154.8,20,2,1,89.88,EASIER
2,36.88,68.27,8,2,0,86.75,HARDER
1,98.34,33.41,2,0,0,100.0,HARDER
1,75.03,35.82,3,1,0,95.8,HARDER
2,40.93,71.02,8,2,0,71.9,HARDER
5,26.84,156.28,23,5,0,73.77,SAME
4,26.32,197.32,20,5,3,76.04,EASIER
2,28.01,102.68,10,4,1,39.1,SAME
4,37.66,181.84,16,1,1,47.84,EASIER
2,37.85,85.42,9,3,0,68.04,HARDER
2,30.61,97.6,10,4,2,69.31,EASIER
5,34.71,188.82,19,1,1,77.96,EASIER
3,34.15,101.8,12,0,0,100.0,HARDER
2,42.2,75.36,7,1,1,74.45,EASIER
3,25.12,139.61,17,5,1,53.26,SAME
2,49.24,46.72,6,0,0,89.63,HARDER
3,27.04,136.39,16,4,1,58.5,SAME
2,40.54,46.22,7,1,0,81.52,HARDER
4,25.23,164.92,20,5,1,65.61,SAME
3,36.71,98.29,12,0,0,90.72,HARDER
2,40.01,95.84,7,1,1,55.19,EASIER
4,25.0,232.43,21,6,4,79.72,EASIER
1,99.63,27.07,2,0,0,100.0,HARDER
1,97.41,39.44,2,0,0,70.4,HARDER
2,54.9,71.7,6,0,0,73.53,HARDER
4,25.88,163.31,17,2,2,59.01,EASIER
1,68.36,55.17,3,1,1,68.2,SAME
2,32.1,85.01,8,2,0,84.86,HARDER
2,52.48,40.91,6,0,0,81.52,HARDER
3,29.68,82.83,14,2,0,87.1,HARDER
3,31.29,86.93,12,0,0,90.06,HARDER
4,25.0,133.88,19,4,2,46.35,EASIER
2,34.77,79.82,9,3,0,36.92,SAME
2,32.23,93.62,8,2,1,61.46,EASIER
2,51.0,52.34,6,0,0,100.0,HARDER
3,30.5,89.07,14,2,0,87.52,HARDER
1,59.03,32.74,4,2,0,62.47,SAME
3,35.86,87.35,12,0,0,88.32,HARDER
4,31.31,135.32,16,1,1,70.37,EASIER
1,40.06,56.37,5,3,0,65.54,HARDER
1,50.05,39.97,4,2,1,79.38,SAME
3,25.0,188.59,18,6,2,48.88,EASIER
3,25.0,132.77,15,3,1,62.57,SAME
5,31.6,182.64,21,3,1,83.44,SAME
2,38.36,80.02,8,2,1,58.96,EASIER
5,33.36,140.76,18,0,0,80.58,SAME
2,38.58,62.57,8,2,1,63.19,EASIER
5,25.78,219.67,20,2,2,64.55,EASIER
5,27.99,264.89,20,2,2,53.73,EASIER
5,25.0,239.63,25,7,3,45.52,EASIER
1,100.0,20.34,2,0,0,85.78,HARDER
1,67.46,40.84,3,1,0,63.88,SAME
1,51.85,59.07,4,2,2,72.42,SAME
5,32.27,218.74,22,4,2,62.69,EASIER
5,25.0,246.22,21,3,2,40.92,EASIER
2,40.02,89.8,8,2,1,47.21,EASIER
3,25.0,120.59,17,5,1,72.82,HARDER
4,29.13,110.13,16,1,0,65.09,HARDER
1,92.41,20.0,2,0,0,79.9,HARDER
4,33.84,103.37,16,1,1,61.41,EASIER
5,31.47,179.45,21,3,0,52.09,SAME
4,35.8,134.92,16,1,0,72.62,HARDER
5,25.0,187.69,22,4,2,57.08,EASIER
2,38.23,47.08,8,2,0,53.88,SAME
1,65.16,46.48,3,1,0,76.19,HARDER
3,25.78,147.32,13,1,1,76.51,EASIER
1,49.55,54.73,4,2,1,58.02,SAME
2,43.14,95.53,8,2,1,59.44,EASIER
4,25.2,139.26,19,4,2,76.39,EASIER
2,53.87,84.94,6,0,0,65.14,HARDER
1,93.67,32.58,2,0,0,51.41,SAME
3,25.0,149.84,17,5,3,54.5,EASIER
2,36.12,102.86,9,3,2,72.01,EASIER
2,47.98,54.8,6,0,0,69.52,HARDER
2,40.04,79.46,7,1,1,51.29,EASIER
4,29.85,215.03,16,1,1,61.25,EASIER
1,50.72,30.64,4,2,0,44.62,SAME
3,25.0,160.1,18,6,4,56.47,EASIER
5,32.62,243.45,19,1,1,41.24,EASIER
5,29.13,182.25,19,1,0,63.3,SAME
4,26.99,221.51,18,3,1,40.55,EASIER
4,32.0,118.57,16,1,0,66.74,HARDER
1,97.6,24.87,2,0,0,37.72,SAME
2,47.96,61.9,7,1,0,55.45,SAME
4,30.5,158.56,17,2,1,42.28,EASIER
3,25.0,133.96,15,3,2,58.56,EASIER
1,74.43,28.89,3,1,0,71.01,HARDER
4,26.93,167.08,17,2,2,86.45,EASIER
5,31.16,192.99,21,3,1,64.25,EASIER
2,47.65,76.64,6,0,0,70.53,HARDER
1,52.23,45.05,4,2,0,53.97,SAME
5,35.3,149.42,19,1,1,81.6,EASIER
2,45.01,73.86,7,1,0,93.94,HARDER
1,98.05,41.7,2,0,0,77.53,HARDER
3,28.25,81.95,13,1,0,90.33,HARDER
1,97.61,20.0,2,0,0,92.57,HARDER
1,41.22,71.17,6,4,3,48.12,SAME
5,27.93,238.45,22,4,4,40.4,EASIER
2,44.25,47.7,6,0,0,94.42,HARDER
2,55.45,67.54,6,0,0,71.51,HARDER
4,28.81,227.95,19,4,2,65.11,EASIER
4,33.1,133.5,16,1,1,70.83,EASIER
2,54.81,59.02,6,0,0,85.4,HARDER
5,26.76,290.6,22,4,3,56.7,EASIER
3,29.98,77.46,13,1,0,80.1,HARDER
2,50.22,79.74,6,0,0,73.82,HARDER
1,97.71,20.0,2,0,0,68.82,HARDER
5,31.21,171.35,20,2,0,66.23,SAME
2,35.06,70.3,9,3,2,59.94,EASIER
3,25.0,143.68,14,2,0,61.6,SAME
2,27.5,102.39,10,4,0,49.26,SAME
1,99.58,21.85,2,0,0,77.47,HARDER
1,55.96,23.62,4,2,0,64.98,SAME
1,55.23,39.12,4,2,0,78.33,HARDER
5,25.0,300.0,26,8,6,70.32,EASIER
2,50.95,31.5,6,0,0,88.33,HARDER
3,33.84,120.28,13,1,0,78.79,HARDER
4,25.0,239.68,23,8,7,59.1,EASIER
1,67.11,20.0,3,1,0,74.04,HARDER
1,29.34,67.29,7,5,1,63.59,SAME
1,69.45,56.45,3,1,1,58.16,SAME
1,65.76,30.86,3,1,0,67.97,HARDER
2,53.03,38.72,6,0,0,71.41,HARDER
1,56.73,36.95,4,2,0,75.41,HARDER
4,29.52,128.66,17,2,1,72.78,EASIER
5,30.12,178.46,20,2,1,82.45,EASIER
5,25.0,227.51,23,5,5,66.84,EASIER
5,34.32,175.65,19,1,0,65.44,SAME
5,28.85,190.19,23,5,2,55.14,EASIER
3,25.0,168.47,22,10,3,68.57,SAME
1,100.0,37.08,2,0,0,72.68,HARDER
2,35.28,111.49,9,3,2,52.13,EASIER
3,25.0,185.41,22,10,5,60.72,EASIER
2,50.31,78.7,6,0,0,64.19,SAME
5,26.62,158.27,21,3,3,55.21,EASIER
5,29.51,241.77,24,6,5,64.47,EASIER
4,31.43,166.21,17,2,1,74.38,EASIER
5,25.0,205.37,22,4,1,69.18,SAME
4,25.2,168.62,17,2,2,58.78,EASIER
2,43.39,63.55,7,1,0,81.53,HARDER
2,51.08,65.18,6,0,0,65.38,EASIER
5,25.0,143.65,22,4,0,91.05,SAME
2,35.57,80.81,9,3,1,59.03,SAME
2,44.08,69.23,7,1,0,85.96,HARDER
1,49.35,40.94,4,2,1,75.84,SAME
2,25.0,127.48,13,7,3,46.79,EASIER
2,51.68,62.76,6,0,0,90.39,HARDER
2,30.19,89.61,11,5,2,40.64,EASIER
3,32.35,108.41,12,0,0,48.62,SAME
3,28.35,92.19,14,2,0,49.72,SAME
3,32.79,81.23,12,0,0,98.36,HARDER
5,26.35,286.36,25,7,5,41.07,EASIER
5,31.76,186.53,20,2,1,56.67,EASIER
4,33.32,205.39,16,1,0,57.12,EASIER
5,31.98,179.83,20,2,1,85.72,EASIER
2,26.64,67.43,10,4,0,52.33,SAME
2,45.43,63.73,7,1,0,78.77,HARDER
3,25.0,122.39,15,3,1,59.37,SAME
2,30.86,101.47,9,3,2,58.22,EASIER
2,36.32,84.58,8,2,1,53.6,EASIER
1,95.61,20.0,2,0,0,97.13,HARDER
2,47.97,61.35,7,1,0,68.48,HARDER
3,25.0,111.02,15,3,0,81.98,HARDER
3,27.91,129.76,15,3,1,59.22,SAME
1,34.02,51.06,5,3,0,57.4,SAME
5,34.96,171.53,19,1,1,97.29,EASIER
4,25.0,250.0,20,5,4,40.35,EASIER
3,29.13,106.85,14,2,1,71.77,EASIER
4,25.0,208.36,22,7,3,48.97,EASIER
2,32.16,107.57,9,3,2,50.24,EASIER
2,48.09,56.05,6,0,0,79.27,HARDER
5,32.86,131.83,19,1,0,69.75,SAME
3,25.0,128.38,13,1,0,49.06,SAME
4,25.0,159.09,19,4,0,92.24,HARDER
5,25.0,300.0,23,5,3,31.6,EASIER
1,98.05,29.24,2,0,0,82.88,HARDER
2,41.13,58.92,7,1,0,88.24,HARDER
4,25.0,169.51,20,5,1,61.28,SAME
1,67.48,28.03,3,1,0,76.49,HARDER
1,99.79,42.93,2,0,0,67.36,HARDER
3,32.67,124.66,14,2,0,76.41,HARDER
5,30.14,204.72,19,1,0,47.45,SAME
4,29.82,133.81,17,2,1,86.27,EASIER
4,27.01,211.25,18,3,3,45.77,EASIER
3,25.0,139.0,18,6,5,65.01,EASIER
2,51.92,40.1,6,0,0,84.33,HARDER
4,26.83,108.04,16,1,0,75.4,HARDER
4,27.68,226.15,20,5,3,36.58,EASIER
5,25.0,267.39,23,5,4,26.07,EASIER
5,25.0,165.81,23,5,2,60.81,EASIER
5,25.38,172.98,21,3,3,83.33,EASIER
3,30.45,115.35,13,1,1,57.57,EASIER
4,29.68,167.71,17,2,1,68.81,EASIER
4,28.46,138.84,18,3,0,71.88,HARDER
5,28.04,194.11,22,4,2,57.53,EASIER
5,27.68,244.34,22,4,3,44.38,EASIER
4,25.0,207.14,19,4,2,62.68,EASIER
5,27.65,270.35,21,3,2,51.56,EASIER
1,99.3,22.65,2,0,0,61.13,SAME
4,27.18,163.84,16,1,1,72.91,EASIER
3,25.0,176.91,19,7,4,67.52,EASIER
1,100.0,20.0,2,0,0,89.99,HARDER
3,25.0,168.67,18,6,4,45.34,EASIER
3,30.94,135.24,13,1,1,54.5,EASIER
1,38.7,53.6,6,4,1,61.26,SAME
4,33.29,118.04,16,1,0,77.9,HARDER
1,100.0,25.63,2,0,0,96.54,HARDER
3,25.0,130.77,15,3,2,44.31,EASIER
2,25.0,140.53,15,9,5,76.19,EASIER
2,32.53,92.97,10,4,2,77.6,EASIER
1,100.0,35.92,2,0,0,68.38,HARDER
2,51.01,55.29,6,0,0,78.15,HARDER
3,25.0,112.11,15,3,0,69.76,HARDER
5,25.5,211.18,24,6,3,86.23,EASIER
4,26.43,159.5,19,4,3,73.95,EASIER
2,47.0,46.19,6,0,0,89.08,HARDER
3,30.65,80.48,14,2,1,66.59,EASIER
3,27.75,152.55,15,3,2,83.25,EASIER
1,100.0,20.0,2,0,0,84.35,HARDER
4,27.83,102.29,19,4,0,64.89,SAME
5,25.0,300.0,26,8,3,28.28,EASIER
1,100.0,20.66,2,0,0,65.22,HARDER
2,32.09,78.3,10,4,1,72.46,SAME
1,100.0,20.0,2,0,0,91.45,HARDER
1,100.0,20.0,2,0,0,100.0,HARDER
1,32.18,56.33,6,4,2,65.24,SAME
1,38.92,41.79,5,3,0,66.87,HARDER
5,26.33,290.76,26,8,6,44.25,HARDER
2,37.88,48.87,8,2,0,70.27,HARDER
1,100.0,42.79,2,0,0,73.55,HARDER
1,49.24,49.98,4,2,1,61.72,SAME
1,40.22,44.72,5,3,1,52.4,SAME
1,64.68,38.58,3,1,1,60.28,SAME
5,32.48,182.3,20,2,1,65.67,EASIER
5,25.0,300.0,25,7,4,51.69,EASIER
5,25.0,207.91,26,8,5,55.87,EASIER
2,56.11,50.23,6,0,0,72.04,HARDER
2,57.11,83.05,6,0,0,70.72,HARDER
3,32.19,99.33,14,2,0,88.39,HARDER
2,29.07,122.6,11,5,2,71.55,EASIER
2,34.26,87.15,10,4,0,65.76,HARDER
1,100.0,27.56,2,0,0,80.91,HARDER
1,95.18,20.0,2,0,0,80.75,HARDER
1,100.0,22.63,2,0,0,93.75,HARDER
4,31.17,159.42,17,2,0,73.25,HARDER
3,30.51,104.97,14,2,0,74.82,HARDER
5,29.18,224.37,21,3,2,79.75,EASIER
4,32.39,146.64,16,1,0,95.53,HARDER
2,30.9,83.63,9,3,0,43.83,SAME
1,34.14,66.01,7,5,2,50.58,SAME
5,31.51,116.22,18,0,0,87.45,SAME
4,25.0,221.12,21,6,3,51.82,EASIER
5,25.0,270.69,22,4,3,49.29,EASIER
5,26.83,277.42,22,4,2,40.88,EASIER
3,29.1,122.23,16,4,2,57.97,EASIER
1,28.92,72.33,8,6,3,39.17,SAME
4,26.34,173.97,17,2,0,70.63,HARDER
3,35.76,74.96,12,0,0,100.0,HARDER
3,28.19,113.53,14,2,0,66.03,HARDER
3,25.0,105.86,14,2,1,72.77,EASIER
3,28.62,113.2,14,2,1,63.62,EASIER
5,33.8,123.79,20,2,0,62.09,SAME
3,33.89,54.59,12,0,0,82.44,HARDER
1,97.35,20.0,2,0,0,100.0,HARDER
4,34.21,154.3,17,2,1,79.09,EASIER
4,25.28,201.06,20,5,3,61.37,EASIER
2,33.77,72.49,9,3,0,75.95,HARDER
3,33.61,67.87,12,0,0,97.6,HARDER
2,37.33,64.31,8,2,1,60.45,EASIER
4,25.26,205.8,20,5,2,70.43,EASIER
1,51.02,44.7,4,2,0,63.56,SAME
2,46.62,32.68,7,1,0,68.98,HARDER
3,25.0,124.02,17,5,2,72.24,EASIER
3,27.54,172.52,15,3,3,66.48,EASIER
3,31.16,154.52,15,3,0,73.4,SAME
1,98.5,27.48,2,0,0,80.86,HARDER
3,25.0,138.93,18,6,3,55.82,EASIER
1,54.07,50.29,4,2,1,73.32,SAME
2,42.11,80.52,7,1,0,80.37,HARDER
2,30.57,133.07,10,4,1,50.15,EASIER
2,36.35,71.71,7,1,0,73.49,HARDER
3,28.45,118.02,15,3,1,69.33,SAME
1,97.23,34.26,2,0,0,84.17,HARDER
4,26.82,143.97,22,7,3,57.18,EASIER
3,27.72,140.83,16,4,1,77.22,SAME
1,98.65,30.42,2,0,0,100.0,HARDER
5,31.01,192.68,22,4,1,80.84,SAME
5,26.98,272.5,21,3,1,32.02,EASIER
1,39.43,70.3,5,3,0,64.83,SAME
3,25.3,114.63,13,1,1,59.87,EASIER
5,28.25,172.85,20,2,1,69.6,EASIER
5,33.7,203.66,19,1,0,41.28,SAME
2,33.18,77.23,9,3,0,61.25,SAME
4,30.68,105.39,18,3,1,58.32,SAME
5,25.63,256.92,22,4,2,66.28,EASIER
5,35.9,148.31,18,0,0,96.43,SAME
1,98.4,53.34,2,0,0,59.0,SAME
3,25.0,153.34,16,4,1,72.65,SAME
3,32.86,106.57,13,1,1,76.34,EASIER
2,47.64,68.79,7,1,0,54.55,SAME
1,96.62,33.68,2,0,0,85.53,HARDER
4,32.71,169.56,17,2,1,55.16,EASIER
1,100.0,20.0,2,0,0,76.82,HARDER
2,40.06,64.92,8,2,0,59.65,SAME
4,29.54,140.1,18,3,1,59.73,SAME
2,39.12,57.26,8,2,0,81.17,HARDER
5,25.0,241.76,25,7,4,76.11,EASIER
5,28.55,120.75,19,1,0,89.53,SAME
2,53.46,51.83,6,0,0,85.13,HARDER
4,26.62,136.18,18,3,1,62.83,SAME
4,29.65,94.46,18,3,0,60.49,SAME
4,25.42,230.07,19,4,4,46.66,EASIER
2,48.65,33.42,6,0,0,84.27,HARDER
1,100.0,41.32,2,0,0,86.26,HARDER
1,68.88,35.52,3,1,0,70.88,HARDER
2,48.27,82.38,6,0,0,73.35,HARDER
4,28.5,200.15,19,4,2,75.46,EASIER
5,29.24,143.7,22,4,1,52.18,SAME
1,100.0,36.15,2,0,0,74.86,HARDER
1,65.82,39.71,3,1,0,69.44,HARDER
2,56.34,49.72,6,0,0,79.4,EASIER
3,25.47,104.4,14,2,0,73.32,HARDER
1,100.0,24.65,2,0,0,70.83,HARDER
1,100.0,25.35,2,0,0,73.31,HARDER
2,52.56,41.49,6,0,0,86.0,HARDER
1,100.0,43.51,2,0,0,83.96,HARDER
4,37.4,158.52,18,3,2,50.89,EASIER
1,99.27,47.0,2,0,0,63.01,SAME
1,43.6,39.68,5,3,1,54.15,SAME
2,45.49,47.57,7,1,1,68.66,EASIER
1,62.51,20.0,3,1,0,72.97,HARDER
3,25.55,134.77,16,4,1,53.0,SAME
3,25.0,168.45,16,4,0,52.96,SAME
2,46.4,62.62,6,0,0,100.0,HARDER
5,25.0,246.26,22,4,1,74.52,SAME
3,25.0,127.55,15,3,0,58.67,SAME
5,30.11,143.92,21,3,2,62.51,EASIER
2,27.17,119.69,10,4,2,76.66,EASIER
4,28.81,151.06,17,2,1,83.67,EASIER
1,50.56,36.56,4,2,0,86.35,HARDER
4,30.72,139.57,15,0,0,100.0,HARDER
5,26.0,215.13,25,7,5,80.09,EASIER
5,32.08,164.03,20,2,2,76.03,EASIER
2,45.12,62.16,8,2,0,85.46,HARDER
4,34.88,101.56,16,1,1,83.26,EASIER
5,25.55,210.92,23,5,2,67.85,EASIER
3,29.5,94.05,14,2,0,67.02,HARDER
5,25.0,159.07,23,5,2,100.0,SAME
4,30.4,209.3,17,2,2,68.82,EASIER
3,27.86,139.79,13,1,1,64.0,EASIER
4,33.12,130.19,16,1,1,79.22,EASIER
2,43.12,59.02,7,1,1,82.46,EASIER
3,25.81,102.55,15,3,1,57.81,SAME
4,27.61,218.32,20,5,2,43.14,EASIER
1,100.0,20.0,2,0,0,75.03,HARDER
3,31.17,133.68,14,2,1,63.16,EASIER
1,100.0,20.0,2,0,0,95.04,HARDER
5,28.84,171.15,19,1,1,64.59,EASIER
2,49.55,59.99,6,0,0,74.52,HARDER
4,30.34,113.84,16,1,0,71.69,HARDER
3,25.0,144.5,15,3,2,69.42,EASIER
2,40.95,51.43,7,1,0,92.07,HARDER
5,30.97,196.79,22,4,1,55.42,SAME
5,25.0,237.05,25,7,3,76.06,EASIER
2,38.89,90.05,8,2,1,70.04,EASIER
3,25.0,149.53,16,4,0,56.56,SAME
2,42.76,69.49,6,0,0,95.58,HARDER
1,100.0,22.64,2,0,0,72.95,HARDER
3,36.46,74.11,12,0,0,81.31,HARDER
3,28.12,106.94,13,1,0,84.09,HARDER
2,29.37,108.8,10,4,1,51.84,SAME
3,25.09,136.35,17,5,2,59.83,EASIER
3,27.5,85.59,13,1,0,84.31,HARDER
3,30.35,92.96,13,1,1,65.36,EASIER
5,31.41,177.35,20,2,0,52.6,SAME
1,100.0,20.0,2,0,0,96.53,HARDER
2,44.08,81.74,8,2,0,54.09,SAME
2,53.32,58.97,6,0,0,75.4,HARDER
2,31.22,77.93,9,3,3,100.0,EASIER
1,27.77,79.75,7,5,1,56.65,SAME
5,28.33,267.01,24,6,2,53.61,EASIER
4,30.25,153.02,15,0,0,67.0,HARDER
1,100.0,20.0,2,0,0,81.35,HARDER
1,42.79,41.34,5,3,1,56.65,SAME
3,36.3,73.07,13,1,1,67.25,EASIER
3,31.25,108.45,14,2,1,68.02,EASIER
4,27.2,212.24,17,2,1,47.18,EASIER
3,26.82,179.11,18,6,3,60.08,EASIER
3,25.12,146.69,17,5,3,32.79,EASIER
4,25.0,223.31,23,8,3,53.55,EASIER
4,25.0,250.0,22,7,2,79.25,SAME
3,35.25,91.76,12,0,0,56.3,SAME
4,26.14,142.49,19,4,2,75.66,EASIER
1,66.57,31.92,3,1,1,72.46,SAME
5,25.0,218.57,21,3,1,61.55,EASIER
4,30.96,161.39,18,3,1,73.26,SAME
3,28.7,108.55,14,2,0,74.5,HARDER
5,30.28,220.83,21,3,1,53.78,EASIER
2,46.4,73.64,7,1,0,94.87,HARDER
1,66.03,45.12,3,1,0,65.48,HARDER
5,34.11,215.08,18,0,0,67.26,SAME
2,41.66,62.58,7,1,0,71.37,HARDER
4,31.63,172.03,19,4,2,64.83,EASIER
5,25.97,300.0,21,3,1,52.89,EASIER
2,51.94,66.0,6,0,0,67.71,HARDER
3,29.75,92.73,12,0,0,64.57,SAME
5,25.0,182.58,22,4,3,75.65,EASIER
2,36.55,104.34,8,2,0,49.83,SAME
1,40.45,58.2,5,3,2,34.67,SAME
2,53.38,45.68,6,0,0,79.05,HARDER
2,25.0,109.93,17,11,3,52.72,SAME
2,43.24,46.75,7,1,0,67.45,HARDER
5,31.21,262.84,19,1,1,51.87,EASIER
5,27.63,219.3,22,4,2,68.68,EASIER
2,43.94,68.29,7,1,0,66.56,HARDER
2,37.51,89.57,9,3,0,43.23,SAME
4,26.46,202.19,21,6,2,67.59,SAME
3,32.81,103.6,13,1,0,75.49,HARDER
4,27.57,128.49,17,2,1,80.02,EASIER
4,25.0,189.8,19,4,3,49.6,EASIER
4,26.89,121.56,17,2,1,71.56,EASIER
5,25.0,293.54,25,7,4,51.33,EASIER
3,28.91,112.5,15,3,2,79.73,EASIER
3,25.0,166.94,18,6,3,37.25,EASIER
4,25.83,180.88,22,7,2,68.03,SAME
1,99.52,20.0,2,0,0,87.66,HARDER
3,25.0,149.78,16,4,2,52.22,EASIER
2,44.65,52.83,7,1,1,91.88,EASIER
1,70.02,47.42,3,1,1,71.65,SAME
4,29.36,158.6,19,4,3,54.24,EASIER
2,37.65,71.11,8,2,1,75.08,EASIER
5,25.95,268.99,24,6,4,65.41,EASIER
1,100.0,35.77,2,0,0,82.32,HARDER
1,71.66,37.56,3,1,1,67.8,SAME
1,25.0,68.68,9,7,0,55.17,SAME
1,67.47,46.57,3,1,0,91.23,HARDER
2,37.19,81.49,8,2,1,70.13,EASIER
1,100.0,66.04,2,0,0,47.86,SAME
5,27.35,300.0,23,5,5,46.07,EASIER
3,25.0,167.34,16,4,2,70.33,EASIER
4,33.5,106.84,15,0,0,73.7,HARDER
2,39.13,80.39,8,2,0,51.66,SAME
3,27.13,83.14,13,1,0,83.51,HARDER
3,29.15,128.36,14,2,0,59.49,SAME
5,27.65,267.52,26,8,4,55.02,EASIER
1,68.95,52.49,3,1,1,65.01,SAME
3,30.07,165.5,15,3,1,67.53,SAME
2,50.19,101.4,6,0,0,60.34,SAME
2,55.06,40.89,6,0,0,79.7,HARDER
1,100.0,39.23,2,0,0,73.4,HARDER
4,25.43,116.99,18,3,0,93.89,SAME
2,50.43,43.73,6,0,0,64.72,SAME
4,28.37,196.49,19,4,2,64.18,EASIER
3,32.56,146.31,13,1,0,61.92,SAME
2,44.33,59.16,7,1,0,78.3,HARDER
5,34.0,139.69,19,1,1,88.51,EASIER
1,68.33,28.9,3,1,0,89.22,HARDER
5,25.3,198.92,23,5,2,68.19,EASIER
1,100.0,30.75,2,0,0,75.43,HARDER
1,46.16,28.57,4,2,0,54.72,SAME
2,40.04,35.02,7,1,0,88.66,HARDER
4,28.94,182.27,19,4,2,43.0,EASIER
1,25.0,74.87,8,6,2,66.53,SAME
3,25.0,130.69,16,4,1,68.38,SAME
1,25.0,118.41,8,6,4,58.49,SAME
1,67.99,29.57,3,1,0,88.09,HARDER
4,34.51,135.08,16,1,0,89.96,HARDER
2,54.5,46.81,6,0,0,93.96,HARDER
1,25.0,120.0,13,11,4,47.12,SAME
3,27.85,108.27,14,2,1,66.03,EASIER
5,25.0,277.43,24,6,5,55.16,EASIER
2,43.01,53.41,7,1,0,68.19,HARDER
5,28.71,172.79,19,1,0,67.88,SAME
4,27.01,150.14,18,3,2,64.6,EASIER
1,37.38,83.47,5,3,2,56.73,SAME
4,33.63,133.09,16,1,0,68.63,HARDER
1,65.83,22.67,3,1,0,64.24,SAME
3,26.15,103.68,14,2,1,88.6,EASIER
5,25.76,219.45,24,6,5,52.94,EASIER
5,25.0,224.64,24,6,3,49.59,EASIER
4,26.93,207.69,22,7,5,59.92,EASIER
3,33.72,116.31,14,2,1,79.51,EASIER
4,29.61,167.75,18,3,1,51.59,EASIER
3,26.02,87.89,13,1,0,93.06,HARDER
4,31.59,186.28,18,3,1,70.73,SAME
5,26.59,170.58,21,3,2,68.61,EASIER
5,25.45,180.0,23,5,1,52.53,SAME
5,25.86,220.01,24,6,1,34.59,SAME
5,29.62,222.52,21,3,2,48.8,EASIER
3,25.0,174.08,16,4,1,62.87,EASIER
1,54.84,46.01,4,2,1,47.53,SAME
3,31.14,85.04,12,0,0,78.14,HARDER
2,40.3,90.14,7,1,0,59.23,SAME
3,27.76,81.68,12,0,0,72.69,HARDER
1,98.1,20.69,2,0,0,70.2,HARDER
5,28.84,228.57,20,2,2,52.89,EASIER
3,25.0,130.98,15,3,2,66.36,EASIER
1,39.48,50.34,5,3,0,85.61,HARDER
2,50.61,74.53,6,0,0,70.11,HARDER
3,30.98,127.99,14,2,1,65.83,EASIER
4,25.0,159.79,21,6,4,90.78,EASIER
1,28.87,59.45,7,5,1,56.21,SAME
1,67.62,30.67,3,1,0,74.59,HARDER
4,25.82,164.84,21,6,0,71.23,HARDER
1,100.0,34.54,2,0,0,90.02,SAME
3,25.23,135.2,13,1,0,41.24,SAME
4,28.53,138.08,18,3,1,94.65,SAME
3,30.94,106.74,13,1,0,46.69,SAME
4,32.55,171.53,17,2,0,64.68,SAME
1,59.01,26.57,3,1,0,66.41,HARDER
3,31.34,115.75,13,1,0,49.74,SAME
3,30.05,71.27,13,1,0,64.69,SAME
3,33.59,101.98,13,1,1,68.03,EASIER
5,25.0,300.0,23,5,4,27.44,EASIER
2,56.76,54.92,6,0,0,92.54,HARDER
4,26.33,171.95,19,4,2,69.69,EASIER
3,28.64,183.43,15,3,2,52.33,EASIER
3,27.21,107.67,13,1,0,73.72,HARDER
2,46.34,71.48,7,1,0,72.32,HARDER
4,27.66,170.66,18,3,1,65.38,SAME
1,98.76,20.0,2,0,0,81.4,HARDER
1,100.0,20.0,2,0,0,90.76,HARDER
4,31.16,204.42,17,2,2,74.04,EASIER
4,32.71,130.09,16,1,1,73.56,EASIER
4,27.0,199.0,20,5,1,55.01,HARDER
1,100.0,20.0,2,0,0,100.0,HARDER
3,28.37,84.68,12,0,0,75.42,HARDER
4,29.53,125.45,15,0,0,100.0,HARDER
5,32.37,141.91,20,2,0,76.3,SAME
5,27.83,193.39,21,3,2,64.51,EASIER
4,37.38,88.41,15,0,0,80.74,HARDER
5,31.49,141.94,21,3,0,69.64,SAME
4,33.84,138.95,15,0,0,65.75,HARDER
1,31.83,75.14,7,5,1,33.29,SAME
1,69.19,37.61,3,1,0,71.97,HARDER
4,34.24,133.06,15,0,0,97.09,HARDER
4,25.0,149.97,19,4,1,71.53,SAME
2,40.79,43.95,7,1,0,74.86,HARDER
1,36.73,84.91,6,4,1,64.64,SAME
5,25.0,248.01,22,4,3,62.93,EASIER
5,30.47,140.27,19,1,0,57.77,SAME
1,40.69,50.59,5,3,0,75.81,HARDER
4,25.0,158.9,19,4,2,69.74,HARDER
3,34.09,101.95,12,0,0,97.55,EASIER
1,99.48,24.07,2,0,0,85.55,HARDER
4,32.2,164.55,17,2,1,78.94,EASIER
2,29.58,97.83,11,5,1,64.94,SAME
2,48.33,64.23,6,0,0,77.95,HARDER
2,51.59,39.38,6,0,0,58.0,SAME
5,30.32,154.0,18,0,0,71.07,SAME
1,40.06,67.32,5,3,2,68.54,SAME
1,63.65,37.79,3,1,0,53.28,SAME
5,25.0,245.54,27,9,4,69.75,EASIER
3,30.92,129.08,14,2,2,57.35,EASIER
5,32.52,139.1,19,1,0,55.08,SAME
3,28.95,97.57,14,2,0,66.41,HARDER
2,40.78,34.94,7,1,0,100.0,HARDER
5,28.26,149.85,19,1,0,91.84,SAME
3,31.34,88.58,13,1,0,70.12,HARDER
1,25.13,81.82,8,6,1,61.24,SAME
1,68.07,61.73,3,1,0,62.69,SAME
2,31.45,119.74,10,4,0,62.9,SAME
2,48.67,74.64,6,0,0,48.42,SAME
4,33.62,127.99,16,1,0,80.28,HARDER
5,26.05,300.0,22,4,2,35.44,EASIER
1,50.09,76.39,4,2,2,52.23,SAME
3,26.78,96.2,13,1,0,77.95,HARDER
1,99.53,24.83,2,0,0,65.87,HARDER
1,98.27,22.32,2,0,0,92.53,HARDER
1,100.0,32.43,2,0,0,83.94,HARDER
4,30.75,155.93,16,1,0,61.15,SAME
4,25.0,188.74,18,3,2,71.69,EASIER
4,25.0,250.0,21,6,4,54.8,EASIER
4,25.0,155.14,19,4,1,73.37,SAME
2,38.06,74.89,9,3,2,81.39,EASIER
5,29.08,178.46,23,5,2,77.23,EASIER
4,34.69,112.94,15,0,0,61.17,SAME
3,25.07,123.26,14,2,0,59.29,SAME
1,50.14,26.48,4,2,0,62.93,HARDER
4,28.85,221.69,20,5,3,47.67,EASIER
3,25.0,156.2,17,5,2,66.07,EASIER
4,36.22,129.98,18,3,3,82.56,EASIER
5,29.58,219.67,20,2,0,83.73,SAME
4,29.03,145.02,18,3,2,85.74,EASIER
1,97.6,33.22,2,0,0,82.48,HARDER
3,30.89,101.18,13,1,0,77.24,HARDER
3,37.97,57.94,12,0,0,90.83,HARDER
3,29.35,102.97,14,2,1,90.56,EASIER
3,26.33,94.33,13,1,1,78.67,EASIER
5,25.0,258.2,27,9,6,82.17,EASIER
2,36.53,82.46,9,3,1,59.59,SAME
4,26.88,169.02,18,3,3,54.16,EASIER
3,30.62,73.15,12,0,0,68.95,HARDER
4,30.78,206.24,17,2,0,49.74,EASIER
2,34.23,86.49,9,3,1,77.04,SAME
4,26.97,166.92,17,2,2,72.96,EASIER
2,49.63,40.88,6,0,0,91.72,HARDER
1,99.37,24.42,2,0,0,100.0,HARDER
2,50.29,49.61,6,0,0,74.06,HARDER
4,31.19,142.04,17,2,1,56.27,EASIER
4,34.76,97.21,15,0,0,95.79,HARDER
1,73.06,23.38,3,1,0,57.98,SAME
4,26.34,137.31,19,4,1,84.44,SAME
3,25.0,140.64,17,5,1,67.75,HARDER
3,36.14,112.7,12,0,0,75.95,HARDER
5,26.35,131.67,20,2,0,65.19,SAME
4,25.45,186.36,20,5,2,56.5,EASIER
5,25.0,213.59,25,7,3,59.96,EASIER
3,30.86,68.4,13,1,0,97.25,HARDER
1,100.0,20.0,2,0,0,86.19,HARDER
1,47.93,36.22,4,2,1,58.34,SAME
5,25.0,290.26,24,6,5,32.21,EASIER
4,27.33,146.66,19,4,3,42.85,EASIER
2,48.78,66.36,6,0,0,64.76,SAME
1,98.02,20.0,2,0,0,95.8,HARDER
4,26.43,174.07,19,4,2,77.72,EASIER
5,26.65,252.55,20,2,2,57.96,EASIER
3,29.83,145.75,15,3,0,50.08,SAME
2,34.58,45.61,8,2,0,71.96,HARDER
3,25.0,188.59,16,4,2,50.15,EASIER
2,51.26,57.37,6,0,0,72.89,HARDER
3,29.03,106.61,14,2,0,79.17,HARDER
4,26.26,182.29,18,3,2,72.91,EASIER
4,29.77,158.45,17,2,1,83.31,EASIER
2,51.34,61.38,6,0,0,82.86,HARDER
2,34.08,77.34,9,3,1,70.94,SAME
3,28.59,89.53,14,2,1,74.66,EASIER
4,29.49,238.96,18,3,3,48.96,EASIER
3,33.58,80.88,13,1,0,87.06,HARDER
5,25.0,251.15,23,5,4,74.57,EASIER
3,28.43,119.82,13,1,0,65.98,HARDER
4,27.39,196.48,17,2,1,54.14,EASIER
1,100.0,20.0,2,0,0,76.44,HARDER
4,25.0,243.07,21,6,2,64.27,EASIER
5,28.0,152.69,19,1,0,58.28,SAME
3,27.38,116.65,14,2,0,64.94,SAME
4,25.0,227.61,20,5,3,35.47,EASIER
4,29.72,191.11,17,2,1,64.94,EASIER
4,29.34,114.43,18,3,0,75.62,HARDER
4,25.0,181.77,19,4,1,76.4,SAME
1,68.08,58.77,3,1,0,86.42,HARDER
4,25.0,109.35,17,2,1,76.03,EASIER
2,49.02,48.1,6,0,0,96.55,HARDER
3,26.99,129.37,15,3,1,52.42,EASIER
1,65.55,37.26,3,1,0,54.62,SAME
3,25.22,128.32,15,3,2,65.07,EASIER
3,25.0,210.0,18,6,4,25.0,EASIER
4,30.85,141.59,18,3,1,59.86,SAME
5,29.51,264.89,21,3,2,45.64,EASIER
5,25.0,240.42,24,6,4,57.3,EASIER
1,38.33,53.55,5,3,0,66.72,HARDER
3,28.8,129.7,13,1,0,70.18,HARDER
4,34.47,155.89,15,0,0,85.88,HARDER
2,45.8,88.14,7,1,0,56.28,SAME
3,34.44,101.78,12,0,0,92.12,HARDER
2,41.39,55.78,7,1,1,87.01,EASIER
4,27.94,155.2,18,3,2,55.8,EASIER
1,96.46,32.49,2,0,0,90.74,HARDER
5,26.14,243.02,24,6,4,32.8,EASIER
3,25.82,139.75,14,2,1,68.34,EASIER
2,35.63,67.8,8,2,0,64.2,SAME
4,27.32,168.2,21,6,2,76.07,SAME
4,30.16,127.61,16,1,1,82.01,EASIER
2,53.9,60.88,6,0,0,49.14,SAME
3,36.42,102.78,12,0,0,79.98,HARDER
4,29.86,218.08,19,4,3,58.2,EASIER
5,26.36,170.16,21,3,1,84.97,SAME
3,32.72,66.79,12,0,0,100.0,HARDER
5,31.85,174.38,20,2,2,68.74,EASIER
3,30.63,122.59,13,1,0,69.47,HARDER
1,99.21,35.62,2,0,0,86.1,HARDER
4,25.0,195.0,20,5,2,58.09,EASIER
3,34.61,110.45,12,0,0,99.67,HARDER
3,32.49,80.7,12,0,0,77.63,HARDER
2,32.4,137.81,11,5,3,41.45,EASIER
5,27.55,300.0,23,5,4,50.29,EASIER
1,91.11,20.36,2,0,0,68.08,HARDER
4,25.0,176.9,20,5,3,60.25,EASIER
5,27.76,158.6,20,2,0,92.27,SAME
5,26.0,169.18,22,4,4,61.71,EASIER
5,28.94,226.98,24,6,3,68.08,EASIER
2,49.71,71.46,6,0,0,54.52,SAME
4,28.19,146.67,19,4,1,40.62,SAME
2,38.98,50.55,8,2,1,52.63,EASIER
4,32.79,176.96,17,2,0,58.85,SAME
3,35.99,77.65,13,1,0,83.23,HARDER
3,25.0,190.06,17,5,3,44.14,HARDER
5,25.38,244.52,23,5,4,65.11,EASIER
4,26.15,163.32,18,3,0,63.13,SAME
5,25.0,290.28,26,8,4,51.22,EASIER
4,25.0,227.98,20,5,3,68.94,EASIER
2,40.83,41.64,7,1,0,79.28,HARDER
2,30.84,160.0,12,6,5,45.87,EASIER
3,30.09,96.42,12,0,0,78.53,HARDER
2,35.4,109.78,10,4,3,50.42,EASIER
2,49.37,57.18,6,0,0,82.62,HARDER
5,34.86,177.12,20,2,1,82.07,EASIER
1,97.79,27.16,2,0,0,85.76,HARDER
1,99.92,35.92,2,0,0,83.14,HARDER
1,68.53,20.0,3,1,0,75.24,HARDER
2,34.42,69.04,8,2,0,73.62,HARDER
1,96.75,22.96,2,0,0,79.44,HARDER
4,33.8,122.95,15,0,0,98.57,HARDER
3,28.26,76.39,14,2,1,100.0,EASIER
5,25.0,258.51,27,9,6,65.31,EASIER
5,26.27,251.43,19,1,0,64.09,EASIER
3,30.11,131.23,13,1,0,92.09,HARDER
4,25.0,183.96,23,8,2,41.82,SAME
5,25.0,291.23,24,6,4,26.87,EASIER
4,26.55,143.89,20,5,3,31.01,EASIER
2,48.39,74.4,6,0,0,99.58,HARDER
5,25.0,300.0,26,8,6,51.7,EASIER
2,38.3,85.03,8,2,1,60.16,EASIER
3,25.0,172.95,16,4,2,65.76,EASIER
4,31.3,131.92,15,0,0,62.77,SAME
1,97.21,20.0,2,0,0,71.82,HARDER
2,38.42,57.2,8,2,1,54.72,EASIER
1,97.3,25.58,2,0,0,82.01,HARDER
4,27.64,191.75,21,6,4,41.09,EASIER
3,29.61,123.91,15,3,2,87.62,EASIER
3,30.46,78.11,12,0,0,96.56,HARDER
4,30.61,104.03,17,2,0,91.26,HARDER
2,33.65,114.41,9,3,0,27.65,SAME
5,28.55,283.19,23,5,3,47.15,EASIER
5,26.78,217.17,22,4,2,64.8,EASIER
1,70.99,57.12,3,1,0,82.23,HARDER
3,25.0,119.18,16,4,2,77.72,EASIER
3,35.18,75.49,12,0,0,76.9,HARDER
4,25.0,245.81,18,3,3,49.57,EASIER
4,32.24,182.38,18,3,1,58.7,EASIER
2,39.43,57.05,7,1,0,65.2,HARDER
3,29.61,127.4,17,5,1,57.84,SAME
3,30.59,85.11,12,0,0,71.5,HARDER
3,32.42,129.39,14,2,0,65.84,HARDER
4,33.83,100.98,17,2,0,78.42,HARDER
2,44.36,51.73,7,1,0,81.4,HARDER
1,49.29,34.06,4,2,0,64.53,SAME
5,25.0,237.06,24,6,3,50.37,EASIER
4,34.13,177.4,17,2,0,54.76,SAME
1,45.99,62.7,5,3,1,50.2,SAME
5,25.0,300.0,24,6,4,53.47,EASIER
5,27.88,240.82,20,2,1,58.54,EASIER
4,25.0,171.81,18,3,2,71.93,EASIER
1,98.05,20.0,2,0,0,83.94,HARDER
1,65.3,37.79,3,1,0,65.07,HARDER
5,25.0,186.37,22,4,4,85.03,EASIER
1,95.8,30.95,2,0,0,63.48,SAME
1,99.29,21.95,2,0,0,62.82,SAME
1,99.42,35.16,2,0,0,81.14,HARDER
3,25.16,112.81,17,5,2,48.39,EASIER
3,28.31,162.79,14,2,2,59.6,EASIER
5,28.32,147.42,20,2,0,80.76,SAME
4,30.67,114.15,16,1,0,82.68,HARDER
3,26.97,133.93,14,2,1,56.22,EASIER
3,25.0,130.32,16,4,2,47.68,EASIER
4,27.48,181.09,19,4,0,54.61,SAME
1,40.23,40.04,5,3,2,54.5,SAME
1,52.5,40.54,4,2,0,91.05,HARDER
3,32.25,93.23,12,0,0,90.34,HARDER
1,67.64,51.69,3,1,1,84.12,SAME
4,29.96,137.99,18,3,1,65.63,SAME
5,25.0,190.69,21,3,1,64.13,EASIER
4,27.39,154.87,22,7,1,49.33,SAME
5,29.85,152.71,20,2,0,65.94,SAME
4,29.7,165.77,18,3,2,65.52,EASIER
2,52.9,52.47,6,0,0,91.48,HARDER
4,31.72,145.36,16,1,0,70.47,HARDER
4,27.31,187.54,18,3,0,66.76,SAME
5,25.0,257.64,24,6,2,68.21,EASIER
2,47.78,49.84,6,0,0,88.11,HARDER
3,32.71,93.63,13,1,1,74.32,EASIER
5,29.75,188.12,23,5,3,85.01,EASIER
2,42.2,76.81,7,1,0,68.22,HARDER
3,25.0,179.65,17,5,2,50.77,EASIER
3,31.73,108.53,14,2,1,67.01,EASIER
5,28.36,191.87,20,2,2,74.77,EASIER
1,97.47,22.88,2,0,0,76.86,HARDER
2,36.76,101.99,9,3,1,85.21,SAME
2,50.99,30.0,6,0,0,98.18,HARDER
5,25.31,293.25,23,5,3,41.58,EASIER
4,25.0,200.67,19,4,1,46.12,SAME
4,29.62,127.56,18,3,2,80.59,EASIER
4,34.34,160.03,16,1,0,83.26,HARDER
5,32.01,197.34,21,3,3,73.71,EASIER
2,48.12,80.89,7,1,1,56.21,EASIER
5,30.03,152.27,22,4,1,65.4,SAME
2,40.04,72.79,7,1,1,69.88,EASIER
2,39.24,88.98,8,2,1,45.36,EASIER
3,25.0,170.48,15,3,2,67.74,EASIER
4,25.0,220.11,21,6,1,49.63,EASIER
4,25.0,250.0,23,8,7,47.07,EASIER
2,36.77,115.46,8,2,1,43.43,EASIER
1,99.3,20.0,2,0,0,89.86,HARDER
3,25.77,123.21,13,1,0,58.94,SAME
2,40.21,47.64,7,1,0,69.15,HARDER
2,32.88,102.61,9,3,2,61.71,EASIER
4,34.82,123.62,15,0,0,78.81,HARDER
5,25.0,123.55,21,3,0,78.51,SAME
4,25.0,206.13,17,2,2,54.19,EASIER
3,26.9,100.0,13,1,1,65.66,EASIER
3,28.42,117.13,15,3,0,68.0,HARDER
2,45.03,66.19,7,1,0,44.96,SAME
2,44.33,83.37,7,1,1,47.08,EASIER
3,30.64,80.83,12,0,0,91.17,HARDER
2,28.49,111.45,11,5,4,58.59,EASIER
1,64.99,26.78,3,1,1,66.09,SAME
1,64.97,20.0,3,1,0,92.84,HARDER
4,29.9,181.79,15,0,0,63.79,SAME
3,36.46,79.87,12,0,0,74.48,HARDER
2,25.18,110.81,10,4,4,50.85,SAME
5,31.61,238.62,22,4,4,53.05,EASIER
3,27.35,109.81,14,2,1,70.63,EASIER
3,32.14,108.16,13,1,1,70.85,EASIER
3,25.0,172.73,20,8,3,33.26,EASIER
2,51.98,39.71,6,0,0,88.15,HARDER
1,63.12,42.37,3,1,0,62.98,SAME
4,25.0,157.48,21,6,1,62.96,SAME
2,49.39,49.31,6,0,0,76.58,HARDER
1,50.45,46.03,4,2,1,61.7,SAME
4,30.56,101.42,17,2,0,83.0,HARDER
3,25.0,167.99,16,4,2,50.96,EASIER
4,30.74,136.88,17,2,1,48.99,EASIER
2,47.78,42.0,7,1,0,97.91,HARDER
3,34.64,99.04,13,1,1,63.61,EASIER
1,63.04,43.54,3,1,0,84.04,HARDER
3,34.63,74.83,12,0,0,85.24,HARDER
3,31.12,126.79,12,0,0,69.06,HARDER
2,36.05,69.8,8,2,1,54.48,EASIER
1,100.0,30.91,2,0,0,65.77,HARDER
4,25.0,200.78,20,5,2,82.65,EASIER
5,26.59,202.03,22,4,1,76.73,SAME
2,39.1,75.68,7,1,1,69.87,EASIER
3,27.84,108.02,14,2,0,60.5,SAME
3,26.63,183.57,16,4,3,52.53,SAME
2,37.3,75.69,9,3,0,66.2,HARDER
3,25.19,114.3,16,4,1,62.62,SAME
1,97.33,32.66,2,0,0,56.46,SAME
5,35.76,291.5,22,4,4,40.75,EASIER
2,41.01,70.56,8,2,0,85.31,HARDER
5,25.0,294.26,27,9,7,61.43,EASIER
3,34.64,89.34,13,1,0,96.25,HARDER
1,68.39,30.23,3,1,0,72.64,HARDER
5,27.94,291.08,25,7,4,53.8,EASIER
1,100.0,23.36,2,0,0,84.86,HARDER
2,25.0,121.01,13,7,1,36.5,SAME
1,68.76,42.67,3,1,0,55.06,HARDER
5,35.74,208.76,21,3,2,85.59,EASIER
4,26.72,199.2,17,2,2,52.38,EASIER
3,31.69,81.05,13,1,0,70.58,HARDER
3,25.0,87.15,13,1,0,85.47,HARDER
1,68.44,28.11,3,1,0,76.54,HARDER
4,25.0,128.33,18,3,0,65.62,HARDER
5,25.0,232.39,25,7,5,57.59,EASIER
5,25.52,201.88,23,5,4,82.46,EASIER
5,29.39,199.02,20,2,1,74.9,EASIER
4,28.69,170.47,17,2,1,74.38,EASIER
2,34.32,52.72,8,2,0,93.4,HARDER
1,96.34,31.35,2,0,0,80.34,HARDER
5,25.0,289.94,26,8,4,34.16,EASIER
3,25.0,120.44,17,5,0,67.43,HARDER
1,65.69,35.75,3,1,1,63.88,SAME
2,29.69,73.61,10,4,2,62.94,EASIER
1,99.13,21.68,2,0,0,77.43,HARDER
2,43.62,81.54,8,2,0,50.06,SAME
2,35.98,110.97,9,3,0,55.37,SAME
1,97.21,26.42,2,0,0,57.41,SAME
3,29.03,121.32,15,3,1,72.96,SAME
2,35.44,43.17,9,3,0,60.44,SAME
4,28.59,88.75,16,1,0,95.57,HARDER
5,29.29,183.81,21,3,1,59.23,EASIER
5,26.0,206.7,23,5,2,70.54,EASIER
4,28.46,214.03,20,5,2,47.43,EASIER
4,26.62,119.29,16,1,1,74.2,EASIER
3,33.2,109.02,12,0,0,59.51,SAME
4,25.0,250.0,28,13,8,51.2,EASIER
5,25.68,206.89,23,5,2,66.04,EASIER
1,100.0,44.56,2,0,0,46.28,SAME
5,28.87,198.68,20,2,1,85.15,EASIER
2,25.0,128.52,13,7,3,61.0,EASIER
5,28.25,182.07,21,3,2,91.36,EASIER
5,25.0,206.83,21,3,1,65.58,EASIER
5,25.44,217.81,23,5,2,71.64,EASIER
3,38.4,100.78,12,0,0,64.03,SAME
1,25.0,111.27,11,9,4,40.13,SAME
2,27.08,124.52,11,5,3,71.98,EASIER
1,70.95,36.22,3,1,1,82.64,SAME
1,50.18,57.77,4,2,1,44.18,SAME
3,25.0,154.55,16,4,3,67.46,EASIER
3,30.14,169.83,14,2,1,49.06,EASIER
5,34.98,219.76,22,4,2,58.38,EASIER
2,46.47,76.23,7,1,0,59.34,SAME
3,25.54,98.33,15,3,2,56.85,EASIER
5,28.03,208.63,19,1,1,33.34,EASIER
4,25.0,173.27,23,8,4,74.97,EASIER
2,52.41,38.55,6,0,0,68.13,HARDER
1,100.0,20.0,2,0,0,72.88,HARDER
5,33.62,180.69,18,0,0,72.81,SAME
1,100.0,21.29,2,0,0,72.73,SAME
3,25.0,200.77,22,10,5,43.01,EASIER
4,25.0,131.19,19,4,0,67.08,HARDER
1,46.96,35.19,4,2,0,62.09,SAME
3,35.03,106.66,13,1,0,84.57,HARDER
2,25.0,160.0,20,14,9,35.55,EASIER
4,37.75,133.36,17,2,1,59.57,EASIER
1,48.08,57.92,4,2,1,53.06,SAME
3,30.86,73.31,14,2,0,75.13,HARDER
3,30.7,70.77,15,3,0,97.27,HARDER
1,68.09,44.27,3,1,0,48.87,SAME
2,26.25,140.97,12,6,4,67.33,EASIER
5,34.58,149.96,18,0,0,100.0,SAME
4,27.77,225.93,18,3,1,49.06,EASIER
2,42.59,90.09,7,1,1,63.85,EASIER
4,34.55,108.29,16,1,1,81.91,EASIER
2,41.3,56.13,7,1,0,85.98,HARDER
3,31.65,118.08,13,1,1,38.0,EASIER
3,25.0,165.33,17,5,2,55.35,EASIER
5,30.23,192.61,19,1,0,45.29,SAME
4,25.0,200.27,21,6,4,48.65,EASIER
4,26.75,155.13,15,0,0,65.9,HARDER
1,64.95,50.95,3,1,0,60.2,SAME
5,32.93,167.1,19,1,0,63.44,SAME
3,25.89,126.59,15,3,3,72.07,EASIER
2,39.6,53.69,7,1,0,75.73,HARDER
1,99.5,20.0,2,0,0,73.83,HARDER
1,100.0,40.87,2,0,0,75.38,HARDER
4,25.56,156.3,18,3,1,73.24,SAME
3,27.4,111.48,14,2,2,85.19,EASIER
4,25.51,140.41,16,1,0,77.78,HARDER
2,37.43,83.13,7,1,1,64.2,EASIER
2,29.94,127.64,11,5,4,65.91,EASIER
2,30.75,97.01,10,4,1,42.57,SAME
4,28.98,191.88,16,1,1,70.2,EASIER
4,25.0,178.83,20,5,4,58.48,EASIER
5,27.55,270.33,23,5,2,61.88,EASIER
3,30.71,113.54,14,2,1,64.18,EASIER
1,100.0,34.76,2,0,0,45.23,SAME
3,27.35,118.44,13,1,0,46.79,SAME
1,99.88,27.9,2,0,0,91.74,HARDER
3,25.0,178.86,18,6,5,28.29,EASIER
5,29.07,228.15,20,2,0,57.31,SAME
3,27.74,155.3,14,2,0,58.92,SAME
3,25.0,76.91,14,2,0,59.72,SAME
1,68.87,27.98,3,1,0,67.8,HARDER
4,25.33,112.06,18,3,1,74.95,SAME
2,47.83,43.59,6,0,0,99.21,HARDER
3,34.61,103.36,12,0,0,83.89,HARDER
3,32.24,99.87,12,0,0,75.66,HARDER
4,29.29,179.8,16,1,1,82.89,EASIER
4,37.03,134.52,16,1,1,76.09,EASIER
4,26.19,142.03,17,2,0,72.82,HARDER
2,45.24,45.12,6,0,0,82.47,HARDER
5,28.62,281.39,22,4,3,55.78,EASIER
1,44.51,40.81,4,2,1,84.44,SAME
2,45.53,46.64,6,0,0,65.2,HARDER
4,25.64,153.37,17,2,2,57.92,EASIER
4,26.0,213.71,19,4,2,45.71,EASIER
3,25.0,184.24,17,5,4,40.1,EASIER
3,30.45,136.73,15,3,2,67.87,EASIER
4,33.47,141.79,15,0,0,74.56,HARDER
3,29.31,106.07,14,2,0,52.89,SAME
3,25.0,138.69,15,3,0,57.89,SAME
1,93.1,20.0,2,0,0,87.2,HARDER
2,25.0,119.82,13,7,2,73.5,SAME
5,26.75,158.02,21,3,1,82.08,SAME
2,40.13,90.65,8,2,0,54.5,SAME
2,39.69,59.0,8,2,0,69.01,HARDER
1,66.34,27.52,3,1,0,53.08,SAME
1,99.54,31.79,2,0,0,77.25,HARDER
1,32.52,59.89,6,4,2,48.97,SAME
2,43.44,60.79,7,1,0,79.4,HARDER
5,31.74,169.9,20,2,0,65.51,SAME
4,26.19,105.23,16,1,0,70.56,HARDER
5,30.27,163.28,20,2,1,49.15,EASIER
2,31.47,80.16,9,3,1,64.59,SAME
4,29.86,124.89,15,0,0,89.14,HARDER
5,30.93,144.91,19,1,0,71.75,SAME
3,25.19,109.06,14,2,0,88.08,HARDER
2,51.97,49.91,6,0,0,99.22,HARDER
2,32.84,82.93,8,2,1,78.34,EASIER
5,28.81,160.4,22,4,2,76.02,EASIER
1,100.0,35.67,2,0,0,64.18,SAME
4,36.76,95.7,16,1,1,84.11,EASIER
3,25.55,123.92,15,3,1,83.01,SAME
4,30.23,185.61,19,4,1,75.45,SAME
3,33.9,122.16,12,0,0,73.34,HARDER
3,34.51,109.71,14,2,1,67.17,EASIER
1,97.0,26.7,2,0,0,100.0,HARDER
4,35.25,137.18,15,0,0,52.34,SAME
4,25.91,157.84,19,4,0,74.25,HARDER
4,27.11,156.29,17,2,0,77.85,HARDER
1,52.12,44.5,4,2,1,56.25,SAME
4,25.69,250.0,25,10,6,49.59,EASIER
1,96.88,44.3,2,0,0,51.58,SAME
5,33.42,213.16,18,0,0,43.24,SAME
1,95.42,20.0,2,0,0,84.75,HARDER
1,63.73,27.94,3,1,1,82.05,SAME
4,25.0,174.92,18,3,2,67.48,HARDER
2,45.89,49.93,7,1,0,71.58,HARDER
4,32.79,111.87,15,0,0,100.0,HARDER
1,66.75,25.99,3,1,0,87.25,HARDER
4,29.18,148.74,18,3,2,69.06,EASIER
2,48.1,63.5,6,0,0,94.67,HARDER
3,25.0,107.29,14,2,0,81.64,HARDER
2,33.54,112.59,8,2,1,49.33,EASIER
2,32.82,73.23,9,3,1,72.6,SAME
1,97.57,29.19,2,0,0,71.51,HARDER
5,25.0,300.0,24,6,5,25.0,EASIER
3,30.44,82.02,14,2,0,78.16,HARDER
2,34.1,88.25,9,3,1,81.96,SAME
5,27.34,171.74,20,2,1,69.08,EASIER
5,25.0,226.25,24,6,5,62.32,EASIER
1,71.93,20.95,3,1,0,91.95,HARDER
4,26.0,200.6,18,3,1,42.26,EASIER
4,25.0,164.12,21,6,2,75.74,SAME
5,33.5,142.88,19,1,1,88.27,EASIER
1,100.0,39.82,2,0,0,69.11,HARDER
1,98.33,20.0,2,0,0,91.03,HARDER
3,27.97,135.01,15,3,0,69.71,HARDER
3,37.59,63.25,12,0,0,87.42,HARDER
5,28.97,233.08,22,4,1,74.64,SAME
2,51.52,55.68,6,0,0,64.5,SAME
5,34.08,166.45,18,0,0,96.2,SAME
1,100.0,31.15,2,0,0,100.0,HARDER
4,26.31,128.78,17,2,1,61.93,EASIER
1,61.51,50.24,3,1,0,55.1,SAME
2,25.0,112.77,12,6,2,44.08,EASIER
3,27.6,97.89,14,2,1,35.68,EASIER
3,36.47,80.59,12,0,0,100.0,HARDER
1,99.73,20.0,2,0,0,84.16,HARDER
5,28.92,230.65,21,3,3,69.72,EASIER
5,28.26,225.98,20,2,1,74.86,EASIER
2,40.49,97.41,8,2,1,52.96,EASIER
5,28.07,202.14,21,3,0,67.76,SAME
5,32.01,291.27,20,2,1,28.32,EASIER
2,51.33,34.79,6,0,0,95.07,HARDER
3,25.18,122.17,15,3,1,83.58,SAME
1,100.0,25.47,2,0,0,90.74,HARDER
3,26.79,95.33,14,2,0,52.93,HARDER
3,29.29,93.31,16,4,0,64.8,SAME
5,25.0,300.0,27,9,3,42.72,EASIER
1,67.04,44.08,3,1,0,35.44,SAME
1,97.81,27.08,2,0,0,76.93,HARDER
3,31.84,119.88,14,2,1,67.13,EASIER
2,45.55,64.84,6,0,0,71.0,HARDER
5,25.25,167.28,22,4,3,65.56,EASIER
4,25.93,115.66,18,3,0,83.32,EASIER
1,40.72,60.26,5,3,1,48.13,SAME
4,25.0,177.06,22,7,6,68.98,EASIER
3,36.9,92.02,12,0,0,76.04,HARDER
4,30.68,115.44,16,1,0,74.36,HARDER
2,49.47,55.56,6,0,0,80.98,HARDER
5,30.47,166.66,19,1,0,56.47,SAME
5,29.25,165.6,20,2,0,73.73,SAME
1,45.66,40.86,4,2,0,86.08,HARDER
4,31.02,128.04,17,2,1,83.28,EASIER
5,27.09,187.12,22,4,2,90.61,EASIER
4,27.14,132.56,17,2,2,70.62,EASIER
2,42.02,75.35,7,1,0,67.34,HARDER
2,51.47,53.73,6,0,0,73.37,HARDER
3,30.18,179.47,15,3,3,39.08,EASIER
4,25.0,250.0,24,9,5,52.32,EASIER
1,34.74,45.9,6,4,0,42.47,SAME
1,98.98,40.57,2,0,0,72.35,HARDER
2,41.67,79.62,7,1,0,51.44,SAME
5,25.0,236.82,21,3,2,44.66,EASIER
2,29.77,80.92,10,4,0,51.52,SAME
4,29.56,99.8,15,0,0,79.64,HARDER
2,43.53,53.82,7,1,0,79.87,HARDER
2,32.24,70.39,9,3,0,73.18,HARDER
5,31.68,150.04,21,3,1,53.78,EASIER
1,61.57,31.38,3,1,0,85.14,HARDER
2,33.11,90.86,8,2,1,65.54,EASIER
2,49.47,38.98,6,0,0,81.24,HARDER
1,39.03,27.37,5,3,0,58.29,EASIER
3,28.75,162.56,15,3,2,60.76,EASIER
1,98.07,26.77,2,0,0,59.4,SAME
4,27.76,218.22,18,3,1,88.72,SAME
2,48.35,54.87,6,0,0,64.42,SAME
3,25.0,121.49,15,3,0,54.59,SAME
2,47.27,46.5,7,1,0,100.0,HARDER
3,33.86,130.3,13,1,0,63.62,SAME
2,43.64,75.85,7,1,1,79.31,EASIER
5,33.26,172.3,19,1,0,75.57,SAME
3,26.87,88.81,14,2,0,93.81,HARDER
3,25.0,177.92,17,5,1,47.56,EASIER
4,25.69,120.68,17,2,0,70.05,HARDER
3,29.77,88.84,14,2,0,49.94,SAME
2,37.32,86.24,8,2,0,75.29,HARDER
4,27.45,227.73,20,5,4,69.75,EASIER
1,100.0,20.0,2,0,0,73.97,HARDER
5,31.26,246.46,22,4,1,43.44,EASIER
3,25.0,144.71,17,5,3,60.79,EASIER
5,25.0,141.48,20,2,1,69.74,EASIER
2,36.48,88.28,9,3,1,35.93,EASIER
4,30.95,122.35,16,1,1,79.7,EASIER
3,25.14,135.81,14,2,1,82.16,EASIER
1,48.59,31.77,4,2,0,77.03,HARDER
2,50.56,64.6,6,0,0,63.46,SAME
3,34.19,121.36,12,0,0,73.23,HARDER
2,25.0,112.46,13,7,3,51.35,EASIER
5,33.79,187.3,19,1,0,52.75,SAME
2,29.3,89.02,10,4,0,77.5,HARDER
5,28.78,193.73,22,4,2,74.24,EASIER
5,25.72,233.57,22,4,2,80.85,EASIER
1,68.9,44.28,3,1,1,41.52,SAME
4,29.28,168.85,17,2,1,68.07,EASIER
3,29.65,79.15,12,0,0,79.65,HARDER
2,37.93,79.7,9,3,0,81.0,HARDER
3,27.33,70.33,13,1,0,74.01,HARDER
5,26.73,187.07,20,2,0,50.69,SAME
1,44.92,53.95,5,3,3,42.92,SAME
5,26.22,163.55,23,5,3,63.66,EASIER
1,66.86,43.65,3,1,0,63.81,SAME
4,30.12,111.28,16,1,0,54.47,SAME
1,100.0,20.0,2,0,0,80.71,HARDER
5,31.39,146.36,18,0,0,80.62,SAME
3,28.96,156.51,14,2,1,39.74,EASIER
2,49.6,73.2,6,0,0,66.54,HARDER
4,29.5,162.59,18,3,1,58.7,EASIER
1,100.0,42.46,2,0,0,60.75,SAME
3,36.88,78.61,13,1,0,90.4,HARDER
3,25.0,181.38,18,6,4,72.5,EASIER
5,30.0,188.31,19,1,1,75.52,EASIER
5,29.66,204.72,20,2,1,46.06,EASIER
3,26.8,130.92,15,3,0,71.15,HARDER
5,25.0,181.89,22,4,1,73.62,SAME
2,42.06,82.03,7,1,1,62.08,EASIER
5,25.82,300.0,22,4,2,52.65,EASIER
4,25.0,231.16,22,7,4,59.07,HARDER
5,25.0,167.22,25,7,1,91.73,SAME
3,30.15,106.47,16,4,1,73.22,SAME
4,37.31,136.69,15,0,0,85.08,HARDER
1,69.64,36.32,3,1,0,100.0,HARDER
5,33.56,215.13,18,0,0,83.66,SAME
3,35.92,69.54,12,0,0,84.33,HARDER
5,26.31,256.27,21,3,3,70.26,EASIER
1,71.54,40.07,3,1,0,77.35,HARDER
2,37.06,57.06,8,2,0,90.42,HARDER
3,25.0,172.14,17,5,1,46.06,SAME
4,27.71,205.04,18,3,2,52.72,EASIER
4,25.0,213.86,21,6,5,50.1,EASIER
2,53.18,74.83,6,0,0,48.9,SAME
5,25.24,216.77,22,4,3,44.48,EASIER
5,25.0,300.0,26,8,8,42.22,EASIER
2,54.08,42.42,6,0,0,97.68,HARDER
1,97.72,20.0,2,0,0,100.0,HARDER
5,29.57,294.4,23,5,2,66.23,EASIER
1,100.0,20.0,2,0,0,99.25,HARDER
1,70.77,40.57,3,1,0,54.0,SAME
1,64.54,40.39,3,1,0,66.38,HARDER
2,51.28,48.05,6,0,0,89.59,HARDER
1,96.29,20.0,2,0,0,74.74,HARDER
2,31.86,109.78,9,3,1,47.08,EASIER
1,100.0,38.85,2,0,0,88.11,HARDER
2,36.15,64.88,8,2,0,66.33,HARDER
1,100.0,23.64,2,0,0,84.39,HARDER
2,43.92,97.0,7,1,0,62.16,SAME
2,46.65,30.23,6,0,0,75.43,HARDER
1,45.58,49.8,4,2,1,41.81,SAME
1,100.0,50.09,2,0,0,88.05,HARDER
4,30.87,141.69,16,1,0,70.1,HARDER
2,54.49,40.83,6,0,0,61.89,SAME
2,27.86,59.84,9,3,1,67.47,SAME
3,28.54,90.85,14,2,0,69.69,HARDER
3,26.33,154.48,14,2,1,57.13,EASIER
4,25.0,188.03,23,8,3,51.53,EASIER
3,33.88,152.8,15,3,2,55.92,EASIER
2,39.22,78.12,9,3,1,74.04,SAME
4,25.0,192.49,20,5,2,51.72,EASIER
3,30.53,85.87,14,2,1,63.98,EASIER
2,39.68,63.55,7,1,0,85.08,HARDER
3,31.86,74.81,12,0,0,100.0,HARDER
1,100.0,20.0,2,0,0,100.0,HARDER
1,100.0,20.0,2,0,0,100.0,HARDER
5,25.0,179.32,23,5,1,79.98,SAME
5,25.0,218.79,22,4,2,55.57,EASIER
2,43.97,74.36,7,1,0,72.91,HARDER
3,35.66,148.51,14,2,0,62.73,SAME
5,27.81,144.46,19,1,0,73.85,SAME
2,35.86,75.35,9,3,0,68.24,HARDER
5,34.6,190.22,21,3,1,59.67,EASIER
5,27.17,181.92,21,3,2,59.29,EASIER
2,40.79,75.95,7,1,1,84.61,EASIER
3,36.17,89.83,13,1,1,84.16,EASIER
4,38.51,115.41,15,0,0,94.95,HARDER
2,31.14,103.05,10,4,1,71.2,SAME
5,35.98,164.22,20,2,1,69.75,EASIER
2,49.54,52.36,6,0,0,97.25,HARDER
4,25.0,178.03,20,5,3,49.54,EASIER
4,25.0,173.95,18,3,2,87.09,EASIER
4,25.0,154.66,19,4,1,79.36,SAME
4,25.0,183.28,18,3,3,39.14,EASIER
3,25.0,136.45,19,7,2,47.42,SAME
5,25.0,226.68,23,5,3,37.72,EASIER
5,30.54,169.43,20,2,2,65.43,EASIER
3,25.0,166.56,17,5,3,69.47,EASIER
2,46.41,89.64,7,1,1,68.89,EASIER
3,30.04,131.69,14,2,2,62.02,EASIER
4,27.65,114.77,18,3,1,54.19,SAME
5,27.46,227.68,20,2,2,62.68,EASIER
3,33.27,76.8,12,0,0,93.01,HARDER
2,43.42,61.66,6,0,0,79.78,HARDER
2,38.56,62.32,9,3,2,67.88,EASIER
4,26.89,103.45,15,0,0,79.34,HARDER
3,25.0,108.39,17,5,2,88.77,SAME
1,100.0,34.68,2,0,0,80.25,HARDER
3,26.11,123.15,17,5,1,85.66,HARDER
2,44.28,58.74,7,1,0,83.56,HARDER
2,35.27,89.93,9,3,0,44.61,SAME
1,100.0,44.97,2,0,0,81.14,HARDER
3,26.96,125.34,15,3,2,64.0,EASIER
1,99.5,32.89,2,0,0,68.06,HARDER
2,41.09,78.39,8,2,0,69.25,HARDER
5,28.76,254.92,22,4,3,64.41,EASIER
1,100.0,24.86,2,0,0,95.94,HARDER
2,46.44,43.53,6,0,0,100.0,HARDER
3,25.66,142.06,14,2,0,63.54,SAME
2,44.86,60.66,7,1,0,54.23,SAME
3,25.0,111.74,17,5,1,48.43,SAME
4,28.24,121.34,18,3,2,62.17,EASIER
5,25.0,243.51,27,9,6,67.23,EASIER
5,27.41,167.38,21,3,2,65.48,EASIER
2,51.68,48.8,6,0,0,76.74,HARDER
1,25.0,101.31,9,7,3,58.15,SAME
3,29.37,70.02,12,0,0,100.0,HARDER
3,25.0,106.74,16,4,1,48.95,SAME
3,28.7,164.43,16,4,2,65.25,EASIER
1,29.43,89.69,6,4,2,25.0,SAME
3,28.03,161.05,15,3,1,69.39,SAME
3,32.87,109.59,12,0,0,73.2,HARDER
2,47.41,60.41,7,1,1,80.12,EASIER
3,28.64,153.94,15,3,1,58.01,EASIER
3,25.0,121.41,17,5,2,44.61,EASIER
3,25.0,190.33,18,6,4,34.37,EASIER
5,27.48,187.64,20,2,2,53.15,EASIER
5,28.74,241.02,21,3,1,53.52,EASIER
5,29.66,280.12,24,6,2,58.72,EASIER
4,31.7,202.96,18,3,1,60.71,EASIER
1,68.93,28.37,3,1,0,90.12,HARDER
5,28.77,235.27,21,3,2,52.42,EASIER
5,32.34,243.14,20,2,0,51.24,SAME
2,25.0,133.67,11,5,2,69.49,EASIER
5,33.61,182.92,22,4,3,85.82,EASIER
5,27.66,193.69,20,2,0,68.47,SAME
4,29.12,168.87,20,5,1,57.49,SAME
2,51.24,74.61,6,0,0,85.48,HARDER
1,53.92,54.38,4,2,0,62.1,SAME
2,44.81,46.88,7,1,0,85.67,HARDER
5,26.04,288.07,23,5,2,45.4,EASIER
1,100.0,34.1,2,0,0,75.4,HARDER
1,67.48,36.76,3,1,1,38.49,SAME
3,32.25,113.59,13,1,0,79.66,HARDER
1,97.84,21.57,2,0,0,77.36,HARDER
5,28.44,300.0,22,4,2,39.13,EASIER
4,35.47,121.56,15,0,0,82.53,HARDER
3,28.33,94.95,14,2,1,75.43,EASIER
4,28.75,98.4,16,1,0,70.16,HARDER
4,34.6,88.39,15,0,0,69.2,HARDER
3,28.48,129.41,15,3,1,63.59,SAME
5,26.91,245.28,24,6,3,57.11,EASIER
2,36.43,102.3,8,2,2,63.96,EASIER
3,28.38,131.09,14,2,2,58.79,EASIER
4,28.06,127.3,17,2,1,63.42,EASIER
5,28.3,206.21,22,4,1,63.78,SAME
4,28.58,134.67,18,3,1,59.49,HARDER
1,66.15,37.66,3,1,1,68.71,SAME
1,32.27,72.6,6,4,0,66.76,HARDER
3,27.16,96.99,13,1,0,88.85,HARDER
2,33.21,42.97,9,3,0,68.43,HARDER
1,99.4,34.18,2,0,0,65.47,HARDER
5,31.28,208.03,21,3,1,54.27,EASIER
1,98.7,23.24,2,0,0,100.0,HARDER
1,48.44,56.71,4,2,2,62.25,SAME
3,29.52,97.54,13,1,0,85.58,HARDER
3,31.77,116.37,15,3,1,70.08,SAME
1,64.94,55.03,3,1,0,61.88,SAME
1,93.43,22.37,2,0,0,88.93,HARDER
5,32.91,282.72,22,4,3,67.26,EASIER
1,97.28,23.71,2,0,0,100.0,HARDER
3,28.06,141.76,14,2,2,36.13,EASIER
3,37.04,60.97,12,0,0,74.8,HARDER
5,25.0,300.0,27,9,7,34.8,EASIER
5,25.0,221.87,23,5,4,49.33,EASIER
3,27.33,155.34,16,4,2,59.05,EASIER
5,26.09,197.91,24,6,3,81.82,EASIER
5,29.24,183.89,21,3,1,62.15,EASIER
4,25.0,209.94,19,4,4,50.37,EASIER
5,30.21,145.82,20,2,0,69.69,SAME
1,69.76,53.05,3,1,0,47.59,SAME
3,27.21,139.31,16,4,1,60.98,SAME
2,31.4,151.87,11,5,2,25.0,EASIER
2,30.86,73.8,9,3,0,61.62,SAME
2,53.1,61.57,6,0,0,93.48,HARDER
5,28.29,289.87,23,5,4,71.94,EASIER
2,53.59,67.78,6,0,0,82.94,HARDER
1,99.7,20.0,2,0,0,90.18,HARDER
4,25.0,195.97,21,6,3,59.78,EASIER
4,30.4,108.98,16,1,1,92.92,EASIER
2,44.11,77.33,7,1,0,54.23,SAME
2,48.05,60.17,6,0,0,92.95,HARDER
4,28.56,173.49,20,5,4,88.25,EASIER
1,75.64,35.77,3,1,0,79.17,HARDER
2,25.43,92.33,10,4,1,79.86,SAME
3,30.54,98.1,14,2,1,71.58,EASIER
5,26.29,253.38,22,4,1,59.51,EASIER
4,25.0,178.83,24,9,3,52.26,EASIER
1,66.19,38.82,3,1,0,61.03,SAME
5,34.59,148.6,19,1,1,60.86,EASIER
5,25.0,300.0,23,5,4,53.69,EASIER
1,51.47,72.22,4,2,0,55.39,SAME
1,70.9,48.23,3,1,0,61.94,SAME
2,48.56,47.9,6,0,0,60.55,SAME
1,99.52,20.0,2,0,0,92.91,HARDER
2,42.57,84.17,7,1,1,84.66,EASIER
5,28.04,122.82,19,1,0,100.0,SAME
5,31.61,232.59,21,3,2,59.65,EASIER
5,37.77,113.08,18,0,0,100.0,SAME
1,96.82,29.86,2,0,0,79.15,HARDER
5,25.0,300.0,26,8,4,44.91,EASIER
3,30.86,133.86,13,1,0,53.76,SAME
4,25.4,129.78,18,3,0,72.7,HARDER
2,38.43,113.92,9,3,2,59.69,EASIER
5,31.63,269.79,22,4,4,46.14,EASIER
1,68.25,25.16,3,1,0,87.85,HARDER
3,27.62,119.59,15,3,0,56.09,SAME
4,29.82,189.32,19,4,0,57.07,SAME
1,69.97,56.48,3,1,1,62.73,SAME
5,26.25,250.55,23,5,4,62.92,EASIER
5,29.84,151.9,20,2,2,96.48,EASIER
4,25.98,203.87,20,5,4,62.06,EASIER
4,27.58,167.79,21,6,5,56.97,EASIER
1,41.32,57.94,5,3,0,61.95,SAME
4,25.0,192.92,21,6,2,45.4,EASIER
2,49.6,66.19,6,0,0,56.66,SAME
1,50.42,46.6,4,2,2,91.21,SAME
1,67.62,31.28,3,1,0,81.83,HARDER
1,45.03,54.93,5,3,1,65.16,SAME
5,26.52,208.8,23,5,2,55.26,EASIER
4,29.0,138.02,18,3,1,77.66,SAME
3,25.0,99.53,12,0,0,80.64,HARDER
1,69.19,27.31,3,1,0,72.02,HARDER
4,25.0,139.09,21,6,1,70.32,HARDER
1,51.68,33.01,4,2,0,65.22,HARDER
4,34.52,137.46,17,2,1,90.96,EASIER
3,31.76,157.28,14,2,2,47.19,EASIER
5,28.53,278.03,24,6,5,31.44,EASIER
4,26.73,211.43,21,6,3,56.56,EASIER
4,35.4,127.0,16,1,1,88.72,EASIER
1,51.96,35.47,4,2,0,48.24,SAME
1,97.73,20.0,2,0,0,100.0,HARDER
1,100.0,20.0,2,0,0,88.84,HARDER
3,25.0,131.89,17,5,2,52.17,EASIER
2,40.35,83.5,7,1,0,54.19,SAME
4,25.0,135.82,18,3,1,71.39,SAME
5,26.51,249.38,21,3,1,61.81,EASIER
4,26.88,163.31,18,3,2,72.42,EASIER
3,29.23,115.71,13,1,0,76.0,HARDER
3,27.61,116.6,14,2,1,67.37,SAME
4,28.59,149.16,17,2,0,63.59,SAME
4,25.0,205.78,22,7,5,45.71,EASIER
1,70.03,37.5,3,1,0,81.85,HARDER
2,37.68,72.72,8,2,0,82.22,HARDER
5,29.49,166.4,20,2,0,83.42,SAME
3,28.13,110.01,15,3,2,58.44,EASIER
3,25.0,133.2,15,3,2,50.3,EASIER
3,36.82,83.01,12,0,0,69.12,HARDER
1,100.0,44.57,2,0,0,68.69,HARDER
5,25.0,187.55,24,6,1,61.91,SAME
2,41.25,57.44,7,1,1,76.94,EASIER
5,25.0,166.36,23,5,3,85.43,EASIER
4,27.0,180.76,17,2,0,68.64,SAME
5,34.37,176.08,20,2,2,92.57,EASIER
3,30.73,94.13,14,2,0,91.25,HARDER
4,28.82,211.51,20,5,3,60.6,EASIER
3,26.02,135.04,14,2,0,65.93,HARDER
2,47.41,55.59,6,0,0,64.44,SAME
2,42.62,97.08,7,1,1,52.73,EASIER
2,39.69,80.06,8,2,1,47.01,EASIER
3,34.42,112.81,14,2,1,86.1,EASIER
2,39.36,53.56,8,2,0,66.06,HARDER
3,25.37,149.06,15,3,0,58.45,SAME
3,33.9,129.53,13,1,0,72.15,HARDER
5,27.53,270.76,21,3,1,69.65,EASIER
2,44.52,68.6,7,1,1,89.71,EASIER
1,100.0,37.73,2,0,0,100.0,HARDER
2,47.77,83.67,7,1,1,79.76,EASIER
2,42.44,95.11,7,1,1,42.97,EASIER
4,32.57,157.55,17,2,1,81.77,EASIER
5,31.24,147.11,20,2,1,54.82,EASIER
5,30.82,184.2,23,5,1,71.49,SAME
5,25.03,173.89,23,5,0,76.27,SAME
1,67.32,30.43,3,1,1,66.89,SAME
2,46.47,49.22,6,0,0,88.27,HARDER
5,25.0,116.42,20,2,0,92.4,SAME
3,25.0,150.57,16,4,4,71.32,EASIER
5,26.18,265.76,25,7,5,49.96,EASIER
5,25.0,175.22,20,2,2,86.37,EASIER
5,33.53,254.09,21,3,3,47.4,EASIER
3,29.12,161.41,14,2,1,55.67,EASIER
3,33.67,94.25,12,0,0,91.77,HARDER
3,35.31,102.57,12,0,0,61.4,SAME
5,25.0,277.84,26,8,3,58.31,EASIER
5,25.0,248.19,21,3,1,48.32,EASIER
3,25.0,153.8,16,4,2,43.12,EASIER
3,25.0,94.12,16,4,1,83.81,SAME
3,25.0,158.05,17,5,2,58.15,EASIER
3,25.01,166.06,15,3,1,48.7,EASIER
3,25.0,135.65,15,3,2,75.35,EASIER
4,25.0,227.86,19,4,2,58.19,HARDER
5,32.88,119.96,18,0,0,94.97,SAME
1,69.0,29.74,3,1,1,69.26,SAME
2,52.27,57.95,6,0,0,93.97,HARDER
3,31.1,103.48,13,1,0,68.51,HARDER
2,47.77,42.51,6,0,0,87.44,HARDER
2,29.19,110.27,10,4,1,53.19,SAME
2,37.98,81.36,8,2,0,78.51,HARDER
3,26.95,139.34,15,3,1,65.78,SAME
1,36.97,26.47,6,4,0,59.37,SAME
1,98.02,29.58,2,0,0,92.77,HARDER
3,26.01,90.48,14,2,0,87.14,HARDER
4,32.55,108.36,15,0,0,76.71,HARDER
5,28.78,159.03,21,3,2,66.26,EASIER
3,25.0,112.01,15,3,2,58.36,EASIER
3,31.3,92.25,12,0,0,100.0,HARDER
3,25.56,104.4,16,4,1,73.84,SAME
4,25.0,235.36,22,7,3,32.84,EASIER
4,33.79,118.59,17,2,0,69.46,HARDER
1,100.0,23.42,2,0,0,66.63,HARDER
2,40.25,53.07,8,2,0,63.88,SAME
5,29.8,253.98,21,3,2,46.29,EASIER
3,34.38,103.41,13,1,0,81.3,HARDER
4,25.0,205.99,19,4,2,72.86,EASIER
1,32.38,70.29,6,4,1,64.66,SAME
1,99.05,24.62,2,0,0,100.0,HARDER
5,26.02,160.48,20,2,0,90.96,SAME
2,46.88,30.0,6,0,0,100.0,HARDER
3,31.27,88.96,13,1,0,88.9,HARDER
4,25.52,250.0,20,5,2,40.28,EASIER
1,96.78,24.58,2,0,0,97.09,HARDER
4,25.71,213.68,19,4,2,57.38,EASIER
2,31.41,84.22,9,3,1,66.49,SAME
4,29.68,130.4,16,1,1,74.8,EASIER
2,32.17,80.55,9,3,2,83.64,EASIER
2,38.55,73.75,7,1,1,76.52,EASIER
4,26.18,205.7,21,6,2,45.06,EASIER
1,99.64,30.89,2,0,0,66.92,HARDER
5,30.24,163.94,20,2,2,66.51,EASIER
2,50.6,47.99,6,0,0,66.29,HARDER
4,32.94,131.06,15,0,0,75.8,HARDER
3,27.61,122.25,13,1,0,80.18,HARDER
2,46.74,41.29,6,0,0,90.47,HARDER
5,25.0,300.0,28,10,6,45.62,EASIER
3,34.17,78.66,12,0,0,89.67,HARDER
3,32.69,108.81,13,1,1,69.41,EASIER
5,25.0,300.0,25,7,3,71.78,EASIER
1,100.0,25.65,2,0,0,87.7,HARDER
2,38.76,107.04,9,3,1,63.7,SAME
3,29.31,143.88,13,1,1,67.86,SAME
1,37.45,56.14,5,3,1,75.78,SAME
5,28.5,137.41,21,3,1,80.58,SAME
1,60.9,29.56,3,1,0,87.88,HARDER
4,32.62,108.4,16,1,0,73.63,HARDER
4,25.6,111.79,18,3,2,81.52,EASIER
2,36.83,89.98,8,2,0,81.19,HARDER
1,25.0,74.33,8,6,1,41.6,SAME
1,100.0,20.0,2,0,0,79.73,HARDER
3,32.98,141.63,13,1,0,86.73,HARDER
5,25.0,268.6,24,6,4,79.54,EASIER
4,33.72,94.31,17,2,0,64.69,SAME
4,30.77,125.18,16,1,1,95.92,EASIER
3,25.0,87.79,14,2,1,69.69,EASIER
5,25.0,300.0,26,8,8,42.14,EASIER
4,25.34,137.14,20,5,2,58.92,EASIER
3,34.54,89.85,12,0,0,86.07,HARDER
5,29.63,300.0,24,6,5,48.87,EASIER
5,28.62,251.25,22,4,2,39.25,EASIER
3,28.75,114.77,14,2,0,68.62,HARDER
3,26.34,131.23,15,3,0,54.4,EASIER
2,46.44,63.0,7,1,1,65.69,EASIER
2,43.17,69.47,7,1,0,79.98,HARDER
1,70.22,32.02,3,1,0,72.66,HARDER
3,27.86,130.59,13,1,0,92.44,HARDER
5,25.0,224.0,24,6,2,35.79,EASIER
3,26.79,139.4,16,4,1,74.18,SAME
4,26.34,117.55,17,2,1,87.72,EASIER
4,28.35,192.89,16,1,1,53.66,EASIER
5,25.0,223.7,24,6,5,51.28,EASIER
4,25.0,122.72,18,3,2,78.55,EASIER
3,25.0,95.52,14,2,1,72.32,EASIER
3,25.0,132.21,16,4,1,33.41,SAME
5,31.0,176.76,20,2,0,81.17,SAME
1,100.0,31.41,2,0,0,70.27,HARDER
4,29.22,127.31,16,1,0,64.05,SAME
3,32.06,97.52,15,3,1,74.56,SAME
3,33.26,113.19,13,1,0,68.65,HARDER
5,25.0,274.06,23,5,3,38.0,EASIER
5,34.65,211.72,19,1,0,56.48,SAME
3,25.0,81.53,14,2,0,63.66,SAME
4,25.0,172.3,18,3,1,55.84,EASIER
1,45.11,44.4,5,3,0,56.56,SAME
1,69.66,52.68,3,1,1,53.87,SAME
4,27.64,139.04,16,1,0,66.13,EASIER
3,32.04,103.33,13,1,0,87.49,HARDER
1,60.37,54.04,3,1,1,44.06,SAME
3,25.0,84.31,14,2,0,79.51,HARDER
1,100.0,20.29,2,0,0,72.09,HARDER
2,57.36,57.69,6,0,0,61.19,SAME
5,30.14,249.87,22,4,2,56.0,EASIER
1,47.24,49.17,4,2,0,58.09,SAME
1,99.75,20.0,2,0,0,91.22,HARDER
5,28.85,277.67,24,6,5,41.46,EASIER
5,27.6,244.55,21,3,0,62.57,SAME
3,30.87,95.95,14,2,0,93.76,HARDER
5,26.06,190.88,23,5,4,95.72,EASIER
2,45.04,66.78,7,1,0,74.53,HARDER
2,36.15,84.95,9,3,1,81.58,SAME
4,25.0,130.02,17,2,2,61.66,EASIER
2,25.0,94.14,11,5,3,56.98,EASIER
3,28.97,110.25,14,2,0,75.49,HARDER
2,50.88,41.65,6,0,0,87.06,HARDER
3,27.13,131.64,15,3,1,52.22,EASIER
2,50.95,43.24,6,0,0,87.06,HARDER
5,25.0,273.81,25,7,4,38.87,EASIER
1,100.0,25.31,2,0,0,87.12,HARDER
5,25.0,300.0,23,5,2,36.5,EASIER
5,25.0,240.37,21,3,2,69.94,EASIER
4,33.32,130.97,16,1,0,88.56,HARDER
1,43.69,71.15,5,3,2,55.66,SAME
5,29.01,220.73,22,4,2,67.62,EASIER
2,49.38,43.04,6,0,0,70.11,HARDER
1,48.27,68.51,4,2,1,58.06,SAME
3,26.26,150.81,15,3,2,52.66,EASIER
2,39.64,103.55,10,4,3,77.21,EASIER
3,26.76,157.37,15,3,1,57.69,EASIER
4,30.67,177.79,16,1,0,56.07,SAME
4,31.37,128.59,17,2,2,84.66,EASIER
4,25.0,180.28,21,6,5,69.4,EASIER
3,28.01,120.45,15,3,2,59.56,EASIER
5,25.0,234.68,25,7,4,52.24,EASIER
3,26.69,103.39,14,2,0,66.09,HARDER
2,27.43,97.2,10,4,3,51.67,EASIER
5,28.37,254.37,22,4,3,69.06,EASIER
5,25.0,185.78,22,4,2,88.17,EASIER
5,25.0,243.34,25,7,5,57.75,EASIER
4,25.0,156.96,19,4,1,57.89,SAME
4,25.0,174.09,18,3,2,80.41,EASIER
3,30.16,88.08,13,1,0,100.0,HARDER
4,27.51,115.11,16,1,0,83.44,HARDER
3,28.58,125.63,13,1,0,81.21,HARDER
2,48.98,43.51,6,0,0,83.58,HARDER
3,25.0,169.18,18,6,1,53.93,SAME
1,63.55,48.95,3,1,0,68.67,HARDER
4,25.0,229.65,23,8,3,67.41,EASIER
2,41.51,73.94,7,1,0,82.01,HARDER
2,35.73,98.22,9,3,2,39.76,EASIER
5,25.0,259.93,23,5,2,82.5,EASIER
4,39.29,101.48,15,0,0,85.22,HARDER
1,94.51,38.31,2,0,0,100.0,HARDER
3,26.35,92.34,14,2,1,82.37,EASIER
3,31.64,76.98,13,1,1,84.1,EASIER
1,64.48,44.79,3,1,0,55.6,SAME
1,100.0,32.81,2,0,0,87.53,HARDER
1,100.0,29.3,2,0,0,81.12,HARDER
1,95.71,32.19,2,0,0,57.71,SAME
4,28.2,120.61,17,2,1,71.07,EASIER
2,26.26,119.91,11,5,3,33.87,EASIER
4,33.03,150.36,17,2,0,56.67,SAME
2,42.08,43.16,7,1,0,52.12,SAME
4,31.59,128.62,15,0,0,92.63,HARDER
4,27.91,183.93,19,4,1,47.52,SAME
2,48.09,40.96,6,0,0,100.0,HARDER
4,28.98,112.52,16,1,0,100.0,HARDER
4,33.21,114.75,16,1,0,76.8,HARDER
4,26.48,137.96,17,2,0,66.61,HARDER
5,26.51,173.96,23,5,2,90.43,SAME
5,29.49,144.61,21,3,0,61.83,SAME
3,25.0,139.49,16,4,1,49.47,SAME
5,28.53,206.62,20,2,1,57.25,EASIER
1,97.46,24.54,2,0,0,82.68,HARDER
5,28.86,186.97,21,3,0,82.82,SAME
1,100.0,20.0,2,0,0,63.6,SAME
5,25.0,273.17,22,4,3,51.76,EASIER
5,25.68,205.99,27,9,5,79.4,EASIER
4,25.0,196.74,22,7,4,39.8,EASIER
2,47.5,66.41,6,0,0,80.66,HARDER
4,25.0,160.87,20,5,3,62.78,EASIER
1,30.1,57.27,7,5,2,66.01,SAME
1,68.15,20.0,3,1,0,70.07,HARDER
2,25.0,97.44,12,6,1,71.03,HARDER
3,27.5,101.91,15,3,0,75.37,HARDER
1,46.68,67.52,5,3,2,86.68,SAME
5,26.81,238.86,24,6,3,48.52,EASIER
3,32.05,83.57,12,0,0,60.56,SAME
3,35.69,130.43,13,1,0,66.26,HARDER
3,37.98,115.9,12,0,0,56.08,SAME
1,100.0,33.61,2,0,0,89.7,HARDER
3,29.85,147.3,15,3,3,43.83,EASIER
2,34.34,71.49,9,3,0,68.64,HARDER
2,44.32,45.48,7,1,1,74.56,EASIER
4,33.11,126.39,16,1,1,86.68,EASIER
3,25.0,111.51,15,3,2,56.39,EASIER
2,49.31,36.33,6,0,0,87.87,HARDER
4,29.58,93.33,16,1,0,98.41,HARDER
4,35.74,124.92,16,1,1,71.04,EASIER
5,29.91,169.57,19,1,1,67.56,EASIER
1,62.33,57.16,3,1,0,78.21,HARDER
1,97.78,42.36,2,0,0,80.07,HARDER
1,41.53,44.21,5,3,1,74.79,SAME
3,30.33,98.65,14,2,1,93.07,EASIER
2,25.0,130.64,15,9,2,37.71,SAME
2,47.49,53.71,6,0,0,100.0,HARDER
4,25.0,211.71,24,9,6,57.33,SAME
2,42.91,75.44,7,1,0,59.19,SAME
5,25.0,227.17,22,4,3,52.71,EASIER
4,26.98,138.64,17,2,1,75.86,EASIER
5,28.72,278.47,20,2,1,39.62,EASIER
3,25.0,210.0,17,5,2,28.71,EASIER
5,32.03,218.48,20,2,1,76.06,EASIER
3,26.51,124.39,14,2,1,61.19,EASIER
5,25.05,179.01,26,8,1,66.85,SAME
3,25.0,129.24,16,4,2,71.83,EASIER
3,31.23,94.73,13,1,0,50.81,SAME
2,41.66,64.42,7,1,0,68.79,HARDER
2,35.28,109.07,9,3,1,57.65,SAME
4,25.64,189.21,22,7,1,52.02,SAME
1,96.02,20.0,2,0,0,100.0,HARDER
3,40.94,79.68,13,1,0,80.81,HARDER
3,35.19,83.35,13,1,1,81.92,EASIER
3,33.43,87.47,12,0,0,90.8,HARDER
4,30.83,220.5,18,3,3,70.4,EASIER
5,27.6,214.56,22,4,2,87.75,EASIER
1,49.15,55.15,4,2,0,61.12,SAME
1,99.42,28.39,2,0,0,61.45,SAME
5,32.19,212.28,20,2,1,62.01,EASIER
4,25.0,231.63,21,6,4,47.96,EASIER
3,26.82,134.94,18,6,1,53.95,SAME
5,27.4,236.86,23,5,4,41.58,EASIER
3,31.39,82.69,14,2,0,72.65,HARDER
5,31.93,161.37,20,2,2,81.63,EASIER
2,41.14,67.68,7,1,0,84.11,HARDER
3,32.98,152.14,14,2,2,63.3,EASIER
4,26.08,188.63,18,3,1,61.93,EASIER
3,25.0,149.42,17,5,2,70.57,EASIER
5,25.0,228.74,25,7,4,66.22,HARDER
4,25.0,173.3,19,4,1,38.26,EASIER
4,35.49,92.64,15,0,0,82.44,HARDER
1,63.14,38.99,3,1,1,66.6,SAME
3,28.18,155.91,15,3,1,31.14,EASIER
4,27.8,149.4,16,1,0,65.12,HARDER
5,32.46,221.44,23,5,4,45.07,EASIER
4,25.0,191.45,20,5,1,55.02,SAME
5,29.67,173.8,20,2,0,76.6,SAME
4,33.76,118.17,17,2,1,73.88,EASIER
2,35.63,73.38,9,3,0,70.97,HARDER
1,48.71,38.24,4,2,0,50.29,SAME
2,43.31,104.21,7,1,0,64.28,SAME
1,98.98,34.13,2,0,0,77.17,HARDER
5,27.07,216.38,25,7,2,54.76,EASIER
3,31.21,114.02,14,2,0,92.57,HARDER
4,26.34,169.94,19,4,1,85.85,SAME
4,27.08,184.16,21,6,4,55.5,EASIER
3,30.14,131.86,14,2,0,73.69,HARDER
4,26.89,204.99,21,6,4,53.18,EASIER
3,27.48,174.15,14,2,2,69.36,EASIER
3,31.84,114.42,14,2,1,59.29,EASIER
1,100.0,32.21,2,0,0,64.07,SAME
5,25.0,212.36,25,7,4,80.08,EASIER
1,64.81,30.21,3,1,0,83.19,HARDER
2,42.24,48.09,7,1,0,82.09,HARDER
4,25.0,142.07,19,4,2,61.74,EASIER
3,25.54,90.97,14,2,0,70.23,HARDER
2,48.63,54.68,6,0,0,63.32,SAME
3,25.76,153.52,14,2,0,56.26,SAME
5,29.79,245.2,22,4,3,40.97,EASIER
2,52.66,60.54,6,0,0,82.15,HARDER
5,28.25,186.21,21,3,1,59.8,EASIER
1,99.38,46.79,2,0,0,67.04,HARDER
3,31.52,93.73,13,1,0,88.39,HARDER
2,50.18,30.0,6,0,0,82.27,HARDER
2,37.85,99.54,8,2,0,56.75,SAME
5,30.47,175.74,21,3,2,74.78,EASIER
1,100.0,20.88,2,0,0,71.42,HARDER
2,29.4,74.53,9,3,1,49.46,SAME
4,28.62,124.49,17,2,2,64.47,EASIER
1,100.0,20.0,2,0,0,72.81,HARDER
1,64.79,39.1,3,1,0,66.57,HARDER
5,25.0,202.65,22,4,1,68.54,SAME
2,29.87,125.92,10,4,3,33.49,EASIER
5,27.47,247.85,24,6,5,26.77,EASIER
4,30.23,133.14,17,2,0,55.68,SAME
1,62.43,39.99,3,1,0,50.37,SAME
3,29.69,88.37,13,1,0,76.34,HARDER
2,43.25,64.32,7,1,0,80.63,HARDER
1,100.0,20.0,2,0,0,77.92,HARDER
1,57.1,55.57,4,2,0,47.58,SAME
5,31.5,152.91,20,2,1,63.76,EASIER
3,32.46,75.96,12,0,0,80.59,HARDER
4,27.9,167.3,18,3,1,79.28,SAME
4,30.85,170.89,15,0,0,62.55,SAME
1,98.62,41.77,2,0,0,82.29,HARDER
3,29.77,100.69,14,2,0,99.6,HARDER
1,100.0,35.15,2,0,0,91.57,HARDER
4,30.18,118.45,16,1,0,63.38,SAME
4,36.53,113.55,15,0,0,73.99,HARDER
2,43.47,49.55,7,1,0,68.67,HARDER
1,66.32,48.79,3,1,1,70.54,SAME
4,36.85,96.15,15,0,0,100.0,HARDER
3,25.0,83.23,14,2,0,79.77,HARDER
3,28.82,140.37,16,4,0,61.29,SAME
4,28.4,103.2,17,2,0,65.32,HARDER
4,26.93,153.6,17,2,1,67.65,EASIER
3,26.73,114.05,14,2,0,92.33,HARDER
2,31.28,53.97,10,4,1,71.32,SAME
1,100.0,20.89,2,0,0,74.01,HARDER
2,40.54,62.73,7,1,0,71.08,HARDER
2,26.25,87.47,10,4,3,71.83,EASIER
5,29.47,272.99,20,2,2,47.95,EASIER
2,25.0,132.85,13,7,2,53.26,EASIER
5,27.49,241.71,22,4,3,54.12,EASIER
1,100.0,22.71,2,0,0,100.0,HARDER
2,31.86,87.49,9,3,1,77.69,SAME
2,49.41,51.94,6,0,0,73.92,HARDER
4,25.0,235.29,25,10,4,58.91,EASIER
3,32.77,79.52,12,0,0,70.23,HARDER
2,47.53,69.9,6,0,0,57.42,SAME
3,25.0,159.72,17,5,1,51.54,SAME
1,93.26,34.18,2,0,0,75.19,HARDER
4,30.61,189.21,20,5,2,51.08,EASIER
2,44.11,76.63,7,1,1,94.71,EASIER
1,96.84,20.0,2,0,0,65.64,HARDER
2,38.14,81.7,8,2,2,66.09,EASIER
4,26.47,214.47,19,4,4,74.4,EASIER
1,97.4,34.64,2,0,0,82.8,HARDER
3,29.97,76.66,12,0,0,100.0,HARDER
2,37.36,73.22,7,1,1,67.5,EASIER
5,27.55,210.25,20,2,1,69.0,EASIER
2,42.73,41.17,7,1,0,69.15,HARDER
3,25.0,162.54,18,6,2,49.74,EASIER
5,30.51,191.14,21,3,1,46.96,EASIER
5,25.0,269.72,27,9,4,54.85,EASIER
4,25.0,203.41,19,4,2,72.92,EASIER
4,25.85,173.72,20,5,2,76.94,EASIER
5,34.33,270.12,20,2,2,63.83,EASIER
3,39.9,81.86,13,1,0,84.99,HARDER
3,33.29,112.91,12,0,0,73.38,HARDER
5,25.84,272.65,23,5,2,51.87,EASIER
3,25.0,173.93,16,4,4,48.47,EASIER
1,39.34,51.52,5,3,0,43.8,SAME
1,100.0,20.0,2,0,0,97.71,HARDER
1,100.0,49.96,2,0,0,100.0,HARDER
4,25.36,222.49,20,5,2,48.36,EASIER
4,30.66,175.47,17,2,2,57.84,EASIER
1,37.53,49.98,5,3,0,57.49,SAME
2,33.96,55.02,9,3,0,73.8,HARDER
5,31.75,142.81,20,2,1,85.08,EASIER
5,30.43,183.51,21,3,2,63.97,EASIER
5,36.0,169.94,19,1,1,88.54,EASIER
5,25.0,228.73,27,9,5,57.8,EASIER
2,48.73,77.72,7,1,0,82.71,HARDER
5,32.04,150.38,20,2,0,82.12,SAME
3,29.84,79.87,12,0,0,58.78,SAME
4,39.97,148.59,16,1,1,55.16,EASIER
2,25.19,129.74,12,6,2,69.22,SAME
3,36.28,92.47,12,0,0,82.8,HARDER
2,43.09,57.93,8,2,0,50.8,SAME
3,29.61,87.77,14,2,1,66.82,EASIER
1,100.0,20.0,2,0,0,95.93,HARDER
1,58.74,34.17,4,2,0,67.13,HARDER
5,25.67,259.06,25,7,4,58.62,EASIER
3,28.43,138.94,14,2,0,62.81,SAME
5,33.35,135.52,20,2,1,93.76,EASIER
4,25.24,170.34,20,5,2,61.07,EASIER
4,32.59,143.22,16,1,0,64.79,SAME
4,27.82,118.35,19,4,1,66.7,SAME
4,26.31,141.45,18,3,3,57.77,EASIER
1,68.44,38.01,3,1,1,50.17,SAME
3,29.56,67.98,14,2,0,65.93,HARDER
4,25.0,211.49,18,3,1,61.14,EASIER
5,25.0,210.25,21,3,1,79.98,SAME
2,51.48,51.37,6,0,0,80.91,HARDER
4,30.55,155.97,15,0,0,63.31,SAME
4,25.86,204.44,20,5,1,59.65,SAME
1,63.31,38.44,3,1,0,55.17,SAME
1,100.0,35.32,2,0,0,82.37,HARDER
5,29.2,222.41,22,4,2,75.36,EASIER
5,26.05,239.39,23,5,2,53.33,EASIER
3,25.0,174.14,18,6,2,35.09,EASIER
5,30.55,167.97,19,1,1,61.78,EASIER
1,100.0,34.25,2,0,0,81.65,HARDER
1,96.76,35.07,2,0,0,82.01,HARDER
1,67.48,48.89,3,1,0,60.57,SAME
5,35.3,170.47,20,2,1,81.28,EASIER
3,32.72,56.39,12,0,0,100.0,HARDER
2,52.87,90.44,6,0,0,58.41,SAME
1,97.66,33.03,2,0,0,64.0,SAME
3,25.75,127.3,16,4,0,72.42,HARDER
2,46.95,85.93,7,1,0,63.16,SAME
3,27.06,105.33,15,3,1,79.05,SAME
3,32.2,145.86,15,3,1,57.68,EASIER
5,28.13,195.56,25,7,4,59.8,EASIER
3,36.19,69.06,12,0,0,74.91,HARDER
2,44.09,67.82,7,1,1,74.57,EASIER
5,31.26,147.3,21,3,0,81.4,SAME
4,28.57,236.34,18,3,2,74.53,EASIER
4,25.0,222.42,20,5,2,55.77,EASIER
4,32.0,154.88,18,3,1,62.64,SAME
2,32.09,109.13,10,4,2,65.05,EASIER
3,29.72,154.83,14,2,1,45.84,EASIER
2,34.09,64.58,8,2,1,72.08,EASIER
4,26.29,167.78,20,5,2,53.08,EASIER
1,66.86,24.97,3,1,0,58.81,SAME
1,53.03,53.8,4,2,1,58.31,SAME
2,50.69,33.46,6,0,0,89.56,HARDER
2,38.64,80.78,7,1,0,67.58,HARDER
4,27.12,129.14,19,4,0,87.05,HARDER
4,35.63,103.5,16,1,0,75.89,HARDER
2,26.88,118.48,9,3,3,78.15,EASIER
2,25.0,119.77,12,6,5,49.36,EASIER
4,32.51,113.51,17,2,1,86.63,EASIER
1,54.06,54.95,4,2,0,54.31,SAME
5,25.0,202.74,22,4,1,61.82,SAME
1,64.74,34.41,3,1,0,63.0,SAME
2,57.17,34.12,6,0,0,79.2,HARDER
3,31.43,102.38,12,0,0,85.02,HARDER
4,30.64,117.08,16,1,0,95.0,HARDER
2,55.02,45.07,6,0,0,100.0,HARDER
5,28.69,152.55,20,2,1,87.3,EASIER
1,38.9,55.56,5,3,3,45.9,HARDER
3,33.65,107.87,12,0,0,54.65,SAME
3,29.86,119.04,14,2,2,75.66,EASIER
5,33.67,271.16,20,2,1,54.35,EASIER
2,44.65,71.99,8,2,0,90.44,HARDER
2,39.36,77.1,8,2,0,82.23,HARDER
2,47.48,48.4,7,1,0,59.68,SAME
3,34.04,123.91,13,1,1,62.04,EASIER
2,53.16,52.7,6,0,0,63.99,SAME
3,25.0,127.44,17,5,1,85.88,HARDER
3,25.0,150.43,16,4,2,54.91,EASIER
2,35.68,67.3,9,3,0,77.63,HARDER
1,97.32,42.97,2,0,0,42.03,SAME
1,66.6,23.97,3,1,1,90.82,SAME
5,30.44,147.78,21,3,1,74.99,SAME
3,25.0,109.26,14,2,1,78.09,EASIER
5,26.66,246.7,25,7,4,66.4,EASIER
3,32.73,115.63,12,0,0,74.05,HARDER
2,35.75,73.07,8,2,1,100.0,EASIER
2,39.78,89.11,7,1,0,60.13,SAME
5,25.0,300.0,28,10,5,28.11,EASIER
4,26.76,138.18,16,1,0,62.96,SAME
3,33.97,88.21,13,1,0,89.21,HARDER
1,99.39,20.0,2,0,0,57.83,SAME
2,35.01,65.04,9,3,0,68.25,HARDER
2,53.76,56.91,6,0,0,80.17,HARDER
5,28.19,300.0,21,3,1,39.25,EASIER
1,50.68,50.75,4,2,1,65.57,SAME
2,32.89,81.91,9,3,0,61.41,SAME
4,28.19,153.39,19,4,3,69.14,EASIER
4,30.82,214.52,18,3,2,33.34,EASIER
3,28.39,116.84,14,2,1,69.94,EASIER
3,26.17,87.54,14,2,0,62.73,SAME
3,34.81,94.3,12,0,0,89.39,EASIER
1,51.74,42.36,4,2,0,51.32,SAME
2,48.35,64.46,6,0,0,86.02,HARDER
5,33.46,148.99,21,3,2,75.47,EASIER
3,30.34,56.65,12,0,0,71.47,HARDER
1,98.86,24.07,2,0,0,91.28,HARDER
1,66.47,26.76,3,1,0,71.6,HARDER
3,25.61,144.58,16,4,1,71.67,SAME
3,25.0,145.8,14,2,2,72.54,EASIER
5,29.48,191.25,23,5,3,68.12,EASIER
2,41.93,67.04,7,1,0,72.87,HARDER
1,100.0,48.55,2,0,0,48.35,SAME
1,36.95,52.31,5,3,1,66.59,SAME
1,96.96,23.09,2,0,0,83.73,HARDER
4,29.29,185.41,17,2,0,61.23,SAME
1,95.07,25.8,2,0,0,74.52,HARDER
3,26.28,107.42,16,4,1,87.01,SAME
2,25.0,102.04,12,6,1,69.41,HARDER
1,46.26,42.62,4,2,1,56.75,SAME
3,25.0,165.82,18,6,2,61.7,EASIER
1,52.63,51.04,4,2,0,75.79,HARDER
3,26.92,91.56,15,3,0,78.49,HARDER
4,29.73,120.69,16,1,1,82.27,EASIER
3,28.24,156.35,16,4,2,44.88,EASIER
5,25.0,235.2,23,5,3,70.75,EASIER
1,97.81,23.99,2,0,0,93.21,HARDER
4,30.56,168.05,17,2,1,62.96,EASIER
3,33.84,69.03,13,1,1,73.86,EASIER
1,71.03,29.62,3,1,0,88.36,HARDER
1,48.56,21.76,4,2,0,76.47,HARDER
5,30.91,124.92,19,1,0,97.87,SAME
4,30.62,138.63,18,3,1,94.59,SAME
3,31.78,135.69,13,1,0,52.34,SAME
3,25.33,186.75,16,4,3,32.15,EASIER
2,45.18,46.0,7,1,0,95.87,HARDER
2,55.93,88.76,6,0,0,63.37,SAME
1,99.0,20.0,2,0,0,99.53,HARDER
5,25.83,137.46,20,2,1,90.62,EASIER
5,32.35,226.19,19,1,0,72.25,SAME
3,25.11,140.98,14,2,1,65.9,EASIER
2,48.68,62.19,6,0,0,84.35,HARDER
1,28.13,52.86,6,4,1,56.91,SAME
2,41.25,85.83,8,2,0,66.57,HARDER
5,25.0,187.43,24,6,2,85.16,SAME
1,100.0,22.23,2,0,0,87.92,HARDER
1,99.31,20.0,2,0,0,54.06,HARDER
2,32.42,62.05,9,3,1,58.98,SAME
3,25.0,176.5,23,11,4,60.83,EASIER
1,70.38,44.57,3,1,0,62.22,SAME
1,64.98,70.48,3,1,0,52.2,SAME
2,53.56,61.64,6,0,0,73.6,HARDER
3,25.03,146.25,18,6,3,51.87,EASIER
3,27.11,84.5,13,1,1,65.49,EASIER
5,25.0,295.94,25,7,3,27.33,EASIER
4,32.09,94.65,15,0,0,85.15,HARDER
4,26.65,176.13,20,5,2,81.18,EASIER
1,62.46,27.54,3,1,0,84.57,HARDER
5,25.0,283.73,25,7,4,66.56,EASIER
4,29.96,118.86,19,4,1,76.55,SAME
5,36.52,147.93,18,0,0,81.74,SAME
2,49.06,56.14,6,0,0,72.71,HARDER
2,41.96,71.86,7,1,1,72.23,EASIER
5,26.55,234.09,22,4,2,77.94,EASIER
4,32.72,79.54,15,0,0,71.21,HARDER
2,40.42,98.45,7,1,1,69.37,EASIER
5,26.82,273.81,21,3,1,27.29,EASIER
4,31.29,161.39,18,3,3,70.61,EASIER
5,29.5,157.37,20,2,1,69.87,EASIER
5,27.36,227.38,21,3,1,88.72,SAME
2,54.22,40.78,6,0,0,94.98,HARDER
2,29.9,122.51,9,3,2,41.95,EASIER
2,40.82,69.38,8,2,0,76.28,HARDER
4,28.76,194.3,19,4,2,72.73,EASIER
4,27.72,134.59,19,4,0,63.11,SAME
5,29.78,235.77,21,3,1,61.11,EASIER
5,26.03,191.9,21,3,0,68.77,SAME
2,41.85,69.51,7,1,1,55.81,EASIER
3,30.74,150.27,16,4,2,54.34,EASIER
5,32.36,180.07,20,2,0,87.14,SAME
1,36.71,59.56,5,3,0,62.45,SAME
4,34.91,167.06,15,0,0,73.25,HARDER
3,27.56,104.02,16,4,1,70.64,SAME
4,25.0,161.69,21,6,0,36.61,SAME
5,25.0,300.0,34,16,10,25.0,EASIER
3,25.75,105.22,14,2,0,51.57,SAME
3,25.0,151.95,16,4,2,42.17,EASIER
3,33.63,97.83,13,1,0,81.33,HARDER
3,33.33,85.06,13,1,0,78.9,HARDER
5,34.55,151.07,18,0,0,100.0,SAME
4,31.26,134.8,18,3,2,65.5,EASIER
5,25.0,300.0,23,5,5,49.16,EASIER
1,39.8,33.72,5,3,0,67.83,HARDER
3,30.38,79.6,14,2,0,87.87,HARDER
4,28.78,177.07,19,4,2,54.8,EASIER
1,99.94,27.39,2,0,0,89.16,HARDER
2,46.09,33.48,6,0,0,100.0,HARDER
2,30.65,85.94,10,4,1,58.59,HARDER
4,26.3,194.73,21,6,4,62.92,HARDER
4,25.0,169.41,18,3,1,68.14,SAME
1,38.81,34.15,5,3,0,81.22,HARDER
4,35.56,119.27,16,1,0,90.4,HARDER
3,25.0,166.91,14,2,1,38.55,EASIER
2,31.53,118.35,9,3,1,64.05,SAME
4,29.09,151.71,18,3,1,58.72,EASIER
3,25.52,136.4,17,5,4,68.24,EASIER
4,26.71,190.19,18,3,1,30.44,EASIER
2,37.71,100.96,9,3,2,55.86,EASIER
3,28.85,52.46,12,0,0,85.33,HARDER
5,25.0,247.61,26,8,6,64.39,EASIER
1,66.59,31.89,3,1,0,76.99,HARDER
2,25.0,160.0,13,7,3,49.05,EASIER
3,27.47,87.0,13,1,0,68.81,HARDER
3,26.24,164.07,17,5,2,66.72,EASIER
2,50.96,45.07,6,0,0,100.0,HARDER
4,32.51,182.72,18,3,1,77.95,SAME
4,25.0,176.92,22,7,6,65.16,EASIER
3,31.56,111.21,12,0,0,80.6,HARDER
1,30.44,89.58,6,4,4,51.99,SAME
2,50.17,42.02,6,0,0,76.42,HARDER
2,52.66,55.45,6,0,0,96.79,HARDER
4,33.29,178.99,18,3,2,66.65,EASIER
1,98.95,20.45,2,0,0,85.44,HARDER
2,51.11,73.13,6,0,0,64.77,SAME
2,30.66,82.28,9,3,1,55.17,SAME
1,73.3,43.71,3,1,0,49.8,SAME
2,51.88,39.33,6,0,0,100.0,HARDER
4,35.99,150.64,15,0,0,91.29,HARDER
4,32.2,122.75,15,0,0,94.2,HARDER
3,32.96,74.71,12,0,0,100.0,HARDER
3,36.81,91.92,12,0,0,73.53,HARDER
5,25.0,255.55,24,6,3,69.76,EASIER
5,25.0,272.4,25,7,4,58.16,EASIER
1,99.99,20.0,2,0,0,73.65,HARDER
4,30.61,151.39,15,0,0,78.48,HARDER
5,29.34,174.95,19,1,1,84.76,EASIER
1,100.0,20.35,2,0,0,86.77,HARDER
3,29.85,88.52,13,1,0,96.72,HARDER
3,36.14,98.2,13,1,0,91.23,HARDER
1,52.62,48.39,4,2,1,54.37,SAME
2,54.31,55.36,6,0,0,63.52,SAME
3,30.75,131.58,14,2,2,85.39,EASIER
1,48.85,48.54,4,2,0,73.09,HARDER
3,28.33,106.11,13,1,1,57.02,EASIER
1,98.68,30.34,2,0,0,90.28,HARDER
3,34.59,106.3,13,1,0,83.11,HARDER
2,36.95,59.81,8,2,1,80.79,EASIER
1,65.95,20.55,3,1,0,77.79,HARDER
1,100.0,25.11,2,0,0,90.93,HARDER
1,100.0,21.48,2,0,0,95.81,HARDER
2,44.37,57.8,7,1,0,64.45,SAME
2,36.56,98.62,8,2,0,51.66,SAME
3,30.02,104.43,13,1,0,76.85,HARDER
3,25.0,160.57,15,3,2,37.08,EASIER
2,44.43,69.6,7,1,1,74.02,EASIER
4,28.67,152.96,18,3,1,68.53,SAME
1,100.0,20.0,2,0,0,85.57,HARDER
1,64.88,52.69,3,1,0,81.61,HARDER
3,30.0,79.15,12,0,0,90.6,HARDER
1,100.0,28.37,2,0,0,88.58,HARDER
1,67.47,24.19,3,1,0,60.94,SAME
1,100.0,20.98,2,0,0,72.94,HARDER
4,32.96,205.26,17,2,2,47.01,EASIER
2,42.41,99.86,8,2,1,73.05,EASIER
4,26.02,169.37,17,2,1,64.37,EASIER
5,25.0,219.45,22,4,1,57.73,SAME
3,26.05,140.31,14,2,1,69.75,EASIER
5,25.0,270.27,25,7,4,77.07,EASIER
1,100.0,20.0,2,0,0,89.8,HARDER
3,31.16,133.33,13,1,1,42.19,EASIER
1,100.0,42.16,2,0,0,68.21,HARDER
2,43.43,57.43,7,1,0,100.0,HARDER
1,97.49,20.0,2,0,0,73.62,HARDER
4,27.47,188.58,17,2,1,55.17,EASIER
5,28.03,195.43,22,4,3,65.66,EASIER
5,25.0,300.0,28,10,9,45.89,EASIER
2,28.77,78.91,9,3,0,77.63,EASIER
3,28.16,126.32,16,4,1,54.18,SAME
1,100.0,20.0,2,0,0,89.89,EASIER
3,27.85,122.41,16,4,0,70.86,HARDER
2,44.73,39.94,6,0,0,89.86,HARDER
3,33.12,106.37,12,0,0,50.13,SAME
1,45.66,34.39,4,2,0,75.96,HARDER
3,26.32,168.23,14,2,1,66.53,EASIER
5,25.0,292.62,27,9,3,33.0,EASIER
1,47.4,34.55,4,2,0,45.76,SAME
3,28.89,103.1,15,3,0,75.1,HARDER
5,26.06,215.63,22,4,3,70.55,EASIER
2,50.85,53.19,6,0,0,96.81,HARDER
2,42.02,52.31,7,1,0,68.68,HARDER
5,31.09,131.47,19,1,0,83.65,SAME
2,45.28,65.29,7,1,0,70.15,HARDER
5,25.0,236.05,22,4,4,73.66,EASIER
3,31.57,78.08,14,2,2,67.85,EASIER
4,32.75,102.56,15,0,0,75.9,HARDER
5,32.99,203.47,20,2,2,68.98,EASIER
3,29.99,136.96,15,3,1,75.02,SAME
2,28.95,107.24,12,6,1,49.12,SAME
3,32.0,134.0,15,3,0,54.8,SAME
1,99.11,20.0,2,0,0,95.43,HARDER
5,25.0,165.56,20,2,1,82.89,EASIER
2,50.02,58.57,6,0,0,68.04,HARDER
5,25.82,173.91,22,4,1,57.36,SAME
3,26.15,120.49,15,3,2,43.53,EASIER
2,26.46,58.28,10,4,0,73.1,HARDER
1,100.0,22.75,2,0,0,65.27,HARDER
3,27.77,90.62,13,1,1,100.0,EASIER
5,28.24,145.34,18,0,0,69.78,SAME
5,29.63,192.46,19,1,1,95.99,EASIER
1,97.21,35.28,2,0,0,100.0,HARDER
5,25.0,157.62,23,5,2,62.13,EASIER
3,33.1,135.22,13,1,1,63.85,EASIER
4,25.0,164.45,20,5,3,38.61,EASIER
2,44.91,70.26,7,1,1,79.22,EASIER
5,27.37,154.08,21,3,2,99.72,EASIER
3,32.31,115.91,12,0,0,61.63,SAME
3,25.0,149.03,19,7,3,41.74,EASIER
1,25.0,68.3,7,5,3,49.22,SAME
1,70.49,31.05,3,1,0,80.56,HARDER
2,39.03,84.87,8,2,1,65.73,EASIER
3,29.04,148.05,14,2,1,52.56,EASIER
2,25.0,99.28,12,6,2,62.55,SAME
2,33.03,70.71,9,3,0,74.17,HARDER
1,100.0,23.86,2,0,0,95.69,HARDER
1,40.92,40.61,5,3,0,50.8,SAME
4,25.0,154.62,19,4,2,69.45,EASIER
5,25.0,227.8,22,4,2,58.82,SAME
5,27.9,252.82,24,6,3,74.56,EASIER
2,29.28,89.62,10,4,1,58.81,SAME
5,25.0,198.17,22,4,1,84.51,SAME
4,25.0,133.39,18,3,3,87.48,EASIER
1,100.0,29.16,2,0,0,62.95,SAME
4,25.0,95.19,17,2,0,79.67,HARDER
4,32.43,109.3,15,0,0,94.28,EASIER
1,96.33,29.11,2,0,0,66.41,HARDER
1,98.21,41.28,2,0,0,84.92,HARDER
3,29.21,200.42,16,4,2,45.88,EASIER
2,49.93,53.03,6,0,0,76.83,HARDER
2,37.03,61.72,8,2,0,59.04,SAME
1,100.0,23.08,2,0,0,79.05,SAME
2,42.4,73.9,7,1,0,82.46,SAME
1,33.18,68.19,5,3,0,55.03,SAME
3,25.0,176.9,17,5,4,55.57,EASIER
5,27.37,217.81,21,3,1,80.27,SAME
3,32.42,85.43,13,1,0,73.18,HARDER
1,96.4,35.91,2,0,0,81.24,HARDER
2,34.53,109.08,9,3,1,42.77,EASIER
1,100.0,21.64,2,0,0,97.15,HARDER
5,30.02,213.35,20,2,0,71.48,SAME
3,34.92,94.76,12,0,0,69.36,HARDER
3,36.01,85.69,12,0,0,83.35,HARDER
3,30.41,63.01,13,1,0,85.71,HARDER
4,32.92,132.11,17,2,0,99.02,HARDER
2,48.8,50.48,6,0,0,97.39,HARDER
2,36.4,100.26,9,3,1,47.59,EASIER
4,34.63,109.03,15,0,0,86.02,HARDER
2,46.31,66.93,7,1,1,58.42,EASIER
3,28.72,117.89,13,1,0,60.8,SAME
2,36.23,77.46,8,2,1,58.99,EASIER
3,25.0,138.7,15,3,2,51.44,EASIER
5,25.11,197.87,21,3,2,50.06,EASIER
2,45.44,59.96,7,1,0,59.56,SAME
3,29.64,189.8,17,5,5,50.96,EASIER
3,35.46,99.58,13,1,0,87.49,HARDER
4,26.32,176.85,19,4,1,58.49,SAME
1,67.0,33.29,3,1,0,78.05,HARDER
5,31.98,146.83,20,2,1,65.64,EASIER
5,33.49,166.16,23,5,1,84.14,SAME
3,30.32,153.57,14,2,0,70.38,SAME
3,33.64,136.83,15,3,1,70.8,SAME
2,50.19,51.86,6,0,0,98.82,HARDER
3,37.05,60.41,12,0,0,92.69,HARDER
3,25.33,126.87,13,1,1,66.28,EASIER
2,41.97,77.27,8,2,0,62.14,SAME
3,25.0,149.97,15,3,3,64.9,EASIER
1,34.34,67.38,6,4,1,57.49,SAME
2,33.91,69.99,8,2,0,62.83,SAME
2,44.2,58.45,6,0,0,100.0,HARDER
5,27.98,170.23,21,3,3,70.5,EASIER
3,30.16,123.56,15,3,0,63.54,SAME
3,30.22,142.93,14,2,2,76.32,EASIER
2,32.29,87.18,8,2,0,57.0,SAME
1,67.38,45.53,3,1,1,75.25,SAME
1,65.66,49.32,3,1,1,46.89,SAME
4,25.0,207.1,21,6,4,49.96,EASIER
1,100.0,38.13,2,0,0,73.57,HARDER
1,49.52,32.35,4,2,0,73.14,HARDER
4,34.87,172.17,18,3,1,47.54,EASIER
5,25.0,295.35,27,9,6,48.23,EASIER
1,100.0,27.54,2,0,0,76.65,HARDER
2,25.0,109.63,11,5,0,51.08,SAME
5,26.21,172.56,22,4,3,75.08,EASIER
2,45.63,45.56,6,0,0,73.36,HARDER
3,34.12,76.27,12,0,0,77.57,HARDER
4,30.13,112.07,16,1,1,90.23,EASIER
2,29.0,86.3,9,3,0,64.84,SAME
4,33.3,119.63,17,2,0,74.24,HARDER
2,27.42,62.09,10,4,0,76.77,HARDER
4,27.24,103.06,18,3,0,73.96,HARDER
4,25.0,240.27,24,9,5,49.15,EASIER
3,30.37,181.95,17,5,4,73.18,EASIER
5,29.15,227.18,22,4,1,53.5,SAME
5,29.92,232.41,21,3,1,53.72,EASIER
4,29.14,121.86,19,4,4,67.34,EASIER
4,25.0,159.81,21,6,2,74.94,SAME
2,34.53,64.64,8,2,1,87.7,EASIER
5,25.75,216.76,23,5,2,60.54,EASIER
2,46.65,46.23,6,0,0,82.93,HARDER
1,40.25,53.82,5,3,2,69.16,SAME
2,35.68,104.03,9,3,1,64.98,HARDER
3,25.0,177.06,20,8,6,37.13,EASIER
4,28.08,239.92,21,6,6,26.71,HARDER
5,30.85,144.16,21,3,2,74.89,EASIER
2,25.0,116.22,14,8,3,34.14,EASIER
3,34.35,64.59,12,0,0,80.26,HARDER
5,29.01,273.38,23,5,3,64.44,EASIER
2,51.27,43.62,6,0,0,87.79,HARDER
3,35.93,72.22,12,0,0,100.0,HARDER
3,29.25,108.79,13,1,1,65.34,EASIER
2,50.28,78.82,6,0,0,73.2,HARDER
3,25.0,175.21,20,8,5,38.3,EASIER
5,27.18,213.43,21,3,2,67.24,EASIER
1,100.0,20.0,2,0,0,95.78,HARDER
1,100.0,20.0,2,0,0,80.13,HARDER
5,30.02,168.98,22,4,3,70.84,EASIER
1,72.84,47.34,3,1,0,62.03,SAME
3,25.79,150.59,16,4,4,63.48,EASIER
2,44.11,58.37,7,1,0,81.5,HARDER
4,28.34,239.42,19,4,2,25.0,EASIER
5,31.43,190.19,19,1,1,54.0,EASIER
2,47.19,43.63,6,0,0,84.47,HARDER
4,27.91,188.01,18,3,2,48.22,EASIER
3,27.37,130.03,15,3,0,55.57,SAME
3,32.91,62.29,12,0,0,85.53,HARDER
2,40.79,99.88,8,2,1,69.2,EASIER
1,100.0,27.0,2,0,0,60.17,SAME
3,26.06,93.86,14,2,0,72.38,HARDER
3,27.84,129.69,15,3,2,53.86,EASIER
5,31.36,172.23,21,3,0,75.64,SAME
3,35.71,66.65,12,0,0,86.14,HARDER
3,33.0,131.81,13,1,0,70.6,HARDER
4,26.98,169.58,18,3,2,66.83,EASIER
1,98.61,31.06,2,0,0,95.81,HARDER
3,30.75,158.65,14,2,2,69.89,EASIER
4,25.0,214.79,21,6,4,35.1,EASIER
3,29.91,111.15,14,2,1,77.69,EASIER
5,33.48,153.48,18,0,0,81.12,SAME
3,33.76,81.45,12,0,0,78.05,HARDER
2,45.79,52.68,7,1,0,71.44,HARDER
2,40.42,71.24,7,1,0,51.38,SAME
5,28.17,147.95,21,3,1,95.75,SAME
3,31.87,147.73,16,4,1,59.52,SAME
1,100.0,46.54,2,0,0,77.08,HARDER
2,42.65,31.07,7,1,0,83.52,HARDER
2,28.95,93.55,10,4,0,40.89,HARDER
3,26.41,78.31,12,0,0,70.71,HARDER
2,36.93,105.65,8,2,1,71.82,EASIER
1,66.55,45.92,3,1,0,43.73,SAME
1,100.0,29.75,2,0,0,63.29,SAME
5,25.0,222.87,24,6,5,60.38,EASIER
5,31.09,192.66,21,3,2,62.62,HARDER
5,31.21,275.55,22,4,3,38.92,EASIER
4,29.22,172.16,18,3,1,64.32,SAME
5,25.0,300.0,29,11,9,26.27,EASIER
4,30.72,149.02,17,2,0,86.98,HARDER
2,38.37,57.81,7,1,0,73.16,HARDER
2,28.56,100.8,10,4,1,82.62,SAME
5,27.87,267.0,22,4,4,53.56,EASIER
4,36.07,119.77,16,1,0,97.7,HARDER
3,26.55,127.01,16,4,3,74.09,HARDER
4,29.14,124.66,16,1,1,84.86,EASIER
4,26.13,191.85,19,4,1,80.62,SAME
3,28.64,168.63,15,3,1,65.01,SAME
1,45.5,66.75,5,3,1,55.92,SAME
4,33.92,153.36,18,3,1,58.53,EASIER
1,100.0,42.55,2,0,0,75.72,HARDER
5,25.0,275.17,22,4,2,43.02,EASIER
2,27.58,115.98,10,4,2,74.49,EASIER
5,34.12,157.32,20,2,0,74.05,SAME
1,98.64,25.38,2,0,0,80.77,HARDER
1,97.13,39.19,2,0,0,76.11,HARDER
4,25.0,217.61,17,2,2,56.47,EASIER
4,29.12,250.0,21,6,3,38.9,EASIER
5,30.77,135.96,19,1,1,65.99,EASIER
1,100.0,20.0,2,0,0,100.0,HARDER
4,27.03,129.79,18,3,0,77.67,HARDER
3,26.33,193.75,15,3,1,25.0,EASIER
2,49.79,49.55,6,0,0,66.44,HARDER
1,100.0,34.55,2,0,0,92.19,HARDER
1,68.34,33.94,3,1,0,81.84,HARDER
4,29.23,106.82,16,1,0,79.63,HARDER
1,100.0,20.0,2,0,0,82.99,HARDER
3,26.07,172.84,17,5,3,49.33,EASIER
3,33.07,121.3,13,1,1,63.06,EASIER
4,25.12,127.27,16,1,0,65.85,HARDER
1,37.53,62.64,5,3,2,71.87,SAME
1,96.26,27.45,2,0,0,70.3,HARDER
4,27.58,188.91,17,2,1,68.42,EASIER
5,32.63,266.03,21,3,2,81.38,EASIER
5,31.61,152.06,20,2,1,82.7,EASIER
1,63.43,26.3,3,1,0,72.23,HARDER
2,49.33,73.5,7,1,1,87.0,EASIER
2,36.55,43.81,8,2,1,69.46,EASIER
1,99.71,20.0,2,0,0,81.99,HARDER
3,26.64,175.96,15,3,3,49.71,EASIER
4,33.88,121.07,17,2,2,57.13,EASIER
1,100.0,35.28,2,0,0,45.69,SAME
1,48.44,81.77,4,2,1,45.24,SAME
3,33.52,66.87,13,1,0,76.28,HARDER
5,25.94,179.22,22,4,1,58.97,SAME
5,26.67,235.84,25,7,1,63.3,SAME
1,99.56,34.87,2,0,0,85.29,HARDER
5,25.31,250.83,25,7,6,61.65,EASIER
5,27.29,216.18,21,3,1,66.42,EASIER
1,25.0,88.77,9,7,3,48.11,SAME
1,100.0,30.77,2,0,0,65.93,HARDER
1,95.56,33.08,2,0,0,81.13,HARDER
4,31.87,130.38,17,2,1,66.7,EASIER
4,25.0,140.22,19,4,2,50.01,EASIER
1,100.0,21.63,2,0,0,72.51,HARDER
4,32.48,88.86,16,1,0,88.97,HARDER
3,31.22,134.34,14,2,1,59.3,EASIER
5,27.59,150.09,21,3,1,62.9,SAME
3,29.71,103.95,15,3,2,55.58,EASIER
4,25.85,96.05,16,1,0,96.38,HARDER
5,25.0,300.0,26,8,5,29.87,EASIER
1,100.0,21.21,2,0,0,76.47,HARDER
4,26.81,147.23,19,4,2,55.02,EASIER
5,30.95,151.61,20,2,2,100.0,EASIER
5,29.41,153.88,19,1,0,97.64,SAME
1,100.0,21.99,2,0,0,76.83,HARDER
4,30.0,181.89,18,3,1,81.53,SAME
5,30.75,250.33,20,2,1,61.62,EASIER
2,30.46,100.35,9,3,1,72.61,SAME
2,46.38,85.13,7,1,0,76.17,HARDER
5,30.64,151.61,19,1,0,100.0,SAME
4,25.0,154.9,20,5,2,52.91,EASIER
2,40.54,86.74,8,2,0,65.57,HARDER
2,30.5,97.49,9,3,1,60.09,SAME
2,28.73,93.6,11,5,0,70.39,HARDER
5,27.08,237.04,22,4,1,61.18,SAME
5,26.63,183.59,20,2,1,73.47,EASIER
2,43.98,60.71,7,1,0,75.47,HARDER
1,69.51,36.86,3,1,0,86.33,SAME
1,100.0,29.19,2,0,0,71.22,HARDER
1,98.99,20.0,2,0,0,85.85,HARDER
3,34.15,100.43,12,0,0,100.0,HARDER
1,98.88,36.67,2,0,0,60.34,SAME
2,50.86,41.89,6,0,0,100.0,HARDER
3,27.38,92.16,13,1,0,79.17,HARDER
1,50.57,47.28,4,2,0,62.76,SAME
2,40.64,79.86,7,1,0,81.5,HARDER
4,36.45,111.18,15,0,0,100.0,HARDER
2,46.93,35.75,6,0,0,100.0,HARDER
4,25.0,250.0,22,7,3,35.26,EASIER
1,30.61,47.39,6,4,1,74.8,SAME
1,95.26,35.03,2,0,0,100.0,HARDER
4,31.82,204.79,16,1,1,57.81,EASIER
3,25.0,136.06,16,4,1,66.52,SAME
4,26.33,179.69,20,5,4,55.13,EASIER
2,40.82,59.08,6,0,0,59.63,SAME
1,100.0,32.66,2,0,0,69.93,HARDER
3,30.64,74.65,13,1,0,61.66,SAME
4,27.71,207.55,18,3,3,68.61,EASIER
3,28.93,97.47,14,2,0,92.15,HARDER
1,97.52,22.53,2,0,0,95.64,HARDER
1,49.23,40.93,4,2,1,71.35,SAME
3,36.27,78.58,12,0,0,97.45,HARDER
3,29.34,74.85,12,0,0,63.16,HARDER
5,25.88,157.16,24,6,0,64.0,SAME
2,51.8,30.79,6,0,0,74.75,HARDER
5,33.16,172.49,20,2,0,65.56,SAME
1,100.0,47.42,2,0,0,72.85,HARDER
1,67.86,30.3,3,1,0,81.93,HARDER
1,70.09,63.55,3,1,1,51.49,SAME
5,32.53,171.97,20,2,1,73.54,EASIER
1,62.37,30.3,3,1,1,91.76,SAME
1,100.0,29.5,2,0,0,97.13,HARDER
3,27.99,129.54,18,6,2,53.86,EASIER
3,25.0,140.9,16,4,2,77.25,EASIER
3,25.25,194.82,15,3,2,46.88,EASIER
5,27.63,206.21,22,4,2,46.6,EASIER
5,25.0,159.05,22,4,3,100.0,EASIER
1,98.83,29.25,2,0,0,74.96,HARDER
1,45.97,51.52,4,2,1,72.64,SAME
3,29.91,172.73,15,3,2,33.79,EASIER
4,30.44,131.53,15,0,0,100.0,HARDER
3,28.88,111.65,13,1,1,65.95,EASIER
1,64.92,45.51,3,1,0,59.2,SAME
3,25.0,210.0,16,4,4,46.34,EASIER
3,32.46,99.45,13,1,1,75.81,EASIER
1,94.38,33.99,2,0,0,84.62,HARDER
1,67.27,32.73,3,1,0,100.0,HARDER
1,99.38,20.25,2,0,0,93.26,HARDER
1,66.42,38.28,3,1,0,74.25,HARDER
2,49.99,50.65,6,0,0,88.06,HARDER
3,31.24,80.91,12,0,0,93.26,HARDER
2,34.41,72.23,8,2,0,62.52,SAME
5,25.0,181.29,22,4,1,52.15,SAME
2,25.96,81.0,11,5,1,58.44,SAME
2,40.52,69.98,8,2,1,56.12,EASIER
1,50.56,49.85,4,2,0,44.15,SAME
5,34.32,242.53,21,3,1,47.21,EASIER
5,29.46,212.05,18,0,0,82.06,SAME
3,30.16,124.55,14,2,0,62.78,SAME
3,25.0,108.93,15,3,0,78.95,HARDER
1,100.0,24.01,2,0,0,87.42,HARDER
2,42.99,50.24,7,1,0,64.96,SAME
2,50.04,42.54,6,0,0,71.14,HARDER
5,30.25,191.16,22,4,2,49.05,EASIER
4,25.34,210.67,19,4,1,37.67,EASIER
1,99.91,20.0,2,0,0,75.97,HARDER
1,100.0,39.92,2,0,0,74.3,HARDER
2,51.15,55.7,6,0,0,60.64,SAME
4,30.85,149.04,17,2,2,100.0,EASIER
1,100.0,20.0,2,0,0,96.16,HARDER
1,100.0,22.61,2,0,0,81.57,HARDER
3,34.89,83.57,12,0,0,79.17,HARDER
4,26.1,217.18,21,6,1,74.43,SAME
1,100.0,22.39,2,0,0,97.51,HARDER
5,33.52,211.01,21,3,2,38.91,EASIER
2,25.0,112.33,12,6,2,41.65,EASIER
5,29.43,143.36,20,2,0,73.69,SAME
2,51.34,66.74,6,0,0,100.0,HARDER
4,26.66,172.59,23,8,2,54.37,SAME
1,69.78,27.39,3,1,0,77.67,HARDER
5,29.85,258.54,20,2,1,44.45,EASIER
5,25.22,221.82,22,4,3,51.8,EASIER
2,25.0,92.3,12,6,1,50.63,SAME
5,40.97,144.2,18,0,0,93.73,SAME
4,30.22,146.82,17,2,0,87.96,HARDER
5,25.04,192.83,20,2,2,78.9,EASIER
4,25.01,207.14,20,5,4,79.86,EASIER
5,25.0,237.42,28,10,0,52.78,SAME
3,30.37,125.81,13,1,1,89.88,EASIER
5,25.0,252.24,24,6,6,43.77,EASIER
5,30.05,193.73,18,0,0,76.45,SAME
4,28.12,138.37,17,2,1,98.66,EASIER
3,25.0,134.31,16,4,1,66.2,SAME
5,32.91,290.42,20,2,2,33.5,EASIER
4,34.06,123.62,15,0,0,84.86,HARDER
1,68.56,26.64,3,1,0,83.33,HARDER
1,62.22,45.06,3,1,0,45.9,SAME
5,27.97,169.53,23,5,1,71.57,SAME
2,54.44,43.19,6,0,0,83.24,HARDER
2,29.43,97.69,10,4,0,57.01,SAME
5,27.07,193.56,23,5,2,57.94,SAME
3,25.93,168.41,16,4,3,48.2,EASIER
2,38.55,72.6,8,2,1,55.18,EASIER
4,27.28,119.05,16,1,0,85.93,HARDER
1,66.76,44.08,3,1,0,64.23,SAME
5,27.67,214.15,22,4,3,75.94,EASIER
3,29.72,107.93,15,3,1,82.13,SAME
3,30.76,88.68,12,0,0,87.39,HARDER
1,63.71,38.52,3,1,0,55.05,SAME
2,37.06,89.85,9,3,1,69.97,SAME
5,30.26,129.29,18,0,0,58.03,SAME
5,31.18,130.82,19,1,1,90.01,EASIER
3,25.0,137.49,19,7,2,67.35,SAME
5,37.0,131.67,18,0,0,79.98,SAME
1,25.0,116.64,11,9,2,49.0,SAME
5,30.69,170.63,20,2,2,81.52,EASIER
1,100.0,43.98,2,0,0,97.68,HARDER
4,25.0,250.0,24,9,6,31.13,EASIER
2,37.4,83.2,8,2,0,85.67,HARDER
3,30.33,118.21,13,1,0,79.17,HARDER
2,46.07,68.23,7,1,1,75.92,EASIER
2,37.28,75.73,8,2,0,46.7,SAME
1,99.76,21.84,2,0,0,92.87,EASIER
1,100.0,44.85,2,0,0,73.34,HARDER
1,49.67,44.66,4,2,0,65.61,HARDER
3,25.02,167.02,14,2,1,28.63,EASIER
2,29.47,85.12,10,4,0,85.93,HARDER
5,26.25,146.03,21,3,2,72.48,EASIER
4,28.89,111.62,17,2,1,75.96,EASIER
2,27.77,82.58,8,2,0,78.39,HARDER
2,49.59,52.44,6,0,0,89.93,HARDER
5,29.54,189.68,21,3,1,74.02,SAME
3,26.5,116.58,14,2,1,64.16,EASIER
4,27.66,116.3,16,1,0,72.49,HARDER
5,25.0,214.61,24,6,4,53.57,EASIER
1,100.0,29.7,2,0,0,100.0,HARDER
5,25.0,178.09,22,4,2,70.74,EASIER
3,28.81,132.62,15,3,0,49.61,SAME
5,33.34,166.11,20,2,1,59.07,EASIER
5,25.51,231.73,21,3,1,41.61,EASIER
3,31.37,86.21,12,0,0,90.04,HARDER
1,97.35,26.04,2,0,0,84.99,HARDER
5,26.21,284.3,22,4,2,46.13,EASIER
3,28.66,75.54,13,1,0,53.63,SAME
1,97.03,20.73,2,0,0,52.31,SAME
1,99.15,25.79,2,0,0,95.5,HARDER
1,41.4,59.12,5,3,1,52.69,SAME
1,98.2,27.28,2,0,0,81.24,HARDER
3,30.73,80.9,12,0,0,91.01,HARDER
5,31.3,163.03,21,3,2,80.79,EASIER
2,54.46,67.66,6,0,0,72.11,HARDER
4,30.46,190.36,17,2,1,62.19,EASIER
3,32.42,112.06,12,0,0,67.67,HARDER
2,48.47,61.48,6,0,0,87.52,HARDER
2,50.0,66.37,6,0,0,62.21,SAME
3,32.63,90.2,14,2,1,96.97,EASIER
2,49.82,57.34,6,0,0,92.43,HARDER
5,25.0,147.19,20,2,1,87.33,EASIER
5,28.24,221.12,21,3,1,79.17,SAME
3,28.02,142.36,16,4,3,72.31,EASIER
3,25.91,132.35,14,2,0,75.67,HARDER
1,100.0,41.05,2,0,0,53.58,SAME
5,32.06,139.41,21,3,1,64.81,SAME
1,100.0,28.13,2,0,0,89.88,HARDER
1,99.7,26.75,2,0,0,74.38,HARDER
3,34.78,85.91,12,0,0,100.0,SAME
2,47.8,49.43,6,0,0,94.96,HARDER
3,27.81,102.21,14,2,1,71.47,EASIER
2,36.52,89.3,8,2,1,64.1,EASIER
5,31.08,218.11,21,3,1,50.42,EASIER
5,30.98,262.59,23,5,3,74.55,HARDER
1,25.0,75.02,9,7,2,43.01,SAME
1,100.0,20.0,2,0,0,82.16,HARDER
2,37.95,107.91,8,2,1,62.43,EASIER
4,33.86,191.0,16,1,0,59.92,SAME
4,31.4,175.87,16,1,1,51.55,EASIER
5,26.0,269.02,26,8,3,55.87,EASIER
3,29.54,73.98,12,0,0,92.06,SAME
5,28.71,209.26,22,4,2,61.04,EASIER
4,25.0,250.0,24,9,8,39.01,EASIER
2,38.76,97.06,8,2,1,62.77,EASIER
4,31.8,178.76,18,3,2,62.55,EASIER
1,63.3,36.51,3,1,0,75.16,HARDER
4,25.0,113.66,16,1,0,100.0,HARDER
2,26.36,101.77,11,5,1,67.77,HARDER
5,25.0,226.58,23,5,2,65.31,EASIER
5,25.0,171.86,22,4,2,61.64,EASIER
3,25.36,128.8,16,4,1,79.21,SAME
2,46.78,75.58,6,0,0,72.27,HARDER
5,27.65,210.28,23,5,3,50.13,EASIER
2,26.43,121.98,11,5,3,53.01,EASIER
2,51.78,50.06,6,0,0,69.16,HARDER
3,25.19,111.4,15,3,0,69.98,HARDER
5,31.73,142.39,19,1,1,82.05,EASIER
5,25.0,283.02,25,7,5,63.2,EASIER
4,30.01,187.09,18,3,2,79.53,EASIER
2,49.24,49.23,6,0,0,82.83,HARDER
1,100.0,32.37,2,0,0,57.75,SAME
4,25.87,201.9,20,5,3,49.77,EASIER
2,48.62,63.14,6,0,0,60.76,SAME
4,25.0,198.1,20,5,2,48.83,EASIER
1,36.76,81.8,6,4,3,51.49,SAME
3,35.47,73.54,12,0,0,100.0,HARDER
2,43.6,83.27,7,1,0,68.21,HARDER
5,33.33,276.02,25,7,6,47.89,EASIER
3,32.04,116.53,12,0,0,71.37,SAME
5,26.2,274.01,24,6,2,39.35,EASIER
4,26.58,185.46,20,5,2,70.26,EASIER
4,27.61,224.64,20,5,3,48.96,EASIER
4,32.92,134.88,16,1,0,52.49,SAME
3,26.11,118.22,15,3,1,71.17,SAME
2,37.85,94.38,8,2,0,50.55,SAME
4,25.54,171.77,20,5,2,64.06,EASIER
5,25.48,206.86,22,4,3,70.34,EASIER
2,47.45,50.5,6,0,0,83.35,HARDER
3,27.99,131.65,15,3,1,72.65,SAME
1,52.3,47.35,4,2,0,65.36,HARDER
2,43.49,67.43,7,1,1,85.9,EASIER
5,25.58,175.18,24,6,1,55.28,SAME
2,33.74,91.77,9,3,1,64.17,SAME
4,29.02,157.92,18,3,1,62.44,SAME
5,25.0,225.78,26,8,2,46.45,EASIER
2,51.59,54.73,6,0,0,67.73,HARDER
1,33.7,70.68,6,4,1,39.66,SAME
3,28.25,106.4,14,2,1,78.55,EASIER
4,28.51,141.78,19,4,1,50.14,SAME
2,31.76,81.95,9,3,0,59.41,SAME
2,29.65,120.27,11,5,2,40.01,EASIER
3,25.04,136.45,15,3,0,68.98,HARDER
4,29.96,123.62,15,0,0,67.01,HARDER
3,25.87,108.95,15,3,1,75.38,SAME
3,28.46,119.1,14,2,0,99.32,HARDER
4,32.05,145.0,18,3,1,69.55,SAME
3,25.0,203.78,21,9,4,36.47,EASIER
1,99.92,34.29,2,0,0,84.0,HARDER
2,31.46,85.99,9,3,2,54.26,EASIER
5,28.32,300.0,26,8,3,57.77,EASIER
5,29.42,167.81,20,2,1,64.79,EASIER
5,28.22,245.09,22,4,2,58.49,EASIER
5,25.0,300.0,27,9,6,25.0,EASIER
2,28.38,78.59,9,3,0,64.73,SAME
4,34.86,106.05,16,1,0,81.59,HARDER
5,27.13,226.38,23,5,2,62.79,EASIER
4,25.0,215.36,21,6,4,69.18,EASIER
2,25.0,105.63,10,4,1,64.48,SAME
4,26.81,177.2,19,4,3,74.57,EASIER
4,27.22,157.56,19,4,3,69.38,EASIER
3,25.0,101.27,17,5,0,57.72,SAME
2,45.59,75.79,7,1,1,64.91,EASIER
4,33.65,221.06,19,4,3,55.18,EASIER
4,28.81,184.33,16,1,1,53.23,EASIER
2,43.98,47.88,6,0,0,65.39,HARDER
4,25.0,250.0,23,8,4,60.63,EASIER
2,26.94,85.1,11,5,1,40.47,SAME
4,27.98,213.83,17,2,1,57.08,EASIER
5,25.0,155.73,23,5,3,50.85,EASIER
1,100.0,23.14,2,0,0,69.6,HARDER
1,39.99,40.19,5,3,0,50.5,SAME
1,97.19,26.32,2,0,0,100.0,HARDER
1,98.93,42.63,2,0,0,69.74,HARDER
2,38.74,93.33,8,2,2,53.85,EASIER
1,37.1,51.53,6,4,0,44.02,SAME
4,30.12,156.51,18,3,2,55.1,EASIER
5,34.63,138.33,19,1,0,80.98,SAME
2,40.01,52.06,7,1,0,100.0,HARDER
3,25.0,73.87,15,3,1,69.23,SAME
5,30.0,270.07,23,5,3,30.82,EASIER
3,25.0,146.55,16,4,1,83.11,SAME
5,25.31,261.02,23,5,1,63.68,EASIER
3,28.45,120.35,15,3,1,85.87,SAME
5,30.18,188.04,22,4,1,61.98,SAME
4,25.0,189.39,20,5,2,44.15,EASIER
2,41.41,81.15,8,2,0,63.02,SAME
4,28.69,161.86,17,2,1,69.52,EASIER
1,100.0,42.29,2,0,0,86.17,HARDER
5,25.0,238.44,23,5,2,61.87,EASIER
3,25.45,201.56,15,3,3,30.97,EASIER
1,53.89,37.39,4,2,0,78.61,HARDER
2,48.27,46.95,6,0,0,67.33,HARDER
1,34.08,58.05,6,4,1,48.68,SAME
5,25.95,168.3,20,2,0,52.74,SAME
4,30.76,126.55,16,1,0,87.38,HARDER
5,30.49,226.56,24,6,4,60.82,EASIER
2,49.96,50.26,7,1,0,69.09,HARDER
5,31.53,139.27,21,3,1,85.59,SAME
2,37.45,101.47,8,2,1,68.11,EASIER
5,27.03,300.0,26,8,7,25.0,EASIER
4,28.51,136.81,17,2,1,70.4,EASIER
3,25.0,153.89,16,4,3,48.9,EASIER
3,28.74,111.5,13,1,1,78.81,EASIER
3,26.92,120.87,15,3,3,56.82,EASIER
4,25.0,150.86,19,4,0,48.38,SAME
5,25.0,272.29,29,11,8,39.34,EASIER
1,50.24,47.59,4,2,1,60.83,SAME
5,33.06,179.75,22,4,1,64.63,SAME
2,25.0,121.48,12,6,3,37.91,EASIER
5,29.93,186.15,21,3,2,51.21,EASIER
2,39.52,53.47,7,1,0,81.84,HARDER
4,25.0,250.0,25,10,2,34.39,EASIER
3,25.98,107.39,13,1,0,76.34,HARDER
4,25.6,239.4,19,4,2,30.18,EASIER
5,31.37,299.32,21,3,0,34.86,EASIER
4,25.0,214.68,20,5,4,47.45,EASIER
3,25.0,191.61,18,6,2,60.98,EASIER
4,25.0,181.07,20,5,2,51.94,EASIER
3,25.0,210.0,20,8,5,52.42,EASIER
5,25.0,225.61,29,11,9,65.04,EASIER
5,25.0,291.49,25,7,5,40.9,EASIER
4,26.74,197.13,19,4,4,45.87,EASIER
4,29.25,95.51,16,1,1,76.51,EASIER
4,29.16,107.18,15,0,0,92.85,HARDER
2,49.96,51.36,6,0,0,60.15,SAME
5,25.55,247.42,25,7,6,52.07,EASIER
1,47.3,40.27,4,2,1,61.89,SAME
4,30.01,204.0,19,4,4,37.83,EASIER
3,32.38,137.31,14,2,1,67.08,EASIER
3,31.72,122.63,13,1,0,78.98,HARDER
4,31.63,225.93,18,3,1,25.0,EASIER
1,97.3,25.61,2,0,0,72.0,HARDER
5,31.21,235.85,20,2,2,62.5,EASIER
4,25.0,170.84,19,4,2,61.19,EASIER
1,98.26,39.58,2,0,0,78.26,HARDER
5,28.24,157.89,21,3,1,57.53,EASIER
2,25.0,86.84,12,6,1,78.95,HARDER
5,27.71,217.71,22,4,2,50.25,EASIER
1,66.16,33.37,3,1,0,54.0,SAME
4,29.45,145.67,16,1,1,86.72,SAME
5,30.58,161.68,20,2,2,65.7,EASIER
3,28.52,121.34,15,3,1,60.8,SAME
2,39.32,69.9,7,1,0,74.04,HARDER
4,25.0,198.22,23,8,4,46.05,EASIER
2,27.19,111.19,11,5,2,36.57,EASIER
4,25.0,151.99,19,4,1,87.03,SAME
1,99.65,20.53,2,0,0,83.18,HARDER
1,70.38,35.82,3,1,0,79.34,HARDER
3,27.32,72.51,13,1,1,84.64,EASIER
4,30.17,222.11,18,3,3,62.74,EASIER
1,100.0,20.0,2,0,0,89.37,HARDER
1,99.52,20.0,2,0,0,68.11,HARDER
2,41.45,97.49,7,1,1,59.38,EASIER
1,99.25,20.0,2,0,0,64.36,SAME
3,25.0,106.03,16,4,2,82.25,EASIER
3,33.67,57.1,12,0,0,100.0,HARDER
2,44.09,90.17,7,1,0,43.36,SAME
4,27.0,164.9,16,1,1,72.48,EASIER
4,34.97,101.25,15,0,0,75.18,HARDER
2,47.46,42.53,6,0,0,100.0,HARDER
3,29.53,66.58,13,1,0,77.59,HARDER
1,94.24,22.3,2,0,0,62.71,SAME
1,100.0,40.13,2,0,0,66.16,HARDER
5,25.0,300.0,27,9,5,53.38,EASIER
5,25.15,300.0,25,7,6,37.52,EASIER
1,98.97,35.41,2,0,0,80.04,HARDER
1,30.63,36.92,6,4,0,71.37,HARDER
1,100.0,20.0,2,0,0,76.96,SAME
1,62.72,22.73,3,1,0,87.8,HARDER
2,48.39,68.71,6,0,0,64.29,SAME
4,35.94,172.81,15,0,0,68.12,HARDER
1,39.99,42.55,5,3,1,40.34,SAME
3,32.45,91.87,13,1,0,66.71,HARDER
5,25.0,232.91,22,4,2,64.58,EASIER
3,26.75,123.73,12,0,0,78.51,HARDER
2,40.51,110.29,8,2,2,60.61,EASIER
3,28.45,59.7,12,0,0,59.66,SAME
5,25.0,245.94,22,4,4,47.77,EASIER
5,25.0,197.56,25,7,3,56.81,HARDER
2,36.33,83.55,8,2,0,58.66,SAME
1,66.84,43.32,3,1,0,72.9,HARDER
4,28.91,133.85,16,1,0,100.0,HARDER
3,26.34,116.85,15,3,0,75.57,HARDER
3,33.74,92.27,14,2,0,65.77,HARDER
3,31.34,84.7,12,0,0,100.0,HARDER
1,99.42,32.96,2,0,0,82.17,HARDER
5,25.54,188.8,22,4,2,60.45,EASIER
1,96.82,20.0,2,0,0,82.92,HARDER
1,25.0,75.84,8,6,3,46.24,SAME
4,25.0,212.49,20,5,1,42.78,EASIER
2,30.54,85.37,10,4,2,33.19,EASIER
3,26.59,170.15,16,4,2,40.64,EASIER
2,42.32,49.94,7,1,0,78.11,HARDER
5,27.0,193.43,22,4,2,58.55,EASIER
5,28.57,145.61,19,1,0,80.81,SAME
1,100.0,38.93,2,0,0,62.51,SAME
5,32.8,213.54,20,2,2,74.99,EASIER
3,26.4,143.35,14,2,0,68.78,HARDER
4,36.56,137.99,16,1,1,67.3,EASIER
2,41.04,69.79,8,2,0,57.59,SAME
3,37.89,92.33,13,1,0,76.51,HARDER
1,98.83,20.0,2,0,0,90.2,HARDER
1,63.69,45.71,3,1,1,82.36,SAME
3,30.12,97.03,16,4,0,79.71,HARDER
1,96.43,29.31,2,0,0,60.8,SAME
2,45.96,30.0,6,0,0,59.89,SAME
2,36.56,85.87,9,3,1,72.94,SAME
5,28.59,166.14,20,2,0,87.76,SAME
2,25.0,101.57,12,6,5,45.55,EASIER
1,65.24,29.27,3,1,0,80.64,HARDER
5,28.58,192.47,18,0,0,70.68,SAME
1,68.86,45.87,3,1,0,63.78,SAME
2,43.37,52.52,7,1,0,86.28,HARDER
4,25.38,166.46,17,2,1,51.45,EASIER
4,36.27,97.9,16,1,0,70.42,HARDER
5,29.73,172.29,24,6,3,78.06,EASIER
4,25.0,250.0,21,6,1,41.42,EASIER
5,30.95,243.12,19,1,1,59.95,EASIER
1,100.0,35.89,2,0,0,74.33,HARDER
1,69.6,39.4,3,1,0,59.37,SAME
4,32.87,121.48,15,0,0,85.83,HARDER
1,100.0,31.83,2,0,0,90.13,HARDER
5,28.66,210.95,19,1,0,62.51,SAME
3,25.0,157.39,16,4,2,52.33,EASIER
4,25.0,225.85,20,5,4,52.03,EASIER
2,44.64,34.98,7,1,0,75.65,HARDER
5,27.62,226.97,21,3,2,55.0,EASIER
3,29.22,145.68,14,2,1,47.56,EASIER
5,28.13,263.25,22,4,1,45.32,EASIER
1,68.15,31.56,3,1,0,87.57,HARDER
4,28.73,163.84,19,4,0,62.62,SAME
3,36.8,88.37,12,0,0,80.28,HARDER
3,25.0,171.76,14,2,2,55.55,EASIER
2,47.66,52.74,7,1,1,81.95,SAME
1,73.52,42.42,3,1,0,44.11,SAME
4,31.28,169.46,16,1,0,80.46,HARDER
5,36.66,213.81,19,1,1,61.94,EASIER
5,26.44,208.81,21,3,1,73.85,SAME
3,25.83,96.67,13,1,1,70.99,EASIER
3,35.84,88.73,12,0,0,88.43,HARDER
2,27.91,74.84,10,4,2,42.2,EASIER
2,53.03,40.01,6,0,0,82.63,HARDER
1,96.87,20.0,2,0,0,100.0,HARDER
2,44.46,64.44,7,1,0,63.02,SAME
5,25.0,183.03,25,7,5,75.16,EASIER
5,29.05,204.94,24,6,2,76.15,SAME
1,100.0,33.93,2,0,0,63.06,SAME
5,33.02,171.63,21,3,2,67.86,EASIER
4,34.68,123.68,15,0,0,78.68,HARDER
4,25.0,131.57,19,4,1,66.64,SAME
5,29.51,129.84,19,1,0,77.94,SAME
1,99.78,35.49,2,0,0,80.68,HARDER
5,27.61,142.65,19,1,0,72.58,SAME
2,53.95,44.52,6,0,0,100.0,HARDER
1,67.17,31.64,3,1,0,84.42,HARDER
4,25.0,242.36,24,9,6,54.9,EASIER
2,29.05,84.24,10,4,3,56.89,EASIER
1,45.12,58.12,5,3,2,47.28,SAME
3,33.18,90.37,12,0,0,58.31,SAME
5,31.24,178.63,18,0,0,72.67,SAME
5,25.0,267.81,23,5,3,40.23,EASIER
4,28.77,173.09,18,3,0,58.21,SAME
5,25.0,260.49,26,8,1,57.6,EASIER
3,25.0,210.0,18,6,5,31.39,EASIER
5,32.97,268.36,21,3,1,69.64,EASIER
2,47.84,46.74,6,0,0,100.0,HARDER
2,28.93,90.62,10,4,2,50.16,EASIER
5,25.0,152.04,21,3,2,69.51,EASIER
4,25.0,230.44,19,4,3,56.14,EASIER
1,98.93,20.48,2,0,0,90.74,HARDER
5,27.63,228.72,22,4,2,55.64,EASIER
1,100.0,24.79,2,0,0,95.84,HARDER
2,38.44,97.52,8,2,1,63.75,EASIER
3,25.0,144.83,14,2,0,75.83,HARDER
4,25.0,250.0,26,11,9,41.7,EASIER
3,31.44,111.72,14,2,0,82.67,HARDER
5,25.0,300.0,26,8,4,48.08,EASIER
2,49.85,55.47,6,0,0,65.75,HARDER
5,33.35,199.1,21,3,2,74.25,EASIER
3,29.56,123.01,15,3,0,54.91,SAME
4,28.75,119.21,17,2,0,68.02,HARDER
5,26.81,300.0,25,7,3,40.73,EASIER
5,27.34,300.0,22,4,3,71.63,EASIER
1,68.31,31.71,3,1,0,86.79,HARDER
5,25.39,220.25,24,6,2,48.52,EASIER
1,52.11,43.37,4,2,0,66.85,HARDER
2,52.49,60.83,6,0,0,67.1,HARDER
1,98.65,20.0,2,0,0,86.72,HARDER
2,40.35,85.15,8,2,0,60.65,SAME
4,27.26,117.92,19,4,2,62.35,EASIER
3,35.56,138.15,13,1,1,50.48,EASIER
5,25.0,215.37,26,8,4,51.1,EASIER
5,31.46,161.32,20,2,2,62.6,EASIER
5,28.89,177.42,23,5,1,69.25,SAME
4,37.24,115.86,16,1,0,75.19,HARDER
1,100.0,25.73,2,0,0,96.99,HARDER
5,36.23,171.75,18,0,0,94.39,SAME
5,33.98,145.07,20,2,2,73.04,EASIER
1,100.0,27.25,2,0,0,91.86,HARDER
4,36.62,120.82,15,0,0,86.88,HARDER
5,30.9,130.84,19,1,1,77.7,EASIER
4,35.9,109.77,15,0,0,100.0,HARDER
1,95.54,23.92,2,0,0,100.0,HARDER
2,33.21,49.16,8,2,0,62.56,SAME
5,25.0,300.0,23,5,4,35.82,EASIER
2,49.75,55.92,6,0,0,81.52,HARDER
2,48.73,63.09,6,0,0,63.22,SAME
3,32.09,91.31,13,1,0,77.84,HARDER
5,25.0,300.0,25,7,4,25.0,EASIER
4,28.57,208.17,19,4,0,75.26,SAME
5,32.46,253.38,20,2,1,62.98,EASIER
3,35.13,78.61,12,0,0,77.12,HARDER
1,100.0,29.46,2,0,0,64.5,SAME
2,37.86,67.15,8,2,0,75.31,HARDER
1,26.27,67.27,7,5,1,59.88,SAME
4,30.0,109.77,17,2,1,68.76,EASIER
5,32.39,158.69,19,1,1,81.22,EASIER
2,48.44,39.36,6,0,0,80.88,HARDER
3,29.12,129.12,13,1,0,55.87,SAME
3,31.04,107.2,13,1,0,52.39,SAME
2,34.43,76.74,8,2,1,61.39,EASIER
1,70.84,38.51,3,1,1,62.81,SAME
3,25.0,153.86,16,4,0,62.19,SAME
5,28.25,280.59,23,5,5,48.34,SAME
3,25.0,199.91,19,7,6,37.57,EASIER
5,37.37,156.41,18,0,0,84.38,SAME
5,25.0,241.1,24,6,4,51.15,EASIER
2,47.8,49.9,7,1,0,89.58,HARDER
2,41.14,72.13,7,1,0,63.64,SAME
4,25.16,179.63,20,5,3,73.81,EASIER
4,25.0,211.42,20,5,3,52.38,EASIER
4,34.98,110.25,15,0,0,98.97,HARDER
5,25.0,157.59,22,4,3,68.75,EASIER
2,40.26,80.16,7,1,0,72.82,EASIER
4,30.39,143.62,16,1,0,71.18,HARDER
5,25.0,300.0,23,5,4,36.53,EASIER
2,33.03,66.17,9,3,1,77.19,SAME
2,49.88,51.41,6,0,0,97.49,HARDER
1,63.35,49.61,3,1,0,68.26,HARDER
4,27.7,193.65,17,2,0,35.26,SAME
4,25.53,140.25,17,2,1,83.21,EASIER
5,33.33,194.56,20,2,1,69.71,EASIER
2,25.0,134.94,12,6,3,51.23,EASIER
4,28.42,108.26,16,1,0,100.0,HARDER
2,36.14,45.55,9,3,0,87.97,HARDER
1,100.0,20.0,2,0,0,68.56,HARDER
3,25.0,165.85,16,4,1,52.41,SAME
3,30.79,85.38,13,1,1,75.11,EASIER
2,31.45,114.04,10,4,1,46.13,SAME
5,25.25,180.21,19,1,0,79.52,SAME
5,28.4,197.91,20,2,2,46.84,EASIER
2,49.65,55.25,6,0,0,83.98,HARDER
5,25.91,300.0,23,5,2,44.66,EASIER
1,66.35,38.95,3,1,1,67.85,SAME
1,100.0,23.22,2,0,0,60.98,SAME
1,99.21,20.0,2,0,0,86.95,EASIER
1,94.7,34.65,2,0,0,83.21,HARDER
5,29.98,168.87,20,2,1,96.23,EASIER
1,69.21,20.36,3,1,0,62.04,SAME
4,28.25,205.24,20,5,2,73.34,EASIER
2,33.94,91.4,9,3,0,73.3,HARDER
2,51.15,37.23,6,0,0,96.25,HARDER
2,42.49,68.52,7,1,0,70.7,HARDER
5,31.04,168.72,19,1,1,87.31,EASIER
1,40.54,61.2,5,3,1,60.33,SAME
4,31.95,97.92,15,0,0,100.0,HARDER
5,30.56,157.11,19,1,0,80.42,SAME
5,38.86,147.81,18,0,0,56.59,SAME
2,50.04,45.32,6,0,0,92.3,HARDER
4,28.24,97.99,16,1,0,76.24,HARDER
5,25.0,300.0,29,11,11,44.05,EASIER
1,66.93,54.05,3,1,1,66.07,SAME
5,25.0,130.44,20,2,0,77.57,SAME
1,44.46,52.0,4,2,1,50.82,SAME
2,42.79,50.63,7,1,0,61.1,SAME
4,30.08,129.75,16,1,0,80.89,HARDER
3,25.0,210.0,20,8,6,25.0,EASIER
3,36.19,95.57,12,0,0,92.56,HARDER
4,25.04,187.91,22,7,4,65.48,EASIER
2,51.69,55.1,6,0,0,95.66,HARDER
1,93.62,43.59,2,0,0,72.34,HARDER
2,44.12,56.45,7,1,0,75.08,HARDER
4,25.9,196.64,18,3,3,46.38,EASIER
3,29.15,98.25,13,1,1,78.04,EASIER
1,100.0,21.03,2,0,0,95.83,HARDER
2,45.59,52.76,7,1,0,93.79,HARDER
2,39.81,80.92,8,2,2,59.75,EASIER
5,25.0,247.4,27,9,1,59.3,EASIER
4,26.12,250.0,20,5,3,53.7,EASIER
1,26.5,53.68,7,5,0,57.55,SAME
3,25.22,198.96,18,6,6,40.27,EASIER
5,32.41,184.34,21,3,1,89.17,SAME
3,33.22,83.47,13,1,0,80.46,HARDER
3,25.0,196.13,18,6,2,51.39,EASIER
4,27.13,162.89,16,1,0,78.58,HARDER
3,25.36,171.77,15,3,2,70.14,EASIER
1,98.66,39.42,2,0,0,70.96,HARDER
1,66.42,35.79,3,1,0,80.6,HARDER
2,49.99,53.72,6,0,0,81.76,HARDER
1,46.29,81.4,4,2,2,50.8,SAME
2,39.53,42.1,7,1,0,58.33,SAME
5,27.35,203.4,21,3,2,56.6,EASIER
5,25.0,210.74,25,7,4,46.59,EASIER
2,41.86,58.23,7,1,0,54.35,SAME
1,41.56,41.04,5,3,0,58.1,SAME
3,27.89,172.91,17,5,2,43.71,EASIER
2,50.56,74.68,6,0,0,83.97,HARDER
4,26.49,143.2,18,3,0,72.38,HARDER
4,33.47,131.1,17,2,0,68.8,HARDER
3,34.5,104.18,12,0,0,66.69,HARDER
3,25.0,135.26,18,6,1,60.19,SAME
3,25.0,134.96,15,3,0,57.41,SAME
5,26.07,300.0,26,8,4,43.81,EASIER
3,25.04,177.0,17,5,4,35.76,EASIER
4,28.36,179.57,21,6,1,52.85,HARDER
5,33.57,154.17,18,0,0,82.34,SAME
1,66.26,24.61,3,1,1,81.56,SAME
5,26.52,266.42,26,8,4,65.23,EASIER
4,30.9,145.52,17,2,1,70.62,EASIER
5,30.89,210.29,20,2,0,77.01,SAME
3,25.0,178.03,17,5,3,39.39,EASIER
5,25.0,229.93,24,6,2,69.18,EASIER
1,96.34,25.14,2,0,0,75.69,HARDER
3,25.0,127.84,19,7,1,55.26,SAME
5,33.16,197.5,19,1,0,79.44,SAME
1,63.3,60.86,3,1,1,63.51,SAME
2,36.4,72.29,8,2,0,30.78,SAME
1,93.07,20.0,2,0,0,78.61,HARDER
5,25.0,253.24,24,6,4,61.92,EASIER
5,32.81,127.24,19,1,0,97.81,SAME
1,99.34,31.18,2,0,0,83.87,HARDER
1,41.11,44.99,5,3,0,63.73,HARDER
3,32.31,91.69,12,0,0,80.53,HARDER
2,28.35,88.96,10,4,1,64.62,SAME
5,31.4,128.8,18,0,0,100.0,SAME
4,25.04,208.35,19,4,3,55.78,EASIER
3,29.42,158.76,16,4,2,33.22,EASIER
3,25.0,177.5,19,7,2,52.48,HARDER
4,26.88,197.76,21,6,1,60.09,SAME
1,44.88,77.26,5,3,1,57.72,SAME
1,67.95,45.66,3,1,0,57.54,SAME
3,32.23,80.35,13,1,0,84.6,EASIER
4,25.0,240.57,20,5,4,61.87,EASIER
3,25.0,96.42,14,2,2,77.91,EASIER
1,66.65,48.17,3,1,0,56.14,SAME
3,25.0,144.83,17,5,2,63.2,EASIER
4,28.02,136.97,18,3,1,82.32,SAME
2,46.39,45.35,6,0,0,91.39,HARDER
1,41.41,47.51,5,3,1,72.83,SAME
5,35.3,142.71,20,2,2,58.26,EASIER
4,31.3,150.1,17,2,2,51.01,EASIER
2,27.75,64.25,11,5,0,53.54,SAME
3,28.33,133.03,15,3,1,52.52,EASIER
2,50.47,67.99,6,0,0,86.03,HARDER
2,50.86,64.87,6,0,0,61.26,SAME
5,30.77,231.12,20,2,0,72.72,SAME
4,25.0,250.0,25,10,4,54.44,EASIER
3,25.0,122.83,14,2,0,76.51,HARDER
5,29.49,140.52,19,1,0,100.0,SAME
3,30.92,104.32,12,0,0,74.99,HARDER
2,49.58,41.73,6,0,0,73.43,HARDER
3,28.34,75.83,13,1,0,83.85,HARDER
5,26.05,238.45,21,3,3,49.55,EASIER
2,29.55,87.34,9,3,1,65.57,SAME
5,33.49,220.13,21,3,2,52.31,EASIER
3,28.84,74.4,12,0,0,77.38,HARDER
1,63.94,20.48,3,1,0,72.36,HARDER
3,26.09,132.64,15,3,0,63.83,SAME
5,29.36,233.73,23,5,1,46.51,SAME
3,25.0,119.87,17,5,2,40.32,EASIER
4,34.94,127.73,16,1,1,68.88,EASIER
2,38.12,90.27,8,2,0,64.73,SAME
4,25.0,203.71,21,6,2,65.03,EASIER
3,31.0,95.04,13,1,0,79.86,EASIER
5,25.0,300.0,26,8,7,39.2,EASIER
3,29.29,114.21,14,2,0,72.85,HARDER
1,67.0,29.47,3,1,0,79.82,HARDER
3,33.89,72.95,12,0,0,90.48,HARDER
2,25.87,141.36,13,7,3,34.1,EASIER
2,45.21,58.02,7,1,0,69.42,HARDER
5,25.0,300.0,26,8,5,30.46,EASIER
4,33.59,149.61,15,0,0,71.7,HARDER
3,29.16,137.16,13,1,0,88.5,HARDER
1,67.08,37.28,3,1,0,64.74,SAME
2,53.28,55.67,6,0,0,100.0,HARDER
3,25.0,160.51,19,7,3,45.2,EASIER
5,32.83,147.19,21,3,2,79.55,EASIER
5,32.77,235.72,23,5,3,44.93,EASIER
5,33.99,145.44,20,2,1,74.5,EASIER
2,45.89,64.38,6,0,0,58.01,SAME
5,25.0,134.03,22,4,1,90.22,SAME
5,31.48,233.01,21,3,2,46.35,EASIER
1,65.3,50.17,3,1,0,54.57,SAME
3,25.0,108.59,14,2,1,71.34,EASIER
2,51.4,42.93,6,0,0,89.73,HARDER
4,25.0,182.39,23,8,2,56.96,SAME
1,100.0,23.38,2,0,0,81.26,HARDER
1,61.68,20.0,3,1,0,95.9,HARDER
4,27.48,214.09,20,5,3,70.47,EASIER
4,33.94,176.93,16,1,1,63.83,EASIER
4,25.0,157.85,20,5,3,70.95,EASIER
2,44.45,63.98,7,1,0,76.31,HARDER
3,33.33,86.37,12,0,0,84.5,HARDER
5,25.35,208.89,22,4,2,57.92,EASIER
2,46.3,41.08,6,0,0,99.7,HARDER
4,25.0,211.11,23,8,4,65.84,EASIER
3,25.0,165.69,18,6,1,51.19,SAME
2,25.0,160.0,12,6,5,52.41,EASIER
4,26.85,135.93,17,2,1,70.61,EASIER
1,100.0,42.6,2,0,0,81.61,HARDER
5,28.05,193.91,21,3,0,65.73,SAME
4,31.92,141.67,17,2,2,87.76,EASIER
4,31.16,124.7,17,2,1,61.97,EASIER
5,30.11,246.76,22,4,1,54.07,EASIER
5,26.87,223.32,21,3,0,54.84,SAME
5,32.0,139.87,19,1,1,80.75,EASIER
5,26.4,163.47,21,3,1,88.39,SAME
5,27.95,217.75,23,5,2,66.33,EASIER
3,30.17,88.98,13,1,0,88.78,HARDER
5,25.0,214.58,21,3,1,72.35,SAME
3,35.8,121.81,12,0,0,86.5,HARDER
3,29.79,84.21,13,1,0,82.88,HARDER
5,25.0,300.0,25,7,3,56.28,EASIER
1,66.6,50.02,3,1,0,62.09,SAME
5,25.0,183.67,24,6,3,72.75,EASIER
2,48.52,44.01,6,0,0,67.56,HARDER
1,27.58,73.98,7,5,4,80.26,SAME
4,25.0,248.08,19,4,2,35.54,EASIER
4,25.0,201.64,19,4,1,55.13,SAME
4,37.34,112.57,15,0,0,61.99,SAME
4,31.57,144.46,17,2,0,75.53,HARDER
5,27.93,174.15,20,2,1,69.67,EASIER
3,29.79,130.56,15,3,2,52.5,EASIER
1,50.6,60.15,4,2,1,69.1,SAME
5,26.51,243.32,22,4,1,49.74,EASIER
5,25.64,300.0,22,4,4,39.91,EASIER
5,28.13,217.4,20,2,0,62.16,SAME
1,100.0,33.06,2,0,0,69.51,HARDER
4,25.0,126.44,20,5,0,77.76,HARDER
5,25.0,300.0,28,10,7,54.66,EASIER
5,30.97,229.22,19,1,1,45.42,EASIER
3,25.0,170.64,19,7,4,77.55,EASIER
5,32.89,144.97,19,1,0,78.4,SAME
5,26.52,172.29,18,0,0,69.26,SAME
1,95.11,39.45,2,0,0,48.6,SAME
5,25.0,267.2,23,5,1,51.43,EASIER
4,28.95,134.15,17,2,2,90.63,EASIER
2,32.17,66.04,8,2,1,82.3,EASIER
1,100.0,33.82,2,0,0,71.07,HARDER
1,37.72,54.61,5,3,1,41.44,SAME
5,25.25,208.81,22,4,2,56.38,EASIER
2,41.16,83.45,7,1,0,60.5,SAME
1,98.51,38.08,2,0,0,71.72,HARDER
3,33.77,143.68,15,3,1,44.34,EASIER
2,47.21,39.23,6,0,0,100.0,HARDER
2,52.33,59.14,6,0,0,94.56,EASIER
3,28.62,133.34,14,2,1,84.3,EASIER
3,32.27,113.97,13,1,0,79.73,HARDER
1,72.66,59.63,3,1,1,72.7,SAME
2,38.83,106.36,8,2,1,37.68,EASIER
4,25.0,156.56,19,4,3,72.3,EASIER
5,31.18,169.91,23,5,3,72.35,EASIER
3,35.96,70.29,12,0,0,96.19,HARDER
4,28.73,111.6,16,1,0,67.35,HARDER
4,32.07,128.52,16,1,0,66.02,HARDER
4,25.0,215.22,21,6,5,52.44,EASIER
1,65.88,41.65,3,1,1,62.63,SAME
1,100.0,35.93,2,0,0,80.16,HARDER
4,30.43,201.74,20,5,3,51.05,EASIER
4,25.0,250.0,22,7,4,67.1,EASIER
5,29.27,264.59,25,7,5,81.08,EASIER
2,36.77,86.99,9,3,2,70.76,EASIER
4,31.18,162.21,17,2,1,68.23,EASIER
4,27.12,250.0,22,7,4,29.48,EASIER
4,25.0,190.92,21,6,3,57.64,EASIER
1,26.49,61.79,8,6,1,70.74,HARDER
3,32.59,84.57,13,1,1,71.15,EASIER
1,100.0,20.22,2,0,0,66.97,HARDER
4,32.13,108.39,16,1,1,100.0,EASIER
5,25.0,161.75,22,4,2,68.18,EASIER
3,29.69,70.57,12,0,0,91.1,HARDER
5,27.59,241.4,24,6,1,58.75,HARDER
5,28.28,135.7,20,2,0,75.33,SAME
3,33.25,65.48,12,0,0,62.28,SAME
2,50.56,57.67,6,0,0,73.08,HARDER
2,34.9,65.15,8,2,1,62.94,EASIER
3,26.23,119.6,14,2,1,72.08,EASIER
5,29.43,157.66,20,2,0,80.22,SAME
5,30.7,163.3,19,1,0,84.6,SAME
3,37.49,90.32,12,0,0,78.68,HARDER
5,30.71,110.32,18,0,0,100.0,SAME
5,25.0,228.67,24,6,2,69.78,EASIER
1,96.95,20.32,2,0,0,100.0,HARDER
2,51.71,56.82,6,0,0,74.97,HARDER
2,33.63,77.44,9,3,1,59.47,SAME
5,25.93,204.6,25,7,3,62.1,HARDER
4,35.65,139.04,16,1,0,59.48,SAME
3,31.99,61.67,12,0,0,75.03,HARDER
2,27.24,47.27,12,6,1,88.85,HARDER
5,29.76,161.53,21,3,0,79.42,SAME
1,100.0,20.0,2,0,0,69.76,HARDER
5,29.79,173.56,20,2,0,91.08,SAME
1,62.6,39.58,3,1,0,82.57,HARDER
1,50.73,51.49,4,2,0,58.18,SAME
1,47.51,63.19,4,2,1,64.17,SAME
5,29.22,165.66,20,2,1,89.3,EASIER
1,100.0,20.0,2,0,0,83.4,HARDER
1,70.41,45.99,3,1,0,61.03,SAME
1,99.81,20.0,2,0,0,71.29,HARDER
1,99.89,29.16,2,0,0,90.71,HARDER
5,33.86,207.98,21,3,1,55.91,EASIER
3,25.0,182.63,17,5,5,58.92,EASIER
1,100.0,20.0,2,0,0,92.33,HARDER
4,29.43,183.01,18,3,2,84.08,EASIER
2,48.86,38.09,6,0,0,75.67,HARDER
5,30.38,216.92,19,1,0,49.96,SAME
2,43.61,97.23,7,1,1,55.17,EASIER
2,49.34,38.77,6,0,0,96.02,HARDER
3,25.0,162.76,18,6,3,68.14,EASIER
2,53.02,47.46,6,0,0,63.84,SAME
5,29.2,184.17,21,3,1,57.12,EASIER
1,44.64,34.0,4,2,0,61.41,SAME
2,40.03,51.86,7,1,0,81.9,HARDER
1,98.27,20.95,2,0,0,85.28,HARDER
4,26.55,150.26,18,3,1,77.32,SAME
4,28.39,170.43,19,4,3,57.55,EASIER
5,29.13,262.03,22,4,1,34.77,EASIER
5,29.71,142.95,18,0,0,61.47,SAME
3,25.0,92.48,15,3,0,86.44,HARDER
2,40.03,62.66,7,1,1,75.79,EASIER
2,28.86,72.55,10,4,2,81.36,EASIER
2,41.73,69.91,8,2,0,68.02,HARDER
2,41.27,72.17,7,1,0,81.48,HARDER
3,25.0,151.92,21,9,3,68.81,SAME
4,29.72,123.7,20,5,2,69.12,EASIER
4,25.14,162.6,18,3,1,84.04,SAME
2,33.39,71.32,8,2,0,67.69,HARDER
2,33.21,66.19,9,3,0,59.42,SAME
2,46.1,69.31,6,0,0,84.13,HARDER
5,33.73,148.49,19,1,0,89.91,SAME
1,96.65,20.0,2,0,0,77.69,HARDER
1,100.0,20.0,2,0,0,87.41,HARDER
3,25.0,133.3,18,6,1,58.42,SAME
1,68.78,39.16,3,1,0,78.44,HARDER
4,25.0,237.26,25,10,5,49.25,EASIER
5,25.37,265.36,24,6,5,33.93,EASIER
4,34.91,146.33,16,1,0,60.79,SAME
3,25.0,117.37,15,3,1,77.71,SAME
1,46.89,53.71,4,2,1,61.21,SAME
3,25.0,118.92,17,5,3,48.57,EASIER
2,25.8,98.24,11,5,2,47.93,EASIER
1,100.0,37.15,2,0,0,70.39,HARDER
2,37.48,106.33,8,2,1,33.78,EASIER
5,25.0,300.0,24,6,5,45.59,EASIER
4,32.97,88.09,15,0,0,91.79,HARDER
3,25.0,175.44,22,10,3,60.61,EASIER
3,26.48,86.64,14,2,0,57.5,SAME
1,37.28,66.32,5,3,1,43.65,SAME
2,39.69,102.5,7,1,0,49.24,SAME
2,44.05,61.68,7,1,0,73.11,HARDER
3,25.54,118.27,15,3,0,70.44,HARDER
5,25.74,287.05,24,6,3,55.72,EASIER
4,29.52,193.34,17,2,2,60.4,EASIER
5,26.39,148.11,23,5,1,72.57,SAME
3,30.01,115.05,13,1,0,78.55,HARDER
3,25.8,97.62,13,1,1,75.02,EASIER
5,25.56,239.28,26,8,6,53.38,EASIER
3,25.0,113.89,15,3,1,72.99,SAME
1,100.0,29.78,2,0,0,97.57,HARDER
3,34.87,102.2,12,0,0,77.44,HARDER
4,31.05,117.13,17,2,1,83.69,EASIER
3,30.06,94.85,13,1,0,78.97,HARDER
2,49.19,48.1,6,0,0,100.0,HARDER
5,30.13,169.59,18,0,0,93.53,SAME
1,30.33,74.95,7,5,1,34.89,SAME
4,25.0,217.4,19,4,2,57.27,EASIER
3,33.2,63.94,12,0,0,74.01,HARDER
2,51.7,56.93,6,0,0,80.4,HARDER
5,28.91,300.0,23,5,3,52.64,EASIER
5,28.79,214.7,21,3,2,64.93,EASIER
2,49.85,59.54,6,0,0,72.14,HARDER
1,42.32,46.86,5,3,0,62.9,SAME
3,28.38,108.71,13,1,0,63.46,SAME
2,42.81,77.16,7,1,0,66.37,HARDER
1,49.89,35.73,4,2,0,47.26,SAME
1,39.38,48.01,5,3,0,44.58,HARDER
1,93.08,29.12,2,0,0,70.62,HARDER
2,33.16,110.23,10,4,2,45.24,EASIER
2,43.59,66.26,6,0,0,100.0,HARDER
1,40.04,68.76,5,3,1,53.15,SAME
1,35.3,44.22,6,4,0,61.78,SAME
1,72.01,24.05,3,1,0,86.85,HARDER
2,33.31,59.02,8,2,0,71.2,HARDER
2,48.35,33.16,6,0,0,85.43,HARDER
4,33.4,209.62,18,3,1,52.49,EASIER
1,65.49,56.43,3,1,0,25.05,SAME
3,25.0,153.87,16,4,1,40.76,SAME
4,29.97,179.4,17,2,0,69.63,HARDER
3,25.0,210.0,16,4,3,32.6,EASIER
2,41.1,71.84,7,1,0,63.7,SAME
3,33.22,64.51,12,0,0,66.55,HARDER
3,32.57,117.73,12,0,0,47.33,SAME
2,38.71,67.78,8,2,0,73.15,HARDER
5,25.61,292.92,21,3,0,52.36,EASIER
2,29.63,95.64,9,3,1,68.86,SAME
4,27.23,162.07,18,3,2,61.81,EASIER
2,40.08,74.56,7,1,1,86.95,EASIER
2,54.97,64.95,6,0,0,69.95,HARDER
5,29.73,145.57,19,1,0,75.42,SAME
4,27.88,139.03,16,1,0,69.23,HARDER
1,65.22,49.37,3,1,0,74.85,HARDER
1,50.93,31.03,4,2,0,87.49,HARDER
2,50.94,62.54,6,0,0,76.88,HARDER
3,33.96,111.15,14,2,0,94.47,HARDER
4,26.88,130.41,17,2,0,67.57,HARDER
3,27.07,141.94,16,4,1,58.67,SAME
2,50.8,58.73,6,0,0,94.09,HARDER
3,34.47,96.8,12,0,0,70.34,HARDER
1,54.75,63.38,4,2,1,66.93,SAME
4,25.0,188.71,19,4,2,58.19,EASIER
3,29.88,118.91,14,2,1,69.33,EASIER
4,27.43,211.71,18,3,2,32.83,EASIER
4,31.4,115.97,17,2,1,73.72,EASIER
2,49.62,68.98,6,0,0,58.71,SAME
3,27.65,120.79,14,2,0,83.16,HARDER
5,29.38,229.64,20,2,2,75.05,EASIER
4,34.4,176.27,17,2,1,75.82,EASIER
5,25.0,181.29,22,4,2,80.21,EASIER
3,36.1,71.7,12,0,0,98.85,HARDER
5,27.68,266.33,22,4,3,39.92,EASIER
4,25.0,140.55,18,3,0,77.18,HARDER
5,25.08,183.35,22,4,1,82.69,SAME
2,30.32,79.89,10,4,0,45.83,SAME
1,66.4,68.51,3,1,0,67.7,HARDER
4,27.52,140.01,19,4,1,72.36,SAME
4,25.0,128.22,18,3,2,81.88,EASIER
3,30.49,80.39,12,0,0,96.23,HARDER
3,33.16,135.52,13,1,0,88.89,HARDER
4,28.6,139.39,19,4,4,82.84,EASIER
1,54.56,40.5,4,2,0,60.55,SAME
2,54.5,51.66,6,0,0,93.38,HARDER
1,100.0,20.0,2,0,0,93.61,HARDER
2,27.69,72.28,10,4,0,72.09,HARDER
4,25.0,243.82,18,3,1,35.38,EASIER
3,25.0,150.84,17,5,2,65.64,EASIER
5,32.65,155.05,18,0,0,85.09,SAME
1,98.11,34.67,2,0,0,82.8,HARDER
3,25.0,64.27,15,3,0,69.84,HARDER
3,35.94,89.91,13,1,1,63.7,EASIER
2,34.18,56.37,9,3,1,60.91,SAME
3,31.57,102.46,12,0,0,88.36,HARDER
1,27.67,41.96,7,5,1,70.26,HARDER
4,31.9,153.09,17,2,0,58.21,SAME
2,25.0,150.8,12,6,3,47.3,EASIER
4,25.17,158.03,19,4,3,73.78,EASIER
3,29.03,133.38,14,2,1,69.87,EASIER
2,32.74,58.9,8,2,0,65.62,HARDER
5,29.3,288.81,22,4,2,41.22,EASIER
5,25.0,176.6,24,6,5,69.1,EASIER
2,40.52,66.52,7,1,0,77.46,HARDER
1,100.0,20.0,2,0,0,64.1,SAME
4,28.08,144.43,17,2,0,72.65,HARDER
4,25.0,250.0,24,9,7,42.79,EASIER
4,29.59,149.41,17,2,1,75.45,EASIER
2,42.59,90.81,7,1,1,71.16,EASIER
4,29.49,202.05,17,2,0,44.34,SAME
4,32.86,123.53,15,0,0,59.32,SAME
4,31.81,163.32,17,2,2,80.8,EASIER
3,25.0,147.39,18,6,1,63.63,SAME
3,25.0,98.97,14,2,0,59.92,SAME
3,25.0,191.66,18,6,4,63.16,EASIER
3,35.91,89.14,13,1,0,91.63,SAME
1,65.19,39.67,3,1,0,70.01,HARDER
2,48.05,43.59,6,0,0,85.71,HARDER
3,29.5,93.57,13,1,0,96.2,HARDER
1,65.42,28.62,3,1,0,71.88,HARDER
3,26.4,106.27,15,3,1,50.73,EASIER
1,100.0,33.26,2,0,0,56.07,SAME
5,32.58,205.39,21,3,2,70.42,EASIER
4,30.11,122.31,15,0,0,85.52,HARDER
3,27.12,99.96,13,1,0,69.06,HARDER
1,100.0,22.42,2,0,0,81.12,HARDER
2,35.15,41.69,7,1,0,72.72,HARDER
1,100.0,40.19,2,0,0,71.65,HARDER
3,31.49,110.73,15,3,0,70.98,HARDER
3,34.13,79.45,12,0,0,81.97,HARDER
5,32.9,124.39,19,1,1,77.65,EASIER
2,37.67,58.88,7,1,0,92.29,HARDER
2,38.15,55.99,7,1,0,54.77,SAME
1,100.0,25.25,2,0,0,61.57,SAME
4,30.92,174.94,17,2,0,65.82,HARDER
1,31.26,81.48,6,4,2,68.78,SAME
5,26.14,206.06,24,6,5,51.59,EASIER
3,32.54,99.59,13,1,0,77.06,HARDER
3,32.52,127.8,15,3,2,63.51,EASIER
4,29.77,147.75,17,2,0,62.74,SAME
4,28.23,218.0,21,6,5,35.32,EASIER
3,25.0,81.06,14,2,1,100.0,EASIER
2,46.38,54.9,6,0,0,77.55,HARDER
3,33.41,74.84,12,0,0,80.76,HARDER
4,25.0,108.31,19,4,0,55.22,SAME
5,25.36,300.0,25,7,4,50.6,EASIER
3,30.54,88.73,12,0,0,82.2,HARDER
1,100.0,29.85,2,0,0,87.05,HARDER
5,36.7,187.73,19,1,1,71.07,EASIER
1,39.24,57.06,5,3,2,62.35,SAME
1,35.36,60.65,5,3,1,66.33,SAME
1,99.86,20.0,2,0,0,100.0,HARDER
4,28.82,147.7,19,4,3,73.77,EASIER
5,25.0,232.46,23,5,2,70.76,EASIER
4,33.35,170.08,17,2,1,55.05,EASIER
5,25.83,194.4,22,4,4,84.26,EASIER
2,50.1,56.06,6,0,0,93.85,HARDER
3,27.54,107.87,13,1,0,77.21,HARDER
4,25.0,218.57,20,5,0,44.23,EASIER
4,25.14,215.38,21,6,1,49.12,EASIER
4,36.15,118.63,16,1,0,57.94,SAME
3,29.95,106.71,13,1,0,84.73,HARDER
3,27.03,143.37,15,3,1,25.62,EASIER
3,32.53,159.69,16,4,1,64.48,SAME
1,46.87,58.96,4,2,0,61.5,SAME
4,25.0,179.04,18,3,3,56.24,EASIER
4,31.55,130.56,17,2,0,66.11,HARDER
3,27.45,106.37,14,2,1,94.4,EASIER
2,35.0,76.46,8,2,0,73.84,HARDER
2,51.78,40.89,6,0,0,100.0,HARDER
2,50.02,54.28,6,0,0,65.38,HARDER
4,26.57,155.23,17,2,2,61.59,EASIER
4,25.0,188.43,19,4,3,65.14,EASIER
2,49.57,30.0,6,0,0,92.69,HARDER
2,35.72,101.56,9,3,0,60.11,SAME
5,26.71,199.07,22,4,1,66.95,SAME
2,49.03,54.08,6,0,0,88.2,HARDER
5,32.86,169.4,20,2,1,78.47,EASIER
2,39.87,51.04,8,2,0,79.65,HARDER
5,25.0,220.11,22,4,2,71.0,EASIER
1,51.51,42.84,4,2,1,65.12,SAME
4,28.49,231.83,21,6,2,66.16,EASIER
5,25.0,193.57,23,5,4,42.16,EASIER
4,28.67,136.16,19,4,1,77.3,SAME
5,25.0,223.0,23,5,1,66.74,SAME
4,33.45,125.53,17,2,0,72.74,HARDER
3,30.05,121.89,14,2,1,60.0,EASIER
3,25.0,139.11,16,4,2,85.73,EASIER
1,97.14,32.15,2,0,0,60.9,SAME
1,93.85,28.93,2,0,0,78.66,HARDER
2,54.12,52.67,6,0,0,66.02,HARDER
2,41.66,81.51,8,2,1,74.7,EASIER
3,25.0,106.46,14,2,2,63.55,EASIER
5,29.34,143.22,20,2,0,80.31,SAME
3,32.79,128.68,14,2,1,48.51,EASIER
2,29.61,85.71,10,4,0,71.28,HARDER
5,29.03,217.23,21,3,1,71.65,SAME
3,28.36,77.95,13,1,0,78.0,HARDER
3,33.01,94.79,12,0,0,80.12,HARDER
4,25.49,198.4,19,4,3,63.75,EASIER
5,31.92,242.94,21,3,1,51.01,EASIER
4,25.0,183.61,18,3,1,40.88,EASIER
3,27.09,87.6,15,3,1,51.99,SAME
3,33.31,122.86,15,3,1,71.43,SAME
3,34.05,92.75,12,0,0,59.77,SAME
2,29.6,61.48,9,3,1,83.25,SAME
4,29.75,103.0,16,1,0,93.22,HARDER
4,28.51,164.7,19,4,3,49.77,EASIER
4,28.23,114.38,17,2,1,74.35,EASIER
4,29.29,139.14,16,1,0,94.19,HARDER
1,62.5,33.82,3,1,0,49.46,SAME
5,26.62,172.47,19,1,1,71.77,EASIER
3,26.48,144.81,16,4,2,52.91,EASIER
3,25.46,166.3,17,5,2,45.45,EASIER
5,32.48,201.87,20,2,0,52.78,SAME
3,37.59,114.81,12,0,0,74.41,HARDER
4,25.25,219.25,19,4,2,69.43,EASIER
2,50.4,66.26,6,0,0,80.17,HARDER
5,25.0,300.0,26,8,6,38.12,EASIER
1,97.61,20.0,2,0,0,70.91,SAME
2,33.41,93.02,9,3,1,64.37,SAME
5,28.85,143.02,19,1,0,100.0,SAME
4,28.02,99.77,16,1,0,76.29,HARDER
5,26.75,212.19,20,2,1,60.1,EASIER
1,65.96,29.32,3,1,0,90.9,HARDER
5,27.61,272.44,25,7,4,52.05,EASIER
1,96.91,32.12,2,0,0,65.19,HARDER
3,30.52,99.63,12,0,0,76.6,HARDER
1,49.13,37.82,4,2,1,78.11,SAME
3,37.76,154.67,12,0,0,57.84,SAME
3,29.77,88.73,13,1,1,80.83,EASIER
4,25.0,183.81,21,6,3,44.7,EASIER
1,52.13,43.58,4,2,0,97.82,HARDER
5,31.92,175.67,21,3,1,61.71,EASIER
5,28.66,169.16,20,2,0,80.03,SAME
2,35.33,67.62,8,2,2,78.36,EASIER
4,32.43,132.31,17,2,0,74.47,HARDER
2,34.85,73.0,9,3,1,72.89,SAME
1,100.0,20.0,2,0,0,88.4,HARDER
5,25.23,216.39,23,5,3,79.28,EASIER
2,45.39,52.08,7,1,1,87.14,EASIER
2,30.1,87.36,10,4,1,67.46,SAME
1,61.79,24.94,3,1,0,72.43,HARDER
3,25.0,80.29,12,0,0,85.4,HARDER
2,42.34,57.61,7,1,0,59.76,SAME
5,27.77,279.23,27,9,5,48.11,EASIER
5,29.9,217.0,20,2,2,67.98,EASIER
1,50.22,37.64,4,2,0,75.02,HARDER
2,33.08,60.35,9,3,0,59.08,SAME
5,30.9,177.46,19,1,1,86.17,EASIER
4,25.0,190.77,18,3,0,65.96,SAME
1,100.0,29.9,2,0,0,96.7,HARDER
2,30.1,94.18,11,5,1,71.11,HARDER
3,34.08,113.99,14,2,1,74.57,EASIER
3,25.0,193.56,20,8,6,38.04,EASIER
4,25.0,114.17,17,2,0,100.0,HARDER
3,31.17,165.15,15,3,2,30.64,EASIER
1,50.67,47.84,4,2,0,60.96,SAME
4,36.25,114.73,15,0,0,96.16,HARDER
3,30.89,85.53,14,2,0,59.38,SAME
1,51.43,56.83,4,2,1,76.75,SAME
3,26.68,135.02,14,2,1,69.5,EASIER
3,32.34,148.51,12,0,0,71.07,HARDER
4,36.0,119.71,16,1,1,78.35,EASIER
1,64.2,36.58,3,1,0,85.01,HARDER
4,25.0,172.15,19,4,0,58.3,SAME
1,67.4,26.74,3,1,0,79.36,HARDER
3,33.29,99.29,13,1,0,59.62,SAME
5,25.44,178.5,20,2,2,72.31,EASIER
1,100.0,37.54,2,0,0,78.77,HARDER
3,34.46,81.93,12,0,0,94.9,HARDER
2,33.51,92.58,9,3,1,63.72,SAME
4,25.0,155.09,20,5,3,73.93,EASIER
4,27.59,199.37,20,5,2,50.07,EASIER
4,28.97,145.84,18,3,0,73.15,HARDER
3,25.12,156.32,16,4,3,65.05,EASIER
2,49.33,53.98,6,0,0,68.48,HARDER
3,33.0,69.64,12,0,0,90.25,HARDER
2,36.12,66.18,8,2,1,69.11,EASIER
1,97.39,23.18,2,0,0,100.0,HARDER
5,25.0,272.32,27,9,2,65.34,SAME
3,25.0,168.38,18,6,2,62.44,SAME
1,98.88,27.61,2,0,0,75.27,HARDER
1,64.95,53.08,3,1,0,65.8,HARDER
4,30.1,125.86,17,2,1,87.12,EASIER
2,51.1,64.68,6,0,0,49.91,SAME
3,26.75,70.86,14,2,0,92.93,HARDER
5,29.6,257.37,22,4,1,48.31,EASIER
3,25.0,160.56,18,6,2,61.6,SAME
5,29.28,300.0,23,5,2,55.08,EASIER
5,30.79,233.19,19,1,0,57.96,SAME
5,27.29,300.0,25,7,7,54.84,EASIER
5,29.42,109.18,21,3,0,73.07,SAME
5,27.86,227.4,21,3,0,51.92,SAME
1,31.33,83.5,6,4,4,35.28,SAME
1,95.95,40.15,2,0,0,80.66,HARDER
2,45.91,84.87,7,1,1,58.31,EASIER
3,26.15,111.96,14,2,1,69.35,EASIER
1,100.0,20.0,2,0,0,74.56,HARDER
3,25.0,192.71,22,10,5,43.78,EASIER
4,28.86,93.13,15,0,0,95.64,HARDER
5,25.0,300.0,27,9,5,25.0,EASIER
3,31.53,95.68,12,0,0,65.92,HARDER
2,48.14,39.73,6,0,0,96.35,HARDER
2,28.16,125.93,11,5,2,54.67,EASIER
3,29.13,129.77,15,3,1,68.76,SAME
5,37.23,189.1,18,0,0,57.78,SAME
2,43.13,50.1,7,1,0,69.6,HARDER
5,33.28,127.14,19,1,0,81.01,SAME
2,50.46,52.29,6,0,0,99.98,HARDER
4,25.0,201.19,23,8,4,62.96,EASIER
2,42.02,64.64,7,1,1,80.95,EASIER
1,100.0,29.69,2,0,0,93.71,HARDER
3,30.29,96.3,14,2,1,75.68,EASIER
2,35.86,76.55,8,2,0,61.43,SAME
1,100.0,38.75,2,0,0,71.78,HARDER
5,25.0,300.0,28,10,8,44.22,EASIER
4,25.0,232.8,21,6,1,36.8,EASIER
5,25.0,211.04,25,7,2,62.38,SAME
1,98.88,31.36,2,0,0,85.79,HARDER
3,28.61,107.61,13,1,0,76.93,HARDER
3,34.0,103.16,12,0,0,84.3,HARDER
3,30.11,103.19,12,0,0,80.66,HARDER
4,25.0,250.0,23,8,5,43.53,EASIER
3,26.48,135.54,15,3,0,75.19,HARDER
5,34.89,176.33,22,4,4,80.88,EASIER
3,25.0,114.89,16,4,2,65.5,EASIER
2,33.92,111.81,11,5,2,52.56,EASIER
1,96.83,29.34,2,0,0,82.01,HARDER
5,25.0,162.08,23,5,3,75.65,EASIER
5,26.09,162.87,20,2,1,55.49,EASIER
5,25.0,260.8,25,7,2,48.51,EASIER
1,50.73,50.81,4,2,0,64.98,SAME
1,100.0,29.47,2,0,0,86.66,HARDER
4,29.13,186.17,18,3,0,47.48,SAME
1,98.54,42.2,2,0,0,61.9,SAME
5,26.48,257.12,24,6,3,63.64,EASIER
4,25.0,212.08,19,4,1,72.02,SAME
5,34.51,119.87,18,0,0,84.71,SAME
1,100.0,47.12,2,0,0,47.58,SAME
3,25.0,97.34,15,3,0,71.57,HARDER
1,100.0,25.31,2,0,0,86.83,HARDER
5,25.0,257.27,21,3,1,68.44,EASIER
2,50.05,56.37,6,0,0,100.0,HARDER
1,66.03,26.8,3,1,0,78.45,HARDER
2,34.72,103.2,8,2,1,55.45,EASIER
5,27.05,227.73,22,4,3,63.13,EASIER
1,34.35,49.19,6,4,0,54.24,SAME
3,25.0,180.81,17,5,3,72.47,EASIER
3,28.15,91.75,13,1,0,42.38,SAME
1,99.93,22.24,2,0,0,85.84,HARDER
1,100.0,26.28,2,0,0,81.27,HARDER
4,34.82,92.62,16,1,0,69.71,HARDER
5,25.0,300.0,24,6,5,49.15,EASIER
3,30.38,87.56,13,1,1,66.48,SAME
3,25.0,164.11,16,4,2,46.81,EASIER
1,52.02,37.0,4,2,1,73.26,SAME
1,100.0,30.38,2,0,0,77.96,HARDER
5,27.64,171.63,22,4,3,78.05,EASIER
3,33.54,73.71,14,2,0,71.46,HARDER
3,30.72,130.16,15,3,2,74.32,EASIER
5,27.88,222.54,21,3,1,80.19,SAME
1,41.87,56.59,5,3,1,64.91,SAME
1,50.59,27.67,4,2,0,78.83,HARDER
2,50.8,50.47,6,0,0,64.36,SAME
3,29.88,86.76,12,0,0,93.42,HARDER
5,25.0,278.6,25,7,4,36.29,EASIER
5,25.0,180.55,22,4,2,77.08,EASIER
3,25.0,95.79,15,3,0,81.75,HARDER
3,27.47,109.01,15,3,1,68.16,SAME
2,52.47,73.69,6,0,0,63.29,SAME
2,26.5,123.28,11,5,3,50.15,EASIER
1,99.62,39.01,2,0,0,54.09,SAME
3,38.22,82.99,12,0,0,83.93,HARDER
3,29.16,92.58,12,0,0,65.92,HARDER
1,96.68,28.0,2,0,0,75.39,HARDER
3,30.31,71.72,12,0,0,73.85,HARDER
5,31.45,261.2,20,2,1,49.67,EASIER
2,33.93,79.69,8,2,1,56.11,EASIER
5,25.0,189.86,24,6,3,87.89,EASIER
3,25.0,142.17,19,7,3,31.32,EASIER
4,25.0,168.01,20,5,2,47.73,EASIER
2,34.1,121.68,10,4,1,44.57,SAME
5,26.97,151.34,24,6,1,79.08,SAME
4,28.46,145.94,18,3,2,49.23,EASIER
2,48.08,70.32,6,0,0,73.87,HARDER
5,28.33,218.07,23,5,1,42.41,SAME
2,45.61,54.33,6,0,0,98.77,HARDER
3,28.14,157.99,14,2,1,53.34,EASIER
1,100.0,20.0,2,0,0,87.27,HARDER
1,99.36,31.63,2,0,0,95.44,HARDER
4,32.94,135.66,17,2,0,74.12,HARDER
2,36.38,79.35,8,2,1,61.06,EASIER
3,26.51,123.73,14,2,1,45.48,EASIER
3,26.71,85.63,13,1,0,83.07,HARDER
4,25.0,210.36,20,5,4,82.05,EASIER
2,44.63,61.14,7,1,0,70.91,HARDER
3,34.83,84.71,12,0,0,88.05,HARDER
2,32.32,99.21,9,3,1,43.26,EASIER
3,25.89,144.09,15,3,2,63.17,EASIER
3,36.46,122.25,12,0,0,59.15,SAME
5,27.44,204.72,19,1,1,54.61,EASIER
1,48.49,45.8,4,2,1,68.28,SAME
5,30.24,151.7,18,0,0,64.04,EASIER
3,32.84,99.18,14,2,0,78.07,HARDER
4,26.44,206.56,17,2,2,61.56,EASIER
2,25.27,127.38,10,4,0,28.89,SAME
1,65.89,39.14,3,1,1,74.95,SAME
1,95.27,31.06,2,0,0,76.91,HARDER
2,45.24,48.6,7,1,0,73.35,HARDER
2,43.76,68.94,7,1,1,59.36,EASIER
5,25.0,291.05,24,6,4,44.37,EASIER
2,40.37,72.87,8,2,1,69.73,EASIER
5,25.0,203.13,24,6,2,76.52,SAME
3,25.0,164.92,15,3,2,46.21,HARDER
2,47.8,54.79,6,0,0,62.72,SAME
1,100.0,22.37,2,0,0,100.0,HARDER
5,31.09,164.24,21,3,1,76.66,SAME
4,34.34,131.17,15,0,0,90.99,HARDER
3,25.0,173.73,18,6,1,55.13,EASIER
4,28.12,158.12,19,4,1,52.86,SAME
4,25.0,155.5,19,4,1,51.19,SAME
1,51.23,51.76,4,2,1,79.19,SAME
1,30.55,64.4,7,5,1,44.82,SAME
4,36.12,165.03,17,2,0,66.83,HARDER
1,51.19,36.05,4,2,0,36.34,SAME
5,25.0,216.45,23,5,4,45.63,EASIER
4,25.0,191.46,19,4,2,48.8,EASIER
3,29.32,119.3,14,2,1,74.43,EASIER
2,35.76,113.59,10,4,1,69.01,SAME
2,36.39,68.4,9,3,1,60.93,HARDER
3,26.52,85.2,15,3,0,57.93,SAME
5,25.0,209.03,23,5,2,65.52,EASIER
2,48.96,65.37,6,0,0,79.64,HARDER
3,25.0,183.22,20,8,5,26.48,EASIER
2,49.61,34.67,6,0,0,88.19,HARDER
1,74.13,36.72,3,1,0,71.01,HARDER
5,28.39,198.57,21,3,0,49.01,SAME
2,32.78,93.77,10,4,3,67.76,EASIER
1,63.03,38.26,3,1,0,56.67,SAME
2,42.3,75.11,7,1,1,48.12,EASIER
4,30.88,125.06,16,1,0,83.76,HARDER
2,49.8,57.4,6,0,0,57.06,SAME
2,51.71,37.39,6,0,0,87.07,HARDER
1,67.81,41.09,3,1,0,41.41,SAME
3,31.41,81.61,13,1,1,86.45,EASIER
2,46.95,71.01,7,1,0,69.5,HARDER
1,100.0,24.04,2,0,0,97.57,HARDER
3,34.37,82.59,12,0,0,68.7,HARDER
5,27.95,215.89,21,3,1,70.27,EASIER
4,28.81,161.45,18,3,1,75.56,SAME
3,28.12,92.82,13,1,0,93.98,HARDER
4,36.48,154.74,17,2,1,67.15,EASIER
3,32.72,80.08,13,1,0,72.79,HARDER
5,25.69,211.74,23,5,4,61.36,EASIER
1,100.0,24.88,2,0,0,81.44,HARDER
5,29.1,228.53,21,3,0,46.94,SAME
4,26.34,154.61,20,5,1,77.31,HARDER
4,34.46,103.55,17,2,0,82.89,HARDER
4,25.0,168.87,21,6,1,62.81,SAME
1,39.65,69.58,5,3,1,63.01,SAME
5,25.33,149.44,24,6,2,72.66,SAME
2,40.48,65.01,7,1,1,60.93,EASIER
5,31.62,169.32,19,1,1,88.64,EASIER
2,28.73,93.93,10,4,1,40.64,SAME
3,33.48,101.64,12,0,0,69.27,HARDER
5,33.3,140.09,19,1,0,61.44,SAME
5,33.29,159.14,18,0,0,85.48,SAME
3,27.74,124.41,17,5,1,44.23,SAME
4,34.19,153.03,15,0,0,91.91,HARDER
2,48.19,39.42,6,0,0,95.45,HARDER
1,39.98,29.29,5,3,0,70.43,HARDER
1,99.5,40.2,2,0,0,95.1,HARDER
3,29.55,75.69,13,1,1,86.0,EASIER
3,36.58,100.6,12,0,0,68.09,HARDER
3,25.0,159.47,15,3,1,48.39,EASIER
2,49.44,31.81,6,0,0,79.01,HARDER
3,25.08,160.07,16,4,2,47.25,EASIER
4,29.52,97.69,16,1,0,72.4,HARDER
2,36.6,69.73,9,3,1,62.18,SAME
1,53.77,41.35,4,2,1,54.93,SAME
4,28.65,166.23,18,3,2,86.62,EASIER
2,41.67,71.32,7,1,0,75.01,HARDER
2,43.13,79.91,7,1,0,42.88,SAME
3,25.0,200.09,18,6,4,50.2,EASIER
4,25.0,161.73,19,4,2,74.62,EASIER
3,25.0,166.21,17,5,2,46.85,EASIER
5,27.17,280.0,22,4,4,43.96,EASIER
5,25.0,250.21,23,5,3,77.51,EASIER
1,98.5,20.0,2,0,0,100.0,HARDER
4,26.6,141.76,19,4,2,81.5,EASIER
1,39.93,46.16,5,3,1,59.24,SAME
3,32.37,99.75,13,1,0,58.19,SAME
1,49.88,31.32,4,2,1,58.12,SAME
2,49.11,47.83,6,0,0,99.81,HARDER
5,26.78,177.05,21,3,1,57.44,EASIER
4,25.0,158.78,20,5,1,62.53,SAME
3,33.71,117.46,12,0,0,51.72,SAME
5,30.9,274.11,21,3,1,45.29,EASIER
2,49.3,55.72,6,0,0,96.24,HARDER
4,32.82,126.12,16,1,0,53.99,SAME
3,25.0,120.56,15,3,1,89.05,SAME
2,49.1,40.68,6,0,0,91.77,HARDER
4,25.94,175.02,20,5,3,54.26,EASIER
1,67.9,28.16,3,1,0,73.31,HARDER
5,26.52,261.89,23,5,4,45.58,EASIER
2,47.85,58.79,6,0,0,89.99,HARDER
5,27.08,180.4,20,2,2,76.19,EASIER
5,27.46,231.2,22,4,0,88.91,SAME
4,32.83,221.74,20,5,1,51.69,EASIER
1,35.85,58.19,6,4,2,68.02,SAME
2,32.56,65.78,8,2,1,75.9,EASIER
5,25.0,269.52,25,7,5,63.89,EASIER
1,100.0,29.61,2,0,0,89.73,HARDER
2,46.44,87.7,6,0,0,57.57,SAME
5,25.0,191.57,25,7,1,83.32,SAME
3,29.88,125.34,14,2,1,61.89,EASIER
5,25.0,243.84,23,5,3,42.43,EASIER
3,27.09,86.3,13,1,0,94.51,HARDER
2,34.07,98.04,8,2,2,67.2,EASIER
3,28.4,120.18,13,1,0,49.57,SAME
3,27.22,94.61,15,3,1,67.55,SAME
3,34.34,80.5,13,1,0,80.17,HARDER
4,29.89,200.41,19,4,2,60.25,EASIER
5,26.43,187.27,22,4,2,63.73,EASIER
5,25.03,300.0,26,8,4,43.18,EASIER
1,98.71,20.0,2,0,0,93.61,HARDER
1,98.22,20.0,2,0,0,96.85,HARDER
3,32.93,119.26,12,0,0,66.8,HARDER
1,69.87,34.01,3,1,0,74.26,HARDER
5,25.0,300.0,30,12,6,30.68,EASIER
3,25.84,127.75,15,3,2,62.85,EASIER
4,27.08,162.19,19,4,2,64.59,EASIER
4,28.62,132.89,20,5,1,61.07,SAME
5,31.79,135.72,20,2,0,58.25,SAME
4,28.67,149.47,18,3,1,81.39,SAME
5,27.34,235.68,21,3,2,70.75,EASIER
2,51.48,50.03,6,0,0,82.2,HARDER
2,50.68,46.6,6,0,0,68.52,HARDER
1,70.72,32.54,3,1,0,82.96,HARDER
3,36.32,73.74,12,0,0,100.0,HARDER
5,25.52,254.41,24,6,4,37.3,EASIER
2,45.06,69.9,7,1,0,59.65,SAME
2,38.48,54.57,7,1,1,74.96,EASIER
5,27.38,225.35,25,7,4,65.91,EASIER
3,35.75,83.68,12,0,0,72.42,HARDER
3,26.38,110.89,16,4,2,77.42,SAME
5,34.25,128.75,19,1,1,75.77,EASIER
2,53.75,61.29,6,0,0,83.56,HARDER
2,48.73,63.44,6,0,0,76.87,HARDER
4,26.07,162.22,17,2,1,65.78,SAME
4,25.0,125.65,20,5,2,64.72,EASIER
5,25.0,158.93,23,5,2,69.75,EASIER
1,100.0,36.88,2,0,0,64.76,SAME
5,26.41,229.84,20,2,1,53.69,EASIER
5,30.0,201.77,20,2,2,51.42,EASIER
5,26.66,249.73,23,5,2,35.9,EASIER
1,99.68,25.82,2,0,0,60.59,SAME
3,25.0,189.49,21,9,4,43.62,EASIER
1,96.71,24.99,2,0,0,57.86,SAME
1,100.0,20.81,2,0,0,73.72,HARDER
1,67.91,46.19,3,1,1,50.51,SAME
3,35.48,78.55,12,0,0,99.94,HARDER
4,30.87,107.33,17,2,1,82.1,EASIER
2,44.44,61.62,7,1,0,81.41,HARDER
1,99.39,20.0,2,0,0,80.52,HARDER
5,26.18,158.08,21,3,0,83.61,SAME
1,99.51,20.0,2,0,0,92.18,HARDER
2,45.86,73.85,7,1,0,73.11,HARDER
1,41.36,48.67,5,3,0,72.84,HARDER
1,95.66,22.69,2,0,0,94.62,HARDER
5,30.31,202.99,20,2,1,60.92,EASIER
1,41.41,51.84,5,3,1,59.7,SAME
5,31.7,156.79,18,0,0,100.0,SAME
5,30.07,194.22,21,3,2,72.54,EASIER
2,40.33,82.34,7,1,0,73.5,HARDER
2,39.7,69.3,8,2,1,53.92,EASIER
5,25.0,230.13,25,7,4,73.6,EASIER
1,99.31,20.0,2,0,0,100.0,HARDER
3,33.97,98.1,14,2,1,79.7,EASIER
1,100.0,20.0,2,0,0,85.3,HARDER
4,25.0,154.63,18,3,1,64.4,SAME
4,27.52,157.78,18,3,1,78.36,SAME
3,26.87,122.8,14,2,1,57.59,EASIER
1,100.0,20.0,2,0,0,89.78,HARDER
1,67.26,30.54,3,1,0,57.1,SAME
3,27.35,174.56,16,4,2,63.99,EASIER
1,33.57,40.68,6,4,0,68.86,HARDER
3,25.0,209.3,21,9,5,60.73,EASIER
3,33.65,58.59,12,0,0,90.46,HARDER
2,33.64,95.33,9,3,1,52.01,SAME
1,41.5,44.43,5,3,2,57.17,SAME
1,100.0,20.0,2,0,0,96.21,HARDER
5,25.0,257.98,27,9,4,46.15,EASIER
1,100.0,20.0,2,0,0,95.02,HARDER
1,69.9,34.53,3,1,0,33.81,SAME
5,29.73,179.29,23,5,4,25.91,EASIER
2,39.81,64.45,7,1,0,67.52,HARDER
3,31.06,148.25,15,3,2,50.75,EASIER
4,25.11,196.88,18,3,2,56.1,EASIER
1,98.79,35.32,2,0,0,96.79,HARDER
5,29.47,277.76,22,4,3,46.63,EASIER
3,28.51,77.93,13,1,0,71.82,HARDER
2,28.94,129.92,10,4,2,51.67,EASIER
4,36.26,115.33,16,1,0,87.75,HARDER
4,30.04,128.71,17,2,0,66.78,HARDER
1,42.5,59.49,5,3,0,61.91,HARDER
1,100.0,20.0,2,0,0,93.0,HARDER
4,32.12,106.07,15,0,0,72.86,HARDER
2,52.3,41.81,6,0,0,67.46,HARDER
3,32.21,90.12,13,1,0,85.18,HARDER
3,31.41,74.35,12,0,0,91.81,HARDER
5,25.0,268.04,24,6,6,44.49,EASIER
4,33.21,170.44,18,3,1,54.94,EASIER
2,41.58,87.3,7,1,0,64.49,SAME
3,28.27,155.38,18,6,3,52.51,EASIER
3,25.0,107.26,15,3,0,71.16,HARDER
5,25.92,173.37,22,4,4,65.95,HARDER
3,26.36,125.14,15,3,1,66.27,SAME
2,48.36,67.79,6,0,0,68.42,HARDER
5,28.43,278.04,23,5,3,28.84,EASIER
2,28.21,107.49,11,5,3,39.48,EASIER
5,27.48,300.0,25,7,4,47.12,EASIER
2,29.38,93.29,10,4,2,39.11,EASIER
1,98.15,20.0,2,0,0,80.98,HARDER
5,25.0,262.71,26,8,6,46.4,EASIER
2,55.9,79.34,6,0,0,69.27,HARDER
5,25.0,274.92,25,7,6,40.87,EASIER
4,33.65,106.93,15,0,0,93.72,HARDER
4,31.18,155.86,16,1,0,56.81,SAME
2,48.5,49.06,6,0,0,71.68,HARDER
4,29.63,184.67,20,5,4,68.22,EASIER
1,40.7,60.77,5,3,0,36.96,SAME
4,27.23,188.03,19,4,3,66.72,EASIER
2,34.51,113.97,9,3,1,73.67,SAME
1,47.66,40.25,4,2,0,61.44,SAME
4,32.52,144.71,16,1,0,86.3,HARDER
4,26.99,196.68,18,3,2,48.36,EASIER
5,29.01,207.64,21,3,2,72.27,EASIER
3,25.0,153.87,18,6,2,55.11,EASIER
3,33.61,63.25,12,0,0,94.27,HARDER
5,29.22,199.81,22,4,1,48.86,SAME
2,41.51,60.81,7,1,0,51.15,SAME
5,25.0,300.0,27,9,7,28.41,EASIER
5,28.53,175.27,21,3,1,62.96,EASIER
3,25.0,81.07,13,1,0,62.09,SAME
4,25.28,145.45,19,4,0,67.16,HARDER
5,26.84,180.36,23,5,4,66.37,EASIER
2,35.7,87.33,9,3,2,68.67,EASIER
1,96.39,43.18,2,0,0,66.81,HARDER
3,33.06,104.72,15,3,0,83.49,HARDER
4,29.07,124.08,16,1,1,59.44,EASIER
3,30.77,60.64,12,0,0,100.0,HARDER
5,25.0,233.62,23,5,3,48.01,EASIER
2,47.37,45.59,6,0,0,70.12,HARDER
2,49.56,62.16,6,0,0,97.08,HARDER
5,27.56,233.89,22,4,3,60.77,EASIER
5,25.0,226.96,23,5,3,65.92,EASIER
2,54.0,44.73,6,0,0,83.3,HARDER
1,97.78,30.12,2,0,0,65.94,HARDER
4,25.0,133.87,18,3,3,78.61,EASIER
1,100.0,20.0,2,0,0,100.0,EASIER
1,98.88,20.0,2,0,0,74.4,HARDER
3,28.54,120.97,13,1,0,63.09,SAME
3,29.83,101.12,12,0,0,84.17,HARDER
5,25.0,211.86,21,3,3,85.12,EASIER
2,32.6,90.5,10,4,1,60.63,SAME
3,25.0,130.56,15,3,2,63.9,EASIER
1,100.0,20.0,2,0,0,48.96,HARDER
1,99.63,20.0,2,0,0,98.12,HARDER
3,33.19,133.76,14,2,1,61.94,EASIER
4,31.5,104.14,16,1,0,79.35,SAME
1,99.64,20.38,2,0,0,95.21,HARDER
4,28.44,136.68,18,3,1,60.62,SAME
4,31.52,151.37,19,4,2,53.59,EASIER
5,29.63,194.04,20,2,0,89.36,SAME
5,31.06,179.45,20,2,0,76.94,SAME
3,29.15,98.85,13,1,0,65.08,HARDER
4,35.92,127.6,16,1,1,64.04,EASIER
3,30.4,124.51,15,3,2,63.52,EASIER
3,31.5,89.14,12,0,0,78.58,HARDER
3,25.0,197.5,16,4,3,45.7,EASIER
3,25.78,74.89,13,1,0,88.86,HARDER
1,99.95,38.99,2,0,0,48.29,SAME
5,25.0,208.5,23,5,1,52.53,SAME
2,51.86,44.7,6,0,0,73.21,HARDER
5,25.0,266.3,24,6,3,59.73,EASIER
3,35.55,98.9,12,0,0,53.83,HARDER
2,29.54,85.14,9,3,1,61.81,SAME
5,28.15,162.15,21,3,1,66.77,SAME
4,29.95,170.8,17,2,1,64.64,EASIER
3,30.02,137.34,14,2,1,85.57,EASIER
4,28.04,137.11,19,4,1,45.96,SAME
2,31.01,67.48,8,2,1,61.05,EASIER
2,46.38,66.28,7,1,0,55.54,SAME
1,40.5,60.68,5,3,0,29.95,SAME
4,25.0,154.16,20,5,2,89.6,SAME
4,25.0,233.43,23,8,5,63.95,EASIER
3,27.37,115.54,14,2,0,84.32,HARDER
4,25.0,193.9,21,6,1,61.1,SAME
5,29.48,300.0,24,6,4,61.59,EASIER
5,27.69,158.55,21,3,0,81.96,SAME
2,25.0,114.85,11,5,1,59.89,SAME
3,32.42,100.18,13,1,1,86.45,EASIER
1,68.23,40.84,3,1,0,96.47,HARDER
4,25.9,167.37,18,3,2,66.52,EASIER
3,29.74,110.44,15,3,0,71.82,HARDER
4,30.16,95.8,16,1,1,70.05,EASIER
5,29.01,268.46,23,5,4,46.03,EASIER
1,94.23,34.32,2,0,0,58.46,SAME
1,46.68,38.17,4,2,1,69.61,SAME
3,29.64,89.84,13,1,0,87.35,HARDER
5,28.59,199.11,23,5,4,63.0,EASIER
5,25.0,222.69,25,7,3,58.95,EASIER
4,27.53,171.99,18,3,0,66.72,HARDER
1,36.27,60.05,5,3,1,59.09,SAME
1,48.27,41.42,4,2,1,57.17,SAME
3,28.59,103.83,13,1,0,75.15,HARDER
5,25.0,275.39,28,10,4,62.4,EASIER
3,25.0,176.81,17,5,4,48.8,EASIER
4,32.3,94.16,15,0,0,84.03,HARDER
4,25.0,148.22,18,3,1,93.5,SAME
3,28.06,147.37,14,2,0,75.75,HARDER
3,39.45,78.4,12,0,0,100.0,HARDER
3,25.0,86.51,13,1,0,67.8,HARDER
3,32.12,95.51,12,0,0,69.58,HARDER
5,30.45,130.84,21,3,0,84.86,SAME
3,34.39,105.44,12,0,0,57.86,SAME
4,32.05,193.62,16,1,1,67.76,EASIER
2,43.56,101.88,7,1,1,49.64,EASIER
2,42.6,82.91,7,1,0,69.91,HARDER
1,100.0,43.39,2,0,0,92.8,HARDER
1,100.0,22.02,2,0,0,100.0,HARDER
2,51.96,61.1,6,0,0,80.52,HARDER
2,33.96,71.12,9,3,0,69.09,HARDER
2,33.98,86.17,9,3,1,44.81,EASIER
3,29.56,90.35,13,1,0,60.29,SAME
4,32.74,138.21,17,2,1,38.77,EASIER
2,44.5,80.0,7,1,1,85.85,EASIER
2,32.61,58.07,8,2,1,56.87,EASIER
5,26.4,184.78,22,4,2,60.8,EASIER
3,30.96,95.03,13,1,0,79.47,HARDER
1,65.54,31.94,3,1,0,56.81,SAME
1,95.38,33.23,2,0,0,80.52,HARDER
1,96.47,35.81,2,0,0,84.86,HARDER
4,25.0,217.85,20,5,2,57.22,EASIER
3,25.0,140.27,15,3,1,74.48,SAME
5,28.75,177.66,21,3,2,77.09,EASIER
1,65.08,23.57,3,1,0,76.82,HARDER
3,32.28,83.42,13,1,1,77.31,EASIER
1,47.02,59.76,4,2,1,53.94,SAME
4,25.0,179.56,24,9,3,61.72,EASIER
3,28.77,128.12,14,2,1,57.59,EASIER
4,37.08,127.24,16,1,0,72.55,HARDER
3,29.89,134.75,15,3,0,39.59,SAME
2,39.18,94.54,8,2,2,82.84,EASIER
3,27.65,105.27,14,2,0,83.27,HARDER
2,48.35,52.07,6,0,0,65.51,HARDER
5,31.18,205.68,20,2,1,38.16,EASIER
2,50.12,45.66,6,0,0,84.59,HARDER
4,26.89,133.09,18,3,0,76.76,HARDER
2,25.35,128.7,12,6,2,25.27,EASIER
5,25.0,276.69,23,5,3,62.04,EASIER
4,30.28,116.34,16,1,0,84.75,HARDER
2,46.22,44.97,6,0,0,91.6,HARDER
3,36.66,83.78,12,0,0,84.16,HARDER
4,26.45,152.99,18,3,1,58.47,EASIER
3,30.6,142.96,17,5,0,87.27,HARDER
5,30.75,129.28,19,1,0,100.0,SAME
4,29.07,139.69,17,2,0,63.73,SAME
1,68.08,29.44,3,1,1,71.32,SAME
1,41.98,65.25,5,3,1,25.0,EASIER
1,67.85,20.75,3,1,0,82.91,HARDER
2,53.66,53.61,6,0,0,93.86,HARDER
3,29.84,101.83,13,1,1,65.25,EASIER
2,32.3,49.99,8,2,0,68.57,EASIER
1,100.0,20.0,2,0,0,96.41,HARDER
5,25.46,272.51,26,8,4,48.37,EASIER
3,27.56,120.66,14,2,0,55.27,SAME
3,39.16,121.93,12,0,0,45.68,SAME
4,25.0,186.53,22,7,4,60.51,EASIER
5,36.32,209.23,20,2,2,59.85,EASIER
3,28.66,96.0,17,5,0,62.19,SAME
3,35.16,104.36,12,0,0,85.79,HARDER
2,43.81,59.03,7,1,0,88.61,HARDER
3,32.12,107.92,14,2,0,73.04,HARDER
4,25.94,136.92,18,3,3,71.66,EASIER
1,51.84,72.15,4,2,1,33.95,SAME
5,34.39,106.25,18,0,0,82.3,SAME
1,94.4,36.13,2,0,0,70.96,HARDER
4,29.39,133.61,18,3,1,70.59,SAME
2,28.09,93.92,10,4,1,92.62,SAME
5,30.68,138.75,21,3,1,90.91,SAME
4,25.43,142.07,21,6,2,75.09,SAME
4,25.0,165.19,19,4,2,64.63,EASIER
4,26.76,192.07,19,4,2,46.31,EASIER
4,32.62,133.06,18,3,0,80.06,HARDER
2,37.3,96.19,8,2,1,61.77,EASIER
1,41.61,51.53,5,3,1,64.83,SAME
2,47.69,72.14,6,0,0,77.71,HARDER
5,31.12,148.58,19,1,1,72.03,EASIER
3,30.1,132.37,13,1,0,46.55,SAME
3,26.08,166.8,16,4,2,66.03,EASIER
5,30.55,229.98,19,1,1,59.52,EASIER
4,25.04,157.63,18,3,1,75.02,SAME
1,93.46,20.0,2,0,0,68.6,HARDER
3,25.0,133.9,15,3,1,58.77,SAME
4,25.0,139.3,21,6,1,72.43,HARDER
5,35.27,168.53,18,0,0,84.95,SAME
1,62.3,45.65,3,1,0,57.49,SAME
5,35.36,117.91,19,1,0,87.98,SAME
1,100.0,27.97,2,0,0,77.81,HARDER
1,42.61,63.15,4,2,2,71.49,SAME
3,40.16,93.33,12,0,0,88.74,HARDER
5,25.7,256.73,26,8,5,55.85,EASIER
5,27.28,156.37,22,4,1,83.43,SAME
1,33.74,42.58,5,3,1,64.71,SAME
5,28.79,166.27,21,3,1,91.72,SAME
1,100.0,30.27,2,0,0,85.0,HARDER
2,31.34,95.81,10,4,1,55.65,SAME
2,38.19,66.28,7,1,1,68.59,EASIER
1,100.0,20.0,2,0,0,98.75,HARDER
4,25.0,203.56,20,5,4,59.04,EASIER
3,26.9,115.12,14,2,0,82.98,HARDER
1,98.93,20.0,2,0,0,93.52,HARDER
4,27.12,168.82,17,2,0,62.58,SAME
3,33.29,100.47,14,2,0,83.88,HARDER
4,25.0,125.09,17,2,1,88.58,EASIER
2,28.86,84.29,9,3,0,59.86,SAME
2,38.58,55.34,8,2,0,55.91,SAME
2,48.61,36.63,6,0,0,74.35,HARDER
1,100.0,20.0,2,0,0,82.5,HARDER
5,25.0,171.4,20,2,0,57.25,SAME
2,27.44,94.02,11,5,2,60.42,EASIER
4,25.0,187.0,20,5,3,62.85,EASIER
3,34.73,93.27,12,0,0,74.59,HARDER
1,67.94,30.61,3,1,0,100.0,HARDER
4,26.3,133.0,20,5,1,39.35,SAME
5,33.99,150.25,19,1,1,95.94,EASIER
3,32.78,89.91,13,1,0,87.66,HARDER
5,31.98,174.87,18,0,0,72.51,SAME
1,100.0,31.94,2,0,0,89.27,HARDER
4,25.0,175.82,20,5,2,72.57,EASIER
4,27.03,147.95,23,8,2,54.13,SAME
4,30.73,178.89,18,3,1,63.84,EASIER
4,27.26,171.07,17,2,1,68.98,EASIER
2,34.06,84.62,9,3,0,59.27,SAME
4,27.14,192.05,19,4,3,62.79,EASIER
4,28.52,141.2,18,3,3,88.61,SAME
4,29.45,213.52,18,3,2,52.94,EASIER
4,31.12,117.56,15,0,0,91.17,HARDER
5,32.56,222.81,21,3,2,63.74,EASIER
5,33.89,220.82,21,3,1,54.14,EASIER
1,35.29,51.73,6,4,1,62.42,SAME
5,25.0,241.65,22,4,2,70.69,EASIER
2,50.69,54.26,6,0,0,79.33,HARDER
2,48.96,45.56,6,0,0,89.62,HARDER
5,25.0,282.07,28,10,3,41.95,HARDER
2,30.47,97.07,9,3,0,52.39,SAME
1,97.88,30.5,2,0,0,77.88,HARDER
3,25.22,191.25,19,7,5,40.97,EASIER
5,25.0,174.67,22,4,2,79.79,EASIER
4,25.0,187.84,21,6,2,74.09,SAME
1,66.02,20.0,3,1,0,84.49,HARDER
5,25.0,138.96,22,4,1,50.93,SAME
2,25.0,134.37,12,6,3,61.01,EASIER
2,33.14,88.86,8,2,1,60.59,HARDER
4,27.75,207.41,22,7,5,46.47,EASIER
1,93.9,43.47,2,0,0,75.5,HARDER
2,50.74,40.64,6,0,0,100.0,HARDER
2,44.27,48.91,7,1,0,67.53,HARDER
1,46.31,56.71,4,2,0,68.26,HARDER
3,25.0,171.38,17,5,4,44.83,EASIER
1,96.63,20.0,2,0,0,63.8,SAME
4,27.46,168.32,18,3,1,70.26,SAME
3,25.74,127.43,15,3,0,78.34,HARDER
2,50.59,45.75,6,0,0,92.76,HARDER
2,45.97,51.0,7,1,0,66.04,HARDER
5,31.57,206.54,22,4,1,71.65,SAME
1,97.05,33.38,2,0,0,46.61,SAME
1,100.0,35.79,2,0,0,75.51,HARDER
5,25.0,300.0,24,6,4,33.19,EASIER
1,97.05,20.0,2,0,0,87.54,HARDER
3,26.4,127.91,17,5,3,60.84,EASIER
2,47.23,48.6,6,0,0,68.56,HARDER
3,29.29,68.62,14,2,0,81.14,HARDER
4,30.81,250.0,18,3,2,49.76,EASIER
5,25.19,300.0,23,5,4,44.18,EASIER
2,40.05,64.41,7,1,0,55.05,SAME
4,35.11,173.82,17,2,1,50.59,EASIER
3,27.33,119.15,14,2,0,64.1,SAME
1,60.2,50.99,3,1,0,63.85,SAME
4,34.94,94.64,16,1,1,72.63,EASIER
2,53.33,60.43,6,0,0,93.71,HARDER
5,26.25,210.45,22,4,2,78.56,EASIER
5,27.69,300.0,23,5,4,25.0,EASIER
2,25.0,107.94,10,4,3,45.41,EASIER
2,46.66,88.62,7,1,0,62.14,SAME
1,66.02,70.47,3,1,1,45.2,SAME
2,35.41,53.68,8,2,1,78.17,EASIER
5,25.0,174.62,23,5,2,65.48,EASIER
1,67.26,40.39,3,1,0,59.09,SAME
4,33.7,149.4,17,2,1,86.12,EASIER
1,44.05,61.5,5,3,2,53.11,SAME
1,96.68,43.51,2,0,0,79.5,HARDER
5,25.3,279.18,23,5,3,33.05,EASIER
5,35.89,161.68,18,0,0,75.25,SAME
4,31.59,181.2,17,2,0,66.24,SAME
2,38.33,95.85,9,3,2,57.26,EASIER
4,25.0,221.52,19,4,2,25.72,EASIER
3,34.44,89.83,12,0,0,100.0,HARDER
1,50.07,33.79,4,2,0,73.86,HARDER
4,25.0,109.48,19,4,1,76.91,SAME
3,25.0,172.96,18,6,2,41.06,EASIER
4,35.21,85.71,15,0,0,90.04,HARDER
5,25.0,175.46,21,3,2,33.53,EASIER
3,30.41,75.01,12,0,0,88.96,HARDER
4,25.0,198.21,20,5,4,33.71,EASIER
3,25.0,119.17,15,3,1,72.35,SAME
3,31.58,55.78,12,0,0,82.18,HARDER
1,65.65,35.16,3,1,0,82.01,HARDER
1,100.0,24.37,2,0,0,91.67,HARDER
4,28.07,163.26,19,4,3,67.61,EASIER
3,35.29,88.61,12,0,0,73.61,HARDER
2,53.4,30.5,6,0,0,82.94,HARDER
1,97.81,20.0,2,0,0,96.54,HARDER
2,26.77,107.59,12,6,1,72.83,EASIER
3,25.0,121.49,17,5,2,56.3,EASIER
4,30.23,143.94,19,4,3,53.13,EASIER
5,27.99,194.59,25,7,3,66.63,EASIER
5,27.91,300.0,21,3,1,48.42,EASIER
3,33.1,91.69,12,0,0,100.0,HARDER
2,35.15,74.18,9,3,0,58.26,SAME
3,33.51,105.34,13,1,0,83.09,HARDER
4,25.0,184.74,21,6,2,53.87,EASIER
4,38.33,115.95,15,0,0,72.11,HARDER
5,27.03,217.55,23,5,4,55.98,EASIER
3,25.0,210.0,18,6,3,39.96,EASIER
3,25.65,168.97,15,3,1,35.82,EASIER
4,25.0,201.5,18,3,2,58.89,EASIER
2,25.0,160.0,15,9,6,51.49,EASIER
1,100.0,20.0,2,0,0,77.58,HARDER
5,30.11,213.26,21,3,1,69.65,EASIER
2,46.97,50.67,6,0,0,81.96,HARDER
2,32.97,65.61,8,2,0,58.01,SAME
5,25.0,197.72,21,3,2,64.83,EASIER
1,100.0,24.75,2,0,0,80.16,EASIER
3,35.13,91.22,12,0,0,48.42,SAME
5,27.0,222.72,21,3,1,57.24,EASIER
2,43.72,66.31,7,1,0,78.34,HARDER
2,45.1,50.9,6,0,0,77.06,HARDER
4,27.45,211.35,18,3,1,69.92,EASIER
3,25.0,148.89,15,3,3,43.82,EASIER
3,25.0,139.86,18,6,3,58.49,EASIER
4,35.75,160.81,16,1,1,71.06,EASIER
5,28.4,193.3,20,2,1,58.82,EASIER
3,28.01,117.59,14,2,0,70.77,HARDER
3,30.65,118.32,14,2,1,63.51,EASIER
1,96.1,23.97,2,0,0,39.45,SAME
4,25.0,165.25,18,3,1,66.66,SAME
5,25.0,300.0,22,4,3,56.41,EASIER
5,26.05,226.6,22,4,1,74.33,SAME
4,28.2,153.25,19,4,2,73.5,EASIER
5,29.85,223.33,22,4,1,56.78,SAME
2,50.03,48.72,6,0,0,87.45,HARDER
2,50.63,81.06,6,0,0,76.4,HARDER
2,51.33,44.76,6,0,0,68.99,HARDER
1,62.12,43.74,3,1,0,63.16,SAME
4,25.0,223.77,20,5,4,71.19,EASIER
1,48.01,52.39,4,2,0,55.18,SAME
3,25.0,130.94,15,3,1,54.47,EASIER
4,25.0,195.84,19,4,0,61.32,SAME
1,99.06,20.0,2,0,0,63.76,SAME
4,29.34,193.33,20,5,2,48.55,EASIER
2,47.61,91.08,6,0,0,61.91,SAME
3,32.88,134.89,13,1,0,53.72,HARDER
2,47.14,58.11,6,0,0,82.04,HARDER
2,34.19,88.08,10,4,0,61.41,SAME
5,25.0,170.79,23,5,3,95.56,EASIER
4,26.31,120.99,19,4,1,64.4,SAME
3,30.98,65.3,12,0,0,86.27,HARDER
1,65.75,34.81,3,1,0,82.26,HARDER
3,28.01,103.76,17,5,1,69.15,HARDER
2,37.3,81.65,7,1,1,67.15,EASIER
3,31.59,127.04,14,2,0,83.58,HARDER
3,32.33,88.9,12,0,0,83.81,HARDER
2,32.78,78.18,9,3,0,56.71,SAME
1,96.33,31.57,2,0,0,86.55,HARDER
4,26.55,159.48,19,4,2,66.43,EASIER
2,37.89,83.54,8,2,1,64.13,EASIER
1,66.81,37.87,3,1,0,69.61,HARDER
1,100.0,48.26,2,0,0,61.12,SAME
2,35.84,78.44,9,3,0,69.53,HARDER
1,69.05,27.52,3,1,0,63.72,SAME
4,25.0,138.25,17,2,1,82.42,EASIER
4,33.19,177.24,17,2,1,64.14,EASIER
2,34.5,50.44,9,3,0,85.74,HARDER
3,32.28,60.95,12,0,0,93.12,HARDER
3,34.63,81.91,12,0,0,100.0,HARDER
5,30.65,163.09,21,3,1,59.52,EASIER
4,32.56,130.37,17,2,1,55.2,EASIER
3,28.83,72.36,13,1,0,87.29,HARDER
3,25.0,200.12,17,5,3,48.77,EASIER
1,99.31,29.5,2,0,0,80.58,HARDER
2,48.83,45.23,6,0,0,100.0,HARDER
1,45.83,30.55,4,2,0,69.55,HARDER
4,28.1,169.39,18,3,1,75.98,SAME
5,27.26,209.22,22,4,3,48.46,EASIER
4,25.0,164.03,20,5,1,40.94,SAME
5,27.25,160.59,20,2,0,76.44,SAME
1,56.12,40.01,4,2,0,49.47,SAME
4,26.52,202.97,19,4,1,46.93,SAME
5,29.52,165.07,22,4,2,68.55,EASIER
3,32.75,82.92,12,0,0,100.0,HARDER
2,36.13,73.01,8,2,1,60.41,EASIER
3,33.81,115.52,14,2,1,63.12,EASIER
4,25.0,249.14,19,4,4,68.81,EASIER
1,70.01,35.89,3,1,0,68.44,HARDER
4,37.99,115.77,17,2,2,80.78,EASIER
4,28.84,184.93,19,4,3,62.58,EASIER
1,96.18,20.0,2,0,0,91.32,HARDER
1,100.0,25.48,2,0,0,100.0,HARDER
4,32.59,185.23,16,1,0,50.3,SAME
2,30.29,79.35,9,3,2,71.91,EASIER
4,31.76,250.0,21,6,5,42.93,EASIER
5,36.56,143.79,18,0,0,83.81,SAME
2,44.85,80.13,7,1,1,65.04,EASIER
2,34.43,67.97,8,2,0,63.38,SAME
1,67.98,23.44,3,1,0,68.3,HARDER
5,30.21,171.5,21,3,1,71.56,SAME
2,34.73,79.92,8,2,0,71.04,HARDER
4,25.32,247.35,22,7,3,43.42,EASIER
1,44.59,68.67,5,3,0,68.81,HARDER
2,46.72,60.5,6,0,0,78.8,HARDER
1,66.37,52.68,3,1,0,65.53,HARDER
5,25.0,238.39,22,4,1,69.17,SAME
1,62.68,46.54,3,1,1,82.15,SAME
4,32.74,149.26,16,1,1,62.89,EASIER
4,25.0,164.17,19,4,3,62.15,EASIER
3,31.52,94.4,13,1,0,89.67,SAME
1,53.69,45.3,4,2,1,65.97,EASIER
2,44.1,69.79,7,1,0,64.18,SAME
1,100.0,22.81,2,0,0,100.0,HARDER
1,100.0,20.0,2,0,0,78.71,HARDER
4,35.35,121.66,15,0,0,85.83,HARDER
2,25.0,73.29,12,6,1,59.21,SAME
2,35.68,106.13,9,3,1,76.08,SAME
1,99.59,21.65,2,0,0,100.0,HARDER
5,25.0,246.7,22,4,3,57.43,EASIER
3,26.71,152.34,16,4,0,62.55,SAME
5,25.0,140.29,24,6,1,69.77,SAME
2,46.81,76.95,7,1,0,75.31,HARDER
3,25.0,176.18,16,4,3,53.76,EASIER
4,31.52,161.65,18,3,1,75.97,SAME
5,25.0,193.95,22,4,2,80.33,EASIER
5,30.02,183.84,23,5,3,79.46,EASIER
3,25.0,142.36,17,5,5,47.45,EASIER
5,28.51,238.78,21,3,3,83.76,EASIER
5,25.0,224.8,20,2,2,61.67,EASIER
5,26.14,287.18,24,6,5,50.17,EASIER
1,100.0,20.0,2,0,0,92.57,HARDER
1,56.59,41.99,4,2,0,51.44,SAME
5,33.08,126.27,18,0,0,100.0,SAME
3,25.0,90.61,14,2,0,61.53,SAME
2,30.6,64.39,9,3,0,61.41,SAME
4,27.34,113.88,17,2,2,82.76,EASIER
1,100.0,25.52,2,0,0,80.15,HARDER
4,27.27,150.54,19,4,1,74.07,SAME
1,44.54,50.8,5,3,0,53.2,SAME
4,33.44,119.78,15,0,0,100.0,HARDER
3,25.0,143.11,16,4,2,47.73,EASIER
4,25.0,162.74,17,2,1,73.96,EASIER
2,38.24,68.84,7,1,0,90.58,HARDER
3,25.0,158.51,14,2,2,63.26,EASIER
1,65.27,47.86,3,1,1,66.48,SAME
4,25.47,210.41,21,6,2,54.22,EASIER
2,49.27,80.45,6,0,0,54.39,SAME
1,100.0,20.0,2,0,0,96.89,HARDER
3,27.65,137.79,15,3,1,39.99,EASIER
3,28.94,60.08,12,0,0,68.73,HARDER
1,67.27,50.62,3,1,0,75.58,HARDER
4,27.83,134.62,18,3,1,73.46,SAME
3,27.65,109.39,15,3,1,83.29,SAME
5,25.0,300.0,26,8,8,66.6,EASIER
4,30.71,122.3,17,2,0,90.12,HARDER
2,53.32,52.32,6,0,0,81.11,HARDER
3,33.03,97.28,12,0,0,93.25,HARDER
3,30.81,69.43,13,1,0,80.32,HARDER
4,25.0,178.36,20,5,2,53.71,EASIER
2,41.65,65.34,8,2,0,77.59,HARDER
3,29.9,113.64,14,2,0,65.22,HARDER
3,30.82,99.56,13,1,0,63.44,SAME
1,100.0,42.52,2,0,0,67.93,HARDER
2,25.0,141.29,13,7,4,56.9,EASIER
3,27.63,80.47,13,1,0,75.22,HARDER
2,50.97,46.41,6,0,0,93.43,HARDER
1,100.0,27.07,2,0,0,83.11,HARDER
2,38.55,94.44,8,2,0,56.23,SAME
4,25.0,237.85,20,5,2,56.55,EASIER
5,28.84,241.18,22,4,1,45.67,EASIER
3,29.14,110.03,14,2,2,67.61,EASIER
3,35.14,98.55,13,1,0,67.76,HARDER
2,51.26,42.34,6,0,0,97.48,HARDER
1,96.66,29.41,2,0,0,100.0,HARDER
3,25.0,101.86,16,4,0,75.56,HARDER
1,65.8,39.59,3,1,0,71.58,HARDER
4,27.16,158.88,20,5,2,55.2,EASIER
1,32.1,62.62,6,4,1,79.36,SAME
1,100.0,23.94,2,0,0,69.89,HARDER
3,25.0,105.33,16,4,1,87.38,SAME
1,99.03,32.85,2,0,0,87.45,HARDER
4,25.0,139.31,19,4,2,57.43,EASIER
1,96.61,20.0,2,0,0,69.45,HARDER
5,30.73,213.14,20,2,1,64.36,EASIER
2,27.05,114.16,10,4,1,61.04,SAME
2,39.73,73.63,8,2,0,49.66,SAME
3,27.78,106.24,15,3,0,74.19,HARDER
3,32.54,87.19,13,1,0,88.66,HARDER
2,27.12,114.59,12,6,3,34.68,EASIER
4,25.0,227.38,22,7,5,73.9,EASIER
5,29.3,222.41,21,3,0,73.61,SAME
3,33.61,95.12,12,0,0,61.11,SAME
3,26.27,172.07,14,2,1,36.19,EASIER
3,27.42,119.88,15,3,3,70.54,EASIER
1,100.0,20.0,2,0,0,94.5,HARDER
1,98.85,30.78,2,0,0,69.94,HARDER
4,27.67,234.63,20,5,2,66.54,EASIER
1,100.0,20.0,2,0,0,91.45,HARDER
5,25.0,167.26,23,5,1,81.61,SAME
5,32.59,186.01,20,2,2,71.67,EASIER
2,29.67,98.3,9,3,0,49.44,SAME
5,25.0,300.0,26,8,6,50.91,EASIER
2,42.46,69.89,7,1,1,63.28,EASIER
1,95.85,22.81,2,0,0,85.03,HARDER
1,97.9,27.35,2,0,0,76.09,HARDER
2,25.0,113.3,13,7,2,63.64,SAME
1,100.0,21.42,2,0,0,98.44,HARDER
4,25.0,250.0,23,8,4,43.31,EASIER
5,30.92,267.01,24,6,4,58.15,EASIER
3,25.0,113.12,16,4,1,57.49,SAME
2,44.02,61.38,7,1,0,72.6,HARDER
1,69.53,33.51,3,1,0,64.6,SAME
2,51.11,87.69,6,0,0,62.63,SAME
4,25.48,204.35,17,2,0,52.25,SAME
1,100.0,42.81,2,0,0,71.93,HARDER
3,26.99,189.16,16,4,2,36.09,EASIER
2,46.36,57.83,7,1,0,57.65,SAME
1,100.0,39.07,2,0,0,100.0,HARDER
1,66.85,43.88,3,1,1,60.9,SAME
3,34.17,117.67,14,2,2,55.65,HARDER
1,56.73,49.67,4,2,1,92.33,SAME
5,31.42,131.4,21,3,3,89.81,EASIER
1,25.0,116.07,10,8,5,49.56,SAME
5,26.57,242.34,21,3,2,62.43,EASIER
2,53.8,40.98,6,0,0,80.36,HARDER
4,28.36,130.18,17,2,1,66.43,EASIER
1,34.25,73.24,5,3,2,46.02,SAME
2,57.11,61.11,6,0,0,60.62,SAME
1,31.26,65.5,6,4,1,42.82,SAME
3,26.36,141.2,14,2,2,66.58,EASIER
4,31.55,94.58,17,2,1,75.2,EASIER
4,32.99,195.89,16,1,1,66.44,EASIER
1,66.84,42.11,3,1,0,69.71,HARDER
4,31.11,128.51,18,3,2,79.85,EASIER
2,33.77,100.89,8,2,1,73.47,EASIER
3,31.77,71.62,12,0,0,85.72,HARDER
1,36.52,72.98,6,4,2,39.54,SAME
4,32.71,173.94,18,3,2,47.44,EASIER
5,29.75,198.86,20,2,1,79.28,EASIER
2,42.09,52.02,7,1,0,62.84,SAME
5,25.0,204.37,24,6,2,55.5,HARDER
4,25.0,129.65,18,3,1,89.41,SAME
5,25.56,284.34,22,4,2,45.52,EASIER
3,25.0,156.74,16,4,1,71.54,SAME
3,39.53,79.49,12,0,0,62.11,SAME
5,28.27,224.34,25,7,3,62.31,EASIER
4,26.49,172.55,18,3,1,70.28,SAME
3,31.65,93.76,13,1,0,64.16,SAME
5,25.0,270.97,24,6,2,62.03,EASIER
4,34.79,148.65,16,1,0,48.57,SAME
1,100.0,33.3,2,0,0,83.91,HARDER
4,25.0,216.92,23,8,3,54.84,EASIER
2,44.15,51.96,7,1,0,92.41,HARDER
4,25.0,143.73,18,3,0,56.3,SAME
5,25.0,259.78,22,4,3,68.14,EASIER
3,34.97,66.89,12,0,0,74.31,HARDER
1,67.67,38.25,3,1,0,63.53,SAME
1,30.46,47.84,6,4,0,70.4,HARDER
4,29.33,164.9,19,4,2,84.28,EASIER
2,35.22,100.27,10,4,1,42.39,SAME
4,29.21,164.36,18,3,2,69.86,EASIER
2,30.29,119.69,10,4,2,53.05,EASIER
4,25.01,206.5,19,4,2,43.87,EASIER
2,43.29,56.06,7,1,0,84.82,HARDER
3,32.47,100.01,13,1,0,67.58,HARDER
2,41.05,65.64,7,1,0,56.78,EASIER
4,37.65,103.24,17,2,0,90.08,HARDER
2,32.6,113.68,10,4,2,62.27,EASIER
4,27.03,161.12,22,7,5,73.91,EASIER
1,72.52,30.99,3,1,0,76.26,HARDER
5,27.08,169.28,20,2,2,67.59,EASIER
4,28.81,135.49,17,2,0,68.9,HARDER
3,25.0,132.35,17,5,1,74.25,HARDER
5,28.72,199.76,23,5,2,85.1,EASIER
5,30.04,222.32,20,2,1,58.39,EASIER
5,32.9,142.32,19,1,0,66.74,SAME
1,98.29,25.28,2,0,0,57.44,SAME
5,25.0,236.48,24,6,2,62.95,EASIER
5,25.14,215.59,22,4,1,31.77,EASIER
3,34.45,101.56,13,1,0,49.37,SAME
2,48.99,41.17,6,0,0,100.0,HARDER
5,26.77,300.0,23,5,1,40.03,EASIER
3,32.63,111.02,13,1,0,72.49,HARDER
3,32.39,89.15,13,1,0,73.13,HARDER
4,26.21,187.14,18,3,3,71.7,EASIER
2,35.37,68.77,8,2,0,73.87,HARDER
5,25.0,300.0,27,9,8,51.22,EASIER
2,30.6,115.1,10,4,3,67.44,EASIER
2,44.06,68.47,7,1,0,71.39,HARDER
3,31.8,115.19,13,1,1,69.21,EASIER
3,28.9,139.95,13,1,0,66.87,HARDER
3,29.21,119.18,14,2,1,69.71,EASIER
2,39.99,77.12,8,2,1,74.86,EASIER
1,98.4,31.97,2,0,0,84.05,HARDER
5,26.61,290.65,24,6,5,49.81,EASIER
5,25.0,236.93,23,5,3,61.34,EASIER
5,30.54,157.22,20,2,0,69.08,SAME
2,44.02,81.29,7,1,0,46.49,SAME
3,30.51,154.58,14,2,1,57.14,EASIER
5,25.0,226.96,22,4,1,41.3,EASIER
5,29.46,260.19,23,5,2,68.93,EASIER
3,28.33,88.78,12,0,0,70.18,HARDER
3,25.55,143.54,15,3,2,46.29,EASIER
1,100.0,32.8,2,0,0,100.0,HARDER
2,38.67,77.16,8,2,0,50.67,SAME
2,42.73,79.93,7,1,1,80.64,EASIER
5,26.8,144.42,20,2,2,69.0,EASIER
2,32.08,86.1,11,5,0,65.95,HARDER
5,34.36,195.32,21,3,1,40.08,EASIER
5,29.01,153.32,20,2,1,71.43,EASIER
1,95.09,35.69,2,0,0,48.67,SAME
1,51.51,54.55,4,2,1,40.24,SAME
3,27.38,80.36,13,1,0,76.02,HARDER
3,25.0,133.01,14,2,2,73.92,EASIER
4,29.49,142.04,18,3,1,73.69,SAME
5,26.39,238.13,22,4,3,73.36,EASIER
2,29.46,92.23,10,4,2,71.59,EASIER
3,25.0,131.79,16,4,1,60.14,SAME
1,38.88,78.06,5,3,1,67.03,SAME
2,44.64,50.65,7,1,0,78.04,HARDER
3,34.13,70.45,12,0,0,93.93,HARDER
5,32.41,210.35,21,3,2,60.62,EASIER
1,68.07,31.14,3,1,0,79.11,HARDER
5,26.61,172.6,20,2,1,73.31,EASIER
4,29.37,141.35,18,3,1,47.58,EASIER
5,28.06,237.09,21,3,3,60.89,EASIER
2,51.95,59.44,6,0,0,94.93,HARDER
1,100.0,20.0,2,0,0,85.62,HARDER
1,100.0,20.0,2,0,0,75.24,HARDER
4,27.31,94.79,18,3,0,68.35,HARDER
2,45.5,50.09,6,0,0,74.26,HARDER
5,31.13,151.87,21,3,3,84.81,EASIER
2,54.66,40.56,6,0,0,92.24,HARDER
4,27.91,149.57,17,2,2,62.85,EASIER
1,71.88,54.39,3,1,0,45.39,SAME
1,98.06,20.68,2,0,0,82.61,HARDER
4,36.01,95.69,17,2,1,69.61,EASIER
4,27.95,134.89,17,2,1,64.54,EASIER
4,28.53,121.06,17,2,1,76.68,EASIER
3,25.0,210.0,20,8,5,25.0,EASIER
5,34.18,120.54,18,0,0,85.5,SAME
3,29.68,75.66,13,1,0,68.09,HARDER
2,50.06,53.99,6,0,0,91.4,HARDER
3,28.84,91.43,13,1,0,90.71,HARDER
1,100.0,49.97,2,0,0,63.56,SAME
4,25.0,243.55,19,4,2,53.01,EASIER
1,66.16,40.46,3,1,0,77.26,HARDER
2,25.0,111.3,12,6,2,37.53,EASIER
4,31.02,180.92,17,2,2,35.39,EASIER
3,38.29,73.87,12,0,0,91.07,HARDER
4,31.57,95.89,15,0,0,76.0,HARDER
4,31.91,129.34,17,2,0,65.79,HARDER
5,25.65,210.37,21,3,0,54.02,SAME
5,25.48,230.38,22,4,1,58.84,SAME
1,100.0,27.14,2,0,0,81.73,HARDER
3,25.0,146.56,19,7,1,48.97,SAME
1,47.87,25.33,4,2,0,59.08,SAME
2,54.24,50.29,6,0,0,81.4,HARDER
5,30.72,155.63,19,1,1,69.56,EASIER
5,25.0,229.34,22,4,0,61.28,SAME
5,32.54,180.78,20,2,1,44.07,EASIER
5,33.04,250.89,21,3,1,59.71,EASIER
2,36.78,64.28,8,2,0,74.0,HARDER
2,44.66,79.72,7,1,0,69.28,HARDER
1,33.07,55.37,6,4,1,83.06,SAME
1,66.37,27.77,3,1,0,73.93,HARDER
2,37.5,65.16,8,2,0,64.37,SAME
5,25.0,186.83,25,7,3,78.6,EASIER
4,25.0,134.69,18,3,2,69.67,EASIER
1,99.55,21.29,2,0,0,74.18,HARDER
4,32.22,136.64,16,1,0,64.99,SAME
4,25.0,199.89,20,5,2,53.01,EASIER
3,25.0,177.79,22,10,6,47.21,EASIER
4,27.85,134.01,18,3,2,51.9,EASIER
3,34.83,81.86,12,0,0,100.0,HARDER
4,29.87,134.1,19,4,0,74.74,HARDER
2,35.86,73.02,8,2,0,73.18,HARDER
2,42.74,61.16,7,1,0,83.82,HARDER
3,29.79,134.9,16,4,2,53.94,EASIER
2,47.01,50.93,6,0,0,92.52,HARDER
1,94.35,37.54,2,0,0,70.6,HARDER
3,27.41,185.54,14,2,2,62.37,EASIER
3,28.2,98.93,14,2,2,42.17,EASIER
4,25.0,162.96,20,5,1,67.18,HARDER
3,26.68,144.35,14,2,1,56.84,EASIER
3,27.82,134.45,14,2,1,66.89,EASIER
2,39.7,66.9,8,2,0,63.08,SAME
2,37.64,86.02,8,2,1,47.75,EASIER
1,49.41,66.14,4,2,1,62.93,SAME
1,100.0,22.4,2,0,0,74.69,HARDER
4,30.78,188.88,18,3,1,71.24,SAME
2,50.59,42.14,6,0,0,82.85,HARDER
3,32.95,76.11,12,0,0,88.34,HARDER
3,28.64,107.27,14,2,1,55.54,EASIER
2,42.59,77.07,7,1,1,51.54,EASIER
5,25.0,212.58,21,3,2,63.71,EASIER
2,25.0,129.7,14,8,3,36.12,EASIER
5,29.49,191.51,21,3,1,59.32,EASIER
3,25.0,122.39,16,4,4,61.96,EASIER
2,48.6,53.81,6,0,0,71.49,HARDER
5,25.0,300.0,29,11,10,25.0,EASIER
5,30.72,176.11,18,0,0,87.98,SAME
2,52.51,38.65,6,0,0,92.73,HARDER
3,25.43,144.74,16,4,1,55.98,SAME
1,68.74,47.69,3,1,0,52.81,SAME
1,100.0,31.71,2,0,0,99.56,HARDER
5,25.0,215.46,24,6,2,76.74,SAME
3,29.86,78.63,12,0,0,92.48,HARDER
1,96.22,20.54,2,0,0,77.23,HARDER
3,27.73,173.26,14,2,1,46.94,EASIER
2,41.39,91.3,8,2,1,86.48,EASIER
3,26.98,137.67,15,3,0,73.9,HARDER
1,100.0,27.12,2,0,0,79.95,HARDER
2,54.48,36.12,6,0,0,74.07,HARDER
4,29.97,205.74,17,2,0,82.22,SAME
5,29.48,238.66,21,3,2,56.35,EASIER
1,96.91,24.0,2,0,0,92.34,HARDER
2,33.67,100.6,10,4,1,39.41,SAME
1,36.1,35.24,5,3,0,55.7,SAME
4,33.88,121.03,17,2,0,76.45,HARDER
1,100.0,42.64,2,0,0,86.14,HARDER
3,26.62,151.02,15,3,3,72.72,EASIER
4,31.19,135.51,18,3,2,81.94,EASIER
4,25.0,112.72,18,3,0,63.36,SAME
5,30.3,239.29,19,1,1,63.33,EASIER
4,31.25,183.34,18,3,2,40.83,EASIER
1,61.24,37.89,3,1,0,60.39,SAME
3,27.33,102.32,14,2,1,65.26,EASIER
5,25.09,181.39,23,5,3,52.41,EASIER
2,47.58,79.84,6,0,0,84.17,HARDER
1,65.8,27.28,3,1,0,80.3,HARDER
3,26.44,146.2,14,2,0,60.58,SAME
3,25.0,127.09,16,4,1,77.73,SAME
2,32.71,98.06,10,4,0,43.81,SAME
2,33.79,81.1,9,3,1,76.08,SAME
1,94.86,20.11,2,0,0,70.51,HARDER
1,38.3,54.74,5,3,0,47.03,SAME
2,45.13,52.29,6,0,0,93.35,HARDER
4,26.75,155.36,17,2,0,81.33,HARDER
4,29.79,190.41,17,2,1,70.68,EASIER
5,31.48,153.45,19,1,1,88.2,EASIER
1,98.56,28.23,2,0,0,96.81,SAME
5,33.83,203.84,18,0,0,84.21,SAME
2,45.29,61.06,7,1,0,71.88,HARDER
4,29.99,105.16,16,1,0,87.12,HARDER
2,34.34,65.25,10,4,0,71.74,HARDER
4,38.7,148.6,15,0,0,61.25,SAME
4,25.0,200.31,20,5,2,57.25,EASIER
4,31.11,175.14,19,4,3,69.62,EASIER
4,30.97,119.91,16,1,0,100.0,HARDER
5,26.59,256.07,22,4,0,65.96,SAME
3,35.54,97.48,12,0,0,90.25,HARDER
4,29.24,101.89,16,1,0,91.25,HARDER
4,27.71,127.86,18,3,1,91.94,SAME
1,71.54,26.41,3,1,1,67.54,SAME
1,37.52,55.18,6,4,0,66.95,HARDER
1,100.0,20.0,2,0,0,85.12,HARDER
3,26.93,79.55,13,1,0,75.79,HARDER
2,50.63,51.14,6,0,0,71.04,HARDER
2,25.0,160.0,13,7,4,39.04,EASIER
4,33.87,116.35,18,3,0,78.54,HARDER
1,70.82,45.03,3,1,0,54.85,SAME
2,55.23,58.74,6,0,0,51.84,SAME
1,66.28,44.65,3,1,0,49.89,SAME
1,94.59,56.45,2,0,0,72.06,HARDER
5,25.0,294.77,29,11,6,54.99,EASIER
1,99.87,30.89,2,0,0,90.93,HARDER
2,39.01,69.96,8,2,1,56.55,EASIER
1,48.64,28.75,4,2,0,68.67,HARDER
4,34.81,120.18,15,0,0,100.0,HARDER
2,50.83,65.19,6,0,0,60.21,SAME
1,37.94,48.09,5,3,0,71.93,HARDER
3,25.0,104.29,14,2,1,44.83,EASIER
4,25.16,226.91,19,4,3,42.98,EASIER
1,100.0,20.23,2,0,0,78.17,HARDER
2,52.62,49.81,6,0,0,74.54,HARDER
2,25.0,156.28,13,7,5,50.2,EASIER
4,31.18,108.12,16,1,1,74.69,EASIER
1,53.9,52.2,4,2,0,32.7,SAME
2,38.69,63.94,7,1,1,83.48,EASIER
4,26.1,161.21,21,6,2,69.89,SAME
2,53.49,63.11,6,0,0,81.72,HARDER
2,41.2,47.65,7,1,0,88.41,HARDER
2,48.76,38.29,6,0,0,88.67,HARDER
1,48.63,36.6,4,2,1,73.55,SAME
2,34.24,74.31,9,3,0,72.87,HARDER
3,25.0,174.36,16,4,3,25.0,EASIER
3,28.78,118.16,13,1,0,76.03,HARDER
3,33.64,95.97,13,1,0,64.54,SAME
1,50.89,62.14,4,2,0,52.56,SAME
1,50.33,43.51,4,2,0,43.2,SAME
2,49.56,69.01,7,1,0,51.91,SAME
1,100.0,34.07,2,0,0,58.15,SAME
4,31.8,173.65,18,3,1,44.82,EASIER
4,25.47,153.81,19,4,2,51.5,EASIER
5,39.61,150.0,18,0,0,74.46,SAME
1,97.14,20.0,2,0,0,89.43,HARDER
1,98.62,31.1,2,0,0,70.76,HARDER
2,41.25,51.45,7,1,0,57.1,SAME
4,34.7,103.25,15,0,0,93.42,HARDER
4,32.0,209.28,18,3,1,74.33,SAME
2,40.56,110.94,9,3,1,25.0,EASIER
3,28.95,100.64,14,2,2,61.43,EASIER
5,25.0,294.27,27,9,6,51.97,EASIER
5,34.35,243.41,20,2,1,72.5,EASIER
1,100.0,25.04,2,0,0,79.85,HARDER
5,25.0,254.73,25,7,3,37.04,EASIER
2,39.49,80.16,8,2,1,70.36,EASIER
4,28.21,216.33,19,4,1,38.0,EASIER
4,31.84,162.08,18,3,1,44.4,EASIER
1,32.77,68.15,6,4,1,75.5,SAME
2,28.04,90.27,10,4,1,50.23,SAME
4,27.71,197.63,19,4,3,64.66,EASIER
5,25.62,248.03,22,4,3,78.35,EASIER
3,32.72,127.85,13,1,1,51.05,EASIER
2,43.5,96.08,7,1,0,64.71,SAME
2,32.46,64.95,9,3,2,63.05,EASIER
2,48.76,36.77,6,0,0,81.75,HARDER
2,44.73,58.44,7,1,1,84.23,EASIER
3,30.79,76.29,15,3,0,70.59,HARDER
4,25.0,241.7,22,7,3,44.0,EASIER
5,25.0,285.33,25,7,3,63.28,EASIER
3,28.87,71.76,12,0,0,76.57,HARDER
4,26.32,106.6,17,2,1,69.22,EASIER
5,35.84,200.42,18,0,0,78.42,SAME
3,31.78,149.92,13,1,1,63.33,EASIER
3,25.0,108.03,16,4,1,65.58,SAME
5,31.17,221.39,20,2,0,83.33,SAME
1,99.1,20.0,2,0,0,84.01,HARDER
2,28.0,124.67,10,4,3,48.06,EASIER
2,53.73,37.52,6,0,0,62.41,SAME
1,97.13,20.0,2,0,0,62.25,SAME
3,25.01,153.26,16,4,1,67.76,SAME
1,58.7,24.53,3,1,0,81.43,HARDER
1,96.28,27.55,2,0,0,100.0,HARDER
3,27.15,99.96,14,2,1,73.21,EASIER
3,26.07,67.97,13,1,0,71.65,HARDER
3,33.69,142.15,13,1,0,67.15,HARDER
1,100.0,28.07,2,0,0,88.56,HARDER
2,46.19,70.17,6,0,0,48.39,SAME
1,51.46,50.53,4,2,0,65.54,HARDER
2,48.22,39.04,6,0,0,85.13,HARDER
4,25.77,143.35,18,3,1,82.32,SAME
5,28.23,169.11,21,3,0,89.02,SAME
5,26.35,178.88,20,2,0,69.78,SAME
2,37.51,55.57,8,2,1,69.47,EASIER
1,27.26,78.64,8,6,3,51.27,SAME
2,48.86,46.55,6,0,0,84.93,HARDER
4,28.67,103.47,16,1,0,73.5,HARDER
4,30.58,118.26,17,2,1,87.36,EASIER
5,30.1,254.29,20,2,1,62.04,EASIER
1,99.29,20.0,2,0,0,70.43,HARDER
5,25.0,221.57,24,6,3,65.97,EASIER
3,30.06,99.33,13,1,0,78.65,HARDER
3,25.0,119.95,13,1,0,49.78,SAME
3,25.0,171.3,16,4,1,68.68,SAME
3,29.03,131.6,14,2,2,66.11,EASIER
4,29.46,173.59,17,2,0,70.52,HARDER
2,26.37,98.15,9,3,1,51.74,SAME
4,29.34,127.5,16,1,0,76.63,HARDER
5,34.27,273.74,21,3,1,57.54,EASIER
1,99.75,41.28,2,0,0,57.98,SAME
2,28.54,92.41,9,3,0,63.82,SAME
4,27.71,146.85,17,2,1,51.61,EASIER
4,32.7,198.47,17,2,2,40.93,EASIER
5,25.0,264.93,26,8,5,44.58,EASIER
3,31.5,85.44,13,1,0,65.03,HARDER
2,46.32,47.55,6,0,0,84.63,HARDER
5,25.0,227.42,25,7,5,72.51,EASIER
2,36.0,73.26,9,3,1,57.97,SAME
1,100.0,22.33,2,0,0,93.71,EASIER
2,43.69,56.25,7,1,0,81.87,HARDER
4,27.16,144.06,19,4,0,74.12,HARDER
4,27.06,119.08,21,6,1,81.76,HARDER
5,27.01,200.16,19,1,0,72.97,SAME
5,34.2,114.81,18,0,0,80.54,SAME
3,32.22,100.33,14,2,1,64.14,EASIER
4,25.0,204.97,19,4,2,41.43,EASIER
2,51.04,54.23,6,0,0,88.29,HARDER
5,31.11,264.78,21,3,2,67.37,EASIER
5,28.66,214.24,24,6,2,60.31,EASIER
4,26.79,163.41,17,2,1,42.73,EASIER
3,27.49,121.66,14,2,1,65.07,EASIER
2,48.89,41.57,7,1,0,64.42,SAME
4,27.35,213.2,21,6,2,49.52,EASIER
2,45.35,33.68,7,1,0,83.93,HARDER
2,25.0,76.08,10,4,1,70.55,SAME
2,29.55,82.57,10,4,2,66.98,EASIER
4,25.02,181.35,20,5,2,46.1,EASIER
4,25.0,199.29,21,6,4,63.03,EASIER
2,35.33,73.72,8,2,0,58.52,SAME
2,40.69,83.41,8,2,1,75.47,EASIER
1,68.34,29.94,3,1,0,56.48,SAME
2,25.0,145.06,12,6,2,49.95,EASIER
1,25.79,83.17,7,5,2,60.39,SAME
1,98.41,33.51,2,0,0,71.28,HARDER
3,30.25,134.17,14,2,0,78.84,HARDER
2,48.87,36.85,6,0,0,67.32,HARDER
5,34.1,114.32,18,0,0,91.68,SAME
4,31.49,165.5,19,4,3,50.92,EASIER
1,52.88,54.74,4,2,1,56.34,SAME
5,31.07,267.89,21,3,2,48.07,EASIER
5,27.08,223.25,22,4,1,79.97,SAME
3,35.26,54.95,12,0,0,100.0,HARDER
3,34.92,74.11,12,0,0,75.82,HARDER
2,40.23,83.53,8,2,1,37.57,EASIER
4,32.56,117.16,16,1,0,88.81,HARDER
5,25.0,286.64,27,9,5,41.16,EASIER
1,99.79,26.82,2,0,0,81.0,HARDER
4,26.98,191.65,18,3,3,47.74,EASIER
1,62.83,46.83,3,1,0,56.53,SAME
3,33.75,124.74,13,1,1,80.79,EASIER
3,28.78,107.03,14,2,0,51.96,SAME
3,25.2,91.37,14,2,1,97.65,EASIER
2,44.65,93.03,8,2,1,64.41,EASIER
4,28.31,143.23,17,2,1,91.85,EASIER
5,28.89,195.06,21,3,1,93.95,SAME
5,25.0,167.66,22,4,1,74.59,SAME
2,46.53,38.82,7,1,0,79.0,HARDER
3,29.85,93.95,13,1,0,68.66,HARDER
5,30.18,139.54,21,3,3,66.04,EASIER
5,35.29,205.61,19,1,0,48.53,SAME
1,39.19,67.3,5,3,1,42.3,SAME
5,25.72,138.07,21,3,1,90.43,SAME
5,32.87,242.13,21,3,3,63.56,EASIER
3,29.98,87.02,12,0,0,75.72,HARDER
5,30.8,133.85,21,3,0,83.35,SAME
2,30.08,90.77,9,3,1,54.33,SAME
2,37.82,60.58,7,1,0,72.28,HARDER
3,32.4,95.87,13,1,1,78.64,EASIER
2,53.79,43.06,6,0,0,78.37,HARDER
2,52.01,39.0,6,0,0,95.04,HARDER
1,42.37,63.83,5,3,0,71.78,HARDER
5,33.41,157.1,18,0,0,80.96,SAME
5,34.38,136.23,18,0,0,97.54,SAME
5,25.0,288.81,26,8,5,39.93,EASIER
5,30.01,254.04,22,4,2,56.15,EASIER
2,42.32,41.13,7,1,0,78.83,SAME
5,30.72,140.53,20,2,0,70.17,SAME
1,68.25,32.16,3,1,0,63.46,SAME
3,25.86,172.62,17,5,3,44.21,EASIER
5,25.0,300.0,25,7,4,54.14,EASIER
2,25.0,110.15,11,5,1,75.03,HARDER
4,25.0,171.89,20,5,2,79.62,EASIER
5,25.74,272.81,22,4,2,55.01,EASIER
4,28.29,162.48,20,5,2,66.46,EASIER
2,43.59,63.73,7,1,0,85.91,HARDER
4,33.11,128.52,15,0,0,72.86,HARDER
4,25.0,179.37,22,7,5,61.7,EASIER
4,26.52,186.7,19,4,2,49.47,EASIER
5,28.78,197.55,21,3,1,83.69,SAME
5,39.81,184.82,19,1,1,65.86,EASIER
2,34.71,110.86,8,2,2,44.79,SAME
4,31.64,158.01,16,1,0,55.52,SAME
2,25.0,130.69,11,5,1,54.49,SAME
1,96.34,36.3,2,0,0,88.51,HARDER
3,34.57,78.1,12,0,0,95.79,HARDER
2,35.62,67.28,8,2,1,65.74,EASIER
3,31.5,91.17,14,2,0,80.53,HARDER
4,29.6,156.19,15,0,0,76.43,HARDER
2,44.87,50.8,7,1,1,55.05,EASIER
1,40.43,69.03,5,3,0,60.31,SAME
5,27.51,291.68,23,5,3,52.98,EASIER
5,25.0,155.89,21,3,2,69.91,EASIER
1,99.68,20.0,2,0,0,89.68,HARDER
3,29.12,147.09,12,0,0,78.92,HARDER
1,67.37,37.05,3,1,0,58.12,SAME
4,33.8,148.65,16,1,1,85.86,EASIER
2,31.15,99.04,10,4,0,46.74,SAME
1,98.84,20.0,2,0,0,100.0,HARDER
3,30.26,102.8,13,1,1,73.66,EASIER
5,28.67,164.71,21,3,1,65.94,SAME
3,35.18,65.85,12,0,0,80.44,HARDER
5,32.28,191.73,20,2,1,77.35,EASIER
5,25.0,263.84,23,5,5,58.1,EASIER
2,48.32,43.68,6,0,0,86.2,HARDER
3,26.49,144.95,14,2,1,54.73,EASIER
4,25.0,138.5,19,4,2,65.43,EASIER
3,31.6,85.07,12,0,0,87.45,HARDER
4,26.52,237.25,19,4,3,66.92,EASIER
1,68.33,44.44,3,1,0,68.89,HARDER
5,29.39,159.63,18,0,0,89.5,SAME
4,31.33,168.46,16,1,1,88.38,EASIER
3,25.0,82.05,15,3,0,65.06,HARDER
3,29.9,128.74,13,1,1,76.3,EASIER
5,29.0,221.1,22,4,4,66.15,EASIER
5,25.0,198.12,25,7,4,53.6,EASIER
2,27.95,123.6,11,5,3,38.97,EASIER
4,31.24,113.84,16,1,0,78.22,HARDER
4,30.37,131.78,17,2,1,85.57,EASIER
4,25.0,157.76,19,4,2,72.84,EASIER
5,25.98,261.53,22,4,3,44.57,EASIER
3,25.0,142.74,15,3,1,54.57,EASIER
5,28.31,226.27,22,4,1,63.31,SAME
1,100.0,25.58,2,0,0,85.04,HARDER
2,44.29,82.42,7,1,0,53.67,SAME
1,63.4,38.68,3,1,0,62.34,SAME
5,25.0,241.21,21,3,1,56.51,EASIER
4,29.84,141.23,17,2,0,63.51,SAME
4,25.0,182.12,24,9,5,46.59,EASIER
2,33.13,114.08,9,3,3,39.58,EASIER
5,28.73,299.75,23,5,1,41.04,EASIER
4,27.0,118.56,17,2,0,75.2,SAME
3,29.36,157.2,14,2,1,76.55,EASIER
4,26.87,148.38,19,4,0,60.99,SAME
5,30.45,200.76,22,4,4,77.19,EASIER
2,44.39,74.97,7,1,0,41.55,SAME
2,53.79,52.25,6,0,0,95.18,HARDER
4,25.28,242.32,21,6,4,63.12,EASIER
1,69.27,58.86,3,1,1,71.61,SAME
2,34.06,75.84,9,3,2,77.54,EASIER
2,36.6,80.29,8,2,0,52.95,SAME
3,28.11,115.0,14,2,1,62.31,EASIER
5,28.14,158.09,19,1,0,86.04,SAME
1,43.84,43.27,5,3,0,62.61,SAME
5,25.68,161.49,21,3,2,83.32,EASIER
2,29.83,106.44,11,5,3,68.55,EASIER
4,33.52,186.74,18,3,1,55.7,EASIER
1,26.17,63.31,8,6,2,49.86,SAME
3,25.37,148.53,17,5,1,53.41,SAME
1,25.54,74.64,7,5,3,54.41,SAME
4,25.0,141.76,18,3,1,68.39,SAME
5,28.53,203.45,21,3,0,48.84,SAME
1,48.49,51.34,4,2,1,54.04,SAME
3,25.0,162.59,18,6,3,46.95,EASIER
3,25.0,175.07,18,6,4,58.56,EASIER
3,25.76,99.06,13,1,1,91.89,EASIER
2,43.26,49.63,7,1,1,70.24,EASIER
1,99.77,31.31,2,0,0,83.84,HARDER
4,29.11,109.14,15,0,0,88.12,HARDER
4,30.84,165.17,17,2,2,75.76,EASIER
2,41.34,83.65,7,1,0,79.75,HARDER
3,36.32,62.64,12,0,0,91.53,HARDER
3,25.0,146.88,17,5,2,45.5,EASIER
2,37.22,104.01,8,2,1,60.14,EASIER
4,33.24,119.91,16,1,1,89.6,SAME
4,28.33,199.72,21,6,5,62.51,EASIER
5,25.17,258.96,25,7,2,58.04,EASIER
2,47.83,41.43,6,0,0,93.69,HARDER
3,36.98,114.62,12,0,0,82.97,HARDER
4,30.86,163.28,15,0,0,80.26,HARDER
3,25.0,179.65,15,3,1,63.51,EASIER
1,93.98,40.75,2,0,0,85.16,HARDER
3,30.35,124.78,14,2,0,51.73,SAME
3,28.19,101.95,15,3,0,77.8,HARDER
3,25.0,129.36,15,3,1,61.83,SAME
5,35.65,249.5,22,4,3,55.56,EASIER
5,26.31,196.21,19,1,0,70.45,SAME
2,53.0,30.0,6,0,0,78.78,HARDER
4,28.41,81.19,15,0,0,100.0,HARDER
1,98.6,29.55,2,0,0,86.9,HARDER
3,25.0,143.74,17,5,1,59.1,SAME
5,25.0,194.08,23,5,2,63.49,EASIER
2,48.38,72.89,6,0,0,95.87,EASIER
4,31.93,124.76,16,1,0,65.83,HARDER
2,51.55,48.36,6,0,0,80.7,HARDER
1,25.32,55.25,6,4,0,63.12,SAME
1,48.28,54.37,4,2,1,43.71,SAME
3,29.48,106.91,14,2,0,71.39,HARDER
5,34.52,232.77,22,4,1,59.6,SAME
3,27.15,103.4,14,2,0,84.29,HARDER
3,33.45,102.61,12,0,0,82.43,HARDER
3,26.05,140.39,15,3,2,61.53,EASIER
2,28.9,111.94,10,4,2,46.75,EASIER
5,25.0,255.73,23,5,5,70.6,EASIER
3,28.69,145.68,15,3,2,51.86,EASIER
4,25.0,250.0,22,7,4,47.9,EASIER
2,45.06,63.85,7,1,0,88.13,HARDER
1,96.09,25.19,2,0,0,59.31,SAME
2,43.11,67.33,7,1,0,70.26,HARDER
1,98.61,24.76,2,0,0,53.17,SAME
3,34.0,80.26,12,0,0,73.5,HARDER
1,100.0,27.14,2,0,0,74.9,HARDER
2,47.34,36.42,6,0,0,100.0,HARDER
5,26.43,196.43,23,5,2,73.84,EASIER
5,26.01,190.96,22,4,3,68.23,EASIER
3,33.83,151.51,13,1,1,58.37,EASIER
3,25.0,121.33,14,2,0,47.95,SAME
1,100.0,38.64,2,0,0,84.09,HARDER
1,63.48,53.61,3,1,1,58.67,SAME
5,37.64,117.85,19,1,0,75.77,SAME
3,25.1,134.81,14,2,1,53.72,EASIER
4,26.8,149.0,19,4,2,60.27,EASIER
3,29.62,107.87,14,2,0,72.41,HARDER
4,36.92,98.49,15,0,0,53.67,SAME
5,25.0,300.0,28,10,6,60.29,EASIER
1,32.45,58.05,6,4,2,39.19,SAME
2,44.3,44.32,6,0,0,100.0,HARDER
3,33.82,72.18,12,0,0,90.03,HARDER
2,45.1,69.1,7,1,0,64.0,SAME
2,28.13,81.69,11,5,1,60.45,SAME
1,34.06,66.58,6,4,4,54.96,SAME
2,47.0,46.56,6,0,0,86.6,HARDER
3,28.17,123.28,15,3,0,52.06,SAME
5,28.3,207.36,23,5,4,71.29,EASIER
4,35.42,141.34,15,0,0,66.72,HARDER
1,94.13,21.0,2,0,0,94.45,HARDER
1,97.21,26.16,2,0,0,92.37,HARDER
3,25.0,84.02,15,3,1,67.04,SAME
1,45.25,56.03,4,2,0,62.28,SAME
1,100.0,34.07,2,0,0,62.07,SAME
2,55.2,36.07,6,0,0,89.07,HARDER
1,100.0,21.32,2,0,0,72.36,HARDER
1,96.27,20.0,2,0,0,85.23,HARDER
2,35.69,86.64,8,2,1,66.75,EASIER
1,98.01,20.7,2,0,0,70.79,HARDER
5,26.55,167.59,22,4,1,51.08,SAME
4,32.95,120.52,16,1,0,54.64,SAME
2,46.17,57.03,7,1,0,80.42,HARDER
3,37.02,68.63,12,0,0,60.23,SAME
4,28.36,136.08,16,1,0,85.52,HARDER
2,49.17,32.2,6,0,0,88.56,HARDER
2,44.86,56.28,6,0,0,84.77,HARDER
1,66.91,50.66,3,1,0,65.39,HARDER
5,25.0,218.23,24,6,0,44.45,SAME
1,100.0,20.0,2,0,0,90.27,HARDER
3,25.0,210.0,19,7,3,44.95,EASIER
5,29.49,224.57,22,4,3,70.89,EASIER
2,45.81,54.01,7,1,0,78.31,HARDER
1,63.99,53.86,3,1,1,68.35,SAME
3,28.49,154.0,14,2,2,75.77,EASIER
2,46.49,53.67,7,1,1,77.42,EASIER
3,31.77,149.39,14,2,1,41.25,EASIER
2,37.45,81.74,8,2,1,45.32,EASIER
4,25.0,151.21,19,4,2,78.24,EASIER
5,25.0,300.0,22,4,2,32.69,EASIER
2,49.4,45.22,6,0,0,72.34,EASIER
5,33.56,295.23,21,3,0,30.53,EASIER
5,27.28,235.94,22,4,1,65.35,SAME
1,100.0,20.12,2,0,0,91.92,HARDER
3,30.66,86.47,12,0,0,83.15,HARDER
5,36.31,155.29,20,2,1,66.71,EASIER
3,29.41,146.72,16,4,1,59.66,SAME
5,25.0,300.0,26,8,8,38.62,EASIER
1,67.34,36.9,3,1,1,70.64,SAME
4,31.83,129.94,16,1,1,92.55,EASIER
5,25.0,190.75,24,6,3,58.15,EASIER
2,50.74,57.06,6,0,0,67.08,HARDER
1,100.0,24.64,2,0,0,89.27,HARDER
2,40.22,67.97,8,2,0,79.97,HARDER
3,25.0,107.87,17,5,2,79.35,SAME
4,26.83,124.4,16,1,0,75.2,HARDER
2,39.13,90.39,8,2,0,75.22,HARDER
5,31.78,149.81,22,4,2,68.74,EASIER
2,48.64,60.67,6,0,0,60.32,SAME
4,28.31,158.44,19,4,1,68.41,SAME
1,44.27,64.07,5,3,1,53.39,SAME
4,25.75,169.02,18,3,2,74.9,EASIER
1,100.0,20.0,2,0,0,75.64,HARDER
1,67.23,27.39,3,1,0,72.79,HARDER
2,33.65,94.48,8,2,0,54.28,SAME
1,67.71,23.41,3,1,0,79.3,HARDER
4,31.25,190.19,19,4,2,57.3,EASIER
1,97.1,37.13,2,0,0,76.94,HARDER
2,27.46,100.96,10,4,1,59.63,SAME
3,25.0,133.91,17,5,2,65.26,EASIER
4,28.83,163.89,16,1,1,79.76,EASIER
2,51.16,55.2,6,0,0,64.83,SAME
2,47.28,30.6,6,0,0,84.53,HARDER
1,93.79,22.42,2,0,0,70.64,HARDER
4,34.56,106.18,16,1,1,52.33,EASIER
2,46.28,77.94,6,0,0,62.91,SAME
1,58.24,39.95,3,1,0,57.26,SAME
1,70.15,34.49,3,1,0,84.73,HARDER
5,28.46,198.73,20,2,1,73.89,EASIER
5,30.94,150.9,20,2,1,93.11,EASIER
2,50.39,80.84,6,0,0,73.63,HARDER
5,25.0,285.44,23,5,2,59.74,EASIER
5,29.79,229.72,22,4,3,46.18,EASIER
5,40.87,120.56,18,0,0,59.83,SAME
3,32.38,64.39,12,0,0,81.91,HARDER
4,25.78,166.45,20,5,5,49.86,EASIER
2,29.27,111.11,10,4,2,55.91,EASIER
4,33.5,98.74,17,2,0,70.38,HARDER
1,66.32,30.49,3,1,0,57.4,SAME
2,46.09,41.85,7,1,0,80.25,HARDER
2,47.2,62.84,7,1,0,71.31,HARDER
4,33.21,120.43,15,0,0,64.35,SAME
2,41.61,69.89,7,1,0,49.34,SAME
5,25.21,238.02,24,6,3,77.79,EASIER
1,74.63,32.24,3,1,0,59.68,SAME
1,46.05,36.24,4,2,0,66.97,HARDER
2,44.88,69.14,7,1,0,74.23,HARDER
4,27.46,173.01,18,3,0,64.43,SAME
1,61.63,53.27,3,1,0,78.66,HARDER
2,38.62,74.45,7,1,0,79.1,HARDER
4,29.53,187.95,17,2,1,31.67,EASIER
2,35.23,104.54,7,1,0,59.7,SAME
3,35.29,138.57,13,1,0,56.44,SAME
4,29.41,233.51,18,3,0,43.37,EASIER
1,46.5,56.21,4,2,0,68.86,HARDER
2,53.2,54.83,6,0,0,100.0,HARDER
1,29.39,59.0,6,4,3,55.04,SAME
1,50.37,39.88,4,2,1,69.14,SAME
1,36.85,53.88,5,3,1,58.27,SAME
4,28.83,138.42,18,3,1,71.13,SAME
4,25.12,135.0,17,2,2,78.53,EASIER
2,52.35,58.38,6,0,0,69.24,HARDER
3,25.78,150.76,16,4,3,57.13,EASIER
2,49.68,48.65,6,0,0,87.96,HARDER
3,34.45,66.05,12,0,0,95.38,HARDER
4,27.26,181.94,17,2,1,60.62,EASIER
5,27.95,186.48,21,3,1,53.61,EASIER
1,66.76,20.0,3,1,1,74.5,SAME
5,33.8,146.6,20,2,0,82.35,SAME
3,25.0,161.86,15,3,2,55.25,EASIER
4,30.92,146.1,18,3,1,100.0,SAME
2,53.81,51.02,6,0,0,81.93,HARDER
4,29.24,205.21,19,4,3,49.17,EASIER
2,47.39,66.19,7,1,0,97.49,HARDER
3,32.16,104.94,12,0,0,76.66,HARDER
2,52.21,47.09,6,0,0,100.0,HARDER
4,31.23,149.38,16,1,0,78.18,HARDER
2,51.7,52.28,6,0,0,100.0,HARDER
2,56.62,61.93,6,0,0,85.53,HARDER
5,25.0,300.0,31,13,9,69.3,EASIER
4,32.24,125.91,15,0,0,74.77,HARDER
5,34.87,166.95,21,3,2,75.95,EASIER
1,51.62,40.05,4,2,0,66.13,HARDER
4,25.76,153.76,17,2,0,61.43,SAME
4,31.89,112.73,15,0,0,95.8,HARDER
5,27.95,233.41,20,2,1,47.34,EASIER
1,37.34,79.91,6,4,3,53.19,SAME
1,51.23,49.74,4,2,0,51.84,SAME
5,25.0,149.25,23,5,1,80.8,SAME
3,28.24,119.22,13,1,1,59.06,EASIER
2,54.08,44.73,6,0,0,84.29,HARDER
3,25.0,138.68,15,3,1,56.85,EASIER
2,37.9,57.77,7,1,1,81.19,EASIER
2,49.21,54.73,6,0,0,90.54,HARDER
5,31.25,281.96,21,3,1,61.13,EASIER
3,25.0,111.97,16,4,0,61.36,SAME
5,30.18,227.13,21,3,1,76.47,SAME
3,37.97,93.57,12,0,0,85.49,HARDER
1,45.55,58.42,4,2,1,42.28,SAME
2,44.25,37.47,7,1,0,85.13,HARDER
1,96.85,41.37,2,0,0,93.1,HARDER
3,29.93,144.82,14,2,2,50.21,EASIER
2,48.18,39.91,6,0,0,80.66,HARDER
3,25.03,74.42,15,3,0,75.19,HARDER
2,31.02,89.01,10,4,0,42.15,SAME
3,33.11,100.1,13,1,0,92.53,HARDER
2,38.67,92.71,8,2,0,60.21,SAME
3,27.25,121.57,14,2,1,63.19,EASIER
4,32.74,121.54,15,0,0,72.28,HARDER
1,37.07,57.63,5,3,2,48.24,SAME
1,100.0,20.0,2,0,0,76.38,HARDER
3,33.21,118.12,14,2,0,56.18,SAME
2,41.24,107.28,8,2,1,70.21,EASIER
5,29.39,139.17,20,2,0,74.15,SAME
4,30.11,135.16,18,3,1,59.35,SAME
4,25.0,188.18,20,5,0,58.93,SAME
5,35.76,243.43,20,2,0,46.29,SAME
2,39.5,70.02,8,2,0,69.69,HARDER
5,26.76,137.97,22,4,2,71.45,EASIER
3,25.0,166.23,18,6,3,47.98,EASIER
5,29.98,256.62,21,3,1,57.28,EASIER
2,25.0,131.72,14,8,3,40.73,EASIER
1,100.0,24.98,2,0,0,91.17,HARDER
1,29.45,45.68,7,5,0,51.29,SAME
2,47.33,61.48,6,0,0,75.97,HARDER
5,29.24,154.63,19,1,0,72.66,SAME
1,100.0,20.67,2,0,0,65.47,HARDER
3,29.92,116.22,13,1,0,47.38,SAME
3,25.0,210.0,19,7,5,36.64,EASIER
3,27.39,127.89,16,4,1,66.18,SAME
4,30.0,127.56,16,1,1,79.37,EASIER
3,31.73,82.98,12,0,0,92.88,HARDER
4,25.0,104.33,19,4,0,62.64,SAME
2,45.19,84.06,6,0,0,51.46,SAME
3,36.9,88.11,12,0,0,68.53,HARDER
2,43.27,60.76,7,1,0,65.25,HARDER
2,47.03,54.41,6,0,0,87.09,HARDER
4,27.42,250.0,19,4,4,45.84,EASIER
5,30.04,192.22,19,1,0,58.19,SAME
2,41.78,80.96,7,1,1,71.65,EASIER
1,29.11,77.2,7,5,4,42.97,SAME
3,25.0,175.63,18,6,3,63.56,EASIER
5,32.18,229.44,21,3,2,62.93,EASIER
5,32.85,186.43,22,4,1,72.07,SAME
1,42.87,55.02,5,3,2,40.23,SAME
4,32.96,91.4,15,0,0,92.19,HARDER
4,25.0,199.09,19,4,1,68.8,SAME
3,32.87,120.66,13,1,0,60.47,SAME
1,37.65,49.45,5,3,0,38.78,SAME
2,53.65,71.79,6,0,0,87.96,HARDER
1,35.87,87.04,7,5,2,39.84,SAME
2,38.3,51.03,7,1,0,64.18,SAME
5,25.0,278.16,26,8,3,44.59,EASIER
5,25.0,186.59,25,7,2,56.77,SAME
4,25.0,225.5,21,6,4,50.74,EASIER
3,33.1,69.67,12,0,0,81.69,HARDER
3,31.02,96.23,13,1,1,56.63,EASIER
4,25.63,139.42,18,3,1,80.09,SAME
4,26.91,175.25,19,4,1,61.23,SAME
3,25.0,199.08,17,5,2,36.59,EASIER
3,27.05,93.3,14,2,0,83.87,HARDER
2,43.46,57.91,6,0,0,64.8,SAME
2,43.28,84.52,8,2,0,57.04,SAME
1,97.75,26.47,2,0,0,96.8,HARDER
1,39.26,36.1,5,3,0,54.17,SAME
3,25.0,169.33,19,7,2,38.59,EASIER
3,25.99,116.72,14,2,1,69.6,EASIER
2,39.84,55.72,7,1,1,67.03,EASIER
3,25.0,156.3,16,4,2,49.9,EASIER
3,25.83,141.76,15,3,0,51.89,SAME
3,25.0,174.21,17,5,2,40.09,EASIER
4,29.35,137.35,18,3,1,69.36,SAME
3,25.0,141.87,16,4,3,71.04,EASIER
4,30.25,138.37,18,3,1,68.29,SAME
1,31.7,102.08,8,6,1,32.99,SAME
4,32.39,198.37,17,2,0,71.21,SAME
1,30.49,100.67,8,6,5,45.38,SAME
4,34.39,193.08,17,2,1,32.7,EASIER
2,47.99,40.74,7,1,0,83.62,HARDER
2,44.43,78.21,7,1,1,60.68,EASIER
3,25.0,141.19,16,4,1,63.4,SAME
5,26.26,226.5,23,5,1,64.07,SAME
2,47.67,33.85,6,0,0,86.73,HARDER
5,25.0,284.7,25,7,3,44.62,EASIER
2,30.06,133.82,12,6,3,25.0,EASIER
2,52.33,53.89,6,0,0,80.9,HARDER
5,25.74,149.96,22,4,2,84.74,EASIER
3,26.11,112.89,14,2,1,60.07,EASIER
1,41.3,60.67,5,3,2,72.46,SAME
2,34.07,73.74,9,3,2,64.01,EASIER
4,25.0,202.15,22,7,3,67.97,EASIER
3,31.68,119.9,13,1,0,60.3,SAME
4,25.0,190.98,21,6,1,48.09,SAME
3,27.97,103.34,15,3,0,72.55,HARDER
5,34.34,300.0,21,3,2,40.19,EASIER
5,29.15,247.83,22,4,2,73.3,EASIER
1,66.65,46.58,3,1,0,79.05,HARDER
3,25.0,107.99,14,2,0,80.39,HARDER
5,35.76,176.5,18,0,0,89.53,SAME
2,31.76,94.55,9,3,0,69.13,HARDER
4,35.22,128.48,17,2,2,77.9,EASIER
4,25.0,241.82,22,7,3,46.17,EASIER
4,25.89,154.97,19,4,1,54.38,SAME
5,25.0,154.58,24,6,3,73.28,EASIER
2,46.43,50.1,6,0,0,77.61,HARDER
1,98.34,33.15,2,0,0,53.33,SAME
5,25.0,168.22,23,5,4,73.79,EASIER
4,30.91,151.04,16,1,1,65.01,EASIER
2,47.17,45.63,7,1,0,100.0,HARDER
3,31.0,119.77,13,1,1,61.57,EASIER
4,25.0,250.0,21,6,3,47.37,EASIER
2,51.09,33.47,6,0,0,75.31,HARDER
1,54.02,46.16,4,2,1,72.26,SAME
3,30.42,104.34,15,3,2,86.76,EASIER
5,30.48,273.33,21,3,3,49.63,EASIER
4,25.0,227.09,22,7,5,77.79,EASIER
2,42.08,64.59,7,1,1,72.6,EASIER
4,38.56,91.3,15,0,0,85.98,HARDER
3,25.0,168.93,17,5,3,62.11,EASIER
5,26.27,172.2,23,5,4,59.45,EASIER
1,51.55,46.19,4,2,0,51.12,SAME
5,30.85,213.65,19,1,0,66.22,SAME
2,32.62,59.96,8,2,0,83.01,HARDER
5,25.25,229.48,23,5,2,68.02,EASIER
3,34.72,113.89,13,1,0,77.12,HARDER
1,48.31,35.55,4,2,0,86.19,HARDER
2,31.32,85.62,11,5,1,46.46,SAME
2,25.0,104.76,14,8,0,59.96,SAME
4,26.4,164.11,17,2,0,86.27,HARDER
5,33.11,129.59,18,0,0,99.48,SAME
1,36.32,48.71,6,4,0,48.04,SAME
3,25.0,119.56,17,5,2,69.95,EASIER
1,38.97,39.83,5,3,0,56.44,SAME
2,25.7,139.67,12,6,5,60.89,EASIER
3,32.22,90.19,12,0,0,89.38,HARDER
1,34.24,58.05,6,4,1,68.59,SAME
1,95.22,20.88,2,0,0,82.16,HARDER
4,32.28,203.65,20,5,2,55.56,EASIER
4,34.47,117.53,16,1,0,69.82,HARDER
1,100.0,20.0,2,0,0,79.53,HARDER
5,29.7,200.4,20,2,0,75.01,SAME
2,37.96,37.93,8,2,0,67.97,HARDER
2,34.6,45.84,8,2,1,69.21,EASIER
2,32.65,77.75,8,2,1,57.55,EASIER
4,31.77,163.64,16,1,0,75.2,HARDER
3,31.6,73.64,12,0,0,85.6,HARDER
1,97.35,23.54,2,0,0,82.42,HARDER
2,39.43,69.66,8,2,0,70.12,HARDER
2,44.44,81.41,7,1,0,61.3,SAME
4,27.76,136.08,15,0,0,88.87,HARDER
4,29.71,136.91,18,3,1,63.49,SAME
1,36.81,62.28,5,3,1,26.86,SAME
4,25.34,250.0,21,6,4,25.0,EASIER
2,31.2,114.44,10,4,1,58.34,SAME
4,25.0,186.15,21,6,3,63.99,EASIER
4,28.69,131.83,18,3,1,68.62,SAME
5,36.89,120.77,18,0,0,95.18,HARDER
5,25.87,192.79,21,3,3,80.04,EASIER
1,98.5,33.6,2,0,0,97.32,HARDER
1,65.1,54.11,3,1,0,52.46,SAME
1,100.0,36.15,2,0,0,60.66,SAME
1,51.66,33.51,4,2,0,79.61,HARDER
2,51.45,72.4,6,0,0,77.59,HARDER
1,41.12,50.01,5,3,1,60.52,SAME
4,25.87,176.91,21,6,3,54.12,EASIER
3,36.47,107.71,12,0,0,77.59,HARDER
2,53.53,47.13,6,0,0,81.47,HARDER
2,49.41,69.02,6,0,0,77.14,HARDER
3,31.91,140.25,14,2,1,57.02,EASIER
5,25.0,249.85,23,5,4,67.76,EASIER
1,49.81,45.68,4,2,0,68.29,HARDER
1,39.44,77.12,5,3,1,51.27,SAME
5,31.41,230.32,21,3,1,67.39,EASIER
1,63.72,32.28,3,1,0,73.85,HARDER
5,25.0,293.4,21,3,1,45.24,EASIER
4,26.53,250.0,21,6,5,34.17,EASIER
2,32.64,77.1,7,1,1,61.89,EASIER
5,29.94,300.0,21,3,2,57.62,EASIER
2,43.1,59.0,7,1,0,76.36,HARDER
5,25.0,300.0,26,8,7,36.83,EASIER
2,43.36,76.81,7,1,0,51.78,SAME
2,49.39,45.99,6,0,0,80.07,HARDER
1,63.03,45.94,3,1,0,63.62,SAME
1,96.9,35.31,2,0,0,86.28,HARDER
2,49.11,63.78,6,0,0,49.59,SAME
2,43.51,30.0,6,0,0,83.33,HARDER
3,32.28,101.83,12,0,0,88.46,HARDER
2,40.87,48.89,7,1,0,62.13,SAME
1,97.32,21.42,2,0,0,66.68,HARDER
3,30.55,79.27,13,1,0,80.51,HARDER
2,25.2,145.09,12,6,6,52.98,EASIER
5,27.68,257.56,22,4,3,53.24,EASIER
1,94.17,25.59,2,0,0,65.73,HARDER
1,66.95,26.77,3,1,0,87.47,HARDER
1,63.93,43.08,3,1,0,53.59,SAME
5,26.46,232.09,20,2,0,79.73,SAME
2,42.48,47.59,7,1,0,82.37,HARDER
5,27.44,207.98,20,2,1,70.59,EASIER
5,31.73,134.18,20,2,2,79.4,EASIER
2,48.4,49.38,6,0,0,85.37,HARDER
4,29.55,170.76,17,2,1,58.06,EASIER
3,27.28,102.49,14,2,1,74.13,EASIER
1,66.82,42.8,3,1,0,75.28,HARDER
3,37.71,84.01,12,0,0,77.49,HARDER
4,25.0,133.23,19,4,0,34.02,SAME
5,33.22,170.61,22,4,2,67.06,EASIER
1,100.0,30.9,2,0,0,50.62,SAME
5,25.39,243.12,24,6,5,80.04,SAME
4,28.52,113.83,18,3,0,74.02,HARDER
5,34.07,192.57,20,2,1,60.8,EASIER
3,25.0,132.04,15,3,1,78.34,SAME
1,98.73,22.79,2,0,0,83.11,HARDER
2,48.08,64.44,6,0,0,74.71,HARDER
2,42.71,97.88,7,1,0,54.06,SAME
3,25.0,153.91,18,6,3,57.71,EASIER
4,31.6,130.85,17,2,1,79.17,EASIER
2,41.21,52.14,7,1,0,47.78,SAME
4,29.6,87.77,15,0,0,79.68,HARDER
1,49.84,41.96,4,2,1,76.58,SAME
5,26.76,266.07,23,5,3,52.35,EASIER
4,25.96,185.01,20,5,1,51.42,SAME
5,30.42,187.31,22,4,3,53.64,EASIER
2,37.16,102.08,9,3,2,32.64,EASIER
2,40.0,53.8,8,2,0,58.25,SAME
3,25.0,157.1,19,7,3,68.69,EASIER
3,31.8,44.35,12,0,0,71.53,HARDER
2,33.82,79.81,8,2,1,73.79,EASIER
3,27.41,134.57,13,1,1,37.9,EASIER
4,32.0,143.41,18,3,0,60.07,SAME
4,29.18,230.8,18,3,2,55.45,EASIER
2,44.64,41.29,7,1,0,86.04,HARDER
1,27.69,78.11,9,7,2,56.95,SAME
4,27.62,140.8,17,2,1,55.54,EASIER
4,25.0,250.0,22,7,5,36.45,EASIER
3,34.3,74.93,12,0,0,74.89,HARDER
2,51.1,61.67,6,0,0,75.16,HARDER
5,25.0,142.0,21,3,0,87.24,SAME
2,25.98,94.49,9,3,1,47.06,EASIER
2,26.18,77.26,11,5,1,52.56,SAME
4,25.0,250.0,22,7,6,29.17,EASIER
5,30.42,221.16,19,1,1,83.53,EASIER
4,25.0,250.0,21,6,6,26.21,EASIER
1,64.37,36.34,3,1,0,69.62,HARDER
2,42.75,65.3,7,1,0,55.62,SAME
5,41.25,162.95,20,2,0,58.57,SAME
5,26.21,129.73,19,1,0,94.49,SAME
2,29.68,83.58,10,4,1,49.2,SAME
3,25.0,178.22,16,4,2,51.91,EASIER
1,100.0,43.27,2,0,0,72.27,HARDER
5,25.55,300.0,23,5,4,45.99,EASIER
3,29.46,74.48,12,0,0,98.12,HARDER
1,100.0,22.13,2,0,0,97.78,HARDER
3,30.56,122.2,17,5,1,59.19,SAME
2,27.17,138.19,12,6,3,30.62,EASIER
1,63.84,29.95,3,1,0,76.09,HARDER
4,29.39,142.42,15,0,0,81.83,HARDER
3,25.0,188.49,18,6,1,50.35,EASIER
5,27.32,161.01,20,2,1,76.1,EASIER
5,25.0,268.52,21,3,3,60.44,EASIER
1,98.95,20.0,2,0,0,70.67,HARDER
3,25.0,135.52,16,4,1,48.0,SAME
3,25.0,170.29,16,4,2,67.23,EASIER
3,26.78,90.99,14,2,1,64.39,EASIER
1,96.68,20.0,2,0,0,93.6,HARDER
4,25.0,187.84,19,4,2,83.17,EASIER
5,25.0,246.32,25,7,4,76.09,EASIER
3,26.81,123.39,13,1,1,67.37,EASIER
4,28.42,90.67,17,2,1,93.89,EASIER
4,25.0,176.39,23,8,1,56.61,SAME
2,49.85,39.58,6,0,0,100.0,HARDER
4,31.81,131.43,18,3,0,73.49,HARDER
5,28.28,282.68,23,5,3,53.32,EASIER
2,48.35,75.23,7,1,0,64.6,SAME
1,100.0,20.0,2,0,0,80.92,HARDER
4,28.12,177.84,20,5,1,69.81,HARDER
1,100.0,20.0,2,0,0,99.74,HARDER
2,47.59,64.23,7,1,1,77.56,EASIER
4,25.61,183.69,17,2,0,49.48,SAME
2,30.93,96.95,9,3,3,43.03,EASIER
2,38.13,70.85,8,2,0,50.29,SAME
4,27.22,152.63,19,4,1,73.98,SAME
3,29.91,113.51,14,2,1,83.38,EASIER
3,26.59,122.23,18,6,1,77.67,HARDER
3,30.47,93.65,13,1,1,84.46,EASIER
2,28.33,109.83,12,6,1,44.23,SAME
2,54.45,57.63,6,0,0,97.9,HARDER
5,25.0,275.84,26,8,4,56.34,EASIER
3,25.0,133.36,15,3,1,48.34,EASIER
3,25.0,113.8,15,3,2,78.78,EASIER
2,33.93,79.62,8,2,0,67.03,HARDER
1,99.98,20.0,2,0,0,86.03,HARDER
4,28.21,195.46,19,4,2,51.44,EASIER
5,25.0,300.0,25,7,4,58.67,EASIER
1,100.0,36.59,2,0,0,70.85,HARDER
3,30.7,85.11,13,1,0,92.87,HARDER
3,28.98,82.43,12,0,0,100.0,HARDER
1,65.16,54.26,3,1,0,72.87,HARDER
1,97.27,27.39,2,0,0,54.48,SAME
2,51.64,82.41,6,0,0,66.57,HARDER
1,60.25,35.01,3,1,0,85.9,HARDER
1,100.0,35.87,2,0,0,100.0,HARDER
1,99.89,29.86,2,0,0,81.31,HARDER
1,49.98,35.27,4,2,1,65.19,SAME
2,50.31,43.94,6,0,0,64.66,SAME
4,29.97,126.9,16,1,0,66.38,HARDER
4,33.16,118.04,15,0,0,83.97,HARDER
3,29.29,94.47,12,0,0,65.6,HARDER
3,31.58,83.04,13,1,0,70.99,HARDER
2,48.6,49.0,6,0,0,74.54,HARDER
2,45.08,113.6,7,1,0,33.11,SAME
3,25.0,160.7,17,5,2,72.03,EASIER
4,30.89,150.16,17,2,1,68.43,EASIER
1,38.42,56.66,5,3,0,64.98,SAME
2,38.91,74.73,8,2,0,72.27,HARDER
5,25.0,234.06,22,4,1,74.8,SAME
1,64.42,40.41,3,1,0,76.37,HARDER
2,37.34,68.32,8,2,0,82.87,HARDER
3,25.95,121.58,15,3,1,83.56,SAME
2,44.16,73.61,8,2,0,60.8,HARDER
4,26.72,131.8,18,3,1,57.96,SAME
3,25.6,96.9,16,4,2,63.55,EASIER
4,31.43,106.83,16,1,0,82.14,HARDER
2,35.84,86.03,8,2,0,56.54,SAME
4,27.31,231.45,19,4,1,64.5,EASIER
4,25.17,136.25,16,1,0,76.52,HARDER
4,32.39,111.2,17,2,1,73.42,EASIER
4,30.61,107.26,16,1,0,61.28,SAME
1,51.14,61.08,4,2,0,36.62,SAME
1,61.36,36.52,3,1,0,58.47,SAME
1,99.46,22.43,2,0,0,76.39,HARDER
1,99.0,34.11,2,0,0,91.38,HARDER
4,28.54,122.8,16,1,0,87.43,HARDER
2,46.95,42.48,6,0,0,69.63,HARDER
4,37.69,121.47,15,0,0,68.61,HARDER
1,62.14,36.17,3,1,0,51.88,SAME
1,66.1,31.98,3,1,0,66.02,HARDER
4,26.99,149.59,18,3,1,67.22,SAME
3,29.06,136.87,16,4,1,62.0,SAME
4,31.37,147.41,17,2,0,75.42,HARDER
5,33.31,236.37,22,4,1,55.82,SAME
3,28.38,119.65,13,1,1,69.69,EASIER
2,38.6,37.42,7,1,0,64.34,SAME
3,27.85,109.7,15,3,1,76.5,SAME
5,31.38,186.17,20,2,2,73.07,EASIER
5,36.33,219.32,19,1,0,54.04,EASIER
3,31.43,93.27,13,1,0,78.32,HARDER
3,27.26,113.77,14,2,0,53.87,SAME
5,26.44,300.0,21,3,0,44.31,EASIER
5,25.0,300.0,26,8,5,39.51,EASIER
3,33.52,84.96,12,0,0,58.53,SAME
1,27.82,62.3,7,5,0,44.57,SAME
3,32.19,108.2,14,2,1,72.46,EASIER
5,25.0,171.56,24,6,3,92.89,EASIER
5,30.06,235.83,21,3,0,36.05,SAME
2,32.45,75.13,9,3,0,82.32,HARDER
3,30.58,85.03,12,0,0,79.3,HARDER
4,25.0,159.34,20,5,3,71.48,EASIER
3,30.76,100.08,13,1,0,87.55,HARDER
2,44.9,40.28,7,1,0,92.63,HARDER
4,30.08,151.66,16,1,0,63.21,SAME
2,46.42,73.28,6,0,0,51.26,SAME
3,25.0,210.0,19,7,5,52.37,EASIER
2,26.92,77.23,10,4,0,77.16,HARDER
4,27.14,185.74,20,5,3,72.88,EASIER
2,39.6,83.02,7,1,1,94.04,EASIER
4,31.56,121.95,16,1,1,87.55,EASIER
5,25.01,215.65,25,7,3,49.21,EASIER
3,32.39,88.45,13,1,0,95.27,HARDER
2,57.3,38.08,6,0,0,73.79,HARDER
2,55.96,43.01,6,0,0,73.14,HARDER
2,35.33,78.67,9,3,2,42.5,EASIER
1,66.22,47.21,3,1,0,65.26,HARDER
2,30.3,57.86,9,3,1,86.64,SAME
5,26.55,266.37,22,4,0,45.79,SAME
5,31.34,235.15,23,5,4,59.71,EASIER
1,98.85,25.76,2,0,0,68.7,HARDER
1,67.84,51.77,3,1,0,60.86,SAME
1,99.25,20.0,2,0,0,96.77,HARDER
2,47.3,48.79,6,0,0,89.77,HARDER
2,25.0,108.76,12,6,3,59.29,EASIER
5,25.0,235.88,26,8,4,82.79,EASIER
4,27.95,167.95,18,3,2,69.28,EASIER
3,25.0,173.98,16,4,3,69.92,EASIER
1,28.79,58.38,7,5,0,71.21,SAME
5,27.42,217.87,20,2,2,51.13,EASIER
2,40.86,57.34,7,1,0,53.05,SAME
2,38.16,87.55,9,3,1,53.66,SAME
5,35.42,229.08,21,3,1,77.93,SAME
3,25.0,181.45,16,4,3,29.96,EASIER
4,29.9,151.58,18,3,1,83.16,SAME
1,40.33,57.77,5,3,2,61.62,SAME
4,30.7,106.91,16,1,0,84.19,HARDER
3,31.05,87.15,13,1,0,89.13,HARDER
4,25.0,166.25,19,4,3,75.32,EASIER
3,25.0,91.26,13,1,0,63.59,EASIER
1,51.91,57.03,4,2,0,43.6,SAME
2,46.04,38.51,6,0,0,77.33,HARDER
5,34.58,170.56,18,0,0,100.0,SAME
2,50.31,49.49,6,0,0,68.93,HARDER
1,54.02,34.24,4,2,1,51.41,SAME
2,35.83,62.37,8,2,1,87.21,EASIER
1,47.71,49.95,4,2,1,60.46,SAME
3,25.0,157.2,17,5,1,51.98,SAME
1,100.0,20.0,2,0,0,90.9,HARDER
1,98.01,21.73,2,0,0,100.0,HARDER
3,25.0,210.0,22,10,7,37.61,EASIER
2,41.28,82.22,7,1,0,53.01,SAME
1,25.0,100.54,7,5,3,43.63,SAME
5,27.04,264.63,24,6,3,62.83,EASIER
4,25.95,182.11,19,4,3,57.4,EASIER
2,47.9,61.94,6,0,0,68.03,HARDER
2,39.94,64.32,7,1,1,66.24,EASIER
2,51.71,70.46,6,0,0,62.47,SAME
4,25.0,149.67,19,4,2,79.52,EASIER
5,30.14,300.0,25,7,2,28.96,EASIER
5,25.0,270.44,26,8,4,30.27,EASIER
1,100.0,20.0,2,0,0,66.41,HARDER
5,27.04,208.43,24,6,3,52.37,EASIER
3,30.53,105.91,14,2,0,67.09,HARDER
3,25.0,194.86,18,6,3,37.86,EASIER
3,26.61,150.84,15,3,2,55.94,EASIER
3,25.0,138.64,16,4,0,39.27,SAME
5,32.13,207.03,18,0,0,74.73,SAME
1,100.0,20.54,2,0,0,88.56,HARDER
4,30.31,143.65,17,2,1,78.38,EASIER
2,41.29,60.47,7,1,0,72.54,HARDER
5,25.0,300.0,26,8,6,43.97,EASIER
3,25.44,137.93,15,3,1,60.0,SAME
5,25.0,208.57,24,6,3,58.83,EASIER
1,95.86,32.32,2,0,0,82.69,HARDER
3,29.42,89.48,13,1,1,87.05,EASIER
2,35.18,60.43,8,2,0,52.21,SAME
3,29.52,114.77,14,2,1,69.54,EASIER
2,37.27,64.48,8,2,0,84.01,HARDER
2,40.22,70.64,8,2,0,74.01,HARDER
4,33.36,93.77,15,0,0,80.56,HARDER
2,38.18,69.1,8,2,1,70.34,EASIER
1,97.83,20.42,2,0,0,90.13,HARDER
4,25.45,172.64,19,4,2,75.19,EASIER
1,97.21,20.61,2,0,0,90.54,HARDER
3,29.47,110.04,13,1,1,68.58,EASIER
3,29.5,177.43,16,4,1,25.84,EASIER
4,27.28,124.39,17,2,1,90.31,EASIER
1,28.59,66.26,7,5,0,48.86,SAME
4,31.45,102.66,17,2,0,98.12,HARDER
5,29.24,189.4,21,3,2,60.79,EASIER
4,27.71,170.25,19,4,3,59.35,EASIER
5,31.64,183.53,23,5,1,63.02,SAME
2,52.25,51.5,6,0,0,92.63,HARDER
4,27.6,156.07,17,2,2,53.1,EASIER
2,51.0,91.48,7,1,1,100.0,EASIER
1,99.13,23.54,2,0,0,63.48,SAME
1,97.57,24.9,2,0,0,71.33,HARDER
3,26.66,163.07,16,4,2,69.23,EASIER
5,30.98,247.51,22,4,3,58.17,EASIER
1,97.5,39.26,2,0,0,57.55,SAME
4,31.3,99.48,17,2,0,72.5,HARDER
4,32.06,140.99,17,2,1,72.58,EASIER
5,25.0,169.04,21,3,0,56.81,SAME
1,40.3,36.43,5,3,1,71.09,SAME
1,100.0,35.85,2,0,0,85.28,HARDER
3,25.0,167.46,18,6,3,34.7,EASIER
4,25.0,149.39,22,7,2,56.88,SAME
3,28.14,92.42,14,2,1,77.15,EASIER
2,46.61,53.48,6,0,0,78.22,HARDER
2,44.53,88.87,7,1,1,73.59,EASIER
3,25.35,146.38,15,3,2,38.29,EASIER
2,49.19,46.45,7,1,0,85.69,HARDER
5,25.0,251.71,22,4,1,62.46,EASIER
1,95.75,32.25,2,0,0,87.4,HARDER
5,34.55,191.5,21,3,2,75.04,EASIER
5,30.95,221.47,23,5,3,53.27,HARDER
2,41.42,74.31,7,1,0,55.19,SAME
2,36.08,109.68,8,2,1,52.64,EASIER
5,26.57,226.73,25,7,3,82.81,EASIER
3,25.65,202.63,17,5,5,79.23,EASIER
3,33.11,112.44,14,2,1,70.73,EASIER
4,36.02,148.69,18,3,2,71.94,EASIER
5,29.93,209.79,21,3,3,71.06,EASIER
4,26.87,153.46,18,3,2,44.98,EASIER
5,25.0,241.15,25,7,3,52.15,EASIER
1,100.0,20.0,2,0,0,84.57,HARDER
3,26.71,115.71,15,3,1,79.07,SAME
4,28.4,120.7,18,3,0,95.19,HARDER
4,31.29,110.78,16,1,0,74.35,HARDER
5,26.54,245.62,24,6,2,54.6,EASIER
5,30.34,152.8,21,3,1,72.02,SAME
1,99.51,36.8,2,0,0,80.57,HARDER
5,25.0,300.0,28,10,7,42.6,EASIER
5,27.91,300.0,23,5,5,39.81,EASIER
3,25.0,149.71,17,5,2,33.98,EASIER
1,100.0,27.58,2,0,0,74.0,HARDER
3,34.44,78.79,12,0,0,89.39,HARDER
3,25.0,126.22,13,1,0,54.13,SAME
1,61.76,30.45,3,1,1,67.76,SAME
2,34.65,69.95,9,3,1,68.57,SAME
5,25.0,252.5,25,7,4,79.63,EASIER
4,25.0,250.0,23,8,2,44.43,EASIER
1,100.0,33.51,2,0,0,75.65,HARDER
4,26.39,200.66,19,4,1,65.43,SAME
1,98.21,20.0,2,0,0,66.33,HARDER
5,35.64,168.62,21,3,2,67.72,EASIER
2,44.62,58.61,7,1,0,80.53,HARDER
5,32.28,170.02,20,2,0,88.99,SAME
5,26.49,300.0,23,5,4,37.15,EASIER
1,64.63,39.88,3,1,1,50.75,SAME
3,25.0,154.68,16,4,2,65.49,EASIER
4,28.02,157.07,18,3,2,53.19,EASIER
4,29.74,116.92,16,1,0,100.0,HARDER
5,25.0,284.25,24,6,4,62.82,EASIER
4,44.15,123.88,15,0,0,91.09,HARDER
2,51.4,30.0,6,0,0,74.19,HARDER
1,99.87,35.45,2,0,0,91.34,HARDER
1,63.48,34.71,3,1,0,67.07,HARDER
1,94.66,20.0,2,0,0,100.0,HARDER
5,30.48,215.84,20,2,1,59.78,EASIER
3,25.0,128.62,18,6,4,68.24,EASIER
5,32.87,127.07,19,1,1,88.22,EASIER
2,40.05,61.87,7,1,0,67.67,HARDER
2,32.93,71.99,8,2,2,70.93,EASIER
3,29.39,200.17,17,5,1,49.13,EASIER
2,42.88,47.65,7,1,0,91.88,HARDER
1,36.1,80.13,6,4,1,43.59,SAME
1,100.0,32.85,2,0,0,90.21,HARDER
4,33.04,95.11,16,1,0,81.22,HARDER
5,28.89,172.21,19,1,0,70.16,SAME
1,96.3,40.52,2,0,0,73.6,HARDER
4,26.04,191.33,20,5,3,64.32,EASIER
2,34.75,84.75,9,3,0,71.91,HARDER
2,46.24,64.19,7,1,1,76.47,EASIER
1,64.47,40.17,3,1,0,50.27,SAME
2,49.42,55.11,6,0,0,81.49,HARDER
2,48.57,30.0,6,0,0,82.14,HARDER
5,25.0,169.95,22,4,1,89.32,SAME
4,37.53,103.11,15,0,0,70.66,HARDER
2,45.94,52.57,7,1,0,63.97,SAME
1,68.64,61.4,3,1,1,75.99,SAME
3,35.66,84.15,12,0,0,80.38,HARDER
5,30.0,198.25,21,3,1,34.3,EASIER
2,36.52,38.41,7,1,1,75.16,EASIER
5,31.59,170.03,18,0,0,74.43,SAME
1,99.37,26.14,2,0,0,79.9,HARDER
1,68.03,27.63,3,1,0,79.72,HARDER
2,38.05,92.25,8,2,1,67.18,SAME
1,98.96,27.1,2,0,0,91.44,HARDER
5,29.52,231.88,25,7,4,25.0,EASIER
4,27.48,184.19,17,2,2,78.72,EASIER
2,39.31,58.14,7,1,0,100.0,HARDER
5,26.9,192.8,23,5,3,66.74,EASIER
3,30.39,134.81,13,1,1,68.91,EASIER
4,25.0,250.0,20,5,4,58.49,EASIER
1,65.49,39.63,3,1,0,60.05,SAME
4,31.29,91.65,15,0,0,74.77,HARDER
2,33.81,131.84,10,4,3,46.93,EASIER
5,28.04,233.4,21,3,3,49.53,EASIER
4,25.31,209.75,20,5,3,42.46,EASIER
2,36.47,83.75,9,3,1,83.9,SAME
1,64.08,42.94,3,1,0,79.19,HARDER
1,64.23,45.55,3,1,0,85.42,HARDER
1,51.49,38.5,4,2,0,71.14,HARDER
5,32.88,192.59,21,3,2,68.72,EASIER
4,25.0,190.91,20,5,3,53.31,EASIER
3,37.36,135.88,12,0,0,51.93,SAME
2,44.89,43.91,7,1,0,69.87,HARDER
4,30.23,151.47,18,3,1,67.88,SAME
3,25.0,116.23,18,6,2,87.06,SAME
2,25.0,121.17,11,5,3,73.16,EASIER
5,29.69,232.23,21,3,3,60.33,EASIER
1,96.42,31.53,2,0,0,100.0,HARDER
2,38.12,60.66,8,2,0,66.28,HARDER
3,25.0,139.67,16,4,1,57.66,SAME
2,54.79,69.52,6,0,0,71.64,HARDER
1,42.43,46.39,5,3,0,46.49,SAME
5,25.0,300.0,23,5,3,52.36,EASIER
4,26.66,250.0,23,8,3,51.0,EASIER
1,100.0,20.0,2,0,0,65.62,HARDER
3,25.0,164.75,18,6,1,56.62,SAME
3,33.25,106.83,12,0,0,83.45,HARDER
5,25.0,293.55,23,5,4,37.25,EASIER
4,36.94,108.44,15,0,0,70.31,HARDER
3,27.51,87.66,14,2,1,75.31,EASIER
5,25.0,211.75,24,6,2,61.01,EASIER
3,31.72,169.0,16,4,2,65.92,EASIER
4,28.56,152.66,17,2,1,60.01,EASIER
5,31.19,180.57,20,2,0,67.66,SAME
4,25.0,169.41,19,4,1,57.8,SAME
5,25.0,300.0,24,6,3,50.93,EASIER
2,42.51,84.91,7,1,0,70.83,HARDER
3,25.0,118.22,16,4,1,69.27,SAME
5,31.36,165.84,20,2,0,68.81,SAME
2,39.85,101.8,8,2,1,40.43,EASIER
3,28.2,153.51,15,3,0,88.62,SAME
4,25.0,250.0,22,7,5,44.87,EASIER
1,38.11,50.39,5,3,0,53.79,SAME
2,41.34,74.7,7,1,0,53.98,SAME
4,25.0,215.33,19,4,2,40.92,EASIER
5,31.17,175.17,22,4,3,71.84,EASIER
5,29.15,163.74,21,3,1,61.0,EASIER
5,28.67,264.49,23,5,3,51.21,EASIER
2,33.9,101.16,9,3,2,63.8,EASIER
3,32.72,101.49,13,1,0,79.8,HARDER
3,32.22,117.81,14,2,1,80.58,EASIER
5,25.73,231.25,24,6,2,57.99,EASIER
3,36.09,66.7,12,0,0,100.0,HARDER
5,25.0,248.86,23,5,3,72.26,EASIER
4,26.63,140.15,18,3,0,65.51,HARDER
5,25.0,300.0,27,9,6,37.38,EASIER
5,25.79,205.63,22,4,3,68.48,EASIER
2,52.16,48.98,6,0,0,96.29,HARDER
3,32.15,90.21,14,2,0,82.99,HARDER
3,26.37,116.63,14,2,1,71.41,EASIER
3,25.04,148.02,17,5,0,57.28,SAME
2,31.6,72.01,9,3,0,47.36,SAME
5,25.0,199.33,23,5,2,71.09,EASIER
4,25.91,108.8,17,2,1,74.5,EASIER
1,67.81,27.03,3,1,0,90.69,HARDER
5,26.08,218.47,23,5,1,79.6,SAME
5,35.22,158.52,21,3,0,79.43,SAME
5,25.0,300.0,24,6,2,44.63,EASIER
1,53.72,58.12,4,2,0,58.83,SAME
4,25.59,188.69,19,4,2,61.29,EASIER
2,31.39,100.1,10,4,0,65.74,HARDER
1,100.0,32.93,2,0,0,81.02,HARDER
2,41.92,86.26,7,1,1,62.18,EASIER
3,30.51,124.05,14,2,1,79.5,EASIER
2,41.67,49.86,7,1,0,100.0,HARDER
4,30.74,144.02,18,3,1,67.83,SAME
5,25.0,300.0,23,5,4,58.24,EASIER
4,27.96,204.12,20,5,4,64.0,EASIER
2,44.01,54.1,7,1,0,90.03,HARDER
3,27.49,115.67,15,3,1,60.37,SAME
2,41.84,57.42,8,2,1,64.26,EASIER
1,94.46,36.11,2,0,0,79.87,HARDER
2,46.77,61.23,7,1,0,56.01,SAME
2,38.21,56.3,9,3,0,62.99,SAME
1,100.0,43.93,2,0,0,67.03,HARDER
3,29.51,90.35,13,1,0,64.21,SAME
3,28.29,174.15,14,2,2,41.09,EASIER
1,53.65,46.88,4,2,0,48.35,SAME
1,69.62,26.96,3,1,0,90.56,HARDER
4,31.75,78.77,15,0,0,74.79,HARDER
4,25.33,167.61,19,4,3,67.92,EASIER
1,100.0,22.58,2,0,0,84.1,HARDER
1,100.0,20.0,2,0,0,61.61,SAME
3,25.79,139.0,15,3,1,69.04,SAME
1,27.9,61.13,7,5,0,56.89,SAME
1,66.81,37.2,3,1,0,72.56,HARDER
1,98.35,21.94,2,0,0,93.55,HARDER
4,25.0,242.4,24,9,6,55.98,EASIER
2,30.05,73.45,9,3,1,69.52,SAME
2,34.5,66.15,8,2,0,78.53,HARDER
3,29.25,128.64,12,0,0,60.44,SAME
3,25.0,140.91,15,3,1,61.3,SAME
2,44.96,71.4,6,0,0,100.0,HARDER
2,47.44,67.73,7,1,1,67.66,EASIER
1,31.13,92.96,8,6,2,37.01,SAME
1,96.18,40.6,2,0,0,94.04,HARDER
2,34.64,94.88,8,2,1,37.2,EASIER
5,29.12,230.04,21,3,1,55.4,EASIER
2,51.69,65.6,6,0,0,67.82,HARDER
5,25.0,224.24,22,4,3,47.8,EASIER
1,98.64,20.67,2,0,0,100.0,HARDER
1,97.73,29.79,2,0,0,85.46,HARDER
4,31.67,108.11,15,0,0,70.89,HARDER
5,25.0,167.05,21,3,1,39.54,EASIER
3,25.31,131.0,15,3,2,61.61,EASIER
1,69.94,31.04,3,1,0,71.44,HARDER
5,29.53,201.42,19,1,1,59.34,EASIER
2,49.3,80.77,7,1,0,67.02,HARDER
4,28.93,123.45,17,2,0,79.33,HARDER
2,25.0,88.97,10,4,1,57.06,SAME
5,25.0,153.72,20,2,1,71.18,EASIER
2,49.16,48.38,6,0,0,82.99,HARDER
3,26.88,89.45,13,1,0,54.48,SAME
5,35.27,117.31,18,0,0,91.69,SAME
5,30.36,208.77,19,1,1,52.4,EASIER
3,28.73,113.53,12,0,0,61.29,SAME
3,33.8,101.88,14,2,0,47.29,SAME
1,99.0,39.86,2,0,0,73.18,HARDER
3,27.04,113.98,16,4,3,48.04,EASIER
2,49.32,57.41,6,0,0,73.08,HARDER
5,25.0,255.03,26,8,4,60.4,EASIER
2,41.7,67.18,8,2,0,70.4,HARDER
5,25.0,296.3,25,7,3,64.71,EASIER
2,55.36,30.18,6,0,0,100.0,HARDER
5,29.83,165.26,22,4,3,48.45,EASIER
2,28.54,136.88,10,4,4,55.06,EASIER
4,29.75,99.0,17,2,0,74.43,HARDER
1,50.65,59.83,4,2,1,74.68,SAME
4,28.09,170.83,18,3,2,52.24,EASIER
4,32.7,194.04,16,1,0,63.68,SAME
2,45.32,41.63,6,0,0,88.97,HARDER
1,99.22,20.0,2,0,0,71.77,HARDER
3,29.91,137.56,13,1,0,68.3,HARDER
1,97.0,20.0,2,0,0,68.03,HARDER
1,70.16,51.76,3,1,0,52.53,SAME
5,25.0,280.69,25,7,1,38.54,EASIER
2,46.57,71.67,7,1,0,74.89,HARDER
2,47.89,35.29,6,0,0,73.44,HARDER
4,27.23,196.54,20,5,2,38.1,EASIER
4,25.0,207.53,21,6,4,48.25,EASIER
2,34.32,82.1,9,3,2,65.5,EASIER
2,38.94,69.53,7,1,1,82.82,EASIER
1,61.73,40.87,3,1,1,59.07,SAME
3,28.98,49.61,12,0,0,100.0,HARDER
2,39.77,48.92,7,1,0,87.86,HARDER
1,72.46,36.55,3,1,0,95.68,HARDER
5,25.0,255.16,26,8,3,47.82,EASIER
1,100.0,24.91,2,0,0,97.46,HARDER
4,36.3,208.64,17,2,1,54.92,EASIER
3,30.57,168.26,13,1,1,46.15,EASIER
3,27.41,162.01,14,2,1,58.21,EASIER
4,25.0,250.0,23,8,5,30.62,EASIER
1,63.72,30.94,3,1,0,75.6,HARDER
5,31.76,250.78,20,2,0,54.26,EASIER
2,32.23,82.84,8,2,0,79.41,HARDER
2,40.11,77.99,8,2,1,87.14,EASIER
3,25.0,145.51,17,5,3,53.13,EASIER
2,55.38,68.22,6,0,0,100.0,HARDER
1,66.65,34.25,3,1,0,93.18,HARDER
3,25.0,134.7,15,3,0,64.1,SAME
1,29.09,65.18,8,6,1,52.29,SAME
3,40.16,73.44,12,0,0,77.81,HARDER
4,25.0,250.0,19,4,4,62.55,EASIER
1,99.0,20.0,2,0,0,93.04,HARDER
3,25.0,109.08,14,2,1,93.25,EASIER
3,32.82,138.95,12,0,0,44.38,SAME
4,32.17,182.12,17,2,0,82.27,SAME
5,27.07,258.52,22,4,4,48.23,EASIER
5,27.71,165.34,22,4,1,76.51,SAME
3,25.0,187.88,23,11,2,52.27,EASIER
4,25.83,142.23,18,3,0,79.78,HARDER
4,27.6,183.52,16,1,0,56.34,SAME
3,26.55,115.2,16,4,2,60.56,EASIER
1,37.31,55.28,5,3,0,39.37,SAME
5,31.94,136.59,21,3,1,81.98,SAME
5,33.63,197.57,20,2,1,80.65,EASIER
5,27.0,282.26,23,5,3,61.89,EASIER
3,25.0,115.85,15,3,2,90.23,EASIER
2,46.88,69.47,7,1,0,63.4,SAME
2,39.88,54.09,8,2,0,66.4,HARDER
5,25.0,233.4,22,4,2,77.0,EASIER
3,32.49,94.85,13,1,0,71.82,HARDER
3,33.66,88.14,12,0,0,73.16,HARDER
5,28.56,179.62,21,3,1,80.8,SAME
2,39.46,73.07,8,2,0,71.88,HARDER
1,100.0,35.76,2,0,0,81.76,HARDER
2,53.53,55.68,6,0,0,85.92,HARDER
4,27.75,205.18,19,4,4,59.09,EASIER
3,25.0,163.72,16,4,2,48.61,EASIER
5,26.88,202.72,22,4,1,78.29,SAME
2,38.63,69.98,8,2,0,73.48,HARDER
5,35.54,221.67,22,4,1,56.38,SAME
2,34.02,68.78,8,2,0,75.82,HARDER
4,34.08,126.14,16,1,0,85.3,SAME
4,28.8,146.38,17,2,0,58.54,SAME
2,43.25,78.65,7,1,1,70.4,EASIER
3,29.96,96.48,12,0,0,100.0,HARDER
2,25.0,96.22,11,5,0,48.22,SAME
5,30.36,300.0,24,6,5,45.31,EASIER
5,25.0,157.22,21,3,0,88.82,SAME
4,25.0,155.75,20,5,2,59.32,EASIER
4,25.0,206.27,19,4,4,61.66,EASIER
3,25.0,184.46,18,6,2,64.93,EASIER
5,26.98,202.52,22,4,1,56.23,SAME
4,27.28,197.76,18,3,3,67.33,EASIER
1,41.12,67.02,5,3,2,56.09,SAME
5,25.0,300.0,24,6,6,33.82,EASIER
5,30.53,153.09,20,2,0,56.92,SAME
4,33.14,152.71,17,2,1,74.08,EASIER
3,34.65,89.49,12,0,0,91.79,HARDER
1,100.0,27.61,2,0,0,66.78,HARDER
4,26.18,148.56,18,3,1,69.71,SAME
2,40.36,74.13,7,1,0,80.58,HARDER
3,32.51,83.67,12,0,0,61.78,SAME
1,100.0,36.1,2,0,0,96.33,HARDER
3,27.81,107.45,14,2,1,80.0,EASIER
2,32.95,129.1,9,3,1,38.4,EASIER
1,65.58,33.99,3,1,0,77.76,HARDER
5,34.92,185.8,21,3,0,67.77,SAME
2,56.87,76.71,6,0,0,100.0,HARDER
1,42.42,44.48,5,3,1,57.67,SAME
3,30.66,127.19,13,1,1,70.91,EASIER
5,29.32,163.18,21,3,0,77.84,SAME
2,35.2,115.34,9,3,1,43.94,EASIER
4,30.07,157.29,17,2,0,70.0,HARDER
4,25.4,174.84,19,4,2,69.88,EASIER
5,36.61,146.94,18,0,0,82.47,SAME
1,67.91,22.8,3,1,0,65.06,HARDER
1,42.08,62.96,5,3,2,52.67,SAME
5,25.0,294.96,25,7,4,42.03,EASIER
1,70.36,26.77,3,1,0,75.66,HARDER
5,28.09,230.64,21,3,2,59.9,EASIER
3,25.0,148.19,16,4,3,56.55,EASIER
4,25.0,133.08,21,6,2,78.5,SAME
2,37.41,52.83,8,2,1,77.76,EASIER
4,28.69,179.26,19,4,1,66.53,SAME
4,28.05,137.62,20,5,3,75.5,EASIER
5,33.85,138.21,18,0,0,64.0,SAME
1,42.65,46.98,5,3,1,48.95,SAME
1,100.0,21.08,2,0,0,78.35,HARDER
4,30.51,124.22,15,0,0,90.4,HARDER
3,25.0,101.25,16,4,2,69.33,EASIER
4,28.58,128.57,15,0,0,89.72,HARDER
3,32.12,57.96,12,0,0,78.07,HARDER
5,25.0,249.82,23,5,4,77.89,EASIER
5,25.43,180.72,22,4,1,71.59,SAME
2,35.64,85.67,8,2,1,78.23,EASIER
4,32.22,151.54,17,2,1,67.17,EASIER
3,32.46,72.55,12,0,0,100.0,HARDER
5,34.01,146.79,18,0,0,100.0,SAME
1,100.0,32.58,2,0,0,76.78,HARDER
1,97.43,25.22,2,0,0,85.88,HARDER
2,30.86,102.25,10,4,2,60.97,EASIER
5,28.34,212.92,21,3,0,60.72,SAME
3,25.5,112.11,14,2,0,91.84,HARDER
4,25.0,250.0,24,9,4,39.33,EASIER
2,47.84,43.7,6,0,0,78.48,HARDER
4,25.0,181.24,20,5,2,62.83,EASIER
4,25.0,206.66,19,4,3,67.16,EASIER
1,55.47,36.04,4,2,1,87.61,SAME
4,28.49,190.37,17,2,1,66.5,EASIER
1,37.76,48.34,6,4,1,67.47,SAME
1,95.24,34.97,2,0,0,79.26,HARDER
4,25.0,199.68,20,5,2,57.18,EASIER
1,44.43,55.42,5,3,0,53.47,SAME
5,33.18,156.72,18,0,0,76.38,SAME
4,30.22,111.49,17,2,2,74.37,EASIER
4,32.03,104.42,16,1,0,93.58,SAME
4,26.94,165.53,19,4,1,88.47,SAME
1,96.73,38.97,2,0,0,82.82,HARDER
4,30.0,210.11,16,1,1,56.12,EASIER
4,25.0,250.0,22,7,3,26.19,EASIER
1,100.0,34.23,2,0,0,96.56,HARDER
4,27.4,240.81,21,6,3,53.63,EASIER
3,29.53,112.0,14,2,1,90.51,EASIER
2,53.04,42.64,6,0,0,94.77,HARDER
5,31.86,178.06,21,3,1,77.5,SAME
5,31.68,194.34,22,4,3,78.74,EASIER
5,32.26,174.09,20,2,2,79.36,EASIER
1,100.0,20.0,2,0,0,68.3,EASIER
3,35.68,116.07,13,1,1,76.2,EASIER
4,25.0,235.33,18,3,2,39.56,EASIER
1,99.95,20.0,2,0,0,96.15,HARDER
4,25.15,250.0,23,8,6,41.1,EASIER
5,28.36,300.0,24,6,3,25.0,EASIER
2,44.28,67.07,8,2,0,78.66,HARDER
1,100.0,20.0,2,0,0,66.16,HARDER
1,99.11,41.03,2,0,0,91.1,HARDER
5,32.3,171.01,21,3,1,60.86,EASIER
5,28.0,186.07,22,4,2,55.32,EASIER
4,29.76,93.0,15,0,0,97.46,HARDER
2,50.69,56.97,6,0,0,80.34,HARDER
4,31.83,159.85,16,1,1,77.26,EASIER
1,96.97,22.44,2,0,0,94.09,HARDER
1,66.56,42.92,3,1,0,62.62,SAME
3,26.89,95.48,14,2,1,76.51,EASIER
1,100.0,22.81,2,0,0,69.17,HARDER
4,28.56,216.9,19,4,2,51.82,EASIER
4,37.21,226.19,17,2,0,52.44,EASIER
2,47.93,45.19,6,0,0,70.5,HARDER
4,26.9,197.31,19,4,3,67.87,EASIER
4,30.33,156.23,19,4,2,65.68,EASIER
3,25.37,186.2,18,6,2,38.05,EASIER
1,67.38,35.52,3,1,0,66.23,HARDER
1,65.72,42.45,3,1,1,66.24,SAME
1,66.26,40.51,3,1,0,64.5,SAME
2,25.0,116.35,14,8,2,63.92,SAME
2,41.16,62.83,8,2,1,78.39,EASIER
1,100.0,28.92,2,0,0,96.73,HARDER
2,49.18,71.01,6,0,0,84.86,HARDER
3,26.12,110.85,15,3,0,63.05,SAME
3,36.54,85.57,13,1,0,72.1,HARDER
4,33.68,143.84,16,1,1,71.6,EASIER
1,67.25,57.61,3,1,0,69.26,HARDER
4,28.34,104.81,17,2,1,78.22,EASIER
3,34.49,147.63,13,1,0,55.75,SAME
1,100.0,20.0,2,0,0,77.05,HARDER
1,100.0,30.04,2,0,0,71.55,HARDER
3,25.0,174.67,17,5,4,53.5,EASIER
4,25.0,236.11,23,8,6,45.05,EASIER
1,42.1,57.57,5,3,0,58.13,SAME
4,28.66,138.15,16,1,0,53.96,SAME
3,27.44,142.41,14,2,2,59.13,EASIER
4,32.43,173.75,18,3,0,58.27,SAME
5,31.19,144.91,20,2,0,72.7,SAME
2,50.69,62.12,6,0,0,73.75,HARDER
3,25.0,95.27,15,3,0,99.48,HARDER
1,50.83,63.9,4,2,2,73.51,SAME
4,25.93,227.04,18,3,2,63.39,EASIER
1,100.0,45.35,2,0,0,58.27,SAME
3,27.65,69.46,14,2,1,79.44,EASIER
2,39.03,93.48,8,2,2,59.51,EASIER
4,25.0,204.31,20,5,1,55.51,SAME
4,29.01,197.91,19,4,2,49.08,EASIER
2,39.39,81.53,8,2,0,51.3,SAME
4,30.08,190.85,19,4,3,50.1,EASIER
3,33.61,68.82,13,1,0,82.18,HARDER
3,33.68,74.14,12,0,0,93.5,HARDER
4,32.29,163.96,17,2,2,80.02,EASIER
1,67.55,57.18,3,1,0,54.66,SAME
4,32.24,180.3,19,4,0,68.45,SAME
2,32.37,114.82,8,2,2,50.27,EASIER
1,100.0,29.1,2,0,0,81.24,HARDER
3,29.6,99.15,13,1,0,67.03,HARDER
4,26.37,158.65,18,3,3,84.99,EASIER
3,25.0,161.12,18,6,2,62.7,SAME
4,25.0,144.16,18,3,1,62.31,SAME
3,32.49,134.5,13,1,1,65.95,EASIER
5,25.0,257.61,24,6,0,63.55,EASIER
3,25.0,210.0,21,9,5,52.54,EASIER
5,27.48,187.94,22,4,2,52.97,EASIER
3,25.33,174.23,16,4,2,63.65,EASIER
5,25.0,300.0,25,7,4,61.63,EASIER
3,27.05,109.68,13,1,1,56.97,EASIER
2,37.87,69.24,7,1,0,73.05,EASIER
4,25.42,200.64,18,3,1,39.13,EASIER
5,26.63,209.72,23,5,2,65.17,EASIER
3,27.67,93.68,14,2,0,70.04,HARDER
5,26.9,174.92,21,3,0,66.38,SAME
5,27.03,136.22,20,2,0,77.15,SAME
3,30.47,141.61,16,4,2,44.84,EASIER
2,25.71,129.55,13,7,2,43.93,SAME
5,25.0,267.17,26,8,4,33.04,EASIER
5,25.95,235.01,23,5,2,55.96,EASIER
1,65.48,22.67,3,1,0,65.48,HARDER
5,31.9,204.34,20,2,1,65.32,EASIER
4,30.53,96.62,15,0,0,100.0,HARDER
3,32.05,88.75,13,1,1,75.54,EASIER
2,41.34,63.72,7,1,1,82.89,EASIER
2,45.38,64.31,7,1,1,82.01,EASIER
3,30.14,141.22,13,1,1,66.62,EASIER
4,28.41,181.64,19,4,1,59.09,SAME
3,27.55,123.29,15,3,0,53.99,SAME
3,35.03,113.52,13,1,1,73.69,EASIER
1,94.37,39.49,2,0,0,71.69,HARDER
3,33.61,83.76,12,0,0,83.53,HARDER
1,62.59,20.0,3,1,0,61.31,SAME
5,31.79,250.65,20,2,0,42.88,EASIER
4,26.33,184.38,20,5,0,69.17,SAME
5,25.0,270.39,23,5,4,40.8,EASIER
4,30.2,190.66,16,1,0,52.05,SAME
4,32.25,166.11,16,1,0,72.67,HARDER
4,25.43,163.42,16,1,0,59.39,SAME
4,26.33,186.31,21,6,5,46.88,EASIER
5,25.0,265.21,26,8,3,40.37,EASIER
1,66.66,43.33,3,1,0,82.35,HARDER
5,25.0,275.38,28,10,6,64.81,EASIER
1,100.0,34.96,2,0,0,93.49,HARDER
2,37.94,49.56,8,2,2,64.28,EASIER
1,25.86,92.94,7,5,2,42.75,SAME
2,42.18,44.19,7,1,0,100.0,HARDER
2,51.21,59.07,6,0,0,87.64,HARDER
1,32.49,54.76,8,6,2,46.91,SAME
5,28.18,192.42,21,3,2,61.12,HARDER
1,39.06,47.09,5,3,0,64.59,SAME
2,37.81,63.83,8,2,1,52.3,SAME
2,54.93,49.98,6,0,0,82.25,HARDER
1,40.26,60.6,5,3,1,46.46,SAME
2,47.86,42.24,6,0,0,86.1,HARDER
3,35.68,106.96,13,1,0,51.41,SAME
3,25.0,133.68,16,4,3,48.54,EASIER
3,25.0,129.26,16,4,1,64.87,SAME
4,33.42,129.1,17,2,1,71.52,EASIER
1,97.85,33.35,2,0,0,57.82,SAME
1,65.39,54.16,3,1,0,38.91,SAME
2,25.0,117.76,11,5,2,57.9,EASIER
3,25.0,135.64,16,4,2,63.38,EASIER
2,57.45,65.23,6,0,0,69.06,HARDER
1,41.2,42.63,5,3,1,86.22,SAME
3,32.02,75.14,12,0,0,81.02,HARDER
4,27.62,224.6,19,4,2,41.23,EASIER
2,55.58,54.22,6,0,0,54.46,SAME
3,25.27,82.36,14,2,2,89.34,EASIER
2,40.48,47.12,7,1,1,90.75,EASIER
3,36.99,111.04,13,1,0,60.28,SAME
3,35.46,102.75,12,0,0,76.22,HARDER
2,37.32,85.02,8,2,1,65.32,EASIER
5,25.0,230.85,24,6,2,64.13,EASIER
2,55.9,32.06,6,0,0,74.33,HARDER
1,97.83,34.91,2,0,0,88.14,HARDER
5,28.48,161.49,23,5,2,62.12,EASIER
4,25.35,151.77,17,2,0,48.8,SAME
5,33.92,170.89,19,1,0,65.64,SAME
2,34.34,64.41,8,2,1,81.11,EASIER
2,36.08,71.81,8,2,1,81.94,EASIER
4,31.39,141.84,16,1,0,69.31,HARDER
1,96.65,20.0,2,0,0,88.52,HARDER
2,39.16,54.5,7,1,0,72.25,HARDER
5,25.0,202.99,23,5,2,69.19,EASIER
2,53.73,39.97,6,0,0,80.7,HARDER
2,42.74,64.09,7,1,0,39.0,SAME
5,27.28,174.66,22,4,2,77.63,EASIER
4,34.4,173.06,16,1,0,66.28,HARDER
2,50.78,52.13,6,0,0,82.34,HARDER
3,30.34,143.12,13,1,1,47.96,EASIER
4,25.95,162.61,20,5,2,70.26,EASIER
5,30.25,153.58,21,3,0,65.99,SAME
2,41.17,57.14,7,1,0,76.73,HARDER
4,26.22,172.01,18,3,1,66.84,SAME
2,34.41,63.19,9,3,2,83.12,EASIER
5,28.5,300.0,21,3,3,25.0,EASIER
3,26.72,127.87,15,3,1,74.62,SAME
3,33.58,103.1,12,0,0,88.69,HARDER
1,53.65,40.44,4,2,1,51.64,SAME
1,66.82,50.37,3,1,0,71.96,HARDER
3,32.31,103.19,13,1,0,77.87,HARDER
1,98.34,28.58,2,0,0,91.66,HARDER
5,36.85,223.25,20,2,2,59.43,EASIER
4,30.43,141.66,16,1,0,72.49,HARDER
1,50.23,60.81,4,2,1,47.37,SAME
2,41.75,64.73,7,1,0,54.18,SAME
2,34.6,86.92,8,2,2,82.33,EASIER
5,26.26,152.71,21,3,2,76.55,EASIER
2,51.24,90.61,6,0,0,100.0,HARDER
3,26.73,153.02,18,6,5,64.64,EASIER
1,93.9,20.0,2,0,0,76.61,HARDER
2,27.01,96.32,10,4,2,63.24,EASIER
4,25.0,164.2,21,6,1,69.04,HARDER
4,25.0,205.99,20,5,4,77.29,EASIER
2,30.01,89.73,10,4,1,72.26,SAME
2,39.9,90.01,8,2,1,37.96,EASIER
2,44.71,55.18,6,0,0,83.95,HARDER
5,25.0,211.76,24,6,1,41.92,SAME
5,27.04,261.47,23,5,3,41.26,EASIER
2,45.15,67.52,6,0,0,73.07,HARDER
4,25.73,186.26,20,5,4,73.94,EASIER
2,30.71,98.53,10,4,2,41.24,EASIER
2,42.85,67.99,7,1,0,48.7,SAME
1,66.75,41.48,3,1,0,73.02,HARDER
5,27.81,121.04,19,1,1,79.86,EASIER
5,26.46,131.95,21,3,1,69.63,HARDER
2,38.65,111.99,8,2,0,41.97,SAME
1,100.0,29.39,2,0,0,91.48,HARDER
1,100.0,20.0,2,0,0,94.22,HARDER
5,25.0,272.29,29,11,2,39.78,EASIER
1,65.94,31.23,3,1,0,78.8,HARDER
1,52.8,38.5,4,2,0,56.26,SAME
1,65.96,23.46,3,1,0,94.79,HARDER
4,25.0,250.0,23,8,5,47.93,EASIER
5,31.83,157.54,18,0,0,80.17,SAME
2,25.0,143.56,13,7,3,51.62,EASIER
5,29.86,127.91,18,0,0,74.13,SAME
3,26.51,132.17,17,5,2,39.52,EASIER
2,45.86,49.26,6,0,0,79.31,HARDER
1,46.71,40.0,4,2,0,58.13,SAME
2,40.85,67.28,8,2,0,58.3,SAME
3,25.0,177.52,18,6,5,36.3,EASIER
1,36.04,48.86,5,3,2,53.53,SAME
5,27.74,188.47,21,3,2,80.53,EASIER
1,100.0,26.74,2,0,0,100.0,HARDER
4,36.52,143.39,17,2,1,78.68,EASIER
3,25.0,148.4,16,4,3,78.87,EASIER
1,64.92,34.65,3,1,0,70.49,HARDER
2,40.35,60.77,7,1,1,85.86,EASIER
1,52.63,69.92,4,2,1,40.35,SAME
2,30.84,86.34,10,4,1,50.81,SAME
4,28.66,128.84,16,1,1,52.97,EASIER
1,97.51,20.0,2,0,0,93.95,HARDER
1,65.54,20.0,3,1,0,79.07,HARDER
1,72.73,41.43,3,1,0,73.07,HARDER
5,25.21,227.04,22,4,2,62.44,EASIER
2,53.08,61.41,6,0,0,74.55,HARDER
3,31.38,177.96,13,1,1,53.49,EASIER
2,52.64,47.99,6,0,0,69.74,HARDER
2,48.89,73.08,6,0,0,84.86,HARDER
4,26.11,140.81,17,2,0,69.36,HARDER
5,28.58,174.26,19,1,0,83.62,SAME
3,35.13,80.69,14,2,0,70.48,HARDER
3,34.39,147.97,12,0,0,72.65,HARDER
5,36.11,148.62,19,1,1,70.29,EASIER
5,29.13,182.44,20,2,1,72.86,EASIER
1,93.35,20.0,2,0,0,98.24,HARDER
3,25.0,68.17,14,2,0,59.92,SAME
2,42.42,64.3,7,1,0,81.34,HARDER
4,29.71,144.69,18,3,1,52.77,EASIER
5,25.62,221.95,21,3,3,47.59,EASIER
3,27.0,117.75,14,2,1,64.82,EASIER
5,25.0,300.0,25,7,4,47.34,EASIER
5,25.0,256.78,22,4,2,71.35,EASIER
3,32.45,90.25,12,0,0,95.91,SAME
2,26.94,92.61,10,4,2,68.8,EASIER
1,67.07,51.39,3,1,0,76.15,HARDER
4,25.0,203.71,20,5,2,75.36,EASIER
2,52.01,56.45,6,0,0,82.07,HARDER
1,97.88,35.99,2,0,0,79.59,HARDER
2,49.02,31.85,6,0,0,86.31,HARDER
1,67.87,32.55,3,1,0,61.74,SAME
5,28.59,251.97,21,3,2,80.57,EASIER
4,35.38,127.98,16,1,0,81.02,HARDER
5,25.0,300.0,24,6,5,45.56,EASIER
4,28.1,135.97,18,3,2,99.9,EASIER
5,29.05,141.57,22,4,1,89.19,SAME
4,25.0,146.27,18,3,2,52.42,EASIER
1,32.29,57.22,7,5,1,47.08,SAME
4,29.96,183.8,20,5,1,88.65,SAME
4,25.0,207.87,20,5,0,47.11,EASIER
1,96.35,36.62,2,0,0,70.04,HARDER
4,29.69,155.03,17,2,1,69.73,EASIER
2,26.22,77.66,10,4,0,43.27,HARDER
1,100.0,22.19,2,0,0,100.0,HARDER
5,32.71,184.27,19,1,0,64.61,SAME
4,25.0,152.0,19,4,1,52.31,SAME
1,66.99,30.89,3,1,0,70.75,HARDER
2,29.49,107.39,10,4,1,25.0,EASIER
4,25.62,166.42,18,3,2,56.34,EASIER
2,31.1,91.75,9,3,1,44.02,EASIER
5,28.79,172.13,22,4,2,62.41,EASIER
1,99.66,20.0,2,0,0,91.37,HARDER
4,30.45,191.08,20,5,2,50.03,EASIER
1,65.78,41.87,3,1,0,56.65,SAME
1,50.32,39.27,4,2,0,67.77,HARDER
2,47.18,50.33,7,1,0,74.24,HARDER
2,51.0,39.54,6,0,0,100.0,HARDER
2,25.0,134.06,13,7,4,40.79,EASIER
4,25.0,233.23,21,6,5,39.69,EASIER
5,25.0,147.38,22,4,1,67.79,SAME
5,27.37,259.97,25,7,5,62.38,EASIER
3,25.0,173.8,16,4,1,59.27,EASIER
5,29.13,135.75,20,2,1,76.36,EASIER
2,50.79,37.76,6,0,0,100.0,HARDER
1,63.96,29.8,3,1,0,77.53,HARDER
5,29.94,256.28,22,4,2,41.92,SAME
5,25.39,226.12,19,1,1,56.15,EASIER
5,31.09,156.73,19,1,1,65.4,EASIER
4,32.48,117.07,16,1,0,93.73,HARDER
2,54.09,57.7,6,0,0,90.63,HARDER
3,33.32,87.03,13,1,0,82.14,HARDER
4,25.0,174.57,18,3,2,96.39,EASIER
5,31.74,166.72,20,2,1,70.34,EASIER
5,26.15,250.86,24,6,3,40.79,EASIER
4,31.3,188.97,17,2,1,77.22,EASIER
1,66.15,36.14,3,1,0,88.5,HARDER
2,50.49,39.79,6,0,0,73.26,HARDER
3,25.0,117.77,16,4,2,62.46,EASIER
2,41.62,58.17,7,1,0,62.15,SAME
5,28.06,154.0,19,1,1,75.22,EASIER
2,32.19,77.82,9,3,1,63.42,SAME
5,25.94,192.89,21,3,2,53.02,EASIER
4,34.06,100.67,15,0,0,80.36,HARDER
3,31.36,125.93,14,2,1,58.34,EASIER
3,38.02,90.28,12,0,0,93.8,HARDER
3,32.58,83.69,12,0,0,86.22,SAME
1,48.82,50.59,4,2,0,70.15,HARDER
1,51.57,45.44,4,2,1,75.97,SAME
5,26.76,196.98,22,4,2,39.58,EASIER
3,29.41,127.14,14,2,1,61.17,EASIER
3,33.36,117.03,13,1,0,81.31,HARDER
1,100.0,43.8,2,0,0,63.73,SAME
4,34.01,138.17,16,1,0,40.12,SAME
3,25.0,154.1,19,7,4,60.09,EASIER
4,32.39,110.45,15,0,0,89.43,HARDER
4,25.0,186.44,21,6,4,45.2,EASIER
3,25.82,160.79,17,5,2,49.72,EASIER
1,70.36,30.32,3,1,0,56.65,SAME
2,37.36,70.94,8,2,2,70.01,EASIER
2,31.08,75.79,9,3,2,80.91,EASIER
3,25.99,92.02,14,2,1,82.75,EASIER
4,29.48,182.72,19,4,0,44.98,SAME
3,25.0,120.57,17,5,2,86.59,SAME
3,33.59,79.58,13,1,0,78.43,HARDER
1,100.0,30.19,2,0,0,94.85,HARDER
5,32.9,189.3,20,2,1,63.45,EASIER
3,28.13,155.81,15,3,1,40.93,EASIER
3,25.0,141.15,17,5,2,68.07,EASIER
3,35.5,96.33,12,0,0,90.11,HARDER
1,52.3,24.02,4,2,0,67.91,HARDER
1,99.25,26.71,2,0,0,90.15,HARDER
4,32.02,121.26,17,2,1,81.32,EASIER
4,25.12,187.73,20,5,4,58.96,EASIER
5,27.11,185.27,24,6,3,59.33,HARDER
1,100.0,27.5,2,0,0,60.3,SAME
1,99.53,37.35,2,0,0,64.0,SAME
4,34.89,143.46,15,0,0,73.27,HARDER
4,32.53,90.85,17,2,1,69.85,EASIER
3,26.05,165.64,15,3,0,40.39,SAME
3,28.23,137.67,16,4,0,57.07,SAME
2,35.04,65.66,9,3,0,68.53,HARDER
5,31.84,120.62,19,1,0,62.16,SAME
1,54.2,44.81,4,2,0,58.32,SAME
5,30.03,171.6,20,2,2,68.48,EASIER
3,33.61,66.78,12,0,0,71.86,HARDER
1,100.0,20.0,2,0,0,61.29,SAME
1,55.91,33.03,4,2,0,63.19,SAME
3,26.07,81.33,14,2,0,82.71,HARDER
4,28.6,210.69,19,4,2,51.08,EASIER
4,26.89,131.6,16,1,1,77.4,EASIER
1,68.86,20.0,3,1,0,66.43,HARDER
1,66.08,28.8,3,1,0,67.12,HARDER
4,25.24,195.89,19,4,1,54.24,SAME
1,99.17,28.72,2,0,0,82.1,HARDER
4,25.0,202.53,20,5,3,42.05,EASIER
3,26.85,170.82,16,4,2,46.19,EASIER
2,35.15,85.72,8,2,0,69.08,HARDER
3,30.04,79.35,12,0,0,93.67,HARDER
1,38.35,50.8,5,3,0,67.27,HARDER
1,100.0,28.55,2,0,0,75.19,HARDER
3,25.0,135.17,15,3,1,54.22,EASIER
4,30.83,150.59,17,2,1,84.64,EASIER
2,50.89,51.22,6,0,0,62.48,SAME
1,97.67,21.01,2,0,0,51.2,SAME
1,66.97,29.21,3,1,0,64.27,SAME
2,34.16,99.91,9,3,2,66.79,EASIER
5,25.0,300.0,28,10,6,41.78,EASIER
3,33.0,47.54,12,0,0,100.0,HARDER
5,35.24,132.03,19,1,0,74.75,SAME
5,28.26,300.0,21,3,3,48.52,EASIER
2,46.07,46.2,7,1,0,70.52,HARDER
1,93.72,30.16,2,0,0,93.59,HARDER
2,48.48,80.22,6,0,0,71.03,HARDER
1,96.47,26.3,2,0,0,68.66,HARDER
2,36.22,68.79,8,2,0,72.49,HARDER
2,35.27,69.31,8,2,0,100.0,HARDER
1,64.78,41.37,3,1,1,73.63,SAME
1,98.0,20.35,2,0,0,71.5,HARDER
2,26.11,103.54,11,5,2,43.07,EASIER
5,28.58,149.73,23,5,3,73.28,EASIER
5,25.09,235.28,24,6,4,61.25,EASIER
5,28.67,236.92,19,1,1,57.48,EASIER
3,30.61,147.33,14,2,1,55.26,EASIER
5,26.17,180.0,22,4,2,84.61,EASIER
4,29.02,126.44,18,3,2,75.86,EASIER
2,25.21,95.63,11,5,1,81.42,HARDER
5,27.91,137.79,19,1,0,81.0,SAME
5,27.21,143.26,21,3,1,70.35,SAME
4,31.85,128.48,16,1,1,70.7,EASIER
2,39.24,110.77,8,2,0,45.23,SAME
4,25.0,137.64,18,3,2,76.2,EASIER
2,53.79,41.15,6,0,0,90.2,HARDER
2,50.32,46.31,6,0,0,86.91,HARDER
5,29.36,224.89,21,3,2,77.38,EASIER
4,29.64,161.29,18,3,1,62.09,SAME
3,28.97,110.98,16,4,1,65.72,SAME
2,42.37,86.45,7,1,0,45.32,SAME
3,25.75,142.18,14,2,2,52.07,EASIER
1,46.17,67.78,4,2,2,50.14,SAME
2,32.93,44.69,8,2,0,74.91,HARDER
3,27.38,117.8,13,1,0,31.55,SAME
2,38.6,107.9,8,2,1,44.66,EASIER
2,38.09,90.49,7,1,0,60.08,SAME
3,25.0,155.2,15,3,2,33.53,EASIER
1,48.93,37.68,4,2,0,74.73,HARDER
1,65.98,23.46,3,1,0,77.52,HARDER
3,25.0,178.21,17,5,4,59.58,EASIER
4,36.27,119.13,15,0,0,88.69,HARDER
3,28.18,100.35,12,0,0,97.94,HARDER
2,38.03,95.89,8,2,2,58.8,EASIER
2,51.06,76.26,6,0,0,72.64,HARDER
4,30.12,145.4,19,4,1,66.68,SAME
5,36.06,173.17,19,1,1,77.58,EASIER
5,28.01,229.63,22,4,2,55.63,EASIER
4,25.0,199.52,19,4,1,41.96,EASIER
4,35.47,99.29,16,1,0,100.0,HARDER
4,25.0,182.42,19,4,2,87.26,EASIER
2,51.3,60.86,6,0,0,78.45,HARDER
3,29.27,149.86,13,1,1,56.25,EASIER
4,25.0,197.1,19,4,3,43.56,EASIER
5,25.77,226.64,23,5,3,71.1,EASIER
4,28.59,118.9,16,1,0,77.2,HARDER
1,100.0,34.07,2,0,0,71.64,HARDER
5,25.0,167.58,22,4,2,62.34,EASIER
1,35.82,37.8,6,4,0,55.5,SAME
1,98.69,37.75,2,0,0,77.67,HARDER
5,25.0,300.0,26,8,6,47.0,EASIER
1,100.0,20.0,2,0,0,99.58,HARDER
2,26.35,104.87,11,5,2,53.59,EASIER
1,100.0,29.39,2,0,0,73.28,HARDER
3,25.0,194.26,18,6,4,40.61,EASIER
5,28.74,266.45,25,7,5,62.92,EASIER
4,32.23,180.03,17,2,0,74.02,SAME
3,28.77,61.8,13,1,1,89.8,EASIER
3,36.71,80.99,13,1,0,72.25,HARDER
5,26.39,300.0,29,11,7,38.58,EASIER
2,50.76,68.88,6,0,0,76.59,HARDER
2,48.5,56.06,6,0,0,100.0,HARDER
1,100.0,35.17,2,0,0,94.23,HARDER
2,48.74,30.0,6,0,0,83.76,HARDER
1,97.66,38.89,2,0,0,90.18,HARDER
3,29.92,86.9,13,1,0,86.8,HARDER
3,32.02,111.51,13,1,1,57.27,EASIER
3,30.66,104.39,12,0,0,61.84,SAME
2,37.65,45.28,8,2,0,61.19,SAME
2,32.65,110.5,9,3,2,42.24,EASIER
3,30.84,112.81,14,2,0,71.02,HARDER
2,38.62,83.12,8,2,0,74.61,HARDER
1,48.4,31.38,4,2,1,64.91,SAME
3,32.03,98.9,12,0,0,69.86,HARDER
3,26.66,99.64,14,2,0,96.38,HARDER
5,32.26,143.6,18,0,0,91.1,SAME
4,27.06,124.34,16,1,1,75.57,EASIER
1,98.44,28.31,2,0,0,78.08,HARDER
3,32.56,141.03,12,0,0,60.77,SAME
1,69.06,20.27,3,1,0,80.37,HARDER
1,50.28,40.8,4,2,0,46.55,SAME
4,26.94,148.68,19,4,0,74.39,HARDER
1,98.42,27.02,2,0,0,77.28,HARDER
5,33.3,146.12,19,1,0,93.22,SAME
5,32.0,270.01,23,5,3,62.49,HARDER
3,25.0,136.37,17,5,2,42.87,EASIER
5,30.44,300.0,24,6,5,57.46,EASIER
1,68.43,40.76,3,1,1,59.89,SAME
3,27.78,113.09,15,3,1,52.94,SAME
1,36.12,93.32,7,5,2,58.57,SAME
5,28.53,204.78,21,3,1,67.47,EASIER
2,53.11,80.11,6,0,0,78.64,HARDER
3,25.0,132.2,17,5,2,52.44,EASIER
5,33.43,184.08,19,1,1,77.95,EASIER
2,37.33,77.45,7,1,0,54.99,EASIER
1,95.86,28.56,2,0,0,67.74,HARDER
2,57.43,83.79,6,0,0,45.59,SAME
3,27.01,127.85,15,3,1,56.3,SAME
2,49.16,39.34,6,0,0,100.0,HARDER
4,31.21,218.27,21,6,6,51.58,EASIER
4,33.5,142.78,15,0,0,88.37,HARDER
2,48.46,45.49,6,0,0,71.74,HARDER
3,28.2,124.67,13,1,0,56.49,SAME
4,27.98,144.16,16,1,1,72.69,EASIER
3,31.45,68.55,12,0,0,91.85,HARDER
4,26.97,189.09,18,3,2,56.82,EASIER
3,33.96,76.8,12,0,0,98.23,HARDER
3,28.17,116.29,13,1,0,57.96,SAME
1,95.5,47.67,2,0,0,66.39,HARDER
3,27.72,164.96,14,2,1,68.22,EASIER
5,29.87,228.29,22,4,4,46.93,EASIER
4,31.22,181.04,18,3,1,56.0,EASIER
5,37.0,229.87,23,5,2,51.49,EASIER
3,30.33,91.94,14,2,1,64.88,EASIER
5,25.0,220.35,23,5,3,70.02,EASIER
2,40.33,67.52,7,1,0,75.97,HARDER
3,31.52,109.36,13,1,0,74.06,HARDER
5,30.2,227.9,24,6,3,57.72,EASIER
1,49.18,38.89,4,2,0,70.68,HARDER
3,28.86,138.86,14,2,1,55.73,EASIER
3,37.62,80.29,12,0,0,100.0,HARDER
5,27.28,300.0,22,4,4,31.35,EASIER
3,32.96,67.56,12,0,0,88.0,HARDER
2,29.83,101.85,9,3,0,58.09,SAME
1,69.2,40.48,3,1,0,65.78,HARDER
5,28.47,272.53,20,2,1,50.33,EASIER
1,65.21,25.13,3,1,0,90.03,HARDER
4,32.54,186.55,20,5,5,57.69,EASIER
5,30.87,224.69,21,3,2,38.96,EASIER
3,33.7,73.28,12,0,0,95.01,HARDER
2,47.59,101.83,6,0,0,60.28,SAME
4,26.68,121.83,17,2,1,84.17,EASIER
1,100.0,20.0,2,0,0,70.27,HARDER
4,31.31,126.3,17,2,1,50.11,EASIER
5,26.17,290.84,22,4,3,41.26,EASIER
3,27.94,142.67,15,3,2,48.83,EASIER
3,25.0,122.23,16,4,1,57.12,SAME
5,27.12,230.11,22,4,1,46.9,EASIER
5,25.0,148.95,21,3,1,48.96,EASIER
4,28.29,155.95,19,4,2,73.18,EASIER
1,99.13,20.0,2,0,0,100.0,HARDER
5,25.0,300.0,24,6,4,27.06,EASIER
4,25.19,177.02,20,5,5,55.83,EASIER
4,30.1,157.04,16,1,1,65.58,EASIER
5,27.36,281.19,24,6,2,49.28,EASIER
1,100.0,25.9,2,0,0,64.86,SAME
2,37.61,94.68,8,2,0,80.31,HARDER
1,67.5,33.77,3,1,0,65.66,HARDER
2,39.75,48.62,8,2,0,85.08,HARDER
1,48.66,75.26,4,2,1,77.37,SAME
1,100.0,36.27,2,0,0,87.73,HARDER
3,25.0,154.69,21,9,2,40.16,SAME
3,25.0,123.74,17,5,0,56.51,SAME
5,28.5,122.58,21,3,0,65.81,SAME
1,98.56,25.06,2,0,0,87.41,HARDER
2,25.0,137.49,14,8,4,66.92,EASIER
1,67.82,39.01,3,1,0,56.3,SAME
1,96.34,20.0,2,0,0,100.0,HARDER
5,27.32,257.21,27,9,7,64.62,EASIER
4,25.55,174.74,18,3,0,79.88,HARDER
2,33.81,82.37,9,3,0,67.9,HARDER
4,25.58,213.39,23,8,6,57.15,EASIER
4,28.63,144.58,18,3,1,86.1,SAME
5,25.0,300.0,27,9,7,49.59,EASIER
4,30.86,108.63,17,2,1,77.61,EASIER
2,25.77,131.6,13,7,1,38.34,EASIER
5,31.64,188.74,22,4,1,75.56,SAME
5,31.61,259.46,19,1,0,62.33,EASIER
1,98.02,20.0,2,0,0,100.0,HARDER
3,26.46,189.67,18,6,3,69.74,EASIER
1,48.84,53.74,4,2,0,66.16,HARDER
4,27.62,114.54,17,2,0,79.22,HARDER
4,25.0,202.36,20,5,3,62.63,EASIER
3,29.1,124.21,14,2,2,64.41,EASIER
5,28.28,236.98,21,3,2,55.6,EASIER
5,28.32,293.96,24,6,3,49.82,EASIER
4,34.14,79.88,15,0,0,100.0,HARDER
4,25.0,210.59,21,6,3,53.25,EASIER
2,46.75,59.3,6,0,0,96.76,HARDER
5,25.0,292.73,24,6,5,51.02,EASIER
4,30.73,205.53,18,3,1,64.83,EASIER
2,37.18,86.64,9,3,2,80.56,EASIER
5,26.18,262.9,23,5,0,65.76,SAME
3,25.0,133.74,14,2,1,87.66,EASIER
1,100.0,24.29,2,0,0,82.33,HARDER
5,29.89,300.0,22,4,1,61.56,HARDER
1,100.0,31.67,2,0,0,84.76,HARDER
4,29.74,151.79,17,2,1,51.81,EASIER
1,44.57,63.89,4,2,1,55.88,SAME
3,31.91,92.88,14,2,0,92.83,HARDER
2,39.25,73.65,7,1,0,80.99,EASIER
5,30.67,124.37,19,1,0,82.39,SAME
4,26.05,217.51,17,2,1,69.91,EASIER
2,48.64,33.4,6,0,0,83.73,HARDER
2,56.05,52.07,6,0,0,86.72,HARDER
3,31.05,115.71,15,3,2,54.62,EASIER
5,31.32,133.5,20,2,1,91.27,EASIER
2,47.57,41.16,6,0,0,91.75,HARDER
2,39.42,76.22,9,3,1,51.92,SAME
2,42.24,63.09,7,1,0,67.56,HARDER
4,28.64,227.61,17,2,1,46.92,EASIER
2,47.37,59.43,6,0,0,100.0,HARDER
4,34.1,178.86,16,1,1,51.06,EASIER
4,25.0,129.36,17,2,1,72.83,EASIER
2,46.04,36.76,7,1,0,56.48,SAME
1,43.9,47.38,5,3,0,54.3,SAME
4,29.31,121.8,18,3,1,54.79,SAME
4,25.0,123.73,19,4,2,53.7,EASIER
1,100.0,39.55,2,0,0,65.81,HARDER
4,25.0,193.02,21,6,4,68.21,EASIER
3,29.38,93.7,16,4,0,63.17,SAME
4,29.96,154.44,16,1,1,61.75,EASIER
5,25.0,223.06,23,5,3,40.48,EASIER
2,51.08,55.83,6,0,0,85.83,HARDER
5,25.0,257.53,27,9,5,45.74,EASIER
3,25.69,104.45,13,1,1,84.33,EASIER
3,25.0,169.96,15,3,3,35.01,EASIER
4,25.0,190.25,19,4,3,61.39,EASIER
1,96.79,22.81,2,0,0,82.77,HARDER
1,47.25,34.67,4,2,0,66.91,HARDER
1,100.0,40.53,2,0,0,91.88,HARDER
3,33.74,70.57,12,0,0,75.02,SAME
1,48.81,61.42,4,2,1,72.63,SAME
3,29.38,151.42,14,2,1,42.65,EASIER
2,41.62,56.46,7,1,0,77.52,SAME
1,95.38,23.39,2,0,0,100.0,HARDER
3,25.0,113.82,16,4,2,67.04,EASIER
2,32.05,97.93,9,3,1,47.1,EASIER
2,33.1,79.53,9,3,1,59.28,SAME
5,30.63,240.15,21,3,2,53.05,EASIER
5,27.77,300.0,20,2,2,58.68,EASIER
4,33.4,143.14,19,4,0,64.96,SAME
2,39.97,91.53,8,2,1,56.8,EASIER
1,70.58,38.44,3,1,0,74.69,HARDER
2,47.69,40.65,6,0,0,93.56,HARDER
2,50.98,49.85,6,0,0,65.1,HARDER
2,34.85,52.6,8,2,0,77.87,HARDER
2,49.5,51.64,6,0,0,89.72,HARDER
3,34.99,78.08,12,0,0,89.89,HARDER
5,25.0,256.23,25,7,3,66.83,EASIER
5,29.95,256.46,23,5,2,69.75,EASIER
4,31.51,120.78,17,2,0,82.91,HARDER
5,25.0,276.64,23,5,3,63.52,EASIER
3,33.88,121.5,14,2,1,64.5,EASIER
3,38.28,140.8,13,1,0,48.65,SAME
3,25.0,170.21,18,6,2,68.72,SAME
5,26.58,179.55,21,3,0,70.48,SAME
1,49.18,52.07,4,2,1,49.61,SAME
2,33.19,129.12,9,3,2,45.37,EASIER
5,28.12,141.81,20,2,0,62.97,SAME
2,44.1,68.66,7,1,0,67.33,HARDER
5,28.41,272.63,20,2,1,61.86,EASIER
2,29.99,75.45,10,4,0,70.71,HARDER
5,30.57,209.09,24,6,3,59.33,EASIER
5,25.0,252.91,22,4,3,55.35,EASIER
1,100.0,26.43,2,0,0,83.03,HARDER
1,94.42,24.92,2,0,0,99.68,HARDER
3,31.02,80.26,12,0,0,88.31,HARDER
1,63.02,45.05,3,1,0,63.54,SAME
4,31.68,176.94,17,2,1,42.99,EASIER
3,30.5,97.54,13,1,0,63.43,SAME
5,31.02,240.32,20,2,2,41.23,EASIER
1,100.0,23.46,2,0,0,87.94,HARDER
1,100.0,33.16,2,0,0,54.3,SAME
2,32.84,66.62,9,3,0,65.18,HARDER
1,65.36,31.97,3,1,0,63.99,SAME
2,47.54,48.13,6,0,0,84.42,HARDER
1,47.07,58.47,4,2,1,56.86,SAME
4,25.01,102.27,19,4,0,75.35,HARDER
5,26.74,245.24,24,6,3,61.63,EASIER
1,100.0,20.0,2,0,0,90.7,HARDER
1,50.4,45.35,4,2,1,64.21,SAME
4,26.0,211.39,20,5,2,60.01,EASIER
3,32.92,70.84,13,1,0,85.25,HARDER
5,25.0,185.32,22,4,2,82.88,EASIER
5,25.0,261.99,24,6,2,63.61,EASIER
2,46.16,46.32,7,1,0,71.19,HARDER
5,28.97,177.85,21,3,3,61.32,EASIER
1,51.24,55.64,4,2,0,42.15,SAME
1,100.0,20.18,2,0,0,88.34,HARDER
4,25.0,176.32,22,7,4,38.88,EASIER
5,28.37,134.59,18,0,0,91.42,SAME
4,25.0,129.04,18,3,0,71.16,HARDER
2,39.43,82.1,8,2,2,56.46,EASIER
2,43.68,63.58,7,1,1,67.39,EASIER
3,33.57,117.16,13,1,1,44.5,EASIER
4,30.05,105.87,15,0,0,96.87,HARDER
3,26.19,94.72,13,1,0,32.63,SAME
1,25.0,91.18,8,6,4,45.25,SAME
1,99.28,38.35,2,0,0,59.63,SAME
3,25.04,98.39,15,3,1,53.85,SAME
3,32.38,63.7,12,0,0,69.42,HARDER
2,43.66,64.34,6,0,0,82.0,HARDER
3,30.41,175.11,14,2,2,45.09,EASIER
3,25.0,148.91,16,4,2,54.52,EASIER
5,27.0,169.78,21,3,1,68.55,SAME
3,31.6,87.28,13,1,0,64.9,SAME
3,28.27,176.72,16,4,3,52.83,EASIER
3,31.95,88.8,12,0,0,99.49,HARDER
3,29.82,93.65,12,0,0,63.9,SAME
4,25.0,203.28,21,6,3,61.29,EASIER
4,25.0,200.1,19,4,1,48.98,SAME
4,25.0,209.78,22,7,3,58.27,EASIER
5,29.03,208.51,21,3,0,62.44,SAME
4,30.95,124.14,16,1,0,66.91,HARDER
5,28.71,157.87,19,1,0,73.74,SAME
5,33.57,205.13,19,1,0,50.71,SAME
1,100.0,23.18,2,0,0,57.29,SAME
1,99.44,39.34,2,0,0,79.41,HARDER
1,97.08,20.6,2,0,0,69.49,HARDER
1,38.18,65.04,5,3,1,46.42,SAME
2,50.41,64.84,6,0,0,80.07,HARDER
3,33.34,63.93,12,0,0,65.45,HARDER
4,25.02,171.85,19,4,3,77.49,EASIER
4,30.11,145.13,16,1,0,84.43,HARDER
5,28.49,200.26,23,5,3,59.18,EASIER
3,33.84,74.76,12,0,0,74.03,HARDER
2,50.12,51.64,6,0,0,100.0,HARDER
5,26.69,153.42,20,2,2,87.09,EASIER
3,31.95,130.58,14,2,1,94.55,HARDER
2,37.89,65.97,8,2,0,68.9,HARDER
1,68.08,25.28,3,1,0,74.14,HARDER
4,30.84,156.2,20,5,1,62.32,SAME
5,33.48,138.71,18,0,0,99.39,SAME
5,28.65,265.95,22,4,3,71.85,EASIER
1,100.0,25.62,2,0,0,100.0,HARDER
4,31.33,96.49,17,2,0,77.08,HARDER
3,31.86,94.76,13,1,0,79.85,HARDER
5,27.56,223.66,21,3,1,78.4,SAME
4,25.0,205.68,23,8,3,68.46,EASIER
3,31.59,75.81,12,0,0,75.22,HARDER
1,54.66,59.78,4,2,1,52.99,SAME
5,30.15,230.48,21,3,1,63.91,EASIER
4,37.93,140.02,15,0,0,84.52,HARDER
4,33.33,85.38,15,0,0,84.64,HARDER
1,99.15,20.0,2,0,0,85.49,HARDER
3,25.0,188.11,20,8,5,47.62,EASIER
1,100.0,43.57,2,0,0,52.05,SAME
1,100.0,21.45,2,0,0,73.99,HARDER
3,25.83,119.9,15,3,1,100.0,SAME
3,25.0,117.81,15,3,2,82.4,EASIER
4,30.01,103.19,17,2,1,50.81,EASIER
1,97.35,25.57,2,0,0,79.93,HARDER
3,40.9,67.62,12,0,0,70.85,HARDER
2,46.28,58.76,6,0,0,85.33,HARDER
3,25.0,169.96,16,4,0,51.23,SAME
3,27.58,87.73,13,1,0,78.71,HARDER
1,99.13,27.1,2,0,0,79.77,HARDER
1,97.15,36.17,2,0,0,74.77,HARDER
2,33.33,90.66,9,3,1,52.11,SAME
1,99.62,20.0,2,0,0,93.99,HARDER
3,35.11,108.32,13,1,1,54.92,EASIER
5,31.56,172.33,21,3,1,93.99,SAME
3,26.27,103.27,14,2,0,76.16,HARDER
3,25.75,185.41,14,2,2,25.0,EASIER
4,33.32,161.97,15,0,0,68.18,HARDER
2,48.87,59.49,6,0,0,96.65,HARDER
2,25.0,138.63,15,9,2,61.02,EASIER
3,33.15,99.61,12,0,0,80.61,HARDER
5,28.55,203.62,21,3,3,48.08,EASIER
2,50.17,55.85,6,0,0,75.55,HARDER
5,33.94,228.25,20,2,2,42.44,EASIER
4,32.21,99.34,16,1,0,85.51,HARDER
4,25.0,175.14,21,6,1,57.63,SAME
4,25.0,154.02,19,4,0,85.2,HARDER
2,48.72,50.48,6,0,0,76.45,HARDER
3,25.0,149.53,16,4,1,48.55,SAME
1,72.05,52.26,3,1,1,51.95,SAME
5,25.0,269.56,26,8,6,51.07,EASIER
3,25.0,195.28,20,8,6,63.58,EASIER
2,41.19,72.38,8,2,2,78.31,EASIER
1,62.31,43.25,3,1,0,76.9,HARDER
4,25.06,169.05,19,4,1,64.87,SAME
5,29.73,285.12,21,3,2,44.32,EASIER
3,28.82,98.78,13,1,0,75.79,HARDER
3,28.81,168.54,19,7,2,43.2,EASIER
5,27.12,250.06,24,6,4,65.3,EASIER
3,25.0,133.74,15,3,2,83.16,EASIER
5,25.0,257.72,24,6,4,60.31,EASIER
2,39.19,108.94,8,2,0,31.93,HARDER
2,41.41,112.75,8,2,1,40.3,EASIER
3,25.0,146.76,15,3,0,55.9,SAME
4,32.76,133.26,17,2,0,86.97,HARDER
2,46.96,47.11,6,0,0,79.98,HARDER
5,27.27,203.46,22,4,4,50.44,EASIER
3,31.35,113.01,15,3,1,65.25,SAME
5,36.79,135.05,18,0,0,69.48,SAME
3,26.85,141.18,17,5,2,71.67,EASIER
4,25.0,241.68,21,6,4,65.68,EASIER
1,98.52,20.0,2,0,0,72.52,HARDER
2,43.72,81.64,7,1,1,32.29,EASIER
1,96.4,20.0,2,0,0,94.25,HARDER
3,25.0,148.0,17,5,2,30.48,EASIER
4,25.0,249.74,23,8,3,45.37,EASIER
3,33.16,77.96,12,0,0,65.49,HARDER
3,34.12,108.57,12,0,0,89.24,HARDER
4,29.12,201.09,18,3,1,56.35,EASIER
3,28.01,119.16,14,2,1,91.42,EASIER
5,27.67,192.45,22,4,2,85.51,EASIER
3,25.0,193.11,16,4,4,58.6,EASIER
3,26.22,96.53,14,2,0,75.65,HARDER
2,51.22,58.11,6,0,0,97.46,HARDER
2,50.53,59.94,6,0,0,98.25,HARDER
5,25.0,214.27,23,5,4,59.74,EASIER
1,100.0,20.0,2,0,0,84.22,HARDER
3,26.07,114.06,14,2,0,63.91,SAME
5,28.0,288.83,24,6,2,44.05,EASIER
5,26.23,148.62,22,4,3,76.02,EASIER
5,26.54,205.7,19,1,1,62.08,EASIER
4,25.8,164.69,20,5,2,46.72,EASIER
1,96.56,40.86,2,0,0,76.91,HARDER
3,31.73,76.81,12,0,0,100.0,HARDER
1,70.27,46.19,3,1,0,44.16,SAME
4,25.0,182.34,20,5,3,59.66,EASIER
4,27.4,127.6,16,1,0,95.4,HARDER
2,39.74,67.35,8,2,0,45.04,SAME
4,25.0,180.4,21,6,1,55.15,SAME
5,29.21,224.29,21,3,1,59.32,EASIER
1,98.46,34.47,2,0,0,88.6,HARDER
2,38.5,73.75,7,1,1,63.46,EASIER
3,26.95,164.59,19,7,3,51.12,EASIER
4,34.83,144.34,15,0,0,78.71,HARDER
5,36.05,249.08,20,2,2,32.73,EASIER
1,64.82,45.49,3,1,1,80.51,SAME
4,25.0,250.0,26,11,8,61.02,EASIER
1,100.0,34.92,2,0,0,99.07,HARDER
2,48.8,39.03,6,0,0,100.0,HARDER
4,26.02,124.41,17,2,1,79.3,EASIER
5,25.0,300.0,26,8,6,42.21,EASIER
5,25.0,192.83,21,3,1,52.5,EASIER
4,35.51,111.6,16,1,0,83.5,EASIER
5,25.0,251.49,27,9,9,54.14,EASIER
1,65.02,36.33,3,1,0,60.05,SAME
5,33.15,228.29,21,3,2,66.24,EASIER
1,95.09,39.67,2,0,0,67.16,HARDER
5,25.0,195.82,20,2,1,92.25,EASIER
4,25.0,124.73,20,5,2,53.64,EASIER
1,100.0,20.0,2,0,0,84.59,HARDER
3,38.12,114.14,13,1,0,80.62,HARDER
3,30.95,95.41,13,1,0,100.0,HARDER
4,28.07,140.61,17,2,0,61.16,SAME
4,30.68,161.89,17,2,2,76.56,EASIER
2,46.65,44.36,6,0,0,65.6,HARDER
1,49.37,46.6,4,2,0,85.36,HARDER
4,28.4,149.21,18,3,1,48.9,EASIER
4,27.26,154.1,16,1,1,75.72,EASIER
4,25.0,200.57,22,7,2,53.02,EASIER
1,94.89,20.78,2,0,0,90.04,HARDER
2,30.3,73.18,10,4,2,62.81,EASIER
5,25.56,291.04,22,4,2,35.94,EASIER
4,25.0,180.55,19,4,1,42.85,SAME
4,31.7,137.77,16,1,0,70.94,HARDER
1,68.8,63.86,3,1,0,61.76,SAME
3,25.21,114.75,14,2,1,66.21,EASIER
1,99.5,34.91,2,0,0,79.69,HARDER
5,26.79,177.32,21,3,2,77.86,EASIER
3,30.74,93.11,13,1,1,67.45,EASIER
5,30.1,235.18,21,3,3,47.88,EASIER
5,26.78,232.68,22,4,1,54.55,SAME
3,25.0,121.27,16,4,3,62.04,EASIER
5,28.75,123.73,18,0,0,95.35,SAME
3,25.92,109.72,14,2,1,56.09,EASIER
5,25.0,287.04,24,6,4,33.16,EASIER
3,27.37,128.19,16,4,0,58.21,SAME
3,34.95,80.49,12,0,0,78.98,HARDER
5,32.35,223.34,20,2,2,55.36,EASIER
1,99.61,45.46,2,0,0,68.96,HARDER
5,35.39,126.15,19,1,0,84.89,SAME
1,98.87,20.0,2,0,0,84.46,HARDER
4,33.93,135.41,17,2,0,47.82,SAME
2,45.41,59.81,7,1,0,67.38,HARDER
2,36.96,78.53,9,3,1,58.9,SAME
3,25.0,129.84,17,5,1,64.17,SAME
2,26.37,73.75,11,5,3,53.99,EASIER
5,35.44,161.23,18,0,0,77.37,SAME
2,47.58,45.16,6,0,0,83.07,HARDER
5,30.64,210.92,19,1,0,73.65,SAME
2,53.49,63.95,6,0,0,74.41,HARDER
4,25.0,212.41,23,8,4,45.84,EASIER
3,25.57,158.84,15,3,1,56.59,EASIER
3,30.2,118.12,16,4,1,71.29,SAME
1,25.0,75.11,9,7,0,59.93,SAME
2,48.2,47.71,6,0,0,87.76,HARDER
3,25.0,187.65,19,7,5,44.02,EASIER
3,25.0,123.81,14,2,1,60.92,EASIER
3,26.24,140.13,16,4,3,54.49,EASIER
2,36.17,107.64,9,3,2,45.54,EASIER
3,28.4,99.08,14,2,0,85.69,HARDER
5,28.03,300.0,21,3,2,53.83,EASIER
3,31.49,152.75,15,3,2,43.87,EASIER
4,30.65,221.03,17,2,0,43.94,EASIER
4,33.01,129.46,16,1,0,75.46,HARDER
2,41.42,62.17,7,1,0,66.5,HARDER
5,25.0,209.3,23,5,1,55.86,SAME
3,30.69,123.74,13,1,0,72.85,HARDER
3,31.6,96.25,13,1,0,60.81,SAME
1,64.51,42.8,3,1,0,69.41,HARDER
3,27.05,128.8,14,2,0,71.29,HARDER
4,27.22,148.95,17,2,1,60.95,EASIER
5,26.16,227.49,21,3,1,59.52,EASIER
5,28.31,206.18,19,1,1,79.09,EASIER
2,45.61,46.98,6,0,0,97.99,HARDER
2,33.17,82.71,10,4,0,59.64,SAME
3,32.12,113.63,12,0,0,51.23,SAME
5,25.77,300.0,27,9,4,35.37,EASIER
3,34.31,83.63,13,1,0,64.38,SAME
1,71.05,43.49,3,1,1,67.77,SAME
1,93.5,38.77,2,0,0,71.23,HARDER
3,31.43,101.38,12,0,0,84.21,HARDER
4,34.69,122.63,18,3,1,87.85,SAME
3,26.03,124.27,14,2,2,64.18,EASIER
4,29.04,108.99,16,1,1,75.86,EASIER
1,97.99,27.91,2,0,0,55.35,SAME
5,31.57,245.02,21,3,3,53.27,EASIER
4,25.0,167.69,22,7,2,64.76,SAME
5,35.23,115.22,19,1,0,99.81,SAME
4,33.07,191.32,16,1,0,91.59,SAME
3,33.11,96.86,12,0,0,82.11,HARDER
3,25.0,164.23,17,5,1,78.15,SAME
5,32.35,177.31,19,1,0,80.86,SAME
2,50.87,40.66,6,0,0,69.36,HARDER
3,25.0,182.96,17,5,0,50.07,EASIER
2,49.07,51.86,6,0,0,87.81,HARDER
1,97.5,20.0,2,0,0,84.14,HARDER
3,31.98,124.55,13,1,0,42.66,SAME
2,34.58,91.42,10,4,0,64.86,SAME
4,31.21,123.63,16,1,0,82.5,HARDER
4,28.83,120.8,15,0,0,86.89,HARDER
1,95.93,20.0,2,0,0,86.39,HARDER
4,27.31,193.48,20,5,1,41.05,SAME
4,27.52,174.79,19,4,2,60.62,EASIER
3,26.95,109.75,12,0,0,90.75,HARDER
2,46.05,39.52,6,0,0,66.53,HARDER
5,30.57,160.11,19,1,0,80.78,SAME
5,31.25,143.69,21,3,1,91.2,SAME
3,25.0,130.63,16,4,2,65.97,EASIER
2,38.13,53.46,8,2,0,80.68,HARDER
3,31.04,112.05,16,4,0,70.88,HARDER
5,31.19,250.97,22,4,2,61.91,EASIER
1,47.5,42.39,4,2,1,51.79,SAME
1,42.02,66.08,5,3,1,62.58,SAME
2,40.92,78.38,7,1,0,80.99,HARDER
3,25.0,129.8,15,3,1,64.7,SAME
4,30.12,155.07,18,3,3,73.62,EASIER
5,27.36,194.91,21,3,1,59.68,EASIER
4,28.9,137.94,17,2,0,73.76,HARDER
5,29.28,178.17,21,3,0,53.6,SAME
2,39.3,82.81,7,1,1,61.77,EASIER
4,30.79,180.1,17,2,1,63.13,EASIER
5,27.64,202.7,22,4,1,67.41,SAME
5,31.38,172.47,20,2,1,76.04,EASIER
3,29.59,102.13,13,1,0,78.52,EASIER
1,95.23,27.94,2,0,0,80.33,HARDER
4,32.85,101.3,15,0,0,90.46,HARDER
1,64.22,27.08,3,1,1,73.89,SAME
5,32.08,196.12,21,3,1,50.1,EASIER
3,25.0,126.22,15,3,1,50.03,EASIER
2,44.81,41.34,6,0,0,94.24,HARDER
1,100.0,38.67,2,0,0,75.79,HARDER
2,53.04,38.85,6,0,0,76.62,HARDER
2,37.3,81.13,8,2,2,67.55,EASIER
1,25.0,73.34,8,6,2,47.17,SAME
5,34.36,137.41,18,0,0,60.01,SAME
1,100.0,26.06,2,0,0,82.27,HARDER
4,31.14,104.4,15,0,0,95.68,HARDER
2,35.46,66.83,8,2,0,75.91,HARDER
4,38.21,92.32,15,0,0,84.43,SAME
1,99.18,20.0,2,0,0,75.01,HARDER
5,27.96,300.0,22,4,2,42.81,EASIER
5,28.23,210.22,21,3,1,76.57,SAME
2,26.91,95.21,11,5,3,63.65,EASIER
5,30.93,145.18,19,1,0,70.78,SAME
1,68.15,36.57,3,1,0,67.31,EASIER
1,46.97,42.56,4,2,1,59.54,SAME
4,25.0,203.22,19,4,2,55.82,HARDER
2,47.16,52.17,6,0,0,80.01,HARDER
5,29.41,152.24,20,2,1,75.74,EASIER
2,46.73,83.42,7,1,1,77.35,EASIER
2,40.33,49.74,7,1,0,79.0,HARDER
3,28.08,115.02,14,2,0,71.14,HARDER
2,36.46,69.53,9,3,1,79.71,SAME
4,25.0,196.87,22,7,5,57.82,EASIER
3,33.06,112.15,14,2,0,58.93,SAME
5,27.64,172.19,21,3,1,63.88,SAME
2,46.59,41.18,6,0,0,93.11,HARDER
3,31.17,162.24,13,1,1,55.74,EASIER
3,25.0,149.62,15,3,0,54.47,SAME
1,64.98,29.6,3,1,0,60.99,SAME
4,30.83,152.09,16,1,0,53.69,SAME
2,50.33,49.43,6,0,0,87.85,HARDER
1,53.99,41.35,4,2,2,58.2,SAME
3,26.19,111.52,14,2,0,84.51,HARDER
5,26.95,211.38,23,5,3,65.57,EASIER
2,43.04,61.52,7,1,0,52.58,SAME
2,44.54,73.66,7,1,0,81.31,HARDER
3,31.21,91.62,14,2,0,77.08,HARDER
4,25.0,162.58,20,5,0,66.48,HARDER
4,25.0,250.0,20,5,4,39.34,EASIER
1,64.53,42.44,3,1,0,57.55,SAME
5,25.8,214.76,26,8,6,42.96,EASIER
3,29.16,109.87,13,1,1,63.49,EASIER
3,32.55,122.39,13,1,0,55.39,SAME
4,28.51,139.04,16,1,1,79.8,EASIER
1,99.17,33.78,2,0,0,70.64,HARDER
3,27.25,96.75,12,0,0,73.63,HARDER
4,28.91,152.3,17,2,0,63.81,SAME
5,28.78,183.29,21,3,1,61.02,EASIER
4,30.59,123.94,18,3,1,93.05,SAME
2,44.56,58.06,7,1,0,72.65,HARDER
3,31.94,109.36,15,3,3,56.81,EASIER
3,27.79,92.29,13,1,0,84.27,HARDER
3,34.49,95.73,13,1,0,100.0,HARDER
5,30.38,248.95,22,4,1,68.28,SAME
3,27.1,153.85,15,3,1,51.97,EASIER
1,25.0,87.77,9,7,1,39.21,SAME
2,25.0,135.62,11,5,3,36.01,EASIER
5,32.6,237.34,20,2,0,49.67,SAME
5,28.73,146.72,19,1,0,67.94,SAME
3,30.01,171.45,17,5,1,49.8,SAME
2,52.52,45.03,6,0,0,100.0,HARDER
5,30.22,175.96,22,4,1,81.05,SAME
5,28.72,252.97,22,4,1,61.18,EASIER
3,32.5,144.12,15,3,1,45.74,EASIER
1,100.0,24.14,2,0,0,81.2,HARDER
3,31.61,100.35,13,1,0,72.63,HARDER
3,25.83,90.44,13,1,0,73.59,HARDER
1,66.9,35.8,3,1,0,68.15,HARDER
2,44.97,55.05,7,1,0,72.84,HARDER
2,49.03,67.83,6,0,0,66.33,HARDER
1,99.01,20.0,2,0,0,100.0,HARDER
4,27.04,189.99,18,3,1,48.94,EASIER
3,25.0,130.36,14,2,1,69.06,EASIER
2,30.67,88.59,10,4,1,42.58,SAME
2,39.0,101.81,7,1,1,58.23,EASIER
3,25.0,206.04,17,5,5,52.46,EASIER
3,33.59,138.08,13,1,1,54.21,EASIER
2,39.41,56.51,8,2,0,74.51,HARDER
5,28.67,137.52,20,2,0,76.9,SAME
5,25.71,140.94,21,3,1,89.22,SAME
1,100.0,21.84,2,0,0,83.99,HARDER
3,29.62,102.96,14,2,1,75.81,EASIER
3,26.04,105.45,15,3,0,66.53,HARDER
1,50.53,21.89,4,2,0,74.66,HARDER
3,28.57,106.54,14,2,2,81.55,EASIER
3,25.0,195.96,17,5,2,25.0,EASIER
4,26.49,199.19,19,4,3,61.26,EASIER
3,28.77,132.43,14,2,1,68.29,EASIER
4,30.01,169.98,15,0,0,55.95,SAME
5,27.4,296.05,22,4,2,55.77,EASIER
1,100.0,29.83,2,0,0,80.35,HARDER
1,100.0,40.58,2,0,0,52.88,SAME
5,29.62,254.02,21,3,2,68.0,EASIER
4,31.09,120.3,17,2,2,76.68,EASIER
4,28.41,228.85,17,2,2,47.47,EASIER
1,98.6,31.9,2,0,0,92.12,HARDER
5,25.0,220.73,25,7,4,58.78,EASIER
5,26.88,224.17,20,2,1,55.55,EASIER
4,25.0,190.0,20,5,1,53.88,SAME
5,26.14,265.13,24,6,3,40.68,EASIER
1,99.23,20.24,2,0,0,95.1,HARDER
1,100.0,39.14,2,0,0,96.21,HARDER
2,25.0,115.55,13,7,2,59.99,SAME
2,49.07,66.65,6,0,0,73.23,HARDER
3,32.08,121.19,15,3,0,56.78,SAME
2,49.51,33.0,6,0,0,98.65,HARDER
3,35.54,108.5,13,1,0,40.06,SAME
2,47.6,56.39,6,0,0,54.83,SAME
2,29.39,87.54,10,4,1,48.4,SAME
4,30.92,113.65,16,1,0,100.0,HARDER
3,25.65,104.78,15,3,1,56.9,SAME
1,36.11,57.62,5,3,0,57.81,SAME
3,26.57,88.34,14,2,1,76.63,EASIER
2,42.63,93.68,7,1,0,72.73,HARDER
5,25.0,300.0,27,9,6,25.0,EASIER
2,40.34,95.18,8,2,0,60.26,SAME
4,25.0,198.03,21,6,3,52.03,EASIER
1,40.09,61.94,5,3,1,66.86,SAME
4,32.48,142.02,16,1,0,67.01,HARDER
4,35.86,216.17,17,2,1,58.05,EASIER
5,32.09,188.9,20,2,1,61.72,EASIER
2,32.09,89.42,10,4,0,51.52,SAME
3,29.09,72.07,13,1,0,78.44,HARDER
2,37.28,94.71,8,2,1,83.43,EASIER
1,64.42,31.12,3,1,0,48.9,SAME
1,100.0,22.34,2,0,0,57.82,SAME
3,31.6,70.9,12,0,0,100.0,HARDER
4,33.58,124.64,16,1,1,91.75,EASIER
4,25.0,152.37,20,5,2,88.22,SAME
1,100.0,20.0,2,0,0,72.04,HARDER
5,25.0,283.45,24,6,2,44.6,EASIER
5,25.38,152.25,19,1,0,69.54,SAME
2,47.38,38.75,6,0,0,70.55,HARDER
3,29.55,90.27,14,2,0,73.55,HARDER
4,28.38,135.04,17,2,1,51.52,EASIER
3,27.03,95.91,13,1,0,74.86,HARDER
4,25.0,242.86,19,4,3,40.91,EASIER
1,62.22,37.69,3,1,0,58.81,SAME
5,25.0,238.54,22,4,3,58.02,EASIER
2,38.21,78.22,8,2,1,66.63,EASIER
2,49.69,66.99,7,1,0,73.92,HARDER
5,30.38,141.21,21,3,1,59.34,SAME
3,26.79,151.9,14,2,1,50.49,EASIER
1,71.42,26.12,3,1,0,81.9,HARDER
5,32.17,208.66,21,3,0,52.2,SAME
4,33.18,149.65,18,3,1,77.36,SAME
5,25.0,274.24,28,10,5,69.35,EASIER
2,35.59,81.97,9,3,1,67.8,SAME
5,25.0,300.0,25,7,5,30.95,EASIER
1,63.53,44.1,3,1,0,65.37,HARDER
4,29.05,160.27,17,2,2,70.67,EASIER
5,25.14,201.85,20,2,1,78.02,EASIER
3,25.7,132.77,14,2,1,53.84,EASIER
4,25.0,236.94,23,8,3,51.6,EASIER
1,97.42,50.48,2,0,0,73.47,HARDER
2,37.74,62.33,7,1,0,90.01,HARDER
5,25.0,264.31,27,9,4,70.82,EASIER
3,25.11,169.31,16,4,2,31.13,EASIER
2,36.78,77.77,8,2,1,57.88,EASIER
5,34.41,212.05,24,6,3,60.95,EASIER
2,36.85,90.54,8,2,1,61.03,EASIER
1,65.73,32.96,3,1,0,83.57,HARDER
1,62.58,20.0,3,1,0,90.2,HARDER
5,30.38,155.91,18,0,0,84.6,SAME
1,100.0,43.71,2,0,0,76.28,HARDER
2,50.09,66.93,6,0,0,67.33,HARDER
1,93.92,34.13,2,0,0,67.1,HARDER
1,53.46,63.61,4,2,0,65.55,HARDER
2,33.23,92.52,9,3,1,41.37,EASIER
1,52.76,47.24,4,2,0,65.94,HARDER
1,95.9,27.09,2,0,0,63.94,SAME
5,27.65,163.02,21,3,0,63.42,SAME
2,30.62,97.9,9,3,2,60.82,EASIER
4,28.25,168.33,17,2,1,87.29,EASIER
3,34.04,63.24,12,0,0,100.0,HARDER
5,26.41,231.94,22,4,3,72.52,EASIER
3,26.26,119.29,17,5,1,69.06,HARDER
1,95.49,26.22,2,0,0,86.38,HARDER
3,27.88,134.54,14,2,0,79.07,HARDER
5,27.0,213.53,22,4,3,73.29,EASIER
1,99.15,25.47,2,0,0,79.38,HARDER
3,25.84,126.78,18,6,2,69.22,SAME
2,32.52,101.28,9,3,2,64.88,EASIER
5,29.79,164.7,19,1,0,94.03,SAME
5,25.98,182.31,22,4,3,83.82,EASIER
4,28.95,129.01,17,2,1,72.34,EASIER
4,31.5,138.73,18,3,0,69.15,HARDER
3,31.24,77.08,12,0,0,99.63,HARDER
5,28.98,237.62,22,4,2,66.41,EASIER
4,28.73,179.72,19,4,1,70.21,SAME
5,31.91,214.61,20,2,1,58.35,EASIER
1,66.63,48.68,3,1,0,64.96,SAME
5,32.61,120.14,18,0,0,92.69,SAME
5,25.24,193.8,22,4,3,92.76,EASIER
2,36.06,98.28,8,2,1,64.1,EASIER
2,32.97,74.36,8,2,0,86.38,HARDER
2,47.64,65.18,7,1,0,79.22,HARDER
5,25.0,276.13,25,7,4,75.9,EASIER
2,49.13,48.19,6,0,0,88.4,HARDER
4,32.74,175.22,18,3,1,51.39,EASIER
2,47.36,69.35,6,0,0,65.67,HARDER
5,33.42,139.04,20,2,1,91.66,EASIER
2,43.75,73.55,8,2,0,52.63,SAME
1,98.79,20.0,2,0,0,85.74,HARDER
1,53.1,50.56,4,2,1,63.27,SAME
4,29.28,129.37,18,3,2,71.05,EASIER
4,35.98,127.23,16,1,1,64.18,EASIER
5,25.0,300.0,24,6,5,52.74,SAME
1,97.65,20.0,2,0,0,85.39,HARDER
5,25.0,204.92,25,7,4,78.26,EASIER
2,40.97,97.59,7,1,0,64.31,SAME
3,31.62,133.51,15,3,2,59.17,EASIER
4,27.02,172.95,19,4,2,70.26,EASIER
5,25.0,248.14,22,4,3,44.94,EASIER
2,51.88,56.63,6,0,0,84.49,HARDER
1,100.0,29.47,2,0,0,90.53,HARDER
3,27.39,75.36,13,1,0,70.77,HARDER
1,46.34,38.71,4,2,1,75.31,SAME
5,34.23,158.66,20,2,0,76.15,SAME
4,25.0,250.0,22,7,4,54.1,EASIER
2,25.0,99.59,13,7,0,60.33,SAME
5,25.09,145.08,21,3,1,63.93,SAME
1,99.17,24.56,2,0,0,68.31,HARDER
4,27.47,135.87,17,2,0,82.81,HARDER
5,27.91,250.72,23,5,2,38.96,EASIER
3,28.44,161.02,14,2,1,71.75,EASIER
1,98.55,26.04,2,0,0,82.24,HARDER
3,31.15,90.11,12,0,0,82.24,HARDER
4,25.0,146.77,18,3,1,65.0,SAME
5,25.0,221.45,21,3,2,85.25,EASIER
3,25.0,158.92,16,4,3,38.83,EASIER
4,26.27,225.61,18,3,1,40.92,EASIER
3,27.44,127.46,14,2,1,62.55,EASIER
5,25.0,287.84,24,6,5,52.08,EASIER
2,40.57,47.75,6,0,0,82.48,HARDER
1,99.99,32.6,2,0,0,68.48,HARDER
4,25.0,184.54,20,5,0,62.41,SAME
1,100.0,44.65,2,0,0,52.79,SAME
3,27.99,85.36,12,0,0,88.19,HARDER
3,32.78,122.24,13,1,1,93.36,EASIER
2,49.71,56.23,6,0,0,76.99,HARDER
4,25.0,236.56,22,7,5,48.72,EASIER
1,99.6,20.0,2,0,0,74.68,HARDER
4,25.35,182.95,19,4,1,54.99,SAME
1,67.44,28.58,3,1,0,65.94,HARDER
5,31.02,128.95,19,1,0,77.52,SAME
1,97.01,49.42,2,0,0,87.15,HARDER
2,41.5,80.32,7,1,0,60.21,SAME
1,27.57,69.52,9,7,1,47.37,SAME
4,26.09,196.97,19,4,0,72.99,SAME
3,28.45,105.06,13,1,0,80.14,HARDER
2,32.89,87.01,9,3,1,76.17,SAME
2,50.08,54.79,6,0,0,100.0,HARDER
4,30.93,119.26,15,0,0,81.08,HARDER
2,38.41,61.33,7,1,0,57.28,SAME
1,30.08,65.55,7,5,2,45.47,EASIER
5,36.93,204.89,18,0,0,51.33,SAME
4,33.13,139.65,15,0,0,78.65,HARDER
1,96.2,32.53,2,0,0,85.14,HARDER
4,25.8,191.44,19,4,4,45.24,EASIER
3,27.47,116.79,16,4,1,70.41,SAME
5,25.0,250.5,25,7,0,67.44,SAME
5,28.08,185.24,20,2,2,47.96,EASIER
3,25.0,149.84,19,7,3,46.82,EASIER
1,100.0,33.11,2,0,0,76.67,HARDER
5,25.0,254.51,24,6,5,39.16,EASIER
3,34.1,98.23,13,1,0,70.66,HARDER
4,32.09,154.3,17,2,2,91.76,EASIER
1,41.52,71.73,5,3,2,51.36,SAME
2,39.59,72.57,8,2,1,61.24,EASIER
3,25.01,83.14,13,1,0,88.35,HARDER
2,34.39,98.0,9,3,1,59.56,SAME
5,26.53,123.54,20,2,0,74.25,SAME
4,30.62,141.64,18,3,2,61.36,EASIER
4,31.9,136.17,15,0,0,63.51,SAME
2,46.12,71.64,6,0,0,91.37,HARDER
5,28.21,252.04,21,3,3,44.98,EASIER
5,26.25,221.92,19,1,1,56.99,EASIER
5,25.0,276.54,26,8,5,39.3,EASIER
1,51.99,49.95,4,2,1,59.15,SAME
1,34.15,55.27,6,4,0,48.26,SAME
3,29.14,122.84,15,3,2,65.01,EASIER
2,36.79,58.17,7,1,0,71.22,HARDER
4,30.14,116.97,16,1,0,87.44,HARDER
1,100.0,39.38,2,0,0,70.9,HARDER
3,26.99,130.57,16,4,0,68.44,HARDER
5,25.41,206.68,23,5,2,71.79,EASIER
1,67.58,31.89,3,1,1,66.81,SAME
5,27.96,159.09,18,0,0,72.86,SAME
4,25.0,174.76,20,5,2,49.09,EASIER
1,25.0,74.5,7,5,2,60.26,SAME
2,51.48,60.78,6,0,0,86.3,HARDER
2,32.16,81.59,9,3,0,72.51,HARDER
2,35.19,73.01,8,2,0,55.77,SAME
1,100.0,24.0,2,0,0,76.63,HARDER
3,32.02,79.67,13,1,0,82.37,HARDER
1,92.25,29.9,2,0,0,87.94,HARDER
5,30.94,222.04,20,2,0,42.82,SAME
1,96.12,27.14,2,0,0,83.56,HARDER
3,25.0,173.13,18,6,3,50.07,EASIER
5,25.57,192.7,21,3,3,43.09,EASIER
2,36.28,76.29,8,2,0,75.5,HARDER
2,55.43,68.99,6,0,0,69.43,HARDER
4,28.03,250.0,20,5,4,42.09,EASIER
5,31.23,144.57,19,1,0,100.0,SAME
2,45.6,47.94,7,1,0,84.23,HARDER
1,100.0,21.01,2,0,0,93.92,HARDER
2,48.57,40.47,6,0,0,93.63,HARDER
1,32.0,55.27,7,5,2,41.28,SAME
3,25.0,160.78,19,7,5,36.1,EASIER
3,25.92,109.68,14,2,0,61.3,SAME
2,46.19,61.64,7,1,0,87.21,HARDER
5,27.51,169.19,19,1,0,80.26,SAME
5,27.98,164.04,21,3,0,90.92,SAME
4,25.09,176.85,18,3,2,57.91,EASIER
4,25.0,189.73,21,6,3,64.52,EASIER
3,25.0,165.6,19,7,3,45.11,EASIER
5,33.44,239.36,22,4,2,66.55,EASIER
4,34.7,171.96,15,0,0,66.21,HARDER
5,31.03,166.14,22,4,2,91.66,EASIER
5,27.2,218.33,22,4,2,65.57,EASIER
3,28.62,78.02,14,2,0,84.61,HARDER
3,29.55,88.71,12,0,0,56.56,SAME
2,45.5,64.01,7,1,1,82.15,EASIER
2,34.14,80.48,10,4,1,49.77,SAME
5,25.0,300.0,29,11,10,41.99,EASIER
3,25.0,91.98,14,2,1,39.29,EASIER
1,97.35,38.06,2,0,0,64.4,SAME
3,33.69,98.3,13,1,1,80.09,EASIER
4,32.61,130.29,17,2,1,84.32,EASIER
2,28.62,107.34,9,3,2,46.63,EASIER
2,51.24,51.3,6,0,0,75.22,HARDER
4,29.54,127.11,16,1,1,91.42,EASIER
2,52.41,42.87,6,0,0,90.59,HARDER
2,42.75,40.87,7,1,0,75.18,HARDER
5,27.4,237.65,22,4,1,48.57,EASIER
1,100.0,59.0,2,0,0,62.82,SAME
4,25.0,202.62,21,6,2,62.99,EASIER
4,27.2,174.79,17,2,2,42.15,EASIER
1,100.0,26.81,2,0,0,88.62,HARDER
3,31.59,116.09,14,2,0,82.05,HARDER
5,32.9,157.34,19,1,1,80.3,EASIER
1,34.04,61.85,6,4,0,61.3,SAME
5,33.15,206.28,21,3,3,49.16,EASIER
5,29.98,137.37,20,2,1,90.49,EASIER
3,25.0,146.33,18,6,4,72.42,EASIER
3,25.0,163.44,16,4,3,72.52,EASIER
2,50.63,59.72,6,0,0,82.93,HARDER
4,25.0,202.97,19,4,2,53.31,EASIER
1,100.0,30.05,2,0,0,82.53,HARDER
3,30.34,149.96,14,2,2,48.6,EASIER
1,97.5,20.0,2,0,0,83.62,HARDER
4,25.0,219.86,23,8,4,41.23,EASIER
1,64.29,49.55,3,1,0,56.4,SAME
5,37.11,164.76,19,1,0,83.17,SAME
3,25.0,164.2,17,5,2,60.73,EASIER
3,25.0,84.14,13,1,0,74.06,HARDER
5,25.0,200.6,23,5,3,66.73,EASIER
3,27.04,95.38,14,2,1,65.76,EASIER
1,96.1,20.0,2,0,0,92.57,HARDER
3,30.54,81.38,13,1,0,78.12,HARDER
1,67.95,42.41,3,1,0,59.32,SAME
2,48.86,38.81,6,0,0,73.11,HARDER
3,29.72,154.8,15,3,3,64.06,EASIER
4,30.32,115.77,16,1,1,73.72,EASIER
4,30.92,121.25,15,0,0,88.52,HARDER
1,98.7,41.01,2,0,0,68.64,HARDER
5,25.0,283.76,24,6,3,42.49,EASIER
2,53.81,59.16,6,0,0,81.02,HARDER
4,29.76,232.16,21,6,2,46.73,EASIER
5,27.65,227.17,21,3,3,64.21,EASIER
5,25.15,300.0,27,9,7,50.82,EASIER
1,100.0,20.0,2,0,0,90.04,HARDER
3,29.2,128.15,16,4,2,77.94,EASIER
3,31.16,97.57,14,2,2,79.97,EASIER
4,27.98,130.67,18,3,0,48.49,SAME
4,30.75,153.8,17,2,0,75.98,HARDER
2,41.07,52.29,7,1,0,77.04,HARDER
5,31.91,300.0,22,4,3,43.32,EASIER
4,25.23,166.54,15,0,0,65.56,HARDER
4,28.02,210.46,22,7,4,52.87,EASIER
3,33.14,127.92,12,0,0,56.46,SAME
5,29.58,208.11,21,3,2,77.87,EASIER
3,33.68,104.98,13,1,1,87.65,EASIER
1,95.88,20.0,2,0,0,68.78,HARDER
4,34.98,99.19,17,2,1,78.61,EASIER
5,25.36,244.13,22,4,2,64.67,EASIER
1,95.55,23.13,2,0,0,84.71,HARDER
2,47.79,43.63,6,0,0,77.03,HARDER
3,27.94,77.11,12,0,0,86.11,HARDER
4,26.26,156.32,18,3,1,58.44,SAME
5,25.0,300.0,24,6,4,65.04,EASIER
5,29.74,214.63,22,4,0,87.22,SAME
3,29.92,89.0,13,1,0,91.5,HARDER
5,25.62,228.51,21,3,1,56.65,EASIER
5,25.88,189.09,20,2,0,84.74,EASIER
3,26.2,141.17,14,2,2,61.88,EASIER
1,25.8,82.82,7,5,3,54.84,EASIER
1,100.0,26.22,2,0,0,92.38,HARDER
5,27.7,190.65,22,4,2,91.86,EASIER
1,67.51,20.0,3,1,0,63.13,SAME
2,33.2,93.58,8,2,1,66.31,EASIER
4,25.72,157.24,18,3,2,71.81,EASIER
2,51.53,76.56,6,0,0,60.47,SAME
3,32.14,167.72,14,2,1,31.47,EASIER
3,25.14,126.97,15,3,0,67.05,HARDER
2,37.41,91.94,8,2,1,58.99,EASIER
1,65.82,28.81,3,1,0,65.51,HARDER
2,53.1,66.7,6,0,0,69.21,HARDER
3,26.44,71.29,14,2,0,79.63,HARDER
1,100.0,27.36,2,0,0,63.88,SAME
2,43.94,63.58,7,1,0,76.15,HARDER
1,68.44,40.6,3,1,0,86.86,HARDER
3,33.38,102.26,12,0,0,100.0,HARDER
5,25.92,136.28,20,2,0,69.69,SAME
4,26.73,250.0,22,7,6,47.89,EASIER
4,31.29,151.93,17,2,1,52.9,EASIER
2,25.87,98.41,10,4,2,59.68,EASIER
2,33.47,100.98,8,2,1,58.88,EASIER
1,93.65,22.72,2,0,0,61.75,SAME
2,25.0,97.85,14,8,3,56.24,EASIER
5,25.0,289.65,24,6,2,68.07,EASIER
3,26.96,101.33,13,1,0,50.89,SAME
4,28.77,107.7,18,3,0,72.65,HARDER
3,26.86,171.0,17,5,3,41.68,EASIER
1,95.68,28.78,2,0,0,100.0,HARDER
5,25.0,225.69,24,6,3,56.06,EASIER
2,32.2,80.61,9,3,1,49.62,SAME
2,51.84,41.96,6,0,0,79.26,HARDER
4,29.11,111.01,16,1,1,84.14,EASIER
2,25.0,122.54,13,7,2,47.97,SAME
5,27.24,209.98,23,5,2,83.22,EASIER
3,25.0,139.63,20,8,1,63.34,SAME
3,31.3,111.83,13,1,1,64.38,EASIER
4,27.76,143.18,17,2,2,66.83,EASIER
2,53.14,39.16,6,0,0,89.22,HARDER
5,25.0,268.88,22,4,2,54.22,EASIER
3,26.29,142.16,14,2,0,64.04,SAME
2,42.92,63.08,7,1,0,76.47,HARDER
3,25.03,165.96,17,5,1,72.24,SAME
1,100.0,21.33,2,0,0,76.93,HARDER
4,27.38,86.38,17,2,0,89.75,HARDER
3,25.0,134.59,17,5,1,62.87,SAME
4,29.19,115.26,16,1,0,78.78,HARDER
4,32.46,191.51,17,2,0,41.37,SAME
4,25.0,210.76,19,4,3,37.77,EASIER
5,32.91,162.16,22,4,2,63.26,EASIER
4,30.36,141.56,17,2,0,64.57,SAME
5,28.86,189.39,23,5,4,56.72,EASIER
2,48.19,58.12,6,0,0,79.94,HARDER
3,30.82,118.99,13,1,0,75.37,HARDER
1,66.58,53.13,3,1,0,45.24,SAME
2,27.72,101.54,10,4,3,69.82,EASIER
5,26.51,183.34,26,8,2,90.48,SAME
3,25.0,163.06,17,5,2,66.5,EASIER
1,63.42,40.57,3,1,0,82.8,HARDER
3,25.0,110.17,16,4,2,70.11,EASIER
3,30.22,119.06,14,2,0,70.48,HARDER
5,31.53,173.57,21,3,2,55.05,EASIER
5,34.92,191.75,19,1,0,67.25,SAME
1,100.0,30.36,2,0,0,88.49,HARDER
1,40.83,50.86,5,3,2,64.09,SAME
1,96.88,33.12,2,0,0,65.12,HARDER
5,25.0,231.11,22,4,2,62.32,EASIER
3,30.08,73.73,12,0,0,71.63,HARDER
5,27.32,183.66,22,4,3,62.23,EASIER
3,25.0,108.44,15,3,1,63.02,SAME
3,25.0,189.49,18,6,4,65.9,EASIER
3,25.0,124.47,14,2,1,51.52,EASIER
2,40.71,71.06,8,2,0,82.32,HARDER
3,27.64,125.57,15,3,1,58.06,SAME
1,97.9,28.55,2,0,0,97.77,HARDER
4,31.29,226.82,17,2,0,71.43,SAME
2,47.13,77.16,7,1,0,74.07,SAME
5,33.34,142.94,18,0,0,79.86,SAME
4,25.0,223.48,22,7,4,50.61,EASIER
4,33.38,173.94,17,2,0,66.25,HARDER
4,25.0,169.89,21,6,3,70.63,EASIER
1,61.36,37.93,3,1,0,56.79,SAME
5,27.45,206.13,22,4,2,79.5,EASIER
2,43.28,63.37,7,1,0,72.67,HARDER
1,52.8,53.39,4,2,0,88.14,HARDER
1,35.85,84.13,6,4,2,55.38,SAME
1,100.0,22.31,2,0,0,93.77,HARDER
2,34.99,92.0,9,3,0,63.4,SAME
2,27.53,85.33,11,5,0,71.84,HARDER
4,27.29,168.32,18,3,2,77.08,EASIER
5,25.0,235.06,25,7,3,42.04,SAME
5,32.01,136.39,18,0,0,82.94,SAME
3,30.3,93.89,13,1,0,74.86,HARDER
5,25.0,270.71,22,4,1,50.06,EASIER
3,25.0,102.27,14,2,0,84.33,HARDER
4,25.65,152.26,18,3,3,73.68,EASIER
5,30.63,250.71,21,3,3,46.9,EASIER
1,41.87,62.65,5,3,1,47.65,SAME
2,40.03,69.01,7,1,1,60.5,EASIER
1,36.6,56.71,6,4,3,66.56,SAME
5,36.19,143.46,18,0,0,56.54,SAME
3,32.48,104.4,13,1,0,76.22,HARDER
2,45.18,62.09,7,1,0,79.12,HARDER
1,36.39,58.2,5,3,0,39.06,SAME
3,29.08,74.15,12,0,0,69.69,HARDER
3,25.0,80.11,12,0,0,96.0,HARDER
1,96.47,23.01,2,0,0,71.34,HARDER
2,54.6,46.99,6,0,0,100.0,HARDER
5,26.75,241.56,21,3,2,64.82,EASIER
4,26.33,198.7,19,4,1,76.49,SAME
4,25.33,143.89,19,4,1,56.88,EASIER
4,26.77,111.84,17,2,0,79.32,HARDER
5,27.79,141.26,19,1,0,95.55,SAME
3,28.11,87.47,13,1,1,80.58,EASIER
2,51.25,45.32,6,0,0,100.0,HARDER
4,25.0,237.21,22,7,3,39.47,EASIER
5,25.0,224.34,23,5,1,34.8,EASIER
3,25.48,191.84,20,8,4,70.6,EASIER
3,32.11,77.96,12,0,0,90.88,HARDER
5,25.0,182.27,22,4,1,75.46,SAME
4,32.98,155.72,16,1,0,74.61,HARDER
5,25.0,263.28,23,5,2,61.94,EASIER
5,25.83,179.14,23,5,1,86.47,SAME
1,30.53,56.04,6,4,1,39.78,SAME
1,97.71,20.0,2,0,0,59.15,SAME
5,28.02,279.67,22,4,4,47.75,EASIER
4,26.53,108.1,16,1,0,70.23,HARDER
5,27.97,220.77,20,2,1,70.32,EASIER
4,27.68,161.61,20,5,3,49.09,EASIER
1,70.72,33.4,3,1,1,55.59,SAME
1,100.0,41.21,2,0,0,64.21,SAME
2,33.74,100.94,9,3,1,68.05,SAME
4,25.79,104.52,16,1,1,96.45,EASIER
2,44.14,78.75,7,1,0,53.9,SAME
4,25.0,149.08,20,5,2,46.26,EASIER
4,25.0,237.1,23,8,6,37.36,EASIER
3,34.83,90.15,13,1,0,59.24,SAME
5,25.83,189.43,21,3,2,79.43,EASIER
1,49.13,46.28,4,2,1,54.45,SAME
1,25.0,119.94,9,7,4,28.71,SAME
1,25.49,57.53,9,7,0,58.27,SAME
4,25.0,203.91,21,6,1,42.77,SAME
5,28.45,176.47,24,6,3,74.17,EASIER
2,37.86,78.72,8,2,0,68.75,HARDER
5,25.0,239.68,24,6,4,54.05,EASIER
2,47.25,54.84,6,0,0,69.6,HARDER
1,96.12,26.53,2,0,0,68.8,HARDER
2,33.6,72.42,9,3,2,65.43,EASIER
2,40.95,74.06,7,1,0,68.95,HARDER
2,44.19,38.29,6,0,0,94.73,HARDER
2,25.0,116.95,11,5,2,52.46,EASIER
1,99.66,20.84,2,0,0,73.46,HARDER
4,28.23,167.56,19,4,2,75.27,EASIER
5,27.13,166.19,23,5,1,80.47,SAME
3,25.0,152.65,16,4,2,45.23,EASIER
5,28.21,211.28,23,5,2,79.6,EASIER
3,29.83,79.42,12,0,0,100.0,HARDER
4,26.74,224.91,20,5,4,53.1,EASIER
1,100.0,35.21,2,0,0,100.0,HARDER
1,99.49,20.0,2,0,0,72.4,HARDER
5,28.91,216.16,21,3,0,65.11,SAME
2,50.73,30.0,6,0,0,85.59,HARDER
1,96.92,20.0,2,0,0,85.9,HARDER
1,38.93,46.11,5,3,0,79.5,HARDER
3,26.76,150.47,13,1,1,49.62,EASIER
3,30.53,118.85,14,2,0,69.7,HARDER
3,25.0,210.0,20,8,5,28.88,EASIER
5,29.23,192.9,21,3,0,54.67,SAME
4,30.35,147.76,17,2,1,64.68,EASIER
1,43.83,62.63,5,3,0,64.72,SAME
4,25.0,151.47,18,3,2,69.84,EASIER
4,29.51,104.22,17,2,1,75.79,EASIER
5,26.45,282.62,22,4,2,50.43,EASIER
1,100.0,20.0,2,0,0,84.09,HARDER
3,27.4,141.36,14,2,0,37.08,SAME
5,25.0,142.34,20,2,2,83.36,EASIER
3,29.54,108.79,14,2,1,65.77,EASIER
1,100.0,20.0,2,0,0,81.57,HARDER
5,25.96,148.16,22,4,0,48.87,SAME
4,30.48,180.63,17,2,1,75.49,EASIER
2,30.92,72.71,9,3,0,68.51,HARDER
5,35.68,144.6,18,0,0,83.83,SAME
1,100.0,20.0,2,0,0,95.15,HARDER
3,25.55,69.55,13,1,1,91.5,SAME
4,25.0,174.58,19,4,1,60.45,SAME
3,25.0,117.54,14,2,0,72.25,HARDER
2,33.56,70.63,9,3,2,62.02,EASIER
3,25.0,95.36,15,3,1,53.16,SAME
1,99.89,23.22,2,0,0,86.48,HARDER
3,30.52,143.32,16,4,2,81.02,EASIER
4,25.0,142.66,20,5,3,62.75,HARDER
1,42.58,66.14,5,3,2,28.56,SAME
2,54.36,56.4,6,0,0,67.07,HARDER
1,25.37,86.59,7,5,3,27.72,SAME
2,39.14,54.32,7,1,1,55.52,EASIER
1,100.0,20.0,2,0,0,91.24,HARDER
5,30.24,173.16,22,4,4,66.82,EASIER
3,28.38,125.78,15,3,1,66.47,SAME
3,34.38,106.72,12,0,0,84.71,HARDER
3,26.14,134.39,16,4,1,54.02,SAME
5,25.0,212.93,23,5,3,71.48,HARDER
3,26.52,127.15,14,2,1,69.01,EASIER
3,25.0,157.52,16,4,2,64.16,EASIER
2,40.95,77.91,7,1,1,65.8,EASIER
4,27.34,177.36,18,3,0,58.55,SAME
5,40.03,157.28,18,0,0,60.77,SAME
2,29.04,102.36,11,5,1,60.94,SAME
3,27.0,101.12,15,3,2,61.79,EASIER
2,43.89,64.73,7,1,0,58.98,SAME
4,25.0,177.53,18,3,2,66.54,EASIER
5,26.85,231.76,23,5,4,39.8,EASIER
4,25.0,197.77,19,4,3,66.2,EASIER
5,30.31,132.32,19,1,0,78.05,SAME
4,25.0,220.55,21,6,4,58.67,EASIER
1,98.82,21.48,2,0,0,82.23,HARDER
1,42.21,52.58,5,3,0,56.18,SAME
2,44.4,93.72,7,1,1,54.49,EASIER
1,64.91,39.66,3,1,0,62.89,SAME
1,100.0,20.0,2,0,0,100.0,HARDER
4,33.08,123.67,15,0,0,85.33,HARDER
5,25.35,191.95,21,3,1,84.55,SAME
4,34.45,165.39,17,2,0,66.9,HARDER
1,63.09,48.27,3,1,0,56.58,SAME
5,32.3,208.08,18,0,0,88.32,SAME
3,29.61,88.88,13,1,0,62.73,SAME
1,35.63,56.15,6,4,1,57.06,SAME
4,26.79,148.64,21,6,2,39.71,EASIER
3,30.53,107.58,13,1,0,70.54,HARDER
4,30.11,121.76,16,1,0,58.76,SAME
4,29.81,185.73,17,2,2,60.01,EASIER
3,26.46,72.91,14,2,0,82.59,HARDER
2,46.3,43.66,6,0,0,57.17,SAME
4,30.63,202.21,18,3,1,74.21,SAME
5,34.38,136.32,18,0,0,89.4,SAME
5,27.79,235.42,21,3,1,71.06,EASIER
3,25.0,153.08,15,3,1,47.07,EASIER
4,25.0,213.91,21,6,5,62.48,EASIER
3,31.88,102.47,12,0,0,90.58,SAME
3,31.66,130.65,14,2,2,59.35,EASIER
4,25.0,200.62,19,4,3,26.52,EASIER
3,30.23,80.13,13,1,0,83.59,HARDER
3,25.0,153.58,18,6,2,33.44,EASIER
3,29.73,122.57,12,0,0,60.77,SAME
1,100.0,31.39,2,0,0,62.73,SAME
5,29.14,156.74,21,3,2,61.95,EASIER
1,100.0,23.1,2,0,0,100.0,HARDER
3,25.0,128.45,15,3,2,50.18,EASIER
1,25.77,88.38,8,6,4,73.23,SAME
1,99.46,29.66,2,0,0,90.26,HARDER
4,37.85,95.75,15,0,0,89.02,HARDER
2,27.16,75.99,10,4,0,78.31,HARDER
1,29.72,46.64,7,5,0,52.3,SAME
2,30.0,73.48,10,4,1,46.75,SAME
4,26.6,112.77,15,0,0,87.77,HARDER
5,25.91,259.87,22,4,3,45.92,EASIER
1,67.9,29.45,3,1,0,85.73,HARDER
5,28.89,238.33,20,2,1,68.31,EASIER
4,25.0,188.78,20,5,4,45.77,EASIER
3,28.44,85.7,14,2,1,82.44,EASIER
5,25.0,280.49,23,5,2,35.44,EASIER
3,35.22,104.67,13,1,1,79.74,EASIER
1,64.85,20.0,3,1,0,70.32,HARDER
1,97.65,20.0,2,0,0,93.36,HARDER
5,26.86,268.16,21,3,2,62.57,EASIER
3,33.35,90.14,12,0,0,73.64,HARDER
4,25.0,250.0,23,8,4,64.38,EASIER
3,28.86,94.25,16,4,0,71.75,HARDER
3,28.69,71.49,13,1,0,81.19,HARDER
5,34.19,173.79,19,1,0,62.91,SAME
2,50.46,40.57,6,0,0,83.37,HARDER
4,31.32,180.78,19,4,0,62.43,SAME
2,45.26,60.28,7,1,0,73.68,HARDER
3,26.33,117.9,16,4,0,55.75,SAME
3,26.92,135.02,14,2,0,55.41,SAME
2,41.7,52.22,7,1,0,69.78,HARDER
2,38.77,75.86,8,2,0,79.28,HARDER
2,35.13,65.51,8,2,0,68.01,HARDER
3,31.81,82.01,13,1,0,95.26,HARDER
4,26.51,138.93,16,1,0,75.22,HARDER
4,28.34,222.97,18,3,1,48.4,EASIER
1,48.14,26.66,4,2,1,70.06,SAME
1,100.0,23.08,2,0,0,81.45,HARDER
3,29.24,154.12,17,5,4,62.7,EASIER
2,44.32,63.46,7,1,0,77.23,HARDER
2,42.49,85.69,8,2,1,72.17,EASIER
3,30.37,144.06,18,6,2,59.05,SAME
3,35.12,82.82,14,2,1,67.08,EASIER
1,72.5,33.16,3,1,0,71.25,HARDER
3,30.37,107.89,13,1,0,57.74,SAME
2,50.89,43.0,6,0,0,85.71,HARDER
4,27.99,166.3,18,3,2,63.31,EASIER
5,29.76,214.86,24,6,2,63.02,EASIER
5,26.76,229.71,24,6,4,65.73,EASIER
1,97.38,41.05,2,0,0,84.34,HARDER
2,52.09,44.53,6,0,0,75.26,HARDER
5,25.0,290.53,27,9,7,60.99,EASIER
1,100.0,34.03,2,0,0,71.88,HARDER
2,38.13,62.75,8,2,1,78.82,EASIER
1,69.1,31.89,3,1,0,70.14,HARDER
3,28.07,120.27,15,3,2,68.34,EASIER
1,100.0,20.19,2,0,0,71.28,HARDER
1,31.51,63.6,6,4,2,36.71,SAME
4,29.21,99.08,17,2,1,61.59,EASIER
5,25.0,252.05,24,6,5,52.91,EASIER
4,25.0,193.4,20,5,3,58.15,EASIER
3,25.0,130.53,16,4,2,63.4,EASIER
5,28.67,270.2,21,3,3,56.1,EASIER
3,25.0,162.75,20,8,2,57.23,SAME
2,38.48,85.52,8,2,0,49.05,SAME
4,27.14,185.18,16,1,0,58.22,SAME
5,34.06,210.2,19,1,0,68.98,SAME
4,28.54,93.61,16,1,0,77.7,HARDER
5,25.0,227.95,23,5,1,81.63,SAME
5,29.34,243.0,24,6,3,51.2,EASIER
3,28.99,128.39,14,2,1,86.04,EASIER
2,47.8,63.64,7,1,0,59.15,SAME
2,47.42,43.08,6,0,0,98.78,HARDER
4,34.61,126.66,15,0,0,83.67,HARDER
1,96.36,30.35,2,0,0,77.61,HARDER
4,25.0,192.02,19,4,1,63.51,SAME
2,40.51,78.42,7,1,1,84.77,EASIER
4,34.74,107.59,15,0,0,100.0,HARDER
1,60.75,52.81,3,1,1,57.42,SAME
1,98.71,31.36,2,0,0,51.57,SAME
1,98.96,32.11,2,0,0,80.97,HARDER
3,25.0,157.72,17,5,1,68.26,SAME
1,34.43,62.24,6,4,0,48.88,SAME
1,100.0,22.17,2,0,0,72.73,HARDER
2,33.08,87.0,10,4,2,73.23,EASIER
5,30.75,216.97,24,6,2,58.07,EASIER
1,100.0,25.68,2,0,0,59.6,SAME
2,34.76,108.19,9,3,1,86.2,SAME
3,25.0,180.99,17,5,2,43.71,EASIER
4,35.76,146.96,18,3,2,84.58,EASIER
1,66.2,28.09,3,1,0,65.91,HARDER
3,27.62,132.29,15,3,0,52.16,SAME
1,100.0,43.62,2,0,0,83.78,HARDER
2,54.4,37.62,6,0,0,72.38,HARDER
2,34.4,35.77,8,2,0,59.31,SAME
4,29.06,134.88,16,1,0,60.42,SAME
3,32.01,130.71,15,3,0,70.7,HARDER
4,25.0,198.53,20,5,3,64.77,EASIER
2,51.65,44.18,6,0,0,100.0,HARDER
2,40.77,59.13,7,1,1,52.15,EASIER
1,66.03,40.67,3,1,1,100.0,SAME
1,63.93,20.0,3,1,0,83.63,HARDER
3,26.83,109.72,15,3,0,93.07,HARDER
3,31.83,129.62,13,1,1,70.04,EASIER
1,53.75,25.21,4,2,0,91.2,HARDER
3,26.4,143.36,15,3,0,63.78,SAME
3,31.28,96.41,12,0,0,100.0,HARDER
1,98.88,34.18,2,0,0,64.36,SAME
2,44.23,72.01,7,1,0,62.81,SAME
4,38.46,132.87,15,0,0,84.07,HARDER
1,100.0,28.19,2,0,0,64.97,SAME
4,28.35,139.22,16,1,0,99.09,HARDER
5,25.0,189.35,21,3,0,55.3,SAME
2,51.49,72.92,6,0,0,52.88,SAME
1,39.45,68.27,6,4,1,57.43,SAME
1,100.0,35.02,2,0,0,70.8,HARDER
2,30.23,67.86,8,2,0,61.98,SAME
1,25.0,90.57,9,7,2,35.3,SAME
3,25.0,200.21,22,10,2,58.21,EASIER
1,98.65,20.0,2,0,0,87.58,HARDER
1,71.45,34.52,3,1,0,75.88,HARDER
4,38.68,111.32,16,1,1,92.23,EASIER
2,44.44,61.13,7,1,0,77.68,HARDER
5,30.52,263.65,21,3,1,61.32,EASIER
2,51.41,64.99,6,0,0,84.65,EASIER
4,29.05,177.28,20,5,1,68.82,SAME
5,28.39,217.5,22,4,3,53.75,EASIER
3,28.68,95.46,12,0,0,92.49,HARDER
5,26.14,291.64,21,3,2,39.76,EASIER
4,25.59,164.8,23,8,4,56.47,EASIER
5,27.94,216.2,25,7,4,76.42,EASIER
3,30.58,92.14,13,1,0,98.24,HARDER
2,50.76,47.13,6,0,0,64.74,SAME
5,25.0,294.7,27,9,4,61.95,EASIER
3,30.04,125.85,15,3,1,83.28,SAME
4,33.01,85.79,15,0,0,84.59,HARDER
3,25.0,158.39,17,5,4,76.43,EASIER
5,27.27,161.06,19,1,1,71.7,EASIER
1,99.12,34.66,2,0,0,57.75,SAME
1,65.8,35.06,3,1,0,64.94,SAME
3,29.74,109.34,13,1,1,71.34,EASIER
1,99.36,24.16,2,0,0,53.72,SAME
1,38.39,47.61,6,4,2,58.78,SAME
1,97.14,20.0,2,0,0,73.97,HARDER
1,49.04,53.58,4,2,1,76.76,SAME
2,29.07,125.65,11,5,2,35.93,EASIER
3,25.0,177.19,17,5,3,26.04,EASIER
4,30.11,189.05,19,4,3,72.47,EASIER
2,53.4,30.07,6,0,0,100.0,HARDER
4,25.3,180.56,18,3,2,76.92,EASIER
3,36.13,144.24,13,1,0,30.19,SAME
3,33.79,107.43,12,0,0,90.33,HARDER
3,33.1,95.25,13,1,1,84.9,EASIER
5,29.63,264.68,21,3,2,45.95,EASIER
1,100.0,27.08,2,0,0,84.02,HARDER
4,27.14,143.31,17,2,2,57.36,EASIER
4,25.0,184.58,22,7,4,62.67,EASIER
4,36.4,133.2,15,0,0,99.12,HARDER
4,32.34,102.64,17,2,1,50.88,EASIER
5,29.36,300.0,24,6,5,38.99,EASIER
4,27.06,176.65,17,2,1,66.72,EASIER
1,95.82,20.0,2,0,0,95.39,SAME
1,39.79,64.24,5,3,0,36.03,SAME
1,27.54,76.53,7,5,2,64.43,SAME
2,43.85,76.13,7,1,0,55.26,SAME
5,26.82,182.78,18,0,0,66.87,SAME
1,100.0,32.1,2,0,0,70.96,HARDER
3,25.0,140.37,18,6,2,58.03,SAME
1,64.84,47.73,3,1,0,67.98,HARDER
4,31.34,115.88,15,0,0,66.57,HARDER
1,100.0,20.0,2,0,0,99.15,HARDER
4,31.39,165.87,19,4,0,72.63,HARDER
3,28.85,90.58,14,2,1,56.49,EASIER
2,47.31,61.7,6,0,0,73.45,HARDER
2,42.49,82.55,7,1,0,84.0,HARDER
3,37.26,148.78,13,1,0,61.3,SAME
4,25.2,181.12,19,4,0,60.77,SAME
2,45.89,50.22,7,1,0,59.81,SAME
1,97.3,29.94,2,0,0,78.91,HARDER
1,50.85,50.95,4,2,0,84.82,HARDER
4,30.77,144.91,19,4,3,62.41,EASIER
2,34.23,65.05,8,2,0,76.9,HARDER
5,32.08,292.16,21,3,2,35.58,EASIER
4,25.11,250.0,20,5,3,27.46,EASIER
3,29.01,114.31,15,3,0,49.04,SAME
1,65.49,20.99,3,1,0,63.6,SAME
1,100.0,43.74,2,0,0,61.69,SAME
4,27.99,233.46,21,6,3,51.71,EASIER
5,29.11,194.69,22,4,2,65.96,EASIER
5,25.0,137.98,21,3,2,62.51,EASIER
2,46.15,65.69,7,1,0,56.29,SAME
4,34.08,193.68,19,4,2,70.23,EASIER
2,44.51,66.09,7,1,0,68.32,HARDER
4,29.24,122.27,18,3,0,80.77,HARDER
4,26.37,168.94,20,5,2,59.29,EASIER
5,25.0,231.51,25,7,3,52.53,EASIER
2,48.31,70.94,6,0,0,75.07,HARDER
1,63.68,46.99,3,1,0,58.58,SAME
5,31.66,138.08,18,0,0,92.41,SAME
4,25.0,250.0,20,5,5,54.04,EASIER
4,25.0,181.09,16,1,0,100.0,SAME
3,32.42,142.94,16,4,0,45.98,SAME
2,48.21,64.13,7,1,0,67.67,HARDER
5,31.24,217.93,22,4,1,63.12,SAME
4,25.0,209.78,22,7,3,39.08,EASIER
4,29.7,123.08,16,1,0,58.76,SAME
3,25.0,161.97,17,5,2,56.84,EASIER
5,26.33,231.68,27,9,5,58.08,EASIER
2,44.09,74.38,7,1,1,48.41,EASIER
5,31.46,190.19,19,1,0,61.42,SAME
3,28.41,106.92,14,2,0,79.16,HARDER
4,25.0,158.26,21,6,2,49.34,EASIER
2,45.66,48.55,6,0,0,79.34,HARDER
5,28.48,211.52,23,5,2,44.35,EASIER
1,67.87,26.5,3,1,1,81.63,SAME
2,52.86,50.03,6,0,0,82.12,HARDER
1,100.0,25.23,2,0,0,93.09,HARDER
3,25.0,175.84,17,5,3,62.34,EASIER
1,38.27,53.13,5,3,2,69.28,SAME
5,27.03,190.69,23,5,2,61.49,EASIER
2,35.64,59.73,9,3,0,58.82,SAME
5,26.56,191.68,24,6,1,72.97,SAME
2,39.71,52.03,7,1,0,65.16,HARDER
2,50.23,59.97,6,0,0,81.5,HARDER
3,31.82,68.44,12,0,0,100.0,SAME
4,36.0,131.35,16,1,0,60.2,SAME
3,31.53,81.67,13,1,0,62.99,SAME
4,25.0,197.43,19,4,1,63.71,SAME
1,71.12,38.47,3,1,0,74.16,HARDER
5,29.47,166.31,19,1,0,93.21,SAME
4,28.84,247.73,19,4,3,65.25,EASIER
2,39.66,66.73,8,2,0,66.55,HARDER
4,27.88,221.8,18,3,2,54.16,EASIER
5,31.37,187.38,19,1,0,66.82,SAME
1,50.27,41.99,4,2,1,80.98,SAME
5,30.91,300.0,20,2,1,39.37,EASIER
3,25.0,197.88,19,7,1,52.3,EASIER
4,32.75,116.82,15,0,0,84.72,HARDER
4,28.99,168.52,17,2,0,82.16,HARDER
2,39.34,80.02,7,1,0,66.44,HARDER
5,33.06,148.52,21,3,0,75.99,SAME
4,25.0,205.15,22,7,6,59.62,EASIER
2,32.57,99.1,9,3,0,68.98,HARDER
3,26.94,76.5,13,1,1,97.6,EASIER
5,26.66,141.26,19,1,0,93.49,SAME
5,28.72,247.29,19,1,1,52.54,EASIER
1,63.94,42.42,3,1,0,59.0,SAME
2,52.62,45.89,6,0,0,82.13,HARDER
5,27.1,169.1,23,5,1,57.29,SAME
4,30.91,112.78,16,1,1,57.89,EASIER
2,43.6,61.57,7,1,1,64.02,EASIER
4,32.97,164.86,16,1,0,80.71,HARDER
4,32.54,126.15,16,1,0,72.19,HARDER
2,48.84,47.19,6,0,0,76.42,HARDER
3,31.72,153.01,13,1,1,37.84,EASIER
5,25.0,210.91,22,4,3,62.97,EASIER
2,30.69,63.45,9,3,1,61.84,SAME
1,70.45,25.82,3,1,0,61.27,SAME
4,26.27,178.74,18,3,1,75.76,SAME
2,30.54,86.27,10,4,1,40.27,SAME
5,29.18,223.91,22,4,1,78.46,SAME
4,25.7,141.68,22,7,3,63.91,EASIER
4,27.49,200.45,19,4,2,58.16,EASIER
5,26.16,228.34,21,3,1,49.93,EASIER
5,28.42,186.06,19,1,0,89.58,SAME
2,44.31,79.82,8,2,0,67.96,HARDER
4,34.83,112.57,15,0,0,99.7,HARDER
4,25.0,250.0,23,8,4,37.48,EASIER
5,31.48,197.16,19,1,0,67.26,SAME
4,31.37,204.02,18,3,2,45.68,EASIER
4,28.45,109.58,17,2,0,61.83,SAME
3,31.65,70.87,12,0,0,76.39,HARDER
2,34.65,72.52,8,2,1,48.21,EASIER
4,32.98,84.62,15,0,0,100.0,HARDER
2,52.55,48.35,6,0,0,90.23,HARDER
5,26.91,163.96,21,3,1,66.43,SAME
1,34.52,45.06,6,4,0,68.8,HARDER
3,26.07,151.28,17,5,2,60.24,EASIER
3,32.95,107.2,12,0,0,81.41,HARDER
1,47.98,46.83,4,2,0,44.91,SAME
5,27.12,300.0,24,6,3,25.0,EASIER
4,32.04,116.19,17,2,1,61.97,EASIER
2,55.69,54.16,6,0,0,80.19,HARDER
3,25.0,162.32,17,5,2,43.49,EASIER
5,33.08,213.18,20,2,2,71.64,EASIER
5,33.18,119.64,18,0,0,78.68,SAME
5,34.41,160.48,20,2,0,82.48,SAME
5,35.78,206.49,21,3,1,68.38,EASIER
2,45.94,74.72,7,1,0,54.31,SAME
2,44.19,59.15,7,1,1,65.7,EASIER
4,35.66,116.4,15,0,0,93.36,HARDER
2,52.28,56.35,6,0,0,86.41,HARDER
1,52.93,20.0,4,2,0,52.96,SAME
2,50.65,37.15,6,0,0,66.49,HARDER
1,30.7,77.19,7,5,2,49.93,SAME
1,100.0,20.0,2,0,0,87.12,HARDER
4,25.22,127.88,16,1,0,82.48,HARDER
2,49.07,73.61,6,0,0,70.31,HARDER
1,96.92,20.0,2,0,0,75.21,HARDER
2,25.0,160.0,18,12,5,35.14,EASIER
3,25.0,156.63,17,5,3,48.99,EASIER
1,100.0,44.22,2,0,0,84.88,HARDER
1,99.65,20.0,2,0,0,76.32,HARDER
4,32.56,118.28,17,2,1,100.0,EASIER
2,25.31,86.09,11,5,0,83.61,HARDER
1,69.1,30.66,3,1,0,61.95,SAME
5,25.0,300.0,30,12,9,55.45,HARDER
2,39.34,81.73,7,1,1,66.04,EASIER
1,100.0,48.34,2,0,0,79.27,HARDER
1,34.17,51.87,6,4,0,44.39,SAME
5,25.0,300.0,28,10,4,35.98,EASIER
1,68.15,23.06,3,1,1,67.54,SAME
3,25.0,150.57,16,4,2,56.42,EASIER
4,30.82,159.79,18,3,1,58.63,EASIER
4,30.25,135.3,17,2,0,68.16,HARDER
5,37.07,225.38,20,2,1,61.92,EASIER
4,30.56,129.84,18,3,1,82.3,SAME
2,47.76,50.32,6,0,0,99.88,HARDER
4,28.44,169.46,19,4,4,61.49,EASIER
2,38.58,98.86,8,2,1,47.32,EASIER
3,25.0,173.62,15,3,3,61.41,EASIER
3,31.98,99.44,13,1,1,68.81,EASIER
1,46.76,52.82,4,2,1,50.35,SAME
2,31.51,101.6,9,3,0,58.35,SAME
3,25.46,122.08,15,3,1,62.58,SAME
5,27.9,271.35,23,5,4,62.97,EASIER
5,25.0,300.0,26,8,5,41.71,EASIER
4,29.37,177.43,17,2,0,41.88,SAME
5,30.44,189.73,22,4,1,48.36,SAME
3,25.0,135.72,19,7,3,53.91,EASIER
2,50.09,43.24,6,0,0,77.09,HARDER
5,25.0,136.54,19,1,1,82.55,EASIER
1,100.0,22.55,2,0,0,70.68,HARDER
3,28.3,102.66,14,2,1,85.41,EASIER
5,26.64,138.89,21,3,0,75.18,SAME
4,31.99,108.73,15,0,0,96.75,HARDER
2,32.39,85.04,11,5,0,79.77,HARDER
2,37.46,54.64,8,2,1,86.2,EASIER
5,26.86,172.36,21,3,1,80.02,SAME
4,33.84,91.47,15,0,0,87.66,HARDER
4,25.0,217.46,20,5,3,77.56,EASIER
5,25.0,300.0,26,8,5,34.14,EASIER
2,36.6,54.14,8,2,0,67.57,HARDER
3,35.47,54.96,12,0,0,100.0,HARDER
3,31.77,147.29,13,1,1,69.81,EASIER
5,35.17,196.91,19,1,0,63.8,SAME
3,34.5,77.9,12,0,0,72.24,HARDER
5,30.57,119.37,19,1,0,99.32,SAME
4,26.54,202.02,20,5,1,49.0,SAME
1,98.58,36.54,2,0,0,87.33,HARDER
2,43.73,73.26,8,2,0,73.91,HARDER
5,25.0,300.0,29,11,7,63.32,EASIER
2,41.34,73.05,7,1,0,100.0,HARDER
1,65.89,34.06,3,1,1,69.73,SAME
2,54.26,39.53,6,0,0,100.0,HARDER
5,28.39,169.04,19,1,0,83.89,SAME
3,26.52,156.0,16,4,3,62.07,EASIER
2,38.11,99.32,9,3,2,83.05,EASIER
4,25.0,190.09,21,6,1,71.6,SAME
4,25.0,130.27,20,5,2,80.38,SAME
4,26.42,150.43,21,6,0,70.16,HARDER
4,29.48,122.66,16,1,0,62.42,SAME
5,25.0,254.56,24,6,3,54.16,EASIER
1,64.08,35.55,3,1,0,76.98,HARDER
5,28.97,155.86,20,2,1,89.6,EASIER
4,25.0,215.7,20,5,3,71.32,EASIER
3,37.68,133.37,13,1,1,67.88,EASIER
5,26.13,158.69,23,5,3,76.76,EASIER
3,29.45,155.77,15,3,1,64.89,SAME
2,48.54,69.48,6,0,0,73.91,HARDER
4,30.27,138.58,16,1,1,74.94,EASIER
4,25.0,199.44,19,4,3,64.45,EASIER
1,63.76,52.11,3,1,0,64.51,SAME
4,31.16,129.0,16,1,1,59.02,EASIER
4,25.0,147.9,18,3,3,76.33,EASIER
4,27.47,150.65,16,1,1,72.28,EASIER
3,28.17,96.84,14,2,1,52.49,EASIER
4,30.59,133.48,17,2,1,74.13,EASIER
4,36.25,212.49,16,1,1,37.33,EASIER
3,35.74,79.91,12,0,0,97.25,HARDER
5,25.0,187.22,20,2,0,64.05,SAME
4,32.01,150.41,17,2,1,64.76,EASIER
4,29.51,228.71,19,4,1,46.94,EASIER
4,28.35,174.12,18,3,1,53.04,EASIER
1,100.0,27.3,2,0,0,96.18,HARDER
3,25.0,121.55,17,5,2,62.79,EASIER
2,40.88,78.61,8,2,1,69.78,EASIER
3,27.75,141.55,15,3,1,67.35,SAME
5,27.54,166.47,21,3,1,88.3,SAME
4,25.18,225.72,18,3,2,25.46,EASIER
5,33.98,153.36,19,1,1,98.31,EASIER
4,33.95,106.83,16,1,1,82.04,EASIER
3,27.53,101.19,14,2,1,88.4,EASIER
3,27.55,132.46,14,2,0,71.9,HARDER
3,32.2,81.15,12,0,0,89.73,HARDER
5,34.6,199.72,20,2,0,42.99,SAME
2,53.67,34.38,6,0,0,100.0,HARDER
1,96.51,25.21,2,0,0,100.0,HARDER
3,25.0,180.9,21,9,4,64.21,EASIER
5,30.82,245.15,22,4,3,48.08,EASIER
1,49.67,34.96,4,2,0,79.24,HARDER
5,25.0,289.56,24,6,5,29.08,EASIER
4,27.42,141.31,20,5,1,59.39,HARDER
4,30.7,157.59,18,3,1,76.92,SAME
3,25.17,164.3,17,5,2,44.24,EASIER
5,31.03,171.87,21,3,2,91.25,EASIER
5,31.49,210.65,20,2,1,73.03,EASIER
1,100.0,20.57,2,0,0,69.07,HARDER
5,28.7,249.09,22,4,2,58.21,EASIER
1,47.28,45.34,4,2,1,54.96,SAME
1,69.0,45.14,3,1,0,64.12,SAME
3,25.0,161.15,17,5,2,68.58,EASIER
3,37.67,61.02,12,0,0,91.06,HARDER
5,31.31,300.0,22,4,1,64.98,EASIER
5,30.13,203.01,23,5,3,55.72,SAME
1,98.85,20.0,2,0,0,65.27,HARDER
1,46.25,45.2,4,2,0,47.99,SAME
3,27.4,146.27,17,5,2,64.51,EASIER
4,25.0,199.01,19,4,1,55.08,SAME
3,25.0,148.42,17,5,4,71.03,EASIER
2,34.85,96.46,9,3,2,51.04,EASIER
5,36.54,137.46,18,0,0,99.35,SAME
5,25.0,179.79,22,4,3,70.99,EASIER
1,99.16,38.55,2,0,0,72.08,HARDER
4,32.85,132.73,15,0,0,58.84,SAME
2,28.83,108.22,10,4,1,47.93,SAME
1,66.68,46.16,3,1,0,69.14,HARDER
3,31.06,136.39,14,2,1,67.65,EASIER
2,35.79,75.87,9,3,1,81.03,HARDER
1,100.0,38.73,2,0,0,68.17,HARDER
1,100.0,25.58,2,0,0,90.33,HARDER
3,26.68,84.67,16,4,0,60.38,SAME
1,95.27,20.0,2,0,0,78.11,HARDER
1,48.83,38.58,4,2,0,81.95,HARDER
3,34.44,132.72,13,1,0,55.84,SAME
2,51.38,48.83,6,0,0,94.78,HARDER
2,29.27,104.37,11,5,1,47.09,SAME
1,97.62,27.94,2,0,0,100.0,HARDER
3,28.03,100.7,14,2,0,68.44,HARDER
3,30.43,88.91,12,0,0,82.34,HARDER
2,46.43,39.81,6,0,0,100.0,HARDER
2,37.5,49.02,8,2,0,63.16,SAME
5,25.0,241.29,24,6,4,56.8,EASIER
5,28.54,223.97,20,2,0,53.66,SAME
5,25.0,300.0,26,8,6,50.29,EASIER
1,100.0,20.0,2,0,0,78.17,HARDER
2,35.52,68.9,8,2,1,49.94,EASIER
5,29.5,188.12,21,3,2,71.96,EASIER
5,31.61,149.44,20,2,0,63.85,HARDER
1,33.52,44.92,5,3,3,68.21,SAME
3,29.47,79.28,12,0,0,76.27,HARDER
5,28.0,248.27,21,3,3,53.89,EASIER
5,31.78,193.24,22,4,4,58.24,EASIER
4,27.51,235.12,19,4,4,48.52,EASIER
1,67.73,44.37,3,1,0,91.47,HARDER
2,37.7,82.09,8,2,1,63.94,EASIER
3,26.29,154.67,16,4,0,53.5,SAME
3,32.22,168.95,15,3,3,26.61,EASIER
4,25.76,154.72,20,5,1,59.68,SAME
4,25.0,250.0,22,7,4,46.2,EASIER
3,25.0,170.2,16,4,4,57.88,EASIER
1,100.0,31.49,2,0,0,73.4,HARDER
4,25.0,144.13,19,4,4,77.76,HARDER
2,34.97,73.2,8,2,1,70.29,EASIER
3,28.9,87.87,12,0,0,100.0,HARDER
3,25.0,161.87,16,4,1,55.37,SAME
5,25.4,178.06,24,6,4,56.48,EASIER
5,25.0,278.8,25,7,7,39.78,EASIER
3,29.28,146.7,14,2,1,48.42,EASIER
1,27.98,48.01,6,4,1,63.43,SAME
4,33.1,187.47,17,2,0,75.09,SAME
5,25.0,218.85,21,3,1,62.43,EASIER
3,28.07,121.7,14,2,1,49.22,EASIER
1,68.61,34.04,3,1,0,57.84,SAME
3,25.0,115.05,16,4,2,72.16,EASIER
4,27.16,141.61,17,2,0,56.08,SAME
2,43.77,77.16,7,1,1,75.63,EASIER
4,29.23,189.13,17,2,1,29.86,EASIER
5,32.16,164.13,19,1,0,69.49,SAME
3,25.0,127.81,16,4,0,59.13,SAME
5,25.0,233.96,21,3,2,85.01,EASIER
2,41.82,64.6,8,2,1,54.27,EASIER
3,29.14,94.73,13,1,0,100.0,HARDER
5,31.99,219.27,20,2,0,76.59,SAME
3,36.42,110.73,12,0,0,62.23,SAME
2,32.17,82.23,9,3,0,54.25,SAME
1,100.0,20.0,2,0,0,92.13,HARDER
5,27.45,174.87,21,3,2,69.61,EASIER
5,30.98,221.5,23,5,2,67.38,EASIER
3,25.0,123.17,16,4,1,70.08,SAME
3,25.0,143.0,15,3,3,54.93,EASIER
1,48.13,42.89,4,2,0,64.28,SAME
5,26.53,250.64,23,5,3,67.58,EASIER
1,53.3,39.82,4,2,1,58.61,SAME
4,25.0,237.99,28,13,4,57.28,EASIER
1,96.71,34.87,2,0,0,65.99,HARDER
3,25.62,96.96,15,3,2,54.29,EASIER
1,48.1,42.03,4,2,0,53.36,SAME
2,47.95,56.75,6,0,0,83.22,HARDER
1,26.37,87.18,8,6,3,54.36,SAME
4,31.97,108.27,15,0,0,100.0,HARDER
3,31.19,67.93,12,0,0,68.28,HARDER
2,54.21,68.36,6,0,0,78.22,HARDER
3,33.08,95.99,12,0,0,61.06,SAME
5,25.0,300.0,25,7,3,42.71,EASIER
2,55.82,47.65,6,0,0,83.47,HARDER
1,67.21,20.0,3,1,0,50.84,SAME
5,25.0,162.49,22,4,1,74.85,SAME
3,29.84,144.63,14,2,1,76.13,EASIER
3,28.4,133.9,16,4,1,64.6,SAME
2,49.3,75.71,6,0,0,84.15,HARDER
4,31.32,211.25,21,6,3,56.56,EASIER
4,30.32,159.75,17,2,1,50.46,EASIER
1,100.0,45.62,2,0,0,68.29,HARDER
3,30.2,97.32,13,1,0,61.43,SAME
5,28.22,300.0,25,7,4,29.79,EASIER
1,38.87,80.77,5,3,2,42.83,SAME
1,49.13,30.52,4,2,1,68.01,SAME
4,26.59,189.28,19,4,2,70.05,EASIER
3,31.95,99.16,13,1,0,54.33,SAME
5,26.09,257.75,24,6,6,38.75,EASIER
5,28.68,156.13,19,1,0,90.05,SAME
2,33.52,108.95,10,4,2,77.16,EASIER
1,71.52,37.85,3,1,1,65.33,SAME
3,26.53,130.23,18,6,2,47.93,EASIER
1,98.03,43.7,2,0,0,50.61,SAME
1,25.0,100.27,8,6,4,25.0,SAME
3,35.48,114.72,12,0,0,67.56,HARDER
1,50.07,51.61,4,2,1,72.81,SAME
1,66.62,47.06,3,1,0,82.4,HARDER
4,25.0,229.69,20,5,3,62.19,EASIER
5,25.0,189.12,20,2,0,70.93,SAME
5,33.13,250.57,20,2,0,43.43,EASIER
4,29.25,212.29,16,1,0,50.65,EASIER
4,29.29,93.63,16,1,1,81.45,EASIER
2,52.03,80.55,6,0,0,60.17,SAME
3,27.15,77.56,13,1,1,72.22,EASIER
5,26.52,290.59,23,5,2,57.26,SAME
2,55.13,49.64,6,0,0,93.39,HARDER
3,35.35,84.8,12,0,0,63.92,SAME
2,42.28,91.57,7,1,0,68.8,HARDER
4,32.33,177.93,16,1,0,82.53,HARDER
1,50.28,46.64,4,2,1,57.77,SAME
3,25.0,140.13,17,5,1,61.54,SAME
4,29.52,166.2,18,3,3,72.64,EASIER
4,30.57,132.72,17,2,1,86.33,EASIER
4,30.62,97.23,16,1,0,85.07,HARDER
3,25.0,90.59,16,4,0,63.91,SAME
5,25.0,241.86,22,4,2,76.95,EASIER
5,33.21,300.0,23,5,4,47.58,EASIER
4,25.0,135.4,17,2,2,63.61,EASIER
3,25.0,129.96,17,5,1,65.21,HARDER
2,50.65,39.88,6,0,0,76.56,HARDER
2,28.82,110.03,9,3,0,60.2,SAME
1,95.86,26.52,2,0,0,56.29,SAME
1,62.41,21.3,3,1,0,80.33,HARDER
4,31.98,177.96,17,2,1,67.59,EASIER
4,27.95,108.39,17,2,0,88.35,HARDER
2,50.31,45.22,6,0,0,91.76,HARDER
1,70.78,30.1,3,1,0,56.71,SAME
2,25.0,105.89,13,7,3,48.51,EASIER
5,25.11,249.6,22,4,2,40.86,EASIER
5,31.88,110.49,18,0,0,94.6,SAME
1,42.19,60.29,5,3,1,47.01,SAME
3,26.8,150.49,15,3,0,52.54,SAME
2,48.92,59.61,6,0,0,52.96,SAME
5,25.45,300.0,22,4,1,39.0,EASIER
4,25.0,230.17,23,8,3,50.22,EASIER
1,32.57,68.68,6,4,2,60.17,SAME
5,30.62,197.89,22,4,3,70.21,EASIER
1,67.53,31.59,3,1,0,75.0,HARDER
4,25.0,147.63,22,7,3,73.68,EASIER
4,27.57,137.1,18,3,1,78.29,SAME
5,30.1,276.31,21,3,2,73.0,EASIER
3,29.78,81.48,12,0,0,78.06,HARDER
4,35.9,201.46,15,0,0,64.1,SAME
5,30.39,196.16,21,3,1,61.71,EASIER
4,31.71,134.37,17,2,1,64.2,EASIER
2,34.12,78.33,9,3,1,68.69,SAME
1,63.6,31.89,3,1,0,64.45,SAME
2,51.68,65.89,6,0,0,65.92,HARDER
4,25.0,174.54,23,8,2,68.09,SAME
2,40.1,56.0,7,1,0,66.5,HARDER
1,25.0,63.75,8,6,1,72.31,HARDER
3,36.13,117.94,12,0,0,58.37,SAME
2,44.33,87.13,7,1,0,79.4,HARDER
3,27.08,85.45,14,2,0,78.09,HARDER
2,31.03,89.75,9,3,3,44.34,EASIER
1,100.0,26.84,2,0,0,91.3,HARDER
2,50.32,65.03,6,0,0,49.31,SAME
5,25.0,178.06,21,3,1,68.54,SAME
2,46.07,63.72,6,0,0,72.57,HARDER
2,50.56,31.06,6,0,0,86.05,HARDER
5,25.0,206.67,23,5,2,59.73,EASIER
3,26.66,143.39,14,2,2,56.56,EASIER
5,25.0,289.48,27,9,6,38.87,EASIER
4,32.23,166.0,15,0,0,50.42,SAME
2,30.2,86.97,10,4,1,66.64,SAME
2,52.82,51.05,6,0,0,83.63,HARDER
4,26.63,160.3,21,6,4,59.33,EASIER
1,97.81,22.85,2,0,0,87.15,HARDER
2,50.61,61.39,7,1,0,56.66,SAME
5,25.0,297.34,25,7,5,39.74,EASIER
3,25.0,161.21,15,3,2,56.97,EASIER
4,25.0,230.67,20,5,3,54.38,EASIER
5,25.0,241.77,22,4,1,50.54,EASIER
4,29.79,182.07,18,3,3,85.01,EASIER
5,28.44,300.0,21,3,2,35.27,EASIER
4,26.51,178.82,18,3,2,53.13,EASIER
4,28.87,204.04,20,5,2,71.91,EASIER
2,55.24,63.05,6,0,0,74.78,HARDER
5,28.78,247.83,22,4,2,76.91,EASIER
5,29.8,150.71,21,3,1,36.84,EASIER
2,32.47,86.01,8,2,1,66.77,EASIER
5,30.65,147.39,20,2,1,100.0,EASIER
3,27.91,174.75,16,4,3,49.99,EASIER
1,100.0,20.0,2,0,0,69.15,HARDER
5,30.88,294.08,23,5,4,42.84,EASIER
5,25.0,300.0,25,7,5,45.1,EASIER
5,29.49,199.08,20,2,0,61.06,SAME
1,73.91,25.63,3,1,0,61.12,SAME
5,25.0,253.48,28,10,4,65.17,EASIER
3,26.64,148.64,14,2,2,67.68,EASIER
5,28.84,166.64,20,2,0,73.5,SAME
3,29.53,116.25,15,3,2,58.03,EASIER
1,92.54,34.65,2,0,0,87.78,HARDER
1,94.39,34.42,2,0,0,81.05,HARDER
1,98.81,35.15,2,0,0,85.27,HARDER
2,43.86,62.49,7,1,1,95.59,EASIER
3,30.88,135.02,14,2,0,41.46,SAME
1,66.3,68.85,3,1,0,53.34,SAME
3,27.43,147.06,15,3,2,59.55,EASIER
3,28.04,98.53,15,3,2,63.5,EASIER
4,27.04,231.87,19,4,2,72.25,EASIER
3,33.5,97.69,13,1,0,73.62,HARDER
3,39.76,91.98,13,1,0,86.92,HARDER
1,98.4,20.0,2,0,0,62.32,SAME
5,25.0,300.0,34,16,8,29.63,EASIER
2,39.31,75.8,7,1,0,75.42,HARDER
5,28.84,221.98,20,2,2,76.82,EASIER
4,26.73,212.19,19,4,0,50.28,EASIER
5,26.31,131.79,21,3,0,93.85,SAME
5,25.0,264.42,27,9,5,53.52,EASIER
2,52.36,72.84,6,0,0,73.68,HARDER
5,30.37,189.27,20,2,2,70.71,EASIER
4,25.0,179.55,21,6,3,55.74,EASIER
1,99.05,20.0,2,0,0,64.97,SAME
4,37.11,110.55,15,0,0,73.43,HARDER
1,100.0,38.86,2,0,0,91.57,HARDER
1,97.02,26.92,2,0,0,72.24,HARDER
1,66.7,48.04,3,1,0,71.31,HARDER
1,98.15,27.14,2,0,0,82.76,HARDER
2,49.07,41.66,6,0,0,84.12,SAME
1,68.36,61.99,3,1,0,44.43,SAME
2,40.97,52.25,7,1,0,88.4,HARDER
2,25.2,124.05,10,4,3,60.75,EASIER
3,34.89,114.48,13,1,0,69.61,HARDER
5,25.6,231.68,19,1,1,76.64,EASIER
5,32.93,134.08,19,1,0,87.1,SAME
2,44.1,43.67,7,1,0,68.2,HARDER
4,32.7,117.34,16,1,0,82.91,HARDER
1,65.73,33.5,3,1,0,82.96,HARDER
1,60.17,53.23,3,1,0,75.16,HARDER
3,34.85,66.88,12,0,0,99.21,HARDER
5,26.88,158.97,22,4,1,76.72,SAME
2,43.27,56.36,7,1,0,89.36,HARDER
5,27.21,217.95,24,6,3,64.01,EASIER
2,42.7,69.66,7,1,0,73.68,HARDER
3,28.74,77.63,13,1,0,74.13,HARDER
3,29.85,126.77,14,2,0,58.75,SAME
5,27.73,278.12,23,5,3,59.06,EASIER
5,29.32,278.28,22,4,2,58.29,EASIER
3,25.0,142.91,19,7,4,58.16,EASIER
3,37.25,78.69,12,0,0,90.62,HARDER
2,27.24,112.75,10,4,1,48.5,SAME
4,25.0,184.61,20,5,4,59.0,EASIER
5,25.35,260.99,25,7,4,38.06,EASIER
5,30.31,113.03,19,1,0,88.81,SAME
1,48.83,38.61,4,2,0,51.22,SAME
5,25.28,265.28,21,3,2,58.11,EASIER
1,66.81,36.28,3,1,0,52.17,SAME
1,99.76,20.0,2,0,0,79.82,HARDER
1,96.35,45.01,2,0,0,77.21,HARDER
4,29.21,117.94,17,2,0,73.2,HARDER
5,28.84,300.0,25,7,4,30.8,EASIER
3,25.24,130.63,15,3,2,54.67,EASIER
5,26.66,250.86,23,5,3,31.19,EASIER
4,37.26,111.27,15,0,0,72.84,HARDER
3,29.1,66.03,14,2,0,86.2,HARDER
4,25.87,203.27,18,3,1,34.77,EASIER
4,25.0,178.68,19,4,3,73.55,EASIER
3,28.58,108.58,14,2,0,63.1,SAME
1,100.0,32.39,2,0,0,88.27,HARDER
1,71.26,32.83,3,1,0,63.5,SAME
1,100.0,20.0,2,0,0,80.77,HARDER
4,29.23,156.19,18,3,1,57.03,EASIER
5,25.0,244.8,24,6,3,40.56,EASIER
5,30.12,273.94,26,8,6,65.42,EASIER
5,25.41,209.29,22,4,1,79.13,SAME
2,50.04,38.7,6,0,0,85.64,HARDER
2,56.8,65.93,6,0,0,72.96,HARDER
4,25.0,196.93,22,7,3,63.63,EASIER
3,26.81,145.91,15,3,3,55.38,EASIER
1,65.18,22.09,3,1,0,79.26,HARDER
4,29.12,176.74,16,1,1,76.03,EASIER
5,33.86,183.19,20,2,1,75.92,EASIER
3,25.0,184.34,16,4,1,65.5,SAME
1,100.0,21.43,2,0,0,82.69,HARDER
3,34.68,84.23,12,0,0,68.54,HARDER
5,25.0,242.76,23,5,2,62.64,EASIER
4,33.18,124.76,15,0,0,85.71,HARDER
4,25.47,157.83,19,4,2,86.88,EASIER
5,35.98,191.06,19,1,0,70.41,SAME
4,25.66,206.08,18,3,3,25.0,EASIER
4,25.21,166.59,21,6,1,86.58,HARDER
5,25.08,223.1,24,6,2,50.41,EASIER
4,26.1,221.09,19,4,2,68.58,EASIER
4,25.0,130.03,17,2,0,76.69,HARDER
1,71.37,34.09,3,1,0,68.59,HARDER
5,25.0,249.8,24,6,5,25.0,EASIER
3,30.12,163.65,16,4,1,61.95,SAME
5,25.0,299.41,23,5,3,54.04,EASIER
4,27.24,193.82,20,5,2,51.34,EASIER
4,35.07,144.34,17,2,1,64.47,EASIER
4,34.34,109.35,16,1,1,71.09,EASIER
4,27.84,137.51,20,5,2,55.87,EASIER
5,29.58,272.02,21,3,1,52.8,EASIER
4,26.64,113.91,17,2,0,81.28,HARDER
3,26.68,79.21,14,2,1,59.16,EASIER
4,28.23,159.58,17,2,0,74.96,HARDER
5,32.84,165.02,20,2,1,54.71,EASIER
3,32.79,110.81,13,1,0,67.7,HARDER
5,31.62,130.66,18,0,0,99.05,SAME
5,25.0,184.74,24,6,2,77.89,SAME
3,31.13,120.91,14,2,1,59.04,EASIER
1,67.84,25.8,3,1,0,65.87,HARDER
3,30.8,90.34,13,1,1,83.1,EASIER
5,28.69,135.26,22,4,1,68.37,SAME
5,26.4,292.53,23,5,2,54.56,EASIER
1,36.44,72.67,5,3,1,54.9,SAME
5,28.82,223.37,21,3,2,68.99,EASIER
5,30.95,215.86,19,1,1,63.54,EASIER
1,97.55,28.4,2,0,0,72.97,HARDER
2,40.79,64.42,7,1,0,63.59,SAME
1,95.82,36.36,2,0,0,75.57,HARDER
3,25.0,96.89,15,3,0,92.06,HARDER
5,25.56,182.03,21,3,2,57.87,EASIER
3,29.0,79.04,13,1,0,77.24,SAME
5,25.0,242.76,26,8,2,51.5,EASIER
1,98.49,50.41,2,0,0,83.46,HARDER
5,36.44,175.79,19,1,0,72.73,SAME
5,29.83,147.49,20,2,0,88.01,SAME
4,26.08,110.97,16,1,1,55.76,EASIER
2,31.94,89.0,9,3,2,42.2,EASIER
4,35.03,132.64,16,1,0,70.69,HARDER
2,26.62,110.47,11,5,3,33.62,EASIER
5,26.88,164.13,21,3,1,72.7,SAME
4,37.08,128.05,16,1,1,81.96,EASIER
5,31.52,219.87,20,2,1,42.33,EASIER
4,27.59,106.9,17,2,1,86.0,EASIER
1,99.33,22.97,2,0,0,73.51,HARDER
1,95.88,20.0,2,0,0,83.43,HARDER
5,31.12,251.77,22,4,3,54.03,EASIER
4,28.23,121.69,16,1,0,78.8,HARDER
2,51.22,55.84,6,0,0,61.9,SAME
3,25.96,108.63,16,4,1,50.25,SAME
1,100.0,35.99,2,0,0,100.0,HARDER
1,29.58,70.44,6,4,1,50.35,SAME
2,25.76,84.32,9,3,1,72.22,SAME
5,27.51,133.08,22,4,2,74.73,EASIER
2,49.79,64.39,6,0,0,73.15,HARDER
5,26.09,127.24,20,2,1,78.33,EASIER
5,25.0,190.09,21,3,2,61.4,EASIER
2,30.73,81.5,9,3,1,54.49,SAME
3,35.66,97.52,12,0,0,60.86,HARDER
4,25.0,185.68,18,3,2,52.95,EASIER
4,33.38,170.49,16,1,0,66.74,HARDER
4,25.0,174.85,20,5,0,74.4,HARDER
5,33.37,169.95,20,2,1,49.46,EASIER
3,25.0,138.38,19,7,2,55.83,SAME
1,48.43,33.32,4,2,0,62.6,SAME
1,93.27,24.64,2,0,0,91.48,HARDER
1,97.96,20.0,2,0,0,80.0,HARDER
5,27.4,224.04,20,2,1,65.78,EASIER
4,35.22,107.65,15,0,0,62.27,EASIER
4,29.71,177.86,19,4,2,77.87,EASIER
4,31.24,96.74,16,1,1,100.0,EASIER
2,38.15,87.96,8,2,1,68.08,EASIER
2,28.82,103.88,11,5,2,48.58,EASIER
3,35.54,65.91,12,0,0,87.39,HARDER
1,99.72,33.59,2,0,0,74.77,HARDER
2,49.67,46.22,6,0,0,100.0,HARDER
1,53.18,47.33,4,2,0,67.88,HARDER
4,25.0,232.92,22,7,4,45.51,EASIER
4,32.43,126.05,16,1,1,93.39,EASIER
3,33.87,77.75,13,1,1,82.39,EASIER
4,26.12,93.09,17,2,0,78.91,HARDER
4,30.9,85.84,15,0,0,75.66,HARDER
1,100.0,30.45,2,0,0,54.6,SAME
4,25.0,205.39,20,5,3,45.33,HARDER
3,27.28,107.67,13,1,0,54.97,SAME
2,38.38,70.18,8,2,0,66.77,HARDER
4,33.08,131.24,15,0,0,67.42,HARDER
4,33.06,92.16,15,0,0,82.21,HARDER
2,34.47,76.13,9,3,1,64.61,SAME
5,25.0,257.0,22,4,2,65.74,EASIER
4,25.42,183.33,18,3,2,68.61,EASIER
2,39.98,79.96,8,2,0,63.22,SAME
5,26.8,166.68,21,3,1,81.74,SAME
5,29.65,273.85,21,3,2,57.34,EASIER
1,96.75,35.89,2,0,0,88.66,HARDER
2,49.29,43.78,6,0,0,100.0,HARDER
5,31.73,193.89,21,3,2,58.14,EASIER
2,46.7,65.17,7,1,0,75.47,HARDER
1,100.0,47.89,2,0,0,72.45,HARDER
5,25.0,184.4,21,3,2,63.14,EASIER
1,100.0,47.21,2,0,0,72.08,HARDER
5,33.03,139.63,22,4,2,71.78,EASIER
5,28.81,163.98,20,2,2,72.9,EASIER
2,46.3,54.67,7,1,0,68.3,HARDER
1,100.0,30.15,2,0,0,64.1,SAME
1,25.0,56.14,10,8,2,30.58,SAME
4,31.13,229.25,18,3,2,25.0,EASIER
1,100.0,37.37,2,0,0,86.31,HARDER
2,26.88,110.62,11,5,1,55.12,SAME
4,25.0,151.06,19,4,2,75.12,EASIER
1,27.61,89.15,7,5,3,75.56,SAME
2,47.58,66.95,7,1,0,64.43,SAME
3,31.36,116.11,13,1,0,68.49,HARDER
4,25.0,180.79,20,5,3,45.08,EASIER
4,25.0,192.59,20,5,4,75.75,EASIER
1,93.3,23.44,2,0,0,79.43,HARDER
3,26.96,121.31,15,3,1,71.29,SAME
2,49.35,57.56,6,0,0,100.0,HARDER
1,100.0,41.76,2,0,0,74.73,HARDER
4,28.69,138.49,17,2,0,63.14,SAME
5,26.77,230.77,21,3,1,50.44,EASIER
2,36.55,51.43,9,3,0,66.27,HARDER
5,33.86,162.05,20,2,0,76.86,SAME
1,53.26,60.67,4,2,1,46.24,SAME
2,45.52,78.28,7,1,1,67.9,EASIER
1,50.43,42.73,4,2,1,64.03,SAME
3,31.6,134.43,14,2,1,59.99,EASIER
3,25.0,100.43,14,2,2,76.25,EASIER
5,25.0,300.0,23,5,5,37.55,EASIER
1,27.57,80.93,7,5,2,45.26,SAME
3,27.69,116.45,14,2,1,50.5,EASIER
5,25.0,176.32,22,4,3,49.68,EASIER
2,46.21,44.86,6,0,0,100.0,HARDER
5,25.37,178.96,22,4,1,58.15,SAME
5,29.94,199.65,22,4,1,76.06,SAME
4,27.7,149.38,20,5,2,66.26,EASIER
1,70.84,32.09,3,1,0,61.0,SAME
2,29.29,114.2,10,4,2,57.57,EASIER
4,25.42,186.6,18,3,1,52.87,EASIER
4,28.96,140.61,16,1,1,56.5,EASIER
2,49.77,62.18,6,0,0,85.68,HARDER
3,29.77,112.13,14,2,1,60.26,EASIER
4,25.0,165.34,21,6,2,60.31,EASIER
2,44.52,60.34,7,1,0,59.47,SAME
5,28.34,300.0,27,9,9,25.0,EASIER
4,25.0,178.2,21,6,4,42.05,EASIER
4,30.86,133.83,16,1,0,86.05,HARDER
1,97.24,39.06,2,0,0,81.71,HARDER
3,36.46,70.9,12,0,0,89.31,HARDER
2,25.0,94.96,10,4,1,66.64,SAME
1,98.82,23.46,2,0,0,65.25,HARDER
3,30.44,92.97,12,0,0,95.36,HARDER
1,65.86,36.95,3,1,0,72.18,HARDER
2,49.56,47.97,6,0,0,84.72,HARDER
4,32.32,124.92,16,1,1,100.0,EASIER
3,31.82,110.16,13,1,0,65.28,HARDER
3,34.03,87.83,12,0,0,74.23,HARDER
1,52.4,45.98,4,2,1,65.45,SAME
5,25.0,196.42,21,3,1,46.71,EASIER
3,38.76,115.35,12,0,0,78.01,HARDER
4,32.77,232.47,18,3,2,55.59,EASIER
3,34.23,75.34,13,1,0,60.36,SAME
1,98.82,20.0,2,0,0,85.2,HARDER
5,34.56,187.2,19,1,0,68.08,SAME
3,34.28,78.78,12,0,0,67.85,HARDER
4,25.89,144.71,16,1,1,59.37,EASIER
1,96.69,28.54,2,0,0,68.63,HARDER
4,32.82,100.26,15,0,0,96.22,HARDER
2,25.0,95.9,12,6,2,49.95,SAME
3,25.0,125.57,15,3,1,48.7,EASIER
4,25.19,193.27,19,4,0,64.16,SAME
2,46.14,60.18,6,0,0,81.64,HARDER
4,25.0,188.25,19,4,3,65.09,EASIER
1,70.84,29.62,3,1,0,79.26,HARDER
5,25.0,300.0,30,12,7,52.45,EASIER
3,32.07,90.13,12,0,0,87.62,HARDER
5,30.86,289.71,21,3,2,30.68,EASIER
2,43.44,31.52,6,0,0,98.13,HARDER
5,29.22,146.18,21,3,1,89.79,SAME
3,25.0,148.59,17,5,1,78.46,HARDER
1,70.02,27.67,3,1,0,74.44,HARDER
3,31.79,93.99,12,0,0,72.24,HARDER
3,27.96,106.9,13,1,1,68.27,EASIER
2,36.84,87.83,8,2,2,65.07,EASIER
3,26.35,181.67,17,5,1,48.42,EASIER
1,100.0,20.0,2,0,0,79.25,HARDER
4,25.0,213.72,19,4,3,64.77,EASIER
3,35.36,63.94,12,0,0,77.1,HARDER
4,29.29,221.57,18,3,2,69.16,EASIER
2,41.0,96.68,8,2,2,38.68,EASIER
2,36.38,96.67,7,1,1,61.46,EASIER
4,28.15,101.46,20,5,1,92.44,HARDER
2,39.01,37.44,6,0,0,88.22,HARDER
1,63.41,38.53,3,1,0,82.74,HARDER
5,25.0,259.59,25,7,2,46.53,EASIER
2,54.94,76.14,6,0,0,80.58,HARDER
4,28.69,118.14,15,0,0,100.0,HARDER
5,25.0,179.4,22,4,3,87.23,EASIER
1,99.46,28.22,2,0,0,70.69,HARDER
5,26.18,285.64,21,3,0,43.9,EASIER
2,45.05,74.54,7,1,0,56.34,SAME
3,30.35,104.64,13,1,1,81.0,EASIER
2,39.86,82.12,7,1,0,56.67,SAME
2,48.36,43.48,6,0,0,80.15,HARDER
5,28.56,156.3,22,4,1,76.45,HARDER
1,64.86,26.24,3,1,0,80.2,HARDER
2,40.97,57.65,7,1,0,78.44,HARDER
4,28.24,140.21,18,3,0,82.85,HARDER
5,29.47,242.6,20,2,2,64.71,EASIER
3,27.71,98.01,14,2,0,84.68,HARDER
2,39.84,84.89,7,1,0,56.47,SAME
5,27.57,162.59,21,3,1,61.11,EASIER
5,25.0,300.0,25,7,4,33.46,SAME
3,25.0,130.14,16,4,1,61.44,SAME
5,28.36,194.81,23,5,2,70.25,EASIER
3,32.93,84.84,12,0,0,73.63,HARDER
2,26.8,82.6,12,6,1,63.24,SAME
5,25.0,300.0,30,12,9,36.51,EASIER
5,25.0,243.62,25,7,5,56.19,EASIER
1,48.14,36.28,4,2,0,77.15,HARDER
1,66.81,32.99,3,1,0,78.65,HARDER
4,32.4,121.54,16,1,0,68.63,HARDER
2,47.79,33.67,6,0,0,78.34,HARDER
3,25.0,167.27,19,7,4,58.84,EASIER
5,25.17,128.33,19,1,1,93.35,EASIER
3,35.82,82.2,13,1,0,92.43,HARDER
4,30.63,147.81,15,0,0,70.58,HARDER
1,38.08,63.19,5,3,1,29.3,SAME
2,49.15,52.24,6,0,0,71.05,HARDER
5,35.2,155.96,19,1,1,81.77,EASIER
4,25.0,108.75,19,4,3,65.09,EASIER
3,25.14,140.57,16,4,1,59.29,SAME
5,32.49,156.95,20,2,1,76.82,EASIER
2,50.58,55.96,6,0,0,90.3,SAME
4,26.39,182.37,20,5,2,65.96,EASIER
2,33.35,92.58,9,3,2,45.41,EASIER
3,35.98,92.02,12,0,0,82.22,HARDER
3,29.95,57.05,12,0,0,86.34,HARDER
3,31.55,101.03,14,2,0,78.63,HARDER
4,25.0,250.0,19,4,1,55.76,EASIER
2,43.68,59.3,7,1,0,82.19,HARDER
5,25.98,218.1,23,5,2,59.86,EASIER
1,100.0,36.12,2,0,0,79.75,HARDER
3,31.57,103.7,13,1,0,74.93,HARDER
5,25.0,272.38,23,5,3,36.15,EASIER
4,29.4,110.18,16,1,0,65.43,HARDER
4,29.37,141.41,17,2,1,78.87,EASIER
4,33.57,161.98,19,4,1,74.77,SAME
2,46.89,69.28,7,1,0,92.41,HARDER
4,26.12,160.26,19,4,1,70.75,SAME
5,27.53,141.48,21,3,0,70.23,SAME
2,49.53,62.22,6,0,0,70.39,HARDER
5,34.74,172.05,18,0,0,71.49,SAME
1,54.52,62.19,4,2,0,56.88,SAME
2,46.93,47.09,6,0,0,99.59,HARDER
4,30.04,199.41,19,4,3,58.71,EASIER
3,34.77,92.86,13,1,0,100.0,HARDER
5,28.02,154.38,20,2,0,80.9,SAME
3,32.08,92.38,12,0,0,86.93,HARDER
5,28.09,183.35,21,3,1,77.58,SAME
2,54.94,42.61,6,0,0,58.17,SAME
2,49.5,51.43,6,0,0,81.2,HARDER
4,25.03,136.98,16,1,0,77.54,HARDER
4,27.03,174.84,21,6,2,76.9,SAME
5,28.62,221.89,26,8,3,58.44,EASIER
1,100.0,23.26,2,0,0,70.42,HARDER
5,25.0,276.85,24,6,3,54.52,EASIER
4,25.0,198.95,22,7,4,29.23,EASIER
3,35.28,62.28,12,0,0,88.98,HARDER
5,29.33,142.66,21,3,2,80.76,EASIER
4,25.06,205.92,22,7,3,59.93,EASIER
3,25.0,143.74,17,5,0,47.26,SAME
2,25.0,141.12,13,7,3,35.71,EASIER
1,36.33,77.2,5,3,2,50.89,SAME
4,25.0,142.53,17,2,0,57.25,SAME
5,28.28,214.01,24,6,3,60.78,EASIER
3,26.76,146.95,14,2,1,53.93,EASIER
3,28.24,114.23,13,1,1,92.14,EASIER
5,38.64,178.11,18,0,0,63.61,SAME
3,25.0,96.28,16,4,1,71.84,SAME
2,51.4,49.88,6,0,0,81.99,HARDER
2,52.93,60.21,6,0,0,80.19,HARDER
2,39.54,53.73,8,2,1,84.85,EASIER
4,27.19,129.21,20,5,2,67.14,EASIER
2,42.92,83.26,7,1,0,65.8,HARDER
5,34.38,119.1,18,0,0,72.35,SAME
4,29.42,104.64,16,1,0,66.6,HARDER
5,28.85,242.58,23,5,4,55.28,EASIER
4,29.53,162.61,16,1,1,82.63,EASIER
5,25.0,211.56,26,8,6,58.98,EASIER
2,39.22,72.38,8,2,1,70.88,EASIER
5,25.0,300.0,25,7,7,32.79,EASIER
5,36.31,148.73,19,1,0,71.83,SAME
4,31.89,117.76,15,0,0,70.46,HARDER
3,32.77,107.0,12,0,0,76.17,HARDER
2,32.95,90.03,9,3,2,57.45,EASIER
1,70.14,33.87,3,1,0,66.16,HARDER
2,31.86,85.45,9,3,2,56.13,EASIER
2,27.29,114.62,10,4,1,67.88,SAME
2,35.4,70.69,9,3,1,70.44,SAME
5,25.0,215.38,23,5,4,81.32,EASIER
5,29.34,202.43,23,5,2,77.37,EASIER
5,26.62,194.89,23,5,3,58.31,EASIER
2,41.88,66.09,7,1,0,89.07,HARDER
3,28.55,108.89,13,1,0,56.15,SAME
2,47.36,54.64,6,0,0,72.21,HARDER
2,42.89,78.84,7,1,0,68.0,HARDER
1,53.04,58.25,4,2,0,55.73,SAME
4,28.12,170.99,19,4,2,54.89,EASIER
5,27.45,184.16,22,4,3,73.56,EASIER
5,25.0,300.0,27,9,5,39.69,EASIER
2,37.65,115.44,8,2,1,60.98,EASIER
5,28.31,138.81,20,2,0,64.56,SAME
1,100.0,29.28,2,0,0,71.85,HARDER
2,31.97,100.29,9,3,1,78.02,SAME
3,27.25,127.71,15,3,0,76.4,HARDER
5,32.63,233.51,22,4,2,72.01,EASIER
5,27.32,185.95,18,0,0,65.21,SAME
5,29.55,257.5,22,4,1,64.74,EASIER
2,44.97,68.33,7,1,0,60.81,SAME
4,25.0,165.31,21,6,2,63.07,SAME
1,100.0,24.63,2,0,0,95.66,HARDER
5,34.6,161.42,18,0,0,59.95,SAME
2,53.72,55.44,6,0,0,67.26,HARDER
1,27.02,46.56,6,4,0,60.43,SAME
2,32.53,86.16,10,4,0,57.82,SAME
2,42.58,47.35,8,2,1,73.28,EASIER
1,43.53,31.61,5,3,0,91.47,HARDER
3,25.0,140.73,18,6,2,39.34,EASIER
2,43.94,52.93,7,1,0,69.49,HARDER
2,32.37,68.94,8,2,1,53.88,EASIER
5,33.83,192.21,19,1,1,54.18,EASIER
1,39.27,74.62,5,3,2,65.02,SAME
3,25.0,135.07,15,3,1,96.83,SAME
1,100.0,20.0,2,0,0,100.0,HARDER
1,48.53,62.09,4,2,1,39.67,SAME
5,26.08,149.2,21,3,1,100.0,SAME
3,27.14,110.54,13,1,0,84.57,HARDER
3,26.7,96.78,15,3,1,74.07,SAME
1,54.61,49.11,4,2,0,71.13,HARDER
3,26.44,127.44,15,3,1,52.51,EASIER
5,25.0,235.48,22,4,2,82.78,EASIER
5,25.0,300.0,26,8,8,47.17,EASIER
4,26.56,147.89,18,3,1,73.77,SAME
3,25.0,128.74,15,3,2,39.11,EASIER
1,38.6,77.04,6,4,2,36.13,SAME
3,25.0,210.0,19,7,5,49.5,EASIER
1,30.17,77.24,7,5,1,42.87,SAME
5,25.0,300.0,27,9,6,53.57,EASIER
3,39.4,70.13,12,0,0,85.68,HARDER
2,49.76,59.79,6,0,0,100.0,HARDER
3,27.33,126.17,16,4,1,46.01,SAME
5,27.44,189.81,22,4,4,75.68,EASIER
1,66.55,48.21,3,1,0,71.96,HARDER
2,51.49,66.3,6,0,0,88.01,HARDER
1,96.85,29.85,2,0,0,100.0,HARDER
3,27.84,111.42,13,1,0,66.52,HARDER
3,33.47,103.92,14,2,0,70.37,HARDER
5,25.0,271.09,24,6,4,60.16,EASIER
1,69.36,47.7,3,1,0,48.45,SAME
5,32.12,251.33,19,1,1,65.44,EASIER
2,51.25,49.51,6,0,0,94.54,HARDER
5,27.79,197.84,22,4,3,61.9,EASIER
5,26.94,217.33,24,6,4,86.64,EASIER
4,25.65,189.59,18,3,2,80.14,EASIER
4,26.57,226.66,20,5,2,58.41,EASIER
1,68.69,37.53,3,1,0,76.83,HARDER
1,100.0,35.14,2,0,0,73.37,HARDER
1,68.53,52.87,3,1,0,55.92,SAME
3,37.76,110.1,12,0,0,80.51,HARDER
1,46.49,40.34,4,2,1,67.54,SAME
1,44.04,49.56,5,3,1,67.23,SAME
3,29.67,81.36,12,0,0,84.58,HARDER
4,25.74,237.06,18,3,2,29.72,EASIER
1,100.0,23.89,2,0,0,62.44,SAME
2,40.14,79.62,7,1,0,71.25,HARDER
2,36.73,73.81,8,2,0,72.76,HARDER
4,25.0,166.41,19,4,2,57.65,EASIER
1,97.62,20.0,2,0,0,73.15,HARDER
4,25.0,164.01,20,5,3,82.7,EASIER
4,31.58,142.25,15,0,0,72.41,HARDER
5,34.13,143.46,20,2,1,52.95,EASIER
5,25.0,300.0,30,12,6,57.16,EASIER
4,32.4,146.36,16,1,0,81.22,HARDER
1,46.44,54.4,4,2,0,64.37,SAME
4,28.56,154.0,16,1,0,68.82,HARDER
2,34.29,87.31,8,2,1,59.23,EASIER
4,31.31,130.89,16,1,0,85.06,HARDER
1,36.89,59.35,6,4,0,53.44,SAME
2,49.82,44.47,6,0,0,86.69,HARDER
1,70.41,44.75,3,1,0,72.23,HARDER
3,29.79,82.99,13,1,0,100.0,HARDER
3,29.36,120.07,15,3,1,52.05,EASIER
4,25.0,225.66,21,6,2,36.73,EASIER
3,33.0,98.07,12,0,0,67.36,HARDER
1,68.12,58.67,3,1,0,80.14,HARDER
4,25.0,211.23,24,9,4,53.5,EASIER
5,27.36,255.66,24,6,5,41.23,EASIER
1,46.95,49.67,4,2,0,57.62,SAME
5,26.0,300.0,24,6,3,51.71,EASIER
1,99.57,28.91,2,0,0,72.56,HARDER
3,25.0,99.06,16,4,0,68.42,HARDER
3,30.84,75.12,12,0,0,100.0,HARDER
3,32.76,84.94,14,2,0,62.53,SAME
4,35.03,138.87,15,0,0,59.43,SAME
3,25.0,107.33,17,5,1,98.81,HARDER
2,37.9,90.2,8,2,0,64.8,SAME
4,31.02,125.88,17,2,2,75.54,EASIER
2,48.53,68.91,6,0,0,70.58,HARDER
2,48.53,54.8,6,0,0,72.92,HARDER
4,25.0,218.98,21,6,2,29.19,EASIER
5,25.0,205.23,22,4,2,89.99,EASIER
3,33.49,57.13,13,1,0,65.25,HARDER
5,29.53,137.79,19,1,0,66.48,SAME
3,25.0,137.44,18,6,2,45.76,EASIER
3,25.0,86.54,15,3,0,65.23,HARDER
5,29.99,218.56,19,1,0,62.65,SAME
5,25.96,211.32,22,4,3,57.29,EASIER
5,34.65,164.98,18,0,0,77.95,SAME
5,27.57,177.54,20,2,1,97.01,EASIER
1,100.0,24.78,2,0,0,77.31,HARDER
4,25.0,213.58,20,5,2,52.3,EASIER
4,25.0,209.43,21,6,3,37.15,EASIER
3,33.29,85.29,13,1,0,89.55,HARDER
3,29.0,86.07,12,0,0,78.23,HARDER
3,25.0,153.16,19,7,2,63.29,SAME
3,28.27,156.28,15,3,0,57.34,SAME
5,26.6,229.09,22,4,3,42.45,EASIER
1,100.0,32.55,2,0,0,73.11,HARDER
2,34.7,81.57,9,3,0,30.72,SAME
3,25.0,137.33,14,2,0,62.39,SAME
4,25.0,174.78,19,4,1,84.55,HARDER
2,45.5,51.25,7,1,0,69.75,HARDER
5,25.0,276.34,25,7,5,48.1,EASIER
5,26.54,213.63,21,3,0,55.78,SAME
3,25.0,120.41,16,4,2,92.64,EASIER
3,32.52,121.13,12,0,0,98.44,HARDER
5,34.76,136.9,18,0,0,59.79,SAME
4,29.94,215.95,18,3,3,77.7,HARDER
2,35.58,80.44,9,3,1,65.97,SAME
5,25.0,179.8,21,3,0,80.9,SAME
5,31.56,137.0,20,2,0,81.25,SAME
4,27.04,154.58,18,3,0,57.16,SAME
3,29.53,115.89,14,2,2,85.72,EASIER
5,29.22,232.74,22,4,1,48.73,EASIER
3,25.0,183.78,19,7,3,43.43,EASIER
2,43.05,53.27,7,1,0,85.05,HARDER
2,54.18,57.67,6,0,0,79.18,HARDER
1,43.69,40.89,5,3,0,48.73,SAME
5,32.39,140.86,20,2,1,68.04,EASIER
4,25.0,220.18,20,5,3,62.58,EASIER
3,25.0,137.12,19,7,2,75.05,SAME
3,29.75,115.9,12,0,0,79.49,HARDER
2,43.17,46.36,7,1,0,83.5,HARDER
3,27.39,118.31,14,2,1,77.85,EASIER
4,26.56,194.12,20,5,3,68.38,EASIER
4,27.29,216.45,19,4,2,55.84,EASIER
4,32.54,115.34,15,0,0,88.83,HARDER
3,31.52,118.76,13,1,0,44.97,SAME
5,32.07,141.42,19,1,0,81.23,SAME
3,32.95,96.46,14,2,1,38.44,EASIER
3,32.79,141.38,13,1,0,54.44,SAME
5,35.58,173.15,19,1,0,61.05,SAME
4,36.41,120.84,15,0,0,72.85,HARDER
3,31.94,84.45,13,1,0,93.44,HARDER
4,25.16,222.49,19,4,3,63.18,EASIER
2,37.5,49.03,8,2,1,76.64,EASIER
3,30.14,70.68,13,1,0,100.0,HARDER
2,36.52,105.62,9,3,1,42.73,EASIER
4,30.07,112.28,17,2,1,100.0,EASIER
3,25.99,182.97,15,3,2,53.88,EASIER
1,66.87,32.1,3,1,0,77.27,HARDER
4,25.0,130.16,17,2,1,77.17,EASIER
1,39.92,50.94,5,3,2,44.85,SAME
2,41.5,84.64,7,1,1,57.72,EASIER
5,31.96,237.9,19,1,1,51.55,EASIER
5,27.18,175.04,21,3,1,78.62,SAME
3,36.11,102.51,12,0,0,99.78,HARDER
3,25.0,121.08,14,2,0,69.22,HARDER
4,33.59,141.92,16,1,1,72.3,EASIER
4,32.4,121.39,15,0,0,97.98,HARDER
1,100.0,33.51,2,0,0,59.57,SAME
5,32.18,129.64,18,0,0,100.0,SAME
4,37.96,135.02,15,0,0,55.97,SAME
1,100.0,32.8,2,0,0,79.29,HARDER
3,33.61,96.88,12,0,0,100.0,HARDER
4,30.39,133.72,18,3,0,69.09,HARDER
4,26.74,234.14,19,4,1,31.21,EASIER
4,30.44,214.15,21,6,3,50.62,EASIER
5,26.41,216.62,23,5,5,73.23,EASIER
5,26.63,235.92,20,2,1,46.11,EASIER
3,26.98,130.36,15,3,1,50.59,EASIER
3,25.18,94.84,15,3,0,55.31,SAME
4,29.74,202.67,21,6,3,56.59,EASIER
2,49.72,73.13,6,0,0,62.02,SAME
1,45.61,45.26,4,2,1,68.59,SAME
3,25.0,103.45,14,2,0,66.03,HARDER
1,100.0,23.79,2,0,0,93.73,HARDER
4,29.63,106.83,17,2,1,91.7,EASIER
4,25.0,212.94,22,7,5,27.05,EASIER
2,48.09,74.34,7,1,0,77.15,HARDER
4,28.5,203.46,17,2,2,42.42,EASIER
5,25.07,158.53,22,4,2,86.43,EASIER
1,66.22,31.76,3,1,0,67.8,HARDER
1,65.64,41.22,3,1,0,62.65,SAME
3,25.55,201.8,17,5,3,57.06,EASIER
2,30.67,66.21,9,3,1,69.6,SAME
1,68.82,62.15,3,1,0,76.42,HARDER
5,33.49,211.37,19,1,0,73.69,SAME
4,33.85,94.8,15,0,0,82.89,HARDER
2,55.94,57.82,6,0,0,88.05,HARDER
5,31.61,197.64,20,2,1,60.18,EASIER
4,27.05,209.18,21,6,1,41.68,EASIER
3,26.88,146.28,15,3,2,64.7,EASIER
3,25.0,145.72,15,3,3,73.32,EASIER
3,34.58,70.26,12,0,0,89.21,HARDER
1,65.04,40.31,3,1,0,87.43,HARDER
3,25.0,119.54,16,4,1,70.05,SAME
1,30.42,60.61,6,4,0,55.39,SAME
3,29.8,106.32,14,2,0,73.64,HARDER
2,35.71,92.06,9,3,1,47.09,EASIER
2,26.24,80.69,11,5,2,80.89,SAME
3,35.72,66.91,12,0,0,75.48,HARDER
4,25.14,250.0,19,4,4,62.2,EASIER
2,37.22,74.06,8,2,0,61.36,SAME
3,27.68,123.49,13,1,0,64.04,HARDER
5,27.3,294.97,23,5,4,45.9,EASIER
2,31.33,55.75,10,4,0,79.12,HARDER
5,25.46,300.0,24,6,4,46.46,EASIER
4,29.14,157.02,16,1,1,50.79,EASIER
5,26.2,175.8,19,1,0,55.66,SAME
2,51.86,55.45,6,0,0,95.57,HARDER
1,39.76,39.42,5,3,0,66.47,HARDER
1,97.08,30.25,2,0,0,63.02,SAME
2,29.33,112.94,10,4,2,37.93,EASIER
3,29.84,76.85,12,0,0,84.56,HARDER
2,42.85,69.04,7,1,0,71.46,HARDER
5,28.33,186.72,22,4,1,70.81,SAME
2,51.14,33.16,6,0,0,67.03,HARDER
3,28.85,98.23,14,2,1,54.79,EASIER
2,46.08,58.33,6,0,0,92.8,HARDER
2,43.11,71.09,7,1,1,56.36,EASIER
5,29.71,179.1,22,4,2,75.68,EASIER
1,91.7,23.11,2,0,0,86.14,EASIER
3,28.46,80.14,13,1,0,85.96,HARDER
1,64.18,35.4,3,1,0,60.53,SAME
5,35.39,151.17,19,1,0,77.46,SAME
2,34.07,97.81,9,3,2,46.52,EASIER
5,26.63,191.76,20,2,0,76.92,SAME
1,64.69,26.16,3,1,0,62.24,SAME
1,63.77,33.01,3,1,0,70.14,HARDER
3,30.29,107.49,14,2,1,49.72,EASIER
5,27.46,194.32,22,4,1,60.39,SAME
2,39.34,63.64,8,2,1,67.27,EASIER
5,29.92,194.23,21,3,1,64.67,EASIER
1,66.58,48.8,3,1,0,59.53,SAME
2,34.66,61.46,8,2,0,78.24,HARDER
1,63.31,56.88,3,1,0,70.3,HARDER
2,42.35,49.84,7,1,0,68.99,HARDER
1,48.62,32.36,4,2,0,75.54,HARDER
2,55.32,63.33,6,0,0,60.29,SAME
5,31.36,300.0,23,5,3,35.53,EASIER
5,33.09,186.11,24,6,3,60.07,EASIER
4,31.82,132.35,15,0,0,68.4,HARDER
5,25.0,246.31,24,6,5,62.54,EASIER
5,28.29,178.11,22,4,0,92.08,SAME
2,47.23,58.91,7,1,0,70.46,HARDER
4,30.25,107.73,16,1,0,66.56,HARDER
5,25.0,300.0,24,6,2,40.1,EASIER
2,33.47,112.69,9,3,1,46.96,EASIER
4,25.0,196.57,19,4,3,61.23,EASIER
5,25.0,184.23,22,4,1,88.01,SAME
5,30.01,191.3,21,3,1,68.62,SAME
5,27.82,203.77,22,4,1,51.21,SAME
4,33.19,120.83,16,1,0,69.71,HARDER
3,25.0,123.46,15,3,0,54.48,SAME
3,25.89,112.63,14,2,0,76.73,HARDER
5,28.84,259.46,25,7,5,49.25,EASIER
4,27.58,123.48,16,1,0,69.56,HARDER
2,35.23,79.87,9,3,0,83.45,HARDER
5,28.75,200.02,23,5,3,56.28,EASIER
2,37.28,75.81,8,2,0,65.29,HARDER
5,30.49,172.41,21,3,3,63.29,EASIER
2,34.13,61.72,8,2,0,61.92,SAME
1,94.19,33.99,2,0,0,100.0,HARDER
1,100.0,33.89,2,0,0,95.94,HARDER
5,31.28,192.97,18,0,0,80.31,SAME
3,33.64,105.98,12,0,0,86.9,HARDER
2,41.34,53.39,7,1,0,81.73,HARDER
5,25.0,201.54,24,6,1,74.26,SAME
5,27.16,204.86,24,6,3,67.78,EASIER
1,93.98,30.23,2,0,0,69.18,HARDER
5,30.65,300.0,24,6,4,35.67,EASIER
2,42.39,42.79,7,1,0,100.0,HARDER
3,25.0,173.07,16,4,2,37.23,EASIER
5,25.0,241.45,25,7,4,72.74,EASIER
4,32.5,88.37,15,0,0,90.59,HARDER
4,29.39,148.62,19,4,1,72.7,SAME
5,25.0,300.0,24,6,5,26.36,EASIER
4,25.0,207.94,20,5,2,40.39,EASIER
2,35.74,76.88,8,2,0,52.53,SAME
1,93.52,31.14,2,0,0,84.52,HARDER
2,27.34,92.08,11,5,2,63.09,EASIER
3,25.0,166.45,16,4,3,63.27,EASIER
4,30.37,150.16,17,2,1,41.89,EASIER
4,31.73,130.56,17,2,1,66.62,EASIER
3,25.0,155.57,17,5,2,44.24,EASIER
2,55.9,47.16,6,0,0,61.47,SAME
4,31.41,145.63,18,3,2,40.84,EASIER
3,25.0,124.9,16,4,2,54.96,EASIER
4,25.0,104.81,18,3,0,86.96,HARDER
4,29.3,175.85,18,3,0,43.97,SAME
5,25.0,194.58,23,5,3,65.8,EASIER
5,27.47,200.18,22,4,2,49.0,EASIER
2,27.34,123.67,12,6,3,48.83,EASIER
2,44.93,98.95,7,1,0,87.29,HARDER
3,29.21,138.33,16,4,3,70.14,EASIER
3,25.0,113.76,17,5,1,54.13,SAME
5,25.0,268.69,27,9,4,75.28,EASIER
2,25.0,117.88,12,6,2,46.19,EASIER
3,26.37,134.73,15,3,1,56.14,EASIER
5,25.0,217.77,23,5,3,71.41,EASIER
2,48.55,42.67,7,1,0,85.97,HARDER
5,36.23,144.5,18,0,0,100.0,SAME
4,26.84,109.04,17,2,0,79.18,HARDER
1,32.97,64.65,7,5,2,71.5,SAME
5,26.05,194.53,23,5,5,62.26,EASIER
3,38.99,122.86,13,1,0,52.09,SAME
2,54.58,46.32,6,0,0,97.83,HARDER
2,44.36,45.72,7,1,0,88.44,HARDER
2,51.99,53.57,6,0,0,69.27,HARDER
4,32.05,84.59,15,0,0,94.22,HARDER
5,32.04,201.6,22,4,0,56.0,SAME
3,26.08,142.59,15,3,1,70.02,SAME
1,67.53,28.19,3,1,0,67.82,HARDER
4,33.7,115.0,16,1,0,78.05,HARDER
5,29.9,192.94,19,1,1,43.59,EASIER
5,29.06,180.19,20,2,1,77.29,EASIER
2,49.17,68.18,6,0,0,67.54,HARDER
1,65.98,40.87,3,1,0,84.35,HARDER
4,35.52,153.39,15,0,0,72.93,HARDER
5,25.0,274.37,23,5,4,88.65,EASIER
5,38.78,219.72,18,0,0,69.97,SAME
2,44.47,78.63,7,1,0,73.39,HARDER
5,25.0,135.15,19,1,0,87.11,SAME
3,34.67,127.54,13,1,0,78.82,HARDER
5,33.41,152.12,18,0,0,82.64,SAME
3,31.88,87.15,12,0,0,92.19,HARDER
4,29.33,162.88,17,2,1,65.03,EASIER
1,100.0,27.29,2,0,0,97.78,HARDER
2,33.28,53.02,8,2,1,54.94,EASIER
4,30.56,163.54,18,3,0,66.58,HARDER
4,30.7,104.75,17,2,1,66.22,EASIER
2,44.16,80.97,7,1,1,78.24,EASIER
1,100.0,26.35,2,0,0,76.3,HARDER
3,25.0,174.54,14,2,2,52.45,EASIER
1,39.8,51.85,5,3,0,77.23,HARDER
1,99.17,20.0,2,0,0,77.53,HARDER
4,26.14,119.73,17,2,1,77.73,EASIER
1,49.5,55.22,4,2,0,79.06,HARDER
1,38.88,48.61,5,3,0,56.49,SAME
3,31.48,68.46,12,0,0,74.79,HARDER
1,100.0,39.28,2,0,0,55.27,SAME
4,28.91,154.43,17,2,0,64.84,SAME
3,36.31,101.1,12,0,0,73.41,HARDER
3,28.6,116.97,13,1,0,70.09,HARDER
2,48.2,41.7,6,0,0,73.58,HARDER
4,35.18,111.03,17,2,1,72.03,EASIER
2,50.54,54.29,6,0,0,72.21,HARDER
2,43.9,69.62,7,1,0,61.67,SAME
1,45.47,54.67,5,3,1,41.96,SAME
5,27.02,293.27,24,6,4,46.91,EASIER
3,29.72,186.43,14,2,0,37.76,EASIER
5,31.71,164.7,19,1,0,77.04,SAME
2,41.2,87.51,8,2,0,63.04,SAME
4,26.35,178.19,20,5,3,54.2,EASIER
4,26.18,176.03,21,6,4,66.36,EASIER
3,30.44,80.87,12,0,0,97.06,HARDER
2,51.85,45.2,6,0,0,86.95,HARDER
2,45.0,73.76,6,0,0,79.9,HARDER
4,28.43,161.52,19,4,1,75.97,SAME
5,33.39,153.29,19,1,0,70.38,SAME
2,35.08,80.81,9,3,2,59.67,EASIER
3,26.2,167.8,16,4,2,72.29,EASIER
5,28.09,197.58,20,2,2,57.33,EASIER
3,31.75,80.57,12,0,0,86.11,HARDER
1,95.49,20.0,2,0,0,71.08,HARDER
2,26.12,120.17,11,5,3,57.78,EASIER
3,25.39,177.51,16,4,2,58.87,EASIER
3,26.0,138.42,16,4,3,66.73,EASIER
3,25.0,177.49,18,6,3,42.37,EASIER
3,27.82,114.81,14,2,1,65.87,EASIER
5,28.98,162.67,20,2,1,85.43,EASIER
4,30.15,119.8,15,0,0,100.0,HARDER
1,54.91,58.44,4,2,0,55.57,SAME
3,35.47,83.62,12,0,0,88.86,HARDER
1,32.09,40.59,6,4,1,66.6,SAME
1,99.05,29.12,2,0,0,79.62,HARDER
3,32.6,104.26,14,2,1,73.12,EASIER
4,25.0,223.69,21,6,5,25.0,EASIER
1,99.07,34.53,2,0,0,67.47,HARDER
4,27.38,219.52,20,5,3,45.21,EASIER
3,25.0,84.04,14,2,0,83.29,HARDER
3,32.11,135.95,14,2,0,62.63,SAME
4,32.12,181.23,19,4,3,68.13,EASIER
4,29.22,160.19,17,2,1,74.86,EASIER
5,27.67,185.89,20,2,0,83.09,SAME
3,34.06,84.49,12,0,0,100.0,HARDER
4,26.98,191.05,18,3,2,53.94,EASIER
5,26.29,288.61,25,7,5,62.48,EASIER
2,52.96,39.4,6,0,0,64.17,SAME
2,52.62,63.64,6,0,0,77.23,HARDER
5,27.83,258.86,21,3,2,66.49,EASIER
1,100.0,24.71,2,0,0,76.29,HARDER
5,25.0,300.0,25,7,5,46.46,EASIER
2,40.56,58.81,7,1,0,52.48,SAME
1,43.35,61.71,4,2,1,56.43,SAME
4,32.21,103.66,16,1,0,70.87,HARDER
4,31.23,122.17,16,1,1,76.02,EASIER
4,25.75,126.19,17,2,1,100.0,EASIER
1,98.52,32.95,2,0,0,67.0,HARDER
5,26.97,231.85,23,5,2,58.94,EASIER
4,30.25,127.43,17,2,1,63.86,EASIER
5,25.0,300.0,24,6,3,30.9,EASIER
1,100.0,20.0,2,0,0,96.05,HARDER
3,34.86,86.92,12,0,0,57.34,SAME
2,39.92,78.08,8,2,0,86.01,HARDER
4,28.16,140.29,15,0,0,64.83,SAME
4,32.83,148.5,17,2,0,68.33,EASIER
3,27.57,182.58,16,4,3,34.86,EASIER
3,25.18,89.19,14,2,1,83.79,EASIER
4,25.0,184.22,21,6,3,64.94,EASIER
5,25.67,205.52,22,4,2,58.4,EASIER
4,26.78,141.65,18,3,1,70.67,SAME
4,32.72,110.61,16,1,1,79.31,EASIER
1,100.0,23.08,2,0,0,69.87,HARDER
5,25.0,182.94,21,3,1,95.89,SAME
1,66.42,46.41,3,1,1,56.05,SAME
5,25.0,184.5,23,5,2,44.44,SAME
4,33.45,106.29,15,0,0,100.0,HARDER
1,68.24,36.38,3,1,0,94.13,HARDER
5,31.2,253.76,22,4,3,54.57,EASIER
1,96.19,39.06,2,0,0,80.66,HARDER
2,36.97,62.74,8,2,0,79.76,HARDER
3,27.22,112.65,14,2,1,69.27,EASIER
3,25.0,103.76,14,2,1,85.7,EASIER
4,25.35,142.36,17,2,2,67.12,EASIER
3,25.0,143.34,17,5,2,59.87,EASIER
2,34.32,100.86,9,3,1,45.86,EASIER
4,25.0,234.36,22,7,1,60.93,EASIER
1,61.83,41.16,3,1,1,43.01,SAME
4,25.0,217.62,21,6,3,52.82,EASIER
4,31.23,184.18,17,2,1,33.3,EASIER
3,31.78,83.98,14,2,0,75.17,HARDER
5,25.0,185.6,20,2,1,75.42,EASIER
1,100.0,24.66,2,0,0,72.59,HARDER
1,100.0,27.0,2,0,0,69.83,HARDER
2,50.45,65.21,6,0,0,70.38,HARDER
1,96.75,23.15,2,0,0,53.85,SAME
1,47.67,53.76,4,2,1,82.28,SAME
5,31.84,272.2,20,2,2,66.73,EASIER
3,28.85,78.07,15,3,0,77.29,HARDER
3,31.24,73.31,13,1,0,57.16,SAME
2,44.13,54.67,7,1,0,78.79,HARDER
1,92.99,24.1,2,0,0,85.03,HARDER
5,31.64,219.39,21,3,2,76.74,EASIER
2,49.35,73.19,6,0,0,87.23,HARDER
5,35.71,232.93,21,3,2,51.27,EASIER
4,27.83,112.14,16,1,0,75.39,HARDER
5,25.0,232.7,22,4,3,67.53,EASIER
5,36.14,153.27,18,0,0,65.99,SAME
4,25.0,250.0,21,6,5,35.43,EASIER
3,32.14,148.36,13,1,1,39.37,EASIER
4,29.19,215.03,19,4,2,47.59,EASIER
3,25.0,165.11,19,7,6,55.52,EASIER
5,25.0,201.68,26,8,1,77.47,SAME
5,36.09,127.4,18,0,0,91.77,SAME
4,27.8,175.52,17,2,1,77.78,EASIER
3,26.93,96.58,14,2,1,75.95,EASIER
5,32.68,195.4,21,3,0,75.83,SAME
4,31.6,130.3,16,1,0,48.82,SAME
4,30.66,168.8,18,3,1,70.01,SAME
3,29.8,76.66,14,2,0,74.28,HARDER
2,49.01,31.95,6,0,0,100.0,HARDER
5,33.16,189.28,21,3,1,83.99,SAME
2,25.0,95.74,12,6,2,54.28,SAME
4,29.45,149.79,18,3,2,51.81,EASIER
5,30.83,134.85,19,1,1,76.04,EASIER
2,42.9,58.23,7,1,0,95.29,HARDER
2,50.66,59.08,6,0,0,83.4,HARDER
1,100.0,33.4,2,0,0,76.15,HARDER
1,96.03,23.74,2,0,0,91.5,HARDER
3,27.7,106.07,16,4,0,83.38,HARDER
2,30.62,100.05,10,4,1,51.22,SAME
5,34.7,249.85,22,4,4,54.48,EASIER
2,47.37,30.0,6,0,0,79.88,HARDER
2,42.39,41.1,7,1,0,85.83,HARDER
1,100.0,20.0,2,0,0,89.01,HARDER
4,30.62,150.8,15,0,0,64.9,SAME
3,31.86,104.94,15,3,1,50.98,SAME
3,27.25,120.36,14,2,0,77.39,HARDER
2,39.97,77.14,7,1,1,68.93,EASIER
2,48.3,49.11,6,0,0,69.16,HARDER
2,30.01,92.21,10,4,1,66.86,SAME
4,28.86,143.1,16,1,0,68.38,HARDER
1,100.0,20.0,2,0,0,100.0,HARDER
4,25.25,201.76,19,4,1,85.45,SAME
3,25.0,92.22,16,4,0,68.33,HARDER
4,25.0,200.11,21,6,1,70.56,SAME
2,38.89,80.55,7,1,0,74.24,HARDER
1,100.0,27.54,2,0,0,63.9,SAME
3,33.16,87.99,13,1,0,51.9,SAME
2,39.82,77.98,8,2,1,73.11,EASIER
1,100.0,25.8,2,0,0,87.42,HARDER
5,28.59,245.52,21,3,1,46.38,EASIER
4,25.0,181.23,19,4,2,69.84,EASIER
2,48.28,68.3,6,0,0,87.61,HARDER
1,26.7,67.28,6,4,0,46.84,SAME
3,25.0,174.05,17,5,1,25.0,EASIER
5,25.0,249.55,24,6,3,56.78,EASIER
1,66.25,42.9,3,1,1,59.96,SAME
5,33.04,273.51,19,1,1,61.97,EASIER
1,99.87,20.0,2,0,0,65.51,HARDER
5,33.29,224.12,21,3,2,49.97,EASIER
2,47.83,47.48,6,0,0,97.08,HARDER
2,46.69,55.84,6,0,0,89.32,HARDER
1,41.18,54.65,5,3,1,61.17,SAME
4,39.77,140.67,16,1,0,72.89,HARDER
2,35.94,59.62,8,2,0,65.79,HARDER
3,25.07,138.15,17,5,3,71.66,EASIER
2,51.74,67.3,6,0,0,94.39,HARDER
5,25.0,247.43,24,6,5,74.79,EASIER
4,25.0,249.0,23,8,4,37.66,EASIER
1,95.49,20.0,2,0,0,81.7,HARDER
1,98.22,48.06,2,0,0,65.76,HARDER
5,25.0,300.0,22,4,1,54.64,EASIER
3,30.64,97.98,12,0,0,62.92,SAME
1,65.13,36.1,3,1,0,67.39,HARDER
5,27.14,195.14,23,5,3,59.73,EASIER
3,25.0,152.73,16,4,3,65.32,EASIER
5,35.65,171.67,20,2,1,66.45,EASIER
2,52.33,42.0,6,0,0,62.21,SAME
5,30.16,138.94,19,1,0,75.49,SAME
4,26.98,144.02,18,3,0,73.29,HARDER
3,35.98,80.11,12,0,0,92.76,HARDER
2,52.03,57.06,6,0,0,100.0,HARDER
4,25.0,203.26,19,4,3,42.95,EASIER
1,29.9,69.78,7,5,2,60.57,SAME
2,39.14,76.8,7,1,0,64.77,SAME
2,32.06,131.9,10,4,3,74.12,EASIER
5,25.03,300.0,26,8,4,35.18,EASIER
4,29.6,141.81,17,2,1,82.24,EASIER
5,27.91,173.92,21,3,0,77.69,SAME
1,52.11,46.09,4,2,1,74.38,SAME
1,100.0,21.7,2,0,0,83.36,HARDER
2,51.78,36.21,6,0,0,67.62,HARDER
4,25.0,213.0,18,3,2,46.21,EASIER
5,25.0,219.93,23,5,3,78.48,EASIER
5,25.0,283.65,25,7,4,59.5,EASIER
3,31.17,106.58,12,0,0,57.05,SAME
4,29.44,101.26,16,1,1,66.67,EASIER
1,50.89,53.86,4,2,0,60.43,SAME
5,33.69,210.74,21,3,3,64.38,EASIER
3,25.51,118.22,16,4,1,65.86,SAME
4,29.61,160.79,17,2,1,63.03,EASIER
3,35.95,81.64,12,0,0,84.67,HARDER
2,33.69,92.27,9,3,2,81.11,EASIER
2,39.09,70.41,7,1,1,77.55,EASIER
4,39.99,111.57,15,0,0,74.66,HARDER
4,25.0,242.33,22,7,3,34.46,EASIER
2,44.17,46.76,7,1,0,80.0,HARDER
1,98.72,30.98,2,0,0,91.97,HARDER
5,28.25,147.19,19,1,0,70.66,SAME
3,26.97,101.01,14,2,0,73.37,HARDER
2,44.88,79.47,7,1,0,53.51,SAME
3,34.84,95.78,13,1,0,84.46,HARDER
4,32.16,145.73,17,2,0,57.78,SAME
1,100.0,20.0,2,0,0,82.32,HARDER
1,100.0,20.0,2,0,0,100.0,HARDER
3,36.56,43.81,12,0,0,76.19,HARDER
4,33.74,117.34,15,0,0,54.26,SAME
2,39.89,94.72,9,3,1,53.65,SAME
5,28.88,300.0,23,5,3,54.07,EASIER
3,33.66,103.89,14,2,1,34.72,EASIER
4,25.0,163.54,21,6,1,46.7,HARDER
5,25.64,255.51,22,4,4,26.35,EASIER
2,45.29,70.44,7,1,1,72.48,EASIER
3,31.39,125.55,13,1,0,69.0,HARDER
1,67.43,36.04,3,1,1,81.83,SAME
1,70.09,20.46,3,1,0,71.8,HARDER
1,98.54,20.0,2,0,0,85.13,HARDER
5,26.48,143.11,19,1,0,79.0,SAME
1,98.13,20.0,2,0,0,67.59,HARDER
2,50.69,43.03,6,0,0,83.73,HARDER
5,25.84,215.37,23,5,4,64.37,EASIER
4,25.0,233.17,19,4,3,48.82,EASIER
1,38.64,94.76,6,4,2,56.54,SAME
1,40.08,63.99,5,3,0,94.11,HARDER
2,39.09,74.51,8,2,0,75.29,HARDER
2,53.26,43.26,6,0,0,89.65,HARDER
2,31.44,98.23,10,4,1,34.11,SAME
1,98.2,20.0,2,0,0,99.75,HARDER
4,32.44,131.73,17,2,2,46.14,EASIER
1,98.21,39.38,2,0,0,80.31,HARDER
2,47.45,49.62,6,0,0,97.41,HARDER
5,28.47,275.24,21,3,3,35.09,EASIER
2,42.26,102.17,7,1,1,45.03,EASIER
2,30.15,121.06,10,4,2,58.75,EASIER
2,45.91,32.66,6,0,0,73.82,HARDER
1,97.91,20.0,2,0,0,60.44,SAME
1,98.39,20.0,2,0,0,71.12,HARDER
3,29.13,92.33,15,3,0,77.5,HARDER
2,39.43,58.3,8,2,0,62.44,SAME
5,29.71,170.96,20,2,0,49.28,SAME
1,95.43,37.75,2,0,0,77.88,HARDER
5,29.75,216.24,22,4,3,53.82,EASIER
4,25.8,172.46,17,2,1,54.61,EASIER
1,100.0,32.32,2,0,0,68.94,HARDER
3,25.0,80.82,13,1,1,70.33,EASIER
3,34.37,116.52,13,1,1,65.05,EASIER
3,26.46,140.72,16,4,4,91.84,EASIER
2,48.8,57.58,6,0,0,82.86,HARDER
3,30.6,84.52,12,0,0,91.81,HARDER
4,33.8,159.88,16,1,1,63.19,EASIER
2,27.7,93.98,11,5,1,67.78,HARDER
4,28.85,117.0,16,1,1,89.95,EASIER
3,25.0,104.89,15,3,0,78.96,HARDER
5,31.04,155.44,19,1,1,74.87,EASIER
3,35.05,82.23,12,0,0,86.4,HARDER
1,65.94,32.17,3,1,1,68.13,SAME
1,100.0,21.37,2,0,0,100.0,HARDER
2,33.13,117.31,8,2,1,35.4,EASIER
5,25.0,210.35,27,9,5,64.23,EASIER
2,48.38,64.1,6,0,0,70.72,HARDER
4,32.74,128.85,15,0,0,60.32,SAME
5,29.81,189.38,20,2,2,55.4,EASIER
2,28.34,89.89,9,3,0,62.7,SAME
2,51.56,45.88,6,0,0,75.34,HARDER
2,39.65,80.77,8,2,1,65.31,EASIER
4,31.94,140.11,16,1,0,90.74,HARDER
1,63.62,20.24,3,1,0,100.0,HARDER
2,48.51,58.9,6,0,0,63.18,SAME
4,25.79,199.46,20,5,4,54.24,EASIER
4,25.0,185.77,20,5,1,49.4,SAME
4,25.0,195.09,22,7,6,62.41,EASIER
4,26.7,147.5,18,3,1,68.5,SAME
3,33.66,100.65,13,1,1,81.69,EASIER
5,29.96,179.38,19,1,1,69.47,EASIER
1,100.0,34.57,2,0,0,66.06,HARDER
5,32.2,235.24,20,2,0,71.5,SAME
1,26.2,72.95,7,5,2,59.33,SAME
5,29.71,173.17,21,3,2,68.84,EASIER
4,25.78,190.03,19,4,3,52.6,EASIER
5,26.96,136.15,21,3,0,69.53,SAME
1,65.08,51.36,3,1,0,73.31,HARDER
2,34.91,55.16,9,3,1,65.59,SAME
2,32.4,87.45,10,4,1,60.67,SAME
1,100.0,32.59,2,0,0,94.56,HARDER
2,49.7,64.85,6,0,0,63.29,SAME
3,25.36,146.42,15,3,2,65.85,EASIER
5,25.14,300.0,25,7,5,58.16,EASIER
3,25.0,142.25,15,3,1,53.54,EASIER
5,25.88,252.86,22,4,2,66.69,EASIER
3,25.77,91.02,15,3,0,92.1,HARDER
4,25.86,157.71,18,3,1,60.27,EASIER
4,31.8,109.82,15,0,0,84.23,HARDER
3,33.15,91.48,12,0,0,49.02,SAME
1,50.06,55.62,4,2,0,72.54,HARDER
4,33.54,117.22,15,0,0,83.53,HARDER
5,28.22,149.49,19,1,0,93.1,SAME
1,97.31,38.52,2,0,0,67.07,HARDER
4,37.05,113.6,15,0,0,91.71,HARDER
3,27.4,60.66,13,1,1,94.92,EASIER
5,26.56,151.47,21,3,1,88.83,SAME
1,53.91,57.01,4,2,2,58.64,SAME
4,26.14,226.8,22,7,4,50.82,EASIER
2,27.86,121.53,9,3,2,68.54,EASIER
3,36.36,81.37,12,0,0,77.67,SAME
5,29.09,300.0,27,9,7,51.34,EASIER
5,25.0,184.63,21,3,0,77.4,SAME
3,26.49,84.39,14,2,0,71.68,HARDER
5,25.71,230.73,22,4,2,82.18,EASIER
4,27.34,105.57,16,1,0,100.0,HARDER
3,29.74,94.31,13,1,1,84.23,EASIER
1,45.1,58.34,4,2,0,40.15,SAME
2,36.49,81.93,8,2,1,60.0,EASIER
2,46.54,52.56,6,0,0,100.0,HARDER
1,100.0,20.0,2,0,0,90.18,HARDER
5,34.65,147.73,18,0,0,70.0,SAME
3,36.52,114.9,12,0,0,53.88,SAME
2,33.97,93.5,10,4,2,25.0,EASIER
5,25.0,172.98,25,7,4,71.83,EASIER
3,25.0,132.52,16,4,1,65.31,SAME
3,25.0,138.48,15,3,2,70.86,EASIER
5,32.18,179.68,20,2,2,79.06,EASIER
4,27.77,138.82,17,2,0,67.45,HARDER
3,29.3,89.82,14,2,0,74.24,HARDER
2,37.5,72.7,9,3,1,67.36,SAME
3,30.95,83.97,13,1,0,62.71,SAME
3,36.47,98.79,12,0,0,83.99,HARDER
1,100.0,24.49,2,0,0,76.88,HARDER
4,30.86,90.49,15,0,0,74.38,HARDER
5,29.67,233.23,24,6,3,62.01,EASIER
3,34.9,137.51,13,1,1,89.57,EASIER
5,25.0,269.41,22,4,3,42.32,EASIER
4,25.45,246.55,21,6,4,50.88,EASIER
2,41.08,66.73,8,2,1,50.85,EASIER
5,32.07,178.55,25,7,4,69.75,EASIER
2,44.1,60.91,8,2,1,78.62,EASIER
1,100.0,20.7,2,0,0,84.34,HARDER
4,26.72,214.81,19,4,2,58.02,EASIER
5,30.67,199.72,21,3,2,75.53,EASIER
5,28.91,153.0,22,4,0,61.54,SAME
1,35.35,43.94,5,3,0,54.59,SAME
3,28.7,101.08,13,1,0,79.83,HARDER
3,28.31,152.66,13,1,1,53.51,EASIER
4,25.0,225.21,22,7,5,57.06,EASIER
4,32.25,207.2,17,2,0,63.79,EASIER
1,69.36,41.1,3,1,1,70.41,SAME
4,32.67,221.66,18,3,2,51.54,EASIER
2,53.36,54.11,6,0,0,88.62,HARDER
3,33.08,123.29,13,1,1,70.08,EASIER
1,97.45,22.57,2,0,0,95.84,HARDER
3,29.45,133.25,14,2,2,65.16,EASIER
5,25.0,185.82,24,6,2,82.84,SAME
1,96.07,21.05,2,0,0,100.0,HARDER
2,34.93,89.1,8,2,1,62.05,EASIER
3,27.42,141.2,16,4,1,71.81,SAME
2,44.69,47.11,6,0,0,100.0,HARDER
2,49.31,63.65,6,0,0,96.4,HARDER
5,29.36,183.45,20,2,1,80.92,EASIER
5,27.8,193.15,24,6,4,59.36,EASIER
1,98.07,20.0,2,0,0,75.0,HARDER
3,38.48,69.58,12,0,0,86.92,HARDER
4,36.21,113.08,15,0,0,73.58,HARDER
3,25.93,92.66,15,3,1,60.4,SAME
2,31.29,107.83,9,3,0,78.97,HARDER
1,100.0,33.47,2,0,0,72.53,HARDER
2,35.86,86.16,8,2,0,50.01,SAME
2,36.85,78.76,8,2,1,66.36,EASIER
3,32.69,75.84,14,2,0,79.01,HARDER
3,26.29,74.59,16,4,0,58.33,SAME
1,70.21,23.59,3,1,0,82.76,HARDER
1,69.24,44.22,3,1,0,92.9,HARDER
2,37.22,67.57,8,2,1,69.14,EASIER
2,35.27,77.75,9,3,0,44.48,SAME
2,46.75,56.03,7,1,0,68.76,HARDER
4,25.0,250.0,26,11,4,47.28,EASIER
4,25.0,129.72,19,4,1,93.15,SAME
3,26.49,94.42,14,2,1,77.31,EASIER
3,27.92,113.79,14,2,0,76.63,HARDER
4,32.4,87.9,16,1,0,98.95,HARDER
1,97.7,28.84,2,0,0,91.05,HARDER
5,31.58,135.73,19,1,0,71.24,SAME
4,27.64,150.3,17,2,0,71.36,HARDER
1,98.16,38.6,2,0,0,60.81,SAME
2,25.0,86.16,11,5,1,49.39,SAME
2,32.67,71.41,8,2,0,80.37,HARDER
2,34.52,108.13,10,4,2,44.27,EASIER
2,45.29,68.78,7,1,1,65.91,EASIER
4,26.19,206.71,22,7,3,55.76,EASIER
4,35.91,100.99,15,0,0,100.0,HARDER
5,25.74,206.39,23,5,2,55.62,EASIER
5,31.36,202.67,20,2,1,58.12,EASIER
5,33.03,227.39,20,2,0,57.24,SAME
3,25.43,141.31,15,3,0,67.77,HARDER
2,52.08,43.3,6,0,0,88.47,HARDER
2,45.78,51.09,6,0,0,63.23,SAME
4,33.38,144.06,17,2,2,62.98,EASIER
5,27.53,206.96,23,5,4,67.07,EASIER
4,25.69,200.36,21,6,3,53.59,EASIER
3,25.0,163.01,17,5,4,47.63,EASIER
5,25.96,226.8,22,4,1,63.73,SAME
1,100.0,21.57,2,0,0,85.78,HARDER
3,31.11,93.82,15,3,1,70.84,SAME
2,35.72,97.12,8,2,1,66.54,EASIER
1,100.0,20.0,2,0,0,78.38,HARDER
2,39.69,49.56,7,1,0,87.76,HARDER
5,25.0,200.55,23,5,1,63.54,SAME
2,28.84,75.02,11,5,0,74.79,HARDER
4,25.0,209.65,24,9,6,58.98,EASIER
5,27.48,278.99,21,3,1,52.53,EASIER
5,35.76,167.38,18,0,0,84.81,SAME
4,32.4,147.16,17,2,0,87.6,HARDER
1,99.21,32.02,2,0,0,87.21,HARDER
2,43.23,74.25,7,1,0,71.34,HARDER
3,25.0,113.9,17,5,2,53.65,EASIER
2,48.65,53.12,6,0,0,66.86,HARDER
4,25.0,204.45,22,7,4,52.57,EASIER
2,52.76,52.42,6,0,0,72.92,HARDER
3,32.24,139.41,13,1,1,40.18,HARDER
4,27.1,135.23,17,2,0,99.63,HARDER
3,25.0,126.03,14,2,1,35.78,EASIER
2,26.59,144.44,12,6,5,45.65,EASIER
4,30.42,99.93,17,2,2,77.24,EASIER
3,25.0,90.55,14,2,0,41.15,SAME
2,25.0,126.91,12,6,2,64.39,SAME
4,25.54,215.18,22,7,5,52.34,EASIER
1,98.95,36.2,2,0,0,70.23,HARDER
5,29.64,155.32,20,2,1,82.41,EASIER
2,48.38,48.45,6,0,0,100.0,HARDER
2,45.82,41.87,7,1,0,73.59,HARDER
2,49.53,62.86,6,0,0,88.08,HARDER
4,33.98,141.45,18,3,1,69.88,SAME
3,25.0,97.02,14,2,0,64.13,SAME
3,32.26,100.13,12,0,0,84.76,HARDER
4,32.89,162.9,18,3,1,68.45,SAME
3,25.65,78.54,15,3,0,72.14,EASIER
3,30.04,131.01,14,2,2,72.98,EASIER
1,100.0,27.56,2,0,0,77.53,HARDER
5,25.0,228.66,21,3,2,69.97,EASIER
4,30.73,161.97,18,3,2,42.1,EASIER
2,50.11,51.98,6,0,0,100.0,HARDER
4,31.18,119.27,16,1,0,78.34,HARDER
1,97.93,29.36,2,0,0,91.58,HARDER
5,27.82,258.03,21,3,2,59.31,EASIER
1,96.23,21.69,2,0,0,62.71,SAME
5,30.16,247.55,20,2,1,76.61,EASIER
2,44.5,63.77,7,1,0,86.08,HARDER
1,100.0,38.85,2,0,0,70.72,HARDER
5,28.0,300.0,24,6,4,40.34,EASIER
1,65.18,20.0,3,1,0,100.0,HARDER
1,96.68,31.17,2,0,0,95.68,HARDER
4,29.82,234.2,19,4,2,36.14,EASIER
2,49.86,56.47,6,0,0,77.43,HARDER
1,99.74,31.04,2,0,0,64.29,SAME
3,34.62,137.13,14,2,1,61.83,EASIER
1,96.54,20.0,2,0,0,63.86,SAME
2,41.16,63.21,7,1,0,77.43,HARDER
1,32.63,61.06,6,4,0,45.04,SAME
2,42.01,93.42,7,1,0,52.02,SAME
3,25.0,114.76,15,3,1,46.58,EASIER
3,25.58,157.34,16,4,2,63.24,EASIER
2,40.87,49.43,7,1,0,67.26,EASIER
2,27.29,126.75,12,6,1,35.51,SAME
2,54.15,33.78,6,0,0,60.17,SAME
4,29.07,182.61,19,4,1,59.28,EASIER
2,29.26,89.08,10,4,1,65.35,SAME
5,26.7,232.21,23,5,2,66.61,EASIER
4,26.59,141.75,20,5,2,59.53,EASIER
2,41.45,55.94,8,2,1,80.93,EASIER
2,34.38,71.48,9,3,0,62.73,SAME
1,50.33,44.97,4,2,1,53.05,SAME
3,37.07,90.89,12,0,0,82.54,HARDER
1,46.57,31.12,4,2,0,77.38,HARDER
3,27.69,127.71,14,2,1,60.11,EASIER
5,25.0,191.5,23,5,3,66.33,EASIER
3,36.44,84.8,12,0,0,80.27,HARDER
1,97.63,22.9,2,0,0,80.63,HARDER
4,25.0,158.05,21,6,2,72.56,SAME
1,100.0,23.56,2,0,0,86.24,HARDER
2,39.88,69.88,7,1,0,74.91,HARDER
3,31.73,136.94,13,1,1,63.46,EASIER
3,29.02,86.16,13,1,0,73.18,HARDER
1,100.0,20.0,2,0,0,80.77,HARDER
1,64.52,52.12,3,1,0,57.59,SAME
5,25.0,172.39,22,4,3,59.25,EASIER
1,96.78,24.51,2,0,0,51.45,SAME
3,32.79,121.65,13,1,0,80.51,HARDER
1,100.0,32.01,2,0,0,81.78,HARDER
2,59.1,38.65,6,0,0,67.93,HARDER
3,25.0,118.75,14,2,0,54.14,SAME
4,29.28,182.31,17,2,0,46.88,SAME
5,25.0,300.0,26,8,3,54.09,EASIER
5,31.89,202.1,20,2,1,76.25,EASIER
1,99.97,28.1,2,0,0,77.45,HARDER
1,48.37,42.11,4,2,1,71.51,HARDER
5,34.06,170.79,19,1,0,64.5,SAME
4,25.71,172.36,20,5,3,78.18,EASIER
1,100.0,20.0,2,0,0,89.18,HARDER
5,25.0,174.15,21,3,0,61.62,SAME
4,28.91,250.0,20,5,5,43.16,EASIER
1,36.08,59.76,6,4,0,59.06,SAME
3,27.62,87.18,15,3,1,59.82,SAME
2,36.53,60.75,8,2,0,88.82,HARDER
5,25.0,297.79,25,7,4,46.96,EASIER
5,28.56,138.17,22,4,2,97.32,EASIER
2,51.18,31.41,6,0,0,96.75,HARDER
1,66.13,35.52,3,1,0,55.08,SAME
1,97.2,20.17,2,0,0,62.74,SAME
1,51.47,45.14,4,2,0,70.66,HARDER
3,25.0,175.86,20,8,5,69.41,EASIER
3,25.0,153.56,20,8,3,46.59,EASIER
5,25.0,237.54,23,5,3,49.45,EASIER
1,100.0,20.0,2,0,0,88.95,HARDER
2,27.57,105.97,11,5,2,64.92,EASIER
2,49.21,62.39,6,0,0,100.0,HARDER
3,25.79,134.97,13,1,0,41.76,SAME
4,25.0,151.23,17,2,1,77.22,HARDER
1,100.0,27.11,2,0,0,72.15,HARDER
4,32.21,171.96,19,4,1,57.11,SAME
1,69.82,40.46,3,1,0,46.7,SAME
5,26.44,237.27,22,4,2,74.61,EASIER
4,29.09,140.64,16,1,0,55.86,SAME
2,26.54,65.23,11,5,1,64.87,SAME
5,27.27,300.0,22,4,2,33.27,EASIER
1,68.33,20.0,3,1,0,81.92,HARDER
3,32.54,65.93,14,2,0,84.27,HARDER
3,30.38,93.58,13,1,0,83.89,HARDER
3,28.25,126.15,15,3,2,68.58,EASIER
3,30.69,119.1,12,0,0,71.11,HARDER
1,54.6,46.21,4,2,1,49.28,SAME
2,40.67,59.52,7,1,0,73.37,HARDER
4,27.9,174.44,19,4,3,45.51,EASIER
3,31.25,87.05,13,1,1,77.74,EASIER
1,39.87,63.19,5,3,1,56.03,SAME
3,25.0,84.62,14,2,0,84.37,HARDER
1,100.0,20.0,2,0,0,100.0,HARDER
2,40.54,104.32,8,2,2,66.58,EASIER
2,49.33,40.8,6,0,0,75.62,HARDER
5,25.0,221.81,24,6,2,36.8,EASIER
4,25.0,201.64,18,3,3,42.1,EASIER
4,28.07,118.65,15,0,0,69.98,HARDER
2,49.76,54.45,6,0,0,88.94,HARDER
2,29.73,107.95,10,4,2,70.25,EASIER
3,31.44,105.91,13,1,1,62.75,EASIER
2,26.99,114.54,11,5,0,38.69,SAME
3,30.25,106.03,14,2,1,77.9,EASIER
3,25.59,175.22,15,3,0,66.72,SAME
3,32.59,105.9,14,2,1,76.25,EASIER
2,35.76,77.61,9,3,0,68.76,HARDER
4,25.0,194.38,21,6,2,77.51,SAME
1,100.0,36.82,2,0,0,90.55,HARDER
2,38.13,55.27,8,2,0,91.49,HARDER
2,43.65,67.33,7,1,0,67.87,HARDER
5,25.0,300.0,26,8,4,57.55,EASIER
5,25.0,300.0,29,11,8,34.85,EASIER
1,27.68,52.81,7,5,1,48.49,SAME
5,27.11,293.45,21,3,3,57.5,EASIER
3,30.44,108.47,14,2,0,89.63,HARDER
4,25.0,223.1,22,7,4,33.66,EASIER
4,31.15,165.98,16,1,0,62.31,SAME
3,25.64,141.69,15,3,1,41.2,EASIER
1,71.66,35.16,3,1,0,77.47,HARDER
3,26.54,127.66,15,3,1,54.47,EASIER
4,26.44,183.14,17,2,2,63.74,EASIER
2,25.91,158.14,13,7,3,46.6,EASIER
1,99.22,30.83,2,0,0,68.5,HARDER
2,38.48,82.89,8,2,1,62.33,EASIER
4,25.42,203.02,20,5,3,49.97,EASIER
3,29.99,144.74,15,3,1,74.24,SAME
5,25.76,157.55,21,3,2,79.46,EASIER
1,67.29,52.31,3,1,0,52.24,SAME
1,41.96,57.26,5,3,0,58.67,SAME
4,25.0,173.22,19,4,1,74.82,SAME
4,27.15,250.0,19,4,4,33.76,EASIER
3,25.0,134.42,16,4,2,58.48,EASIER
1,65.19,27.16,3,1,0,69.79,HARDER
3,28.26,83.36,14,2,0,66.58,HARDER
1,36.42,32.8,6,4,0,45.45,SAME
4,26.1,150.02,19,4,1,57.32,SAME
3,30.77,79.77,12,0,0,89.38,HARDER
5,29.11,262.54,23,5,3,46.93,EASIER
2,46.46,53.35,6,0,0,91.7,HARDER
2,46.99,47.03,6,0,0,66.12,HARDER
5,28.64,252.19,21,3,0,65.71,SAME
1,96.08,20.0,2,0,0,97.47,HARDER
3,25.0,149.39,16,4,1,62.11,SAME
2,41.68,44.03,7,1,0,71.95,HARDER
2,40.15,61.12,7,1,1,63.67,EASIER
3,25.37,122.43,17,5,2,73.88,SAME
5,25.0,270.12,23,5,4,49.49,EASIER
1,100.0,34.34,2,0,0,47.32,SAME
1,100.0,32.15,2,0,0,73.15,HARDER
5,28.88,278.44,23,5,3,33.57,EASIER
4,29.3,214.41,19,4,4,36.92,EASIER
3,30.29,107.86,13,1,1,71.01,EASIER
1,97.67,28.92,2,0,0,84.06,SAME
5,26.27,156.06,19,1,1,66.93,EASIER
4,30.6,154.01,17,2,0,77.44,HARDER
5,25.0,207.92,26,8,5,56.55,EASIER
3,27.58,98.91,14,2,0,93.54,HARDER
2,28.9,160.0,10,4,4,47.87,EASIER
4,32.55,168.75,16,1,0,69.05,HARDER
5,28.12,262.76,21,3,3,33.01,EASIER
2,25.08,86.48,10,4,2,43.76,EASIER
4,34.56,119.46,16,1,0,63.81,SAME
5,35.53,119.65,19,1,0,67.73,SAME
1,99.29,32.79,2,0,0,71.4,HARDER
5,25.0,196.19,24,6,0,80.6,SAME
4,25.0,211.28,21,6,6,59.36,EASIER
5,28.0,249.01,22,4,3,51.66,EASIER
3,25.0,157.21,17,5,2,41.05,EASIER
1,100.0,20.0,2,0,0,85.13,HARDER
2,37.07,59.6,8,2,1,68.51,EASIER
3,30.86,87.31,12,0,0,66.84,HARDER
5,25.0,300.0,23,5,3,37.58,EASIER
5,26.04,212.48,21,3,2,66.43,EASIER
4,32.67,121.59,15,0,0,85.17,HARDER
5,38.12,151.59,18,0,0,62.7,SAME
4,25.82,132.88,17,2,1,88.05,EASIER
4,29.14,92.16,17,2,0,91.72,HARDER
1,98.19,36.27,2,0,0,68.9,EASIER
4,28.6,122.58,19,4,2,74.21,EASIER
4,25.0,202.6,21,6,4,48.29,EASIER
2,34.36,79.03,9,3,2,59.51,EASIER
1,36.62,60.73,5,3,2,70.45,SAME
5,25.0,300.0,27,9,6,44.38,EASIER
5,25.0,270.41,28,10,4,64.71,EASIER
2,37.77,81.46,8,2,0,65.14,HARDER
2,35.04,98.17,8,2,1,60.88,EASIER
5,27.8,300.0,21,3,1,51.88,EASIER
3,33.63,96.85,13,1,1,73.37,EASIER
4,25.0,211.78,20,5,4,52.26,EASIER
2,27.08,86.97,12,6,3,63.33,EASIER
3,33.13,95.27,12,0,0,89.32,HARDER
1,97.37,36.62,2,0,0,86.23,HARDER
3,30.09,69.96,12,0,0,98.96,HARDER
2,41.85,35.68,7,1,0,67.03,HARDER
4,30.34,167.55,17,2,0,49.7,SAME
3,34.34,69.21,12,0,0,62.63,SAME
4,29.52,138.92,16,1,1,73.25,EASIER
2,41.67,60.61,7,1,0,69.45,HARDER
3,25.0,151.59,17,5,1,37.87,SAME
1,94.29,35.23,2,0,0,100.0,HARDER
3,30.08,87.96,14,2,1,54.91,EASIER
4,25.0,236.39,20,5,4,64.16,EASIER
3,38.96,78.46,12,0,0,71.38,HARDER
1,100.0,20.0,2,0,0,82.98,HARDER
3,25.0,105.43,14,2,1,62.64,EASIER
1,41.78,52.08,5,3,0,81.52,HARDER
2,43.57,71.73,7,1,0,89.46,HARDER
2,33.3,128.03,10,4,3,51.53,EASIER
4,35.65,126.89,16,1,0,55.12,EASIER
3,25.0,92.31,14,2,0,84.76,HARDER
5,25.0,300.0,26,8,5,60.22,EASIER
1,100.0,20.0,2,0,0,100.0,HARDER
4,25.0,178.67,19,4,3,77.46,EASIER
1,100.0,22.2,2,0,0,94.89,HARDER
5,27.48,227.55,24,6,1,39.85,SAME
2,39.72,73.62,7,1,0,78.81,HARDER
5,25.99,159.05,23,5,2,74.41,EASIER
2,44.42,52.52,6,0,0,77.82,HARDER
3,25.0,66.22,15,3,0,75.83,HARDER
1,53.3,43.95,4,2,0,66.67,HARDER
1,100.0,22.41,2,0,0,60.33,SAME
5,28.92,243.32,23,5,0,56.83,SAME
2,37.29,73.83,7,1,1,74.38,EASIER
1,46.86,36.37,4,2,1,68.6,SAME
5,29.87,194.23,21,3,2,80.22,EASIER
2,52.36,41.75,6,0,0,84.62,HARDER
4,25.0,234.14,20,5,2,34.32,EASIER
4,25.0,240.2,22,7,6,38.03,EASIER
1,100.0,31.17,2,0,0,80.6,HARDER
5,27.89,212.06,20,2,1,45.16,EASIER
2,36.74,62.96,8,2,0,69.04,HARDER
4,31.9,102.41,17,2,0,78.17,HARDER
4,25.0,231.94,22,7,4,54.41,EASIER
2,33.64,72.21,9,3,0,63.85,SAME
3,25.0,137.01,16,4,2,51.7,EASIER
2,54.54,58.59,6,0,0,70.42,HARDER
2,40.41,99.31,8,2,1,47.68,EASIER
4,27.51,147.42,18,3,2,34.69,EASIER
5,25.13,218.42,21,3,2,67.24,EASIER
1,66.3,34.33,3,1,0,63.21,SAME
5,34.14,134.11,21,3,1,94.03,SAME
4,25.0,162.98,19,4,0,76.6,HARDER
4,25.0,114.94,17,2,1,75.24,EASIER
3,28.32,98.72,15,3,0,78.2,HARDER
1,41.47,57.71,5,3,0,60.25,SAME
2,40.39,47.21,8,2,0,64.11,SAME
1,27.66,60.25,7,5,0,46.35,SAME
3,25.33,129.72,15,3,1,56.19,SAME
3,32.52,76.36,12,0,0,100.0,HARDER
2,30.94,73.06,9,3,0,82.77,HARDER
5,26.82,217.58,21,3,1,80.8,SAME
1,97.72,20.0,2,0,0,97.64,HARDER
2,44.55,45.98,6,0,0,83.7,HARDER
3,25.0,124.06,16,4,0,95.36,HARDER
2,33.4,91.6,9,3,0,56.26,SAME
1,97.11,20.0,2,0,0,81.87,HARDER
2,25.62,115.2,12,6,2,55.86,SAME
2,46.25,66.75,7,1,0,85.57,HARDER
3,30.37,144.59,16,4,3,65.81,EASIER
3,36.59,83.25,12,0,0,67.67,HARDER
5,25.55,234.59,24,6,4,64.66,EASIER
4,29.87,155.45,20,5,1,70.4,HARDER
5,25.0,175.5,26,8,3,75.09,EASIER
4,26.91,186.48,21,6,0,68.18,SAME
2,43.08,71.92,7,1,1,61.81,EASIER
2,28.76,119.93,10,4,1,47.09,SAME
1,100.0,20.0,2,0,0,69.91,HARDER
3,25.6,109.66,16,4,2,82.49,EASIER
1,49.05,30.01,4,2,0,49.34,SAME
1,100.0,20.0,2,0,0,64.88,SAME
2,53.74,52.52,6,0,0,75.87,HARDER
1,100.0,29.35,2,0,0,84.34,HARDER
5,31.52,141.4,20,2,1,87.2,EASIER
3,35.76,92.44,12,0,0,94.73,HARDER
5,25.0,300.0,24,6,5,52.84,EASIER
4,33.71,136.04,17,2,0,80.25,HARDER
3,27.29,103.46,13,1,1,74.66,EASIER
4,29.67,171.32,18,3,0,62.4,SAME
5,25.4,170.58,23,5,0,83.65,SAME
5,29.88,266.85,21,3,2,52.13,EASIER
3,33.02,80.86,12,0,0,78.76,HARDER
2,48.22,66.07,6,0,0,91.01,HARDER
5,27.53,139.1,20,2,1,75.82,EASIER
3,30.64,69.41,13,1,0,85.57,HARDER
2,39.03,89.68,8,2,1,53.81,EASIER
5,27.03,209.5,21,3,1,63.23,EASIER
1,70.03,30.82,3,1,0,78.51,HARDER
2,52.77,49.71,6,0,0,85.02,HARDER
2,39.03,65.42,7,1,0,67.55,EASIER
4,31.48,145.95,17,2,1,77.35,EASIER
4,31.11,114.67,16,1,1,68.14,EASIER
5,28.76,257.42,21,3,2,45.08,EASIER
1,100.0,23.98,2,0,0,86.74,HARDER
3,35.33,80.0,12,0,0,59.17,SAME
3,27.99,129.64,15,3,1,84.21,SAME
2,35.4,77.93,8,2,1,59.13,EASIER
4,25.0,171.37,18,3,2,63.21,EASIER
2,51.97,61.13,6,0,0,92.14,HARDER
3,28.37,119.2,15,3,1,87.71,SAME
1,95.59,25.94,2,0,0,76.15,HARDER
2,43.91,75.34,8,2,0,60.55,SAME
5,26.07,219.76,22,4,1,64.47,SAME
5,26.03,184.26,24,6,2,51.0,EASIER
1,69.3,25.77,3,1,1,74.65,SAME
3,26.69,191.97,17,5,3,34.28,EASIER
2,42.2,59.26,7,1,0,87.55,HARDER
4,27.1,173.04,19,4,2,26.4,EASIER
3,34.0,105.54,13,1,1,85.54,EASIER
3,32.12,58.46,12,0,0,79.04,HARDER
4,25.94,115.31,17,2,1,100.0,EASIER
1,97.04,42.21,2,0,0,54.81,SAME
2,25.0,160.0,16,10,5,59.8,EASIER
5,26.25,168.56,22,4,2,71.76,EASIER
4,28.17,90.13,16,1,1,83.69,EASIER
4,25.0,132.39,18,3,2,72.06,EASIER
3,30.93,102.73,13,1,0,75.72,HARDER
5,27.32,189.22,23,5,2,82.96,EASIER
3,25.0,113.17,16,4,2,55.26,EASIER
3,25.83,141.32,17,5,5,46.29,EASIER
1,48.3,30.58,4,2,0,52.56,SAME
5,25.87,282.02,24,6,5,61.17,EASIER
5,25.0,300.0,32,14,9,33.1,EASIER
1,100.0,20.34,2,0,0,90.28,HARDER
2,42.6,43.55,7,1,0,96.66,HARDER
1,38.3,51.75,5,3,0,58.66,SAME
5,32.62,177.22,21,3,2,100.0,EASIER
5,25.0,300.0,26,8,6,25.0,EASIER
4,34.24,100.76,16,1,1,76.65,EASIER
4,25.0,227.28,22,7,2,51.32,EASIER
4,28.05,211.01,17,2,2,52.98,EASIER
5,25.0,206.07,22,4,0,50.39,SAME
5,25.0,188.84,22,4,1,76.71,SAME
5,27.99,158.64,22,4,0,73.19,SAME
2,47.76,49.23,6,0,0,80.17,HARDER
3,25.0,94.29,14,2,0,82.58,HARDER
1,97.94,20.0,2,0,0,94.64,HARDER
5,33.03,208.69,20,2,1,62.06,EASIER
2,50.55,90.57,6,0,0,51.03,SAME
2,40.42,54.09,8,2,1,59.29,EASIER
1,65.58,20.0,3,1,0,57.5,SAME
5,26.88,212.62,22,4,3,68.39,EASIER
2,36.54,75.62,7,1,0,67.22,HARDER
3,34.22,90.34,13,1,0,85.91,HARDER
1,97.67,27.89,2,0,0,70.66,HARDER
4,27.55,198.15,21,6,2,46.38,EASIER
1,62.76,45.92,3,1,1,66.74,SAME
2,49.37,42.03,6,0,0,79.36,HARDER
2,47.84,69.1,6,0,0,69.46,HARDER
4,25.0,250.0,26,11,5,40.65,EASIER
4,25.0,172.22,17,2,1,76.03,EASIER
1,41.71,40.29,5,3,1,69.09,SAME
4,29.16,132.04,16,1,0,73.62,HARDER
3,36.2,84.42,12,0,0,84.48,HARDER
1,100.0,27.15,2,0,0,80.43,HARDER
3,25.0,112.72,16,4,0,70.32,HARDER
2,48.14,53.54,6,0,0,97.3,HARDER
4,25.0,197.31,22,7,4,52.73,EASIER
2,47.85,57.59,6,0,0,68.91,HARDER
4,25.67,193.83,18,3,1,56.46,EASIER
1,64.13,42.5,3,1,0,65.15,HARDER
1,67.29,33.32,3,1,0,94.92,HARDER
5,28.02,189.59,21,3,1,65.64,EASIER
1,37.68,66.73,5,3,1,51.38,SAME
2,25.0,160.0,13,7,6,58.47,EASIER
4,25.0,173.83,21,6,5,57.68,EASIER
4,34.01,108.59,15,0,0,65.18,HARDER
5,25.0,155.72,23,5,4,78.07,EASIER
5,30.08,141.35,20,2,1,87.72,EASIER
3,27.26,111.67,16,4,0,63.49,SAME
2,38.64,45.3,8,2,0,73.3,HARDER
1,65.22,41.11,3,1,0,54.95,SAME
1,37.43,47.56,5,3,0,69.38,HARDER
5,35.06,217.29,20,2,1,55.14,EASIER
3,25.0,69.51,14,2,0,97.94,HARDER
5,31.47,154.51,19,1,0,45.35,SAME
1,97.63,25.9,2,0,0,100.0,HARDER
3,27.8,136.58,14,2,1,51.1,EASIER
2,50.08,54.93,6,0,0,76.52,HARDER
1,94.92,43.31,2,0,0,92.34,HARDER
5,25.59,241.1,23,5,2,64.97,EASIER
4,25.0,223.12,19,4,4,45.35,EASIER
1,48.21,52.59,4,2,1,72.13,SAME
3,25.0,173.39,17,5,2,56.82,EASIER
3,26.43,120.41,14,2,1,81.35,EASIER
1,71.55,34.5,3,1,0,78.82,HARDER
2,36.71,113.51,10,4,3,77.94,EASIER
2,34.19,83.13,8,2,1,65.01,EASIER
4,27.02,195.56,19,4,2,76.58,EASIER
2,37.21,63.12,8,2,1,60.19,EASIER
1,63.59,60.89,3,1,1,63.47,SAME
1,34.45,55.02,6,4,2,28.58,SAME
1,34.07,78.3,6,4,2,45.62,SAME
5,31.02,201.59,19,1,0,74.75,SAME
3,36.43,88.54,12,0,0,84.35,HARDER
2,49.61,33.85,6,0,0,87.11,HARDER
1,100.0,25.16,2,0,0,90.05,HARDER
4,32.63,130.16,17,2,0,59.97,SAME
1,100.0,21.25,2,0,0,100.0,HARDER
2,27.1,126.46,10,4,1,25.6,EASIER
2,33.35,64.81,9,3,0,81.31,HARDER
3,25.84,91.36,14,2,0,73.72,HARDER
2,46.31,36.71,6,0,0,95.09,HARDER
2,37.73,71.64,8,2,0,73.5,HARDER
3,28.99,81.39,12,0,0,68.75,SAME
3,32.71,91.54,14,2,0,59.39,SAME
1,100.0,22.8,2,0,0,76.15,HARDER
4,26.86,170.25,16,1,1,88.09,EASIER
4,30.33,122.71,15,0,0,83.58,HARDER
5,26.8,188.17,23,5,0,67.11,SAME
1,99.01,31.55,2,0,0,49.28,SAME
4,25.01,250.0,22,7,5,49.32,EASIER
1,99.24,33.75,2,0,0,71.91,HARDER
3,29.82,105.27,16,4,1,82.72,SAME
5,34.14,132.18,19,1,0,86.76,SAME
4,27.66,152.01,20,5,5,43.01,EASIER
1,53.45,31.33,4,2,0,70.23,HARDER
2,42.17,76.93,8,2,0,68.68,HARDER
5,35.3,195.31,20,2,1,57.4,EASIER
5,26.0,239.32,22,4,3,51.62,EASIER
2,39.28,67.1,7,1,0,73.8,HARDER
1,57.91,44.56,4,2,1,51.97,SAME
2,38.9,71.57,7,1,0,69.4,HARDER
5,29.34,194.03,21,3,0,72.17,SAME
2,39.93,64.05,7,1,1,76.59,EASIER
4,29.85,193.57,17,2,0,43.83,SAME
2,41.17,87.87,8,2,0,55.82,SAME
2,46.7,64.17,7,1,1,75.31,EASIER
2,39.2,65.46,7,1,0,72.81,HARDER
1,67.19,35.17,3,1,0,64.94,SAME
5,30.36,184.71,19,1,1,45.46,EASIER
5,31.05,221.49,23,5,1,62.46,SAME
5,25.0,243.58,26,8,2,55.32,SAME
1,69.03,30.0,3,1,0,72.44,HARDER
2,55.5,40.56,6,0,0,81.18,HARDER
4,25.0,250.0,24,9,5,28.59,EASIER
3,26.04,158.12,17,5,3,45.83,EASIER
3,25.0,111.22,18,6,0,80.53,HARDER
4,28.84,185.36,19,4,1,48.58,SAME
2,40.35,63.55,8,2,0,49.87,SAME
3,37.27,95.63,12,0,0,89.47,HARDER
4,30.42,171.33,17,2,2,83.23,EASIER
5,28.17,160.82,23,5,0,83.06,SAME
4,27.42,160.35,18,3,2,66.54,EASIER
1,66.32,30.29,3,1,0,68.91,EASIER
3,25.0,155.29,18,6,3,60.3,EASIER
4,29.42,132.85,16,1,0,82.49,HARDER
3,30.2,95.28,13,1,0,75.2,EASIER
3,25.0,131.41,16,4,1,91.91,SAME
2,34.71,107.69,8,2,1,57.82,EASIER
1,50.75,47.32,4,2,1,72.71,SAME
1,65.86,20.0,3,1,0,87.75,HARDER
2,35.32,62.37,8,2,1,83.01,EASIER
4,25.0,123.88,17,2,2,100.0,EASIER
2,40.32,68.92,8,2,0,61.33,SAME
2,42.0,67.05,7,1,1,70.94,EASIER
2,50.95,38.15,6,0,0,94.57,HARDER
5,31.55,130.14,18,0,0,100.0,SAME
3,25.0,139.38,16,4,1,67.23,SAME
2,50.86,49.96,6,0,0,90.55,HARDER
5,28.5,215.53,21,3,1,83.23,SAME
2,33.25,70.52,8,2,1,73.07,EASIER
2,38.86,91.4,9,3,2,41.59,EASIER
1,100.0,35.13,2,0,0,85.62,HARDER
3,25.56,150.97,16,4,2,50.9,EASIER
1,100.0,22.12,2,0,0,97.23,HARDER
1,48.79,52.84,4,2,0,65.76,HARDER
2,29.12,80.69,9,3,0,57.86,SAME
4,25.0,189.48,21,6,3,76.95,EASIER
2,36.43,52.96,8,2,0,53.15,SAME
5,25.0,236.28,24,6,3,43.82,EASIER
1,54.41,43.19,4,2,1,70.5,SAME
4,25.72,177.71,20,5,3,62.02,EASIER
3,28.32,119.88,14,2,1,75.26,EASIER
5,26.47,182.32,23,5,2,49.88,EASIER
2,44.2,76.58,7,1,0,65.07,HARDER
5,27.34,165.64,21,3,2,76.06,EASIER
3,26.37,103.27,13,1,0,53.42,SAME
3,28.45,121.41,15,3,2,68.89,EASIER
1,28.28,76.67,7,5,1,71.72,HARDER
1,52.03,57.82,4,2,0,58.87,SAME
3,25.0,210.0,24,12,7,59.3,HARDER
4,26.62,142.49,20,5,0,84.88,HARDER
5,28.83,244.31,23,5,1,66.69,SAME
4,37.87,122.43,15,0,0,79.69,HARDER
2,35.32,131.07,11,5,3,29.0,EASIER
4,31.73,127.66,17,2,0,70.41,HARDER
5,28.78,173.95,20,2,0,70.94,SAME
4,25.0,177.25,20,5,0,73.05,HARDER
4,31.69,138.81,18,3,1,81.74,SAME
5,26.84,216.54,20,2,1,83.64,EASIER
5,32.05,169.59,19,1,0,72.65,SAME
1,36.75,62.35,5,3,2,52.28,SAME
3,33.81,95.6,12,0,0,66.8,HARDER
5,32.5,176.98,20,2,1,71.18,EASIER
4,33.13,128.98,15,0,0,87.77,HARDER
4,28.05,101.67,17,2,0,42.84,SAME
5,25.05,292.29,23,5,3,29.74,EASIER
1,65.46,63.0,3,1,0,66.84,HARDER
3,34.47,96.01,14,2,0,89.59,HARDER
1,100.0,20.0,2,0,0,97.83,HARDER
2,25.0,97.6,12,6,1,50.21,SAME
1,43.41,56.7,5,3,2,60.63,SAME
2,49.04,51.54,6,0,0,80.82,HARDER
3,26.48,132.75,16,4,0,42.54,SAME
3,27.58,109.67,16,4,1,61.17,SAME
2,32.13,66.11,9,3,1,56.8,SAME
1,99.87,24.25,2,0,0,100.0,HARDER
4,26.68,158.0,19,4,3,55.96,EASIER
1,51.38,62.7,4,2,2,58.14,SAME
3,27.07,100.65,14,2,0,72.86,HARDER
5,25.0,300.0,24,6,5,47.87,EASIER
1,68.47,45.04,3,1,1,40.1,SAME
3,34.04,84.56,12,0,0,79.54,HARDER
5,26.2,199.31,22,4,2,65.42,EASIER
4,25.0,180.46,21,6,3,61.22,EASIER
4,30.66,126.85,16,1,0,78.14,HARDER
1,97.45,38.08,2,0,0,79.32,HARDER
5,25.0,129.7,21,3,1,72.13,SAME
2,49.39,40.08,6,0,0,81.39,HARDER
3,26.84,178.57,14,2,1,44.3,EASIER
3,25.0,133.79,15,3,0,67.98,HARDER
4,28.06,210.81,16,1,1,59.11,EASIER
4,27.65,139.98,17,2,1,64.29,EASIER
3,28.42,102.85,12,0,0,80.78,HARDER
4,25.27,187.0,20,5,1,72.51,SAME
5,25.41,259.26,22,4,3,27.79,EASIER
2,36.28,75.88,8,2,1,77.21,EASIER
2,43.31,40.34,6,0,0,80.58,HARDER
4,25.0,217.67,23,8,4,63.33,EASIER
1,43.65,81.51,5,3,1,41.33,SAME
1,99.48,36.47,2,0,0,79.19,HARDER
2,28.55,87.13,11,5,2,73.32,SAME
2,50.61,30.0,6,0,0,65.34,HARDER
5,25.74,300.0,25,7,6,28.99,EASIER
1,96.43,20.0,2,0,0,71.76,HARDER
3,25.0,155.49,17,5,1,30.17,SAME
3,28.23,138.31,15,3,1,77.12,SAME
2,48.75,64.16,6,0,0,76.84,HARDER
2,48.8,52.8,6,0,0,96.41,HARDER
3,36.5,85.03,12,0,0,86.55,HARDER
1,46.65,54.79,4,2,0,49.87,SAME
5,29.42,199.84,20,2,2,77.67,EASIER
3,34.01,125.0,14,2,1,71.69,EASIER
2,40.69,60.76,7,1,0,63.2,SAME
2,31.84,93.8,10,4,1,59.49,SAME
2,41.5,93.22,7,1,0,65.31,HARDER
5,30.16,273.36,20,2,1,49.9,EASIER
1,99.52,35.75,2,0,0,71.13,HARDER
5,34.59,138.58,21,3,0,74.19,SAME
1,42.41,60.15,5,3,1,61.95,SAME
4,25.0,250.0,21,6,2,32.36,EASIER
3,25.0,201.2,19,7,2,27.47,EASIER
4,25.0,142.69,19,4,1,61.15,SAME
5,30.67,214.96,21,3,3,60.16,EASIER
3,28.72,99.28,14,2,0,75.05,HARDER
3,31.78,131.3,13,1,1,78.07,EASIER
4,25.0,180.77,19,4,1,56.66,SAME
4,31.67,185.77,16,1,0,57.07,SAME
1,61.82,56.77,3,1,1,43.57,SAME
2,32.25,119.76,12,6,2,38.29,EASIER
1,100.0,43.91,2,0,0,62.83,SAME
2,42.35,52.79,7,1,0,67.15,HARDER
4,26.37,124.12,18,3,3,64.66,EASIER
4,32.22,105.49,15,0,0,64.76,SAME
1,99.86,22.33,2,0,0,84.94,HARDER
3,33.11,64.57,12,0,0,76.53,HARDER
1,46.5,41.22,5,3,0,65.56,HARDER
2,29.77,95.09,10,4,2,64.53,EASIER
1,100.0,32.16,2,0,0,72.91,HARDER
2,47.09,64.98,6,0,0,81.61,HARDER
3,25.0,167.17,18,6,3,62.56,EASIER
1,37.81,57.32,5,3,1,53.55,SAME
5,25.35,153.25,21,3,2,62.98,EASIER
1,100.0,20.0,2,0,0,99.66,HARDER
4,26.91,195.05,19,4,1,62.48,HARDER
1,100.0,20.0,2,0,0,72.67,HARDER
4,26.61,154.2,20,5,1,68.43,HARDER
1,49.89,54.62,4,2,0,55.34,SAME
4,30.64,108.53,17,2,1,78.32,EASIER
3,27.08,110.29,14,2,1,72.73,EASIER
4,31.73,124.86,17,2,0,57.94,SAME
5,26.82,154.46,22,4,0,76.5,SAME
1,98.5,38.57,2,0,0,64.4,SAME
5,25.0,195.36,23,5,2,66.67,EASIER
4,26.86,183.86,20,5,3,73.17,EASIER
4,30.16,124.25,17,2,1,66.49,EASIER
2,36.16,81.57,8,2,2,76.05,EASIER
3,25.71,123.29,14,2,1,48.7,EASIER
2,30.75,70.49,9,3,0,61.33,SAME
4,25.41,225.45,17,2,2,53.09,EASIER
1,99.67,38.27,2,0,0,88.88,HARDER
3,25.0,136.14,18,6,2,56.67,SAME
2,54.22,52.78,6,0,0,87.07,HARDER
1,99.63,35.01,2,0,0,88.65,HARDER
4,30.74,128.58,19,4,1,79.35,SAME
4,29.48,104.03,16,1,1,78.36,EASIER
1,100.0,41.94,2,0,0,84.28,HARDER
3,26.01,119.73,15,3,1,88.11,SAME
4,25.0,250.0,21,6,6,39.18,EASIER
4,28.18,141.15,16,1,1,70.56,EASIER
1,100.0,40.46,2,0,0,73.64,HARDER
5,25.0,189.58,25,7,3,63.08,EASIER
5,33.68,151.36,18,0,0,100.0,SAME
1,100.0,24.28,2,0,0,75.69,HARDER
1,100.0,21.98,2,0,0,96.5,HARDER
2,54.47,47.11,6,0,0,69.02,HARDER
1,44.34,65.52,5,3,1,47.56,SAME
4,30.67,163.22,17,2,2,70.54,EASIER
5,29.99,249.07,21,3,2,64.05,EASIER
3,25.0,115.69,15,3,3,51.43,EASIER
2,51.94,69.35,6,0,0,73.42,HARDER
5,29.31,165.44,21,3,2,72.51,EASIER
2,47.15,32.95,6,0,0,85.37,HARDER
2,50.44,90.2,6,0,0,78.25,HARDER
4,25.45,144.91,17,2,0,78.13,HARDER
3,25.0,127.82,16,4,1,72.09,EASIER
5,29.94,176.76,21,3,1,53.78,EASIER
5,27.3,181.04,22,4,2,83.1,EASIER
2,35.59,69.65,9,3,1,53.36,SAME
2,45.37,65.14,7,1,0,100.0,HARDER
4,29.0,139.34,16,1,1,61.31,EASIER
4,27.08,250.0,21,6,4,50.0,EASIER
5,34.28,129.7,19,1,0,91.55,SAME
1,94.94,22.77,2,0,0,70.3,HARDER
5,25.0,300.0,28,10,6,33.31,EASIER
3,25.14,77.28,13,1,0,85.59,HARDER
3,34.75,149.75,14,2,1,52.22,EASIER
1,68.83,40.57,3,1,0,76.4,HARDER
2,39.33,61.84,8,2,1,68.3,EASIER
4,30.54,151.62,16,1,0,76.17,HARDER
1,97.53,47.26,2,0,0,65.99,HARDER
2,32.86,112.05,10,4,1,46.23,SAME
5,25.0,272.45,23,5,2,47.63,EASIER
5,31.35,158.26,21,3,2,69.21,EASIER
1,96.59,51.52,2,0,0,78.4,HARDER
1,52.17,52.77,4,2,1,76.88,SAME
4,25.0,209.64,19,4,2,75.91,EASIER
5,25.0,300.0,32,14,10,62.8,EASIER
2,47.66,46.31,7,1,0,100.0,HARDER
5,27.72,232.82,19,1,0,50.51,SAME
1,100.0,21.49,2,0,0,77.18,HARDER
1,98.8,21.11,2,0,0,81.51,HARDER
1,51.33,48.04,4,2,1,33.67,SAME
5,29.72,149.95,22,4,2,70.46,EASIER
1,98.03,39.79,2,0,0,64.94,SAME
5,31.66,300.0,23,5,3,26.2,EASIER
1,97.26,20.0,2,0,0,95.68,HARDER
1,97.32,43.88,2,0,0,82.41,HARDER
1,46.43,43.76,4,2,0,42.99,SAME
2,49.53,82.05,6,0,0,56.39,EASIER
5,33.27,142.76,19,1,0,80.49,SAME
2,50.3,44.53,6,0,0,86.45,HARDER
1,100.0,28.87,2,0,0,79.88,HARDER
5,32.12,168.33,19,1,0,80.75,SAME
1,46.7,31.25,4,2,0,46.78,SAME
2,46.67,80.49,7,1,1,80.85,EASIER
2,28.53,53.83,10,4,2,75.66,EASIER
4,28.24,209.57,19,4,2,34.51,EASIER
2,43.16,53.77,6,0,0,97.34,HARDER
2,39.7,85.18,8,2,1,60.51,EASIER
4,28.04,106.53,17,2,0,65.55,HARDER
3,26.85,129.28,15,3,1,48.46,EASIER
2,29.15,109.25,9,3,0,63.42,SAME
4,31.44,213.72,17,2,1,31.21,EASIER
5,36.32,182.49,19,1,0,87.67,SAME
5,25.0,205.75,23,5,3,58.71,EASIER
5,25.54,245.79,21,3,3,50.07,EASIER
3,29.98,85.27,14,2,1,77.2,EASIER
4,25.71,199.9,17,2,1,59.02,EASIER
5,32.64,233.23,22,4,2,57.87,EASIER
2,52.61,50.08,6,0,0,86.46,HARDER
3,30.61,82.86,16,4,1,42.97,SAME
3,30.76,65.93,13,1,1,92.95,EASIER
4,36.75,179.35,15,0,0,53.33,SAME
1,100.0,25.99,2,0,0,88.69,HARDER
5,25.0,300.0,29,11,6,48.45,EASIER
3,31.44,102.91,13,1,1,70.4,EASIER
1,95.91,29.48,2,0,0,84.78,HARDER
2,43.62,52.44,7,1,0,77.09,HARDER
1,95.73,24.17,2,0,0,69.12,HARDER
2,29.71,127.07,9,3,3,43.4,EASIER
4,33.37,144.81,15,0,0,52.15,SAME
5,28.61,240.03,23,5,3,67.56,EASIER
3,25.33,111.32,14,2,1,65.11,EASIER
5,26.01,300.0,26,8,4,52.01,EASIER
5,31.08,137.56,20,2,1,100.0,EASIER
3,25.0,187.94,19,7,3,36.38,EASIER
3,36.77,85.46,13,1,0,83.34,HARDER
4,30.72,86.25,16,1,0,61.82,SAME
1,71.29,22.46,3,1,0,60.83,SAME
2,47.05,45.13,6,0,0,100.0,HARDER
3,28.78,101.34,15,3,1,84.85,SAME
4,25.0,150.83,18,3,2,70.82,EASIER
3,28.63,84.7,14,2,0,77.16,HARDER
2,37.28,100.22,8,2,1,64.62,EASIER
1,49.47,33.79,4,2,0,55.03,SAME
5,25.58,280.93,24,6,6,61.59,EASIER
5,25.0,252.6,23,5,3,55.75,EASIER
1,64.74,28.27,3,1,0,72.53,HARDER
5,25.0,201.55,23,5,2,43.5,EASIER
3,36.44,78.46,12,0,0,65.85,HARDER
1,25.18,96.15,9,7,3,62.19,EASIER
4,29.97,198.72,19,4,2,67.97,EASIER
4,25.0,211.59,20,5,4,57.96,EASIER
5,27.83,225.71,20,2,0,65.4,SAME
3,32.36,87.92,12,0,0,76.38,HARDER
4,25.0,203.88,21,6,2,60.39,EASIER
2,47.49,39.78,6,0,0,94.5,HARDER
5,25.0,277.65,23,5,3,44.34,EASIER
4,30.25,164.58,16,1,0,80.5,HARDER
4,28.4,154.18,17,2,1,57.14,EASIER
5,30.39,189.49,18,0,0,77.24,SAME
3,25.77,112.77,15,3,1,92.07,SAME
3,27.08,182.3,16,4,2,40.56,EASIER
5,30.81,262.14,22,4,3,29.46,EASIER
2,49.44,74.45,7,1,1,69.9,EASIER
3,31.95,93.09,12,0,0,82.58,HARDER
5,25.66,297.15,26,8,3,48.35,EASIER
1,98.02,35.33,2,0,0,86.31,HARDER
1,66.76,41.75,3,1,0,70.37,HARDER
3,25.0,107.87,15,3,1,50.03,EASIER
3,33.97,134.79,14,2,0,53.15,SAME
3,25.0,185.48,16,4,1,38.9,EASIER
1,99.87,25.18,2,0,0,75.33,HARDER
3,41.04,109.27,12,0,0,75.59,HARDER
5,25.0,200.3,23,5,3,70.97,EASIER
4,36.16,104.95,15,0,0,84.16,HARDER
2,25.0,126.94,11,5,2,42.45,EASIER
1,38.0,75.61,6,4,2,40.96,SAME
1,100.0,47.69,2,0,0,61.74,SAME
3,26.25,128.05,15,3,1,65.53,SAME
3,32.68,92.26,12,0,0,58.77,SAME
5,34.5,168.21,18,0,0,71.61,SAME
4,25.0,190.33,19,4,1,26.49,EASIER
4,30.48,178.04,18,3,1,62.57,EASIER
1,100.0,24.81,2,0,0,79.67,HARDER
2,44.41,58.76,6,0,0,68.76,HARDER
2,38.09,43.39,7,1,0,85.48,HARDER
2,42.93,58.72,7,1,0,65.5,HARDER
2,37.72,82.51,7,1,1,61.43,EASIER
2,53.82,69.58,6,0,0,55.98,SAME
2,46.84,80.61,6,0,0,81.06,HARDER
2,49.44,63.9,6,0,0,90.45,HARDER
3,25.0,118.04,19,7,3,63.51,EASIER
2,27.23,99.63,11,5,1,99.68,HARDER
1,96.71,31.85,2,0,0,91.69,HARDER
4,35.34,109.11,17,2,1,70.49,EASIER
5,31.03,162.14,23,5,2,69.72,EASIER
1,99.08,20.0,2,0,0,100.0,HARDER
3,31.86,97.41,13,1,0,76.53,HARDER
3,25.0,128.62,18,6,0,59.23,SAME
1,65.49,26.95,3,1,0,98.83,HARDER
1,97.55,31.26,2,0,0,74.45,HARDER
4,25.0,210.26,22,7,4,60.98,EASIER
5,32.75,174.14,19,1,1,64.39,EASIER
5,30.3,218.96,18,0,0,41.52,SAME
5,27.42,293.77,22,4,3,55.27,EASIER
1,100.0,20.0,2,0,0,83.74,HARDER
3,34.81,82.83,12,0,0,99.24,HARDER
5,29.91,149.06,22,4,1,66.15,EASIER
1,100.0,39.03,2,0,0,84.49,HARDER
4,29.66,195.29,19,4,2,51.35,HARDER
5,27.63,270.35,23,5,2,51.55,EASIER
3,25.0,120.47,19,7,2,60.99,SAME
5,28.83,237.2,20,2,0,69.35,SAME
4,36.09,119.22,16,1,1,63.47,EASIER
2,26.69,117.18,11,5,2,32.43,EASIER
2,44.34,94.31,8,2,0,57.24,SAME
5,25.0,300.0,28,10,9,36.17,EASIER
1,100.0,20.0,2,0,0,84.12,HARDER
5,26.83,198.07,21,3,3,62.72,EASIER
2,34.45,57.93,8,2,1,61.41,EASIER
2,52.49,31.67,6,0,0,88.69,HARDER
4,25.0,226.36,19,4,2,52.02,EASIER
1,30.17,80.08,6,4,3,37.81,SAME
4,25.9,107.3,18,3,0,62.2,SAME
5,27.36,126.3,19,1,0,75.02,SAME
5,32.94,127.44,19,1,0,75.88,SAME
1,68.65,44.76,3,1,0,79.73,HARDER
3,32.84,63.02,12,0,0,100.0,HARDER
5,25.94,178.76,20,2,2,80.68,EASIER
1,99.58,30.64,2,0,0,70.23,HARDER
1,53.42,27.76,4,2,0,60.57,SAME
4,25.0,250.0,23,8,4,54.34,EASIER
2,37.71,95.44,8,2,1,71.65,EASIER
2,54.78,47.96,6,0,0,84.03,HARDER
2,49.95,53.53,6,0,0,70.65,HARDER
2,44.84,46.57,7,1,0,89.66,HARDER
5,27.96,187.14,22,4,2,61.35,EASIER
5,26.02,203.2,21,3,1,74.94,SAME
3,29.63,137.48,13,1,0,99.54,HARDER
5,30.98,254.88,22,4,2,40.97,EASIER
2,47.46,56.98,6,0,0,87.09,HARDER
4,30.48,123.91,15,0,0,50.56,SAME
2,41.6,53.5,7,1,0,65.8,HARDER
1,98.34,40.95,2,0,0,61.66,SAME
5,29.17,168.94,23,5,2,76.1,EASIER
4,25.0,250.0,24,9,4,38.54,EASIER
3,28.61,141.16,15,3,0,59.94,SAME
3,32.0,84.58,12,0,0,92.83,HARDER
1,67.08,20.65,3,1,0,72.45,HARDER
5,25.0,230.27,22,4,2,47.55,EASIER
2,50.4,53.89,6,0,0,86.97,HARDER
3,33.17,84.29,12,0,0,100.0,HARDER
4,31.13,105.73,16,1,0,75.97,HARDER
1,68.94,43.54,3,1,0,60.79,SAME
2,29.38,65.07,10,4,0,54.27,SAME
5,25.31,195.04,23,5,1,51.55,SAME
1,98.44,41.71,2,0,0,77.27,HARDER
4,25.0,141.87,18,3,2,83.72,EASIER
2,47.67,57.33,6,0,0,98.56,HARDER
2,46.52,37.71,6,0,0,72.01,HARDER
2,49.49,48.62,6,0,0,83.97,HARDER
3,35.91,60.47,12,0,0,84.46,HARDER
2,47.33,77.16,7,1,0,68.29,HARDER
1,67.46,67.69,3,1,1,37.24,SAME
1,92.3,29.42,2,0,0,75.67,HARDER
1,97.27,44.13,2,0,0,82.69,HARDER
3,35.5,103.31,12,0,0,91.98,HARDER
4,27.3,115.17,16,1,1,92.79,EASIER
4,28.04,205.57,19,4,2,55.15,EASIER
3,25.0,149.22,16,4,0,44.23,SAME
3,25.0,118.79,15,3,1,64.75,SAME
3,30.43,101.24,14,2,0,58.55,SAME
1,41.06,47.28,5,3,1,73.69,SAME
2,37.45,52.34,7,1,0,92.6,HARDER
3,31.15,105.16,13,1,0,82.62,HARDER
3,34.83,132.46,14,2,0,64.53,SAME
5,25.81,300.0,22,4,4,39.04,EASIER
5,31.34,127.6,19,1,0,78.87,SAME
3,26.55,75.24,13,1,1,74.56,EASIER
5,35.42,131.64,18,0,0,93.76,SAME
3,25.0,148.57,16,4,1,40.45,SAME
2,49.39,41.88,6,0,0,77.1,HARDER
3,28.34,106.1,14,2,0,74.29,EASIER
4,33.99,170.74,16,1,0,73.12,HARDER
1,100.0,20.0,2,0,0,98.04,HARDER
4,25.0,165.68,19,4,2,60.5,EASIER
2,33.15,103.48,10,4,1,53.27,SAME
3,27.49,144.5,15,3,1,36.32,EASIER
3,27.49,182.8,16,4,3,54.32,EASIER
4,25.0,243.97,22,7,3,57.3,EASIER
1,47.46,47.64,4,2,2,51.5,SAME
1,96.98,20.0,2,0,0,100.0,HARDER
2,35.2,81.76,8,2,0,77.35,HARDER
5,30.01,197.3,20,2,1,75.86,EASIER
1,99.58,20.0,2,0,0,70.99,HARDER
5,32.23,118.17,20,2,1,89.95,EASIER
1,98.54,33.75,2,0,0,92.89,HARDER
3,34.42,128.48,13,1,1,66.78,EASIER
3,30.65,75.03,12,0,0,100.0,HARDER
2,47.94,54.62,6,0,0,63.11,SAME
5,25.0,289.34,29,11,9,61.09,EASIER
3,26.18,90.21,12,0,0,83.93,HARDER
5,30.47,131.34,19,1,0,80.16,SAME
1,100.0,20.0,2,0,0,81.82,HARDER
1,94.33,25.5,2,0,0,74.27,EASIER
4,32.51,142.86,15,0,0,66.1,HARDER
3,30.7,132.59,14,2,1,65.03,EASIER
4,25.0,233.24,19,4,2,40.35,EASIER
2,39.5,69.61,7,1,1,76.29,EASIER
3,27.44,130.51,14,2,2,64.62,EASIER
2,34.07,94.77,9,3,0,61.64,SAME
5,26.67,300.0,27,9,4,72.0,EASIER
4,25.0,207.24,21,6,4,61.43,EASIER
3,25.0,97.55,13,1,0,69.39,HARDER
2,36.05,95.48,10,4,1,43.72,SAME
4,34.8,136.62,16,1,0,89.21,HARDER
4,38.1,98.11,15,0,0,76.39,HARDER
5,25.0,275.56,25,7,6,50.79,EASIER
4,31.9,91.06,15,0,0,80.02,HARDER
5,31.7,168.62,20,2,1,85.51,EASIER
3,29.28,142.9,14,2,0,81.56,HARDER
1,40.77,67.89,5,3,0,64.11,SAME
4,25.0,135.43,19,4,0,68.15,HARDER
1,33.88,53.12,6,4,1,63.23,SAME
3,25.0,84.2,16,4,2,67.16,EASIER
4,27.8,95.27,16,1,0,93.38,HARDER
3,34.37,101.81,12,0,0,71.38,HARDER
1,100.0,26.68,2,0,0,100.0,HARDER
5,25.0,300.0,24,6,5,61.84,EASIER
1,48.63,55.73,4,2,0,68.13,HARDER
5,37.91,132.27,18,0,0,100.0,SAME
4,29.68,169.59,19,4,1,51.66,SAME
5,25.0,136.95,19,1,0,84.72,SAME
3,25.0,76.34,15,3,0,65.0,HARDER
2,38.43,67.98,7,1,0,76.08,HARDER
4,25.0,249.65,21,6,3,49.46,EASIER
1,38.4,46.52,6,4,0,51.11,SAME
4,26.14,188.45,19,4,2,43.97,EASIER
3,30.7,106.18,13,1,0,94.75,HARDER
1,98.12,43.72,2,0,0,63.32,SAME
4,25.0,243.24,20,5,2,51.29,EASIER
2,38.53,59.81,8,2,1,51.99,EASIER
5,27.41,200.54,22,4,2,71.52,EASIER
4,29.04,190.26,18,3,1,69.12,SAME
1,48.76,51.13,4,2,1,73.23,SAME
3,29.45,65.4,12,0,0,95.67,HARDER
4,25.97,137.13,18,3,2,84.09,EASIER
3,27.33,77.85,15,3,0,72.78,HARDER
2,45.72,63.42,7,1,0,58.46,SAME
1,67.17,33.92,3,1,1,71.08,SAME
4,29.85,160.13,17,2,1,65.14,EASIER
3,30.65,71.11,12,0,0,72.51,HARDER
1,67.09,30.18,3,1,0,72.82,HARDER
4,26.91,157.99,17,2,2,72.16,EASIER
3,33.59,105.45,13,1,0,71.22,HARDER
2,25.0,107.6,11,5,4,69.35,EASIER
5,25.0,288.65,23,5,3,68.62,EASIER
5,37.02,131.6,18,0,0,58.01,SAME
1,63.95,27.74,3,1,0,75.85,HARDER
3,25.0,150.09,15,3,1,62.19,SAME
5,26.52,254.88,24,6,2,41.03,EASIER
4,34.14,102.54,15,0,0,85.68,HARDER
2,40.88,61.84,7,1,0,84.58,SAME
3,26.44,148.58,15,3,3,55.22,EASIER
5,27.3,238.4,22,4,2,34.78,EASIER
3,25.65,105.96,15,3,1,69.95,SAME
3,25.0,129.83,17,5,2,72.71,EASIER
1,94.84,34.16,2,0,0,70.99,HARDER
1,26.72,70.6,8,6,2,39.14,SAME
1,72.07,34.29,3,1,0,61.77,SAME
1,99.64,20.0,2,0,0,95.34,HARDER
5,29.29,138.98,21,3,1,66.99,SAME
3,32.44,149.65,14,2,0,51.97,SAME
2,35.1,72.17,9,3,1,84.14,SAME
3,32.24,145.38,15,3,1,66.15,SAME
1,64.35,34.8,3,1,0,76.35,HARDER
2,39.84,90.26,7,1,0,81.48,HARDER
3,29.51,94.37,14,2,0,73.09,HARDER
2,46.81,62.32,7,1,0,61.91,SAME
4,30.52,148.96,16,1,1,74.55,EASIER
5,33.04,235.02,22,4,3,60.34,EASIER
5,28.14,209.02,19,1,1,57.93,EASIER
1,100.0,25.05,2,0,0,78.89,HARDER
3,29.67,115.1,13,1,0,59.04,SAME
2,30.9,113.88,9,3,3,75.67,EASIER
3,33.56,110.62,12,0,0,75.08,HARDER
1,52.03,44.57,4,2,0,58.25,SAME
3,27.31,143.51,14,2,2,41.63,EASIER
4,29.02,117.73,17,2,0,61.84,SAME
1,97.13,21.02,2,0,0,92.59,HARDER
1,100.0,20.0,2,0,0,97.03,HARDER
2,53.23,45.86,6,0,0,69.26,HARDER
3,30.69,162.63,16,4,0,78.29,SAME
5,26.57,161.97,20,2,2,56.16,EASIER
3,28.78,133.32,14,2,2,59.38,EASIER
4,29.52,181.43,19,4,0,55.77,SAME
1,98.8,28.35,2,0,0,87.29,HARDER
4,26.43,142.22,17,2,0,92.67,HARDER
4,29.89,100.02,16,1,1,62.97,EASIER
1,59.16,35.79,3,1,1,81.7,SAME
1,95.98,31.34,2,0,0,70.9,HARDER
5,34.04,198.16,19,1,0,58.59,SAME
4,28.5,214.19,20,5,4,55.41,EASIER
3,33.83,65.14,12,0,0,91.08,HARDER
1,27.98,108.38,7,5,4,58.16,SAME
2,38.05,79.4,7,1,0,59.72,SAME
5,27.5,157.38,20,2,1,71.72,EASIER
3,25.0,111.95,15,3,1,68.23,SAME
2,45.4,52.79,6,0,0,83.42,HARDER
1,99.34,27.04,2,0,0,80.82,HARDER
1,97.8,41.61,2,0,0,60.73,SAME
2,38.33,87.94,9,3,0,39.95,SAME
1,69.87,40.12,3,1,1,66.03,SAME
1,65.88,29.03,3,1,0,80.88,HARDER
3,27.02,135.23,15,3,0,64.32,SAME
5,25.0,277.04,28,10,5,79.67,EASIER
2,48.99,54.1,6,0,0,74.46,HARDER
5,27.92,124.49,21,3,2,76.15,EASIER
4,26.05,206.63,18,3,2,61.65,EASIER
4,28.71,124.84,19,4,1,56.32,SAME
4,26.17,228.07,20,5,2,65.99,EASIER
3,30.91,141.41,13,1,1,65.79,EASIER
3,31.68,78.4,13,1,0,96.85,HARDER
1,97.52,22.21,2,0,0,60.52,SAME
2,41.93,46.01,7,1,0,74.86,HARDER
5,25.0,234.39,23,5,2,53.29,EASIER
5,36.15,143.99,19,1,0,91.25,SAME
3,32.16,140.83,14,2,0,64.76,SAME
2,53.31,52.36,6,0,0,62.66,EASIER
5,32.98,159.97,19,1,0,64.24,SAME
1,100.0,20.0,2,0,0,73.1,HARDER
1,100.0,20.0,2,0,0,83.34,HARDER
1,38.24,43.36,5,3,2,50.34,SAME
3,25.0,134.47,20,8,4,53.32,EASIER
5,31.63,230.62,21,3,2,43.58,EASIER
1,99.95,26.74,2,0,0,66.21,HARDER
2,44.12,72.33,7,1,1,66.23,EASIER
5,25.0,237.17,23,5,3,50.96,EASIER
3,32.47,81.14,13,1,0,82.39,HARDER
1,95.9,20.0,2,0,0,90.21,HARDER
3,25.0,153.87,17,5,2,41.75,EASIER
3,25.0,139.73,18,6,2,51.42,EASIER
3,36.02,120.13,13,1,1,60.41,EASIER
2,51.3,62.41,6,0,0,100.0,HARDER
4,32.53,155.02,17,2,1,75.37,EASIER
1,52.05,41.64,4,2,0,64.96,SAME
5,33.7,137.85,18,0,0,97.0,SAME
2,37.76,69.41,9,3,2,77.15,EASIER
1,96.29,36.42,2,0,0,90.66,HARDER
2,29.88,54.99,9,3,1,56.91,SAME
4,25.21,178.63,20,5,2,69.16,EASIER
1,70.46,36.62,3,1,0,51.64,SAME
3,29.83,67.04,12,0,0,100.0,HARDER
2,44.04,58.98,7,1,0,96.13,EASIER
1,100.0,46.22,2,0,0,76.31,HARDER
4,26.15,194.11,18,3,1,73.93,EASIER
3,25.0,129.14,16,4,2,65.17,EASIER
2,38.24,84.2,8,2,1,75.9,EASIER
5,28.16,200.3,22,4,1,82.06,SAME
5,25.0,210.32,23,5,4,50.76,EASIER
2,53.05,68.08,6,0,0,77.57,HARDER
5,30.99,300.0,24,6,5,27.72,EASIER
4,28.01,201.47,20,5,2,65.32,EASIER
2,33.99,70.23,8,2,1,81.05,EASIER
2,54.18,49.57,6,0,0,62.07,SAME
5,27.67,255.2,20,2,2,54.22,EASIER
4,27.99,157.94,17,2,0,60.02,SAME
3,30.35,138.54,13,1,0,52.91,SAME
3,30.36,116.56,13,1,0,69.23,HARDER
4,31.81,122.24,16,1,1,85.58,EASIER
4,25.39,156.62,20,5,2,59.6,EASIER
4,28.86,151.67,18,3,2,47.96,EASIER
3,25.64,89.98,13,1,0,68.7,HARDER
1,65.27,23.43,3,1,0,82.05,HARDER
1,25.0,92.97,10,8,3,36.89,SAME
1,97.53,21.9,2,0,0,100.0,HARDER
2,25.0,132.6,14,8,4,44.96,EASIER
1,99.83,25.68,2,0,0,100.0,HARDER
1,100.0,20.0,2,0,0,77.73,HARDER
4,25.66,121.41,17,2,0,77.26,HARDER
2,38.59,78.45,7,1,1,67.32,EASIER
5,25.81,291.29,25,7,6,59.3,EASIER
4,29.29,208.61,18,3,2,48.68,EASIER
5,25.0,180.64,23,5,1,66.11,SAME
4,28.95,96.33,16,1,0,78.19,HARDER
4,32.63,143.73,18,3,1,62.43,SAME
4,33.26,115.92,15,0,0,78.25,HARDER
3,32.09,91.49,14,2,1,89.36,EASIER
5,27.68,218.46,21,3,1,63.36,EASIER
2,46.2,48.81,6,0,0,100.0,HARDER
5,26.27,120.06,19,1,0,72.08,SAME
5,31.1,171.74,22,4,1,57.11,SAME
3,31.38,62.67,13,1,0,80.93,HARDER
4,30.87,112.23,15,0,0,93.9,HARDER
5,26.99,172.42,19,1,1,76.58,EASIER
4,40.15,90.98,15,0,0,83.38,SAME
5,32.44,129.5,19,1,1,81.87,EASIER
1,100.0,23.62,2,0,0,79.59,HARDER
1,34.31,74.21,7,5,3,39.87,SAME
1,94.89,20.0,2,0,0,83.44,HARDER
1,63.54,27.01,3,1,0,79.83,HARDER
5,25.0,300.0,34,16,14,39.71,SAME
4,26.95,208.25,18,3,1,39.8,EASIER
5,25.59,285.5,20,2,1,25.0,EASIER
5,25.0,297.67,28,10,6,29.73,EASIER
2,36.26,58.98,7,1,1,84.57,EASIER
5,30.91,291.04,23,5,3,50.4,EASIER
4,26.33,130.85,16,1,1,76.91,EASIER
3,31.48,78.46,12,0,0,75.49,HARDER
2,25.0,117.07,13,7,3,53.48,EASIER
1,54.11,34.19,4,2,0,66.95,HARDER
2,52.01,43.52,6,0,0,59.47,SAME
5,34.92,168.31,18,0,0,79.41,SAME
4,25.0,175.97,19,4,2,60.37,EASIER
1,100.0,42.23,2,0,0,63.41,SAME
2,43.34,66.06,7,1,0,73.56,HARDER
3,25.46,120.74,15,3,1,77.02,SAME
4,25.0,231.91,22,7,5,42.21,EASIER
1,99.03,20.0,2,0,0,84.05,HARDER
5,25.0,300.0,27,9,6,57.07,EASIER
2,36.68,109.93,9,3,3,48.98,EASIER
4,32.31,134.57,17,2,0,71.87,HARDER
3,30.61,93.21,13,1,0,79.74,HARDER
2,35.58,94.3,8,2,1,72.35,EASIER
2,41.54,76.72,7,1,0,69.84,HARDER
1,100.0,20.0,2,0,0,69.51,HARDER
1,69.55,44.4,3,1,0,73.71,HARDER
5,25.0,118.07,23,5,1,73.3,SAME
1,99.17,29.29,2,0,0,85.85,HARDER
4,39.25,148.73,15,0,0,85.2,HARDER
3,25.0,120.76,15,3,1,69.02,SAME
5,25.0,263.51,26,8,3,81.42,EASIER
1,64.57,45.71,3,1,1,58.71,SAME
1,100.0,20.0,2,0,0,88.47,HARDER
5,28.6,231.31,24,6,1,73.65,SAME
1,96.01,22.8,2,0,0,81.84,HARDER
1,91.74,32.86,2,0,0,65.02,HARDER
3,30.91,121.47,13,1,1,61.47,EASIER
2,50.22,50.6,6,0,0,97.12,HARDER
4,30.58,168.59,16,1,0,71.44,SAME
2,25.0,128.97,12,6,3,62.95,EASIER
1,100.0,20.0,2,0,0,100.0,HARDER
4,25.41,175.21,19,4,1,80.8,SAME
4,25.0,169.3,19,4,2,80.91,EASIER
1,95.22,37.74,2,0,0,86.62,HARDER
1,100.0,26.28,2,0,0,73.13,HARDER
5,33.19,253.33,24,6,3,52.97,EASIER
5,34.8,171.84,19,1,1,56.92,EASIER
2,43.22,72.29,8,2,0,78.49,HARDER
5,31.37,162.38,20,2,0,83.31,SAME
5,35.0,154.67,18,0,0,85.36,SAME
4,30.85,203.9,18,3,1,57.6,EASIER
1,97.64,20.0,2,0,0,100.0,HARDER
3,26.91,101.16,14,2,0,70.22,HARDER
5,34.02,192.03,18,0,0,63.87,SAME
5,25.0,253.22,27,9,6,28.83,EASIER
5,28.6,174.23,22,4,2,72.55,EASIER
3,29.39,108.07,14,2,1,63.87,EASIER
1,50.72,52.2,4,2,0,57.25,SAME
3,29.89,69.44,13,1,0,83.0,EASIER
4,25.0,189.65,20,5,4,63.93,EASIER
1,69.67,60.59,3,1,0,51.92,SAME
5,32.22,139.16,18,0,0,75.22,HARDER
1,68.6,43.87,3,1,1,58.57,SAME
5,29.52,174.02,21,3,1,87.14,SAME
2,46.45,41.14,7,1,0,66.83,HARDER
3,27.6,103.08,13,1,0,51.15,SAME
1,100.0,42.82,2,0,0,74.45,HARDER
5,30.46,183.98,20,2,1,74.36,EASIER
2,53.79,49.5,6,0,0,94.79,HARDER
5,25.0,251.27,24,6,5,42.71,EASIER
4,25.0,140.28,19,4,3,61.66,EASIER
3,32.51,101.47,14,2,0,81.65,HARDER
4,30.02,133.25,16,1,1,64.93,EASIER
1,100.0,20.0,2,0,0,94.3,EASIER
2,25.0,158.39,17,11,2,27.26,EASIER
5,29.6,241.95,20,2,2,53.94,EASIER
2,30.5,81.43,10,4,0,56.62,SAME
3,25.0,127.81,16,4,3,44.88,EASIER
3,29.45,172.93,16,4,2,52.84,EASIER
3,37.05,67.03,12,0,0,71.84,HARDER
5,30.14,218.67,21,3,1,48.11,EASIER
1,100.0,20.0,2,0,0,81.34,HARDER
5,27.77,194.44,21,3,1,79.71,SAME
4,25.0,151.2,20,5,2,53.8,EASIER
3,37.06,70.59,12,0,0,86.37,HARDER
1,95.67,26.31,2,0,0,88.66,HARDER
5,25.0,300.0,30,12,11,32.33,EASIER
1,50.4,43.21,4,2,1,60.79,SAME
4,25.0,127.36,17,2,0,78.49,HARDER
4,25.0,174.35,19,4,2,52.58,EASIER
3,33.26,98.74,13,1,0,66.46,HARDER
3,25.0,139.95,17,5,1,74.01,HARDER
5,25.08,258.48,24,6,4,64.29,EASIER
1,99.73,20.04,2,0,0,77.0,HARDER
4,31.58,178.57,19,4,1,72.31,SAME
5,28.44,211.32,20,2,1,74.61,EASIER
5,31.56,188.53,21,3,2,57.94,EASIER
5,25.0,185.24,23,5,1,66.97,SAME
4,31.13,196.49,16,1,1,71.95,EASIER
1,40.35,71.61,5,3,2,41.51,SAME
4,25.0,195.03,22,7,5,59.13,EASIER
1,70.54,27.23,3,1,0,67.5,HARDER
3,34.15,91.9,13,1,0,82.66,HARDER
4,35.25,103.84,15,0,0,90.69,HARDER
5,29.0,262.1,20,2,2,63.36,EASIER
3,25.0,150.89,18,6,2,60.85,SAME
1,63.74,49.94,3,1,0,62.69,SAME
3,27.64,163.75,17,5,4,70.07,EASIER
3,36.52,65.68,12,0,0,95.65,HARDER
4,27.17,250.0,20,5,5,62.68,EASIER
5,32.5,142.14,20,2,1,80.21,EASIER
1,29.66,84.71,8,6,2,57.59,SAME
5,26.05,177.06,20,2,0,47.96,SAME
4,26.16,178.93,19,4,3,63.6,EASIER
4,25.0,186.25,19,4,2,48.84,EASIER
2,48.52,56.14,6,0,0,92.06,HARDER
2,33.67,85.64,9,3,2,47.06,EASIER
3,32.67,80.47,12,0,0,82.14,HARDER
1,52.76,69.42,4,2,2,38.69,SAME
2,49.06,41.64,6,0,0,99.51,HARDER
4,26.46,195.27,20,5,4,49.0,EASIER
2,34.81,71.7,8,2,1,73.42,EASIER
2,42.8,88.14,8,2,0,74.1,HARDER
3,27.28,198.75,16,4,3,60.48,EASIER
1,100.0,34.79,2,0,0,78.77,HARDER
4,35.27,160.92,17,2,1,48.6,EASIER
1,36.58,38.27,5,3,0,81.71,HARDER
2,31.95,60.66,9,3,1,72.66,SAME
1,97.08,20.0,2,0,0,84.02,HARDER
3,35.5,90.25,12,0,0,75.89,HARDER
5,33.43,265.65,19,1,1,57.37,EASIER
1,100.0,27.46,2,0,0,78.24,HARDER
2,30.94,93.75,10,4,1,52.14,SAME
2,30.66,55.62,8,2,1,70.68,EASIER
5,29.03,277.46,22,4,4,38.14,EASIER
2,48.28,49.4,6,0,0,56.67,SAME
1,53.71,41.6,4,2,0,90.81,HARDER
2,47.44,40.52,6,0,0,100.0,HARDER
2,29.76,62.69,9,3,0,83.65,HARDER
5,30.17,258.44,21,3,3,39.74,EASIER
3,25.0,177.32,19,7,4,52.43,EASIER
1,66.99,48.08,3,1,1,61.54,SAME
4,40.15,86.73,15,0,0,84.42,HARDER
3,34.42,75.64,13,1,0,83.04,HARDER
5,27.61,233.74,22,4,2,70.68,EASIER
3,30.51,140.55,14,2,0,71.11,HARDER
1,51.14,49.47,4,2,1,49.73,SAME
4,28.96,163.05,18,3,1,75.45,SAME
1,100.0,31.9,2,0,0,50.62,SAME
5,32.06,124.29,18,0,0,93.75,SAME
3,25.0,123.63,15,3,0,69.79,HARDER
3,35.86,91.15,12,0,0,83.35,HARDER
1,64.92,35.06,3,1,0,73.59,HARDER
1,96.13,42.05,2,0,0,61.07,SAME
3,31.63,96.44,13,1,0,69.74,HARDER
4,26.06,154.62,19,4,1,63.88,SAME
5,27.68,227.28,21,3,3,66.95,EASIER
3,25.0,145.98,17,5,2,67.13,EASIER
4,30.68,103.16,18,3,1,62.21,SAME
3,31.55,95.81,13,1,0,82.19,HARDER
4,26.52,250.0,20,5,3,33.86,EASIER
1,96.15,28.65,2,0,0,71.73,HARDER
3,25.0,188.89,17,5,3,68.65,EASIER
3,32.79,85.03,13,1,0,61.86,SAME
5,29.63,222.97,22,4,2,44.58,EASIER
4,25.0,128.3,18,3,2,72.98,EASIER
3,25.0,174.19,17,5,2,58.25,EASIER
3,28.11,91.31,13,1,0,58.14,SAME
5,31.73,269.5,22,4,2,53.24,EASIER
4,29.39,138.42,18,3,1,70.45,SAME
4,35.99,88.42,15,0,0,97.13,HARDER
2,37.11,35.1,7,1,0,79.05,HARDER
3,35.21,112.41,12,0,0,67.96,HARDER
3,28.01,205.46,17,5,2,40.98,EASIER
5,26.26,207.4,21,3,1,74.4,SAME
1,38.79,58.23,5,3,0,50.68,SAME
5,36.46,137.71,18,0,0,100.0,SAME
5,28.35,149.48,19,1,0,95.39,SAME
1,100.0,35.6,2,0,0,61.58,SAME
1,69.12,29.0,3,1,1,61.06,SAME
2,38.11,47.85,7,1,1,63.98,EASIER
2,37.36,75.48,8,2,1,65.31,EASIER
1,100.0,34.41,2,0,0,76.63,HARDER
5,25.65,237.16,24,6,4,51.12,EASIER
3,25.0,88.47,14,2,1,82.25,EASIER
4,25.0,201.65,21,6,4,60.97,EASIER
3,36.13,80.4,13,1,0,87.07,HARDER
5,29.51,182.8,20,2,1,62.62,EASIER
2,46.69,52.54,6,0,0,55.54,SAME
2,51.98,41.53,6,0,0,88.15,HARDER
4,33.97,138.7,17,2,0,56.25,SAME
5,25.0,154.15,22,4,3,82.65,EASIER
5,34.19,152.75,18,0,0,68.99,SAME
3,25.0,156.9,18,6,4,40.37,EASIER
5,25.32,172.53,24,6,2,62.33,EASIER
1,40.64,34.91,5,3,0,82.57,HARDER
3,28.28,137.64,15,3,1,81.76,SAME
4,28.68,188.09,16,1,1,59.45,EASIER
1,67.52,26.21,3,1,0,52.55,SAME
5,25.0,211.0,25,7,6,55.93,EASIER
2,35.62,94.65,10,4,0,71.41,HARDER
3,33.73,157.66,15,3,2,58.96,EASIER
5,28.73,240.53,20,2,0,64.69,SAME
1,57.92,33.45,3,1,0,86.46,HARDER
4,28.29,136.4,17,2,0,87.06,HARDER
3,33.03,147.78,14,2,1,30.38,EASIER
3,31.46,117.37,15,3,1,89.13,SAME
5,28.42,205.37,22,4,2,57.23,EASIER
2,46.34,76.83,7,1,0,75.76,HARDER
2,36.66,76.52,8,2,0,68.38,HARDER
2,35.32,77.36,8,2,0,83.22,HARDER
3,30.05,129.89,14,2,1,53.3,EASIER
4,28.43,160.22,17,2,1,89.87,EASIER
3,27.83,112.31,16,4,1,68.08,SAME
4,30.94,192.17,17,2,0,50.49,SAME
1,25.0,91.65,8,6,2,47.09,SAME
3,28.27,143.29,14,2,2,55.17,EASIER
2,31.96,103.78,10,4,2,56.07,EASIER
4,36.38,126.83,16,1,1,53.83,EASIER
4,27.48,204.13,22,7,4,58.63,EASIER
5,28.41,152.22,21,3,0,65.54,SAME
5,25.0,269.41,26,8,4,77.85,EASIER
5,25.53,251.41,22,4,2,54.24,EASIER
1,52.56,47.22,4,2,0,62.5,SAME
5,27.29,219.75,22,4,2,61.86,EASIER
3,25.0,150.23,16,4,3,63.69,EASIER
1,99.29,34.66,2,0,0,79.55,HARDER
3,25.0,128.45,18,6,4,51.58,EASIER
4,26.73,207.25,19,4,1,53.33,EASIER
4,28.4,210.21,17,2,1,41.34,EASIER
3,28.61,77.52,12,0,0,100.0,HARDER
4,26.94,212.88,18,3,2,51.59,EASIER
2,26.95,118.76,12,6,3,51.12,EASIER
5,26.58,300.0,26,8,3,49.08,EASIER
5,35.22,287.99,22,4,3,51.94,EASIER
4,28.62,110.77,17,2,1,71.06,EASIER
5,38.38,105.2,18,0,0,94.49,HARDER
1,41.36,60.42,5,3,1,77.65,SAME
4,25.0,173.66,18,3,1,36.18,EASIER
4,26.91,139.28,17,2,0,74.48,HARDER
5,34.02,283.36,19,1,1,51.82,EASIER
1,99.17,35.5,2,0,0,68.71,HARDER
2,33.25,77.93,9,3,0,60.26,SAME
2,36.89,57.16,8,2,0,68.45,HARDER
3,25.0,163.89,15,3,1,49.24,EASIER
3,25.0,154.19,16,4,2,36.01,EASIER
2,44.83,57.05,6,0,0,80.54,HARDER
3,26.43,99.27,16,4,2,66.88,EASIER
5,29.12,195.86,19,1,0,53.15,SAME
1,70.53,21.4,3,1,0,67.55,HARDER
5,29.24,194.47,19,1,1,79.59,EASIER
2,50.31,44.18,6,0,0,60.97,SAME
1,30.44,63.61,8,6,2,43.23,SAME
3,33.01,78.13,12,0,0,74.69,HARDER
3,26.35,139.88,17,5,3,56.31,EASIER
1,94.44,22.8,2,0,0,82.47,HARDER
1,100.0,25.15,2,0,0,81.3,HARDER
2,38.11,75.52,9,3,1,71.43,SAME
4,29.0,124.37,16,1,0,82.69,HARDER
5,30.79,213.37,20,2,2,53.09,EASIER
2,45.56,35.35,6,0,0,95.94,HARDER
4,26.2,115.39,18,3,0,75.12,HARDER
5,28.08,189.55,21,3,1,58.76,EASIER
4,28.07,167.78,19,4,2,69.21,EASIER
3,34.5,129.11,12,0,0,46.96,SAME
4,33.95,113.75,16,1,0,67.55,HARDER
2,49.88,68.37,6,0,0,80.11,HARDER
4,25.24,140.58,19,4,1,68.05,SAME
2,38.5,74.54,8,2,0,53.95,SAME
4,25.0,250.0,20,5,2,42.75,EASIER
4,29.51,140.35,16,1,0,62.34,HARDER
4,35.03,117.58,16,1,0,65.46,HARDER
4,25.0,116.2,19,4,1,78.98,SAME
1,98.48,25.92,2,0,0,85.56,HARDER
5,27.3,225.55,20,2,0,80.3,SAME
4,27.55,130.91,17,2,1,81.12,EASIER
4,28.31,147.0,17,2,0,53.52,SAME
1,100.0,28.36,2,0,0,90.72,HARDER
5,26.76,148.67,21,3,1,82.26,SAME
5,32.22,148.12,19,1,0,71.74,SAME
4,25.0,248.35,26,11,4,69.33,EASIER
4,28.47,148.67,17,2,0,50.21,SAME
4,25.0,217.47,20,5,2,73.19,EASIER
3,29.02,93.1,15,3,2,72.82,EASIER
4,28.94,107.87,17,2,0,60.91,SAME
5,29.92,205.85,21,3,3,64.36,EASIER
2,46.17,50.23,7,1,0,83.65,HARDER
3,32.41,125.35,12,0,0,43.15,SAME
4,28.73,158.88,17,2,1,57.33,EASIER
3,36.89,139.12,12,0,0,62.56,SAME
2,42.02,47.81,7,1,1,71.28,EASIER
5,32.94,126.01,22,4,0,76.25,SAME
3,29.59,93.61,13,1,0,71.22,HARDER
3,25.0,174.27,18,6,3,52.73,EASIER
5,29.74,185.66,19,1,1,58.54,EASIER
1,100.0,28.52,2,0,0,69.65,HARDER
3,25.61,142.99,15,3,3,79.87,EASIER
3,25.0,98.73,14,2,1,65.65,EASIER
2,42.0,74.64,8,2,1,82.7,EASIER
5,25.58,187.95,20,2,2,53.86,EASIER
5,25.0,235.24,22,4,1,71.82,EASIER
3,25.0,140.02,16,4,2,58.96,EASIER
2,33.85,65.98,8,2,0,84.9,HARDER
3,25.0,117.59,14,2,1,53.06,EASIER
2,39.19,57.3,7,1,1,80.08,EASIER
1,100.0,46.0,2,0,0,80.29,HARDER
3,31.99,102.68,14,2,0,68.74,HARDER
5,29.03,218.27,21,3,3,69.62,EASIER
5,30.66,300.0,21,3,3,48.67,EASIER
1,66.77,25.88,3,1,0,93.29,HARDER
2,34.85,73.1,8,2,1,72.5,EASIER
2,49.81,47.56,6,0,0,87.3,HARDER
5,26.26,262.2,21,3,2,36.0,EASIER
2,52.69,52.67,6,0,0,74.81,HARDER
5,25.07,129.84,21,3,0,85.06,SAME
1,100.0,20.0,2,0,0,86.01,HARDER
2,47.39,66.69,6,0,0,96.39,HARDER
2,46.51,47.35,7,1,0,88.95,HARDER
4,28.5,233.41,21,6,4,53.37,EASIER
1,99.93,20.0,2,0,0,58.51,SAME
2,48.57,78.67,7,1,0,73.73,HARDER
1,51.82,56.9,4,2,1,50.13,SAME
2,43.36,68.15,7,1,0,84.59,HARDER
2,26.84,110.32,11,5,1,39.04,SAME
5,30.02,248.24,21,3,3,50.18,EASIER
3,25.0,128.24,18,6,2,46.74,EASIER
2,30.15,109.09,9,3,2,57.45,EASIER
2,42.52,100.63,7,1,0,54.87,SAME
3,25.01,148.9,15,3,2,55.33,EASIER
2,25.0,110.45,11,5,1,64.86,SAME
5,25.0,168.11,23,5,1,54.35,SAME
1,100.0,41.27,2,0,0,83.17,HARDER
4,25.0,250.0,20,5,5,46.93,EASIER
3,31.92,96.81,12,0,0,56.66,SAME
1,34.02,53.06,6,4,0,67.88,HARDER
1,98.09,25.86,2,0,0,100.0,HARDER
4,25.0,161.24,19,4,1,75.41,SAME
1,97.92,31.65,2,0,0,61.86,SAME
4,34.29,100.27,15,0,0,79.46,HARDER
3,29.84,92.08,14,2,1,66.37,EASIER
3,32.0,66.06,13,1,1,100.0,EASIER
5,26.16,205.51,23,5,3,72.5,EASIER
1,100.0,29.38,2,0,0,81.28,HARDER
5,25.75,272.88,23,5,4,61.81,EASIER
2,36.26,73.84,8,2,0,72.83,HARDER
4,33.96,128.72,15,0,0,65.72,HARDER
3,25.0,172.41,18,6,3,40.05,EASIER
3,25.0,152.85,17,5,1,66.47,SAME
1,37.36,73.96,6,4,2,41.71,SAME
3,26.16,108.29,15,3,1,60.88,SAME
4,25.0,194.88,20,5,2,53.82,EASIER
5,30.56,192.22,23,5,2,68.33,EASIER
5,31.02,237.13,19,1,0,68.46,SAME
2,36.45,70.76,8,2,0,72.88,HARDER
1,96.88,25.7,2,0,0,89.04,HARDER
1,59.08,71.86,3,1,1,57.59,SAME
3,26.02,132.43,15,3,0,43.44,SAME
2,33.95,108.21,9,3,1,61.76,SAME
2,33.33,86.05,9,3,2,60.71,EASIER
3,25.0,133.41,15,3,3,53.17,EASIER
2,32.07,68.1,9,3,1,63.88,SAME
3,36.35,66.41,12,0,0,100.0,HARDER
4,25.0,138.11,17,2,2,100.0,EASIER
4,26.58,195.82,18,3,1,70.56,SAME
5,32.01,171.42,18,0,0,69.8,SAME
3,25.0,102.26,15,3,0,79.23,HARDER
3,28.38,99.58,14,2,1,86.21,EASIER
1,98.06,40.33,2,0,0,94.28,HARDER
1,100.0,33.75,2,0,0,65.31,HARDER
2,29.92,83.46,10,4,1,56.44,SAME
5,25.0,249.04,22,4,3,57.05,EASIER
5,27.79,273.6,23,5,2,61.97,EASIER
5,27.01,213.61,21,3,3,46.99,EASIER
3,31.94,123.64,12,0,0,75.02,HARDER
1,99.94,47.38,2,0,0,55.16,SAME
2,47.45,44.98,7,1,0,52.56,SAME
4,28.75,136.56,17,2,2,76.83,EASIER
4,25.0,156.15,18,3,1,61.29,SAME
5,26.38,255.17,22,4,1,54.15,EASIER
4,27.77,160.92,19,4,1,68.26,SAME
4,33.62,165.92,16,1,0,55.13,SAME
5,26.3,261.7,22,4,4,32.12,EASIER
2,49.38,50.98,6,0,0,66.06,HARDER
4,32.78,188.78,18,3,2,57.11,EASIER
1,100.0,25.42,2,0,0,83.07,HARDER
4,25.0,136.2,19,4,1,62.08,SAME
3,30.88,101.05,14,2,0,87.43,HARDER
4,28.94,180.78,16,1,0,71.12,SAME
5,30.35,168.59,21,3,2,74.63,EASIER
5,26.18,219.18,25,7,5,76.0,EASIER
4,27.89,210.76,18,3,1,46.69,EASIER
2,52.32,57.39,6,0,0,98.28,HARDER
4,32.22,129.93,16,1,0,82.03,HARDER
1,100.0,20.0,2,0,0,100.0,HARDER
4,25.0,250.0,22,7,7,60.07,EASIER
2,51.97,43.68,6,0,0,97.5,HARDER
3,27.47,81.32,12,0,0,73.63,HARDER
2,33.39,90.0,9,3,0,72.5,HARDER
5,25.0,203.27,23,5,3,38.48,EASIER
3,25.0,210.0,19,7,5,26.24,EASIER
2,50.08,60.05,6,0,0,89.42,HARDER
3,25.0,122.46,15,3,0,61.76,SAME
2,45.29,53.27,6,0,0,100.0,HARDER
5,25.0,219.01,25,7,3,57.51,EASIER
3,27.91,90.59,13,1,1,79.47,EASIER
1,45.9,56.36,4,2,0,38.7,SAME
4,28.12,214.31,16,1,1,60.76,EASIER
3,28.59,104.81,12,0,0,85.44,HARDER
1,99.15,36.55,2,0,0,77.54,HARDER
5,25.39,285.83,23,5,5,50.33,EASIER
1,62.68,35.96,3,1,0,78.38,HARDER
5,25.0,236.9,24,6,5,74.28,EASIER
2,42.64,50.12,7,1,1,72.58,EASIER
2,54.82,75.01,6,0,0,74.3,HARDER
3,26.14,132.23,14,2,0,53.33,SAME
4,31.37,148.02,15,0,0,51.48,SAME
2,49.19,84.94,6,0,0,73.11,HARDER
3,30.08,120.53,13,1,0,79.19,HARDER
2,35.94,60.64,7,1,0,100.0,HARDER
1,90.97,30.76,2,0,0,65.61,HARDER
3,27.15,126.13,15,3,1,53.09,EASIER
3,25.0,210.0,19,7,5,36.73,EASIER
1,100.0,20.0,2,0,0,91.39,HARDER
3,28.51,93.36,13,1,0,65.14,HARDER
1,100.0,23.8,2,0,0,59.7,SAME
5,26.96,197.23,21,3,1,65.28,EASIER
1,96.35,43.1,2,0,0,83.19,HARDER
2,44.22,104.27,7,1,0,55.61,SAME
4,30.84,138.51,17,2,0,77.02,EASIER
1,44.33,81.06,5,3,3,55.1,SAME
1,100.0,20.0,2,0,0,74.9,HARDER
3,27.53,100.05,14,2,1,73.6,EASIER
2,38.97,83.53,7,1,1,76.78,EASIER
5,28.34,132.18,23,5,1,79.64,SAME
5,33.81,157.93,23,5,1,54.4,SAME
4,27.77,180.8,19,4,2,50.66,EASIER
2,44.3,44.05,7,1,0,76.07,HARDER
2,30.62,54.23,9,3,0,54.58,SAME
2,28.59,124.28,10,4,1,46.43,SAME
5,32.31,220.86,23,5,3,62.58,EASIER
1,41.8,40.5,5,3,2,54.18,SAME
4,25.0,235.9,21,6,2,57.73,EASIER
4,34.47,108.67,17,2,0,78.53,HARDER
4,25.0,172.76,24,9,1,67.4,EASIER
5,25.0,293.69,24,6,4,58.82,EASIER
1,100.0,30.58,2,0,0,78.43,HARDER
2,29.07,70.56,9,3,1,72.83,SAME
1,47.46,49.95,4,2,0,55.46,SAME
5,25.0,217.6,24,6,5,54.24,EASIER
4,25.95,153.09,19,4,0,60.81,SAME
1,99.07,27.94,2,0,0,78.99,HARDER
5,30.49,163.27,18,0,0,61.05,SAME
5,31.99,198.49,19,1,1,75.02,EASIER
5,26.88,194.84,20,2,1,39.84,EASIER
1,99.26,33.22,2,0,0,55.77,SAME
2,52.66,68.96,6,0,0,73.28,HARDER
4,30.8,151.8,18,3,1,67.21,SAME
5,31.75,272.61,22,4,2,50.35,EASIER
5,30.43,191.67,21,3,1,70.33,SAME
5,31.05,300.0,23,5,2,32.37,EASIER
4,29.27,145.2,21,6,2,65.43,SAME
1,99.16,20.0,2,0,0,70.05,HARDER
3,26.38,154.53,16,4,1,59.85,SAME
3,30.99,152.81,13,1,1,40.35,EASIER
1,100.0,27.79,2,0,0,61.39,SAME
2,51.02,52.35,6,0,0,57.05,SAME
3,32.24,60.36,12,0,0,98.16,HARDER
1,98.4,35.26,2,0,0,83.61,HARDER
2,43.9,72.63,7,1,0,56.43,SAME
4,26.85,131.8,16,1,0,53.76,SAME
4,32.1,112.58,15,0,0,93.32,HARDER
5,28.56,191.58,21,3,1,62.44,EASIER
2,31.79,87.88,8,2,0,51.22,SAME
1,99.62,40.16,2,0,0,91.44,HARDER
2,45.95,63.56,7,1,0,61.45,SAME
3,33.75,95.83,13,1,0,84.14,HARDER
3,31.18,94.26,14,2,1,86.84,EASIER
1,30.72,86.05,6,4,3,67.4,SAME
3,31.95,98.28,12,0,0,65.53,HARDER
3,36.01,133.47,12,0,0,57.56,SAME
3,29.73,131.27,14,2,2,57.29,EASIER
1,100.0,20.14,2,0,0,74.65,HARDER
3,31.63,132.0,16,4,0,47.96,SAME
4,29.31,117.42,17,2,0,82.02,HARDER
4,25.0,250.0,20,5,3,39.65,EASIER
2,48.63,57.61,7,1,0,64.44,SAME
2,51.11,50.24,6,0,0,88.32,HARDER
1,43.44,81.15,5,3,2,37.64,SAME
2,25.0,111.59,13,7,3,32.56,EASIER
2,25.0,115.56,11,5,1,55.43,EASIER
4,25.15,222.0,22,7,2,62.68,EASIER
4,31.87,107.06,16,1,1,76.26,EASIER
5,26.72,277.19,23,5,3,76.76,EASIER
1,30.45,82.53,7,5,3,56.09,SAME
3,29.23,103.76,14,2,2,59.17,EASIER
5,27.17,148.62,18,0,0,100.0,SAME
4,29.39,98.31,17,2,1,72.69,SAME
4,33.49,103.02,15,0,0,84.49,HARDER
4,27.19,204.06,21,6,3,49.21,EASIER
3,26.48,118.63,14,2,0,65.23,HARDER
4,25.0,120.68,22,7,1,79.86,HARDER
5,25.0,221.65,23,5,3,33.97,EASIER
2,31.86,130.04,10,4,3,41.91,EASIER
5,28.96,239.57,21,3,2,42.42,EASIER
3,33.95,65.85,12,0,0,84.38,HARDER
5,29.58,159.68,21,3,0,75.8,SAME
3,27.07,152.47,16,4,3,80.49,EASIER
5,26.27,137.73,19,1,0,60.33,SAME
5,25.0,233.58,22,4,2,56.48,EASIER
5,29.79,193.52,20,2,1,64.53,EASIER
5,27.17,182.97,21,3,1,63.36,EASIER
3,28.73,130.31,15,3,0,65.66,HARDER
2,47.53,70.28,6,0,0,75.88,HARDER
3,28.7,173.41,17,5,3,37.57,EASIER
4,32.22,129.01,18,3,1,93.15,HARDER
5,26.73,162.94,22,4,1,67.27,SAME
5,25.0,177.84,21,3,1,68.06,SAME
3,25.0,129.1,15,3,1,65.92,SAME
4,34.36,180.34,17,2,2,66.75,EASIER
5,30.93,129.52,19,1,1,70.8,EASIER
3,31.45,148.48,14,2,0,49.84,SAME
2,33.46,94.39,10,4,2,55.65,EASIER
4,27.16,91.12,17,2,0,60.99,SAME
2,46.43,60.53,7,1,1,62.47,EASIER
4,36.12,131.46,16,1,0,91.13,HARDER
4,25.33,213.31,18,3,1,71.2,SAME
5,26.15,160.28,20,2,0,100.0,SAME
3,33.2,94.95,12,0,0,73.38,HARDER
2,39.11,97.12,8,2,2,64.15,EASIER
1,49.14,51.51,4,2,1,66.33,SAME
4,26.91,187.42,18,3,0,70.88,SAME
4,25.0,197.56,18,3,0,73.17,SAME
3,31.36,156.57,18,6,2,38.76,EASIER
1,72.14,20.0,3,1,0,73.92,HARDER
3,25.0,110.11,16,4,0,59.29,SAME
3,32.91,88.63,12,0,0,79.0,HARDER
5,30.09,227.67,24,6,5,76.75,EASIER
4,36.91,146.74,17,2,0,33.29,SAME
5,30.02,227.29,20,2,1,63.73,EASIER
5,25.0,286.6,24,6,1,46.15,EASIER
2,40.02,47.17,7,1,0,78.8,HARDER
5,25.31,299.36,24,6,5,44.19,EASIER
1,35.63,54.95,6,4,2,53.24,SAME
5,30.72,273.7,20,2,1,71.07,EASIER
4,29.12,99.78,16,1,0,71.23,HARDER
4,34.53,100.55,15,0,0,80.7,HARDER
3,25.0,153.49,15,3,1,51.83,EASIER
1,66.0,36.63,3,1,0,76.23,HARDER
5,27.37,209.47,20,2,2,52.44,EASIER
4,25.0,171.65,19,4,3,59.42,EASIER
2,46.61,63.44,6,0,0,76.78,HARDER
4,25.0,146.23,20,5,3,63.35,EASIER
5,28.58,228.05,21,3,0,61.51,SAME
2,32.51,69.52,9,3,0,58.69,SAME
3,34.63,101.65,12,0,0,68.74,HARDER
5,31.47,133.4,20,2,0,72.47,SAME
2,34.3,95.43,10,4,2,70.61,EASIER
4,29.4,181.55,18,3,2,67.77,EASIER
5,25.0,230.68,22,4,4,40.66,EASIER
1,92.79,41.88,2,0,0,61.97,SAME
3,25.0,166.79,18,6,2,38.64,EASIER
4,25.92,168.05,19,4,3,77.24,EASIER
2,36.26,118.41,9,3,2,51.25,EASIER
3,28.19,103.9,13,1,0,72.9,HARDER
3,29.02,156.28,16,4,0,64.52,SAME
2,40.88,48.21,8,2,0,70.43,HARDER
2,31.82,74.27,8,2,1,90.25,EASIER
2,36.63,69.16,8,2,0,71.36,HARDER
1,54.33,54.44,4,2,1,74.78,SAME
2,50.18,50.06,6,0,0,100.0,HARDER
4,25.0,177.27,19,4,2,56.65,EASIER
1,41.73,58.7,5,3,1,68.25,SAME
1,70.27,48.26,3,1,0,74.96,HARDER
1,46.86,50.76,5,3,0,79.58,HARDER
3,29.28,104.59,14,2,1,44.88,EASIER
5,25.0,300.0,24,6,2,61.94,EASIER
2,36.2,75.69,8,2,1,62.49,SAME
5,27.51,300.0,26,8,5,49.16,EASIER
2,32.71,89.94,8,2,1,66.53,EASIER
1,42.2,46.54,5,3,1,62.26,SAME
4,27.75,134.59,17,2,0,77.57,EASIER
5,34.84,151.0,18,0,0,74.04,SAME
3,27.92,118.1,14,2,1,59.51,EASIER
2,33.92,122.99,10,4,1,36.84,SAME
3,31.32,95.27,13,1,0,73.36,HARDER
3,32.63,71.76,12,0,0,64.63,SAME
3,25.0,159.52,15,3,2,52.23,EASIER
1,70.22,37.04,3,1,0,63.95,SAME
3,25.0,159.18,18,6,2,45.48,EASIER
1,66.01,40.07,3,1,1,44.8,SAME
3,25.0,140.79,16,4,2,45.86,EASIER
4,33.17,112.81,16,1,0,64.96,SAME
3,31.25,71.79,14,2,0,61.49,SAME
2,48.29,64.46,7,1,0,73.21,HARDER
1,98.1,37.48,2,0,0,78.06,HARDER
5,29.53,128.66,20,2,0,78.1,SAME
4,26.0,166.68,18,3,2,73.9,EASIER
5,25.0,223.09,23,5,2,53.78,EASIER
5,26.08,228.81,23,5,2,45.96,EASIER
2,45.13,62.65,7,1,1,67.64,EASIER
5,32.5,107.95,18,0,0,85.58,SAME
5,28.84,252.63,23,5,2,59.56,EASIER
4,25.0,156.93,17,2,1,78.52,EASIER
2,45.21,50.21,6,0,0,83.08,HARDER
4,25.96,118.9,16,1,0,80.2,HARDER
5,25.29,257.55,26,8,3,58.27,EASIER
1,100.0,22.29,2,0,0,98.98,HARDER
5,29.87,134.56,19,1,0,77.61,SAME
1,65.53,28.9,3,1,0,100.0,HARDER
1,64.8,44.92,3,1,0,69.95,HARDER
1,100.0,24.21,2,0,0,72.41,HARDER
4,25.66,196.48,21,6,3,72.83,EASIER
4,25.0,250.0,21,6,3,51.7,EASIER
1,53.66,49.75,4,2,1,62.94,SAME
3,25.14,142.1,14,2,2,42.44,EASIER
3,29.89,128.79,17,5,3,60.13,EASIER
2,40.7,94.39,8,2,1,63.81,EASIER
4,33.71,124.63,16,1,0,79.68,HARDER
1,27.82,69.96,7,5,1,48.45,SAME
4,25.0,186.42,19,4,0,60.83,SAME
3,31.44,95.51,14,2,0,82.03,HARDER
1,32.15,65.89,6,4,3,54.82,SAME
4,25.0,238.14,25,10,5,45.11,EASIER
1,44.88,45.9,5,3,0,86.89,HARDER
4,37.05,142.09,16,1,0,55.89,SAME
5,25.0,184.67,22,4,1,79.01,SAME
5,26.91,258.56,25,7,4,37.05,EASIER
4,29.49,169.09,16,1,1,71.68,EASIER
4,31.75,145.06,17,2,0,87.34,HARDER
2,33.47,72.26,9,3,1,79.15,SAME
3,33.75,107.81,12,0,0,86.85,HARDER
2,44.68,63.49,7,1,0,76.3,HARDER
2,25.43,97.88,11,5,1,67.59,HARDER
3,32.76,119.74,13,1,0,65.31,HARDER
3,26.63,136.67,16,4,0,63.31,SAME
2,51.66,43.24,6,0,0,96.29,HARDER
1,63.14,50.68,3,1,0,69.6,HARDER
2,25.0,101.29,13,7,2,45.08,SAME
1,51.8,30.03,4,2,0,75.63,HARDER
2,50.18,53.76,6,0,0,87.95,HARDER
5,26.34,270.97,23,5,3,46.66,EASIER
1,62.14,34.84,3,1,0,84.16,HARDER
1,100.0,20.0,2,0,0,95.2,HARDER
3,26.41,189.61,17,5,3,51.55,EASIER
2,49.89,56.47,6,0,0,89.68,HARDER
1,97.5,31.99,2,0,0,49.37,SAME
4,28.22,224.43,22,7,6,44.54,EASIER
2,51.96,34.44,6,0,0,67.78,HARDER
3,31.35,80.38,13,1,0,71.21,HARDER
1,68.05,40.32,3,1,0,87.37,HARDER
4,30.0,190.14,18,3,3,57.43,EASIER
5,29.72,156.03,19,1,0,92.4,SAME
3,30.27,137.27,15,3,2,43.11,EASIER
4,27.9,122.13,17,2,2,61.07,EASIER
2,39.74,76.64,8,2,2,69.63,EASIER
4,25.0,249.9,21,6,6,54.95,EASIER
5,29.91,300.0,23,5,4,40.19,EASIER
1,51.69,48.45,4,2,0,73.0,HARDER
1,33.02,46.14,6,4,0,52.73,SAME
2,42.63,60.1,7,1,1,69.27,EASIER
5,25.0,300.0,29,11,7,62.02,EASIER
3,35.96,82.04,13,1,0,77.81,HARDER
5,33.44,207.92,20,2,0,78.53,SAME
3,34.61,133.05,14,2,0,69.42,HARDER
3,31.99,140.82,14,2,0,77.19,HARDER
4,29.29,147.42,16,1,0,76.78,HARDER
3,34.16,140.74,15,3,2,63.42,EASIER
2,43.08,50.91,7,1,1,59.54,EASIER
2,30.78,98.37,10,4,1,46.61,SAME
3,25.18,130.67,15,3,1,71.03,HARDER
2,36.32,66.82,9,3,0,66.41,HARDER
2,54.87,66.51,6,0,0,97.21,HARDER
2,40.36,88.54,8,2,0,63.1,SAME
2,53.46,54.3,6,0,0,60.61,SAME
2,55.79,38.47,6,0,0,73.7,HARDER
3,25.0,94.41,15,3,0,80.42,HARDER
1,100.0,25.92,2,0,0,95.05,HARDER
1,54.73,29.01,4,2,0,56.06,SAME
2,54.83,55.29,6,0,0,84.86,HARDER
3,34.38,112.4,12,0,0,66.75,HARDER
4,35.29,122.27,16,1,0,79.66,HARDER
3,25.0,126.97,18,6,2,39.24,EASIER
4,37.73,105.4,15,0,0,100.0,HARDER
2,46.53,75.15,8,2,0,54.6,SAME
5,31.04,116.26,18,0,0,86.24,SAME
4,31.1,122.45,15,0,0,89.76,HARDER
2,28.17,100.48,11,5,3,43.14,EASIER
5,25.0,280.6,23,5,3,74.64,EASIER
4,25.0,209.39,20,5,3,58.62,EASIER
4,26.18,234.84,22,7,2,40.1,EASIER
2,48.58,53.93,6,0,0,69.8,HARDER
4,29.28,129.83,16,1,1,82.26,EASIER
4,25.0,175.46,21,6,1,73.21,HARDER
2,55.61,42.27,6,0,0,100.0,HARDER
3,34.06,59.34,12,0,0,98.94,HARDER
4,30.49,126.05,17,2,0,65.52,HARDER
3,30.18,59.6,13,1,0,80.72,HARDER
4,27.25,216.88,20,5,2,47.83,EASIER
1,51.7,50.37,4,2,0,60.13,SAME
3,27.08,112.19,14,2,0,98.31,HARDER
5,28.29,165.68,20,2,0,78.38,SAME
3,31.81,166.54,12,0,0,34.28,SAME
4,27.67,165.68,20,5,2,71.98,EASIER
4,29.45,130.72,17,2,0,73.14,HARDER
4,25.13,187.78,20,5,2,46.22,EASIER
4,25.0,136.99,18,3,0,81.93,HARDER
5,30.32,184.7,19,1,1,90.19,EASIER
4,30.9,122.67,17,2,2,84.61,EASIER
2,53.06,57.66,6,0,0,78.87,HARDER
4,33.62,152.03,17,2,0,76.46,EASIER
3,34.76,89.58,12,0,0,93.94,HARDER
4,25.0,218.83,21,6,3,48.86,EASIER
1,94.7,26.96,2,0,0,62.88,SAME
1,100.0,20.0,2,0,0,94.49,HARDER
2,32.22,63.2,8,2,0,79.49,HARDER
2,32.22,75.93,10,4,1,53.53,SAME
2,26.3,87.85,10,4,3,65.06,EASIER
5,25.0,266.83,25,7,2,39.65,EASIER
2,50.27,44.55,6,0,0,97.7,HARDER
4,30.86,121.2,15,0,0,62.87,SAME
2,28.29,95.29,10,4,1,69.82,SAME
5,31.71,161.44,20,2,1,58.12,EASIER
5,25.0,300.0,26,8,4,54.74,EASIER
4,33.34,110.87,16,1,0,76.12,HARDER
5,25.02,172.32,20,2,1,83.81,EASIER
4,25.0,175.87,17,2,1,54.09,EASIER
1,95.76,46.6,2,0,0,86.9,HARDER
3,25.0,133.55,14,2,1,72.09,EASIER
2,44.58,102.86,7,1,1,88.37,EASIER
2,35.15,46.28,8,2,0,77.56,HARDER
1,100.0,20.0,2,0,0,79.39,HARDER
2,46.64,65.18,6,0,0,57.47,SAME
3,25.0,147.21,17,5,0,54.75,SAME
2,35.77,124.92,9,3,1,60.03,SAME
3,25.0,123.96,16,4,1,65.74,SAME
4,25.0,172.82,20,5,2,41.12,HARDER
5,25.0,223.72,22,4,1,38.53,EASIER
5,25.0,300.0,24,6,5,62.85,EASIER
1,100.0,20.0,2,0,0,91.19,HARDER
5,26.3,300.0,25,7,5,26.38,EASIER
2,41.41,86.42,7,1,0,58.41,SAME
4,25.0,189.44,20,5,3,46.77,EASIER
1,100.0,32.66,2,0,0,79.2,HARDER
5,30.16,157.62,20,2,2,76.75,EASIER
5,26.34,300.0,25,7,6,33.1,EASIER
4,25.0,215.19,19,4,1,73.77,HARDER
5,32.3,174.28,20,2,1,66.94,EASIER
2,38.0,88.23,8,2,0,77.53,HARDER
4,25.0,121.3,17,2,0,78.26,HARDER
2,45.03,71.05,7,1,0,40.7,SAME
1,69.73,53.08,3,1,1,46.34,SAME
4,25.0,215.31,20,5,2,29.27,EASIER
1,61.75,39.38,3,1,0,55.1,SAME
4,31.56,89.35,15,0,0,100.0,HARDER
4,25.0,182.84,21,6,3,59.51,EASIER
2,34.81,71.94,8,2,1,76.81,EASIER
2,38.94,100.87,8,2,1,55.28,EASIER
1,61.04,49.36,3,1,0,51.3,SAME
2,48.27,46.38,6,0,0,72.34,HARDER
5,28.12,191.23,23,5,2,86.28,SAME
1,68.95,20.0,3,1,0,73.55,HARDER
2,41.56,69.38,7,1,0,87.84,HARDER
3,25.0,195.24,20,8,5,54.62,EASIER
2,40.58,84.42,7,1,0,68.74,HARDER
1,38.65,63.34,5,3,1,65.96,SAME
5,25.0,218.21,22,4,2,66.44,EASIER
3,31.58,106.69,13,1,0,62.42,SAME
2,46.95,41.03,6,0,0,92.92,HARDER
2,42.75,72.7,7,1,1,74.1,EASIER
4,28.11,184.49,19,4,2,51.23,EASIER
3,25.0,135.21,15,3,1,59.92,SAME
1,100.0,20.0,2,0,0,100.0,HARDER
5,27.4,236.35,23,5,3,62.96,EASIER
2,54.96,52.21,6,0,0,84.85,HARDER
1,64.62,30.44,3,1,1,72.65,SAME
2,29.4,105.9,9,3,1,69.34,SAME
2,34.05,90.44,9,3,1,53.34,SAME
1,49.85,40.58,4,2,0,82.61,HARDER
3,26.58,128.88,12,0,0,59.92,SAME
4,26.59,191.12,20,5,2,35.96,EASIER
1,100.0,20.93,2,0,0,68.43,HARDER
4,28.43,122.99,15,0,0,72.49,HARDER
1,98.6,20.0,2,0,0,100.0,HARDER
5,26.37,221.7,20,2,1,53.98,EASIER
1,96.03,34.16,2,0,0,64.26,SAME
3,25.0,183.67,16,4,1,41.47,EASIER
2,27.28,69.74,9,3,2,78.72,EASIER
5,31.6,120.59,18,0,0,93.48,SAME
2,47.81,41.43,6,0,0,85.91,HARDER
2,50.76,74.16,6,0,0,75.67,HARDER
4,26.46,157.31,16,1,0,78.17,HARDER
5,34.4,278.39,20,2,2,73.38,EASIER
4,25.0,188.08,20,5,2,48.61,EASIER
2,47.23,57.76,6,0,0,100.0,HARDER
4,29.85,124.8,17,2,0,68.98,HARDER
5,31.44,176.47,20,2,1,98.39,EASIER
2,33.94,65.65,8,2,0,44.28,SAME
5,33.58,141.88,20,2,0,78.82,SAME
3,34.86,97.29,13,1,0,63.18,SAME
2,32.15,78.96,9,3,1,75.81,SAME
3,25.0,210.0,19,7,5,45.7,EASIER
4,28.53,129.41,18,3,0,69.45,HARDER
1,71.79,41.62,3,1,1,80.32,SAME
3,33.1,61.84,12,0,0,93.77,HARDER
2,50.17,60.55,6,0,0,75.04,HARDER
3,35.13,98.81,12,0,0,73.15,HARDER
3,27.19,158.78,14,2,2,53.7,EASIER
1,49.98,54.42,4,2,1,57.94,SAME
2,52.64,49.02,6,0,0,84.0,HARDER
4,30.0,209.24,21,6,5,47.98,EASIER
1,61.11,32.82,3,1,0,75.51,HARDER
2,42.74,81.51,7,1,0,65.76,HARDER
3,25.0,125.1,14,2,2,62.0,EASIER
4,26.64,149.31,19,4,1,87.04,SAME
4,35.68,169.55,16,1,0,61.92,SAME
5,25.34,180.22,20,2,0,65.67,SAME
5,25.0,213.54,22,4,0,69.72,EASIER
4,32.62,120.08,15,0,0,100.0,HARDER
1,100.0,37.61,2,0,0,87.98,HARDER
3,25.0,156.17,16,4,0,39.83,SAME
2,48.22,42.66,6,0,0,88.19,HARDER
1,54.71,52.33,4,2,0,63.38,SAME
3,28.72,107.89,15,3,0,62.41,SAME
4,25.55,153.99,19,4,0,66.09,HARDER
3,28.74,78.77,14,2,0,77.75,HARDER
3,25.0,136.37,15,3,3,55.11,EASIER
1,67.0,29.89,3,1,1,83.15,HARDER
4,25.54,158.1,19,4,2,63.04,EASIER
4,26.22,149.0,17,2,1,62.49,EASIER
2,40.67,59.9,7,1,0,57.98,SAME
2,31.48,93.48,8,2,0,63.65,SAME
2,29.63,79.36,10,4,1,61.77,SAME
5,25.33,137.86,19,1,0,67.7,SAME
3,25.56,135.73,17,5,2,56.75,EASIER
4,26.67,193.41,18,3,2,50.98,EASIER
3,26.11,112.4,13,1,0,72.11,HARDER
3,28.23,165.97,17,5,1,39.66,SAME
1,97.17,37.17,2,0,0,80.45,HARDER
5,30.59,171.51,21,3,2,67.41,EASIER
1,97.71,27.38,2,0,0,84.15,HARDER
1,46.97,39.19,4,2,0,52.54,SAME
1,45.9,48.4,4,2,0,45.06,SAME
4,28.69,166.5,19,4,2,55.52,EASIER
2,52.43,48.6,6,0,0,74.57,HARDER
2,49.94,30.36,6,0,0,88.14,HARDER
2,38.91,74.85,7,1,0,69.61,HARDER
1,97.4,31.0,2,0,0,58.52,SAME
5,27.37,203.19,22,4,2,69.01,EASIER
2,49.62,55.84,6,0,0,83.99,HARDER
2,48.29,86.61,7,1,0,72.07,HARDER
2,47.21,87.25,7,1,0,72.25,HARDER
2,54.01,39.86,6,0,0,95.73,HARDER
1,100.0,27.1,2,0,0,76.71,HARDER
5,32.51,218.24,18,0,0,39.08,SAME
4,32.18,182.18,18,3,1,82.59,SAME
1,37.12,65.0,5,3,2,54.67,SAME
2,28.18,127.11,10,4,4,49.48,EASIER
2,40.99,67.61,7,1,0,75.4,HARDER
1,67.65,56.4,3,1,0,53.72,SAME
2,40.93,42.66,7,1,0,96.75,HARDER
2,39.69,78.7,8,2,1,72.2,EASIER
4,27.45,177.87,18,3,2,70.97,EASIER
5,26.75,209.56,21,3,3,74.01,EASIER
5,25.0,184.62,24,6,0,64.35,SAME
5,25.0,270.41,25,7,4,32.31,EASIER
4,31.02,124.14,18,3,0,91.71,HARDER
2,28.46,81.61,10,4,0,54.87,SAME
4,34.48,136.0,17,2,0,69.78,HARDER
5,29.9,180.81,22,4,1,77.14,SAME
1,99.05,22.89,2,0,0,95.95,HARDER
3,27.24,104.92,14,2,1,67.52,EASIER
5,25.0,266.98,22,4,4,39.33,EASIER
4,25.0,156.8,19,4,2,55.51,EASIER
5,31.96,201.56,20,2,1,63.68,EASIER
1,52.08,42.09,4,2,0,88.54,HARDER
2,30.49,101.28,10,4,0,48.44,SAME
5,33.3,170.81,21,3,1,87.16,SAME
2,41.31,54.69,7,1,0,63.45,SAME
1,60.42,20.0,3,1,0,89.36,HARDER
2,25.0,85.63,11,5,1,93.8,HARDER
1,48.88,36.82,4,2,1,68.43,SAME
3,28.71,75.43,14,2,1,100.0,EASIER
2,44.01,52.5,7,1,0,100.0,HARDER
2,35.59,83.01,9,3,2,68.45,EASIER
1,53.65,60.59,4,2,0,60.03,SAME
2,50.02,79.28,6,0,0,60.11,SAME
2,45.68,58.05,6,0,0,76.11,HARDER
4,27.48,176.19,18,3,3,63.68,EASIER
3,28.1,138.97,16,4,2,70.16,EASIER
4,30.22,115.27,16,1,1,90.34,EASIER
5,25.0,206.53,24,6,3,73.22,EASIER
4,33.68,148.72,17,2,1,60.52,EASIER
3,33.08,76.9,12,0,0,73.12,HARDER
5,26.16,194.23,23,5,4,75.5,EASIER
5,32.59,161.52,20,2,0,77.04,SAME
4,31.51,107.03,15,0,0,98.48,HARDER
4,31.86,174.08,18,3,1,53.54,EASIER
2,30.85,63.69,9,3,1,92.59,SAME
4,25.0,196.18,20,5,2,45.45,EASIER
1,97.0,44.61,2,0,0,63.8,SAME
3,29.46,113.28,14,2,0,34.98,SAME
1,67.64,32.96,3,1,0,71.43,HARDER
2,50.56,31.48,6,0,0,100.0,HARDER
2,53.56,46.61,6,0,0,70.47,HARDER
3,28.77,116.5,14,2,0,89.11,HARDER
1,55.09,20.0,4,2,0,63.03,SAME
3,25.76,93.2,15,3,0,83.06,HARDER
4,32.57,205.28,18,3,2,62.42,EASIER
5,25.0,220.06,26,8,3,65.34,EASIER
2,52.85,59.54,6,0,0,77.8,HARDER
2,47.24,68.16,7,1,0,53.1,SAME
1,95.78,31.12,2,0,0,82.31,HARDER
3,25.0,199.9,20,8,3,40.66,EASIER
1,65.65,45.36,3,1,0,62.84,SAME
3,25.0,181.67,17,5,3,70.92,EASIER
3,26.2,85.1,13,1,0,83.26,HARDER
3,32.68,116.5,13,1,0,63.88,SAME
4,25.0,184.68,19,4,3,59.1,EASIER
4,33.92,132.33,18,3,1,65.85,SAME
5,26.43,151.89,20,2,1,83.42,EASIER
5,25.0,260.91,24,6,4,38.33,EASIER
4,37.59,219.31,15,0,0,43.49,EASIER
3,27.08,115.75,15,3,0,77.42,HARDER
5,27.33,278.52,28,10,6,58.47,EASIER
3,29.92,87.51,13,1,0,76.19,HARDER
5,25.0,171.27,20,2,1,75.0,EASIER
4,30.19,156.14,19,4,4,68.08,EASIER
3,32.96,82.65,13,1,0,72.68,HARDER
5,25.0,271.76,25,7,3,62.32,EASIER
3,26.89,122.67,16,4,2,64.89,EASIER
4,32.26,133.98,16,1,1,86.01,EASIER
3,28.91,79.95,12,0,0,94.27,HARDER
1,53.12,48.19,4,2,1,61.39,SAME
3,31.4,110.37,12,0,0,77.84,HARDER
3,25.0,163.65,16,4,1,38.39,SAME
4,34.51,99.56,15,0,0,70.96,HARDER
2,32.79,69.67,9,3,0,64.21,SAME
4,25.0,172.19,24,9,1,69.2,HARDER
4,25.0,250.0,22,7,5,55.96,EASIER
3,26.3,111.55,15,3,1,73.3,SAME
3,27.34,164.56,15,3,2,64.84,EASIER
4,34.13,124.86,17,2,1,88.33,EASIER
3,34.57,76.61,12,0,0,91.56,HARDER
5,28.78,231.6,24,6,4,67.93,EASIER
1,98.62,20.0,2,0,0,62.4,SAME
4,25.09,152.03,17,2,1,61.07,EASIER
5,27.72,146.85,18,0,0,78.97,SAME
1,97.9,29.62,2,0,0,86.17,HARDER
4,26.16,128.27,18,3,0,59.32,SAME
3,27.96,118.2,14,2,1,62.98,EASIER
5,31.38,202.12,21,3,1,67.37,EASIER
5,25.0,300.0,29,11,8,32.85,EASIER
4,29.08,143.6,18,3,2,80.93,EASIER
4,25.0,163.65,20,5,3,58.14,EASIER
3,33.04,107.12,14,2,1,81.62,EASIER
1,71.33,33.73,3,1,1,81.74,SAME
1,95.37,37.62,2,0,0,74.93,HARDER
5,30.04,158.25,23,5,2,83.87,SAME
3,26.96,94.3,13,1,1,78.75,EASIER
5,31.26,146.02,19,1,0,63.26,SAME
5,25.0,288.99,22,4,1,46.2,EASIER
5,34.43,211.8,23,5,3,36.65,EASIER
3,25.0,156.85,15,3,3,57.92,EASIER
1,100.0,26.45,2,0,0,85.89,HARDER
5,25.0,206.96,24,6,2,70.46,SAME
4,25.09,211.01,19,4,4,38.05,EASIER
2,38.2,76.71,7,1,1,78.48,EASIER
5,25.0,234.79,25,7,4,61.93,EASIER
4,31.57,125.43,17,2,0,72.78,HARDER
3,34.87,154.5,15,3,2,45.93,EASIER
2,51.04,52.68,6,0,0,68.26,HARDER
1,66.45,20.0,3,1,0,98.88,HARDER
4,25.67,158.48,17,2,0,65.39,HARDER
1,100.0,33.52,2,0,0,84.61,HARDER
5,30.77,148.71,20,2,1,66.1,EASIER
4,30.35,158.0,16,1,0,88.12,HARDER
3,25.0,125.34,16,4,2,81.0,EASIER
3,29.4,132.26,16,4,1,50.17,SAME
4,31.73,162.73,16,1,0,67.13,HARDER
1,66.54,42.83,3,1,0,77.0,HARDER
3,26.23,108.78,15,3,1,64.51,SAME
2,42.18,87.28,7,1,0,70.94,HARDER
3,25.0,148.27,17,5,4,46.28,EASIER
1,26.31,84.83,7,5,3,62.16,SAME
1,65.45,43.01,3,1,1,63.2,SAME
1,100.0,30.04,2,0,0,85.66,HARDER
5,30.04,218.84,21,3,3,65.58,EASIER
4,25.51,175.45,20,5,1,64.1,SAME
2,57.25,43.23,6,0,0,79.39,HARDER
2,45.54,86.38,7,1,0,66.79,HARDER
4,30.77,174.37,18,3,2,78.23,EASIER
3,25.0,148.88,18,6,4,43.01,EASIER
1,35.68,33.26,5,3,0,65.01,HARDER
3,25.0,105.25,16,4,2,72.05,EASIER
3,33.47,101.71,12,0,0,75.19,HARDER
4,25.0,212.65,20,5,2,47.31,EASIER
2,32.86,101.98,10,4,2,79.14,EASIER
1,100.0,35.33,2,0,0,70.94,HARDER
2,28.29,86.23,10,4,1,65.56,SAME
2,52.06,48.96,6,0,0,88.5,HARDER
1,94.01,31.98,2,0,0,69.55,HARDER
5,25.0,260.15,22,4,2,33.8,EASIER
2,45.33,62.65,7,1,0,69.4,HARDER
5,33.88,126.3,18,0,0,100.0,SAME
1,39.54,61.25,5,3,1,63.83,SAME
2,33.7,69.16,8,2,0,62.01,SAME
1,51.67,51.48,4,2,1,35.62,SAME
5,32.75,249.88,21,3,2,66.6,EASIER
5,33.17,148.4,18,0,0,65.64,SAME
5,25.0,194.82,22,4,2,70.01,EASIER
3,25.0,104.91,15,3,1,49.26,EASIER
2,51.2,58.56,6,0,0,96.38,HARDER
4,25.0,250.0,20,5,4,32.52,EASIER
2,46.05,91.84,7,1,1,58.0,EASIER
5,31.48,167.1,18,0,0,76.84,SAME
4,29.11,160.25,18,3,2,77.97,EASIER
5,33.12,256.51,25,7,5,44.73,EASIER
1,98.23,20.0,2,0,0,100.0,HARDER
4,29.35,133.54,17,2,1,59.26,EASIER
1,100.0,53.07,2,0,0,64.33,SAME
5,31.12,247.22,22,4,3,71.24,EASIER
2,52.48,53.35,6,0,0,87.72,HARDER
4,29.79,182.11,17,2,1,61.04,EASIER
5,25.0,272.42,27,9,4,67.02,EASIER
5,37.05,125.08,19,1,1,83.09,EASIER
1,63.36,33.93,3,1,0,81.64,HARDER
5,32.87,240.31,20,2,0,76.8,SAME
2,39.96,63.34,8,2,1,59.7,EASIER
5,25.0,300.0,28,10,9,54.84,EASIER
5,29.68,234.27,23,5,2,55.92,EASIER
5,25.0,220.86,24,6,1,90.44,SAME
2,51.99,58.52,6,0,0,78.4,HARDER
2,52.47,62.49,6,0,0,97.31,HARDER
3,25.0,165.57,16,4,3,49.63,EASIER
5,25.0,236.86,26,8,3,59.24,EASIER
4,25.0,240.27,21,6,1,43.46,EASIER
4,25.0,174.76,17,2,0,82.36,HARDER
1,100.0,28.79,2,0,0,79.57,HARDER
4,28.62,182.68,21,6,1,54.53,SAME
2,47.3,67.46,7,1,0,100.0,HARDER
3,30.76,139.52,15,3,1,41.22,EASIER
1,96.56,25.89,2,0,0,98.54,HARDER
3,29.33,152.08,16,4,3,50.72,EASIER
4,30.21,167.17,16,1,1,50.96,EASIER
5,25.36,174.75,22,4,0,84.94,SAME
1,68.48,25.28,3,1,0,70.12,HARDER
2,39.35,63.11,7,1,0,97.62,HARDER
4,27.31,156.96,17,2,1,45.59,EASIER
2,44.38,55.37,6,0,0,85.18,HARDER
5,28.14,168.73,20,2,1,54.97,EASIER
3,40.34,124.82,12,0,0,70.58,HARDER
5,31.5,217.48,21,3,2,56.59,EASIER
5,29.57,173.54,21,3,2,74.73,EASIER
3,35.49,118.25,13,1,0,73.27,HARDER
4,31.09,198.25,17,2,1,49.07,EASIER
1,43.99,51.32,4,2,0,66.16,HARDER
2,51.34,43.77,6,0,0,91.08,HARDER
2,38.74,37.81,7,1,0,76.97,HARDER
3,25.0,149.87,18,6,2,63.46,SAME
4,25.0,140.18,19,4,1,85.67,SAME
5,29.35,199.76,21,3,0,71.13,SAME
3,27.48,140.36,17,5,2,65.56,EASIER
2,42.11,46.09,7,1,0,86.52,HARDER
5,32.81,119.62,18,0,0,64.77,SAME
3,28.69,109.94,13,1,0,100.0,HARDER
3,25.0,173.77,19,7,5,34.38,EASIER
2,52.25,36.5,6,0,0,84.62,HARDER
2,35.23,87.45,8,2,0,52.42,SAME
5,31.1,254.05,23,5,2,67.42,EASIER
4,38.24,148.19,16,1,1,65.95,EASIER
1,100.0,20.0,2,0,0,93.55,HARDER
1,100.0,29.51,2,0,0,78.02,HARDER
4,31.7,125.84,17,2,1,97.87,EASIER
2,37.53,88.54,8,2,0,74.5,HARDER
5,25.0,272.67,25,7,5,47.59,EASIER
5,28.26,194.59,21,3,1,62.05,EASIER
5,25.13,300.0,26,8,6,47.12,EASIER
4,28.49,152.0,19,4,1,70.94,SAME
5,26.9,199.09,22,4,1,64.13,SAME
3,40.68,97.89,12,0,0,77.84,HARDER
4,25.0,159.22,18,3,2,44.29,EASIER
1,98.44,20.95,2,0,0,88.34,HARDER
5,25.0,300.0,27,9,6,51.98,EASIER
3,25.0,150.74,17,5,0,63.21,SAME
2,25.0,108.49,9,3,1,64.26,SAME
2,53.95,81.41,6,0,0,43.64,SAME
3,31.43,130.94,13,1,0,48.91,SAME
2,46.08,48.51,7,1,0,66.18,HARDER
5,26.74,143.49,20,2,0,71.35,SAME
4,36.69,143.16,17,2,1,74.66,EASIER
2,30.08,112.23,10,4,2,60.94,EASIER
3,26.82,183.64,16,4,3,32.86,EASIER
3,25.76,108.4,16,4,1,72.36,SAME
5,35.71,177.24,19,1,0,48.43,SAME
2,37.58,59.27,7,1,0,89.77,HARDER
1,97.96,20.33,2,0,0,76.59,HARDER
4,26.58,155.38,20,5,1,43.94,SAME
4,28.65,203.25,20,5,3,44.54,EASIER
1,26.84,81.66,7,5,2,61.24,SAME
1,100.0,20.0,2,0,0,96.37,HARDER
1,67.07,33.84,3,1,0,74.7,HARDER
3,34.81,67.97,12,0,0,72.91,HARDER
2,30.95,95.6,10,4,1,46.09,SAME
2,52.29,61.68,6,0,0,87.26,HARDER
3,28.13,75.05,13,1,0,65.79,HARDER
3,28.62,185.75,14,2,1,50.94,EASIER
2,36.0,74.65,10,4,2,61.94,EASIER
3,31.97,83.06,12,0,0,85.25,HARDER
2,50.67,50.71,6,0,0,85.07,HARDER
5,25.0,300.0,26,8,5,46.16,EASIER
2,49.73,83.97,6,0,0,84.58,HARDER
4,33.28,122.3,17,2,1,90.8,EASIER
4,26.87,97.62,15,0,0,96.94,HARDER
5,26.65,249.07,22,4,2,55.66,EASIER
4,34.07,141.36,17,2,0,77.06,HARDER
3,34.63,98.41,13,1,0,66.96,HARDER
1,95.98,37.93,2,0,0,75.52,HARDER
4,27.19,205.06,18,3,3,57.25,EASIER
2,42.46,75.6,7,1,0,52.76,SAME
2,45.72,30.0,6,0,0,83.74,HARDER
5,25.89,199.21,23,5,0,78.24,SAME
5,30.53,250.08,21,3,3,44.2,EASIER
2,34.63,90.42,9,3,2,63.55,EASIER
4,25.43,186.33,20,5,3,48.77,EASIER
2,43.41,51.91,7,1,0,83.3,HARDER
4,25.0,193.2,19,4,2,70.39,EASIER
2,26.79,93.33,10,4,1,47.86,SAME
1,100.0,20.0,2,0,0,81.38,HARDER
1,100.0,23.51,2,0,0,73.81,HARDER
3,26.81,102.47,14,2,1,72.76,EASIER
3,35.85,80.26,12,0,0,94.3,HARDER
5,30.14,174.81,21,3,3,75.26,EASIER
1,97.0,22.82,2,0,0,71.79,HARDER
5,25.37,265.14,20,2,2,61.25,EASIER
3,34.26,73.78,12,0,0,88.54,HARDER
1,69.39,20.0,3,1,0,59.33,SAME
2,39.83,70.12,7,1,1,59.69,EASIER
4,33.71,108.47,16,1,0,84.78,HARDER
1,68.14,50.09,3,1,0,39.66,SAME
4,30.3,107.77,18,3,0,75.28,HARDER
2,44.17,86.36,8,2,1,82.34,EASIER
1,52.1,58.99,4,2,1,42.6,SAME
2,25.39,147.01,12,6,2,40.74,EASIER
2,40.62,63.97,7,1,0,79.36,HARDER
1,49.84,52.76,4,2,0,60.58,SAME
4,25.36,213.93,19,4,3,62.9,HARDER
4,25.0,250.0,23,8,5,41.99,EASIER
4,25.41,178.6,18,3,2,63.71,EASIER
4,27.17,185.2,18,3,1,68.35,SAME
5,29.15,120.6,19,1,0,84.86,SAME
1,97.3,28.8,2,0,0,85.04,HARDER
2,52.01,69.51,6,0,0,80.01,HARDER
3,31.81,146.92,14,2,1,49.75,EASIER
1,62.62,33.77,3,1,1,66.63,SAME
1,65.66,28.85,3,1,0,75.94,HARDER
5,25.0,255.06,22,4,4,58.34,EASIER
1,65.64,49.37,3,1,0,61.34,SAME
2,37.81,106.5,8,2,2,37.07,EASIER
4,26.68,230.61,19,4,3,48.57,EASIER
1,96.45,41.49,2,0,0,66.7,HARDER
1,42.3,71.5,5,3,1,42.77,SAME
5,26.36,147.29,21,3,0,81.92,SAME
2,44.31,65.35,7,1,0,95.65,HARDER
5,31.08,153.88,20,2,1,100.0,EASIER
5,25.0,272.12,25,7,2,62.51,EASIER
4,29.38,190.42,19,4,2,42.6,EASIER
1,64.11,32.84,3,1,0,65.38,HARDER
4,31.86,191.16,18,3,1,51.16,EASIER
2,37.77,73.73,8,2,0,51.67,SAME
4,33.83,140.42,16,1,0,72.98,HARDER
2,33.37,84.89,9,3,3,48.51,EASIER
3,29.93,113.34,14,2,0,60.66,SAME
3,30.68,98.4,15,3,1,54.77,SAME
4,30.68,129.91,17,2,1,89.18,EASIER
2,57.61,49.43,6,0,0,67.19,HARDER
3,33.52,89.68,13,1,0,70.1,HARDER
5,25.0,294.78,25,7,4,32.19,EASIER
4,33.19,112.42,15,0,0,96.25,HARDER
2,52.94,49.51,6,0,0,79.93,HARDER
2,43.01,62.18,7,1,0,55.94,SAME
5,25.0,224.0,22,4,2,76.14,EASIER
4,25.0,151.02,18,3,0,51.02,SAME
4,25.0,192.07,19,4,3,56.29,EASIER
2,47.16,58.45,6,0,0,86.84,HARDER
3,32.55,119.8,13,1,0,71.13,HARDER
5,25.0,239.76,23,5,3,64.2,EASIER
4,38.12,99.28,15,0,0,74.29,HARDER
2,49.46,53.3,6,0,0,72.15,HARDER
4,31.0,147.93,17,2,2,67.11,EASIER
4,35.9,178.45,16,1,0,59.86,SAME
2,42.42,119.64,7,1,1,48.16,EASIER
1,100.0,27.72,2,0,0,51.8,SAME
4,27.7,126.3,18,3,0,77.35,HARDER
3,32.41,139.77,15,3,2,62.03,EASIER
1,97.83,31.87,2,0,0,71.71,HARDER
4,26.0,190.56,18,3,1,71.93,SAME
3,27.1,69.64,12,0,0,99.38,HARDER
5,26.79,270.06,21,3,1,58.2,EASIER
1,100.0,25.26,2,0,0,94.82,HARDER
2,45.59,47.65,6,0,0,80.81,HARDER
2,25.0,142.09,13,7,4,32.47,EASIER
5,28.65,193.78,20,2,0,53.44,SAME
4,25.0,197.81,20,5,1,37.54,SAME
4,33.84,93.49,15,0,0,90.31,HARDER
4,25.0,207.79,23,8,6,54.82,EASIER
2,33.37,77.18,8,2,0,61.44,SAME
2,29.86,85.88,10,4,1,62.6,SAME
2,36.02,65.13,8,2,1,53.44,EASIER
2,25.0,138.82,15,9,5,42.81,EASIER
3,30.21,92.0,13,1,0,89.16,HARDER
1,33.67,61.61,6,4,1,60.9,SAME
2,47.86,47.83,6,0,0,94.87,HARDER
3,27.37,134.73,14,2,2,73.33,EASIER
4,28.8,144.98,18,3,1,57.5,EASIER
2,49.2,44.11,6,0,0,100.0,HARDER
5,30.55,154.63,19,1,0,84.66,SAME
2,33.05,100.31,10,4,2,72.5,EASIER
5,28.16,214.34,23,5,5,69.03,EASIER
4,25.93,151.62,19,4,2,91.09,EASIER
2,46.51,58.31,7,1,0,67.44,HARDER
2,35.97,80.64,9,3,1,84.56,SAME
1,100.0,25.14,2,0,0,90.37,HARDER
3,33.14,90.75,12,0,0,90.33,HARDER
1,100.0,24.93,2,0,0,94.76,HARDER
4,25.0,164.69,20,5,2,46.83,EASIER
3,35.07,125.62,13,1,0,58.72,SAME
1,96.56,25.27,2,0,0,69.87,HARDER
4,25.43,181.14,18,3,2,59.27,EASIER
1,99.98,38.8,2,0,0,59.24,SAME
4,25.93,160.08,19,4,2,43.52,EASIER
5,29.07,188.74,22,4,2,62.02,EASIER
1,63.03,58.96,3,1,1,85.65,SAME
1,33.48,56.8,6,4,1,32.15,SAME
2,47.14,52.79,6,0,0,63.36,SAME
3,25.0,156.03,17,5,4,57.92,EASIER
1,95.05,26.99,2,0,0,60.31,SAME
5,34.53,181.42,20,2,1,66.56,EASIER
1,33.27,54.49,6,4,2,64.2,SAME
5,26.76,238.35,23,5,2,58.52,EASIER
1,42.3,55.37,5,3,0,66.77,HARDER
4,25.0,161.3,21,6,2,67.6,SAME
3,27.49,111.07,14,2,1,56.76,EASIER
5,30.86,110.48,18,0,0,82.76,SAME
4,29.92,135.34,16,1,0,65.38,HARDER
4,26.65,205.38,18,3,2,46.05,EASIER
1,71.68,45.41,3,1,0,49.77,SAME
2,44.2,54.24,6,0,0,100.0,HARDER
2,52.21,64.36,6,0,0,88.32,HARDER
1,100.0,27.02,2,0,0,100.0,HARDER
2,32.05,136.79,10,4,3,48.52,EASIER
2,40.21,55.33,7,1,1,76.93,EASIER
2,37.5,52.76,8,2,0,78.59,HARDER
1,99.07,25.84,2,0,0,99.55,HARDER
1,98.33,39.45,2,0,0,91.04,HARDER
5,31.02,167.23,19,1,0,65.07,SAME
4,30.39,162.11,18,3,1,67.0,EASIER
2,36.75,76.88,8,2,0,81.04,HARDER
3,25.0,139.27,14,2,1,52.13,EASIER
3,26.16,152.03,15,3,3,45.31,EASIER
5,27.21,242.09,20,2,1,64.9,HARDER
5,27.82,275.34,22,4,1,35.96,EASIER
4,29.02,113.91,16,1,0,75.77,HARDER
4,26.8,230.72,19,4,2,62.49,EASIER
5,27.07,168.9,22,4,1,83.63,SAME
2,57.0,44.61,6,0,0,70.64,HARDER
2,43.73,49.69,7,1,0,100.0,HARDER
3,25.02,85.72,14,2,0,94.6,HARDER
4,26.36,174.76,19,4,2,72.43,EASIER
3,25.0,77.42,15,3,0,62.66,SAME
2,44.69,53.71,6,0,0,100.0,HARDER
2,26.13,97.27,11,5,2,77.49,SAME
1,60.35,27.97,3,1,0,67.54,HARDER
5,25.44,165.89,21,3,2,57.49,EASIER
5,31.11,216.82,20,2,1,58.1,EASIER
3,25.49,132.4,14,2,2,61.07,EASIER
4,25.0,221.05,18,3,2,59.96,EASIER
1,47.52,46.45,4,2,0,60.8,SAME
2,33.29,118.78,9,3,1,63.41,SAME
3,25.24,129.44,14,2,0,59.53,SAME
2,50.38,45.14,6,0,0,52.21,SAME
1,61.69,58.52,3,1,1,67.17,SAME
5,27.49,168.79,20,2,1,62.03,EASIER
2,35.69,86.63,9,3,2,48.63,EASIER
5,25.0,187.14,24,6,3,62.16,EASIER
2,49.24,75.03,6,0,0,67.24,SAME
1,50.4,52.47,4,2,0,59.22,HARDER
2,33.15,80.07,8,2,0,74.57,HARDER
1,100.0,24.15,2,0,0,77.9,HARDER
2,47.93,58.69,6,0,0,100.0,HARDER
2,28.14,97.82,11,5,0,61.28,SAME
4,27.16,153.59,18,3,1,75.64,SAME
4,25.0,192.6,19,4,2,66.33,EASIER
5,32.46,283.95,21,3,1,64.96,EASIER
5,25.0,300.0,23,5,2,49.07,EASIER
2,50.33,50.5,6,0,0,90.21,HARDER
1,71.11,47.25,3,1,0,90.33,HARDER
5,28.0,220.58,21,3,1,55.31,EASIER
1,68.0,32.71,3,1,0,82.98,HARDER
2,36.09,86.54,8,2,1,29.94,EASIER
4,26.85,108.83,16,1,0,85.17,HARDER
4,25.0,164.63,22,7,5,56.45,EASIER
1,48.75,48.09,4,2,1,73.17,SAME
5,25.9,148.9,22,4,3,64.83,EASIER
1,100.0,24.27,2,0,0,57.51,SAME
5,25.0,184.0,22,4,0,82.37,SAME
4,34.95,103.21,15,0,0,95.29,HARDER
2,50.76,89.89,6,0,0,60.22,SAME
2,32.64,98.66,9,3,1,56.91,SAME
1,100.0,34.31,2,0,0,75.22,HARDER
4,30.5,144.19,17,2,2,36.35,EASIER
2,44.37,76.62,7,1,0,57.63,SAME
1,97.41,21.03,2,0,0,86.2,HARDER
1,97.72,30.85,2,0,0,64.4,SAME
2,39.38,77.54,7,1,1,74.9,EASIER
3,25.0,176.21,17,5,2,25.0,EASIER
3,26.79,158.93,18,6,3,52.75,EASIER
4,25.0,189.9,22,7,4,59.41,EASIER
3,34.63,84.95,12,0,0,100.0,HARDER
4,34.63,113.72,17,2,1,83.44,EASIER
2,49.07,52.26,6,0,0,84.07,HARDER
4,27.91,184.01,17,2,0,50.02,SAME
4,26.5,146.44,18,3,1,62.61,SAME
1,70.04,52.59,3,1,1,57.65,SAME
5,25.12,300.0,23,5,4,26.19,EASIER
4,34.59,121.2,16,1,0,93.44,HARDER
5,34.1,171.12,20,2,1,77.23,EASIER
5,25.0,159.99,22,4,1,57.53,SAME
1,49.38,57.28,4,2,0,61.07,SAME
4,25.0,215.41,23,8,4,53.98,EASIER
1,100.0,34.46,2,0,0,63.81,SAME
1,52.89,34.85,4,2,0,51.8,SAME
4,25.0,222.26,20,5,3,60.33,EASIER
4,35.08,110.64,16,1,1,73.31,EASIER
2,37.51,74.04,7,1,1,53.39,EASIER
5,29.14,151.99,21,3,1,75.8,SAME
1,100.0,20.0,2,0,0,72.62,HARDER
2,47.9,54.57,6,0,0,96.64,HARDER
3,25.0,197.83,22,10,8,29.08,EASIER
5,29.67,223.9,20,2,0,39.02,SAME
3,31.79,108.76,13,1,0,55.44,SAME
2,53.5,30.0,6,0,0,95.53,HARDER
5,28.43,226.95,21,3,1,77.31,SAME
4,31.82,130.13,16,1,0,67.77,EASIER
5,27.84,200.01,22,4,0,88.76,SAME
4,25.0,224.97,22,7,2,44.6,EASIER
4,31.43,95.11,18,3,0,70.31,HARDER
4,28.83,206.54,20,5,2,40.7,EASIER
1,100.0,41.71,2,0,0,77.84,HARDER
4,25.0,217.2,22,7,2,63.22,EASIER
5,31.37,115.22,19,1,1,72.07,EASIER
2,35.94,90.16,8,2,1,68.05,EASIER
4,35.65,120.56,15,0,0,51.79,SAME
4,29.6,120.36,17,2,1,84.16,EASIER
4,25.0,130.55,18,3,1,83.84,SAME
2,41.83,67.86,7,1,0,59.72,SAME
3,27.53,144.47,15,3,2,64.13,EASIER
5,27.59,300.0,25,7,6,25.0,EASIER
2,31.99,74.51,8,2,1,58.38,EASIER
2,47.09,61.2,6,0,0,61.39,SAME
1,64.58,48.7,3,1,0,68.54,HARDER
5,32.26,188.15,22,4,1,79.59,SAME
5,26.04,242.87,25,7,2,57.04,EASIER
4,28.52,156.28,17,2,1,65.68,EASIER
1,68.23,37.37,3,1,1,59.97,SAME
2,39.44,83.18,8,2,1,53.35,EASIER
4,31.49,152.88,16,1,1,79.21,EASIER
3,33.47,80.74,13,1,0,98.04,HARDER
1,40.53,68.58,5,3,2,41.18,SAME
3,30.48,68.53,12,0,0,92.26,HARDER
4,33.85,98.59,15,0,0,96.67,HARDER
3,25.0,143.54,15,3,3,45.96,EASIER
4,25.0,194.51,18,3,0,44.96,SAME
5,30.57,112.06,19,1,0,58.74,SAME
1,65.11,31.28,3,1,0,58.14,SAME
5,33.64,177.15,19,1,1,85.11,EASIER
5,29.25,264.61,23,5,3,53.22,EASIER
3,25.0,161.79,17,5,1,52.66,SAME
4,32.71,106.94,15,0,0,76.35,HARDER
5,27.19,179.73,21,3,1,53.98,EASIER
4,28.84,160.66,16,1,1,53.8,EASIER
4,25.0,141.2,18,3,1,59.09,SAME
2,49.45,39.19,6,0,0,79.03,HARDER
2,45.72,60.02,7,1,0,96.81,HARDER
4,25.0,129.67,17,2,2,54.91,EASIER
2,41.55,75.63,7,1,0,61.2,SAME
1,100.0,31.96,2,0,0,85.23,HARDER
1,51.65,44.94,4,2,0,52.4,SAME
2,46.46,78.59,6,0,0,66.58,HARDER
2,37.42,69.64,7,1,0,69.23,HARDER
1,42.81,66.66,5,3,1,43.72,SAME
3,28.51,85.76,12,0,0,88.43,HARDER
3,25.0,132.72,18,6,3,48.34,EASIER
5,27.38,212.24,21,3,2,61.33,EASIER
2,28.78,116.89,11,5,1,44.8,SAME
4,25.0,163.82,21,6,4,44.26,EASIER
5,30.49,116.75,18,0,0,93.78,SAME
3,25.0,155.72,19,7,3,53.96,EASIER
4,31.85,156.26,15,0,0,51.29,SAME
4,29.1,195.24,19,4,0,49.3,SAME
1,61.48,45.59,3,1,0,65.13,HARDER
3,30.59,137.13,15,3,1,65.35,SAME
2,34.85,62.5,10,4,0,64.06,SAME
1,97.66,20.0,2,0,0,85.35,HARDER
5,28.43,141.93,21,3,1,82.3,SAME
3,27.29,123.95,15,3,0,74.18,HARDER
3,30.39,124.86,14,2,2,65.95,EASIER
1,98.75,20.0,2,0,0,98.03,HARDER
2,47.69,54.89,6,0,0,62.17,SAME
5,33.76,139.82,19,1,0,77.91,SAME
3,30.65,91.24,12,0,0,70.25,HARDER
1,49.44,57.81,4,2,1,68.67,SAME
2,41.5,103.19,7,1,0,52.74,SAME
2,27.36,95.07,10,4,1,61.92,SAME
1,37.52,41.28,5,3,2,49.53,SAME
3,25.0,161.18,16,4,2,77.32,EASIER
2,30.41,85.32,10,4,1,50.44,SAME
5,25.34,231.53,23,5,2,60.07,EASIER
3,35.92,93.87,12,0,0,81.66,HARDER
3,25.0,153.53,16,4,1,52.21,SAME
3,38.87,92.14,12,0,0,83.52,HARDER
3,26.16,138.56,15,3,2,59.5,EASIER
3,36.4,129.74,13,1,0,61.23,SAME
4,25.0,250.0,24,9,8,32.07,EASIER
1,95.21,20.0,2,0,0,67.28,HARDER
1,50.38,27.39,4,2,1,72.38,SAME
4,25.0,231.54,19,4,4,67.0,SAME
4,38.51,98.86,15,0,0,80.85,HARDER
1,64.43,48.61,3,1,0,56.05,SAME
4,28.72,155.38,20,5,3,43.87,EASIER
1,25.0,77.45,8,6,2,49.36,SAME
2,34.98,109.31,9,3,2,39.49,EASIER
5,25.0,241.8,24,6,2,41.5,EASIER
1,99.18,37.64,2,0,0,78.46,HARDER
3,25.0,99.52,15,3,2,78.9,EASIER
1,35.6,52.87,6,4,1,69.44,SAME
1,98.9,36.43,2,0,0,61.44,SAME
5,28.16,225.13,20,2,2,54.78,EASIER
5,32.13,150.28,21,3,2,56.84,EASIER
2,37.34,48.63,7,1,0,73.67,HARDER
2,37.37,79.45,8,2,1,65.9,EASIER
5,25.0,204.62,22,4,4,31.65,EASIER
4,33.47,211.92,17,2,0,52.06,EASIER
2,50.15,64.2,6,0,0,62.26,SAME
5,32.95,161.87,19,1,0,86.0,SAME
3,30.05,114.2,14,2,2,62.98,EASIER
3,31.34,141.59,14,2,2,44.81,EASIER
5,39.27,141.65,18,0,0,82.16,SAME
2,40.22,74.76,7,1,1,67.59,EASIER
5,30.61,284.01,22,4,1,48.23,EASIER
1,66.9,20.0,3,1,0,60.9,SAME
5,25.0,300.0,23,5,2,39.45,EASIER
1,64.73,66.1,3,1,0,56.65,SAME
3,25.0,124.67,14,2,0,50.12,SAME
5,27.43,184.46,20,2,2,76.33,EASIER
2,46.67,62.96,7,1,0,60.11,SAME
4,30.75,117.22,17,2,2,70.87,EASIER
1,100.0,20.0,2,0,0,100.0,HARDER
3,26.51,151.45,16,4,2,49.94,EASIER
5,35.79,159.17,19,1,0,66.76,SAME
5,25.0,267.82,24,6,5,58.7,EASIER
2,52.52,73.15,6,0,0,60.11,SAME
2,48.74,32.05,6,0,0,87.09,HARDER
4,28.15,229.39,19,4,2,57.41,EASIER
5,29.25,273.95,22,4,3,43.66,EASIER
4,32.91,158.35,18,3,2,69.04,EASIER
4,25.0,216.28,22,7,4,64.81,EASIER
1,60.31,37.78,3,1,0,49.38,SAME
1,98.79,27.7,2,0,0,100.0,HARDER
3,26.81,158.58,14,2,1,47.39,EASIER
3,25.9,119.2,14,2,0,54.77,SAME
4,31.43,154.84,19,4,2,64.32,EASIER
2,34.8,118.6,10,4,3,27.23,EASIER
2,46.29,79.05,7,1,0,60.41,SAME
1,99.67,33.83,2,0,0,93.81,HARDER
1,57.95,65.73,4,2,1,29.54,SAME
5,26.98,192.14,21,3,2,69.35,EASIER
4,27.41,175.34,19,4,3,80.57,EASIER
4,27.69,174.05,21,6,2,62.51,EASIER
4,33.17,124.79,15,0,0,52.02,SAME
2,39.48,84.09,8,2,0,70.22,HARDER
2,38.42,77.44,8,2,0,52.28,SAME
1,25.32,73.64,6,4,0,36.52,SAME
4,31.47,112.36,16,1,1,100.0,EASIER
5,26.8,148.88,22,4,1,76.23,SAME
2,48.21,50.8,6,0,0,62.1,SAME
4,28.83,159.51,17,2,0,78.11,SAME
1,45.89,63.67,4,2,1,60.9,SAME
3,25.0,97.49,15,3,1,85.25,SAME
1,43.11,62.89,5,3,2,73.37,SAME
1,66.85,27.55,3,1,0,93.51,HARDER
2,49.95,83.19,6,0,0,55.48,SAME
1,70.64,20.0,3,1,0,77.1,HARDER
3,26.79,126.34,15,3,2,44.54,EASIER
2,50.66,33.61,6,0,0,81.22,HARDER
1,94.5,27.36,2,0,0,73.82,HARDER
2,41.92,50.34,7,1,0,80.9,HARDER
3,25.0,113.23,15,3,2,46.31,EASIER
1,100.0,33.92,2,0,0,92.98,HARDER
1,50.29,44.16,4,2,0,83.83,HARDER
4,30.92,134.77,18,3,3,88.32,EASIER
2,26.4,74.54,9,3,0,70.17,HARDER
2,26.87,78.43,10,4,0,75.69,HARDER
2,48.61,55.74,6,0,0,78.71,HARDER
5,25.0,163.05,22,4,0,52.39,SAME
1,99.69,29.75,2,0,0,80.78,HARDER
1,100.0,30.28,2,0,0,64.42,SAME
4,25.0,216.81,19,4,1,49.66,EASIER
3,27.76,152.48,14,2,1,61.11,EASIER
3,27.83,130.35,16,4,1,64.78,SAME
4,25.0,173.14,18,3,2,63.28,EASIER
5,31.94,147.25,19,1,0,76.9,SAME
4,25.0,210.28,23,8,3,62.33,EASIER
5,26.44,174.85,23,5,3,85.76,EASIER
3,38.29,86.58,13,1,0,79.66,HARDER
3,25.0,146.85,18,6,3,64.43,EASIER
5,32.01,143.79,19,1,0,89.22,SAME
1,100.0,33.06,2,0,0,68.81,HARDER
2,43.79,115.11,8,2,0,72.0,HARDER
3,25.2,138.89,13,1,0,69.48,HARDER
4,34.77,95.75,16,1,0,78.47,HARDER
4,34.36,116.13,15,0,0,76.72,HARDER
3,30.35,100.38,14,2,1,89.09,EASIER
5,32.78,195.57,22,4,3,54.53,EASIER
2,49.1,60.62,6,0,0,79.04,HARDER
3,25.0,114.23,16,4,2,70.71,EASIER
1,99.17,31.57,2,0,0,65.22,HARDER
5,35.04,130.21,20,2,1,79.79,EASIER
5,25.25,164.51,23,5,2,94.72,SAME
5,25.0,253.51,24,6,3,70.91,EASIER
2,45.63,78.85,7,1,0,54.03,SAME
1,62.47,27.34,3,1,1,87.78,SAME
4,31.54,161.76,17,2,0,59.32,SAME
1,25.0,65.89,9,7,1,46.91,SAME
2,30.89,96.32,10,4,1,67.26,SAME
1,100.0,30.69,2,0,0,91.64,HARDER
1,70.82,40.1,3,1,0,91.81,HARDER
1,100.0,42.03,2,0,0,79.57,HARDER
3,25.0,135.99,16,4,0,51.54,SAME
3,38.13,65.92,12,0,0,88.08,HARDER
1,52.88,52.34,4,2,1,44.8,SAME
2,52.07,43.57,6,0,0,100.0,HARDER
3,26.21,101.38,14,2,0,94.49,HARDER
4,25.76,149.68,17,2,1,69.85,EASIER
5,25.0,300.0,32,14,12,46.97,EASIER
3,25.0,105.98,14,2,1,67.35,EASIER
5,25.97,194.05,23,5,1,85.11,SAME
1,72.1,28.19,3,1,0,63.56,SAME
5,25.0,290.03,25,7,5,52.98,EASIER
1,99.04,31.95,2,0,0,64.23,SAME
1,36.71,70.48,5,3,2,60.52,SAME
5,25.0,300.0,27,9,4,39.97,EASIER
5,25.0,300.0,23,5,3,39.99,EASIER
4,30.89,184.01,18,3,3,51.06,EASIER
2,28.38,83.65,9,3,1,72.61,SAME
4,34.85,113.71,15,0,0,95.8,HARDER
1,100.0,23.77,2,0,0,91.81,HARDER
3,29.14,110.81,14,2,1,90.66,EASIER
3,26.39,122.27,13,1,1,67.85,EASIER
2,54.05,38.99,6,0,0,86.56,HARDER
3,31.93,166.13,13,1,0,52.0,SAME
3,30.59,90.38,15,3,2,65.38,EASIER
3,31.99,79.5,12,0,0,79.02,HARDER
3,27.6,86.78,14,2,0,69.06,HARDER
3,25.0,141.36,16,4,1,66.6,SAME
1,98.5,20.0,2,0,0,85.44,HARDER
4,33.09,179.78,17,2,1,69.63,EASIER
3,34.77,90.51,12,0,0,57.78,SAME
2,25.0,139.07,12,6,3,62.75,EASIER
2,26.26,116.25,10,4,2,38.42,EASIER
4,33.54,155.25,16,1,0,53.32,SAME
2,43.46,89.35,8,2,1,65.1,EASIER
2,30.68,113.73,9,3,0,60.67,SAME
3,30.46,90.83,16,4,1,72.69,HARDER
1,100.0,23.31,2,0,0,89.15,HARDER
4,34.16,117.96,15,0,0,77.19,HARDER
1,100.0,50.09,2,0,0,76.56,HARDER
5,32.22,218.29,22,4,4,66.83,EASIER
5,31.34,300.0,21,3,3,40.34,EASIER
1,44.34,66.79,5,3,0,49.93,SAME
5,27.57,261.86,22,4,4,45.6,EASIER
1,100.0,29.58,2,0,0,94.23,HARDER
3,30.35,111.94,13,1,0,50.13,SAME
3,31.95,117.35,12,0,0,52.31,SAME
4,38.9,96.4,15,0,0,82.69,HARDER
3,33.97,79.64,12,0,0,83.03,HARDER
5,25.0,300.0,23,5,4,36.56,EASIER
1,100.0,20.0,2,0,0,95.41,HARDER
3,25.0,184.33,17,5,2,61.79,EASIER
5,29.62,149.27,20,2,0,63.96,SAME
3,29.49,126.6,13,1,0,74.49,HARDER
3,33.74,107.46,13,1,0,85.34,HARDER
4,25.0,207.04,19,4,2,52.21,EASIER
1,98.79,20.0,2,0,0,90.88,HARDER
5,30.64,181.39,19,1,1,63.76,EASIER
2,33.73,88.49,10,4,0,47.77,SAME
1,96.34,20.0,2,0,0,56.61,SAME
4,27.9,163.56,17,2,1,86.58,EASIER
4,28.72,164.91,18,3,1,54.38,EASIER
4,28.48,215.24,18,3,3,25.0,EASIER
3,26.12,167.61,14,2,1,61.73,EASIER
5,25.0,268.02,26,8,4,38.81,EASIER
4,25.91,117.53,17,2,1,84.4,EASIER
5,32.2,246.44,22,4,3,82.28,EASIER
4,28.86,99.96,16,1,0,70.1,HARDER
1,34.87,75.49,6,4,1,48.94,SAME
5,29.47,187.98,22,4,1,83.26,SAME
4,25.0,214.68,23,8,5,54.81,EASIER
4,26.83,172.72,18,3,1,71.97,SAME
5,29.96,187.76,21,3,2,65.77,EASIER
5,25.46,285.19,25,7,3,40.84,EASIER
3,41.36,66.79,12,0,0,89.93,HARDER
5,25.0,240.25,22,4,1,50.99,EASIER
3,31.63,110.05,13,1,0,73.59,HARDER
5,27.58,202.43,21,3,0,63.79,SAME
5,29.26,161.24,20,2,1,81.74,EASIER
1,64.74,40.94,3,1,1,65.46,SAME
1,99.39,34.17,2,0,0,35.74,SAME
5,26.01,283.94,27,9,6,42.38,EASIER
1,100.0,20.0,2,0,0,81.83,HARDER
1,48.59,61.29,4,2,1,47.56,SAME
1,39.09,39.96,5,3,0,34.04,SAME
3,26.29,100.58,13,1,0,59.14,SAME
4,29.53,108.83,15,0,0,89.59,HARDER
2,50.26,53.81,6,0,0,89.15,HARDER
2,44.46,74.72,7,1,0,58.58,SAME
3,28.74,114.06,14,2,0,82.53,HARDER
2,25.0,122.36,13,7,3,62.67,EASIER
3,27.93,65.03,15,3,0,86.85,HARDER
4,25.0,204.44,20,5,2,44.32,EASIER
1,97.25,26.47,2,0,0,72.36,HARDER
2,35.94,77.37,8,2,1,76.51,EASIER
1,71.11,48.96,3,1,1,57.74,SAME
3,34.58,85.45,13,1,0,76.91,HARDER
2,25.0,116.85,12,6,5,43.8,EASIER
2,25.0,112.0,14,8,0,46.77,SAME
1,93.67,22.63,2,0,0,79.99,HARDER
1,99.79,29.28,2,0,0,61.91,SAME
1,99.51,24.93,2,0,0,89.05,HARDER
3,27.82,126.25,14,2,2,58.56,EASIER
5,34.59,195.94,21,3,0,51.66,SAME
5,29.08,257.79,25,7,3,49.43,EASIER
3,31.68,97.9,13,1,1,58.92,EASIER
5,26.35,215.72,23,5,2,54.86,EASIER
5,31.43,147.31,20,2,1,56.38,EASIER
3,26.44,134.32,13,1,1,55.75,EASIER
5,27.63,300.0,24,6,3,54.79,EASIER
1,99.19,23.8,2,0,0,95.66,HARDER
4,28.37,121.4,17,2,1,65.75,EASIER
4,30.18,162.77,15,0,0,74.17,HARDER
2,48.19,57.51,6,0,0,85.61,EASIER
3,25.0,155.19,17,5,3,42.26,SAME
3,31.03,124.11,15,3,0,74.02,HARDER
1,97.72,32.81,2,0,0,79.84,HARDER
2,25.0,116.44,10,4,1,60.85,SAME
1,100.0,26.68,2,0,0,80.83,HARDER
2,42.35,72.3,7,1,0,83.59,HARDER
3,25.49,180.25,19,7,4,39.22,EASIER
1,51.18,51.47,4,2,2,49.96,SAME
5,28.78,227.15,22,4,0,56.61,SAME
3,31.89,147.87,13,1,0,81.8,HARDER
3,35.17,105.62,13,1,0,56.12,SAME
5,31.69,150.15,19,1,1,70.46,EASIER
5,29.28,223.24,18,0,0,72.29,HARDER
5,25.0,242.86,22,4,3,54.62,EASIER
4,26.74,164.99,17,2,2,71.05,EASIER
1,98.7,26.45,2,0,0,100.0,HARDER
2,38.51,82.07,8,2,0,65.19,HARDER
2,33.26,142.33,9,3,2,55.07,EASIER
4,29.89,154.48,16,1,0,88.16,HARDER
2,42.8,69.11,7,1,0,63.51,SAME
5,25.0,215.91,23,5,2,60.68,EASIER
1,65.31,44.01,3,1,1,25.0,SAME
5,26.85,246.85,23,5,4,47.42,EASIER
2,51.26,61.62,6,0,0,72.75,HARDER
2,52.04,79.98,6,0,0,39.59,SAME
2,27.88,67.14,10,4,1,58.69,SAME
3,29.57,124.67,14,2,1,65.26,EASIER
1,100.0,21.88,2,0,0,57.24,SAME
3,28.34,117.72,13,1,1,67.61,EASIER
4,30.8,157.84,18,3,1,67.74,SAME
3,27.91,117.5,15,3,2,48.25,EASIER
1,99.13,34.71,2,0,0,62.37,SAME
5,28.03,148.77,21,3,1,62.23,SAME
3,35.83,80.22,12,0,0,73.42,HARDER
3,31.28,89.9,13,1,0,62.96,SAME
1,48.14,48.25,4,2,0,78.34,HARDER
5,30.47,189.97,23,5,1,60.17,SAME
1,100.0,20.0,2,0,0,98.43,HARDER
2,48.47,50.21,6,0,0,80.19,HARDER
1,36.72,61.09,5,3,0,66.19,HARDER
1,67.77,27.73,3,1,0,49.48,SAME
3,29.25,87.71,13,1,0,63.11,SAME
1,96.54,20.82,2,0,0,77.76,HARDER
4,28.26,151.04,17,2,1,45.67,EASIER
5,27.38,208.04,25,7,2,56.13,SAME
2,33.25,86.26,9,3,0,64.05,SAME
5,30.0,196.48,21,3,3,57.97,EASIER
5,25.86,180.79,21,3,2,71.05,EASIER
5,33.09,132.75,19,1,0,100.0,SAME
2,51.3,51.2,6,0,0,95.23,HARDER
1,65.55,32.61,3,1,0,90.99,HARDER
4,34.42,88.2,15,0,0,86.17,SAME
5,28.64,169.05,20,2,1,43.33,EASIER
1,65.97,39.87,3,1,0,72.8,HARDER
1,37.32,67.6,5,3,3,32.72,EASIER
2,46.35,73.89,7,1,0,75.72,HARDER
2,46.91,30.0,6,0,0,80.26,EASIER
1,42.41,44.24,5,3,0,46.93,SAME
4,30.68,118.7,15,0,0,85.25,HARDER
3,34.17,102.68,13,1,0,70.62,HARDER
2,30.51,115.79,9,3,2,36.64,EASIER
3,26.78,147.83,15,3,2,65.97,EASIER
4,25.0,153.07,18,3,1,93.78,SAME
2,49.4,47.21,6,0,0,87.87,HARDER
2,38.81,92.56,9,3,1,58.32,SAME
2,30.56,110.02,8,2,1,57.77,EASIER
1,97.97,61.53,2,0,0,32.36,SAME
5,25.0,217.54,21,3,2,68.86,EASIER
1,100.0,49.34,2,0,0,94.51,HARDER
3,27.36,80.2,14,2,1,65.98,EASIER
2,38.16,86.67,8,2,1,60.06,EASIER
5,25.0,199.37,23,5,5,78.37,EASIER
3,27.75,134.12,16,4,0,74.33,HARDER
3,29.79,101.47,14,2,0,76.79,HARDER
2,39.6,62.5,7,1,0,71.59,HARDER
3,40.55,101.34,12,0,0,80.46,HARDER
5,26.06,271.94,19,1,0,42.33,EASIER
2,52.77,52.51,6,0,0,74.14,HARDER
5,29.95,200.91,22,4,3,74.44,EASIER
3,25.0,139.96,15,3,2,56.74,EASIER
2,50.81,64.15,6,0,0,60.68,SAME
2,47.22,63.65,6,0,0,85.97,HARDER
4,27.79,185.85,17,2,1,44.08,EASIER
2,38.63,87.49,9,3,1,42.41,EASIER
2,49.5,39.6,6,0,0,100.0,HARDER
5,30.51,234.7,19,1,1,40.59,EASIER
4,32.92,184.16,18,3,2,61.79,EASIER
1,99.17,20.0,2,0,0,91.26,HARDER
2,45.31,40.95,6,0,0,83.48,HARDER
4,28.22,179.2,18,3,2,75.89,EASIER
5,26.35,270.1,24,6,1,52.6,EASIER
1,49.64,57.29,4,2,1,75.91,SAME
5,25.0,225.96,22,4,3,47.18,EASIER
5,28.26,285.97,25,7,4,51.33,EASIER
2,40.67,73.81,7,1,0,82.41,HARDER
5,29.45,211.23,21,3,3,65.64,EASIER
1,95.16,20.0,2,0,0,80.37,HARDER
3,25.0,165.46,15,3,2,50.13,EASIER
4,25.0,226.55,21,6,4,31.23,EASIER
5,29.47,192.0,21,3,1,58.11,EASIER
2,53.49,61.52,6,0,0,73.96,HARDER
4,36.55,121.95,16,1,0,81.92,HARDER
3,30.88,107.1,12,0,0,76.91,HARDER
5,32.26,184.1,20,2,1,84.78,EASIER
1,64.35,36.5,3,1,1,60.8,SAME
5,33.32,203.74,22,4,3,31.77,EASIER
4,28.0,124.94,16,1,0,48.15,SAME
5,25.61,197.57,23,5,3,66.05,EASIER
5,30.53,227.17,21,3,3,46.21,EASIER
5,35.45,142.21,18,0,0,79.27,SAME
1,66.82,28.01,3,1,0,67.27,HARDER
5,33.69,148.15,19,1,1,84.45,EASIER
1,67.27,50.4,3,1,1,59.2,SAME
2,52.78,69.28,6,0,0,65.84,HARDER
3,25.35,190.36,18,6,2,66.49,SAME
3,26.86,79.43,14,2,0,88.31,HARDER
1,97.63,34.13,2,0,0,54.79,SAME
5,25.0,294.66,23,5,4,75.8,EASIER
1,38.4,52.28,5,3,1,71.17,SAME
4,37.63,182.8,15,0,0,63.26,SAME
4,29.55,174.95,18,3,3,48.79,EASIER
1,100.0,25.03,2,0,0,73.18,SAME
2,52.0,58.31,6,0,0,80.94,HARDER
5,25.0,300.0,25,7,7,61.22,EASIER
2,29.75,106.08,9,3,1,79.4,SAME
3,28.27,109.9,14,2,1,55.84,EASIER
5,28.98,135.95,18,0,0,84.05,SAME
1,100.0,30.86,2,0,0,96.5,HARDER
2,46.94,55.2,6,0,0,95.24,HARDER
5,25.58,161.27,20,2,1,69.85,EASIER
1,32.54,67.43,5,3,2,55.12,SAME
5,26.83,253.52,21,3,1,62.3,EASIER
5,33.01,193.33,19,1,0,79.69,SAME
1,41.6,56.22,5,3,1,61.24,SAME
2,33.21,71.94,9,3,0,74.74,EASIER
5,35.14,137.3,18,0,0,88.12,SAME
1,100.0,26.53,2,0,0,81.35,HARDER
4,35.07,98.9,15,0,0,90.63,HARDER
2,25.1,95.79,11,5,3,66.58,EASIER
3,29.99,155.72,15,3,0,64.57,SAME
3,25.0,103.4,16,4,0,87.53,HARDER
3,32.16,128.21,13,1,1,64.63,EASIER
1,48.89,33.67,4,2,1,86.0,SAME
2,25.41,115.36,12,6,2,62.93,SAME
1,100.0,38.88,2,0,0,71.26,HARDER
4,29.54,169.23,15,0,0,55.51,SAME
2,39.58,77.24,8,2,0,53.79,SAME
1,93.97,43.82,2,0,0,82.91,HARDER
1,48.43,33.99,4,2,0,74.07,HARDER
1,100.0,31.08,2,0,0,52.08,SAME
2,43.74,79.24,7,1,0,65.29,HARDER
3,36.32,125.92,12,0,0,72.29,SAME
5,25.0,232.0,22,4,1,46.98,EASIER
1,98.16,21.66,2,0,0,81.32,HARDER
5,26.62,261.27,21,3,2,46.34,EASIER
1,35.49,74.19,6,4,1,48.93,SAME
4,25.0,151.16,22,7,4,50.74,EASIER
4,29.2,164.8,17,2,2,48.27,EASIER
5,29.17,217.67,19,1,1,78.29,EASIER
4,25.96,164.64,16,1,1,70.2,EASIER
2,34.43,86.64,8,2,2,59.02,EASIER
1,99.75,24.52,2,0,0,73.2,HARDER
2,49.78,72.11,6,0,0,64.92,SAME
5,25.0,246.64,24,6,4,59.78,EASIER
4,25.0,247.49,20,5,2,26.61,EASIER
3,32.86,94.44,12,0,0,77.54,HARDER
4,31.54,134.74,18,3,1,69.36,SAME
3,29.03,148.78,19,7,1,65.74,HARDER
4,26.92,148.24,17,2,1,71.24,EASIER
2,47.85,38.43,6,0,0,83.45,HARDER
4,25.72,244.27,17,2,2,42.6,EASIER
1,98.93,21.11,2,0,0,79.81,HARDER
3,42.91,116.98,12,0,0,75.08,HARDER
4,26.56,121.63,19,4,1,54.29,SAME
4,25.43,181.91,18,3,3,70.29,EASIER
3,31.6,69.39,13,1,0,98.45,HARDER
5,25.0,181.29,22,4,2,98.55,EASIER
3,25.0,132.85,18,6,1,42.74,SAME
1,99.35,20.93,2,0,0,87.78,HARDER
3,25.0,151.76,16,4,1,57.21,SAME
1,25.0,93.99,8,6,2,59.06,SAME
2,49.7,43.33,6,0,0,80.53,HARDER
1,47.71,34.03,4,2,0,69.94,HARDER
2,47.36,49.15,6,0,0,85.11,HARDER
3,25.0,145.51,16,4,3,71.15,EASIER
3,31.88,101.23,12,0,0,100.0,HARDER
3,25.0,210.0,20,8,3,56.78,EASIER
3,30.68,118.28,14,2,2,71.51,EASIER
5,31.35,227.34,19,1,0,53.88,SAME
1,99.87,22.15,2,0,0,82.87,HARDER
4,25.0,138.13,18,3,0,95.85,HARDER
3,25.0,88.75,15,3,2,59.3,EASIER
1,100.0,22.12,2,0,0,100.0,HARDER
1,96.15,20.0,2,0,0,73.41,HARDER
1,77.26,49.91,3,1,1,65.73,SAME
1,29.56,90.5,8,6,3,38.14,SAME
4,25.0,193.34,21,6,1,48.95,SAME
2,50.12,39.2,6,0,0,70.47,HARDER
4,25.0,250.0,24,9,5,50.5,EASIER
3,28.49,117.77,14,2,0,71.82,HARDER
5,31.58,215.74,21,3,2,79.64,EASIER
1,51.51,55.41,4,2,1,58.57,SAME
1,98.44,43.35,2,0,0,66.44,HARDER
2,34.66,97.28,11,5,0,50.75,SAME
5,27.11,211.25,22,4,1,58.17,SAME
3,25.29,95.8,14,2,0,82.61,HARDER
1,98.4,38.53,2,0,0,86.65,HARDER
2,41.49,43.42,7,1,0,99.03,HARDER
5,35.0,215.33,19,1,0,59.17,SAME
3,25.0,174.67,19,7,4,30.51,EASIER
3,36.18,93.35,12,0,0,50.51,SAME
1,100.0,30.36,2,0,0,89.59,HARDER
4,29.9,133.47,18,3,1,72.91,SAME
2,37.87,97.09,7,1,1,66.69,EASIER
1,97.3,37.14,2,0,0,61.51,SAME
5,33.96,146.15,19,1,1,70.99,EASIER
5,25.58,270.16,24,6,5,71.23,EASIER
2,55.14,55.29,6,0,0,74.85,HARDER
5,33.84,171.12,19,1,1,45.05,EASIER
2,33.95,76.59,8,2,0,68.78,HARDER
4,25.53,156.71,18,3,2,90.09,EASIER
3,30.93,130.86,14,2,1,64.83,EASIER
2,31.83,105.07,9,3,3,64.49,EASIER
5,28.52,247.1,20,2,2,63.81,EASIER
4,31.05,131.23,17,2,1,58.53,EASIER
1,66.11,44.18,3,1,0,66.87,HARDER
2,35.37,53.27,8,2,0,82.59,HARDER
1,100.0,36.94,2,0,0,70.84,HARDER
4,31.06,114.28,16,1,0,75.55,HARDER
2,41.5,67.94,7,1,0,79.03,HARDER
2,48.24,67.91,7,1,0,72.66,HARDER
3,36.64,80.18,12,0,0,80.49,HARDER
1,32.88,50.74,6,4,2,55.01,SAME
5,25.0,196.62,26,8,4,78.05,EASIER
1,65.42,41.22,3,1,0,42.9,SAME
4,26.17,224.44,22,7,5,77.18,EASIER
5,26.49,243.66,25,7,1,65.6,SAME
2,48.42,66.34,6,0,0,60.76,SAME
5,30.16,123.2,19,1,0,93.31,SAME
1,66.52,72.38,3,1,1,60.45,SAME
5,32.22,120.27,19,1,1,83.16,EASIER
5,34.13,129.74,20,2,0,88.31,SAME
3,29.72,95.21,14,2,0,80.6,HARDER
4,29.19,197.99,18,3,2,51.1,EASIER
3,25.7,153.36,17,5,2,67.89,EASIER
3,29.85,70.67,12,0,0,96.41,HARDER
2,47.26,41.13,6,0,0,89.0,HARDER
3,25.94,209.89,18,6,3,60.78,EASIER
3,32.94,130.29,13,1,0,79.07,HARDER
2,43.69,55.52,7,1,0,57.8,SAME
3,25.0,87.06,14,2,0,89.12,HARDER
5,29.45,151.24,20,2,0,66.63,SAME
1,98.36,41.27,2,0,0,71.32,HARDER
3,26.3,109.12,15,3,0,83.59,HARDER
1,25.0,95.43,10,8,2,25.37,SAME
2,50.42,51.2,6,0,0,85.9,HARDER
5,30.08,293.67,23,5,4,45.58,EASIER
3,25.0,210.0,20,8,6,55.68,EASIER
4,27.24,202.49,18,3,3,58.79,EASIER
5,26.5,163.24,18,0,0,95.92,SAME
4,30.09,150.45,16,1,1,65.24,EASIER
1,29.83,54.6,7,5,1,58.28,SAME
5,31.69,149.32,18,0,0,75.38,SAME
3,32.53,118.31,14,2,2,78.37,EASIER
3,25.0,170.57,19,7,5,54.79,EASIER
5,26.13,260.21,22,4,3,69.02,EASIER
5,31.89,298.77,23,5,2,43.71,EASIER
2,45.52,61.7,6,0,0,66.03,HARDER
5,35.84,147.38,18,0,0,77.4,SAME
5,27.82,202.13,22,4,1,65.06,SAME
5,28.67,180.0,21,3,1,64.54,SAME
4,25.0,159.63,21,6,3,62.28,EASIER
1,67.9,20.0,3,1,0,86.52,HARDER
4,30.38,208.87,19,4,4,67.15,EASIER
3,25.0,118.91,15,3,0,60.22,SAME
3,25.59,114.24,14,2,1,72.29,EASIER
1,65.79,53.18,3,1,0,58.01,SAME
1,66.98,33.77,3,1,0,52.74,SAME
4,27.71,105.43,16,1,0,87.01,HARDER
5,26.69,167.83,20,2,1,86.75,EASIER
2,25.0,140.15,14,8,5,55.91,EASIER
4,25.0,186.14,18,3,1,65.64,SAME
4,26.7,158.89,18,3,1,62.55,SAME
4,26.17,148.9,20,5,1,40.72,SAME
4,31.12,153.27,19,4,1,89.22,SAME
1,33.82,55.58,7,5,1,59.03,SAME
3,31.36,111.8,13,1,0,55.94,SAME
3,29.07,123.12,12,0,0,67.82,HARDER
3,30.68,106.28,13,1,0,68.77,HARDER
1,95.99,20.0,2,0,0,74.9,HARDER
5,30.34,154.53,20,2,1,77.11,EASIER
4,25.0,206.88,19,4,2,51.49,EASIER
3,32.81,84.88,13,1,0,95.72,HARDER
4,25.0,121.74,16,1,0,77.25,HARDER
2,47.5,51.1,6,0,0,57.53,SAME
5,25.0,278.33,28,10,6,49.44,EASIER
2,33.93,105.35,8,2,0,55.4,SAME
5,26.16,178.14,21,3,1,48.41,EASIER
3,25.0,103.82,16,4,1,89.84,SAME
2,43.54,49.95,7,1,0,73.39,HARDER
2,40.59,60.04,7,1,1,56.44,EASIER
5,37.97,131.48,20,2,1,100.0,EASIER
5,25.74,259.74,21,3,3,55.12,EASIER
4,29.08,162.51,20,5,1,64.02,SAME
3,29.12,102.14,13,1,0,75.34,HARDER
4,25.0,235.67,21,6,4,62.7,EASIER
4,26.96,177.98,24,9,5,66.12,EASIER
3,31.18,84.88,14,2,1,90.61,EASIER
3,35.18,82.22,13,1,0,70.48,HARDER
3,25.69,95.78,14,2,0,78.04,HARDER
1,42.03,48.01,5,3,0,60.58,SAME
4,25.0,152.4,18,3,2,89.21,EASIER
2,31.91,68.6,10,4,0,61.74,SAME
1,98.24,20.0,2,0,0,64.09,SAME
1,98.97,33.67,2,0,0,68.09,HARDER
1,69.24,61.14,3,1,1,84.1,HARDER
1,49.88,47.89,4,2,0,45.5,SAME
3,27.11,127.61,13,1,0,73.82,HARDER
3,34.08,88.63,13,1,1,68.04,EASIER
4,25.0,182.39,19,4,2,80.49,EASIER
3,25.0,190.12,17,5,2,42.27,EASIER
2,50.46,52.74,6,0,0,94.74,HARDER
2,51.8,49.41,6,0,0,100.0,HARDER
5,29.3,238.24,21,3,3,66.5,EASIER
2,49.59,59.99,7,1,0,56.72,SAME
1,53.65,66.73,4,2,2,62.2,SAME
1,100.0,20.0,2,0,0,96.23,HARDER
4,30.74,113.99,17,2,1,92.57,EASIER
5,29.88,145.03,21,3,1,85.03,SAME
5,26.99,140.7,19,1,0,99.13,SAME
1,35.53,46.07,5,3,0,58.27,SAME
2,31.31,128.93,11,5,2,57.52,HARDER
4,31.02,115.79,15,0,0,86.76,HARDER
4,28.21,218.37,18,3,2,59.37,EASIER
2,45.94,43.12,6,0,0,76.84,HARDER
5,26.53,198.34,22,4,4,51.51,EASIER
4,28.63,166.13,16,1,1,62.14,EASIER
4,25.0,119.64,20,5,0,80.17,HARDER
4,32.57,133.97,16,1,0,68.03,HARDER
2,48.97,62.58,6,0,0,68.3,HARDER
4,25.0,160.03,22,7,2,55.66,SAME
2,50.36,36.68,6,0,0,87.86,HARDER
3,30.28,133.92,14,2,1,75.34,EASIER
3,37.36,120.14,13,1,1,61.37,EASIER
3,27.86,72.68,14,2,1,78.68,EASIER
1,38.22,69.46,6,4,2,37.92,SAME
5,25.0,179.98,25,7,4,36.37,EASIER
2,42.37,135.37,7,1,1,28.5,EASIER
5,30.55,170.12,23,5,4,64.04,EASIER
5,30.69,241.7,21,3,3,57.99,EASIER
1,100.0,37.21,2,0,0,59.72,SAME
5,36.79,189.34,20,2,2,71.46,EASIER
1,97.1,28.49,2,0,0,55.46,SAME
4,28.32,116.38,18,3,2,81.01,EASIER
3,25.57,130.77,15,3,0,71.22,HARDER
1,97.8,39.4,2,0,0,69.32,HARDER
1,30.13,86.88,7,5,3,47.19,SAME
1,46.62,60.57,5,3,0,61.97,EASIER
5,25.0,197.54,22,4,0,53.18,SAME
2,33.64,69.3,8,2,0,55.67,SAME
2,48.96,30.0,6,0,0,96.66,HARDER
1,100.0,29.81,2,0,0,81.74,HARDER
1,99.96,38.09,2,0,0,81.58,HARDER
5,27.71,151.56,22,4,1,92.64,SAME
5,25.0,218.08,23,5,2,77.83,EASIER
4,33.49,98.1,15,0,0,60.0,SAME
2,33.57,103.76,9,3,1,71.36,SAME
1,38.15,77.34,6,4,2,42.3,SAME
5,25.0,266.59,27,9,5,51.94,EASIER
2,48.24,71.82,6,0,0,47.76,SAME
5,32.91,200.74,19,1,1,79.04,EASIER
5,32.23,190.86,20,2,2,63.54,EASIER
1,99.26,53.18,2,0,0,73.28,HARDER
5,28.18,198.66,22,4,2,69.61,EASIER
1,99.7,31.7,2,0,0,72.34,HARDER
2,30.52,86.08,9,3,1,52.82,SAME
1,98.94,45.0,2,0,0,79.61,HARDER
5,25.14,300.0,26,8,6,40.41,EASIER
2,32.86,63.91,9,3,0,66.0,HARDER
2,25.0,127.6,10,4,1,62.1,SAME
5,25.0,284.15,27,9,6,39.77,EASIER
1,99.21,27.8,2,0,0,99.45,HARDER
5,28.55,290.7,25,7,7,38.45,EASIER
5,32.83,237.65,19,1,1,56.25,EASIER
5,30.54,153.85,19,1,1,76.96,EASIER
5,29.77,287.2,22,4,3,60.01,EASIER
1,100.0,31.91,2,0,0,67.4,HARDER
2,48.75,47.62,6,0,0,88.29,HARDER
4,25.0,171.29,20,5,1,64.14,SAME
1,100.0,20.2,2,0,0,100.0,HARDER
1,62.77,39.48,3,1,0,72.82,HARDER
4,29.59,125.89,16,1,0,97.83,HARDER
4,36.54,93.29,15,0,0,79.09,HARDER
3,31.95,89.8,12,0,0,81.03,HARDER
5,25.0,242.14,22,4,1,62.75,SAME
3,31.01,116.69,14,2,0,45.55,SAME
4,27.84,105.2,16,1,0,55.31,SAME
4,33.39,121.89,15,0,0,86.94,HARDER
5,35.16,209.22,19,1,1,68.0,EASIER
4,25.0,211.78,24,9,5,42.78,EASIER
5,31.39,170.59,19,1,1,54.19,EASIER
5,29.5,222.34,21,3,2,54.82,EASIER
4,37.98,131.76,15,0,0,53.65,SAME
2,31.78,78.4,10,4,0,54.88,SAME
1,50.55,38.56,4,2,0,46.26,SAME
2,54.57,30.0,6,0,0,85.34,HARDER
5,25.96,256.07,23,5,3,78.47,EASIER
5,25.0,224.25,22,4,4,79.12,EASIER
4,25.0,118.14,17,2,0,85.28,HARDER
2,43.99,77.19,7,1,1,68.13,EASIER
3,38.41,91.34,13,1,0,89.32,HARDER
1,100.0,21.66,2,0,0,80.38,HARDER
1,100.0,27.26,2,0,0,88.08,HARDER
3,37.61,85.14,12,0,0,64.36,SAME
5,33.32,155.17,20,2,1,83.04,EASIER
3,35.03,64.89,12,0,0,76.44,HARDER
3,28.52,156.32,14,2,2,68.02,EASIER
4,36.32,186.74,15,0,0,54.41,SAME
5,26.21,255.15,24,6,2,27.96,EASIER
4,36.49,135.21,15,0,0,89.14,HARDER
5,26.76,156.92,22,4,1,80.16,SAME
5,34.55,242.89,20,2,2,52.05,EASIER
3,31.12,94.5,12,0,0,64.87,SAME
3,32.28,75.34,12,0,0,81.37,HARDER
4,35.69,130.7,16,1,1,78.44,EASIER
1,98.74,28.87,2,0,0,100.0,HARDER
5,25.97,293.63,23,5,4,39.01,EASIER
4,27.57,151.77,18,3,1,72.04,SAME
3,25.0,130.23,15,3,3,83.65,EASIER
2,31.77,107.51,11,5,2,55.88,EASIER
3,29.26,165.2,14,2,1,66.3,HARDER
3,32.44,115.27,12,0,0,51.52,SAME
2,39.29,45.34,7,1,0,76.39,HARDER
1,99.46,20.0,2,0,0,72.83,HARDER
2,50.74,42.87,6,0,0,89.88,HARDER
5,28.33,171.59,21,3,1,61.17,EASIER
4,28.49,214.89,18,3,1,43.71,EASIER
5,28.05,215.48,21,3,2,76.1,EASIER
2,47.13,44.23,7,1,0,69.31,HARDER
1,100.0,20.0,2,0,0,76.73,HARDER
1,49.5,56.22,4,2,2,51.05,SAME
1,97.37,21.7,2,0,0,74.89,HARDER
5,34.79,259.98,21,3,3,55.77,EASIER
1,99.63,20.0,2,0,0,94.68,HARDER
4,30.4,150.44,18,3,2,74.61,EASIER
3,28.33,93.79,14,2,1,70.94,EASIER
2,45.77,80.72,7,1,0,71.04,HARDER
3,32.66,85.07,14,2,0,69.41,HARDER
2,46.77,79.07,6,0,0,65.23,HARDER
2,43.18,61.45,7,1,0,73.78,HARDER
2,34.71,61.15,9,3,0,75.68,HARDER
4,25.0,250.0,21,6,4,60.11,EASIER
1,100.0,23.45,2,0,0,77.76,HARDER
3,26.21,128.53,16,4,1,53.15,SAME
4,28.42,236.49,18,3,2,65.52,EASIER
4,27.09,213.73,18,3,2,46.37,EASIER
2,45.55,65.21,6,0,0,66.0,HARDER
2,36.98,42.8,8,2,1,78.38,EASIER
2,37.52,119.27,9,3,1,40.07,EASIER
1,25.0,97.61,9,7,2,47.52,SAME
3,25.72,111.01,14,2,0,96.71,HARDER
4,28.68,172.37,18,3,2,76.42,EASIER
3,27.4,100.36,15,3,1,71.32,SAME
5,30.13,219.33,21,3,2,59.01,EASIER
5,37.47,154.47,19,1,1,73.56,EASIER
5,29.52,208.92,18,0,0,77.61,SAME
2,46.52,42.25,6,0,0,92.87,HARDER
3,26.4,138.28,15,3,3,43.62,EASIER
5,25.0,187.67,23,5,5,53.75,EASIER
5,30.34,197.06,22,4,2,70.68,EASIER
3,28.87,117.66,14,2,1,69.53,EASIER
5,25.0,199.18,23,5,3,66.39,EASIER
4,28.63,182.78,17,2,0,63.75,SAME
5,32.06,135.34,19,1,0,96.95,SAME
1,52.66,74.73,4,2,0,68.73,HARDER
4,25.0,185.97,19,4,2,49.54,EASIER
2,47.42,71.45,7,1,0,60.33,SAME
4,37.1,114.26,15,0,0,87.79,HARDER
3,26.77,99.21,13,1,1,83.35,EASIER
1,97.51,23.14,2,0,0,83.9,HARDER
1,98.16,32.28,2,0,0,73.55,HARDER
4,28.67,146.32,17,2,0,61.32,SAME
3,31.32,95.51,13,1,0,67.89,HARDER
4,25.0,180.13,18,3,1,68.26,SAME
2,54.39,59.02,6,0,0,91.88,HARDER
1,97.82,31.94,2,0,0,73.2,HARDER
5,33.99,143.16,20,2,1,66.95,EASIER
4,25.0,233.85,23,8,3,68.42,EASIER
4,28.14,166.69,18,3,1,72.26,SAME
2,28.0,95.92,10,4,1,62.76,SAME
5,29.56,235.93,22,4,1,75.14,SAME
2,36.67,83.77,10,4,1,55.77,SAME
3,28.85,81.59,12,0,0,78.69,HARDER
4,25.01,174.19,20,5,2,66.79,EASIER
1,67.29,43.93,3,1,0,79.25,HARDER
1,43.77,37.74,4,2,1,82.42,SAME
1,35.54,53.22,5,3,1,70.98,SAME
1,100.0,24.83,2,0,0,100.0,HARDER
2,52.12,51.18,6,0,0,100.0,HARDER
5,32.75,162.52,19,1,1,96.56,EASIER
5,25.0,289.25,24,6,5,32.31,EASIER
4,33.97,134.41,15,0,0,96.21,HARDER
5,25.0,159.67,21,3,0,81.08,SAME
4,31.61,154.25,16,1,1,69.58,EASIER
4,36.95,183.69,16,1,1,70.59,EASIER
5,25.0,300.0,25,7,3,33.51,EASIER
4,27.85,191.93,18,3,1,76.02,SAME
1,100.0,23.29,2,0,0,91.56,HARDER
4,31.11,124.64,15,0,0,93.38,HARDER
3,32.84,112.19,12,0,0,42.59,SAME
2,37.81,61.5,7,1,1,88.06,EASIER
5,27.18,240.22,21,3,3,46.79,EASIER
4,27.03,110.88,16,1,0,96.55,HARDER
3,27.38,128.56,14,2,0,71.19,HARDER
3,31.99,69.46,12,0,0,99.98,HARDER
1,100.0,40.3,2,0,0,64.06,SAME
1,99.67,20.0,2,0,0,88.89,HARDER
2,42.3,79.89,8,2,0,51.66,SAME
4,27.89,219.19,20,5,5,77.93,EASIER
2,38.69,87.88,8,2,1,71.76,SAME
1,75.56,27.83,3,1,0,50.12,SAME
3,27.52,108.65,13,1,0,68.29,HARDER
1,49.25,44.93,4,2,0,44.5,SAME
5,25.0,224.81,25,7,5,57.71,EASIER
5,25.0,300.0,23,5,3,27.02,EASIER
2,46.73,30.0,7,1,0,87.83,HARDER
5,30.79,192.31,21,3,1,81.08,SAME
4,30.73,154.66,16,1,0,87.21,HARDER
2,45.55,55.97,7,1,0,55.88,SAME
5,25.0,227.23,24,6,2,60.23,EASIER
4,25.0,237.64,23,8,5,43.21,EASIER
1,97.95,40.98,2,0,0,49.42,SAME
3,30.45,125.27,14,2,1,68.12,EASIER
3,29.69,163.07,15,3,2,64.04,EASIER
3,27.09,138.46,16,4,2,45.53,EASIER
3,25.0,187.06,17,5,2,39.31,EASIER
1,98.23,23.3,2,0,0,80.58,HARDER
5,29.79,158.45,20,2,0,76.49,SAME
2,45.25,45.34,6,0,0,86.56,HARDER
4,32.8,119.29,16,1,1,67.59,EASIER
5,27.65,244.68,23,5,4,37.03,EASIER
4,27.69,214.11,19,4,3,56.5,EASIER
1,27.68,98.59,8,6,3,53.32,EASIER
3,32.88,141.82,13,1,0,61.8,SAME
3,27.46,107.68,14,2,1,83.89,EASIER
3,25.0,171.97,15,3,1,47.37,EASIER
5,26.14,217.14,21,3,2,71.34,EASIER
4,25.12,232.52,20,5,4,43.94,EASIER
5,31.78,170.61,21,3,2,65.96,EASIER
5,25.0,300.0,25,7,5,41.21,EASIER
2,54.97,41.76,6,0,0,92.26,HARDER
2,53.62,67.96,6,0,0,77.59,HARDER
5,26.4,295.77,26,8,4,60.77,EASIER
5,31.5,216.78,20,2,1,80.16,EASIER
1,100.0,44.05,2,0,0,68.17,HARDER
4,31.26,120.38,15,0,0,76.15,HARDER
5,27.2,258.2,24,6,2,58.41,EASIER
5,29.85,204.34,21,3,3,65.22,EASIER
4,25.0,132.53,17,2,0,62.41,SAME
3,32.98,111.28,13,1,0,78.47,HARDER
1,100.0,52.34,2,0,0,61.79,SAME
5,27.13,249.99,23,5,2,37.76,EASIER
2,45.95,36.89,6,0,0,100.0,HARDER
5,26.82,149.58,22,4,2,77.18,EASIER
1,97.49,22.45,2,0,0,86.81,HARDER
3,39.16,91.3,12,0,0,66.29,HARDER
1,60.44,52.17,3,1,0,56.33,SAME
3,34.49,100.45,12,0,0,51.51,SAME
4,32.4,112.25,17,2,1,65.36,EASIER
5,25.0,191.76,23,5,1,77.4,SAME
5,25.0,172.23,24,6,1,59.54,SAME
5,33.84,164.34,18,0,0,69.31,SAME
1,43.41,54.52,5,3,1,51.69,SAME
4,28.57,184.44,18,3,0,56.99,SAME
1,100.0,20.0,2,0,0,85.85,HARDER
3,29.36,114.24,13,1,0,59.24,SAME
1,100.0,20.0,2,0,0,74.62,HARDER
4,25.0,213.46,23,8,5,25.0,EASIER
5,30.46,148.58,21,3,2,100.0,EASIER
1,49.5,34.09,4,2,2,37.99,SAME
2,39.38,65.7,8,2,0,60.41,SAME
1,25.0,66.66,7,5,3,64.89,SAME
5,31.7,220.24,21,3,2,45.07,EASIER
3,33.89,130.81,13,1,0,44.89,SAME
1,97.9,32.56,2,0,0,100.0,HARDER
3,25.0,137.52,19,7,2,59.28,SAME
1,64.2,49.1,3,1,0,57.78,SAME
4,32.15,150.55,17,2,1,54.88,EASIER
1,63.02,39.04,3,1,0,71.42,HARDER
4,33.18,156.31,15,0,0,85.48,HARDER
5,25.0,300.0,27,9,8,41.7,EASIER
5,31.46,148.78,21,3,1,65.0,SAME
4,33.4,108.45,15,0,0,74.87,HARDER
4,34.13,139.16,16,1,0,99.13,HARDER
3,26.32,158.33,16,4,2,51.32,EASIER
2,40.17,91.64,8,2,0,77.88,HARDER
2,35.18,71.75,9,3,0,54.59,SAME
2,47.06,40.96,6,0,0,98.4,HARDER
1,34.36,68.29,6,4,0,40.76,SAME
5,27.37,214.34,22,4,0,65.65,SAME
2,42.05,80.24,7,1,0,75.68,HARDER
4,25.0,149.45,18,3,1,92.39,SAME
4,28.89,124.48,15,0,0,86.87,SAME
5,29.66,154.52,20,2,1,72.96,EASIER
3,25.0,210.0,21,9,9,25.0,EASIER
3,28.14,133.58,14,2,0,68.44,HARDER
2,35.31,88.86,8,2,1,69.11,EASIER
4,29.48,174.28,17,2,1,68.16,EASIER
1,99.52,20.0,2,0,0,74.84,HARDER
4,29.14,180.38,17,2,1,49.65,EASIER
3,27.08,142.78,14,2,2,58.88,EASIER
3,30.86,112.3,14,2,0,83.2,HARDER
3,31.56,124.7,15,3,1,61.84,SAME
4,30.85,97.36,15,0,0,72.23,EASIER
5,31.47,286.81,21,3,2,54.65,EASIER
3,29.77,95.58,12,0,0,98.41,HARDER
1,27.11,66.75,7,5,1,69.1,HARDER
1,34.37,53.6,6,4,1,44.14,SAME
2,41.22,75.55,8,2,1,62.5,EASIER
1,69.54,40.72,3,1,0,68.81,HARDER
5,33.34,171.29,18,0,0,84.93,SAME
2,38.36,73.86,8,2,0,75.99,HARDER
4,27.11,142.4,16,1,0,47.78,SAME
1,65.2,29.5,3,1,0,68.86,HARDER
4,25.0,208.4,23,8,4,29.73,EASIER
5,30.5,205.05,21,3,1,80.39,SAME
2,34.21,80.79,8,2,1,55.11,EASIER
5,30.36,112.22,19,1,0,88.66,SAME
4,25.0,179.75,19,4,2,93.01,EASIER
1,100.0,30.02,2,0,0,59.78,SAME
2,40.03,86.06,8,2,2,58.37,EASIER
4,32.82,105.55,16,1,1,81.05,EASIER
5,25.0,300.0,28,10,8,52.84,EASIER
3,26.33,105.29,14,2,0,75.56,HARDER
4,25.16,145.24,18,3,0,66.4,HARDER
3,28.16,124.02,16,4,1,58.26,SAME
1,46.66,55.98,4,2,1,78.06,SAME
1,70.93,20.0,3,1,0,92.44,HARDER
3,31.29,142.02,14,2,2,47.76,EASIER
2,51.88,41.91,6,0,0,93.92,HARDER
5,29.67,194.03,22,4,1,59.58,SAME
2,50.58,55.48,6,0,0,80.14,HARDER
3,25.0,175.03,19,7,3,59.04,EASIER
2,41.86,41.22,7,1,0,98.62,HARDER
4,32.54,94.6,16,1,0,72.52,HARDER
5,26.75,175.08,20,2,1,87.27,EASIER
4,33.38,100.45,15,0,0,62.87,SAME
3,25.55,153.17,16,4,1,51.69,SAME
2,42.76,70.62,6,0,0,73.81,HARDER
4,26.91,131.69,19,4,2,63.86,EASIER
2,43.3,48.59,6,0,0,70.95,HARDER
3,25.0,150.49,17,5,3,51.41,EASIER
1,100.0,36.91,2,0,0,79.19,HARDER
4,25.0,226.26,22,7,3,52.66,EASIER
5,29.92,197.75,22,4,1,46.39,SAME
1,100.0,32.85,2,0,0,64.71,SAME
2,48.2,61.35,7,1,1,71.81,EASIER
3,33.46,82.94,13,1,0,39.83,SAME
5,28.64,182.59,21,3,3,71.05,EASIER
5,25.0,218.28,25,7,3,56.98,EASIER
3,26.47,115.15,14,2,1,63.88,SAME
5,25.12,162.54,21,3,1,77.14,SAME
3,25.0,210.0,18,6,6,30.79,EASIER
1,65.9,21.95,3,1,0,71.01,HARDER
2,35.81,49.34,8,2,0,69.68,HARDER
5,28.57,268.82,20,2,2,66.93,EASIER
5,30.0,263.41,22,4,2,56.32,EASIER
3,31.21,99.39,12,0,0,61.61,SAME
1,99.98,20.79,2,0,0,81.95,HARDER
4,27.65,124.54,15,0,0,92.66,HARDER
4,27.43,186.16,19,4,2,51.48,EASIER
1,30.67,41.73,6,4,0,69.32,HARDER
5,35.75,121.68,18,0,0,63.18,SAME
3,33.78,85.3,13,1,0,89.09,HARDER
2,42.35,60.03,7,1,0,72.21,HARDER
5,29.98,262.87,22,4,2,75.51,EASIER
5,32.0,179.98,20,2,0,58.11,SAME
4,36.58,111.74,17,2,0,80.66,HARDER
3,27.73,101.36,15,3,1,68.6,SAME
5,32.37,139.18,19,1,0,82.84,SAME
5,25.0,230.88,26,8,4,83.29,EASIER
3,29.87,91.65,12,0,0,92.24,HARDER
1,66.87,34.95,3,1,0,78.13,HARDER
1,98.89,38.44,2,0,0,58.96,SAME
5,25.97,166.92,24,6,1,67.86,SAME
1,34.1,64.84,6,4,1,50.76,SAME
2,47.22,53.74,6,0,0,71.8,SAME
4,25.0,134.59,21,6,0,40.62,SAME
4,32.42,170.72,17,2,1,55.21,EASIER
3,25.37,138.6,15,3,2,42.88,EASIER
2,36.31,40.75,7,1,0,86.16,HARDER
2,50.54,42.89,6,0,0,78.23,HARDER
5,32.17,218.88,20,2,0,63.28,SAME
1,25.0,88.05,9,7,1,56.32,EASIER
1,65.84,35.05,3,1,1,85.4,SAME
4,37.68,126.98,15,0,0,96.52,HARDER
5,26.73,167.19,20,2,1,72.88,EASIER
5,29.1,184.03,20,2,2,64.71,EASIER
5,31.86,188.73,19,1,1,95.24,EASIER
4,29.08,116.29,18,3,0,92.04,HARDER
3,25.0,180.98,18,6,4,59.99,EASIER
3,26.1,144.72,15,3,1,61.59,SAME
1,99.25,20.0,2,0,0,69.87,HARDER
5,25.0,257.94,24,6,5,42.55,EASIER
1,100.0,23.25,2,0,0,69.01,HARDER
4,25.51,240.68,20,5,1,30.04,EASIER
5,25.19,225.22,26,8,3,64.19,EASIER
5,25.0,282.75,24,6,3,44.02,EASIER
5,30.46,151.94,20,2,0,79.71,SAME
3,37.15,84.66,12,0,0,67.37,HARDER
1,100.0,26.82,2,0,0,78.23,HARDER
3,29.27,127.04,13,1,0,61.3,SAME
3,25.0,176.34,18,6,2,57.34,EASIER
5,30.32,224.28,21,3,0,67.54,SAME
5,27.09,300.0,22,4,2,69.96,EASIER
5,28.53,278.17,23,5,3,55.56,EASIER
4,29.01,121.01,18,3,3,62.4,EASIER
5,27.98,254.2,23,5,3,46.27,EASIER
2,40.22,90.49,8,2,1,49.63,EASIER
5,25.0,212.47,23,5,0,59.63,SAME
2,49.53,47.41,6,0,0,78.94,HARDER
5,39.5,205.45,19,1,0,62.68,SAME
5,28.77,283.09,24,6,5,78.83,EASIER
5,25.0,260.77,22,4,1,66.0,SAME
5,27.3,267.3,22,4,2,66.6,EASIER
4,25.0,166.4,18,3,1,81.85,SAME
1,100.0,27.25,2,0,0,93.71,HARDER
1,97.66,34.36,2,0,0,74.31,HARDER
5,25.96,147.15,23,5,2,88.96,SAME
5,34.56,147.55,18,0,0,67.29,SAME
5,36.28,172.37,18,0,0,72.09,SAME
2,35.26,94.11,9,3,0,57.32,SAME
3,31.35,105.58,14,2,0,66.74,HARDER
4,25.0,175.82,18,3,0,78.63,HARDER
2,41.68,86.03,8,2,1,64.65,EASIER
3,30.12,113.95,15,3,2,79.78,EASIER
5,30.75,288.35,25,7,4,51.54,EASIER
2,31.26,66.14,8,2,0,58.57,SAME
3,25.66,163.13,17,5,4,48.1,EASIER
2,34.97,88.53,8,2,0,51.83,SAME
4,32.01,111.59,16,1,0,70.59,HARDER
4,25.0,220.86,24,9,7,48.08,EASIER
2,40.41,61.09,7,1,1,67.92,EASIER
2,37.81,79.65,8,2,0,58.96,SAME
1,62.98,47.04,3,1,0,58.97,SAME
4,35.93,160.05,17,2,0,80.41,HARDER
5,27.13,123.62,19,1,0,100.0,SAME
4,29.12,135.31,17,2,1,58.75,EASIER
5,26.22,300.0,25,7,4,52.29,SAME
3,34.42,88.44,12,0,0,86.33,HARDER
4,25.0,181.46,20,5,3,58.48,EASIER
2,39.92,108.7,9,3,2,62.63,EASIER
3,32.83,105.79,14,2,1,95.26,EASIER
4,34.79,129.39,16,1,1,92.28,EASIER
1,52.26,56.28,4,2,1,51.67,SAME
5,25.0,234.83,27,9,4,63.77,EASIER
3,26.46,139.91,15,3,2,67.14,EASIER
1,66.22,40.98,3,1,1,58.31,SAME
4,28.93,148.28,16,1,1,54.51,EASIER
2,39.5,65.19,8,2,0,82.07,HARDER
3,25.0,179.57,17,5,3,25.0,EASIER
3,25.0,180.87,17,5,3,59.89,EASIER
4,25.0,209.06,21,6,3,60.02,HARDER
4,27.44,200.24,18,3,2,60.56,EASIER
5,32.42,146.03,21,3,0,62.05,SAME
3,25.0,179.3,17,5,3,42.11,EASIER
5,25.07,285.29,26,8,4,44.43,EASIER
4,28.95,98.65,16,1,0,80.8,HARDER
1,96.22,29.83,2,0,0,81.62,HARDER
2,53.65,67.42,6,0,0,79.05,HARDER
4,29.17,186.0,17,2,0,62.84,SAME
5,28.09,132.58,20,2,0,87.19,SAME
1,41.8,54.56,5,3,0,62.1,SAME
2,34.3,87.47,9,3,2,67.94,EASIER
5,32.63,167.86,20,2,0,69.07,SAME
1,94.15,23.87,2,0,0,57.81,SAME
5,29.05,204.55,22,4,3,78.66,EASIER
1,30.1,54.85,7,5,2,82.74,SAME
5,31.25,199.99,19,1,0,76.36,SAME
2,51.72,48.17,6,0,0,54.64,SAME
3,25.0,130.9,20,8,1,68.22,HARDER
4,31.98,115.87,17,2,2,64.09,EASIER
3,27.1,128.62,14,2,0,68.88,HARDER
1,63.55,37.99,3,1,0,64.99,SAME
1,98.01,20.0,2,0,0,70.66,HARDER
5,29.69,113.81,18,0,0,84.82,SAME
3,29.77,112.15,14,2,1,60.02,EASIER
1,100.0,24.36,2,0,0,94.13,HARDER
3,25.04,194.43,17,5,5,50.49,EASIER
3,29.33,86.02,14,2,1,89.95,EASIER
1,50.01,53.25,4,2,0,41.75,SAME
3,25.5,81.78,15,3,0,97.8,HARDER
3,25.0,156.31,15,3,3,49.63,EASIER
2,49.59,44.25,6,0,0,94.96,HARDER
2,55.09,73.03,6,0,0,83.56,HARDER
3,31.6,119.87,13,1,0,57.44,SAME
1,46.21,32.15,4,2,1,75.11,SAME
3,29.65,107.26,15,3,3,85.63,EASIER
1,97.61,20.0,2,0,0,81.74,HARDER
2,37.75,35.62,8,2,0,77.04,HARDER
2,28.48,75.03,10,4,2,76.15,EASIER
3,30.93,132.12,14,2,1,39.25,EASIER
3,33.03,96.2,13,1,1,91.24,EASIER
5,38.85,130.08,18,0,0,90.57,SAME
5,25.0,173.91,22,4,1,86.1,SAME
5,28.08,166.23,19,1,0,68.6,SAME
2,29.46,110.86,11,5,2,65.34,EASIER
2,52.61,52.71,6,0,0,94.43,HARDER
4,25.0,213.34,21,6,4,47.45,EASIER
3,32.36,103.08,13,1,1,71.33,EASIER
2,55.54,30.0,6,0,0,67.76,HARDER
5,26.62,156.21,23,5,1,78.61,SAME
3,32.14,128.97,15,3,2,55.26,EASIER
4,35.89,151.97,16,1,0,68.87,HARDER
5,25.0,261.32,24,6,5,86.34,EASIER
4,35.73,138.72,15,0,0,86.13,HARDER
2,42.25,87.79,8,2,2,60.28,EASIER
3,28.41,144.77,16,4,2,62.95,EASIER
3,40.34,105.16,12,0,0,100.0,HARDER
4,30.05,147.49,17,2,1,57.49,EASIER
5,25.0,200.69,21,3,0,70.92,SAME
1,25.57,81.82,9,7,2,61.3,SAME
5,26.93,218.96,20,2,2,77.13,EASIER
1,100.0,35.34,2,0,0,86.49,HARDER
1,100.0,33.27,2,0,0,76.18,HARDER
5,31.92,229.89,20,2,0,77.02,SAME
2,52.73,43.59,6,0,0,100.0,HARDER
2,27.72,107.23,10,4,0,51.5,SAME
2,25.0,153.51,12,6,3,45.5,EASIER
3,30.47,63.65,12,0,0,100.0,HARDER
3,25.0,151.85,16,4,2,50.66,EASIER
3,25.0,114.21,15,3,1,65.01,SAME
5,34.71,272.98,21,3,2,61.75,EASIER
4,31.6,168.24,18,3,1,60.76,EASIER
5,28.69,264.14,23,5,3,32.33,EASIER
1,93.96,26.41,2,0,0,79.1,HARDER
3,37.88,122.98,12,0,0,60.21,EASIER
5,26.62,215.17,24,6,2,65.53,EASIER
5,25.42,279.03,25,7,4,44.26,EASIER
1,49.68,39.59,4,2,0,77.77,HARDER
1,67.47,46.07,3,1,0,69.51,HARDER
4,25.0,180.41,20,5,3,74.63,EASIER
5,29.78,215.74,22,4,0,70.73,SAME
4,29.43,95.91,17,2,0,80.68,HARDER
4,25.0,193.96,18,3,1,60.34,EASIER
1,65.58,36.56,3,1,0,65.86,HARDER
1,44.54,52.91,5,3,0,68.3,HARDER
4,34.27,114.51,15,0,0,80.43,HARDER
3,31.16,93.45,13,1,1,70.95,EASIER
5,25.07,290.64,22,4,2,40.58,EASIER
3,25.0,180.94,15,3,3,58.55,EASIER
4,27.32,97.66,17,2,1,62.8,EASIER
3,26.53,114.14,15,3,0,70.37,HARDER
5,28.72,135.2,20,2,1,74.46,EASIER
2,52.15,67.67,6,0,0,75.1,HARDER
4,25.0,146.93,20,5,1,75.73,HARDER
3,32.34,75.95,12,0,0,89.88,HARDER
3,25.39,190.64,16,4,3,74.33,EASIER
2,43.99,55.46,7,1,0,57.72,HARDER
1,64.08,30.77,3,1,0,93.23,HARDER
4,25.0,250.0,22,7,6,49.06,EASIER
2,44.73,62.99,6,0,0,65.48,HARDER
3,27.33,172.54,16,4,3,61.18,EASIER
2,51.14,46.67,6,0,0,69.72,HARDER
5,25.0,189.47,23,5,1,54.57,SAME
1,97.78,20.0,2,0,0,78.98,HARDER
2,38.84,105.57,9,3,1,48.15,EASIER
3,25.51,157.28,20,8,3,67.31,EASIER
1,99.43,23.56,2,0,0,85.72,HARDER
2,51.06,71.3,6,0,0,51.22,SAME
5,29.64,227.01,22,4,0,67.47,SAME
3,35.47,127.18,12,0,0,74.29,HARDER
4,29.46,154.76,18,3,1,54.82,EASIER
4,25.0,191.7,23,8,2,75.23,SAME
2,53.42,59.68,6,0,0,100.0,HARDER
1,48.64,41.81,4,2,0,57.41,SAME
4,29.1,141.64,19,4,1,70.28,SAME
3,27.41,104.67,13,1,0,91.37,HARDER
2,39.48,65.61,7,1,0,55.18,SAME
1,95.38,34.57,2,0,0,100.0,HARDER
2,26.03,106.6,12,6,2,37.48,EASIER
3,25.61,130.56,15,3,0,53.32,SAME
2,43.35,82.45,7,1,0,64.86,SAME
4,34.66,168.92,17,2,2,81.52,EASIER
1,99.24,26.92,2,0,0,79.4,HARDER
2,50.62,56.62,6,0,0,86.29,SAME
5,28.14,273.02,25,7,4,40.15,EASIER
5,28.7,226.36,20,2,1,55.2,EASIER
3,29.71,127.12,15,3,0,57.22,SAME
2,42.81,68.26,7,1,1,69.88,EASIER
3,29.75,93.55,14,2,1,52.18,EASIER
5,27.33,203.11,22,4,4,62.06,EASIER
5,25.0,300.0,29,11,8,40.81,EASIER
3,25.4,109.37,14,2,1,75.55,EASIER
3,29.57,107.95,13,1,0,81.87,HARDER
3,29.2,128.51,15,3,0,70.48,HARDER
4,25.23,148.97,18,3,1,47.07,EASIER
1,33.54,64.29,5,3,2,56.24,SAME
3,30.13,109.0,13,1,1,85.15,EASIER
3,35.22,98.79,12,0,0,75.67,HARDER
3,25.0,114.54,14,2,0,71.63,HARDER
4,30.48,119.64,17,2,0,66.0,HARDER
1,46.5,33.94,4,2,0,72.0,HARDER
4,28.06,125.5,18,3,2,84.43,EASIER
5,31.94,196.11,20,2,1,71.12,EASIER
1,99.09,20.0,2,0,0,55.57,SAME
2,51.3,60.4,6,0,0,80.56,HARDER
4,26.85,130.95,18,3,1,56.5,SAME
2,39.74,81.73,8,2,0,60.63,SAME
2,57.46,40.72,6,0,0,75.29,HARDER
3,31.7,50.25,12,0,0,93.72,HARDER
5,29.48,176.17,21,3,1,90.42,SAME
4,26.13,250.0,22,7,6,48.6,EASIER
4,25.0,213.33,20,5,1,70.84,SAME
3,32.01,81.67,12,0,0,80.55,HARDER
2,48.44,45.88,6,0,0,100.0,HARDER
1,66.03,27.11,3,1,0,74.97,HARDER
3,31.5,118.77,13,1,1,62.65,EASIER
5,25.0,272.03,24,6,4,65.85,EASIER
5,25.0,280.41,24,6,4,56.45,EASIER
5,25.84,288.42,24,6,2,73.65,EASIER
4,25.0,186.76,21,6,3,66.18,EASIER
2,49.48,47.52,6,0,0,100.0,HARDER
5,27.85,180.43,22,4,3,84.3,EASIER
4,31.69,103.9,16,1,0,95.62,HARDER
1,100.0,23.13,2,0,0,90.92,HARDER
1,100.0,30.63,2,0,0,63.77,SAME
2,28.96,114.78,12,6,3,59.49,EASIER
1,63.0,46.05,3,1,0,55.18,SAME
1,55.69,26.38,4,2,0,44.67,SAME
1,67.54,27.68,3,1,0,46.14,SAME
1,98.32,40.56,2,0,0,77.67,HARDER
2,49.81,53.43,6,0,0,88.73,HARDER
4,31.63,157.68,16,1,0,70.42,HARDER
1,35.17,97.57,6,4,3,70.05,SAME
3,26.7,174.89,17,5,4,77.46,EASIER
5,25.0,300.0,24,6,4,36.51,EASIER
2,44.83,45.79,6,0,0,77.73,HARDER
1,42.56,68.24,5,3,2,58.83,SAME
3,25.0,196.91,17,5,4,29.54,EASIER
2,28.29,91.05,10,4,2,56.39,EASIER
1,100.0,20.0,2,0,0,71.86,HARDER
2,45.2,72.64,6,0,0,75.22,HARDER
1,100.0,31.25,2,0,0,77.27,HARDER
5,28.65,222.06,22,4,3,65.41,EASIER
4,25.0,219.82,23,8,4,40.81,EASIER
1,67.11,24.21,3,1,0,94.76,HARDER
1,100.0,20.0,2,0,0,74.67,HARDER
4,25.0,250.0,21,6,4,48.0,EASIER
4,27.96,83.2,15,0,0,100.0,HARDER
2,39.65,48.89,7,1,0,100.0,HARDER
2,43.72,51.49,6,0,0,88.77,HARDER
3,25.0,125.53,16,4,1,68.87,SAME
5,31.07,220.86,20,2,1,58.92,EASIER
4,34.43,126.86,16,1,1,69.15,EASIER
1,64.83,34.37,3,1,0,76.36,HARDER
5,26.49,142.76,19,1,1,85.16,EASIER
5,27.08,276.04,25,7,6,55.81,EASIER
4,29.77,120.25,15,0,0,93.82,HARDER
2,40.11,44.46,7,1,0,100.0,HARDER
3,26.94,131.51,15,3,1,60.01,SAME
2,29.2,99.36,11,5,0,67.33,HARDER
3,27.21,69.62,14,2,0,86.99,HARDER
4,25.77,130.04,20,5,1,80.59,HARDER
2,34.03,79.33,8,2,0,48.94,SAME
4,25.0,182.24,20,5,4,55.63,EASIER
2,28.66,107.2,10,4,2,56.07,EASIER
4,29.13,154.8,19,4,3,56.26,EASIER
2,37.05,76.67,9,3,0,60.16,SAME
1,43.74,33.86,5,3,1,91.8,SAME
5,25.0,300.0,25,7,3,58.11,EASIER
4,25.0,106.75,19,4,0,70.81,HARDER
2,49.74,48.11,6,0,0,80.32,HARDER
2,41.61,58.31,7,1,1,95.3,EASIER
2,35.6,85.65,8,2,0,53.94,SAME
5,25.0,247.18,23,5,3,65.98,EASIER
1,100.0,33.9,2,0,0,48.54,SAME
1,100.0,35.44,2,0,0,84.95,HARDER
5,26.39,300.0,25,7,5,29.95,EASIER
1,98.81,42.69,2,0,0,65.91,HARDER
1,45.72,55.39,4,2,0,68.67,HARDER
2,49.7,58.12,6,0,0,88.15,HARDER
1,70.66,35.11,3,1,1,81.89,SAME
4,30.43,171.4,20,5,1,45.41,SAME
2,47.79,50.69,6,0,0,61.38,SAME
3,25.0,159.97,14,2,0,74.46,SAME
1,100.0,20.25,2,0,0,100.0,HARDER
4,25.51,204.95,18,3,3,76.24,EASIER
2,38.95,56.12,7,1,0,74.91,HARDER
1,100.0,20.0,2,0,0,80.96,SAME
3,30.85,96.17,14,2,1,80.23,EASIER
5,35.69,162.11,19,1,0,70.99,SAME
2,28.1,93.09,10,4,1,55.39,SAME
2,27.23,115.35,12,6,3,72.98,EASIER
1,67.22,34.98,3,1,0,53.03,SAME
2,44.96,37.79,6,0,0,81.19,SAME
4,25.0,236.88,23,8,3,44.66,EASIER
1,100.0,26.57,2,0,0,76.8,HARDER
1,50.86,67.9,4,2,2,63.88,SAME
5,25.17,275.34,22,4,3,47.13,SAME
2,41.72,69.58,7,1,1,57.42,EASIER
1,99.53,25.97,2,0,0,83.67,HARDER
2,38.57,69.85,8,2,0,60.15,SAME
2,42.6,45.17,7,1,0,78.45,HARDER
1,100.0,21.33,2,0,0,93.5,HARDER
1,98.35,20.0,2,0,0,75.42,HARDER
1,100.0,20.0,2,0,0,69.53,HARDER
5,31.31,126.81,21,3,0,65.69,SAME
4,25.0,154.35,22,7,1,68.37,HARDER
2,54.47,51.72,6,0,0,100.0,HARDER
4,31.42,171.54,18,3,2,55.07,EASIER
5,31.38,274.95,21,3,2,41.06,EASIER
5,38.36,168.33,18,0,0,76.63,SAME
3,30.03,75.59,13,1,1,95.72,EASIER
2,38.99,67.95,8,2,0,49.39,SAME
4,25.58,250.0,21,6,5,46.36,EASIER
4,26.69,221.71,20,5,4,48.54,EASIER
5,25.0,244.21,21,3,1,65.47,EASIER
4,26.86,226.45,21,6,6,48.62,EASIER
3,25.0,122.23,16,4,2,73.26,EASIER
5,27.57,228.74,22,4,3,50.04,EASIER
3,28.56,133.21,17,5,2,78.37,SAME
4,26.94,130.48,19,4,1,96.35,SAME
4,33.11,133.38,17,2,1,63.04,EASIER
4,31.31,109.95,16,1,0,87.09,HARDER
4,25.0,202.16,24,9,5,52.8,EASIER
5,30.61,191.73,21,3,1,69.76,SAME
3,29.43,113.18,14,2,0,70.54,HARDER
5,30.37,157.77,23,5,1,76.12,SAME
4,25.0,131.27,17,2,1,71.69,EASIER
2,53.49,67.87,6,0,0,49.75,SAME
5,30.62,300.0,21,3,3,46.52,EASIER
2,39.37,90.89,8,2,1,30.3,EASIER
3,33.81,88.91,12,0,0,88.24,HARDER
5,25.0,237.91,23,5,4,77.03,EASIER
1,49.68,50.17,4,2,1,45.23,SAME
5,25.0,216.56,23,5,3,58.22,EASIER
5,25.0,260.31,23,5,2,51.28,EASIER
2,42.6,50.45,7,1,0,100.0,HARDER
2,52.28,54.4,6,0,0,90.25,HARDER
2,43.35,56.19,7,1,0,65.66,HARDER
1,97.51,39.51,2,0,0,47.8,SAME
2,48.99,76.06,6,0,0,61.51,SAME
4,25.0,230.35,21,6,2,48.15,EASIER
5,28.84,214.33,20,2,1,65.92,EASIER
3,28.63,106.77,12,0,0,72.43,HARDER
2,41.26,60.02,8,2,0,57.74,SAME
3,29.16,118.55,14,2,0,85.02,HARDER
3,26.81,106.9,13,1,1,84.64,EASIER
1,99.87,32.8,2,0,0,84.73,HARDER
1,34.52,66.75,6,4,0,57.59,SAME
2,35.3,77.95,8,2,1,74.15,EASIER
5,25.0,300.0,25,7,7,33.08,EASIER
5,31.96,253.79,22,4,3,49.11,EASIER
4,25.0,205.3,21,6,4,57.0,HARDER
5,25.56,164.53,24,6,3,86.05,EASIER
4,26.04,190.55,20,5,3,44.07,EASIER
3,30.06,93.01,14,2,0,95.15,HARDER
5,25.0,267.59,26,8,7,67.9,EASIER
1,42.16,73.51,5,3,1,60.93,SAME
3,27.73,96.08,13,1,0,54.08,SAME
5,25.0,237.22,22,4,2,39.59,EASIER
5,26.59,288.54,21,3,2,40.84,EASIER
1,91.76,20.0,2,0,0,53.54,SAME
2,29.09,99.14,10,4,1,53.19,SAME
1,67.58,36.06,3,1,0,58.89,SAME
2,39.41,84.36,7,1,1,66.81,EASIER
4,33.71,121.87,17,2,0,90.88,HARDER
1,100.0,30.59,2,0,0,72.5,HARDER
4,26.17,208.25,20,5,2,69.72,EASIER
5,25.42,300.0,25,7,5,39.71,EASIER
1,96.92,20.0,2,0,0,88.9,HARDER
1,48.46,47.62,4,2,1,73.97,SAME
2,51.39,40.31,6,0,0,98.96,HARDER
1,95.43,20.0,2,0,0,76.58,HARDER
2,25.0,117.72,11,5,1,75.6,HARDER
1,100.0,20.0,2,0,0,86.72,HARDER
2,43.33,34.88,6,0,0,87.49,HARDER
2,25.02,113.98,10,4,3,47.54,EASIER
3,27.73,75.72,15,3,0,80.8,HARDER
3,27.2,94.87,15,3,1,72.38,SAME
4,25.0,149.39,18,3,1,75.71,SAME
2,32.51,60.87,8,2,1,96.41,EASIER
5,27.33,213.74,20,2,1,53.93,EASIER
2,40.28,81.33,8,2,0,66.81,HARDER
2,46.77,35.41,6,0,0,70.01,HARDER
1,97.99,47.12,2,0,0,78.02,HARDER
2,35.79,75.82,8,2,0,55.55,SAME
1,49.52,66.21,4,2,1,71.6,SAME
4,27.67,172.31,19,4,2,43.32,EASIER
2,29.34,131.67,13,7,2,35.91,EASIER
2,47.37,94.91,7,1,0,56.67,SAME
1,100.0,26.41,2,0,0,76.02,HARDER
5,25.0,270.81,25,7,3,41.89,EASIER
5,25.0,300.0,27,9,6,54.16,EASIER
5,27.37,253.95,23,5,1,58.48,HARDER
1,67.75,44.64,3,1,0,75.95,HARDER
3,31.92,122.94,14,2,2,79.45,EASIER
4,30.34,107.11,17,2,0,81.65,HARDER
1,100.0,21.84,2,0,0,72.58,HARDER
2,50.46,50.45,6,0,0,100.0,HARDER
4,25.0,172.11,19,4,1,41.3,SAME
3,25.0,156.4,15,3,2,54.1,EASIER
3,25.63,130.83,14,2,1,56.13,EASIER
3,28.61,133.12,14,2,1,64.99,EASIER
4,32.02,128.26,16,1,1,62.7,EASIER
2,48.46,43.88,6,0,0,80.96,HARDER
1,100.0,20.45,2,0,0,99.59,HARDER
4,25.0,175.08,20,5,0,40.96,SAME
2,49.49,71.01,7,1,0,59.21,SAME
3,25.0,147.35,18,6,2,61.95,SAME
2,34.04,95.1,11,5,2,70.09,SAME
1,35.01,57.57,6,4,1,62.54,SAME
4,25.0,182.17,20,5,1,33.01,SAME
5,29.39,156.27,19,1,0,56.24,SAME
2,36.29,86.4,8,2,2,48.11,EASIER
2,31.66,73.27,9,3,1,65.91,SAME
2,40.08,43.5,7,1,0,85.52,HARDER
1,39.72,73.35,5,3,1,74.81,SAME
2,39.93,70.83,8,2,0,57.04,SAME
5,26.42,156.03,20,2,0,69.11,SAME
4,29.67,96.57,16,1,0,51.71,SAME
2,34.53,78.25,8,2,0,80.48,HARDER
1,47.34,60.38,4,2,1,71.84,SAME
4,27.59,173.18,20,5,3,52.92,EASIER
3,34.5,79.61,12,0,0,73.71,HARDER
1,98.82,20.0,2,0,0,74.57,HARDER
2,45.23,61.62,7,1,0,76.04,HARDER
4,31.22,157.33,17,2,0,60.6,SAME
2,49.05,57.34,6,0,0,100.0,HARDER
1,40.95,84.38,5,3,2,46.95,SAME
3,25.0,120.58,14,2,1,77.03,EASIER
4,29.63,249.36,18,3,1,42.21,EASIER
3,25.93,103.75,15,3,0,60.93,SAME
2,48.7,58.81,7,1,0,82.5,HARDER
3,34.06,112.2,14,2,1,74.59,EASIER
1,99.96,37.61,2,0,0,100.0,HARDER
2,46.9,30.34,6,0,0,100.0,HARDER
2,43.23,63.83,7,1,0,59.67,SAME
2,31.29,120.0,10,4,2,79.95,EASIER
5,32.43,188.46,21,3,0,68.98,SAME
1,40.4,68.43,5,3,2,44.7,SAME
3,25.0,142.73,17,5,2,48.72,EASIER
5,25.0,258.31,28,10,4,61.37,EASIER
4,31.58,172.31,18,3,2,65.36,EASIER
3,27.66,129.26,15,3,1,56.48,SAME
5,31.36,191.96,21,3,1,72.21,SAME
4,30.22,118.66,16,1,1,64.08,EASIER
1,99.84,20.14,2,0,0,78.4,HARDER
2,50.62,79.32,6,0,0,70.37,HARDER
2,25.0,114.02,12,6,3,55.06,EASIER
2,30.53,78.68,9,3,1,51.8,SAME
5,29.9,179.29,20,2,0,76.73,SAME
5,29.65,167.25,20,2,2,62.49,EASIER
3,29.42,76.22,13,1,0,71.82,HARDER
3,36.17,114.22,13,1,1,60.19,EASIER
1,69.35,27.7,3,1,0,61.95,SAME
5,29.79,300.0,22,4,4,25.0,EASIER
5,25.14,210.22,21,3,1,61.42,EASIER
2,25.0,140.02,13,7,2,40.78,EASIER
2,38.04,86.78,8,2,1,51.11,EASIER
2,33.94,57.7,8,2,1,68.77,EASIER
1,94.7,20.0,2,0,0,63.66,SAME
5,31.99,245.76,21,3,3,51.2,EASIER
4,31.06,138.49,15,0,0,80.05,HARDER
1,100.0,20.0,2,0,0,88.66,HARDER
4,31.73,104.35,16,1,0,78.45,HARDER
5,30.69,199.04,19,1,0,69.53,SAME
1,30.12,65.2,7,5,1,58.2,SAME
4,26.8,155.56,17,2,0,81.55,HARDER
4,31.03,135.31,16,1,0,51.8,SAME
1,64.41,39.91,3,1,0,85.94,HARDER
3,29.35,142.75,16,4,2,51.08,EASIER
1,38.85,66.15,5,3,1,40.06,SAME
1,100.0,48.46,2,0,0,60.43,EASIER
2,28.87,135.88,11,5,3,52.69,EASIER
2,29.81,92.95,10,4,0,61.52,SAME
2,40.69,66.88,7,1,0,68.68,HARDER
2,54.03,57.94,6,0,0,83.36,HARDER
5,25.0,163.04,27,9,3,61.55,SAME
5,25.0,276.11,26,8,5,64.57,EASIER
3,28.6,55.69,12,0,0,73.25,HARDER
4,25.0,139.95,19,4,1,74.55,SAME
1,71.04,31.01,3,1,0,59.74,SAME
5,27.51,143.11,23,5,3,56.05,EASIER
5,31.6,300.0,21,3,3,51.72,EASIER
5,32.47,133.74,19,1,1,85.29,EASIER
1,93.28,20.0,2,0,0,83.32,HARDER
3,37.19,80.65,12,0,0,84.53,HARDER
3,25.0,155.26,15,3,1,64.63,SAME
5,36.41,129.17,20,2,0,95.09,SAME
2,38.98,70.03,8,2,1,59.88,EASIER
3,33.46,94.86,13,1,1,69.42,EASIER
5,25.0,244.54,23,5,1,63.55,SAME
1,37.97,63.31,6,4,1,52.19,SAME
1,100.0,23.52,2,0,0,98.53,HARDER
4,28.47,159.58,17,2,0,76.68,HARDER
1,68.35,25.31,3,1,0,80.55,HARDER
2,48.16,44.25,6,0,0,81.46,HARDER
2,43.52,48.95,7,1,0,74.81,HARDER
5,31.18,109.28,18,0,0,100.0,SAME
4,27.28,162.22,16,1,1,82.43,EASIER
1,100.0,33.05,2,0,0,87.43,HARDER
3,28.7,118.5,14,2,1,82.43,EASIER
1,62.91,51.08,3,1,1,64.64,SAME
3,25.0,181.28,23,11,2,63.55,EASIER
1,48.85,53.68,4,2,1,77.74,SAME
1,65.98,20.0,3,1,0,68.18,HARDER
5,34.55,151.8,18,0,0,80.07,SAME
3,25.0,109.8,16,4,1,62.81,SAME
4,30.7,141.54,18,3,1,81.18,SAME
2,44.49,52.69,7,1,0,69.82,HARDER
2,48.07,46.18,6,0,0,100.0,HARDER
5,25.84,208.07,21,3,1,70.11,SAME
4,37.29,139.96,15,0,0,68.41,HARDER
2,53.19,36.18,6,0,0,100.0,HARDER
1,98.36,23.12,2,0,0,73.92,HARDER
4,25.0,187.14,18,3,2,59.23,EASIER
3,30.82,96.64,12,0,0,95.0,HARDER
2,39.13,89.78,8,2,1,65.76,EASIER
3,26.71,111.56,12,0,0,77.18,HARDER
2,47.71,57.08,7,1,0,73.34,HARDER
5,29.43,298.96,26,8,7,56.99,EASIER
5,27.25,293.75,24,6,5,32.75,EASIER
2,42.25,55.87,7,1,0,77.14,HARDER
5,28.22,199.73,24,6,4,73.76,EASIER
4,26.77,250.0,19,4,3,55.55,EASIER
4,26.6,184.9,19,4,2,45.79,EASIER
2,53.82,31.9,6,0,0,87.26,HARDER
5,30.74,227.02,23,5,2,54.23,EASIER
1,100.0,41.52,2,0,0,92.59,HARDER
4,31.09,146.42,15,0,0,80.95,HARDER
1,42.11,64.38,5,3,2,52.84,SAME
2,31.42,51.94,9,3,0,65.26,HARDER
2,47.92,50.05,6,0,0,73.34,HARDER
1,98.35,20.0,2,0,0,75.43,HARDER
1,100.0,20.0,2,0,0,81.78,HARDER
3,26.4,161.01,16,4,2,58.53,EASIER
2,45.13,77.72,7,1,0,66.61,HARDER
4,26.08,125.34,18,3,1,93.57,SAME
4,32.94,136.44,15,0,0,79.52,HARDER
1,100.0,50.21,2,0,0,84.64,HARDER
1,55.63,49.39,4,2,0,56.86,SAME
2,43.26,53.32,7,1,0,91.81,HARDER
3,33.99,123.9,13,1,0,66.29,HARDER
4,26.55,194.68,18,3,2,59.14,EASIER
4,26.31,173.31,18,3,0,80.8,HARDER
1,100.0,20.93,2,0,0,82.26,HARDER
4,25.0,184.9,21,6,2,40.42,EASIER
2,53.73,36.61,6,0,0,83.96,HARDER
4,27.92,189.6,19,4,2,41.34,EASIER
4,25.0,238.57,22,7,1,57.87,EASIER
4,34.96,244.34,19,4,1,68.1,SAME
2,49.01,50.39,6,0,0,100.0,HARDER
2,40.38,62.4,8,2,0,65.89,HARDER
2,39.64,66.8,7,1,0,73.66,HARDER
1,39.03,57.62,5,3,1,66.39,SAME
5,28.89,204.5,22,4,3,81.96,EASIER
5,32.19,173.78,21,3,2,66.09,EASIER
5,25.0,157.89,21,3,0,81.46,SAME
4,25.0,195.96,22,7,1,60.73,SAME
3,25.0,145.1,16,4,2,89.3,EASIER
1,99.41,24.47,2,0,0,93.84,HARDER
2,28.21,94.67,9,3,2,61.0,EASIER
4,25.51,124.34,17,2,0,81.1,HARDER
4,32.08,161.39,19,4,2,72.14,EASIER
5,32.36,168.22,18,0,0,99.44,SAME
1,100.0,20.97,2,0,0,69.9,HARDER
1,50.61,51.53,4,2,0,46.49,SAME
1,52.3,47.21,4,2,0,72.06,HARDER
5,31.35,173.39,22,4,1,61.09,SAME
4,30.95,189.23,17,2,2,40.71,EASIER
2,37.17,63.34,7,1,0,73.22,HARDER
5,25.0,178.71,25,7,2,65.35,SAME
5,25.0,182.73,22,4,1,76.65,SAME
4,34.49,153.41,15,0,0,60.05,SAME
1,100.0,22.06,2,0,0,74.29,HARDER
4,25.0,127.49,18,3,0,79.6,HARDER
1,100.0,26.78,2,0,0,59.23,SAME
5,33.12,173.63,19,1,1,45.5,EASIER
5,30.01,202.68,21,3,3,54.75,EASIER
2,49.15,35.23,6,0,0,85.09,HARDER
5,31.41,150.13,19,1,1,82.39,EASIER
5,25.0,152.92,22,4,1,79.4,SAME
5,30.07,300.0,24,6,4,43.87,EASIER
4,30.17,207.53,20,5,3,54.25,EASIER
4,31.79,118.82,15,0,0,93.25,HARDER
1,63.49,51.38,3,1,0,51.0,SAME
2,54.52,47.75,6,0,0,69.96,HARDER
3,25.5,151.85,14,2,1,34.03,EASIER
4,26.8,163.09,18,3,1,58.12,EASIER
1,97.59,20.0,2,0,0,97.14,HARDER
2,39.69,58.07,8,2,0,95.99,HARDER
5,26.46,254.5,23,5,5,55.28,EASIER
1,54.84,37.31,4,2,0,72.36,HARDER
1,97.84,20.0,2,0,0,82.53,HARDER
3,29.08,98.57,13,1,0,69.93,HARDER
3,38.72,81.95,12,0,0,93.82,HARDER
4,25.87,202.12,18,3,2,76.96,EASIER
5,30.38,150.33,21,3,0,88.17,SAME
2,51.23,62.34,6,0,0,64.2,SAME
2,43.3,115.77,8,2,2,48.74,EASIER
4,28.07,86.02,17,2,1,89.28,EASIER
4,29.03,186.6,20,5,3,61.04,EASIER
3,27.46,123.96,15,3,0,46.97,SAME
1,46.78,39.49,4,2,0,59.59,SAME
1,37.5,48.37,5,3,2,68.69,SAME
2,38.82,40.29,8,2,0,84.58,HARDER
1,100.0,27.75,2,0,0,83.14,HARDER
2,36.72,86.85,9,3,1,81.84,SAME
5,26.24,171.29,24,6,1,70.53,SAME
3,25.41,118.07,13,1,0,76.42,HARDER
2,48.05,81.82,6,0,0,47.24,SAME
3,32.49,117.17,13,1,1,63.43,EASIER
3,28.42,106.36,13,1,0,75.26,HARDER
1,100.0,23.33,2,0,0,97.61,SAME
4,26.2,120.27,16,1,0,88.83,HARDER
3,25.46,128.65,17,5,2,83.93,SAME
5,27.89,150.04,18,0,0,75.48,SAME
2,42.48,48.31,7,1,0,82.21,HARDER
2,26.14,69.85,11,5,0,55.51,SAME
1,33.06,47.45,5,3,1,53.39,SAME
3,27.91,170.36,16,4,2,51.86,EASIER
3,27.59,147.18,17,5,1,50.79,SAME
1,99.51,31.47,2,0,0,53.22,SAME
3,25.0,138.64,17,5,3,41.13,EASIER
4,34.81,115.29,15,0,0,79.06,HARDER
3,31.87,123.99,13,1,0,92.05,HARDER
1,100.0,55.76,2,0,0,69.31,HARDER
1,50.79,53.22,4,2,0,67.76,HARDER
5,25.0,194.13,24,6,2,76.87,SAME
2,41.33,80.68,7,1,0,72.86,HARDER
3,34.2,124.85,16,4,1,58.75,SAME
1,65.7,32.51,3,1,1,71.6,SAME
4,31.12,231.2,20,5,2,42.82,EASIER
2,35.48,75.64,9,3,1,61.27,SAME
2,37.85,90.67,9,3,1,54.51,SAME
4,27.42,110.23,18,3,1,72.8,SAME
2,25.0,125.56,11,5,3,50.37,EASIER
1,100.0,28.49,2,0,0,100.0,HARDER
5,25.0,257.54,22,4,3,74.24,EASIER
5,25.83,182.63,21,3,2,59.27,EASIER
1,54.92,41.89,4,2,0,39.39,SAME
3,26.12,167.57,14,2,0,90.84,SAME
2,37.76,61.18,8,2,0,77.22,HARDER
4,32.01,89.84,15,0,0,81.05,HARDER
1,49.49,56.7,4,2,1,55.32,SAME
5,31.97,176.64,20,2,0,67.51,SAME
3,29.08,73.37,13,1,0,88.46,HARDER
3,25.0,133.41,14,2,1,83.27,EASIER
4,27.77,187.8,19,4,2,32.72,EASIER
5,27.04,208.21,22,4,3,43.87,EASIER
3,41.79,73.72,12,0,0,89.69,HARDER
5,26.32,282.54,22,4,4,40.86,EASIER
4,25.0,179.85,21,6,1,68.46,HARDER
1,100.0,50.17,2,0,0,71.89,HARDER
1,40.14,52.75,5,3,2,67.06,SAME
3,25.0,128.46,15,3,2,60.91,EASIER
2,28.94,82.75,9,3,1,66.04,SAME
2,40.96,42.7,7,1,0,64.03,SAME
5,25.0,277.58,25,7,5,53.29,EASIER
3,25.0,151.61,17,5,2,65.37,EASIER
4,28.57,94.28,15,0,0,100.0,HARDER
2,38.93,83.16,8,2,2,57.44,EASIER
2,41.15,82.51,8,2,1,69.51,EASIER
4,30.09,154.55,19,4,1,77.0,SAME
5,30.1,265.43,21,3,3,48.07,EASIER
2,28.24,107.05,10,4,3,53.43,EASIER
2,44.7,60.68,6,0,0,90.59,HARDER
2,56.25,50.31,6,0,0,78.69,HARDER
3,30.91,142.56,13,1,1,67.0,EASIER
2,31.16,125.51,9,3,3,76.02,EASIER
5,29.18,186.65,23,5,1,65.3,SAME
3,26.56,179.61,16,4,2,49.11,EASIER
3,33.9,130.2,12,0,0,75.55,HARDER
3,28.07,113.16,15,3,2,74.03,EASIER
4,30.1,161.8,20,5,1,56.47,SAME
4,27.32,170.71,17,2,1,46.25,EASIER
4,28.51,178.09,16,1,0,69.05,HARDER
5,33.07,234.47,23,5,2,50.66,EASIER
2,34.72,77.27,9,3,0,82.9,HARDER
3,32.52,86.7,13,1,0,91.25,HARDER
1,100.0,24.96,2,0,0,55.76,SAME
4,30.23,243.31,18,3,3,29.56,EASIER
1,50.13,45.04,4,2,1,75.87,SAME
2,32.16,125.1,9,3,2,49.66,EASIER
1,67.85,55.59,3,1,0,51.73,SAME
1,98.79,20.0,2,0,0,84.23,HARDER
4,30.3,158.55,16,1,1,51.82,EASIER
2,35.4,32.4,9,3,1,74.72,SAME
3,25.0,112.17,16,4,1,83.97,SAME
5,25.0,275.06,24,6,3,61.7,EASIER
5,25.54,278.02,24,6,3,37.16,EASIER
4,32.61,97.51,16,1,0,79.12,HARDER
5,25.0,271.85,23,5,3,38.23,EASIER
3,32.17,168.32,16,4,2,50.88,EASIER
1,97.27,26.39,2,0,0,72.69,HARDER
5,33.08,161.84,18,0,0,100.0,SAME
5,32.56,251.93,22,4,3,52.75,EASIER
4,28.46,158.98,21,6,2,67.72,SAME
1,66.95,36.51,3,1,0,94.78,HARDER
2,50.45,45.32,6,0,0,77.65,HARDER
2,42.06,53.41,7,1,0,71.66,HARDER
4,33.78,87.56,15,0,0,73.3,HARDER
1,96.55,20.0,2,0,0,75.99,HARDER
2,49.97,48.45,6,0,0,82.21,HARDER
4,25.0,197.91,19,4,2,65.42,EASIER
5,26.32,217.08,24,6,2,69.77,EASIER
4,25.0,202.76,20,5,5,73.54,EASIER
4,27.73,114.79,17,2,0,69.84,HARDER
4,27.64,148.23,18,3,0,55.83,SAME
5,25.0,171.8,23,5,1,97.42,SAME
2,36.85,61.04,8,2,0,90.99,HARDER
1,32.59,26.33,5,3,0,78.4,HARDER
5,25.0,259.71,23,5,3,48.39,EASIER
4,27.21,203.38,20,5,3,47.27,EASIER
2,29.69,77.11,9,3,0,63.78,SAME
1,99.57,21.21,2,0,0,89.67,HARDER
2,47.98,44.45,6,0,0,70.98,HARDER
2,45.87,30.0,6,0,0,88.28,HARDER
1,73.14,37.62,3,1,0,61.83,SAME
4,33.43,167.25,15,0,0,56.73,SAME
4,27.97,169.88,17,2,1,83.31,EASIER
2,53.1,35.94,6,0,0,91.84,HARDER
2,46.93,71.28,6,0,0,75.41,HARDER
1,95.24,20.0,2,0,0,90.89,HARDER
5,30.39,168.21,18,0,0,90.4,SAME
2,49.84,72.85,6,0,0,87.81,HARDER
3,25.0,151.84,16,4,1,54.06,SAME
5,27.77,210.4,21,3,2,72.22,EASIER
4,30.72,120.55,17,2,1,63.03,EASIER
2,25.0,88.31,12,6,2,50.63,SAME
5,32.62,236.86,22,4,3,58.05,EASIER
5,34.71,151.61,20,2,2,80.37,EASIER
3,31.05,156.9,15,3,1,49.78,EASIER
4,25.89,128.69,18,3,0,70.21,HARDER
4,25.0,103.25,17,2,0,73.0,HARDER
5,30.02,188.91,21,3,1,66.09,SAME
4,26.22,138.49,17,2,0,72.88,HARDER
4,33.29,148.46,16,1,0,100.0,HARDER
3,31.78,144.36,13,1,1,57.11,EASIER
5,25.24,193.58,21,3,2,78.03,EASIER
5,25.0,158.53,23,5,0,73.8,SAME
4,28.28,227.28,17,2,1,46.75,EASIER
2,45.02,46.1,7,1,0,69.39,HARDER
5,30.65,144.03,20,2,1,55.14,EASIER
5,25.0,184.48,22,4,1,66.64,SAME
3,27.59,82.87,14,2,1,77.54,EASIER
5,26.8,287.94,26,8,7,67.16,EASIER
5,38.67,147.81,18,0,0,85.36,SAME
1,100.0,20.0,2,0,0,99.12,HARDER
2,25.0,117.04,12,6,3,58.96,EASIER
1,50.62,52.35,4,2,1,81.53,SAME
4,28.24,162.34,19,4,2,79.21,EASIER
3,31.06,93.26,13,1,0,62.28,SAME
3,32.61,77.33,12,0,0,92.84,HARDER
2,47.41,59.28,6,0,0,85.21,HARDER
5,25.0,256.56,21,3,1,57.18,EASIER
5,33.97,138.38,19,1,1,70.08,EASIER
1,96.72,41.57,2,0,0,52.28,SAME
5,30.61,164.15,21,3,1,100.0,SAME
5,28.33,270.81,24,6,4,69.24,EASIER
5,25.0,119.95,19,1,0,67.63,SAME
2,35.11,80.76,8,2,1,65.57,EASIER
1,61.67,32.25,3,1,0,89.98,HARDER
5,27.4,202.68,24,6,3,74.39,EASIER
2,28.01,107.44,11,5,1,50.55,SAME
5,27.89,258.62,22,4,3,54.55,EASIER
4,34.39,124.98,17,2,1,65.75,EASIER
1,93.12,21.02,2,0,0,100.0,HARDER
5,30.61,199.5,21,3,2,59.33,EASIER
1,95.77,38.92,2,0,0,85.04,HARDER
3,25.0,163.2,18,6,2,71.48,SAME
5,32.53,173.12,20,2,1,65.62,EASIER
5,33.65,173.8,19,1,1,76.05,EASIER
4,30.9,121.75,17,2,1,63.85,EASIER
1,98.24,34.1,2,0,0,69.2,HARDER
3,31.79,93.51,13,1,1,63.65,EASIER
1,40.57,35.95,5,3,0,83.17,HARDER
1,100.0,38.71,2,0,0,56.34,SAME
1,97.64,20.0,2,0,0,87.44,HARDER
4,26.86,110.72,19,4,0,77.25,EASIER
2,40.56,87.23,8,2,1,57.36,EASIER
1,25.0,76.41,10,8,0,48.2,SAME
1,66.67,20.0,3,1,0,95.1,HARDER
1,100.0,23.48,2,0,0,59.02,SAME
4,25.0,125.06,18,3,1,63.95,SAME
3,30.99,137.36,14,2,1,63.92,EASIER
3,34.86,101.04,12,0,0,76.22,HARDER
4,30.2,166.8,18,3,2,51.44,EASIER
3,29.61,118.44,13,1,1,91.06,EASIER
3,25.0,207.62,20,8,4,45.47,EASIER
4,26.08,247.4,19,4,4,69.22,EASIER
2,45.87,66.88,6,0,0,71.65,HARDER
1,96.0,23.93,2,0,0,42.91,SAME
5,29.61,182.6,23,5,2,79.39,EASIER
1,100.0,35.44,2,0,0,79.45,HARDER
1,64.06,28.73,3,1,0,88.3,HARDER
4,28.64,160.95,16,1,1,85.5,EASIER
5,28.86,269.26,21,3,3,64.98,EASIER
3,29.32,144.49,13,1,0,75.29,HARDER
5,25.0,182.65,23,5,4,50.77,EASIER
3,30.19,143.3,14,2,0,85.25,HARDER
5,31.9,262.48,23,5,4,76.75,EASIER
5,25.0,222.53,24,6,4,75.06,EASIER
3,30.61,109.93,14,2,1,76.2,EASIER
3,33.27,116.01,13,1,1,49.59,EASIER
2,44.61,40.48,7,1,1,100.0,EASIER
5,28.91,222.46,19,1,1,46.11,EASIER
2,41.5,69.39,8,2,1,84.77,EASIER
4,26.42,155.45,16,1,1,59.16,EASIER
4,25.0,248.53,22,7,7,53.08,EASIER
4,25.0,228.16,21,6,3,49.16,EASIER
1,71.16,39.1,3,1,0,64.38,SAME
1,100.0,29.1,2,0,0,76.04,SAME
1,69.1,41.16,3,1,0,65.72,HARDER
4,28.79,196.06,16,1,0,63.24,SAME
2,35.87,97.38,9,3,2,59.43,EASIER
1,65.78,44.58,3,1,0,65.54,HARDER
2,43.4,52.42,7,1,0,80.37,HARDER
4,29.54,152.03,17,2,1,60.71,EASIER
2,41.77,67.49,7,1,0,76.56,SAME
5,31.74,143.96,18,0,0,65.67,SAME
1,97.35,32.23,2,0,0,73.91,HARDER
3,28.98,105.36,13,1,1,70.61,EASIER
3,25.0,125.82,17,5,0,79.31,HARDER
2,37.83,79.97,8,2,0,59.45,SAME
1,66.16,36.95,3,1,0,53.63,HARDER
1,52.64,58.45,4,2,0,75.26,HARDER
2,30.83,76.01,8,2,1,78.13,EASIER
1,48.02,57.55,4,2,0,53.0,SAME
5,25.0,235.56,26,8,7,41.03,EASIER
1,67.88,40.01,3,1,0,65.87,HARDER
3,28.36,124.4,14,2,2,58.09,SAME
5,27.92,260.89,21,3,2,76.71,EASIER
5,25.0,249.92,25,7,4,68.16,EASIER
5,35.14,175.1,19,1,0,67.98,SAME
4,26.61,134.14,16,1,0,72.29,HARDER
1,52.88,46.89,4,2,0,80.11,HARDER
2,48.89,62.53,6,0,0,78.98,HARDER
3,28.5,120.07,13,1,0,77.34,HARDER
2,26.25,66.69,9,3,0,69.16,HARDER
3,36.71,85.95,12,0,0,97.28,HARDER
3,25.0,155.66,17,5,3,49.81,EASIER
4,25.0,206.97,21,6,2,47.89,EASIER
3,27.49,101.19,13,1,0,74.6,HARDER
5,27.48,123.93,19,1,0,80.29,SAME
1,99.05,20.0,2,0,0,83.37,HARDER
2,28.51,73.22,9,3,1,74.3,SAME
4,32.36,165.36,17,2,0,67.84,HARDER
1,100.0,31.95,2,0,0,88.54,HARDER
4,27.5,141.01,19,4,2,69.9,EASIER
3,27.54,142.14,16,4,3,66.49,EASIER
5,31.11,283.72,21,3,2,67.52,EASIER
4,28.02,234.25,18,3,1,53.89,EASIER
4,34.7,115.89,15,0,0,100.0,HARDER
5,28.69,232.39,21,3,2,57.24,EASIER
3,30.43,115.45,12,0,0,85.4,HARDER
3,36.11,75.09,12,0,0,91.54,HARDER
1,51.42,58.15,4,2,1,52.57,SAME
4,30.09,127.91,16,1,0,77.75,HARDER
5,25.0,245.39,23,5,0,60.31,SAME
4,35.96,166.76,16,1,1,54.27,EASIER
4,29.41,146.56,19,4,1,83.0,SAME
1,100.0,20.0,2,0,0,54.86,EASIER
2,40.41,59.56,8,2,0,71.87,HARDER
3,27.66,122.72,14,2,1,59.06,EASIER
2,54.14,52.2,6,0,0,81.97,HARDER
4,25.91,169.18,18,3,1,64.87,SAME
4,34.57,200.51,17,2,1,66.0,EASIER
2,42.17,72.53,7,1,1,78.33,EASIER
3,25.32,144.49,16,4,2,52.94,EASIER
2,38.71,73.71,8,2,0,100.0,HARDER
4,27.52,179.12,19,4,2,65.5,EASIER
4,32.29,250.0,21,6,3,25.0,EASIER
3,31.7,90.05,13,1,0,77.25,HARDER
5,29.48,251.81,22,4,3,47.31,EASIER
2,48.4,82.99,6,0,0,77.6,HARDER
2,41.37,75.33,7,1,1,63.74,EASIER
4,25.0,214.02,21,6,1,57.67,EASIER
4,33.18,141.28,17,2,1,78.77,EASIER
2,27.84,115.73,11,5,1,80.06,SAME
2,48.82,73.03,7,1,1,65.86,EASIER
1,65.43,34.46,3,1,0,80.5,HARDER
1,100.0,33.33,2,0,0,65.04,HARDER
5,30.78,134.94,18,0,0,58.59,SAME
3,27.22,101.54,15,3,2,73.37,EASIER
2,26.44,98.17,13,7,1,75.86,HARDER
5,28.86,131.02,19,1,0,92.55,SAME
4,30.65,116.9,16,1,0,67.67,HARDER
5,33.35,148.32,19,1,0,65.17,HARDER
4,25.0,196.49,21,6,4,54.85,EASIER
4,29.81,130.27,16,1,1,56.81,EASIER
3,28.46,178.42,17,5,4,44.03,EASIER
2,51.98,30.0,6,0,0,96.03,HARDER
5,28.14,150.84,20,2,1,69.05,EASIER
5,34.89,250.46,19,1,1,25.0,EASIER
5,26.62,241.13,25,7,3,62.48,EASIER
4,26.6,121.3,16,1,0,62.66,SAME
1,100.0,30.57,2,0,0,66.83,HARDER
4,25.0,210.27,20,5,3,67.46,EASIER
3,29.2,93.35,15,3,1,72.63,SAME
2,46.21,51.36,6,0,0,61.79,SAME
5,25.0,241.12,22,4,2,52.54,EASIER
4,28.21,139.25,17,2,1,68.22,EASIER
2,40.62,77.81,7,1,0,59.85,SAME
1,95.54,20.0,2,0,0,98.85,HARDER
1,96.51,22.73,2,0,0,100.0,HARDER
5,30.78,180.22,21,3,0,86.14,SAME
1,97.58,26.31,2,0,0,75.13,HARDER
5,25.0,240.07,25,7,5,49.84,EASIER
5,29.17,133.85,21,3,0,93.25,SAME
5,31.79,131.19,18,0,0,65.5,SAME
3,25.0,155.32,18,6,2,75.82,SAME
5,25.0,264.09,25,7,4,57.29,EASIER
4,25.0,146.61,19,4,3,67.48,EASIER
2,39.28,64.91,8,2,0,76.96,HARDER
3,32.65,76.3,13,1,0,69.87,HARDER
2,49.14,57.83,6,0,0,88.84,HARDER
2,28.36,78.05,10,4,2,73.49,EASIER
3,25.0,160.42,15,3,0,37.17,SAME
5,32.31,183.73,20,2,0,70.18,SAME
4,25.0,172.05,20,5,2,59.7,EASIER
4,29.59,202.65,18,3,1,57.45,EASIER
1,100.0,21.1,2,0,0,82.02,HARDER
4,29.61,195.92,19,4,3,52.99,EASIER
1,33.11,59.76,6,4,0,40.06,SAME
5,27.11,241.36,21,3,2,74.79,EASIER
2,40.23,80.79,7,1,1,57.86,EASIER
4,30.57,90.52,15,0,0,100.0,HARDER
1,40.97,54.02,5,3,0,70.95,HARDER
5,35.67,194.77,20,2,0,58.03,SAME
4,28.26,156.91,19,4,2,72.11,EASIER
4,28.77,118.46,15,0,0,96.57,HARDER
5,37.19,151.45,18,0,0,85.69,SAME
1,97.75,25.95,2,0,0,75.47,HARDER
3,26.46,118.43,16,4,2,96.03,EASIER
2,45.48,57.68,7,1,0,86.07,HARDER
3,25.0,177.67,15,3,1,25.83,EASIER
3,25.0,87.3,14,2,0,85.95,HARDER
5,26.54,205.96,20,2,2,75.93,EASIER
3,25.6,116.7,15,3,0,60.62,SAME
5,27.72,298.76,20,2,1,62.66,EASIER
2,37.87,85.13,9,3,0,59.19,SAME
4,31.0,144.49,16,1,0,54.17,SAME
2,26.92,139.52,11,5,2,66.07,EASIER
2,46.33,57.69,7,1,0,64.21,SAME
3,27.39,147.34,13,1,0,67.65,HARDER
5,29.65,212.55,21,3,3,54.01,EASIER
5,28.05,139.16,24,6,2,66.15,SAME
5,27.65,182.91,20,2,2,53.9,EASIER
5,33.14,177.39,19,1,1,68.45,EASIER
1,100.0,34.0,2,0,0,51.36,SAME
2,30.12,90.35,10,4,1,77.63,SAME
3,29.29,73.57,12,0,0,89.39,HARDER
1,64.91,41.74,3,1,0,69.16,HARDER
2,41.19,55.09,7,1,1,74.71,EASIER
3,25.01,164.81,16,4,4,59.16,EASIER
4,25.0,250.0,21,6,4,39.16,EASIER
4,25.13,215.75,20,5,4,44.14,EASIER
5,25.0,190.7,22,4,1,58.18,SAME
3,30.07,115.59,13,1,0,88.0,HARDER
4,28.05,108.47,17,2,2,60.51,EASIER
5,25.31,190.61,22,4,3,61.15,EASIER
1,96.85,41.16,2,0,0,61.5,SAME
2,33.65,67.07,8,2,1,76.9,EASIER
4,25.0,159.52,17,2,2,43.6,EASIER
3,25.0,80.73,15,3,2,66.11,EASIER
4,30.63,115.27,17,2,1,85.87,EASIER
3,31.47,88.77,12,0,0,69.92,HARDER
5,32.03,246.47,22,4,3,46.53,EASIER
2,28.77,60.77,8,2,0,66.61,HARDER
3,29.39,100.53,12,0,0,80.86,HARDER
3,25.0,172.95,18,6,2,47.32,EASIER
2,26.45,82.15,9,3,2,78.37,EASIER
4,29.57,200.02,17,2,2,46.16,EASIER
3,35.4,99.66,12,0,0,93.89,SAME
1,73.33,64.25,3,1,1,75.25,SAME
5,30.77,181.28,19,1,1,86.39,EASIER
2,34.87,58.53,8,2,0,83.34,HARDER
5,33.01,227.43,23,5,2,55.8,EASIER
1,96.6,29.74,2,0,0,73.92,HARDER
2,46.72,68.55,7,1,0,54.17,SAME
1,99.27,25.94,2,0,0,96.01,HARDER
1,53.23,44.97,4,2,0,62.48,SAME
3,27.87,171.73,14,2,1,35.02,EASIER
2,54.88,41.39,6,0,0,100.0,HARDER
5,27.69,179.11,20,2,0,92.79,SAME
4,25.0,201.49,24,9,5,56.54,EASIER
5,25.86,232.86,20,2,1,78.97,EASIER
4,27.86,164.76,16,1,0,49.95,SAME
2,38.5,64.67,7,1,0,53.25,SAME
2,53.21,57.61,6,0,0,93.46,HARDER
5,26.52,237.58,23,5,2,60.83,HARDER
3,27.24,147.8,17,5,2,35.27,EASIER
5,25.0,242.29,24,6,3,37.24,EASIER
5,30.59,166.72,21,3,0,93.36,SAME
4,31.34,150.55,17,2,0,86.95,HARDER
1,99.62,29.53,2,0,0,100.0,HARDER
2,25.0,86.43,11,5,1,57.34,SAME
3,29.31,114.38,15,3,2,46.47,EASIER
5,27.36,149.25,20,2,1,68.86,EASIER
5,25.82,221.41,22,4,1,63.91,SAME
4,30.6,110.18,17,2,1,68.55,EASIER
1,39.02,89.05,5,3,3,48.37,SAME
1,98.08,22.79,2,0,0,66.4,HARDER
2,28.68,123.21,11,5,3,25.0,EASIER
2,40.2,62.2,7,1,1,72.55,EASIER
3,33.76,118.09,13,1,0,71.24,HARDER
4,36.52,123.2,16,1,0,79.87,HARDER
1,68.67,43.61,3,1,1,68.94,SAME
4,25.1,182.64,19,4,2,53.83,EASIER
1,99.82,26.18,2,0,0,75.21,HARDER
1,65.61,51.45,3,1,1,58.01,SAME
3,29.16,122.04,14,2,2,47.62,EASIER
5,25.0,172.25,21,3,2,78.89,EASIER
2,31.88,76.79,10,4,1,71.79,SAME
2,49.39,62.46,6,0,0,57.18,SAME
1,100.0,29.06,2,0,0,76.26,HARDER
1,67.21,25.82,3,1,0,63.64,SAME
2,27.35,86.1,10,4,0,60.64,SAME
5,32.66,175.03,20,2,2,88.36,HARDER
1,100.0,31.21,2,0,0,79.96,HARDER
4,30.36,198.23,17,2,1,61.69,EASIER
1,63.98,31.83,3,1,0,98.13,HARDER
5,25.0,247.82,22,4,4,54.32,EASIER
3,32.9,155.43,15,3,2,64.76,EASIER
4,30.55,184.1,19,4,2,50.07,EASIER
2,49.01,50.07,6,0,0,67.28,HARDER
5,27.44,168.37,22,4,3,63.57,EASIER
1,100.0,34.86,2,0,0,75.0,HARDER
3,28.44,144.92,14,2,1,67.45,EASIER
1,45.91,57.49,4,2,0,78.2,HARDER
4,31.25,234.44,18,3,3,61.09,EASIER
3,31.39,111.53,13,1,0,60.95,SAME
4,25.0,250.0,19,4,2,25.0,EASIER
2,52.68,62.16,6,0,0,67.43,HARDER
2,41.68,86.6,8,2,1,63.68,EASIER
4,26.84,203.75,18,3,1,41.36,EASIER
1,64.35,26.36,3,1,0,93.97,HARDER
2,35.72,110.78,9,3,1,58.06,SAME
5,35.62,147.79,19,1,1,76.41,EASIER
4,33.56,147.05,15,0,0,78.26,HARDER
4,27.57,225.27,22,7,3,41.43,EASIER
2,34.67,49.62,8,2,0,79.64,HARDER
1,100.0,31.55,2,0,0,92.78,HARDER
4,25.61,188.04,18,3,0,32.57,SAME
1,65.94,37.91,3,1,0,69.37,HARDER
1,47.59,35.86,4,2,0,67.86,HARDER
4,28.98,132.17,17,2,0,62.02,SAME
5,26.97,214.68,22,4,3,61.46,EASIER
1,50.0,57.27,4,2,1,64.01,SAME
4,28.4,117.5,17,2,1,80.13,EASIER
1,100.0,28.69,2,0,0,96.55,HARDER
4,34.81,118.04,17,2,1,63.14,EASIER
2,28.32,116.9,10,4,4,42.79,EASIER
3,35.0,97.22,12,0,0,97.91,HARDER
3,25.8,114.67,15,3,1,87.85,SAME
4,29.26,125.97,16,1,0,88.19,HARDER
1,40.4,59.18,5,3,1,77.92,SAME
3,30.88,139.19,16,4,1,44.23,SAME
4,26.77,203.52,19,4,0,45.24,SAME
5,25.0,216.19,24,6,4,59.21,EASIER
4,25.0,177.9,20,5,1,64.52,SAME
3,29.71,86.36,12,0,0,83.14,HARDER
1,100.0,20.0,2,0,0,88.14,HARDER
1,49.23,42.53,4,2,0,76.62,HARDER
5,26.65,194.7,24,6,4,63.55,EASIER
2,38.82,54.17,7,1,0,73.21,HARDER
4,25.0,163.29,18,3,0,75.01,HARDER
5,38.1,205.62,19,1,0,81.03,SAME
2,40.02,87.56,8,2,0,61.69,SAME
5,28.22,146.02,21,3,1,89.88,SAME
2,45.58,66.11,7,1,0,94.96,HARDER
5,36.42,137.56,18,0,0,100.0,SAME
1,67.95,30.31,3,1,0,58.16,SAME
2,40.61,60.97,7,1,0,91.18,HARDER
3,26.68,112.08,14,2,1,64.14,EASIER
4,28.77,133.17,16,1,0,88.67,HARDER
4,28.34,248.06,19,4,2,41.44,EASIER
3,31.83,93.52,12,0,0,82.96,HARDER
2,33.67,86.9,9,3,0,58.86,SAME
5,29.83,183.62,21,3,1,73.01,SAME
4,32.77,138.77,18,3,1,75.25,SAME
4,26.99,148.5,17,2,1,91.83,EASIER
5,26.77,247.5,22,4,3,57.82,EASIER
5,28.77,161.11,22,4,2,81.02,EASIER
3,27.92,103.28,15,3,1,78.87,SAME
5,26.27,235.26,24,6,4,61.53,EASIER
4,29.78,181.08,20,5,2,77.05,EASIER
3,32.05,117.05,13,1,0,63.73,SAME
5,27.3,216.25,24,6,3,75.81,EASIER
5,29.35,244.17,21,3,3,41.65,EASIER
3,28.51,129.1,15,3,1,77.26,SAME
3,25.0,96.38,17,5,1,65.56,HARDER
4,31.16,147.61,17,2,1,83.12,EASIER
1,63.73,49.13,3,1,0,66.6,HARDER
1,100.0,34.43,2,0,0,80.17,HARDER
2,50.11,66.15,6,0,0,72.85,HARDER
4,26.42,146.74,18,3,2,74.49,EASIER
1,32.18,58.95,6,4,1,59.11,SAME
4,29.91,199.29,18,3,2,56.92,EASIER
1,40.47,49.21,5,3,1,40.12,SAME
1,49.42,65.31,4,2,1,40.72,SAME
5,30.36,225.64,22,4,1,67.62,SAME
3,25.0,186.96,16,4,1,74.21,SAME
5,25.0,172.71,24,6,1,55.7,SAME
4,25.0,141.44,18,3,0,86.25,HARDER
5,33.55,136.39,18,0,0,87.32,SAME
2,45.73,65.15,7,1,0,65.66,HARDER
1,100.0,20.86,2,0,0,65.22,HARDER
3,28.71,99.48,13,1,1,84.09,EASIER
2,34.26,86.06,10,4,2,54.91,EASIER
2,46.03,33.38,6,0,0,77.73,HARDER
2,48.11,56.51,6,0,0,100.0,HARDER
5,30.21,300.0,24,6,4,44.27,SAME
3,30.54,108.51,14,2,1,61.86,EASIER
5,30.85,160.27,21,3,1,78.02,SAME
3,29.23,144.59,13,1,0,53.61,SAME
3,30.19,97.5,13,1,0,72.53,HARDER
4,25.0,250.0,29,14,8,25.0,EASIER
1,100.0,44.57,2,0,0,56.4,SAME
1,67.19,33.74,3,1,0,73.1,HARDER
1,68.48,30.02,3,1,0,81.73,HARDER
4,29.54,130.75,16,1,0,69.52,HARDER
5,30.2,163.54,20,2,1,82.6,EASIER
5,33.17,212.74,20,2,1,64.1,EASIER
3,31.32,100.07,16,4,2,78.78,EASIER
4,25.0,213.16,23,8,5,43.01,EASIER
3,37.24,72.01,12,0,0,100.0,HARDER
3,34.72,68.27,12,0,0,81.06,HARDER
3,32.93,75.22,12,0,0,83.13,HARDER
2,52.92,39.12,6,0,0,88.35,HARDER
2,45.98,34.91,6,0,0,78.64,HARDER
1,100.0,30.7,2,0,0,85.59,HARDER
2,25.64,116.67,13,7,3,69.86,EASIER
4,28.59,175.11,17,2,1,79.85,EASIER
3,25.0,210.0,23,11,6,69.95,EASIER
1,99.38,36.2,2,0,0,81.71,SAME
4,27.77,204.5,20,5,4,59.76,EASIER
2,28.41,93.53,11,5,1,58.04,SAME
1,51.38,53.25,4,2,1,53.69,SAME
2,48.55,38.81,6,0,0,94.27,HARDER
5,28.86,133.55,20,2,1,86.42,EASIER
1,40.94,45.37,5,3,0,60.63,SAME
2,36.27,76.3,8,2,1,54.92,EASIER
1,51.06,41.88,4,2,1,74.91,SAME
2,51.46,43.58,6,0,0,100.0,HARDER
5,28.17,213.7,21,3,2,72.14,EASIER
4,35.16,93.07,15,0,0,72.75,HARDER
2,49.88,52.94,6,0,0,82.45,HARDER
2,52.0,30.0,6,0,0,84.76,HARDER
5,28.45,268.9,21,3,1,75.32,EASIER
2,31.52,86.4,9,3,0,70.94,HARDER
5,29.83,154.21,21,3,0,72.54,SAME
4,28.13,157.91,19,4,1,70.8,SAME
1,67.58,46.42,3,1,0,57.6,SAME
4,30.86,107.07,16,1,0,71.73,HARDER
1,51.48,37.3,4,2,0,71.58,HARDER
4,25.0,147.16,17,2,2,75.18,EASIER
3,25.0,136.89,15,3,2,33.64,EASIER
5,27.28,196.78,22,4,3,47.69,EASIER
4,32.39,115.92,16,1,0,100.0,HARDER
4,32.09,166.76,16,1,1,56.9,EASIER
4,30.41,159.03,18,3,0,88.13,HARDER
2,40.32,74.96,7,1,1,58.05,EASIER
2,50.48,54.21,6,0,0,77.95,HARDER
1,94.94,23.01,2,0,0,87.26,HARDER
5,26.44,244.01,21,3,2,37.77,EASIER
1,74.06,37.03,3,1,0,78.11,HARDER
3,34.95,96.6,13,1,0,63.44,SAME
1,67.07,43.86,3,1,0,47.18,SAME
1,35.71,54.02,6,4,2,69.29,SAME
1,100.0,29.11,2,0,0,74.68,HARDER
2,53.69,63.98,6,0,0,84.3,HARDER
1,97.45,29.46,2,0,0,61.18,SAME
5,29.27,159.38,18,0,0,57.71,SAME
2,46.29,80.22,7,1,0,100.0,HARDER
2,49.32,47.02,6,0,0,100.0,HARDER
5,26.53,248.18,21,3,1,53.43,EASIER
5,25.0,300.0,25,7,5,48.46,EASIER
2,40.76,81.54,8,2,0,94.56,HARDER
2,47.37,30.0,7,1,0,78.15,HARDER
2,34.22,66.43,9,3,0,69.26,HARDER
2,25.0,60.73,9,3,1,81.6,SAME
4,26.15,212.24,19,4,4,46.68,EASIER
1,98.5,25.58,2,0,0,85.63,HARDER
5,28.28,236.53,23,5,4,50.18,EASIER
2,53.39,55.43,6,0,0,100.0,HARDER
4,37.55,194.24,16,1,1,45.04,EASIER
3,28.21,130.15,14,2,1,68.98,EASIER
2,32.88,64.98,9,3,2,83.8,EASIER
4,25.0,219.47,20,5,5,64.29,EASIER
2,41.54,69.55,7,1,0,64.86,SAME
3,26.84,75.79,13,1,1,54.2,EASIER
2,44.0,65.52,7,1,0,63.11,SAME
2,45.02,65.83,7,1,0,78.82,HARDER
2,39.32,51.52,7,1,0,72.16,HARDER
2,37.24,88.03,8,2,0,37.7,SAME
3,32.45,141.43,13,1,1,71.76,EASIER
5,29.24,191.67,18,0,0,74.81,SAME
5,25.3,300.0,22,4,3,55.87,EASIER
4,25.0,250.0,20,5,3,40.69,EASIER
1,98.47,25.21,2,0,0,59.17,SAME
2,48.3,36.34,6,0,0,71.57,HARDER
3,27.05,106.96,14,2,1,61.93,EASIER
2,45.87,63.81,7,1,0,67.68,HARDER
4,30.47,133.97,16,1,0,83.8,HARDER
4,25.0,135.11,19,4,2,48.39,EASIER
4,31.77,166.33,16,1,1,66.69,EASIER
1,38.39,42.29,5,3,1,62.4,SAME
1,100.0,35.96,2,0,0,100.0,HARDER
4,25.0,187.69,24,9,4,43.63,EASIER
1,98.46,24.64,2,0,0,89.17,HARDER
1,99.86,23.73,2,0,0,92.81,HARDER
5,29.23,250.63,20,2,0,51.36,EASIER
4,30.01,148.04,19,4,0,67.67,HARDER
4,25.0,161.46,19,4,2,57.19,EASIER
1,96.66,20.0,2,0,0,82.5,HARDER
1,49.5,24.99,4,2,0,67.44,HARDER
4,39.39,125.66,15,0,0,75.8,HARDER
5,30.69,286.61,23,5,3,56.39,EASIER
3,33.31,99.04,13,1,0,86.85,HARDER
5,25.0,288.57,23,5,2,44.04,EASIER
5,32.05,167.75,20,2,0,69.75,SAME
2,25.0,124.47,12,6,2,50.99,EASIER
1,96.17,50.03,2,0,0,78.07,HARDER
4,25.0,241.6,18,3,1,30.97,EASIER
1,100.0,44.8,2,0,0,90.63,HARDER
4,33.2,156.65,16,1,0,47.95,SAME
1,96.3,42.33,2,0,0,63.61,SAME
2,31.39,90.6,10,4,0,65.07,HARDER
5,32.19,187.85,19,1,1,58.94,EASIER
5,31.28,202.49,21,3,1,77.61,SAME
4,40.76,86.82,15,0,0,79.3,HARDER
3,36.52,110.37,13,1,0,59.91,SAME
4,25.0,182.36,16,1,0,46.01,SAME
2,50.76,58.63,6,0,0,65.91,HARDER
4,33.49,96.42,16,1,0,86.14,HARDER
2,37.41,86.35,9,3,0,58.13,SAME
3,38.9,122.43,13,1,0,71.85,HARDER
3,25.42,145.05,14,2,0,51.89,SAME
3,27.47,133.93,14,2,2,55.2,EASIER
3,25.0,138.33,15,3,0,54.78,SAME
1,99.53,20.0,2,0,0,100.0,HARDER
5,31.16,164.15,19,1,1,81.14,EASIER
5,25.77,192.28,21,3,1,58.85,EASIER
5,36.25,176.54,18,0,0,74.84,EASIER
4,25.87,171.87,17,2,0,78.28,HARDER
5,25.0,300.0,22,4,4,36.79,EASIER
1,51.58,54.52,4,2,0,79.86,HARDER
5,27.62,183.46,20,2,0,67.51,SAME
4,25.0,230.88,20,5,3,36.72,EASIER
5,31.99,124.06,19,1,0,59.74,SAME
5,25.0,212.59,22,4,0,60.57,SAME
4,27.7,190.29,19,4,2,67.67,EASIER
4,37.33,119.27,15,0,0,86.69,HARDER
2,38.4,79.08,7,1,1,68.78,EASIER
1,41.31,47.99,5,3,1,83.58,SAME
5,27.92,156.25,19,1,0,73.98,SAME
5,32.63,217.35,25,7,2,74.87,SAME
2,44.12,78.53,6,0,0,77.3,HARDER
5,29.93,237.27,21,3,2,58.91,EASIER
4,26.78,128.07,17,2,0,71.9,HARDER
4,30.33,153.28,17,2,0,68.46,HARDER
2,28.16,120.62,10,4,1,46.39,SAME
3,25.58,93.63,12,0,0,80.28,HARDER
5,32.81,167.5,19,1,0,72.83,SAME
5,29.36,161.23,22,4,1,86.77,SAME
4,31.57,136.32,16,1,0,74.22,HARDER
5,25.05,261.8,25,7,4,77.68,EASIER
4,25.0,196.4,19,4,3,53.46,EASIER
1,68.18,56.5,3,1,1,62.17,SAME
4,26.52,167.33,18,3,1,63.37,SAME
2,51.75,41.94,6,0,0,70.58,HARDER
5,27.92,232.96,21,3,1,66.57,EASIER
5,29.6,140.74,19,1,1,65.3,EASIER
1,71.24,45.69,3,1,0,69.34,HARDER
4,32.34,143.24,16,1,0,60.2,SAME
2,52.26,87.13,6,0,0,68.9,HARDER
5,26.49,265.32,23,5,3,67.75,EASIER
3,25.24,121.02,15,3,1,69.54,SAME
4,25.74,151.18,18,3,3,59.12,EASIER
1,100.0,21.27,2,0,0,83.86,HARDER
4,25.07,179.11,20,5,4,85.6,EASIER
4,32.74,97.02,15,0,0,69.28,HARDER
3,35.78,163.98,13,1,1,59.61,EASIER
1,98.93,29.4,2,0,0,78.15,HARDER
4,30.72,91.03,16,1,0,98.75,HARDER
3,25.0,133.41,16,4,1,55.5,SAME
4,25.89,178.77,17,2,1,66.85,EASIER
3,25.0,164.06,19,7,4,77.54,EASIER
4,25.04,189.75,17,2,1,81.32,EASIER
2,49.1,48.21,6,0,0,87.02,HARDER
3,25.0,186.38,17,5,1,57.1,EASIER
4,31.7,152.1,16,1,0,51.07,SAME
2,42.94,52.23,7,1,0,84.1,HARDER
4,25.0,199.14,20,5,1,64.17,SAME
2,55.64,33.18,6,0,0,70.92,HARDER
5,26.18,198.38,21,3,3,70.45,EASIER
5,29.51,143.32,19,1,1,73.21,EASIER
2,51.92,30.0,6,0,0,87.78,HARDER
3,26.52,88.92,15,3,0,78.53,HARDER
2,25.0,115.66,15,9,4,46.97,EASIER
3,25.0,122.64,16,4,3,63.42,EASIER
5,27.45,208.59,22,4,2,93.91,EASIER
1,100.0,38.86,2,0,0,65.53,HARDER
5,25.0,223.97,25,7,2,60.47,SAME
5,32.11,227.89,19,1,1,74.89,EASIER
2,40.65,66.06,7,1,0,69.94,HARDER
5,27.21,240.27,22,4,3,35.12,EASIER
2,49.78,49.43,6,0,0,78.61,HARDER
1,100.0,30.59,2,0,0,76.26,HARDER
3,28.47,86.6,14,2,1,82.9,EASIER
3,25.0,109.83,17,5,3,52.47,EASIER
4,31.52,147.01,15,0,0,88.87,HARDER
1,100.0,38.54,2,0,0,50.55,SAME
3,25.0,138.13,15,3,1,66.69,SAME
2,50.04,74.78,7,1,1,62.01,EASIER
5,25.77,194.9,24,6,5,79.65,EASIER
5,25.0,300.0,25,7,4,66.99,EASIER
2,47.65,38.65,6,0,0,96.41,HARDER
2,46.44,65.89,6,0,0,87.43,HARDER
5,28.37,243.17,24,6,4,52.05,EASIER
2,25.16,120.3,11,5,3,67.63,EASIER
4,29.58,128.43,17,2,0,60.6,SAME
5,32.32,234.43,22,4,3,50.27,EASIER
4,25.0,159.8,19,4,0,59.85,SAME
4,25.0,216.46,20,5,3,44.0,EASIER
1,64.52,30.92,3,1,1,76.53,SAME
1,67.59,37.16,3,1,0,62.7,SAME
3,26.53,135.67,15,3,1,31.23,EASIER
2,30.74,62.76,9,3,0,58.25,SAME
2,34.78,74.07,8,2,2,82.04,EASIER
2,53.54,67.13,6,0,0,61.48,SAME
5,25.0,300.0,24,6,5,43.99,EASIER
3,25.85,97.11,14,2,0,61.81,SAME
5,32.08,138.94,19,1,1,73.49,EASIER
3,30.99,84.96,13,1,1,82.49,EASIER
4,31.87,128.87,18,3,2,71.94,EASIER
4,32.51,122.43,16,1,0,83.23,HARDER
2,49.77,51.78,6,0,0,100.0,HARDER
2,53.63,45.27,6,0,0,96.5,HARDER
3,25.3,180.45,16,4,3,53.81,EASIER
3,25.0,105.4,14,2,0,69.13,HARDER
1,61.91,48.71,3,1,1,53.7,SAME
2,32.76,77.27,9,3,0,70.33,HARDER
4,33.14,128.04,15,0,0,78.07,HARDER
1,64.98,26.23,3,1,0,58.62,SAME
4,32.79,90.07,15,0,0,72.97,HARDER
3,33.35,82.36,12,0,0,76.01,HARDER
5,33.98,189.03,21,3,3,46.92,EASIER
2,41.85,71.22,8,2,0,64.05,SAME
1,64.9,26.97,3,1,0,66.37,HARDER
1,44.56,43.41,5,3,0,45.91,SAME
2,31.84,128.93,11,5,2,34.81,EASIER
4,32.45,159.19,17,2,1,60.46,EASIER
5,31.31,117.65,19,1,0,84.1,SAME
1,30.91,71.45,6,4,1,63.54,SAME
4,27.87,155.74,18,3,0,59.78,SAME
3,35.04,82.47,12,0,0,86.79,HARDER
2,40.74,103.63,7,1,0,53.15,SAME
3,25.0,148.16,16,4,1,76.68,SAME
1,100.0,37.28,2,0,0,60.38,SAME
5,26.16,300.0,28,10,7,41.56,EASIER
2,41.5,77.4,7,1,0,69.62,HARDER
3,30.66,154.26,13,1,0,50.42,SAME
3,29.45,176.22,14,2,1,35.99,EASIER
3,26.67,129.12,13,1,0,78.56,HARDER
5,31.79,220.78,22,4,3,45.78,EASIER
5,25.0,257.19,23,5,3,42.08,EASIER
3,25.45,71.62,14,2,1,78.0,EASIER
1,96.27,29.06,2,0,0,100.0,HARDER
4,33.68,130.77,17,2,1,64.37,EASIER
3,28.63,136.63,14,2,2,53.51,EASIER
5,25.0,184.45,20,2,0,70.04,SAME
1,100.0,21.96,2,0,0,82.68,HARDER
2,56.25,65.25,6,0,0,74.38,HARDER
4,25.0,227.27,22,7,4,37.91,EASIER
1,26.82,75.77,7,5,3,35.41,SAME
2,47.66,74.14,6,0,0,65.72,HARDER
1,100.0,26.85,2,0,0,64.74,SAME
1,100.0,24.04,2,0,0,79.93,HARDER
2,48.08,34.67,6,0,0,100.0,HARDER
3,25.0,145.71,16,4,2,42.72,EASIER
1,31.77,77.59,7,5,1,59.68,SAME
4,35.45,156.77,16,1,0,78.01,HARDER
2,32.28,118.6,10,4,2,45.87,EASIER
4,30.32,130.67,17,2,2,87.24,EASIER
5,27.05,226.96,24,6,2,81.73,SAME
1,64.41,48.4,3,1,0,73.69,HARDER
2,51.83,35.17,6,0,0,65.32,HARDER
3,31.48,117.25,12,0,0,39.11,SAME
5,29.49,273.16,24,6,3,77.56,EASIER
3,32.67,80.53,13,1,1,91.53,EASIER
1,100.0,20.0,2,0,0,62.18,SAME
5,29.14,285.84,22,4,2,38.69,EASIER
4,30.56,158.03,19,4,3,59.08,EASIER
1,99.1,24.79,2,0,0,60.98,SAME
5,31.3,156.48,18,0,0,85.75,SAME
2,26.8,80.19,10,4,1,48.81,SAME
2,36.97,82.27,8,2,0,60.78,SAME
1,39.17,67.27,5,3,1,51.26,SAME
5,28.47,187.7,19,1,1,83.61,EASIER
5,26.83,221.3,24,6,3,54.55,EASIER
3,32.17,87.77,12,0,0,71.98,HARDER
5,28.01,300.0,25,7,4,40.22,EASIER
2,42.88,37.49,6,0,0,99.16,HARDER
1,68.98,41.65,3,1,0,91.43,HARDER
5,31.06,131.62,20,2,1,84.56,EASIER
1,63.37,27.43,3,1,0,80.01,HARDER
1,41.88,75.9,5,3,2,54.76,SAME
1,100.0,21.19,2,0,0,91.7,HARDER
2,41.83,58.29,8,2,0,77.17,HARDER
5,25.12,217.49,23,5,1,38.9,SAME
2,33.73,64.84,10,4,0,71.41,HARDER
3,29.79,133.56,17,5,1,72.36,HARDER
2,49.71,59.68,6,0,0,76.57,HARDER
2,38.34,42.67,7,1,1,71.44,EASIER
1,70.04,29.11,3,1,0,88.36,HARDER
4,31.3,203.39,18,3,2,63.64,EASIER
1,66.93,29.2,3,1,0,84.37,HARDER
4,28.5,183.04,19,4,2,55.48,EASIER
5,31.89,243.54,21,3,3,88.77,EASIER
5,25.0,179.57,22,4,3,99.39,EASIER
1,100.0,25.63,2,0,0,72.46,HARDER
1,98.81,36.68,2,0,0,90.74,HARDER
2,36.44,86.66,8,2,0,79.28,HARDER
3,25.0,147.54,15,3,1,89.26,SAME
1,55.45,71.57,4,2,2,40.85,SAME
3,25.0,170.96,17,5,3,47.39,EASIER
1,100.0,20.0,2,0,0,91.0,HARDER
2,29.55,90.41,10,4,2,69.75,EASIER
2,36.49,85.5,8,2,0,76.02,HARDER
4,31.01,140.8,18,3,1,73.92,EASIER
5,25.0,300.0,25,7,6,30.57,EASIER
2,45.49,37.97,7,1,0,80.21,HARDER
3,25.0,146.28,15,3,2,67.53,EASIER
1,100.0,20.0,2,0,0,100.0,HARDER
1,70.58,31.66,3,1,0,78.28,HARDER
1,97.19,40.0,2,0,0,79.13,HARDER
1,61.49,29.74,3,1,0,83.97,HARDER
1,70.84,44.43,3,1,0,71.76,HARDER
3,27.02,155.74,16,4,3,68.96,EASIER
5,26.19,194.95,22,4,3,56.49,EASIER
5,29.0,155.28,19,1,1,76.04,EASIER
1,95.55,25.52,2,0,0,98.36,HARDER
2,54.4,41.67,6,0,0,88.54,HARDER
2,32.63,72.2,9,3,1,81.48,SAME
1,39.79,44.38,5,3,0,78.38,HARDER
5,31.06,132.17,19,1,0,71.48,SAME
3,32.11,150.02,15,3,2,53.68,EASIER
2,42.87,67.0,7,1,0,68.06,HARDER
3,25.0,210.0,18,6,4,40.74,EASIER
1,43.18,73.24,5,3,0,53.77,SAME
3,30.62,133.92,14,2,0,48.84,SAME
4,25.0,179.29,22,7,3,54.82,EASIER
1,65.2,45.13,3,1,0,45.59,SAME
5,31.18,188.17,19,1,1,79.41,EASIER
2,31.99,100.11,10,4,3,65.96,EASIER
5,30.42,247.69,21,3,2,57.14,EASIER
2,41.05,80.76,8,2,1,61.07,EASIER
2,41.78,39.0,7,1,0,81.1,HARDER
5,33.17,260.84,18,0,0,52.09,EASIER
5,35.99,286.28,21,3,2,37.36,EASIER
4,30.99,212.2,20,5,2,64.79,EASIER
2,28.35,52.69,10,4,0,59.58,SAME
4,25.0,226.74,21,6,2,41.74,EASIER
3,28.96,145.16,15,3,2,62.64,EASIER
2,48.22,35.55,6,0,0,100.0,HARDER
4,33.9,151.63,16,1,0,70.33,HARDER
1,62.6,37.97,3,1,0,77.11,HARDER
4,28.96,158.1,18,3,0,57.4,SAME
3,29.82,98.59,14,2,1,80.99,EASIER
3,29.77,94.28,14,2,1,64.95,EASIER
3,26.64,131.19,15,3,0,90.32,HARDER
3,27.46,194.59,17,5,3,50.19,EASIER
3,25.0,191.55,20,8,2,44.52,EASIER
5,25.0,259.27,25,7,4,52.92,EASIER
2,52.4,61.26,6,0,0,90.04,HARDER
2,50.58,57.55,6,0,0,85.13,HARDER
5,27.28,131.94,22,4,2,63.24,EASIER
4,25.0,250.0,24,9,7,54.68,EASIER
1,99.24,34.62,2,0,0,98.74,HARDER
1,39.1,39.04,5,3,1,71.49,SAME
2,33.9,102.55,9,3,1,55.39,SAME
1,64.11,39.36,3,1,0,71.03,HARDER
4,25.0,240.67,23,8,5,52.41,EASIER
1,95.39,20.0,2,0,0,77.62,HARDER
4,25.73,183.99,21,6,3,67.09,EASIER
1,69.61,39.14,3,1,1,80.03,SAME
1,50.26,22.55,4,2,0,73.79,HARDER
1,99.74,40.94,2,0,0,81.3,HARDER
4,30.69,104.65,16,1,0,72.18,HARDER
2,36.39,82.73,8,2,1,52.99,EASIER
3,28.14,90.31,12,0,0,100.0,HARDER
5,25.0,241.87,23,5,3,56.27,EASIER
4,25.0,250.0,22,7,4,54.17,EASIER
4,28.94,168.83,17,2,0,55.73,SAME
4,28.27,184.98,20,5,4,67.94,EASIER
4,34.46,122.51,15,0,0,67.72,HARDER
5,25.0,163.35,21,3,1,64.84,SAME
5,27.67,190.01,24,6,4,44.96,EASIER
1,97.28,20.0,2,0,0,89.15,HARDER
3,28.07,147.91,16,4,1,62.14,SAME
2,41.16,53.04,7,1,0,79.49,HARDER
3,25.0,159.7,21,9,7,43.94,EASIER
5,35.74,105.97,18,0,0,81.45,SAME
1,100.0,29.49,2,0,0,100.0,HARDER
1,34.64,75.21,6,4,2,66.38,SAME
4,32.51,143.02,17,2,1,65.41,EASIER
2,41.32,68.01,7,1,1,64.63,EASIER
4,31.27,144.05,17,2,1,52.06,EASIER
1,55.92,30.48,4,2,0,65.4,HARDER
5,31.28,157.44,18,0,0,100.0,SAME
4,31.28,96.18,16,1,0,81.95,HARDER
1,39.75,61.52,5,3,0,61.32,SAME
1,95.02,35.07,2,0,0,84.84,HARDER
1,100.0,36.22,2,0,0,57.34,EASIER
1,97.43,27.67,2,0,0,83.61,HARDER
1,66.99,47.07,3,1,1,82.06,SAME
5,26.85,193.23,23,5,3,60.06,EASIER
1,99.04,27.99,2,0,0,54.21,SAME
4,30.78,133.69,18,3,0,74.49,HARDER
5,25.52,259.34,21,3,1,49.41,EASIER
2,38.4,51.78,7,1,0,95.03,HARDER
1,34.34,58.16,6,4,1,35.9,SAME
1,94.17,28.43,2,0,0,86.88,SAME
1,98.99,40.42,2,0,0,59.46,SAME
1,53.36,44.58,4,2,2,84.04,SAME
5,25.0,300.0,24,6,5,45.47,EASIER
2,41.8,57.28,7,1,0,70.44,HARDER
1,100.0,20.0,2,0,0,99.47,HARDER
5,25.14,300.0,25,7,6,46.9,EASIER
2,50.84,42.59,6,0,0,86.53,HARDER
3,29.89,95.78,13,1,1,80.08,EASIER
1,96.67,33.56,2,0,0,85.51,HARDER
1,64.83,45.95,3,1,0,61.56,SAME
2,34.2,99.83,8,2,0,27.84,SAME
4,29.67,148.12,17,2,0,58.56,SAME
2,32.99,65.27,9,3,1,72.35,SAME
1,100.0,44.27,2,0,0,46.13,SAME
5,31.04,246.47,22,4,3,45.05,EASIER
3,29.65,110.25,12,0,0,79.1,HARDER
4,29.8,115.66,16,1,1,65.57,EASIER
3,34.6,81.96,14,2,0,68.79,HARDER
4,30.54,134.72,17,2,0,73.32,HARDER
4,33.57,129.37,15,0,0,58.53,SAME
2,52.03,43.41,6,0,0,73.9,HARDER
3,25.0,144.03,15,3,1,58.39,SAME
1,100.0,22.81,2,0,0,85.91,HARDER
4,28.1,130.75,18,3,0,69.59,HARDER
3,25.0,210.0,23,11,5,26.97,EASIER
1,100.0,28.07,2,0,0,87.39,HARDER
1,47.17,55.1,4,2,1,72.08,SAME
5,29.72,289.88,22,4,4,45.41,EASIER
1,99.2,42.09,2,0,0,44.57,SAME
3,27.81,118.89,13,1,0,69.72,HARDER
4,28.86,177.22,19,4,2,74.47,EASIER
3,29.8,141.75,15,3,2,54.88,EASIER
4,28.93,242.82,17,2,1,42.6,EASIER
1,98.08,26.32,2,0,0,85.56,HARDER
4,28.52,154.46,19,4,0,48.14,SAME
5,33.89,191.32,20,2,2,78.82,EASIER
4,25.0,205.65,25,10,4,57.14,EASIER
2,25.0,89.58,10,4,1,49.18,SAME
5,28.24,300.0,25,7,6,36.61,EASIER
3,31.8,147.91,13,1,1,64.81,EASIER
1,51.97,61.38,4,2,2,64.22,SAME
1,100.0,20.0,2,0,0,82.27,HARDER
5,30.6,114.68,21,3,0,81.91,SAME
2,40.92,70.67,7,1,0,53.18,SAME
5,30.72,171.61,21,3,2,60.8,EASIER
2,45.69,76.73,8,2,1,48.64,EASIER
3,25.74,90.84,15,3,0,83.04,HARDER
1,68.24,49.07,3,1,0,58.1,SAME
5,27.13,156.11,22,4,1,79.03,SAME
3,36.32,79.31,12,0,0,76.47,HARDER
5,29.44,289.17,23,5,2,72.16,EASIER
1,100.0,45.54,2,0,0,63.74,SAME
4,25.0,250.0,21,6,4,41.63,EASIER
1,54.19,33.84,4,2,0,57.26,SAME
5,28.94,147.38,20,2,0,70.52,SAME
2,53.07,52.56,6,0,0,77.8,HARDER
4,34.05,154.26,16,1,0,77.57,HARDER
2,46.25,51.98,6,0,0,65.25,HARDER
2,49.04,62.98,6,0,0,77.78,HARDER
4,29.8,133.81,16,1,0,73.74,HARDER
2,41.6,41.59,7,1,0,64.66,SAME
1,48.34,42.21,4,2,0,58.37,SAME
3,30.65,99.23,12,0,0,90.86,HARDER
5,30.56,143.91,19,1,1,89.27,EASIER
1,40.84,52.26,5,3,0,43.29,SAME
4,25.04,150.12,20,5,3,68.61,EASIER
5,29.0,215.94,20,2,0,71.34,SAME
2,46.68,61.17,6,0,0,62.32,SAME
3,25.0,103.72,16,4,1,70.19,SAME
5,30.53,196.55,19,1,1,73.32,EASIER
3,28.27,127.5,13,1,1,87.21,EASIER
2,47.33,51.6,6,0,0,80.45,HARDER
1,67.91,30.24,3,1,0,67.57,HARDER
4,32.24,146.67,16,1,0,51.59,SAME
4,25.44,214.74,22,7,6,74.14,EASIER
1,54.58,60.06,4,2,1,59.61,SAME
1,68.62,42.22,3,1,0,56.09,SAME
2,49.85,57.74,7,1,0,68.15,HARDER
2,33.46,64.28,9,3,0,75.41,HARDER
5,25.0,198.38,25,7,4,59.74,EASIER
2,50.53,54.69,6,0,0,79.61,HARDER
5,26.17,179.22,21,3,1,74.13,SAME
5,27.5,215.14,21,3,0,48.26,SAME
4,26.71,183.07,17,2,2,73.31,EASIER
5,33.36,184.78,20,2,2,76.24,EASIER
4,32.13,130.8,17,2,1,97.31,EASIER
5,25.0,203.84,20,2,2,49.02,EASIER
2,51.73,47.19,6,0,0,76.32,HARDER
4,32.3,152.21,18,3,1,77.48,SAME
1,49.73,62.12,4,2,1,50.2,SAME
5,27.78,152.65,26,8,1,88.59,SAME
2,26.73,114.77,12,6,3,53.38,EASIER
5,31.29,145.74,19,1,1,71.3,EASIER
5,29.06,181.41,20,2,1,82.08,EASIER
5,27.17,265.25,23,5,2,45.42,EASIER
3,34.74,141.55,13,1,0,48.65,SAME
5,27.19,161.64,19,1,0,85.07,SAME
3,36.74,130.92,12,0,0,55.56,SAME
4,28.95,141.39,19,4,2,57.24,EASIER
1,35.43,75.31,5,3,2,81.36,SAME
2,40.97,74.51,8,2,1,63.75,EASIER
5,28.6,244.78,20,2,2,73.42,EASIER
1,98.09,20.0,2,0,0,77.73,HARDER
3,25.0,187.49,16,4,3,45.36,EASIER
4,35.6,113.35,15,0,0,83.14,HARDER
2,34.38,114.88,9,3,1,61.96,SAME
2,27.77,137.87,10,4,4,31.43,EASIER
1,49.78,58.29,4,2,0,59.68,SAME
4,25.0,249.59,21,6,3,53.55,EASIER
3,25.0,172.77,16,4,2,55.52,EASIER
1,100.0,39.32,2,0,0,86.27,HARDER
4,25.0,200.57,21,6,2,60.67,EASIER
1,48.88,36.71,4,2,0,61.22,SAME
1,51.27,47.29,4,2,1,51.9,SAME
4,28.91,207.24,19,4,3,55.44,EASIER
2,49.1,30.44,6,0,0,58.92,SAME
3,28.0,152.45,15,3,0,58.88,SAME
2,43.94,56.21,7,1,0,62.63,SAME
5,25.0,165.16,21,3,0,68.44,SAME
5,28.82,260.53,22,4,3,78.19,EASIER
4,25.71,151.47,18,3,3,58.6,EASIER
4,29.75,147.23,16,1,0,79.63,HARDER
1,70.45,20.0,3,1,0,85.12,HARDER
2,43.65,48.7,7,1,1,68.5,EASIER
1,73.29,36.58,3,1,0,78.35,HARDER
3,32.16,110.07,12,0,0,82.85,HARDER
3,36.16,119.35,13,1,0,70.08,HARDER
5,27.36,245.9,24,6,4,57.97,EASIER
2,38.3,74.89,9,3,0,69.69,HARDER
2,44.55,55.06,7,1,1,84.87,EASIER
2,53.63,42.16,6,0,0,90.54,HARDER
2,25.66,133.93,13,7,4,34.51,EASIER
3,35.69,85.06,12,0,0,77.24,HARDER
3,29.11,101.07,13,1,0,62.65,SAME
5,25.0,276.07,24,6,3,60.48,EASIER
2,28.48,93.48,9,3,1,53.57,SAME
5,25.0,177.19,24,6,2,66.46,SAME
5,25.84,190.5,22,4,1,67.95,SAME
5,27.17,137.05,21,3,1,100.0,SAME
1,100.0,20.0,2,0,0,91.61,HARDER
4,27.31,97.61,17,2,1,67.95,EASIER
2,44.65,66.42,7,1,0,75.6,HARDER
2,53.28,76.92,6,0,0,62.2,SAME
4,25.0,180.54,19,4,0,42.34,SAME
5,29.75,258.07,21,3,2,73.49,EASIER
4,32.75,182.09,17,2,2,71.33,EASIER
2,39.14,86.92,8,2,0,77.9,HARDER
3,33.58,100.85,12,0,0,71.06,HARDER
5,28.29,194.26,22,4,3,77.53,EASIER
2,35.62,79.72,8,2,2,72.42,EASIER
2,53.07,51.32,6,0,0,87.44,HARDER
5,25.0,300.0,24,6,1,33.87,EASIER
5,25.0,269.56,22,4,3,44.1,EASIER
5,27.93,167.84,21,3,2,78.3,EASIER
3,25.0,171.09,16,4,3,75.88,EASIER
2,48.38,74.04,6,0,0,78.8,HARDER
4,33.43,97.44,15,0,0,98.54,SAME
1,71.13,31.07,3,1,1,80.75,SAME
4,31.17,154.5,17,2,0,80.4,HARDER
5,31.65,168.98,19,1,1,64.25,EASIER
4,25.0,138.38,18,3,2,77.4,EASIER
2,47.56,36.81,6,0,0,78.94,HARDER
3,33.43,104.17,13,1,1,65.4,EASIER
3,25.0,192.31,16,4,3,49.79,EASIER
5,31.18,300.0,22,4,4,62.03,EASIER
1,32.0,58.84,6,4,0,53.84,SAME
3,25.0,118.51,18,6,2,52.42,EASIER
1,69.28,51.2,3,1,1,78.54,SAME
1,51.23,39.67,4,2,0,64.66,SAME
2,37.12,72.87,9,3,3,54.68,EASIER
5,26.69,145.15,18,0,0,95.98,SAME
2,51.93,46.27,6,0,0,88.93,HARDER
4,25.0,174.36,19,4,2,59.66,EASIER
1,42.41,57.74,5,3,0,40.75,SAME
3,25.99,169.36,16,4,3,53.61,EASIER
2,43.38,50.71,7,1,0,81.5,HARDER
5,25.0,300.0,25,7,5,70.45,EASIER
1,63.22,50.41,3,1,1,65.62,SAME
2,40.99,70.32,7,1,0,62.25,SAME
2,44.03,67.88,6,0,0,80.3,HARDER
5,27.98,190.16,21,3,3,48.01,EASIER
2,35.32,78.84,8,2,1,60.69,EASIER
1,68.63,24.27,3,1,0,73.12,EASIER
2,36.75,64.75,9,3,1,58.09,SAME
2,32.8,95.32,9,3,1,39.22,EASIER
3,31.27,116.51,12,0,0,76.64,HARDER
4,25.0,238.24,22,7,4,38.32,EASIER
3,33.05,129.85,14,2,2,68.87,EASIER
1,99.55,36.13,2,0,0,69.48,HARDER
3,31.83,74.75,13,1,1,95.31,EASIER
1,40.52,71.7,6,4,1,73.55,SAME
4,25.0,158.26,18,3,3,74.06,EASIER
4,27.71,208.34,18,3,3,37.56,EASIER
1,99.78,21.57,2,0,0,100.0,HARDER
3,32.81,87.72,13,1,0,85.23,HARDER
3,27.06,68.79,12,0,0,92.33,HARDER
3,28.6,102.68,13,1,0,94.18,HARDER
5,25.74,169.62,25,7,1,69.91,SAME
3,27.68,124.14,15,3,1,65.03,HARDER
4,37.28,103.65,17,2,2,73.37,EASIER
1,100.0,20.0,2,0,0,91.06,HARDER
3,35.56,74.02,12,0,0,67.13,HARDER
4,27.02,250.0,21,6,3,51.0,EASIER
2,38.31,76.86,8,2,0,69.99,HARDER
4,25.0,181.95,20,5,3,47.25,EASIER
5,25.0,267.76,23,5,4,55.41,EASIER
2,26.4,131.05,14,8,4,36.91,EASIER
2,42.74,63.05,8,2,1,79.83,EASIER
2,53.36,67.21,6,0,0,75.09,HARDER
1,68.49,20.0,3,1,0,72.17,HARDER
3,25.0,208.4,19,7,3,35.78,HARDER
4,26.88,116.85,18,3,1,74.62,SAME
3,25.0,138.39,16,4,1,47.76,SAME
4,31.8,133.69,16,1,1,96.58,EASIER
1,70.35,46.86,3,1,0,49.92,HARDER
4,31.8,87.67,15,0,0,100.0,HARDER
4,34.33,152.98,15,0,0,63.61,SAME
2,31.9,129.82,11,5,3,45.74,EASIER
2,45.48,53.65,6,0,0,79.85,HARDER
3,32.99,108.88,13,1,0,71.13,HARDER
3,25.52,86.16,14,2,0,66.69,HARDER
4,32.3,169.49,16,1,1,90.53,EASIER
4,35.74,122.69,15,0,0,83.83,HARDER
2,41.84,77.16,7,1,1,71.81,EASIER
1,98.15,20.0,2,0,0,90.18,HARDER
2,25.0,160.0,16,10,7,33.41,EASIER
5,29.81,260.24,21,3,2,51.07,EASIER
2,42.33,61.42,7,1,0,73.87,HARDER
1,40.79,52.66,5,3,0,55.89,SAME
2,53.15,39.43,6,0,0,80.56,HARDER
4,25.0,250.0,25,10,3,49.9,EASIER
2,25.0,111.38,11,5,1,51.38,SAME
2,50.61,84.33,6,0,0,78.76,HARDER
3,31.42,122.8,13,1,0,72.08,HARDER
1,54.52,56.55,4,2,1,50.4,SAME
2,51.99,53.36,6,0,0,72.25,HARDER
4,27.04,192.17,21,6,3,53.27,SAME
4,28.37,130.75,17,2,0,74.47,HARDER
4,29.93,140.48,17,2,1,69.75,EASIER
5,25.0,162.56,20,2,0,66.71,SAME
5,25.0,300.0,25,7,7,47.93,EASIER
1,67.87,24.28,3,1,0,65.05,HARDER
1,94.91,20.0,2,0,0,92.72,HARDER
1,96.91,23.12,2,0,0,71.5,HARDER
4,31.71,112.62,16,1,0,66.74,EASIER
4,28.86,196.27,19,4,2,40.06,EASIER
4,37.67,100.02,15,0,0,100.0,SAME
5,30.28,167.84,21,3,0,80.0,SAME
4,25.0,114.18,17,2,1,80.98,EASIER
1,68.77,30.44,3,1,0,69.23,HARDER
3,30.79,72.93,12,0,0,90.36,HARDER
2,33.32,74.55,8,2,0,55.32,SAME
5,25.15,280.52,23,5,2,51.76,EASIER
5,30.64,226.16,20,2,1,37.63,EASIER
4,30.94,181.47,17,2,1,64.21,EASIER
2,34.31,88.12,8,2,1,45.44,EASIER
4,27.87,130.09,16,1,0,69.84,HARDER
3,25.56,116.91,15,3,1,50.98,EASIER
1,99.09,45.99,2,0,0,51.64,SAME
4,28.44,239.97,18,3,2,40.47,EASIER
3,25.0,134.47,14,2,1,58.0,SAME
1,100.0,34.53,2,0,0,68.17,HARDER
3,27.38,84.83,14,2,1,82.37,EASIER
4,37.49,92.11,15,0,0,79.79,EASIER
3,25.0,156.09,16,4,0,61.38,SAME
2,52.0,75.28,7,1,0,79.53,HARDER
3,25.0,161.86,16,4,1,42.73,EASIER
4,25.0,250.0,24,9,6,31.71,EASIER
4,37.27,158.19,18,3,1,67.8,SAME
1,50.38,53.94,4,2,0,48.97,SAME
1,41.89,46.35,4,2,0,80.08,HARDER
2,34.49,57.11,8,2,0,70.77,HARDER
1,100.0,20.0,2,0,0,100.0,HARDER
5,26.56,226.73,23,5,3,57.45,EASIER
1,100.0,31.7,2,0,0,88.63,HARDER
5,25.0,167.95,25,7,2,59.77,SAME
2,46.6,48.08,6,0,0,65.17,HARDER
4,27.5,195.09,18,3,2,56.94,EASIER
1,54.23,32.39,4,2,0,89.96,HARDER
1,70.24,30.25,3,1,0,66.01,HARDER
4,30.71,153.74,18,3,1,77.39,EASIER
3,31.97,85.89,13,1,0,61.78,SAME
1,29.44,44.97,7,5,0,61.1,SAME
5,28.77,180.91,21,3,3,48.65,EASIER
5,31.11,154.04,20,2,1,67.46,EASIER
2,56.17,54.54,6,0,0,68.48,HARDER
5,27.77,177.75,20,2,1,76.65,EASIER
4,27.75,147.4,17,2,0,77.18,HARDER
1,100.0,26.75,2,0,0,98.92,HARDER
1,97.37,20.0,2,0,0,88.45,HARDER
2,36.46,77.72,7,1,1,45.91,EASIER
5,27.83,208.71,21,3,2,71.61,EASIER
3,25.0,171.37,17,5,4,80.97,EASIER
1,100.0,53.75,2,0,0,57.38,SAME
3,27.18,142.7,14,2,2,65.62,EASIER
5,29.22,199.19,21,3,1,83.46,SAME
2,42.23,107.02,7,1,0,55.67,SAME
4,25.0,216.89,23,8,4,49.64,EASIER
2,49.67,33.15,6,0,0,53.26,SAME
1,100.0,32.33,2,0,0,53.29,SAME
3,32.88,93.84,13,1,0,72.02,HARDER
3,40.4,63.62,12,0,0,82.37,HARDER
1,100.0,35.67,2,0,0,63.06,SAME
5,28.45,137.58,20,2,2,85.23,EASIER
1,96.91,20.0,2,0,0,100.0,HARDER
4,25.0,194.31,20,5,2,56.89,EASIER
5,29.99,214.94,21,3,1,63.97,EASIER
5,28.99,163.57,19,1,0,79.41,SAME
4,25.68,110.28,17,2,0,59.77,SAME
3,31.53,97.63,13,1,0,87.83,HARDER
2,35.39,38.32,7,1,0,89.88,HARDER
3,33.13,90.24,12,0,0,89.03,HARDER
3,29.79,120.96,13,1,0,64.66,SAME
2,34.53,77.09,8,2,0,69.94,HARDER
2,53.01,67.84,6,0,0,72.26,HARDER
1,65.82,20.0,3,1,0,68.73,HARDER
3,27.07,101.93,16,4,1,61.35,SAME
1,100.0,44.82,2,0,0,75.03,HARDER
5,26.34,185.8,22,4,1,70.2,SAME
5,26.46,210.99,23,5,4,81.54,EASIER
1,93.64,20.0,2,0,0,98.36,HARDER
5,29.61,140.23,20,2,0,60.36,SAME
5,25.0,223.82,22,4,1,66.83,SAME
2,55.77,58.04,6,0,0,94.45,HARDER
3,31.29,94.91,14,2,0,66.46,HARDER
1,98.95,30.74,2,0,0,87.7,HARDER
1,26.13,106.19,9,7,3,41.19,SAME
2,44.04,69.06,7,1,1,74.29,EASIER
5,30.49,182.66,19,1,1,62.21,EASIER
1,98.59,33.04,2,0,0,100.0,HARDER
2,37.11,93.38,8,2,1,74.03,EASIER
5,29.24,169.13,20,2,1,70.78,EASIER
4,27.63,186.99,19,4,3,63.61,SAME
5,25.0,217.08,22,4,3,56.91,EASIER
5,31.7,178.87,21,3,2,71.1,EASIER
4,33.36,113.7,15,0,0,84.38,HARDER
3,28.02,105.13,16,4,2,77.82,EASIER
1,94.32,28.98,2,0,0,67.82,HARDER
4,25.0,220.72,20,5,5,44.53,EASIER
5,26.1,300.0,25,7,7,31.83,EASIER
5,25.0,178.09,21,3,2,71.32,EASIER
1,97.5,28.6,2,0,0,63.46,SAME
4,28.61,186.52,17,2,1,57.7,EASIER
5,35.46,235.89,19,1,1,69.4,EASIER
1,38.26,63.6,6,4,1,36.33,SAME
5,25.0,196.09,23,5,4,54.64,EASIER
1,100.0,20.0,2,0,0,66.05,HARDER
4,31.16,108.16,15,0,0,79.75,HARDER
4,25.0,250.0,20,5,3,26.65,EASIER
1,100.0,41.3,2,0,0,64.35,SAME
5,25.0,210.25,23,5,0,71.56,SAME
2,34.57,79.28,8,2,1,65.56,EASIER
2,36.91,91.56,8,2,0,58.73,SAME
1,100.0,29.51,2,0,0,84.5,HARDER
2,48.37,60.78,7,1,0,76.84,HARDER
2,48.83,65.02,6,0,0,73.55,HARDER
5,27.32,227.29,22,4,1,65.32,SAME
1,100.0,23.72,2,0,0,75.38,HARDER
1,53.21,66.04,4,2,2,75.44,SAME
3,34.88,69.24,12,0,0,98.82,HARDER
2,51.29,53.65,6,0,0,79.12,HARDER
2,49.12,50.06,6,0,0,89.67,HARDER
3,26.16,83.48,15,3,0,55.22,SAME
3,38.13,64.4,12,0,0,96.32,HARDER
5,31.19,161.27,19,1,1,79.72,EASIER
4,25.0,235.29,21,6,4,50.61,EASIER
5,25.75,156.07,20,2,0,77.94,SAME
3,30.79,105.4,15,3,0,60.11,SAME
2,39.14,70.34,8,2,1,70.81,EASIER
3,32.3,94.84,12,0,0,75.34,HARDER
3,28.26,131.34,14,2,0,54.78,SAME
2,27.72,75.47,9,3,0,67.6,HARDER
5,25.0,198.63,24,6,3,58.4,EASIER
4,25.14,163.38,17,2,2,73.31,EASIER
1,99.32,42.0,2,0,0,71.86,HARDER
5,26.16,174.9,21,3,2,65.07,EASIER
1,35.34,55.33,6,4,1,46.65,SAME
5,26.99,156.34,20,2,1,80.6,EASIER
1,42.3,50.07,4,2,1,59.45,SAME
5,28.51,167.17,21,3,1,71.04,SAME
1,48.85,40.51,4,2,0,72.23,HARDER
3,25.0,169.68,18,6,2,46.64,EASIER
3,27.36,85.67,14,2,0,94.26,HARDER
4,36.38,113.89,15,0,0,79.86,HARDER
2,36.81,112.96,9,3,1,26.16,EASIER
3,25.0,109.03,15,3,2,63.76,EASIER
4,28.83,97.87,17,2,0,92.96,HARDER
5,26.83,171.26,23,5,3,56.1,EASIER
5,33.02,181.74,19,1,0,52.2,SAME
2,43.76,56.6,7,1,0,90.96,HARDER
4,25.0,250.0,21,6,6,50.2,EASIER
5,28.32,239.62,21,3,2,46.1,EASIER
5,35.72,137.71,18,0,0,81.4,SAME
4,25.0,240.01,23,8,3,54.19,EASIER
1,51.84,43.86,4,2,1,49.44,SAME
4,28.12,141.53,19,4,1,54.22,SAME
5,33.05,177.39,23,5,1,53.87,SAME
5,25.0,297.4,25,7,6,30.91,EASIER
3,31.34,65.83,12,0,0,100.0,EASIER
5,25.0,241.22,21,3,1,55.4,EASIER
5,26.67,210.3,23,5,2,71.18,EASIER
3,25.59,109.68,15,3,0,50.6,SAME
1,100.0,20.0,2,0,0,81.82,HARDER
5,25.0,218.73,23,5,3,56.21,EASIER
3,36.45,85.39,12,0,0,61.93,SAME
2,25.0,92.85,10,4,3,52.82,EASIER
2,44.68,63.46,6,0,0,88.47,HARDER
4,32.12,186.68,18,3,2,75.02,EASIER
4,26.98,207.51,19,4,2,48.05,EASIER
3,26.66,94.0,13,1,0,70.75,HARDER
3,27.16,187.73,16,4,2,48.58,EASIER
4,33.29,143.26,15,0,0,81.14,HARDER
2,42.3,70.78,7,1,0,69.38,HARDER
1,43.28,70.59,5,3,2,25.0,SAME
4,25.0,236.13,22,7,5,60.29,EASIER
5,28.05,258.84,24,6,5,54.51,EASIER
4,28.15,160.03,17,2,0,77.54,HARDER
4,33.55,118.86,16,1,0,90.82,EASIER
1,40.83,43.64,5,3,0,73.36,HARDER
1,30.66,50.53,6,4,2,72.18,SAME
2,42.57,77.25,7,1,1,66.07,EASIER
3,30.82,113.83,14,2,0,65.45,HARDER
3,33.41,94.82,12,0,0,76.62,HARDER
4,27.51,132.43,18,3,2,73.6,EASIER
3,25.0,156.22,18,6,4,62.3,EASIER
2,38.97,78.4,7,1,0,58.01,SAME
1,45.58,48.91,4,2,0,72.98,HARDER
4,25.73,122.76,17,2,0,73.18,HARDER
1,55.5,45.88,4,2,0,76.57,HARDER
2,35.04,88.8,9,3,2,53.19,EASIER
5,27.66,193.32,21,3,1,61.71,EASIER
5,32.3,215.56,21,3,2,55.37,EASIER
3,25.86,135.98,15,3,2,66.98,EASIER
3,32.39,91.8,12,0,0,73.1,HARDER
4,27.33,84.11,18,3,0,86.62,HARDER
1,38.44,50.78,5,3,1,80.13,SAME
5,25.0,161.37,21,3,1,72.86,SAME
1,99.46,20.0,2,0,0,82.6,HARDER
3,31.05,86.73,12,0,0,82.83,HARDER
1,100.0,26.42,2,0,0,100.0,HARDER
3,27.93,190.93,15,3,1,52.45,EASIER
3,34.66,127.49,13,1,0,70.7,HARDER
4,28.99,150.21,19,4,2,78.71,EASIER
2,44.96,68.38,7,1,0,62.23,SAME
5,26.5,276.01,22,4,3,38.36,EASIER
2,48.33,62.95,6,0,0,100.0,HARDER
2,25.0,130.44,13,7,5,44.73,EASIER
1,100.0,25.09,2,0,0,67.97,HARDER
3,30.63,123.22,15,3,1,87.0,EASIER
1,97.7,21.95,2,0,0,62.32,SAME
3,27.65,136.54,18,6,4,44.32,EASIER
4,25.0,243.63,20,5,1,68.95,SAME
4,27.03,250.0,21,6,1,60.44,EASIER
4,26.09,132.6,19,4,0,57.86,SAME
1,52.49,38.65,4,2,0,50.96,SAME
5,25.0,213.11,23,5,4,46.81,EASIER
4,25.0,231.72,18,3,1,66.34,EASIER
5,25.58,243.69,21,3,2,62.1,EASIER
5,27.87,178.62,22,4,2,82.79,EASIER
5,28.61,192.81,22,4,2,76.81,EASIER
3,26.94,101.66,15,3,0,73.67,HARDER
4,28.75,107.81,16,1,0,90.75,HARDER
2,46.38,49.07,6,0,0,82.63,HARDER
3,25.0,116.3,17,5,0,55.49,SAME
5,25.14,259.92,21,3,3,65.19,EASIER
2,47.26,63.52,7,1,0,81.79,HARDER
5,28.99,139.22,21,3,2,91.16,EASIER
3,28.65,131.85,16,4,3,79.99,EASIER
4,29.57,157.65,16,1,1,83.44,EASIER
2,36.92,34.77,8,2,0,84.31,HARDER
5,25.4,217.32,21,3,1,65.48,EASIER
5,25.0,192.54,23,5,2,68.73,EASIER
1,100.0,43.47,2,0,0,46.49,EASIER
1,92.63,28.0,2,0,0,66.81,HARDER
2,34.94,87.65,9,3,1,55.51,SAME
4,25.0,183.74,18,3,1,52.38,EASIER
5,25.0,234.62,26,8,5,66.42,EASIER
1,28.83,71.57,7,5,2,52.61,SAME
4,31.41,100.31,17,2,0,84.82,HARDER
3,30.87,73.79,12,0,0,82.1,HARDER
4,31.1,95.7,15,0,0,100.0,HARDER
2,37.97,96.7,9,3,1,67.14,SAME
4,33.54,186.33,18,3,2,58.04,EASIER
1,100.0,20.0,2,0,0,76.66,HARDER
2,25.0,95.27,10,4,2,62.94,EASIER
3,27.01,144.2,13,1,1,81.51,EASIER
5,32.44,162.97,19,1,0,48.24,SAME
4,27.19,169.79,19,4,3,86.31,EASIER
1,100.0,23.72,2,0,0,88.84,HARDER
2,44.66,49.85,6,0,0,80.91,HARDER
5,25.0,299.02,25,7,3,57.87,EASIER
1,100.0,29.12,2,0,0,87.72,HARDER
3,30.18,198.93,15,3,2,44.42,EASIER
2,53.61,52.2,6,0,0,82.47,HARDER
3,33.18,86.62,12,0,0,82.64,HARDER
3,32.7,88.29,12,0,0,83.71,HARDER
4,30.97,166.8,16,1,1,70.79,EASIER
2,38.51,51.64,8,2,0,100.0,HARDER
5,25.0,162.32,20,2,1,84.81,EASIER
4,31.22,132.71,18,3,1,75.03,SAME
5,28.48,168.0,22,4,2,83.65,EASIER
2,41.48,45.01,7,1,0,100.0,HARDER
1,98.64,29.18,2,0,0,63.09,SAME
3,26.6,149.79,15,3,1,43.33,EASIER
4,31.23,98.53,17,2,0,62.33,SAME
4,31.62,151.53,16,1,0,74.19,HARDER
2,37.96,86.51,8,2,0,75.7,SAME
1,99.48,39.66,2,0,0,40.95,SAME
1,41.39,35.74,5,3,1,62.19,SAME
4,25.07,168.2,18,3,0,48.39,SAME
5,25.0,278.63,25,7,5,46.57,EASIER
2,51.0,68.59,6,0,0,59.9,SAME
4,25.37,188.06,19,4,2,57.42,EASIER
2,50.65,69.39,6,0,0,76.71,HARDER
2,30.79,97.14,10,4,0,66.29,HARDER
4,30.75,116.32,15,0,0,65.52,HARDER
4,39.8,133.46,17,2,0,52.79,SAME
1,74.67,47.53,3,1,1,65.88,SAME
1,72.41,29.06,3,1,1,78.83,SAME
4,25.0,187.33,20,5,4,70.92,EASIER
2,27.57,92.6,10,4,2,87.59,EASIER
5,31.73,224.49,21,3,3,58.69,EASIER
3,25.0,137.27,17,5,3,73.07,EASIER
2,25.0,108.09,11,5,3,39.5,EASIER
1,93.4,29.39,2,0,0,92.51,HARDER
5,25.97,246.07,24,6,2,47.23,EASIER
3,33.37,69.57,13,1,0,95.24,HARDER
1,96.8,25.59,2,0,0,100.0,HARDER
5,33.85,170.7,22,4,1,87.53,SAME
5,25.0,151.96,21,3,1,76.46,SAME
3,29.77,65.27,12,0,0,81.95,HARDER
2,43.56,53.75,7,1,0,70.79,HARDER
5,25.0,300.0,27,9,5,36.81,EASIER
2,40.32,72.65,7,1,0,83.11,HARDER
2,47.3,90.73,7,1,1,57.26,EASIER
1,100.0,22.91,2,0,0,81.61,HARDER
4,25.0,173.41,21,6,3,68.14,EASIER
4,25.0,185.0,17,2,0,88.96,SAME
2,38.12,80.66,9,3,1,61.19,SAME
4,25.0,242.16,23,8,5,25.84,EASIER
3,25.0,167.26,16,4,1,73.81,SAME
2,37.09,57.23,8,2,0,75.44,HARDER
1,100.0,25.05,2,0,0,100.0,HARDER
5,25.0,222.27,22,4,2,66.09,EASIER
5,25.0,196.19,24,6,3,67.33,EASIER
2,48.9,68.31,6,0,0,74.49,HARDER
1,100.0,31.75,2,0,0,66.89,HARDER
2,29.24,118.01,11,5,1,57.63,SAME
3,25.0,161.21,16,4,2,55.03,EASIER
1,96.25,34.01,2,0,0,59.29,SAME
4,31.62,85.2,15,0,0,97.05,HARDER
1,63.08,21.88,3,1,0,71.91,HARDER
5,25.84,196.13,22,4,2,75.01,EASIER
1,98.43,20.0,2,0,0,58.63,SAME
5,30.03,143.29,20,2,0,76.72,SAME
1,99.25,31.18,2,0,0,73.08,HARDER
4,31.98,104.19,16,1,0,86.83,HARDER
1,94.68,25.71,2,0,0,68.76,HARDER
3,25.0,133.08,16,4,1,57.68,SAME
5,32.79,161.95,21,3,1,76.36,SAME
2,29.18,85.71,10,4,1,56.08,SAME
3,31.56,89.52,13,1,1,73.3,EASIER
5,26.81,172.32,19,1,0,82.93,SAME
4,25.0,250.0,22,7,5,55.05,EASIER
1,40.08,53.05,5,3,1,75.54,SAME
4,31.11,101.41,15,0,0,98.65,HARDER
1,32.88,61.05,6,4,1,59.22,SAME
3,28.74,116.0,15,3,1,67.45,SAME
3,31.4,84.88,12,0,0,86.14,HARDER
4,32.05,106.29,17,2,0,89.9,HARDER
1,95.08,41.93,2,0,0,79.9,HARDER
1,30.55,90.07,7,5,2,49.22,SAME
1,100.0,20.0,2,0,0,73.89,HARDER
3,25.0,135.27,18,6,0,58.08,SAME
3,28.49,99.32,13,1,0,67.37,HARDER
5,27.43,230.13,23,5,2,67.68,EASIER
1,95.41,20.0,2,0,0,91.21,HARDER
4,29.04,164.19,18,3,1,70.05,SAME
5,26.09,132.53,19,1,1,83.76,EASIER
2,51.53,44.09,6,0,0,87.64,HARDER
5,25.0,274.63,23,5,3,54.48,EASIER
4,26.72,173.32,16,1,0,69.36,HARDER
2,48.53,53.02,6,0,0,54.65,SAME
5,25.0,300.0,22,4,2,36.52,EASIER
5,26.0,272.46,25,7,4,51.02,EASIER
4,29.19,151.61,18,3,2,84.05,EASIER
4,33.01,149.93,17,2,0,70.94,HARDER
1,48.36,74.8,4,2,2,52.14,SAME
1,99.3,20.0,2,0,0,59.43,SAME
2,36.5,160.0,10,4,3,42.56,EASIER
5,27.83,238.94,19,1,0,45.92,SAME
3,25.0,112.58,16,4,1,63.46,SAME
3,32.21,97.93,12,0,0,64.5,SAME
5,33.66,197.63,20,2,1,44.7,EASIER
1,47.97,59.22,4,2,0,63.54,SAME
4,25.0,169.82,18,3,2,75.84,EASIER
5,25.0,260.73,23,5,4,28.87,EASIER
2,54.82,49.31,6,0,0,84.64,HARDER
1,34.03,78.95,6,4,2,46.96,SAME
1,96.6,20.0,2,0,0,89.3,HARDER
4,34.68,142.47,16,1,1,59.65,EASIER
5,27.42,300.0,26,8,6,29.67,EASIER
2,42.0,36.2,6,0,0,75.12,HARDER
2,47.14,35.21,6,0,0,77.0,HARDER
1,66.43,27.79,3,1,0,55.55,EASIER
1,99.27,44.35,2,0,0,67.6,HARDER
4,34.24,183.12,18,3,1,77.66,SAME
5,30.89,177.72,19,1,0,84.41,SAME
5,26.44,261.63,22,4,3,65.06,EASIER
5,27.8,241.13,24,6,1,53.8,SAME
3,26.19,124.53,15,3,1,53.62,EASIER
2,52.46,49.79,6,0,0,74.25,SAME
3,34.15,103.56,12,0,0,79.49,HARDER
5,34.72,118.18,18,0,0,78.1,SAME
4,27.12,92.43,15,0,0,93.16,HARDER
5,30.49,200.04,20,2,1,48.99,EASIER
3,30.1,97.24,12,0,0,99.27,HARDER
3,34.53,103.59,13,1,0,92.84,HARDER
3,32.61,88.03,13,1,0,93.91,HARDER
3,27.13,138.2,16,4,2,74.03,EASIER
1,25.0,107.0,9,7,6,55.91,SAME
5,27.16,299.95,24,6,4,31.38,EASIER
5,26.3,179.96,21,3,2,76.25,EASIER
2,52.82,56.61,6,0,0,90.65,HARDER
4,31.2,139.41,17,2,1,74.93,EASIER
5,27.39,140.2,20,2,1,82.24,EASIER
5,29.66,223.36,22,4,2,47.46,EASIER
1,67.79,20.0,3,1,0,71.52,HARDER
1,65.46,34.15,3,1,0,79.35,HARDER
5,25.0,300.0,28,10,7,66.51,EASIER
2,38.95,84.68,8,2,0,56.7,SAME
1,96.93,21.76,2,0,0,73.29,HARDER
3,25.0,107.84,13,1,0,90.44,HARDER
3,25.26,132.78,16,4,1,62.1,SAME
3,25.74,106.59,15,3,0,48.49,SAME
1,98.29,28.15,2,0,0,90.56,HARDER
3,26.15,105.47,14,2,1,51.54,EASIER
2,41.1,88.92,8,2,0,83.85,HARDER
1,51.08,48.46,4,2,1,55.47,SAME
3,27.76,119.36,15,3,2,77.01,EASIER
4,30.72,152.14,18,3,1,72.17,SAME
3,27.68,105.78,14,2,0,68.63,HARDER
4,33.55,72.36,15,0,0,89.24,HARDER
1,60.87,37.57,3,1,0,80.81,HARDER
3,36.17,101.13,14,2,1,78.49,EASIER
2,34.61,68.91,8,2,0,69.45,HARDER
3,29.46,89.25,12,0,0,81.89,HARDER
3,25.0,180.77,16,4,1,53.0,EASIER
4,28.26,112.72,18,3,0,73.36,HARDER
4,32.05,170.28,15,0,0,61.11,SAME
1,45.12,46.01,5,3,0,55.24,SAME
4,36.21,140.72,16,1,0,45.77,SAME
2,27.88,100.16,9,3,2,68.28,EASIER
4,25.0,198.44,24,9,6,59.72,EASIER
5,28.06,242.59,21,3,3,64.2,EASIER
3,27.91,79.22,13,1,0,56.46,SAME
1,100.0,22.02,2,0,0,51.09,SAME
1,97.38,23.98,2,0,0,97.87,HARDER
3,32.86,88.1,12,0,0,71.67,HARDER
5,25.0,259.14,25,7,5,50.75,EASIER
2,46.56,88.48,7,1,1,71.69,EASIER
3,33.73,118.13,13,1,0,34.5,SAME
2,26.42,99.03,12,6,1,68.54,HARDER
4,26.93,225.28,21,6,4,61.99,EASIER
3,29.45,132.96,15,3,1,53.5,EASIER
1,100.0,44.39,2,0,0,78.06,HARDER
2,27.38,103.17,12,6,2,50.69,SAME
3,25.82,132.44,16,4,2,72.3,EASIER
3,33.27,97.68,13,1,0,62.66,SAME
1,30.56,46.95,7,5,1,57.84,SAME
2,48.54,55.65,6,0,0,80.06,HARDER
1,39.04,56.91,5,3,1,54.38,SAME
5,28.33,185.39,19,1,0,63.31,SAME
3,30.89,102.87,15,3,1,73.95,SAME
2,25.0,133.86,14,8,3,46.88,EASIER
4,32.26,131.61,17,2,0,78.72,HARDER
3,25.24,145.58,16,4,2,64.4,EASIER
3,25.0,154.53,18,6,2,50.61,EASIER
3,32.1,86.91,13,1,1,67.24,EASIER
1,40.67,63.19,5,3,3,55.78,SAME
1,47.94,39.25,4,2,0,70.58,HARDER
3,28.47,103.8,14,2,1,71.01,EASIER
4,28.37,191.99,18,3,1,43.71,EASIER
4,32.77,90.14,16,1,0,88.48,HARDER
3,29.66,143.45,14,2,1,34.8,EASIER
5,31.68,150.38,19,1,0,85.74,SAME
2,41.24,58.06,7,1,0,77.83,HARDER
5,36.88,210.22,19,1,1,56.5,EASIER
2,30.42,86.95,10,4,3,55.26,EASIER
4,33.51,141.86,16,1,0,60.91,SAME
3,25.0,117.17,17,5,1,61.44,SAME
5,31.51,148.87,20,2,2,70.41,EASIER
3,25.0,207.21,19,7,4,52.89,EASIER
2,25.0,99.75,12,6,3,59.64,EASIER
4,25.0,181.47,20,5,3,63.26,EASIER
4,25.0,205.93,22,7,2,72.84,SAME
4,26.87,139.64,17,2,2,94.2,EASIER
2,43.14,79.78,7,1,0,51.76,SAME
2,52.44,58.99,6,0,0,87.77,HARDER
2,27.05,84.52,11,5,0,58.79,SAME
1,98.4,20.16,2,0,0,100.0,HARDER
1,70.07,38.06,3,1,1,71.39,SAME
2,49.29,67.02,6,0,0,83.42,HARDER
5,25.88,276.69,21,3,2,50.95,EASIER
4,25.0,178.83,20,5,0,58.75,SAME
4,30.95,147.82,16,1,1,74.42,EASIER
2,28.17,69.36,11,5,1,75.14,HARDER
3,25.0,146.6,17,5,2,63.13,EASIER
3,35.97,105.32,12,0,0,100.0,HARDER
1,100.0,30.38,2,0,0,67.63,HARDER
5,25.54,206.24,20,2,2,66.91,EASIER
2,32.66,54.72,9,3,0,64.35,SAME
3,29.04,74.25,12,0,0,100.0,HARDER
5,31.74,249.2,21,3,3,46.41,EASIER
5,25.0,264.43,24,6,5,56.76,EASIER
2,29.72,65.78,8,2,0,59.98,SAME
3,27.21,143.1,18,6,3,50.08,EASIER
2,32.03,83.67,10,4,0,41.67,SAME
5,25.0,254.6,23,5,4,67.58,EASIER
3,25.0,124.91,15,3,2,55.77,EASIER
4,34.91,123.88,16,1,0,91.53,HARDER
2,37.3,83.68,7,1,1,79.5,EASIER
1,68.94,31.33,3,1,0,81.98,HARDER
1,100.0,27.53,2,0,0,68.81,HARDER
5,33.78,179.66,21,3,0,52.65,SAME
5,25.0,256.21,23,5,1,46.49,EASIER
1,69.42,27.12,3,1,0,65.78,HARDER
5,30.89,153.25,21,3,0,80.42,HARDER
3,35.49,90.22,12,0,0,79.74,HARDER
4,28.46,167.31,18,3,2,69.59,EASIER
2,43.61,91.09,7,1,1,68.58,EASIER
3,25.0,190.2,17,5,5,47.92,EASIER
2,38.76,57.81,7,1,0,73.02,HARDER
2,42.21,93.77,8,2,1,83.85,EASIER
2,40.36,87.0,8,2,1,61.52,EASIER
5,30.89,181.84,18,0,0,65.84,SAME
4,32.81,105.73,18,3,0,86.77,HARDER
5,28.86,300.0,21,3,3,29.88,EASIER
4,25.38,227.94,23,8,8,72.58,EASIER
3,28.73,100.95,12,0,0,89.24,HARDER
4,25.0,157.89,19,4,0,65.81,HARDER
4,25.0,174.44,19,4,3,55.72,EASIER
3,27.01,138.3,14,2,0,66.31,HARDER
1,48.95,45.87,4,2,0,78.52,HARDER
1,100.0,30.76,2,0,0,75.76,HARDER
5,28.1,230.6,21,3,1,65.57,EASIER
4,26.16,168.4,18,3,1,66.7,SAME
3,26.91,177.91,16,4,3,58.05,EASIER
3,28.79,158.76,17,5,1,56.24,SAME
2,35.31,106.21,9,3,3,59.37,EASIER
2,47.45,44.27,6,0,0,88.28,HARDER
4,26.2,143.81,22,7,1,71.72,HARDER
5,26.72,183.45,23,5,1,63.57,SAME
3,25.0,210.0,17,5,3,25.0,EASIER
4,25.0,246.42,22,7,3,41.75,EASIER
5,33.47,233.82,20,2,0,59.39,SAME
4,31.97,113.24,16,1,0,80.18,HARDER
2,40.12,55.52,7,1,0,75.97,HARDER
1,100.0,24.22,2,0,0,70.44,HARDER
4,32.3,95.36,15,0,0,78.75,HARDER
4,33.26,116.58,16,1,0,85.01,HARDER
1,97.22,21.06,2,0,0,78.15,HARDER
4,32.77,85.08,15,0,0,100.0,HARDER
5,25.0,218.21,23,5,2,69.89,EASIER
3,29.28,136.17,16,4,0,35.0,SAME
4,25.0,247.84,24,9,3,51.8,EASIER
3,30.65,93.56,13,1,0,57.13,SAME
5,33.86,240.07,21,3,1,85.39,SAME
5,25.0,207.27,23,5,1,63.8,SAME
5,33.47,182.38,20,2,2,69.77,EASIER
3,30.9,157.28,14,2,0,46.98,SAME
3,33.12,76.08,13,1,0,79.62,HARDER
4,29.85,116.84,17,2,1,71.68,EASIER
5,26.28,191.09,21,3,1,77.73,SAME
2,25.0,113.1,12,6,2,60.01,SAME
3,37.01,65.81,12,0,0,95.02,HARDER
2,54.2,58.1,6,0,0,84.05,HARDER
5,27.98,245.98,23,5,3,60.52,EASIER
3,25.0,131.05,13,1,1,80.05,EASIER
1,98.68,44.3,2,0,0,66.53,HARDER
2,27.58,145.82,11,5,3,38.57,EASIER
2,39.02,89.75,8,2,0,72.49,HARDER
1,61.78,36.73,3,1,0,78.53,HARDER
4,28.88,136.36,18,3,2,51.04,EASIER
5,34.17,215.74,20,2,1,77.49,EASIER
5,29.04,224.02,24,6,4,61.9,EASIER
3,29.33,106.02,14,2,0,67.91,HARDER
3,25.0,137.64,15,3,2,63.81,EASIER
5,31.01,147.45,20,2,0,62.23,SAME
2,36.74,89.04,8,2,1,66.79,EASIER
5,33.64,142.73,18,0,0,100.0,SAME
3,25.0,110.25,16,4,1,86.75,SAME
2,37.4,107.38,7,1,1,52.92,EASIER
4,29.63,136.56,17,2,0,65.62,HARDER
2,38.38,63.35,8,2,0,70.77,HARDER
2,40.27,95.53,7,1,0,45.78,SAME
1,95.76,24.18,2,0,0,67.09,HARDER
4,27.35,144.15,15,0,0,54.65,SAME
5,32.28,230.46,21,3,2,62.94,EASIER
1,93.69,21.49,2,0,0,59.97,SAME
4,34.04,152.04,17,2,0,75.09,HARDER
5,25.0,259.73,25,7,4,53.85,EASIER
1,33.39,65.49,6,4,3,71.03,SAME
4,25.0,250.0,22,7,3,27.66,EASIER
1,96.81,35.34,2,0,0,95.65,HARDER
5,30.33,206.5,21,3,2,48.6,EASIER
3,25.0,65.63,14,2,0,58.65,SAME
4,30.86,195.02,17,2,2,87.52,EASIER
5,34.05,271.06,22,4,2,37.78,EASIER
4,25.0,167.01,20,5,3,67.65,EASIER
5,26.08,170.69,19,1,1,62.71,EASIER
3,31.91,157.86,13,1,1,54.57,EASIER
5,29.75,300.0,24,6,3,57.59,EASIER
3,28.48,135.44,15,3,1,55.99,EASIER
1,71.05,20.0,3,1,0,52.8,SAME
4,29.65,155.97,19,4,0,70.05,HARDER
5,25.05,185.16,21,3,1,68.78,SAME
2,38.57,107.79,8,2,1,62.94,EASIER
1,99.61,45.67,2,0,0,67.89,HARDER
4,31.2,137.29,16,1,0,83.38,HARDER
4,34.01,116.45,15,0,0,71.74,HARDER
1,100.0,35.49,2,0,0,83.82,HARDER
5,30.78,127.55,18,0,0,72.59,SAME
2,35.41,88.04,8,2,1,60.53,EASIER
5,28.52,244.74,23,5,0,47.98,SAME
2,48.49,30.0,6,0,0,100.0,HARDER
1,97.41,28.93,2,0,0,73.7,HARDER
3,37.91,84.25,12,0,0,76.21,HARDER
4,30.31,216.81,18,3,2,58.22,EASIER
2,44.7,60.13,7,1,0,70.49,HARDER
5,25.0,258.11,23,5,3,78.55,EASIER
1,40.93,77.09,5,3,3,52.32,HARDER
2,52.8,75.69,6,0,0,54.33,SAME
4,29.25,137.75,17,2,0,60.72,SAME
5,26.12,133.32,21,3,0,95.55,SAME
5,30.35,235.46,20,2,1,50.23,EASIER
2,32.22,83.23,9,3,1,61.2,SAME
4,25.0,226.47,22,7,4,52.85,EASIER
5,25.0,223.97,24,6,2,56.46,EASIER
4,31.74,118.77,17,2,0,100.0,HARDER
4,25.0,207.31,22,7,2,62.55,EASIER
2,51.81,50.63,6,0,0,75.42,HARDER
4,29.27,160.96,17,2,1,57.08,EASIER
5,26.71,176.03,19,1,1,47.14,EASIER
5,26.6,195.64,24,6,3,59.23,EASIER
2,36.23,80.64,9,3,0,60.62,SAME
5,25.0,207.92,22,4,1,47.49,SAME
5,34.27,184.58,19,1,1,60.61,EASIER
4,32.49,188.08,16,1,0,63.84,SAME
3,31.35,108.78,15,3,2,64.4,EASIER
4,26.62,145.82,17,2,1,55.4,EASIER
2,46.27,55.54,6,0,0,83.15,HARDER
2,31.03,81.8,9,3,0,63.91,SAME
5,28.69,179.6,20,2,2,68.91,EASIER
5,25.0,300.0,24,6,4,47.27,EASIER
2,39.95,79.75,7,1,1,66.5,EASIER
4,30.26,132.25,17,2,1,68.09,EASIER
5,31.74,184.55,21,3,1,77.51,SAME
1,96.54,24.09,2,0,0,71.33,HARDER
4,31.51,125.04,17,2,0,73.33,HARDER
2,46.31,79.45,6,0,0,40.42,SAME
1,29.98,63.71,7,5,0,64.05,SAME
1,50.78,49.87,4,2,0,79.69,HARDER
5,25.0,237.83,26,8,3,43.52,EASIER
4,30.93,116.52,17,2,0,86.03,HARDER
3,30.79,93.29,14,2,0,71.68,HARDER
3,33.3,80.19,12,0,0,68.08,HARDER
5,28.22,231.99,22,4,2,38.64,EASIER
2,48.39,75.72,6,0,0,80.75,HARDER
5,39.61,188.62,19,1,0,99.05,SAME
4,33.26,147.48,16,1,0,72.41,HARDER
1,100.0,52.91,2,0,0,89.02,HARDER
3,25.44,146.17,18,6,2,54.21,EASIER
4,25.0,122.86,18,3,1,86.82,SAME
4,25.0,219.05,21,6,1,35.43,EASIER
2,35.48,95.92,9,3,0,71.0,HARDER
5,31.34,112.63,21,3,1,66.49,SAME
3,32.7,76.45,13,1,0,92.04,HARDER
1,37.18,33.97,5,3,1,70.99,SAME
5,27.48,195.4,22,4,2,84.71,EASIER
4,30.01,157.93,18,3,1,67.79,SAME
3,32.96,111.51,14,2,0,79.53,HARDER
3,25.0,167.02,20,8,4,52.55,EASIER
3,26.16,69.06,14,2,1,84.22,EASIER
1,99.28,32.63,2,0,0,81.77,HARDER
2,49.91,33.7,6,0,0,83.7,HARDER
5,34.06,184.92,21,3,0,77.01,SAME
5,35.27,203.83,19,1,1,71.96,EASIER
5,32.3,134.99,19,1,0,71.61,SAME
4,31.87,108.08,19,4,1,83.26,SAME
2,45.53,69.05,7,1,0,51.59,SAME
3,29.38,116.0,13,1,0,76.22,HARDER
4,29.52,237.19,19,4,2,64.15,EASIER
5,25.0,250.24,24,6,4,50.99,EASIER
1,33.75,52.41,6,4,0,72.1,HARDER
3,30.82,94.01,13,1,0,58.36,SAME
4,32.01,158.84,18,3,1,58.98,EASIER
1,93.96,38.9,2,0,0,77.71,HARDER
1,62.27,38.81,3,1,0,72.5,HARDER
3,25.0,136.96,17,5,2,45.45,EASIER
3,33.48,96.35,12,0,0,92.7,HARDER
1,29.85,73.73,6,4,4,52.23,SAME
4,27.82,142.94,17,2,2,74.86,EASIER
2,25.0,141.82,15,9,4,51.57,EASIER
3,33.22,96.11,13,1,0,92.35,HARDER
2,35.94,108.17,8,2,1,71.73,EASIER
4,25.0,152.34,18,3,1,58.8,EASIER
2,52.51,56.87,6,0,0,68.62,HARDER
2,47.72,60.66,6,0,0,78.18,HARDER
1,99.2,37.37,2,0,0,77.38,HARDER
5,25.0,275.94,22,4,4,54.67,EASIER
4,33.58,127.56,16,1,1,100.0,EASIER
3,32.42,91.1,14,2,0,92.21,HARDER
4,31.62,182.19,17,2,1,51.12,EASIER
5,26.64,221.34,23,5,1,50.18,SAME
5,25.0,265.83,24,6,3,67.7,EASIER
3,31.08,151.62,14,2,2,46.96,EASIER
1,96.85,33.19,2,0,0,66.25,HARDER
2,46.48,57.56,6,0,0,65.73,HARDER
3,27.14,91.92,14,2,1,91.86,EASIER
3,26.17,184.54,19,7,5,33.57,EASIER
3,41.13,72.33,12,0,0,95.63,HARDER
3,34.03,106.1,12,0,0,63.41,SAME
1,99.67,22.39,2,0,0,100.0,HARDER
4,28.77,92.63,17,2,0,100.0,HARDER
3,25.28,137.17,14,2,2,56.21,EASIER
5,26.95,202.4,22,4,1,68.28,SAME
1,100.0,24.53,2,0,0,76.11,HARDER
3,25.0,178.86,17,5,1,40.66,EASIER
2,25.0,99.82,10,4,1,57.71,SAME
3,27.89,110.13,14,2,0,68.48,HARDER
2,40.42,69.9,7,1,0,86.32,HARDER
3,29.12,149.02,14,2,0,60.53,SAME
1,51.73,41.21,4,2,1,86.42,SAME
5,25.0,190.24,24,6,2,62.5,EASIER
2,49.58,68.75,6,0,0,95.75,HARDER
2,50.49,42.67,6,0,0,84.79,HARDER
4,25.47,190.0,22,7,2,48.72,EASIER
3,25.12,97.57,15,3,1,64.52,SAME
4,25.75,218.47,17,2,2,80.86,EASIER
2,42.55,67.06,7,1,0,78.13,HARDER
1,47.5,36.5,5,3,0,64.06,SAME
3,33.6,131.22,13,1,0,51.0,SAME
5,25.0,232.87,21,3,3,49.5,EASIER
3,28.94,156.62,14,2,1,51.28,EASIER
3,33.41,91.06,12,0,0,75.35,SAME
3,27.86,156.35,16,4,2,51.3,EASIER
5,29.16,253.8,19,1,0,51.63,EASIER
3,28.15,131.34,14,2,0,56.42,SAME
3,33.93,60.33,12,0,0,88.82,HARDER
2,35.66,94.99,9,3,1,44.8,EASIER
3,25.0,210.0,17,5,3,38.5,EASIER
1,93.27,20.0,2,0,0,92.02,HARDER
4,32.67,99.97,15,0,0,88.46,HARDER
5,27.2,154.86,22,4,1,69.76,SAME
4,31.94,126.81,15,0,0,92.1,HARDER
4,25.0,250.0,25,10,4,38.95,EASIER
4,30.52,135.12,16,1,0,90.33,HARDER
3,33.48,78.92,12,0,0,100.0,HARDER
1,31.97,61.03,6,4,2,90.49,SAME
2,49.43,52.52,6,0,0,88.23,HARDER
3,25.0,163.12,16,4,2,49.03,EASIER
2,50.94,65.25,6,0,0,61.0,SAME
3,25.0,115.85,15,3,0,76.96,HARDER
2,32.4,99.9,9,3,1,73.91,SAME
3,27.68,103.46,13,1,0,71.68,HARDER
2,26.11,116.88,10,4,2,59.07,EASIER
4,32.5,114.87,16,1,0,84.36,HARDER
2,48.1,98.43,6,0,0,75.55,HARDER
1,100.0,28.94,2,0,0,81.95,HARDER
1,52.77,46.21,4,2,0,60.03,SAME
1,47.21,35.49,4,2,0,55.83,SAME
4,25.0,250.0,21,6,2,48.25,EASIER
4,29.31,175.89,17,2,2,63.95,EASIER
5,25.0,206.74,23,5,2,54.84,SAME
5,27.07,299.38,23,5,3,50.48,EASIER
5,25.0,208.23,23,5,4,70.29,EASIER
4,25.89,186.88,20,5,1,57.94,SAME
5,30.44,196.59,21,3,2,63.98,EASIER
1,59.82,44.86,3,1,0,83.41,HARDER
4,26.47,150.17,20,5,2,78.43,SAME
1,100.0,51.09,2,0,0,77.48,HARDER
3,32.79,110.17,13,1,0,72.17,HARDER
3,32.47,67.17,12,0,0,100.0,HARDER
3,32.16,130.06,13,1,1,92.52,EASIER
1,96.43,34.14,2,0,0,91.56,HARDER
1,69.48,43.06,3,1,1,65.53,SAME
1,66.06,32.57,3,1,0,61.84,SAME
2,28.31,87.76,9,3,1,53.34,SAME
2,37.24,84.62,9,3,1,73.26,SAME
5,28.95,225.95,20,2,0,55.47,SAME
5,26.73,188.43,24,6,4,63.35,EASIER
5,30.23,112.54,18,0,0,100.0,SAME
2,26.42,122.92,13,7,3,60.84,EASIER
5,25.0,238.64,20,2,1,44.57,EASIER
3,26.48,134.82,15,3,1,66.75,SAME
5,25.0,241.81,24,6,6,54.52,EASIER
5,25.0,277.11,23,5,3,56.13,EASIER
2,33.77,87.66,9,3,1,44.02,EASIER
5,27.69,173.97,20,2,2,60.02,EASIER
3,25.0,171.15,16,4,2,62.74,EASIER
2,49.42,71.35,6,0,0,97.56,HARDER
4,28.5,168.38,18,3,1,71.91,SAME
2,48.77,72.96,7,1,0,56.8,SAME
2,31.82,90.06,10,4,1,76.66,SAME
1,35.73,39.7,6,4,1,76.26,SAME
1,33.33,51.09,6,4,2,72.45,SAME
5,29.92,254.51,22,4,4,59.05,EASIER
5,31.87,276.28,24,6,4,44.27,EASIER
4,25.0,210.35,19,4,0,48.77,EASIER
1,100.0,22.9,2,0,0,76.84,HARDER
4,36.2,181.15,16,1,0,62.76,SAME
5,25.0,278.66,28,10,6,74.92,EASIER
5,26.01,230.61,23,5,1,62.17,SAME
1,100.0,27.28,2,0,0,72.71,HARDER
1,98.91,29.21,2,0,0,79.33,HARDER
4,26.32,166.86,20,5,0,61.83,SAME
4,31.75,154.43,19,4,1,60.83,SAME
2,45.93,55.69,7,1,0,68.0,HARDER
5,25.0,196.83,21,3,0,73.28,SAME
5,28.22,250.23,21,3,3,70.94,EASIER
1,71.71,36.27,3,1,0,69.65,HARDER
5,25.0,246.84,23,5,4,43.17,EASIER
4,38.22,121.92,17,2,1,73.11,EASIER
1,51.02,38.65,4,2,0,73.97,HARDER
5,25.0,207.19,22,4,2,79.35,EASIER
4,25.0,192.95,19,4,1,41.94,EASIER
1,96.7,35.62,2,0,0,67.89,HARDER
4,25.0,171.48,20,5,3,67.57,EASIER
4,28.03,152.55,18,3,1,71.04,SAME
5,29.45,165.56,21,3,2,72.79,EASIER
3,25.0,144.65,16,4,2,46.89,EASIER
5,25.0,196.96,22,4,1,70.59,SAME
1,94.59,23.34,2,0,0,89.57,HARDER
4,26.8,201.08,22,7,6,64.71,EASIER
2,29.85,66.1,8,2,1,78.19,EASIER
5,25.0,300.0,29,11,10,34.96,EASIER
4,28.33,203.11,19,4,1,52.35,SAME
3,25.0,99.21,15,3,1,73.2,SAME
4,31.0,200.99,19,4,2,50.86,EASIER
3,29.88,174.64,16,4,1,41.89,EASIER
5,25.0,132.28,19,1,0,81.27,SAME
5,25.0,153.95,21,3,1,75.69,SAME
5,25.0,213.46,23,5,1,60.12,SAME
1,33.8,67.64,7,5,1,55.03,SAME
3,32.14,58.99,13,1,0,100.0,HARDER
1,96.14,27.7,2,0,0,100.0,HARDER
5,30.3,295.05,21,3,2,65.87,EASIER
2,33.64,63.02,8,2,0,56.77,SAME
4,32.46,195.95,17,2,1,71.22,EASIER
4,31.27,178.31,18,3,2,64.91,EASIER
5,38.54,136.63,19,1,1,79.19,EASIER
2,31.65,132.78,11,5,3,45.21,EASIER
1,62.32,37.52,3,1,0,48.59,SAME
1,92.97,22.19,2,0,0,95.86,HARDER
4,34.59,159.37,15,0,0,84.84,HARDER
1,100.0,34.56,2,0,0,75.86,HARDER
4,32.69,116.26,16,1,0,86.02,HARDER
4,31.88,187.02,17,2,1,51.94,EASIER
1,92.0,20.0,2,0,0,95.05,HARDER
4,30.05,185.4,18,3,1,69.97,SAME
1,36.12,70.22,6,4,1,61.21,SAME
3,25.0,150.2,16,4,0,56.6,SAME
3,25.0,193.3,22,10,3,52.14,EASIER
5,26.89,294.9,26,8,8,74.35,EASIER
3,25.88,107.63,14,2,1,83.19,EASIER
5,25.0,259.83,23,5,1,60.23,EASIER
3,32.13,150.64,15,3,2,66.71,EASIER
3,29.71,91.9,12,0,0,98.17,HARDER
1,97.75,38.13,2,0,0,69.56,HARDER
2,34.47,87.84,8,2,0,52.41,SAME
5,25.0,289.56,24,6,2,50.83,EASIER
2,42.56,65.54,7,1,0,64.74,SAME
3,25.0,120.63,14,2,1,55.53,EASIER
4,26.82,98.88,17,2,0,74.73,HARDER
2,36.29,64.68,8,2,0,65.27,HARDER
5,25.73,208.14,23,5,3,67.31,EASIER
5,33.44,252.36,20,2,1,57.7,EASIER
5,33.37,186.25,19,1,1,61.22,EASIER
3,31.92,81.03,12,0,0,66.47,HARDER
5,32.4,167.37,20,2,0,82.92,SAME
4,32.72,235.47,18,3,2,48.73,EASIER
1,97.72,32.85,2,0,0,62.01,SAME
1,38.24,55.61,5,3,1,45.08,SAME
1,98.21,20.0,2,0,0,100.0,HARDER
2,41.48,78.4,7,1,0,74.58,HARDER
2,28.78,76.19,10,4,0,75.9,HARDER
5,25.0,230.09,22,4,2,52.83,EASIER
2,45.24,74.66,7,1,0,84.75,HARDER
4,25.0,175.47,19,4,1,75.95,SAME
3,25.0,89.28,13,1,0,79.24,HARDER
4,25.0,152.95,19,4,0,62.68,EASIER
1,94.39,25.58,2,0,0,95.28,HARDER
1,25.0,66.32,9,7,3,36.18,SAME
1,100.0,42.43,2,0,0,63.51,SAME
4,29.52,212.02,21,6,1,68.15,SAME
5,25.0,160.67,21,3,1,70.14,EASIER
4,27.54,123.7,17,2,0,61.9,SAME
1,97.48,21.26,2,0,0,85.68,HARDER
1,99.17,22.29,2,0,0,91.68,HARDER
5,28.05,175.09,22,4,1,72.52,SAME
3,30.68,111.44,14,2,0,94.67,HARDER
1,100.0,20.0,2,0,0,80.86,HARDER
5,30.12,234.94,22,4,2,67.43,EASIER
5,28.94,176.32,21,3,3,84.6,EASIER
5,31.39,150.83,21,3,2,75.91,EASIER
3,34.07,63.82,12,0,0,85.47,HARDER
5,34.35,159.22,19,1,0,86.08,SAME
4,25.34,148.52,18,3,2,59.39,EASIER
4,30.96,165.55,18,3,1,70.2,SAME
2,38.48,40.8,7,1,0,69.0,HARDER
3,29.14,69.03,12,0,0,78.62,HARDER
1,44.76,60.68,4,2,1,56.84,SAME
2,42.81,68.19,7,1,1,81.71,EASIER
3,32.57,94.6,12,0,0,82.39,HARDER
2,30.2,78.77,10,4,2,74.07,EASIER
2,45.95,48.9,6,0,0,77.11,HARDER
3,32.49,94.23,13,1,0,74.48,HARDER
4,25.0,197.11,20,5,3,47.05,EASIER
2,44.82,77.73,8,2,1,77.49,EASIER
2,28.88,65.4,10,4,1,69.53,SAME
1,49.05,48.01,4,2,0,85.55,HARDER
4,25.0,194.93,20,5,2,63.55,EASIER
3,32.77,154.31,16,4,1,42.68,SAME
5,25.52,213.15,23,5,2,54.82,EASIER
2,51.46,68.55,6,0,0,71.87,HARDER
1,98.43,38.16,2,0,0,77.08,HARDER
2,41.08,58.42,8,2,0,69.47,HARDER
2,28.64,78.84,9,3,2,70.54,EASIER
5,27.6,256.35,24,6,4,39.31,EASIER
2,50.26,44.3,6,0,0,72.14,HARDER
3,31.28,138.38,16,4,3,60.04,EASIER
3,36.05,79.2,13,1,0,92.47,HARDER
1,50.96,52.61,4,2,0,55.21,SAME
5,26.58,260.19,25,7,5,71.11,EASIER
1,99.38,39.01,2,0,0,56.48,SAME
3,29.43,113.74,14,2,1,53.76,EASIER
1,33.53,58.99,6,4,0,69.62,HARDER
3,25.0,122.17,16,4,1,67.22,SAME
1,67.5,23.21,3,1,0,78.04,HARDER
3,25.0,164.9,16,4,2,40.81,EASIER
4,31.13,223.05,16,1,1,34.52,EASIER
3,32.14,81.09,13,1,0,81.5,HARDER
1,100.0,23.8,2,0,0,100.0,HARDER
5,25.0,300.0,26,8,4,25.0,EASIER
4,29.74,117.95,18,3,1,85.68,SAME
1,67.17,41.8,3,1,0,77.59,HARDER
4,38.35,78.16,15,0,0,82.05,HARDER
5,28.04,220.87,24,6,3,73.79,EASIER
1,97.53,27.58,2,0,0,69.27,HARDER
3,32.31,172.15,13,1,0,46.81,SAME
3,29.9,76.89,14,2,0,73.26,HARDER
1,97.08,45.17,2,0,0,76.09,HARDER
3,35.71,74.92,13,1,1,86.98,EASIER
3,37.45,76.93,13,1,1,88.79,EASIER
3,30.56,73.86,12,0,0,77.11,HARDER
1,96.35,20.0,2,0,0,68.29,HARDER
3,27.67,79.72,14,2,0,92.88,HARDER
5,25.0,256.67,23,5,4,75.12,EASIER
4,32.34,153.05,16,1,0,63.88,SAME
3,33.6,166.89,14,2,2,67.8,EASIER
2,37.55,83.82,8,2,0,78.63,HARDER
2,43.47,83.5,7,1,0,56.49,SAME
1,64.74,20.0,3,1,0,74.76,HARDER
1,100.0,27.28,2,0,0,100.0,HARDER
5,29.45,185.93,20,2,1,63.2,EASIER
1,100.0,30.64,2,0,0,84.12,HARDER
3,35.63,75.21,12,0,0,89.23,HARDER
4,32.65,166.26,16,1,1,50.31,EASIER
3,29.21,166.66,17,5,4,60.61,EASIER
1,39.79,72.39,5,3,2,60.38,SAME
3,35.18,112.95,13,1,1,85.71,EASIER
3,31.91,87.1,13,1,1,77.74,EASIER
4,25.0,233.57,22,7,4,36.17,EASIER
5,26.87,187.82,22,4,0,45.97,SAME
4,25.0,206.18,20,5,3,61.57,EASIER
2,48.53,66.79,6,0,0,82.55,HARDER
5,32.89,157.94,18,0,0,84.92,HARDER
2,50.33,31.41,6,0,0,100.0,HARDER
1,35.35,61.57,5,3,1,59.03,SAME
2,49.45,61.26,6,0,0,71.94,HARDER
5,39.94,150.61,18,0,0,68.16,SAME
1,100.0,29.9,2,0,0,92.65,HARDER
3,28.4,91.07,14,2,1,76.64,EASIER
4,30.44,163.82,17,2,0,77.94,HARDER
2,40.52,61.52,7,1,0,88.19,HARDER
5,36.08,198.21,19,1,0,53.26,SAME
4,28.24,159.79,18,3,2,55.55,EASIER
1,50.91,35.64,4,2,0,53.89,SAME
3,33.8,146.94,13,1,1,25.0,EASIER
1,97.59,43.1,2,0,0,32.01,SAME
4,30.02,169.24,17,2,0,44.05,SAME
5,25.0,283.3,24,6,5,38.14,EASIER
2,37.02,72.91,9,3,0,64.03,SAME
3,31.02,129.93,14,2,2,41.32,EASIER
2,53.77,63.14,6,0,0,81.29,HARDER
2,40.56,88.96,8,2,1,58.55,EASIER
5,28.66,190.83,23,5,0,71.4,SAME
1,35.43,49.51,5,3,0,78.09,EASIER
2,32.92,76.49,9,3,1,59.94,SAME
2,40.09,83.19,7,1,0,54.72,SAME
4,25.52,117.11,18,3,1,59.06,SAME
4,25.0,188.21,18,3,2,71.89,EASIER
5,28.46,208.38,22,4,4,65.34,EASIER
4,27.44,202.07,19,4,1,62.22,SAME
2,28.05,98.67,10,4,1,55.19,SAME
5,25.12,121.89,20,2,1,78.36,EASIER
1,61.52,43.51,3,1,0,75.36,HARDER
5,32.08,211.55,20,2,1,56.78,EASIER
1,64.88,43.79,3,1,1,63.68,SAME
4,33.27,125.51,17,2,0,70.29,HARDER
2,36.85,91.01,8,2,2,62.65,EASIER
2,38.78,70.14,8,2,0,74.6,HARDER
4,33.95,125.09,15,0,0,97.23,HARDER
5,34.16,170.99,20,2,1,67.5,EASIER
1,32.87,48.17,6,4,1,60.11,SAME
5,30.82,221.94,20,2,2,56.93,EASIER
4,33.01,110.98,16,1,0,78.11,HARDER
5,25.0,266.78,24,6,3,43.94,EASIER
5,30.06,124.82,19,1,0,58.38,SAME
4,28.65,115.35,16,1,0,92.16,HARDER
1,97.06,20.0,2,0,0,91.16,HARDER
5,39.55,188.42,20,2,0,65.46,EASIER
3,33.82,126.21,14,2,1,65.64,EASIER
5,27.23,206.35,22,4,2,43.45,EASIER
2,46.44,56.66,6,0,0,79.39,HARDER
3,27.52,116.64,14,2,2,65.37,EASIER
4,25.0,223.13,23,8,5,65.4,EASIER
2,25.0,131.26,12,6,2,53.32,EASIER
3,30.76,94.03,12,0,0,67.45,HARDER
1,42.69,42.59,5,3,0,57.78,SAME
4,27.12,244.11,20,5,0,48.49,EASIER
2,51.64,40.06,6,0,0,78.14,HARDER
2,54.95,64.2,6,0,0,85.47,HARDER
4,30.44,250.0,21,6,3,50.53,EASIER
3,26.21,144.91,15,3,1,47.34,EASIER
2,38.89,92.81,7,1,1,47.97,EASIER
3,33.52,92.95,12,0,0,73.67,HARDER
1,51.84,26.06,4,2,0,70.17,HARDER
4,31.71,122.62,17,2,0,74.31,HARDER
2,53.63,30.32,6,0,0,100.0,HARDER
2,43.84,74.15,7,1,0,60.23,SAME
4,28.33,121.44,17,2,1,76.67,EASIER
4,25.0,221.41,26,11,6,72.79,EASIER
1,97.23,21.09,2,0,0,75.99,HARDER
3,25.8,153.84,15,3,0,48.52,SAME
1,100.0,23.57,2,0,0,83.72,HARDER
4,29.27,130.53,15,0,0,87.53,HARDER
3,31.72,138.16,14,2,0,67.65,HARDER
4,31.07,128.19,17,2,0,74.14,SAME
3,25.0,111.66,15,3,0,48.82,SAME
1,100.0,27.17,2,0,0,100.0,HARDER
1,52.79,57.43,4,2,1,46.93,SAME
3,25.0,170.12,18,6,5,52.34,SAME
5,25.0,289.03,26,8,5,70.42,EASIER
4,31.94,138.63,16,1,0,76.25,HARDER
5,25.03,142.85,20,2,1,65.04,EASIER
3,32.43,111.56,13,1,1,63.84,EASIER
4,26.13,136.63,17,2,1,50.23,EASIER
2,38.45,67.08,9,3,2,54.69,EASIER
5,32.12,255.74,19,1,1,47.44,EASIER
2,52.22,45.63,6,0,0,75.1,HARDER
3,28.74,161.05,15,3,1,74.51,SAME
3,35.75,94.42,12,0,0,77.9,HARDER
1,54.13,25.01,4,2,0,75.68,HARDER
1,100.0,20.0,2,0,0,100.0,HARDER
3,30.04,89.53,14,2,2,60.29,EASIER
1,37.43,61.41,5,3,1,61.14,SAME
1,63.3,28.33,3,1,0,66.69,HARDER
2,49.66,52.31,6,0,0,91.79,HARDER
5,25.0,150.6,21,3,0,68.02,SAME
3,25.0,113.36,17,5,1,65.61,HARDER
1,67.03,40.26,3,1,0,70.55,HARDER
1,100.0,20.61,2,0,0,74.96,HARDER
1,99.87,27.93,2,0,0,64.86,SAME
5,26.42,272.54,24,6,3,58.09,EASIER
4,28.35,109.43,18,3,0,83.05,HARDER
1,60.08,22.52,3,1,0,64.8,SAME
1,48.25,53.3,4,2,1,60.66,SAME
5,26.12,233.5,23,5,4,72.22,EASIER
3,27.88,81.68,14,2,1,51.19,EASIER
5,27.9,251.62,21,3,2,56.63,EASIER
4,25.5,124.03,18,3,1,66.37,SAME
1,94.51,38.79,2,0,0,85.62,HARDER
4,25.0,232.33,21,6,3,41.2,EASIER
5,31.68,209.15,21,3,1,42.85,EASIER
2,52.94,47.82,6,0,0,76.79,HARDER
1,38.84,68.52,5,3,0,58.26,SAME
1,100.0,21.96,2,0,0,92.91,HARDER
4,25.0,184.4,19,4,2,55.59,EASIER
1,43.11,50.75,5,3,1,70.78,SAME
5,25.0,275.82,24,6,3,48.82,EASIER
4,30.11,131.64,17,2,0,58.78,SAME
1,100.0,38.24,2,0,0,82.35,HARDER
1,96.29,34.75,2,0,0,81.83,HARDER
4,25.0,177.17,20,5,3,34.47,EASIER
1,66.21,31.02,3,1,0,70.38,HARDER
5,27.28,254.22,23,5,4,36.49,EASIER
3,37.82,107.25,13,1,1,79.83,EASIER
3,35.51,122.32,14,2,0,54.62,SAME
5,28.46,228.67,20,2,1,66.46,EASIER
2,47.14,43.04,6,0,0,54.86,SAME
3,25.0,151.2,19,7,3,67.6,EASIER
5,29.25,139.31,19,1,1,48.33,EASIER
2,56.32,43.8,6,0,0,86.24,HARDER
4,36.48,115.69,16,1,0,83.02,HARDER
1,97.01,30.08,2,0,0,76.04,HARDER
5,28.27,146.61,19,1,0,85.77,SAME
5,25.0,300.0,26,8,4,41.39,EASIER
3,25.0,116.54,14,2,1,63.41,EASIER
5,28.04,192.1,22,4,1,77.19,SAME
4,29.66,145.79,16,1,0,56.17,SAME
5,33.76,179.41,19,1,0,48.0,SAME
1,94.25,29.13,2,0,0,85.89,HARDER
2,45.04,55.15,6,0,0,60.53,SAME
3,30.31,89.39,14,2,0,80.13,HARDER
5,31.36,209.35,22,4,2,62.35,EASIER
5,29.19,188.42,23,5,2,58.67,EASIER
3,27.08,84.3,13,1,0,89.77,HARDER
2,36.3,83.2,9,3,1,62.06,SAME
4,25.0,206.45,23,8,3,61.47,EASIER
1,96.95,25.68,2,0,0,69.08,HARDER
4,28.49,191.55,21,6,2,43.89,EASIER
3,31.1,100.8,12,0,0,72.85,HARDER
3,25.0,166.15,16,4,2,29.34,EASIER
3,25.0,167.48,18,6,3,51.94,EASIER
1,97.14,20.0,2,0,0,90.85,HARDER
4,25.0,250.0,28,13,2,60.78,EASIER
5,34.62,261.66,19,1,1,36.46,EASIER
4,31.42,115.55,16,1,0,65.16,HARDER
2,31.01,104.41,10,4,0,46.06,SAME
5,30.7,153.22,18,0,0,81.39,HARDER
2,34.84,86.16,9,3,0,60.62,SAME
1,100.0,20.0,2,0,0,87.91,HARDER
2,25.0,103.51,11,5,1,63.51,SAME
2,38.96,84.88,7,1,0,60.84,SAME
1,63.36,57.75,3,1,1,61.84,SAME
5,28.44,219.74,20,2,1,57.75,EASIER
5,27.92,192.73,21,3,1,61.9,EASIER
5,25.0,177.75,20,2,2,82.98,EASIER
1,70.79,33.81,3,1,0,47.78,SAME
3,25.87,85.03,13,1,0,79.1,HARDER
1,65.39,25.28,3,1,0,77.46,HARDER
3,27.29,87.76,13,1,0,100.0,HARDER
2,48.34,64.37,6,0,0,83.31,HARDER
1,100.0,37.84,2,0,0,65.7,HARDER
4,27.58,117.98,18,3,0,80.55,HARDER
2,25.0,86.4,11,5,2,63.81,EASIER
5,34.33,133.64,20,2,1,83.99,EASIER
1,100.0,34.52,2,0,0,90.62,HARDER
2,41.63,47.03,7,1,1,62.74,EASIER
4,30.14,219.6,19,4,2,62.65,EASIER
5,27.04,280.8,22,4,3,70.72,EASIER
5,25.0,235.03,23,5,4,69.95,EASIER
4,33.83,249.81,20,5,3,51.24,EASIER
2,35.97,60.2,7,1,0,60.47,SAME
5,29.31,133.03,21,3,0,74.54,SAME
2,36.9,83.08,9,3,0,68.89,HARDER
4,28.85,202.75,19,4,4,50.45,EASIER
4,25.0,205.12,19,4,3,38.38,EASIER
2,51.1,47.74,6,0,0,77.4,HARDER
1,96.26,20.0,2,0,0,70.19,HARDER
1,100.0,29.33,2,0,0,68.73,HARDER
3,31.14,80.49,13,1,1,100.0,EASIER
4,37.17,93.59,15,0,0,54.52,SAME
2,40.8,48.3,7,1,0,70.56,HARDER
2,47.64,67.3,6,0,0,76.26,HARDER
5,38.74,130.82,18,0,0,88.74,SAME
1,99.77,20.0,2,0,0,85.5,HARDER
4,27.22,208.3,20,5,2,48.6,EASIER
1,68.76,38.39,3,1,0,85.13,HARDER
4,27.99,214.92,17,2,2,55.62,EASIER
5,25.0,205.35,23,5,1,48.8,SAME
5,30.92,159.93,21,3,2,78.72,EASIER
1,97.1,20.0,2,0,0,84.25,HARDER
5,26.42,300.0,22,4,3,41.22,EASIER
5,25.0,213.85,22,4,3,65.22,EASIER
2,56.45,40.54,6,0,0,100.0,HARDER
4,32.59,138.81,16,1,0,37.87,EASIER
3,29.53,131.47,14,2,1,78.24,EASIER
3,26.81,149.39,14,2,1,76.26,EASIER
4,33.95,130.19,17,2,1,64.67,EASIER
5,33.12,128.8,18,0,0,77.04,SAME
5,25.7,300.0,27,9,6,34.02,EASIER
3,26.5,131.75,15,3,1,53.16,EASIER
4,25.11,180.3,20,5,3,77.29,EASIER
1,99.47,34.7,2,0,0,89.45,HARDER
3,27.47,155.47,15,3,3,66.46,EASIER
2,44.63,77.64,7,1,0,59.96,SAME
5,25.0,300.0,29,11,7,48.78,EASIER
4,25.0,201.26,21,6,4,74.15,EASIER
2,39.04,55.32,8,2,1,77.76,EASIER
5,33.85,148.41,20,2,2,94.75,EASIER
5,30.98,184.31,19,1,1,69.1,EASIER
1,100.0,55.86,2,0,0,68.24,HARDER
3,25.0,110.85,15,3,0,49.4,SAME
3,27.73,141.82,15,3,1,45.13,EASIER
2,34.19,93.5,11,5,3,36.0,EASIER
5,25.0,203.0,24,6,3,56.51,EASIER
1,37.4,27.78,5,3,1,83.96,SAME
3,28.73,112.9,14,2,1,56.0,EASIER
2,33.45,82.49,9,3,2,48.2,EASIER
4,31.92,179.47,18,3,2,54.44,EASIER
1,100.0,30.87,2,0,0,85.15,HARDER
3,27.12,91.58,12,0,0,100.0,HARDER
4,30.12,189.93,17,2,0,54.6,SAME
5,25.0,199.13,22,4,1,62.11,SAME
3,30.28,126.95,14,2,2,79.26,EASIER
1,50.01,51.72,4,2,0,72.63,HARDER
2,50.06,43.98,6,0,0,67.49,HARDER
3,25.0,155.36,17,5,1,66.11,SAME
1,25.0,53.52,8,6,0,50.43,SAME
3,25.0,180.86,18,6,3,28.45,EASIER
4,33.87,167.27,16,1,1,67.7,EASIER
2,46.63,69.06,7,1,0,75.35,SAME
5,25.51,270.76,24,6,2,48.81,EASIER
4,25.0,250.0,21,6,4,68.96,EASIER
4,33.64,114.13,16,1,1,96.39,EASIER
4,33.67,170.6,15,0,0,63.09,SAME
3,29.31,144.5,15,3,1,65.05,SAME
3,30.45,88.52,13,1,0,74.97,HARDER
4,30.42,218.13,19,4,4,50.49,EASIER
1,100.0,20.01,2,0,0,65.92,HARDER
3,31.25,74.47,12,0,0,85.32,HARDER
1,30.55,54.92,6,4,1,45.45,SAME
5,25.13,181.83,22,4,2,88.86,EASIER
3,27.89,159.99,16,4,3,76.28,EASIER
3,34.25,133.45,12,0,0,51.24,SAME
4,27.58,109.77,16,1,1,73.72,EASIER
1,99.33,26.38,2,0,0,60.78,SAME
1,66.81,38.6,3,1,0,51.97,SAME
2,48.27,47.18,6,0,0,86.34,HARDER
1,53.3,70.41,4,2,0,43.84,SAME
3,28.12,142.07,14,2,1,44.59,EASIER
5,29.72,214.87,23,5,5,51.57,EASIER
5,32.68,166.34,21,3,2,68.32,EASIER
5,28.77,272.4,27,9,8,54.1,EASIER
4,26.82,155.71,18,3,1,78.58,SAME
2,48.84,47.6,6,0,0,100.0,HARDER
2,49.66,80.08,6,0,0,87.6,HARDER
3,34.4,102.78,12,0,0,83.06,HARDER
1,49.6,40.77,4,2,0,59.12,SAME
5,26.94,241.46,25,7,3,63.14,EASIER
5,29.14,190.63,21,3,2,95.4,EASIER
2,34.73,114.45,10,4,3,50.85,EASIER
1,29.45,60.89,7,5,0,59.54,SAME
3,26.66,112.94,15,3,1,67.86,SAME
2,34.83,58.5,8,2,0,70.69,HARDER
2,48.31,33.28,6,0,0,95.45,HARDER
4,26.67,151.19,20,5,3,58.32,EASIER
2,32.31,67.96,9,3,0,59.75,SAME
3,32.6,71.77,12,0,0,77.27,HARDER
5,25.56,233.26,25,7,4,54.94,EASIER
5,35.05,222.6,19,1,0,69.02,SAME
3,29.81,163.46,16,4,1,57.72,SAME
3,29.68,91.53,14,2,0,95.38,HARDER
4,34.47,144.71,16,1,0,58.3,SAME
1,100.0,31.23,2,0,0,73.71,HARDER
5,30.63,135.61,19,1,0,92.31,SAME
4,25.0,220.89,19,4,2,79.18,HARDER
2,41.06,59.87,7,1,0,73.42,HARDER
1,43.06,56.92,5,3,2,42.37,SAME
1,40.03,54.09,5,3,0,50.71,SAME
5,34.2,168.8,21,3,2,81.56,EASIER
5,28.17,256.8,24,6,5,56.05,EASIER
5,25.83,138.57,22,4,1,80.22,SAME
5,26.98,222.68,21,3,2,56.21,EASIER
5,31.38,168.81,21,3,0,74.7,SAME
1,100.0,20.0,2,0,0,96.59,HARDER
2,52.53,61.73,6,0,0,68.24,HARDER
4,37.36,113.48,15,0,0,73.83,HARDER
3,28.62,124.1,15,3,0,83.7,HARDER
4,28.85,100.89,16,1,0,83.37,HARDER
4,25.83,159.93,18,3,1,82.32,SAME
1,70.51,40.0,3,1,1,78.99,SAME
5,27.35,146.23,20,2,0,79.77,SAME
1,100.0,23.25,2,0,0,100.0,HARDER
2,45.4,93.34,8,2,1,66.13,EASIER
4,30.51,117.53,17,2,0,77.42,HARDER
1,97.26,32.65,2,0,0,91.58,HARDER
1,100.0,25.8,2,0,0,89.33,HARDER
4,29.4,147.77,19,4,1,67.6,SAME
2,49.07,58.63,6,0,0,85.3,HARDER
4,28.82,190.74,19,4,2,66.58,EASIER
4,25.0,250.0,28,13,10,30.2,EASIER
1,100.0,20.0,2,0,0,80.55,HARDER
3,30.02,123.38,13,1,0,78.66,HARDER
1,100.0,40.53,2,0,0,60.56,SAME
5,27.58,213.33,22,4,3,49.77,EASIER
2,33.87,82.46,9,3,2,78.63,EASIER
1,98.77,22.3,2,0,0,74.16,HARDER
3,27.06,122.35,14,2,1,67.42,EASIER
4,25.0,166.33,20,5,3,70.42,EASIER
1,46.79,22.04,4,2,1,56.87,SAME
4,25.0,162.05,18,3,2,90.67,EASIER
3,25.59,159.07,16,4,3,44.25,EASIER
3,28.42,85.63,14,2,1,89.14,EASIER
2,52.79,47.51,6,0,0,100.0,HARDER
5,34.28,131.65,18,0,0,90.04,SAME
2,46.89,49.63,7,1,0,100.0,SAME
4,33.8,131.36,17,2,2,57.73,EASIER
3,29.88,180.98,18,6,4,50.68,EASIER
1,69.6,55.03,3,1,0,43.4,SAME
5,37.01,151.67,18,0,0,85.52,SAME
3,25.0,172.7,20,8,2,73.94,SAME
5,27.08,184.02,22,4,2,47.07,EASIER
3,33.37,76.79,12,0,0,86.92,HARDER
5,27.07,197.06,26,8,3,65.47,EASIER
1,100.0,43.13,2,0,0,67.09,HARDER
4,25.55,144.65,17,2,0,90.99,HARDER
2,32.36,100.28,9,3,0,42.45,SAME
5,25.0,300.0,28,10,8,33.73,EASIER
3,31.64,78.75,12,0,0,100.0,HARDER
3,29.45,143.29,15,3,1,63.91,SAME
2,47.68,63.82,6,0,0,72.04,HARDER
2,38.67,44.81,7,1,0,72.61,HARDER
2,44.61,52.8,7,1,1,69.41,EASIER
1,30.43,80.71,6,4,2,63.82,SAME
3,32.22,122.89,13,1,0,79.82,HARDER
1,64.47,44.22,3,1,0,67.41,HARDER
1,70.48,20.0,3,1,0,58.42,SAME
5,25.0,234.15,19,1,1,55.23,EASIER
4,33.04,131.25,17,2,0,62.33,SAME
5,25.0,286.99,25,7,7,46.28,EASIER
4,25.13,196.64,20,5,4,73.25,EASIER
4,29.37,153.93,17,2,1,82.93,EASIER
1,98.0,31.38,2,0,0,100.0,HARDER
2,32.44,86.26,9,3,2,64.7,EASIER
2,52.99,45.59,6,0,0,88.01,EASIER
2,34.64,80.72,9,3,2,76.34,EASIER
3,32.75,85.6,12,0,0,88.51,HARDER
5,39.41,198.75,19,1,0,76.35,SAME
2,40.53,59.33,7,1,0,76.51,HARDER
2,43.93,57.5,6,0,0,85.82,HARDER
2,54.49,52.66,6,0,0,100.0,HARDER
3,28.02,94.1,13,1,1,89.86,EASIER
1,42.96,38.01,5,3,0,46.48,SAME
2,52.62,41.47,6,0,0,100.0,HARDER
1,100.0,20.0,2,0,0,74.27,HARDER
5,26.15,258.66,23,5,1,69.7,SAME
3,32.35,134.33,13,1,1,76.96,EASIER
4,28.46,157.73,15,0,0,44.88,SAME
3,29.57,87.14,14,2,1,90.54,EASIER
4,29.66,176.28,19,4,3,57.16,HARDER
3,25.0,144.24,15,3,1,75.98,SAME
2,54.04,51.69,6,0,0,71.48,HARDER
1,100.0,20.0,2,0,0,99.02,HARDER
4,33.82,159.37,17,2,1,58.96,EASIER
5,28.36,216.02,20,2,0,65.24,SAME
2,37.51,78.1,9,3,0,82.05,HARDER
5,29.85,202.2,22,4,1,48.26,SAME
5,30.56,156.04,19,1,0,95.66,SAME
1,98.1,42.21,2,0,0,68.72,HARDER
2,47.98,52.2,6,0,0,81.46,HARDER
1,48.1,39.55,4,2,0,62.42,SAME
5,29.66,198.18,22,4,2,62.01,EASIER
4,34.11,112.41,18,3,0,79.91,HARDER
2,25.0,141.08,13,7,3,58.35,EASIER
5,25.0,159.06,21,3,2,72.26,EASIER
1,63.76,43.29,3,1,0,77.05,HARDER
4,35.32,137.85,16,1,0,61.6,SAME
2,37.39,103.38,9,3,2,67.13,EASIER
5,32.12,215.08,20,2,0,69.43,SAME
5,28.76,158.22,19,1,1,66.79,EASIER
3,31.97,108.34,12,0,0,67.88,SAME
3,33.17,72.27,13,1,0,82.19,HARDER
2,43.35,55.58,7,1,1,54.86,EASIER
3,30.45,94.08,12,0,0,85.24,HARDER
1,100.0,22.98,2,0,0,91.57,HARDER
5,29.2,231.73,20,2,2,75.15,EASIER
1,67.85,36.21,3,1,0,73.11,HARDER
1,99.16,32.02,2,0,0,73.33,HARDER
2,38.24,73.04,7,1,0,59.1,SAME
2,30.62,75.15,9,3,1,71.51,EASIER
4,25.0,234.88,23,8,6,55.41,EASIER
3,30.29,116.94,14,2,1,54.63,EASIER
1,45.71,66.86,5,3,2,66.02,SAME
1,43.96,62.9,5,3,1,60.98,SAME
1,68.33,30.32,3,1,0,84.32,HARDER
2,38.99,81.12,9,3,2,86.01,EASIER
4,26.93,213.15,20,5,2,59.45,EASIER
2,30.58,79.39,9,3,2,70.44,EASIER
4,29.82,168.35,17,2,1,82.95,EASIER
3,27.47,164.52,16,4,3,46.79,EASIER
4,25.43,181.73,21,6,2,54.59,EASIER
5,34.76,114.85,18,0,0,95.12,SAME
4,31.12,114.86,16,1,0,78.04,HARDER
5,32.97,147.18,20,2,2,71.31,EASIER
3,27.12,147.19,14,2,1,42.39,HARDER
5,26.94,248.89,23,5,3,71.04,EASIER
1,45.99,36.72,4,2,0,68.78,HARDER
3,25.0,199.04,19,7,2,65.54,SAME
4,28.43,133.08,16,1,1,71.33,EASIER
4,32.94,129.91,15,0,0,77.53,HARDER
1,100.0,26.37,2,0,0,85.7,HARDER
5,25.09,265.85,26,8,4,50.72,EASIER
4,31.47,124.81,15,0,0,81.65,HARDER
3,26.11,123.2,14,2,0,71.08,HARDER
2,35.5,97.72,9,3,1,83.34,SAME
1,47.34,32.91,4,2,0,70.31,HARDER
5,31.82,190.13,22,4,1,83.09,SAME
5,31.43,165.64,20,2,1,92.11,EASIER
5,30.53,155.7,19,1,1,70.86,EASIER
5,25.0,300.0,24,6,5,25.02,EASIER
2,40.92,96.8,8,2,0,69.49,HARDER
4,36.73,135.49,15,0,0,75.77,HARDER
2,25.0,131.36,11,5,3,67.95,SAME
4,32.63,146.98,18,3,2,74.88,EASIER
3,38.44,81.13,12,0,0,87.44,HARDER
3,28.55,84.2,13,1,0,83.19,HARDER
5,25.0,201.75,20,2,1,62.9,EASIER
5,28.7,135.13,21,3,1,66.94,SAME
1,50.62,35.9,4,2,0,69.67,HARDER
4,25.0,125.69,18,3,1,73.88,HARDER
1,97.79,47.51,2,0,0,84.62,HARDER
4,25.0,243.62,21,6,4,42.58,EASIER
1,100.0,20.0,2,0,0,60.01,SAME
3,25.0,177.27,18,6,5,48.42,EASIER
2,52.32,36.24,6,0,0,84.94,HARDER
4,30.53,154.73,16,1,0,76.78,HARDER
4,28.21,144.69,19,4,1,71.54,SAME
5,32.45,289.28,20,2,1,39.7,EASIER
5,25.0,225.1,22,4,3,60.21,EASIER
3,33.85,108.4,13,1,0,71.05,HARDER
5,25.0,295.47,21,3,1,32.6,EASIER
5,25.0,300.0,29,11,7,48.77,EASIER
2,29.68,89.76,9,3,0,37.07,SAME
3,33.31,61.71,12,0,0,85.85,HARDER
2,45.78,56.61,7,1,0,79.43,HARDER
5,32.31,300.0,21,3,2,25.0,EASIER
4,34.27,114.07,15,0,0,59.24,SAME
3,35.12,85.89,12,0,0,68.68,HARDER
4,25.0,250.0,24,9,4,35.13,EASIER
2,25.55,152.18,13,7,5,41.68,EASIER
1,98.4,27.03,2,0,0,100.0,HARDER
2,36.89,68.59,8,2,0,64.21,SAME
2,35.5,72.9,8,2,1,59.4,EASIER
3,25.0,196.99,20,8,4,52.66,EASIER
5,25.0,262.43,26,8,4,50.74,EASIER
1,40.2,24.13,5,3,0,58.69,SAME
4,26.43,132.44,17,2,0,63.71,SAME
4,25.87,145.7,18,3,1,57.38,EASIER
3,25.0,178.91,16,4,4,62.9,EASIER
3,33.27,71.57,12,0,0,100.0,HARDER
4,28.71,155.86,15,0,0,53.44,SAME
5,29.85,221.43,20,2,0,62.21,SAME
4,25.0,195.04,20,5,3,66.47,EASIER
3,28.68,91.2,14,2,0,77.92,HARDER
4,34.72,96.0,16,1,0,97.21,HARDER
3,30.27,90.49,14,2,0,76.84,HARDER
1,99.49,41.84,2,0,0,86.35,HARDER
4,28.34,202.93,17,2,0,54.34,SAME
5,25.0,292.0,25,7,3,56.8,EASIER
3,28.31,141.71,15,3,2,72.38,EASIER
1,51.56,33.87,4,2,1,70.87,SAME
1,66.08,43.72,3,1,0,76.61,HARDER
1,49.95,55.82,4,2,1,45.33,SAME
2,42.64,67.85,7,1,0,60.44,SAME
5,25.0,183.98,21,3,1,84.76,SAME
5,29.51,141.27,20,2,0,73.97,SAME
4,28.57,206.29,19,4,1,48.27,EASIER
3,25.0,149.66,18,6,2,47.28,EASIER
3,25.0,188.22,16,4,3,63.15,EASIER
5,25.0,262.31,22,4,1,60.67,EASIER
5,25.0,300.0,28,10,9,44.7,EASIER
4,25.0,147.47,19,4,2,74.83,EASIER
3,33.81,68.96,14,2,0,75.53,HARDER
5,28.09,227.24,19,1,0,58.24,SAME
1,100.0,27.0,2,0,0,92.94,HARDER
2,25.0,160.0,14,8,6,48.75,EASIER
2,42.12,84.61,7,1,1,72.0,EASIER
4,31.8,128.78,17,2,0,93.02,HARDER
4,31.12,158.27,18,3,3,49.19,EASIER
5,27.74,180.96,20,2,0,58.93,SAME
3,26.77,167.14,16,4,2,43.68,EASIER
1,98.12,29.21,2,0,0,87.36,HARDER
2,53.95,58.76,6,0,0,92.31,HARDER
3,25.0,118.92,14,2,2,74.02,EASIER
3,36.28,79.68,12,0,0,90.04,HARDER
2,46.14,71.64,7,1,1,68.16,EASIER
1,69.53,26.41,3,1,0,77.99,HARDER
1,39.73,66.5,5,3,0,31.37,SAME
2,30.43,81.56,9,3,1,46.55,EASIER
2,47.56,39.04,6,0,0,72.04,HARDER
1,67.01,29.93,3,1,0,63.56,SAME
3,34.97,98.31,12,0,0,78.72,HARDER
1,100.0,25.43,2,0,0,78.85,HARDER
2,25.0,141.07,11,5,0,42.4,EASIER
5,27.33,278.22,23,5,3,36.17,EASIER
1,99.65,22.15,2,0,0,77.22,HARDER
3,25.0,141.48,17,5,1,50.58,SAME
2,50.79,43.08,6,0,0,94.43,HARDER
1,68.78,64.07,3,1,0,35.56,SAME
4,33.56,204.06,16,1,1,36.59,EASIER
5,25.0,166.09,20,2,0,77.26,SAME
1,100.0,38.78,2,0,0,83.38,HARDER
2,45.61,76.73,6,0,0,55.48,SAME
5,30.29,198.91,21,3,1,72.8,SAME
2,45.98,57.2,6,0,0,71.13,HARDER
5,36.12,172.41,19,1,0,71.06,SAME
4,35.69,85.94,15,0,0,100.0,HARDER
2,49.56,44.98,6,0,0,73.59,HARDER
5,32.12,206.88,19,1,1,61.75,EASIER
5,25.0,235.46,22,4,1,78.14,SAME
4,28.27,133.86,16,1,1,63.71,EASIER
2,50.84,34.06,6,0,0,84.98,HARDER
4,27.54,166.08,19,4,1,53.33,SAME
1,100.0,31.03,2,0,0,86.89,HARDER
2,36.21,88.37,8,2,0,60.91,SAME
3,38.01,110.8,13,1,0,86.16,HARDER
5,33.88,189.89,22,4,2,69.32,EASIER
1,100.0,22.74,2,0,0,85.52,HARDER
3,25.0,161.6,18,6,4,58.12,EASIER
4,30.84,128.57,17,2,1,73.26,EASIER
3,34.83,90.17,12,0,0,71.88,HARDER
3,28.18,67.98,12,0,0,99.57,HARDER
2,33.25,46.54,10,4,0,64.78,SAME
2,42.49,70.48,7,1,0,79.79,HARDER
1,66.44,45.19,3,1,0,73.08,HARDER
5,27.49,266.78,23,5,2,68.45,EASIER
5,26.03,146.22,20,2,2,80.18,EASIER
3,25.0,146.57,17,5,3,52.42,EASIER
3,28.18,123.03,14,2,1,67.42,EASIER
5,25.01,284.7,26,8,6,40.06,EASIER
3,36.42,78.67,12,0,0,100.0,HARDER
2,54.99,36.67,6,0,0,82.55,HARDER
2,33.45,88.76,8,2,0,65.89,HARDER
4,27.56,241.75,17,2,2,34.51,EASIER
4,29.48,149.68,17,2,2,63.13,EASIER
5,25.68,300.0,25,7,5,36.53,EASIER
2,33.73,100.76,9,3,2,84.36,EASIER
1,48.54,39.04,4,2,0,63.59,SAME
5,27.2,245.52,21,3,2,65.66,EASIER
2,34.9,65.77,8,2,2,80.16,EASIER
4,28.28,107.2,17,2,2,80.72,EASIER
4,34.2,189.79,20,5,2,39.41,EASIER
1,66.8,27.66,3,1,1,76.52,SAME
3,27.82,94.22,14,2,0,63.39,SAME
5,28.64,157.56,23,5,1,58.63,SAME
2,28.55,78.93,9,3,2,48.34,EASIER
4,31.93,140.75,15,0,0,67.73,HARDER
5,28.78,147.52,20,2,0,99.26,SAME
5,25.28,300.0,21,3,2,27.12,HARDER
4,25.0,237.74,22,7,3,48.16,EASIER
4,29.18,193.43,19,4,0,66.28,SAME
1,28.66,79.53,6,4,1,57.22,SAME
5,25.0,166.14,23,5,1,74.21,SAME
5,25.0,157.72,20,2,1,85.06,EASIER
4,33.41,94.44,15,0,0,99.98,HARDER
2,52.35,34.92,6,0,0,100.0,HARDER
1,98.29,20.0,2,0,0,66.92,HARDER
5,25.27,207.63,23,5,2,50.4,EASIER
4,28.0,109.98,19,4,0,77.11,HARDER
4,32.09,156.03,17,2,2,75.7,EASIER
5,29.85,249.61,19,1,1,67.43,EASIER
4,34.04,161.1,16,1,0,57.23,SAME
1,100.0,35.81,2,0,0,89.68,HARDER
5,30.06,164.85,20,2,1,66.76,EASIER
4,27.09,244.92,21,6,5,54.4,EASIER
2,36.11,81.65,8,2,1,44.99,EASIER
4,25.0,203.88,22,7,2,38.77,EASIER
2,49.93,62.4,6,0,0,85.4,HARDER
5,30.38,265.53,22,4,2,60.91,EASIER
3,30.8,119.31,13,1,0,74.05,HARDER
3,28.69,82.14,12,0,0,100.0,HARDER
5,26.61,174.06,21,3,1,61.36,EASIER
5,28.2,193.8,21,3,1,77.56,SAME
2,50.13,56.35,6,0,0,91.7,HARDER
5,27.19,208.03,22,4,2,62.29,EASIER
4,25.0,123.25,17,2,0,83.03,SAME
5,30.49,176.51,20,2,2,75.69,EASIER
2,45.3,47.93,6,0,0,74.69,HARDER
3,25.0,99.16,15,3,1,78.04,SAME
5,25.0,300.0,29,11,8,27.33,EASIER
4,30.86,89.16,15,0,0,78.66,HARDER
5,25.0,286.54,26,8,5,64.15,EASIER
3,26.5,145.31,14,2,1,78.5,EASIER
3,32.53,84.54,13,1,1,75.72,EASIER
5,25.0,192.59,21,3,1,62.46,EASIER
1,95.38,41.82,2,0,0,70.77,HARDER
2,42.45,45.92,7,1,0,68.9,HARDER
2,49.51,48.27,6,0,0,56.28,SAME
2,52.67,102.86,6,0,0,41.43,SAME
2,28.31,82.67,11,5,1,66.89,HARDER
3,30.89,80.59,12,0,0,81.74,HARDER
5,25.88,265.36,26,8,6,42.52,EASIER
2,40.76,62.11,7,1,0,50.57,SAME
2,29.42,150.36,9,3,3,53.16,EASIER
2,37.13,85.75,9,3,1,56.41,SAME
3,32.36,96.15,13,1,1,90.98,EASIER
2,45.71,30.0,6,0,0,66.62,HARDER
1,39.74,69.02,5,3,1,59.96,SAME
1,45.82,55.26,5,3,1,65.64,SAME
5,28.24,243.11,21,3,3,78.76,EASIER
2,38.29,83.28,8,2,0,67.99,HARDER
3,30.34,104.58,13,1,0,76.61,HARDER
1,100.0,49.41,2,0,0,70.08,EASIER
4,29.62,138.49,17,2,0,99.29,HARDER
1,65.72,20.0,3,1,0,100.0,HARDER
4,31.88,141.64,17,2,0,78.14,HARDER
3,37.21,112.63,12,0,0,75.45,HARDER
1,99.95,24.15,2,0,0,86.65,HARDER
2,25.0,145.7,14,8,6,43.5,EASIER
4,28.21,150.26,17,2,2,73.62,EASIER
1,95.6,24.92,2,0,0,88.68,HARDER
2,46.42,41.04,6,0,0,83.75,HARDER
1,45.88,67.32,5,3,0,71.75,HARDER
5,32.11,130.79,19,1,0,69.17,SAME
2,39.03,74.95,7,1,0,71.73,HARDER
5,25.0,201.79,22,4,1,64.84,SAME
2,37.65,73.21,8,2,0,71.2,HARDER
4,25.0,204.23,19,4,2,53.42,EASIER
4,32.95,109.27,15,0,0,79.35,HARDER
5,28.97,227.72,23,5,3,62.8,EASIER
1,99.04,25.26,2,0,0,62.63,SAME
1,37.48,75.59,6,4,1,44.76,SAME
1,100.0,20.0,2,0,0,86.12,HARDER
3,36.98,90.23,12,0,0,76.75,HARDER
4,27.51,136.09,17,2,1,69.37,EASIER
1,97.71,24.3,2,0,0,61.38,SAME
2,48.55,55.93,6,0,0,64.06,SAME
3,31.67,110.14,14,2,1,94.17,EASIER
4,25.0,220.25,19,4,2,37.09,EASIER
1,98.32,50.06,2,0,0,78.85,HARDER
1,66.75,38.42,3,1,0,75.07,HARDER
4,25.39,157.64,19,4,0,63.22,SAME
1,43.0,40.28,5,3,0,57.45,EASIER
2,50.43,40.28,6,0,0,88.78,HARDER
5,32.85,204.4,21,3,3,43.04,EASIER
3,29.93,145.87,14,2,0,76.58,HARDER
1,32.01,68.21,6,4,2,73.64,SAME
5,26.44,300.0,24,6,2,62.77,EASIER
4,29.57,106.41,16,1,0,59.22,SAME
4,25.0,228.44,24,9,5,48.06,EASIER
5,26.59,239.44,20,2,2,51.09,EASIER
5,25.0,212.86,23,5,4,69.12,EASIER
5,29.27,147.55,21,3,1,73.45,SAME
1,99.58,34.82,2,0,0,56.3,SAME
4,28.73,197.89,17,2,2,60.45,EASIER
5,29.56,188.12,22,4,1,63.25,SAME
3,35.3,108.37,14,2,0,68.03,HARDER
3,25.54,176.36,16,4,2,29.83,EASIER
4,25.0,194.92,21,6,2,55.2,EASIER
1,38.58,54.71,6,4,2,41.47,SAME
5,28.2,215.89,21,3,2,56.99,SAME
4,25.0,133.41,20,5,1,64.15,SAME
3,27.14,162.04,14,2,1,50.89,EASIER
1,68.99,22.46,3,1,0,77.55,HARDER
2,34.0,85.2,9,3,2,59.3,EASIER
4,25.0,248.68,19,4,3,57.58,EASIER
5,32.33,191.23,19,1,0,84.9,SAME
2,49.9,46.84,6,0,0,67.37,HARDER
5,27.77,168.56,20,2,1,68.87,EASIER
4,25.0,130.03,18,3,2,64.95,EASIER
1,69.2,27.85,3,1,0,61.25,EASIER
3,28.69,107.34,14,2,0,80.74,HARDER
3,25.82,92.81,15,3,0,89.28,HARDER
1,97.85,24.05,2,0,0,100.0,HARDER
5,25.69,175.86,22,4,2,64.69,EASIER
2,51.86,50.81,6,0,0,91.35,HARDER
4,25.0,250.0,21,6,4,68.09,EASIER
1,43.9,50.91,5,3,1,63.14,SAME
2,38.32,83.64,8,2,0,77.69,HARDER
2,34.31,74.95,9,3,0,63.91,SAME
2,50.84,58.75,6,0,0,80.39,HARDER
3,25.0,122.73,15,3,2,73.48,EASIER
2,45.52,42.73,7,1,0,61.96,SAME
4,28.3,146.12,18,3,2,72.14,EASIER
3,26.56,111.51,15,3,0,70.87,HARDER
4,25.0,250.0,22,7,5,31.72,EASIER
5,25.0,300.0,26,8,5,35.04,EASIER
1,100.0,31.96,2,0,0,67.54,HARDER
2,39.68,98.8,9,3,0,65.81,SAME
2,47.1,49.05,6,0,0,94.93,HARDER
1,65.62,25.39,3,1,0,72.19,HARDER
3,32.43,81.47,12,0,0,90.55,HARDER
4,31.4,160.03,17,2,0,83.05,HARDER
3,25.0,167.59,18,6,3,34.13,EASIER
1,26.86,71.83,6,4,0,46.99,SAME
1,98.67,22.15,2,0,0,70.62,HARDER
4,32.94,121.87,15,0,0,67.69,HARDER
1,47.91,62.79,4,2,1,65.34,SAME
1,97.39,20.0,2,0,0,95.99,HARDER
4,25.0,250.0,20,5,2,46.69,EASIER
3,32.66,82.04,12,0,0,62.31,SAME
2,50.44,46.14,6,0,0,82.03,HARDER
3,35.96,94.29,12,0,0,76.23,HARDER
4,25.0,125.14,22,7,1,89.76,HARDER
3,28.85,84.53,13,1,1,77.6,EASIER
5,32.58,161.31,21,3,2,60.3,EASIER
1,46.7,52.38,4,2,0,63.54,SAME
2,39.72,52.81,7,1,0,92.98,HARDER
1,71.49,49.38,3,1,0,86.1,HARDER
4,27.55,186.77,19,4,3,57.01,EASIER
2,48.38,54.66,6,0,0,89.19,HARDER
1,100.0,31.5,2,0,0,85.81,HARDER
4,30.21,137.31,17,2,1,85.92,EASIER
4,30.98,149.67,17,2,1,80.09,EASIER
2,48.61,54.57,6,0,0,84.16,HARDER
4,26.85,199.49,19,4,2,81.77,EASIER
3,31.26,82.85,13,1,0,72.66,HARDER
2,51.37,60.56,6,0,0,64.48,SAME
3,28.86,86.86,13,1,0,80.44,HARDER
3,25.09,129.94,15,3,2,51.28,EASIER
1,48.87,45.94,4,2,2,60.69,SAME
2,46.51,43.36,6,0,0,75.95,HARDER
1,68.81,60.58,3,1,1,63.01,SAME
2,36.59,73.54,8,2,0,71.63,HARDER
4,28.66,219.19,18,3,1,49.86,EASIER
1,68.75,45.63,3,1,0,66.51,HARDER
2,42.04,104.34,7,1,0,44.89,SAME
4,30.59,129.88,17,2,0,80.14,HARDER
5,27.85,284.08,23,5,3,48.56,EASIER
1,51.52,37.21,4,2,0,71.75,HARDER
2,56.33,75.77,6,0,0,91.57,HARDER
2,50.97,36.03,6,0,0,85.58,HARDER
2,52.25,58.56,6,0,0,83.41,HARDER
4,26.92,184.22,19,4,2,47.05,EASIER
2,44.16,66.27,7,1,0,70.51,HARDER
4,25.0,217.37,22,7,5,75.66,SAME
2,33.7,80.59,9,3,1,67.38,SAME
3,31.42,142.39,14,2,2,33.5,EASIER
3,33.28,99.64,15,3,1,74.1,SAME
2,46.03,52.0,8,2,0,62.79,SAME
5,25.74,246.58,21,3,1,69.32,EASIER
3,27.72,129.1,14,2,1,61.19,EASIER
3,26.79,161.81,16,4,3,27.21,EASIER
4,30.39,134.25,17,2,1,82.86,EASIER
5,25.0,300.0,29,11,7,51.45,EASIER
3,27.38,92.19,13,1,1,70.41,EASIER
5,25.0,242.7,27,9,3,74.76,EASIER
4,25.0,135.55,20,5,1,58.52,SAME
4,27.43,206.76,18,3,1,42.17,EASIER
4,26.99,208.58,19,4,1,61.39,EASIER
1,100.0,25.45,2,0,0,75.92,HARDER
1,63.81,32.09,3,1,0,34.92,SAME
4,36.71,121.93,15,0,0,70.26,HARDER
2,42.24,69.64,7,1,0,63.59,SAME
1,99.27,38.18,2,0,0,68.84,HARDER
4,27.82,180.0,19,4,2,65.69,EASIER
3,32.13,79.8,13,1,0,100.0,HARDER
2,45.85,88.05,7,1,1,57.3,EASIER
1,100.0,31.47,2,0,0,74.63,HARDER
3,33.76,82.47,13,1,0,83.52,HARDER
1,50.66,28.49,4,2,0,67.26,HARDER
2,42.52,97.25,7,1,0,51.8,SAME
1,62.02,48.54,3,1,1,54.75,SAME
5,25.0,215.08,23,5,3,49.8,EASIER
1,98.09,24.33,2,0,0,86.38,HARDER
3,28.5,55.62,15,3,0,67.73,HARDER
2,52.93,44.06,6,0,0,87.69,HARDER
1,99.91,22.9,2,0,0,72.68,HARDER
1,33.03,34.62,6,4,2,67.42,SAME
5,26.99,178.61,23,5,0,60.04,SAME
1,97.47,29.63,2,0,0,82.43,HARDER
4,27.99,179.56,17,2,1,83.07,EASIER
1,66.59,54.21,3,1,0,63.72,SAME
2,28.76,135.64,11,5,3,26.55,EASIER
3,27.27,83.77,14,2,0,73.26,HARDER
3,28.35,121.61,14,2,0,77.57,HARDER
4,33.86,145.93,15,0,0,73.06,HARDER
4,29.57,190.59,18,3,1,68.06,SAME
2,28.63,111.95,11,5,2,70.28,EASIER
3,27.44,156.96,16,4,1,44.06,SAME
3,28.42,111.26,14,2,1,75.02,EASIER
4,25.75,154.04,19,4,4,84.85,EASIER
5,25.0,250.83,25,7,6,44.29,EASIER
4,32.21,192.97,17,2,2,58.54,EASIER
2,48.09,41.48,6,0,0,81.58,HARDER
4,27.6,187.1,17,2,2,74.92,EASIER
2,25.0,121.1,13,7,1,42.8,SAME
1,98.31,28.9,2,0,0,81.71,HARDER
3,25.35,156.03,15,3,1,70.19,SAME
4,32.49,136.82,15,0,0,76.78,HARDER
1,99.12,40.86,2,0,0,65.47,HARDER
1,67.34,41.84,3,1,0,71.87,HARDER
3,26.07,130.57,14,2,1,55.07,EASIER
4,33.96,110.82,15,0,0,70.57,HARDER
5,32.44,167.84,19,1,0,75.69,SAME
1,64.34,42.91,3,1,1,70.5,SAME
4,26.44,206.16,20,5,2,63.72,EASIER
3,25.0,147.3,17,5,1,47.88,SAME
4,30.8,125.95,16,1,0,65.83,HARDER
2,47.66,49.71,6,0,0,94.92,HARDER
4,29.16,154.23,18,3,2,80.02,EASIER
1,100.0,20.0,2,0,0,93.04,HARDER
1,100.0,20.0,2,0,0,79.15,HARDER
4,32.77,133.39,18,3,1,78.09,SAME
2,36.62,71.55,8,2,1,70.98,EASIER
4,29.37,181.47,17,2,1,73.24,EASIER
3,31.63,84.23,13,1,0,92.44,HARDER
3,29.05,91.41,12,0,0,78.78,HARDER
2,42.3,76.66,7,1,1,58.04,EASIER
3,27.22,180.25,17,5,2,48.72,EASIER
2,47.14,65.13,7,1,1,69.74,EASIER
2,48.77,49.67,6,0,0,78.1,HARDER
2,35.17,73.2,8,2,1,59.51,EASIER
4,33.18,111.08,16,1,0,100.0,HARDER
3,25.0,130.73,15,3,2,75.98,EASIER
2,53.58,42.95,6,0,0,91.66,HARDER
3,33.25,65.4,12,0,0,92.02,HARDER
3,27.82,138.82,13,1,0,51.32,SAME
2,40.4,63.8,7,1,0,65.57,HARDER
2,34.66,60.71,8,2,0,74.31,HARDER
4,26.68,172.22,19,4,1,72.91,SAME
1,31.24,64.87,6,4,3,38.65,SAME
4,25.0,173.77,19,4,4,63.4,EASIER
4,35.65,133.82,15,0,0,80.38,HARDER
4,25.0,176.45,19,4,2,81.51,EASIER
4,28.81,91.1,15,0,0,80.61,HARDER
3,32.83,101.46,12,0,0,89.32,HARDER
1,100.0,39.13,2,0,0,86.82,HARDER
5,25.0,300.0,24,6,5,66.71,EASIER
3,31.95,87.67,13,1,0,83.65,HARDER
4,31.92,123.41,17,2,2,82.59,EASIER
2,47.64,39.86,6,0,0,84.14,HARDER
4,27.6,175.44,17,2,1,59.52,EASIER
4,35.14,115.12,16,1,0,67.37,HARDER
3,25.5,99.98,14,2,0,73.26,HARDER
4,30.73,121.54,19,4,1,75.82,SAME
3,25.0,116.66,16,4,1,70.91,SAME
1,50.47,55.42,4,2,0,44.86,SAME
4,25.06,176.5,17,2,2,59.02,EASIER
5,31.93,239.2,20,2,0,58.8,SAME
5,27.72,287.87,23,5,2,49.68,EASIER
3,25.0,80.5,13,1,1,89.56,EASIER
1,63.44,46.88,3,1,0,67.08,HARDER
3,25.0,111.65,16,4,1,58.64,SAME
4,33.22,127.18,17,2,2,74.13,EASIER
5,26.4,199.5,23,5,4,89.42,EASIER
1,66.37,20.0,3,1,0,97.07,HARDER
4,27.51,172.15,18,3,0,55.88,SAME
5,29.3,243.31,21,3,1,45.4,EASIER
5,25.0,269.62,23,5,5,34.08,EASIER
2,39.59,64.61,7,1,0,64.22,SAME
3,32.06,141.57,13,1,0,44.09,SAME
2,52.05,62.14,6,0,0,69.76,HARDER
2,50.81,50.43,6,0,0,95.82,HARDER
2,44.84,72.45,7,1,1,82.47,EASIER
4,29.14,159.27,17,2,1,55.92,EASIER
1,100.0,20.0,2,0,0,74.23,HARDER
2,41.48,51.65,7,1,0,88.11,HARDER
2,45.88,50.01,6,0,0,92.44,HARDER
1,100.0,49.33,2,0,0,75.89,HARDER
2,29.04,104.15,10,4,2,76.13,EASIER
5,28.0,151.93,20,2,0,62.12,SAME
5,28.1,269.58,23,5,3,35.67,HARDER
4,25.0,199.13,19,4,1,39.69,EASIER
1,97.78,43.49,2,0,0,69.29,HARDER
5,28.68,165.83,19,1,0,87.75,SAME
1,100.0,30.28,2,0,0,63.91,SAME
2,40.62,81.82,7,1,0,65.15,HARDER
4,28.35,152.72,18,3,0,71.09,HARDER
1,68.69,21.92,3,1,0,94.07,HARDER
4,25.0,165.39,19,4,1,51.49,SAME
3,27.6,109.42,13,1,0,60.14,SAME
2,50.34,40.66,6,0,0,44.49,SAME
3,26.39,98.63,12,0,0,69.55,HARDER
5,28.47,206.31,20,2,2,58.55,EASIER
4,34.86,112.16,15,0,0,85.24,HARDER
5,28.35,195.85,24,6,1,44.92,SAME
2,50.98,35.55,6,0,0,91.63,HARDER
5,25.0,282.05,26,8,6,52.84,EASIER
2,48.48,63.39,7,1,0,55.09,SAME
3,27.82,112.53,13,1,0,68.72,HARDER
1,99.62,20.0,2,0,0,99.14,HARDER
5,25.0,294.09,23,5,3,54.24,EASIER
4,32.5,153.65,19,4,0,79.24,HARDER
5,25.0,278.62,24,6,4,51.19,EASIER
1,100.0,27.62,2,0,0,73.3,HARDER
1,53.5,79.57,4,2,1,65.48,SAME
3,26.68,145.98,17,5,3,60.32,EASIER
5,37.3,169.74,19,1,0,74.41,SAME
3,31.29,118.71,13,1,0,80.25,HARDER
1,48.68,35.26,4,2,1,39.03,SAME
4,27.55,213.05,23,8,5,52.39,EASIER
4,34.87,149.98,17,2,2,78.43,EASIER
4,30.91,133.9,17,2,1,52.29,EASIER
4,27.38,116.06,16,1,0,82.94,HARDER
4,35.16,149.79,17,2,0,50.89,SAME
4,27.53,131.2,19,4,1,88.25,SAME
5,31.46,289.99,23,5,2,41.21,EASIER
5,27.1,181.07,23,5,4,75.28,EASIER
3,34.0,55.26,12,0,0,86.73,HARDER
3,39.32,103.98,12,0,0,80.67,HARDER
2,35.17,58.0,9,3,0,87.9,HARDER
5,25.0,206.19,25,7,4,67.33,EASIER
4,32.95,128.35,17,2,0,92.79,HARDER
2,55.93,63.03,6,0,0,71.73,HARDER
1,97.31,21.12,2,0,0,53.41,SAME
4,25.0,177.67,19,4,2,61.84,EASIER
2,40.3,62.62,7,1,0,60.68,SAME
2,46.76,60.69,6,0,0,68.97,HARDER
3,25.0,188.42,18,6,5,59.33,EASIER
5,25.0,239.41,24,6,3,49.02,EASIER
1,100.0,25.7,2,0,0,72.24,HARDER
5,28.29,251.43,22,4,3,49.49,EASIER
3,26.89,115.92,15,3,2,70.71,EASIER
5,25.0,248.42,22,4,3,71.46,EASIER
4,26.22,174.4,17,2,0,48.45,SAME
2,36.58,91.81,8,2,2,85.87,EASIER
1,97.75,27.09,2,0,0,100.0,HARDER
1,97.83,20.0,2,0,0,100.0,HARDER
4,27.35,116.97,17,2,0,86.29,HARDER
3,29.44,117.99,14,2,1,47.98,EASIER
1,60.96,31.36,3,1,1,82.02,SAME
1,68.52,20.74,3,1,0,88.0,HARDER
1,100.0,23.65,2,0,0,92.46,HARDER
3,25.0,179.31,19,7,2,67.09,SAME
2,50.71,48.99,6,0,0,70.69,HARDER
3,28.27,120.88,14,2,2,56.42,EASIER
3,38.23,61.84,12,0,0,100.0,HARDER
1,47.97,44.91,4,2,1,56.27,SAME
5,29.61,247.69,25,7,2,49.32,EASIER
2,38.82,50.82,8,2,0,59.69,SAME
3,25.0,158.58,19,7,2,69.61,SAME
1,67.47,29.9,3,1,0,66.47,HARDER
2,53.58,41.78,6,0,0,86.3,HARDER
3,25.0,117.82,15,3,0,58.0,SAME
3,33.46,81.09,12,0,0,66.7,EASIER
5,31.65,168.43,19,1,0,84.5,SAME
2,40.73,59.31,7,1,0,71.3,HARDER
1,98.98,25.64,2,0,0,71.49,SAME
3,33.37,75.59,13,1,0,77.97,HARDER
5,29.75,212.26,24,6,1,47.52,SAME
3,34.68,70.01,12,0,0,88.7,HARDER
5,25.0,218.11,23,5,1,79.05,SAME
5,25.0,260.52,27,9,5,42.52,EASIER
3,30.8,111.32,13,1,0,47.88,SAME
1,65.82,62.77,3,1,0,53.25,SAME
4,33.52,182.67,20,5,0,50.87,SAME
2,31.6,99.39,9,3,1,52.71,SAME
5,25.0,194.36,24,6,0,59.51,SAME
5,25.0,174.03,21,3,2,59.69,EASIER
4,30.58,127.4,16,1,0,57.11,SAME
2,35.38,72.88,9,3,1,61.95,SAME
5,27.55,294.35,22,4,1,41.54,EASIER
3,34.7,99.23,12,0,0,100.0,HARDER
4,25.0,193.92,21,6,5,91.18,EASIER
4,25.0,229.77,24,9,3,55.13,EASIER
4,27.8,183.21,18,3,0,72.95,SAME
1,64.07,43.61,3,1,0,82.95,HARDER
1,52.27,38.42,4,2,0,59.48,SAME
5,33.92,146.29,18,0,0,51.82,SAME
1,100.0,48.22,2,0,0,37.72,SAME
3,33.84,78.92,12,0,0,92.51,HARDER
2,53.71,64.26,6,0,0,70.47,HARDER
5,28.56,213.4,21,3,0,75.31,SAME
5,28.67,258.12,25,7,1,47.73,EASIER
5,25.0,208.57,25,7,2,87.2,SAME
1,25.0,116.45,11,9,3,37.23,SAME
3,30.74,111.97,14,2,0,86.54,HARDER
5,33.26,157.8,19,1,0,65.75,SAME
2,33.9,71.45,8,2,0,66.62,HARDER
3,25.0,155.11,17,5,1,52.44,SAME
4,27.0,155.3,18,3,1,59.68,EASIER
3,25.81,151.59,19,7,2,45.64,SAME
2,28.13,105.55,10,4,1,63.35,SAME
2,52.78,56.76,6,0,0,93.66,HARDER
1,32.66,76.49,6,4,2,77.5,SAME
5,25.0,233.77,26,8,1,61.98,SAME
1,70.87,46.76,3,1,0,90.73,HARDER
4,29.23,155.52,19,4,2,49.96,EASIER
4,25.0,198.72,21,6,3,39.8,EASIER
4,29.23,162.96,20,5,2,53.46,EASIER
2,49.13,66.8,6,0,0,86.73,HARDER
1,64.14,26.72,3,1,0,78.41,HARDER
5,30.1,238.84,19,1,0,62.96,SAME
2,26.77,89.5,10,4,1,71.59,SAME
2,50.25,39.19,6,0,0,100.0,HARDER
3,34.53,109.76,13,1,1,87.37,EASIER
4,27.39,111.38,18,3,2,78.56,EASIER
2,48.49,42.31,6,0,0,89.66,HARDER
2,38.04,82.98,8,2,0,73.1,HARDER
4,27.68,166.88,18,3,1,73.97,SAME
3,26.14,117.48,14,2,1,69.8,EASIER
5,33.36,156.61,19,1,1,69.23,EASIER
5,27.3,246.87,21,3,1,52.65,EASIER
1,64.91,29.78,3,1,0,46.91,SAME
5,32.82,168.96,20,2,1,80.87,EASIER
5,26.08,300.0,29,11,8,28.41,EASIER
1,100.0,25.93,2,0,0,74.34,HARDER
2,48.11,68.53,7,1,0,80.01,HARDER
1,66.97,28.55,3,1,0,100.0,HARDER
1,100.0,29.44,2,0,0,100.0,HARDER
1,67.08,39.52,3,1,0,72.56,HARDER
1,100.0,49.34,2,0,0,59.1,SAME
1,94.63,23.34,2,0,0,74.44,HARDER
4,26.41,151.01,18,3,0,69.11,HARDER
5,25.0,254.04,25,7,5,44.64,EASIER
1,97.83,24.97,2,0,0,74.34,HARDER
3,29.48,96.11,14,2,0,81.24,HARDER
1,100.0,22.65,2,0,0,100.0,HARDER
4,31.06,125.96,18,3,3,56.61,EASIER
4,29.15,143.77,18,3,1,81.84,SAME
2,53.33,51.52,6,0,0,66.58,HARDER
5,25.0,179.91,21,3,1,75.72,SAME
1,67.47,45.09,3,1,0,57.69,SAME
5,26.08,164.36,21,3,3,69.95,EASIER
4,29.51,141.39,17,2,0,72.18,HARDER
2,42.25,60.85,7,1,0,55.99,SAME
3,26.08,141.0,15,3,1,87.1,SAME
4,25.0,224.41,18,3,2,53.7,EASIER
4,35.41,99.93,16,1,0,71.0,HARDER
4,25.0,125.87,18,3,1,75.42,SAME
2,51.19,71.2,6,0,0,29.55,SAME
1,100.0,29.57,2,0,0,52.69,SAME
3,30.21,88.38,12,0,0,81.19,HARDER
1,29.51,71.41,7,5,1,42.9,SAME
4,34.07,137.37,15,0,0,83.18,HARDER
2,52.08,50.77,7,1,0,60.7,SAME
2,46.57,55.13,7,1,0,84.09,HARDER
2,25.0,115.46,12,6,2,48.85,EASIER
3,31.56,166.53,13,1,1,46.39,EASIER
5,29.97,157.81,20,2,0,73.74,SAME
1,45.12,55.38,4,2,0,52.06,SAME
3,25.87,197.7,18,6,0,33.34,EASIER
1,55.19,40.27,4,2,0,72.06,HARDER
1,98.61,33.55,2,0,0,72.12,HARDER
1,66.91,29.64,3,1,0,54.57,SAME
3,27.51,161.85,15,3,2,68.07,EASIER
3,25.0,150.88,18,6,1,41.38,SAME
2,54.02,30.0,6,0,0,98.9,HARDER
5,25.0,300.0,25,7,6,32.52,EASIER
3,25.0,155.02,16,4,2,48.53,EASIER
1,100.0,33.9,2,0,0,71.71,HARDER
4,33.3,111.18,16,1,1,67.52,EASIER
3,25.0,154.26,16,4,3,43.95,EASIER
5,32.2,201.41,19,1,1,84.07,EASIER
2,36.53,105.1,9,3,1,69.65,SAME
2,43.3,54.63,7,1,1,78.0,EASIER
1,96.01,47.26,2,0,0,87.79,HARDER
4,25.0,183.99,18,3,1,42.24,EASIER
1,98.59,38.49,2,0,0,80.31,HARDER
3,31.2,65.67,12,0,0,83.44,HARDER
3,30.28,133.79,15,3,2,38.9,EASIER
5,27.92,192.56,21,3,1,77.46,SAME
2,25.0,102.31,11,5,1,55.49,SAME
3,25.0,116.08,15,3,1,44.21,EASIER
1,95.58,20.0,2,0,0,65.01,HARDER
2,44.26,74.68,7,1,0,73.21,HARDER
5,28.04,243.81,23,5,4,53.98,EASIER
5,30.64,217.37,23,5,3,68.5,EASIER
3,25.0,129.38,15,3,2,64.29,EASIER
1,98.87,53.9,2,0,0,69.18,HARDER
5,27.31,188.66,22,4,3,52.88,EASIER
2,25.0,107.98,12,6,2,38.12,EASIER
2,44.87,49.56,7,1,1,82.49,EASIER
2,28.1,90.75,11,5,1,62.85,SAME
2,50.17,43.29,6,0,0,100.0,HARDER
4,34.51,192.47,17,2,0,46.69,SAME
4,25.0,137.8,20,5,1,65.74,HARDER
4,25.0,220.46,20,5,1,37.25,EASIER
3,31.77,165.14,14,2,1,58.25,SAME
2,34.2,92.49,10,4,1,90.52,SAME
1,100.0,23.43,2,0,0,81.87,HARDER
2,39.56,59.33,7,1,0,76.16,HARDER
2,44.41,54.3,6,0,0,69.42,HARDER
3,30.67,60.23,12,0,0,97.46,HARDER
4,26.32,128.6,17,2,0,91.77,HARDER
5,25.0,128.02,20,2,0,100.0,SAME
5,25.0,255.36,22,4,2,52.05,EASIER
2,51.49,45.92,6,0,0,94.8,HARDER
2,42.74,77.78,7,1,0,43.2,SAME
5,28.22,244.0,21,3,2,63.53,EASIER
3,27.15,100.07,14,2,1,67.68,EASIER
4,34.09,144.64,16,1,0,68.97,HARDER
4,27.22,152.33,18,3,1,65.17,SAME
2,41.38,62.97,7,1,0,63.74,SAME
3,25.0,137.52,16,4,1,68.26,SAME
5,35.42,148.02,20,2,1,91.17,EASIER
4,30.75,111.23,15,0,0,90.19,HARDER
5,25.0,300.0,27,9,7,64.89,EASIER
2,44.14,65.18,6,0,0,82.68,HARDER
1,64.2,30.46,3,1,0,72.93,HARDER
4,25.0,250.0,26,11,7,44.9,EASIER
5,25.0,195.92,24,6,4,69.38,EASIER
3,27.42,105.92,14,2,1,76.34,EASIER
1,53.04,55.23,4,2,0,62.84,SAME
1,40.01,57.17,5,3,0,57.98,SAME
3,30.64,111.05,15,3,1,73.38,SAME
2,51.06,59.08,6,0,0,79.83,HARDER
5,27.9,142.93,20,2,1,83.3,EASIER
5,26.47,265.64,21,3,0,57.67,EASIER
2,46.88,57.0,6,0,0,69.41,EASIER
3,25.0,175.95,20,8,4,62.4,EASIER
3,29.85,112.81,13,1,1,59.76,EASIER
5,27.71,287.27,21,3,2,48.73,EASIER
3,30.74,127.58,15,3,1,70.45,SAME
1,99.99,30.79,2,0,0,70.73,HARDER
4,33.84,127.07,16,1,1,82.84,EASIER
1,100.0,25.67,2,0,0,75.67,HARDER
3,36.95,83.02,12,0,0,74.17,HARDER
4,25.0,200.71,18,3,1,76.22,SAME
1,100.0,36.15,2,0,0,100.0,HARDER
5,25.86,272.05,21,3,2,55.95,EASIER
1,63.75,47.33,3,1,0,72.91,HARDER
3,34.9,82.76,12,0,0,87.08,HARDER
5,29.45,258.07,21,3,1,67.43,EASIER
2,43.57,87.08,7,1,1,63.41,EASIER
4,28.23,137.61,17,2,0,66.77,HARDER
3,28.52,116.38,14,2,0,64.81,SAME
1,97.58,56.86,2,0,0,61.65,SAME
1,100.0,29.09,2,0,0,71.9,HARDER
5,25.37,285.29,24,6,2,60.38,EASIER
5,38.76,194.88,19,1,0,67.1,SAME
4,30.63,124.12,16,1,0,55.52,SAME
1,48.77,85.02,5,3,2,54.52,SAME
3,25.73,110.45,17,5,3,73.67,EASIER
5,27.65,186.12,20,2,1,64.69,EASIER
4,30.91,156.69,18,3,1,66.59,SAME
3,31.38,132.69,13,1,0,54.98,SAME
4,31.45,110.22,16,1,0,88.8,HARDER
2,41.93,77.08,8,2,2,67.44,EASIER
5,38.2,145.17,18,0,0,74.81,SAME
2,50.52,69.51,6,0,0,76.8,HARDER
5,31.23,173.03,20,2,1,68.54,EASIER
1,100.0,20.0,2,0,0,93.59,HARDER
4,33.13,105.0,16,1,0,68.79,HARDER
3,31.53,107.87,13,1,1,64.96,EASIER
4,25.0,144.18,16,1,0,73.55,HARDER
2,35.64,68.34,8,2,0,59.4,SAME
4,25.58,236.78,20,5,4,37.03,EASIER
3,30.08,108.31,14,2,0,70.95,HARDER
2,47.22,38.58,6,0,0,76.64,HARDER
5,25.0,300.0,23,5,5,38.61,EASIER
5,26.59,245.61,24,6,5,59.49,EASIER
5,26.94,225.25,23,5,2,82.98,EASIER
4,25.0,104.68,20,5,1,54.86,SAME
5,26.41,173.88,21,3,1,86.64,SAME
5,25.0,250.29,20,2,1,70.51,EASIER
3,26.38,96.43,14,2,0,70.26,HARDER
3,25.0,141.76,18,6,4,60.2,EASIER
5,32.84,164.17,19,1,1,65.16,EASIER
1,98.04,26.85,2,0,0,80.22,HARDER
1,34.71,59.08,6,4,0,54.3,SAME
4,25.0,181.88,20,5,2,69.8,EASIER
5,25.24,300.0,22,4,2,54.36,EASIER
2,42.57,48.56,7,1,0,65.89,HARDER
4,33.45,169.1,15,0,0,64.55,SAME
5,25.0,290.74,26,8,5,41.51,EASIER
1,100.0,35.09,2,0,0,66.74,HARDER
2,48.46,48.19,6,0,0,87.38,HARDER
2,34.64,82.45,9,3,0,68.74,HARDER
3,25.18,175.75,14,2,2,57.05,EASIER
4,25.36,167.46,18,3,1,68.46,SAME
2,41.36,90.4,8,2,0,66.14,HARDER
1,68.46,41.15,3,1,0,74.66,HARDER
1,100.0,20.0,2,0,0,82.62,HARDER
3,29.37,142.68,13,1,0,61.55,SAME
1,99.66,30.96,2,0,0,82.87,HARDER
2,40.16,63.59,7,1,0,70.22,HARDER
1,100.0,28.31,2,0,0,94.01,HARDER
1,96.93,27.57,2,0,0,100.0,HARDER
4,27.58,175.36,19,4,2,53.96,EASIER
1,96.61,31.3,2,0,0,97.59,HARDER
2,37.55,61.92,9,3,1,77.86,SAME
4,25.72,179.47,21,6,3,60.22,EASIER
3,32.53,60.02,12,0,0,100.0,HARDER
4,27.11,149.21,19,4,2,70.22,EASIER
4,33.94,168.01,17,2,0,67.83,HARDER
1,68.37,51.56,3,1,0,62.25,SAME
4,35.6,102.89,15,0,0,83.35,HARDER
2,44.11,97.01,7,1,0,59.28,SAME
2,34.59,85.07,9,3,1,75.89,SAME
5,30.22,196.56,21,3,3,59.41,EASIER
3,40.04,116.79,12,0,0,80.16,HARDER
2,52.89,62.85,6,0,0,70.64,HARDER
3,31.29,74.46,12,0,0,80.16,HARDER
2,34.7,77.78,8,2,0,49.16,SAME
4,25.0,134.64,17,2,1,64.85,EASIER
2,50.37,90.27,6,0,0,49.16,SAME
2,51.1,64.61,6,0,0,80.13,HARDER
3,25.0,127.68,18,6,2,69.84,SAME
1,95.64,32.95,2,0,0,69.78,HARDER
3,25.42,133.87,16,4,2,47.62,EASIER
3,32.07,72.26,12,0,0,99.41,HARDER
5,34.19,179.12,19,1,0,59.68,SAME
1,99.9,20.0,2,0,0,88.9,HARDER
3,29.32,96.83,14,2,2,79.54,EASIER
2,56.93,58.5,6,0,0,66.52,HARDER
3,32.35,112.64,14,2,2,79.04,EASIER
1,100.0,24.09,2,0,0,65.93,HARDER
1,97.72,48.38,2,0,0,79.37,HARDER
4,34.71,181.22,16,1,0,54.33,SAME
4,39.51,132.34,15,0,0,71.34,HARDER
5,31.98,187.02,19,1,0,68.53,SAME
5,30.92,136.33,19,1,0,85.6,SAME
2,33.49,68.89,10,4,0,63.87,SAME
5,30.35,286.61,24,6,5,52.29,EASIER
1,100.0,20.0,2,0,0,87.72,HARDER
2,43.61,44.3,7,1,0,71.72,HARDER
1,100.0,22.3,2,0,0,88.94,HARDER
5,25.0,300.0,26,8,6,25.0,EASIER
2,48.2,58.6,6,0,0,82.0,HARDER
2,52.52,54.32,6,0,0,80.01,HARDER
2,31.33,105.45,10,4,2,59.15,EASIER
1,66.67,49.64,3,1,1,72.86,HARDER
4,30.32,170.14,18,3,0,57.55,SAME
1,97.68,28.4,2,0,0,91.6,HARDER
5,25.0,292.12,22,4,2,52.83,EASIER
1,64.86,47.23,3,1,0,74.36,HARDER
1,98.13,20.44,2,0,0,84.77,HARDER
1,69.97,52.56,3,1,1,51.76,SAME
2,53.57,53.86,6,0,0,64.57,SAME
4,26.21,181.36,18,3,2,64.21,EASIER
5,25.25,300.0,26,8,5,57.64,HARDER
4,26.47,117.46,18,3,3,76.87,EASIER
4,33.33,108.77,15,0,0,75.13,HARDER
5,25.29,205.31,21,3,3,75.57,EASIER
1,27.08,94.85,6,4,3,56.77,SAME
3,29.19,126.78,15,3,1,75.45,SAME
1,97.26,21.16,2,0,0,73.92,HARDER
4,25.19,184.5,17,2,1,54.45,EASIER
2,47.79,63.4,6,0,0,56.73,SAME
1,100.0,42.97,2,0,0,90.95,HARDER
3,27.37,186.35,17,5,3,43.45,EASIER
4,25.0,213.96,22,7,4,69.09,EASIER
5,27.23,188.7,21,3,1,62.54,EASIER
1,46.58,33.13,4,2,1,67.17,SAME
3,27.26,210.0,15,3,2,38.61,EASIER
1,97.02,20.0,2,0,0,99.21,HARDER
3,35.29,99.71,13,1,0,74.15,HARDER
3,29.18,137.76,13,1,1,69.74,EASIER
4,27.16,148.31,19,4,2,63.76,EASIER
3,26.34,156.96,17,5,2,45.23,EASIER
4,28.7,124.71,18,3,2,49.69,EASIER
2,36.87,68.37,7,1,0,69.6,HARDER
3,29.0,109.58,14,2,1,76.27,SAME
4,28.52,164.14,17,2,2,93.24,EASIER
1,100.0,21.88,2,0,0,92.41,HARDER
5,30.51,227.81,22,4,1,70.41,EASIER
2,51.56,42.79,6,0,0,100.0,HARDER
2,49.32,73.86,6,0,0,88.69,HARDER
4,27.01,122.79,17,2,1,71.31,EASIER
4,25.68,128.57,19,4,1,76.52,HARDER
3,25.0,148.86,17,5,5,42.2,EASIER
4,27.74,122.92,17,2,1,82.49,EASIER
2,52.74,50.37,6,0,0,94.84,HARDER
5,25.0,234.87,22,4,3,49.9,EASIER
1,48.66,49.06,4,2,2,63.26,SAME
4,25.71,173.53,19,4,2,64.59,EASIER
4,26.86,250.0,19,4,2,63.47,EASIER
2,33.62,103.12,11,5,1,43.04,SAME
4,29.98,162.64,18,3,1,57.73,EASIER
2,37.75,84.89,8,2,0,51.07,SAME
2,47.15,37.14,6,0,0,99.51,EASIER
5,30.68,145.71,21,3,1,60.27,SAME
4,25.0,232.75,20,5,3,57.44,EASIER
1,70.84,33.8,3,1,0,80.54,HARDER
2,52.31,50.14,6,0,0,57.35,SAME
2,25.0,125.64,13,7,5,55.01,EASIER
1,64.08,52.81,3,1,0,61.6,SAME
2,32.25,93.18,9,3,1,58.85,SAME
4,27.66,130.75,17,2,1,85.43,EASIER
2,51.16,38.61,6,0,0,92.07,HARDER
3,34.75,83.23,13,1,1,91.93,EASIER
1,25.28,66.37,7,5,1,46.06,SAME
3,38.56,97.83,12,0,0,71.8,HARDER
5,30.28,160.53,21,3,0,53.73,SAME
1,100.0,25.66,2,0,0,100.0,HARDER
3,30.06,95.87,13,1,0,77.43,HARDER
5,30.38,201.4,20,2,1,51.04,EASIER
1,100.0,26.99,2,0,0,70.69,HARDER
2,34.83,48.23,7,1,0,70.77,HARDER
5,25.0,300.0,22,4,3,35.98,EASIER
4,30.75,182.55,15,0,0,60.43,SAME
1,51.97,33.91,4,2,0,73.26,HARDER
5,25.0,204.21,25,7,5,47.9,EASIER
5,28.17,300.0,22,4,3,62.97,EASIER
4,31.05,148.82,17,2,0,76.23,HARDER
3,33.5,89.13,13,1,0,61.36,SAME
2,29.59,94.28,9,3,1,61.05,SAME
4,27.16,140.3,17,2,1,72.78,EASIER
4,25.0,143.67,21,6,2,48.7,EASIER
5,30.84,181.21,23,5,1,78.43,SAME
4,25.36,115.64,18,3,1,77.87,SAME
3,28.29,123.21,14,2,0,69.52,HARDER
2,35.52,112.86,11,5,1,66.14,HARDER
5,25.0,248.89,24,6,4,52.49,EASIER
1,96.21,27.93,2,0,0,90.99,HARDER
4,34.98,140.82,17,2,2,72.0,EASIER
4,29.81,138.68,15,0,0,74.88,HARDER
2,48.35,39.99,6,0,0,98.79,HARDER
4,25.0,250.0,24,9,6,57.88,EASIER
4,25.0,243.18,25,10,7,43.05,EASIER
4,32.78,179.61,18,3,3,60.24,EASIER
2,45.71,54.06,6,0,0,74.55,HARDER
3,25.0,192.94,17,5,3,40.57,EASIER
5,30.98,204.71,20,2,0,61.13,SAME
1,64.59,53.33,3,1,0,64.97,SAME
3,27.49,131.54,15,3,1,68.35,SAME
1,100.0,31.73,2,0,0,80.77,HARDER
3,25.44,119.63,14,2,2,50.4,EASIER
2,38.81,44.44,7,1,0,92.52,EASIER
4,25.0,143.77,17,2,0,71.34,HARDER
2,41.01,65.87,8,2,0,54.0,SAME
4,25.0,212.38,23,8,6,52.23,EASIER
3,26.78,96.14,16,4,2,72.98,EASIER
4,26.45,151.36,18,3,2,86.22,EASIER
5,25.0,300.0,24,6,3,54.48,EASIER
2,45.56,86.98,7,1,0,64.07,SAME
5,28.99,137.62,19,1,0,57.85,SAME
5,31.84,165.78,20,2,1,67.53,EASIER
2,45.57,52.99,7,1,1,75.49,EASIER
2,33.06,67.16,8,2,1,73.32,EASIER
4,28.76,132.82,17,2,0,78.2,HARDER
3,29.1,108.59,15,3,2,72.03,EASIER
1,70.88,26.47,3,1,0,85.12,HARDER
5,26.22,174.69,22,4,1,64.64,SAME
1,42.51,58.34,5,3,0,55.24,HARDER
4,26.99,196.04,18,3,1,57.75,EASIER
1,69.19,44.11,3,1,1,62.64,SAME
5,26.04,270.98,25,7,1,39.64,EASIER
2,38.11,62.88,8,2,0,65.56,HARDER
5,25.0,300.0,24,6,4,31.28,EASIER
3,25.12,142.15,17,5,2,75.54,EASIER
2,25.0,125.96,13,7,2,34.41,EASIER
4,28.77,137.87,18,3,1,43.81,EASIER
4,25.58,174.42,21,6,0,50.94,SAME
5,32.11,152.37,20,2,0,70.71,SAME
2,48.23,45.14,6,0,0,71.26,HARDER
5,25.0,240.68,25,7,3,32.79,EASIER
1,98.61,34.16,2,0,0,64.83,SAME
2,37.52,79.57,8,2,1,69.3,EASIER
1,64.65,29.52,3,1,0,56.73,SAME
5,31.99,206.79,23,5,1,73.51,SAME
4,25.0,238.36,20,5,3,49.83,EASIER
4,35.93,88.55,15,0,0,82.86,HARDER
4,25.0,189.16,21,6,3,77.16,EASIER
1,37.4,60.64,5,3,3,61.21,SAME
4,25.0,191.4,19,4,3,54.65,EASIER
2,48.95,39.84,6,0,0,74.83,HARDER
2,42.01,53.06,7,1,0,67.9,HARDER
4,27.54,139.95,20,5,1,81.4,HARDER
3,32.33,116.19,14,2,0,62.7,SAME
1,36.37,46.46,5,3,1,38.13,SAME
5,26.28,220.2,21,3,1,67.48,SAME
5,25.0,226.03,24,6,6,66.85,EASIER
1,98.91,21.65,2,0,0,48.45,SAME
4,25.0,128.02,18,3,2,70.48,SAME
1,55.87,53.61,4,2,0,45.54,SAME
1,100.0,20.03,2,0,0,75.48,HARDER
2,27.53,95.99,10,4,2,54.26,EASIER
2,38.59,74.63,7,1,1,71.69,EASIER
4,38.2,91.36,16,1,0,94.3,HARDER
3,28.23,96.67,13,1,0,100.0,HARDER
1,97.26,29.3,2,0,0,86.82,HARDER
2,39.95,58.84,7,1,0,73.91,HARDER
4,32.32,129.76,17,2,1,79.05,EASIER
3,25.0,155.82,17,5,3,65.31,EASIER
3,32.05,136.11,14,2,1,73.75,EASIER
5,25.65,140.91,22,4,1,85.51,SAME
5,25.47,142.66,22,4,2,69.68,EASIER
2,36.58,86.38,10,4,1,66.34,SAME
3,25.0,162.59,18,6,3,51.58,EASIER
1,99.44,44.59,2,0,0,72.44,HARDER
5,26.09,218.71,22,4,1,52.46,SAME
5,30.72,188.52,22,4,3,63.73,EASIER
3,25.0,188.05,17,5,2,49.86,EASIER
1,100.0,26.35,2,0,0,86.16,HARDER
3,27.41,150.8,14,2,0,67.06,HARDER
3,25.0,160.7,16,4,2,54.58,EASIER
3,25.85,81.37,13,1,0,71.29,HARDER
5,25.0,300.0,29,11,7,48.45,EASIER
2,25.0,100.77,11,5,2,57.09,EASIER
1,99.25,24.79,2,0,0,84.44,HARDER
3,27.3,88.55,14,2,0,100.0,HARDER
5,29.93,222.22,22,4,2,50.03,EASIER
1,98.47,46.4,2,0,0,74.39,HARDER
2,41.47,91.39,8,2,1,68.6,EASIER
3,34.1,82.24,13,1,0,95.08,HARDER
4,30.14,144.61,18,3,0,71.94,HARDER
4,25.0,250.0,24,9,4,34.49,EASIER
5,25.02,147.03,23,5,2,65.02,EASIER
5,28.5,201.42,22,4,2,76.34,EASIER
4,26.09,176.81,18,3,1,76.27,SAME
1,96.69,41.28,2,0,0,93.41,HARDER
1,100.0,37.56,2,0,0,80.31,HARDER
3,26.9,132.92,15,3,1,68.23,SAME
1,32.34,78.23,6,4,0,54.59,SAME
5,25.15,209.46,22,4,2,48.17,EASIER
1,99.57,22.19,2,0,0,64.75,SAME
3,25.0,102.74,13,1,0,69.82,HARDER
3,31.77,76.02,14,2,0,75.3,HARDER
5,25.0,195.98,23,5,2,63.47,EASIER
2,50.16,30.0,6,0,0,89.41,HARDER
3,25.0,75.77,14,2,0,64.39,SAME
5,36.48,151.14,18,0,0,72.64,SAME
1,98.2,20.08,2,0,0,57.62,SAME
2,47.23,78.6,6,0,0,73.09,HARDER
1,50.64,45.24,4,2,0,76.51,HARDER
3,25.33,78.55,16,4,0,76.48,HARDER
3,25.0,180.56,18,6,4,40.94,EASIER
1,100.0,20.0,2,0,0,71.59,HARDER
4,31.94,195.25,17,2,2,81.58,EASIER
5,30.16,206.92,20,2,1,65.95,EASIER
4,25.85,117.06,15,0,0,100.0,HARDER
4,27.47,220.29,21,6,4,50.32,EASIER
5,31.32,162.28,19,1,0,46.11,SAME
5,33.58,199.37,19,1,1,59.89,EASIER
5,25.0,199.28,21,3,2,54.31,EASIER
4,25.0,241.02,24,9,6,69.14,EASIER
4,30.94,190.24,18,3,1,60.39,EASIER
2,45.73,65.78,7,1,0,82.49,HARDER
3,34.31,79.74,12,0,0,99.43,HARDER
5,31.99,169.73,19,1,1,66.65,EASIER
4,25.0,250.0,26,11,7,29.01,EASIER
5,30.39,231.01,20,2,2,55.68,EASIER
3,25.0,154.23,17,5,2,55.81,EASIER
4,31.58,165.61,18,3,1,86.12,SAME
2,37.23,48.11,8,2,1,57.11,EASIER
5,25.94,300.0,22,4,3,32.53,EASIER
5,25.24,160.46,21,3,1,79.23,SAME
2,45.73,46.5,7,1,0,91.34,HARDER
2,37.35,74.54,8,2,0,60.58,SAME
3,26.6,88.33,14,2,0,94.84,HARDER
1,67.26,38.04,3,1,0,85.2,HARDER
2,47.41,48.71,6,0,0,63.14,SAME
2,43.57,74.5,7,1,0,86.5,HARDER
3,33.21,102.91,12,0,0,71.98,EASIER
1,31.03,76.56,6,4,2,41.66,SAME
4,25.0,223.23,21,6,5,48.57,EASIER
1,67.63,41.29,3,1,0,71.91,HARDER
3,27.19,121.0,14,2,1,60.59,EASIER
1,100.0,33.59,2,0,0,63.66,SAME
4,27.98,168.24,19,4,0,36.85,SAME
4,33.02,93.46,15,0,0,90.78,HARDER
3,27.62,109.73,14,2,1,60.91,EASIER
4,32.28,124.33,15,0,0,67.55,HARDER
1,100.0,20.0,2,0,0,86.41,HARDER
2,37.91,95.95,8,2,0,59.76,SAME
2,53.02,52.87,6,0,0,89.4,HARDER
4,25.08,185.84,19,4,2,65.2,EASIER
2,46.58,52.54,6,0,0,78.93,HARDER
4,31.05,100.7,16,1,1,68.98,EASIER
2,34.39,98.16,9,3,1,56.22,SAME
3,26.02,167.47,15,3,1,57.87,SAME
3,27.4,102.79,13,1,0,67.4,HARDER
2,35.44,76.25,9,3,0,64.43,SAME
4,32.48,144.24,17,2,1,43.96,EASIER
2,36.43,95.11,8,2,0,72.03,HARDER
4,28.34,161.61,19,4,2,53.42,EASIER
2,47.81,49.95,7,1,0,57.59,SAME
5,33.83,235.04,20,2,1,54.37,EASIER
4,35.82,120.73,15,0,0,86.19,HARDER
5,31.71,162.01,21,3,1,72.49,SAME
2,47.0,45.39,6,0,0,76.88,HARDER
2,31.8,48.78,8,2,0,87.95,HARDER
5,28.68,218.12,21,3,1,63.44,EASIER
5,29.01,163.94,22,4,0,64.85,SAME
4,29.95,174.62,17,2,0,63.05,SAME
3,25.0,147.89,15,3,2,75.82,EASIER
1,99.94,24.32,2,0,0,69.47,HARDER
4,29.47,123.25,18,3,2,52.44,EASIER
1,100.0,34.73,2,0,0,71.73,HARDER
3,25.0,157.79,15,3,2,56.55,EASIER
3,25.0,101.55,14,2,1,85.09,EASIER
5,25.0,193.29,25,7,5,52.89,EASIER
1,98.01,27.28,2,0,0,100.0,HARDER
3,33.72,87.97,12,0,0,68.99,HARDER
3,31.32,125.82,13,1,0,76.6,HARDER
2,43.65,42.12,6,0,0,70.81,HARDER
2,42.54,57.81,7,1,0,84.45,HARDER
2,38.01,76.14,8,2,0,82.91,HARDER
3,33.43,74.92,12,0,0,80.32,HARDER
3,26.77,91.61,14,2,0,82.36,HARDER
1,65.11,37.1,3,1,0,58.87,SAME
3,26.07,84.52,14,2,1,70.59,EASIER
2,34.51,106.95,8,2,2,56.19,EASIER
1,69.52,38.74,3,1,0,63.19,SAME
4,25.55,201.52,20,5,1,48.12,SAME
2,46.87,49.51,6,0,0,85.03,HARDER
5,31.39,120.03,18,0,0,85.42,SAME
3,29.31,112.04,15,3,1,63.72,SAME
1,100.0,20.0,2,0,0,77.13,HARDER
2,49.14,48.61,6,0,0,67.82,HARDER
4,29.5,188.97,18,3,2,51.09,EASIER
4,32.75,112.06,15,0,0,77.39,HARDER
1,100.0,29.04,2,0,0,74.95,HARDER
2,54.26,73.36,6,0,0,84.95,HARDER
2,36.53,98.9,9,3,2,77.07,EASIER
3,36.41,83.32,12,0,0,86.55,HARDER
3,37.65,81.87,13,1,0,77.45,HARDER
2,47.38,68.55,6,0,0,67.26,HARDER
3,35.89,112.38,12,0,0,83.02,HARDER
5,25.0,242.53,23,5,2,61.23,EASIER
4,25.58,213.38,18,3,2,48.0,EASIER
3,29.91,86.03,13,1,1,68.71,EASIER
5,25.0,158.68,21,3,0,79.37,SAME
2,30.76,87.59,9,3,2,40.39,EASIER
1,42.2,52.21,5,3,0,74.09,HARDER
5,28.48,199.46,22,4,3,49.62,EASIER
2,32.54,87.41,9,3,1,57.8,SAME
4,29.78,205.63,21,6,3,26.06,EASIER
3,29.27,93.08,13,1,0,90.08,HARDER
5,25.0,216.72,24,6,3,48.66,EASIER
4,25.0,211.21,21,6,1,44.09,EASIER
2,47.87,56.75,6,0,0,85.61,HARDER
3,30.26,113.7,12,0,0,73.0,HARDER
4,30.3,168.9,16,1,1,67.33,EASIER
4,34.08,102.37,16,1,0,96.47,HARDER
1,69.27,50.12,3,1,0,61.36,SAME
3,25.0,126.21,16,4,2,54.18,SAME
2,40.33,53.95,7,1,1,99.13,EASIER
2,35.58,78.58,9,3,1,31.76,EASIER
5,33.4,282.99,23,5,2,40.99,EASIER
1,48.55,21.11,4,2,0,50.91,SAME
1,40.08,48.44,5,3,0,65.61,HARDER
2,25.0,126.99,16,10,3,34.86,EASIER
2,43.28,72.47,8,2,2,65.81,EASIER
4,35.52,125.26,15,0,0,86.84,HARDER
5,28.76,239.47,20,2,1,33.6,EASIER
2,29.73,93.22,9,3,2,60.83,EASIER
5,25.0,254.48,24,6,2,47.79,EASIER
1,45.49,25.01,4,2,0,60.58,SAME
2,41.11,67.95,7,1,0,57.42,SAME
4,26.36,212.79,20,5,2,53.96,EASIER
1,63.57,47.67,3,1,0,67.79,HARDER
4,29.16,145.68,18,3,0,85.1,HARDER
3,29.56,106.08,14,2,2,91.79,EASIER
4,25.0,168.79,22,7,1,53.74,SAME
4,26.38,204.31,17,2,2,57.9,EASIER
2,51.54,54.32,6,0,0,59.91,SAME
2,42.85,86.5,7,1,1,74.27,EASIER
2,51.17,41.85,6,0,0,85.51,HARDER
3,32.79,76.93,12,0,0,93.69,HARDER
5,27.05,230.89,22,4,1,46.7,EASIER
4,25.0,178.27,19,4,1,44.44,SAME
3,37.27,115.93,13,1,0,64.48,SAME
5,26.27,160.72,20,2,0,59.11,SAME
5,31.12,228.73,20,2,0,86.41,SAME
1,100.0,32.51,2,0,0,94.03,HARDER
5,28.11,118.99,19,1,0,97.14,SAME
4,26.67,140.36,15,0,0,85.5,HARDER
3,27.71,81.16,13,1,1,70.6,EASIER
1,97.46,23.44,2,0,0,84.52,HARDER
1,68.08,35.18,3,1,0,87.94,HARDER
2,30.77,72.38,10,4,1,61.17,SAME
2,48.65,66.39,6,0,0,82.86,HARDER
5,25.06,243.35,21,3,1,60.23,EASIER
4,28.88,139.16,18,3,2,73.48,EASIER
5,34.06,167.05,18,0,0,66.29,SAME
1,64.58,20.0,3,1,0,93.98,HARDER
3,26.66,116.23,14,2,1,74.64,EASIER
1,99.01,26.54,2,0,0,82.89,HARDER
2,44.12,66.18,7,1,0,68.61,HARDER
2,40.97,66.37,7,1,1,73.02,EASIER
3,28.74,138.13,15,3,2,63.24,EASIER
5,33.24,210.53,20,2,1,63.35,EASIER
2,43.11,65.57,7,1,0,77.67,HARDER
4,25.0,157.76,18,3,1,68.81,SAME
5,28.38,228.02,20,2,1,62.68,SAME
2,42.62,79.26,6,0,0,59.22,SAME
3,28.06,113.28,13,1,0,64.61,SAME
4,31.05,111.7,16,1,0,88.4,HARDER
3,27.35,110.07,14,2,0,91.03,HARDER
5,35.4,164.7,18,0,0,83.59,SAME
5,31.92,148.03,19,1,0,82.28,SAME
1,99.73,23.3,2,0,0,76.85,HARDER
1,95.2,21.59,2,0,0,81.05,HARDER
1,100.0,20.07,2,0,0,60.99,SAME
4,25.0,147.8,21,6,0,92.6,HARDER
1,92.75,25.41,2,0,0,86.14,HARDER
1,99.16,46.25,2,0,0,60.98,SAME
3,27.69,137.08,14,2,1,53.64,EASIER
2,36.13,94.86,8,2,1,76.25,EASIER
2,37.68,110.87,8,2,1,63.02,EASIER
1,35.19,55.09,6,4,0,55.7,SAME
3,25.0,143.53,19,7,2,83.4,SAME
1,96.01,38.42,2,0,0,66.99,HARDER
1,99.75,30.2,2,0,0,100.0,HARDER
5,25.0,198.96,21,3,1,59.61,EASIER
1,100.0,31.75,2,0,0,55.81,SAME
5,25.0,292.52,22,4,2,31.25,EASIER
1,71.64,33.62,3,1,0,56.71,SAME
3,29.48,87.36,14,2,0,53.96,SAME
5,28.24,181.61,22,4,1,74.41,SAME
1,71.07,31.65,3,1,1,74.68,SAME
1,100.0,20.0,2,0,0,91.23,HARDER
2,47.65,57.36,6,0,0,79.17,HARDER
4,30.23,146.18,17,2,1,90.05,EASIER
3,25.67,107.61,14,2,0,68.47,HARDER
4,29.7,168.97,19,4,1,66.04,SAME
1,100.0,27.67,2,0,0,82.35,HARDER
5,25.0,192.53,22,4,1,66.01,SAME
3,26.27,119.94,15,3,0,62.51,SAME
3,25.0,80.5,13,1,0,64.93,SAME
3,35.03,93.39,12,0,0,76.24,HARDER
4,27.27,186.56,17,2,1,53.48,EASIER
4,33.57,122.36,15,0,0,72.34,HARDER
5,31.46,137.11,18,0,0,70.46,SAME
4,27.21,191.01,22,7,0,61.58,SAME
1,41.87,39.85,5,3,1,60.2,SAME
2,25.81,95.84,13,7,2,80.03,SAME
4,28.75,139.39,19,4,1,90.45,SAME
3,31.2,118.22,15,3,3,66.37,EASIER
3,26.52,136.32,15,3,1,73.61,SAME
5,25.46,206.83,21,3,2,57.07,EASIER
3,25.49,169.55,17,5,4,48.93,EASIER
2,44.83,73.7,7,1,0,65.71,HARDER
3,25.0,88.86,13,1,0,57.49,SAME
3,29.13,115.22,12,0,0,56.24,SAME
2,49.36,48.88,6,0,0,85.84,HARDER
5,26.12,296.27,26,8,3,59.87,EASIER
1,100.0,21.18,2,0,0,71.12,HARDER
5,25.0,159.3,24,6,3,78.31,EASIER
4,31.27,161.01,18,3,0,97.79,HARDER
2,53.66,54.25,6,0,0,81.23,HARDER
5,28.05,266.66,23,5,3,61.14,EASIER
3,25.0,135.23,15,3,2,72.13,EASIER
5,28.48,163.58,18,0,0,99.78,SAME
5,27.13,217.93,20,2,1,97.84,HARDER
5,32.29,212.34,21,3,2,63.67,EASIER
3,25.0,125.67,17,5,0,70.57,HARDER
4,28.45,215.04,16,1,1,51.86,EASIER
4,27.26,90.09,15,0,0,74.45,HARDER
2,37.65,62.32,8,2,0,71.42,HARDER
3,25.0,190.24,19,7,5,52.58,HARDER
4,29.29,129.32,18,3,1,82.78,SAME
2,44.71,85.86,7,1,0,60.97,SAME
2,41.23,117.11,8,2,2,25.0,SAME
3,32.05,80.63,12,0,0,100.0,HARDER
1,98.03,21.27,2,0,0,94.72,HARDER
4,25.44,140.77,18,3,1,71.93,SAME
5,31.34,199.7,19,1,1,70.44,EASIER
4,31.19,128.73,17,2,1,63.91,EASIER
4,26.59,123.2,15,0,0,75.28,HARDER
2,42.27,69.41,7,1,0,64.94,SAME
3,31.04,117.21,13,1,1,66.72,EASIER
1,65.35,34.99,3,1,0,75.58,HARDER
4,31.27,207.35,18,3,2,53.67,EASIER
2,27.18,99.54,10,4,2,52.48,EASIER
1,96.69,35.0,2,0,0,63.59,SAME
5,35.11,224.59,19,1,0,73.68,SAME
2,54.16,50.64,6,0,0,62.98,SAME
3,27.23,111.08,15,3,0,60.53,SAME
2,42.54,65.02,7,1,0,84.19,HARDER
2,43.67,63.6,7,1,0,80.0,HARDER
1,100.0,22.49,2,0,0,100.0,HARDER
1,100.0,27.37,2,0,0,59.35,SAME
2,36.27,82.21,9,3,1,62.68,SAME
1,100.0,35.62,2,0,0,69.34,HARDER
5,27.42,181.65,19,1,1,60.13,EASIER
2,35.89,99.51,9,3,0,47.27,SAME
4,25.0,189.97,17,2,1,57.78,EASIER
1,67.99,35.45,3,1,0,57.51,SAME
2,52.66,59.98,6,0,0,69.38,HARDER
3,31.05,78.88,13,1,0,79.6,HARDER
3,33.58,95.67,12,0,0,74.11,HARDER
5,29.97,195.42,21,3,1,70.34,SAME
5,27.96,242.98,22,4,2,74.6,EASIER
4,26.33,169.51,19,4,3,46.17,EASIER
1,100.0,43.36,2,0,0,62.65,SAME
3,25.95,127.73,17,5,1,87.5,HARDER
5,25.0,273.24,25,7,3,55.3,EASIER
1,53.53,20.0,4,2,0,76.75,HARDER
1,63.49,61.25,3,1,0,62.01,SAME
3,26.23,114.52,15,3,1,52.74,SAME
1,64.84,39.4,3,1,0,73.52,HARDER
2,34.14,87.69,10,4,2,72.5,EASIER
4,27.8,155.71,20,5,1,81.1,HARDER
4,28.02,147.62,18,3,2,98.21,EASIER
3,31.41,101.16,14,2,0,82.98,HARDER
4,25.33,226.49,22,7,2,59.36,EASIER
4,25.0,215.66,21,6,3,58.71,EASIER
5,25.0,204.04,23,5,4,62.29,EASIER
1,94.0,20.0,2,0,0,89.16,HARDER
1,68.2,32.72,3,1,0,89.34,HARDER
2,46.33,84.01,6,0,0,73.68,HARDER
5,25.0,138.47,23,5,2,75.68,EASIER
2,42.28,41.28,7,1,0,81.5,HARDER
5,25.98,197.97,23,5,3,67.07,EASIER
2,43.76,52.05,7,1,0,86.68,HARDER
4,30.29,148.63,17,2,0,51.14,SAME
3,25.0,124.13,15,3,1,63.73,SAME
2,36.25,77.96,8,2,0,70.04,HARDER
5,25.48,260.63,22,4,2,42.49,EASIER
4,25.61,156.83,17,2,2,63.85,EASIER
2,49.35,59.71,6,0,0,90.08,HARDER
5,27.28,203.4,24,6,4,75.51,EASIER
1,53.4,24.6,4,2,0,95.18,HARDER
1,33.88,53.02,6,4,0,56.9,SAME
1,36.19,62.9,5,3,2,66.23,SAME
5,25.55,188.2,22,4,2,37.1,EASIER
5,27.37,218.66,21,3,2,51.14,EASIER
3,37.18,168.03,13,1,0,39.32,SAME
4,27.05,113.19,18,3,1,79.54,SAME
4,34.54,87.43,15,0,0,100.0,HARDER
2,28.79,95.17,10,4,3,54.87,EASIER
3,27.22,116.55,13,1,1,75.78,EASIER
4,27.88,177.05,19,4,1,91.51,SAME
2,46.23,53.03,6,0,0,90.82,HARDER
3,37.96,98.91,12,0,0,87.45,HARDER
4,27.42,140.49,16,1,1,83.06,EASIER
5,30.27,185.07,21,3,1,70.67,SAME
2,38.51,81.95,8,2,0,68.99,HARDER
2,45.75,66.24,6,0,0,73.04,HARDER
4,28.06,173.64,18,3,2,64.95,EASIER
1,44.1,52.59,4,2,0,58.57,SAME
1,95.88,20.0,2,0,0,100.0,HARDER
5,25.0,283.96,25,7,4,61.04,EASIER
5,27.99,140.48,20,2,1,95.22,EASIER
4,25.0,217.01,21,6,1,65.79,SAME
2,45.14,72.79,7,1,1,77.52,EASIER
4,27.93,202.1,21,6,3,68.4,EASIER
4,34.69,121.9,15,0,0,76.98,HARDER
2,45.24,83.86,7,1,0,41.73,SAME
1,95.78,28.85,2,0,0,80.3,HARDER
5,27.77,136.22,21,3,0,76.21,SAME
2,32.17,110.51,9,3,1,64.51,SAME
1,91.27,35.58,2,0,0,66.6,HARDER
2,46.43,42.45,6,0,0,88.68,HARDER
3,36.72,102.31,13,1,1,80.48,EASIER
5,29.82,134.45,21,3,2,82.74,EASIER
3,27.92,91.4,16,4,0,59.67,SAME
4,29.25,116.36,16,1,0,82.11,HARDER
4,38.68,126.46,15,0,0,54.71,SAME
1,65.26,41.93,3,1,0,51.67,SAME
1,100.0,24.44,2,0,0,97.97,HARDER
4,31.3,140.05,16,1,1,100.0,EASIER
4,29.58,96.41,17,2,0,64.38,SAME
5,25.16,284.85,23,5,4,34.86,EASIER
3,29.86,139.63,13,1,0,64.13,SAME
1,32.31,68.5,6,4,2,45.66,SAME
2,47.1,68.23,7,1,1,71.98,EASIER
4,27.35,117.89,16,1,0,85.85,HARDER
2,33.0,102.03,9,3,1,52.42,SAME
4,29.77,100.27,16,1,0,87.97,HARDER
5,28.98,243.07,23,5,3,37.13,EASIER
4,26.46,178.83,18,3,1,57.38,EASIER
3,29.53,122.61,13,1,0,54.17,SAME
1,100.0,29.87,2,0,0,82.11,HARDER
2,45.81,49.69,6,0,0,98.93,HARDER
1,95.79,22.45,2,0,0,66.24,HARDER
4,30.57,161.77,17,2,1,89.58,SAME
1,46.52,59.87,4,2,1,65.27,SAME
2,27.1,135.6,12,6,4,57.25,EASIER
5,33.97,239.14,20,2,2,46.54,EASIER
2,50.52,52.34,6,0,0,88.99,HARDER
4,32.04,133.82,16,1,0,69.57,HARDER
3,29.72,134.88,14,2,0,79.2,HARDER
4,25.0,238.84,26,11,4,59.71,EASIER
2,52.2,30.1,6,0,0,88.59,HARDER
4,25.0,185.53,20,5,1,62.54,SAME
2,30.77,87.14,9,3,1,63.14,SAME
3,25.0,185.3,20,8,2,25.24,EASIER
4,25.0,210.87,21,6,4,46.77,EASIER
2,46.18,44.95,6,0,0,80.82,HARDER
5,25.0,300.0,24,6,4,43.98,EASIER
4,27.26,170.27,19,4,0,88.01,HARDER
5,32.35,127.76,19,1,1,99.33,EASIER
4,32.26,150.63,16,1,0,63.21,SAME
4,29.89,160.0,19,4,2,55.71,EASIER
3,25.97,122.79,16,4,1,30.27,SAME
3,26.52,86.44,14,2,0,83.43,HARDER
2,32.83,56.02,9,3,1,79.57,SAME
2,40.55,79.12,7,1,1,63.79,EASIER
1,99.43,20.0,2,0,0,100.0,HARDER
5,28.96,185.56,23,5,1,77.92,SAME
3,25.44,138.96,15,3,2,58.18,EASIER
2,52.17,49.0,6,0,0,99.41,HARDER
3,25.0,159.67,17,5,2,65.62,EASIER
2,48.43,71.91,6,0,0,74.22,HARDER
3,35.95,103.59,12,0,0,73.43,HARDER
1,100.0,21.32,2,0,0,92.63,HARDER
5,33.2,146.35,20,2,1,66.78,EASIER
2,31.52,91.35,9,3,0,73.85,HARDER
4,29.11,223.45,21,6,4,42.71,EASIER
3,25.0,123.37,15,3,0,65.6,HARDER
4,26.25,199.8,19,4,2,61.03,SAME
1,98.39,20.87,2,0,0,89.53,HARDER
2,50.45,54.11,6,0,0,78.37,HARDER
2,38.06,104.57,8,2,2,51.62,EASIER
2,43.61,91.56,7,1,0,59.23,SAME
2,52.05,54.25,6,0,0,100.0,HARDER
5,31.24,132.91,20,2,2,80.03,EASIER
4,31.5,88.91,15,0,0,86.88,HARDER
5,32.85,247.06,21,3,1,56.43,SAME
1,54.71,39.69,4,2,1,62.19,SAME
5,26.43,217.4,23,5,1,65.3,SAME
5,26.45,197.52,20,2,1,99.19,EASIER
3,25.0,153.19,17,5,5,67.44,EASIER
2,32.98,89.18,10,4,1,71.51,SAME
3,25.0,136.13,15,3,1,43.27,EASIER
3,28.37,88.72,13,1,0,77.19,HARDER
3,28.98,124.89,16,4,1,68.16,SAME
4,25.0,224.03,22,7,3,37.43,EASIER
4,25.0,111.41,18,3,2,75.87,EASIER
2,37.81,46.25,8,2,1,55.66,EASIER
4,25.0,206.04,20,5,5,55.74,EASIER
2,39.43,82.84,7,1,0,38.23,SAME
4,25.0,196.0,18,3,3,59.73,EASIER
3,32.45,103.03,14,2,0,74.23,HARDER
1,48.52,36.22,4,2,0,69.23,HARDER
2,36.11,53.77,7,1,0,78.14,HARDER
2,49.45,64.15,6,0,0,96.8,HARDER
3,33.76,76.41,13,1,1,90.97,EASIER
4,30.31,112.8,15,0,0,90.75,HARDER
1,97.09,20.0,2,0,0,96.57,HARDER
5,34.15,273.11,23,5,3,58.6,EASIER
5,38.19,123.0,18,0,0,77.68,SAME
2,45.41,49.99,6,0,0,92.27,HARDER
4,25.0,246.41,25,10,3,46.94,EASIER
5,25.0,152.0,22,4,2,62.6,EASIER
4,25.0,193.31,20,5,1,62.18,SAME
5,29.91,143.61,22,4,1,88.76,SAME
1,43.36,68.62,5,3,2,36.2,SAME
5,25.0,216.01,28,10,1,69.46,EASIER
4,27.2,140.58,16,1,0,57.05,SAME
2,49.95,49.37,6,0,0,87.56,HARDER
5,36.77,261.96,22,4,3,58.06,EASIER
5,25.0,236.14,23,5,4,66.99,EASIER
4,25.0,250.0,19,4,2,50.61,EASIER
1,100.0,29.08,2,0,0,93.93,HARDER
4,42.1,93.84,15,0,0,99.31,HARDER
5,25.0,254.09,23,5,1,50.49,EASIER
5,29.59,121.2,20,2,1,80.6,SAME
1,92.96,20.0,2,0,0,73.59,HARDER
4,25.92,169.42,17,2,1,65.98,EASIER
5,28.52,209.57,22,4,2,75.74,EASIER
1,28.11,59.97,7,5,2,73.79,SAME
2,39.91,84.83,9,3,0,43.31,SAME
5,30.9,157.91,18,0,0,85.48,SAME
4,33.09,124.16,16,1,0,55.8,SAME
3,30.92,76.95,13,1,0,64.22,SAME
2,48.37,57.39,6,0,0,59.18,SAME
2,34.52,79.2,9,3,0,62.16,SAME
2,46.33,75.76,6,0,0,74.35,HARDER
4,28.3,143.41,18,3,1,53.92,EASIER
3,38.56,75.64,12,0,0,77.37,HARDER
4,28.79,92.96,16,1,1,86.13,EASIER
3,25.0,191.48,18,6,1,60.02,EASIER
5,28.49,254.01,24,6,3,61.21,EASIER
5,28.29,147.02,21,3,1,95.8,SAME
2,31.53,98.44,8,2,1,76.94,EASIER
4,32.23,162.0,18,3,0,58.21,SAME
5,29.71,143.45,19,1,0,100.0,SAME
1,66.08,45.96,3,1,0,75.54,HARDER
1,100.0,20.0,2,0,0,88.81,HARDER
5,25.0,255.26,21,3,2,69.8,EASIER
3,25.0,117.45,17,5,3,73.68,EASIER
3,33.79,63.98,13,1,0,72.39,HARDER
3,25.0,184.78,19,7,4,70.31,EASIER
1,96.62,28.59,2,0,0,76.14,HARDER
1,68.64,23.43,3,1,0,97.76,HARDER
1,99.11,23.33,2,0,0,92.48,EASIER
2,31.31,111.9,11,5,1,70.44,HARDER
5,25.0,300.0,24,6,5,42.16,EASIER
2,38.21,43.57,7,1,0,100.0,HARDER
5,25.0,258.89,24,6,2,43.71,EASIER
1,99.39,30.72,2,0,0,89.62,HARDER
1,100.0,25.57,2,0,0,76.16,HARDER
4,25.0,218.05,18,3,3,47.31,EASIER
5,27.21,176.58,24,6,2,57.93,EASIER
5,27.65,300.0,21,3,2,37.46,EASIER
1,34.24,67.92,6,4,2,61.98,SAME
5,29.1,152.05,18,0,0,59.75,EASIER
5,25.0,249.22,25,7,5,47.79,EASIER
5,28.63,221.04,21,3,2,38.45,EASIER
1,26.64,65.66,7,5,3,57.15,SAME
2,36.48,67.78,8,2,0,71.27,HARDER
1,51.33,73.51,4,2,1,58.9,SAME
5,25.0,300.0,23,5,4,65.78,EASIER
1,100.0,30.08,2,0,0,68.81,HARDER
3,33.17,127.31,12,0,0,78.95,HARDER
4,26.25,142.34,17,2,0,82.27,HARDER
5,27.35,166.12,20,2,1,92.13,EASIER
1,94.84,20.0,2,0,0,64.14,SAME
1,100.0,27.09,2,0,0,94.88,HARDER
2,50.1,56.48,6,0,0,85.12,HARDER
4,32.88,97.49,15,0,0,78.19,HARDER
3,31.67,128.66,14,2,1,57.71,EASIER
5,25.0,265.53,23,5,5,49.49,EASIER
5,27.26,245.33,22,4,4,51.11,EASIER
4,29.1,199.18,17,2,2,49.52,EASIER
4,25.0,236.79,24,9,5,62.17,EASIER
2,38.13,60.12,8,2,0,77.85,HARDER
1,100.0,26.41,2,0,0,90.48,HARDER
2,48.21,43.63,6,0,0,82.47,HARDER
1,100.0,26.84,2,0,0,83.57,HARDER
5,33.33,176.36,20,2,1,63.69,EASIER
5,28.69,297.0,24,6,2,58.23,EASIER
3,30.06,104.61,14,2,1,78.44,EASIER
3,26.01,131.91,14,2,1,63.2,EASIER
2,27.57,109.44,10,4,2,63.84,EASIER
5,27.62,255.31,22,4,2,53.05,EASIER
2,44.72,39.43,7,1,0,100.0,HARDER
5,28.72,198.39,25,7,3,65.59,EASIER
2,50.61,68.27,6,0,0,89.69,HARDER
1,100.0,34.59,2,0,0,91.29,HARDER
5,29.67,170.11,21,3,3,85.24,EASIER
1,25.0,92.49,8,6,3,57.32,SAME
1,100.0,20.4,2,0,0,74.37,HARDER
3,25.0,110.76,15,3,0,81.33,HARDER
4,25.0,250.0,20,5,5,59.24,EASIER
2,49.38,83.24,6,0,0,85.59,HARDER
4,25.0,170.34,21,6,3,87.91,EASIER
4,27.98,104.71,17,2,0,62.44,SAME
1,68.03,38.65,3,1,0,63.15,SAME
3,25.0,83.74,17,5,0,61.18,SAME
2,31.39,64.8,9,3,0,52.3,SAME
1,48.74,37.51,4,2,0,57.74,SAME
5,32.92,159.37,19,1,0,77.22,SAME
1,55.87,57.68,4,2,1,43.53,SAME
4,25.0,154.7,17,2,1,48.65,EASIER
2,36.82,86.8,8,2,1,73.71,EASIER
1,70.41,26.71,3,1,1,67.65,SAME
4,26.12,151.5,17,2,1,71.09,EASIER
4,30.96,139.53,17,2,1,74.51,EASIER
5,25.11,238.1,21,3,3,59.69,EASIER
1,64.17,34.48,3,1,0,70.86,HARDER
2,45.36,44.82,6,0,0,75.29,HARDER
4,29.81,160.81,18,3,1,74.68,SAME
5,31.47,165.41,23,5,1,78.07,SAME
5,33.98,152.25,18,0,0,93.41,SAME
5,28.81,264.88,22,4,2,59.44,EASIER
2,42.43,82.89,7,1,0,65.17,HARDER
4,25.0,247.41,20,5,3,60.36,EASIER
5,28.51,175.99,21,3,1,69.65,SAME
1,65.1,34.17,3,1,1,59.38,SAME
1,100.0,38.2,2,0,0,83.54,HARDER
5,28.83,300.0,24,6,5,36.87,EASIER
4,33.71,131.14,18,3,0,65.31,HARDER
1,93.75,32.26,2,0,0,67.84,HARDER
5,27.64,188.44,20,2,2,59.65,EASIER
4,25.0,176.85,19,4,2,59.45,EASIER
1,52.8,58.37,4,2,0,58.39,SAME
5,25.0,162.85,22,4,2,82.43,EASIER
4,29.18,151.46,18,3,0,75.73,HARDER
1,52.03,58.07,4,2,1,71.54,SAME
3,32.8,85.59,12,0,0,93.6,HARDER
1,100.0,20.0,2,0,0,69.41,HARDER
2,40.34,69.82,7,1,0,63.33,SAME
2,25.71,125.53,13,7,2,58.9,SAME
2,57.82,54.04,6,0,0,78.87,HARDER
2,52.66,53.98,6,0,0,80.45,HARDER
4,25.0,135.69,15,0,0,85.05,HARDER
4,27.33,187.04,21,6,2,72.31,SAME
4,29.19,133.51,17,2,0,83.48,HARDER
1,100.0,26.78,2,0,0,68.35,HARDER
5,33.31,165.15,21,3,1,63.46,SAME
1,36.37,61.56,6,4,1,65.59,SAME
2,30.55,101.11,10,4,2,49.2,EASIER
3,26.74,129.09,17,5,1,67.77,HARDER
1,100.0,23.37,2,0,0,83.47,HARDER
3,26.13,151.31,15,3,2,66.9,EASIER
2,46.87,38.24,6,0,0,65.73,HARDER
3,29.24,104.6,13,1,0,58.69,SAME
2,41.19,69.93,7,1,0,63.39,SAME
5,37.58,211.63,19,1,0,68.89,SAME
4,33.64,98.63,16,1,0,78.59,HARDER
5,27.5,235.96,22,4,3,87.2,EASIER
5,25.0,235.99,26,8,3,52.56,EASIER
4,25.0,189.08,22,7,3,63.81,EASIER
5,26.36,185.85,22,4,0,73.98,SAME
2,28.51,77.93,10,4,0,43.65,SAME
4,30.66,151.33,18,3,0,73.91,HARDER
5,25.8,219.77,21,3,2,71.38,EASIER
3,32.97,98.21,12,0,0,83.34,HARDER
5,32.26,178.25,23,5,2,72.48,EASIER
3,25.0,170.34,15,3,2,56.54,EASIER
2,41.88,55.75,7,1,0,69.34,HARDER
5,37.78,171.35,21,3,2,55.02,EASIER
3,31.77,135.84,15,3,2,62.2,EASIER
3,29.86,160.97,16,4,2,61.38,EASIER
1,40.48,47.9,5,3,1,62.08,EASIER
2,34.48,130.7,9,3,1,25.0,EASIER
4,26.35,180.62,18,3,2,58.4,EASIER
2,48.64,44.55,6,0,0,82.2,HARDER
5,25.0,218.3,25,7,4,52.34,EASIER
1,52.99,54.24,4,2,0,73.0,HARDER
5,31.17,205.69,21,3,2,48.27,EASIER
2,44.58,53.57,6,0,0,83.74,HARDER
1,25.0,106.61,9,7,4,46.68,SAME
2,27.87,114.88,10,4,2,65.12,EASIER
3,25.99,119.02,15,3,2,64.51,EASIER
5,25.0,200.77,23,5,2,59.22,EASIER
4,28.27,120.82,16,1,1,82.88,EASIER
3,29.55,79.14,13,1,0,81.72,HARDER
3,25.0,210.0,18,6,3,32.19,EASIER
3,25.0,131.71,17,5,2,67.72,EASIER
4,31.87,166.68,16,1,1,67.33,EASIER
3,33.7,69.82,12,0,0,92.22,HARDER
2,42.91,47.95,6,0,0,94.74,HARDER
1,100.0,54.88,2,0,0,65.9,HARDER
3,32.06,68.82,12,0,0,97.64,HARDER
3,29.27,145.03,16,4,1,66.41,EASIER
4,27.54,136.06,17,2,1,75.46,EASIER
5,25.0,240.96,31,13,6,61.83,EASIER
2,49.11,56.9,6,0,0,65.5,HARDER
3,31.7,108.77,13,1,1,55.58,EASIER
5,27.57,165.63,21,3,0,56.31,SAME
1,97.23,32.82,2,0,0,100.0,HARDER
2,54.13,41.01,6,0,0,100.0,HARDER
5,34.23,166.36,19,1,0,68.91,SAME
2,48.72,52.9,6,0,0,93.48,HARDER
4,36.35,162.48,16,1,1,68.64,EASIER
3,25.69,149.34,16,4,1,62.06,SAME
4,29.2,126.12,17,2,1,99.69,EASIER
4,35.57,114.43,15,0,0,69.54,HARDER
5,30.55,136.61,18,0,0,83.69,SAME
3,27.55,79.5,12,0,0,77.29,HARDER
3,33.26,95.34,13,1,1,89.39,EASIER
1,39.39,66.14,5,3,1,63.16,SAME
3,28.48,111.34,16,4,0,64.1,SAME
5,25.0,265.65,22,4,3,47.97,EASIER
4,26.77,197.39,20,5,1,59.59,SAME
4,28.45,184.22,18,3,1,61.77,EASIER
2,38.31,65.15,8,2,0,60.95,SAME
3,35.95,85.57,12,0,0,73.99,HARDER
4,25.0,136.2,18,3,0,87.01,HARDER
4,26.98,179.53,18,3,2,64.55,EASIER
3,29.46,97.78,14,2,0,76.95,SAME
2,38.96,49.49,7,1,0,60.32,SAME
5,31.05,276.5,20,2,2,45.15,EASIER
5,30.23,187.83,19,1,0,55.18,SAME
4,30.61,170.73,17,2,2,47.18,EASIER
4,25.0,219.46,24,9,4,63.8,EASIER
5,29.52,199.41,20,2,2,69.78,EASIER
4,29.37,129.62,17,2,0,60.67,SAME
4,25.0,137.7,20,5,0,77.51,HARDER
4,32.55,157.46,15,0,0,89.27,HARDER
2,26.28,96.25,10,4,3,69.44,EASIER
5,25.0,300.0,26,8,6,44.95,EASIER
4,30.15,157.23,17,2,0,39.48,SAME
1,97.7,36.24,2,0,0,68.2,HARDER
1,40.95,73.51,5,3,1,44.61,SAME
5,25.0,159.59,22,4,1,65.84,SAME
1,62.0,20.16,3,1,0,93.51,HARDER
1,27.0,81.07,7,5,3,42.74,SAME
1,68.4,39.36,3,1,1,86.35,SAME
5,35.24,202.93,19,1,1,65.27,EASIER
1,98.93,25.31,2,0,0,98.52,HARDER
4,26.56,118.89,19,4,2,63.45,EASIER
4,25.0,133.4,19,4,0,61.82,SAME
5,25.0,300.0,23,5,4,37.15,EASIER
1,100.0,34.34,2,0,0,70.33,HARDER
3,33.43,55.27,12,0,0,100.0,HARDER
5,25.0,223.15,24,6,5,71.61,EASIER
4,30.24,140.68,18,3,1,73.85,SAME
3,26.14,102.08,13,1,1,92.79,EASIER
3,26.43,72.5,12,0,0,51.0,SAME
3,29.82,74.96,13,1,1,53.33,EASIER
5,29.14,190.96,20,2,2,69.94,SAME
1,100.0,35.36,2,0,0,63.14,SAME
5,26.88,143.62,20,2,2,50.8,EASIER
3,25.46,84.58,14,2,0,83.59,HARDER
4,32.88,100.24,16,1,0,82.92,EASIER
2,28.35,108.02,11,5,2,69.03,EASIER
3,25.0,156.8,16,4,2,32.64,EASIER
3,37.03,85.03,12,0,0,80.81,HARDER
5,25.0,287.82,25,7,4,55.83,EASIER
5,33.08,189.75,20,2,0,74.04,SAME
3,32.41,108.19,14,2,2,71.29,EASIER
4,32.72,117.58,15,0,0,82.89,HARDER
3,31.08,98.53,12,0,0,100.0,HARDER
3,29.3,81.32,12,0,0,79.03,HARDER
2,47.54,44.41,7,1,0,75.57,HARDER
4,25.62,145.23,17,2,1,77.24,EASIER
2,41.82,67.41,7,1,0,92.23,HARDER
5,25.0,234.01,21,3,0,67.16,SAME
1,71.33,41.72,3,1,0,74.14,HARDER
1,68.15,46.3,3,1,0,70.08,HARDER
2,44.43,92.76,7,1,1,46.47,EASIER
1,96.49,25.53,2,0,0,62.93,SAME
1,66.83,44.52,3,1,0,49.08,SAME
4,29.29,192.76,17,2,2,64.25,EASIER
4,25.0,241.87,23,8,6,35.77,EASIER
2,47.7,49.8,6,0,0,100.0,HARDER
1,97.61,25.61,2,0,0,69.95,HARDER
5,27.13,237.07,23,5,2,66.11,EASIER
2,37.0,76.12,8,2,0,76.98,HARDER
1,97.25,20.0,2,0,0,94.02,HARDER
1,97.09,20.0,2,0,0,88.31,HARDER
5,25.0,235.74,21,3,2,53.37,EASIER
4,30.46,108.65,17,2,0,73.21,HARDER
4,25.0,204.92,20,5,2,69.3,EASIER
3,27.65,158.08,15,3,1,36.83,EASIER
3,25.0,138.56,15,3,1,73.85,SAME
4,36.5,126.07,16,1,0,62.54,SAME
1,63.11,46.93,3,1,1,64.91,SAME
2,51.25,45.23,6,0,0,95.5,HARDER
5,29.59,183.01,21,3,0,80.53,SAME
4,32.43,128.92,17,2,1,90.86,EASIER
3,25.0,166.71,16,4,2,67.89,EASIER
1,100.0,34.38,2,0,0,72.64,HARDER
1,31.57,74.62,6,4,1,54.9,SAME
3,28.39,96.4,12,0,0,81.58,HARDER
4,25.0,181.39,20,5,1,55.2,SAME
2,42.88,51.96,7,1,0,89.08,HARDER
3,31.31,104.39,13,1,0,90.58,HARDER
1,97.95,33.49,2,0,0,49.37,SAME
3,32.62,64.13,12,0,0,84.89,HARDER
1,66.82,33.73,3,1,1,95.45,SAME
5,29.42,113.41,18,0,0,85.5,SAME
3,32.49,94.21,12,0,0,100.0,HARDER
3,31.04,112.74,14,2,1,65.85,EASIER
1,35.49,31.7,6,4,0,76.94,HARDER
2,25.0,62.69,10,4,1,70.8,SAME
2,31.14,92.21,9,3,1,59.89,SAME
5,25.0,222.45,22,4,1,52.15,SAME
4,32.57,122.93,15,0,0,91.63,HARDER
2,48.02,57.36,6,0,0,82.49,HARDER
4,27.72,185.39,19,4,3,53.28,EASIER
3,25.0,178.07,18,6,1,63.18,EASIER
1,100.0,20.62,2,0,0,92.41,HARDER
2,30.84,118.41,10,4,3,59.12,EASIER
1,100.0,20.0,2,0,0,90.47,HARDER
2,30.11,83.05,11,5,0,64.07,SAME
2,40.14,43.16,7,1,0,94.73,HARDER
5,25.21,268.33,23,5,3,65.79,EASIER
5,25.0,269.91,23,5,3,59.24,EASIER
1,37.89,37.96,5,3,1,52.34,SAME
4,25.0,223.06,18,3,2,48.31,EASIER
4,25.73,250.0,24,9,7,51.42,EASIER
2,52.01,58.98,6,0,0,78.26,HARDER
2,45.07,64.51,6,0,0,76.54,HARDER
1,93.64,26.01,2,0,0,86.83,HARDER
2,41.69,47.41,7,1,0,87.23,HARDER
2,38.33,74.36,7,1,0,65.02,HARDER
5,27.65,145.63,20,2,2,65.7,EASIER
4,31.17,87.57,15,0,0,76.96,HARDER
3,25.0,172.05,18,6,0,62.33,SAME
3,30.35,130.46,14,2,2,69.04,EASIER
4,25.0,239.91,21,6,4,46.3,EASIER
3,25.0,147.65,19,7,5,59.95,EASIER
3,28.85,118.25,15,3,1,49.74,EASIER
4,36.23,120.02,16,1,1,91.01,EASIER
3,25.0,176.51,19,7,2,59.02,EASIER
4,30.47,119.98,16,1,1,83.69,EASIER
2,50.52,49.67,6,0,0,75.14,HARDER
4,25.91,133.09,17,2,0,46.17,SAME
2,38.13,106.26,8,2,0,48.76,SAME
3,25.0,114.17,17,5,1,56.03,SAME
2,35.51,76.52,8,2,1,86.72,EASIER
2,31.88,67.55,9,3,1,55.99,SAME
4,34.54,105.68,15,0,0,72.63,HARDER
3,32.03,152.24,14,2,1,60.14,EASIER
1,100.0,36.61,2,0,0,57.06,SAME
2,43.85,65.32,7,1,0,76.04,HARDER
3,25.0,114.15,15,3,1,64.93,SAME
3,25.0,165.81,15,3,1,54.69,EASIER
2,36.96,79.17,9,3,2,64.6,EASIER
1,62.46,27.43,3,1,0,69.52,HARDER
4,26.04,217.47,22,7,3,52.88,EASIER
2,25.0,122.54,11,5,2,60.13,EASIER
4,25.0,250.0,19,4,4,37.49,EASIER
5,25.0,180.39,25,7,4,79.99,EASIER
1,50.45,58.18,4,2,0,57.51,SAME
2,43.04,41.88,6,0,0,67.09,HARDER
4,35.13,141.62,17,2,0,76.64,HARDER
5,30.77,253.79,23,5,4,67.45,EASIER
5,25.0,291.35,24,6,4,56.1,EASIER
5,25.0,181.56,21,3,3,77.96,EASIER
3,25.0,123.99,17,5,1,63.52,SAME
2,39.92,68.0,8,2,0,66.68,HARDER
2,39.74,62.59,8,2,1,83.81,EASIER
4,36.32,176.47,17,2,1,56.23,EASIER
1,95.13,20.0,2,0,0,79.0,HARDER
3,25.0,161.93,18,6,4,49.61,EASIER
3,31.66,93.69,14,2,1,88.35,EASIER
3,25.0,165.58,16,4,1,63.18,SAME
3,26.75,169.23,16,4,1,35.91,EASIER
5,28.24,196.94,22,4,2,61.97,EASIER
2,54.58,73.07,6,0,0,67.75,HARDER
3,25.0,132.82,15,3,0,47.78,SAME
5,36.75,163.27,19,1,0,70.25,SAME
1,99.73,27.49,2,0,0,70.11,HARDER
4,26.67,231.53,19,4,2,50.79,EASIER
3,35.31,85.99,12,0,0,72.49,HARDER
4,25.0,153.5,17,2,1,73.22,EASIER
1,100.0,20.0,2,0,0,73.4,HARDER
5,30.6,177.02,20,2,0,80.75,SAME
3,31.48,92.13,13,1,0,69.44,HARDER
2,54.7,31.81,6,0,0,100.0,HARDER
4,25.0,184.27,22,7,3,68.85,EASIER
4,29.39,184.68,19,4,2,43.65,EASIER
4,26.37,212.42,20,5,3,51.4,EASIER
5,28.29,171.82,21,3,1,53.26,EASIER
3,30.03,106.64,13,1,1,67.04,EASIER
4,26.41,162.41,18,3,1,84.95,SAME
3,30.75,113.67,13,1,1,65.73,EASIER
5,33.65,148.86,18,0,0,69.32,SAME
5,28.82,120.31,21,3,0,82.58,SAME
1,100.0,22.91,2,0,0,82.72,HARDER
2,45.44,58.79,7,1,0,68.6,HARDER
1,99.7,38.97,2,0,0,81.53,HARDER
1,100.0,46.84,2,0,0,83.55,HARDER
5,25.0,242.63,28,10,4,48.02,EASIER
5,25.0,273.27,25,7,1,41.18,EASIER
2,33.59,106.6,9,3,2,32.94,EASIER
3,25.0,154.91,15,3,1,68.91,SAME
5,26.48,296.8,20,2,2,48.59,EASIER
3,25.0,196.11,19,7,4,43.17,EASIER
4,33.25,154.59,17,2,1,63.18,HARDER
1,99.55,27.73,2,0,0,67.35,HARDER
4,29.21,109.63,16,1,0,81.39,HARDER
5,28.41,251.06,21,3,2,49.83,EASIER
5,25.0,203.23,22,4,3,58.68,EASIER
2,43.93,75.52,6,0,0,66.35,HARDER
2,41.38,74.66,8,2,0,79.22,HARDER
4,30.07,170.13,18,3,3,66.26,EASIER
4,27.01,102.63,17,2,0,70.91,HARDER
2,39.44,92.91,7,1,1,67.76,EASIER
4,26.04,203.7,19,4,2,59.25,EASIER
5,25.74,216.35,23,5,5,76.17,EASIER
5,25.0,204.85,21,3,1,69.36,SAME
1,100.0,40.04,2,0,0,82.61,HARDER
4,25.0,250.0,25,10,7,46.18,EASIER
4,28.51,193.76,18,3,2,53.93,EASIER
2,42.43,67.84,7,1,0,84.51,HARDER
1,100.0,23.72,2,0,0,92.33,HARDER
4,25.23,202.13,22,7,5,61.29,EASIER
1,60.51,50.94,3,1,1,70.33,SAME
5,29.35,156.77,22,4,2,79.78,EASIER
5,27.85,277.33,22,4,3,48.96,EASIER
5,25.0,277.43,24,6,5,71.97,EASIER
4,28.51,132.87,17,2,0,66.0,HARDER
5,25.12,171.29,20,2,0,65.15,SAME
1,64.05,51.56,3,1,1,78.48,SAME
4,25.0,119.4,18,3,1,74.07,SAME
1,98.64,28.16,2,0,0,90.9,HARDER
3,28.51,113.43,14,2,2,46.1,EASIER
3,35.22,83.85,12,0,0,79.18,HARDER
2,34.88,106.44,8,2,2,53.48,EASIER
1,100.0,27.4,2,0,0,97.15,HARDER
1,100.0,20.0,2,0,0,79.21,HARDER
4,34.26,137.83,18,3,0,46.84,SAME
3,25.0,110.42,15,3,1,61.8,SAME
5,33.0,236.83,20,2,2,55.34,EASIER
1,36.87,75.7,5,3,3,79.73,SAME
3,29.58,126.67,15,3,2,51.46,EASIER
5,25.07,238.02,24,6,4,64.84,EASIER
3,32.97,125.86,12,0,0,65.18,HARDER
3,28.25,150.6,14,2,1,47.75,EASIER
5,27.14,197.77,21,3,2,65.07,EASIER
5,31.17,171.99,20,2,1,68.43,EASIER
2,45.98,49.15,6,0,0,94.43,HARDER
2,29.46,83.41,9,3,0,37.27,SAME
1,100.0,31.45,2,0,0,64.13,SAME
2,42.79,47.03,6,0,0,100.0,HARDER
5,25.0,179.0,23,5,3,58.04,EASIER
3,32.88,100.35,14,2,0,70.85,HARDER
3,30.0,104.81,13,1,1,54.58,EASIER
4,25.87,111.2,17,2,0,79.33,HARDER
1,65.8,61.91,3,1,0,44.94,SAME
4,25.35,157.35,17,2,0,82.15,HARDER
5,25.0,300.0,28,10,7,49.19,EASIER
5,34.79,227.8,19,1,0,74.11,EASIER
1,100.0,20.59,2,0,0,75.7,HARDER
1,96.74,20.0,2,0,0,80.77,HARDER
4,26.4,146.21,19,4,0,77.73,HARDER
3,31.12,90.29,15,3,1,80.0,SAME
4,25.0,224.68,20,5,4,51.32,EASIER
1,73.51,36.45,3,1,1,78.69,SAME
2,40.88,58.99,7,1,1,87.38,EASIER
1,100.0,26.97,2,0,0,80.37,HARDER
3,25.0,125.24,14,2,1,53.15,EASIER
3,31.06,117.08,14,2,1,64.57,EASIER
2,36.33,82.95,9,3,1,48.83,SAME
1,50.97,46.07,4,2,1,64.43,SAME
4,30.61,140.87,19,4,2,64.25,EASIER
1,99.72,20.0,2,0,0,70.24,HARDER
2,51.59,38.41,6,0,0,90.86,HARDER
4,25.03,202.55,20,5,2,62.97,EASIER
2,46.48,67.87,6,0,0,57.98,SAME
4,32.83,110.66,15,0,0,73.81,HARDER
3,25.0,170.57,16,4,2,52.9,EASIER
2,30.4,80.5,11,5,1,57.92,SAME
3,29.53,150.16,14,2,1,54.48,EASIER
1,65.99,35.31,3,1,0,70.28,HARDER
5,28.63,131.39,19,1,0,83.09,SAME
1,100.0,20.0,2,0,0,82.24,HARDER
4,26.58,243.22,18,3,3,37.05,EASIER
4,28.63,247.86,20,5,5,36.28,EASIER
4,25.0,174.16,18,3,0,50.2,SAME
4,25.44,168.91,17,2,0,69.44,HARDER
2,29.82,116.98,9,3,1,41.29,EASIER
4,25.0,206.97,21,6,1,47.92,EASIER
2,26.16,127.26,14,8,4,53.27,EASIER
5,27.95,250.86,25,7,5,48.48,EASIER
4,25.0,214.61,21,6,4,50.4,EASIER
5,32.06,222.77,22,4,4,57.2,EASIER
2,51.26,47.81,6,0,0,91.14,HARDER
3,25.58,88.3,15,3,2,77.31,EASIER
4,30.37,170.41,17,2,1,78.87,EASIER
4,27.33,114.77,16,1,0,76.72,HARDER
5,28.81,256.91,21,3,3,78.12,EASIER
4,28.37,136.0,18,3,1,71.86,SAME
2,49.34,57.85,6,0,0,74.93,HARDER
5,28.66,206.83,22,4,2,48.19,EASIER
3,34.09,106.37,13,1,1,79.75,EASIER
1,94.41,20.0,2,0,0,91.17,HARDER
5,26.18,261.51,22,4,2,25.0,EASIER
5,25.99,199.45,21,3,1,51.81,EASIER
5,38.21,148.43,18,0,0,73.3,SAME
3,35.02,86.29,12,0,0,81.02,HARDER
4,30.21,152.05,19,4,1,67.23,SAME
3,25.0,168.05,18,6,3,45.29,EASIER
4,27.12,188.55,17,2,2,38.54,EASIER
2,25.0,106.55,14,8,2,42.7,SAME
5,28.45,249.93,21,3,2,50.71,EASIER
5,25.0,272.6,24,6,4,47.72,EASIER
3,35.54,89.72,12,0,0,100.0,HARDER
5,25.0,183.88,22,4,0,57.93,SAME
1,67.55,62.11,3,1,0,86.94,HARDER
4,30.28,164.75,18,3,2,57.39,EASIER
1,97.4,39.66,2,0,0,80.78,HARDER
5,29.29,143.68,21,3,2,74.02,EASIER
5,29.88,227.65,22,4,2,65.73,EASIER
5,28.7,179.31,23,5,2,83.85,SAME
3,39.54,91.57,12,0,0,75.38,HARDER
3,25.0,110.77,15,3,2,47.11,EASIER
2,51.83,30.0,6,0,0,84.3,HARDER
3,33.92,120.66,12,0,0,70.4,HARDER
2,49.37,38.88,6,0,0,89.73,HARDER
2,28.18,65.01,10,4,1,81.63,SAME
2,25.0,99.76,9,3,3,60.82,EASIER
3,35.03,133.98,13,1,1,60.65,EASIER
5,25.0,189.26,24,6,2,66.07,SAME
5,31.73,186.82,21,3,2,60.27,EASIER
5,28.02,194.76,21,3,2,71.26,EASIER
2,49.65,62.04,6,0,0,83.84,HARDER
5,25.0,185.35,25,7,1,79.94,SAME
5,30.59,132.66,20,2,0,80.3,SAME
4,25.01,218.51,18,3,2,44.8,EASIER
1,97.97,22.73,2,0,0,86.97,HARDER
3,28.82,109.7,15,3,1,57.65,SAME
3,28.89,89.51,13,1,1,52.93,EASIER
1,52.1,47.91,4,2,1,71.38,SAME
5,29.87,151.34,21,3,0,77.25,SAME
1,54.85,38.75,4,2,1,69.61,SAME
2,32.43,97.45,8,2,1,47.15,EASIER
3,26.43,93.58,13,1,0,71.07,HARDER
5,31.36,155.23,21,3,1,100.0,SAME
2,49.44,55.1,6,0,0,79.16,HARDER
5,27.05,134.85,20,2,1,74.95,EASIER
4,33.52,111.0,16,1,0,69.07,HARDER
2,38.11,73.17,8,2,1,66.57,EASIER
2,41.51,77.69,7,1,0,61.58,SAME
1,49.92,50.29,4,2,0,54.55,SAME
1,99.55,30.46,2,0,0,88.37,HARDER
2,47.86,62.36,7,1,0,75.46,HARDER
2,44.52,59.72,6,0,0,77.06,HARDER
2,47.65,65.88,6,0,0,69.48,HARDER
2,43.51,112.78,7,1,1,41.05,EASIER
2,35.77,125.02,8,2,1,30.49,EASIER
2,46.11,30.46,6,0,0,77.28,HARDER
4,32.3,118.81,17,2,1,90.45,EASIER
3,31.5,81.3,12,0,0,80.39,HARDER
1,61.41,38.59,3,1,1,76.98,SAME
2,42.12,64.94,7,1,0,52.55,SAME
5,34.33,125.39,19,1,0,89.27,SAME
5,25.0,218.99,23,5,5,54.65,EASIER
3,33.43,92.09,12,0,0,99.09,HARDER
5,25.0,212.45,23,5,2,78.09,EASIER
4,33.24,152.28,15,0,0,63.22,SAME
3,28.54,75.51,12,0,0,100.0,HARDER
1,100.0,34.62,2,0,0,87.71,HARDER
3,33.14,98.81,15,3,1,73.1,EASIER
1,40.31,54.08,5,3,0,70.1,HARDER
1,66.17,41.72,3,1,0,57.99,SAME
5,31.86,160.47,20,2,0,83.05,HARDER
3,31.7,84.38,12,0,0,88.3,HARDER
5,28.13,246.25,22,4,1,56.34,EASIER
3,25.0,144.18,18,6,3,55.52,EASIER
3,29.75,115.25,12,0,0,89.87,HARDER
3,27.06,199.29,16,4,4,45.88,EASIER
5,33.45,300.0,21,3,3,25.0,EASIER
5,32.14,139.36,18,0,0,59.5,SAME
1,40.68,29.64,5,3,1,80.27,SAME
5,33.93,172.85,19,1,0,67.35,SAME
1,64.54,49.3,3,1,0,65.29,HARDER
1,95.5,27.07,2,0,0,100.0,HARDER
3,25.0,144.39,17,5,2,61.23,EASIER
4,25.0,180.43,21,6,2,66.64,SAME
2,38.49,85.06,7,1,1,58.02,EASIER
3,31.2,114.39,13,1,1,75.53,EASIER
2,48.38,54.66,7,1,0,70.59,HARDER
4,32.8,136.37,15,0,0,100.0,HARDER
3,31.39,81.77,12,0,0,92.02,HARDER
2,41.83,54.3,7,1,0,57.78,SAME
2,49.77,52.28,6,0,0,68.19,HARDER
4,34.96,168.66,16,1,1,67.55,EASIER
3,25.0,190.18,19,7,0,39.4,EASIER
2,49.1,63.77,6,0,0,77.91,HARDER
1,99.86,23.02,2,0,0,75.84,HARDER
2,44.63,56.37,6,0,0,96.51,HARDER
2,52.42,67.18,6,0,0,77.07,HARDER
5,34.26,138.1,19,1,0,82.56,SAME
4,25.68,139.66,19,4,2,62.48,EASIER
2,37.6,100.05,8,2,1,45.95,EASIER
5,30.33,201.49,20,2,1,79.48,EASIER
4,25.0,188.61,19,4,0,69.1,SAME
5,28.14,279.91,22,4,4,52.71,HARDER
3,26.68,132.08,15,3,1,87.46,SAME
2,50.82,51.77,6,0,0,86.49,HARDER
2,51.26,70.89,6,0,0,77.87,HARDER
2,49.5,60.22,6,0,0,76.79,HARDER
1,44.88,56.72,4,2,0,66.53,HARDER
2,43.99,69.01,7,1,0,51.75,SAME
4,25.0,139.36,19,4,0,62.43,SAME
3,25.0,160.45,15,3,2,50.75,EASIER
4,32.55,125.96,16,1,1,61.91,EASIER
5,33.02,163.58,18,0,0,63.57,SAME
1,100.0,45.52,2,0,0,71.36,HARDER
3,29.92,104.97,15,3,1,56.32,SAME
5,27.57,176.0,22,4,1,57.01,SAME
2,54.63,53.76,6,0,0,81.73,HARDER
2,52.25,60.59,6,0,0,100.0,HARDER
2,35.93,89.88,8,2,0,40.4,SAME
1,100.0,32.82,2,0,0,62.63,SAME
4,25.0,139.18,18,3,1,48.4,EASIER
4,25.0,131.56,20,5,2,76.08,SAME
4,28.23,108.9,17,2,1,71.77,EASIER
4,32.58,228.28,17,2,1,46.04,EASIER
1,100.0,41.79,2,0,0,48.66,SAME
2,26.95,107.01,10,4,0,53.18,SAME
1,68.73,39.86,3,1,0,93.57,HARDER
1,99.82,20.0,2,0,0,100.0,HARDER
2,49.97,55.54,6,0,0,62.48,SAME
5,27.28,254.02,21,3,2,69.63,EASIER
3,31.49,195.38,15,3,1,46.62,EASIER
3,29.72,88.98,13,1,0,96.27,HARDER
3,28.88,118.62,15,3,2,66.77,EASIER
2,44.42,59.28,7,1,0,65.19,HARDER
4,33.72,193.53,17,2,0,63.04,SAME
4,35.67,114.85,16,1,0,77.41,HARDER
5,25.0,293.61,25,7,5,60.94,EASIER
5,27.42,194.55,23,5,2,90.97,SAME
3,35.6,70.0,13,1,0,96.11,HARDER
3,30.26,87.4,14,2,1,65.72,EASIER
2,46.59,84.21,7,1,0,76.01,HARDER
1,100.0,33.86,2,0,0,68.15,HARDER
2,36.87,95.42,9,3,1,63.48,SAME
4,25.0,101.41,17,2,0,74.69,HARDER
5,25.0,173.92,23,5,3,58.09,EASIER
3,25.0,99.72,15,3,3,72.76,EASIER
5,31.06,124.01,19,1,1,96.99,EASIER
2,27.35,123.61,9,3,3,46.29,EASIER
4,33.15,130.86,16,1,0,70.15,HARDER
4,25.0,250.0,21,6,3,51.19,EASIER
3,29.08,104.13,14,2,0,71.09,HARDER
2,43.68,82.7,8,2,1,48.47,EASIER
5,33.63,159.44,19,1,0,81.9,SAME
2,33.3,97.47,10,4,1,47.4,SAME
3,25.0,190.5,19,7,3,60.86,EASIER
1,100.0,20.62,2,0,0,100.0,HARDER
5,38.46,143.01,19,1,1,62.61,EASIER
3,30.32,85.38,13,1,0,59.53,SAME
4,27.71,130.14,17,2,0,79.22,HARDER
3,32.63,85.23,13,1,1,92.38,EASIER
1,100.0,23.97,2,0,0,74.64,HARDER
4,25.0,250.0,21,6,5,55.41,EASIER
4,31.8,134.42,15,0,0,80.57,HARDER
5,33.19,155.68,20,2,1,83.17,EASIER
3,27.0,79.32,15,3,0,66.52,HARDER
1,69.84,20.0,3,1,0,66.63,HARDER
1,99.58,33.69,2,0,0,74.54,HARDER
1,100.0,42.2,2,0,0,77.85,HARDER
2,50.1,43.2,6,0,0,100.0,HARDER
2,47.11,45.27,6,0,0,81.79,HARDER
4,31.92,175.46,17,2,1,66.94,EASIER
5,25.0,238.47,25,7,7,74.46,EASIER
3,26.47,129.45,14,2,1,50.28,EASIER
5,30.49,173.09,18,0,0,81.62,SAME
5,25.0,249.79,22,4,3,63.0,EASIER
5,31.89,172.57,19,1,1,91.49,EASIER
4,31.32,95.22,16,1,0,74.06,HARDER
1,43.65,42.12,5,3,0,68.59,HARDER
4,32.51,121.58,17,2,0,75.24,HARDER
5,32.19,227.48,20,2,0,37.18,SAME
3,31.61,98.15,12,0,0,82.74,HARDER
4,29.66,122.27,15,0,0,75.98,HARDER
4,36.83,186.06,15,0,0,55.89,SAME
4,25.57,160.2,19,4,2,50.27,EASIER
3,29.25,136.65,14,2,2,60.22,EASIER
5,31.79,184.72,20,2,1,70.84,EASIER
1,61.34,27.56,3,1,0,65.89,HARDER
3,27.8,83.51,13,1,0,67.35,HARDER
4,34.49,112.89,16,1,0,81.71,HARDER
5,29.74,186.28,20,2,0,73.67,SAME
4,31.5,121.84,15,0,0,77.73,HARDER
2,51.53,46.08,6,0,0,66.92,HARDER
3,27.97,100.89,13,1,0,73.1,HARDER
5,25.0,222.93,23,5,2,65.46,EASIER
5,30.53,135.96,20,2,1,76.58,EASIER
5,28.88,207.4,20,2,2,76.97,EASIER
4,28.34,161.53,17,2,0,38.83,SAME
4,28.55,131.33,18,3,0,63.77,SAME
4,25.28,172.14,19,4,3,64.06,EASIER
2,53.35,61.47,6,0,0,82.78,HARDER
5,25.0,273.55,26,8,6,67.65,EASIER
2,45.52,60.21,7,1,0,65.2,HARDER
4,25.41,126.41,21,6,4,65.78,EASIER
5,32.6,176.94,18,0,0,61.58,SAME
2,42.51,55.04,7,1,0,69.82,HARDER
3,25.0,142.05,15,3,1,64.31,SAME
1,67.13,22.19,3,1,0,100.0,HARDER
5,25.27,205.95,23,5,1,56.57,SAME
5,25.87,258.43,24,6,1,49.38,EASIER
1,38.09,26.5,5,3,0,62.64,SAME
3,26.68,153.33,15,3,1,60.04,SAME
5,30.65,198.68,21,3,1,87.65,SAME
1,98.46,36.16,2,0,0,84.26,HARDER
2,26.37,101.05,10,4,1,62.92,SAME
3,27.06,115.74,15,3,2,48.77,EASIER
2,28.61,112.15,10,4,2,46.59,EASIER
1,100.0,20.0,2,0,0,79.66,HARDER
3,25.0,128.26,15,3,2,57.75,EASIER
3,25.0,125.39,17,5,0,59.2,SAME
2,34.68,126.4,9,3,3,25.0,EASIER
5,29.62,272.44,21,3,2,49.58,EASIER
1,97.25,32.82,2,0,0,62.76,SAME
4,30.72,179.19,18,3,1,76.13,SAME
2,52.97,47.22,6,0,0,96.29,HARDER
5,28.65,197.79,23,5,2,57.1,EASIER
3,25.0,140.73,17,5,1,52.06,SAME
4,29.77,116.59,19,4,1,72.37,SAME
5,26.81,134.38,21,3,1,58.64,SAME
2,40.07,48.09,8,2,0,74.38,HARDER
1,97.67,20.0,2,0,0,76.76,HARDER
5,26.34,248.96,20,2,1,49.26,EASIER
1,50.45,35.93,4,2,0,77.76,HARDER
4,31.45,136.88,17,2,2,70.67,EASIER
2,40.1,91.21,8,2,0,64.33,SAME
4,25.0,166.59,20,5,0,42.29,SAME
4,32.98,134.49,15,0,0,95.33,HARDER
2,40.66,50.04,7,1,0,66.89,HARDER
1,67.21,38.24,3,1,0,62.2,SAME
2,40.89,100.21,8,2,2,79.02,EASIER
2,37.57,80.32,7,1,1,68.35,EASIER
5,25.0,230.3,20,2,1,67.94,EASIER
3,30.46,71.45,13,1,0,94.22,HARDER
5,28.43,300.0,24,6,1,68.43,SAME
5,31.35,132.31,18,0,0,86.92,SAME
2,35.69,88.39,10,4,1,62.01,SAME
4,27.35,120.44,18,3,0,77.87,HARDER
1,25.0,75.59,8,6,1,84.56,HARDER
4,25.0,250.0,23,8,5,41.32,HARDER
2,42.93,54.07,6,0,0,96.4,HARDER
2,49.52,59.4,6,0,0,71.58,HARDER
2,25.0,91.44,12,6,2,48.07,EASIER
5,25.0,200.94,20,2,0,46.63,SAME
5,25.0,248.13,26,8,6,67.74,EASIER
3,34.64,144.73,14,2,0,53.17,SAME
2,29.24,75.98,10,4,0,58.37,SAME
1,100.0,25.11,2,0,0,80.16,HARDER
4,29.77,188.66,16,1,1,71.11,EASIER
3,30.9,112.77,14,2,1,85.23,EASIER
3,36.86,84.82,12,0,0,87.6,HARDER
3,35.68,113.91,12,0,0,69.6,HARDER
2,55.73,47.77,6,0,0,95.91,HARDER
4,25.0,168.15,21,6,6,53.24,EASIER
1,100.0,20.0,2,0,0,81.14,HARDER
1,65.31,27.61,3,1,0,76.66,HARDER
5,27.97,143.24,20,2,1,95.18,EASIER
3,25.0,175.1,16,4,4,45.32,EASIER
3,25.0,170.69,17,5,3,50.19,EASIER
2,36.54,77.51,8,2,1,84.96,EASIER
2,50.11,48.2,6,0,0,78.59,HARDER
5,26.63,300.0,23,5,4,25.09,EASIER
1,98.08,39.34,2,0,0,78.65,HARDER
4,27.07,153.24,17,2,1,55.88,EASIER
5,25.0,239.36,23,5,2,61.56,EASIER
2,34.98,109.86,8,2,1,49.41,EASIER
1,100.0,21.44,2,0,0,100.0,HARDER
1,100.0,44.01,2,0,0,80.83,HARDER
4,36.22,73.7,15,0,0,76.95,HARDER
4,35.55,135.03,15,0,0,85.65,HARDER
1,96.72,27.2,2,0,0,67.69,HARDER
1,51.45,44.29,4,2,0,63.35,SAME
1,25.0,84.98,8,6,3,49.34,SAME
4,32.15,108.64,15,0,0,100.0,HARDER
4,29.65,159.74,18,3,2,84.36,EASIER
5,32.07,240.86,22,4,2,69.3,EASIER
4,25.0,169.25,17,2,2,52.05,EASIER
4,25.0,145.41,17,2,0,69.03,HARDER
3,32.15,131.48,12,0,0,65.13,HARDER
2,33.99,86.51,9,3,1,63.58,SAME
2,27.0,88.63,10,4,3,61.96,EASIER
3,25.0,164.8,19,7,2,52.16,SAME
2,53.98,36.36,6,0,0,98.62,HARDER
2,45.68,47.63,6,0,0,85.31,HARDER
2,41.05,76.69,7,1,0,82.14,HARDER
2,33.52,94.67,8,2,1,58.35,EASIER
5,25.39,267.29,22,4,1,30.67,EASIER
4,30.23,154.61,17,2,1,75.55,EASIER
1,48.0,48.95,4,2,1,56.04,SAME
2,37.7,83.12,9,3,2,72.88,EASIER
4,25.54,160.92,19,4,2,71.44,EASIER
1,41.36,37.16,5,3,2,51.48,SAME
5,30.12,253.22,20,2,1,62.23,EASIER
2,29.41,101.49,11,5,1,65.6,HARDER
2,45.59,62.98,6,0,0,79.5,HARDER
4,28.12,174.65,18,3,1,72.1,SAME
5,32.97,137.88,20,2,1,77.04,EASIER
4,25.0,149.65,18,3,2,83.12,EASIER
5,25.0,189.27,23,5,3,51.15,EASIER
4,32.07,113.46,17,2,0,62.3,SAME
4,29.92,160.4,16,1,1,64.58,EASIER
2,50.14,73.74,6,0,0,61.64,SAME
3,25.0,156.24,16,4,2,66.02,EASIER
4,32.23,138.47,17,2,2,78.29,EASIER
1,39.51,44.86,5,3,1,81.94,SAME
2,40.29,72.38,8,2,0,62.22,SAME
3,25.0,149.7,15,3,1,44.05,EASIER
3,25.2,113.21,14,2,0,65.39,HARDER
2,55.53,62.38,6,0,0,69.62,HARDER
4,35.4,157.2,16,1,0,62.34,SAME
2,39.56,97.96,7,1,0,48.95,SAME
4,25.0,155.56,17,2,1,81.65,EASIER
1,37.32,57.28,6,4,2,58.44,SAME
2,31.46,90.81,10,4,1,73.84,SAME
4,33.91,133.88,17,2,0,78.43,HARDER
2,41.44,64.88,7,1,0,68.99,HARDER
5,25.0,232.1,23,5,3,52.11,EASIER
3,25.96,100.94,14,2,0,84.63,HARDER
4,38.16,143.56,15,0,0,58.2,SAME
5,27.89,138.95,20,2,1,81.33,EASIER
5,28.01,300.0,26,8,4,28.78,EASIER
2,51.14,56.01,6,0,0,87.63,HARDER
4,25.87,225.26,21,6,4,49.18,EASIER
5,25.25,144.39,21,3,1,68.04,SAME
2,54.97,62.4,6,0,0,99.89,HARDER
4,32.54,176.47,18,3,2,83.38,EASIER
2,42.41,59.25,7,1,0,78.78,HARDER
5,31.4,277.25,20,2,2,43.5,EASIER
5,31.47,160.71,21,3,0,77.94,SAME
5,32.5,220.91,21,3,3,79.86,EASIER
3,27.49,103.27,13,1,1,86.52,SAME
4,33.02,128.32,15,0,0,100.0,HARDER
3,34.89,100.68,12,0,0,83.96,HARDER
2,47.79,68.88,6,0,0,71.81,HARDER
5,29.62,180.64,20,2,2,46.53,EASIER
1,100.0,27.79,2,0,0,89.33,HARDER
1,36.18,64.84,6,4,1,28.21,SAME
3,30.47,127.77,15,3,1,57.0,SAME
2,34.22,67.5,9,3,0,60.99,SAME
4,37.69,101.88,15,0,0,71.69,HARDER
1,50.05,41.38,4,2,1,61.23,SAME
4,26.62,195.3,19,4,3,65.61,EASIER
5,29.24,123.31,20,2,1,68.39,EASIER
2,49.57,62.31,6,0,0,68.35,HARDER
2,39.74,62.38,7,1,0,89.49,HARDER
4,33.44,157.69,16,1,0,65.84,HARDER
5,26.44,272.22,23,5,3,74.78,EASIER
2,47.28,66.0,7,1,0,79.97,HARDER
5,27.65,272.99,22,4,4,44.41,EASIER
3,33.51,75.49,12,0,0,99.12,HARDER
2,47.07,56.13,6,0,0,82.21,HARDER
1,68.95,20.86,3,1,0,76.61,HARDER
4,26.7,191.64,19,4,2,49.14,EASIER
5,34.62,235.81,20,2,1,61.61,EASIER
4,29.87,100.89,16,1,0,69.16,HARDER
1,69.53,31.83,3,1,1,78.16,SAME
2,50.34,78.31,6,0,0,65.1,HARDER
3,30.83,118.9,14,2,2,62.65,EASIER
4,27.49,180.39,18,3,2,66.28,EASIER
5,28.74,170.88,19,1,0,54.86,SAME
3,25.0,163.14,15,3,2,52.17,EASIER
1,100.0,21.62,2,0,0,89.64,HARDER
5,36.79,166.51,18,0,0,72.83,SAME
4,30.94,122.16,16,1,0,61.2,SAME
2,36.32,64.79,9,3,0,50.67,SAME
3,25.0,127.52,17,5,3,37.86,EASIER
1,98.28,20.0,2,0,0,66.89,HARDER
1,28.82,51.03,6,4,2,44.74,SAME
5,28.36,238.13,23,5,2,39.02,EASIER
3,30.84,74.38,13,1,0,77.49,HARDER
1,52.92,39.48,4,2,0,66.98,HARDER
5,31.43,180.07,22,4,2,77.88,EASIER
4,25.0,152.02,18,3,1,70.09,SAME
3,29.05,135.1,13,1,1,48.38,EASIER
1,41.61,41.94,5,3,1,42.89,SAME
3,29.47,97.06,14,2,2,59.84,EASIER
1,100.0,20.0,2,0,0,76.15,HARDER
3,25.0,145.69,16,4,1,50.99,SAME
1,98.68,22.93,2,0,0,100.0,HARDER
5,26.96,166.41,23,5,2,84.4,SAME
3,31.02,121.85,12,0,0,85.06,HARDER
5,27.01,275.33,22,4,3,51.71,EASIER
4,28.43,226.7,18,3,2,35.89,EASIER
5,25.0,165.23,21,3,1,67.74,SAME
3,25.0,186.29,18,6,3,71.93,EASIER
3,26.75,117.99,14,2,0,62.95,SAME
4,29.82,131.11,17,2,0,70.24,HARDER
2,44.94,59.68,7,1,0,83.65,HARDER
3,27.54,69.69,13,1,0,86.74,HARDER
4,33.86,166.56,17,2,1,67.5,EASIER
3,31.26,135.94,14,2,1,50.96,EASIER
2,51.81,58.74,6,0,0,68.94,HARDER
2,36.11,115.43,9,3,1,61.19,SAME
4,25.0,229.22,21,6,3,52.58,EASIER
1,96.8,22.25,2,0,0,100.0,HARDER
1,100.0,46.04,2,0,0,87.52,HARDER
4,25.0,137.78,17,2,1,84.14,EASIER
4,26.99,146.74,18,3,1,76.0,SAME
5,31.45,148.88,19,1,0,78.35,SAME
2,32.17,77.73,9,3,0,52.85,SAME
3,30.14,100.49,12,0,0,66.32,HARDER
4,30.83,159.38,16,1,0,70.56,HARDER
3,31.48,142.35,14,2,0,68.24,HARDER
3,25.0,144.98,21,9,2,57.09,SAME
1,63.22,23.51,3,1,0,83.57,HARDER
4,26.32,185.6,20,5,1,32.32,SAME
4,25.0,141.73,18,3,2,84.11,EASIER
1,99.58,24.21,2,0,0,87.46,HARDER
1,45.57,57.0,4,2,0,60.96,SAME
4,28.0,196.91,22,7,3,71.16,EASIER
1,49.24,29.41,4,2,0,59.54,SAME
4,26.31,199.06,19,4,0,60.69,SAME
3,25.38,175.92,17,5,2,52.15,EASIER
1,64.46,30.51,3,1,0,80.34,HARDER
4,27.45,135.29,17,2,0,48.33,SAME
5,25.0,300.0,28,10,5,41.76,EASIER
1,62.47,24.45,3,1,0,77.88,HARDER
2,56.92,43.41,6,0,0,97.14,HARDER
5,30.05,138.84,19,1,0,89.54,SAME
1,95.49,22.94,2,0,0,100.0,HARDER
1,63.32,32.34,3,1,0,72.15,EASIER
3,29.27,117.23,15,3,1,44.25,EASIER
1,68.91,22.41,3,1,0,100.0,HARDER
2,32.77,44.51,8,2,0,87.76,HARDER
5,25.0,300.0,27,9,7,31.32,EASIER
5,29.94,215.76,21,3,2,73.49,EASIER
5,26.17,194.77,23,5,1,61.11,SAME
5,31.36,124.62,19,1,1,97.56,EASIER
5,28.46,300.0,22,4,3,38.49,EASIER
4,25.0,244.65,22,7,3,49.01,EASIER
3,37.35,95.24,12,0,0,82.94,HARDER
5,26.62,241.32,25,7,5,62.02,EASIER
1,100.0,20.0,2,0,0,67.78,HARDER
4,30.41,188.79,17,2,0,72.74,SAME
4,32.99,141.4,16,1,1,61.25,EASIER
4,34.31,109.2,15,0,0,77.58,HARDER
4,30.2,125.49,17,2,0,73.11,HARDER
3,25.0,92.7,14,2,2,74.27,EASIER
2,51.83,33.41,6,0,0,70.23,HARDER
3,25.0,112.24,14,2,0,91.03,HARDER
4,34.28,102.37,16,1,0,83.47,HARDER
3,25.0,108.81,14,2,0,72.49,HARDER
3,25.43,128.05,15,3,1,59.1,SAME
1,98.82,26.21,2,0,0,99.52,HARDER
1,40.43,57.65,5,3,1,43.74,SAME
3,27.25,127.24,16,4,0,54.41,SAME
3,29.95,87.42,13,1,0,99.63,HARDER
4,25.0,121.43,18,3,1,75.73,SAME
3,34.24,100.15,13,1,0,97.5,HARDER
5,25.0,146.21,20,2,0,68.12,SAME
5,30.42,205.22,22,4,2,76.19,EASIER
2,40.67,33.4,7,1,0,75.34,HARDER
4,26.7,152.0,17,2,1,51.53,EASIER
4,30.22,157.84,15,0,0,67.8,HARDER
3,25.0,160.05,16,4,1,62.7,SAME
3,25.0,153.77,19,7,4,82.55,EASIER
3,35.65,111.6,12,0,0,88.68,HARDER
1,95.54,41.19,2,0,0,79.4,HARDER
5,32.56,124.43,18,0,0,60.71,SAME
3,34.0,84.25,13,1,0,74.7,HARDER
4,26.54,123.99,18,3,1,71.34,SAME
3,32.91,103.65,13,1,0,83.45,HARDER
3,25.0,82.97,15,3,0,83.7,HARDER
5,25.0,240.11,26,8,2,61.91,SAME
3,28.7,151.83,15,3,2,58.13,EASIER
2,50.02,68.05,6,0,0,100.0,HARDER
2,45.44,54.03,6,0,0,99.23,HARDER
2,40.62,81.42,7,1,0,69.38,HARDER
5,25.0,300.0,27,9,8,32.8,EASIER
4,33.46,88.09,15,0,0,83.75,HARDER
2,57.93,52.68,6,0,0,70.71,HARDER
4,30.23,170.95,18,3,1,41.76,EASIER
1,71.13,31.05,3,1,0,56.52,SAME
2,47.48,40.97,6,0,0,65.81,HARDER
5,27.91,300.0,24,6,2,39.1,EASIER
5,34.72,130.44,19,1,0,91.71,SAME
2,39.77,76.73,7,1,0,44.49,SAME
4,27.61,179.87,18,3,2,52.47,EASIER
2,26.92,137.42,11,5,2,47.52,EASIER
2,36.19,99.45,10,4,2,63.41,EASIER
1,96.01,30.07,2,0,0,82.71,HARDER
3,29.61,149.54,13,1,1,58.2,EASIER
3,34.94,93.32,12,0,0,96.61,HARDER
3,25.0,103.87,16,4,0,57.16,SAME
2,51.89,73.41,6,0,0,42.37,SAME
3,31.3,80.87,12,0,0,81.74,HARDER
1,26.44,93.07,8,6,3,56.28,SAME
2,46.01,82.08,7,1,0,61.91,SAME
3,26.55,139.17,13,1,0,67.4,HARDER
3,32.91,101.39,13,1,0,97.15,HARDER
5,29.96,135.79,19,1,1,63.29,EASIER
1,100.0,23.44,2,0,0,72.33,HARDER
3,25.0,163.09,15,3,1,67.29,SAME
3,25.0,113.86,16,4,2,69.85,EASIER
3,30.79,116.36,13,1,0,74.91,HARDER
3,26.38,86.87,14,2,1,87.92,EASIER
5,33.62,265.14,21,3,2,44.19,EASIER
2,46.55,37.42,6,0,0,84.61,HARDER
3,32.67,159.85,13,1,0,50.46,SAME
5,27.42,300.0,22,4,3,31.46,EASIER
3,28.98,137.7,14,2,2,65.6,EASIER
2,28.52,66.99,8,2,0,75.51,HARDER
4,25.0,247.83,19,4,2,39.97,EASIER
2,29.72,82.65,10,4,1,67.02,SAME
2,27.2,110.12,11,5,3,40.45,EASIER
3,32.64,95.8,12,0,0,70.94,HARDER
1,96.25,25.02,2,0,0,70.72,HARDER
3,26.14,150.73,13,1,1,33.79,EASIER
1,25.0,95.06,8,6,2,25.0,SAME
5,34.74,206.08,21,3,1,69.76,SAME
3,25.0,194.17,17,5,3,30.34,EASIER
5,32.98,171.02,20,2,0,90.16,SAME
1,68.79,37.46,3,1,1,55.78,SAME
3,25.58,176.89,15,3,2,67.77,EASIER
2,45.48,73.4,7,1,0,78.52,HARDER
4,31.32,99.07,17,2,0,49.13,SAME
1,100.0,25.75,2,0,0,88.73,HARDER
1,68.15,34.3,3,1,0,73.74,SAME
4,33.2,102.81,17,2,0,100.0,HARDER
4,31.65,125.79,15,0,0,66.28,HARDER
5,28.33,175.54,24,6,2,65.1,SAME
2,49.8,33.25,6,0,0,83.66,HARDER
5,33.74,235.28,19,1,1,56.1,EASIER
1,62.11,29.95,3,1,1,68.65,SAME
4,34.11,145.97,17,2,1,75.1,EASIER
2,52.12,55.6,6,0,0,66.11,HARDER
5,31.93,251.03,20,2,2,70.84,EASIER
1,71.86,53.7,3,1,0,56.5,SAME
2,34.18,99.76,9,3,2,49.16,EASIER
3,30.8,68.4,12,0,0,87.09,HARDER
1,96.43,38.68,2,0,0,87.17,HARDER
1,100.0,27.8,2,0,0,79.98,HARDER
4,30.44,157.79,16,1,0,41.49,SAME
2,48.52,45.0,7,1,0,57.25,SAME
1,98.53,36.79,2,0,0,100.0,HARDER
5,25.0,259.35,21,3,2,49.6,EASIER
3,30.2,112.65,13,1,0,82.64,HARDER
3,30.03,96.04,13,1,0,82.06,HARDER
3,25.0,96.05,14,2,0,83.92,HARDER
2,40.14,71.8,8,2,0,65.06,HARDER
3,25.0,132.55,16,4,2,64.41,EASIER
5,32.87,161.31,20,2,0,81.15,SAME
2,51.25,57.01,6,0,0,75.22,HARDER
4,30.3,113.19,18,3,2,91.49,EASIER
3,29.76,137.07,14,2,1,85.0,EASIER
5,26.78,164.92,21,3,2,55.94,EASIER
5,31.76,168.73,20,2,2,73.91,EASIER
1,50.22,45.76,4,2,0,83.17,HARDER
5,26.78,295.72,25,7,4,36.6,EASIER
4,29.06,170.05,17,2,0,55.04,SAME
3,25.0,149.35,19,7,4,73.05,EASIER
5,30.96,184.98,20,2,0,52.9,SAME
2,28.18,126.42,11,5,3,38.45,EASIER
5,30.58,181.15,21,3,2,61.96,EASIER
1,96.8,24.32,2,0,0,73.97,HARDER
1,98.28,22.16,2,0,0,82.41,HARDER
5,32.07,117.3,19,1,0,78.6,SAME
1,41.23,51.97,5,3,0,47.3,SAME
2,26.76,104.21,10,4,2,54.33,EASIER
4,30.67,182.09,17,2,1,65.05,EASIER
2,32.28,120.38,9,3,2,57.13,EASIER
4,25.0,242.27,20,5,3,38.01,EASIER
3,25.0,110.46,13,1,1,85.25,EASIER
5,25.0,247.92,24,6,4,67.18,EASIER
4,25.0,242.28,21,6,4,57.2,EASIER
4,29.9,158.34,17,2,0,74.34,HARDER
3,35.25,107.7,13,1,1,87.35,EASIER
3,25.0,152.68,15,3,2,45.42,EASIER
3,25.0,79.11,13,1,0,89.32,HARDER
2,58.1,47.69,6,0,0,83.41,HARDER
5,33.95,170.72,21,3,0,70.68,HARDER
2,56.56,39.19,6,0,0,77.35,HARDER
2,42.46,57.26,7,1,0,71.44,HARDER
3,25.97,130.61,15,3,1,76.14,SAME
2,52.18,55.79,6,0,0,98.09,HARDER
3,36.68,83.79,12,0,0,87.7,HARDER
2,33.33,60.96,8,2,0,83.89,HARDER
5,30.34,257.91,21,3,2,58.82,EASIER
1,96.64,38.37,2,0,0,65.27,HARDER
5,30.93,180.66,20,2,0,67.0,SAME
4,25.0,224.24,20,5,4,71.02,EASIER
4,26.71,139.51,17,2,2,72.81,EASIER
4,33.81,126.37,16,1,0,84.1,HARDER
1,64.78,42.19,3,1,0,66.58,HARDER
1,94.93,34.18,2,0,0,73.34,HARDER
2,36.17,92.82,8,2,1,78.98,EASIER
3,29.01,92.7,13,1,0,91.28,HARDER
1,39.86,40.01,5,3,1,52.4,SAME
1,67.08,63.35,3,1,0,52.55,SAME
3,25.0,153.39,18,6,2,54.22,EASIER
3,32.71,130.72,14,2,1,58.95,EASIER
5,30.1,269.85,23,5,1,52.77,EASIER
4,30.7,137.56,16,1,1,92.29,EASIER
4,30.5,114.57,18,3,0,52.59,SAME
1,98.62,28.15,2,0,0,78.58,HARDER
5,25.0,300.0,30,12,8,40.83,EASIER
4,25.26,172.79,19,4,1,45.82,SAME
4,26.65,198.13,21,6,4,59.75,EASIER
2,53.61,74.27,6,0,0,87.5,EASIER
3,30.38,100.37,13,1,0,57.68,SAME
5,31.16,150.22,21,3,2,81.53,EASIER
5,28.52,259.13,23,5,3,58.95,EASIER
3,28.14,133.33,15,3,1,38.04,EASIER
2,37.52,86.94,8,2,2,54.09,EASIER
5,25.26,300.0,24,6,4,35.61,EASIER
3,25.99,105.73,16,4,2,78.79,EASIER
4,25.0,152.93,20,5,0,69.87,HARDER
1,51.36,43.08,4,2,0,51.68,SAME
4,32.15,172.52,21,6,2,62.86,EASIER
5,35.44,140.92,19,1,0,88.85,SAME
4,28.32,155.25,17,2,0,70.88,HARDER
3,28.49,78.68,15,3,0,63.29,SAME
5,25.0,255.69,25,7,3,74.07,EASIER
4,30.61,135.42,16,1,1,81.08,EASIER
2,40.34,46.24,8,2,0,87.95,HARDER
2,33.27,124.61,9,3,2,27.39,EASIER
4,32.91,96.23,15,0,0,79.03,HARDER
4,27.89,141.84,18,3,1,78.28,SAME
2,39.25,72.31,8,2,0,58.79,SAME
3,30.79,91.82,13,1,0,56.63,SAME
5,25.0,266.88,25,7,5,51.08,EASIER
5,28.02,168.37,20,2,1,65.1,EASIER
3,25.0,188.58,18,6,3,46.63,EASIER
2,45.35,72.33,7,1,0,82.89,HARDER
5,28.35,146.58,20,2,0,89.96,SAME
5,25.63,300.0,25,7,4,54.3,EASIER
3,25.0,120.19,16,4,1,63.75,SAME
1,31.84,66.12,6,4,0,53.0,SAME
2,25.91,113.84,10,4,1,50.09,SAME
3,34.34,103.21,13,1,1,78.02,EASIER
3,27.75,147.3,16,4,1,62.0,SAME
5,33.81,293.02,22,4,3,25.0,EASIER
1,53.6,30.3,4,2,0,82.59,HARDER
5,36.53,254.41,19,1,1,54.36,EASIER
2,42.95,72.57,7,1,0,72.15,HARDER
1,64.62,24.57,3,1,0,62.2,SAME
5,30.33,148.07,18,0,0,90.05,SAME
5,29.9,184.76,21,3,1,63.14,EASIER
4,25.0,122.77,19,4,3,59.59,EASIER
3,25.0,151.61,19,7,0,42.29,HARDER
3,34.87,82.46,12,0,0,90.24,HARDER
5,37.35,179.5,18,0,0,72.04,SAME
5,25.0,241.51,26,8,2,48.7,EASIER
4,26.25,218.6,19,4,2,39.52,EASIER
4,25.0,187.53,22,7,4,54.12,EASIER
3,25.41,185.96,17,5,3,46.58,EASIER
3,25.0,117.21,16,4,2,47.33,EASIER
2,25.0,130.09,14,8,2,58.64,SAME
1,99.87,27.46,2,0,0,49.56,SAME
4,28.54,201.06,20,5,3,67.65,EASIER
5,27.41,238.36,21,3,2,58.81,EASIER
3,25.0,161.35,17,5,4,43.22,EASIER
3,26.82,172.26,16,4,4,66.34,EASIER
5,26.87,186.33,21,3,2,56.79,EASIER
3,25.06,129.42,15,3,1,47.37,EASIER
2,49.77,53.43,6,0,0,62.33,SAME
4,25.75,153.2,21,6,2,98.82,SAME
2,48.15,64.35,6,0,0,45.74,SAME
4,25.0,221.58,19,4,3,25.3,EASIER
1,40.09,55.01,5,3,0,73.01,HARDER
3,26.52,135.14,16,4,0,50.6,EASIER
5,29.07,136.08,19,1,0,70.99,SAME
5,25.9,170.51,20,2,0,82.74,SAME
3,25.0,121.58,16,4,3,48.27,EASIER
5,30.48,224.46,21,3,2,59.62,EASIER
4,33.21,133.25,16,1,0,70.59,HARDER
3,28.31,100.55,13,1,0,80.88,HARDER
5,28.44,212.15,21,3,3,71.45,EASIER
2,37.57,79.3,8,2,0,70.29,HARDER
4,27.53,142.63,19,4,1,47.4,SAME
5,25.0,300.0,26,8,6,57.79,EASIER
4,31.89,139.19,17,2,2,47.59,EASIER
3,25.0,167.49,18,6,4,58.3,EASIER
1,49.14,48.28,4,2,1,41.57,SAME
3,30.9,136.46,13,1,0,58.35,SAME
1,60.07,26.78,3,1,1,65.53,SAME
3,25.0,144.62,14,2,1,38.02,EASIER
4,29.55,162.23,16,1,0,43.44,SAME
4,32.27,121.97,16,1,0,82.75,HARDER
5,33.0,267.43,21,3,2,46.3,EASIER
5,26.88,261.36,23,5,3,52.52,EASIER
5,25.52,214.19,23,5,1,78.53,SAME
1,48.12,49.88,5,3,0,71.72,HARDER
4,26.3,132.24,20,5,0,82.31,HARDER
1,100.0,20.0,2,0,0,83.2,HARDER
5,29.6,162.55,19,1,1,65.13,EASIER
2,40.7,56.51,8,2,0,70.16,HARDER
1,97.88,45.4,2,0,0,74.74,HARDER
4,26.47,239.29,20,5,3,45.72,EASIER
1,67.19,48.57,3,1,1,69.35,SAME
5,29.16,161.88,20,2,0,78.61,SAME
2,42.02,76.61,7,1,0,70.96,HARDER
4,30.37,158.38,16,1,1,43.93,EASIER
4,28.77,136.81,16,1,0,48.51,SAME
5,33.81,175.53,19,1,0,66.9,SAME
4,31.76,107.87,18,3,3,93.48,EASIER
4,25.0,230.09,24,9,6,30.42,EASIER
4,26.93,172.31,20,5,0,66.71,HARDER
5,30.52,158.65,20,2,0,57.14,SAME
5,28.5,158.48,19,1,0,100.0,SAME
2,50.88,59.33,6,0,0,53.72,SAME
1,97.53,20.0,2,0,0,74.6,HARDER
1,54.39,68.09,4,2,2,60.21,SAME
3,28.36,112.5,14,2,1,90.34,EASIER
4,25.0,211.38,18,3,3,39.41,EASIER
2,44.21,64.2,8,2,1,50.09,EASIER
4,28.84,160.92,17,2,2,78.29,EASIER
4,30.68,122.86,16,1,0,99.02,HARDER
4,30.61,249.15,19,4,4,38.15,EASIER
4,30.34,113.05,17,2,0,90.38,HARDER
1,47.25,57.11,4,2,0,66.63,HARDER
5,31.94,229.81,23,5,2,60.71,EASIER
5,32.33,237.35,19,1,1,46.2,EASIER
4,25.0,171.86,19,4,3,41.31,EASIER
5,28.91,192.12,21,3,1,75.65,SAME
3,25.0,173.56,19,7,3,62.61,EASIER
1,100.0,60.64,2,0,0,54.12,SAME
2,31.57,38.35,8,2,0,76.39,HARDER
2,41.51,60.06,6,0,0,88.77,HARDER
4,27.75,215.72,21,6,1,53.71,EASIER
4,35.15,197.75,17,2,1,44.18,EASIER
5,28.66,189.82,22,4,3,86.91,EASIER
1,100.0,20.0,2,0,0,74.15,HARDER
1,97.33,23.51,2,0,0,100.0,HARDER
1,36.15,64.28,7,5,2,75.8,SAME
5,32.35,125.82,19,1,0,84.19,SAME
2,37.55,46.76,8,2,1,84.33,EASIER
4,25.0,141.57,20,5,3,83.57,EASIER
1,66.28,30.01,3,1,0,78.67,HARDER
2,47.59,44.5,6,0,0,62.19,SAME
2,37.88,94.87,8,2,1,39.08,EASIER
3,32.05,98.34,12,0,0,96.69,HARDER
4,25.0,250.0,23,8,5,44.73,EASIER
5,25.0,197.32,21,3,2,81.22,EASIER
3,28.24,82.44,13,1,0,97.51,HARDER
2,42.49,92.17,7,1,1,62.46,EASIER
1,54.09,37.5,4,2,0,57.91,SAME
4,31.51,157.37,17,2,1,82.36,EASIER
3,30.14,85.53,13,1,0,90.43,HARDER
5,36.05,159.87,19,1,0,49.84,SAME
1,41.98,69.48,5,3,1,43.46,SAME
1,95.18,44.42,2,0,0,65.03,HARDER
4,29.07,128.67,16,1,0,81.35,HARDER
5,25.0,194.78,22,4,1,66.95,SAME
5,28.21,250.24,22,4,2,43.15,HARDER
1,98.98,27.99,2,0,0,89.14,HARDER
1,93.49,22.48,2,0,0,79.64,HARDER
1,41.47,65.06,5,3,1,74.99,SAME
2,42.72,78.82,8,2,0,61.66,SAME
1,64.79,38.84,3,1,0,71.73,HARDER
3,27.83,85.27,12,0,0,99.13,HARDER
1,66.05,44.39,3,1,0,77.13,HARDER
4,25.64,199.76,19,4,1,64.23,SAME
4,28.48,173.04,17,2,1,53.46,EASIER
3,26.31,96.76,13,1,0,68.52,HARDER
1,99.04,21.83,2,0,0,93.3,HARDER
1,94.4,34.33,2,0,0,79.86,HARDER
5,25.0,264.24,24,6,5,41.08,EASIER
5,32.23,249.43,23,5,2,64.11,EASIER
4,26.35,148.13,18,3,2,68.18,EASIER
5,32.41,206.51,21,3,1,60.96,EASIER
1,98.41,43.49,2,0,0,60.0,SAME
1,100.0,37.53,2,0,0,72.39,HARDER
2,49.93,60.35,6,0,0,60.4,SAME
5,30.88,195.22,22,4,3,60.7,EASIER
4,25.0,230.25,19,4,2,25.0,EASIER
3,25.31,119.59,15,3,1,79.8,SAME
3,32.4,82.94,13,1,1,62.9,EASIER
3,30.06,101.4,13,1,0,69.7,HARDER
4,25.0,229.5,22,7,3,38.74,EASIER
1,92.6,42.73,2,0,0,74.52,HARDER
2,39.65,85.6,8,2,0,68.73,HARDER
1,69.03,61.01,3,1,0,64.21,SAME
3,29.72,121.69,16,4,1,73.37,SAME
4,27.7,197.89,22,7,2,48.63,EASIER
4,31.64,212.22,18,3,3,66.24,EASIER
2,47.31,60.79,6,0,0,81.57,HARDER
1,100.0,38.98,2,0,0,59.87,SAME
5,30.84,224.72,23,5,2,74.31,EASIER
3,25.0,86.08,15,3,0,64.28,SAME
4,27.58,117.48,19,4,1,90.63,SAME
2,51.62,38.01,6,0,0,93.99,HARDER
2,48.97,42.95,6,0,0,100.0,HARDER
3,25.5,131.72,15,3,2,53.76,EASIER
5,25.0,300.0,24,6,3,29.22,EASIER
3,25.0,154.42,17,5,2,65.12,EASIER
3,32.16,91.37,12,0,0,80.91,HARDER
3,27.26,122.67,15,3,2,71.9,EASIER
4,32.0,129.53,16,1,0,49.48,SAME
1,99.39,33.14,2,0,0,81.37,HARDER
4,25.0,232.14,20,5,2,42.73,EASIER
2,30.06,71.43,9,3,2,78.26,EASIER
1,100.0,43.65,2,0,0,68.3,HARDER
2,46.21,47.27,6,0,0,84.13,HARDER
4,30.78,123.91,16,1,0,65.8,HARDER
5,29.7,221.32,20,2,1,50.62,EASIER
3,31.06,86.34,13,1,1,72.93,EASIER
5,32.15,197.4,20,2,1,51.51,EASIER
3,30.07,109.09,14,2,1,64.21,EASIER
1,32.43,77.09,7,5,3,47.06,SAME
3,25.0,121.82,17,5,3,71.27,EASIER
5,29.86,159.75,20,2,0,66.94,EASIER
5,25.0,244.24,25,7,4,57.66,EASIER
2,44.2,52.04,6,0,0,93.47,HARDER
3,25.0,108.41,14,2,1,54.93,EASIER
4,31.26,98.16,16,1,1,97.34,EASIER
4,27.44,117.28,17,2,0,78.23,HARDER
2,51.41,46.44,6,0,0,94.37,HARDER
5,27.59,240.76,22,4,2,62.19,EASIER
2,53.97,49.67,6,0,0,80.74,HARDER
1,50.9,58.34,4,2,2,57.78,SAME
3,27.4,103.55,14,2,0,85.76,HARDER
3,39.69,66.66,12,0,0,100.0,HARDER
2,27.14,74.81,10,4,2,69.26,EASIER
1,55.07,60.65,4,2,0,71.25,HARDER
2,44.51,64.02,7,1,0,74.42,HARDER
4,33.27,108.3,15,0,0,80.87,HARDER
5,28.34,275.24,21,3,2,43.5,EASIER
2,33.35,60.04,9,3,0,72.44,HARDER
3,25.77,98.16,13,1,1,81.96,EASIER
3,30.18,96.27,13,1,0,78.65,HARDER
1,40.93,47.12,5,3,0,45.58,SAME
2,41.87,64.24,7,1,0,75.87,HARDER
5,30.94,148.09,18,0,0,77.86,SAME
4,28.43,181.8,18,3,2,39.95,EASIER
4,25.0,215.61,21,6,4,51.47,EASIER
5,29.24,300.0,25,7,5,36.19,EASIER
5,25.0,268.7,24,6,4,44.53,EASIER
4,25.0,240.47,23,8,4,43.23,EASIER
3,28.88,139.04,16,4,2,66.84,EASIER
1,37.78,59.36,5,3,2,47.77,SAME
3,33.3,119.26,12,0,0,64.13,SAME
5,27.91,256.64,22,4,1,34.05,EASIER
2,42.65,70.19,7,1,0,78.28,HARDER
2,48.14,53.82,7,1,0,78.08,HARDER
5,29.03,168.96,21,3,1,73.17,SAME
3,28.44,91.26,15,3,1,77.86,SAME
4,28.38,241.69,20,5,4,52.09,EASIER
3,25.0,96.47,13,1,1,66.31,EASIER
3,25.0,150.71,16,4,2,72.42,HARDER
5,25.0,247.99,23,5,4,65.34,EASIER
5,27.92,206.71,21,3,3,80.83,EASIER
1,32.62,61.31,6,4,0,55.27,SAME
4,32.19,158.0,16,1,1,81.44,EASIER
1,95.78,27.9,2,0,0,97.05,HARDER
4,28.51,207.61,18,3,0,61.13,EASIER
4,25.0,222.15,24,9,4,55.22,EASIER
4,31.73,144.91,17,2,1,80.43,EASIER
1,48.95,31.35,4,2,0,75.34,HARDER
4,32.3,90.4,15,0,0,97.44,HARDER
1,68.24,29.45,3,1,0,65.84,HARDER
5,28.11,190.14,21,3,0,61.73,SAME
4,28.04,175.5,18,3,3,46.84,EASIER
4,29.31,142.5,18,3,2,51.94,EASIER
2,45.89,58.68,7,1,0,67.1,HARDER
3,27.89,81.97,13,1,0,85.41,HARDER
3,31.11,88.09,12,0,0,95.31,HARDER
2,46.93,61.39,6,0,0,77.76,HARDER
4,25.45,163.48,17,2,0,67.99,HARDER
5,25.88,300.0,22,4,3,25.73,EASIER
4,29.25,182.92,18,3,2,60.43,EASIER
3,35.07,83.63,13,1,1,75.63,EASIER
4,28.09,224.04,23,8,5,57.39,EASIER
1,100.0,50.44,2,0,0,90.62,HARDER
5,35.73,138.6,18,0,0,58.03,SAME
1,99.29,23.16,2,0,0,91.95,HARDER
5,29.62,192.08,21,3,2,70.04,EASIER
1,40.15,59.84,5,3,2,64.52,SAME
5,25.0,285.72,24,6,1,49.93,EASIER
2,43.92,35.36,7,1,0,96.61,HARDER
3,28.12,117.21,15,3,1,47.87,EASIER
5,34.51,186.03,20,2,0,63.09,SAME
2,25.0,130.9,14,8,4,37.56,EASIER
4,28.25,123.57,16,1,0,70.23,HARDER
4,25.0,168.26,19,4,2,76.75,EASIER
5,26.98,278.59,22,4,2,60.16,EASIER
4,32.72,87.52,15,0,0,82.16,HARDER
3,28.75,73.1,12,0,0,68.86,HARDER
2,35.73,83.99,7,1,0,71.08,HARDER
4,29.17,130.74,17,2,2,72.35,EASIER
2,49.77,34.84,6,0,0,94.25,HARDER
4,27.55,138.47,17,2,1,80.09,EASIER
5,27.29,248.33,20,2,0,54.83,EASIER
1,32.05,42.05,6,4,1,51.51,SAME
2,48.47,45.32,6,0,0,82.16,HARDER
3,25.0,162.77,16,4,3,36.46,EASIER
3,25.0,128.02,15,3,1,57.61,SAME
5,31.93,150.82,19,1,1,82.22,EASIER
2,36.74,84.23,7,1,0,74.55,HARDER
5,25.31,261.27,24,6,3,64.09,EASIER
1,59.36,40.22,3,1,0,73.85,HARDER
3,27.04,145.61,16,4,0,49.68,SAME
5,36.77,138.21,18,0,0,64.74,SAME
1,53.11,47.27,4,2,2,64.38,SAME
5,25.0,161.68,21,3,1,70.59,SAME
4,30.64,161.61,18,3,1,69.76,SAME
4,27.72,221.25,19,4,2,59.65,EASIER
1,100.0,46.18,2,0,0,74.48,HARDER
1,100.0,20.07,2,0,0,91.2,HARDER
4,26.98,156.38,16,1,0,61.02,SAME
4,28.84,141.44,16,1,0,70.43,HARDER
4,34.97,172.29,16,1,1,63.93,EASIER
3,33.0,82.51,13,1,0,72.29,HARDER
2,42.85,79.5,7,1,1,68.45,EASIER
2,45.4,59.52,6,0,0,66.06,HARDER
1,71.36,36.25,3,1,1,56.92,SAME
3,31.17,100.48,15,3,1,57.71,SAME
5,25.0,300.0,25,7,3,66.65,EASIER
1,99.67,33.71,2,0,0,80.08,HARDER
4,25.0,137.77,20,5,0,42.77,SAME
3,30.15,119.14,14,2,0,51.49,SAME
2,46.96,68.09,7,1,0,69.51,SAME
2,28.12,144.75,12,6,4,49.42,EASIER
5,27.39,173.28,21,3,2,69.68,EASIER
3,25.66,96.25,15,3,0,59.16,SAME
4,28.0,159.69,16,1,1,59.4,EASIER
2,34.43,75.85,9,3,0,62.21,SAME
2,41.16,55.56,6,0,0,100.0,HARDER
1,51.36,49.05,4,2,1,58.88,SAME
3,28.61,101.14,15,3,2,69.98,EASIER
3,28.87,133.93,13,1,0,54.25,SAME
2,33.63,92.05,8,2,1,63.57,EASIER
5,25.86,282.41,26,8,4,50.75,EASIER
2,46.11,63.79,7,1,0,83.88,HARDER
4,27.46,140.25,18,3,1,74.35,SAME
4,37.22,156.94,15,0,0,75.8,HARDER
1,98.73,23.24,2,0,0,80.38,HARDER
2,47.87,54.06,6,0,0,74.78,HARDER
1,97.74,21.98,2,0,0,100.0,HARDER
5,30.65,190.75,19,1,0,65.74,SAME
2,52.39,44.64,6,0,0,100.0,HARDER
4,25.0,250.0,24,9,8,55.96,EASIER
4,27.85,142.88,17,2,0,75.01,HARDER
3,26.02,174.76,15,3,2,60.41,EASIER
2,44.23,59.99,8,2,1,58.57,EASIER
4,25.0,167.46,21,6,3,53.72,EASIER
4,32.67,96.7,16,1,0,59.91,SAME
1,100.0,23.65,2,0,0,82.07,HARDER
1,63.23,44.15,3,1,0,60.84,SAME
5,32.32,218.91,22,4,3,63.59,EASIER
5,31.09,187.41,21,3,2,62.86,EASIER
4,30.27,121.62,16,1,0,73.75,HARDER
1,67.03,34.47,3,1,0,79.03,HARDER
2,47.33,47.66,6,0,0,93.31,HARDER
1,95.46,24.43,2,0,0,100.0,HARDER
2,35.9,84.82,8,2,0,79.66,HARDER
5,28.92,267.37,24,6,4,47.09,EASIER
1,52.42,61.87,4,2,1,76.39,SAME
4,35.32,136.86,16,1,1,58.08,HARDER
5,25.0,244.95,26,8,5,51.08,EASIER
3,25.0,138.31,17,5,2,64.4,EASIER
5,26.49,145.74,21,3,1,79.96,SAME
3,33.56,106.68,13,1,0,45.66,SAME
2,36.48,54.1,8,2,0,67.19,HARDER
1,100.0,24.37,2,0,0,85.12,HARDER
4,25.0,233.61,22,7,1,58.36,EASIER
3,34.37,79.15,12,0,0,77.59,HARDER
3,30.26,144.33,15,3,1,70.34,SAME
2,27.15,109.5,10,4,1,70.37,SAME
2,25.0,125.21,12,6,3,44.77,EASIER
5,26.84,199.81,20,2,1,55.03,EASIER
4,25.23,193.22,20,5,4,42.18,EASIER
5,25.0,206.56,23,5,2,75.73,EASIER
1,43.18,28.11,5,3,1,47.55,SAME
1,38.44,48.76,5,3,0,30.09,SAME
5,38.54,173.54,19,1,0,83.22,SAME
2,50.07,39.32,6,0,0,84.4,HARDER
3,25.0,158.28,17,5,1,50.59,SAME
2,44.11,35.95,7,1,0,86.75,HARDER
4,25.0,235.09,21,6,4,49.59,EASIER
1,28.08,73.47,7,5,2,53.18,SAME
4,32.76,120.13,15,0,0,88.76,HARDER
1,64.93,25.2,3,1,0,72.0,HARDER
2,46.1,37.01,6,0,0,100.0,HARDER
1,100.0,20.0,2,0,0,58.33,SAME
5,27.61,198.27,22,4,3,67.01,EASIER
4,30.25,125.97,15,0,0,58.13,SAME
2,40.05,49.47,8,2,0,92.44,HARDER
3,28.04,105.35,13,1,0,82.56,HARDER
4,27.41,245.55,18,3,2,48.73,EASIER
3,29.56,91.42,13,1,0,83.42,HARDER
3,25.0,125.94,14,2,1,77.15,EASIER
5,27.5,146.73,20,2,2,64.94,EASIER
3,25.64,114.17,17,5,1,67.93,HARDER
3,33.44,103.9,13,1,1,66.54,EASIER
2,41.52,89.71,7,1,1,59.28,EASIER
4,25.0,216.51,20,5,2,45.72,EASIER
2,48.59,43.73,6,0,0,79.33,HARDER
5,32.17,133.06,18,0,0,100.0,SAME
2,49.71,74.62,6,0,0,84.97,HARDER
1,98.37,24.96,2,0,0,78.8,HARDER
1,100.0,31.19,2,0,0,89.16,EASIER
4,29.85,149.06,16,1,0,76.49,HARDER
2,49.87,68.66,6,0,0,48.99,SAME
5,25.62,285.05,24,6,5,48.3,EASIER
1,100.0,20.9,2,0,0,77.04,HARDER
1,46.35,37.38,4,2,1,70.26,SAME
5,25.0,241.48,23,5,4,65.26,EASIER
1,100.0,31.07,2,0,0,91.45,HARDER
2,42.15,51.47,7,1,0,74.83,HARDER
4,25.91,130.05,17,2,1,79.55,EASIER
3,33.99,98.52,13,1,0,90.54,HARDER
2,31.85,92.23,8,2,1,48.72,EASIER
4,25.64,187.12,19,4,3,51.48,EASIER
5,26.16,219.37,24,6,0,64.87,SAME
4,27.61,140.85,17,2,2,72.58,EASIER
3,31.5,129.6,13,1,1,76.85,EASIER
4,27.42,156.33,20,5,0,69.25,SAME
5,34.2,297.87,20,2,1,40.45,EASIER
5,27.81,248.3,26,8,5,50.2,EASIER
4,34.28,77.85,15,0,0,100.0,HARDER
3,26.71,116.47,15,3,1,69.43,SAME
4,27.34,168.75,19,4,0,57.06,SAME
4,28.75,156.55,16,1,0,57.55,SAME
2,44.32,88.51,7,1,0,70.44,HARDER
5,29.06,155.06,21,3,2,71.63,EASIER
5,31.92,187.62,22,4,3,64.96,EASIER
2,31.62,82.59,9,3,1,51.76,SAME
2,40.14,59.77,7,1,0,96.69,HARDER
4,32.55,131.01,17,2,2,86.6,EASIER
5,31.38,163.05,21,3,1,73.14,SAME
2,50.78,55.48,6,0,0,76.27,HARDER
1,96.94,37.25,2,0,0,50.46,SAME
1,69.1,38.65,3,1,0,79.7,HARDER
3,25.0,159.02,17,5,1,53.28,SAME
1,96.37,21.51,2,0,0,70.77,HARDER
3,25.17,74.06,13,1,0,80.42,HARDER
4,26.69,210.28,18,3,2,49.07,EASIER
3,25.15,117.13,17,5,2,69.99,EASIER
5,31.37,195.85,19,1,1,55.24,EASIER
4,25.22,131.88,18,3,1,81.68,EASIER
1,71.05,42.29,3,1,1,80.49,SAME
4,29.39,164.32,17,2,1,68.1,EASIER
1,98.69,21.85,2,0,0,95.08,HARDER
4,27.6,143.9,19,4,0,75.29,HARDER
4,25.0,131.8,16,1,0,92.69,HARDER
2,45.2,52.99,7,1,1,80.66,EASIER
2,49.88,65.27,6,0,0,50.15,SAME
4,27.85,167.79,19,4,3,50.65,EASIER
4,33.37,99.81,15,0,0,95.03,HARDER
3,33.18,70.77,13,1,1,69.83,EASIER
3,25.0,186.79,19,7,4,30.57,EASIER
5,25.42,300.0,25,7,5,31.49,EASIER
3,27.76,109.52,14,2,0,60.9,SAME
4,25.38,169.75,19,4,1,62.33,SAME
1,100.0,39.8,2,0,0,57.08,SAME
4,31.39,132.55,16,1,0,73.86,HARDER
1,50.03,45.13,4,2,0,59.0,SAME
3,26.74,40.0,12,0,0,96.5,HARDER
2,35.35,83.64,10,4,0,39.91,SAME
1,100.0,32.25,2,0,0,69.71,HARDER
1,67.54,34.76,3,1,0,65.15,HARDER
5,25.0,250.84,26,8,3,50.61,EASIER
2,43.17,38.76,6,0,0,86.22,HARDER
4,30.83,181.93,21,6,4,64.53,EASIER
5,32.02,137.38,19,1,1,64.2,EASIER
3,27.48,177.5,16,4,2,84.27,EASIER
4,27.8,107.64,17,2,1,88.81,EASIER
1,100.0,28.2,2,0,0,68.17,HARDER
3,26.86,92.19,14,2,2,66.43,EASIER
3,27.27,101.24,14,2,0,76.65,HARDER
5,25.0,300.0,26,8,6,53.1,EASIER
5,31.44,155.72,18,0,0,85.67,HARDER
3,29.67,97.38,13,1,0,87.95,HARDER
3,29.7,92.53,13,1,0,66.03,HARDER
1,98.03,31.6,2,0,0,78.27,HARDER
3,25.0,189.9,19,7,2,32.59,EASIER
3,30.71,95.54,13,1,1,66.74,EASIER
4,26.18,137.65,19,4,2,67.59,EASIER
3,35.72,71.59,12,0,0,82.47,HARDER
2,27.07,105.0,10,4,2,50.79,EASIER
2,46.18,56.45,6,0,0,74.35,HARDER
1,99.05,31.13,2,0,0,100.0,HARDER
5,25.0,251.08,22,4,3,69.26,EASIER
1,51.92,49.9,4,2,1,57.39,SAME
5,27.92,154.61,21,3,2,58.04,EASIER
5,32.17,155.4,19,1,0,69.3,SAME
2,46.59,71.66,7,1,0,64.56,SAME
2,49.01,62.44,6,0,0,84.68,HARDER
5,29.49,171.5,19,1,0,90.27,SAME
2,47.2,61.44,6,0,0,80.21,HARDER
3,33.22,61.47,12,0,0,52.69,SAME
4,28.27,212.57,19,4,2,62.02,EASIER
1,99.45,26.31,2,0,0,87.86,HARDER
1,55.72,42.25,4,2,0,70.7,HARDER
2,45.67,74.29,7,1,0,83.26,HARDER
5,25.0,267.2,25,7,6,56.62,EASIER
5,25.0,276.66,26,8,4,61.84,EASIER
4,34.45,112.53,15,0,0,71.22,HARDER
5,29.95,162.13,18,0,0,73.73,SAME
4,25.0,235.99,24,9,5,33.45,EASIER
5,29.31,175.81,22,4,3,67.86,EASIER
5,27.81,203.02,21,3,1,70.63,SAME
3,25.3,76.91,15,3,0,78.15,HARDER
1,66.8,43.33,3,1,0,34.08,SAME
2,31.22,89.78,11,5,0,67.68,HARDER
4,27.75,139.81,17,2,0,82.52,HARDER
4,32.04,123.55,16,1,0,91.02,HARDER
2,37.08,97.13,8,2,1,59.81,EASIER
5,25.0,210.87,22,4,0,75.27,SAME
3,25.0,97.17,15,3,1,88.48,SAME
1,25.0,71.86,8,6,1,58.0,SAME
2,53.74,43.66,6,0,0,95.84,HARDER
2,30.55,104.34,11,5,3,42.47,EASIER
2,25.0,69.15,11,5,1,47.9,SAME
2,46.95,66.44,6,0,0,59.62,SAME
3,25.0,134.89,17,5,1,52.49,SAME
1,96.38,26.94,2,0,0,79.55,HARDER
1,100.0,31.82,2,0,0,63.96,SAME
1,100.0,26.62,2,0,0,86.85,HARDER
2,40.18,90.75,7,1,1,60.68,EASIER
4,25.63,125.78,18,3,0,68.01,HARDER
3,33.27,138.42,14,2,1,45.88,EASIER
2,49.6,48.85,6,0,0,100.0,HARDER
1,52.82,50.42,4,2,1,48.46,SAME
3,34.79,109.67,13,1,0,80.17,HARDER
2,40.11,73.92,8,2,0,69.21,HARDER
4,28.8,195.78,18,3,2,38.76,EASIER
1,94.11,26.66,2,0,0,80.28,HARDER
1,99.56,20.0,2,0,0,79.05,HARDER
5,27.56,174.39,22,4,2,73.63,EASIER
4,27.84,172.72,18,3,0,62.07,SAME
2,42.16,39.79,7,1,1,69.3,EASIER
2,50.11,46.05,6,0,0,60.8,SAME
1,99.27,29.75,2,0,0,72.35,HARDER
2,39.75,68.59,7,1,0,76.83,HARDER
4,26.95,173.29,17,2,1,70.79,EASIER
4,25.0,215.33,19,4,3,48.49,EASIER
4,25.55,112.84,16,1,1,67.67,EASIER
4,25.0,181.48,19,4,2,55.57,EASIER
4,33.89,195.62,17,2,0,69.78,SAME
2,25.0,160.0,13,7,5,54.03,EASIER
4,28.58,187.53,19,4,2,42.97,EASIER
5,34.26,164.78,18,0,0,65.46,SAME
1,52.39,60.7,4,2,0,43.48,SAME
4,25.19,250.0,21,6,5,48.73,EASIER
1,100.0,20.0,2,0,0,78.46,HARDER
5,25.0,282.19,26,8,5,50.73,EASIER
3,27.9,100.53,15,3,0,58.67,SAME
5,25.03,179.13,24,6,5,50.82,EASIER
3,30.21,114.94,14,2,2,52.42,EASIER
3,32.51,77.46,13,1,0,80.16,HARDER
1,67.23,43.04,3,1,1,70.78,SAME
5,28.34,147.75,22,4,1,70.14,SAME
2,32.52,96.94,10,4,2,79.37,EASIER
5,35.09,133.39,19,1,0,77.16,SAME
1,98.63,25.98,2,0,0,86.22,HARDER
3,28.85,82.41,12,0,0,64.22,SAME
5,27.72,151.37,19,1,0,66.69,SAME
2,33.24,122.57,12,6,3,46.7,EASIER
1,66.67,51.97,3,1,1,62.53,SAME
1,37.64,52.97,5,3,1,53.08,SAME
1,66.01,53.38,3,1,0,74.06,HARDER
5,34.96,140.75,19,1,0,91.78,SAME
4,26.45,191.06,20,5,1,38.17,EASIER
3,25.0,173.08,16,4,3,44.4,EASIER
2,30.82,84.91,8,2,0,40.08,SAME
4,36.5,103.38,16,1,0,73.12,HARDER
5,25.0,288.84,23,5,3,25.0,HARDER
2,35.89,54.6,9,3,1,63.61,SAME
4,30.9,118.65,18,3,1,70.35,SAME
4,32.24,152.71,17,2,2,59.35,EASIER
4,35.25,89.88,15,0,0,84.32,HARDER
4,29.47,164.87,17,2,2,77.67,EASIER
5,28.29,230.5,23,5,2,67.49,EASIER
3,28.21,81.7,13,1,0,98.24,HARDER
3,25.0,139.12,16,4,1,35.21,SAME
5,28.02,300.0,21,3,3,51.62,EASIER
2,50.06,50.97,6,0,0,94.67,HARDER
5,27.02,258.83,24,6,3,66.02,EASIER
2,38.4,56.34,7,1,0,92.7,HARDER
5,29.26,144.59,21,3,2,72.62,EASIER
2,50.2,52.69,6,0,0,67.31,HARDER
4,29.89,228.63,20,5,4,34.75,EASIER
1,64.06,31.95,3,1,0,70.81,HARDER
5,29.49,153.32,20,2,1,88.7,EASIER
4,29.77,123.33,18,3,1,67.41,SAME
2,41.05,55.63,7,1,0,72.93,HARDER
4,25.0,129.38,19,4,0,80.05,HARDER
1,99.04,26.48,2,0,0,83.96,HARDER
1,35.66,59.11,5,3,2,54.85,SAME
1,69.95,26.24,3,1,0,71.26,HARDER
5,32.72,132.8,18,0,0,78.51,SAME
5,30.66,233.2,23,5,2,65.06,EASIER
2,34.41,102.76,11,5,1,52.21,SAME
1,98.69,37.69,2,0,0,79.68,HARDER
1,96.0,32.53,2,0,0,78.79,HARDER
2,38.85,75.79,7,1,0,66.43,HARDER
1,25.0,64.3,9,7,5,25.0,SAME
1,99.89,20.0,2,0,0,61.24,SAME
4,32.7,120.29,15,0,0,69.12,HARDER
2,29.56,72.69,9,3,2,60.7,EASIER
3,27.66,71.52,13,1,0,96.09,HARDER
1,51.53,51.33,4,2,1,75.2,SAME
1,48.68,56.61,4,2,0,55.43,SAME
3,25.25,141.34,16,4,1,60.55,SAME
2,57.26,36.75,6,0,0,92.78,HARDER
4,26.97,134.82,18,3,2,72.63,EASIER
5,32.5,125.01,19,1,0,68.94,SAME
3,25.0,140.79,19,7,2,46.09,SAME
4,32.94,127.01,15,0,0,74.62,HARDER
1,71.53,31.73,3,1,1,70.6,SAME
3,28.6,131.96,15,3,0,44.82,SAME
3,25.34,87.0,13,1,0,79.53,HARDER
1,70.52,56.12,3,1,0,62.97,SAME
4,29.48,140.47,20,5,2,71.13,EASIER
4,25.0,139.15,18,3,0,68.57,HARDER
3,36.29,130.69,13,1,1,85.95,EASIER
2,45.54,64.43,7,1,0,83.06,HARDER
5,26.18,251.38,21,3,1,63.94,EASIER
4,26.16,139.23,18,3,1,100.0,SAME
1,33.02,70.52,6,4,1,62.71,SAME
2,55.41,57.63,6,0,0,81.74,HARDER
2,28.84,117.68,11,5,3,40.32,EASIER
3,31.65,109.27,14,2,1,51.58,EASIER
5,29.2,152.39,19,1,0,100.0,SAME
2,28.63,84.68,10,4,0,61.37,SAME
3,34.13,71.5,12,0,0,92.76,HARDER
3,25.0,180.03,20,8,3,41.16,HARDER
2,44.34,71.27,8,2,0,85.55,HARDER
2,47.41,62.55,7,1,0,75.41,HARDER
5,31.46,237.51,19,1,1,48.76,EASIER
5,25.0,283.07,24,6,2,60.97,EASIER
4,28.21,180.33,21,6,2,68.19,SAME
4,34.11,121.79,15,0,0,80.47,HARDER
5,26.97,284.08,27,9,5,55.52,EASIER
5,25.0,243.84,26,8,1,71.72,SAME
1,98.27,26.58,2,0,0,94.58,HARDER
5,25.0,241.19,27,9,6,73.42,EASIER
5,29.69,172.62,21,3,1,73.23,SAME
2,25.0,90.03,12,6,0,70.72,HARDER
3,39.43,87.12,12,0,0,100.0,HARDER
2,49.08,58.39,6,0,0,98.11,HARDER
1,100.0,24.52,2,0,0,97.32,HARDER
1,97.24,39.05,2,0,0,86.3,HARDER
2,45.33,62.45,7,1,0,86.11,HARDER
5,25.74,300.0,25,7,4,37.68,EASIER
4,26.28,164.72,19,4,2,60.28,EASIER
2,47.62,72.55,7,1,0,60.2,SAME
1,99.36,30.05,2,0,0,65.86,HARDER
4,29.95,174.99,17,2,0,56.06,SAME
4,26.5,145.81,19,4,0,86.68,HARDER
5,28.89,291.17,26,8,3,58.97,EASIER
3,34.4,89.7,12,0,0,72.13,HARDER
5,25.0,219.51,22,4,1,51.83,SAME
4,25.0,250.0,20,5,4,43.23,EASIER
4,26.68,191.55,19,4,0,27.76,SAME
1,98.68,28.11,2,0,0,74.8,HARDER
2,38.74,76.79,8,2,1,57.99,EASIER
3,30.68,147.08,16,4,0,56.92,SAME
5,29.72,162.25,21,3,0,61.12,SAME
1,51.61,64.44,4,2,1,47.68,SAME
2,45.37,49.89,6,0,0,84.89,HARDER
5,25.0,286.75,24,6,2,47.8,EASIER
3,25.0,107.7,18,6,1,94.93,HARDER
1,34.58,80.32,6,4,1,49.22,SAME
3,30.82,99.92,15,3,1,67.59,SAME
1,45.81,45.11,4,2,1,56.16,SAME
3,34.36,124.02,13,1,1,85.2,EASIER
5,33.34,208.55,18,0,0,32.49,SAME
4,33.48,121.47,16,1,0,86.49,HARDER
3,36.6,100.77,12,0,0,72.4,HARDER
1,43.09,51.44,5,3,1,54.47,SAME
5,25.0,258.01,26,8,6,50.78,EASIER
3,27.2,164.93,15,3,1,29.66,EASIER
5,25.67,233.32,25,7,3,60.73,EASIER
3,37.84,94.63,12,0,0,66.69,HARDER
3,25.0,88.73,14,2,0,58.9,SAME
2,40.67,86.53,8,2,0,66.09,HARDER
1,100.0,37.57,2,0,0,88.98,HARDER
1,54.13,45.89,4,2,0,66.66,HARDER
4,27.44,163.01,20,5,3,51.08,EASIER
4,28.12,123.2,18,3,0,60.46,SAME
1,100.0,51.3,2,0,0,72.77,HARDER
5,33.04,166.63,19,1,0,78.61,SAME
1,100.0,30.28,2,0,0,87.93,HARDER
3,33.79,91.15,12,0,0,89.31,HARDER
3,35.58,68.94,12,0,0,69.36,HARDER
5,25.0,235.48,24,6,3,65.89,EASIER
2,50.98,48.59,6,0,0,69.31,HARDER
4,31.3,134.59,18,3,2,78.89,EASIER
2,42.91,75.84,8,2,1,41.88,EASIER
3,29.85,87.94,14,2,1,73.72,EASIER
5,28.7,263.18,22,4,3,55.25,EASIER
2,45.56,55.54,6,0,0,51.57,SAME
5,28.33,236.23,23,5,3,59.99,EASIER
1,69.65,49.96,3,1,0,66.37,HARDER
3,25.99,127.71,16,4,1,65.73,SAME
4,33.66,110.94,15,0,0,87.37,HARDER
1,62.68,37.52,3,1,0,56.26,SAME
2,48.07,59.34,7,1,0,85.89,HARDER
1,50.19,32.8,4,2,0,86.78,HARDER
4,38.46,136.48,15,0,0,100.0,HARDER
4,25.0,245.83,22,7,5,41.46,EASIER
5,30.31,133.77,22,4,2,76.77,EASIER
1,100.0,28.51,2,0,0,86.13,HARDER
4,28.19,144.75,18,3,1,63.65,SAME
3,30.32,135.16,13,1,0,68.56,HARDER
4,28.87,182.33,17,2,2,63.39,EASIER
5,29.69,179.85,22,4,2,66.45,EASIER
2,34.67,87.65,9,3,1,59.38,SAME
4,25.96,198.55,17,2,2,55.52,EASIER
4,32.58,186.74,16,1,0,29.13,SAME
3,39.7,89.35,12,0,0,87.52,HARDER
1,67.77,42.71,3,1,0,83.28,HARDER
5,26.64,181.88,22,4,1,73.25,SAME
1,58.71,44.53,3,1,1,54.0,SAME
2,46.74,51.32,7,1,0,53.82,SAME
5,25.95,157.65,21,3,1,72.87,SAME
4,25.0,182.8,22,7,4,46.48,EASIER
2,37.93,93.17,8,2,0,52.5,SAME
4,31.55,104.05,17,2,0,79.99,HARDER
2,42.59,57.35,7,1,1,84.11,EASIER
3,35.06,82.18,14,2,1,63.78,EASIER
3,25.0,108.28,17,5,2,77.38,SAME
4,25.0,138.78,18,3,1,100.0,SAME
4,35.71,184.5,16,1,0,80.71,SAME
1,36.63,64.16,6,4,2,65.65,SAME
3,25.97,149.03,17,5,0,72.93,HARDER
2,54.17,77.4,6,0,0,78.59,HARDER
5,25.55,166.89,20,2,2,47.18,EASIER
3,25.0,210.0,19,7,4,25.17,EASIER
1,25.0,95.57,8,6,3,37.13,SAME
2,40.44,67.76,7,1,0,48.69,SAME
3,30.52,167.76,13,1,1,50.62,EASIER
5,25.22,265.21,22,4,3,51.94,EASIER
3,33.16,122.97,13,1,0,59.96,SAME
2,29.48,139.68,11,5,3,43.63,EASIER
1,95.62,20.0,2,0,0,71.47,HARDER
5,29.14,223.91,21,3,2,61.09,EASIER
5,28.27,172.88,21,3,1,68.05,HARDER
4,25.0,250.0,21,6,5,52.93,EASIER
3,25.09,163.11,15,3,2,67.53,EASIER
1,96.06,20.0,2,0,0,85.04,HARDER
5,28.56,212.1,21,3,2,53.33,EASIER
4,28.49,188.08,18,3,2,73.27,EASIER
3,30.43,144.06,13,1,1,64.91,EASIER
1,98.67,20.0,2,0,0,69.9,HARDER
5,31.96,164.49,19,1,1,63.0,EASIER
1,43.04,39.57,5,3,0,42.0,SAME
3,39.08,111.19,12,0,0,80.01,HARDER
1,66.36,47.51,3,1,0,80.18,HARDER
2,39.27,76.17,7,1,1,71.02,SAME
5,27.12,159.41,19,1,1,68.01,EASIER
1,96.19,29.41,2,0,0,77.41,HARDER
2,49.93,71.13,6,0,0,77.75,HARDER
5,26.86,239.53,25,7,6,68.96,EASIER
4,35.41,126.87,15,0,0,69.71,HARDER
2,49.43,76.51,6,0,0,76.14,HARDER
2,50.79,56.29,6,0,0,76.16,HARDER
2,51.0,47.5,6,0,0,70.45,HARDER
4,32.04,117.85,17,2,0,62.38,SAME
4,31.24,150.14,17,2,0,73.82,HARDER
3,25.0,115.51,16,4,2,82.95,EASIER
2,51.73,41.97,6,0,0,83.01,HARDER
4,25.67,184.38,21,6,3,41.26,EASIER
1,65.1,31.19,3,1,0,47.75,SAME
1,97.7,20.26,2,0,0,87.42,HARDER
5,28.09,156.6,23,5,3,69.33,EASIER
4,28.29,135.02,16,1,0,52.64,SAME
2,34.25,76.82,9,3,0,81.48,HARDER
5,27.14,226.83,23,5,3,64.86,EASIER
5,25.0,140.73,20,2,2,89.16,EASIER
4,25.0,204.76,19,4,2,76.3,EASIER
3,33.63,76.9,13,1,0,68.03,HARDER
2,50.91,30.0,6,0,0,100.0,HARDER
3,27.65,99.99,15,3,0,63.19,SAME
3,25.32,127.2,14,2,0,62.56,SAME
4,25.0,166.21,20,5,2,60.03,EASIER
3,25.0,141.11,15,3,2,42.4,EASIER
2,36.72,86.5,8,2,0,62.68,SAME
2,46.53,62.65,6,0,0,77.29,HARDER
4,27.12,149.71,18,3,1,63.21,SAME
2,51.8,45.81,6,0,0,94.84,HARDER
2,50.4,41.59,6,0,0,78.84,HARDER
2,32.92,80.1,7,1,0,47.13,SAME
1,36.46,39.82,5,3,0,58.79,SAME
5,33.45,159.12,19,1,0,70.66,SAME
4,31.03,151.98,18,3,1,51.42,EASIER
1,100.0,31.02,2,0,0,81.38,HARDER
4,26.11,240.78,21,6,2,36.79,EASIER
5,25.0,184.5,23,5,2,64.45,EASIER
1,66.99,34.31,3,1,0,50.91,SAME
4,37.83,144.61,16,1,1,63.85,EASIER
3,28.16,88.85,13,1,1,84.0,EASIER
1,53.76,50.34,4,2,1,61.95,SAME
5,25.0,279.98,23,5,4,37.34,EASIER
4,31.44,171.97,17,2,1,58.3,EASIER
2,50.48,49.9,6,0,0,92.02,HARDER
3,25.0,97.7,15,3,1,69.08,SAME
4,34.97,115.07,16,1,0,89.89,HARDER
2,48.14,67.9,7,1,0,73.36,HARDER
5,31.52,213.32,20,2,2,82.17,EASIER
1,63.55,55.31,3,1,0,62.85,SAME
3,29.57,103.82,13,1,0,89.43,HARDER
2,29.6,120.76,10,4,4,32.9,EASIER
2,41.35,96.73,7,1,0,63.86,SAME
3,27.28,136.51,16,4,1,91.69,SAME
5,25.0,177.53,24,6,0,82.47,SAME
2,33.25,46.9,8,2,0,94.26,HARDER
1,96.26,20.0,2,0,0,99.16,HARDER
3,28.0,137.74,16,4,0,75.79,HARDER
5,25.35,220.69,23,5,0,56.18,SAME
3,34.52,84.54,12,0,0,92.45,HARDER
1,100.0,35.33,2,0,0,77.57,HARDER
4,28.82,139.06,19,4,2,66.69,EASIER
3,25.0,205.71,18,6,3,42.66,EASIER
3,31.26,85.23,13,1,0,70.09,HARDER
2,34.16,58.62,8,2,1,74.1,EASIER
3,25.21,136.42,14,2,1,52.5,EASIER
4,27.86,192.68,18,3,2,76.85,EASIER
4,30.88,93.44,16,1,0,72.28,HARDER
3,33.99,101.23,13,1,1,65.46,EASIER
4,25.0,250.0,19,4,1,25.0,EASIER
4,31.87,149.06,17,2,2,49.77,EASIER
1,100.0,29.93,2,0,0,74.86,HARDER
2,52.17,65.54,6,0,0,64.16,SAME
3,32.67,71.25,12,0,0,100.0,HARDER
1,100.0,20.0,2,0,0,74.02,HARDER
2,38.84,55.53,7,1,0,65.24,HARDER
2,44.29,81.67,7,1,0,68.71,HARDER
2,51.51,33.24,6,0,0,88.62,HARDER
2,45.5,38.14,6,0,0,91.08,HARDER
5,29.84,182.91,23,5,0,79.27,SAME
2,36.14,95.16,8,2,1,48.71,EASIER
5,30.57,300.0,25,7,5,27.41,EASIER
4,27.38,180.5,19,4,1,46.41,SAME
5,25.0,237.38,30,12,5,42.76,EASIER
4,37.01,112.06,15,0,0,59.66,SAME
1,100.0,21.33,2,0,0,100.0,HARDER
2,53.94,58.6,6,0,0,81.68,HARDER
3,31.7,77.64,12,0,0,82.68,HARDER
1,29.41,73.37,7,5,2,51.2,SAME
3,31.42,116.28,13,1,0,71.92,HARDER
3,25.98,145.8,16,4,1,40.12,SAME
4,28.45,136.53,17,2,2,77.45,EASIER
5,30.14,117.15,19,1,0,90.08,SAME
1,25.0,58.32,7,5,0,53.2,SAME
1,67.49,44.75,3,1,0,52.56,SAME
2,40.19,57.04,7,1,0,67.63,HARDER
5,27.61,169.78,20,2,1,83.09,EASIER
1,97.59,36.56,2,0,0,90.83,HARDER
5,25.0,300.0,26,8,4,46.68,EASIER
3,29.78,142.4,13,1,0,69.21,HARDER
1,64.02,34.42,3,1,0,75.21,HARDER
5,28.57,300.0,23,5,5,28.02,EASIER
4,28.72,171.45,19,4,3,64.27,EASIER
1,93.22,42.36,2,0,0,52.02,SAME
5,37.62,161.13,19,1,0,78.41,SAME
1,100.0,20.0,2,0,0,85.47,HARDER
1,100.0,44.58,2,0,0,54.76,SAME
2,44.65,62.82,7,1,0,78.3,HARDER
1,65.16,32.66,3,1,0,67.35,HARDER
4,25.0,250.0,23,8,2,34.38,EASIER
2,36.91,78.26,8,2,0,71.53,HARDER
5,29.48,206.28,20,2,1,91.46,EASIER
3,34.51,91.55,12,0,0,93.61,HARDER
1,100.0,24.78,2,0,0,85.85,HARDER
3,34.44,110.14,13,1,0,64.1,SAME
3,28.27,142.38,17,5,3,63.31,EASIER
4,25.0,186.78,20,5,1,77.03,SAME
5,27.99,197.82,20,2,1,81.17,EASIER
1,100.0,20.0,2,0,0,99.05,HARDER
2,25.92,99.28,12,6,1,42.89,SAME
5,25.0,162.97,20,2,2,76.97,EASIER
5,31.27,266.47,21,3,2,46.11,EASIER
2,40.49,63.72,7,1,0,98.44,HARDER
3,25.0,167.14,16,4,3,56.18,EASIER
5,25.9,151.47,21,3,1,96.2,SAME
2,38.84,57.4,7,1,0,68.37,HARDER
5,29.17,184.98,23,5,1,58.91,SAME
3,31.38,84.6,13,1,1,73.18,EASIER
4,28.49,183.93,18,3,2,48.99,EASIER
3,34.45,118.44,13,1,0,73.74,HARDER
4,25.0,158.46,21,6,3,48.21,EASIER
2,36.36,88.2,9,3,1,73.86,SAME
4,25.0,159.82,18,3,0,67.89,HARDER
3,27.45,114.19,13,1,0,71.14,HARDER
1,40.17,40.64,5,3,0,88.38,HARDER
5,25.0,233.02,27,9,5,73.35,EASIER
2,37.99,59.91,8,2,0,54.47,SAME
1,100.0,55.23,2,0,0,74.06,HARDER
1,100.0,24.63,2,0,0,82.42,HARDER
2,46.43,52.84,7,1,1,69.43,EASIER
2,40.83,37.54,7,1,0,80.99,HARDER
5,30.73,162.12,19,1,1,92.91,EASIER
5,28.1,169.32,25,7,4,62.15,EASIER
2,31.83,86.85,9,3,1,58.79,SAME
1,100.0,27.22,2,0,0,82.45,HARDER
4,29.15,189.37,18,3,0,44.53,SAME
5,27.3,254.81,19,1,1,48.87,EASIER
3,28.78,68.9,15,3,1,77.75,SAME
2,25.0,80.93,11,5,2,62.44,EASIER
2,40.18,74.3,7,1,0,70.74,HARDER
3,26.88,89.1,14,2,0,100.0,HARDER
5,25.0,219.9,20,2,0,58.31,SAME
4,25.64,122.13,18,3,0,70.2,HARDER
2,26.87,98.99,9,3,0,60.29,SAME
1,69.01,58.93,3,1,0,50.95,SAME
3,25.61,134.72,14,2,1,60.74,EASIER
3,31.42,77.71,13,1,1,76.32,EASIER
4,25.55,198.16,17,2,2,54.63,EASIER
1,68.64,32.57,3,1,0,85.85,HARDER
2,51.93,52.23,6,0,0,99.14,HARDER
2,29.6,89.78,10,4,2,63.58,EASIER
1,97.71,28.0,2,0,0,100.0,HARDER
5,26.56,165.32,23,5,2,68.32,EASIER
1,66.85,41.25,3,1,1,69.34,SAME
4,31.6,120.47,17,2,1,85.73,EASIER
1,30.97,72.12,7,5,1,53.08,SAME
5,29.67,246.88,25,7,1,52.65,EASIER
3,32.31,120.53,13,1,0,63.17,SAME
3,30.52,78.27,12,0,0,70.74,HARDER
3,29.2,174.69,16,4,2,54.05,EASIER
2,47.25,54.2,6,0,0,60.11,SAME
5,27.1,144.25,22,4,0,91.24,SAME
4,25.52,156.31,21,6,3,76.67,EASIER
3,25.78,123.4,15,3,2,87.21,EASIER
2,40.24,87.83,8,2,1,62.89,EASIER
4,27.08,137.74,17,2,0,81.08,HARDER
3,28.55,142.64,13,1,0,61.22,SAME
5,26.31,229.38,24,6,2,43.76,EASIER
5,28.54,181.84,22,4,1,45.78,SAME
1,100.0,42.66,2,0,0,72.54,HARDER
1,66.35,33.08,3,1,0,76.96,HARDER
2,33.15,72.34,9,3,0,69.49,HARDER
4,25.0,208.89,22,7,4,47.26,EASIER
4,30.38,140.58,19,4,0,73.06,HARDER
2,42.88,51.11,6,0,0,85.0,HARDER
2,25.0,112.66,11,5,3,56.95,EASIER
1,62.39,60.09,3,1,0,72.4,HARDER
1,47.53,64.61,5,3,2,42.22,SAME
2,52.45,64.22,6,0,0,73.01,HARDER
5,31.86,181.65,20,2,1,71.83,EASIER
4,30.96,110.76,17,2,0,84.91,HARDER
4,25.0,205.53,22,7,4,57.85,EASIER
5,32.48,177.0,19,1,1,83.19,EASIER
3,32.3,94.8,13,1,0,61.89,SAME
5,27.27,204.26,22,4,2,63.54,EASIER
1,99.28,32.61,2,0,0,80.4,HARDER
2,46.29,47.55,7,1,0,57.94,SAME
3,25.22,129.99,15,3,0,48.83,SAME
4,25.12,123.48,18,3,1,90.9,SAME
5,29.16,248.31,24,6,4,64.34,EASIER
5,34.35,225.83,18,0,0,74.67,SAME
2,50.65,61.8,6,0,0,75.34,HARDER
4,25.0,184.82,20,5,3,51.24,EASIER
5,29.92,238.38,22,4,2,33.78,EASIER
4,27.39,109.21,18,3,0,73.57,HARDER
1,100.0,41.19,2,0,0,56.97,SAME
4,28.82,183.55,17,2,0,52.04,SAME
4,30.17,193.51,17,2,1,68.72,EASIER
3,32.54,61.32,12,0,0,79.58,HARDER
3,31.84,122.81,12,0,0,70.73,HARDER
5,28.26,218.83,23,5,2,67.81,EASIER
4,27.32,215.55,20,5,4,43.26,EASIER
4,25.0,156.65,21,6,2,65.77,SAME
4,36.78,106.39,15,0,0,87.75,HARDER
2,54.28,65.94,6,0,0,80.41,HARDER
2,32.59,84.55,9,3,1,51.05,SAME
2,50.55,44.61,6,0,0,96.61,HARDER
4,25.0,210.03,19,4,0,45.01,EASIER
5,25.0,300.0,25,7,6,44.44,EASIER
2,32.44,95.41,9,3,0,38.09,SAME
1,68.09,35.79,3,1,0,67.97,HARDER
3,25.0,151.71,17,5,0,59.35,SAME
2,49.06,60.31,6,0,0,78.77,HARDER
4,26.05,140.13,17,2,0,78.81,HARDER
4,25.0,222.93,19,4,3,25.0,EASIER
1,34.9,68.5,6,4,2,65.61,SAME
3,39.86,65.04,12,0,0,98.75,HARDER
5,26.92,204.46,21,3,0,74.87,SAME
4,25.0,204.9,18,3,1,54.84,EASIER
5,25.98,300.0,25,7,5,50.56,EASIER
1,100.0,31.62,2,0,0,76.38,HARDER
4,33.23,200.78,18,3,1,66.91,EASIER
1,99.23,21.94,2,0,0,78.74,HARDER
2,38.82,67.0,8,2,1,85.3,EASIER
3,31.79,102.95,13,1,0,61.92,SAME
1,52.63,34.68,4,2,0,50.35,SAME
1,67.85,51.29,3,1,1,48.48,SAME
4,28.76,172.11,17,2,1,70.72,EASIER
4,25.0,142.92,17,2,1,68.75,EASIER
2,38.51,111.94,9,3,2,41.01,EASIER
1,71.63,34.87,3,1,0,65.83,HARDER
3,27.37,79.08,14,2,2,70.44,EASIER
3,25.0,156.96,16,4,3,66.63,EASIER
1,66.5,31.17,3,1,1,83.73,SAME
5,25.0,182.75,23,5,2,64.67,EASIER
1,50.15,56.89,4,2,1,57.12,SAME
3,25.0,134.78,16,4,1,60.93,SAME
1,98.1,20.0,2,0,0,56.36,SAME
5,30.58,153.74,21,3,0,78.56,SAME
3,32.47,87.11,12,0,0,95.29,HARDER
3,32.19,130.91,15,3,1,63.21,SAME
4,32.89,136.48,16,1,1,83.07,EASIER
2,39.48,69.63,8,2,1,87.98,EASIER
4,32.41,130.44,17,2,0,69.99,HARDER
3,31.4,113.39,12,0,0,92.42,HARDER
3,28.27,79.56,14,2,0,88.95,HARDER
2,35.3,56.58,8,2,1,67.81,EASIER
5,30.0,197.58,22,4,3,64.34,EASIER
3,25.0,72.57,13,1,1,62.09,EASIER
3,25.0,144.28,16,4,2,60.76,EASIER
5,36.21,225.51,18,0,0,54.58,SAME
3,29.26,98.28,13,1,1,50.34,EASIER
5,28.19,180.64,22,4,1,64.43,SAME
5,31.84,132.62,19,1,0,58.93,SAME
4,25.2,227.02,19,4,3,50.84,EASIER
5,29.89,133.0,19,1,0,96.05,SAME
5,31.03,163.8,21,3,2,58.42,EASIER
2,40.09,44.8,8,2,0,76.72,HARDER
4,25.0,242.92,20,5,4,47.44,EASIER
3,25.0,192.19,20,8,4,38.96,EASIER
4,33.59,144.04,16,1,1,68.68,EASIER
1,52.2,47.01,4,2,1,64.12,SAME
1,69.89,36.33,3,1,0,72.14,HARDER
3,33.22,152.89,14,2,2,76.08,EASIER
1,99.8,30.11,2,0,0,82.72,HARDER
3,25.12,137.94,15,3,2,68.64,EASIER
5,25.22,300.0,24,6,2,45.67,EASIER
3,25.0,172.81,20,8,3,39.56,EASIER
5,32.13,172.14,20,2,1,73.14,EASIER
3,31.69,64.17,12,0,0,78.93,HARDER
1,66.6,20.37,3,1,0,83.75,HARDER
4,25.0,174.29,20,5,1,79.51,HARDER
2,47.96,74.61,6,0,0,61.33,SAME
5,25.0,300.0,26,8,5,42.97,EASIER
4,25.0,250.0,24,9,1,44.32,EASIER
2,44.82,63.93,7,1,0,70.5,HARDER
1,99.39,20.0,2,0,0,86.29,HARDER
2,52.36,70.56,6,0,0,74.68,HARDER
2,42.1,84.9,8,2,1,60.11,EASIER
2,32.59,78.31,9,3,0,64.13,SAME
5,25.0,178.66,19,1,0,70.0,SAME
2,47.09,35.07,6,0,0,72.84,HARDER
3,25.64,106.69,15,3,1,45.42,EASIER
1,34.93,81.51,6,4,3,42.21,SAME
2,50.15,43.93,6,0,0,100.0,HARDER
5,25.0,300.0,23,5,3,39.93,EASIER
3,25.0,103.29,15,3,0,54.57,SAME
3,25.0,112.0,15,3,0,76.79,HARDER
2,43.59,68.5,6,0,0,67.29,HARDER
4,27.56,138.13,20,5,2,58.7,EASIER
1,43.36,45.86,5,3,1,67.24,SAME
2,40.94,75.74,7,1,0,74.24,HARDER
4,25.0,201.01,19,4,4,45.0,EASIER
3,29.43,99.27,13,1,0,88.06,HARDER
3,25.72,146.1,17,5,1,57.39,SAME
3,34.06,97.96,14,2,0,75.58,HARDER
4,27.03,188.77,18,3,2,60.77,EASIER
1,57.23,32.96,4,2,0,81.27,HARDER
5,37.67,206.44,20,2,1,71.73,EASIER
1,96.5,20.0,2,0,0,97.01,HARDER
3,30.77,128.5,15,3,0,50.85,SAME
2,50.18,41.82,6,0,0,94.91,HARDER
3,28.61,164.78,16,4,3,66.49,EASIER
5,25.0,199.77,23,5,1,48.62,SAME
2,37.46,128.29,8,2,0,42.68,SAME
4,31.54,181.91,16,1,0,48.37,SAME
2,52.31,73.58,6,0,0,61.7,SAME
2,38.87,79.67,7,1,1,87.52,EASIER
1,100.0,46.6,2,0,0,58.06,SAME
1,73.29,32.78,3,1,0,54.09,SAME
2,46.32,61.54,6,0,0,88.89,HARDER
5,25.0,300.0,29,11,6,48.05,EASIER
3,37.62,115.42,12,0,0,41.89,SAME
1,98.38,22.95,2,0,0,85.6,HARDER
4,31.71,106.13,18,3,1,75.67,SAME
1,97.48,44.43,2,0,0,46.38,SAME
3,25.0,124.06,17,5,3,45.12,EASIER
1,98.75,20.0,2,0,0,100.0,HARDER
5,35.7,165.73,19,1,0,77.8,SAME
5,32.91,148.67,19,1,0,66.95,SAME
1,67.96,20.0,3,1,0,81.28,HARDER
5,35.66,217.81,18,0,0,65.61,SAME
2,34.37,42.9,8,2,0,90.5,HARDER
5,25.0,157.26,21,3,1,61.01,SAME
5,25.0,168.84,22,4,1,58.5,SAME
4,25.0,134.2,19,4,2,64.04,EASIER
4,26.52,149.2,19,4,3,46.73,EASIER
5,27.92,174.64,23,5,0,80.45,SAME
5,30.4,223.18,20,2,0,64.71,SAME
3,27.54,148.9,16,4,3,64.22,EASIER
3,28.58,82.24,13,1,0,86.11,HARDER
4,25.0,152.88,19,4,3,65.0,EASIER
2,52.4,46.47,6,0,0,84.71,HARDER
2,51.25,54.6,6,0,0,89.65,HARDER
1,48.54,45.5,4,2,1,65.23,SAME
5,33.23,172.46,21,3,2,60.69,EASIER
3,28.97,156.03,14,2,2,74.18,EASIER
2,45.96,61.75,6,0,0,66.36,HARDER
4,30.35,166.99,16,1,1,51.19,EASIER
4,25.0,115.85,19,4,0,60.99,SAME
5,25.57,242.33,23,5,3,56.29,EASIER
4,25.0,177.3,22,7,2,43.35,EASIER
4,25.0,250.0,22,7,5,44.77,EASIER
4,27.64,223.5,20,5,3,69.32,EASIER
4,27.62,147.92,17,2,0,68.02,HARDER
4,32.29,144.17,18,3,2,84.57,EASIER
4,26.01,197.98,18,3,1,46.57,EASIER
3,34.69,100.88,13,1,1,58.15,EASIER
5,31.8,219.97,21,3,3,48.67,EASIER
1,100.0,28.08,2,0,0,79.74,HARDER
3,25.0,139.64,18,6,3,46.22,EASIER
5,31.37,148.76,19,1,1,67.44,EASIER
5,25.0,216.59,25,7,5,66.16,EASIER
1,99.2,30.32,2,0,0,81.86,HARDER
5,28.75,151.0,20,2,0,81.55,SAME
3,25.0,158.65,15,3,2,74.0,EASIER
3,34.84,86.39,12,0,0,81.48,HARDER
3,28.8,81.13,13,1,0,61.7,SAME
1,100.0,20.0,2,0,0,97.65,HARDER
2,33.03,74.68,8,2,0,70.35,HARDER
5,26.79,233.22,27,9,5,67.31,SAME
1,99.98,41.57,2,0,0,80.76,HARDER
5,25.0,261.67,23,5,4,47.14,EASIER
4,31.26,163.02,18,3,2,74.69,EASIER
2,31.11,76.43,10,4,2,70.43,EASIER
5,29.29,260.31,21,3,1,54.61,EASIER
1,100.0,33.97,2,0,0,71.73,HARDER
3,25.0,125.15,17,5,3,50.97,EASIER
3,25.0,148.17,15,3,2,57.23,EASIER
3,25.0,108.81,14,2,0,68.0,HARDER
3,29.23,142.17,14,2,1,59.67,EASIER
1,100.0,21.17,2,0,0,57.16,SAME
1,96.82,20.44,2,0,0,64.89,SAME
4,25.0,250.0,20,5,4,26.27,EASIER
3,28.44,131.25,17,5,1,64.74,SAME
3,26.7,84.86,14,2,1,50.99,EASIER
1,69.08,46.28,3,1,0,57.26,SAME
4,25.0,220.44,16,1,1,47.69,EASIER
2,52.46,47.29,6,0,0,74.21,HARDER
4,32.06,189.44,17,2,0,44.8,SAME
5,32.08,190.05,20,2,0,57.94,SAME
4,41.46,117.74,15,0,0,62.87,SAME
4,25.0,168.43,20,5,1,61.95,SAME
1,46.05,64.11,4,2,2,66.71,SAME
1,100.0,28.81,2,0,0,86.46,HARDER
2,39.5,62.38,7,1,0,84.58,HARDER
5,26.12,220.88,23,5,2,82.15,EASIER
1,61.31,43.17,3,1,0,65.57,HARDER
3,25.97,114.69,15,3,1,78.03,SAME
1,99.33,37.96,2,0,0,82.92,HARDER
5,26.24,200.66,22,4,2,74.09,EASIER
2,54.53,42.91,6,0,0,60.43,SAME
3,31.41,130.84,14,2,1,75.99,EASIER
4,25.0,192.02,18,3,2,73.15,EASIER
4,30.08,183.44,19,4,2,56.54,EASIER
5,25.0,230.51,22,4,4,52.69,EASIER
5,26.13,245.24,24,6,2,52.38,EASIER
3,29.51,110.74,13,1,0,76.45,EASIER
2,45.51,70.67,7,1,0,82.99,HARDER
3,30.33,69.27,12,0,0,80.53,HARDER
1,100.0,29.39,2,0,0,63.33,SAME
2,48.27,52.75,6,0,0,76.4,HARDER
5,26.66,292.99,27,9,5,61.85,EASIER
4,25.0,138.34,18,3,1,49.86,EASIER
1,66.68,30.4,3,1,0,73.29,HARDER
2,34.2,123.93,9,3,1,48.73,EASIER
1,31.64,49.75,6,4,0,66.73,HARDER
2,39.3,46.01,7,1,0,75.19,HARDER
1,98.09,20.0,2,0,0,81.31,HARDER
1,100.0,25.21,2,0,0,77.67,HARDER
2,33.41,74.23,9,3,1,60.59,SAME
2,25.0,132.55,13,7,2,54.17,EASIER
1,38.3,63.54,5,3,0,57.29,SAME
2,30.71,86.56,10,4,3,65.69,EASIER
2,46.57,46.85,6,0,0,68.6,HARDER
5,25.0,300.0,27,9,6,55.12,EASIER
4,25.0,182.12,22,7,1,67.14,SAME
3,35.22,88.92,12,0,0,88.79,HARDER
1,100.0,29.05,2,0,0,83.81,HARDER
4,37.79,180.32,15,0,0,57.98,SAME
5,31.04,272.15,19,1,1,43.11,EASIER
3,29.19,151.42,14,2,1,68.37,EASIER
5,25.0,248.86,25,7,5,46.74,EASIER
3,25.0,129.36,16,4,1,58.6,SAME
4,26.08,140.42,18,3,2,100.0,EASIER
1,100.0,41.98,2,0,0,76.34,HARDER
5,25.0,245.65,26,8,7,65.63,EASIER
2,39.2,103.44,9,3,1,54.34,SAME
4,33.85,144.7,15,0,0,53.14,SAME
3,25.0,155.32,15,3,3,58.76,EASIER
3,33.26,100.92,13,1,0,86.72,HARDER
2,35.73,71.49,8,2,0,63.34,SAME
4,28.1,232.05,18,3,3,65.42,EASIER
5,30.04,197.55,22,4,2,86.43,EASIER
3,31.13,86.26,13,1,1,86.43,EASIER
5,25.0,300.0,24,6,3,50.92,EASIER
5,30.08,188.05,20,2,2,70.57,EASIER
1,100.0,28.87,2,0,0,79.1,HARDER
5,31.39,144.56,19,1,0,70.04,SAME
2,34.37,111.56,10,4,2,48.68,EASIER
2,48.59,55.34,6,0,0,96.27,HARDER
2,50.96,31.07,6,0,0,84.3,HARDER
4,29.14,168.05,20,5,2,94.65,SAME
2,38.61,91.79,8,2,0,70.7,HARDER
3,25.0,153.15,18,6,4,42.29,EASIER
4,26.03,122.04,16,1,0,60.63,SAME
1,94.59,22.47,2,0,0,83.14,HARDER
1,98.89,42.62,2,0,0,68.45,HARDER
3,25.0,186.17,19,7,3,47.92,EASIER
1,100.0,34.11,2,0,0,74.33,HARDER
4,33.63,136.48,16,1,0,64.41,SAME
5,29.39,300.0,21,3,2,25.0,EASIER
2,35.23,43.72,8,2,0,72.42,HARDER
4,25.0,132.37,18,3,2,65.66,EASIER
4,27.39,200.3,19,4,3,58.88,EASIER
2,52.68,40.38,6,0,0,70.73,HARDER
2,51.2,46.45,6,0,0,100.0,HARDER
4,28.67,127.99,18,3,2,81.62,EASIER
2,37.27,58.07,8,2,0,84.98,HARDER
2,27.41,107.79,11,5,1,47.14,SAME
4,27.32,113.41,17,2,1,76.13,EASIER
1,100.0,23.45,2,0,0,68.2,HARDER
2,36.13,53.37,8,2,0,74.99,HARDER
3,25.0,169.9,16,4,1,45.05,SAME
1,36.72,64.06,5,3,0,60.21,SAME
3,36.61,83.42,13,1,0,84.26,HARDER
5,25.0,227.8,21,3,3,45.54,EASIER
5,35.04,212.41,21,3,1,46.76,EASIER
5,25.0,265.25,23,5,3,48.73,EASIER
5,28.14,239.63,22,4,3,47.29,EASIER
3,27.77,114.13,14,2,0,86.75,HARDER
1,65.26,43.24,3,1,0,50.72,SAME
2,41.69,57.75,7,1,0,71.81,HARDER
4,37.12,87.49,15,0,0,89.52,HARDER
3,25.0,127.79,18,6,2,52.1,EASIER
1,100.0,25.83,2,0,0,69.96,HARDER
2,33.17,69.33,9,3,1,76.58,SAME
3,33.14,88.63,13,1,0,88.48,HARDER
2,43.78,62.16,6,0,0,72.89,HARDER
5,28.75,189.06,20,2,0,67.18,SAME
3,25.0,161.45,16,4,4,89.4,EASIER
4,30.04,221.62,19,4,3,51.48,EASIER
1,100.0,29.34,2,0,0,69.75,HARDER
5,28.77,225.08,20,2,2,39.18,EASIER
5,33.85,203.4,20,2,0,53.91,SAME
4,31.54,160.28,16,1,0,55.56,SAME
2,42.05,52.69,7,1,0,67.33,HARDER
4,25.0,200.18,20,5,3,56.53,EASIER
4,25.0,232.33,23,8,4,47.98,EASIER
1,100.0,32.37,2,0,0,99.21,HARDER
1,65.83,43.69,3,1,0,61.17,SAME
5,25.0,296.33,25,7,4,41.49,EASIER
2,31.07,85.14,10,4,2,55.26,EASIER
3,38.78,89.43,12,0,0,80.71,HARDER
4,32.88,138.61,16,1,0,76.53,HARDER
1,100.0,22.52,2,0,0,80.49,HARDER
5,30.15,198.52,21,3,3,67.03,EASIER
4,28.16,154.48,19,4,2,60.94,EASIER
1,64.94,45.66,3,1,1,43.11,SAME
3,28.23,123.55,16,4,0,57.6,SAME
2,50.33,60.7,6,0,0,100.0,HARDER
2,25.58,101.0,11,5,1,58.42,SAME
2,35.94,59.4,9,3,2,73.96,EASIER
2,55.04,40.9,6,0,0,82.02,HARDER
3,27.94,128.11,16,4,2,43.17,EASIER
1,65.22,31.83,3,1,0,100.0,HARDER
2,46.84,70.49,7,1,0,65.41,HARDER
2,43.26,41.42,7,1,0,73.33,HARDER
5,30.24,211.87,20,2,1,47.42,EASIER
2,46.1,55.81,6,0,0,67.7,HARDER
2,34.16,117.41,10,4,3,58.05,EASIER
2,31.47,114.41,10,4,2,50.99,EASIER
5,26.03,214.81,23,5,5,56.73,EASIER
4,25.53,136.5,20,5,1,81.47,HARDER
5,30.38,192.55,19,1,1,76.45,EASIER
2,37.72,71.84,8,2,1,64.17,EASIER
3,30.71,91.33,12,0,0,66.89,HARDER
2,54.01,49.11,6,0,0,69.42,HARDER
5,27.39,229.27,22,4,2,65.21,EASIER
5,25.0,217.65,23,5,2,60.89,EASIER
1,100.0,35.07,2,0,0,63.5,SAME
4,26.69,190.97,17,2,1,37.0,EASIER
4,33.33,119.4,15,0,0,93.67,HARDER
5,25.0,242.81,22,4,2,50.73,EASIER
5,25.0,223.38,23,5,2,57.23,EASIER
1,97.98,20.0,2,0,0,75.58,HARDER
1,71.5,28.37,3,1,0,64.19,SAME
2,46.33,57.71,6,0,0,68.79,HARDER
3,25.0,152.75,19,7,2,56.97,SAME
2,25.97,111.93,13,7,2,33.12,EASIER
4,30.27,197.06,18,3,3,55.67,EASIER
5,31.94,283.86,22,4,4,57.93,EASIER
1,66.69,39.86,3,1,0,52.94,SAME
4,25.11,160.27,21,6,1,81.82,HARDER
2,39.19,94.22,8,2,0,30.7,SAME
5,27.86,266.82,22,4,4,58.02,EASIER
1,98.22,41.47,2,0,0,78.67,HARDER
3,27.7,152.5,14,2,1,61.6,EASIER
2,35.92,64.44,9,3,0,58.44,SAME
2,46.24,94.0,7,1,0,66.56,HARDER
5,32.58,237.83,20,2,0,55.9,SAME
5,25.0,201.57,22,4,2,47.03,EASIER
1,66.72,50.98,3,1,0,74.77,HARDER
1,100.0,23.49,2,0,0,47.75,SAME
3,26.21,154.98,14,2,1,42.88,EASIER
4,25.0,164.4,19,4,1,69.13,SAME
3,25.97,125.22,16,4,1,51.59,SAME
1,46.32,65.5,4,2,1,72.59,SAME
3,33.84,86.14,13,1,0,69.6,HARDER
5,29.78,205.52,23,5,3,66.83,EASIER
1,97.55,22.53,2,0,0,100.0,HARDER
1,44.35,57.18,5,3,1,64.19,SAME
4,25.0,216.93,23,8,2,62.53,EASIER
4,28.94,179.6,18,3,2,74.7,EASIER
5,30.75,198.72,20,2,0,76.2,SAME
1,98.02,21.97,2,0,0,79.84,HARDER
3,29.95,134.45,13,1,0,62.63,SAME
1,96.24,28.4,2,0,0,67.23,HARDER
1,100.0,29.67,2,0,0,87.5,HARDER
3,29.89,117.1,15,3,0,65.36,HARDER
1,39.35,36.87,5,3,0,68.66,HARDER
3,25.66,153.14,13,1,1,58.3,EASIER
4,38.9,82.58,15,0,0,95.24,HARDER
1,65.9,38.96,3,1,0,69.19,HARDER
4,29.25,231.15,19,4,2,42.72,EASIER
5,29.22,162.89,19,1,0,71.32,SAME
5,32.1,213.21,20,2,1,68.33,EASIER
4,28.74,141.52,19,4,2,48.25,EASIER
1,63.42,20.0,3,1,0,65.16,HARDER
2,51.13,51.66,6,0,0,80.36,HARDER
3,25.38,99.28,16,4,1,69.7,SAME
4,27.12,192.68,18,3,2,71.64,EASIER
3,25.0,143.64,18,6,2,37.19,EASIER
5,29.75,132.24,19,1,0,85.49,SAME
2,48.12,38.73,6,0,0,71.11,HARDER
1,92.87,40.77,2,0,0,56.2,SAME
4,25.0,250.0,22,7,7,35.76,EASIER
3,33.57,76.45,13,1,0,86.47,HARDER
4,32.84,158.29,17,2,2,68.7,EASIER
2,36.76,71.81,8,2,0,57.49,SAME
5,29.83,213.54,22,4,3,63.25,EASIER
2,47.04,39.98,6,0,0,100.0,EASIER
1,28.59,69.81,6,4,1,61.1,SAME
2,41.92,86.03,7,1,1,58.74,EASIER
5,38.15,147.75,18,0,0,100.0,SAME
3,29.97,83.48,13,1,1,44.43,EASIER
4,25.98,179.49,19,4,1,56.62,SAME
4,29.45,195.03,18,3,3,72.22,EASIER
3,25.69,173.88,16,4,2,63.88,EASIER
5,28.2,168.49,19,1,1,63.12,EASIER
5,26.97,181.62,20,2,0,61.5,SAME
3,25.0,138.16,18,6,1,53.1,SAME
4,30.4,112.64,16,1,0,66.58,HARDER
2,41.63,55.57,7,1,0,57.38,SAME
1,66.78,51.2,3,1,1,75.74,SAME
4,27.34,132.52,19,4,1,51.65,SAME
4,32.89,148.91,18,3,1,43.95,EASIER
4,33.08,118.21,17,2,0,79.05,HARDER
2,33.05,111.11,9,3,2,64.21,EASIER
2,38.82,63.91,8,2,2,85.79,EASIER
5,26.38,158.21,20,2,0,68.47,SAME
1,73.19,39.87,3,1,1,82.33,SAME
1,100.0,21.49,2,0,0,76.28,HARDER
2,27.98,120.66,11,5,1,46.19,SAME
3,25.1,162.82,15,3,2,54.96,EASIER
5,25.0,225.25,22,4,0,64.21,SAME
1,100.0,38.56,2,0,0,72.3,HARDER
2,49.03,48.46,6,0,0,59.86,SAME
1,100.0,26.72,2,0,0,89.69,HARDER
5,25.31,263.68,25,7,6,47.42,EASIER
1,97.83,20.0,2,0,0,100.0,HARDER
2,55.22,57.78,6,0,0,75.11,HARDER
5,32.97,142.51,19,1,0,69.15,SAME
3,30.26,120.69,15,3,1,64.63,SAME
1,100.0,25.13,2,0,0,100.0,HARDER
2,37.93,50.87,8,2,0,70.63,HARDER
5,26.44,277.6,21,3,2,60.84,EASIER
1,100.0,20.0,2,0,0,84.04,HARDER
2,34.51,96.84,9,3,1,57.6,SAME
1,100.0,36.25,2,0,0,89.33,HARDER
1,65.85,39.39,3,1,0,63.33,SAME
3,37.21,93.74,12,0,0,66.0,HARDER
3,33.88,118.09,14,2,1,64.47,EASIER
1,100.0,24.19,2,0,0,90.7,HARDER
3,28.41,158.7,14,2,1,57.83,EASIER
4,27.56,92.14,15,0,0,90.64,HARDER
1,33.38,66.28,7,5,2,68.95,SAME
5,27.86,246.21,21,3,1,59.17,EASIER
2,36.18,72.44,8,2,0,60.68,SAME
1,98.89,20.0,2,0,0,84.77,HARDER
2,57.02,56.41,6,0,0,66.09,HARDER
1,93.09,20.0,2,0,0,72.32,HARDER
5,25.82,278.55,23,5,4,51.73,EASIER
4,25.0,161.72,19,4,2,87.98,EASIER
5,37.36,161.53,21,3,2,67.95,EASIER
4,27.44,167.3,19,4,4,80.47,EASIER
4,27.76,121.95,15,0,0,42.86,SAME
2,42.59,62.92,7,1,0,86.54,HARDER
2,45.19,61.09,7,1,0,64.17,SAME
4,29.88,132.64,16,1,0,87.51,HARDER
4,31.35,130.83,18,3,1,65.75,SAME
5,25.18,247.3,23,5,1,44.57,EASIER
5,25.0,242.59,22,4,1,71.21,SAME
2,41.61,93.96,7,1,1,53.4,EASIER
3,25.18,77.06,13,1,0,67.78,HARDER
5,33.71,151.72,19,1,0,84.48,SAME
4,29.8,155.94,16,1,1,48.04,EASIER
5,35.25,154.76,21,3,0,87.44,SAME
2,52.94,74.44,6,0,0,87.68,HARDER
3,25.0,186.88,24,12,4,34.95,EASIER
3,25.0,159.36,18,6,2,64.58,SAME
1,33.64,59.16,6,4,2,76.11,SAME
1,99.72,20.0,2,0,0,72.29,HARDER
5,25.0,201.76,23,5,3,51.79,EASIER
3,29.16,102.92,14,2,1,87.34,EASIER
3,25.0,210.0,18,6,4,47.13,EASIER
2,47.24,46.83,6,0,0,84.97,HARDER
2,44.01,46.53,7,1,0,74.6,HARDER
3,31.36,106.79,12,0,0,83.65,HARDER
1,40.35,56.56,4,2,0,58.16,SAME
5,25.0,286.15,22,4,3,70.49,EASIER
3,34.06,76.59,12,0,0,74.27,HARDER
5,28.2,139.17,20,2,1,57.27,EASIER
4,25.0,250.0,25,10,6,47.78,EASIER
4,25.85,165.24,18,3,2,62.62,EASIER
4,32.47,123.97,15,0,0,85.35,HARDER
5,29.25,300.0,22,4,1,60.17,EASIER
1,33.09,41.68,6,4,0,70.01,HARDER
5,25.0,300.0,25,7,5,41.19,EASIER
3,31.01,118.4,14,2,1,66.64,EASIER
5,31.41,158.26,21,3,2,60.68,EASIER
3,25.84,187.11,17,5,4,47.88,EASIER
3,28.09,80.5,15,3,0,77.96,HARDER
3,25.0,103.47,15,3,3,72.33,EASIER
4,25.0,250.0,24,9,4,43.97,HARDER
3,27.18,124.04,14,2,1,57.35,EASIER
1,100.0,20.66,2,0,0,94.63,HARDER
2,50.84,57.22,6,0,0,69.77,HARDER
5,29.07,137.27,20,2,1,84.92,EASIER
3,35.0,97.54,13,1,0,73.59,HARDER
1,99.48,20.0,2,0,0,73.72,HARDER
2,46.92,64.03,7,1,1,78.49,EASIER
2,37.07,46.44,8,2,0,52.5,SAME
1,98.89,21.43,2,0,0,70.73,HARDER
4,33.67,124.16,15,0,0,93.85,HARDER
5,31.97,131.62,19,1,0,71.76,SAME
1,51.5,48.08,4,2,1,57.26,SAME
1,98.3,41.77,2,0,0,77.85,HARDER
5,25.0,175.86,21,3,1,53.22,EASIER
2,47.91,52.81,6,0,0,84.75,HARDER
3,28.29,82.93,13,1,0,83.41,EASIER
1,44.77,39.54,4,2,0,75.49,HARDER
2,34.18,105.99,10,4,0,40.88,SAME
5,32.75,145.16,19,1,1,72.82,EASIER
3,25.0,161.62,17,5,3,37.3,EASIER
1,73.64,36.93,3,1,0,58.79,SAME
5,30.79,166.92,19,1,0,81.75,SAME
4,25.0,197.56,17,2,0,70.41,SAME
4,28.21,130.69,17,2,0,68.31,HARDER
3,36.48,120.7,13,1,1,60.56,EASIER
2,46.65,81.15,7,1,0,63.06,SAME
5,26.09,182.29,23,5,1,75.44,SAME
2,26.42,117.45,11,5,2,68.52,EASIER
4,28.13,141.63,16,1,0,65.46,HARDER
4,25.0,170.49,18,3,0,55.56,SAME
2,39.06,89.11,7,1,1,62.65,EASIER
3,33.75,108.95,13,1,1,62.71,EASIER
5,31.18,198.96,21,3,2,54.28,EASIER
2,34.4,58.21,9,3,0,45.22,SAME
2,54.59,85.44,6,0,0,66.23,HARDER
4,27.7,168.32,18,3,2,49.41,EASIER
3,25.0,139.4,13,1,0,54.12,SAME
1,67.6,43.58,3,1,0,85.57,HARDER
1,100.0,33.33,2,0,0,89.59,HARDER
3,30.71,128.66,12,0,0,67.3,HARDER
1,100.0,43.99,2,0,0,56.65,SAME
4,31.66,148.51,17,2,0,54.58,SAME
1,100.0,20.0,2,0,0,62.73,SAME
1,95.57,20.0,2,0,0,90.03,HARDER
4,25.59,233.87,21,6,1,49.19,EASIER
4,29.14,250.0,22,7,6,44.99,EASIER
5,25.0,241.97,23,5,4,51.81,EASIER
3,33.88,149.37,14,2,2,75.79,EASIER
5,25.0,255.02,25,7,1,46.77,EASIER
3,30.91,111.54,16,4,2,53.95,EASIER
2,34.79,98.36,9,3,1,57.39,SAME
2,35.45,78.16,8,2,1,52.16,EASIER
2,50.4,48.31,6,0,0,100.0,HARDER
1,64.78,21.26,3,1,0,71.85,HARDER
5,25.88,152.88,21,3,1,71.12,SAME
2,52.26,38.47,6,0,0,58.95,SAME
5,25.0,212.36,24,6,3,48.28,EASIER
2,47.5,39.09,6,0,0,77.5,HARDER
1,66.33,47.52,3,1,0,76.36,HARDER
2,38.41,76.86,9,3,1,69.13,EASIER
1,42.99,75.38,5,3,0,42.88,SAME
4,31.7,120.91,15,0,0,67.22,HARDER
4,27.02,207.09,18,3,1,49.13,EASIER
2,53.64,62.38,6,0,0,73.31,HARDER
3,33.11,138.89,13,1,0,70.12,HARDER
4,31.0,158.59,16,1,0,53.86,SAME
4,28.25,134.42,19,4,1,72.98,SAME
1,96.4,20.0,2,0,0,45.77,SAME
5,25.0,300.0,26,8,5,44.51,EASIER
4,25.0,214.31,20,5,4,67.11,EASIER
1,100.0,34.92,2,0,0,96.98,HARDER
1,41.47,67.64,4,2,1,40.4,SAME
5,28.84,300.0,20,2,2,52.84,EASIER
2,36.78,46.43,8,2,0,80.91,HARDER
1,39.89,64.15,5,3,1,70.36,SAME
1,99.61,45.39,2,0,0,88.28,HARDER
1,96.96,37.96,2,0,0,89.98,HARDER
1,66.33,20.0,3,1,0,100.0,HARDER
3,30.26,132.63,14,2,0,70.45,HARDER
4,34.2,125.13,16,1,0,83.48,HARDER
4,25.0,137.49,18,3,0,89.24,HARDER
1,100.0,21.2,2,0,0,74.52,HARDER
1,52.11,51.14,4,2,1,41.4,SAME
5,25.0,237.39,24,6,3,61.36,EASIER
3,33.93,119.49,13,1,0,76.46,HARDER
4,27.46,106.02,17,2,0,54.87,SAME
2,25.64,95.53,10,4,2,84.38,EASIER
4,36.03,109.04,15,0,0,80.38,HARDER
5,25.0,300.0,23,5,4,47.76,EASIER
3,25.0,166.41,17,5,2,63.36,EASIER
5,28.52,133.67,19,1,0,73.51,SAME
4,28.71,95.21,16,1,0,89.97,HARDER
5,25.0,145.19,21,3,0,60.55,SAME
5,32.3,249.31,19,1,0,43.31,EASIER
2,50.43,82.29,6,0,0,56.12,SAME
1,100.0,20.0,2,0,0,83.27,HARDER
2,44.59,65.41,7,1,1,61.92,EASIER
2,47.9,55.32,6,0,0,67.74,HARDER
4,30.56,133.21,17,2,0,88.4,HARDER
4,27.39,211.91,20,5,4,54.61,EASIER
3,36.3,70.0,12,0,0,84.62,HARDER
1,70.58,43.41,3,1,0,85.62,HARDER
1,25.97,62.16,7,5,0,78.25,HARDER
2,34.65,73.1,8,2,0,57.41,SAME
1,97.08,20.0,2,0,0,82.47,HARDER
5,26.76,134.17,20,2,1,87.06,EASIER
3,34.23,112.03,13,1,1,61.17,EASIER
4,25.24,163.01,19,4,2,79.52,EASIER
5,29.32,255.11,22,4,2,69.49,EASIER
1,96.99,45.86,2,0,0,55.1,SAME
1,25.0,88.82,9,7,3,38.48,SAME
4,29.91,113.02,17,2,0,79.77,HARDER
4,31.3,142.0,17,2,0,74.18,HARDER
2,51.87,30.0,6,0,0,91.79,HARDER
4,25.0,164.46,21,6,2,60.62,EASIER
5,26.52,241.58,21,3,2,69.08,EASIER
4,25.84,158.71,16,1,1,74.61,EASIER
1,97.39,20.0,2,0,0,84.33,HARDER
3,30.24,107.62,12,0,0,60.43,SAME
2,43.63,80.04,7,1,1,76.16,EASIER
5,25.44,155.59,20,2,0,69.18,HARDER
3,25.0,127.68,15,3,2,93.45,SAME
4,26.5,153.18,19,4,2,87.1,EASIER
1,39.13,57.5,5,3,1,61.34,SAME
1,48.92,55.43,4,2,0,73.72,SAME
3,26.86,145.4,16,4,1,69.42,SAME
5,25.0,242.34,25,7,5,61.11,EASIER
2,44.51,60.41,7,1,0,72.6,HARDER
1,97.06,30.23,2,0,0,59.66,SAME
2,43.43,64.87,7,1,1,66.78,EASIER
3,29.83,144.26,14,2,1,73.51,EASIER
3,25.55,94.33,16,4,0,59.69,SAME
4,27.33,166.94,18,3,1,80.1,SAME
4,38.15,140.49,15,0,0,83.77,HARDER
3,29.68,75.55,13,1,0,87.57,HARDER
1,69.28,25.14,3,1,0,58.53,SAME
1,42.44,50.44,5,3,0,54.45,SAME
1,97.88,41.24,2,0,0,100.0,HARDER
1,96.82,37.76,2,0,0,70.71,HARDER
4,30.61,194.14,17,2,2,46.72,EASIER
3,25.0,111.33,15,3,1,35.67,EASIER
3,25.0,154.54,18,6,3,59.52,HARDER
2,51.85,65.14,6,0,0,71.5,HARDER
4,25.0,171.16,20,5,3,51.47,EASIER
5,25.31,217.29,22,4,0,37.52,SAME
4,26.44,120.06,17,2,0,81.15,HARDER
3,29.33,73.08,14,2,0,81.85,HARDER
5,25.0,119.15,22,4,0,96.29,SAME
4,36.02,102.72,15,0,0,77.26,HARDER
1,48.39,52.75,5,3,1,63.09,SAME
2,50.42,81.86,6,0,0,87.71,HARDER
3,25.0,188.94,18,6,2,36.51,EASIER
1,100.0,46.77,2,0,0,75.1,HARDER
3,25.0,104.92,15,3,1,66.83,SAME
4,25.0,236.33,20,5,4,51.03,EASIER
5,25.41,223.42,21,3,0,41.3,SAME
2,43.82,68.16,6,0,0,62.93,SAME
3,28.59,135.89,14,2,2,71.5,EASIER
5,34.48,133.58,20,2,1,94.29,EASIER
4,27.28,197.1,19,4,2,34.15,EASIER
4,25.0,164.52,22,7,1,72.72,HARDER
5,27.48,197.6,21,3,1,69.17,SAME
5,28.21,137.5,20,2,0,100.0,SAME
3,36.05,70.43,12,0,0,86.22,HARDER
1,99.46,28.61,2,0,0,60.46,SAME
4,25.0,121.8,17,2,0,66.11,HARDER
2,47.1,68.79,6,0,0,98.25,HARDER
1,52.2,53.35,4,2,0,58.27,SAME
2,37.34,98.66,8,2,1,64.98,EASIER
5,29.75,210.94,22,4,1,48.7,SAME
3,28.51,109.59,15,3,2,61.56,EASIER
3,25.0,137.53,16,4,3,58.87,EASIER
2,36.29,111.19,9,3,2,27.01,EASIER
4,29.46,142.75,18,3,1,78.81,SAME
2,38.98,61.92,8,2,1,61.44,EASIER
1,99.61,37.46,2,0,0,97.85,HARDER
3,29.31,103.04,13,1,0,66.94,HARDER
5,25.0,145.26,21,3,0,83.35,SAME
1,98.17,20.0,2,0,0,93.03,HARDER
5,33.16,198.06,21,3,2,45.09,EASIER
3,29.47,82.99,12,0,0,87.64,HARDER
4,36.28,97.42,16,1,1,86.2,EASIER
3,39.44,119.28,12,0,0,88.4,HARDER
1,71.8,43.87,3,1,1,76.7,SAME
1,100.0,36.16,2,0,0,61.12,SAME
3,36.39,74.8,13,1,0,96.58,HARDER
1,99.91,30.79,2,0,0,60.75,SAME
3,29.79,71.58,12,0,0,100.0,SAME
3,29.18,148.39,15,3,2,60.01,EASIER
4,25.0,250.0,24,9,5,49.88,EASIER
4,25.0,171.83,20,5,2,74.43,EASIER
4,28.94,176.99,17,2,1,63.79,SAME
1,100.0,30.38,2,0,0,64.19,SAME
1,100.0,20.0,2,0,0,64.95,SAME
5,28.74,257.23,24,6,4,53.63,EASIER
3,34.19,166.98,13,1,1,38.2,EASIER
1,47.9,56.64,4,2,1,77.43,SAME
4,25.0,238.82,20,5,2,53.3,EASIER
5,26.6,273.91,26,8,5,39.19,EASIER
2,30.58,93.84,10,4,0,46.9,SAME
5,27.57,288.66,22,4,3,81.68,EASIER
1,66.65,25.56,3,1,0,89.57,HARDER
2,37.98,77.73,8,2,0,70.37,HARDER
3,40.3,74.33,12,0,0,85.4,HARDER
4,30.72,185.14,18,3,1,68.02,SAME
4,29.07,203.82,18,3,1,63.43,EASIER
3,25.0,207.21,19,7,3,38.78,EASIER
4,27.88,212.74,20,5,1,68.9,SAME
5,28.97,186.63,19,1,0,73.58,SAME
3,25.74,133.91,15,3,1,73.81,SAME
1,56.32,57.66,4,2,1,68.21,SAME
2,36.45,89.12,8,2,2,84.38,EASIER
2,54.33,47.33,6,0,0,90.34,HARDER
4,26.64,130.89,18,3,0,82.58,HARDER
1,100.0,42.27,2,0,0,95.69,HARDER
5,25.92,124.34,20,2,1,69.42,EASIER
4,25.0,184.61,23,8,1,63.82,SAME
2,38.59,70.34,8,2,0,62.36,SAME
2,25.0,124.91,14,8,3,58.73,EASIER
5,25.0,285.78,26,8,6,35.87,EASIER
1,96.86,22.98,2,0,0,65.26,HARDER
3,31.04,98.05,12,0,0,57.59,SAME
2,43.51,56.83,7,1,0,70.71,HARDER
5,25.14,199.32,23,5,3,43.53,EASIER
2,45.4,77.45,7,1,0,83.62,HARDER
5,28.35,244.56,22,4,1,56.49,SAME
2,34.82,69.25,8,2,1,81.82,EASIER
5,29.31,164.29,20,2,0,58.66,SAME
5,26.75,219.44,24,6,6,61.48,EASIER
5,29.36,195.25,22,4,3,84.19,EASIER
3,25.0,171.12,17,5,4,50.4,EASIER
5,27.7,187.41,24,6,3,63.8,EASIER
5,25.36,229.9,23,5,2,73.07,EASIER
2,30.24,136.41,10,4,2,49.13,EASIER
1,100.0,34.27,2,0,0,51.87,SAME
5,29.74,149.63,20,2,1,71.67,EASIER
5,25.0,203.58,21,3,2,60.12,EASIER
4,30.35,119.44,16,1,0,91.73,HARDER
1,64.08,55.57,3,1,0,79.26,HARDER
3,25.9,156.53,14,2,0,37.79,SAME
1,94.65,20.0,2,0,0,89.85,HARDER
4,25.72,167.02,20,5,3,57.43,EASIER
5,25.0,251.47,24,6,1,70.53,SAME
4,32.95,173.3,18,3,0,76.61,HARDER
1,69.1,36.01,3,1,0,67.25,HARDER
1,28.97,44.59,6,4,1,56.4,SAME
2,49.22,44.04,6,0,0,97.49,HARDER
3,36.72,95.21,13,1,0,65.73,HARDER
2,43.24,57.24,7,1,0,65.23,HARDER
3,31.48,61.22,12,0,0,85.98,HARDER
1,70.43,44.53,3,1,1,38.02,SAME
5,30.57,136.51,20,2,1,77.54,EASIER
4,27.35,223.27,21,6,4,52.81,EASIER
1,50.24,57.77,4,2,1,43.67,SAME
4,25.06,180.08,20,5,4,75.32,EASIER
3,31.14,125.43,13,1,1,69.29,EASIER
4,32.41,159.62,18,3,1,45.89,EASIER
3,25.0,172.64,17,5,4,54.09,EASIER
3,25.0,171.77,17,5,4,40.08,EASIER
5,25.0,231.4,20,2,2,48.09,EASIER
4,27.36,138.88,18,3,2,81.02,EASIER
3,25.45,144.31,18,6,0,59.26,SAME
3,25.78,130.24,16,4,2,80.18,EASIER
4,25.0,168.06,19,4,4,58.65,EASIER
3,29.82,95.97,13,1,0,76.6,HARDER
1,45.66,76.81,5,3,1,44.16,SAME
3,27.01,123.81,14,2,0,88.08,HARDER
4,29.84,112.44,15,0,0,78.74,HARDER
1,100.0,42.67,2,0,0,47.97,SAME
2,26.13,108.38,10,4,2,54.08,EASIER
4,33.95,122.05,15,0,0,85.65,HARDER
5,25.0,238.55,23,5,2,75.55,EASIER
1,96.93,40.58,2,0,0,73.04,HARDER
2,28.44,111.46,12,6,3,52.04,EASIER
1,51.55,36.35,4,2,1,65.03,SAME
2,49.04,51.88,6,0,0,71.49,HARDER
4,35.3,98.05,16,1,0,89.51,HARDER
4,33.0,141.58,16,1,1,56.96,EASIER
3,34.76,94.41,13,1,0,84.53,HARDER
4,25.0,237.22,22,7,4,58.45,EASIER
4,31.17,167.49,18,3,2,74.54,EASIER
1,68.67,46.25,3,1,1,58.21,SAME
4,28.79,180.79,17,2,2,53.08,EASIER
4,31.79,181.38,17,2,2,76.68,EASIER
5,29.68,227.0,19,1,1,50.06,EASIER
3,35.18,59.96,12,0,0,66.65,HARDER
5,32.38,165.83,19,1,0,92.75,SAME
5,28.23,116.65,20,2,0,73.67,SAME
5,25.0,242.48,25,7,3,63.22,EASIER
2,47.28,48.05,6,0,0,79.22,HARDER
3,29.12,159.48,14,2,1,62.98,EASIER
3,25.0,120.97,17,5,1,49.82,SAME
3,30.3,138.36,14,2,1,70.39,EASIER
4,30.81,151.9,17,2,1,85.31,EASIER
2,47.93,49.44,7,1,0,62.75,SAME
5,33.02,286.67,20,2,2,53.56,EASIER
1,100.0,27.01,2,0,0,65.76,HARDER
5,25.0,294.65,26,8,6,27.05,EASIER
5,27.59,254.37,25,7,6,59.26,EASIER
1,96.17,34.33,2,0,0,67.27,HARDER
4,31.26,118.21,15,0,0,80.17,HARDER
4,29.37,97.2,17,2,0,79.56,HARDER
3,25.0,101.45,14,2,0,56.08,SAME
1,52.02,34.37,4,2,0,65.78,HARDER
1,48.33,44.93,4,2,1,58.61,SAME
5,27.61,165.21,19,1,0,66.87,SAME
4,25.84,224.09,23,8,4,65.33,EASIER
5,28.01,264.74,24,6,4,69.63,EASIER
5,27.7,237.49,21,3,2,66.95,EASIER
1,98.96,43.64,2,0,0,62.12,SAME
3,30.22,85.99,13,1,0,94.16,HARDER
4,25.0,250.0,21,6,4,55.04,EASIER
5,25.0,201.61,22,4,1,78.86,SAME
5,29.77,145.38,19,1,1,81.31,EASIER
5,27.69,190.46,23,5,4,69.14,EASIER
2,51.31,69.48,6,0,0,96.3,HARDER
2,30.76,132.95,11,5,4,42.78,EASIER
2,43.46,90.81,7,1,0,76.03,HARDER
4,25.0,165.33,21,6,3,58.84,EASIER
2,43.23,96.34,7,1,0,45.9,SAME
5,29.02,300.0,25,7,3,40.72,EASIER
5,27.21,251.64,21,3,1,64.02,EASIER
4,35.04,118.73,16,1,0,90.61,HARDER
2,49.05,70.01,6,0,0,58.4,SAME
5,25.62,169.19,22,4,1,94.52,SAME
5,33.01,186.55,20,2,1,77.56,EASIER
1,38.37,55.36,5,3,1,44.94,SAME
4,29.96,100.61,15,0,0,68.86,HARDER
2,48.13,44.18,6,0,0,88.38,HARDER
1,100.0,24.16,2,0,0,72.25,HARDER
3,27.1,90.03,13,1,0,88.55,HARDER
5,32.82,241.17,21,3,3,76.78,EASIER
1,100.0,20.0,2,0,0,76.48,HARDER
5,27.76,254.22,22,4,3,59.45,EASIER
2,34.47,50.17,8,2,0,87.56,HARDER
3,25.77,94.73,14,2,0,84.76,HARDER
2,42.76,54.05,7,1,0,50.65,SAME
2,47.01,74.55,7,1,0,77.53,HARDER
5,27.84,228.25,21,3,2,73.42,EASIER
1,36.06,68.96,6,4,0,44.76,SAME
4,26.32,192.61,18,3,2,64.76,EASIER
4,30.18,119.06,17,2,2,76.3,EASIER
5,28.67,165.0,21,3,1,73.47,SAME
3,32.87,75.74,12,0,0,73.73,HARDER
1,99.4,28.55,2,0,0,84.78,HARDER
5,29.9,223.86,21,3,1,88.13,SAME
2,25.0,95.26,11,5,2,55.38,EASIER
2,29.44,81.85,10,4,1,67.86,SAME
3,35.63,78.18,12,0,0,80.01,HARDER
1,99.52,32.19,2,0,0,91.47,EASIER
2,35.75,98.9,9,3,1,77.26,SAME
3,26.46,94.97,15,3,0,69.48,HARDER
2,48.45,46.58,6,0,0,82.36,HARDER
1,100.0,22.38,2,0,0,88.1,HARDER
1,97.37,33.88,2,0,0,62.38,SAME
4,27.87,171.58,16,1,1,58.57,EASIER
3,26.19,170.5,16,4,3,76.5,EASIER
4,29.41,154.86,17,2,1,78.97,EASIER
1,64.6,30.09,3,1,1,57.46,SAME
1,98.44,37.63,2,0,0,76.82,HARDER
1,38.93,66.01,5,3,1,69.74,SAME
5,33.64,157.16,20,2,0,91.3,SAME
5,32.33,148.93,22,4,0,90.12,EASIER
5,30.15,151.76,19,1,0,74.55,SAME
4,35.19,205.32,17,2,1,25.0,EASIER
3,35.43,74.92,12,0,0,79.89,HARDER
1,48.71,48.13,4,2,1,74.66,SAME
3,25.0,151.12,18,6,4,67.19,EASIER
2,38.14,102.73,7,1,1,38.12,EASIER
1,92.93,20.0,2,0,0,69.52,HARDER
5,30.75,150.6,20,2,0,48.89,SAME
1,94.32,27.62,2,0,0,93.51,HARDER
5,34.37,136.78,18,0,0,98.59,HARDER
1,100.0,20.0,2,0,0,80.09,HARDER
3,30.19,117.58,12,0,0,78.1,HARDER
4,31.99,184.38,18,3,1,64.42,EASIER
2,41.73,78.17,8,2,0,76.57,HARDER
1,38.31,62.44,5,3,2,44.51,HARDER
2,54.47,38.9,6,0,0,75.85,HARDER
1,100.0,20.0,2,0,0,93.4,HARDER
5,25.0,300.0,24,6,5,47.67,EASIER
4,36.69,121.95,15,0,0,64.57,SAME
2,51.86,64.5,6,0,0,59.62,SAME
2,33.63,70.91,9,3,0,51.02,SAME
1,97.59,24.12,2,0,0,76.21,HARDER
3,27.21,122.36,16,4,2,75.45,EASIER
2,46.94,34.09,6,0,0,95.56,HARDER
4,26.41,138.35,21,6,1,67.36,HARDER
4,35.68,132.83,17,2,1,65.96,EASIER
5,25.0,241.4,21,3,1,54.22,EASIER
1,100.0,20.0,2,0,0,100.0,HARDER
3,30.59,119.6,15,3,1,64.48,SAME
4,25.0,199.05,24,9,3,49.46,EASIER
2,46.23,66.58,6,0,0,64.7,SAME
5,25.0,211.73,24,6,4,63.34,EASIER
1,63.68,34.43,3,1,1,67.07,SAME
4,25.0,250.0,21,6,4,58.27,EASIER
3,26.66,134.71,14,2,1,68.85,EASIER
4,28.18,121.26,16,1,1,69.91,EASIER
1,64.3,42.56,3,1,0,57.44,SAME
1,100.0,20.0,2,0,0,74.14,HARDER
5,25.5,225.69,19,1,1,48.05,EASIER
1,47.79,52.42,4,2,1,54.16,SAME
1,97.61,22.26,2,0,0,88.03,HARDER
1,100.0,27.24,2,0,0,70.73,HARDER
4,33.07,187.6,20,5,2,55.3,EASIER
4,25.0,181.0,20,5,1,64.96,SAME
5,28.49,264.4,21,3,1,46.69,EASIER
4,25.52,228.37,21,6,2,54.27,EASIER
3,28.04,141.4,15,3,2,48.67,EASIER
1,100.0,23.22,2,0,0,100.0,HARDER
4,32.38,207.24,18,3,1,57.47,EASIER
4,29.36,89.92,15,0,0,66.74,EASIER
3,25.0,148.64,16,4,2,65.16,EASIER
1,100.0,50.13,2,0,0,57.92,SAME
3,25.0,115.72,15,3,2,54.49,EASIER
4,34.85,143.2,15,0,0,64.06,SAME
5,29.19,195.53,21,3,3,78.71,EASIER
4,26.72,215.59,20,5,2,38.29,EASIER
3,36.92,112.03,12,0,0,69.6,HARDER
4,28.41,126.89,18,3,0,65.52,HARDER
2,31.55,97.12,9,3,2,34.32,SAME
2,30.7,111.04,10,4,3,58.93,EASIER
4,28.61,179.18,16,1,0,54.57,SAME
5,27.8,148.39,19,1,1,100.0,EASIER
3,28.12,104.85,13,1,1,84.98,EASIER
4,36.29,118.87,16,1,0,61.74,SAME
3,26.51,157.96,15,3,1,38.96,EASIER
5,35.68,175.56,21,3,0,96.13,SAME
2,52.95,53.81,6,0,0,90.12,HARDER
5,28.89,154.1,19,1,1,72.18,EASIER
1,92.75,43.78,2,0,0,85.72,HARDER
1,32.25,77.29,6,4,4,40.27,SAME
5,26.1,253.42,21,3,3,57.39,EASIER
3,35.72,94.26,12,0,0,69.95,HARDER
5,27.63,268.29,25,7,3,36.5,EASIER
4,27.78,150.32,17,2,0,46.45,SAME
2,37.85,96.64,7,1,1,25.0,EASIER
5,26.4,226.27,21,3,2,76.69,EASIER
5,25.0,188.65,22,4,0,69.31,SAME
5,31.74,226.72,19,1,1,56.41,EASIER
3,27.82,141.41,14,2,1,63.83,EASIER
3,25.0,136.0,17,5,1,41.15,SAME
4,30.18,159.35,16,1,1,62.42,EASIER
4,27.96,215.9,18,3,2,51.88,EASIER
5,25.0,231.07,29,11,9,74.31,EASIER
5,27.79,243.17,19,1,0,39.49,SAME
4,26.11,214.38,21,6,3,59.01,EASIER
5,29.84,175.27,19,1,0,71.9,SAME
2,37.29,63.42,7,1,0,71.21,HARDER
4,25.59,185.46,19,4,1,64.88,SAME
1,100.0,24.3,2,0,0,91.59,HARDER
5,25.0,300.0,27,9,6,40.04,EASIER
3,37.74,88.03,12,0,0,86.57,HARDER
5,26.57,279.4,23,5,1,46.41,EASIER
1,68.83,20.0,3,1,0,100.0,HARDER
2,30.71,105.81,9,3,2,58.39,EASIER
4,27.44,148.27,18,3,2,80.51,EASIER
5,28.09,174.23,21,3,0,67.19,SAME
3,31.82,135.27,14,2,1,67.95,SAME
2,40.18,63.05,7,1,0,87.0,HARDER
3,25.0,113.62,16,4,1,64.38,SAME
2,28.49,140.24,12,6,2,32.99,EASIER
3,28.44,96.32,15,3,0,76.72,HARDER
5,25.0,300.0,25,7,5,49.29,EASIER
1,65.99,24.58,3,1,0,91.05,HARDER
4,29.23,102.82,20,5,1,51.66,SAME
2,33.16,104.12,9,3,2,59.47,EASIER
1,51.66,63.75,4,2,0,43.54,SAME
5,31.43,293.52,20,2,1,59.91,EASIER
4,25.0,220.71,20,5,3,42.47,EASIER
4,34.34,187.59,16,1,0,53.62,SAME
2,54.51,37.98,6,0,0,76.02,HARDER
5,29.07,219.59,21,3,2,56.91,EASIER
5,31.01,215.73,21,3,1,75.78,SAME
1,62.1,29.41,3,1,0,80.43,HARDER
1,100.0,22.43,2,0,0,66.52,HARDER
3,29.61,122.63,14,2,2,69.17,EASIER
1,67.53,20.0,3,1,0,77.73,HARDER
2,39.93,80.99,8,2,0,81.29,HARDER
2,48.56,46.44,6,0,0,83.08,HARDER
5,32.49,124.41,18,0,0,87.06,SAME
1,52.81,31.06,4,2,0,72.58,HARDER
3,25.0,176.84,17,5,3,50.81,EASIER
1,100.0,34.02,2,0,0,74.88,HARDER
3,26.71,163.42,15,3,2,53.99,EASIER
2,32.3,117.79,10,4,3,36.25,EASIER
2,25.0,134.86,12,6,3,65.59,EASIER
1,45.83,48.61,4,2,0,63.42,SAME
4,29.24,162.79,17,2,0,71.46,HARDER
5,25.0,254.4,27,9,6,72.31,EASIER
4,25.0,222.5,24,9,3,73.34,SAME
5,33.99,202.22,20,2,1,54.43,EASIER
4,26.95,108.04,18,3,0,74.41,HARDER
4,34.88,115.62,15,0,0,68.83,HARDER
4,36.53,83.08,16,1,0,78.41,HARDER
2,33.08,81.45,9,3,0,68.18,HARDER
2,27.62,87.1,10,4,1,53.56,SAME
2,54.98,55.49,6,0,0,72.77,HARDER
4,29.59,134.33,15,0,0,80.44,HARDER
1,98.9,50.41,2,0,0,49.01,SAME
5,25.0,300.0,24,6,4,38.45,EASIER
3,31.81,76.34,12,0,0,84.22,HARDER
4,27.91,163.94,16,1,1,56.89,EASIER
1,67.04,27.52,3,1,1,64.97,SAME
2,34.07,93.23,9,3,1,66.56,SAME
3,27.95,81.62,12,0,0,76.04,HARDER
5,31.68,148.42,19,1,0,81.32,SAME
4,27.26,169.27,21,6,2,68.54,SAME
5,27.78,125.26,20,2,1,79.55,EASIER
2,35.9,60.98,9,3,0,69.41,SAME
5,25.0,292.84,25,7,5,50.9,EASIER
5,25.14,231.02,24,6,2,70.05,EASIER
3,29.98,144.28,17,5,3,59.76,EASIER
5,31.17,170.7,20,2,2,72.8,EASIER
4,26.53,250.0,21,6,4,32.93,EASIER
2,35.93,85.11,8,2,2,68.51,EASIER
5,27.33,183.63,20,2,1,61.5,EASIER
1,26.57,72.36,7,5,2,71.4,SAME
5,26.41,188.57,24,6,3,68.16,EASIER
4,32.22,111.71,15,0,0,85.64,HARDER
1,100.0,20.0,2,0,0,98.18,HARDER
3,31.24,101.06,13,1,1,78.36,EASIER
4,26.85,125.61,16,1,1,68.1,EASIER
4,30.4,180.13,20,5,1,76.18,SAME
2,46.06,47.17,6,0,0,72.17,HARDER
5,27.37,263.01,22,4,3,58.13,EASIER
3,25.0,143.01,17,5,3,79.35,EASIER
4,29.91,144.36,16,1,0,74.44,HARDER
4,26.67,163.73,20,5,5,41.4,EASIER
2,44.86,57.94,7,1,0,69.68,HARDER
1,99.26,20.0,2,0,0,90.82,HARDER
4,30.83,163.47,19,4,4,81.32,EASIER
2,45.51,80.75,7,1,0,55.76,SAME
2,51.75,37.79,6,0,0,77.39,HARDER
3,25.26,132.51,15,3,1,58.72,SAME
3,25.0,202.56,19,7,5,38.25,EASIER
1,66.47,34.61,3,1,0,66.69,HARDER
5,25.0,300.0,27,9,6,41.55,EASIER
1,100.0,29.1,2,0,0,83.42,HARDER
4,32.46,115.61,15,0,0,93.48,HARDER
4,31.94,126.47,15,0,0,88.19,HARDER
3,25.0,122.49,14,2,2,44.09,EASIER
5,28.84,128.16,21,3,0,57.13,SAME
1,66.64,39.8,3,1,0,85.51,HARDER
2,42.54,94.98,7,1,0,34.6,SAME
5,30.63,198.84,19,1,0,74.54,SAME
4,25.0,250.0,23,8,7,42.56,EASIER
3,33.13,113.85,13,1,0,78.11,HARDER
2,49.43,49.21,7,1,1,76.1,EASIER
1,35.22,49.46,6,4,2,47.08,SAME
5,25.0,300.0,26,8,8,54.71,EASIER
1,68.22,41.49,3,1,1,46.09,SAME
1,67.39,26.49,3,1,0,68.95,HARDER
1,26.07,101.16,8,6,2,36.93,SAME
4,25.0,132.1,18,3,2,80.04,EASIER
5,25.0,244.01,26,8,5,44.15,EASIER
4,30.42,176.49,19,4,0,59.31,SAME
2,50.6,74.25,6,0,0,81.1,HARDER
2,36.68,77.53,8,2,0,78.96,HARDER
1,50.03,52.14,4,2,0,67.08,HARDER
3,25.0,210.0,19,7,3,35.39,EASIER
4,31.49,136.15,15,0,0,100.0,HARDER
2,33.77,61.65,8,2,1,69.25,HARDER
3,30.64,73.16,12,0,0,79.62,HARDER
3,25.0,133.26,17,5,2,68.95,EASIER
1,98.51,22.06,2,0,0,83.61,HARDER
1,100.0,32.84,2,0,0,80.29,HARDER
1,98.43,25.41,2,0,0,87.2,HARDER
2,51.13,55.77,6,0,0,64.17,SAME
2,25.0,97.56,12,6,0,54.55,SAME
2,47.13,46.13,6,0,0,67.05,HARDER
4,30.17,112.45,16,1,0,95.49,HARDER
5,28.58,240.34,22,4,2,53.67,EASIER
1,94.45,45.21,2,0,0,78.58,HARDER
2,37.02,56.03,7,1,0,81.92,HARDER
1,100.0,20.33,2,0,0,51.19,SAME
1,100.0,44.75,2,0,0,60.84,SAME
4,32.98,188.61,16,1,0,86.31,SAME
4,30.68,135.4,17,2,1,82.68,EASIER
1,98.71,40.15,2,0,0,81.99,HARDER
5,25.0,214.01,23,5,3,46.57,EASIER
5,25.0,208.07,26,8,4,83.46,EASIER
2,51.93,47.97,6,0,0,80.68,HARDER
1,41.15,72.68,5,3,3,57.03,HARDER
2,48.88,43.6,6,0,0,63.81,SAME
1,41.4,39.92,5,3,0,68.41,HARDER
3,29.92,102.73,13,1,1,72.53,EASIER
2,30.09,108.33,9,3,1,59.11,SAME
2,42.08,53.31,7,1,0,54.1,SAME
4,25.0,157.7,18,3,2,56.84,EASIER
1,67.34,32.94,3,1,0,62.1,SAME
5,28.85,168.2,20,2,0,66.77,SAME
1,100.0,32.32,2,0,0,63.08,SAME
4,32.41,133.69,16,1,0,74.27,HARDER
3,27.25,173.5,15,3,2,39.89,EASIER
5,32.16,295.96,20,2,0,47.83,EASIER
1,65.87,43.97,3,1,0,71.45,HARDER
5,27.82,162.25,21,3,1,64.09,SAME
2,58.35,53.04,6,0,0,94.41,HARDER
2,38.07,58.29,8,2,0,78.99,HARDER
3,25.0,107.18,16,4,1,72.45,SAME
4,25.0,145.39,19,4,4,69.99,EASIER
4,25.0,206.8,17,2,2,51.18,EASIER
1,48.53,46.0,4,2,0,85.41,HARDER
1,26.47,90.88,7,5,2,44.0,SAME
4,27.53,203.82,20,5,3,51.23,EASIER
5,34.44,173.38,19,1,1,73.8,EASIER
2,48.11,40.53,6,0,0,100.0,HARDER
4,25.69,123.42,17,2,0,71.65,HARDER
1,65.62,22.06,3,1,0,81.34,HARDER
1,97.27,29.62,2,0,0,63.3,SAME
5,25.0,289.82,23,5,3,39.29,EASIER
4,32.62,205.68,17,2,1,47.17,EASIER
2,34.36,87.67,9,3,0,57.21,SAME
1,40.89,48.1,5,3,1,41.54,SAME
2,35.23,85.84,9,3,1,78.85,SAME
2,25.42,109.81,11,5,3,59.59,EASIER
4,25.0,177.08,17,2,1,46.24,EASIER
4,25.0,238.64,20,5,5,59.86,EASIER
5,30.26,141.02,18,0,0,75.83,SAME
5,30.96,170.98,20,2,0,89.57,SAME
2,37.56,76.95,9,3,1,79.66,SAME
1,96.56,22.69,2,0,0,67.93,HARDER
3,34.18,57.8,12,0,0,100.0,HARDER
5,29.4,291.35,25,7,4,60.72,EASIER
4,25.0,148.6,21,6,3,60.21,EASIER
2,50.21,49.57,6,0,0,90.35,HARDER
3,25.0,146.89,16,4,2,47.25,EASIER
5,31.2,135.36,21,3,0,90.71,SAME
5,26.36,261.31,25,7,3,62.27,EASIER
3,30.97,144.94,14,2,1,77.87,EASIER
4,32.12,142.38,17,2,0,87.13,HARDER
2,51.8,50.46,6,0,0,83.12,HARDER
3,25.37,114.57,15,3,2,83.7,EASIER
1,60.9,49.84,3,1,0,73.87,HARDER
5,25.0,197.34,22,4,2,69.6,EASIER
1,99.52,29.6,2,0,0,89.39,HARDER
2,33.35,75.01,9,3,0,51.1,SAME
1,100.0,24.97,2,0,0,66.18,HARDER
5,25.0,175.3,24,6,1,73.45,SAME
3,38.15,72.43,12,0,0,82.71,HARDER
2,38.15,91.07,8,2,1,77.67,EASIER
5,25.0,276.05,29,11,6,62.79,EASIER
5,34.64,211.49,22,4,4,58.49,EASIER
1,49.27,50.28,4,2,1,59.51,SAME
3,29.19,125.8,14,2,1,77.35,EASIER
2,36.32,76.99,8,2,0,57.5,SAME
5,33.62,173.45,18,0,0,71.34,SAME
4,29.29,187.99,17,2,2,60.55,EASIER
4,39.02,94.97,15,0,0,85.51,EASIER
4,25.34,202.84,20,5,1,47.71,SAME
3,29.77,90.74,12,0,0,92.1,HARDER
2,52.05,60.19,6,0,0,67.36,HARDER
4,30.29,104.6,17,2,1,100.0,EASIER
1,98.85,34.32,2,0,0,83.19,HARDER
5,25.98,300.0,25,7,4,42.78,EASIER
3,29.17,126.67,14,2,1,66.57,EASIER
5,28.93,170.9,20,2,0,60.51,SAME
1,49.25,39.5,4,2,0,52.79,SAME
5,26.72,246.93,24,6,2,66.56,EASIER
1,100.0,20.0,2,0,0,94.77,HARDER
5,25.96,199.79,23,5,2,33.75,EASIER
5,25.62,228.31,21,3,3,69.55,EASIER
5,28.05,216.34,25,7,3,46.26,EASIER
1,99.45,26.39,2,0,0,57.53,SAME
4,32.4,170.76,17,2,1,65.58,EASIER
3,25.51,188.82,16,4,4,58.52,EASIER
5,25.0,226.63,23,5,1,52.4,SAME
2,51.77,39.44,6,0,0,78.36,HARDER
2,50.01,43.38,6,0,0,89.4,HARDER
1,99.23,27.62,2,0,0,100.0,HARDER
1,94.5,28.81,2,0,0,90.67,HARDER
5,25.0,279.03,27,9,5,60.37,EASIER
2,28.56,123.9,11,5,3,61.46,EASIER
1,97.54,37.39,2,0,0,68.98,HARDER
5,25.0,202.33,23,5,3,54.09,EASIER
3,25.0,210.0,21,9,3,44.65,EASIER
4,25.0,152.38,20,5,3,61.28,EASIER
2,46.86,78.61,6,0,0,76.44,HARDER
3,31.63,80.97,13,1,0,90.55,HARDER
1,100.0,39.59,2,0,0,66.87,HARDER
3,26.57,116.99,17,5,2,56.21,EASIER
2,34.5,63.07,8,2,0,77.14,HARDER
1,38.9,39.46,5,3,2,69.05,SAME
4,26.74,208.6,19,4,3,55.26,EASIER
1,31.33,62.7,6,4,2,41.89,SAME
2,44.86,78.03,7,1,0,48.17,SAME
2,40.58,68.13,7,1,0,61.57,SAME
2,36.94,91.4,9,3,1,95.66,SAME
4,25.0,178.31,21,6,1,77.92,HARDER
3,25.16,112.68,14,2,1,84.91,EASIER
5,32.91,142.04,20,2,1,100.0,EASIER
1,39.57,45.87,5,3,1,65.69,SAME
4,32.58,143.4,17,2,0,68.06,HARDER
3,27.65,120.55,14,2,1,57.62,EASIER
2,46.34,68.02,7,1,0,62.3,SAME
2,27.62,121.35,11,5,1,54.14,SAME
5,29.92,233.0,20,2,1,39.36,EASIER
4,34.08,206.36,19,4,1,63.38,SAME
2,38.57,83.77,8,2,0,63.99,SAME
5,32.09,174.77,19,1,0,61.04,SAME
2,25.0,126.23,12,6,2,59.22,SAME
3,32.89,77.49,12,0,0,99.73,HARDER
2,39.57,69.09,7,1,1,70.13,EASIER
2,35.3,89.82,8,2,0,55.97,SAME
4,31.48,178.14,17,2,1,44.85,EASIER
1,97.25,20.0,2,0,0,81.67,HARDER
1,99.66,20.0,2,0,0,82.92,HARDER
5,28.33,143.21,19,1,1,89.3,HARDER
4,25.0,164.33,17,2,1,75.19,EASIER
3,25.0,131.1,17,5,2,61.45,EASIER
4,31.35,133.16,17,2,1,85.08,EASIER
1,67.85,27.54,3,1,0,80.57,HARDER
4,31.88,112.24,15,0,0,83.8,HARDER
1,100.0,20.13,2,0,0,93.33,HARDER
3,25.0,164.86,18,6,2,27.27,EASIER
3,25.0,128.52,15,3,2,77.75,EASIER
1,97.87,20.0,2,0,0,77.3,HARDER
1,68.58,31.35,3,1,1,74.76,SAME
3,28.67,108.26,13,1,0,78.29,HARDER
4,25.0,250.0,23,8,5,59.05,EASIER
1,41.35,55.17,5,3,0,57.51,SAME
5,30.63,216.28,20,2,1,75.58,EASIER
2,54.88,49.55,6,0,0,89.59,HARDER
3,32.1,93.74,14,2,0,79.06,HARDER
2,48.03,61.88,6,0,0,76.44,HARDER
1,94.94,29.47,2,0,0,96.75,HARDER
5,30.08,300.0,23,5,4,30.35,EASIER
4,25.0,181.51,21,6,4,71.61,EASIER
1,100.0,23.75,2,0,0,83.55,HARDER
4,25.0,183.3,20,5,2,62.67,EASIER
3,31.28,134.96,15,3,2,69.22,EASIER
1,100.0,21.99,2,0,0,71.05,HARDER
2,51.07,46.54,6,0,0,79.52,HARDER
3,32.7,142.7,15,3,1,69.74,SAME
3,28.46,107.54,14,2,1,57.42,EASIER
1,39.87,58.7,5,3,1,66.62,SAME
5,25.2,116.14,20,2,0,75.71,SAME
2,47.68,62.23,7,1,0,83.06,HARDER
4,33.01,137.9,15,0,0,50.12,SAME
2,41.02,30.0,7,1,0,80.84,HARDER
2,29.05,74.44,10,4,0,73.84,HARDER
4,25.0,203.74,19,4,2,70.44,EASIER
4,27.77,161.59,17,2,1,59.68,EASIER
5,31.67,195.33,20,2,1,72.52,EASIER
3,35.94,73.69,12,0,0,80.9,HARDER
1,97.35,39.52,2,0,0,56.07,SAME
2,33.62,81.63,9,3,2,56.41,EASIER
3,37.75,79.3,12,0,0,93.11,HARDER
4,26.51,204.83,18,3,2,68.75,EASIER
2,44.62,43.78,6,0,0,83.0,HARDER
4,34.22,127.09,16,1,0,76.35,HARDER
5,27.08,300.0,26,8,5,49.64,EASIER
1,98.17,39.81,2,0,0,77.9,HARDER
3,28.63,210.0,15,3,3,44.29,EASIER
5,33.52,161.95,20,2,0,75.28,SAME
2,50.46,37.04,6,0,0,99.0,HARDER
3,25.0,180.6,18,6,4,54.59,EASIER
4,32.89,82.89,15,0,0,87.65,HARDER
5,25.14,207.8,22,4,2,64.03,EASIER
1,69.21,48.62,3,1,0,65.69,HARDER
3,28.7,140.69,19,7,5,63.0,EASIER
4,29.04,104.45,18,3,2,76.85,EASIER
3,27.16,160.04,17,5,3,26.32,EASIER
4,27.26,149.52,20,5,2,81.67,SAME
5,32.11,129.55,19,1,0,58.09,SAME
5,31.64,161.48,20,2,2,60.22,EASIER
1,48.34,53.65,4,2,0,56.88,SAME
5,25.0,240.35,21,3,1,62.74,EASIER
2,42.25,57.07,7,1,0,81.06,HARDER
2,51.68,68.22,6,0,0,50.37,SAME
3,25.0,145.61,13,1,0,92.96,HARDER
4,36.3,161.8,17,2,1,66.77,EASIER
5,29.02,278.48,21,3,1,70.2,EASIER
3,27.3,150.91,14,2,1,69.92,EASIER
1,100.0,32.14,2,0,0,99.19,HARDER
4,25.85,122.13,16,1,1,77.19,HARDER
5,31.35,202.93,20,2,1,73.43,EASIER
5,28.13,256.86,24,6,5,66.99,EASIER
4,25.0,173.94,19,4,2,50.21,EASIER
1,100.0,31.89,2,0,0,79.36,HARDER
5,35.16,133.21,18,0,0,84.61,SAME
5,25.0,279.84,26,8,5,43.72,EASIER
1,46.63,48.13,5,3,0,59.21,SAME
4,26.03,203.44,19,4,1,56.21,SAME
3,25.0,121.15,17,5,2,74.76,SAME
4,29.69,125.53,15,0,0,83.6,HARDER
3,27.63,70.29,14,2,0,77.67,HARDER
1,63.88,41.62,3,1,1,77.59,SAME
2,48.78,69.2,6,0,0,79.21,HARDER
3,32.45,76.75,13,1,0,83.5,HARDER
5,28.83,240.14,21,3,3,65.34,EASIER
4,38.12,161.63,15,0,0,68.28,HARDER
3,26.68,99.92,13,1,0,92.58,HARDER
5,28.49,247.79,25,7,4,64.22,EASIER
2,31.8,107.61,11,5,2,71.17,SAME
2,49.86,61.3,6,0,0,87.26,HARDER
5,26.18,300.0,22,4,4,34.11,EASIER
2,33.59,80.76,8,2,2,64.28,EASIER
1,100.0,29.89,2,0,0,67.82,HARDER
3,29.47,85.67,12,0,0,58.46,SAME
2,49.66,68.05,6,0,0,77.82,HARDER
2,34.3,100.8,10,4,1,57.34,SAME
5,25.91,213.55,22,4,3,63.2,EASIER
4,25.0,149.41,20,5,3,67.4,EASIER
5,35.49,180.33,20,2,2,70.49,EASIER
5,31.29,300.0,21,3,3,56.79,EASIER
1,100.0,33.52,2,0,0,69.73,HARDER
1,100.0,20.07,2,0,0,99.9,HARDER
1,100.0,22.16,2,0,0,80.09,HARDER
4,29.05,128.29,18,3,1,84.42,SAME
4,25.0,241.47,24,9,5,36.94,EASIER
3,25.0,102.75,15,3,0,61.28,SAME
3,33.08,85.4,12,0,0,100.0,HARDER
4,25.0,116.7,20,5,2,68.98,EASIER
4,25.76,198.32,21,6,1,79.11,SAME
2,35.26,60.28,9,3,0,61.75,SAME
2,42.15,70.25,7,1,0,80.52,HARDER
1,99.7,40.22,2,0,0,80.98,HARDER
4,25.0,116.14,20,5,1,86.42,HARDER
5,31.95,153.46,19,1,0,86.69,SAME
4,30.98,108.23,15,0,0,96.82,HARDER
5,34.05,182.79,20,2,1,67.94,EASIER
5,28.84,218.09,22,4,1,73.31,SAME
3,25.71,167.03,17,5,1,46.25,SAME
3,31.42,66.26,12,0,0,77.99,HARDER
2,33.94,71.75,9,3,0,74.22,HARDER
1,100.0,22.91,2,0,0,91.17,HARDER
4,25.0,144.18,19,4,1,59.44,SAME
3,36.4,81.93,12,0,0,71.96,HARDER
1,31.83,84.26,8,6,3,56.58,SAME
4,25.0,167.62,19,4,2,64.15,EASIER
5,25.0,214.66,27,9,5,81.46,EASIER
3,25.01,91.78,18,6,0,56.05,SAME
4,30.68,167.49,17,2,0,49.76,SAME
1,96.76,27.85,2,0,0,93.1,HARDER
2,37.17,74.16,7,1,1,75.7,EASIER
1,100.0,32.54,2,0,0,59.37,SAME
4,25.0,227.18,21,6,4,37.77,EASIER
5,25.0,262.25,21,3,2,68.72,EASIER
3,26.44,134.01,13,1,1,85.33,EASIER
1,99.86,36.13,2,0,0,78.03,HARDER
3,32.13,115.97,14,2,1,66.33,EASIER
5,25.0,243.84,21,3,3,57.81,EASIER
2,32.8,112.5,10,4,1,44.88,SAME
3,37.35,65.54,12,0,0,65.47,HARDER
2,50.09,53.3,6,0,0,47.93,SAME
4,32.23,129.24,15,0,0,71.41,HARDER
2,39.04,79.4,8,2,2,61.91,EASIER
4,25.0,130.18,19,4,1,81.4,HARDER
4,27.69,160.69,19,4,0,72.65,HARDER
1,100.0,20.0,2,0,0,74.28,HARDER
1,50.76,66.3,4,2,2,57.81,SAME
1,42.28,50.49,5,3,0,73.2,HARDER
4,25.0,226.27,21,6,4,40.92,EASIER
4,38.15,101.92,15,0,0,92.97,HARDER
5,27.43,192.48,22,4,4,46.3,EASIER
4,30.2,139.25,17,2,0,69.75,HARDER
3,36.68,76.18,12,0,0,79.63,HARDER
4,28.18,84.27,15,0,0,66.34,HARDER
3,28.77,127.63,16,4,2,69.43,EASIER
2,49.05,43.99,6,0,0,100.0,HARDER
2,28.33,108.32,9,3,0,70.45,HARDER
5,32.73,168.69,21,3,1,80.51,SAME
5,30.06,127.7,21,3,1,65.52,SAME
2,53.82,58.15,6,0,0,86.03,HARDER
5,25.0,300.0,24,6,4,49.42,EASIER
1,97.76,33.79,2,0,0,79.31,HARDER
1,100.0,26.33,2,0,0,59.31,SAME
1,65.9,28.68,3,1,0,57.86,SAME
1,51.58,32.63,4,2,0,74.75,HARDER
5,31.14,292.4,20,2,1,62.96,EASIER
1,41.06,57.78,5,3,1,51.34,SAME
2,38.92,59.24,8,2,0,63.23,SAME
4,28.17,145.29,19,4,1,54.01,SAME
3,37.56,84.67,12,0,0,71.36,HARDER
3,25.0,134.75,15,3,2,63.79,EASIER
1,97.57,20.0,2,0,0,82.66,HARDER
5,36.2,134.74,18,0,0,84.62,SAME
2,36.66,79.68,7,1,0,65.61,HARDER
1,54.94,37.8,4,2,0,51.3,SAME
1,63.47,46.25,3,1,0,49.98,SAME
2,51.31,43.04,6,0,0,95.6,HARDER
1,64.92,35.77,3,1,0,58.99,SAME
3,25.0,141.06,18,6,0,54.34,SAME
4,28.12,178.19,17,2,2,53.46,EASIER
5,25.0,195.79,25,7,4,50.94,SAME
1,48.88,32.49,4,2,1,70.13,SAME
2,48.72,68.31,7,1,0,50.1,SAME
5,25.0,186.31,24,6,2,93.09,SAME
1,96.38,20.0,2,0,0,77.89,HARDER
1,69.17,34.03,3,1,0,79.85,HARDER
5,25.0,300.0,27,9,6,40.13,EASIER
3,25.0,176.26,17,5,3,61.65,EASIER
1,25.0,60.47,7,5,0,36.9,SAME
4,31.09,221.5,20,5,4,48.21,EASIER
3,25.0,123.28,16,4,1,78.04,SAME
2,39.17,92.65,8,2,1,54.77,EASIER
1,100.0,32.17,2,0,0,84.04,HARDER
1,100.0,35.73,2,0,0,93.13,HARDER
3,28.04,76.8,12,0,0,72.58,HARDER
3,32.96,67.03,12,0,0,69.8,HARDER
4,31.49,167.1,16,1,1,58.1,EASIER
3,27.23,85.28,13,1,0,83.26,HARDER
2,39.7,116.89,8,2,2,59.72,EASIER
5,28.48,165.04,19,1,0,64.64,SAME
4,26.86,190.69,20,5,4,61.89,EASIER
3,30.08,143.24,13,1,1,62.36,EASIER
5,30.29,242.82,21,3,1,52.49,EASIER
4,34.91,110.63,17,2,1,91.72,EASIER
4,26.21,202.9,20,5,0,49.39,SAME
2,33.07,102.83,8,2,1,49.11,EASIER
2,55.29,50.16,6,0,0,99.95,HARDER
2,46.41,88.41,6,0,0,80.4,HARDER
2,42.71,77.73,7,1,1,70.22,EASIER
5,27.61,206.02,22,4,1,49.39,SAME
2,49.48,74.15,6,0,0,74.48,HARDER
4,25.0,250.0,26,11,7,44.1,EASIER
3,30.71,73.87,12,0,0,77.32,HARDER
2,40.01,71.91,7,1,0,76.35,HARDER
2,36.78,81.05,8,2,1,47.44,EASIER
3,26.31,136.35,15,3,2,50.62,SAME
1,63.2,42.96,3,1,0,78.97,HARDER
5,33.51,147.64,20,2,1,93.26,EASIER
5,25.0,268.7,24,6,2,61.71,EASIER
2,56.31,54.22,6,0,0,58.01,SAME
3,25.0,210.0,20,8,4,37.76,EASIER
1,98.13,20.88,2,0,0,80.7,HARDER
4,26.32,224.99,24,9,6,55.83,EASIER
5,25.0,282.15,29,11,5,52.63,EASIER
4,32.04,115.14,16,1,1,78.62,EASIER
1,52.59,52.77,4,2,0,66.53,HARDER
5,28.57,191.04,22,4,2,84.54,EASIER
5,27.43,184.55,20,2,2,96.42,EASIER
2,48.33,47.48,6,0,0,82.51,HARDER
2,48.97,58.35,6,0,0,62.38,SAME
5,28.46,255.87,21,3,3,78.43,EASIER
2,41.06,70.55,7,1,0,89.45,HARDER
2,48.06,62.56,6,0,0,79.64,HARDER
1,96.18,37.26,2,0,0,77.23,HARDER
3,25.0,128.36,15,3,2,66.27,EASIER
5,32.78,204.98,21,3,1,51.04,EASIER
3,37.16,98.26,12,0,0,88.87,HARDER
3,38.61,77.11,12,0,0,96.7,HARDER
5,25.0,159.19,22,4,2,74.61,EASIER
2,31.67,121.22,11,5,0,56.92,SAME
1,70.74,37.76,3,1,0,56.8,SAME
3,32.89,97.87,12,0,0,100.0,HARDER
3,25.72,109.49,15,3,2,51.61,EASIER
4,30.11,139.83,17,2,0,59.45,SAME
4,31.95,106.56,16,1,1,78.53,EASIER
4,34.9,111.1,15,0,0,57.93,SAME
4,25.66,146.11,18,3,2,63.78,EASIER
4,32.34,123.92,16,1,0,55.13,SAME
2,51.37,57.38,6,0,0,52.78,SAME
3,29.97,101.29,13,1,0,64.17,SAME
4,33.05,164.89,17,2,2,62.38,EASIER
4,25.0,182.38,20,5,1,50.45,SAME
3,27.22,129.05,13,1,1,65.92,EASIER
1,31.81,78.31,6,4,3,30.94,SAME
5,25.0,281.33,25,7,2,52.08,EASIER
4,29.52,117.79,16,1,0,83.86,HARDER
4,25.0,156.59,18,3,2,54.14,EASIER
3,25.79,146.71,17,5,2,53.48,EASIER
4,33.2,177.54,16,1,0,60.22,SAME
1,66.16,55.69,3,1,1,76.46,SAME
5,32.32,154.66,20,2,2,71.01,EASIER
3,26.34,69.2,13,1,0,70.57,HARDER
5,26.64,157.82,21,3,0,74.45,EASIER
5,29.59,182.7,22,4,1,59.08,SAME
3,27.42,68.68,13,1,0,74.7,HARDER
5,31.34,138.82,18,0,0,85.91,SAME
5,25.0,300.0,24,6,4,41.08,EASIER
3,32.51,87.63,12,0,0,86.93,HARDER
5,25.0,300.0,31,13,7,25.0,EASIER
4,30.49,140.23,18,3,2,64.33,EASIER
2,41.83,39.06,8,2,0,78.34,HARDER
2,54.2,35.67,6,0,0,91.56,HARDER
1,100.0,23.0,2,0,0,84.73,HARDER
5,29.23,166.49,21,3,2,60.76,EASIER
5,25.0,248.91,26,8,2,45.17,EASIER
5,26.66,300.0,24,6,4,49.72,EASIER
1,100.0,24.56,2,0,0,100.0,HARDER
5,32.92,251.09,21,3,2,55.87,EASIER
5,27.21,124.58,19,1,0,90.22,SAME
5,31.38,240.54,20,2,1,50.48,EASIER
2,49.24,63.61,6,0,0,67.28,HARDER
3,33.49,83.42,12,0,0,97.98,HARDER
2,42.38,47.47,7,1,0,72.36,HARDER
5,26.47,282.4,23,5,5,52.67,EASIER
5,25.32,212.11,21,3,2,38.93,EASIER
5,26.42,215.23,24,6,2,77.9,SAME
5,31.55,172.0,20,2,0,76.13,SAME
4,29.45,206.23,19,4,1,53.26,EASIER
3,25.0,142.33,16,4,1,62.98,SAME
4,26.71,110.47,18,3,1,84.31,SAME
1,94.91,20.0,2,0,0,84.46,HARDER
4,26.75,226.0,18,3,1,54.24,EASIER
2,49.91,36.96,6,0,0,94.71,HARDER
4,25.1,168.13,18,3,1,58.75,EASIER
1,99.19,25.1,2,0,0,81.02,HARDER
2,42.98,56.47,8,2,0,64.79,SAME
4,28.03,134.94,16,1,0,60.78,SAME
5,26.37,211.46,21,3,1,37.5,EASIER
3,30.51,69.15,12,0,0,98.19,HARDER
4,27.22,128.11,17,2,0,77.56,HARDER
1,97.76,20.0,2,0,0,95.83,HARDER
5,26.06,289.8,21,3,2,41.48,EASIER
5,25.0,300.0,27,9,7,61.47,EASIER
2,53.84,47.82,6,0,0,98.27,HARDER
1,96.96,48.65,2,0,0,83.45,HARDER
1,36.94,66.44,5,3,0,52.26,SAME
4,33.29,98.94,15,0,0,96.96,HARDER
5,27.16,260.76,24,6,3,58.93,EASIER
3,26.41,153.86,17,5,1,56.62,SAME
2,27.94,80.94,11,5,2,62.14,EASIER
1,38.37,49.09,5,3,0,65.16,HARDER
4,28.35,123.75,16,1,0,89.7,HARDER
4,31.92,116.81,15,0,0,78.65,HARDER
4,25.0,243.86,20,5,3,49.51,EASIER
2,43.8,48.2,6,0,0,68.75,HARDER
1,100.0,20.0,2,0,0,83.41,HARDER
2,26.34,88.33,11,5,2,55.49,EASIER
4,26.22,211.87,20,5,1,65.09,SAME
2,33.43,85.66,9,3,1,50.24,SAME
4,27.29,206.87,18,3,1,42.68,EASIER
2,33.59,88.24,10,4,1,59.97,SAME
2,25.0,101.73,10,4,1,56.72,SAME
4,33.39,142.63,17,2,1,51.94,EASIER
1,100.0,43.38,2,0,0,50.12,SAME
4,29.19,130.0,17,2,1,91.31,EASIER
3,25.0,178.74,17,5,2,46.78,EASIER
4,27.99,141.47,18,3,2,81.09,EASIER
5,25.0,232.59,24,6,3,93.79,EASIER
3,30.27,74.15,12,0,0,69.85,HARDER
1,95.23,54.21,2,0,0,63.45,SAME
4,30.42,108.66,17,2,0,66.72,HARDER
4,32.72,116.97,15,0,0,74.04,HARDER
5,25.0,228.07,22,4,2,49.9,EASIER
5,29.29,139.58,20,2,0,71.96,SAME
4,25.0,135.14,20,5,4,86.09,EASIER
1,99.45,25.98,2,0,0,66.14,HARDER
3,27.83,153.23,14,2,1,83.19,EASIER
2,25.0,109.86,13,7,6,44.08,EASIER
1,100.0,22.92,2,0,0,75.5,HARDER
5,34.13,194.86,22,4,3,80.55,EASIER
1,99.02,32.46,2,0,0,82.84,HARDER
5,26.99,126.47,19,1,0,81.23,SAME
4,26.18,186.36,17,2,1,65.2,EASIER
2,40.3,62.84,7,1,0,100.0,HARDER
5,33.46,123.14,19,1,0,100.0,SAME
3,26.86,68.18,14,2,1,73.53,EASIER
3,30.28,76.3,13,1,0,66.61,HARDER
4,30.23,118.33,17,2,1,73.26,EASIER
3,25.0,210.0,22,10,7,35.28,EASIER
4,32.98,120.53,18,3,3,83.81,EASIER
4,31.72,118.73,17,2,0,72.71,HARDER
5,33.34,204.97,19,1,1,58.32,EASIER
2,47.74,46.27,6,0,0,92.12,HARDER
3,25.0,96.65,14,2,1,71.38,EASIER
1,100.0,32.9,2,0,0,96.76,SAME
2,41.94,69.88,7,1,1,82.77,EASIER
2,50.95,39.35,6,0,0,85.94,HARDER
5,27.81,182.85,21,3,3,72.79,EASIER
5,36.98,228.9,19,1,1,69.0,EASIER
4,34.58,130.61,15,0,0,88.95,HARDER
3,27.94,122.66,14,2,1,79.81,EASIER
1,49.82,45.06,4,2,2,50.84,SAME
4,25.0,163.97,19,4,0,87.11,HARDER
1,100.0,37.51,2,0,0,70.23,HARDER
2,42.22,40.5,7,1,0,87.88,HARDER
1,48.15,53.55,4,2,1,55.85,SAME
2,51.36,55.94,6,0,0,100.0,HARDER
2,30.43,101.26,11,5,1,31.54,SAME
5,30.79,181.84,18,0,0,93.52,SAME
1,28.43,75.58,7,5,3,54.41,SAME
2,41.89,30.0,7,1,0,77.99,HARDER
2,48.22,51.61,6,0,0,70.24,HARDER
2,45.73,48.2,7,1,1,67.25,EASIER
5,25.31,178.52,20,2,1,82.07,EASIER
2,46.48,48.28,6,0,0,87.45,HARDER
4,31.11,173.18,18,3,1,52.78,EASIER
4,27.03,199.73,19,4,2,62.14,EASIER
1,100.0,20.0,2,0,0,71.66,HARDER
1,99.67,20.0,2,0,0,100.0,HARDER
4,26.25,135.14,20,5,2,81.62,SAME
2,35.39,75.39,9,3,1,76.96,SAME
3,27.9,139.54,15,3,2,48.85,EASIER
4,29.74,157.07,16,1,0,51.79,SAME
2,30.2,114.25,10,4,3,60.36,EASIER
1,100.0,20.0,2,0,0,94.44,HARDER
4,32.07,130.69,15,0,0,60.32,SAME
4,25.2,180.03,18,3,1,74.5,SAME
3,26.29,141.2,17,5,3,44.64,EASIER
2,48.76,30.0,6,0,0,59.31,SAME
1,100.0,20.0,2,0,0,75.47,HARDER
2,36.47,73.83,8,2,0,51.29,SAME
3,28.96,104.17,14,2,1,75.08,EASIER
1,100.0,26.73,2,0,0,70.97,HARDER
3,30.12,103.87,12,0,0,65.13,HARDER
2,30.34,108.07,9,3,1,54.55,SAME
2,41.4,91.63,8,2,0,54.12,SAME
3,31.01,101.06,13,1,0,85.39,HARDER
3,27.58,100.81,13,1,0,71.7,HARDER
5,25.83,177.42,21,3,1,77.72,SAME
4,25.0,218.78,20,5,1,43.91,EASIER
4,25.0,194.79,22,7,4,50.59,EASIER
1,34.02,54.94,6,4,0,63.2,SAME
2,27.51,126.55,12,6,2,46.16,EASIER
4,28.01,230.01,20,5,3,66.4,EASIER
2,43.01,46.38,7,1,0,75.4,EASIER
5,25.95,161.99,23,5,3,82.19,EASIER
2,54.72,57.94,6,0,0,77.41,HARDER
4,25.0,161.87,20,5,1,58.21,SAME
3,27.78,119.92,15,3,1,67.93,SAME
2,50.33,80.21,6,0,0,46.72,SAME
3,25.59,120.91,15,3,0,64.49,SAME
2,44.9,52.5,7,1,0,75.8,HARDER
5,25.0,169.47,22,4,0,72.81,SAME
2,27.5,129.1,10,4,2,40.64,EASIER
1,100.0,20.15,2,0,0,75.53,HARDER
4,32.71,143.84,16,1,1,74.08,EASIER
1,62.76,24.8,3,1,0,75.02,HARDER
1,38.86,46.01,5,3,0,74.52,HARDER
5,25.17,160.0,19,1,0,57.04,SAME
2,32.15,92.1,10,4,2,61.36,EASIER
1,99.28,20.0,2,0,0,89.78,HARDER
3,27.13,186.17,16,4,1,40.54,EASIER
1,100.0,31.93,2,0,0,57.09,SAME
1,50.21,49.54,4,2,2,68.04,SAME
2,41.43,61.52,7,1,0,68.58,HARDER
4,27.48,250.0,19,4,1,46.14,EASIER
1,100.0,50.68,2,0,0,72.88,HARDER
2,49.54,91.33,6,0,0,60.35,SAME
2,32.28,88.17,10,4,0,55.46,SAME
1,100.0,25.1,2,0,0,79.77,HARDER
5,25.0,235.4,25,7,2,57.23,EASIER
2,36.25,95.26,8,2,0,55.31,SAME
3,26.4,92.62,14,2,0,78.82,HARDER
3,34.46,67.4,12,0,0,89.28,HARDER
1,99.47,30.19,2,0,0,89.77,HARDER
4,32.63,182.36,17,2,1,93.06,EASIER
5,25.86,217.26,21,3,1,76.18,SAME
5,25.0,204.33,23,5,4,63.75,EASIER
5,29.13,135.61,18,0,0,64.21,SAME
1,100.0,21.96,2,0,0,89.8,HARDER
4,29.19,103.67,16,1,0,75.0,HARDER
3,29.93,95.25,13,1,0,76.11,HARDER
2,40.87,73.49,7,1,0,77.48,HARDER
3,29.45,112.6,15,3,2,65.54,EASIER
3,30.97,101.8,12,0,0,45.79,SAME
1,100.0,34.04,2,0,0,67.54,HARDER
5,25.0,266.39,24,6,4,56.95,EASIER
2,37.29,76.64,9,3,3,46.65,EASIER
3,27.6,171.19,15,3,2,54.0,EASIER
1,98.46,20.0,2,0,0,89.18,SAME
3,25.0,121.88,16,4,2,62.83,EASIER
3,25.69,121.02,15,3,1,44.52,EASIER
3,28.26,119.67,15,3,0,89.03,HARDER
5,31.78,264.25,19,1,0,48.13,EASIER
1,93.28,20.0,2,0,0,90.32,HARDER
4,25.0,250.0,25,10,3,25.0,EASIER
3,35.91,91.83,12,0,0,79.34,HARDER
4,28.28,183.55,19,4,1,54.33,SAME
3,27.81,105.04,15,3,0,77.48,SAME
5,25.0,133.75,19,1,0,67.85,SAME
3,31.97,92.31,13,1,0,66.86,HARDER
5,28.61,177.61,22,4,0,69.3,SAME
4,27.06,116.57,17,2,0,55.33,SAME
4,35.54,105.11,15,0,0,70.38,HARDER
1,54.71,50.4,4,2,1,68.13,SAME
4,25.0,136.66,19,4,2,76.64,EASIER
5,26.6,245.6,23,5,2,61.71,EASIER
4,25.0,159.94,21,6,2,76.72,SAME
1,72.09,38.77,3,1,1,80.07,SAME
2,43.41,82.57,7,1,1,61.85,EASIER
4,25.0,179.97,23,8,0,42.13,SAME
5,27.65,145.21,20,2,2,61.73,EASIER
5,26.87,232.15,22,4,3,79.28,EASIER
3,25.0,156.21,19,7,3,51.85,EASIER
1,98.79,20.0,2,0,0,100.0,HARDER
1,67.4,32.97,3,1,1,89.89,SAME
1,100.0,52.66,2,0,0,67.74,HARDER
2,49.6,47.24,6,0,0,92.71,EASIER
5,33.47,192.87,19,1,0,89.19,SAME
5,27.76,207.7,21,3,1,50.1,EASIER
5,25.59,211.26,24,6,4,77.06,EASIER
1,94.37,20.0,2,0,0,85.12,HARDER
5,32.27,178.28,20,2,2,81.74,EASIER
2,43.74,53.21,7,1,0,84.66,HARDER
1,100.0,27.04,2,0,0,78.83,HARDER
5,26.89,157.3,21,3,1,65.21,SAME
1,100.0,24.12,2,0,0,77.32,HARDER
3,28.5,139.95,18,6,3,77.78,EASIER
5,27.27,236.13,23,5,2,50.82,EASIER
5,29.09,259.88,23,5,3,49.8,EASIER
2,48.32,68.37,7,1,0,62.3,SAME
2,49.89,70.35,6,0,0,61.49,SAME
2,35.96,92.62,9,3,2,62.28,EASIER
5,28.97,198.27,22,4,2,60.54,EASIER
1,48.74,49.0,4,2,0,37.15,SAME
1,46.81,49.09,4,2,1,48.89,SAME
5,29.35,163.87,20,2,0,89.63,SAME
2,49.1,46.28,6,0,0,75.8,HARDER
3,25.0,146.39,17,5,1,73.37,HARDER
3,27.27,93.23,15,3,2,79.14,EASIER
1,93.71,32.86,2,0,0,54.96,SAME
5,25.0,233.91,24,6,3,74.51,EASIER
2,39.64,97.22,8,2,2,58.19,EASIER
3,25.27,94.31,16,4,1,78.57,SAME
5,25.0,187.89,23,5,2,60.65,EASIER
3,25.0,139.05,16,4,1,63.19,SAME
3,25.0,170.86,16,4,3,44.4,EASIER
2,33.19,89.77,9,3,1,73.74,SAME
5,26.62,262.14,20,2,2,65.53,EASIER
5,25.0,156.63,23,5,0,85.19,SAME
4,25.0,209.39,22,7,4,50.17,EASIER
2,41.36,86.65,7,1,1,64.44,EASIER
4,25.0,132.27,20,5,2,86.19,SAME
1,68.56,68.13,3,1,1,51.37,SAME
5,30.72,181.73,21,3,0,61.39,SAME
5,28.47,189.45,21,3,0,69.37,SAME
2,47.43,55.88,6,0,0,93.93,HARDER
5,31.08,177.75,20,2,2,70.57,EASIER
1,99.54,42.35,2,0,0,68.74,HARDER
3,31.84,91.97,12,0,0,83.36,HARDER
4,25.0,153.09,19,4,1,69.72,SAME
3,35.63,75.52,12,0,0,100.0,HARDER
4,27.23,115.31,18,3,0,74.43,HARDER
3,26.76,87.96,14,2,0,100.0,HARDER
3,30.73,83.27,12,0,0,84.27,HARDER
4,26.56,190.09,21,6,3,69.56,EASIER
4,34.45,164.47,16,1,1,56.68,EASIER
3,28.18,121.12,15,3,2,61.46,EASIER
3,29.2,103.92,14,2,0,66.11,HARDER
1,46.93,48.77,4,2,1,75.02,SAME
4,29.36,106.0,17,2,1,68.09,EASIER
1,63.73,34.72,3,1,0,82.0,HARDER
2,34.58,110.78,11,5,3,73.33,EASIER
2,32.74,62.31,8,2,0,74.53,HARDER
4,25.0,137.63,19,4,1,71.49,SAME
5,27.9,192.67,23,5,1,77.77,SAME
5,31.63,162.73,18,0,0,51.7,SAME
4,27.44,114.47,16,1,0,87.14,HARDER
1,69.98,38.89,3,1,0,81.97,HARDER
1,51.0,30.22,4,2,0,86.76,HARDER
2,29.95,79.97,9,3,1,66.49,SAME
3,25.0,78.29,13,1,1,92.24,SAME
1,70.61,26.14,3,1,1,62.63,SAME
5,25.0,248.42,25,7,5,44.25,EASIER
2,42.75,60.57,7,1,1,85.98,EASIER
3,25.0,139.65,18,6,3,56.08,EASIER
3,25.0,130.97,17,5,3,75.54,EASIER
4,25.0,183.73,19,4,1,44.89,SAME
2,45.88,44.85,6,0,0,90.85,HARDER
5,27.99,192.95,20,2,1,62.71,EASIER
3,28.68,188.58,17,5,2,67.87,EASIER
3,28.38,104.08,12,0,0,89.88,HARDER
2,25.84,94.46,11,5,2,40.84,EASIER
2,35.81,119.31,9,3,3,42.4,EASIER
3,25.0,127.34,18,6,2,73.52,SAME
1,99.08,22.33,2,0,0,100.0,HARDER
4,25.0,216.04,20,5,3,55.01,EASIER
3,29.79,72.46,13,1,1,82.06,EASIER
5,34.23,150.29,19,1,1,77.01,EASIER
3,25.0,158.22,15,3,1,57.6,EASIER
2,50.1,68.48,6,0,0,100.0,HARDER
4,31.54,143.31,16,1,1,53.3,EASIER
3,26.53,155.83,15,3,1,54.94,EASIER
5,36.85,166.2,18,0,0,79.13,SAME
3,35.08,88.45,12,0,0,81.86,HARDER
5,25.0,300.0,26,8,3,38.14,EASIER
3,28.02,163.17,18,6,3,43.74,EASIER
3,35.16,101.09,12,0,0,100.0,HARDER
1,71.24,45.18,3,1,1,95.14,EASIER
4,32.4,168.12,17,2,0,42.56,SAME
2,36.26,71.95,9,3,1,42.1,EASIER
3,26.25,76.26,13,1,0,83.44,HARDER
3,31.75,118.08,13,1,1,65.29,EASIER
5,25.0,175.96,20,2,1,68.02,EASIER
5,31.69,226.21,22,4,2,72.23,EASIER
2,51.95,37.5,6,0,0,84.08,HARDER
4,25.0,250.0,22,7,3,36.9,EASIER
4,25.0,181.08,20,5,1,60.64,SAME
3,28.38,174.54,16,4,1,37.98,EASIER
5,30.58,213.56,21,3,2,50.71,EASIER
3,30.48,114.77,14,2,1,35.32,EASIER
5,26.82,236.95,19,1,0,61.53,SAME
2,31.83,102.14,9,3,0,65.74,HARDER
5,30.66,162.56,20,2,0,83.97,SAME
5,27.37,175.17,22,4,2,43.79,EASIER
4,29.79,189.57,19,4,1,50.31,SAME
2,47.21,48.81,6,0,0,70.75,HARDER
5,27.87,199.35,22,4,1,64.31,SAME
3,28.97,210.0,17,5,4,30.12,EASIER
3,30.18,110.44,14,2,0,60.57,SAME
1,72.17,32.76,3,1,0,93.72,HARDER
3,25.0,120.28,15,3,1,62.36,SAME
3,33.79,111.38,12,0,0,82.62,HARDER
5,25.0,262.05,25,7,6,39.64,EASIER
3,25.0,179.16,18,6,3,50.26,EASIER
4,25.34,244.19,19,4,2,68.3,EASIER
4,25.7,219.76,19,4,2,46.9,EASIER
2,30.45,72.57,8,2,0,89.28,HARDER
2,38.61,63.83,8,2,1,68.5,EASIER
4,31.08,131.34,15,0,0,84.6,HARDER
3,26.17,171.53,16,4,1,53.6,SAME
5,32.01,138.39,18,0,0,86.38,SAME
2,30.28,81.15,10,4,0,53.0,SAME
2,29.68,59.26,9,3,0,48.71,SAME
5,28.79,171.47,24,6,3,69.25,EASIER
2,38.69,111.22,9,3,2,29.5,EASIER
1,99.65,23.13,2,0,0,100.0,HARDER
1,66.46,34.2,3,1,0,83.18,HARDER
4,27.84,166.32,21,6,2,63.38,SAME
2,28.87,106.51,10,4,2,35.01,EASIER
4,27.13,198.24,21,6,2,69.92,SAME
3,27.09,111.84,14,2,0,54.34,SAME
4,25.0,156.27,20,5,1,60.67,SAME
4,25.0,219.77,21,6,3,70.67,EASIER
2,41.32,73.9,7,1,0,66.44,HARDER
4,25.78,147.69,16,1,1,78.7,EASIER
1,99.76,20.29,2,0,0,99.63,HARDER
1,51.67,68.49,4,2,1,56.23,SAME
5,26.37,300.0,22,4,4,37.12,EASIER
5,32.06,134.19,18,0,0,80.86,SAME
4,27.11,225.97,19,4,2,48.99,HARDER
1,100.0,22.2,2,0,0,72.16,HARDER
1,40.42,45.86,4,2,0,55.73,SAME
2,27.25,105.83,10,4,0,53.07,SAME
1,100.0,21.01,2,0,0,73.0,HARDER
2,48.22,30.0,6,0,0,78.36,HARDER
2,34.68,62.03,9,3,0,65.54,HARDER
4,30.98,99.76,15,0,0,99.75,HARDER
4,28.62,232.83,19,4,3,58.06,EASIER
2,37.87,80.23,8,2,2,52.33,EASIER
5,27.42,177.01,24,6,2,70.04,SAME
3,30.8,176.75,16,4,4,51.95,SAME
5,25.75,241.93,22,4,3,52.6,EASIER
3,28.17,112.45,13,1,0,82.62,HARDER
5,30.67,152.41,20,2,0,93.36,SAME
2,51.13,68.22,6,0,0,84.7,SAME
5,32.03,183.06,22,4,3,66.92,EASIER
3,25.86,130.33,15,3,1,49.4,EASIER
5,28.2,188.0,19,1,0,48.88,SAME
3,25.0,163.7,17,5,2,62.28,EASIER
5,27.06,300.0,27,9,5,37.73,EASIER
1,100.0,34.48,2,0,0,69.68,HARDER
2,26.33,86.94,11,5,2,47.57,EASIER
3,30.33,72.16,12,0,0,100.0,HARDER
1,100.0,27.14,2,0,0,94.03,HARDER
3,34.6,128.75,15,3,2,75.39,EASIER
4,25.0,250.0,19,4,3,25.87,EASIER
2,25.0,117.45,13,7,2,47.94,SAME
3,25.0,146.66,19,7,2,66.67,SAME
1,99.34,35.7,2,0,0,56.78,SAME
4,26.67,162.71,17,2,1,85.73,EASIER
2,52.95,43.78,6,0,0,64.65,SAME
2,38.35,81.89,8,2,1,25.0,EASIER
2,52.16,35.45,6,0,0,97.18,HARDER
5,30.75,300.0,24,6,4,45.33,EASIER
3,28.35,90.4,15,3,1,63.85,SAME
4,38.46,113.06,15,0,0,84.12,HARDER
3,34.08,141.14,13,1,0,51.18,SAME
4,27.5,106.68,16,1,0,73.65,HARDER
5,25.0,194.26,20,2,1,61.71,EASIER
3,25.0,117.65,15,3,1,80.75,SAME
2,39.41,54.36,7,1,1,65.56,EASIER
4,28.4,167.06,20,5,1,78.17,HARDER
2,31.5,86.1,11,5,1,68.39,HARDER
1,61.89,28.12,3,1,0,67.69,HARDER
2,50.83,48.68,6,0,0,100.0,HARDER
3,33.99,71.44,12,0,0,95.94,HARDER
1,97.43,39.54,2,0,0,81.57,HARDER
2,27.27,109.55,11,5,0,63.89,SAME
5,29.67,169.88,22,4,2,45.64,EASIER
3,25.0,145.33,17,5,3,76.92,EASIER
2,53.65,53.31,6,0,0,57.47,SAME
1,98.2,34.67,2,0,0,86.02,HARDER
1,48.39,56.19,4,2,0,49.13,SAME
3,29.47,124.69,15,3,0,52.95,SAME
4,25.0,199.01,22,7,4,53.86,EASIER
1,100.0,29.42,2,0,0,88.39,HARDER
2,25.0,106.63,14,8,4,76.23,EASIER
2,53.76,49.06,6,0,0,54.87,SAME
5,27.5,170.63,21,3,1,64.71,EASIER
2,37.45,84.91,9,3,1,61.48,HARDER
5,27.16,276.45,23,5,3,43.4,EASIER
1,70.83,46.01,3,1,0,94.3,HARDER
5,26.67,269.46,23,5,5,67.27,EASIER
4,26.92,162.38,19,4,2,71.9,EASIER
5,31.74,166.26,20,2,0,93.75,SAME
4,33.99,140.17,17,2,1,84.37,EASIER
3,30.42,128.89,15,3,0,73.53,HARDER
4,32.18,125.83,16,1,1,63.83,EASIER
4,25.0,250.0,25,10,7,45.61,EASIER
1,48.78,36.3,4,2,0,62.75,SAME
3,29.74,82.5,13,1,0,86.05,HARDER
4,25.55,170.4,19,4,3,59.19,EASIER
5,28.95,300.0,23,5,3,47.76,EASIER
3,26.28,155.77,15,3,3,47.0,EASIER
4,25.0,187.95,22,7,4,68.04,EASIER
1,97.97,21.94,2,0,0,90.26,HARDER
5,25.0,167.33,21,3,2,72.09,EASIER
3,28.37,182.54,14,2,1,31.32,EASIER
3,25.77,116.97,14,2,0,62.02,SAME
4,25.61,137.25,17,2,1,74.15,EASIER
1,100.0,25.05,2,0,0,88.13,HARDER
4,29.69,203.01,17,2,2,73.03,EASIER
2,49.73,46.92,6,0,0,69.16,HARDER
1,34.0,51.14,7,5,3,57.03,HARDER
4,25.0,250.0,23,8,4,57.87,EASIER
4,33.59,121.06,17,2,0,62.4,EASIER
2,25.69,99.52,9,3,2,88.89,EASIER
1,47.75,59.07,4,2,1,52.46,SAME
1,94.92,27.67,2,0,0,99.26,HARDER
2,50.81,47.61,6,0,0,78.25,HARDER
4,25.0,177.99,19,4,1,71.23,SAME
1,100.0,26.58,2,0,0,96.39,HARDER
2,35.65,34.62,8,2,0,65.92,HARDER
3,34.89,83.91,14,2,0,76.12,HARDER
2,26.98,104.41,10,4,2,43.04,EASIER
4,32.09,163.9,17,2,2,64.57,EASIER
5,25.21,204.53,22,4,1,69.19,SAME
2,29.72,90.57,9,3,2,82.99,EASIER
3,25.0,102.63,14,2,1,84.06,EASIER
3,25.91,104.26,15,3,0,78.75,HARDER
2,54.63,30.0,6,0,0,100.0,HARDER
3,29.79,180.46,14,2,1,59.57,EASIER
5,32.49,173.98,21,3,1,65.43,SAME
2,56.19,66.67,6,0,0,71.93,HARDER
3,31.44,131.95,15,3,1,85.1,SAME
5,29.14,222.68,18,0,0,45.31,SAME
3,35.12,76.27,12,0,0,69.72,HARDER
2,47.62,59.49,6,0,0,68.3,HARDER
4,35.74,99.09,15,0,0,82.81,HARDER
5,34.21,171.18,18,0,0,74.11,SAME
4,27.64,172.48,17,2,1,67.89,EASIER
3,26.8,171.79,16,4,0,61.51,SAME
5,25.0,253.38,23,5,5,60.79,EASIER
3,32.6,80.71,12,0,0,96.11,HARDER
1,100.0,27.29,2,0,0,62.33,SAME
5,32.3,149.78,18,0,0,100.0,SAME
3,25.1,112.51,14,2,0,92.15,HARDER
2,35.4,86.99,9,3,1,62.36,SAME
3,36.68,84.92,12,0,0,77.47,HARDER
4,25.0,221.65,24,9,2,47.92,EASIER
1,37.62,48.48,5,3,2,77.73,HARDER
4,25.0,222.24,21,6,3,63.21,EASIER
2,39.41,40.9,7,1,0,96.41,HARDER
1,97.01,29.53,2,0,0,80.19,HARDER
1,96.21,32.07,2,0,0,83.9,HARDER
3,26.49,135.7,16,4,0,52.07,SAME
2,40.51,103.39,7,1,0,46.15,SAME
5,25.0,196.63,24,6,0,67.74,SAME
1,93.13,24.34,2,0,0,61.02,SAME
4,31.03,157.29,16,1,0,63.6,SAME
3,36.57,82.38,12,0,0,68.71,HARDER
1,44.52,36.83,4,2,0,69.95,HARDER
2,35.8,62.25,8,2,0,68.57,HARDER
4,26.56,175.08,19,4,2,57.77,EASIER
3,25.0,162.81,17,5,4,66.95,EASIER
5,25.06,175.77,19,1,1,86.65,EASIER
5,25.84,163.96,21,3,1,63.13,EASIER
2,44.6,112.33,8,2,2,68.89,EASIER
1,100.0,20.0,2,0,0,85.67,HARDER
1,100.0,24.72,2,0,0,67.09,HARDER
5,28.37,183.37,22,4,1,65.08,SAME
2,47.32,70.52,6,0,0,94.46,HARDER
5,25.0,300.0,29,11,8,34.28,EASIER
4,30.9,172.29,17,2,1,49.66,EASIER
5,31.04,161.72,19,1,0,80.99,SAME
3,27.47,94.44,14,2,0,87.99,HARDER
2,40.4,74.86,8,2,1,60.04,EASIER
3,33.85,90.74,12,0,0,68.59,HARDER
3,26.71,151.81,16,4,1,34.66,EASIER
1,98.42,28.03,2,0,0,72.36,HARDER
4,31.32,86.88,15,0,0,83.0,HARDER
4,28.39,119.34,16,1,0,69.74,HARDER
2,50.99,56.91,6,0,0,71.2,HARDER
1,100.0,42.74,2,0,0,97.61,HARDER
5,31.53,207.54,21,3,1,72.34,SAME
5,25.0,156.12,23,5,2,74.12,EASIER
2,43.84,81.19,7,1,0,48.44,SAME
2,38.44,82.29,8,2,0,55.86,SAME
3,33.52,86.03,14,2,0,98.88,HARDER
4,26.91,179.77,18,3,1,64.52,SAME
5,28.34,152.71,18,0,0,74.24,SAME
4,25.0,115.74,17,2,1,85.03,EASIER
1,63.95,54.71,3,1,0,65.4,HARDER
1,68.45,33.95,3,1,1,43.58,SAME
5,36.74,111.42,18,0,0,79.53,SAME
5,32.82,194.49,22,4,0,68.5,SAME
1,71.81,44.0,3,1,0,68.67,HARDER
5,29.55,289.86,22,4,2,49.84,EASIER
1,65.48,53.47,3,1,0,43.18,SAME
3,36.91,85.27,12,0,0,50.86,SAME
2,29.2,112.77,10,4,1,50.63,SAME
3,32.0,86.51,12,0,0,74.44,HARDER
4,34.22,163.21,15,0,0,59.12,SAME
4,30.9,127.46,16,1,0,65.59,HARDER
3,31.12,71.29,13,1,0,85.07,HARDER
4,29.62,187.53,17,2,2,45.77,EASIER
3,25.0,197.23,18,6,4,55.23,EASIER
3,42.43,70.82,12,0,0,88.77,HARDER
1,33.83,100.67,6,4,2,63.57,SAME
4,31.67,136.15,18,3,1,53.82,EASIER
2,25.0,81.69,11,5,0,80.04,HARDER
4,32.98,135.36,18,3,0,67.53,HARDER
5,40.51,164.79,18,0,0,70.54,SAME
2,34.16,87.17,8,2,1,68.35,EASIER
2,36.6,66.14,7,1,0,43.95,SAME
4,28.9,149.42,16,1,0,67.59,HARDER
2,25.0,91.64,11,5,1,69.55,HARDER
1,65.81,33.1,3,1,0,66.92,HARDER
4,25.0,235.4,19,4,2,25.0,EASIER
1,63.97,27.22,3,1,0,73.63,HARDER
5,25.0,216.49,26,8,4,55.35,EASIER
3,28.01,137.12,14,2,2,77.58,EASIER
2,39.48,60.85,7,1,1,78.65,EASIER
2,51.89,42.05,6,0,0,89.92,HARDER
1,65.71,46.77,3,1,0,48.69,SAME
5,30.95,212.89,20,2,0,52.39,SAME
4,38.8,82.2,15,0,0,87.07,HARDER
3,27.17,148.49,15,3,1,51.94,EASIER
4,27.04,125.49,17,2,2,73.65,EASIER
3,25.32,115.21,14,2,2,86.81,EASIER
2,25.0,84.75,10,4,0,75.68,HARDER
3,27.85,102.19,14,2,1,60.31,EASIER
3,28.83,88.23,13,1,1,82.13,EASIER
1,39.43,66.25,5,3,1,80.37,SAME
3,25.0,92.93,15,3,0,84.02,HARDER
2,44.02,64.89,7,1,0,72.46,HARDER
2,42.69,69.99,7,1,0,93.29,HARDER
1,95.47,35.15,2,0,0,67.2,HARDER
2,25.0,72.15,11,5,1,73.88,HARDER
2,48.83,48.49,6,0,0,77.46,HARDER
5,27.91,220.05,22,4,1,63.28,SAME
5,25.0,161.55,22,4,1,87.27,SAME
2,41.06,79.2,8,2,0,93.73,HARDER
5,31.77,127.52,18,0,0,85.19,SAME
1,100.0,35.12,2,0,0,64.18,SAME
4,31.27,140.45,19,4,2,49.33,HARDER
4,27.67,179.12,20,5,2,71.77,SAME
2,36.53,106.07,8,2,2,54.52,EASIER
4,26.15,234.77,21,6,3,64.14,EASIER
3,29.31,97.51,13,1,0,73.18,HARDER
5,31.21,189.48,19,1,0,76.82,SAME
5,28.19,187.05,21,3,2,70.23,EASIER
4,32.89,121.02,17,2,0,68.2,HARDER
1,63.87,31.93,3,1,0,82.55,HARDER
5,29.02,288.45,22,4,2,43.74,EASIER
2,53.36,71.3,6,0,0,79.9,HARDER
1,100.0,22.29,2,0,0,75.38,HARDER
3,34.21,88.36,12,0,0,63.24,SAME
4,31.34,96.57,16,1,0,69.33,HARDER
1,62.05,35.03,3,1,1,98.64,SAME
5,28.63,300.0,23,5,4,65.95,EASIER
1,100.0,23.26,2,0,0,62.16,SAME
1,100.0,30.34,2,0,0,61.78,SAME
2,52.47,46.51,6,0,0,93.32,HARDER
4,25.0,227.69,22,7,3,45.05,EASIER
4,30.68,155.37,19,4,1,77.65,SAME
5,27.21,238.26,21,3,2,43.77,EASIER
5,27.52,193.4,23,5,4,45.62,EASIER
4,25.0,179.0,21,6,3,51.12,EASIER
5,25.34,300.0,23,5,4,36.41,EASIER
5,35.25,130.65,20,2,0,82.14,SAME
2,39.75,76.56,7,1,0,54.57,SAME
3,28.72,124.08,15,3,0,61.63,SAME
1,49.59,49.85,4,2,0,53.54,HARDER
5,25.25,214.88,22,4,2,67.33,EASIER
3,31.31,113.73,14,2,2,60.54,EASIER
5,31.85,166.57,20,2,0,68.94,SAME
2,48.39,47.24,6,0,0,92.11,HARDER
1,100.0,20.5,2,0,0,78.2,HARDER
4,31.3,156.02,17,2,0,88.62,HARDER
5,37.2,121.47,19,1,1,65.29,EASIER
1,100.0,34.12,2,0,0,73.73,HARDER
2,44.76,81.46,7,1,0,70.89,HARDER
4,27.5,167.56,19,4,3,56.13,EASIER
1,67.83,36.67,3,1,1,70.01,SAME
4,25.0,250.0,22,7,7,33.61,EASIER
4,30.58,250.0,17,2,1,28.18,EASIER
1,25.0,55.84,8,6,0,49.06,SAME
5,31.91,144.73,20,2,1,81.5,EASIER
1,94.81,20.64,2,0,0,57.53,SAME
3,26.6,90.05,14,2,0,57.76,SAME
4,28.78,179.74,18,3,2,57.23,EASIER
1,37.71,55.18,5,3,0,71.37,HARDER
1,99.79,20.0,2,0,0,95.59,HARDER
1,100.0,43.72,2,0,0,72.83,HARDER
2,51.66,81.14,6,0,0,59.89,SAME
2,42.09,117.33,8,2,1,52.35,EASIER
2,43.77,55.58,8,2,2,52.74,EASIER
1,40.7,33.0,5,3,0,71.18,HARDER
3,25.91,91.12,13,1,1,72.35,EASIER
5,25.0,194.83,22,4,3,58.87,EASIER
4,32.17,181.41,17,2,1,54.02,EASIER
1,38.16,42.61,6,4,1,62.45,SAME
5,27.56,283.74,20,2,2,50.95,EASIER
2,42.02,44.8,7,1,0,88.72,HARDER
3,34.9,94.35,12,0,0,66.18,HARDER
1,26.17,96.9,9,7,2,39.84,SAME
3,32.52,118.64,14,2,1,87.57,EASIER
2,51.1,42.97,6,0,0,79.8,HARDER
3,34.07,75.12,13,1,0,96.1,HARDER
3,34.41,122.78,13,1,0,74.5,HARDER
5,26.72,186.75,21,3,2,85.37,EASIER
4,26.03,221.11,21,6,4,43.9,EASIER
5,25.0,300.0,27,9,7,31.75,EASIER
4,29.48,149.36,19,4,1,61.93,SAME
4,31.35,164.77,17,2,2,42.25,EASIER
1,27.0,81.12,9,7,3,61.35,SAME
1,100.0,29.33,2,0,0,79.61,HARDER
2,32.62,52.66,9,3,0,74.34,SAME
5,37.5,135.99,19,1,0,90.85,SAME
1,99.37,20.93,2,0,0,79.31,HARDER
1,98.34,30.93,2,0,0,74.15,HARDER
3,25.66,154.75,16,4,1,55.02,SAME
4,32.58,211.12,17,2,1,42.22,EASIER
2,38.59,85.81,8,2,0,74.03,HARDER
1,99.49,20.48,2,0,0,70.9,HARDER
2,31.77,84.79,9,3,0,65.34,HARDER
2,51.26,69.1,6,0,0,91.8,HARDER
3,27.0,83.7,14,2,0,81.17,HARDER
2,44.85,95.45,7,1,0,40.51,SAME
2,44.91,72.21,7,1,0,64.21,SAME
5,26.62,203.61,22,4,1,68.9,SAME
5,29.82,215.59,20,2,1,55.52,EASIER
5,27.92,145.1,18,0,0,91.89,SAME
5,25.55,178.62,19,1,1,64.69,EASIER
5,30.09,253.76,23,5,2,42.1,EASIER
3,25.63,110.58,16,4,2,73.81,EASIER
3,33.87,92.72,12,0,0,79.23,HARDER
1,100.0,22.3,2,0,0,84.49,HARDER
5,32.05,136.64,18,0,0,75.32,SAME
4,32.7,129.98,17,2,1,73.62,EASIER
2,35.73,66.98,8,2,1,72.66,EASIER
3,25.0,210.0,24,12,5,25.0,EASIER
3,33.55,105.4,12,0,0,72.43,HARDER
2,48.93,59.95,6,0,0,95.42,HARDER
3,25.0,104.75,16,4,2,86.55,EASIER
4,25.0,151.6,19,4,2,63.6,EASIER
1,69.63,31.18,3,1,0,81.43,HARDER
2,52.38,50.36,6,0,0,100.0,HARDER
1,49.71,53.35,4,2,0,96.86,HARDER
3,28.76,107.7,13,1,1,53.8,EASIER
5,25.53,248.11,24,6,3,48.98,EASIER
2,52.11,46.56,6,0,0,97.59,HARDER
3,25.0,101.99,15,3,1,61.95,SAME
2,52.12,55.14,6,0,0,85.47,HARDER
2,42.38,56.98,7,1,0,80.41,HARDER
2,54.3,63.33,6,0,0,92.85,HARDER
4,33.6,126.27,16,1,0,81.16,HARDER
1,31.21,45.65,7,5,0,55.59,SAME
1,25.0,87.94,8,6,2,51.02,SAME
1,100.0,21.92,2,0,0,84.71,HARDER
1,100.0,20.0,2,0,0,94.08,HARDER
5,25.87,294.13,24,6,3,50.74,EASIER
1,95.5,33.4,2,0,0,97.24,HARDER
5,25.0,299.9,22,4,2,45.45,EASIER
5,25.0,243.18,23,5,2,55.16,EASIER
4,26.48,133.43,18,3,0,71.43,HARDER
5,27.15,222.2,22,4,2,47.4,EASIER
3,25.0,167.23,17,5,3,50.19,EASIER
1,99.64,48.75,2,0,0,63.0,SAME
2,50.9,55.76,6,0,0,81.36,HARDER
1,92.14,20.0,2,0,0,76.31,HARDER
5,30.72,180.27,21,3,1,85.2,SAME
1,42.8,39.55,5,3,1,93.31,SAME
1,98.83,22.62,2,0,0,95.17,HARDER
1,51.29,49.51,4,2,0,79.51,HARDER
2,36.03,99.75,8,2,1,72.81,EASIER
3,25.0,115.47,17,5,3,69.28,EASIER
1,100.0,20.0,2,0,0,63.03,SAME
2,37.94,67.65,8,2,0,78.65,HARDER
5,31.44,227.47,20,2,1,59.46,EASIER
5,25.67,300.0,27,9,8,50.42,EASIER
2,44.21,43.79,6,0,0,74.1,HARDER
5,25.0,123.51,20,2,0,71.38,SAME
4,30.77,162.39,16,1,0,78.33,HARDER
3,28.01,103.36,15,3,2,62.43,EASIER
1,68.28,25.21,3,1,0,83.94,HARDER
5,29.5,183.54,20,2,2,72.96,EASIER
4,33.98,169.88,16,1,0,58.62,SAME
1,25.0,91.55,11,9,3,60.6,SAME
5,29.03,278.16,22,4,3,60.82,EASIER
2,48.15,76.14,7,1,1,55.73,EASIER
5,27.37,144.8,21,3,0,68.29,SAME
1,100.0,20.36,2,0,0,90.05,HARDER
3,25.0,127.13,17,5,2,51.9,EASIER
1,100.0,34.0,2,0,0,56.62,SAME
3,28.05,205.92,17,5,4,49.12,EASIER
5,26.27,209.62,25,7,3,52.92,EASIER
4,25.0,162.41,18,3,1,84.49,SAME
1,100.0,24.81,2,0,0,67.97,EASIER
4,36.42,134.13,15,0,0,71.04,HARDER
5,28.63,144.35,18,0,0,88.13,SAME
3,31.63,106.91,12,0,0,73.78,HARDER
5,25.0,291.68,27,9,7,54.59,EASIER
5,33.52,238.4,21,3,0,64.91,SAME
2,42.82,45.87,7,1,0,71.17,HARDER
2,39.54,84.16,8,2,0,70.71,HARDER
3,25.05,125.8,13,1,0,77.17,HARDER
5,25.0,248.95,24,6,3,62.06,EASIER
4,29.3,141.26,18,3,0,59.74,SAME
5,25.73,118.04,20,2,0,62.18,SAME
5,27.58,140.56,20,2,1,70.02,EASIER
3,34.37,96.93,13,1,1,73.72,EASIER
1,60.15,27.51,3,1,0,63.99,SAME
4,25.42,175.67,16,1,1,65.5,EASIER
2,49.68,55.23,6,0,0,86.72,HARDER
1,97.75,25.79,2,0,0,85.91,HARDER
4,25.0,172.97,21,6,2,62.01,EASIER
5,25.0,206.79,23,5,1,75.02,SAME
4,32.66,112.09,15,0,0,82.54,HARDER
1,99.72,44.31,2,0,0,98.93,HARDER
3,28.24,114.31,15,3,1,78.76,SAME
3,32.62,82.13,13,1,1,74.56,EASIER
2,25.0,138.19,12,6,2,61.39,EASIER
3,37.78,83.5,12,0,0,94.16,HARDER
4,26.04,149.99,19,4,1,60.06,SAME
2,37.23,84.1,8,2,1,71.46,EASIER
4,29.4,250.0,20,5,4,49.61,EASIER
5,33.69,124.28,19,1,1,86.36,EASIER
4,33.87,131.98,16,1,1,73.39,EASIER
4,33.06,186.57,17,2,1,52.78,EASIER
3,37.2,71.92,12,0,0,94.72,HARDER
1,91.57,24.3,2,0,0,72.21,HARDER
3,26.58,81.65,13,1,0,58.77,SAME
3,25.52,157.89,17,5,3,53.89,EASIER
5,27.58,293.48,23,5,5,41.08,EASIER
4,25.0,152.13,20,5,3,69.32,EASIER
1,40.96,52.13,5,3,0,72.35,HARDER
5,28.36,163.31,20,2,0,84.4,SAME
3,27.45,120.27,14,2,0,57.39,SAME
2,44.89,57.4,7,1,0,70.74,HARDER
3,34.98,95.25,12,0,0,74.89,HARDER
2,50.64,65.12,6,0,0,83.22,HARDER
3,27.38,137.55,16,4,1,64.19,SAME
3,31.22,124.77,13,1,1,56.74,EASIER
1,93.68,36.56,2,0,0,84.23,HARDER
2,38.11,53.59,8,2,1,55.91,EASIER
1,99.92,30.89,2,0,0,76.91,HARDER
1,50.45,48.64,4,2,1,44.93,SAME
1,97.71,34.71,2,0,0,90.79,HARDER
4,26.41,172.67,19,4,1,63.41,SAME
5,26.7,300.0,26,8,6,66.12,EASIER
2,52.72,58.78,6,0,0,100.0,HARDER
4,29.79,222.48,19,4,2,60.37,EASIER
1,36.08,43.21,5,3,1,49.6,SAME
4,25.0,181.65,17,2,2,54.38,EASIER
2,44.81,50.1,6,0,0,54.28,SAME
1,100.0,30.94,2,0,0,100.0,HARDER
3,27.81,94.71,14,2,1,78.62,EASIER
4,33.79,122.47,15,0,0,55.12,SAME
4,32.83,94.79,15,0,0,74.47,HARDER
1,39.71,59.47,5,3,2,42.49,SAME
2,30.77,131.05,10,4,2,52.22,EASIER
5,32.66,173.14,20,2,1,85.55,EASIER
1,68.0,53.65,3,1,0,60.72,SAME
5,30.11,192.31,20,2,0,51.39,SAME
3,30.06,94.26,14,2,0,63.23,SAME
4,30.46,201.7,18,3,2,59.4,EASIER
2,49.2,31.69,6,0,0,84.88,HARDER
3,25.0,169.55,19,7,2,38.96,EASIER
1,100.0,51.03,2,0,0,69.56,HARDER
3,38.54,72.39,12,0,0,99.13,HARDER
1,68.7,35.42,3,1,0,89.21,HARDER
4,31.24,106.63,17,2,0,95.37,HARDER
4,26.74,223.97,20,5,3,46.07,EASIER
5,36.53,118.58,18,0,0,65.85,SAME
3,32.46,131.02,14,2,0,58.57,SAME
5,29.24,178.56,22,4,2,68.87,EASIER
5,28.06,126.43,19,1,0,79.62,SAME
5,25.0,299.36,24,6,4,48.61,EASIER
4,28.71,179.82,18,3,2,67.54,EASIER
5,37.37,122.44,18,0,0,61.59,SAME
4,34.13,144.01,16,1,0,79.42,HARDER
1,97.77,30.96,2,0,0,93.77,HARDER
5,25.0,172.96,25,7,3,71.23,EASIER
1,100.0,26.47,2,0,0,87.08,HARDER
1,100.0,20.0,2,0,0,70.48,HARDER
4,25.0,148.43,19,4,1,99.27,SAME
3,28.15,74.24,13,1,0,82.46,HARDER
5,28.47,154.54,21,3,1,84.69,SAME
3,29.94,97.72,12,0,0,54.69,SAME
1,39.15,33.61,5,3,0,68.99,HARDER
4,35.27,106.06,15,0,0,57.76,SAME
3,25.0,128.55,15,3,1,54.53,EASIER
5,26.51,218.76,21,3,1,64.28,EASIER
4,35.51,120.46,15,0,0,77.76,HARDER
3,30.84,120.59,14,2,0,68.76,HARDER
2,38.95,86.05,8,2,2,56.67,EASIER
4,33.34,194.13,18,3,3,45.0,EASIER
2,51.56,36.04,6,0,0,94.01,HARDER
3,28.8,96.08,15,3,0,100.0,HARDER
3,27.16,118.84,15,3,1,68.36,SAME
4,31.73,92.5,16,1,0,73.52,HARDER
3,25.0,129.34,14,2,0,66.65,HARDER
1,66.47,44.21,3,1,0,59.49,SAME
1,66.74,42.5,3,1,1,96.21,SAME
4,32.0,123.4,15,0,0,56.31,SAME
3,32.01,155.0,16,4,1,65.39,SAME
5,28.63,131.54,19,1,0,70.26,SAME
4,25.0,226.21,20,5,2,73.4,EASIER
1,93.63,33.72,2,0,0,68.16,HARDER
3,25.0,117.9,16,4,0,69.83,HARDER
1,50.08,45.68,4,2,1,79.56,SAME
2,45.55,45.8,7,1,0,87.07,HARDER
2,28.33,94.32,9,3,0,70.87,HARDER
5,27.43,198.14,22,4,1,68.49,SAME
5,26.93,249.97,26,8,4,47.18,EASIER
1,68.6,37.87,3,1,1,52.04,SAME
5,33.31,123.93,18,0,0,91.88,SAME
2,37.56,53.19,8,2,1,59.68,EASIER
5,27.54,239.87,25,7,5,58.85,EASIER
4,33.61,144.48,15,0,0,93.14,HARDER
3,32.35,127.41,13,1,0,54.84,SAME
1,97.69,40.48,2,0,0,85.94,HARDER
1,48.79,43.45,4,2,0,56.53,SAME
5,32.19,196.44,19,1,0,77.39,SAME
3,30.26,60.85,12,0,0,100.0,HARDER
3,28.16,130.05,13,1,0,72.85,HARDER
5,30.34,127.79,21,3,0,97.33,SAME
4,26.34,166.94,19,4,1,69.28,SAME
3,30.17,81.24,12,0,0,82.04,HARDER
1,100.0,20.0,2,0,0,89.8,HARDER
3,25.0,106.11,15,3,2,61.45,EASIER
4,25.98,194.57,17,2,1,97.39,EASIER
2,53.15,45.49,6,0,0,92.73,HARDER
3,26.87,172.72,14,2,2,40.33,EASIER
2,25.0,160.0,14,8,5,36.09,EASIER
1,42.22,77.31,5,3,2,60.56,SAME
2,51.91,42.59,6,0,0,75.44,HARDER
1,98.38,34.44,2,0,0,87.25,HARDER
3,25.0,143.01,17,5,1,73.9,HARDER
2,41.4,104.24,7,1,0,32.69,SAME
2,31.14,100.83,10,4,0,44.89,SAME
4,28.1,162.64,20,5,0,74.7,HARDER
3,33.05,145.73,14,2,0,55.56,SAME
4,33.54,169.59,18,3,2,59.31,EASIER
3,30.81,65.08,12,0,0,91.37,HARDER
3,31.23,76.41,12,0,0,86.34,SAME
3,25.0,167.13,17,5,1,67.25,SAME
1,65.87,32.26,3,1,0,76.75,HARDER
5,29.59,163.4,19,1,0,78.28,SAME
3,29.07,123.5,14,2,0,68.61,HARDER
2,32.03,103.62,9,3,2,45.48,EASIER
2,31.43,140.71,9,3,2,36.61,EASIER
5,28.91,174.0,23,5,2,61.21,EASIER
2,29.75,115.69,10,4,2,42.57,EASIER
5,30.21,258.4,23,5,5,44.1,EASIER
2,32.39,103.9,10,4,2,71.25,EASIER
4,28.57,183.62,19,4,2,55.64,EASIER
3,31.32,68.56,13,1,0,74.82,HARDER
1,99.53,37.12,2,0,0,75.7,HARDER
4,27.06,124.88,16,1,0,60.64,SAME
1,100.0,29.25,2,0,0,73.71,HARDER
2,42.98,71.11,7,1,0,71.23,HARDER
4,33.01,148.61,18,3,0,56.75,SAME
1,41.8,36.84,5,3,0,61.23,SAME
3,33.48,85.08,12,0,0,87.16,HARDER
3,25.0,148.85,16,4,4,57.71,EASIER
5,34.03,230.13,19,1,1,54.46,EASIER
5,33.92,158.66,18,0,0,47.37,SAME
1,27.95,69.34,7,5,1,40.04,SAME
4,28.06,153.75,18,3,1,71.43,SAME
5,25.0,201.26,23,5,2,69.38,EASIER
1,47.76,67.99,4,2,0,60.88,SAME
1,96.92,26.22,2,0,0,93.48,HARDER
5,25.0,300.0,26,8,6,58.58,EASIER
3,30.13,106.86,14,2,0,70.34,HARDER
4,25.0,214.3,19,4,2,49.11,EASIER
2,51.76,61.2,6,0,0,90.98,HARDER
1,46.24,43.22,4,2,1,63.52,EASIER
2,25.97,94.55,11,5,1,55.89,SAME
5,29.28,183.15,23,5,1,92.45,SAME
5,25.76,178.53,22,4,0,61.62,SAME
4,27.97,208.12,22,7,3,61.61,EASIER
4,26.22,129.56,17,2,1,88.13,EASIER
2,27.95,82.64,9,3,0,70.01,HARDER
1,99.09,20.98,2,0,0,74.64,HARDER
5,25.0,226.06,23,5,3,57.88,EASIER
1,61.8,20.0,3,1,0,89.84,HARDER
4,28.31,239.52,19,4,3,33.49,EASIER
3,29.58,112.23,14,2,0,59.64,SAME
4,30.05,167.39,15,0,0,59.97,SAME
2,35.69,66.95,8,2,1,82.91,EASIER
2,49.34,49.51,6,0,0,78.08,HARDER
5,25.0,300.0,26,8,6,34.7,EASIER
1,92.18,53.61,2,0,0,72.33,HARDER
5,28.42,224.83,22,4,3,51.74,EASIER
1,67.1,48.86,3,1,0,37.16,SAME
5,27.3,300.0,28,10,6,42.89,EASIER
1,46.66,47.73,4,2,1,72.98,SAME
4,30.15,117.07,16,1,1,76.0,EASIER
1,98.46,42.24,2,0,0,72.38,HARDER
1,67.57,20.0,3,1,0,67.62,HARDER
5,33.42,120.89,18,0,0,99.31,SAME
4,33.88,166.62,18,3,0,80.3,HARDER
2,48.8,38.0,6,0,0,61.48,SAME
3,31.38,128.74,14,2,0,49.96,SAME
5,26.13,253.18,25,7,5,72.68,EASIER
4,25.0,186.93,20,5,3,48.72,EASIER
4,28.91,161.06,18,3,1,52.78,EASIER
1,96.79,28.73,2,0,0,67.03,HARDER
3,25.0,128.66,16,4,1,52.13,SAME
2,38.33,80.09,8,2,1,63.93,EASIER
5,31.56,182.24,20,2,1,76.6,EASIER
2,41.82,113.12,8,2,1,37.16,EASIER
4,25.0,173.3,18,3,2,50.29,EASIER
5,29.05,139.3,20,2,1,52.79,EASIER
5,31.49,146.64,20,2,1,57.75,EASIER
5,36.98,127.29,18,0,0,91.77,SAME
2,45.42,44.96,6,0,0,90.9,HARDER
5,27.43,163.09,23,5,2,83.96,SAME
5,28.56,247.79,19,1,0,54.5,EASIER
1,44.75,41.61,4,2,1,42.83,SAME
2,29.89,112.88,10,4,1,53.58,SAME
2,32.37,71.75,8,2,0,68.2,HARDER
4,31.67,106.64,16,1,0,94.25,HARDER
2,36.59,74.93,8,2,1,58.85,EASIER
3,29.14,127.96,15,3,2,57.15,EASIER
2,51.14,52.06,6,0,0,66.61,HARDER
3,29.22,109.45,16,4,2,66.68,EASIER
5,29.79,216.89,23,5,1,73.84,SAME
5,31.57,212.48,19,1,0,78.52,SAME
1,39.61,35.46,5,3,0,61.38,SAME
3,27.96,110.66,14,2,0,67.98,HARDER
3,27.17,67.82,13,1,0,66.24,HARDER
1,99.7,27.35,2,0,0,73.71,HARDER
4,30.3,118.63,15,0,0,77.48,HARDER
4,25.0,178.78,21,6,3,49.77,EASIER
3,37.54,118.97,12,0,0,80.53,HARDER
5,31.8,245.1,20,2,1,83.19,EASIER
1,66.3,28.32,3,1,0,59.94,SAME
4,35.51,138.1,16,1,0,78.89,HARDER
1,99.09,33.86,2,0,0,64.52,SAME
3,25.0,118.23,16,4,2,57.04,EASIER
1,55.13,33.75,4,2,2,85.52,SAME
1,48.27,51.7,4,2,0,50.76,SAME
3,30.36,125.37,16,4,2,60.25,EASIER
4,25.0,250.0,26,11,7,43.52,EASIER
4,27.02,148.01,17,2,1,67.26,EASIER
3,31.46,69.25,13,1,0,83.51,HARDER
4,28.43,191.06,19,4,3,47.73,EASIER
2,34.69,87.57,8,2,1,77.81,EASIER
3,28.48,105.23,14,2,1,70.39,EASIER
5,33.02,156.12,18,0,0,64.19,SAME
1,96.19,23.4,2,0,0,91.07,HARDER
1,100.0,33.21,2,0,0,94.17,HARDER
5,25.0,257.94,25,7,5,63.1,EASIER
2,49.57,58.32,6,0,0,62.67,SAME
3,28.71,64.22,12,0,0,88.97,HARDER
5,31.83,146.22,18,0,0,67.64,SAME
5,31.34,134.76,18,0,0,96.42,SAME
2,53.45,38.74,6,0,0,82.39,SAME
4,26.23,206.26,21,6,3,51.98,EASIER
1,61.59,44.28,3,1,0,62.42,SAME
5,25.0,250.09,23,5,3,25.0,EASIER
1,48.46,33.32,4,2,0,71.29,HARDER
1,43.45,49.32,4,2,0,55.88,SAME
2,37.33,78.46,8,2,1,88.45,EASIER
1,37.9,44.44,5,3,2,71.65,SAME
5,29.7,201.44,21,3,2,61.71,EASIER
2,44.13,50.27,7,1,1,82.74,EASIER
5,31.3,300.0,20,2,1,33.46,EASIER
1,48.99,57.11,4,2,0,60.79,SAME
1,26.53,65.25,7,5,1,63.52,SAME
1,100.0,30.37,2,0,0,100.0,HARDER
1,44.62,70.47,4,2,2,57.28,SAME
5,36.37,225.92,20,2,2,67.91,EASIER
3,33.71,64.71,12,0,0,82.75,HARDER
2,47.96,54.01,6,0,0,84.18,HARDER
3,28.51,111.06,15,3,0,73.56,HARDER
5,28.14,153.33,21,3,1,74.84,SAME
3,30.68,161.74,15,3,2,47.67,EASIER
3,25.08,125.62,15,3,1,50.18,EASIER
2,47.02,79.14,6,0,0,72.83,HARDER
5,25.0,213.92,23,5,1,64.62,SAME
2,37.61,83.84,8,2,1,62.5,EASIER
2,28.06,130.97,10,4,0,46.51,SAME
4,25.59,200.57,19,4,2,56.78,EASIER
3,34.53,155.32,14,2,1,69.86,EASIER
4,25.0,244.11,20,5,4,44.56,EASIER
4,30.69,199.25,17,2,1,53.95,EASIER
5,25.0,216.95,23,5,3,66.02,EASIER
5,26.04,223.36,23,5,5,45.62,EASIER
1,100.0,36.98,2,0,0,66.2,HARDER
5,32.2,257.51,20,2,1,27.58,EASIER
5,26.98,163.72,19,1,1,82.18,EASIER
3,29.28,133.17,13,1,1,56.52,EASIER
2,54.08,30.0,6,0,0,82.81,HARDER
5,28.92,192.21,20,2,0,79.28,SAME
5,29.64,180.75,21,3,1,61.98,EASIER
4,25.32,216.46,22,7,3,58.92,EASIER
4,30.06,126.0,17,2,0,74.14,HARDER
3,36.68,84.11,12,0,0,79.36,HARDER
1,100.0,37.3,2,0,0,71.34,HARDER
2,35.88,77.77,9,3,0,65.54,HARDER
4,28.23,191.93,16,1,1,59.07,EASIER
5,25.0,196.43,21,3,2,69.33,EASIER
4,25.0,211.45,22,7,4,46.67,EASIER
1,69.79,51.78,3,1,0,82.0,HARDER
5,27.64,190.56,22,4,2,63.36,EASIER
5,27.44,200.41,21,3,3,71.09,EASIER
3,30.12,146.57,14,2,1,53.75,EASIER
5,26.8,146.43,19,1,1,74.58,EASIER
4,25.0,133.06,19,4,2,68.04,EASIER
3,25.0,130.13,13,1,1,62.56,EASIER
3,25.0,210.0,19,7,6,63.97,EASIER
5,25.85,300.0,23,5,2,59.59,EASIER
4,31.08,123.44,17,2,1,70.35,EASIER
5,31.3,154.93,20,2,1,50.81,EASIER
3,28.57,97.39,13,1,0,77.29,HARDER
3,27.68,113.26,14,2,0,61.97,SAME
1,97.44,30.98,2,0,0,80.77,HARDER
4,35.33,170.0,15,0,0,59.9,SAME
3,34.58,78.38,12,0,0,82.6,HARDER
5,25.79,178.31,20,2,2,64.06,EASIER
4,25.0,181.19,21,6,2,68.84,SAME
4,25.84,147.44,18,3,1,83.43,SAME
2,30.38,106.3,10,4,2,61.28,EASIER
4,29.69,88.93,16,1,0,63.5,SAME
2,50.67,44.18,6,0,0,96.89,HARDER
4,25.0,204.74,26,11,6,52.18,EASIER
2,29.73,115.89,9,3,2,61.25,EASIER
2,39.4,56.9,7,1,1,86.75,SAME
3,25.32,117.66,13,1,0,68.71,HARDER
3,39.36,80.65,12,0,0,74.63,HARDER
5,25.0,255.74,21,3,2,37.99,EASIER
4,33.01,153.75,16,1,0,64.96,SAME
3,30.85,104.24,14,2,1,49.7,EASIER
3,28.74,115.48,14,2,1,75.61,EASIER
1,68.82,20.0,3,1,0,100.0,HARDER
5,25.0,217.42,24,6,4,52.48,EASIER
4,29.19,147.32,18,3,1,67.98,SAME
2,49.39,49.36,6,0,0,85.78,HARDER
5,28.81,221.83,20,2,2,52.4,EASIER
4,32.33,210.85,17,2,1,72.86,EASIER
3,26.42,128.59,15,3,2,68.65,EASIER
4,33.81,101.4,16,1,0,75.33,HARDER
3,26.42,101.47,15,3,1,73.84,SAME
3,35.18,110.81,14,2,1,60.32,EASIER
5,31.34,286.62,25,7,3,28.69,EASIER
1,100.0,26.02,2,0,0,97.28,HARDER
3,27.03,108.36,15,3,0,84.02,HARDER
4,33.17,94.63,17,2,0,78.57,HARDER
4,35.6,212.72,17,2,0,33.56,EASIER
5,25.47,210.2,22,4,2,63.69,SAME
5,25.0,300.0,25,7,5,44.35,EASIER
5,28.98,174.45,22,4,2,82.56,EASIER
2,38.73,109.48,8,2,2,43.22,EASIER
4,30.16,120.19,17,2,1,88.54,EASIER
4,25.0,221.65,21,6,4,41.27,EASIER
4,31.23,169.39,17,2,2,49.87,EASIER
1,98.49,25.16,2,0,0,66.18,HARDER
5,29.34,280.78,23,5,4,38.72,EASIER
4,37.88,105.12,16,1,0,100.0,HARDER
5,25.69,261.89,25,7,4,70.08,EASIER
2,37.47,57.93,9,3,0,80.03,HARDER
1,68.16,33.08,3,1,0,73.5,HARDER
1,25.06,61.76,8,6,1,56.55,SAME
2,42.87,60.06,7,1,0,70.23,HARDER
2,28.92,49.26,9,3,1,69.31,SAME
2,34.84,84.18,8,2,0,73.14,HARDER
2,39.05,89.93,7,1,0,55.15,SAME
4,25.58,250.0,25,10,7,41.26,EASIER
2,42.14,68.31,7,1,0,91.59,HARDER
3,31.97,52.86,12,0,0,73.26,HARDER
3,28.99,81.14,13,1,1,100.0,EASIER
1,94.43,22.0,2,0,0,95.02,HARDER
3,25.98,119.56,16,4,1,73.13,SAME
2,47.87,44.97,6,0,0,73.44,HARDER
4,27.71,195.03,18,3,3,73.8,EASIER
5,25.0,225.84,25,7,2,39.35,EASIER
1,60.82,24.83,3,1,0,76.85,HARDER
2,31.47,91.81,10,4,1,48.95,SAME
3,32.2,124.41,13,1,0,90.89,HARDER
5,27.25,259.24,23,5,4,47.95,EASIER
3,25.0,154.45,17,5,3,66.41,EASIER
5,30.54,210.97,22,4,1,80.08,SAME
1,97.75,20.0,2,0,0,96.44,HARDER
2,36.75,71.26,8,2,0,48.16,SAME
3,28.79,138.0,13,1,0,62.75,SAME
1,100.0,46.3,2,0,0,67.77,HARDER
2,29.77,96.97,9,3,1,70.17,SAME
1,100.0,50.57,2,0,0,47.57,SAME
1,97.9,28.16,2,0,0,85.29,HARDER
3,34.41,91.22,13,1,0,57.3,SAME
2,39.52,80.32,8,2,0,64.57,SAME
4,25.58,171.2,21,6,3,69.2,EASIER
5,26.83,237.25,21,3,1,34.99,EASIER
5,26.25,163.21,20,2,1,83.45,EASIER
4,39.41,120.64,15,0,0,100.0,HARDER
1,98.64,23.93,2,0,0,74.73,HARDER
2,48.45,48.81,6,0,0,93.02,HARDER
1,100.0,20.0,2,0,0,100.0,HARDER
2,40.23,60.82,8,2,0,49.84,SAME
2,39.33,48.72,8,2,0,80.83,HARDER
3,32.29,94.28,13,1,1,61.98,EASIER
3,27.86,91.22,13,1,1,89.66,EASIER
4,25.0,178.12,22,7,4,58.23,EASIER
3,25.0,79.49,13,1,0,73.47,HARDER
5,26.72,300.0,23,5,3,51.53,EASIER
5,32.36,123.84,19,1,1,100.0,EASIER
4,32.87,105.64,15,0,0,88.28,HARDER
5,27.02,278.04,25,7,2,29.97,EASIER
4,27.04,192.55,17,2,1,66.65,EASIER
3,37.66,62.72,12,0,0,75.65,HARDER
1,33.46,68.49,6,4,1,45.35,SAME
3,25.0,102.04,15,3,1,84.07,SAME
2,40.3,65.28,8,2,0,75.94,HARDER
3,31.7,105.78,14,2,1,86.5,EASIER
5,26.86,200.9,22,4,3,60.4,EASIER
5,26.84,286.73,26,8,5,47.98,EASIER
1,65.33,53.38,3,1,1,67.07,SAME
3,27.2,163.12,16,4,1,51.34,SAME
1,67.85,38.82,3,1,0,70.99,HARDER
3,27.51,171.87,15,3,2,58.76,EASIER
3,29.46,113.75,14,2,0,66.65,HARDER
3,31.25,98.9,12,0,0,100.0,HARDER
3,34.94,107.5,13,1,1,100.0,EASIER
2,40.35,72.81,8,2,0,47.87,SAME
2,29.93,88.44,9,3,0,91.78,HARDER
3,25.0,210.0,18,6,3,32.88,EASIER
5,25.0,300.0,24,6,5,33.96,EASIER
3,27.74,161.67,16,4,2,50.69,EASIER
1,100.0,24.61,2,0,0,70.79,HARDER
3,31.81,93.94,13,1,1,79.21,EASIER
4,34.23,108.77,16,1,0,73.41,HARDER
1,64.2,27.26,3,1,0,85.61,HARDER
2,51.11,54.01,6,0,0,96.21,HARDER
3,25.0,210.0,21,9,4,51.52,EASIER
3,38.42,89.53,12,0,0,85.95,HARDER
3,37.06,73.65,12,0,0,80.92,HARDER
3,25.0,85.69,16,4,0,88.46,HARDER
2,39.69,57.01,7,1,0,65.67,HARDER
3,25.25,107.66,14,2,1,59.75,EASIER
2,37.56,53.82,7,1,0,63.33,SAME
5,25.82,194.32,24,6,3,52.85,EASIER
5,25.0,194.64,22,4,4,77.58,EASIER
1,72.06,62.15,3,1,1,67.33,SAME
4,30.25,151.03,15,0,0,60.35,SAME
2,33.05,82.78,10,4,1,63.04,SAME
5,32.27,115.99,18,0,0,87.17,SAME
4,25.0,228.95,24,9,4,53.96,EASIER
3,25.0,182.4,20,8,2,28.9,EASIER
3,37.01,91.43,12,0,0,100.0,HARDER
3,36.33,95.04,12,0,0,73.93,EASIER
1,58.38,35.92,3,1,0,60.61,SAME
2,48.09,53.22,6,0,0,80.84,HARDER
1,97.78,20.0,2,0,0,87.52,HARDER
2,36.09,87.9,8,2,0,57.0,SAME
1,97.41,36.79,2,0,0,78.02,HARDER
4,35.85,158.39,16,1,0,67.51,HARDER
1,96.73,25.95,2,0,0,91.28,HARDER
5,25.0,170.94,22,4,1,59.13,SAME
1,99.93,35.45,2,0,0,85.05,HARDER
1,96.58,20.0,2,0,0,80.95,HARDER
4,29.59,173.41,17,2,1,54.82,EASIER
1,100.0,27.23,2,0,0,99.49,HARDER
2,35.85,109.03,9,3,2,64.38,SAME
2,31.25,77.98,9,3,0,64.43,SAME
4,25.0,250.0,25,10,8,47.3,EASIER
1,100.0,33.43,2,0,0,77.16,HARDER
3,32.39,58.19,12,0,0,69.53,HARDER
1,64.47,20.0,3,1,0,98.47,HARDER
4,33.71,199.09,18,3,3,66.26,EASIER
3,29.66,64.03,12,0,0,69.9,HARDER
4,31.72,173.35,18,3,2,81.29,EASIER
2,27.06,99.65,11,5,1,44.49,SAME
5,29.81,138.14,18,0,0,86.51,SAME
2,33.73,107.16,9,3,1,57.47,SAME
1,100.0,48.37,2,0,0,79.71,HARDER
5,37.73,135.55,18,0,0,90.77,SAME
2,44.26,45.62,7,1,0,81.63,HARDER
2,49.42,60.6,6,0,0,71.49,HARDER
3,31.3,111.32,14,2,1,64.43,EASIER
1,100.0,42.08,2,0,0,77.02,HARDER
2,43.37,33.83,7,1,0,72.41,HARDER
1,100.0,28.38,2,0,0,71.13,HARDER
4,28.94,145.58,16,1,0,78.83,HARDER
3,25.0,210.0,21,9,7,52.71,EASIER
3,28.31,61.78,12,0,0,78.22,HARDER
2,41.63,43.29,7,1,0,100.0,HARDER
5,30.51,300.0,21,3,2,60.46,EASIER
3,31.22,128.32,13,1,1,77.13,EASIER
3,28.45,175.75,16,4,0,40.02,EASIER
2,53.86,53.68,6,0,0,86.19,HARDER
5,27.84,233.87,20,2,0,53.4,SAME
3,30.65,116.51,13,1,1,67.35,EASIER
3,31.44,129.31,12,0,0,55.71,SAME
4,30.72,106.01,15,0,0,86.11,HARDER
3,25.68,140.86,16,4,1,59.66,SAME
3,29.66,124.25,15,3,2,42.57,EASIER
5,34.2,124.26,18,0,0,88.21,SAME
3,32.27,108.28,14,2,0,79.75,HARDER
1,41.07,67.34,5,3,1,54.01,SAME
1,98.69,31.91,2,0,0,76.61,HARDER
2,43.87,61.24,7,1,0,89.04,HARDER
1,99.66,24.46,2,0,0,100.0,HARDER
1,48.74,60.37,4,2,2,57.59,SAME
2,29.19,89.44,10,4,1,64.91,SAME
5,36.19,182.9,19,1,1,73.28,EASIER
5,33.69,182.63,21,3,0,79.79,SAME
5,25.0,221.64,25,7,5,54.77,EASIER
2,31.89,78.33,11,5,2,55.19,EASIER
3,32.38,118.78,12,0,0,53.13,SAME
1,64.75,49.97,3,1,0,77.48,HARDER
4,27.51,187.13,17,2,1,37.54,EASIER
1,51.64,48.21,4,2,0,68.32,HARDER
4,25.0,203.08,19,4,2,54.63,EASIER
1,49.16,71.21,4,2,2,51.55,SAME
1,100.0,48.02,2,0,0,66.59,HARDER
2,46.85,35.78,6,0,0,82.46,HARDER
5,26.79,238.31,20,2,2,60.83,EASIER
5,25.0,300.0,25,7,4,32.35,EASIER
5,33.08,135.55,18,0,0,54.33,SAME
4,30.83,152.06,16,1,0,69.74,HARDER
1,65.1,24.47,3,1,0,76.29,HARDER
5,32.16,192.19,19,1,0,73.8,SAME
2,28.75,158.06,11,5,4,31.55,EASIER
4,25.64,183.2,19,4,1,63.62,SAME
5,25.0,164.57,23,5,1,58.1,SAME
3,26.07,157.45,16,4,1,62.93,SAME
3,25.56,112.93,16,4,0,56.96,SAME
4,25.0,200.46,18,3,1,61.75,EASIER
2,41.55,50.03,7,1,0,81.9,HARDER
1,47.34,25.09,4,2,0,71.2,HARDER
4,25.0,147.15,18,3,1,66.27,SAME
5,28.79,258.35,21,3,2,65.89,EASIER
1,70.11,37.01,3,1,1,95.24,SAME
5,35.17,257.75,20,2,1,43.77,EASIER
3,27.15,122.38,15,3,2,84.73,EASIER
4,25.0,246.07,20,5,2,48.39,EASIER
4,27.77,160.4,18,3,1,53.36,EASIER
1,100.0,44.45,2,0,0,68.56,HARDER
1,29.47,75.64,8,6,1,68.63,HARDER
2,49.91,70.42,6,0,0,64.06,SAME
5,25.5,300.0,25,7,7,52.76,EASIER
1,98.55,20.0,2,0,0,85.51,HARDER
2,40.79,68.86,7,1,0,85.45,HARDER
4,28.71,123.92,16,1,0,62.52,SAME
2,50.02,58.05,6,0,0,80.75,HARDER
4,25.0,222.86,20,5,2,53.02,EASIER
4,32.04,113.92,15,0,0,89.48,HARDER
1,68.38,28.49,3,1,0,78.72,HARDER
2,46.23,69.82,7,1,1,92.36,EASIER
2,55.07,57.33,6,0,0,60.45,SAME
1,67.36,41.61,3,1,0,67.91,HARDER
5,33.3,151.09,19,1,0,71.89,SAME
4,26.09,118.43,18,3,1,77.28,SAME
3,33.13,102.04,12,0,0,83.55,HARDER
5,26.26,260.19,23,5,4,56.74,EASIER
4,31.59,236.01,16,1,1,39.4,EASIER
3,25.0,192.02,17,5,3,48.26,EASIER
4,29.89,188.92,18,3,3,64.2,EASIER
4,27.25,169.57,19,4,3,47.95,EASIER
5,31.83,180.32,19,1,0,55.73,SAME
3,25.0,140.41,16,4,2,56.66,EASIER
4,28.92,169.28,20,5,1,66.62,SAME
3,28.44,188.27,15,3,1,59.25,EASIER
4,25.0,222.85,23,8,7,64.25,EASIER
1,96.02,20.63,2,0,0,80.51,HARDER
4,30.72,166.91,19,4,0,62.5,SAME
2,30.84,79.87,10,4,2,58.56,EASIER
1,95.08,32.8,2,0,0,91.48,HARDER
5,25.0,238.08,23,5,3,39.18,EASIER
2,44.76,43.15,7,1,0,84.48,HARDER
1,35.54,76.27,6,4,1,59.08,SAME
5,26.42,186.69,22,4,3,70.98,EASIER
1,39.98,42.37,5,3,1,65.61,SAME
3,30.62,136.32,16,4,0,48.67,SAME
4,33.45,90.28,15,0,0,54.73,SAME
1,100.0,20.0,2,0,0,88.32,HARDER
3,27.05,77.84,13,1,0,90.11,HARDER
1,37.19,57.18,5,3,2,77.32,SAME
2,37.99,95.22,9,3,2,45.6,EASIER
2,39.02,30.0,7,1,0,57.25,SAME
2,48.5,52.42,6,0,0,95.83,HARDER
4,25.0,250.0,21,6,3,59.27,EASIER
5,34.43,124.02,19,1,1,99.72,EASIER
3,32.03,103.35,14,2,1,61.88,EASIER
4,25.69,127.52,17,2,0,84.27,HARDER
2,30.46,103.05,9,3,1,57.99,SAME
5,27.34,265.9,23,5,2,40.49,EASIER
2,48.69,49.07,6,0,0,84.56,HARDER
4,28.02,243.7,19,4,3,59.46,EASIER
2,48.33,46.62,6,0,0,100.0,HARDER
2,35.17,68.15,8,2,1,67.53,EASIER
1,68.47,26.85,3,1,0,53.69,SAME
3,25.0,163.81,18,6,2,57.47,EASIER
3,27.01,140.06,15,3,1,65.06,SAME
1,98.98,29.02,2,0,0,80.37,HARDER
5,27.82,272.15,24,6,5,55.92,EASIER
3,33.25,79.29,12,0,0,98.13,HARDER
5,28.86,235.75,23,5,1,54.41,SAME
3,32.13,65.16,12,0,0,77.31,HARDER
3,25.0,188.19,18,6,4,48.45,EASIER
2,32.01,97.41,10,4,1,55.92,SAME
2,30.84,94.26,10,4,2,59.87,EASIER
3,34.91,148.06,15,3,1,72.22,SAME
1,96.54,23.57,2,0,0,73.32,HARDER
4,30.21,250.0,19,4,4,49.73,EASIER
3,25.0,135.99,16,4,0,53.61,SAME
