puzzle_pieces,accuracy,response_time,attempts,mistakes,previous_score,current_level,difficulty_change
16,84.78,22.0,25,3,65.89,5,SAME
6,85.69,16.47,9,1,93.02,2,HARDER
16,78.61,43.42,21,4,67.68,5,SAME
12,70.42,30.07,23,5,48.49,4,EASIER
9,81.01,21.56,14,2,79.38,3,HARDER
6,84.43,22.14,7,1,84.63,2,HARDER
4,66.49,29.42,8,2,72.81,1,SAME
16,79.51,28.33,21,4,81.36,5,HARDER
4,66.02,11.55,11,2,83.35,1,EASIER
4,77.69,8.55,6,1,90.92,1,HARDER
6,85.16,20.25,7,1,88.94,2,HARDER
4,65.84,18.04,6,2,78.89,1,EASIER
6,85.19,14.17,8,1,85.85,2,HARDER
6,86.67,17.95,8,1,98.5,2,HARDER
6,100.0,10.46,6,0,100.0,2,HARDER
9,75.08,19.41,12,3,72.15,3,SAME
6,100.0,10.53,6,0,89.24,2,HARDER
9,100.0,21.96,9,0,96.47,3,HARDER
12,100.0,23.73,12,0,100.0,4,HARDER
12,75.74,28.74,24,4,54.68,4,EASIER
12,80.02,29.14,18,3,82.74,4,SAME
9,98.7,13.54,9,0,91.76,3,HARDER
12,80.13,32.61,15,3,80.23,4,SAME
12,84.97,32.52,16,2,75.26,4,SAME
6,86.51,12.68,8,1,81.27,2,HARDER
9,83.33,17.52,13,2,85.9,3,EASIER
16,84.9,22.0,24,3,61.66,5,SAME
12,76.12,25.49,20,4,62.82,4,SAME
12,87.25,28.52,17,2,91.39,4,HARDER
12,97.63,19.08,12,0,94.72,4,HARDER
6,99.8,13.09,6,0,100.0,2,HARDER
12,65.46,43.31,24,7,39.34,4,EASIER
4,99.83,17.93,4,0,90.21,1,HARDER
16,69.78,57.55,28,7,47.39,5,EASIER
16,88.43,23.42,21,2,80.11,5,HARDER
9,82.83,16.4,13,2,93.08,3,HARDER
12,80.81,21.92,15,3,80.22,4,SAME
12,87.12,23.91,17,2,80.74,4,HARDER
6,76.3,18.19,8,2,88.22,2,HARDER
9,90.77,17.14,10,1,100.0,3,HARDER
16,80.32,51.37,22,4,67.34,5,HARDER
6,85.75,22.33,8,1,90.36,2,HARDER
9,80.8,15.65,13,2,87.92,3,HARDER
4,80.85,14.31,6,1,81.87,1,HARDER
16,85.01,25.57,20,3,77.73,5,HARDER
16,88.73,37.64,20,2,87.8,5,HARDER
9,81.31,16.87,16,2,80.02,3,HARDER
12,93.79,20.36,15,1,94.34,4,HARDER
16,78.94,48.5,21,5,59.15,5,EASIER
6,86.51,17.48,7,1,84.66,2,HARDER
16,76.72,36.62,23,5,64.26,5,SAME
16,87.62,32.33,20,2,81.77,5,HARDER
4,100.0,10.34,4,0,100.0,1,HARDER
6,61.68,23.71,12,4,83.76,2,EASIER
6,100.0,11.65,6,0,100.0,2,HARDER
12,84.3,27.71,15,2,76.66,4,HARDER
12,75.61,23.53,20,4,71.65,4,SAME
9,88.79,25.18,11,1,83.66,3,HARDER
6,99.96,13.52,6,0,100.0,2,HARDER
12,78.89,31.49,18,3,86.03,4,SAME
12,91.28,30.1,13,1,100.0,4,HARDER
4,100.0,8.2,4,0,99.5,1,HARDER
16,85.01,33.37,20,3,75.87,5,HARDER
9,90.69,11.88,10,1,100.0,3,HARDER
4,78.92,19.08,5,1,87.89,1,SAME
16,78.11,40.33,26,5,55.45,5,EASIER
6,100.0,13.84,6,0,100.0,2,HARDER
12,91.28,15.89,14,1,76.33,4,HARDER
9,73.91,25.64,14,3,75.16,3,HARDER
4,100.0,17.14,5,0,100.0,1,HARDER
6,99.63,19.59,6,0,94.05,2,HARDER
16,76.53,24.57,26,5,66.85,5,EASIER
6,88.15,16.5,10,1,96.84,2,HARDER
6,74.84,32.82,10,2,69.65,2,EASIER
9,69.27,31.02,18,4,59.75,3,EASIER
9,80.97,20.86,11,2,75.27,3,HARDER
9,100.0,12.34,9,0,97.71,3,HARDER
4,56.74,26.16,11,3,53.91,1,EASIER
4,100.0,5.23,5,0,98.5,1,HARDER
6,74.13,14.07,9,2,81.31,2,HARDER
4,100.0,17.17,4,0,100.0,1,HARDER
12,74.0,23.9,17,4,63.63,4,SAME
16,77.28,37.25,21,4,64.73,5,SAME
9,89.22,21.91,12,1,86.29,3,HARDER
16,76.03,35.42,22,5,58.83,5,EASIER
12,78.62,34.71,16,3,64.5,4,SAME
12,84.98,22.84,19,2,79.6,4,HARDER
4,100.0,11.07,4,0,100.0,1,HARDER
12,86.85,36.56,15,2,92.96,4,HARDER
4,66.33,19.66,6,2,76.9,1,SAME
6,86.36,11.82,10,1,100.0,2,HARDER
4,78.26,11.88,6,1,91.65,1,HARDER
9,99.99,13.83,9,0,93.21,3,HARDER
4,100.0,17.54,4,0,100.0,1,HARDER
12,72.76,35.71,16,4,74.89,4,EASIER
4,99.17,8.98,4,0,95.22,1,HARDER
6,87.28,18.19,7,1,91.85,2,EASIER
6,85.18,26.12,7,1,86.63,2,HARDER
12,100.0,13.26,12,0,100.0,4,HARDER
6,74.56,16.63,10,2,85.44,2,SAME
16,83.36,41.36,23,3,74.51,5,HARDER
6,100.0,14.22,6,0,87.57,2,HARDER
12,71.39,27.36,21,5,57.42,4,EASIER
9,80.41,17.03,14,2,84.24,3,HARDER
12,67.69,34.82,20,6,40.73,4,EASIER
9,88.96,17.78,11,1,85.86,3,HARDER
6,75.13,13.66,8,2,89.35,2,HARDER
4,81.57,15.58,5,1,89.07,1,HARDER
12,79.37,33.2,17,3,81.24,4,SAME
16,71.47,20.51,27,6,47.87,5,EASIER
12,78.98,19.54,17,3,84.42,4,HARDER
4,80.27,11.65,5,1,95.23,1,HARDER
12,77.08,25.92,20,4,58.57,4,EASIER
16,80.55,28.28,23,4,67.12,5,SAME
4,99.45,9.73,4,0,99.75,1,HARDER
4,99.48,13.67,4,0,89.33,1,HARDER
9,89.56,12.33,10,1,91.33,3,HARDER
16,60.2,50.22,29,10,14.52,5,SAME
9,80.94,24.68,12,2,98.48,3,HARDER
16,72.69,29.79,29,6,44.17,5,EASIER
6,85.47,31.1,10,1,97.45,2,HARDER
9,81.6,29.4,12,2,85.99,3,SAME
16,94.96,22.08,19,1,100.0,5,HARDER
12,78.7,25.83,18,3,73.79,4,HARDER
12,74.57,20.86,18,4,70.94,4,SAME
4,99.18,12.58,4,0,95.98,1,HARDER
16,65.91,67.27,34,8,20.51,5,EASIER
6,75.95,23.74,10,2,77.98,2,SAME
9,100.0,12.33,9,0,98.22,3,HARDER
9,80.65,22.09,13,2,83.43,3,HARDER
4,66.96,22.79,8,2,64.48,1,EASIER
4,99.56,10.13,4,0,85.9,1,HARDER
16,80.7,27.53,26,4,64.53,5,SAME
16,70.0,46.86,31,7,40.42,5,EASIER
6,100.0,10.63,6,0,92.83,2,HARDER
4,77.62,14.37,5,1,100.0,1,HARDER
16,74.92,32.98,22,5,68.24,5,EASIER
6,85.91,15.49,8,1,83.46,2,HARDER
4,100.0,8.82,4,0,94.45,1,HARDER
6,66.06,16.13,11,3,70.57,2,SAME
12,72.09,26.39,21,4,55.12,4,EASIER
4,96.95,14.26,4,0,96.05,1,HARDER
16,76.94,29.26,23,5,57.47,5,EASIER
6,85.33,16.79,7,1,97.92,2,HARDER
12,70.54,35.4,18,5,44.91,4,EASIER
9,99.83,18.39,9,0,100.0,3,HARDER
4,99.3,13.66,4,0,100.0,1,HARDER
12,79.04,29.25,17,3,77.98,4,HARDER
4,100.0,15.01,4,0,97.0,1,HARDER
6,85.77,20.41,8,1,78.79,2,HARDER
12,74.0,28.81,19,4,63.82,4,EASIER
4,98.25,13.58,4,0,100.0,1,HARDER
16,62.58,58.4,35,10,21.38,5,EASIER
12,92.56,32.53,15,1,85.51,4,HARDER
4,98.54,15.85,4,0,100.0,1,HARDER
9,75.85,21.27,13,3,81.76,3,SAME
9,89.79,27.59,11,1,94.15,3,HARDER
9,82.45,28.34,13,2,89.75,3,SAME
9,100.0,15.97,11,0,95.16,3,HARDER
12,70.9,44.89,21,5,59.11,4,EASIER
12,73.67,24.1,18,4,84.69,4,SAME
16,99.14,16.64,16,0,100.0,5,HARDER
16,84.22,31.0,20,3,77.53,5,SAME
4,79.5,11.79,7,1,83.7,1,HARDER
12,83.7,29.37,15,2,91.73,4,HARDER
16,78.87,26.24,23,4,62.18,5,SAME
4,99.99,13.4,4,0,92.84,1,HARDER
4,99.05,11.85,4,0,100.0,1,HARDER
16,73.05,32.13,23,6,56.27,5,EASIER
9,70.14,22.47,16,4,61.29,3,SAME
9,81.97,20.62,11,2,85.76,3,HARDER
12,93.71,19.84,16,1,80.1,4,HARDER
12,83.12,36.05,16,2,66.23,4,EASIER
4,80.33,17.64,5,1,86.76,1,HARDER
9,63.25,41.73,19,5,49.11,3,EASIER
4,100.0,8.65,4,0,91.74,1,HARDER
4,100.0,11.36,4,0,100.0,1,HARDER
4,77.24,10.54,6,1,95.48,1,HARDER
12,91.83,20.45,15,1,89.22,4,HARDER
9,74.66,18.54,15,3,74.34,3,EASIER
9,81.6,28.92,13,2,80.02,3,HARDER
9,88.5,24.1,11,1,90.34,3,HARDER
6,73.17,21.38,8,2,86.95,2,SAME
16,60.91,44.0,33,10,15.44,5,EASIER
16,94.89,18.24,20,1,74.66,5,HARDER
9,81.42,21.0,11,2,94.38,3,HARDER
4,67.57,13.24,8,2,65.95,1,HARDER
9,90.59,10.96,12,1,96.52,3,HARDER
6,67.59,23.58,10,3,87.44,2,HARDER
6,86.02,14.38,9,1,80.75,2,SAME
16,75.47,23.11,23,5,66.99,5,EASIER
9,90.43,16.34,11,1,84.79,3,HARDER
12,75.89,19.57,18,4,67.42,4,HARDER
9,73.8,17.92,13,3,77.97,3,HARDER
16,75.88,33.83,25,5,50.93,5,EASIER
12,85.73,31.06,17,2,71.8,4,SAME
16,64.15,56.54,37,9,5.86,5,EASIER
12,85.53,20.18,15,2,100.0,4,HARDER
12,79.61,26.28,16,3,88.42,4,SAME
4,99.68,11.97,4,0,100.0,1,HARDER
4,79.69,12.41,6,1,88.86,1,HARDER
16,82.87,27.16,20,3,73.18,5,HARDER
6,100.0,10.67,7,0,100.0,2,HARDER
16,73.9,38.59,27,6,48.53,5,EASIER
16,71.49,24.95,26,6,39.03,5,EASIER
9,81.68,17.53,12,2,90.23,3,HARDER
12,100.0,23.97,13,0,96.67,4,HARDER
12,85.64,18.5,14,2,91.66,4,HARDER
9,64.53,45.59,18,5,49.0,3,EASIER
4,65.76,17.36,6,2,83.02,1,SAME
6,100.0,12.9,6,0,100.0,2,HARDER
6,74.36,16.9,10,2,86.82,2,HARDER
4,99.7,12.65,4,0,100.0,1,EASIER
16,84.51,43.87,23,3,76.6,5,HARDER
6,100.0,13.67,6,0,100.0,2,HARDER
6,73.89,16.18,12,2,78.92,2,SAME
6,99.97,8.4,6,0,98.17,2,HARDER
9,71.62,31.76,16,4,71.84,3,SAME
9,100.0,27.38,9,0,100.0,3,HARDER
16,81.45,31.33,24,3,64.08,5,HARDER
9,69.57,26.89,17,4,66.73,3,SAME
6,75.66,18.09,9,2,88.93,2,SAME
6,73.31,17.82,9,2,66.99,2,EASIER
16,72.34,44.16,28,6,36.79,5,EASIER
12,92.04,26.39,14,1,93.18,4,SAME
4,99.72,9.79,4,0,100.0,1,HARDER
6,85.1,14.11,8,1,89.19,2,HARDER
12,69.57,41.44,19,5,52.47,4,EASIER
16,73.8,41.2,24,6,57.97,5,EASIER
4,79.45,25.23,5,1,85.16,1,SAME
12,92.79,22.84,14,1,96.18,4,HARDER
6,99.75,18.48,6,0,92.59,2,HARDER
4,79.82,20.75,5,1,85.7,1,HARDER
4,81.23,19.82,5,1,82.41,1,HARDER
4,65.96,20.59,9,2,90.67,1,EASIER
6,76.01,12.9,10,2,85.47,2,HARDER
12,85.23,25.22,14,2,86.83,4,HARDER
6,84.96,27.39,7,1,84.73,2,HARDER
9,83.06,23.59,13,2,80.73,3,EASIER
6,100.0,11.28,6,0,100.0,2,HARDER
16,83.82,29.33,23,3,80.42,5,HARDER
9,69.05,27.01,13,4,75.01,3,SAME
4,98.37,14.24,4,0,88.89,1,HARDER
6,99.85,18.6,6,0,91.83,2,HARDER
6,87.27,19.4,8,1,98.39,2,HARDER
6,76.63,26.58,9,2,67.75,2,EASIER
12,85.61,31.05,15,2,78.95,4,HARDER
4,100.0,11.84,4,0,88.7,1,HARDER
12,83.74,38.02,16,2,75.33,4,HARDER
4,81.23,12.48,5,1,100.0,1,HARDER
9,75.28,25.98,13,3,66.68,3,SAME
12,83.81,23.27,16,2,81.63,4,HARDER
12,92.38,33.6,14,1,96.09,4,HARDER
6,87.41,19.95,8,1,86.65,2,HARDER
9,69.43,28.77,17,4,66.05,3,EASIER
6,72.83,13.66,9,2,92.41,2,HARDER
16,76.32,57.18,27,5,52.94,5,EASIER
4,98.02,23.34,4,0,96.84,1,HARDER
9,68.84,43.41,17,4,54.33,3,EASIER
12,93.5,21.58,16,1,80.2,4,SAME
6,50.56,30.35,16,6,39.68,2,EASIER
4,66.04,16.58,9,2,63.18,1,EASIER
9,100.0,16.12,9,0,100.0,3,HARDER
16,74.53,58.53,25,6,58.77,5,EASIER
12,58.42,34.16,26,8,25.65,4,EASIER
9,99.41,22.6,9,0,95.27,3,HARDER
16,88.96,31.51,18,2,84.59,5,HARDER
6,86.32,16.86,8,1,87.56,2,HARDER
6,85.43,39.86,9,1,86.78,2,HARDER
9,90.43,18.34,11,1,85.28,3,HARDER
9,76.42,22.01,12,3,83.66,3,HARDER
4,66.3,21.54,8,2,73.45,1,SAME
9,68.95,48.67,17,4,64.45,3,EASIER
16,80.31,33.56,25,4,54.07,5,SAME
6,100.0,14.75,6,0,100.0,2,HARDER
4,99.55,14.69,4,0,100.0,1,HARDER
6,74.67,10.15,9,2,100.0,2,HARDER
12,85.16,24.5,15,2,77.21,4,HARDER
6,99.4,12.05,6,0,100.0,2,HARDER
4,100.0,10.38,4,0,100.0,1,HARDER
16,69.09,32.93,25,7,57.16,5,EASIER
6,84.65,15.79,7,1,96.69,2,HARDER
6,100.0,10.46,7,0,97.43,2,HARDER
9,88.02,15.53,13,1,95.76,3,HARDER
9,75.42,33.27,13,3,65.6,3,SAME
9,57.81,27.11,18,6,58.63,3,EASIER
4,81.34,10.3,6,1,88.49,1,HARDER
16,68.46,54.34,31,7,24.71,5,EASIER
12,91.3,23.39,14,1,94.39,4,HARDER
4,81.23,11.0,6,1,96.88,1,HARDER
16,80.03,29.27,21,4,68.77,5,SAME
12,92.55,26.62,14,1,84.85,4,HARDER
12,76.11,37.47,20,4,69.93,4,SAME
16,67.96,37.38,23,7,56.12,5,EASIER
12,84.85,19.97,17,2,75.47,4,HARDER
4,100.0,17.87,4,0,90.62,1,HARDER
12,86.12,26.05,14,2,78.66,4,HARDER
4,100.0,11.29,4,0,95.87,1,HARDER
9,73.71,19.67,13,3,80.71,3,SAME
12,74.43,29.52,20,4,72.91,4,EASIER
9,89.22,16.38,13,1,78.82,3,HARDER
12,71.71,38.32,19,5,74.21,4,EASIER
12,86.27,14.2,18,2,69.73,4,HARDER
16,68.25,36.89,26,7,47.6,5,EASIER
16,89.08,33.69,20,2,78.25,5,HARDER
12,86.11,22.78,14,2,96.39,4,HARDER
4,98.72,15.4,4,0,100.0,1,HARDER
4,100.0,12.56,4,0,100.0,1,HARDER
9,79.82,17.2,12,2,79.4,3,HARDER
6,87.24,11.52,7,1,98.0,2,HARDER
6,99.7,11.39,6,0,100.0,2,HARDER
12,85.38,37.42,18,2,67.53,4,HARDER
6,67.04,13.08,12,3,68.68,2,SAME
6,68.49,21.83,13,3,62.46,2,SAME
9,64.9,39.8,16,5,48.87,3,EASIER
4,81.49,14.56,5,1,100.0,1,HARDER
9,100.0,12.61,9,0,99.08,3,HARDER
6,84.63,16.33,7,1,88.77,2,HARDER
12,70.22,28.9,19,5,65.52,4,SAME
9,100.0,17.01,9,0,90.92,3,HARDER
9,69.77,24.71,16,4,59.75,3,EASIER
4,79.43,17.06,6,1,84.95,1,SAME
6,85.6,14.43,8,1,92.66,2,HARDER
12,75.11,25.76,21,4,46.73,4,EASIER
6,98.97,12.15,6,0,100.0,2,HARDER
6,86.98,18.09,7,1,100.0,2,HARDER
6,85.32,23.33,7,1,100.0,2,HARDER
4,80.26,12.29,6,1,91.72,1,HARDER
6,75.88,18.41,10,2,76.24,2,SAME
12,66.59,22.81,25,6,49.01,4,EASIER
6,86.48,11.55,8,1,89.97,2,HARDER
16,56.86,74.27,37,12,3.81,5,EASIER
16,89.51,35.52,19,2,100.0,5,HARDER
4,79.23,19.47,6,1,98.55,1,HARDER
4,100.0,16.21,4,0,100.0,1,HARDER
9,67.27,21.57,18,4,62.36,3,EASIER
9,69.54,18.63,16,4,71.87,3,EASIER
12,70.32,39.37,19,5,52.5,4,EASIER
16,77.19,47.64,27,5,52.75,5,EASIER
6,85.38,17.73,7,1,79.06,2,SAME
4,81.98,24.92,8,1,86.15,1,HARDER
4,78.88,25.48,5,1,100.0,1,HARDER
6,85.97,10.17,7,1,96.25,2,HARDER
16,80.26,29.06,25,4,59.64,5,SAME
12,81.96,26.65,17,3,76.21,4,EASIER
12,85.46,31.2,17,2,87.86,4,HARDER
6,100.0,16.2,6,0,99.04,2,HARDER
6,100.0,13.87,6,0,87.92,2,HARDER
12,85.6,19.74,19,2,76.67,4,HARDER
9,68.54,23.19,16,4,65.19,3,EASIER
6,98.16,6.97,7,0,99.84,2,HARDER
12,71.94,35.74,19,5,56.06,4,EASIER
6,100.0,12.37,6,0,100.0,2,HARDER
6,99.78,14.29,6,0,100.0,2,HARDER
12,99.27,15.57,13,0,100.0,4,HARDER
9,66.94,17.7,13,4,70.82,3,SAME
16,84.43,30.4,22,3,80.56,5,HARDER
9,81.82,19.77,11,2,100.0,3,HARDER
4,99.76,8.5,4,0,99.92,1,HARDER
9,82.45,29.09,11,2,100.0,3,HARDER
12,74.11,26.36,16,4,80.14,4,SAME
12,92.24,18.42,14,1,89.68,4,HARDER
6,75.21,17.71,10,2,85.71,2,SAME
4,100.0,14.68,6,0,88.47,1,HARDER
16,69.35,53.8,34,8,10.18,5,EASIER
4,66.57,9.45,7,2,90.02,1,SAME
12,79.19,16.97,19,3,68.54,4,SAME
12,92.09,29.91,14,1,83.33,4,HARDER
12,69.88,36.29,19,5,56.57,4,EASIER
9,100.0,14.06,9,0,100.0,3,HARDER
9,100.0,16.05,11,0,100.0,3,HARDER
4,81.24,15.52,6,1,99.83,1,SAME
4,99.75,10.59,4,0,100.0,1,HARDER
12,80.92,32.58,15,3,90.35,4,SAME
6,74.71,21.28,9,2,87.59,2,HARDER
4,81.08,10.38,5,1,100.0,1,HARDER
9,60.1,23.18,17,6,48.99,3,EASIER
12,74.98,19.82,20,4,55.82,4,SAME
12,79.49,20.53,17,3,75.51,4,HARDER
4,66.72,18.42,6,2,72.43,1,EASIER
4,98.98,13.96,4,0,95.25,1,HARDER
4,79.84,11.78,5,1,99.1,1,HARDER
4,78.06,15.39,5,1,97.14,1,HARDER
12,84.88,16.89,16,2,78.13,4,HARDER
9,90.37,20.48,11,1,92.3,3,HARDER
16,80.48,44.1,25,4,72.27,5,EASIER
9,90.57,15.34,11,1,80.36,3,HARDER
16,60.69,61.84,28,10,28.74,5,EASIER
12,79.44,22.46,17,3,66.24,4,HARDER
12,68.09,31.21,22,6,52.66,4,EASIER
4,99.26,9.99,4,0,94.29,1,HARDER
12,71.34,20.51,21,5,50.13,4,SAME
6,75.34,16.97,8,2,84.21,2,SAME
9,99.33,11.7,9,0,100.0,3,HARDER
12,74.88,45.11,19,4,64.17,4,EASIER
6,60.2,19.19,13,4,75.15,2,EASIER
12,92.19,14.33,14,1,99.45,4,HARDER
9,76.13,29.79,14,3,61.39,3,SAME
6,68.02,25.29,9,3,73.22,2,EASIER
12,74.96,35.15,20,4,60.51,4,SAME
6,99.43,11.45,6,0,98.76,2,HARDER
6,74.51,13.93,9,2,93.7,2,HARDER
9,88.04,17.13,12,1,72.84,3,HARDER
12,94.45,24.5,13,1,94.91,4,HARDER
16,76.69,36.45,25,5,68.35,5,EASIER
12,84.61,25.57,16,2,69.0,4,SAME
12,91.16,13.36,15,1,88.79,4,HARDER
16,63.48,28.41,31,9,25.75,5,EASIER
16,77.56,31.95,24,5,68.42,5,EASIER
9,81.05,28.46,11,2,75.66,3,SAME
4,99.88,10.43,4,0,100.0,1,HARDER
6,67.14,20.02,10,3,64.19,2,SAME
4,66.17,36.14,8,2,77.05,1,EASIER
9,78.79,25.53,12,2,95.68,3,HARDER
16,100.0,15.39,17,0,92.6,5,HARDER
16,74.14,37.23,25,5,62.12,5,EASIER
16,78.91,30.02,20,4,59.23,5,SAME
16,71.73,40.77,25,6,46.01,5,EASIER
4,97.36,8.42,4,0,100.0,1,HARDER
16,78.52,34.29,23,4,70.77,5,SAME
4,99.24,6.38,4,0,98.85,1,HARDER
9,99.49,24.12,10,0,100.0,3,HARDER
12,80.5,32.19,19,3,53.02,4,EASIER
4,68.3,15.8,7,2,83.39,1,EASIER
6,85.06,13.09,7,1,100.0,2,HARDER
4,78.67,7.8,6,1,87.65,1,SAME
6,75.35,14.45,8,2,88.77,2,SAME
4,99.86,11.11,4,0,100.0,1,HARDER
6,87.45,20.77,9,1,96.62,2,HARDER
4,78.77,21.38,5,1,92.59,1,SAME
12,75.71,23.59,19,4,62.23,4,SAME
16,73.9,26.62,26,6,41.64,5,EASIER
4,81.63,15.46,5,1,93.88,1,HARDER
12,66.16,43.55,22,6,46.67,4,EASIER
4,100.0,12.34,4,0,100.0,1,HARDER
4,97.97,10.92,4,0,100.0,1,HARDER
6,99.0,19.38,7,0,97.3,2,HARDER
12,69.95,22.06,27,5,37.95,4,EASIER
12,85.51,31.63,15,2,83.98,4,HARDER
4,79.94,10.09,5,1,94.94,1,HARDER
16,68.28,37.99,27,7,39.01,5,EASIER
6,98.2,20.97,7,0,100.0,2,HARDER
6,54.37,26.72,14,5,51.95,2,EASIER
4,68.81,15.35,6,2,86.76,1,SAME
6,74.99,19.14,9,2,76.44,2,SAME
9,100.0,13.7,9,0,96.74,3,HARDER
6,85.9,25.99,7,1,98.87,2,HARDER
6,75.11,25.36,9,2,100.0,2,SAME
6,85.0,22.23,9,1,81.1,2,SAME
4,80.25,18.45,5,1,84.28,1,SAME
12,70.13,49.01,20,5,69.62,4,EASIER
6,85.98,20.07,7,1,100.0,2,HARDER
4,98.67,10.6,4,0,98.97,1,HARDER
6,100.0,16.1,6,0,98.97,2,EASIER
4,99.2,9.83,4,0,100.0,1,HARDER
4,100.0,6.93,5,0,93.57,1,HARDER
4,100.0,29.33,5,0,99.27,1,HARDER
4,80.1,12.48,7,1,89.99,1,HARDER
6,100.0,13.87,6,0,97.38,2,HARDER
16,92.6,39.02,17,1,95.38,5,HARDER
16,85.51,64.81,22,3,66.62,5,HARDER
12,75.18,27.21,22,4,57.15,4,EASIER
6,85.26,22.5,9,1,91.81,2,HARDER
12,71.52,40.68,21,5,55.55,4,EASIER
12,79.76,12.69,18,3,70.48,4,SAME
4,99.13,8.5,4,0,100.0,1,HARDER
9,82.15,14.29,12,2,98.05,3,HARDER
9,70.74,19.84,14,4,61.73,3,SAME
12,86.95,24.88,16,2,75.1,4,HARDER
9,88.4,13.31,11,1,92.34,3,HARDER
12,92.64,28.9,13,1,100.0,4,HARDER
4,100.0,16.3,4,0,92.17,1,HARDER
9,92.27,16.53,11,1,96.1,3,HARDER
9,68.58,36.59,14,4,71.14,3,EASIER
4,100.0,11.5,4,0,100.0,1,HARDER
16,80.16,39.47,23,4,62.18,5,SAME
9,83.74,41.62,14,2,84.14,3,SAME
9,89.1,23.45,10,1,76.35,3,HARDER
6,86.77,18.57,9,1,94.5,2,HARDER
12,91.62,29.2,15,1,92.01,4,HARDER
16,81.44,27.57,22,4,55.74,5,SAME
4,80.38,12.35,5,1,96.77,1,HARDER
6,75.82,10.78,8,2,95.68,2,HARDER
12,85.41,32.83,15,2,78.62,4,HARDER
16,93.27,17.24,18,1,79.63,5,HARDER
6,87.59,27.48,9,1,87.28,2,HARDER
12,85.6,23.79,16,2,81.22,4,HARDER
4,100.0,11.82,4,0,88.45,1,HARDER
4,78.01,13.74,5,1,98.18,1,HARDER
6,87.64,10.11,9,1,87.09,2,HARDER
9,74.55,19.98,12,3,81.61,3,SAME
4,65.99,10.93,7,2,91.09,1,SAME
4,100.0,12.97,4,0,95.15,1,HARDER
9,64.98,20.42,17,5,66.8,3,EASIER
12,75.15,23.96,22,4,47.55,4,EASIER
9,79.76,22.12,14,2,73.55,3,HARDER
6,100.0,18.59,6,0,96.05,2,HARDER
12,87.16,26.57,15,2,87.12,4,HARDER
4,100.0,8.59,4,0,100.0,1,HARDER
12,72.76,19.86,22,5,65.48,4,SAME
9,80.56,20.41,13,2,58.36,3,HARDER
4,98.98,10.26,4,0,96.94,1,HARDER
4,56.75,16.25,8,3,75.94,1,EASIER
9,100.0,10.37,10,0,100.0,3,HARDER
6,86.28,15.92,9,1,92.45,2,HARDER
12,73.88,24.96,17,4,80.19,4,HARDER
4,81.06,17.62,8,1,95.16,1,SAME
4,80.57,15.96,5,1,97.59,1,HARDER
12,76.29,27.47,21,4,66.8,4,EASIER
9,75.33,24.72,15,3,67.15,3,SAME
6,86.23,9.86,7,1,92.91,2,HARDER
12,80.85,31.69,17,3,73.47,4,SAME
9,70.65,17.92,14,4,67.66,3,SAME
4,100.0,6.33,4,0,85.69,1,HARDER
4,67.83,21.29,7,2,75.68,1,SAME
12,86.52,36.99,16,2,74.15,4,HARDER
4,81.71,18.75,5,1,96.48,1,SAME
6,99.6,12.87,6,0,100.0,2,HARDER
16,67.39,44.71,25,8,45.44,5,EASIER
9,99.91,16.23,9,0,99.71,3,HARDER
6,84.84,13.87,7,1,100.0,2,HARDER
6,66.73,17.4,14,3,73.69,2,EASIER
16,84.05,35.76,22,3,61.53,5,HARDER
9,70.45,35.29,14,4,42.05,3,SAME
16,75.62,32.18,25,5,49.61,5,SAME
9,74.16,25.5,13,3,70.62,3,SAME
16,82.88,43.89,24,3,61.96,5,HARDER
6,74.69,22.87,9,2,83.22,2,SAME
12,85.87,29.05,18,2,83.05,4,HARDER
9,74.06,20.64,15,3,62.15,3,SAME
9,69.67,47.95,14,4,69.64,3,EASIER
12,62.52,39.24,21,7,46.95,4,EASIER
4,100.0,10.49,4,0,100.0,1,HARDER
6,98.12,14.66,6,0,89.77,2,HARDER
9,100.0,20.09,9,0,100.0,3,HARDER
9,89.63,12.85,10,1,89.89,3,HARDER
9,83.01,24.65,13,2,82.55,3,SAME
6,84.29,15.48,11,1,100.0,2,HARDER
6,83.79,16.97,7,1,98.41,2,HARDER
4,99.5,18.43,4,0,100.0,1,HARDER
16,86.89,30.77,21,3,81.31,5,HARDER
12,73.26,35.11,18,4,75.07,4,EASIER
16,60.23,40.61,32,10,19.34,5,EASIER
6,100.0,11.84,6,0,100.0,2,HARDER
16,95.36,22.21,20,1,88.04,5,HARDER
12,85.73,26.81,15,2,78.31,4,HARDER
6,87.44,13.53,7,1,96.61,2,HARDER
16,89.87,18.85,22,2,71.04,5,HARDER
12,80.3,16.57,17,3,75.83,4,SAME
6,75.43,29.37,11,2,81.92,2,SAME
16,72.47,79.65,26,6,36.15,5,EASIER
16,66.92,56.53,31,8,43.43,5,EASIER
12,75.91,23.28,18,4,80.37,4,SAME
16,82.06,39.92,25,4,54.7,5,SAME
6,86.53,14.79,7,1,90.35,2,HARDER
9,65.66,24.96,16,5,53.95,3,EASIER
6,98.7,16.53,8,0,87.07,2,HARDER
4,99.94,16.58,4,0,100.0,1,HARDER
4,80.11,15.32,5,1,99.44,1,HARDER
9,68.42,22.82,17,4,59.31,3,EASIER
9,75.38,23.14,14,3,67.23,3,EASIER
9,89.15,13.01,10,1,97.69,3,HARDER
16,79.17,22.83,23,4,68.32,5,SAME
9,74.08,17.94,12,3,79.65,3,SAME
9,68.82,16.61,15,4,77.28,3,SAME
12,70.74,31.04,18,5,66.48,4,EASIER
12,78.68,16.58,18,3,48.25,4,SAME
6,98.72,11.77,6,0,100.0,2,HARDER
4,80.58,20.83,5,1,88.96,1,HARDER
16,64.14,51.32,31,9,24.86,5,EASIER
12,67.67,24.57,21,6,48.75,4,EASIER
9,75.96,45.54,14,3,68.72,3,SAME
12,78.63,31.35,19,3,81.38,4,HARDER
12,70.56,47.04,24,5,59.79,4,EASIER
12,80.71,24.23,16,3,84.5,4,HARDER
16,84.14,40.37,25,3,51.13,5,HARDER
16,83.95,39.91,24,3,71.85,5,EASIER
6,99.69,9.87,7,0,98.67,2,HARDER
12,93.83,19.15,13,1,100.0,4,HARDER
9,73.9,29.61,14,3,65.87,3,EASIER
16,76.17,42.29,24,5,69.32,5,EASIER
12,86.03,20.15,15,2,99.35,4,HARDER
9,89.17,19.4,12,1,84.31,3,HARDER
6,75.09,15.38,10,2,81.22,2,HARDER
9,82.46,20.13,12,2,75.63,3,SAME
4,78.94,15.4,7,1,88.64,1,HARDER
12,81.08,22.59,18,3,82.78,4,SAME
12,71.24,47.09,21,5,58.84,4,EASIER
4,100.0,7.45,4,0,94.0,1,HARDER
6,99.79,13.56,6,0,100.0,2,HARDER
16,76.42,36.77,25,5,61.69,5,SAME
12,80.46,24.38,18,3,64.6,4,SAME
16,65.07,18.17,27,8,35.58,5,EASIER
9,90.51,15.16,14,1,79.48,3,HARDER
6,100.0,15.03,6,0,97.54,2,HARDER
9,99.58,17.59,10,0,100.0,3,HARDER
16,80.05,31.91,23,4,61.58,5,SAME
9,81.69,12.38,12,2,73.9,3,HARDER
9,64.76,40.35,23,5,49.44,3,EASIER
6,86.83,13.87,8,1,75.25,2,HARDER
12,75.27,24.17,19,4,75.98,4,SAME
6,73.54,24.62,11,2,73.58,2,SAME
12,91.63,35.99,16,1,86.41,4,HARDER
12,99.88,28.16,14,0,100.0,4,HARDER
12,77.5,24.37,17,3,78.15,4,SAME
9,68.69,25.96,16,4,66.12,3,EASIER
16,76.71,73.03,25,5,44.31,5,EASIER
6,100.0,11.37,6,0,90.42,2,HARDER
6,73.93,19.49,10,2,89.05,2,SAME
6,74.73,19.93,9,2,79.12,2,SAME
9,69.51,40.97,15,4,70.77,3,EASIER
9,99.76,16.17,9,0,100.0,3,HARDER
16,82.36,28.12,24,4,66.64,5,SAME
9,90.15,17.36,13,1,84.61,3,HARDER
4,79.11,16.8,6,1,88.0,1,HARDER
4,79.68,11.38,5,1,100.0,1,HARDER
6,73.1,19.72,9,2,76.91,2,EASIER
9,89.5,22.44,11,1,93.97,3,HARDER
9,99.86,12.21,10,0,96.28,3,HARDER
4,99.89,9.41,4,0,100.0,1,HARDER
16,79.38,50.16,24,4,53.44,5,EASIER
9,63.81,27.56,17,5,60.19,3,EASIER
16,66.27,24.02,32,8,15.9,5,EASIER
4,99.5,12.91,4,0,100.0,1,HARDER
12,65.68,45.07,21,6,47.63,4,EASIER
16,74.75,27.27,26,5,43.32,5,EASIER
6,100.0,11.02,6,0,100.0,2,HARDER
4,79.96,20.04,10,1,90.49,1,HARDER
16,61.45,40.24,33,10,5.2,5,EASIER
16,78.29,31.9,25,4,65.24,5,SAME
9,90.41,10.74,10,1,96.27,3,HARDER
12,79.56,19.38,16,3,74.44,4,HARDER
12,75.51,28.21,21,4,72.03,4,SAME
16,78.31,44.52,23,4,71.18,5,SAME
16,69.24,22.6,30,7,42.5,5,EASIER
12,67.26,46.93,22,6,45.78,4,EASIER
9,75.17,17.99,16,3,67.09,3,SAME
16,73.03,35.84,25,6,51.39,5,EASIER
16,76.97,27.29,26,5,66.97,5,SAME
9,73.67,12.66,16,3,72.16,3,HARDER
16,76.57,32.43,21,5,60.93,5,EASIER
16,76.32,20.33,23,5,65.11,5,SAME
16,87.83,26.18,21,2,87.63,5,HARDER
4,79.57,11.93,6,1,100.0,1,HARDER
12,80.28,19.92,19,3,59.09,4,SAME
4,99.34,7.94,4,0,86.41,1,HARDER
9,81.93,20.31,11,2,82.14,3,HARDER
16,77.57,23.43,24,5,62.92,5,SAME
6,65.29,27.21,11,3,71.84,2,EASIER
16,79.78,31.89,21,4,77.12,5,SAME
9,81.72,21.97,12,2,81.88,3,HARDER
12,75.29,36.06,17,4,64.72,4,SAME
4,80.31,10.78,5,1,91.87,1,HARDER
12,76.07,31.57,19,4,79.64,4,SAME
12,85.57,31.52,14,2,77.5,4,HARDER
4,100.0,11.19,4,0,100.0,1,HARDER
12,85.72,28.25,17,2,76.71,4,HARDER
9,64.74,21.76,16,5,47.69,3,EASIER
4,81.08,12.13,6,1,99.11,1,HARDER
6,75.01,24.06,11,2,67.61,2,SAME
4,81.01,21.78,7,1,83.68,1,HARDER
9,100.0,16.35,9,0,95.68,3,HARDER
12,85.22,26.5,16,2,74.92,4,HARDER
6,99.82,11.3,6,0,98.82,2,HARDER
12,60.61,27.2,28,8,30.25,4,EASIER
9,90.76,21.25,10,1,98.19,3,HARDER
4,81.45,12.47,5,1,86.35,1,HARDER
16,65.07,34.73,33,8,16.47,5,EASIER
12,62.55,44.95,26,8,14.34,4,EASIER
16,74.72,36.1,24,5,60.75,5,EASIER
4,55.67,15.93,10,3,67.86,1,EASIER
16,66.7,53.35,32,7,38.65,5,EASIER
4,100.0,10.77,4,0,100.0,1,HARDER
6,86.33,17.74,7,1,90.36,2,HARDER
16,87.12,25.53,23,2,78.49,5,SAME
6,85.96,17.39,7,1,89.55,2,HARDER
16,77.97,33.33,26,4,64.43,5,HARDER
16,83.73,21.06,19,3,87.29,5,HARDER
9,100.0,9.57,11,0,100.0,3,HARDER
16,68.95,45.73,28,7,50.01,5,EASIER
9,90.5,16.84,15,1,78.88,3,HARDER
12,74.14,32.33,18,4,69.33,4,EASIER
6,84.7,14.73,7,1,99.45,2,HARDER
4,99.55,10.0,4,0,90.81,1,HARDER
4,99.4,10.67,4,0,85.26,1,HARDER
6,84.9,18.88,7,1,86.65,2,HARDER
9,65.03,21.26,19,5,41.85,3,EASIER
9,88.61,12.32,11,1,100.0,3,HARDER
6,97.72,15.59,6,0,100.0,2,HARDER
16,71.74,46.32,26,7,52.21,5,EASIER
12,84.52,12.13,15,2,87.89,4,HARDER
4,100.0,10.11,4,0,91.44,1,HARDER
6,66.3,10.72,11,3,81.47,2,SAME
12,92.06,21.93,15,1,100.0,4,HARDER
9,90.78,22.45,11,1,87.7,3,HARDER
9,82.09,31.82,12,2,84.34,3,SAME
6,86.2,17.1,8,1,97.39,2,HARDER
9,74.15,29.81,12,3,72.45,3,EASIER
16,80.25,21.92,23,4,68.78,5,SAME
6,86.42,9.67,7,1,90.17,2,HARDER
6,85.38,19.51,9,1,92.86,2,HARDER
6,84.86,14.64,7,1,92.99,2,HARDER
9,75.06,27.3,13,3,79.07,3,SAME
9,82.24,18.81,14,2,81.33,3,HARDER
4,100.0,15.21,4,0,100.0,1,HARDER
12,86.41,14.89,16,2,87.98,4,HARDER
6,100.0,10.55,6,0,97.54,2,HARDER
12,75.0,28.84,18,4,66.35,4,SAME
6,67.27,15.6,10,3,78.76,2,SAME
6,100.0,14.25,6,0,100.0,2,HARDER
6,99.03,15.22,6,0,100.0,2,HARDER
6,74.08,16.7,8,2,75.22,2,HARDER
16,77.93,38.69,22,4,70.65,5,SAME
4,100.0,12.8,4,0,89.11,1,HARDER
12,84.26,18.35,16,2,88.28,4,HARDER
16,71.2,32.38,24,6,52.97,5,EASIER
9,80.13,24.72,12,2,82.55,3,HARDER
12,79.66,26.13,17,3,78.47,4,SAME
12,79.33,21.82,17,3,65.71,4,SAME
9,82.21,24.82,13,2,86.2,3,HARDER
9,64.16,25.17,15,5,68.24,3,EASIER
4,98.96,14.94,4,0,94.92,1,HARDER
16,73.31,52.76,26,6,57.18,5,EASIER
16,67.08,47.24,30,8,39.4,5,EASIER
9,68.44,18.93,16,4,63.53,3,EASIER
9,89.09,19.24,12,1,80.08,3,HARDER
9,70.1,23.41,15,4,68.72,3,SAME
4,79.31,13.45,6,1,94.15,1,HARDER
4,79.31,10.39,7,1,85.67,1,HARDER
4,66.06,15.08,10,2,90.03,1,SAME
9,73.54,24.23,14,3,72.44,3,SAME
16,67.1,59.86,31,8,23.56,5,EASIER
4,80.15,17.49,7,1,96.86,1,HARDER
12,84.97,25.89,15,2,86.54,4,HARDER
9,81.07,18.69,13,2,83.01,3,SAME
6,86.65,15.91,7,1,91.81,2,HARDER
12,92.61,25.51,15,1,92.42,4,HARDER
9,75.28,25.11,12,3,79.24,3,HARDER
12,56.38,58.54,28,9,7.96,4,EASIER
9,81.28,22.86,13,2,89.19,3,HARDER
4,79.28,13.45,5,1,85.07,1,HARDER
9,75.7,17.95,15,3,72.57,3,EASIER
12,65.78,22.05,23,6,54.08,4,EASIER
6,100.0,17.06,6,0,100.0,2,HARDER
9,68.66,22.31,18,4,63.12,3,EASIER
16,89.65,22.39,23,2,74.65,5,HARDER
12,86.61,35.01,15,2,82.05,4,HARDER
16,89.91,20.25,19,2,93.38,5,HARDER
4,98.88,11.73,4,0,100.0,1,HARDER
6,86.01,15.26,7,1,85.45,2,HARDER
12,66.8,34.1,23,6,49.38,4,EASIER
6,73.73,16.83,9,2,96.91,2,HARDER
6,60.06,25.59,12,4,62.06,2,EASIER
9,75.71,21.71,14,3,67.3,3,SAME
16,71.68,30.22,25,6,49.65,5,EASIER
4,100.0,15.85,4,0,99.83,1,HARDER
6,99.19,19.15,6,0,100.0,2,HARDER
12,85.48,16.95,16,2,83.78,4,HARDER
12,98.81,22.6,13,0,100.0,4,HARDER
6,74.06,19.41,9,2,77.74,2,SAME
6,67.72,19.96,13,3,53.52,2,EASIER
12,70.72,41.06,21,5,46.94,4,EASIER
6,87.86,15.6,7,1,93.22,2,HARDER
12,84.93,29.91,16,2,84.16,4,HARDER
9,64.53,28.82,16,5,51.39,3,EASIER
4,99.06,16.73,4,0,100.0,1,HARDER
6,84.97,15.99,8,1,91.33,2,HARDER
6,73.74,26.39,8,2,73.12,2,HARDER
16,79.3,25.01,24,4,72.06,5,SAME
4,100.0,12.12,4,0,88.19,1,HARDER
12,66.11,41.65,22,6,45.13,4,EASIER
12,84.16,23.62,15,2,84.65,4,HARDER
4,100.0,9.2,5,0,84.66,1,HARDER
4,77.75,16.93,5,1,86.92,1,HARDER
9,67.85,21.51,16,4,58.11,3,EASIER
9,89.56,23.78,11,1,96.76,3,HARDER
12,73.85,37.93,18,4,66.18,4,EASIER
6,68.03,27.23,9,3,82.97,2,EASIER
9,89.9,19.11,13,1,98.68,3,HARDER
16,76.15,35.2,24,5,49.93,5,SAME
6,74.09,18.56,11,2,73.77,2,SAME
16,68.45,40.92,29,8,33.86,5,EASIER
12,84.65,27.43,16,2,80.64,4,HARDER
9,80.28,25.33,12,2,68.59,3,HARDER
12,92.75,20.14,13,1,95.43,4,EASIER
9,82.24,19.55,12,2,85.44,3,HARDER
6,62.02,24.22,15,4,60.63,2,EASIER
12,71.69,42.84,24,5,44.34,4,EASIER
9,99.89,13.86,9,0,100.0,3,HARDER
9,90.73,23.2,15,1,93.04,3,HARDER
12,91.88,21.89,13,1,86.22,4,HARDER
9,89.4,15.49,11,1,85.7,3,HARDER
12,85.67,29.07,16,2,88.62,4,HARDER
9,83.05,33.23,12,2,89.71,3,HARDER
16,63.65,73.32,34,9,11.86,5,EASIER
9,100.0,10.93,9,0,88.17,3,HARDER
12,85.74,20.48,16,2,86.81,4,HARDER
12,80.16,20.53,19,3,67.86,4,HARDER
16,78.04,27.79,28,4,57.25,5,EASIER
16,72.96,48.87,27,6,52.54,5,EASIER
12,76.03,23.46,20,4,70.03,4,HARDER
16,76.4,27.17,23,5,56.68,5,SAME
6,85.22,27.46,8,1,93.3,2,HARDER
9,89.19,17.24,11,1,93.81,3,HARDER
6,85.37,11.87,7,1,94.86,2,HARDER
4,99.53,10.57,4,0,100.0,1,HARDER
9,67.98,28.79,17,4,65.18,3,EASIER
16,72.35,27.94,28,6,37.91,5,EASIER
6,86.42,21.62,7,1,80.74,2,HARDER
6,76.84,32.55,8,2,83.57,2,SAME
4,99.76,11.82,4,0,100.0,1,HARDER
16,78.04,27.8,24,5,70.79,5,SAME
12,71.39,42.45,24,5,40.51,4,EASIER
4,100.0,14.31,4,0,96.95,1,HARDER
9,89.99,28.46,10,1,91.85,3,HARDER
4,99.56,8.44,4,0,100.0,1,HARDER
16,66.93,59.84,30,8,31.48,5,EASIER
4,79.81,16.55,7,1,86.46,1,HARDER
4,99.25,14.27,4,0,88.67,1,HARDER
12,75.38,32.49,19,4,61.08,4,EASIER
16,89.43,18.51,18,2,91.16,5,HARDER
9,90.27,21.63,11,1,93.77,3,HARDER
6,87.17,13.89,8,1,89.76,2,HARDER
9,69.82,18.63,15,4,63.16,3,SAME
6,98.95,19.79,6,0,100.0,2,HARDER
12,59.47,34.61,25,8,32.82,4,EASIER
12,91.67,37.22,13,1,93.73,4,HARDER
16,68.86,36.37,26,7,35.1,5,EASIER
12,85.41,20.39,14,2,85.84,4,HARDER
9,100.0,20.67,9,0,95.38,3,HARDER
4,68.86,17.25,7,2,72.98,1,SAME
12,92.02,24.34,17,1,84.75,4,HARDER
6,99.51,15.53,6,0,100.0,2,HARDER
6,100.0,10.8,6,0,99.85,2,HARDER
12,80.92,28.53,17,3,65.29,4,SAME
6,100.0,16.44,6,0,95.65,2,HARDER
16,70.3,39.04,30,7,29.55,5,EASIER
16,74.83,31.41,24,5,49.68,5,EASIER
4,79.52,15.77,8,1,92.35,1,HARDER
16,72.38,24.68,33,6,44.67,5,EASIER
12,74.67,32.2,19,4,73.93,4,SAME
16,62.31,44.89,31,9,35.95,5,EASIER
16,76.98,25.12,26,5,60.12,5,SAME
9,100.0,15.6,9,0,96.03,3,HARDER
6,65.15,16.03,9,3,73.21,2,EASIER
6,84.75,18.02,7,1,94.28,2,HARDER
4,100.0,8.56,4,0,94.83,1,HARDER
12,91.14,11.77,13,1,98.52,4,HARDER
16,71.53,58.91,30,7,30.33,5,EASIER
9,82.82,15.17,14,2,81.42,3,SAME
12,65.35,25.55,24,6,47.77,4,EASIER
4,80.04,19.93,7,1,75.74,1,HARDER
6,65.64,13.08,10,3,67.7,2,EASIER
6,100.0,15.38,6,0,91.42,2,HARDER
12,90.23,19.88,13,1,100.0,4,HARDER
4,80.62,13.51,5,1,95.07,1,HARDER
6,68.27,30.73,16,3,57.18,2,EASIER
9,75.7,19.46,14,3,64.79,3,SAME
4,80.7,13.77,6,1,97.99,1,HARDER
12,81.91,14.81,15,3,88.65,4,HARDER
6,75.78,17.7,8,2,92.02,2,HARDER
4,99.57,11.17,4,0,100.0,1,HARDER
9,88.73,12.17,14,1,90.92,3,HARDER
4,100.0,13.08,4,0,100.0,1,HARDER
16,80.19,32.0,22,4,75.42,5,EASIER
6,99.66,15.17,7,0,100.0,2,HARDER
16,90.42,30.76,21,2,71.51,5,HARDER
6,74.19,17.35,10,2,82.61,2,HARDER
9,74.85,23.1,13,3,76.27,3,HARDER
16,71.51,78.46,25,6,37.53,5,EASIER
16,79.65,46.16,22,4,56.61,5,EASIER
6,66.32,21.44,9,3,80.08,2,SAME
6,85.17,14.42,8,1,97.33,2,HARDER
9,88.87,16.62,11,1,85.88,3,HARDER
6,100.0,12.39,6,0,93.87,2,HARDER
16,67.98,35.21,29,7,45.87,5,EASIER
12,79.95,22.41,15,3,65.46,4,HARDER
16,70.56,40.07,32,7,30.25,5,EASIER
4,66.43,10.89,6,2,83.67,1,SAME
12,79.86,20.13,17,3,74.65,4,SAME
16,68.84,50.75,25,7,53.11,5,EASIER
9,79.97,32.38,14,2,83.06,3,HARDER
16,78.84,55.88,25,5,52.86,5,EASIER
6,100.0,16.16,6,0,91.62,2,HARDER
16,80.7,44.29,22,4,82.74,5,SAME
9,80.21,15.2,14,2,79.86,3,SAME
12,87.15,20.14,15,2,86.7,4,HARDER
4,99.62,11.79,4,0,100.0,1,HARDER
12,85.72,26.89,14,2,97.81,4,HARDER
9,98.98,35.23,10,0,93.97,3,HARDER
4,99.87,12.78,4,0,100.0,1,HARDER
16,76.54,53.51,26,5,57.16,5,EASIER
16,79.67,22.69,21,4,70.67,5,SAME
12,61.26,43.89,24,7,39.49,4,EASIER
9,81.08,22.86,11,2,68.68,3,HARDER
16,89.67,38.05,18,2,94.02,5,HARDER
16,69.96,43.15,28,7,45.16,5,EASIER
16,86.52,33.51,21,3,70.12,5,SAME
16,67.8,51.56,29,7,45.19,5,EASIER
4,100.0,16.68,4,0,90.99,1,HARDER
16,88.5,36.76,21,2,80.41,5,SAME
12,79.07,32.54,18,3,75.37,4,SAME
6,100.0,14.64,6,0,100.0,2,HARDER
4,79.57,12.66,5,1,100.0,1,HARDER
16,73.54,35.36,23,5,62.57,5,SAME
12,71.02,40.73,17,5,61.67,4,SAME
9,100.0,12.15,9,0,93.38,3,HARDER
4,66.45,17.45,7,2,87.19,1,SAME
9,99.47,17.74,9,0,100.0,3,HARDER
9,59.12,34.7,20,6,50.71,3,EASIER
4,99.16,17.62,4,0,88.03,1,HARDER
6,86.13,10.86,9,1,100.0,2,HARDER
4,99.21,17.37,4,0,100.0,1,HARDER
16,73.51,29.57,27,6,46.55,5,EASIER
9,89.01,22.23,12,1,93.09,3,HARDER
4,99.51,7.36,4,0,100.0,1,HARDER
6,85.96,13.58,8,1,100.0,2,HARDER
6,87.55,13.63,9,1,78.06,2,HARDER
6,73.83,18.7,9,2,69.81,2,EASIER
9,88.69,26.4,10,1,85.04,3,HARDER
6,99.24,10.65,6,0,100.0,2,HARDER
16,57.64,59.65,32,11,9.48,5,EASIER
4,66.19,16.33,7,2,71.84,1,SAME
16,79.59,47.82,24,4,54.2,5,HARDER
9,89.85,23.2,13,1,100.0,3,HARDER
4,79.04,13.29,7,1,87.16,1,HARDER
4,100.0,12.67,4,0,100.0,1,HARDER
4,99.8,12.01,4,0,100.0,1,HARDER
12,69.15,32.71,20,5,57.59,4,EASIER
9,80.94,19.22,12,2,91.91,3,HARDER
16,76.27,31.91,23,5,56.17,5,SAME
16,83.27,45.97,21,3,74.94,5,SAME
16,80.25,20.03,23,4,72.82,5,SAME
9,63.11,31.85,14,5,62.88,3,EASIER
6,75.22,14.93,8,2,79.72,2,EASIER
6,99.04,19.93,6,0,97.22,2,HARDER
12,70.43,33.25,19,5,61.7,4,EASIER
16,67.72,52.38,28,7,31.75,5,EASIER
4,100.0,9.36,4,0,95.42,1,HARDER
12,100.0,22.85,13,0,100.0,4,HARDER
6,100.0,20.21,7,0,95.08,2,HARDER
6,85.29,14.81,7,1,98.33,2,HARDER
12,70.33,34.66,18,5,59.06,4,EASIER
9,98.55,15.16,9,0,98.35,3,HARDER
12,84.89,21.98,14,2,86.54,4,HARDER
16,84.95,29.27,24,3,73.54,5,HARDER
6,98.97,12.86,6,0,100.0,2,HARDER
12,86.34,21.97,18,2,94.53,4,HARDER
12,74.79,30.02,22,4,50.67,4,EASIER
16,73.62,26.3,31,6,40.4,5,EASIER
9,70.49,24.11,15,4,74.83,3,SAME
4,98.98,19.3,4,0,100.0,1,HARDER
4,100.0,10.39,4,0,89.61,1,HARDER
4,79.09,17.03,6,1,85.07,1,HARDER
4,81.22,13.4,5,1,99.45,1,HARDER
16,72.49,23.17,28,6,50.0,5,EASIER
16,62.94,38.95,31,9,15.62,5,EASIER
16,89.75,45.21,19,2,87.22,5,HARDER
4,100.0,9.98,4,0,85.15,1,HARDER
9,100.0,17.63,10,0,90.96,3,HARDER
16,80.81,32.86,24,4,68.26,5,SAME
16,71.92,36.33,25,6,57.67,5,EASIER
9,99.5,18.55,10,0,94.82,3,HARDER
6,87.04,11.08,8,1,87.13,2,HARDER
16,60.89,47.59,30,10,6.67,5,EASIER
6,86.97,14.33,7,1,90.01,2,HARDER
12,71.47,28.37,25,5,62.81,4,EASIER
16,88.47,21.13,21,2,97.4,5,HARDER
6,76.76,15.22,8,2,83.41,2,HARDER
16,87.78,31.05,21,2,77.74,5,HARDER
16,93.89,26.89,17,1,91.02,5,HARDER
12,78.78,35.16,18,3,67.98,4,SAME
12,93.1,26.09,14,1,90.08,4,HARDER
12,100.0,21.17,12,0,95.1,4,HARDER
9,83.1,22.62,17,2,80.72,3,HARDER
4,99.19,14.95,5,0,100.0,1,HARDER
16,77.35,32.96,24,5,59.31,5,SAME
6,84.43,15.32,7,1,88.64,2,HARDER
16,88.89,27.8,19,2,78.53,5,SAME
16,70.23,34.47,27,7,42.48,5,EASIER
4,55.82,14.44,8,3,68.01,1,EASIER
6,86.04,16.08,7,1,89.12,2,HARDER
9,74.58,25.4,18,3,67.2,3,SAME
4,100.0,10.88,4,0,97.96,1,HARDER
16,80.8,34.66,25,4,81.22,5,SAME
9,81.23,16.15,12,2,80.0,3,HARDER
6,99.15,7.09,6,0,100.0,2,HARDER
6,75.54,40.63,12,2,76.35,2,EASIER
16,68.31,36.17,32,7,32.98,5,EASIER
16,79.19,27.71,23,4,63.98,5,SAME
16,89.35,26.13,23,2,76.2,5,HARDER
9,81.73,16.97,12,2,80.51,3,HARDER
12,79.61,23.34,20,3,82.37,4,HARDER
9,69.51,21.98,15,4,76.04,3,EASIER
16,74.38,22.17,27,5,64.05,5,EASIER
12,67.66,41.75,22,6,57.34,4,EASIER
6,66.7,17.45,9,3,80.67,2,EASIER
6,98.99,13.14,6,0,100.0,2,HARDER
4,100.0,14.35,4,0,82.48,1,HARDER
16,83.83,22.01,21,3,86.68,5,HARDER
6,100.0,19.68,8,0,100.0,2,HARDER
6,86.01,17.04,11,1,86.54,2,HARDER
4,100.0,7.22,4,0,100.0,1,HARDER
16,75.91,26.52,24,5,68.34,5,SAME
9,74.24,19.59,13,3,82.66,3,HARDER
12,79.8,21.93,20,3,66.97,4,SAME
12,86.22,21.8,16,2,76.02,4,HARDER
12,80.49,15.98,16,3,66.17,4,SAME
4,98.59,17.47,4,0,100.0,1,HARDER
16,78.84,16.79,20,4,77.95,5,SAME
6,85.75,15.2,7,1,77.31,2,HARDER
16,87.6,16.65,18,2,91.19,5,HARDER
9,82.86,36.0,12,2,72.39,3,HARDER
16,72.25,50.22,28,6,37.36,5,EASIER
16,83.98,20.19,21,3,72.22,5,HARDER
16,78.62,37.12,25,5,60.43,5,SAME
12,80.75,34.67,16,3,90.04,4,HARDER
6,100.0,14.15,6,0,100.0,2,HARDER
6,74.71,16.92,9,2,73.34,2,SAME
9,90.78,18.46,10,1,91.14,3,HARDER
16,75.62,29.39,23,5,55.07,5,EASIER
4,78.72,14.01,6,1,88.13,1,HARDER
6,85.26,14.91,8,1,96.78,2,HARDER
6,86.78,13.68,7,1,89.94,2,HARDER
16,66.34,25.05,30,8,30.92,5,EASIER
12,93.71,23.19,18,1,82.86,4,HARDER
12,71.7,25.66,20,5,57.57,4,EASIER
9,100.0,12.17,10,0,100.0,3,HARDER
4,67.93,17.71,7,2,77.12,1,SAME
16,84.38,23.19,21,3,78.26,5,HARDER
4,100.0,17.56,4,0,85.89,1,HARDER
6,84.81,14.41,9,1,82.39,2,HARDER
16,95.95,31.34,19,1,93.13,5,HARDER
6,85.59,25.27,8,1,95.49,2,HARDER
12,87.82,31.83,14,2,88.71,4,HARDER
9,65.48,25.51,16,5,76.16,3,EASIER
16,91.37,23.59,19,2,89.63,5,HARDER
9,87.62,23.55,12,1,100.0,3,HARDER
9,88.71,30.11,10,1,100.0,3,HARDER
9,100.0,14.68,10,0,94.57,3,HARDER
6,83.97,24.27,8,1,88.33,2,HARDER
6,99.74,13.96,6,0,100.0,2,HARDER
12,91.16,37.54,14,1,92.64,4,HARDER
4,66.47,19.53,6,2,78.42,1,SAME
16,64.26,55.26,31,9,20.86,5,EASIER
12,82.32,18.52,18,3,82.45,4,SAME
6,84.87,12.46,8,1,95.22,2,HARDER
9,99.88,9.14,9,0,98.44,3,HARDER
12,79.54,37.16,17,3,65.3,4,HARDER
12,63.15,30.09,22,7,49.22,4,EASIER
9,88.81,17.6,13,1,84.45,3,HARDER
9,90.42,14.94,10,1,83.68,3,HARDER
9,100.0,26.23,10,0,95.41,3,HARDER
12,92.45,23.34,15,1,83.39,4,HARDER
4,100.0,8.63,4,0,100.0,1,HARDER
12,85.19,28.0,17,2,88.74,4,HARDER
6,85.5,24.26,8,1,100.0,2,HARDER
9,79.95,17.51,11,2,78.61,3,HARDER
6,98.76,17.56,8,0,98.74,2,HARDER
16,69.78,41.12,28,7,28.08,5,EASIER
16,84.96,35.79,22,3,70.04,5,SAME
16,91.01,35.98,21,2,81.35,5,HARDER
12,83.37,33.22,18,2,68.31,4,HARDER
12,79.7,29.3,16,3,73.19,4,HARDER
12,79.11,36.21,16,3,89.15,4,HARDER
4,100.0,14.88,4,0,100.0,1,HARDER
12,93.29,19.82,15,1,81.45,4,HARDER
12,78.37,21.38,19,3,84.41,4,HARDER
12,85.13,23.77,15,2,86.21,4,HARDER
9,75.05,12.09,16,3,83.13,3,SAME
6,100.0,12.34,6,0,100.0,2,HARDER
6,62.98,20.71,12,3,71.59,2,EASIER
4,100.0,7.46,4,0,91.91,1,HARDER
6,85.71,13.95,7,1,100.0,2,HARDER
9,72.81,27.46,14,3,81.73,3,EASIER
12,86.11,22.38,15,2,80.79,4,HARDER
9,91.3,18.92,10,1,91.78,3,HARDER
16,99.92,25.35,18,0,100.0,5,HARDER
12,100.0,17.28,13,0,89.44,4,HARDER
12,74.95,18.95,21,4,65.5,4,SAME
6,66.02,26.68,11,3,80.04,2,EASIER
16,87.62,31.75,20,2,84.05,5,SAME
12,64.04,32.15,21,7,33.49,4,EASIER
6,85.27,23.11,8,1,92.82,2,HARDER
4,100.0,10.21,5,0,94.1,1,HARDER
4,99.37,14.27,4,0,87.54,1,HARDER
12,92.13,21.85,14,1,91.0,4,HARDER
4,99.89,11.35,4,0,85.66,1,HARDER
16,77.14,28.35,25,4,77.34,5,HARDER
12,91.23,17.53,14,1,99.71,4,HARDER
16,69.5,45.38,33,7,22.54,5,EASIER
6,75.86,14.43,9,2,84.2,2,HARDER
12,80.45,19.67,16,3,88.39,4,HARDER
6,85.65,9.24,7,1,81.6,2,HARDER
12,86.01,19.16,14,2,90.76,4,HARDER
6,86.02,15.39,7,1,100.0,2,HARDER
6,99.92,15.12,6,0,96.75,2,HARDER
16,74.18,17.42,24,6,60.15,5,EASIER
12,82.44,28.59,18,3,69.29,4,HARDER
4,100.0,8.01,4,0,100.0,1,HARDER
16,68.67,30.29,30,7,23.68,5,EASIER
4,66.7,16.08,8,2,82.4,1,SAME
16,90.1,27.3,20,2,79.25,5,HARDER
4,79.88,11.21,8,1,75.65,1,HARDER
12,77.91,31.93,18,4,74.13,4,SAME
16,85.51,28.32,23,3,80.83,5,HARDER
4,99.22,12.19,4,0,99.51,1,HARDER
16,84.67,24.62,19,3,86.26,5,HARDER
4,99.14,14.03,4,0,100.0,1,HARDER
12,85.05,14.45,15,2,85.62,4,HARDER
4,55.91,23.97,9,3,83.63,1,EASIER
9,82.68,28.66,14,2,72.82,3,SAME
9,75.46,25.28,15,3,69.39,3,SAME
4,100.0,11.24,4,0,90.24,1,HARDER
9,74.09,21.1,13,3,74.75,3,SAME
9,88.7,18.76,10,1,95.96,3,HARDER
12,77.01,20.76,18,4,82.58,4,SAME
4,99.09,8.0,4,0,99.21,1,HARDER
4,79.79,15.48,5,1,88.71,1,HARDER
16,76.49,35.85,26,5,58.14,5,EASIER
9,65.03,26.93,17,5,64.38,3,EASIER
4,99.79,10.43,5,0,100.0,1,HARDER
16,68.37,51.01,27,7,24.95,5,EASIER
4,100.0,7.15,4,0,100.0,1,HARDER
9,83.02,15.9,13,2,81.37,3,HARDER
6,99.7,23.34,6,0,96.92,2,HARDER
4,79.64,11.94,5,1,92.84,1,HARDER
9,67.62,37.08,20,4,48.16,3,EASIER
12,75.06,14.38,19,4,62.5,4,HARDER
12,79.81,30.71,17,3,66.02,4,SAME
4,100.0,15.52,4,0,95.33,1,HARDER
12,70.4,28.42,18,5,66.35,4,SAME
6,100.0,12.71,7,0,90.32,2,HARDER
12,69.42,28.35,20,5,49.5,4,EASIER
9,81.3,27.53,14,2,67.7,3,SAME
4,79.29,10.46,6,1,84.98,1,HARDER
12,70.43,44.33,19,5,53.09,4,EASIER
9,81.46,20.84,12,2,81.83,3,HARDER
4,66.76,11.95,8,2,93.44,1,SAME
4,81.15,8.76,6,1,85.88,1,SAME
12,80.45,24.22,20,3,83.96,4,SAME
6,68.61,23.5,11,3,69.26,2,EASIER
4,100.0,9.19,4,0,100.0,1,HARDER
4,99.62,16.11,4,0,99.18,1,HARDER
12,80.02,23.02,16,3,87.26,4,HARDER
12,70.25,28.58,18,5,57.74,4,EASIER
16,63.5,27.66,25,9,48.79,5,EASIER
9,75.43,20.17,15,3,84.79,3,SAME
9,90.32,23.85,10,1,96.43,3,HARDER
4,99.63,13.25,4,0,100.0,1,HARDER
9,74.65,26.14,13,3,64.37,3,SAME
6,66.85,15.39,10,3,75.22,2,EASIER
6,66.06,17.56,11,3,80.54,2,EASIER
4,99.8,12.87,4,0,86.07,1,HARDER
6,83.68,21.6,7,1,93.17,2,HARDER
12,86.59,25.95,15,2,87.84,4,HARDER
9,100.0,23.91,9,0,100.0,3,HARDER
9,74.55,27.01,14,3,71.07,3,HARDER
9,100.0,15.6,9,0,100.0,3,HARDER
4,68.63,13.1,7,2,79.44,1,SAME
12,97.86,29.67,12,0,100.0,4,HARDER
9,74.52,18.71,15,3,81.02,3,SAME
16,67.41,32.83,27,8,36.66,5,EASIER
6,100.0,15.82,6,0,95.3,2,HARDER
9,80.96,21.47,11,2,78.04,3,HARDER
4,100.0,8.84,4,0,87.74,1,HARDER
6,100.0,14.9,6,0,100.0,2,HARDER
9,74.45,24.3,14,3,83.14,3,SAME
4,100.0,9.21,4,0,100.0,1,HARDER
4,100.0,11.92,4,0,95.26,1,HARDER
6,100.0,10.08,6,0,84.01,2,HARDER
4,81.04,15.15,5,1,94.44,1,HARDER
9,68.05,22.8,13,4,68.13,3,EASIER
6,75.22,10.1,9,2,89.86,2,HARDER
6,87.2,20.2,9,1,85.32,2,HARDER
4,79.63,13.55,5,1,99.42,1,HARDER
9,88.01,17.24,13,1,86.39,3,HARDER
12,86.76,17.58,14,2,79.52,4,HARDER
9,80.57,13.08,12,2,84.35,3,HARDER
16,79.44,25.07,22,4,69.19,5,EASIER
12,93.69,15.76,15,1,71.27,4,HARDER
12,84.96,27.5,17,2,77.11,4,HARDER
9,100.0,13.94,10,0,91.98,3,HARDER
12,85.74,10.53,15,2,85.07,4,HARDER
16,82.23,34.31,24,4,81.48,5,HARDER
4,78.73,15.01,5,1,93.23,1,HARDER
9,71.07,51.44,17,4,63.07,3,EASIER
4,99.81,13.01,4,0,100.0,1,HARDER
6,99.02,17.57,6,0,93.47,2,HARDER
4,79.3,14.49,6,1,92.34,1,SAME
16,87.81,27.29,21,2,92.92,5,HARDER
9,99.17,9.32,10,0,91.66,3,HARDER
6,85.3,15.46,8,1,93.97,2,HARDER
4,100.0,7.81,4,0,100.0,1,HARDER
9,89.5,28.19,10,1,86.84,3,HARDER
6,58.94,20.37,13,4,56.37,2,EASIER
9,99.98,31.75,9,0,94.23,3,HARDER
9,82.51,24.55,11,2,78.19,3,HARDER
16,79.64,38.23,24,4,63.08,5,SAME
12,87.05,15.34,15,2,90.41,4,HARDER
6,99.77,13.08,6,0,100.0,2,HARDER
4,100.0,8.19,4,0,100.0,1,HARDER
4,80.52,15.51,6,1,84.91,1,HARDER
9,82.3,25.34,12,2,82.94,3,HARDER
12,80.19,28.87,17,3,61.36,4,SAME
6,85.28,24.88,7,1,89.18,2,HARDER
12,84.89,24.26,15,2,87.59,4,HARDER
16,81.44,50.89,23,4,78.85,5,SAME
16,93.38,28.0,19,1,87.61,5,HARDER
9,61.03,21.71,18,6,49.42,3,EASIER
9,69.85,24.54,18,4,47.28,3,EASIER
16,69.64,42.96,29,7,34.24,5,EASIER
9,68.85,15.89,13,4,67.68,3,EASIER
6,100.0,16.07,6,0,89.83,2,HARDER
9,88.33,23.12,11,1,79.85,3,HARDER
9,64.44,22.53,16,5,68.74,3,EASIER
6,74.82,18.0,9,2,89.77,2,SAME
6,100.0,8.75,6,0,94.54,2,HARDER
16,82.85,35.69,23,3,76.87,5,EASIER
4,100.0,11.42,5,0,99.96,1,HARDER
9,81.03,30.42,12,2,85.05,3,SAME
4,79.93,10.41,6,1,95.67,1,HARDER
9,69.35,24.68,14,4,71.69,3,EASIER
9,100.0,16.31,9,0,100.0,3,HARDER
6,84.5,28.1,7,1,86.55,2,HARDER
16,68.77,34.31,26,7,42.63,5,EASIER
6,61.86,19.11,10,4,75.51,2,EASIER
6,87.32,16.57,9,1,82.49,2,HARDER
6,98.98,14.9,6,0,92.05,2,HARDER
4,99.83,13.27,4,0,100.0,1,HARDER
12,75.62,33.36,21,4,50.97,4,EASIER
6,85.48,15.11,7,1,99.5,2,HARDER
16,80.21,22.34,25,4,66.7,5,SAME
4,78.2,15.2,6,1,94.85,1,HARDER
12,79.91,24.25,16,3,94.91,4,HARDER
4,100.0,10.58,4,0,100.0,1,HARDER
9,80.24,34.8,13,2,84.52,3,HARDER
16,89.82,29.47,20,2,83.07,5,HARDER
12,100.0,15.91,13,0,99.51,4,HARDER
6,84.52,12.67,7,1,93.42,2,HARDER
9,74.8,25.19,14,3,54.84,3,SAME
9,80.14,26.36,14,2,84.95,3,HARDER
16,76.67,35.97,23,5,61.28,5,EASIER
4,56.82,23.82,9,3,65.27,1,EASIER
12,70.79,35.3,23,5,41.35,4,EASIER
12,61.14,51.61,23,7,46.45,4,EASIER
12,80.73,24.66,17,3,64.97,4,SAME
6,83.68,14.4,9,1,91.45,2,HARDER
9,100.0,25.14,9,0,100.0,3,HARDER
12,81.55,21.48,15,3,79.28,4,HARDER
9,89.21,37.98,10,1,94.14,3,HARDER
4,100.0,14.59,4,0,87.8,1,HARDER
12,69.89,41.31,22,5,47.31,4,EASIER
12,92.04,17.9,13,1,90.2,4,HARDER
9,80.88,13.54,12,2,83.75,3,SAME
12,87.73,23.07,15,2,67.07,4,EASIER
9,90.15,25.73,11,1,83.37,3,HARDER
12,99.91,19.02,12,0,100.0,4,HARDER
12,68.41,30.78,20,6,48.68,4,EASIER
12,70.6,24.33,21,5,47.71,4,EASIER
4,81.92,14.31,5,1,100.0,1,HARDER
9,74.35,15.97,15,3,89.31,3,EASIER
4,100.0,9.36,5,0,100.0,1,HARDER
12,92.64,19.58,14,1,100.0,4,HARDER
16,89.33,31.89,19,2,93.06,5,HARDER
9,75.45,16.31,13,3,77.89,3,SAME
16,66.5,33.52,28,8,20.65,5,EASIER
6,100.0,17.18,8,0,90.28,2,HARDER
12,78.95,26.15,17,3,79.53,4,SAME
4,99.73,14.92,4,0,100.0,1,HARDER
16,80.26,38.9,22,4,60.13,5,SAME
6,75.29,11.0,10,2,94.4,2,HARDER
12,94.2,14.56,14,1,94.83,4,HARDER
12,75.31,25.27,19,4,70.18,4,SAME
16,61.47,41.49,35,10,16.36,5,EASIER
12,86.94,22.17,15,2,70.9,4,HARDER
4,81.84,13.35,5,1,96.71,1,HARDER
4,99.44,11.23,4,0,100.0,1,HARDER
4,100.0,12.57,4,0,100.0,1,HARDER
12,72.11,20.31,24,5,49.5,4,SAME
12,57.21,38.0,28,9,28.3,4,EASIER
4,58.38,18.59,10,3,62.96,1,EASIER
9,89.65,19.05,11,1,93.54,3,HARDER
4,99.92,10.79,4,0,90.93,1,HARDER
12,79.71,25.4,19,3,59.56,4,SAME
9,90.85,23.65,10,1,92.93,3,HARDER
6,73.68,14.0,11,2,90.31,2,SAME
16,81.4,14.24,25,4,71.76,5,SAME
4,99.59,14.09,4,0,95.23,1,HARDER
16,76.76,27.43,22,5,62.06,5,EASIER
9,90.69,18.85,11,1,94.07,3,HARDER
4,80.84,14.78,6,1,84.53,1,HARDER
9,90.17,15.76,11,1,74.15,3,HARDER
16,84.87,19.74,24,3,86.68,5,SAME
9,74.36,18.3,13,3,66.65,3,SAME
4,67.57,23.68,6,2,88.67,1,SAME
4,99.56,12.76,4,0,100.0,1,HARDER
12,92.2,19.46,14,1,88.52,4,HARDER
4,56.68,14.25,9,3,83.09,1,SAME
9,82.57,21.73,11,2,86.41,3,HARDER
9,75.35,18.04,15,3,66.9,3,EASIER
6,100.0,16.46,6,0,89.27,2,HARDER
4,80.78,16.23,6,1,82.66,1,HARDER
16,74.48,52.35,27,6,45.5,5,EASIER
12,75.36,30.43,18,4,73.74,4,EASIER
4,100.0,21.17,4,0,100.0,1,HARDER
6,85.32,15.31,7,1,100.0,2,HARDER
16,89.47,16.18,18,2,87.63,5,HARDER
4,66.79,21.59,7,2,91.08,1,SAME
9,100.0,11.2,9,0,97.53,3,HARDER
12,81.14,37.03,18,3,63.14,4,SAME
4,100.0,11.47,4,0,95.43,1,HARDER
6,66.97,28.19,14,3,75.22,2,EASIER
9,80.71,22.06,14,2,86.94,3,HARDER
12,79.66,34.91,15,3,68.47,4,SAME
12,79.49,23.17,17,3,78.84,4,HARDER
16,80.73,24.55,22,4,68.85,5,SAME
12,74.37,26.48,18,4,64.71,4,EASIER
12,74.34,33.88,17,4,64.17,4,SAME
9,89.32,29.63,11,1,83.28,3,HARDER
6,86.46,21.09,10,1,86.03,2,HARDER
12,74.15,42.81,16,4,59.11,4,SAME
4,99.82,12.24,4,0,100.0,1,HARDER
9,89.37,26.6,13,1,82.68,3,HARDER
9,75.14,31.88,12,3,77.35,3,EASIER
4,78.98,20.39,5,1,98.8,1,HARDER
12,86.32,34.82,15,2,77.9,4,HARDER
6,73.71,28.22,12,2,76.23,2,EASIER
6,100.0,13.83,6,0,97.88,2,HARDER
9,90.04,19.58,10,1,92.16,3,HARDER
6,85.07,16.75,7,1,94.31,2,HARDER
6,74.27,10.62,9,2,79.4,2,HARDER
4,80.79,13.69,7,1,92.44,1,HARDER
9,79.73,19.66,14,2,87.57,3,HARDER
16,82.59,29.79,26,4,56.42,5,EASIER
6,74.38,20.33,10,2,90.34,2,HARDER
9,74.33,23.51,12,3,62.07,3,SAME
4,81.07,16.94,7,1,88.07,1,HARDER
9,76.46,20.64,13,3,74.27,3,SAME
16,80.67,35.35,20,4,67.53,5,SAME
12,85.18,16.64,19,2,80.93,4,HARDER
4,78.82,16.91,6,1,96.57,1,HARDER
4,100.0,10.1,4,0,100.0,1,HARDER
9,90.49,12.42,12,1,91.84,3,HARDER
4,99.27,19.99,4,0,100.0,1,HARDER
6,100.0,14.94,7,0,100.0,2,HARDER
6,59.54,31.83,11,4,69.05,2,EASIER
4,99.45,10.59,4,0,100.0,1,HARDER
4,100.0,13.63,4,0,87.0,1,EASIER
4,100.0,16.44,4,0,100.0,1,HARDER
12,69.61,17.21,19,5,66.07,4,SAME
12,70.33,23.04,23,5,52.5,4,EASIER
12,92.94,21.61,13,1,94.91,4,HARDER
6,100.0,16.39,6,0,100.0,2,HARDER
9,100.0,11.55,9,0,100.0,3,HARDER
12,91.46,33.51,13,1,96.99,4,HARDER
9,100.0,20.35,9,0,89.6,3,HARDER
4,99.4,9.84,4,0,99.63,1,HARDER
9,80.25,18.02,13,2,90.89,3,HARDER
12,85.46,23.84,16,2,79.34,4,HARDER
12,79.67,26.82,16,3,68.11,4,HARDER
16,80.06,23.11,23,4,70.05,5,SAME
12,81.12,12.91,16,3,79.96,4,HARDER
9,63.15,26.37,15,5,58.2,3,EASIER
16,75.77,30.41,25,5,53.26,5,EASIER
16,76.7,39.35,24,5,65.21,5,SAME
4,100.0,11.39,4,0,100.0,1,HARDER
12,86.25,22.83,15,2,68.54,4,HARDER
9,81.34,28.67,12,2,86.26,3,SAME
12,93.46,17.1,14,1,89.89,4,HARDER
9,63.4,20.33,16,5,57.3,3,EASIER
4,100.0,18.94,4,0,86.21,1,HARDER
6,100.0,14.2,6,0,100.0,2,HARDER
4,99.71,11.03,4,0,95.06,1,HARDER
16,84.79,28.14,21,3,80.27,5,SAME
4,79.42,8.56,6,1,100.0,1,HARDER
12,99.76,19.95,13,0,75.21,4,HARDER
12,91.95,28.59,15,1,89.42,4,HARDER
4,100.0,10.37,4,0,100.0,1,HARDER
6,85.08,14.49,8,1,79.01,2,HARDER
16,83.96,37.85,21,3,80.09,5,SAME
16,76.74,47.19,23,5,59.4,5,EASIER
12,70.35,45.13,19,5,61.02,4,EASIER
6,85.6,22.48,7,1,98.74,2,HARDER
9,68.78,23.9,17,4,71.58,3,EASIER
12,85.43,27.8,14,2,100.0,4,HARDER
9,82.19,18.11,15,2,84.61,3,HARDER
12,71.35,22.32,22,5,53.25,4,EASIER
12,88.73,36.15,15,2,81.96,4,HARDER
16,66.34,25.82,32,8,30.94,5,EASIER
16,83.64,26.09,22,3,82.99,5,SAME
6,87.04,14.64,8,1,98.89,2,HARDER
9,89.36,19.91,10,1,92.13,3,HARDER
9,82.28,12.36,15,2,76.72,3,HARDER
6,85.21,15.25,8,1,86.17,2,HARDER
16,73.87,33.53,23,5,47.01,5,SAME
9,81.88,16.34,14,2,97.58,3,HARDER
6,100.0,19.87,7,0,87.91,2,HARDER
16,73.37,37.7,26,6,48.21,5,EASIER
4,100.0,18.81,4,0,99.26,1,HARDER
6,85.08,13.4,7,1,87.7,2,HARDER
4,67.22,10.16,8,2,79.32,1,SAME
6,100.0,18.26,6,0,99.18,2,HARDER
16,94.83,18.27,20,1,86.92,5,HARDER
12,69.38,41.57,20,5,60.05,4,EASIER
6,85.31,13.54,8,1,81.37,2,HARDER
4,100.0,8.42,4,0,97.92,1,HARDER
16,76.74,23.43,24,5,57.07,5,EASIER
9,74.75,23.0,13,3,87.45,3,SAME
12,84.64,20.27,16,2,86.39,4,HARDER
16,72.16,30.04,29,7,42.09,5,EASIER
4,56.0,18.05,8,3,76.58,1,EASIER
6,99.66,17.27,6,0,94.55,2,HARDER
6,99.6,13.65,6,0,100.0,2,HARDER
4,99.51,12.26,4,0,94.8,1,HARDER
6,100.0,9.64,6,0,92.47,2,HARDER
4,79.42,11.76,5,1,100.0,1,HARDER
16,87.33,25.28,19,2,87.04,5,HARDER
4,79.89,17.8,6,1,99.11,1,HARDER
12,85.43,15.93,17,2,70.76,4,SAME
4,98.48,17.66,4,0,98.46,1,HARDER
12,62.45,39.02,22,7,48.84,4,EASIER
6,86.77,10.09,8,1,100.0,2,HARDER
4,80.28,10.71,5,1,88.19,1,HARDER
4,81.39,16.33,7,1,77.03,1,HARDER
6,65.88,38.46,11,3,81.07,2,EASIER
6,88.44,27.64,9,1,93.22,2,HARDER
9,68.16,25.61,18,4,62.56,3,EASIER
16,67.33,36.59,27,8,42.18,5,EASIER
12,70.22,50.27,20,5,46.1,4,EASIER
4,99.98,7.26,4,0,100.0,1,HARDER
9,82.05,25.97,14,2,71.7,3,HARDER
4,67.7,18.26,6,2,79.18,1,EASIER
16,89.04,29.23,19,2,88.92,5,HARDER
6,100.0,12.09,6,0,100.0,2,HARDER
6,98.74,12.01,6,0,100.0,2,HARDER
12,85.17,22.47,18,2,61.89,4,HARDER
16,80.32,37.06,22,4,76.59,5,SAME
16,84.28,31.96,20,3,69.25,5,HARDER
16,79.2,25.89,22,4,68.77,5,SAME
6,98.53,13.33,7,0,100.0,2,HARDER
12,100.0,19.51,13,0,99.92,4,HARDER
12,90.9,25.09,15,1,87.61,4,HARDER
16,73.4,28.97,29,6,50.31,5,EASIER
12,74.98,43.86,19,4,75.45,4,EASIER
16,93.24,24.85,17,1,91.74,5,HARDER
4,99.58,14.89,4,0,82.59,1,HARDER
6,60.44,24.29,13,4,63.32,2,EASIER
16,78.59,45.78,25,5,48.34,5,EASIER
9,74.67,22.25,13,3,77.76,3,SAME
9,77.02,19.74,14,3,72.42,3,SAME
6,75.77,22.71,8,2,76.64,2,SAME
6,100.0,9.96,7,0,100.0,2,HARDER
4,100.0,14.81,4,0,100.0,1,HARDER
16,73.05,34.89,25,6,41.52,5,EASIER
9,68.39,30.13,16,4,70.13,3,SAME
6,98.99,23.11,7,0,90.73,2,HARDER
4,100.0,11.44,4,0,95.96,1,HARDER
4,65.73,11.27,9,2,81.66,1,EASIER
6,100.0,17.27,6,0,97.86,2,HARDER
4,99.02,19.65,4,0,97.15,1,HARDER
9,98.37,19.95,9,0,100.0,3,HARDER
6,100.0,20.75,6,0,89.6,2,HARDER
9,99.32,15.12,9,0,100.0,3,HARDER
4,81.95,20.2,6,1,97.29,1,SAME
16,66.42,37.28,30,8,28.51,5,EASIER
6,100.0,10.61,6,0,100.0,2,HARDER
16,89.96,24.78,21,2,81.89,5,HARDER
6,67.21,29.87,11,3,68.06,2,EASIER
16,88.44,34.99,22,2,76.68,5,HARDER
12,79.56,26.67,16,3,67.6,4,HARDER
4,100.0,9.34,4,0,100.0,1,HARDER
16,77.24,23.46,27,5,67.57,5,EASIER
9,90.63,14.48,12,1,73.8,3,HARDER
12,70.58,45.69,21,5,55.83,4,EASIER
4,81.65,14.42,5,1,83.75,1,HARDER
12,86.09,37.64,14,2,79.44,4,HARDER
6,75.63,24.71,9,2,85.43,2,SAME
9,75.58,31.31,15,3,73.95,3,HARDER
9,100.0,13.02,10,0,100.0,3,HARDER
6,100.0,19.81,6,0,100.0,2,HARDER
16,84.0,30.35,22,3,73.01,5,HARDER
16,76.59,43.31,24,5,47.66,5,EASIER
16,85.12,33.34,19,3,76.67,5,HARDER
6,86.0,18.97,7,1,100.0,2,HARDER
12,75.05,23.32,17,4,57.16,4,EASIER
6,86.44,14.47,7,1,94.74,2,HARDER
12,66.32,42.14,26,6,26.56,4,EASIER
16,80.04,22.87,24,4,57.42,5,SAME
6,87.15,13.29,9,1,71.99,2,HARDER
16,79.22,43.07,24,4,67.46,5,SAME
16,81.43,33.19,27,4,63.64,5,SAME
6,74.99,20.04,8,2,82.51,2,SAME
4,79.57,14.95,5,1,87.48,1,HARDER
9,89.12,20.76,12,1,100.0,3,HARDER
4,79.79,16.8,6,1,80.22,1,HARDER
12,100.0,21.02,12,0,97.2,4,HARDER
6,73.54,14.25,10,2,89.42,2,HARDER
6,100.0,13.89,6,0,100.0,2,HARDER
16,59.57,48.54,37,11,1.09,5,EASIER
12,86.84,26.08,15,2,86.78,4,HARDER
6,75.96,26.11,8,2,69.41,2,EASIER
4,99.84,10.55,4,0,95.73,1,HARDER
4,100.0,10.47,4,0,100.0,1,HARDER
6,86.35,21.17,8,1,86.07,2,HARDER
4,100.0,9.9,4,0,99.96,1,HARDER
12,80.38,18.25,17,3,79.5,4,HARDER
9,90.07,22.02,10,1,85.45,3,HARDER
6,84.87,16.45,7,1,100.0,2,HARDER
6,99.61,21.49,6,0,97.05,2,HARDER
6,100.0,8.28,6,0,100.0,2,HARDER
4,81.19,13.45,5,1,89.05,1,HARDER
6,74.72,15.39,10,2,84.17,2,HARDER
4,99.3,12.65,4,0,100.0,1,HARDER
6,100.0,13.64,6,0,100.0,2,HARDER
12,99.15,17.93,12,0,100.0,4,HARDER
4,100.0,18.97,4,0,100.0,1,HARDER
16,77.25,27.99,25,5,59.74,5,EASIER
12,85.31,16.55,17,2,77.12,4,SAME
4,99.72,10.37,4,0,100.0,1,HARDER
6,100.0,9.31,7,0,96.89,2,HARDER
12,99.24,10.39,12,0,93.99,4,HARDER
6,74.07,23.17,9,2,65.17,2,SAME
4,77.88,13.14,6,1,88.0,1,HARDER
12,76.12,24.8,17,4,75.47,4,SAME
16,75.27,41.07,26,5,52.96,5,EASIER
12,85.03,14.83,16,2,90.41,4,HARDER
12,100.0,19.55,13,0,100.0,4,HARDER
12,74.0,35.4,21,4,60.11,4,SAME
12,79.31,40.03,16,3,65.18,4,HARDER
4,79.49,19.43,5,1,100.0,1,HARDER
6,84.86,15.16,9,1,98.21,2,HARDER
9,81.92,19.83,12,2,95.66,3,HARDER
16,95.23,28.84,18,1,100.0,5,HARDER
4,100.0,20.42,5,0,93.68,1,HARDER
12,86.16,30.53,16,2,85.25,4,HARDER
6,100.0,11.45,6,0,100.0,2,HARDER
6,86.11,10.32,7,1,99.0,2,HARDER
9,69.09,29.02,15,4,63.94,3,EASIER
9,99.17,12.92,10,0,89.84,3,HARDER
6,99.61,23.1,6,0,98.57,2,HARDER
16,84.99,42.42,21,3,85.7,5,HARDER
16,79.84,24.06,22,4,71.46,5,SAME
4,99.04,14.22,4,0,98.07,1,HARDER
4,100.0,8.9,5,0,100.0,1,HARDER
6,86.14,27.44,7,1,98.06,2,HARDER
6,85.99,13.64,7,1,85.91,2,HARDER
4,79.39,13.87,6,1,83.17,1,HARDER
9,80.62,17.81,11,2,100.0,3,HARDER
16,81.19,33.98,27,4,55.8,5,EASIER
12,69.94,21.26,17,5,62.81,4,SAME
6,83.74,16.61,9,1,85.45,2,HARDER
12,65.94,22.87,21,6,73.77,4,HARDER
9,100.0,25.52,11,0,92.23,3,HARDER
9,81.66,19.0,14,2,82.46,3,HARDER
9,90.22,14.82,10,1,86.43,3,HARDER
16,85.1,26.81,21,3,71.18,5,HARDER
6,100.0,14.06,6,0,90.42,2,HARDER
4,80.29,13.38,5,1,99.3,1,HARDER
12,90.25,20.1,13,1,96.26,4,HARDER
9,91.17,18.01,10,1,93.36,3,HARDER
16,83.98,49.08,21,3,73.93,5,SAME
9,81.95,19.64,11,2,80.82,3,HARDER
12,70.2,38.15,20,5,69.7,4,EASIER
12,80.91,18.03,16,3,82.4,4,SAME
9,90.33,17.28,14,1,77.31,3,HARDER
4,98.07,7.48,4,0,90.48,1,HARDER
4,82.04,11.7,5,1,82.39,1,HARDER
9,76.15,15.94,13,3,89.1,3,SAME
6,99.73,14.46,6,0,100.0,2,HARDER
9,82.67,24.48,15,2,78.71,3,HARDER
6,74.73,27.93,8,2,77.55,2,SAME
6,86.74,16.32,7,1,95.99,2,HARDER
4,100.0,20.34,4,0,100.0,1,HARDER
4,66.67,15.23,8,2,72.06,1,EASIER
16,80.38,23.88,22,4,82.58,5,HARDER
6,100.0,15.72,7,0,100.0,2,HARDER
6,85.25,23.15,8,1,94.7,2,HARDER
16,75.39,26.32,26,5,51.18,5,EASIER
9,83.63,25.52,15,2,82.87,3,HARDER
16,83.6,31.71,21,3,76.52,5,HARDER
4,80.74,20.37,5,1,93.64,1,HARDER
16,69.3,41.51,28,7,40.87,5,EASIER
12,69.91,39.91,22,5,41.2,4,EASIER
16,64.96,69.36,34,9,13.86,5,EASIER
16,84.97,32.18,21,3,78.72,5,HARDER
16,66.07,30.04,30,8,33.69,5,EASIER
4,99.04,9.15,4,0,95.93,1,HARDER
12,79.68,21.43,18,3,70.13,4,SAME
6,74.9,20.75,10,2,91.96,2,SAME
4,98.19,12.96,4,0,100.0,1,HARDER
6,86.18,12.79,9,1,88.47,2,HARDER
6,65.53,10.92,12,3,68.04,2,EASIER
6,85.02,25.31,8,1,90.85,2,HARDER
9,61.5,41.66,17,6,48.8,3,EASIER
4,66.94,16.18,9,2,79.26,1,EASIER
12,66.21,37.41,20,6,55.03,4,EASIER
6,99.55,14.71,6,0,91.46,2,HARDER
4,100.0,8.7,4,0,100.0,1,HARDER
12,79.96,29.08,15,3,77.45,4,HARDER
16,80.79,29.11,22,4,67.32,5,SAME
16,93.42,29.47,19,1,95.22,5,EASIER
16,94.14,29.58,17,1,100.0,5,HARDER
4,80.1,16.51,5,1,93.14,1,HARDER
16,78.56,27.25,26,5,63.97,5,SAME
16,81.19,20.0,21,4,64.81,5,HARDER
16,81.97,37.56,27,4,53.52,5,SAME
9,89.67,30.64,10,1,91.89,3,HARDER
9,99.89,12.61,9,0,100.0,3,HARDER
16,89.93,29.38,19,2,91.11,5,HARDER
9,66.96,35.38,19,4,51.3,3,EASIER
12,100.0,28.98,12,0,100.0,4,HARDER
6,86.77,17.77,7,1,100.0,2,HARDER
9,90.53,19.02,13,1,76.56,3,HARDER
6,85.4,32.28,8,1,90.36,2,SAME
16,74.11,42.99,25,6,50.3,5,EASIER
6,85.87,12.14,7,1,100.0,2,HARDER
4,100.0,19.22,4,0,100.0,1,HARDER
12,65.96,32.16,23,6,50.76,4,HARDER
12,76.01,31.62,19,4,61.99,4,SAME
6,100.0,14.17,7,0,89.62,2,HARDER
6,66.59,22.17,11,3,87.31,2,SAME
6,98.86,12.64,6,0,97.77,2,HARDER
6,100.0,13.1,7,0,90.82,2,HARDER
4,100.0,11.9,4,0,97.35,1,HARDER
12,99.88,24.08,13,0,100.0,4,HARDER
16,78.22,29.5,27,4,68.09,5,SAME
12,83.72,22.41,17,2,72.36,4,SAME
4,66.38,20.49,6,2,86.44,1,SAME
9,74.87,32.84,13,3,60.08,3,EASIER
6,97.89,11.96,6,0,87.84,2,HARDER
6,100.0,9.27,7,0,100.0,2,HARDER
9,100.0,19.8,9,0,86.55,3,HARDER
16,89.07,22.99,20,2,93.44,5,HARDER
9,89.39,13.8,11,1,88.71,3,HARDER
6,86.71,16.08,9,1,86.72,2,HARDER
12,86.22,22.09,15,2,95.52,4,HARDER
4,100.0,17.49,4,0,95.07,1,SAME
4,99.75,12.48,4,0,99.38,1,HARDER
9,81.5,18.46,11,2,85.12,3,SAME
16,75.41,28.09,28,5,58.57,5,SAME
6,99.5,18.72,6,0,100.0,2,HARDER
16,89.09,28.52,20,2,75.27,5,SAME
16,86.51,27.67,24,3,66.36,5,SAME
16,81.36,26.75,24,4,52.64,5,EASIER
9,82.33,23.9,11,2,86.38,3,HARDER
12,70.37,26.68,21,5,53.15,4,EASIER
6,99.96,21.2,6,0,98.51,2,HARDER
16,75.86,29.61,23,5,54.51,5,SAME
6,85.91,22.66,9,1,91.82,2,HARDER
4,100.0,11.4,4,0,94.76,1,HARDER
12,70.49,27.78,18,5,56.91,4,EASIER
6,84.66,17.19,7,1,83.3,2,HARDER
4,49.22,19.83,9,4,69.09,1,EASIER
4,99.28,10.0,4,0,100.0,1,HARDER
12,80.2,18.86,18,3,75.2,4,SAME
4,100.0,12.35,4,0,100.0,1,HARDER
4,99.78,11.85,4,0,91.35,1,HARDER
16,89.73,35.7,22,2,85.85,5,HARDER
4,100.0,10.18,4,0,93.88,1,HARDER
16,83.36,31.74,24,3,63.68,5,SAME
6,84.29,15.85,7,1,93.43,2,HARDER
4,81.03,13.22,6,1,100.0,1,HARDER
16,89.15,21.94,20,2,83.37,5,HARDER
12,84.15,23.93,15,2,80.85,4,HARDER
9,99.57,14.12,9,0,90.82,3,HARDER
12,63.07,23.34,23,7,53.62,4,EASIER
9,90.14,16.63,11,1,93.13,3,HARDER
12,92.13,16.35,15,1,92.26,4,HARDER
4,65.76,10.8,7,2,88.0,1,SAME
6,84.92,17.63,11,1,91.56,2,HARDER
16,80.4,35.98,20,4,78.02,5,SAME
12,63.86,34.14,22,7,38.4,4,EASIER
9,90.69,15.55,14,1,100.0,3,HARDER
6,87.78,13.87,7,1,97.24,2,HARDER
16,80.61,23.28,23,4,76.1,5,EASIER
12,92.51,21.73,15,1,84.31,4,HARDER
6,76.66,19.28,8,2,89.75,2,HARDER
9,89.46,17.44,10,1,90.74,3,HARDER
6,85.84,13.22,8,1,100.0,2,HARDER
12,81.73,29.54,18,3,69.4,4,SAME
4,99.1,11.24,4,0,98.27,1,HARDER
4,80.5,20.75,5,1,80.99,1,SAME
16,76.01,30.27,22,5,56.03,5,EASIER
12,78.94,24.97,19,3,76.85,4,SAME
16,71.21,40.72,28,6,35.5,5,EASIER
16,67.69,39.91,32,8,34.9,5,EASIER
12,65.32,25.78,23,6,47.07,4,EASIER
9,91.72,14.37,11,1,93.3,3,HARDER
16,83.19,32.72,21,3,83.0,5,HARDER
12,98.88,15.09,12,0,100.0,4,HARDER
4,100.0,9.39,4,0,97.62,1,HARDER
12,84.38,11.77,15,2,80.94,4,HARDER
12,80.38,21.98,17,3,75.59,4,SAME
16,57.41,56.96,42,12,2.58,5,EASIER
16,94.11,16.42,19,1,100.0,5,HARDER
9,63.76,26.63,17,5,49.26,3,EASIER
16,80.42,40.08,24,4,63.14,5,EASIER
12,92.72,34.84,13,1,93.28,4,HARDER
12,80.3,40.56,21,3,64.81,4,HARDER
6,100.0,10.14,6,0,91.98,2,HARDER
4,100.0,11.66,4,0,100.0,1,HARDER
4,100.0,18.34,4,0,100.0,1,HARDER
16,79.22,25.85,21,4,73.08,5,HARDER
16,82.41,31.1,22,3,72.75,5,SAME
4,77.71,13.49,6,1,97.58,1,HARDER
16,81.59,33.34,22,4,57.75,5,HARDER
16,83.1,36.9,22,3,78.7,5,HARDER
12,84.9,25.14,14,2,89.1,4,HARDER
6,65.75,20.72,10,3,71.19,2,SAME
9,100.0,16.73,9,0,93.1,3,HARDER
12,79.63,24.42,15,3,77.93,4,SAME
4,100.0,9.01,4,0,91.78,1,HARDER
6,74.32,16.41,9,2,92.3,2,SAME
4,100.0,13.2,4,0,99.65,1,EASIER
12,60.29,35.03,27,8,27.83,4,EASIER
4,100.0,9.25,4,0,99.66,1,HARDER
6,86.28,17.46,11,1,89.8,2,HARDER
12,79.91,25.03,20,3,70.5,4,SAME
9,89.55,14.28,10,1,93.79,3,HARDER
4,67.1,14.14,6,2,88.21,1,SAME
6,85.85,20.57,7,1,93.94,2,HARDER
9,82.7,25.37,12,2,85.36,3,HARDER
9,80.68,12.18,12,2,65.63,3,SAME
9,75.02,12.42,13,3,82.38,3,HARDER
16,84.26,30.94,20,3,71.93,5,HARDER
4,78.44,13.48,6,1,91.97,1,HARDER
12,91.94,26.55,15,1,83.75,4,HARDER
16,87.35,39.61,21,2,78.78,5,HARDER
16,75.45,29.37,25,5,63.85,5,SAME
4,99.47,14.65,4,0,92.59,1,HARDER
9,89.01,20.34,12,1,92.31,3,HARDER
12,91.8,18.2,13,1,91.2,4,HARDER
6,74.7,15.0,9,2,80.03,2,SAME
9,100.0,10.73,9,0,100.0,3,HARDER
4,79.28,12.8,5,1,97.03,1,HARDER
4,99.36,8.11,4,0,100.0,1,HARDER
9,76.55,25.38,15,3,76.63,3,SAME
16,75.08,37.24,21,5,61.09,5,SAME
4,65.71,17.26,7,2,65.83,1,EASIER
4,78.71,20.86,6,1,94.99,1,HARDER
4,100.0,10.68,4,0,95.4,1,HARDER
4,81.21,17.28,6,1,95.88,1,HARDER
9,89.12,17.49,12,1,94.66,3,HARDER
6,98.62,10.55,6,0,99.6,2,HARDER
4,65.69,16.88,6,2,78.37,1,SAME
6,85.73,11.57,8,1,88.09,2,HARDER
6,67.4,18.34,12,3,78.08,2,EASIER
4,55.31,27.72,7,3,72.19,1,EASIER
9,80.6,12.93,12,2,77.13,3,SAME
9,99.7,12.56,10,0,100.0,3,HARDER
16,62.24,40.82,32,10,23.5,5,EASIER
16,85.04,24.48,22,3,86.39,5,HARDER
4,79.11,11.84,5,1,98.14,1,HARDER
4,67.32,12.25,7,2,71.99,1,SAME
6,100.0,11.52,6,0,95.85,2,HARDER
6,86.34,12.26,8,1,80.72,2,HARDER
9,81.54,21.12,13,2,81.78,3,HARDER
16,86.2,33.8,21,3,62.88,5,HARDER
6,99.31,10.06,6,0,92.26,2,HARDER
4,80.58,10.03,5,1,94.87,1,HARDER
9,65.27,34.03,17,5,56.2,3,EASIER
6,74.03,33.72,9,2,93.17,2,SAME
6,100.0,10.19,6,0,94.32,2,HARDER
4,98.59,9.61,4,0,93.82,1,HARDER
9,75.93,15.26,15,3,81.52,3,SAME
12,79.66,29.73,18,3,76.41,4,SAME
9,81.81,19.86,11,2,92.84,3,SAME
9,89.8,25.71,11,1,100.0,3,HARDER
12,75.12,41.73,16,4,66.27,4,SAME
4,80.5,14.72,5,1,100.0,1,HARDER
9,100.0,11.4,12,0,99.42,3,HARDER
12,76.5,30.6,19,4,75.45,4,SAME
12,93.94,18.23,13,1,84.54,4,HARDER
12,81.99,26.72,18,3,73.11,4,SAME
16,88.1,21.27,23,2,81.96,5,HARDER
16,70.55,49.36,26,7,53.15,5,EASIER
12,76.28,35.86,19,4,52.64,4,EASIER
4,79.07,9.07,6,1,95.5,1,HARDER
9,81.27,16.16,15,2,79.04,3,HARDER
6,100.0,12.97,6,0,94.55,2,HARDER
16,77.08,37.76,23,5,64.72,5,SAME
16,66.32,56.34,29,8,31.9,5,EASIER
9,99.01,19.03,11,0,100.0,3,HARDER
16,90.69,30.19,19,2,74.74,5,HARDER
4,65.39,13.26,6,2,100.0,1,EASIER
16,77.69,35.75,24,5,59.79,5,SAME
9,74.86,23.1,14,3,66.63,3,SAME
12,85.79,18.63,14,2,83.49,4,HARDER
4,79.69,10.67,5,1,88.5,1,HARDER
4,79.34,12.66,5,1,100.0,1,HARDER
16,76.5,41.49,23,5,67.41,5,EASIER
9,81.56,17.99,13,2,83.58,3,HARDER
9,64.67,47.05,17,5,59.11,3,EASIER
9,81.67,23.65,14,2,76.81,3,SAME
9,80.58,19.8,11,2,79.59,3,HARDER
4,99.7,17.81,4,0,100.0,1,HARDER
6,85.21,18.0,8,1,79.98,2,HARDER
4,78.61,7.97,5,1,94.92,1,HARDER
9,81.43,27.29,13,2,80.16,3,SAME
4,99.35,12.13,4,0,86.51,1,HARDER
12,100.0,22.03,12,0,100.0,4,HARDER
6,75.6,22.55,10,2,81.91,2,SAME
16,59.21,70.8,34,11,4.25,5,EASIER
4,80.21,13.87,6,1,86.23,1,SAME
12,85.24,16.26,18,2,72.91,4,SAME
9,83.22,15.7,12,2,84.75,3,HARDER
6,74.94,17.97,9,2,85.08,2,HARDER
16,85.46,48.38,21,3,83.36,5,SAME
9,73.91,19.84,15,3,78.74,3,SAME
6,85.98,21.06,8,1,85.83,2,HARDER
12,99.25,29.97,12,0,85.48,4,HARDER
12,73.86,19.57,16,4,71.87,4,SAME
6,100.0,16.2,6,0,98.69,2,HARDER
16,79.61,28.29,24,4,61.76,5,SAME
6,84.87,17.94,9,1,94.59,2,HARDER
16,75.24,41.17,23,5,52.86,5,EASIER
12,79.29,48.28,18,3,55.87,4,SAME
4,78.87,10.6,5,1,100.0,1,HARDER
4,99.07,10.17,4,0,99.55,1,HARDER
16,64.69,28.48,29,9,28.22,5,EASIER
16,93.63,20.65,17,1,100.0,5,HARDER
4,100.0,6.42,4,0,100.0,1,HARDER
16,100.0,12.3,16,0,100.0,5,HARDER
9,89.15,17.58,11,1,100.0,3,HARDER
16,89.32,39.25,19,2,89.68,5,HARDER
12,75.56,23.59,17,4,79.51,4,SAME
6,86.72,17.49,7,1,80.61,2,HARDER
6,61.13,21.31,10,4,59.74,2,EASIER
12,84.72,25.15,14,2,91.54,4,HARDER
6,97.78,9.87,6,0,100.0,2,HARDER
9,82.14,17.32,13,2,78.68,3,SAME
6,88.33,16.98,8,1,89.7,2,HARDER
4,100.0,10.87,5,0,100.0,1,HARDER
12,100.0,21.28,13,0,100.0,4,HARDER
6,74.94,8.79,9,2,81.12,2,HARDER
4,57.29,14.97,7,3,82.55,1,EASIER
4,100.0,9.17,4,0,100.0,1,HARDER
4,80.68,17.67,7,1,86.79,1,HARDER
9,89.08,19.04,10,1,100.0,3,HARDER
4,100.0,10.68,4,0,99.58,1,HARDER
12,85.79,22.81,16,2,91.46,4,HARDER
6,74.59,19.36,11,2,74.44,2,SAME
16,82.87,19.73,20,3,83.23,5,HARDER
9,83.65,24.34,13,2,78.66,3,SAME
4,100.0,7.92,4,0,90.63,1,HARDER
12,78.83,19.87,15,3,79.77,4,SAME
9,89.15,24.78,10,1,84.3,3,HARDER
4,65.15,15.0,9,2,100.0,1,SAME
16,73.03,38.43,24,6,48.25,5,EASIER
9,81.52,19.41,12,2,89.41,3,HARDER
6,85.22,13.6,9,1,100.0,2,HARDER
16,79.79,31.88,23,4,68.83,5,EASIER
16,72.45,48.69,27,6,41.49,5,EASIER
12,80.87,22.54,22,3,81.07,4,SAME
6,85.02,12.74,8,1,90.58,2,HARDER
12,84.84,19.95,16,2,76.1,4,HARDER
9,74.97,24.97,14,3,82.49,3,EASIER
12,92.37,19.29,16,1,100.0,4,HARDER
4,100.0,8.29,4,0,100.0,1,HARDER
16,89.97,17.36,22,2,85.63,5,HARDER
4,99.22,24.04,4,0,96.5,1,HARDER
9,73.96,19.08,13,3,77.44,3,SAME
4,99.44,13.81,4,0,100.0,1,HARDER
12,59.47,45.55,28,8,24.01,4,EASIER
6,84.52,14.8,8,1,91.28,2,HARDER
6,74.36,27.98,9,2,83.24,2,HARDER
4,80.35,16.66,6,1,91.53,1,HARDER
6,85.85,13.27,8,1,83.58,2,HARDER
4,98.28,10.59,4,0,91.36,1,HARDER
9,88.89,30.34,13,1,96.71,3,HARDER
6,99.6,17.63,6,0,100.0,2,HARDER
12,85.57,16.85,15,2,85.95,4,HARDER
6,87.21,11.96,9,1,99.88,2,HARDER
9,89.21,20.58,12,1,88.81,3,HARDER
6,87.36,12.65,7,1,99.62,2,HARDER
4,79.27,15.7,5,1,100.0,1,HARDER
9,68.75,27.44,16,4,62.96,3,EASIER
9,89.19,17.3,13,1,76.65,3,HARDER
12,93.55,19.89,14,1,100.0,4,HARDER
6,98.6,10.3,7,0,95.97,2,HARDER
12,100.0,16.09,14,0,97.19,4,HARDER
12,74.82,22.51,22,4,51.08,4,SAME
9,89.35,11.81,14,1,76.6,3,HARDER
9,83.07,15.39,11,2,80.12,3,HARDER
9,80.18,22.77,14,2,88.68,3,HARDER
4,65.33,19.37,8,2,80.5,1,SAME
16,94.41,28.31,18,1,97.99,5,HARDER
4,99.0,7.55,4,0,100.0,1,HARDER
6,73.12,11.3,10,2,92.74,2,HARDER
4,100.0,16.38,4,0,100.0,1,HARDER
4,100.0,17.52,4,0,100.0,1,HARDER
12,63.37,30.55,25,7,38.14,4,EASIER
16,83.68,26.88,21,3,78.35,5,HARDER
12,81.11,21.22,16,3,79.38,4,SAME
6,67.28,24.39,12,3,70.83,2,EASIER
4,100.0,10.5,4,0,100.0,1,HARDER
6,98.54,21.6,6,0,100.0,2,HARDER
4,100.0,13.76,5,0,90.21,1,HARDER
9,99.49,22.76,10,0,100.0,3,HARDER
12,84.79,21.22,15,2,92.97,4,HARDER
16,83.72,27.3,21,3,85.13,5,EASIER
12,69.06,46.55,21,5,62.36,4,EASIER
9,90.91,22.53,10,1,92.22,3,HARDER
6,74.96,18.23,10,2,79.89,2,EASIER
9,90.63,12.9,11,1,91.7,3,HARDER
9,74.53,18.99,15,3,67.43,3,EASIER
16,67.58,37.09,28,7,30.3,5,EASIER
16,89.39,30.38,20,2,77.67,5,HARDER
12,86.16,24.11,14,2,94.34,4,HARDER
4,99.23,9.97,4,0,100.0,1,HARDER
9,81.11,18.18,13,2,76.79,3,HARDER
6,67.85,15.72,11,3,73.64,2,EASIER
9,84.28,22.85,11,2,73.84,3,HARDER
4,99.74,5.39,4,0,100.0,1,HARDER
4,98.82,18.08,4,0,99.0,1,HARDER
12,73.82,21.58,16,4,58.55,4,SAME
16,71.13,42.68,32,6,45.71,5,EASIER
4,95.3,12.27,4,0,100.0,1,HARDER
12,85.89,19.61,16,2,85.91,4,SAME
16,81.06,57.24,22,4,62.6,5,SAME
12,75.07,36.99,19,4,58.85,4,EASIER
6,84.87,13.14,8,1,100.0,2,HARDER
6,84.64,13.91,8,1,78.09,2,HARDER
12,85.96,30.96,15,2,73.79,4,SAME
6,85.38,13.16,7,1,94.82,2,HARDER
4,100.0,7.35,4,0,97.29,1,HARDER
12,92.64,26.78,14,1,99.13,4,HARDER
9,74.76,21.2,18,3,58.62,3,SAME
6,85.89,11.47,8,1,93.26,2,HARDER
12,79.29,28.59,16,3,79.41,4,HARDER
12,91.65,25.89,15,1,92.64,4,HARDER
12,67.61,29.47,21,6,55.04,4,EASIER
12,67.2,27.36,22,6,43.4,4,EASIER
9,80.88,18.39,11,2,72.9,3,SAME
6,86.01,16.61,11,1,88.01,2,SAME
9,99.56,11.83,10,0,92.95,3,HARDER
4,100.0,9.42,4,0,93.7,1,HARDER
16,92.56,32.59,19,1,85.08,5,HARDER
4,99.43,11.72,4,0,92.11,1,HARDER
16,73.58,34.29,29,6,39.88,5,EASIER
12,100.0,16.68,12,0,100.0,4,HARDER
12,74.01,21.77,19,4,64.46,4,EASIER
9,83.77,28.03,13,2,69.71,3,HARDER
16,84.09,24.04,22,3,73.55,5,HARDER
12,93.47,50.53,14,1,90.87,4,HARDER
9,100.0,15.12,9,0,100.0,3,HARDER
4,98.7,10.54,4,0,100.0,1,HARDER
16,68.7,46.02,33,7,27.97,5,EASIER
12,72.06,29.82,19,5,68.34,4,EASIER
16,82.59,18.62,23,3,62.44,5,EASIER
9,81.72,22.86,11,2,81.85,3,SAME
4,99.99,16.27,4,0,99.66,1,HARDER
9,88.55,19.9,11,1,82.99,3,HARDER
9,99.56,23.28,9,0,100.0,3,HARDER
4,80.01,11.46,5,1,91.46,1,HARDER
9,89.19,10.3,11,1,95.4,3,HARDER
4,66.14,18.78,7,2,77.14,1,SAME
4,80.18,9.99,6,1,100.0,1,HARDER
4,81.38,16.16,5,1,99.57,1,HARDER
12,80.54,23.04,21,3,62.38,4,HARDER
16,80.48,33.76,26,4,60.27,5,SAME
6,100.0,11.61,7,0,100.0,2,HARDER
6,99.72,10.84,6,0,94.2,2,HARDER
9,100.0,12.41,10,0,100.0,3,HARDER
4,80.93,12.24,5,1,83.76,1,HARDER
6,87.33,17.67,7,1,96.68,2,HARDER
16,76.73,42.94,26,5,64.05,5,EASIER
6,100.0,14.67,6,0,100.0,2,HARDER
16,63.13,51.95,30,9,17.75,5,EASIER
4,80.99,10.1,5,1,87.5,1,HARDER
12,91.03,17.26,15,1,84.1,4,HARDER
12,91.48,16.84,15,1,95.52,4,HARDER
9,80.31,22.71,14,2,84.4,3,HARDER
12,67.04,37.71,22,6,50.41,4,EASIER
16,65.45,84.91,29,9,0.0,5,EASIER
16,60.74,37.58,30,10,20.87,5,EASIER
4,100.0,15.23,4,0,100.0,1,HARDER
4,82.13,20.18,5,1,84.19,1,HARDER
6,84.6,17.91,9,1,84.64,2,HARDER
12,84.7,23.81,16,2,79.26,4,SAME
16,85.67,37.92,25,3,57.63,5,SAME
6,74.05,17.64,9,2,84.77,2,SAME
4,82.09,22.11,5,1,92.66,1,HARDER
16,68.59,52.74,28,7,38.63,5,HARDER
12,90.96,16.59,16,1,75.79,4,HARDER
6,99.61,16.42,6,0,95.17,2,HARDER
12,70.28,21.48,19,5,69.33,4,EASIER
6,100.0,11.37,6,0,96.06,2,HARDER
6,100.0,9.78,6,0,100.0,2,HARDER
6,55.09,19.97,15,5,47.2,2,EASIER
6,65.54,28.01,9,3,66.59,2,EASIER
9,73.73,29.38,16,3,86.69,3,EASIER
4,100.0,11.48,4,0,93.79,1,HARDER
6,99.98,11.41,6,0,93.8,2,HARDER
4,100.0,11.84,5,0,95.22,1,HARDER
12,92.24,14.63,14,1,92.03,4,HARDER
9,82.29,17.86,12,2,90.15,3,HARDER
16,87.85,16.58,20,2,83.11,5,HARDER
6,98.33,20.03,8,0,96.81,2,HARDER
12,79.99,24.41,15,3,69.78,4,SAME
4,100.0,20.4,4,0,87.51,1,HARDER
12,100.0,19.2,12,0,98.75,4,HARDER
12,65.93,61.32,22,6,49.24,4,EASIER
4,79.89,14.01,6,1,88.18,1,HARDER
9,70.17,21.27,14,4,73.64,3,HARDER
16,79.65,32.59,26,4,68.51,5,SAME
9,90.47,31.81,12,1,100.0,3,HARDER
9,88.7,21.24,11,1,86.27,3,HARDER
4,80.0,17.01,6,1,96.24,1,HARDER
4,99.79,8.26,4,0,88.0,1,HARDER
16,78.22,28.26,21,4,70.32,5,HARDER
12,79.63,19.54,20,3,68.97,4,SAME
16,84.79,29.93,21,3,62.79,5,HARDER
12,85.93,21.56,16,2,96.41,4,HARDER
6,85.19,16.77,8,1,87.61,2,HARDER
6,99.61,20.07,7,0,100.0,2,HARDER
6,100.0,15.42,6,0,99.2,2,HARDER
6,99.9,7.16,7,0,97.48,2,HARDER
6,100.0,15.69,7,0,82.79,2,HARDER
12,62.84,52.73,26,7,33.64,4,EASIER
6,99.02,14.57,6,0,100.0,2,HARDER
4,67.3,31.57,7,2,86.87,1,SAME
12,86.05,23.64,19,2,72.16,4,HARDER
16,80.18,42.15,24,4,59.69,5,SAME
4,100.0,13.89,5,0,93.23,1,HARDER
6,85.66,9.92,8,1,97.76,2,HARDER
9,82.46,31.55,12,2,71.03,3,SAME
16,68.35,33.16,26,7,50.64,5,EASIER
6,99.04,10.5,6,0,87.56,2,HARDER
4,78.72,13.68,6,1,82.14,1,HARDER
9,89.54,20.35,11,1,88.08,3,HARDER
9,80.61,17.02,12,2,78.82,3,HARDER
16,90.36,23.12,19,2,85.09,5,HARDER
6,84.65,17.24,7,1,85.78,2,HARDER
6,75.38,18.32,11,2,91.74,2,HARDER
4,98.87,9.0,4,0,100.0,1,HARDER
16,73.19,36.73,24,6,53.99,5,EASIER
9,91.47,15.15,11,1,87.64,3,HARDER
16,77.73,65.39,25,5,66.95,5,EASIER
4,98.53,10.75,5,0,100.0,1,HARDER
6,83.77,18.71,7,1,95.34,2,HARDER
6,83.84,15.15,7,1,100.0,2,HARDER
4,99.79,8.82,4,0,100.0,1,HARDER
16,68.03,52.74,27,7,48.53,5,EASIER
4,65.51,11.31,6,2,89.93,1,HARDER
6,98.12,6.61,8,0,87.05,2,HARDER
6,85.92,22.26,8,1,90.39,2,HARDER
9,75.32,20.56,14,3,75.27,3,HARDER
16,79.1,48.41,25,4,61.03,5,SAME
9,89.38,10.61,11,1,90.35,3,HARDER
12,84.72,20.09,17,2,80.75,4,HARDER
6,75.18,12.3,9,2,80.83,2,HARDER
4,80.01,15.62,6,1,78.56,1,SAME
6,98.93,12.82,6,0,100.0,2,HARDER
12,74.58,21.95,19,4,74.31,4,EASIER
4,81.5,13.9,5,1,96.33,1,HARDER
6,100.0,13.78,6,0,100.0,2,HARDER
16,76.09,41.49,26,5,58.68,5,EASIER
16,64.11,51.23,27,9,25.86,5,EASIER
12,80.66,22.93,15,3,84.93,4,HARDER
12,91.94,22.95,13,1,79.94,4,HARDER
4,79.06,11.02,6,1,78.94,1,HARDER
6,72.78,25.27,8,2,86.62,2,EASIER
16,83.51,27.73,20,3,81.38,5,HARDER
9,90.45,35.76,13,1,88.89,3,HARDER
4,66.97,14.33,6,2,74.11,1,SAME
4,80.55,9.83,6,1,92.79,1,HARDER
9,81.42,21.29,13,2,74.73,3,HARDER
6,75.04,28.05,9,2,78.41,2,HARDER
6,98.55,9.96,6,0,96.5,2,HARDER
6,75.13,11.82,11,2,83.33,2,HARDER
16,89.45,22.7,21,2,86.61,5,HARDER
12,74.25,18.39,21,4,67.96,4,EASIER
16,59.92,39.41,36,10,0.0,5,EASIER
9,64.4,17.69,17,5,61.46,3,EASIER
16,73.45,34.27,30,6,39.99,5,EASIER
4,100.0,16.42,5,0,100.0,1,HARDER
6,66.38,27.16,11,3,73.76,2,EASIER
6,99.61,10.02,6,0,99.4,2,HARDER
9,100.0,19.24,9,0,94.48,3,HARDER
4,100.0,12.82,4,0,100.0,1,HARDER
6,100.0,10.94,6,0,100.0,2,HARDER
6,86.3,15.21,7,1,92.22,2,HARDER
4,99.01,12.44,4,0,98.35,1,HARDER
12,66.57,36.71,23,6,45.24,4,EASIER
16,71.28,39.12,22,6,56.87,5,EASIER
4,66.98,17.23,8,2,85.74,1,EASIER
9,88.5,16.37,13,1,81.24,3,HARDER
12,90.47,14.85,13,1,78.36,4,HARDER
16,62.98,36.31,29,9,21.54,5,EASIER
12,70.4,21.45,19,5,57.0,4,EASIER
6,75.81,16.96,9,2,92.91,2,HARDER
6,98.31,17.92,6,0,93.91,2,HARDER
16,84.35,21.57,22,3,74.18,5,SAME
16,60.23,55.78,41,10,4.8,5,EASIER
12,100.0,26.39,12,0,88.63,4,HARDER
12,73.47,22.55,18,4,74.42,4,SAME
12,92.58,17.35,15,1,85.64,4,HARDER
4,98.83,6.8,4,0,91.04,1,HARDER
9,90.26,18.12,11,1,98.07,3,HARDER
6,66.85,21.27,9,3,85.9,2,EASIER
9,89.57,25.34,11,1,93.68,3,HARDER
16,61.28,52.96,29,10,14.15,5,EASIER
12,92.91,25.98,14,1,88.29,4,HARDER
4,80.48,21.28,6,1,83.04,1,SAME
12,74.24,30.61,20,4,69.9,4,EASIER
9,89.81,16.87,12,1,100.0,3,HARDER
9,88.4,22.62,10,1,96.79,3,HARDER
16,69.86,42.49,30,7,34.78,5,EASIER
9,88.94,18.47,11,1,83.28,3,HARDER
6,66.02,14.77,11,3,75.01,2,EASIER
4,100.0,9.34,4,0,100.0,1,HARDER
16,67.94,42.32,29,8,32.72,5,EASIER
16,78.26,33.63,26,5,53.2,5,EASIER
6,99.99,18.9,6,0,100.0,2,HARDER
6,85.67,19.91,10,1,94.35,2,HARDER
4,99.51,10.61,4,0,100.0,1,HARDER
6,99.27,10.77,6,0,100.0,2,HARDER
6,74.06,28.32,9,2,96.76,2,SAME
4,98.91,12.43,4,0,92.44,1,HARDER
12,70.43,30.14,20,5,50.76,4,EASIER
16,85.47,41.73,20,3,82.93,5,HARDER
16,66.04,28.35,31,8,13.88,5,EASIER
16,80.98,24.08,22,4,63.54,5,HARDER
6,59.77,25.63,12,4,70.78,2,EASIER
12,76.81,26.48,19,4,76.91,4,SAME
4,66.79,15.57,8,2,90.72,1,EASIER
6,75.8,13.82,9,2,80.9,2,HARDER
4,99.29,9.05,4,0,85.05,1,HARDER
9,75.31,28.01,14,3,62.62,3,SAME
16,75.14,37.42,27,5,38.99,5,EASIER
9,75.2,36.09,15,3,73.33,3,EASIER
16,80.24,39.5,26,4,62.55,5,SAME
9,74.68,26.21,14,3,69.68,3,SAME
12,85.59,25.68,18,2,87.14,4,EASIER
4,79.69,12.11,6,1,78.07,1,HARDER
4,100.0,16.17,4,0,92.18,1,HARDER
9,90.24,21.66,11,1,70.86,3,HARDER
6,99.76,10.19,7,0,100.0,2,HARDER
4,100.0,8.58,4,0,99.5,1,HARDER
12,79.06,27.16,17,3,76.19,4,SAME
12,81.72,31.59,18,3,65.03,4,HARDER
6,84.57,13.57,8,1,86.94,2,HARDER
16,79.87,45.22,21,4,74.75,5,EASIER
6,74.32,15.13,10,2,79.74,2,SAME
16,97.64,25.41,17,0,90.92,5,HARDER
4,66.5,13.39,8,2,74.7,1,EASIER
4,80.78,9.53,7,1,89.21,1,HARDER
12,79.31,20.77,16,3,72.57,4,SAME
9,74.77,19.36,14,3,77.76,3,SAME
16,86.18,30.67,22,3,68.38,5,HARDER
16,82.42,26.56,25,3,68.54,5,SAME
4,100.0,7.83,4,0,96.72,1,HARDER
12,71.63,26.56,20,5,56.49,4,SAME
12,80.15,17.12,18,3,89.47,4,HARDER
6,66.88,17.78,10,3,63.51,2,SAME
16,73.12,42.95,24,6,50.59,5,EASIER
6,84.92,16.95,8,1,93.61,2,HARDER
6,74.45,17.32,10,2,83.9,2,SAME
12,70.23,43.15,20,5,69.63,4,EASIER
4,80.24,11.92,5,1,95.85,1,HARDER
12,60.15,56.46,29,8,17.18,4,EASIER
16,80.29,29.21,25,4,65.3,5,SAME
6,75.12,17.95,8,2,76.58,2,HARDER
9,81.64,21.15,13,2,73.24,3,HARDER
16,76.26,34.25,29,5,47.79,5,SAME
4,100.0,9.32,4,0,100.0,1,HARDER
4,99.57,11.88,4,0,100.0,1,HARDER
16,90.17,41.97,22,2,80.76,5,HARDER
4,100.0,10.21,4,0,96.58,1,HARDER
16,88.56,36.35,19,2,94.89,5,HARDER
16,69.88,30.46,31,7,34.23,5,EASIER
9,83.17,19.38,11,2,79.89,3,HARDER
6,100.0,9.17,6,0,100.0,2,HARDER
4,100.0,7.35,4,0,93.34,1,HARDER
4,100.0,14.02,4,0,100.0,1,HARDER
4,79.68,10.88,5,1,93.05,1,HARDER
16,58.72,47.85,36,11,0.0,5,EASIER
16,80.89,20.13,24,4,79.32,5,SAME
4,79.73,14.95,6,1,92.83,1,HARDER
16,75.32,33.87,22,5,80.12,5,HARDER
16,80.57,36.91,22,4,72.4,5,SAME
4,97.98,16.39,4,0,100.0,1,HARDER
12,84.69,23.71,16,2,78.62,4,HARDER
4,99.89,16.38,4,0,95.24,1,HARDER
16,79.62,29.04,25,4,62.48,5,SAME
12,65.65,51.12,24,6,34.83,4,EASIER
6,85.78,13.73,7,1,98.89,2,HARDER
9,82.08,16.31,13,2,89.4,3,HARDER
16,75.5,33.36,23,5,57.92,5,EASIER
12,92.3,49.43,14,1,83.6,4,HARDER
6,84.51,19.48,7,1,83.79,2,HARDER
16,86.56,28.41,20,2,83.41,5,HARDER
9,80.77,17.69,12,2,85.94,3,HARDER
12,85.68,15.78,14,2,96.92,4,HARDER
6,99.83,11.08,6,0,100.0,2,HARDER
9,89.05,28.52,11,1,83.91,3,HARDER
9,82.26,21.0,13,2,89.67,3,HARDER
9,58.58,34.83,18,6,53.64,3,EASIER
16,77.28,45.0,22,5,66.95,5,SAME
6,75.02,19.22,8,2,79.96,2,HARDER
4,100.0,9.47,4,0,97.38,1,HARDER
16,83.64,24.5,20,3,73.51,5,SAME
9,82.17,15.05,14,2,71.71,3,EASIER
4,64.97,14.76,7,2,83.3,1,EASIER
12,82.46,47.94,18,3,71.11,4,EASIER
4,99.84,11.68,4,0,100.0,1,HARDER
9,91.34,24.78,10,1,96.1,3,HARDER
6,75.85,14.89,12,2,83.13,2,HARDER
9,81.38,20.09,15,2,79.18,3,HARDER
9,74.76,17.87,13,3,82.68,3,SAME
6,86.82,17.94,7,1,91.71,2,HARDER
9,81.72,14.21,11,2,84.45,3,HARDER
9,90.1,15.47,13,1,93.27,3,HARDER
6,99.21,13.34,7,0,100.0,2,HARDER
16,82.22,29.87,22,3,76.98,5,HARDER
9,100.0,15.44,9,0,98.53,3,HARDER
16,90.44,17.6,21,2,77.35,5,HARDER
4,97.78,15.8,4,0,93.49,1,HARDER
12,93.79,27.68,13,1,75.73,4,HARDER
6,100.0,11.26,6,0,100.0,2,HARDER
9,63.39,31.66,17,5,56.97,3,EASIER
6,85.22,12.78,8,1,100.0,2,HARDER
4,79.27,11.81,5,1,89.26,1,HARDER
16,70.72,53.96,27,6,42.61,5,EASIER
4,67.53,15.31,9,2,69.75,1,SAME
16,77.5,15.91,24,5,58.89,5,EASIER
6,100.0,12.9,6,0,96.08,2,HARDER
12,81.09,24.73,17,3,82.39,4,SAME
16,78.56,27.1,24,4,65.83,5,SAME
12,75.38,19.33,20,4,65.62,4,SAME
4,100.0,11.03,4,0,100.0,1,HARDER
12,74.95,36.71,17,4,64.43,4,SAME
9,100.0,14.44,10,0,99.6,3,HARDER
6,74.79,9.19,10,2,91.39,2,HARDER
4,98.74,7.25,4,0,100.0,1,HARDER
9,81.93,16.53,11,2,86.48,3,HARDER
4,80.15,11.24,5,1,89.14,1,HARDER
12,59.7,48.14,25,8,38.75,4,EASIER
6,74.03,15.94,9,2,80.81,2,HARDER
12,74.73,27.23,16,4,69.25,4,SAME
12,85.51,21.49,17,2,78.1,4,HARDER
4,81.32,11.39,6,1,85.23,1,HARDER
12,64.1,49.68,24,7,27.63,4,EASIER
9,90.02,22.25,11,1,81.71,3,HARDER
9,80.4,17.62,13,2,72.94,3,SAME
16,76.75,31.17,29,5,43.65,5,EASIER
12,91.0,29.97,14,1,94.57,4,HARDER
6,99.92,15.59,7,0,93.53,2,HARDER
12,72.79,46.34,19,5,61.23,4,SAME
9,89.73,14.88,10,1,92.45,3,HARDER
9,100.0,17.4,9,0,100.0,3,HARDER
4,66.61,21.61,6,2,80.64,1,EASIER
4,100.0,13.05,5,0,100.0,1,HARDER
6,84.97,16.97,7,1,100.0,2,HARDER
16,72.38,65.42,24,6,46.9,5,EASIER
4,99.13,9.94,6,0,92.92,1,HARDER
9,76.01,21.27,15,3,86.7,3,HARDER
4,81.22,11.13,5,1,100.0,1,HARDER
6,100.0,9.01,6,0,100.0,2,HARDER
6,84.41,21.85,10,1,87.44,2,HARDER
9,99.54,21.88,9,0,100.0,3,HARDER
12,75.21,40.87,17,4,59.68,4,EASIER
9,73.89,13.98,14,3,82.05,3,EASIER
4,100.0,9.51,4,0,100.0,1,HARDER
6,85.1,22.17,7,1,94.82,2,HARDER
6,99.24,11.41,6,0,100.0,2,HARDER
6,85.89,15.19,8,1,90.38,2,HARDER
4,99.52,19.97,4,0,100.0,1,HARDER
16,76.07,19.09,26,5,53.15,5,SAME
9,63.29,42.76,14,5,67.24,3,EASIER
16,83.63,40.81,26,3,75.81,5,SAME
9,89.62,13.7,11,1,92.67,3,HARDER
9,90.22,31.03,11,1,95.83,3,HARDER
4,81.1,9.35,6,1,100.0,1,HARDER
16,64.08,29.93,28,9,51.21,5,EASIER
6,76.59,24.08,8,2,88.95,2,SAME
16,67.58,45.69,34,8,19.88,5,EASIER
4,67.32,20.47,6,2,82.32,1,SAME
12,80.26,27.68,15,3,80.16,4,SAME
4,78.89,10.91,5,1,100.0,1,HARDER
9,65.23,28.08,15,5,64.92,3,EASIER
16,83.02,36.23,19,3,72.34,5,SAME
6,85.96,24.84,7,1,86.66,2,HARDER
16,75.02,42.05,23,5,62.27,5,EASIER
9,73.98,27.55,12,3,82.9,3,HARDER
16,89.83,22.98,18,2,88.7,5,HARDER
6,99.65,13.62,8,0,100.0,2,HARDER
9,75.28,16.99,13,3,78.42,3,SAME
4,99.33,7.7,4,0,92.8,1,HARDER
6,99.57,13.13,6,0,96.66,2,HARDER
9,69.02,21.75,18,4,47.04,3,EASIER
16,89.83,49.83,19,2,90.2,5,HARDER
4,98.94,9.09,4,0,100.0,1,HARDER
16,77.62,44.5,23,5,55.38,5,SAME
16,76.63,27.79,25,5,69.29,5,EASIER
9,76.98,18.78,15,3,82.03,3,SAME
6,66.11,25.33,9,3,76.89,2,SAME
4,99.61,11.44,4,0,95.69,1,HARDER
6,86.16,17.0,8,1,95.08,2,HARDER
6,100.0,18.34,6,0,99.9,2,HARDER
9,81.61,16.11,12,2,76.58,3,HARDER
6,67.22,20.5,10,3,75.63,2,EASIER
4,79.56,12.06,6,1,96.86,1,HARDER
6,87.57,13.31,7,1,100.0,2,HARDER
12,85.98,18.61,15,2,86.95,4,HARDER
16,90.48,21.26,20,2,89.38,5,HARDER
9,82.92,21.71,12,2,77.11,3,HARDER
4,99.64,14.64,4,0,94.43,1,HARDER
16,79.87,27.02,25,4,59.18,5,EASIER
6,86.68,12.69,7,1,96.13,2,HARDER
16,81.07,46.64,24,4,65.33,5,EASIER
6,99.9,14.13,6,0,89.66,2,HARDER
9,54.58,44.45,22,8,28.26,3,EASIER
9,63.07,25.72,18,5,54.85,3,EASIER
9,79.64,17.22,12,2,86.52,3,HARDER
12,85.77,14.75,14,2,77.3,4,HARDER
9,74.58,12.61,14,3,80.13,3,SAME
4,99.21,21.47,4,0,94.65,1,HARDER
9,82.22,26.95,12,2,93.88,3,HARDER
4,100.0,8.68,4,0,100.0,1,HARDER
16,100.0,20.56,19,0,98.28,5,HARDER
16,75.62,42.19,23,5,71.58,5,EASIER
6,99.16,10.68,6,0,100.0,2,HARDER
12,86.46,25.35,14,2,69.7,4,HARDER
4,99.48,8.32,4,0,88.93,1,HARDER
12,80.63,36.44,15,3,71.16,4,HARDER
9,91.16,13.4,10,1,92.28,3,HARDER
16,88.42,23.9,24,2,76.58,5,HARDER
6,76.79,24.76,9,2,75.7,2,EASIER
9,82.95,13.42,13,2,89.18,3,HARDER
6,66.91,17.46,11,3,75.89,2,EASIER
16,69.99,46.81,28,7,44.86,5,EASIER
6,75.26,23.72,10,2,82.85,2,SAME
4,67.48,12.81,7,2,81.87,1,EASIER
12,79.57,22.55,18,3,80.81,4,SAME
12,70.78,23.63,23,5,58.44,4,EASIER
6,86.01,11.53,9,1,94.53,2,HARDER
16,94.03,16.8,18,1,98.8,5,HARDER
6,86.05,11.03,7,1,90.6,2,HARDER
9,81.57,20.4,12,2,87.25,3,HARDER
4,100.0,12.76,4,0,93.18,1,HARDER
12,81.28,21.85,20,3,81.56,4,HARDER
6,86.91,24.87,8,1,100.0,2,HARDER
16,73.01,21.0,29,6,31.5,5,EASIER
16,73.37,40.39,29,6,43.62,5,EASIER
9,74.41,18.09,14,3,81.07,3,SAME
16,84.19,34.66,21,3,65.07,5,SAME
9,99.33,23.09,9,0,98.95,3,HARDER
4,100.0,12.46,4,0,100.0,1,HARDER
16,87.83,28.69,20,2,75.22,5,HARDER
9,89.32,24.54,11,1,86.17,3,HARDER
4,100.0,15.06,4,0,95.74,1,HARDER
9,90.18,30.25,12,1,99.41,3,HARDER
9,68.92,31.27,19,4,56.24,3,EASIER
16,63.87,45.53,31,9,28.85,5,EASIER
12,74.41,15.52,19,4,61.23,4,HARDER
12,71.45,25.76,23,5,49.73,4,EASIER
4,81.55,14.81,5,1,90.25,1,HARDER
6,100.0,20.04,6,0,96.59,2,HARDER
4,99.23,15.85,4,0,94.27,1,HARDER
4,98.54,10.61,4,0,100.0,1,HARDER
4,56.64,12.3,10,3,72.41,1,EASIER
9,76.4,21.46,14,3,72.03,3,SAME
12,73.43,52.32,20,4,53.62,4,EASIER
16,93.98,24.55,19,1,89.79,5,HARDER
12,85.68,17.82,15,2,91.78,4,HARDER
6,85.83,19.29,7,1,88.45,2,HARDER
4,100.0,13.26,4,0,100.0,1,HARDER
6,85.58,17.98,8,1,89.19,2,HARDER
4,99.54,9.24,4,0,100.0,1,HARDER
12,79.97,21.32,17,3,75.09,4,SAME
16,67.08,60.49,30,8,27.87,5,EASIER
4,99.46,15.25,4,0,95.75,1,HARDER
16,76.32,22.5,25,5,68.53,5,SAME
4,98.7,9.18,4,0,98.36,1,HARDER
9,82.4,21.48,13,2,93.24,3,HARDER
6,84.94,19.56,7,1,100.0,2,HARDER
16,72.53,42.31,27,6,49.56,5,EASIER
6,100.0,13.47,6,0,98.28,2,HARDER
4,100.0,9.52,4,0,93.97,1,HARDER
12,78.5,27.75,15,3,70.98,4,HARDER
6,75.14,17.16,9,2,84.59,2,HARDER
4,100.0,14.68,4,0,91.65,1,HARDER
12,85.0,18.03,15,2,93.08,4,HARDER
9,83.37,24.62,15,2,83.57,3,SAME
9,100.0,14.48,9,0,97.82,3,HARDER
16,60.82,44.12,30,10,10.22,5,EASIER
16,83.88,22.86,21,3,79.26,5,SAME
12,80.03,32.46,21,3,72.23,4,SAME
12,85.88,23.1,16,2,85.65,4,HARDER
12,70.34,37.45,20,5,53.85,4,EASIER
6,83.78,11.43,7,1,96.15,2,HARDER
9,64.1,27.95,15,5,55.9,3,EASIER
6,100.0,8.79,6,0,100.0,2,HARDER
9,89.08,12.99,10,1,95.95,3,HARDER
9,89.25,29.38,10,1,95.25,3,HARDER
6,66.34,21.58,15,3,59.93,2,EASIER
6,100.0,14.21,7,0,93.08,2,HARDER
12,74.81,38.18,19,4,58.57,4,EASIER
16,73.03,45.42,24,6,48.31,5,EASIER
16,84.44,26.35,19,3,84.12,5,HARDER
6,61.23,32.78,15,4,72.62,2,EASIER
16,66.46,34.8,31,8,17.76,5,EASIER
4,66.8,14.7,7,2,79.43,1,SAME
6,99.66,14.91,6,0,100.0,2,HARDER
16,64.47,51.1,29,8,30.57,5,EASIER
12,62.67,63.77,26,7,28.8,4,EASIER
6,85.79,12.18,8,1,87.88,2,HARDER
6,99.59,10.72,6,0,100.0,2,HARDER
4,80.36,15.52,6,1,89.84,1,SAME
9,67.12,26.15,16,4,73.95,3,SAME
12,92.74,24.22,15,1,97.43,4,HARDER
16,69.96,48.65,27,7,34.38,5,EASIER
4,99.79,18.85,4,0,92.04,1,HARDER
9,89.72,22.62,10,1,100.0,3,HARDER
4,99.48,10.56,4,0,94.98,1,HARDER
4,98.87,12.34,4,0,99.36,1,HARDER
12,100.0,16.4,12,0,100.0,4,HARDER
4,100.0,11.38,4,0,100.0,1,HARDER
16,89.39,23.4,19,2,87.62,5,HARDER
4,99.22,9.0,4,0,97.87,1,HARDER
16,74.16,36.15,24,6,63.86,5,SAME
6,100.0,14.3,6,0,100.0,2,HARDER
16,67.22,41.81,30,8,41.7,5,EASIER
6,74.89,19.23,9,2,76.39,2,HARDER
16,84.54,29.75,20,3,81.38,5,HARDER
16,84.63,22.44,22,3,72.71,5,HARDER
9,58.78,25.34,16,6,64.72,3,EASIER
6,86.72,12.38,9,1,91.44,2,HARDER
12,76.85,19.36,17,3,84.31,4,HARDER
4,80.84,13.19,8,1,96.78,1,HARDER
4,99.62,14.36,4,0,100.0,1,HARDER
16,64.17,49.87,29,9,26.76,5,EASIER
9,70.8,28.12,14,4,84.31,3,EASIER
12,63.09,44.57,22,8,30.48,4,EASIER
4,100.0,8.08,4,0,96.29,1,HARDER
12,91.6,18.01,14,1,100.0,4,HARDER
12,79.43,22.55,17,3,74.01,4,HARDER
16,88.88,28.94,19,2,88.66,5,HARDER
16,84.0,44.37,23,3,79.9,5,HARDER
6,66.87,27.12,10,3,79.83,2,EASIER
6,99.76,17.46,7,0,99.48,2,HARDER
12,85.72,32.32,14,2,87.06,4,HARDER
9,90.64,16.11,12,1,93.47,3,HARDER
6,74.47,22.92,9,2,81.47,2,SAME
4,98.82,9.15,4,0,99.57,1,HARDER
9,68.94,19.98,15,4,69.49,3,SAME
16,82.1,37.41,21,3,85.59,5,HARDER
16,82.0,25.43,24,3,67.03,5,HARDER
4,99.72,9.18,4,0,100.0,1,HARDER
6,98.3,19.07,6,0,100.0,2,HARDER
9,91.72,17.23,12,1,86.15,3,HARDER
6,99.07,10.96,7,0,88.02,2,HARDER
4,80.66,15.26,5,1,79.96,1,HARDER
12,85.26,19.39,16,2,78.24,4,HARDER
6,99.58,16.24,6,0,93.03,2,HARDER
12,84.81,16.42,17,2,87.95,4,HARDER
6,86.57,22.22,7,1,100.0,2,HARDER
4,81.87,18.96,10,1,69.65,1,SAME
12,79.24,38.65,17,3,86.23,4,SAME
16,74.34,23.3,23,5,58.29,5,SAME
6,100.0,17.31,6,0,100.0,2,HARDER
4,80.6,13.09,7,1,97.77,1,HARDER
16,90.09,24.31,20,2,77.52,5,HARDER
6,99.93,13.63,6,0,84.03,2,HARDER
4,100.0,18.42,4,0,97.9,1,HARDER
9,80.18,24.47,13,2,86.29,3,SAME
12,81.5,25.31,17,3,70.64,4,HARDER
16,94.13,26.36,18,1,93.49,5,HARDER
6,100.0,23.65,6,0,100.0,2,HARDER
6,87.74,15.98,7,1,100.0,2,HARDER
4,67.23,18.18,7,2,73.98,1,EASIER
12,93.97,45.65,15,1,87.1,4,HARDER
16,72.26,31.31,28,6,46.08,5,EASIER
16,88.83,33.38,20,2,79.48,5,HARDER
12,74.94,23.65,19,4,57.74,4,SAME
6,100.0,23.88,6,0,98.65,2,HARDER
4,98.44,10.45,4,0,100.0,1,HARDER
12,75.47,29.72,17,4,59.66,4,EASIER
9,84.44,15.48,11,2,85.4,3,SAME
12,77.1,24.64,17,4,65.48,4,HARDER
9,68.83,34.6,16,4,59.81,3,EASIER
6,100.0,15.4,6,0,100.0,2,HARDER
12,73.54,25.84,20,4,70.34,4,EASIER
4,99.72,11.53,4,0,100.0,1,HARDER
4,99.9,10.28,4,0,94.73,1,HARDER
4,100.0,14.05,5,0,92.78,1,HARDER
9,89.78,14.73,10,1,95.39,3,HARDER
12,85.73,29.05,15,2,77.61,4,HARDER
12,100.0,24.44,13,0,100.0,4,HARDER
12,81.65,17.47,19,3,74.84,4,SAME
6,98.59,16.24,7,0,92.38,2,HARDER
4,99.96,10.62,4,0,91.7,1,EASIER
12,71.59,38.24,18,5,51.88,4,SAME
9,90.31,16.36,10,1,100.0,3,HARDER
12,69.96,29.19,19,5,55.96,4,EASIER
16,90.66,19.02,20,2,79.83,5,HARDER
6,58.53,29.37,15,4,65.58,2,EASIER
4,80.7,13.62,5,1,100.0,1,HARDER
6,75.06,20.94,9,2,98.01,2,SAME
4,80.62,9.54,5,1,97.77,1,HARDER
9,100.0,15.37,9,0,100.0,3,HARDER
4,100.0,7.99,4,0,100.0,1,HARDER
16,79.77,32.6,25,4,58.26,5,SAME
9,88.3,20.5,12,1,90.68,3,HARDER
4,80.39,14.64,7,1,88.5,1,HARDER
9,82.24,16.81,16,2,80.41,3,SAME
12,73.68,37.49,21,4,82.41,4,SAME
12,92.32,23.41,14,1,87.9,4,HARDER
12,82.05,33.18,17,3,76.44,4,HARDER
9,88.08,21.51,13,1,89.4,3,HARDER
12,80.37,20.32,15,3,81.46,4,HARDER
6,84.26,12.42,8,1,73.09,2,HARDER
16,84.26,47.31,22,3,68.87,5,SAME
4,80.08,8.51,6,1,87.58,1,HARDER
16,80.03,48.1,21,4,69.8,5,SAME
16,86.85,19.75,24,3,85.32,5,SAME
9,74.17,23.79,12,3,80.09,3,SAME
16,80.22,32.91,28,4,66.55,5,SAME
4,100.0,13.42,4,0,100.0,1,HARDER
12,80.1,21.57,16,3,87.66,4,HARDER
6,100.0,12.29,6,0,96.93,2,HARDER
9,68.56,20.31,15,4,58.97,3,EASIER
16,83.53,32.27,21,3,79.86,5,HARDER
9,89.05,20.41,14,1,69.79,3,HARDER
9,83.05,9.82,11,2,91.23,3,HARDER
16,93.88,17.06,19,1,85.63,5,HARDER
4,99.85,7.67,4,0,92.0,1,HARDER
4,99.37,20.23,4,0,94.15,1,HARDER
9,89.9,18.28,12,1,92.76,3,HARDER
4,80.35,19.04,8,1,77.34,1,HARDER
16,77.84,26.08,28,5,55.23,5,SAME
9,69.58,33.79,17,4,63.76,3,EASIER
6,75.77,15.55,10,2,72.25,2,HARDER
16,76.05,30.16,22,5,78.87,5,SAME
16,81.0,32.26,22,4,61.5,5,SAME
6,100.0,15.93,6,0,88.74,2,HARDER
6,66.78,27.04,11,3,67.93,2,EASIER
4,66.25,17.93,6,2,76.85,1,SAME
6,85.37,13.8,8,1,100.0,2,HARDER
16,72.81,36.08,24,6,63.12,5,SAME
6,99.81,15.02,7,0,82.56,2,HARDER
6,100.0,11.12,6,0,93.23,2,HARDER
6,85.28,19.31,7,1,84.02,2,HARDER
4,99.75,14.78,4,0,100.0,1,HARDER
4,99.63,12.52,4,0,95.56,1,HARDER
4,80.38,16.35,5,1,96.75,1,HARDER
9,89.17,14.33,11,1,93.53,3,HARDER
4,100.0,9.83,4,0,95.29,1,HARDER
12,79.61,25.44,20,3,69.95,4,SAME
9,83.78,23.83,11,2,87.28,3,SAME
16,75.59,31.2,22,5,64.81,5,SAME
6,75.27,15.08,10,2,93.37,2,SAME
12,79.2,14.25,16,3,78.34,4,HARDER
4,78.36,12.48,5,1,100.0,1,HARDER
9,76.19,27.05,21,3,66.35,3,EASIER
6,85.47,13.61,7,1,92.37,2,HARDER
12,85.57,36.2,14,2,92.21,4,HARDER
4,100.0,10.32,4,0,97.36,1,HARDER
4,80.81,14.53,7,1,93.0,1,SAME
9,76.2,19.32,14,3,66.89,3,SAME
16,92.96,24.76,18,1,97.91,5,HARDER
6,75.71,12.59,11,2,75.0,2,SAME
4,100.0,9.63,4,0,100.0,1,HARDER
4,68.13,11.69,7,2,90.99,1,SAME
12,84.93,19.94,16,2,83.01,4,HARDER
12,69.74,53.37,21,5,59.55,4,EASIER
16,67.36,40.87,32,8,21.71,5,EASIER
9,73.55,22.4,12,3,73.47,3,SAME
4,98.82,17.74,4,0,95.45,1,HARDER
6,87.4,11.74,7,1,93.85,2,HARDER
4,99.37,8.79,4,0,100.0,1,EASIER
6,75.87,13.83,9,2,85.15,2,SAME
6,99.84,15.3,6,0,100.0,2,HARDER
6,100.0,13.29,6,0,96.73,2,HARDER
9,74.24,16.42,12,3,71.43,3,SAME
12,100.0,17.1,13,0,100.0,4,HARDER
9,69.88,15.67,15,4,80.33,3,SAME
6,85.99,13.55,7,1,95.59,2,HARDER
4,81.09,18.68,5,1,100.0,1,HARDER
12,76.63,34.41,17,3,75.44,4,SAME
6,84.51,16.97,7,1,81.25,2,SAME
6,99.91,19.57,8,0,97.48,2,HARDER
4,99.72,13.52,4,0,97.79,1,HARDER
6,99.62,16.37,8,0,88.39,2,HARDER
9,100.0,34.19,11,0,96.44,3,HARDER
9,92.18,17.69,12,1,86.57,3,HARDER
9,73.66,20.69,13,3,84.24,3,SAME
9,80.76,11.53,11,2,90.82,3,HARDER
9,100.0,13.49,9,0,100.0,3,HARDER
16,76.4,30.96,23,5,61.64,5,SAME
6,74.8,15.85,10,2,100.0,2,SAME
9,91.84,23.81,11,1,86.67,3,HARDER
9,80.9,25.38,11,2,74.54,3,HARDER
4,100.0,11.44,4,0,100.0,1,HARDER
12,78.51,29.87,16,3,70.32,4,HARDER
4,78.39,14.08,5,1,94.45,1,HARDER
4,99.15,12.53,4,0,92.79,1,HARDER
9,99.62,13.26,10,0,100.0,3,HARDER
4,82.43,19.33,5,1,100.0,1,HARDER
6,75.96,22.85,8,2,85.88,2,SAME
9,79.94,35.27,14,2,74.83,3,EASIER
16,67.16,51.96,34,8,26.03,5,EASIER
12,87.2,38.5,20,2,68.05,4,HARDER
4,78.44,12.66,6,1,90.99,1,HARDER
16,68.38,46.46,25,7,49.29,5,EASIER
9,77.49,18.3,12,3,96.67,3,SAME
16,72.26,57.96,25,6,45.42,5,EASIER
16,80.83,30.6,22,4,75.77,5,HARDER
9,80.49,15.81,15,2,77.64,3,HARDER
9,59.52,33.35,18,6,50.61,3,EASIER
16,94.65,21.93,19,1,98.48,5,HARDER
4,100.0,15.62,4,0,92.14,1,HARDER
9,99.33,20.79,9,0,100.0,3,HARDER
12,93.53,23.25,13,1,97.78,4,HARDER
12,73.82,33.55,18,4,77.44,4,SAME
4,99.13,20.17,5,0,93.71,1,HARDER
4,78.48,13.18,5,1,91.3,1,HARDER
16,80.62,26.58,22,4,58.61,5,SAME
16,94.71,26.7,18,1,95.16,5,HARDER
16,84.64,21.24,21,3,84.04,5,HARDER
12,79.99,16.0,18,3,80.8,4,SAME
16,76.95,35.91,24,5,46.77,5,EASIER
16,82.86,22.65,21,3,90.16,5,HARDER
16,94.61,25.06,18,1,93.02,5,HARDER
9,89.38,14.15,12,1,89.63,3,HARDER
9,82.73,28.82,13,2,86.53,3,HARDER
6,99.24,14.27,8,0,90.38,2,HARDER
6,85.12,13.22,9,1,87.28,2,HARDER
16,79.62,42.55,26,4,57.25,5,EASIER
4,80.04,10.93,6,1,90.99,1,HARDER
6,99.0,14.99,6,0,100.0,2,HARDER
4,79.33,16.51,5,1,95.9,1,HARDER
12,91.31,11.75,13,1,99.44,4,HARDER
6,83.65,16.57,8,1,86.11,2,HARDER
16,93.66,24.29,17,1,100.0,5,HARDER
6,86.09,19.91,9,1,86.1,2,HARDER
12,66.35,35.68,20,6,57.15,4,EASIER
9,90.03,25.92,11,1,84.98,3,HARDER
4,100.0,15.24,4,0,100.0,1,HARDER
16,76.35,41.14,23,5,61.64,5,EASIER
9,89.53,13.83,11,1,100.0,3,HARDER
9,80.53,30.8,11,2,81.67,3,HARDER
12,71.99,15.61,28,5,57.73,4,EASIER
4,100.0,14.39,4,0,97.72,1,HARDER
4,100.0,10.52,4,0,100.0,1,HARDER
16,78.5,29.31,23,5,60.22,5,EASIER
6,83.54,14.24,8,1,86.99,2,HARDER
16,66.71,28.86,27,8,47.67,5,EASIER
9,98.91,19.07,10,0,98.03,3,HARDER
6,85.84,12.98,7,1,100.0,2,HARDER
9,69.06,24.0,16,4,69.13,3,EASIER
4,100.0,8.51,4,0,100.0,1,HARDER
16,68.15,39.51,31,7,39.34,5,EASIER
16,85.21,21.71,22,3,84.7,5,HARDER
4,78.57,15.51,6,1,89.66,1,HARDER
4,65.96,19.95,7,2,62.28,1,EASIER
9,73.51,26.39,13,3,77.76,3,SAME
16,75.38,35.9,23,5,54.16,5,SAME
6,99.27,20.27,6,0,100.0,2,HARDER
9,69.95,27.06,14,4,76.17,3,EASIER
9,100.0,14.34,9,0,100.0,3,HARDER
12,76.97,39.15,18,4,74.37,4,SAME
4,100.0,14.78,4,0,96.66,1,HARDER
9,80.88,14.49,14,2,89.62,3,HARDER
6,75.6,24.31,9,2,84.35,2,SAME
4,99.83,10.14,4,0,91.49,1,HARDER
6,74.08,12.72,9,2,79.94,2,SAME
16,82.44,24.95,22,4,62.46,5,SAME
16,78.87,34.09,24,4,58.95,5,SAME
4,99.82,9.14,4,0,84.17,1,HARDER
12,94.15,18.78,14,1,79.31,4,HARDER
6,100.0,12.05,6,0,92.66,2,HARDER
6,100.0,19.24,7,0,93.96,2,HARDER
12,85.85,18.93,17,2,76.68,4,SAME
9,91.72,15.32,10,1,100.0,3,HARDER
16,69.13,40.41,29,7,28.3,5,EASIER
9,73.37,26.86,16,3,65.75,3,SAME
4,99.53,11.87,4,0,100.0,1,HARDER
4,99.95,18.66,4,0,95.04,1,HARDER
6,98.19,18.99,6,0,100.0,2,HARDER
9,67.85,23.75,17,4,63.02,3,EASIER
12,75.78,24.45,19,4,57.24,4,HARDER
9,73.84,17.89,13,3,82.97,3,SAME
9,81.71,22.98,13,2,87.66,3,HARDER
16,79.17,56.18,20,4,74.85,5,HARDER
4,100.0,10.86,4,0,87.02,1,HARDER
16,100.0,19.3,17,0,100.0,5,HARDER
4,99.51,7.6,4,0,97.32,1,HARDER
9,99.72,28.33,9,0,95.65,3,HARDER
12,67.0,16.52,24,6,48.33,4,EASIER
16,88.75,30.16,18,2,79.39,5,HARDER
9,74.0,24.57,14,3,81.53,3,SAME
12,76.3,21.04,19,4,62.72,4,EASIER
6,100.0,12.07,6,0,100.0,2,HARDER
6,100.0,15.96,6,0,96.24,2,HARDER
6,85.22,19.16,8,1,88.3,2,HARDER
16,88.05,43.99,19,2,92.07,5,HARDER
12,81.17,23.29,15,3,85.02,4,HARDER
16,89.36,15.59,19,2,91.28,5,HARDER
6,75.27,21.83,11,2,72.22,2,SAME
9,73.42,25.66,13,3,92.51,3,SAME
9,82.6,15.94,13,2,90.68,3,HARDER
9,81.35,17.54,12,2,91.92,3,HARDER
4,100.0,12.39,4,0,100.0,1,HARDER
4,100.0,9.16,4,0,100.0,1,HARDER
16,85.52,29.19,21,3,75.61,5,HARDER
16,84.58,22.42,25,3,73.6,5,SAME
12,100.0,17.7,12,0,97.07,4,HARDER
4,100.0,10.87,4,0,100.0,1,HARDER
6,86.26,19.34,8,1,68.51,2,HARDER
4,99.74,8.99,4,0,95.79,1,HARDER
9,88.54,23.92,10,1,100.0,3,HARDER
9,74.9,23.47,14,3,66.37,3,SAME
16,66.0,46.08,28,8,31.77,5,EASIER
16,79.55,30.64,24,4,64.98,5,SAME
6,87.47,9.51,9,1,89.98,2,HARDER
16,67.36,27.72,28,8,33.25,5,EASIER
16,78.87,64.02,24,4,57.74,5,EASIER
6,74.87,17.39,9,2,77.83,2,SAME
16,74.09,39.26,25,5,59.44,5,EASIER
4,82.59,15.6,5,1,99.58,1,HARDER
6,75.19,20.06,10,2,68.84,2,SAME
12,75.34,23.78,21,4,67.29,4,EASIER
16,64.11,37.54,34,9,24.17,5,EASIER
6,100.0,12.57,6,0,99.62,2,HARDER
16,70.74,47.75,26,6,43.19,5,EASIER
4,100.0,10.85,4,0,100.0,1,HARDER
16,93.6,22.47,18,1,95.79,5,HARDER
12,93.79,18.08,14,1,87.32,4,HARDER
16,84.59,30.98,21,3,77.25,5,HARDER
12,85.87,19.81,16,2,80.64,4,HARDER
12,75.04,41.14,17,4,69.35,4,SAME
12,73.22,24.9,18,4,77.82,4,HARDER
4,80.56,16.35,5,1,89.2,1,SAME
9,76.1,20.14,12,3,84.42,3,HARDER
12,80.96,30.29,17,3,88.05,4,HARDER
6,74.31,18.5,9,2,80.24,2,SAME
6,97.89,15.24,6,0,100.0,2,HARDER
4,79.72,19.83,6,1,91.34,1,HARDER
9,75.51,14.77,18,3,63.44,3,SAME
6,100.0,15.6,6,0,100.0,2,HARDER
6,87.46,12.79,8,1,92.0,2,HARDER
12,92.92,14.77,14,1,95.38,4,HARDER
4,100.0,15.9,4,0,100.0,1,HARDER
12,83.8,23.24,19,2,76.83,4,HARDER
9,81.88,18.55,13,2,83.62,3,HARDER
16,83.29,28.71,20,3,86.77,5,HARDER
12,76.19,63.51,17,4,62.11,4,EASIER
12,59.73,36.79,24,8,28.2,4,EASIER
4,66.34,15.68,6,2,74.11,1,HARDER
16,84.09,47.17,20,3,82.75,5,SAME
6,85.24,13.26,9,1,96.7,2,HARDER
12,79.54,28.9,16,3,82.83,4,HARDER
12,70.2,25.95,17,5,59.76,4,EASIER
16,83.77,34.06,20,3,72.27,5,SAME
9,98.87,15.37,11,0,96.45,3,HARDER
4,100.0,11.08,4,0,100.0,1,HARDER
16,84.96,49.54,24,3,74.07,5,SAME
16,87.92,31.04,20,2,75.48,5,HARDER
9,89.14,18.75,12,1,98.82,3,HARDER
4,100.0,12.14,4,0,93.23,1,HARDER
4,64.38,16.71,8,2,84.03,1,EASIER
9,90.56,23.07,11,1,92.22,3,HARDER
16,90.82,41.31,19,2,79.48,5,HARDER
4,79.56,13.94,5,1,88.98,1,HARDER
4,97.75,7.25,5,0,100.0,1,HARDER
4,99.09,13.01,4,0,100.0,1,HARDER
12,99.42,19.86,13,0,98.13,4,HARDER
4,58.53,19.26,7,3,71.65,1,EASIER
12,85.37,23.56,19,2,86.8,4,SAME
16,82.65,23.94,21,3,69.64,5,HARDER
9,76.0,17.44,15,3,74.41,3,SAME
16,74.69,36.82,23,5,59.41,5,SAME
16,70.65,46.21,29,7,31.68,5,EASIER
16,70.05,65.71,28,7,30.72,5,EASIER
16,69.84,20.03,26,7,30.26,5,EASIER
9,80.71,14.23,12,2,85.84,3,SAME
4,67.06,24.13,7,2,69.58,1,EASIER
4,100.0,22.94,4,0,95.4,1,HARDER
9,74.45,22.68,15,3,72.16,3,SAME
9,69.31,26.68,17,4,65.22,3,SAME
12,91.68,14.35,14,1,83.63,4,HARDER
16,85.03,28.18,22,3,76.11,5,HARDER
6,75.59,26.25,8,2,76.85,2,SAME
4,79.66,8.36,6,1,95.01,1,HARDER
4,100.0,17.08,4,0,99.32,1,HARDER
12,93.47,19.38,15,1,89.25,4,HARDER
6,85.51,11.34,7,1,100.0,2,HARDER
6,74.2,13.59,9,2,69.69,2,SAME
4,99.13,11.39,4,0,100.0,1,HARDER
6,75.49,31.25,9,2,86.54,2,HARDER
6,73.39,19.92,8,2,100.0,2,HARDER
6,100.0,9.98,6,0,97.26,2,HARDER
12,71.56,22.61,21,5,52.1,4,EASIER
6,75.47,24.94,9,2,84.97,2,HARDER
9,99.19,14.89,10,0,100.0,3,HARDER
16,79.88,29.37,23,4,71.52,5,SAME
4,100.0,11.05,4,0,91.38,1,HARDER
9,74.75,26.55,13,3,89.89,3,HARDER
9,74.65,44.06,15,3,68.01,3,SAME
4,98.68,8.59,4,0,100.0,1,HARDER
12,100.0,17.71,13,0,89.72,4,HARDER
9,87.67,15.89,11,1,85.92,3,HARDER
12,86.3,24.29,17,2,83.63,4,HARDER
9,89.24,18.34,11,1,84.13,3,HARDER
6,74.24,24.46,8,2,90.7,2,HARDER
12,74.19,39.31,20,4,51.44,4,EASIER
9,75.09,29.94,13,3,78.54,3,SAME
9,82.61,22.37,13,2,79.69,3,HARDER
9,73.91,24.85,15,3,78.03,3,HARDER
9,74.71,19.45,14,3,85.59,3,SAME
9,100.0,20.34,9,0,91.48,3,HARDER
9,89.76,12.82,12,1,86.27,3,HARDER
6,66.01,20.38,9,3,74.13,2,EASIER
9,100.0,21.95,9,0,96.86,3,HARDER
12,92.2,18.79,13,1,91.8,4,HARDER
6,85.45,17.81,8,1,88.97,2,HARDER
16,76.24,44.98,26,5,55.29,5,EASIER
6,100.0,11.54,7,0,93.72,2,HARDER
9,76.92,26.29,16,3,70.05,3,SAME
9,89.43,13.28,10,1,72.03,3,HARDER
16,84.26,19.19,20,3,76.99,5,HARDER
16,85.46,32.47,21,3,73.59,5,HARDER
16,76.73,31.24,23,5,71.33,5,SAME
4,99.15,19.57,4,0,100.0,1,SAME
4,100.0,11.46,4,0,100.0,1,HARDER
9,82.78,23.29,11,2,83.35,3,HARDER
4,99.14,11.16,4,0,99.52,1,HARDER
6,85.55,15.02,9,1,100.0,2,HARDER
12,70.61,44.89,22,5,54.38,4,EASIER
12,86.83,32.08,17,2,82.98,4,HARDER
4,97.49,21.91,4,0,100.0,1,HARDER
9,79.93,22.9,11,2,91.15,3,HARDER
9,76.0,28.79,18,3,71.18,3,SAME
16,73.05,17.86,23,6,63.25,5,EASIER
12,84.88,21.65,14,2,88.57,4,HARDER
6,85.27,25.11,9,1,92.38,2,HARDER
12,80.3,20.19,18,3,78.54,4,SAME
6,74.5,12.91,10,2,83.56,2,HARDER
12,79.03,40.5,19,3,74.76,4,SAME
4,100.0,10.63,4,0,95.47,1,HARDER
9,65.18,23.69,15,5,66.78,3,EASIER
4,100.0,11.72,4,0,94.0,1,HARDER
4,100.0,20.05,4,0,88.98,1,HARDER
9,69.2,21.11,14,4,57.9,3,SAME
9,88.47,21.66,12,1,92.79,3,HARDER
9,89.56,17.04,11,1,92.18,3,HARDER
9,97.6,12.01,10,0,96.84,3,HARDER
16,79.96,30.52,22,4,58.09,5,EASIER
9,89.72,18.24,10,1,97.0,3,HARDER
9,88.23,15.89,11,1,100.0,3,HARDER
6,74.59,16.08,8,2,81.77,2,SAME
16,91.66,35.78,22,2,78.78,5,SAME
9,99.42,11.15,10,0,100.0,3,HARDER
16,66.73,63.34,27,8,31.31,5,EASIER
16,89.73,21.44,23,2,78.6,5,HARDER
16,68.84,40.84,26,7,45.1,5,EASIER
12,92.92,22.88,17,1,93.23,4,HARDER
4,79.7,17.7,6,1,95.97,1,HARDER
6,100.0,15.73,7,0,93.19,2,HARDER
6,59.02,16.96,12,4,63.07,2,EASIER
4,78.01,21.17,7,1,85.57,1,SAME
16,91.78,41.44,20,1,87.09,5,HARDER
12,85.6,26.53,15,2,83.16,4,SAME
6,98.58,16.81,6,0,100.0,2,HARDER
9,80.27,10.54,13,2,91.65,3,SAME
6,85.55,8.51,7,1,94.06,2,HARDER
4,79.27,10.52,6,1,96.01,1,HARDER
12,84.56,23.21,16,2,90.19,4,HARDER
16,81.55,26.86,21,4,59.07,5,SAME
9,76.84,28.18,16,3,77.17,3,SAME
9,99.83,14.92,11,0,98.53,3,HARDER
6,85.98,13.49,7,1,97.91,2,HARDER
12,75.52,25.32,19,4,65.42,4,EASIER
16,68.59,47.75,25,7,40.52,5,EASIER
12,80.36,20.85,16,3,69.93,4,SAME
6,85.86,12.0,7,1,100.0,2,HARDER
12,100.0,19.24,13,0,96.56,4,HARDER
9,79.91,19.53,11,2,74.33,3,SAME
12,99.99,15.98,12,0,95.04,4,HARDER
6,74.61,20.6,9,2,75.59,2,SAME
4,79.68,11.6,8,1,86.94,1,HARDER
6,75.01,15.2,9,2,73.85,2,EASIER
9,88.91,16.85,11,1,94.9,3,HARDER
9,89.77,33.64,10,1,95.01,3,HARDER
6,86.17,15.34,7,1,90.66,2,HARDER
9,75.43,12.21,13,3,77.94,3,HARDER
9,75.04,25.71,13,3,74.86,3,SAME
12,93.22,20.8,17,1,100.0,4,HARDER
12,85.16,40.79,16,2,72.73,4,HARDER
12,59.34,57.26,32,8,27.29,4,EASIER
6,75.49,25.81,9,2,78.01,2,SAME
12,93.58,30.34,15,1,88.78,4,HARDER
9,99.62,14.06,9,0,100.0,3,HARDER
6,98.98,17.43,6,0,92.2,2,HARDER
16,77.71,33.92,23,5,59.83,5,EASIER
16,73.82,41.05,28,6,42.01,5,EASIER
16,64.42,40.52,32,9,21.71,5,EASIER
9,88.28,16.82,11,1,96.88,3,HARDER
12,86.06,30.6,15,2,67.42,4,HARDER
6,86.15,13.25,7,1,86.27,2,HARDER
16,71.48,36.53,23,6,44.45,5,EASIER
9,80.16,23.6,14,2,80.15,3,EASIER
9,98.6,12.8,10,0,97.92,3,HARDER
9,89.61,16.4,11,1,88.63,3,HARDER
16,84.45,41.01,22,3,84.45,5,SAME
16,95.91,31.22,18,1,100.0,5,HARDER
12,84.95,17.98,18,2,67.61,4,HARDER
4,98.93,10.75,4,0,95.54,1,HARDER
4,80.91,15.3,5,1,94.77,1,HARDER
9,75.84,24.55,14,3,78.68,3,SAME
9,80.73,16.63,13,2,84.22,3,HARDER
4,100.0,22.2,4,0,94.88,1,HARDER
9,81.67,17.47,14,2,70.71,3,HARDER
16,59.67,49.99,38,11,0.0,5,EASIER
12,79.11,30.02,18,3,68.78,4,SAME
16,81.21,32.69,22,4,81.65,5,HARDER
6,84.32,11.15,9,1,96.99,2,HARDER
4,100.0,12.15,4,0,100.0,1,HARDER
4,99.58,9.68,4,0,99.03,1,HARDER
9,80.98,28.34,14,2,74.27,3,EASIER
4,100.0,6.92,4,0,100.0,1,HARDER
12,84.68,35.32,18,2,89.48,4,HARDER
6,50.89,33.65,15,6,42.21,2,EASIER
6,66.45,15.03,11,3,75.3,2,EASIER
16,75.92,45.32,29,5,46.98,5,EASIER
9,70.36,30.54,15,4,84.36,3,SAME
12,93.79,24.19,15,1,100.0,4,HARDER
12,80.39,17.57,15,3,79.8,4,HARDER
16,59.79,60.77,29,11,18.73,5,EASIER
9,100.0,15.69,11,0,100.0,3,HARDER
12,74.32,42.47,19,4,59.67,4,SAME
6,66.34,15.0,10,3,82.34,2,SAME
16,73.26,51.48,25,6,46.64,5,EASIER
6,99.13,14.26,6,0,100.0,2,HARDER
6,100.0,11.04,6,0,93.42,2,HARDER
12,99.76,31.19,12,0,100.0,4,HARDER
4,80.34,17.28,6,1,92.9,1,SAME
16,66.11,28.71,27,8,40.58,5,EASIER
9,68.43,29.72,16,4,69.43,3,EASIER
12,91.77,11.22,13,1,87.32,4,HARDER
9,80.8,18.63,12,2,81.9,3,SAME
9,96.87,8.81,9,0,98.02,3,SAME
9,89.49,13.77,14,1,93.39,3,HARDER
12,80.89,14.98,17,3,81.86,4,HARDER
4,100.0,12.26,4,0,95.14,1,HARDER
6,74.55,14.86,10,2,79.27,2,SAME
6,99.35,16.3,6,0,90.09,2,HARDER
9,99.42,11.55,10,0,100.0,3,HARDER
4,99.96,11.85,4,0,100.0,1,HARDER
6,100.0,10.83,6,0,100.0,2,HARDER
12,75.97,34.97,17,4,62.73,4,EASIER
9,90.4,15.75,10,1,97.19,3,HARDER
6,74.43,15.72,9,2,98.3,2,SAME
9,88.03,20.91,11,1,98.5,3,HARDER
12,70.71,40.06,20,5,54.92,4,EASIER
12,62.03,31.94,26,7,35.86,4,EASIER
4,81.62,11.89,5,1,99.62,1,HARDER
4,79.95,11.91,5,1,94.56,1,HARDER
6,99.56,15.39,6,0,90.55,2,HARDER
12,85.02,29.03,16,2,74.89,4,HARDER
9,69.86,23.56,18,4,64.82,3,EASIER
12,85.0,22.4,15,2,71.09,4,HARDER
12,66.55,27.92,28,6,41.1,4,EASIER
9,72.73,29.45,12,3,73.78,3,SAME
12,80.22,32.33,17,3,77.1,4,HARDER
4,80.03,9.09,5,1,80.27,1,SAME
9,64.0,25.83,17,5,52.69,3,EASIER
9,82.45,25.85,11,2,93.13,3,HARDER
4,79.8,20.95,7,1,90.37,1,HARDER
4,81.34,12.3,5,1,85.09,1,SAME
4,65.39,27.79,8,2,80.88,1,EASIER
4,100.0,15.45,4,0,100.0,1,HARDER
16,77.92,35.18,24,5,52.83,5,EASIER
16,75.4,20.6,24,5,65.1,5,EASIER
12,81.03,32.66,18,3,67.5,4,SAME
12,80.66,20.81,18,3,75.07,4,SAME
16,89.16,38.61,19,2,91.54,5,HARDER
16,75.46,40.85,24,5,55.1,5,EASIER
4,100.0,8.78,4,0,100.0,1,HARDER
6,86.45,16.34,7,1,82.32,2,HARDER
6,85.31,18.85,7,1,87.56,2,HARDER
16,79.39,36.86,24,4,65.35,5,SAME
12,79.67,34.04,21,3,63.33,4,EASIER
9,91.92,13.75,10,1,100.0,3,HARDER
4,81.37,10.08,5,1,91.64,1,HARDER
4,98.29,9.48,4,0,93.38,1,HARDER
9,80.54,23.17,12,2,66.37,3,HARDER
12,92.68,22.34,15,1,100.0,4,HARDER
16,76.28,35.81,24,5,39.08,5,EASIER
9,71.91,38.92,15,4,67.87,3,EASIER
9,82.55,27.51,11,2,89.23,3,HARDER
6,74.67,18.93,9,2,86.9,2,SAME
9,70.94,24.01,16,4,67.53,3,EASIER
4,79.03,17.07,5,1,100.0,1,HARDER
4,80.09,14.23,6,1,82.94,1,HARDER
6,86.2,19.15,8,1,95.16,2,HARDER
16,100.0,31.37,19,0,83.66,5,HARDER
6,98.82,26.65,6,0,95.06,2,HARDER
16,68.93,41.37,26,7,35.82,5,EASIER
12,82.88,27.04,16,3,76.78,4,SAME
9,100.0,15.31,11,0,90.37,3,SAME
6,85.96,8.72,8,1,99.84,2,HARDER
16,64.54,44.24,31,9,25.51,5,EASIER
12,75.81,27.72,21,4,55.62,4,EASIER
12,70.57,34.42,21,5,42.77,4,EASIER
12,66.58,27.82,24,6,48.75,4,EASIER
4,79.36,8.11,5,1,89.87,1,HARDER
4,100.0,13.45,5,0,88.97,1,HARDER
6,85.73,9.71,7,1,93.66,2,HARDER
6,84.42,10.77,9,1,87.04,2,HARDER
16,82.0,33.01,20,4,74.0,5,HARDER
9,75.81,25.37,16,3,75.26,3,EASIER
16,88.52,13.93,20,2,85.18,5,HARDER
4,79.95,15.49,6,1,83.72,1,HARDER
9,90.09,17.5,10,1,92.81,3,HARDER
9,89.39,26.91,11,1,94.78,3,HARDER
16,81.19,23.59,25,4,63.57,5,SAME
9,82.63,15.97,12,2,94.54,3,HARDER
16,75.82,30.9,24,5,56.31,5,EASIER
12,81.06,37.08,16,3,77.84,4,SAME
4,99.8,9.94,4,0,88.7,1,HARDER
9,68.87,21.65,14,4,77.68,3,EASIER
4,98.16,9.82,4,0,100.0,1,HARDER
12,69.38,26.07,19,5,47.38,4,EASIER
4,67.0,26.34,6,2,91.39,1,SAME
9,89.2,14.99,10,1,88.77,3,HARDER
6,99.84,10.67,6,0,98.38,2,HARDER
9,71.11,32.57,17,4,64.95,3,EASIER
12,86.24,19.46,15,2,85.22,4,HARDER
9,97.61,20.42,9,0,100.0,3,HARDER
4,98.88,10.03,4,0,93.69,1,HARDER
4,99.91,11.06,4,0,100.0,1,HARDER
4,80.77,18.41,5,1,79.6,1,HARDER
12,93.39,17.88,15,1,100.0,4,HARDER
16,75.88,33.49,24,5,45.57,5,EASIER
16,72.47,33.57,33,6,33.59,5,EASIER
12,81.05,31.14,15,3,83.11,4,HARDER
16,78.64,34.33,25,4,62.03,5,SAME
9,75.39,18.62,15,3,69.54,3,SAME
9,55.3,38.37,19,7,35.39,3,EASIER
9,90.43,10.09,11,1,94.17,3,HARDER
6,85.86,18.12,7,1,97.38,2,HARDER
9,64.16,19.72,16,5,71.88,3,EASIER
4,99.82,10.6,4,0,96.8,1,HARDER
16,69.91,33.69,25,7,55.6,5,EASIER
6,99.54,11.96,6,0,98.83,2,HARDER
12,85.09,26.76,16,2,87.24,4,HARDER
16,77.04,50.93,26,5,47.27,5,EASIER
4,99.89,11.02,4,0,93.48,1,HARDER
12,70.01,37.36,21,5,52.97,4,EASIER
9,90.2,14.31,11,1,89.27,3,HARDER
12,79.74,27.81,18,3,73.97,4,HARDER
6,99.97,14.1,7,0,98.53,2,HARDER
4,100.0,15.76,4,0,90.09,1,HARDER
6,100.0,10.57,6,0,100.0,2,HARDER
12,67.82,26.81,23,6,40.81,4,EASIER
12,70.35,37.41,21,5,53.76,4,EASIER
9,90.24,25.61,10,1,86.76,3,HARDER
4,98.36,9.7,4,0,100.0,1,HARDER
16,78.72,22.79,21,4,71.14,5,SAME
9,88.71,17.29,10,1,94.06,3,HARDER
6,74.25,12.54,8,2,83.45,2,HARDER
16,89.41,20.07,20,2,90.24,5,HARDER
4,99.9,7.69,4,0,100.0,1,HARDER
6,85.65,15.15,8,1,84.59,2,HARDER
4,99.88,12.09,4,0,99.04,1,HARDER
9,90.32,9.25,10,1,98.07,3,HARDER
6,100.0,10.89,6,0,100.0,2,HARDER
12,84.4,28.54,16,2,88.44,4,HARDER
6,99.77,9.96,6,0,100.0,2,HARDER
6,66.54,30.14,12,3,72.77,2,EASIER
12,93.12,20.55,14,1,91.04,4,HARDER
9,82.27,17.79,12,2,84.37,3,HARDER
9,100.0,13.34,11,0,82.04,3,HARDER
16,72.25,62.8,28,6,60.27,5,EASIER
4,100.0,13.83,4,0,100.0,1,HARDER
16,85.34,26.26,22,3,70.54,5,HARDER
12,74.87,32.51,16,4,80.88,4,SAME
4,67.49,22.16,6,2,78.84,1,HARDER
12,76.46,30.77,18,4,79.79,4,HARDER
6,53.57,21.06,12,5,57.02,2,EASIER
4,100.0,8.41,4,0,100.0,1,HARDER
16,70.11,37.24,24,7,47.51,5,EASIER
12,70.73,29.98,22,5,56.28,4,EASIER
12,79.83,12.43,17,3,78.0,4,HARDER
16,81.38,28.41,22,4,75.32,5,HARDER
9,81.84,28.31,11,2,87.14,3,HARDER
4,99.11,19.17,4,0,93.78,1,HARDER
9,81.54,19.16,13,2,78.88,3,SAME
12,100.0,22.43,12,0,100.0,4,HARDER
12,79.25,32.15,17,3,74.19,4,HARDER
9,91.26,15.71,10,1,97.22,3,HARDER
6,85.25,14.2,11,1,87.22,2,HARDER
9,81.46,23.41,15,2,90.25,3,HARDER
12,86.41,14.01,14,2,82.44,4,HARDER
6,83.27,17.36,7,1,92.23,2,HARDER
16,74.78,39.55,28,6,44.35,5,EASIER
6,60.04,20.76,10,4,62.19,2,EASIER
9,68.03,15.59,16,4,60.95,3,EASIER
12,74.89,17.5,20,4,50.03,4,SAME
9,70.54,27.51,24,4,43.59,3,EASIER
4,79.31,10.78,6,1,90.51,1,HARDER
4,66.95,15.66,7,2,82.03,1,EASIER
9,68.33,21.92,16,4,58.8,3,EASIER
12,85.89,16.34,15,2,90.93,4,HARDER
9,81.14,16.62,15,2,77.43,3,HARDER
6,84.29,18.96,8,1,83.57,2,HARDER
4,79.74,12.23,5,1,94.4,1,HARDER
12,70.23,47.98,26,5,39.96,4,EASIER
9,91.35,13.94,10,1,100.0,3,HARDER
12,68.37,35.82,21,6,43.37,4,EASIER
9,90.6,14.82,13,1,92.92,3,HARDER
6,75.34,13.61,11,2,91.2,2,HARDER
12,67.23,32.14,25,6,50.23,4,EASIER
6,87.14,21.78,8,1,86.34,2,HARDER
4,99.79,12.84,4,0,100.0,1,HARDER
16,75.53,29.07,24,5,68.31,5,SAME
6,99.09,12.06,6,0,100.0,2,HARDER
9,91.91,23.02,12,1,86.84,3,HARDER
16,90.12,20.7,20,2,72.73,5,HARDER
9,81.81,18.53,11,2,81.05,3,HARDER
9,82.34,15.41,13,2,79.79,3,HARDER
4,79.27,13.48,5,1,100.0,1,HARDER
16,85.5,31.77,22,3,71.27,5,SAME
12,93.04,32.47,14,1,96.06,4,HARDER
16,84.55,37.14,21,3,78.37,5,HARDER
6,100.0,18.45,10,0,86.5,2,HARDER
9,99.36,15.84,9,0,100.0,3,HARDER
6,100.0,12.94,8,0,96.46,2,HARDER
16,79.74,51.17,23,4,73.45,5,SAME
12,85.05,13.99,19,2,80.98,4,HARDER
16,75.99,49.63,24,5,66.75,5,EASIER
16,79.48,30.76,25,4,78.27,5,HARDER
16,81.91,43.2,23,4,63.43,5,SAME
4,81.69,8.36,8,1,99.08,1,HARDER
6,84.17,12.36,10,1,82.47,2,SAME
12,79.3,28.81,18,3,88.46,4,HARDER
12,86.7,19.04,16,2,76.8,4,HARDER
6,85.63,14.69,9,1,91.78,2,HARDER
9,90.6,17.42,10,1,88.0,3,HARDER
9,69.19,24.77,15,4,60.52,3,SAME
16,75.74,32.16,23,5,64.23,5,SAME
9,90.58,10.69,10,1,98.12,3,HARDER
4,100.0,20.95,4,0,100.0,1,HARDER
9,89.64,23.28,12,1,88.02,3,HARDER
16,66.9,51.79,24,8,33.78,5,EASIER
4,79.76,23.64,5,1,93.63,1,SAME
9,90.4,12.05,12,1,81.58,3,HARDER
12,80.04,36.78,18,3,76.21,4,HARDER
9,75.79,18.41,15,3,86.34,3,SAME
9,75.99,30.37,15,3,59.16,3,EASIER
16,73.46,45.64,23,6,60.45,5,EASIER
9,75.67,33.16,12,3,64.88,3,SAME
4,79.43,9.95,5,1,94.44,1,HARDER
16,79.87,21.6,26,4,64.73,5,SAME
12,80.91,38.03,16,3,67.56,4,SAME
12,92.38,24.44,14,1,88.66,4,HARDER
6,85.57,16.83,9,1,74.52,2,SAME
16,78.38,33.61,22,4,71.26,5,HARDER
4,80.12,19.37,6,1,96.5,1,HARDER
4,81.55,9.84,6,1,83.93,1,HARDER
16,72.27,33.7,23,6,61.12,5,EASIER
6,73.81,27.21,11,2,90.01,2,SAME
9,100.0,17.64,9,0,86.65,3,HARDER
16,88.79,27.41,19,2,85.35,5,HARDER
16,72.03,44.19,23,6,59.58,5,EASIER
16,79.09,33.03,28,4,53.17,5,EASIER
4,100.0,15.79,4,0,100.0,1,HARDER
12,76.47,23.99,21,4,58.65,4,SAME
12,86.85,12.75,16,2,79.88,4,HARDER
6,100.0,11.86,8,0,73.71,2,HARDER
6,67.33,20.54,11,3,64.24,2,EASIER
6,85.48,15.87,8,1,98.27,2,HARDER
9,80.92,14.38,11,2,89.3,3,HARDER
6,66.69,18.18,12,3,74.45,2,SAME
6,86.79,15.23,7,1,100.0,2,HARDER
16,75.85,42.35,21,5,59.55,5,SAME
16,87.08,19.9,21,2,86.91,5,HARDER
16,71.06,39.41,25,7,48.13,5,EASIER
4,79.67,8.78,5,1,96.42,1,HARDER
16,67.34,41.02,35,7,12.83,5,EASIER
4,80.99,13.48,5,1,98.08,1,HARDER
6,76.48,20.34,9,2,85.74,2,SAME
4,100.0,21.75,4,0,96.78,1,HARDER
9,82.63,22.52,11,2,95.36,3,HARDER
12,62.96,38.85,23,7,41.25,4,EASIER
12,97.34,17.62,15,0,90.54,4,HARDER
12,79.6,22.45,15,3,74.9,4,SAME
9,82.56,11.72,11,2,81.11,3,HARDER
6,73.78,14.13,11,2,77.15,2,SAME
16,67.73,40.0,26,8,27.35,5,EASIER
12,75.38,22.32,16,4,80.19,4,HARDER
9,89.64,16.3,10,1,100.0,3,HARDER
6,76.09,19.86,8,2,100.0,2,HARDER
9,81.19,20.47,12,2,74.69,3,HARDER
9,87.88,17.42,10,1,96.18,3,HARDER
16,76.01,22.79,22,5,59.1,5,SAME
12,86.22,15.03,14,2,68.82,4,HARDER
4,80.09,20.56,7,1,86.11,1,SAME
9,90.03,16.0,12,1,80.42,3,HARDER
16,81.21,27.38,25,4,66.56,5,SAME
12,78.66,33.04,20,3,70.07,4,SAME
16,88.05,22.97,20,2,78.54,5,HARDER
9,90.0,17.36,12,1,93.53,3,HARDER
16,83.6,34.53,22,3,80.87,5,HARDER
4,98.56,15.19,4,0,100.0,1,HARDER
9,82.48,24.05,12,2,77.53,3,SAME
9,81.3,29.59,11,2,81.41,3,SAME
12,69.77,38.82,17,5,74.83,4,EASIER
12,86.49,21.76,17,2,85.56,4,HARDER
4,100.0,14.24,4,0,100.0,1,HARDER
9,82.79,20.46,12,2,85.84,3,SAME
4,100.0,8.64,4,0,100.0,1,HARDER
6,85.02,18.08,8,1,90.64,2,HARDER
6,87.78,10.14,7,1,100.0,2,HARDER
16,67.05,25.06,37,8,12.05,5,EASIER
12,81.25,23.63,17,3,75.28,4,HARDER
6,100.0,9.0,6,0,100.0,2,HARDER
9,81.26,28.25,12,2,88.08,3,HARDER
12,86.9,15.36,16,2,74.51,4,HARDER
6,84.35,18.25,7,1,92.16,2,HARDER
16,80.64,30.02,24,4,62.19,5,SAME
6,100.0,10.16,6,0,98.79,2,HARDER
4,80.79,12.22,5,1,98.4,1,SAME
9,100.0,24.65,9,0,95.78,3,HARDER
12,79.86,30.47,18,3,73.43,4,HARDER
12,80.27,17.13,17,3,69.32,4,SAME
4,80.35,11.29,7,1,91.15,1,HARDER
12,63.13,40.25,24,7,43.23,4,EASIER
9,100.0,19.31,10,0,100.0,3,HARDER
4,79.95,22.33,6,1,85.93,1,HARDER
6,85.76,15.09,9,1,76.08,2,HARDER
16,75.38,21.68,24,5,53.49,5,SAME
9,100.0,14.77,9,0,100.0,3,HARDER
4,99.7,19.24,4,0,100.0,1,HARDER
16,69.59,37.57,27,7,40.18,5,EASIER
16,90.24,24.03,20,2,87.38,5,HARDER
16,75.06,23.92,26,5,51.37,5,EASIER
4,99.67,8.87,4,0,100.0,1,HARDER
12,86.06,20.9,16,2,96.26,4,HARDER
6,86.43,15.08,8,1,95.18,2,HARDER
9,89.49,29.9,10,1,85.41,3,HARDER
4,63.78,16.85,8,2,91.25,1,SAME
16,70.23,35.13,27,7,51.86,5,EASIER
6,99.94,9.75,6,0,100.0,2,HARDER
4,67.02,23.45,6,2,80.94,1,EASIER
4,80.11,26.95,5,1,89.7,1,SAME
4,99.9,8.1,4,0,100.0,1,HARDER
12,100.0,24.79,12,0,97.24,4,HARDER
6,100.0,12.9,6,0,98.55,2,HARDER
6,67.29,21.69,12,3,70.18,2,SAME
9,82.38,13.84,13,2,85.2,3,HARDER
12,86.13,30.28,17,2,69.6,4,HARDER
6,85.69,21.28,8,1,99.54,2,HARDER
9,69.12,18.03,17,4,71.52,3,EASIER
9,76.31,17.99,14,3,71.77,3,HARDER
6,100.0,9.8,7,0,100.0,2,EASIER
6,86.38,25.77,8,1,78.57,2,HARDER
12,100.0,21.06,13,0,87.72,4,HARDER
16,72.51,48.14,24,6,51.82,5,EASIER
16,81.33,28.64,23,4,64.83,5,SAME
16,80.11,36.94,22,4,74.31,5,EASIER
6,75.75,21.18,8,2,80.19,2,HARDER
12,91.52,21.63,17,1,83.27,4,HARDER
9,69.81,37.34,13,4,93.36,3,SAME
6,59.44,26.64,10,4,64.75,2,EASIER
12,80.03,19.43,16,3,80.68,4,HARDER
16,76.3,30.2,23,5,48.79,5,EASIER
16,89.84,41.27,22,2,81.69,5,SAME
6,99.57,17.87,6,0,99.71,2,HARDER
4,100.0,13.22,4,0,100.0,1,HARDER
6,99.83,11.45,6,0,100.0,2,HARDER
12,99.34,17.38,13,0,100.0,4,HARDER
9,100.0,13.89,9,0,99.09,3,HARDER
9,81.75,15.14,13,2,87.66,3,HARDER
12,68.18,32.03,27,6,42.25,4,EASIER
16,88.84,41.36,20,2,78.04,5,HARDER
9,88.22,18.92,10,1,100.0,3,HARDER
4,99.65,13.74,4,0,95.55,1,HARDER
12,76.14,30.96,17,4,63.31,4,SAME
12,79.46,25.86,15,3,76.35,4,SAME
6,100.0,9.0,6,0,98.19,2,HARDER
6,75.65,15.41,8,2,86.8,2,SAME
4,99.58,8.73,4,0,100.0,1,HARDER
4,56.73,20.53,9,3,77.02,1,EASIER
9,98.84,15.77,11,0,100.0,3,HARDER
12,79.36,21.13,16,3,85.5,4,HARDER
9,75.58,18.68,15,3,64.25,3,SAME
4,100.0,15.32,4,0,100.0,1,HARDER
4,80.92,20.83,5,1,96.89,1,SAME
9,63.85,13.7,19,5,54.47,3,EASIER
9,69.04,17.79,15,4,70.31,3,SAME
12,60.68,47.58,26,8,32.29,4,EASIER
4,79.45,18.56,6,1,87.52,1,HARDER
9,71.05,17.13,17,4,56.32,3,EASIER
6,100.0,18.64,6,0,91.65,2,HARDER
12,97.61,14.24,12,0,100.0,4,HARDER
16,65.79,37.06,30,8,23.6,5,EASIER
16,71.6,44.63,28,6,55.9,5,EASIER
9,91.28,23.94,11,1,98.04,3,HARDER
9,82.74,27.69,12,2,78.78,3,HARDER
4,99.56,8.73,4,0,100.0,1,HARDER
4,100.0,13.31,4,0,99.09,1,HARDER
9,99.0,15.92,9,0,96.23,3,HARDER
12,70.94,32.29,24,5,54.55,4,EASIER
12,64.95,30.94,22,7,37.69,4,EASIER
16,77.77,31.56,27,5,54.83,5,EASIER
16,85.76,38.09,22,3,78.77,5,HARDER
9,89.27,17.54,11,1,77.88,3,HARDER
9,89.71,14.79,10,1,100.0,3,HARDER
4,99.89,16.16,4,0,91.32,1,HARDER
16,83.62,39.38,22,3,73.09,5,HARDER
9,69.05,27.46,16,4,56.44,3,EASIER
12,74.49,24.2,18,4,85.69,4,SAME
4,65.14,18.2,9,2,76.36,1,SAME
6,99.77,11.72,6,0,97.42,2,HARDER
4,79.43,10.73,6,1,79.15,1,HARDER
12,79.06,26.5,15,3,82.4,4,SAME
6,100.0,11.59,6,0,100.0,2,HARDER
16,83.67,37.7,23,3,82.23,5,SAME
16,83.87,15.31,25,3,64.51,5,SAME
16,88.18,28.81,22,2,72.7,5,HARDER
4,98.49,9.85,4,0,100.0,1,HARDER
12,80.64,24.56,18,3,78.89,4,HARDER
6,100.0,9.38,6,0,99.43,2,HARDER
9,100.0,13.99,9,0,100.0,3,HARDER
9,89.84,16.29,15,1,74.69,3,HARDER
9,88.89,18.42,10,1,97.62,3,HARDER
4,99.95,11.1,4,0,94.6,1,HARDER
4,98.77,12.01,4,0,96.49,1,HARDER
9,68.77,25.57,16,4,67.87,3,SAME
9,69.25,13.49,17,4,55.27,3,EASIER
4,100.0,9.34,4,0,98.33,1,HARDER
16,87.59,21.96,20,2,76.11,5,HARDER
12,69.58,36.03,19,5,68.93,4,EASIER
4,100.0,14.18,4,0,88.67,1,HARDER
4,68.02,20.5,6,2,90.31,1,SAME
9,90.76,22.43,11,1,94.93,3,HARDER
16,73.66,30.01,25,6,48.33,5,EASIER
9,82.86,14.48,12,2,80.93,3,HARDER
9,91.62,14.4,12,1,82.87,3,HARDER
12,80.26,32.5,18,3,86.1,4,SAME
12,75.47,26.64,22,4,64.85,4,EASIER
4,100.0,10.04,4,0,100.0,1,HARDER
4,59.22,18.72,7,3,83.16,1,SAME
9,69.47,19.6,15,4,70.67,3,EASIER
16,77.25,35.03,23,5,55.59,5,SAME
9,89.25,21.41,12,1,100.0,3,HARDER
16,94.23,25.85,20,1,87.72,5,HARDER
16,76.27,63.08,26,5,67.66,5,EASIER
6,100.0,28.57,7,0,87.23,2,HARDER
16,68.85,51.86,32,7,25.85,5,EASIER
12,78.72,41.68,17,3,71.65,4,EASIER
4,100.0,13.45,4,0,84.8,1,HARDER
9,80.63,23.17,14,2,83.31,3,HARDER
16,73.36,35.89,25,6,52.31,5,EASIER
6,86.09,16.31,8,1,97.99,2,HARDER
12,70.18,35.08,20,5,60.58,4,EASIER
9,78.77,18.95,11,2,74.25,3,HARDER
16,72.5,56.13,27,6,52.17,5,EASIER
9,75.45,17.57,14,3,65.14,3,SAME
4,99.48,10.55,4,0,89.33,1,HARDER
4,100.0,8.5,5,0,100.0,1,HARDER
16,65.0,72.16,29,9,39.6,5,EASIER
9,63.65,36.99,17,5,58.81,3,EASIER
9,100.0,22.78,11,0,91.05,3,HARDER
6,86.41,15.63,10,1,94.05,2,HARDER
6,74.27,13.89,9,2,90.18,2,HARDER
12,80.0,22.26,15,3,69.1,4,EASIER
9,100.0,13.34,9,0,100.0,3,HARDER
12,80.3,34.29,16,3,83.35,4,EASIER
6,100.0,15.35,6,0,98.35,2,HARDER
6,99.35,9.44,6,0,100.0,2,HARDER
12,86.17,19.34,14,2,100.0,4,HARDER
12,80.46,22.85,15,3,81.83,4,HARDER
4,100.0,7.56,4,0,93.42,1,HARDER
4,100.0,8.46,4,0,100.0,1,HARDER
9,81.81,16.1,11,2,77.07,3,SAME
9,100.0,11.57,9,0,100.0,3,HARDER
12,83.11,32.62,20,3,71.03,4,SAME
4,99.92,8.49,4,0,98.16,1,HARDER
4,78.57,20.15,5,1,87.23,1,HARDER
9,82.34,21.46,13,2,78.85,3,SAME
4,100.0,9.64,4,0,97.92,1,HARDER
9,90.21,19.62,12,1,86.35,3,EASIER
6,75.72,14.59,8,2,90.34,2,HARDER
12,80.58,18.85,19,3,71.37,4,EASIER
12,85.15,41.2,14,2,93.29,4,HARDER
4,67.11,17.39,7,2,90.29,1,EASIER
12,80.4,27.68,17,3,60.13,4,SAME
16,72.67,40.18,24,6,38.27,5,EASIER
4,66.47,21.87,8,2,82.84,1,SAME
12,67.25,56.51,24,6,41.42,4,EASIER
9,81.93,28.05,14,2,67.84,3,HARDER
12,92.7,18.29,15,1,100.0,4,HARDER
16,82.78,39.24,22,3,65.75,5,HARDER
9,81.1,29.78,12,2,79.64,3,HARDER
16,100.0,22.45,16,0,97.66,5,HARDER
9,69.64,17.56,18,4,47.37,3,EASIER
12,78.08,19.26,18,3,91.83,4,HARDER
6,86.42,10.57,10,1,84.59,2,HARDER
9,91.97,20.28,10,1,88.48,3,HARDER
12,84.73,29.22,17,2,90.96,4,HARDER
9,100.0,20.08,9,0,99.47,3,HARDER
4,66.48,16.22,6,2,84.69,1,SAME
12,92.8,11.57,15,1,89.49,4,HARDER
9,74.28,23.55,14,3,75.31,3,HARDER
16,88.62,30.74,18,2,88.92,5,HARDER
4,100.0,6.38,4,0,88.0,1,HARDER
4,78.13,10.14,5,1,100.0,1,HARDER
16,74.06,43.0,24,5,57.69,5,EASIER
9,100.0,20.63,9,0,99.36,3,HARDER
9,74.77,23.43,13,3,76.24,3,SAME
16,80.5,24.1,24,4,65.73,5,HARDER
9,82.49,12.28,11,2,87.03,3,HARDER
12,79.98,21.26,15,3,81.62,4,HARDER
9,89.55,11.45,12,1,87.34,3,HARDER
4,98.93,14.01,5,0,92.67,1,HARDER
4,100.0,11.87,4,0,100.0,1,HARDER
9,90.55,22.63,10,1,77.85,3,HARDER
4,79.84,20.65,6,1,78.94,1,HARDER
4,79.64,11.29,5,1,100.0,1,HARDER
16,81.6,21.58,22,4,76.84,5,SAME
16,66.74,30.18,32,8,29.59,5,EASIER
6,99.97,18.12,6,0,100.0,2,HARDER
12,61.56,37.33,23,7,30.8,4,EASIER
12,90.54,20.9,13,1,96.38,4,HARDER
6,86.35,20.94,8,1,97.13,2,SAME
4,100.0,7.64,4,0,100.0,1,HARDER
12,86.79,28.94,16,2,82.51,4,HARDER
4,80.08,14.66,7,1,80.16,1,HARDER
6,99.55,17.0,6,0,94.94,2,HARDER
16,84.23,27.24,24,3,62.78,5,SAME
12,81.69,23.04,17,3,82.76,4,EASIER
16,80.65,47.88,22,4,67.46,5,HARDER
6,75.01,20.21,9,2,87.01,2,SAME
12,78.53,17.95,17,3,84.64,4,HARDER
9,69.21,18.37,14,4,72.22,3,SAME
6,99.87,11.52,6,0,93.94,2,HARDER
16,79.77,56.15,22,4,59.21,5,SAME
16,84.66,19.63,21,3,75.68,5,HARDER
16,87.84,30.99,25,2,79.04,5,HARDER
6,100.0,9.17,6,0,100.0,2,HARDER
16,65.17,42.39,26,8,47.24,5,EASIER
16,94.21,20.86,17,1,100.0,5,HARDER
9,90.23,21.37,10,1,98.8,3,HARDER
4,80.23,19.49,6,1,87.41,1,HARDER
9,83.74,21.16,11,2,95.85,3,HARDER
4,80.2,10.64,7,1,95.86,1,HARDER
6,75.99,18.5,10,2,61.32,2,SAME
6,66.35,31.89,9,3,78.7,2,EASIER
6,83.93,20.38,8,1,97.74,2,HARDER
12,92.54,18.17,16,1,69.5,4,HARDER
16,80.33,31.13,24,4,84.3,5,SAME
9,70.94,25.59,17,4,50.56,3,EASIER
9,100.0,8.52,10,0,100.0,3,HARDER
16,81.12,43.68,23,4,58.73,5,EASIER
6,86.2,22.2,9,1,88.23,2,HARDER
12,92.47,14.71,15,1,100.0,4,HARDER
12,71.57,21.45,23,5,55.56,4,EASIER
12,86.6,33.14,15,2,72.58,4,HARDER
6,85.65,15.6,8,1,93.89,2,HARDER
16,75.74,23.46,25,5,62.4,5,EASIER
12,85.37,20.29,19,2,65.65,4,HARDER
12,65.95,44.68,25,6,40.44,4,EASIER
4,100.0,14.05,4,0,100.0,1,HARDER
12,67.74,27.9,19,5,66.48,4,EASIER
6,85.05,20.1,8,1,95.52,2,HARDER
9,80.35,19.52,13,2,90.01,3,SAME
6,100.0,8.21,6,0,100.0,2,HARDER
6,67.22,21.83,11,3,69.66,2,EASIER
12,85.97,39.01,16,2,100.0,4,HARDER
6,100.0,16.75,6,0,88.71,2,HARDER
4,100.0,19.07,4,0,100.0,1,HARDER
4,100.0,7.39,4,0,100.0,1,HARDER
12,93.53,18.6,14,1,84.77,4,HARDER
16,85.19,34.71,23,3,76.55,5,HARDER
4,78.81,12.52,5,1,81.65,1,HARDER
4,100.0,15.82,4,0,88.65,1,HARDER
12,67.58,39.78,21,6,46.18,4,EASIER
16,78.34,29.83,26,4,69.78,5,SAME
16,79.93,25.75,22,4,65.14,5,SAME
4,99.58,8.64,4,0,100.0,1,HARDER
6,86.0,11.79,8,1,79.05,2,SAME
6,99.79,14.29,6,0,100.0,2,HARDER
6,99.38,9.38,6,0,100.0,2,HARDER
9,89.72,14.78,11,1,96.69,3,HARDER
4,56.95,25.21,10,3,71.24,1,EASIER
16,66.97,47.73,25,8,40.17,5,EASIER
16,92.85,20.54,18,1,85.65,5,HARDER
12,79.2,40.98,16,3,76.64,4,SAME
16,74.01,28.14,24,6,38.11,5,EASIER
16,65.77,40.68,26,8,35.29,5,EASIER
12,74.09,23.09,18,4,69.45,4,SAME
4,80.45,10.5,6,1,88.77,1,HARDER
4,98.76,16.24,4,0,100.0,1,HARDER
4,99.11,9.52,5,0,96.68,1,HARDER
6,61.17,23.48,11,4,64.23,2,EASIER
4,80.43,14.54,7,1,100.0,1,HARDER
4,78.82,15.19,8,1,86.36,1,HARDER
16,70.19,50.24,27,7,51.96,5,EASIER
6,74.75,18.34,9,2,95.97,2,HARDER
6,63.82,19.79,9,3,71.42,2,EASIER
9,81.72,12.73,12,2,79.12,3,HARDER
9,89.38,28.14,10,1,97.24,3,HARDER
9,68.84,23.1,13,4,71.33,3,EASIER
16,74.76,41.79,22,5,64.1,5,SAME
9,88.86,21.63,11,1,74.58,3,HARDER
6,74.87,25.94,9,2,85.45,2,EASIER
9,91.54,14.91,10,1,89.41,3,HARDER
12,85.52,26.22,15,2,84.87,4,HARDER
6,77.04,13.76,9,2,82.48,2,HARDER
16,98.88,25.91,16,0,83.01,5,HARDER
16,72.32,30.6,24,6,53.87,5,EASIER
4,65.48,18.72,8,2,83.46,1,EASIER
4,98.79,13.78,4,0,100.0,1,HARDER
9,74.86,13.07,14,3,79.6,3,SAME
12,84.12,23.0,14,2,87.15,4,SAME
4,100.0,13.93,4,0,100.0,1,HARDER
4,99.71,7.26,4,0,91.11,1,HARDER
9,89.61,17.47,10,1,92.92,3,HARDER
6,75.49,20.26,9,2,93.35,2,SAME
9,91.39,25.3,10,1,91.84,3,HARDER
6,85.46,16.63,8,1,83.67,2,HARDER
4,56.19,20.47,9,3,68.7,1,EASIER
12,70.24,30.26,17,5,72.6,4,SAME
16,73.03,61.46,24,6,60.55,5,EASIER
16,83.69,38.08,19,3,73.72,5,EASIER
16,79.2,39.21,22,4,58.71,5,SAME
12,81.93,28.33,17,3,73.5,4,SAME
16,78.48,31.57,24,4,72.08,5,SAME
4,100.0,15.46,5,0,100.0,1,HARDER
12,92.68,22.05,13,1,92.85,4,HARDER
4,99.72,15.61,4,0,99.08,1,HARDER
4,99.3,10.56,4,0,100.0,1,HARDER
16,71.76,53.6,27,7,52.85,5,EASIER
9,68.78,36.08,17,4,62.36,3,EASIER
16,60.59,53.82,33,11,7.07,5,EASIER
16,72.9,36.88,25,6,46.79,5,EASIER
9,66.6,27.14,14,4,63.57,3,SAME
4,79.19,11.83,5,1,94.42,1,HARDER
12,71.4,28.11,17,5,65.56,4,EASIER
9,75.34,20.88,12,3,74.59,3,SAME
6,98.74,12.92,6,0,100.0,2,HARDER
12,65.59,22.31,23,6,41.35,4,EASIER
6,98.77,12.24,6,0,100.0,2,HARDER
9,89.13,16.12,10,1,89.03,3,HARDER
6,65.01,21.64,9,3,83.95,2,SAME
16,72.81,48.52,24,6,55.9,5,EASIER
6,99.08,14.92,6,0,100.0,2,HARDER
12,66.43,41.13,22,6,37.05,4,EASIER
9,63.56,35.63,21,5,49.66,3,EASIER
9,89.39,20.05,12,1,87.28,3,HARDER
16,66.23,51.52,27,8,39.54,5,EASIER
9,88.7,15.3,11,1,87.77,3,HARDER
12,56.76,39.11,26,9,23.83,4,EASIER
9,81.4,16.61,13,2,94.55,3,HARDER
12,80.23,20.53,15,3,72.72,4,SAME
9,74.09,15.51,13,3,68.23,3,SAME
6,74.44,17.64,8,2,95.79,2,SAME
16,94.28,21.34,19,1,89.65,5,HARDER
12,87.57,21.43,15,2,94.05,4,HARDER
9,80.77,20.58,14,2,93.89,3,HARDER
9,89.42,20.45,11,1,86.17,3,HARDER
6,83.53,16.49,7,1,97.6,2,SAME
16,63.05,45.15,29,9,29.81,5,EASIER
6,73.92,13.88,8,2,87.85,2,HARDER
4,79.22,17.65,6,1,92.02,1,HARDER
16,80.3,33.71,24,4,64.11,5,SAME
16,63.85,39.85,29,9,33.68,5,EASIER
12,80.77,23.05,18,3,79.58,4,SAME
4,99.49,7.97,4,0,100.0,1,HARDER
4,80.78,14.1,5,1,96.94,1,HARDER
4,100.0,8.91,4,0,100.0,1,HARDER
9,91.38,21.98,11,1,92.69,3,HARDER
9,100.0,22.05,9,0,100.0,3,HARDER
6,65.0,32.5,11,3,79.02,2,EASIER
4,100.0,16.21,4,0,97.82,1,HARDER
9,83.12,19.09,14,2,79.01,3,HARDER
4,66.77,19.85,10,2,87.38,1,EASIER
12,85.23,26.19,16,2,87.43,4,HARDER
12,62.63,38.65,24,7,48.8,4,EASIER
9,75.29,20.42,12,3,83.11,3,HARDER
16,76.28,52.62,25,5,55.31,5,EASIER
9,89.33,24.17,12,1,78.57,3,HARDER
12,82.78,17.13,17,2,67.41,4,HARDER
9,81.63,30.05,13,2,81.1,3,HARDER
9,71.36,27.98,16,4,67.84,3,EASIER
16,80.22,39.46,24,4,69.98,5,SAME
16,88.56,33.67,23,2,81.47,5,SAME
12,92.75,27.12,14,1,88.05,4,HARDER
6,100.0,12.03,7,0,100.0,2,HARDER
4,100.0,19.01,4,0,97.26,1,HARDER
4,99.3,12.98,4,0,99.27,1,HARDER
6,100.0,22.49,6,0,100.0,2,HARDER
12,66.3,35.11,25,6,60.43,4,EASIER
4,80.15,14.11,5,1,86.08,1,HARDER
16,79.4,35.63,22,4,71.14,5,SAME
4,99.52,11.16,4,0,100.0,1,HARDER
9,100.0,19.87,9,0,88.24,3,HARDER
6,86.08,14.36,10,1,87.93,2,HARDER
6,99.82,14.02,6,0,91.9,2,HARDER
12,81.16,21.07,15,3,86.1,4,SAME
16,80.66,25.83,22,4,75.29,5,EASIER
6,67.27,19.13,11,3,66.44,2,EASIER
6,99.82,9.59,6,0,94.1,2,HARDER
4,65.81,15.85,9,2,81.86,1,EASIER
9,76.59,29.52,15,3,84.85,3,HARDER
4,78.71,9.4,6,1,87.73,1,SAME
9,73.85,27.93,17,3,62.83,3,EASIER
6,98.55,13.5,6,0,100.0,2,HARDER
6,85.74,27.67,7,1,99.35,2,HARDER
4,99.85,9.64,5,0,88.16,1,HARDER
16,75.42,43.93,29,5,47.98,5,EASIER
12,100.0,16.83,12,0,100.0,4,HARDER
9,98.69,18.3,9,0,95.51,3,HARDER
9,88.83,12.76,10,1,90.49,3,HARDER
4,79.74,12.4,6,1,85.3,1,HARDER
6,74.28,11.24,8,2,86.37,2,HARDER
9,75.83,18.41,13,3,71.06,3,SAME
4,98.55,13.82,4,0,100.0,1,HARDER
4,80.83,18.31,7,1,95.85,1,SAME
16,88.95,45.09,19,2,97.55,5,HARDER
6,100.0,16.23,6,0,97.22,2,HARDER
9,83.58,21.53,12,2,75.71,3,HARDER
12,92.39,22.2,14,1,83.37,4,HARDER
4,100.0,9.42,4,0,97.16,1,HARDER
6,99.81,9.58,6,0,100.0,2,HARDER
16,79.46,25.17,22,4,75.62,5,SAME
12,69.99,38.34,23,5,42.83,4,EASIER
9,68.98,30.69,15,4,60.26,3,EASIER
16,79.23,40.49,23,4,74.49,5,SAME
4,79.74,17.81,7,1,89.81,1,HARDER
6,84.32,13.95,7,1,100.0,2,HARDER
12,70.96,21.84,23,5,54.95,4,EASIER
9,89.55,22.18,10,1,92.87,3,HARDER
12,85.77,13.12,15,2,80.77,4,HARDER
4,79.76,12.79,7,1,89.02,1,SAME
16,83.04,46.21,21,3,71.8,5,SAME
12,93.03,20.46,14,1,94.28,4,HARDER
4,80.15,9.81,5,1,90.21,1,HARDER
4,78.71,17.01,5,1,91.67,1,HARDER
9,100.0,22.95,10,0,100.0,3,HARDER
12,82.21,31.54,21,3,61.56,4,SAME
6,76.06,25.07,8,2,88.82,2,SAME
4,100.0,8.57,4,0,100.0,1,HARDER
4,100.0,10.84,4,0,100.0,1,HARDER
4,80.03,11.28,5,1,100.0,1,HARDER
12,99.21,15.08,14,0,94.57,4,HARDER
9,91.84,19.86,10,1,91.24,3,HARDER
4,99.06,9.64,4,0,97.93,1,HARDER
16,73.1,35.59,25,6,52.63,5,EASIER
16,79.69,18.49,23,4,73.14,5,SAME
12,81.02,28.71,16,3,83.64,4,HARDER
6,85.17,14.26,9,1,84.92,2,HARDER
4,98.79,10.76,4,0,100.0,1,HARDER
4,81.81,8.28,5,1,98.3,1,HARDER
16,74.34,76.54,32,6,39.04,5,EASIER
6,85.83,9.93,7,1,100.0,2,HARDER
9,100.0,15.65,10,0,94.28,3,HARDER
9,89.05,17.33,11,1,89.61,3,HARDER
6,100.0,19.32,6,0,89.36,2,HARDER
9,74.86,25.34,13,3,60.06,3,SAME
12,81.05,23.54,17,3,65.76,4,HARDER
4,78.62,15.62,7,1,100.0,1,HARDER
12,86.17,24.46,15,2,78.09,4,HARDER
4,78.15,13.62,6,1,95.04,1,HARDER
12,91.33,16.64,14,1,81.69,4,HARDER
4,99.53,15.38,4,0,97.46,1,HARDER
6,84.49,18.42,9,1,100.0,2,HARDER
6,75.17,27.83,9,2,80.7,2,HARDER
4,80.11,9.62,5,1,85.59,1,HARDER
9,70.45,23.16,17,4,59.51,3,EASIER
4,79.05,12.65,6,1,87.68,1,HARDER
6,84.82,24.98,7,1,84.02,2,HARDER
16,70.99,25.55,29,7,40.5,5,EASIER
9,68.91,31.69,16,4,63.0,3,SAME
16,67.23,30.8,28,8,35.77,5,EASIER
16,81.17,30.5,24,4,67.91,5,SAME
9,91.31,18.5,13,1,91.84,3,HARDER
4,100.0,12.35,5,0,95.4,1,HARDER
4,65.97,16.35,6,2,88.99,1,SAME
6,87.93,15.59,7,1,100.0,2,HARDER
6,85.87,15.99,8,1,100.0,2,HARDER
9,82.1,15.01,12,2,100.0,3,EASIER
4,79.71,12.64,6,1,96.58,1,SAME
9,70.33,28.95,15,4,61.12,3,SAME
9,83.71,25.85,17,2,86.67,3,HARDER
9,90.18,16.76,10,1,97.66,3,HARDER
4,78.88,10.5,5,1,91.24,1,HARDER
12,85.15,23.9,15,2,75.15,4,HARDER
6,73.64,16.63,9,2,81.84,2,SAME
16,69.51,47.8,29,7,44.77,5,EASIER
12,85.98,19.76,15,2,81.58,4,HARDER
4,67.04,24.95,8,2,79.04,1,EASIER
9,82.68,30.94,13,2,80.54,3,SAME
9,100.0,22.4,9,0,92.47,3,HARDER
6,100.0,25.44,6,0,100.0,2,HARDER
9,88.05,21.87,10,1,90.0,3,HARDER
12,78.24,52.58,19,3,64.07,4,SAME
9,80.22,15.02,15,2,77.39,3,SAME
16,65.82,32.11,29,8,35.56,5,EASIER
12,75.68,26.46,18,4,54.62,4,SAME
4,66.87,15.81,9,2,81.09,1,SAME
16,84.39,22.85,22,3,82.53,5,HARDER
16,75.77,47.42,25,5,57.16,5,EASIER
9,74.62,12.06,15,3,58.0,3,SAME
4,100.0,9.52,4,0,100.0,1,HARDER
6,100.0,24.12,7,0,99.18,2,HARDER
9,68.68,27.6,19,4,54.91,3,EASIER
12,79.25,25.4,16,3,77.37,4,SAME
16,77.04,19.0,26,5,61.99,5,SAME
9,92.08,21.07,10,1,87.12,3,HARDER
9,82.29,35.81,11,2,91.18,3,SAME
9,68.55,24.73,15,4,65.58,3,EASIER
16,81.43,19.18,22,4,70.32,5,SAME
16,80.34,25.9,22,4,74.46,5,HARDER
6,84.65,14.8,7,1,96.29,2,HARDER
16,72.67,48.32,24,6,49.2,5,EASIER
12,75.95,26.81,17,4,58.92,4,SAME
16,74.89,28.75,26,5,57.22,5,EASIER
16,70.31,38.54,28,7,37.88,5,EASIER
16,95.28,16.64,20,1,100.0,5,HARDER
9,82.63,24.89,11,2,77.79,3,HARDER
9,82.36,24.36,15,2,97.16,3,HARDER
16,90.16,43.55,19,2,92.95,5,HARDER
9,90.59,22.09,14,1,88.79,3,HARDER
16,66.13,49.46,31,8,25.59,5,EASIER
16,70.6,41.84,27,7,38.03,5,EASIER
9,69.38,30.9,18,4,52.54,3,EASIER
6,99.86,10.29,7,0,100.0,2,HARDER
6,100.0,8.63,6,0,96.47,2,HARDER
16,82.81,30.23,22,3,73.15,5,SAME
16,63.16,31.64,31,9,33.14,5,EASIER
16,83.53,15.7,20,3,79.01,5,HARDER
12,79.76,28.06,19,3,74.9,4,EASIER
16,79.97,39.79,22,4,73.45,5,SAME
6,84.17,26.0,8,1,90.01,2,HARDER
9,74.97,37.9,18,3,53.55,3,EASIER
4,79.57,12.86,7,1,88.5,1,HARDER
4,79.82,15.82,5,1,91.31,1,HARDER
16,75.04,35.79,22,5,67.93,5,SAME
16,73.8,69.68,31,6,28.7,5,EASIER
4,78.67,25.94,5,1,95.02,1,SAME
16,73.33,48.35,26,6,42.63,5,EASIER
12,91.5,16.48,15,1,92.48,4,HARDER
12,72.75,27.72,20,5,64.04,4,EASIER
12,86.29,22.82,16,2,69.55,4,SAME
4,67.04,14.43,6,2,88.29,1,SAME
4,66.95,15.31,6,2,93.49,1,SAME
4,99.39,15.1,4,0,92.12,1,HARDER
12,87.25,21.97,15,2,95.02,4,HARDER
6,99.15,21.1,6,0,82.46,2,HARDER
9,74.63,13.56,14,3,90.34,3,HARDER
12,98.72,15.31,13,0,94.66,4,HARDER
4,100.0,6.73,4,0,100.0,1,HARDER
9,74.17,22.07,14,3,77.05,3,HARDER
9,99.56,16.92,9,0,96.34,3,HARDER
16,62.56,55.4,32,9,13.51,5,EASIER
9,100.0,19.32,9,0,99.73,3,HARDER
9,75.28,28.85,14,3,70.68,3,EASIER
16,80.29,29.3,22,4,74.78,5,HARDER
9,90.56,15.06,10,1,100.0,3,HARDER
12,84.57,18.9,14,2,84.7,4,HARDER
12,77.32,39.0,23,4,69.24,4,EASIER
4,79.39,18.08,5,1,87.22,1,HARDER
9,89.28,32.83,11,1,91.55,3,HARDER
4,100.0,15.15,4,0,94.28,1,HARDER
16,61.12,58.92,34,11,18.7,5,EASIER
12,57.12,52.12,33,9,10.52,4,EASIER
12,66.39,35.48,21,6,45.49,4,EASIER
6,74.99,16.49,9,2,86.9,2,HARDER
9,88.09,11.92,10,1,89.16,3,HARDER
4,99.77,13.65,4,0,100.0,1,HARDER
6,86.5,16.44,7,1,99.64,2,HARDER
9,81.98,21.37,14,2,73.52,3,SAME
16,76.48,70.63,26,5,63.2,5,EASIER
4,79.54,14.29,5,1,98.0,1,HARDER
6,75.76,10.93,9,2,77.91,2,HARDER
12,79.17,34.92,15,3,73.25,4,SAME
16,70.4,54.52,26,7,35.62,5,EASIER
12,93.92,24.01,14,1,83.76,4,HARDER
6,100.0,11.07,7,0,97.76,2,HARDER
4,100.0,9.89,4,0,85.73,1,HARDER
16,76.98,50.18,25,5,61.23,5,EASIER
6,75.11,17.32,10,2,88.3,2,EASIER
16,72.23,33.0,27,6,54.54,5,EASIER
12,87.85,34.84,14,2,94.52,4,HARDER
4,100.0,13.33,4,0,88.62,1,HARDER
9,76.26,20.8,15,3,82.79,3,EASIER
12,80.41,30.41,19,3,59.9,4,EASIER
12,71.68,29.3,22,5,57.98,4,EASIER
12,93.31,33.17,13,1,86.2,4,HARDER
12,86.22,31.29,18,2,83.16,4,HARDER
4,98.9,13.37,4,0,83.06,1,HARDER
9,98.83,15.81,9,0,93.53,3,HARDER
9,82.13,22.56,12,2,90.16,3,HARDER
16,80.35,20.76,23,4,66.93,5,SAME
16,78.06,39.19,23,5,59.29,5,SAME
16,79.39,35.79,23,4,58.79,5,EASIER
9,74.6,15.17,18,3,56.35,3,EASIER
16,78.73,27.15,25,4,64.45,5,SAME
4,78.73,14.48,5,1,79.97,1,SAME
6,87.34,19.71,8,1,86.55,2,HARDER
12,92.71,17.71,14,1,92.58,4,HARDER
6,86.89,19.05,7,1,67.08,2,HARDER
9,99.58,16.96,10,0,100.0,3,HARDER
9,64.33,36.9,15,5,52.94,3,EASIER
9,82.17,19.29,14,2,88.15,3,HARDER
6,99.54,27.06,6,0,99.37,2,HARDER
4,98.89,11.26,4,0,93.03,1,HARDER
16,70.17,27.81,31,7,49.88,5,EASIER
6,85.94,14.08,7,1,100.0,2,HARDER
4,99.88,15.71,4,0,94.83,1,HARDER
4,98.92,10.98,4,0,96.58,1,HARDER
16,79.35,34.4,24,4,63.24,5,EASIER
4,100.0,7.9,4,0,100.0,1,HARDER
6,100.0,10.83,6,0,98.37,2,HARDER
6,73.38,18.48,10,2,85.75,2,SAME
4,99.55,9.86,4,0,98.22,1,HARDER
4,99.85,8.39,4,0,100.0,1,HARDER
16,68.9,36.59,27,7,46.48,5,EASIER
12,71.12,32.33,21,5,40.68,4,EASIER
12,66.97,45.08,21,6,48.89,4,EASIER
16,88.22,28.93,18,2,70.78,5,HARDER
4,78.62,16.55,5,1,95.7,1,HARDER
9,92.62,20.38,10,1,95.83,3,HARDER
16,83.01,42.23,22,3,72.42,5,HARDER
6,86.89,8.17,9,1,100.0,2,HARDER
9,99.19,26.23,9,0,90.47,3,HARDER
4,79.45,14.32,6,1,76.26,1,HARDER
6,99.25,15.78,6,0,95.63,2,HARDER
12,77.14,22.95,20,4,73.52,4,EASIER
16,85.79,33.05,20,3,72.91,5,HARDER
4,99.51,6.93,4,0,100.0,1,HARDER
6,86.16,13.17,9,1,98.24,2,HARDER
12,91.66,29.19,13,1,93.79,4,HARDER
12,76.31,24.35,16,4,75.57,4,SAME
16,76.92,35.17,27,5,57.67,5,EASIER
16,88.87,22.71,20,2,80.78,5,HARDER
12,77.64,26.15,16,3,78.69,4,SAME
12,70.87,50.29,18,5,62.57,4,EASIER
9,81.76,26.39,12,2,78.4,3,HARDER
16,84.61,27.88,20,3,84.11,5,HARDER
6,66.26,13.34,12,3,75.91,2,SAME
16,99.75,14.24,18,0,89.71,5,HARDER
4,78.95,10.23,5,1,95.42,1,HARDER
12,74.27,21.81,16,4,76.92,4,EASIER
12,59.4,42.54,35,8,4.52,4,EASIER
6,66.08,23.53,11,3,72.2,2,EASIER
4,78.62,16.93,5,1,90.91,1,HARDER
12,81.5,20.1,19,3,77.79,4,HARDER
16,65.06,44.05,35,9,19.03,5,EASIER
4,100.0,11.91,4,0,100.0,1,HARDER
4,67.1,30.28,7,2,79.61,1,SAME
4,80.12,20.55,5,1,80.68,1,SAME
16,78.9,56.49,25,4,59.43,5,SAME
12,71.04,20.76,20,5,60.69,4,EASIER
4,79.6,21.21,6,1,99.96,1,HARDER
4,100.0,13.86,4,0,89.56,1,HARDER
6,85.91,20.36,7,1,93.99,2,HARDER
4,98.17,13.55,4,0,92.95,1,HARDER
4,99.72,10.1,4,0,100.0,1,HARDER
12,94.0,18.89,16,1,93.95,4,HARDER
12,66.56,27.11,23,6,44.15,4,EASIER
16,84.51,45.65,21,3,74.21,5,HARDER
6,84.13,17.1,8,1,96.91,2,HARDER
12,66.06,39.66,19,6,50.33,4,EASIER
16,88.64,27.07,20,2,89.77,5,HARDER
12,79.97,33.39,16,3,86.77,4,EASIER
16,94.59,24.08,17,1,98.97,5,SAME
4,100.0,9.39,4,0,100.0,1,HARDER
6,86.57,22.1,7,1,94.4,2,HARDER
12,86.0,27.43,14,2,90.5,4,HARDER
16,79.86,35.83,25,4,70.24,5,HARDER
16,77.35,37.28,27,5,39.55,5,SAME
9,91.2,10.76,11,1,100.0,3,HARDER
4,99.12,9.51,4,0,100.0,1,EASIER
4,80.07,23.85,6,1,100.0,1,HARDER
6,66.28,27.75,10,3,77.12,2,SAME
4,99.14,15.08,4,0,97.21,1,HARDER
9,81.52,26.67,13,2,79.24,3,SAME
16,72.67,28.09,30,6,54.44,5,EASIER
9,83.87,30.31,12,2,88.02,3,HARDER
12,71.4,28.88,21,5,51.97,4,EASIER
16,73.31,40.97,24,6,39.2,5,EASIER
6,99.95,12.33,6,0,98.64,2,HARDER
12,80.17,27.87,16,3,90.99,4,HARDER
16,75.18,24.61,25,5,51.7,5,SAME
16,70.71,45.18,26,6,52.79,5,EASIER
6,84.4,14.47,9,1,80.12,2,HARDER
6,66.39,18.55,10,3,72.31,2,EASIER
6,86.88,29.22,7,1,90.32,2,SAME
4,77.67,11.51,6,1,88.44,1,HARDER
6,100.0,21.52,7,0,100.0,2,HARDER
4,78.66,10.95,7,1,72.67,1,HARDER
6,100.0,16.89,6,0,100.0,2,HARDER
4,64.41,17.73,6,2,90.8,1,SAME
12,79.75,33.76,17,3,64.57,4,HARDER
4,79.55,10.3,5,1,94.51,1,HARDER
12,84.3,16.6,18,2,73.84,4,HARDER
6,74.03,14.22,9,2,71.25,2,HARDER
6,99.31,9.09,6,0,99.84,2,HARDER
4,100.0,11.45,4,0,100.0,1,HARDER
6,99.44,9.58,6,0,100.0,2,HARDER
4,100.0,18.05,4,0,95.99,1,HARDER
12,90.71,23.83,15,1,99.11,4,HARDER
6,73.67,21.3,11,2,77.78,2,SAME
12,71.56,29.31,21,5,59.03,4,EASIER
4,99.86,12.88,4,0,100.0,1,HARDER
16,88.61,27.82,19,2,72.64,5,HARDER
6,86.54,25.04,9,1,89.13,2,HARDER
6,86.63,11.34,7,1,92.89,2,HARDER
16,81.7,33.56,22,4,66.82,5,HARDER
9,82.46,18.63,12,2,87.96,3,HARDER
12,85.02,28.11,16,2,84.98,4,HARDER
6,86.48,18.58,9,1,98.23,2,HARDER
9,74.35,23.3,14,3,85.51,3,HARDER
12,76.56,24.21,18,4,76.64,4,SAME
12,91.66,14.93,15,1,88.03,4,HARDER
4,65.6,14.56,6,2,83.61,1,EASIER
6,85.2,14.67,9,1,94.53,2,HARDER
16,83.73,24.68,22,3,79.73,5,SAME
4,99.42,9.7,4,0,97.37,1,HARDER
12,99.89,15.17,13,0,96.03,4,HARDER
6,99.29,11.75,7,0,97.14,2,HARDER
12,84.19,22.5,16,2,93.11,4,HARDER
6,87.05,17.26,8,1,75.51,2,HARDER
4,66.57,15.82,6,2,92.33,1,SAME
16,90.09,18.98,18,2,98.26,5,HARDER
16,93.82,24.3,20,1,92.92,5,HARDER
12,79.41,30.63,16,3,60.59,4,SAME
4,99.16,10.91,4,0,100.0,1,HARDER
4,100.0,14.37,4,0,100.0,1,HARDER
9,99.24,21.11,9,0,97.86,3,HARDER
9,100.0,14.76,9,0,100.0,3,HARDER
6,100.0,8.55,7,0,100.0,2,HARDER
12,78.85,20.07,17,3,68.01,4,SAME
4,57.92,39.19,9,3,61.87,1,EASIER
12,94.12,20.32,13,1,97.25,4,HARDER
9,90.61,17.57,10,1,98.53,3,HARDER
12,75.56,24.47,18,4,69.61,4,SAME
6,76.36,18.37,8,2,88.66,2,HARDER
9,74.73,13.55,15,3,79.68,3,SAME
9,98.48,17.67,9,0,100.0,3,HARDER
9,82.86,14.45,11,2,90.67,3,HARDER
12,69.13,24.09,24,5,50.47,4,EASIER
9,91.4,11.24,13,1,87.93,3,HARDER
12,69.01,21.21,19,5,68.58,4,EASIER
6,76.23,17.6,9,2,81.2,2,HARDER
12,84.25,31.07,15,2,94.2,4,HARDER
4,98.51,12.15,4,0,100.0,1,HARDER
9,63.59,43.36,17,5,54.77,3,EASIER
6,68.87,29.76,11,3,66.97,2,SAME
9,89.67,14.91,11,1,93.75,3,HARDER
12,75.94,26.04,19,4,66.19,4,SAME
6,85.94,11.24,7,1,86.63,2,HARDER
4,80.87,12.75,6,1,79.55,1,HARDER
16,83.1,14.38,21,3,66.94,5,HARDER
16,80.16,31.69,25,4,56.41,5,SAME
16,65.65,36.55,28,8,34.69,5,EASIER
9,80.7,33.13,13,2,75.01,3,SAME
4,99.78,16.61,4,0,93.16,1,HARDER
6,97.8,12.63,6,0,100.0,2,HARDER
16,80.16,33.79,25,4,67.28,5,EASIER
6,100.0,14.44,6,0,100.0,2,HARDER
6,85.16,23.84,8,1,92.65,2,HARDER
12,71.42,32.72,19,5,53.98,4,EASIER
4,65.22,9.54,7,2,81.38,1,SAME
9,75.54,19.73,12,3,81.75,3,SAME
4,99.83,9.94,4,0,100.0,1,HARDER
4,99.79,9.87,5,0,100.0,1,HARDER
9,98.8,15.33,9,0,100.0,3,HARDER
16,74.41,37.61,26,6,56.29,5,EASIER
6,75.75,20.27,9,2,93.33,2,HARDER
12,92.04,28.4,14,1,93.86,4,HARDER
4,99.96,11.33,4,0,99.95,1,HARDER
6,86.37,20.2,7,1,100.0,2,HARDER
16,78.71,27.39,23,4,79.87,5,SAME
12,65.9,21.55,20,6,46.11,4,EASIER
4,65.25,16.2,8,2,92.61,1,SAME
9,89.51,18.6,11,1,94.35,3,HARDER
12,72.03,17.79,23,5,48.22,4,EASIER
16,76.17,39.16,25,5,53.81,5,EASIER
16,67.58,56.11,29,7,57.92,5,EASIER
4,100.0,10.64,5,0,87.26,1,HARDER
6,85.93,19.1,7,1,99.63,2,HARDER
12,91.89,19.25,16,1,92.36,4,HARDER
16,78.73,41.8,22,4,72.68,5,SAME
9,82.9,16.17,13,2,68.32,3,HARDER
4,80.52,13.09,5,1,100.0,1,HARDER
4,79.58,16.38,7,1,79.77,1,HARDER
12,86.59,30.83,18,2,87.65,4,HARDER
6,99.37,13.77,6,0,98.5,2,HARDER
9,100.0,15.21,11,0,94.71,3,HARDER
12,91.87,12.47,13,1,95.41,4,HARDER
9,72.91,19.4,13,3,70.76,3,SAME
9,99.57,15.46,10,0,89.6,3,HARDER
9,65.04,50.46,16,5,52.19,3,EASIER
12,80.05,15.91,18,3,77.49,4,HARDER
12,84.26,21.28,16,2,79.52,4,HARDER
12,67.23,37.01,24,6,41.06,4,EASIER
4,68.1,16.84,6,2,82.7,1,SAME
16,70.71,22.55,28,7,40.08,5,EASIER
12,86.9,28.05,16,2,61.82,4,HARDER
12,79.32,35.43,17,3,83.37,4,SAME
16,83.81,33.68,24,3,72.3,5,SAME
16,75.01,45.02,26,5,52.46,5,EASIER
9,69.55,33.49,14,4,56.01,3,EASIER
6,99.24,14.8,6,0,100.0,2,HARDER
12,92.86,16.35,16,1,86.06,4,HARDER
6,75.91,13.81,8,2,85.97,2,HARDER
6,99.79,12.1,6,0,100.0,2,HARDER
16,73.02,43.03,29,6,47.14,5,SAME
16,75.37,22.98,24,5,54.02,5,EASIER
4,80.15,13.45,6,1,85.69,1,HARDER
16,89.92,32.8,20,2,98.72,5,HARDER
4,100.0,10.19,4,0,99.81,1,HARDER
6,99.95,15.17,6,0,97.09,2,HARDER
16,74.05,41.85,30,6,41.88,5,EASIER
16,61.04,52.64,34,10,11.4,5,EASIER
16,78.7,18.53,26,4,47.86,5,EASIER
4,80.72,13.63,6,1,76.35,1,HARDER
9,69.69,28.98,15,4,53.43,3,SAME
4,98.73,9.57,4,0,100.0,1,HARDER
6,100.0,18.56,6,0,100.0,2,HARDER
6,84.56,17.77,7,1,89.66,2,HARDER
4,67.11,12.16,9,2,81.36,1,SAME
16,78.59,39.02,21,4,68.7,5,SAME
6,74.23,21.58,9,2,71.76,2,HARDER
4,99.68,6.34,4,0,100.0,1,HARDER
6,100.0,16.38,6,0,100.0,2,HARDER
4,100.0,10.44,4,0,100.0,1,HARDER
9,100.0,29.83,11,0,93.25,3,HARDER
4,79.97,14.87,5,1,87.12,1,HARDER
9,74.69,23.93,13,3,90.4,3,SAME
6,65.52,19.57,11,3,84.1,2,SAME
12,78.22,21.78,20,3,69.74,4,SAME
6,86.59,11.8,7,1,96.27,2,HARDER
16,86.45,33.54,22,3,71.47,5,HARDER
9,76.39,20.21,16,3,58.59,3,SAME
6,84.96,11.08,8,1,97.97,2,HARDER
4,100.0,9.97,5,0,93.4,1,HARDER
12,64.67,52.48,24,7,29.42,4,EASIER
12,93.9,15.04,14,1,100.0,4,HARDER
12,85.02,25.86,15,2,75.6,4,SAME
4,100.0,15.72,4,0,100.0,1,HARDER
16,94.22,18.79,19,1,89.36,5,HARDER
16,92.46,30.95,19,1,95.73,5,HARDER
12,79.55,35.4,18,3,67.03,4,SAME
9,80.79,21.77,11,2,82.77,3,HARDER
4,98.15,13.19,4,0,100.0,1,HARDER
9,89.61,20.14,14,1,80.86,3,HARDER
4,78.86,13.1,5,1,100.0,1,HARDER
12,93.77,18.49,17,1,92.99,4,HARDER
4,99.96,12.68,4,0,95.55,1,HARDER
12,78.68,24.72,18,3,81.9,4,EASIER
4,79.64,10.06,6,1,91.78,1,HARDER
16,72.45,39.06,24,6,62.99,5,SAME
6,76.94,10.34,9,2,77.16,2,SAME
12,69.99,53.04,20,5,56.75,4,EASIER
4,80.92,19.78,5,1,86.74,1,HARDER
12,79.34,33.12,19,3,77.65,4,HARDER
9,90.41,12.94,10,1,100.0,3,HARDER
6,85.39,15.76,8,1,86.97,2,HARDER
16,81.31,28.98,22,4,76.45,5,SAME
9,82.32,24.56,15,2,79.36,3,HARDER
9,89.08,14.74,12,1,87.52,3,HARDER
9,82.08,17.76,12,2,81.43,3,HARDER
9,74.12,23.29,18,3,64.0,3,HARDER
4,100.0,8.44,4,0,96.05,1,HARDER
12,86.11,31.44,14,2,85.52,4,HARDER
4,80.84,13.63,6,1,86.7,1,SAME
16,68.54,41.6,26,7,34.99,5,EASIER
9,89.46,15.13,10,1,100.0,3,HARDER
6,100.0,18.54,6,0,100.0,2,HARDER
9,76.73,22.53,15,3,81.04,3,SAME
4,100.0,20.22,4,0,90.87,1,HARDER
4,99.28,11.12,4,0,89.78,1,HARDER
16,72.59,32.7,25,6,62.77,5,EASIER
12,70.37,23.94,18,5,57.1,4,SAME
12,79.2,22.7,17,3,80.55,4,SAME
6,84.68,24.02,9,1,82.97,2,HARDER
9,91.31,19.05,11,1,100.0,3,HARDER
16,58.46,68.51,36,12,1.49,5,EASIER
9,87.76,20.23,11,1,93.36,3,HARDER
12,83.61,20.05,16,2,91.27,4,HARDER
16,68.26,43.28,29,7,36.11,5,EASIER
6,99.51,14.4,6,0,99.92,2,HARDER
4,100.0,11.99,4,0,100.0,1,HARDER
12,78.81,17.09,16,3,94.34,4,HARDER
12,74.97,36.7,22,4,66.64,4,EASIER
6,77.71,25.38,8,2,83.64,2,HARDER
4,79.05,29.52,6,1,85.02,1,SAME
4,67.05,10.42,7,2,87.36,1,SAME
4,78.67,18.26,5,1,88.23,1,HARDER
16,80.6,31.52,22,4,68.33,5,SAME
16,74.28,42.73,23,6,54.77,5,EASIER
16,79.8,20.85,26,4,61.11,5,SAME
6,100.0,15.34,7,0,78.34,2,HARDER
16,75.61,30.51,24,5,65.97,5,SAME
6,99.28,13.05,6,0,100.0,2,HARDER
12,86.21,44.22,16,2,74.11,4,HARDER
4,100.0,13.91,4,0,100.0,1,HARDER
4,100.0,7.58,4,0,100.0,1,HARDER
16,86.97,21.01,20,2,81.58,5,HARDER
16,78.78,29.86,25,4,66.52,5,HARDER
9,71.39,22.29,17,4,60.54,3,SAME
9,77.33,18.7,12,3,87.05,3,SAME
9,81.74,15.36,12,2,73.92,3,HARDER
6,74.7,16.31,8,2,88.64,2,HARDER
16,59.2,53.64,39,11,0.0,5,EASIER
16,70.12,39.08,29,7,39.52,5,EASIER
6,85.85,11.82,8,1,97.68,2,HARDER
12,71.36,44.03,19,5,60.33,4,EASIER
4,97.64,10.08,4,0,94.56,1,HARDER
9,89.37,17.99,11,1,83.43,3,HARDER
4,99.08,18.03,4,0,100.0,1,HARDER
16,89.43,20.2,19,2,95.2,5,HARDER
4,99.51,9.74,4,0,90.86,1,HARDER
16,84.0,30.06,21,3,72.41,5,HARDER
16,78.95,24.08,23,4,75.94,5,SAME
16,81.77,33.43,24,4,65.38,5,SAME
9,91.66,29.07,11,1,87.13,3,HARDER
16,71.18,29.38,23,6,63.56,5,EASIER
12,70.6,38.5,23,5,38.61,4,EASIER
9,64.14,39.89,18,5,51.98,3,EASIER
4,78.12,10.45,5,1,83.82,1,HARDER
9,82.09,26.36,12,2,74.81,3,SAME
9,88.97,13.35,10,1,75.3,3,HARDER
6,73.73,14.43,8,2,89.52,2,SAME
16,72.18,31.81,26,6,65.59,5,SAME
12,82.15,28.61,18,3,76.25,4,HARDER
12,70.18,24.62,20,5,51.1,4,EASIER
6,100.0,13.64,6,0,100.0,2,HARDER
16,83.93,25.93,20,3,71.66,5,HARDER
9,75.15,13.54,15,3,71.83,3,HARDER
16,83.89,26.37,21,3,84.27,5,HARDER
4,79.5,20.75,6,1,91.55,1,HARDER
4,81.81,12.63,5,1,90.94,1,HARDER
12,78.61,23.08,16,3,69.09,4,SAME
4,64.85,18.21,7,2,94.77,1,SAME
16,80.52,40.31,23,4,56.61,5,SAME
6,86.58,19.47,8,1,84.17,2,HARDER
9,76.1,24.65,14,3,73.99,3,SAME
16,88.82,24.82,22,2,70.56,5,SAME
16,90.04,39.37,20,2,80.58,5,HARDER
6,73.76,18.77,9,2,82.29,2,HARDER
4,99.95,8.33,4,0,87.58,1,HARDER
12,80.06,26.99,18,3,63.21,4,SAME
4,98.53,7.89,4,0,100.0,1,HARDER
9,90.24,10.91,11,1,86.55,3,HARDER
16,89.14,27.95,21,2,89.67,5,HARDER
16,84.67,36.78,22,3,67.02,5,SAME
16,69.76,45.62,28,7,36.8,5,EASIER
4,81.26,16.23,6,1,88.07,1,HARDER
4,100.0,17.46,4,0,97.13,1,HARDER
4,100.0,10.92,4,0,88.07,1,HARDER
16,75.83,33.38,25,5,55.31,5,SAME
12,81.58,29.66,16,3,68.24,4,HARDER
6,85.87,11.75,9,1,87.64,2,HARDER
9,98.65,19.51,12,0,85.88,3,HARDER
4,80.62,19.93,7,1,76.9,1,HARDER
16,84.32,43.75,21,3,70.28,5,HARDER
9,73.5,25.91,13,3,73.21,3,SAME
4,100.0,7.3,4,0,98.1,1,HARDER
12,86.97,21.94,15,2,91.38,4,HARDER
6,85.93,16.51,7,1,83.53,2,HARDER
9,83.04,20.38,15,2,71.28,3,SAME
16,64.08,61.19,28,9,27.33,5,EASIER
9,88.51,17.68,10,1,97.88,3,HARDER
9,82.13,13.44,13,2,66.9,3,SAME
4,99.96,6.11,4,0,100.0,1,HARDER
6,86.16,12.6,8,1,89.98,2,HARDER
4,100.0,8.68,4,0,100.0,1,HARDER
16,78.44,31.37,23,4,72.26,5,SAME
16,93.41,26.27,19,1,95.46,5,HARDER
4,80.51,10.34,5,1,100.0,1,HARDER
16,75.51,30.01,26,5,55.09,5,EASIER
4,98.8,16.79,4,0,87.35,1,HARDER
16,60.61,38.07,34,10,15.12,5,EASIER
6,73.47,22.59,9,2,78.97,2,SAME
6,100.0,11.94,6,0,97.8,2,HARDER
6,75.52,13.53,8,2,84.33,2,HARDER
16,72.45,41.13,26,6,44.78,5,EASIER
6,100.0,26.4,6,0,100.0,2,HARDER
4,79.34,15.32,5,1,98.78,1,HARDER
12,92.03,19.24,17,1,86.95,4,HARDER
9,82.54,14.13,11,2,100.0,3,HARDER
9,68.08,15.93,14,4,64.85,3,SAME
6,100.0,10.59,6,0,89.26,2,HARDER
6,85.69,18.57,7,1,89.12,2,HARDER
6,100.0,9.38,6,0,96.19,2,HARDER
4,99.09,7.8,4,0,87.69,1,HARDER
12,69.47,55.31,23,5,46.68,4,EASIER
4,80.45,16.88,5,1,90.17,1,HARDER
6,100.0,14.36,6,0,98.62,2,HARDER
4,98.56,14.71,4,0,100.0,1,HARDER
9,82.2,20.32,13,2,74.43,3,SAME
4,65.1,20.64,7,2,79.12,1,EASIER
16,72.72,39.3,30,7,25.66,5,SAME
4,100.0,10.61,4,0,85.18,1,HARDER
9,69.17,24.02,15,4,67.99,3,EASIER
4,80.77,22.7,9,1,84.07,1,SAME
6,99.53,14.66,7,0,100.0,2,HARDER
4,100.0,16.92,4,0,100.0,1,HARDER
4,56.26,27.16,11,3,65.63,1,EASIER
16,78.81,31.69,25,4,60.45,5,SAME
6,85.93,13.58,8,1,93.87,2,HARDER
6,85.84,12.33,8,1,81.22,2,HARDER
6,85.48,15.66,8,1,81.44,2,HARDER
4,100.0,10.63,4,0,91.07,1,HARDER
9,76.03,21.21,12,3,80.19,3,SAME
16,81.34,37.41,19,3,88.32,5,HARDER
12,76.29,25.47,18,4,70.2,4,SAME
16,76.17,46.79,22,5,71.61,5,EASIER
16,79.42,26.05,25,4,67.41,5,EASIER
16,80.23,30.24,23,4,67.77,5,SAME
4,81.03,18.05,5,1,95.31,1,HARDER
12,84.81,20.47,15,2,91.18,4,HARDER
16,77.24,24.84,26,5,50.18,5,SAME
9,81.92,21.03,12,2,78.64,3,HARDER
12,78.6,31.58,18,3,64.65,4,EASIER
6,100.0,13.88,6,0,100.0,2,HARDER
4,100.0,14.42,4,0,95.68,1,HARDER
9,99.58,14.61,9,0,95.93,3,HARDER
6,84.81,19.82,7,1,80.54,2,HARDER
9,82.74,16.75,11,2,93.3,3,HARDER
9,82.9,24.31,12,2,81.86,3,HARDER
12,95.94,27.85,14,1,98.63,4,HARDER
6,86.44,11.08,8,1,99.33,2,HARDER
16,93.77,22.83,17,1,99.56,5,HARDER
9,69.44,32.24,16,4,62.55,3,EASIER
6,99.72,15.91,6,0,100.0,2,HARDER
12,93.25,32.53,16,1,100.0,4,HARDER
4,80.47,19.42,5,1,99.02,1,HARDER
4,80.14,17.87,5,1,87.3,1,HARDER
12,70.39,26.31,20,5,57.16,4,EASIER
16,80.24,39.8,27,4,53.94,5,EASIER
6,74.83,28.55,10,2,75.28,2,EASIER
12,85.54,20.48,16,2,87.92,4,HARDER
6,75.22,34.26,9,2,74.2,2,EASIER
9,80.15,19.1,11,2,75.77,3,HARDER
12,87.94,20.19,14,2,88.22,4,HARDER
9,89.29,21.99,11,1,93.33,3,HARDER
16,69.72,62.0,28,7,44.85,5,EASIER
12,87.19,16.71,16,2,85.08,4,HARDER
16,81.1,71.09,21,4,64.6,5,SAME
9,81.66,22.04,11,2,74.84,3,HARDER
16,84.22,24.38,23,3,71.63,5,HARDER
16,88.68,23.76,19,2,89.43,5,HARDER
9,81.45,20.66,13,2,93.18,3,HARDER
6,99.48,10.52,6,0,95.98,2,HARDER
4,100.0,17.99,4,0,100.0,1,HARDER
12,93.09,18.42,15,1,83.41,4,HARDER
6,100.0,10.73,6,0,92.35,2,HARDER
4,100.0,9.45,4,0,100.0,1,HARDER
12,80.17,25.94,19,3,76.9,4,HARDER
9,70.41,25.81,15,4,48.68,3,EASIER
4,68.07,19.77,7,2,79.04,1,HARDER
9,74.78,15.78,15,3,69.52,3,EASIER
12,86.32,22.42,15,2,89.46,4,HARDER
4,67.14,13.14,7,2,68.78,1,SAME
12,67.54,30.38,19,6,62.98,4,EASIER
4,99.6,9.0,5,0,100.0,1,HARDER
6,100.0,12.94,7,0,97.15,2,HARDER
16,80.59,24.38,22,4,68.84,5,SAME
4,100.0,13.5,4,0,97.27,1,HARDER
6,100.0,15.56,6,0,93.34,2,HARDER
6,76.37,22.83,9,2,76.54,2,HARDER
6,98.0,9.62,6,0,100.0,2,HARDER
9,69.68,22.46,16,4,61.27,3,EASIER
12,75.2,23.67,17,4,61.45,4,EASIER
12,84.94,28.29,15,2,83.76,4,HARDER
16,63.98,38.95,33,9,19.45,5,EASIER
12,71.13,27.57,23,5,62.71,4,EASIER
9,77.04,16.88,14,3,80.94,3,HARDER
4,98.51,9.78,4,0,100.0,1,HARDER
12,90.52,18.66,15,1,86.47,4,HARDER
16,79.79,20.59,23,4,63.96,5,SAME
4,80.7,10.53,6,1,70.49,1,SAME
12,81.54,19.02,17,3,74.71,4,HARDER
12,93.52,33.04,14,1,89.32,4,HARDER
9,82.49,18.51,11,2,81.37,3,HARDER
4,100.0,12.32,4,0,92.89,1,HARDER
9,80.75,18.88,12,2,91.3,3,SAME
12,90.79,25.15,14,1,83.78,4,HARDER
9,73.12,15.26,14,3,65.6,3,SAME
16,73.01,33.88,26,6,53.88,5,EASIER
9,69.59,39.52,15,4,67.36,3,EASIER
6,85.79,24.94,8,1,96.27,2,HARDER
4,100.0,13.2,4,0,100.0,1,HARDER
6,74.04,12.2,8,2,90.37,2,HARDER
16,76.53,19.07,25,5,68.86,5,SAME
6,100.0,12.7,6,0,90.39,2,HARDER
4,65.45,16.0,7,2,79.17,1,SAME
4,80.91,14.76,6,1,94.52,1,HARDER
9,90.33,13.25,10,1,89.0,3,HARDER
9,77.43,29.36,14,3,78.63,3,SAME
16,69.41,45.62,26,7,41.22,5,EASIER
9,66.58,25.62,15,5,53.39,3,EASIER
12,84.72,28.9,15,2,89.07,4,HARDER
6,99.74,10.29,6,0,93.8,2,HARDER
16,73.12,33.95,28,6,51.83,5,EASIER
6,85.67,10.16,7,1,85.26,2,HARDER
6,74.19,22.9,10,2,78.77,2,SAME
6,85.84,13.93,7,1,100.0,2,HARDER
6,100.0,15.57,6,0,99.5,2,HARDER
6,83.14,12.9,7,1,98.6,2,HARDER
6,86.76,20.12,8,1,85.79,2,HARDER
6,85.64,16.54,9,1,96.72,2,HARDER
4,99.25,10.26,4,0,94.75,1,HARDER
4,79.23,9.12,5,1,94.21,1,HARDER
6,86.71,18.03,7,1,100.0,2,HARDER
9,64.17,26.44,17,5,61.99,3,EASIER
6,100.0,13.03,6,0,100.0,2,HARDER
12,84.83,21.75,15,2,96.83,4,HARDER
4,97.41,20.33,4,0,100.0,1,HARDER
12,80.64,33.14,19,3,69.99,4,SAME
9,91.13,17.03,10,1,89.83,3,HARDER
4,98.28,10.72,4,0,100.0,1,HARDER
9,82.33,22.49,12,2,85.2,3,HARDER
16,81.59,30.61,22,3,65.71,5,HARDER
4,99.54,6.12,5,0,95.91,1,HARDER
16,73.16,32.84,26,6,60.64,5,EASIER
4,80.54,11.0,5,1,92.52,1,HARDER
4,67.15,15.19,8,2,86.73,1,HARDER
16,87.26,24.99,23,2,61.87,5,HARDER
9,63.74,37.37,17,5,50.65,3,EASIER
12,91.93,29.95,14,1,100.0,4,HARDER
6,74.87,20.92,10,2,80.79,2,SAME
4,99.71,11.06,4,0,97.24,1,HARDER
9,74.52,12.22,14,3,77.05,3,HARDER
6,99.26,11.28,6,0,93.1,2,HARDER
9,82.05,44.45,15,2,72.71,3,SAME
9,100.0,17.15,9,0,100.0,3,HARDER
6,75.11,24.49,9,2,95.66,2,HARDER
12,75.1,24.49,17,4,76.85,4,SAME
9,74.1,27.34,12,3,72.61,3,HARDER
12,92.83,21.43,13,1,99.45,4,HARDER
16,76.39,38.84,24,5,57.43,5,SAME
16,80.46,30.8,22,4,76.93,5,SAME
16,63.41,58.05,28,9,22.8,5,EASIER
4,100.0,7.26,4,0,97.29,1,HARDER
6,75.32,13.77,9,2,79.41,2,SAME
9,90.35,13.52,12,1,76.95,3,HARDER
6,74.57,21.81,9,2,86.25,2,SAME
6,83.71,9.7,11,1,92.29,2,HARDER
12,99.96,28.57,12,0,98.92,4,HARDER
6,66.97,16.34,12,3,62.21,2,SAME
4,66.26,15.86,9,2,65.62,1,SAME
6,99.05,16.21,6,0,90.02,2,HARDER
12,82.29,19.58,19,3,69.32,4,SAME
6,99.69,13.2,6,0,100.0,2,HARDER
9,91.75,15.33,10,1,88.43,3,HARDER
16,76.18,15.39,25,5,58.75,5,SAME
9,68.49,18.24,16,4,70.85,3,EASIER
9,88.87,18.96,12,1,81.6,3,HARDER
12,85.16,22.2,18,2,74.95,4,SAME
16,65.76,36.25,26,8,43.3,5,EASIER
4,77.68,18.14,6,1,66.33,1,HARDER
12,91.78,10.94,16,1,87.47,4,HARDER
12,70.16,35.91,20,5,53.24,4,EASIER
9,80.24,27.18,13,2,88.03,3,HARDER
9,98.94,20.96,10,0,100.0,3,HARDER
12,84.9,24.79,15,2,86.6,4,SAME
12,71.88,29.98,20,5,63.52,4,EASIER
6,84.46,13.76,7,1,94.9,2,HARDER
9,98.86,9.68,9,0,82.0,3,HARDER
4,77.7,11.66,6,1,81.37,1,SAME
12,85.99,19.18,18,2,77.98,4,SAME
6,73.91,18.53,9,2,75.98,2,SAME
6,100.0,13.51,7,0,96.47,2,HARDER
4,99.9,20.37,4,0,100.0,1,HARDER
16,80.04,31.62,21,4,86.68,5,HARDER
12,70.36,32.25,19,5,67.8,4,EASIER
6,85.25,10.79,8,1,80.58,2,HARDER
9,81.4,23.09,14,2,82.4,3,HARDER
6,74.88,14.0,8,2,84.39,2,HARDER
6,76.65,43.5,9,2,76.14,2,SAME
12,71.0,31.83,20,5,58.08,4,EASIER
16,64.29,29.47,35,9,31.12,5,EASIER
4,99.69,13.96,4,0,97.03,1,HARDER
9,99.62,11.06,9,0,100.0,3,HARDER
6,75.8,11.66,11,2,82.67,2,HARDER
6,100.0,15.54,6,0,100.0,2,HARDER
12,99.23,10.82,13,0,100.0,4,HARDER
12,79.3,16.4,16,3,78.55,4,SAME
12,79.2,26.21,17,3,75.85,4,SAME
12,69.63,23.96,18,5,73.56,4,HARDER
4,100.0,23.8,4,0,79.86,1,HARDER
12,74.68,14.01,18,4,61.04,4,HARDER
6,60.36,53.29,11,4,61.94,2,EASIER
4,98.85,12.04,4,0,100.0,1,HARDER
9,82.57,20.22,11,2,92.67,3,HARDER
6,97.56,10.9,6,0,94.65,2,HARDER
16,82.78,30.88,19,3,83.81,5,HARDER
12,75.84,32.1,18,4,68.69,4,SAME
6,85.31,13.26,7,1,86.38,2,HARDER
4,100.0,13.89,4,0,99.31,1,HARDER
12,75.51,46.65,20,4,57.3,4,EASIER
9,90.76,22.51,10,1,87.12,3,HARDER
9,99.58,16.88,9,0,100.0,3,HARDER
6,99.89,13.23,6,0,100.0,2,HARDER
16,81.22,46.76,25,4,57.16,5,EASIER
12,78.67,25.25,17,3,78.01,4,HARDER
12,65.07,28.4,22,7,50.85,4,EASIER
9,75.52,25.41,13,3,68.16,3,SAME
16,76.47,25.18,28,5,52.58,5,EASIER
9,100.0,16.53,9,0,100.0,3,HARDER
6,66.62,18.13,9,3,94.2,2,HARDER
4,79.67,29.49,5,1,91.29,1,SAME
9,90.13,23.35,10,1,92.17,3,HARDER
9,75.15,17.06,14,3,72.92,3,HARDER
16,71.28,24.75,27,6,42.2,5,EASIER
12,92.42,19.85,13,1,100.0,4,HARDER
9,82.83,27.56,12,2,81.06,3,HARDER
16,76.03,34.12,22,5,62.38,5,SAME
9,74.24,19.73,14,3,69.83,3,SAME
6,67.06,19.69,11,3,70.47,2,EASIER
16,63.56,36.62,27,9,32.79,5,EASIER
12,80.98,19.54,18,3,67.52,4,HARDER
6,76.37,17.16,9,2,82.1,2,HARDER
9,88.79,25.32,10,1,100.0,3,HARDER
9,81.19,22.12,13,2,75.69,3,SAME
9,81.48,39.73,11,2,79.56,3,SAME
6,75.13,17.0,11,2,80.16,2,EASIER
12,100.0,18.46,12,0,100.0,4,HARDER
9,76.72,23.31,14,3,74.21,3,SAME
16,80.32,22.41,26,4,61.29,5,SAME
12,83.77,31.4,17,2,78.3,4,SAME
16,84.21,25.28,22,3,77.98,5,HARDER
4,99.55,11.43,4,0,92.76,1,HARDER
4,79.36,7.75,5,1,99.58,1,HARDER
12,86.78,20.51,15,2,87.69,4,HARDER
6,74.42,24.09,8,2,97.45,2,HARDER
4,79.13,12.71,7,1,84.13,1,HARDER
4,79.57,13.88,5,1,100.0,1,HARDER
16,77.95,37.72,22,4,57.82,5,EASIER
6,99.76,18.22,7,0,100.0,2,HARDER
16,79.42,34.83,23,4,78.39,5,HARDER
4,99.51,10.63,4,0,100.0,1,HARDER
9,100.0,27.44,9,0,92.63,3,HARDER
16,74.05,30.29,28,6,43.09,5,EASIER
6,100.0,15.49,7,0,83.55,2,HARDER
6,85.55,16.42,8,1,95.7,2,HARDER
12,99.94,20.31,12,0,100.0,4,HARDER
9,100.0,20.66,9,0,100.0,3,SAME
9,99.06,16.99,9,0,100.0,3,HARDER
4,100.0,11.42,5,0,100.0,1,HARDER
9,75.88,18.07,14,3,80.67,3,SAME
9,82.5,25.68,12,2,73.6,3,HARDER
16,80.91,32.0,21,4,57.54,5,SAME
4,79.8,20.33,6,1,82.05,1,SAME
4,99.13,11.19,4,0,100.0,1,HARDER
4,99.04,9.34,4,0,100.0,1,HARDER
4,100.0,13.91,4,0,98.37,1,HARDER
6,74.76,13.87,9,2,83.31,2,SAME
12,91.22,25.76,15,1,83.18,4,HARDER
6,99.04,9.82,6,0,90.12,2,HARDER
4,99.59,14.94,4,0,96.53,1,HARDER
6,100.0,15.41,6,0,100.0,2,HARDER
6,99.71,13.4,6,0,85.52,2,HARDER
4,78.97,20.83,5,1,92.33,1,HARDER
6,98.4,13.14,6,0,100.0,2,HARDER
6,75.91,27.44,11,2,82.02,2,SAME
12,90.77,14.82,14,1,100.0,4,HARDER
9,75.97,34.06,16,3,67.49,3,EASIER
4,81.01,25.88,5,1,81.02,1,HARDER
16,73.57,44.34,33,6,30.21,5,EASIER
4,79.85,19.83,6,1,87.1,1,SAME
4,99.33,11.69,4,0,96.26,1,HARDER
16,76.23,32.18,21,5,58.21,5,EASIER
9,81.83,20.6,11,2,94.97,3,HARDER
6,86.29,15.77,7,1,89.79,2,HARDER
16,76.55,26.11,25,5,67.12,5,SAME
4,79.51,16.07,7,1,85.03,1,SAME
9,81.8,19.25,12,2,76.33,3,HARDER
12,76.28,28.26,20,4,58.21,4,EASIER
4,100.0,13.37,5,0,97.89,1,EASIER
16,84.93,27.43,21,3,70.11,5,HARDER
16,60.57,40.09,33,10,23.27,5,EASIER
9,100.0,18.58,11,0,95.11,3,HARDER
16,69.14,45.65,30,7,38.96,5,EASIER
6,84.59,12.92,8,1,100.0,2,HARDER
12,81.0,37.94,16,3,71.05,4,SAME
9,75.01,29.03,13,3,74.74,3,SAME
4,80.18,22.1,6,1,85.0,1,SAME
9,75.87,27.28,15,3,69.75,3,HARDER
12,85.02,29.71,15,2,87.29,4,HARDER
6,100.0,17.78,6,0,95.17,2,HARDER
9,87.4,16.17,11,1,90.46,3,HARDER
9,90.8,14.44,11,1,83.58,3,HARDER
6,99.9,17.05,6,0,95.38,2,HARDER
16,81.21,30.74,23,4,73.14,5,HARDER
12,84.93,23.52,17,2,79.63,4,HARDER
9,69.8,39.96,17,4,69.01,3,SAME
4,82.2,16.48,5,1,95.95,1,HARDER
4,100.0,18.29,6,0,90.83,1,HARDER
16,80.35,29.62,24,4,74.13,5,SAME
9,65.39,24.07,16,5,59.33,3,EASIER
16,76.87,31.75,26,5,49.19,5,EASIER
12,86.03,20.95,18,2,73.69,4,HARDER
16,83.43,28.67,21,3,71.54,5,SAME
4,78.18,17.19,5,1,87.06,1,HARDER
9,83.64,19.15,11,2,78.45,3,HARDER
9,83.03,27.97,13,2,76.97,3,SAME
4,83.34,13.87,5,1,90.46,1,HARDER
12,70.78,25.78,22,5,62.66,4,EASIER
9,82.93,21.78,12,2,88.3,3,HARDER
16,75.68,34.42,26,5,58.23,5,EASIER
6,98.89,12.54,7,0,100.0,2,HARDER
4,65.56,8.3,7,2,89.8,1,SAME
4,80.35,14.64,6,1,85.77,1,HARDER
6,66.82,28.99,10,3,58.58,2,EASIER
9,90.02,17.94,10,1,87.87,3,HARDER
4,100.0,9.15,4,0,85.61,1,HARDER
9,81.97,24.55,14,2,88.88,3,HARDER
12,72.43,33.8,19,5,60.17,4,SAME
12,80.04,37.44,19,3,57.13,4,EASIER
12,85.53,27.71,15,2,92.56,4,HARDER
16,60.41,50.37,33,10,3.78,5,EASIER
4,99.6,13.37,4,0,100.0,1,HARDER
12,93.44,14.58,13,1,100.0,4,HARDER
16,88.69,35.64,20,2,85.26,5,SAME
12,94.77,47.1,15,1,85.61,4,HARDER
6,75.5,20.56,10,2,69.87,2,HARDER
12,73.88,33.58,16,4,66.35,4,EASIER
9,90.44,15.99,11,1,91.98,3,HARDER
4,100.0,9.33,4,0,96.96,1,HARDER
16,78.0,30.27,24,5,65.72,5,SAME
4,80.92,14.24,6,1,83.51,1,HARDER
12,72.04,16.73,17,5,48.72,4,EASIER
4,79.1,16.83,8,1,73.18,1,HARDER
4,100.0,13.08,4,0,95.8,1,HARDER
4,99.5,9.1,5,0,91.36,1,HARDER
6,99.44,11.38,6,0,100.0,2,HARDER
4,100.0,10.74,4,0,94.73,1,HARDER
6,85.51,13.76,8,1,82.52,2,HARDER
4,98.75,12.66,4,0,91.67,1,HARDER
6,86.13,18.63,7,1,88.51,2,HARDER
6,86.8,26.67,9,1,97.65,2,HARDER
9,81.41,23.12,13,2,76.35,3,HARDER
4,98.9,8.76,4,0,100.0,1,HARDER
4,79.49,19.56,5,1,100.0,1,HARDER
9,82.95,16.86,14,2,79.41,3,EASIER
9,80.64,38.03,14,2,84.72,3,HARDER
6,66.31,17.03,9,3,71.25,2,SAME
6,67.07,22.97,10,3,72.31,2,EASIER
12,79.12,27.51,17,3,84.76,4,HARDER
4,81.64,11.44,5,1,96.59,1,HARDER
6,84.67,14.95,7,1,90.05,2,HARDER
6,61.25,20.74,11,4,79.04,2,SAME
6,85.98,15.29,8,1,94.44,2,HARDER
12,80.44,29.4,18,3,66.78,4,SAME
9,90.63,19.9,12,1,94.01,3,HARDER
12,93.7,27.26,13,1,100.0,4,HARDER
6,75.76,20.37,9,2,92.08,2,HARDER
6,100.0,15.99,6,0,100.0,2,EASIER
4,100.0,8.76,4,0,94.21,1,HARDER
6,100.0,9.79,6,0,100.0,2,HARDER
4,99.75,9.39,4,0,95.73,1,HARDER
16,61.92,74.19,28,10,15.51,5,EASIER
4,80.82,10.52,5,1,88.49,1,HARDER
16,92.83,28.38,18,1,83.64,5,HARDER
16,83.87,29.9,22,3,67.54,5,HARDER
9,79.51,19.09,12,2,93.26,3,HARDER
4,99.05,18.39,4,0,94.01,1,HARDER
12,92.65,25.78,16,1,80.76,4,HARDER
9,64.6,27.23,15,5,59.69,3,EASIER
16,78.37,23.23,21,4,73.89,5,SAME
9,82.0,29.41,11,2,91.43,3,HARDER
16,90.03,16.95,20,2,82.96,5,HARDER
6,75.18,21.73,9,2,87.66,2,HARDER
9,72.83,21.69,15,3,68.93,3,SAME
12,85.66,17.8,17,2,79.95,4,HARDER
9,82.0,16.78,12,2,89.92,3,HARDER
12,80.89,26.67,19,3,71.43,4,EASIER
12,81.12,26.73,19,3,56.23,4,SAME
4,99.85,17.67,4,0,100.0,1,HARDER
6,85.69,15.05,10,1,88.29,2,HARDER
12,73.64,32.46,17,4,71.56,4,SAME
9,98.72,21.84,10,0,92.11,3,HARDER
6,98.75,12.05,7,0,97.08,2,HARDER
6,100.0,11.91,6,0,100.0,2,HARDER
9,88.81,28.64,10,1,76.43,3,HARDER
12,56.32,46.8,32,9,12.6,4,EASIER
12,76.37,25.03,19,4,52.28,4,SAME
6,98.23,19.65,6,0,100.0,2,HARDER
16,70.89,33.91,31,7,37.28,5,EASIER
6,75.99,34.02,8,2,80.89,2,SAME
9,74.38,19.68,14,3,71.26,3,EASIER
12,91.57,20.68,13,1,83.7,4,HARDER
16,82.83,19.4,22,3,73.44,5,SAME
12,65.14,48.83,22,6,56.09,4,EASIER
4,79.15,12.73,7,1,92.26,1,HARDER
9,90.48,34.29,10,1,75.09,3,HARDER
16,68.76,40.61,27,7,37.69,5,EASIER
16,78.64,31.31,25,4,66.1,5,EASIER
4,100.0,5.8,4,0,100.0,1,HARDER
6,66.96,16.48,9,3,75.43,2,SAME
9,80.19,16.03,13,2,79.56,3,SAME
16,76.44,53.65,22,5,68.81,5,EASIER
9,89.96,21.47,11,1,100.0,3,HARDER
4,100.0,9.08,4,0,95.95,1,HARDER
6,65.48,14.2,9,3,82.84,2,SAME
6,87.1,14.49,7,1,90.17,2,HARDER
16,83.38,47.31,21,3,73.44,5,HARDER
6,99.64,11.76,6,0,87.84,2,HARDER
12,74.86,24.4,18,4,64.75,4,SAME
4,78.99,12.03,5,1,86.51,1,HARDER
6,99.65,19.88,6,0,100.0,2,HARDER
6,85.21,16.93,8,1,92.13,2,HARDER
9,90.29,20.47,10,1,87.58,3,HARDER
4,78.95,9.81,6,1,93.3,1,HARDER
9,82.82,15.72,11,2,97.77,3,HARDER
16,72.46,36.15,24,6,45.93,5,EASIER
6,83.61,21.12,7,1,93.29,2,HARDER
9,79.65,24.26,12,2,84.69,3,HARDER
4,99.57,16.57,4,0,100.0,1,HARDER
4,100.0,12.73,4,0,100.0,1,HARDER
12,86.19,23.48,17,2,84.24,4,HARDER
12,79.48,29.61,18,3,67.58,4,SAME
12,79.56,22.68,17,3,73.24,4,SAME
6,100.0,13.89,6,0,100.0,2,HARDER
12,92.99,29.7,14,1,82.73,4,HARDER
12,85.74,37.46,17,2,93.55,4,SAME
16,81.13,28.51,27,4,52.7,5,SAME
4,55.92,23.98,8,3,69.04,1,EASIER
6,100.0,11.89,6,0,100.0,2,HARDER
16,75.82,24.53,22,5,73.13,5,EASIER
6,87.28,18.63,8,1,95.94,2,HARDER
9,74.08,25.95,12,3,90.91,3,SAME
16,76.89,31.14,22,5,69.94,5,SAME
4,100.0,11.41,4,0,100.0,1,HARDER
9,80.83,20.3,13,2,86.14,3,HARDER
6,66.98,20.09,10,3,88.68,2,SAME
4,98.61,10.17,4,0,95.47,1,HARDER
12,76.07,16.38,19,4,58.73,4,EASIER
4,99.93,13.24,4,0,100.0,1,HARDER
4,78.75,17.37,6,1,90.44,1,SAME
4,80.83,15.8,6,1,96.31,1,HARDER
6,98.78,16.95,6,0,90.92,2,HARDER
12,99.19,19.45,12,0,100.0,4,HARDER
4,100.0,13.0,4,0,100.0,1,HARDER
4,99.98,11.04,4,0,93.89,1,HARDER
12,85.45,19.25,14,2,80.19,4,HARDER
6,100.0,11.9,6,0,100.0,2,HARDER
16,62.62,39.72,31,10,22.81,5,EASIER
9,73.94,19.79,13,3,70.34,3,SAME
4,81.99,12.83,6,1,89.77,1,HARDER
16,74.92,53.77,26,5,43.66,5,EASIER
16,76.48,57.12,27,5,56.03,5,EASIER
4,80.03,13.92,5,1,95.43,1,HARDER
9,100.0,16.41,9,0,100.0,3,HARDER
6,85.31,14.89,8,1,78.01,2,HARDER
6,73.75,23.28,10,2,72.56,2,SAME
16,76.86,33.89,23,5,61.63,5,EASIER
16,62.78,55.18,37,10,12.64,5,EASIER
16,75.96,27.0,27,5,47.06,5,EASIER
12,75.51,23.0,17,4,73.54,4,SAME
16,89.21,23.35,18,2,87.82,5,HARDER
6,66.45,29.55,11,3,78.45,2,EASIER
4,99.25,8.09,4,0,100.0,1,HARDER
6,74.43,18.74,8,2,97.39,2,SAME
12,80.0,16.36,20,3,73.47,4,HARDER
6,100.0,13.77,6,0,100.0,2,HARDER
6,83.97,19.65,8,1,86.46,2,HARDER
4,100.0,9.39,4,0,76.48,1,HARDER
12,75.32,23.58,20,4,59.69,4,EASIER
6,73.67,19.48,8,2,94.86,2,HARDER
16,99.63,41.55,16,0,100.0,5,HARDER
6,74.21,16.01,8,2,86.39,2,SAME
4,80.0,16.81,6,1,88.72,1,SAME
6,85.47,16.32,7,1,91.48,2,HARDER
9,90.77,25.87,12,1,90.96,3,HARDER
4,98.81,12.74,4,0,100.0,1,HARDER
4,100.0,9.15,4,0,100.0,1,HARDER
4,97.73,12.81,4,0,100.0,1,HARDER
16,79.5,27.15,23,4,78.2,5,SAME
12,100.0,35.29,12,0,96.58,4,HARDER
12,79.17,21.25,17,3,71.99,4,SAME
9,99.21,17.31,9,0,99.93,3,HARDER
9,88.59,25.51,10,1,90.9,3,HARDER
9,91.03,23.56,12,1,81.8,3,HARDER
9,75.52,30.96,13,3,65.34,3,HARDER
6,86.02,14.91,10,1,90.6,2,HARDER
6,85.15,13.61,7,1,94.79,2,HARDER
12,84.87,25.82,16,2,74.0,4,HARDER
4,69.27,14.5,8,2,78.94,1,SAME
4,100.0,11.16,4,0,94.56,1,HARDER
4,99.9,11.47,4,0,100.0,1,HARDER
6,74.14,13.96,8,2,77.13,2,HARDER
9,76.13,22.91,16,3,60.67,3,SAME
4,100.0,5.5,4,0,95.26,1,HARDER
16,61.19,58.13,29,10,18.72,5,EASIER
16,80.74,50.9,21,4,66.26,5,EASIER
16,69.56,29.03,29,7,52.17,5,EASIER
4,78.46,16.21,5,1,76.62,1,HARDER
6,86.78,11.95,9,1,80.77,2,HARDER
16,66.71,25.73,28,8,44.09,5,EASIER
6,68.47,23.95,12,3,79.4,2,EASIER
4,100.0,9.09,4,0,100.0,1,HARDER
16,76.22,35.0,27,5,47.41,5,EASIER
4,99.63,15.36,4,0,100.0,1,HARDER
6,75.89,17.71,9,2,72.82,2,HARDER
4,81.15,21.79,6,1,100.0,1,HARDER
4,80.51,12.88,5,1,94.67,1,HARDER
4,99.44,10.56,5,0,100.0,1,HARDER
6,100.0,16.24,6,0,94.96,2,HARDER
4,66.89,20.01,6,2,83.09,1,EASIER
6,83.78,9.96,7,1,81.15,2,HARDER
12,71.41,42.51,23,5,40.07,4,EASIER
16,76.75,41.61,26,5,39.75,5,EASIER
6,98.28,14.54,8,0,100.0,2,HARDER
12,86.81,18.45,15,2,93.48,4,HARDER
16,67.02,57.7,29,8,39.17,5,EASIER
4,80.04,16.91,6,1,94.4,1,HARDER
12,71.06,38.54,21,5,53.38,4,EASIER
4,79.72,12.33,5,1,89.53,1,HARDER
12,85.28,14.31,16,2,87.34,4,HARDER
6,100.0,8.1,6,0,100.0,2,HARDER
12,91.6,16.05,14,1,88.48,4,HARDER
9,83.01,19.96,14,2,82.46,3,SAME
9,81.45,24.47,11,2,84.18,3,HARDER
12,92.9,29.5,13,1,94.65,4,HARDER
4,66.45,14.59,8,2,70.53,1,EASIER
6,99.98,11.87,6,0,100.0,2,HARDER
9,81.5,17.32,11,2,82.24,3,HARDER
6,84.85,12.7,8,1,82.82,2,HARDER
4,79.09,12.24,5,1,100.0,1,HARDER
4,98.39,10.03,4,0,91.23,1,HARDER
16,94.32,24.6,18,1,85.56,5,HARDER
12,86.73,11.17,15,2,89.78,4,HARDER
12,99.39,20.81,12,0,100.0,4,HARDER
12,69.83,26.81,21,5,61.62,4,EASIER
4,99.31,9.83,4,0,100.0,1,HARDER
12,66.26,25.71,24,6,25.92,4,EASIER
12,86.59,15.37,14,2,79.0,4,HARDER
16,88.36,34.13,21,2,76.01,5,HARDER
6,100.0,12.8,6,0,93.76,2,HARDER
6,99.55,14.23,6,0,79.57,2,HARDER
16,75.46,37.75,26,5,54.08,5,SAME
9,86.06,13.19,11,1,94.06,3,HARDER
6,100.0,13.15,7,0,96.31,2,HARDER
12,74.34,23.96,18,4,75.01,4,SAME
4,99.2,5.21,5,0,86.31,1,HARDER
12,86.46,24.73,15,2,87.83,4,HARDER
9,89.87,28.96,10,1,89.64,3,HARDER
16,89.42,25.32,20,2,88.52,5,HARDER
12,73.23,29.61,18,4,67.46,4,EASIER
9,80.69,19.54,16,2,60.27,3,SAME
4,99.99,12.15,4,0,100.0,1,HARDER
16,99.1,34.13,16,0,96.47,5,HARDER
16,89.69,27.77,22,2,83.4,5,HARDER
16,78.15,25.77,22,4,75.44,5,EASIER
16,95.29,22.07,19,1,100.0,5,HARDER
4,79.07,13.21,5,1,92.83,1,HARDER
4,100.0,9.87,4,0,100.0,1,HARDER
16,73.05,48.32,24,6,65.14,5,EASIER
12,77.12,38.96,20,4,63.86,4,SAME
9,99.94,21.05,9,0,100.0,3,HARDER
9,81.88,18.85,11,2,79.79,3,HARDER
16,88.6,22.19,18,2,90.49,5,HARDER
16,75.57,58.79,30,5,48.19,5,EASIER
6,99.33,16.43,6,0,100.0,2,HARDER
9,88.15,20.94,12,1,94.63,3,HARDER
9,82.3,25.34,13,2,74.67,3,HARDER
6,84.4,21.51,9,1,82.06,2,HARDER
6,86.09,20.94,8,1,100.0,2,HARDER
6,75.4,11.9,10,2,78.28,2,HARDER
4,80.55,17.82,7,1,100.0,1,HARDER
6,100.0,9.58,6,0,100.0,2,HARDER
16,67.41,47.06,29,8,36.73,5,EASIER
6,66.95,21.53,9,3,74.5,2,EASIER
16,87.48,23.95,20,2,78.79,5,HARDER
16,64.49,33.3,33,9,9.09,5,EASIER
12,86.87,29.95,18,2,92.61,4,HARDER
6,100.0,21.3,6,0,93.14,2,HARDER
6,85.99,16.79,7,1,97.92,2,HARDER
16,72.41,36.82,24,6,52.1,5,SAME
16,83.18,28.28,20,3,83.85,5,HARDER
12,91.57,19.99,15,1,90.5,4,HARDER
12,68.98,44.82,19,5,58.13,4,EASIER
12,86.32,16.87,14,2,77.44,4,HARDER
4,100.0,14.91,4,0,100.0,1,HARDER
12,81.13,30.44,17,3,72.37,4,SAME
9,89.55,20.05,14,1,69.46,3,HARDER
16,84.3,23.38,21,3,71.73,5,HARDER
16,89.81,28.38,20,2,84.11,5,HARDER
6,100.0,13.74,6,0,100.0,2,HARDER
4,80.4,15.03,5,1,100.0,1,HARDER
4,79.54,16.59,7,1,93.47,1,HARDER
9,99.12,25.96,9,0,88.26,3,HARDER
4,80.04,13.47,5,1,91.21,1,HARDER
16,74.95,70.95,24,5,42.98,5,EASIER
16,82.3,29.54,22,4,79.43,5,HARDER
4,100.0,8.96,4,0,100.0,1,HARDER
12,78.88,39.38,17,3,81.32,4,SAME
9,63.61,24.54,16,5,61.91,3,EASIER
6,86.0,13.05,7,1,98.47,2,HARDER
12,83.94,38.97,15,2,81.32,4,HARDER
6,74.5,18.08,9,2,88.56,2,SAME
12,77.99,27.84,16,3,64.13,4,SAME
9,81.17,16.71,12,2,86.29,3,HARDER
6,100.0,21.65,6,0,100.0,2,HARDER
12,71.0,41.19,21,5,58.81,4,EASIER
12,74.01,25.36,19,4,64.75,4,SAME
12,78.19,29.54,17,3,71.37,4,EASIER
12,90.97,15.87,14,1,86.37,4,HARDER
6,76.22,25.72,11,2,69.24,2,SAME
6,85.78,10.38,7,1,89.7,2,HARDER
6,85.22,14.02,9,1,83.47,2,HARDER
9,69.21,21.09,13,4,77.32,3,EASIER
9,81.32,18.26,13,2,81.07,3,HARDER
16,84.5,19.37,24,3,65.24,5,SAME
12,79.85,21.96,16,3,73.34,4,HARDER
9,89.71,24.84,10,1,98.13,3,HARDER
6,85.46,8.3,8,1,87.75,2,HARDER
9,73.37,29.0,13,3,82.43,3,SAME
9,100.0,18.32,10,0,87.89,3,SAME
6,86.11,9.55,7,1,98.29,2,HARDER
9,80.13,26.65,15,2,64.94,3,SAME
6,99.65,19.1,6,0,99.64,2,HARDER
6,85.5,14.73,10,1,92.29,2,HARDER
4,80.61,16.08,7,1,90.1,1,HARDER
12,62.97,46.43,23,7,53.36,4,EASIER
9,81.02,26.14,12,2,86.54,3,HARDER
9,80.83,25.63,13,2,84.67,3,HARDER
9,80.52,31.16,15,2,73.01,3,SAME
16,81.52,41.0,22,4,67.6,5,SAME
16,83.8,27.5,24,3,73.75,5,HARDER
12,91.83,16.23,13,1,88.61,4,HARDER
4,100.0,12.37,4,0,100.0,1,HARDER
4,79.41,16.95,5,1,81.04,1,HARDER
6,99.83,13.64,6,0,100.0,2,HARDER
9,88.0,20.96,12,1,96.02,3,HARDER
9,60.59,50.23,23,6,38.54,3,EASIER
9,64.35,24.22,15,5,66.1,3,EASIER
6,85.78,17.79,7,1,100.0,2,HARDER
16,88.33,23.61,22,2,76.51,5,HARDER
4,100.0,12.7,5,0,100.0,1,HARDER
9,69.46,35.43,17,4,56.09,3,EASIER
12,71.32,25.1,19,5,60.39,4,EASIER
12,68.57,34.71,25,6,59.54,4,EASIER
9,91.63,24.89,10,1,85.19,3,HARDER
12,71.81,40.94,20,5,45.78,4,EASIER
6,85.5,14.14,8,1,91.8,2,HARDER
6,84.89,17.12,9,1,87.31,2,HARDER
16,73.24,38.21,24,6,59.45,5,EASIER
4,78.29,12.23,5,1,90.7,1,HARDER
6,74.07,18.41,8,2,77.59,2,HARDER
12,74.35,26.29,19,4,79.88,4,SAME
12,86.69,37.28,17,2,88.42,4,HARDER
16,68.8,41.18,28,7,29.06,5,EASIER
4,79.55,13.13,5,1,100.0,1,HARDER
4,80.01,18.97,6,1,96.68,1,HARDER
4,81.61,13.72,5,1,92.18,1,HARDER
12,74.5,30.13,18,4,71.92,4,SAME
4,96.97,10.84,4,0,100.0,1,HARDER
12,66.06,28.12,22,6,43.54,4,EASIER
9,82.06,18.61,12,2,89.3,3,HARDER
9,82.14,24.38,15,2,66.18,3,SAME
12,92.64,32.97,14,1,95.34,4,HARDER
16,67.86,39.63,28,8,53.11,5,EASIER
16,73.24,29.31,23,6,49.7,5,EASIER
4,80.09,14.17,5,1,92.85,1,HARDER
4,100.0,6.28,4,0,100.0,1,HARDER
12,85.4,13.52,18,2,73.86,4,HARDER
9,81.48,25.88,14,2,71.04,3,SAME
6,75.41,18.05,8,2,93.43,2,EASIER
4,100.0,8.06,4,0,100.0,1,HARDER
4,66.28,9.18,9,2,89.35,1,SAME
12,80.97,57.85,16,3,81.35,4,SAME
9,89.96,18.3,11,1,87.93,3,HARDER
9,89.64,15.1,11,1,94.02,3,HARDER
16,72.07,47.16,26,6,45.43,5,EASIER
6,99.49,15.61,6,0,96.38,2,HARDER
12,86.89,23.84,14,2,96.27,4,HARDER
6,99.13,9.08,7,0,100.0,2,HARDER
16,63.57,25.3,35,9,14.74,5,EASIER
16,66.13,25.4,28,7,43.55,5,EASIER
16,86.52,18.89,21,3,78.32,5,HARDER
16,71.67,56.65,25,7,38.93,5,EASIER
4,78.82,15.16,5,1,98.22,1,HARDER
16,64.32,41.76,32,9,15.4,5,EASIER
12,81.02,22.19,17,3,71.41,4,SAME
9,88.47,21.72,10,1,100.0,3,HARDER
16,72.13,40.07,24,6,55.03,5,EASIER
16,81.49,31.26,23,4,71.01,5,SAME
16,63.92,44.42,31,9,35.1,5,EASIER
16,68.85,45.34,26,7,44.21,5,EASIER
16,72.04,47.81,28,6,37.25,5,EASIER
4,99.17,15.58,4,0,100.0,1,HARDER
12,83.68,15.62,17,2,71.74,4,SAME
6,73.3,19.05,11,2,79.89,2,SAME
4,99.79,25.45,4,0,92.03,1,HARDER
9,97.68,10.96,9,0,99.91,3,HARDER
6,100.0,12.34,6,0,85.99,2,HARDER
12,59.08,50.88,25,8,22.23,4,EASIER
16,85.04,24.82,22,3,67.96,5,HARDER
6,100.0,12.98,6,0,98.62,2,HARDER
6,85.33,19.69,8,1,95.09,2,HARDER
12,75.73,27.78,18,4,68.57,4,EASIER
6,67.3,22.82,14,3,83.57,2,EASIER
4,81.16,21.48,5,1,90.72,1,HARDER
16,76.36,35.54,23,5,60.17,5,SAME
9,90.72,23.24,11,1,100.0,3,HARDER
16,79.96,47.79,21,4,76.16,5,SAME
12,73.16,28.25,18,5,56.77,4,EASIER
4,79.83,23.56,5,1,100.0,1,HARDER
6,85.55,17.73,7,1,88.62,2,HARDER
6,98.77,13.37,6,0,100.0,2,HARDER
12,79.6,26.81,20,3,66.28,4,SAME
16,88.58,29.7,20,2,87.01,5,HARDER
4,99.79,9.97,5,0,100.0,1,HARDER
9,90.52,16.74,11,1,97.65,3,HARDER
9,81.61,17.94,14,2,70.39,3,SAME
12,86.22,18.02,14,2,90.62,4,HARDER
6,87.1,13.16,8,1,87.34,2,HARDER
6,100.0,9.42,6,0,100.0,2,HARDER
12,78.79,21.3,17,3,70.57,4,SAME
12,70.82,30.82,23,5,49.31,4,EASIER
4,66.36,23.97,6,2,79.41,1,SAME
9,75.59,34.49,13,3,76.56,3,EASIER
9,89.71,23.04,11,1,95.34,3,HARDER
9,82.45,31.02,12,2,89.78,3,HARDER
6,86.22,14.62,7,1,97.27,2,HARDER
16,93.93,22.28,20,1,84.71,5,HARDER
6,84.4,14.46,8,1,97.9,2,HARDER
4,100.0,9.74,4,0,97.03,1,HARDER
12,80.37,25.9,20,3,62.12,4,HARDER
6,74.87,16.47,8,2,86.09,2,SAME
9,84.65,21.66,11,2,73.28,3,HARDER
16,83.18,41.73,21,3,84.22,5,HARDER
4,99.08,16.17,4,0,100.0,1,HARDER
4,100.0,13.39,4,0,100.0,1,HARDER
9,89.63,12.62,11,1,93.83,3,HARDER
12,84.19,25.27,16,2,86.29,4,HARDER
12,87.58,34.06,15,2,85.27,4,HARDER
4,50.56,22.2,10,4,61.07,1,EASIER
4,82.18,15.18,7,1,91.5,1,HARDER
4,78.77,18.47,5,1,95.09,1,HARDER
4,65.59,22.55,7,2,76.69,1,EASIER
12,84.36,34.95,18,2,75.11,4,SAME
9,84.12,17.37,12,2,77.9,3,HARDER
6,75.46,21.38,10,2,78.05,2,SAME
12,84.71,37.55,17,2,72.37,4,HARDER
9,59.48,28.71,18,6,50.53,3,EASIER
12,100.0,25.4,13,0,100.0,4,EASIER
4,99.62,9.78,4,0,89.47,1,HARDER
12,86.49,16.37,15,2,74.11,4,HARDER
6,73.96,23.01,8,2,76.5,2,SAME
9,88.97,16.18,12,1,81.83,3,HARDER
6,98.83,14.17,7,0,100.0,2,HARDER
9,90.87,18.81,11,1,100.0,3,HARDER
4,80.61,22.03,6,1,83.95,1,HARDER
12,67.23,36.98,21,6,43.88,4,EASIER
12,66.03,27.65,23,6,43.43,4,EASIER
9,81.0,28.18,11,2,85.36,3,HARDER
6,86.13,17.15,9,1,80.29,2,HARDER
9,81.73,37.81,13,2,86.48,3,HARDER
9,75.63,18.1,14,3,83.92,3,SAME
12,93.6,20.89,13,1,91.39,4,HARDER
12,85.02,18.23,15,2,83.36,4,HARDER
16,79.12,26.95,23,4,74.26,5,HARDER
9,90.71,14.05,12,1,86.89,3,HARDER
16,80.21,31.15,23,4,61.51,5,EASIER
6,100.0,15.06,6,0,100.0,2,HARDER
6,100.0,10.71,6,0,94.43,2,HARDER
9,75.09,27.17,14,3,71.64,3,SAME
12,87.51,25.63,15,2,79.93,4,SAME
12,86.17,25.96,15,2,98.32,4,HARDER
9,73.46,20.8,13,3,74.23,3,EASIER
4,99.04,13.59,4,0,100.0,1,HARDER
4,99.03,15.29,4,0,89.51,1,HARDER
4,80.88,18.71,7,1,89.38,1,HARDER
6,75.44,24.37,9,2,73.4,2,SAME
16,73.84,38.09,30,6,45.72,5,EASIER
9,69.12,29.57,18,4,46.05,3,EASIER
12,67.89,47.82,23,6,59.88,4,EASIER
16,79.81,31.23,22,4,61.18,5,SAME
4,100.0,9.53,4,0,98.99,1,HARDER
4,79.61,16.06,5,1,89.82,1,SAME
16,76.66,33.28,26,5,66.03,5,EASIER
4,66.51,9.71,8,2,83.35,1,SAME
9,74.24,18.86,15,3,71.86,3,SAME
6,85.49,13.35,7,1,97.49,2,HARDER
9,75.32,24.12,15,3,68.27,3,SAME
9,98.67,16.95,9,0,100.0,3,HARDER
4,97.96,13.54,4,0,95.78,1,HARDER
9,100.0,18.38,9,0,100.0,3,HARDER
6,100.0,12.61,6,0,94.54,2,HARDER
6,66.32,26.01,11,3,61.16,2,EASIER
12,79.88,34.16,17,3,77.37,4,SAME
4,81.17,16.41,7,1,82.21,1,HARDER
4,99.8,13.62,4,0,100.0,1,HARDER
16,79.46,42.84,26,4,45.25,5,EASIER
4,80.36,19.77,5,1,89.78,1,SAME
16,70.19,66.26,32,7,34.48,5,EASIER
9,74.68,25.46,15,3,65.53,3,EASIER
4,81.0,11.54,5,1,100.0,1,HARDER
12,71.1,43.83,22,5,61.6,4,EASIER
16,83.72,25.25,22,3,70.75,5,HARDER
9,81.18,26.51,11,2,82.43,3,HARDER
6,100.0,12.11,6,0,87.48,2,HARDER
16,74.25,53.0,25,5,59.34,5,EASIER
12,74.89,14.77,22,4,58.97,4,EASIER
12,72.96,26.16,19,5,73.23,4,EASIER
9,100.0,14.11,9,0,100.0,3,HARDER
16,72.76,24.73,25,6,56.31,5,EASIER
6,98.76,9.69,6,0,100.0,2,HARDER
16,89.97,22.15,20,2,95.89,5,HARDER
6,86.57,12.53,7,1,100.0,2,HARDER
16,83.83,32.83,21,3,75.34,5,HARDER
9,99.77,18.23,10,0,90.88,3,HARDER
12,71.02,20.63,21,5,59.59,4,SAME
16,88.76,29.53,22,2,83.85,5,HARDER
9,89.81,14.61,10,1,100.0,3,HARDER
16,83.53,26.61,21,3,78.58,5,HARDER
9,90.84,18.76,11,1,91.72,3,HARDER
16,76.94,33.74,27,5,53.37,5,EASIER
16,90.6,31.91,19,2,84.02,5,HARDER
6,87.39,10.98,7,1,89.56,2,HARDER
9,99.33,14.07,9,0,100.0,3,HARDER
16,64.14,33.96,35,9,7.09,5,EASIER
16,77.59,36.19,25,5,49.01,5,EASIER
9,82.56,14.08,12,2,93.37,3,HARDER
6,85.01,11.72,7,1,88.75,2,HARDER
4,100.0,9.87,4,0,100.0,1,HARDER
4,80.76,17.14,5,1,97.7,1,HARDER
16,76.44,27.71,25,5,59.8,5,SAME
6,100.0,13.3,6,0,100.0,2,HARDER
12,66.91,44.17,19,6,50.41,4,EASIER
12,79.16,26.65,17,3,75.56,4,EASIER
12,84.84,19.95,15,2,71.47,4,HARDER
6,87.08,12.46,7,1,100.0,2,HARDER
12,71.63,27.73,20,5,48.35,4,EASIER
16,69.06,22.66,30,7,39.13,5,EASIER
6,100.0,14.2,6,0,100.0,2,HARDER
12,70.6,39.83,21,5,61.58,4,EASIER
16,65.05,67.52,33,8,31.15,5,EASIER
16,76.12,24.51,29,5,51.58,5,EASIER
9,82.77,26.99,13,2,89.9,3,HARDER
12,76.42,34.07,17,4,63.21,4,EASIER
9,89.68,26.65,11,1,97.67,3,HARDER
16,76.08,32.32,24,5,68.56,5,HARDER
16,79.3,30.18,21,4,84.34,5,SAME
16,65.23,64.86,29,9,29.38,5,EASIER
9,73.59,35.77,12,3,74.6,3,SAME
4,99.43,7.95,4,0,97.7,1,HARDER
9,80.97,31.15,12,2,90.88,3,SAME
6,86.78,14.06,7,1,84.44,2,HARDER
12,63.57,55.44,25,7,24.41,4,EASIER
9,75.78,22.56,15,3,62.11,3,SAME
4,67.02,9.88,7,2,90.69,1,SAME
4,80.62,13.27,5,1,100.0,1,HARDER
12,91.7,14.75,14,1,90.83,4,HARDER
12,100.0,20.03,13,0,96.28,4,HARDER
6,99.99,13.38,6,0,100.0,2,HARDER
12,67.95,25.23,17,5,73.68,4,EASIER
4,79.88,13.54,6,1,85.32,1,HARDER
6,60.16,34.38,12,4,68.6,2,EASIER
4,67.74,30.6,7,2,77.16,1,EASIER
12,100.0,26.0,15,0,98.89,4,HARDER
16,69.14,61.61,27,7,35.4,5,EASIER
4,100.0,8.46,4,0,100.0,1,HARDER
4,81.63,13.6,5,1,92.06,1,HARDER
12,86.53,23.61,15,2,91.14,4,HARDER
9,83.05,12.79,12,2,90.78,3,HARDER
4,99.31,6.92,4,0,98.33,1,HARDER
6,85.66,10.82,8,1,94.45,2,HARDER
4,98.93,14.89,4,0,100.0,1,HARDER
16,76.94,58.6,27,5,47.87,5,EASIER
12,80.57,26.67,19,3,69.09,4,SAME
4,80.95,21.89,6,1,87.73,1,HARDER
9,90.08,18.85,10,1,94.76,3,HARDER
9,82.52,29.13,13,2,75.26,3,SAME
4,100.0,12.46,4,0,100.0,1,SAME
4,99.34,18.22,4,0,90.57,1,HARDER
12,85.04,34.37,15,2,89.39,4,HARDER
16,79.88,39.53,29,4,54.85,5,SAME
4,80.23,12.54,8,1,82.74,1,HARDER
4,100.0,15.51,4,0,95.62,1,HARDER
6,86.18,27.26,7,1,93.19,2,HARDER
12,79.74,37.83,18,3,78.36,4,SAME
6,99.56,26.04,6,0,100.0,2,HARDER
4,99.64,14.47,4,0,100.0,1,HARDER
4,98.28,9.69,4,0,100.0,1,HARDER
9,75.4,18.6,13,3,70.37,3,SAME
9,75.12,33.17,12,3,74.17,3,SAME
4,98.89,13.97,4,0,90.51,1,HARDER
6,87.51,20.13,9,1,92.54,2,HARDER
12,85.75,19.35,19,2,77.06,4,HARDER
12,85.59,30.75,15,2,93.28,4,SAME
4,78.93,9.48,6,1,85.03,1,HARDER
9,92.46,20.8,10,1,98.26,3,HARDER
12,85.53,16.81,15,2,86.81,4,HARDER
16,85.02,23.44,22,3,62.01,5,SAME
4,67.84,19.01,9,2,97.98,1,HARDER
12,80.57,31.04,19,3,72.72,4,HARDER
12,64.89,35.34,20,6,49.11,4,EASIER
9,77.41,36.5,18,3,55.22,3,SAME
12,70.22,49.04,21,5,34.5,4,EASIER
4,78.6,14.73,7,1,85.56,1,HARDER
12,91.71,13.4,14,1,90.92,4,HARDER
9,100.0,21.85,10,0,100.0,3,HARDER
16,94.14,29.82,18,1,97.66,5,HARDER
9,81.29,19.39,12,2,95.8,3,HARDER
9,82.24,19.74,12,2,93.74,3,HARDER
12,68.86,43.61,22,5,42.12,4,EASIER
6,99.27,9.04,6,0,100.0,2,HARDER
9,98.34,13.4,9,0,100.0,3,HARDER
9,60.73,37.75,22,6,43.73,3,EASIER
4,98.95,9.64,4,0,87.45,1,HARDER
9,89.22,15.27,12,1,89.88,3,HARDER
16,63.3,65.05,28,9,37.29,5,EASIER
12,61.57,70.63,30,7,17.25,4,EASIER
12,85.34,18.49,17,2,77.04,4,HARDER
6,85.65,13.81,9,1,79.67,2,HARDER
9,83.25,21.26,11,2,95.34,3,HARDER
9,62.82,39.33,18,5,49.11,3,EASIER
6,86.51,18.97,9,1,87.77,2,HARDER
12,100.0,20.37,14,0,93.12,4,HARDER
9,90.44,18.29,10,1,95.75,3,HARDER
9,81.18,30.6,12,2,91.19,3,SAME
6,86.97,14.73,9,1,71.18,2,HARDER
9,74.9,17.98,14,3,66.42,3,HARDER
16,74.12,28.99,26,6,52.27,5,EASIER
4,100.0,10.74,4,0,95.49,1,HARDER
6,75.63,25.37,10,2,85.86,2,SAME
12,85.61,32.46,16,2,88.03,4,HARDER
12,86.17,22.16,15,2,79.9,4,HARDER
9,89.44,14.43,11,1,100.0,3,HARDER
16,81.12,48.56,21,4,65.95,5,EASIER
12,99.07,12.11,12,0,100.0,4,SAME
9,81.61,21.95,12,2,86.51,3,HARDER
16,84.9,34.3,21,3,67.68,5,SAME
4,79.79,17.7,6,1,84.03,1,HARDER
4,100.0,7.8,4,0,100.0,1,HARDER
12,73.48,28.96,24,4,59.21,4,EASIER
16,64.16,44.19,32,9,18.92,5,EASIER
6,100.0,11.41,6,0,100.0,2,HARDER
16,66.64,31.99,27,8,53.99,5,EASIER
9,81.16,20.6,13,2,80.55,3,HARDER
16,81.38,25.53,24,4,55.32,5,EASIER
12,66.72,31.17,21,6,44.09,4,EASIER
4,99.34,11.33,4,0,100.0,1,HARDER
12,75.82,29.21,19,4,63.37,4,EASIER
4,100.0,8.9,5,0,93.6,1,HARDER
4,79.94,12.47,6,1,87.67,1,HARDER
4,79.51,21.04,6,1,91.0,1,HARDER
16,67.74,34.09,27,8,38.0,5,EASIER
9,100.0,12.02,9,0,100.0,3,HARDER
9,81.27,22.09,11,2,87.24,3,HARDER
9,75.26,38.64,14,3,66.76,3,EASIER
6,84.35,15.45,8,1,97.0,2,HARDER
12,84.92,21.23,15,2,96.57,4,HARDER
16,76.23,37.54,28,5,48.7,5,EASIER
16,79.87,18.59,23,4,57.0,5,EASIER
16,86.16,21.4,21,3,64.86,5,HARDER
4,99.1,13.48,4,0,100.0,1,HARDER
12,84.85,21.54,15,2,91.96,4,HARDER
4,99.52,14.24,4,0,89.72,1,HARDER
16,84.27,24.78,19,3,74.98,5,HARDER
4,80.3,17.18,5,1,85.11,1,HARDER
6,100.0,9.91,6,0,100.0,2,HARDER
4,79.9,13.59,5,1,93.54,1,HARDER
4,100.0,14.51,4,0,99.95,1,HARDER
16,72.41,29.75,25,6,57.43,5,SAME
12,75.21,31.76,18,4,73.04,4,EASIER
4,77.91,14.42,5,1,100.0,1,HARDER
9,82.12,26.2,11,2,78.07,3,SAME
6,74.98,22.82,11,2,78.17,2,SAME
9,91.32,20.4,11,1,86.26,3,HARDER
16,80.33,38.96,20,4,71.64,5,SAME
12,86.5,20.03,15,2,71.88,4,HARDER
4,98.31,12.79,5,0,100.0,1,HARDER
12,70.94,37.85,20,5,58.47,4,EASIER
9,100.0,20.17,9,0,100.0,3,HARDER
12,85.88,29.84,16,2,78.13,4,HARDER
12,72.72,29.74,16,4,48.59,4,SAME
4,80.9,11.84,5,1,93.96,1,HARDER
9,90.69,22.3,13,1,89.43,3,HARDER
6,99.54,18.02,6,0,97.85,2,HARDER
4,79.54,10.08,5,1,93.27,1,HARDER
6,76.6,20.95,11,2,83.91,2,SAME
4,97.75,13.01,4,0,94.94,1,HARDER
4,97.77,9.87,4,0,100.0,1,HARDER
6,85.33,14.45,10,1,93.3,2,HARDER
4,66.53,17.04,9,2,74.94,1,SAME
16,90.04,24.02,23,2,89.17,5,HARDER
4,100.0,14.53,4,0,95.84,1,HARDER
6,66.19,18.26,12,3,83.09,2,EASIER
9,75.5,27.74,14,3,70.41,3,SAME
16,62.75,38.68,30,10,15.29,5,EASIER
4,99.37,16.63,4,0,100.0,1,HARDER
4,78.85,12.6,6,1,91.38,1,HARDER
4,99.42,9.76,4,0,100.0,1,HARDER
12,90.98,15.78,13,1,89.51,4,HARDER
12,67.81,33.78,21,6,53.44,4,EASIER
9,82.29,18.86,12,2,81.27,3,HARDER
4,100.0,11.29,4,0,100.0,1,HARDER
12,86.77,22.04,16,2,85.3,4,HARDER
9,69.09,40.79,18,4,61.16,3,EASIER
6,98.57,21.4,7,0,100.0,2,HARDER
6,100.0,15.95,6,0,97.38,2,HARDER
12,74.76,28.31,20,4,53.06,4,EASIER
9,88.25,21.26,11,1,94.6,3,HARDER
4,99.16,14.58,4,0,97.07,1,HARDER
9,82.31,29.31,13,2,84.87,3,HARDER
9,88.74,11.46,12,1,91.65,3,HARDER
12,67.97,32.82,23,6,43.25,4,EASIER
4,56.06,26.95,8,3,72.63,1,EASIER
6,86.26,20.08,7,1,99.97,2,HARDER
12,70.53,30.37,20,5,66.12,4,EASIER
12,91.32,22.19,14,1,84.3,4,HARDER
16,76.6,24.57,22,5,62.36,5,EASIER
6,75.16,20.55,8,2,76.91,2,HARDER
12,99.81,17.37,12,0,100.0,4,HARDER
9,83.18,17.45,11,2,87.66,3,HARDER
6,66.65,28.54,10,3,76.14,2,EASIER
9,64.31,47.46,14,5,72.68,3,EASIER
4,80.3,14.48,5,1,76.22,1,HARDER
16,84.17,39.51,20,3,79.85,5,HARDER
4,100.0,10.91,4,0,95.91,1,HARDER
4,80.44,17.98,5,1,86.68,1,HARDER
6,99.86,9.77,6,0,98.42,2,HARDER
9,99.37,28.78,9,0,100.0,3,HARDER
16,87.93,25.48,24,2,73.17,5,HARDER
4,65.33,21.75,10,2,72.63,1,EASIER
9,89.27,19.76,14,1,98.8,3,HARDER
9,99.5,29.53,9,0,96.14,3,HARDER
6,85.95,13.82,7,1,89.67,2,HARDER
9,90.14,13.35,10,1,96.89,3,HARDER
6,86.27,18.56,8,1,91.97,2,HARDER
9,64.28,24.75,16,5,59.93,3,EASIER
16,71.95,42.05,24,7,52.01,5,EASIER
9,80.62,29.38,12,2,78.52,3,SAME
4,57.05,20.92,10,3,74.87,1,EASIER
16,86.81,26.27,22,2,89.8,5,HARDER
16,73.28,37.4,28,6,36.78,5,EASIER
6,84.85,13.64,7,1,99.67,2,HARDER
9,88.22,16.13,13,1,80.61,3,HARDER
9,82.43,24.64,15,2,75.3,3,SAME
4,98.79,9.3,4,0,97.18,1,HARDER
4,100.0,20.02,4,0,100.0,1,HARDER
12,69.74,25.27,20,5,64.77,4,EASIER
4,67.31,27.13,7,2,85.9,1,EASIER
9,89.34,17.57,11,1,89.17,3,HARDER
16,79.21,31.55,24,4,72.48,5,SAME
16,69.25,53.66,30,7,42.8,5,EASIER
12,84.67,30.15,18,2,86.4,4,HARDER
16,88.67,32.07,22,2,73.24,5,HARDER
4,99.24,11.87,4,0,100.0,1,HARDER
4,80.32,11.47,5,1,100.0,1,HARDER
6,83.58,11.72,7,1,100.0,2,HARDER
9,81.76,14.61,11,2,85.97,3,HARDER
16,64.41,45.07,33,9,26.93,5,EASIER
9,81.68,31.66,14,2,61.93,3,SAME
16,80.88,31.27,23,4,61.92,5,SAME
4,65.17,15.31,9,2,82.49,1,EASIER
9,79.91,17.21,12,2,79.75,3,HARDER
16,74.27,40.7,26,5,55.01,5,EASIER
6,67.48,13.48,12,3,80.34,2,EASIER
12,73.73,48.1,17,4,70.15,4,EASIER
4,80.04,20.52,7,1,87.94,1,HARDER
9,62.03,58.38,16,5,44.85,3,EASIER
4,99.83,9.46,4,0,99.6,1,HARDER
6,86.17,14.78,8,1,100.0,2,HARDER
6,84.72,16.55,7,1,93.66,2,HARDER
12,85.05,14.19,17,2,74.5,4,HARDER
4,80.69,14.11,5,1,85.59,1,HARDER
4,100.0,8.9,5,0,100.0,1,HARDER
6,84.64,15.0,7,1,99.29,2,HARDER
6,100.0,6.85,6,0,93.92,2,HARDER
9,89.66,11.05,10,1,84.49,3,HARDER
16,84.27,27.78,25,3,67.64,5,SAME
16,77.36,23.82,26,5,57.61,5,EASIER
16,94.57,34.05,18,1,91.71,5,HARDER
12,74.11,23.36,19,4,66.72,4,EASIER
9,91.07,21.16,10,1,89.03,3,HARDER
9,100.0,16.9,9,0,100.0,3,HARDER
16,72.43,34.01,25,6,37.74,5,EASIER
6,99.2,10.08,6,0,97.42,2,HARDER
9,100.0,27.94,10,0,100.0,3,HARDER
4,99.21,15.32,4,0,100.0,1,HARDER
12,80.73,36.9,17,3,81.95,4,SAME
16,76.83,53.32,26,5,51.67,5,EASIER
12,76.74,42.52,22,4,49.44,4,EASIER
16,85.07,31.42,24,3,62.29,5,SAME
6,100.0,12.32,6,0,92.35,2,HARDER
9,80.87,19.2,11,2,81.45,3,HARDER
9,80.65,30.05,13,2,65.16,3,SAME
12,92.81,22.78,13,1,90.06,4,HARDER
16,89.31,35.25,21,2,68.52,5,SAME
9,90.5,23.15,13,1,94.13,3,HARDER
6,100.0,11.09,6,0,99.51,2,HARDER
6,84.84,21.0,7,1,95.33,2,HARDER
4,99.6,12.49,4,0,94.2,1,HARDER
4,79.39,11.93,6,1,85.6,1,HARDER
9,67.55,24.35,16,4,60.9,3,EASIER
6,64.76,19.63,12,3,72.87,2,EASIER
4,99.23,10.34,4,0,100.0,1,HARDER
12,64.37,30.98,23,7,46.16,4,EASIER
9,100.0,21.42,9,0,100.0,3,HARDER
12,92.23,17.24,14,1,98.82,4,HARDER
6,100.0,16.03,6,0,93.61,2,HARDER
4,100.0,19.33,4,0,98.69,1,HARDER
16,88.04,26.09,20,2,81.78,5,HARDER
4,100.0,9.64,4,0,94.16,1,HARDER
12,86.41,26.47,16,2,75.67,4,HARDER
4,100.0,7.07,4,0,100.0,1,HARDER
9,75.42,27.28,13,3,70.13,3,SAME
6,87.48,27.57,8,1,88.05,2,HARDER
9,80.54,21.27,11,2,76.43,3,SAME
12,62.2,35.87,20,7,56.06,4,EASIER
12,99.69,17.98,12,0,97.77,4,HARDER
12,83.18,24.71,15,2,86.96,4,HARDER
4,100.0,11.83,4,0,87.86,1,HARDER
6,66.82,25.26,11,3,64.94,2,EASIER
4,78.94,8.85,6,1,86.28,1,HARDER
16,72.32,48.45,25,6,44.65,5,EASIER
4,78.38,17.52,6,1,82.95,1,HARDER
12,74.96,39.41,18,4,70.57,4,EASIER
6,73.45,18.94,8,2,89.49,2,SAME
12,84.2,16.7,17,2,78.74,4,SAME
12,90.53,23.03,14,1,90.27,4,HARDER
6,74.68,12.5,8,2,91.5,2,HARDER
4,100.0,9.22,5,0,85.01,1,HARDER
4,100.0,11.99,4,0,92.85,1,HARDER
12,88.56,21.49,18,2,84.11,4,HARDER
6,67.45,21.63,9,3,90.33,2,SAME
9,90.36,20.38,12,1,92.73,3,HARDER
9,76.55,36.48,15,3,87.76,3,HARDER
9,83.45,17.7,12,2,82.63,3,HARDER
12,67.29,26.13,20,6,54.33,4,EASIER
9,99.18,11.85,9,0,98.35,3,EASIER
16,69.25,52.32,24,7,35.6,5,EASIER
9,82.08,11.83,13,2,82.64,3,HARDER
12,100.0,18.32,12,0,87.94,4,HARDER
9,88.32,19.91,10,1,95.88,3,HARDER
9,81.57,20.82,14,2,88.17,3,SAME
16,70.69,37.16,28,7,52.46,5,SAME
12,91.0,26.11,13,1,91.84,4,HARDER
16,86.36,52.76,22,2,72.66,5,HARDER
16,76.53,47.33,27,5,52.69,5,EASIER
12,85.93,19.36,17,2,87.05,4,HARDER
12,74.73,20.13,19,4,59.23,4,SAME
9,87.92,24.41,10,1,86.42,3,HARDER
16,72.52,29.36,27,6,55.27,5,EASIER
9,88.39,21.43,12,1,93.79,3,HARDER
4,99.58,17.09,4,0,95.98,1,HARDER
6,86.3,18.23,9,1,88.16,2,HARDER
6,84.7,14.66,7,1,99.72,2,HARDER
12,86.59,20.83,16,2,87.56,4,HARDER
16,77.02,34.08,25,5,55.38,5,EASIER
9,66.25,34.84,18,5,47.17,3,EASIER
9,67.99,27.6,13,4,69.19,3,EASIER
6,86.88,21.88,7,1,88.56,2,HARDER
4,80.26,22.22,6,1,88.69,1,SAME
16,63.5,43.35,31,9,11.12,5,EASIER
4,100.0,11.49,4,0,100.0,1,HARDER
16,70.1,43.89,29,7,44.72,5,EASIER
6,87.34,13.11,8,1,85.02,2,HARDER
12,80.1,25.59,17,3,72.08,4,SAME
6,100.0,10.93,6,0,100.0,2,HARDER
4,100.0,10.63,4,0,100.0,1,HARDER
6,75.95,20.13,9,2,80.3,2,HARDER
9,82.2,37.29,17,2,83.73,3,SAME
16,77.14,27.29,24,4,66.7,5,EASIER
12,87.14,20.13,15,2,86.25,4,HARDER
16,67.9,36.47,26,7,48.61,5,EASIER
9,75.04,36.5,16,3,76.39,3,SAME
4,99.65,10.0,4,0,99.67,1,HARDER
12,63.59,65.08,21,7,35.35,4,EASIER
16,77.01,37.43,26,5,56.25,5,EASIER
9,90.27,17.26,11,1,90.83,3,HARDER
9,75.97,20.51,12,3,74.47,3,HARDER
9,82.24,15.47,11,2,100.0,3,HARDER
16,77.12,27.89,27,5,45.54,5,SAME
6,75.18,21.99,9,2,89.08,2,HARDER
12,60.09,34.64,25,8,32.71,4,EASIER
9,67.5,27.89,17,4,51.83,3,EASIER
12,71.64,26.83,20,5,53.88,4,EASIER
9,100.0,18.34,10,0,100.0,3,HARDER
4,57.44,20.14,10,3,76.61,1,EASIER
6,74.8,19.96,9,2,91.12,2,SAME
16,60.22,77.6,33,11,0.0,5,EASIER
4,99.49,7.27,4,0,100.0,1,HARDER
16,75.48,27.34,25,5,54.69,5,SAME
12,84.04,26.96,14,2,83.03,4,SAME
16,76.29,36.09,25,5,63.22,5,SAME
9,73.89,26.4,12,3,81.05,3,SAME
12,92.51,17.12,13,1,99.56,4,HARDER
6,85.75,18.82,7,1,100.0,2,HARDER
16,88.56,25.83,19,2,78.72,5,HARDER
6,75.7,26.66,10,2,85.98,2,SAME
9,100.0,11.53,9,0,96.65,3,HARDER
6,86.77,16.62,10,1,100.0,2,HARDER
9,68.27,28.23,15,4,62.71,3,EASIER
6,87.19,21.74,7,1,80.1,2,HARDER
12,85.22,24.52,16,2,79.77,4,SAME
16,89.82,29.23,21,2,61.5,5,SAME
9,80.31,24.97,14,2,71.52,3,SAME
9,91.45,19.35,12,1,96.4,3,HARDER
4,98.26,18.24,4,0,100.0,1,HARDER
4,66.75,13.74,7,2,76.08,1,SAME
12,86.15,13.86,15,2,95.48,4,HARDER
6,84.91,13.02,8,1,98.67,2,HARDER
6,100.0,19.65,6,0,90.78,2,HARDER
16,76.65,27.09,22,5,65.96,5,EASIER
16,84.02,25.48,21,3,71.52,5,HARDER
9,75.17,17.03,13,3,73.44,3,HARDER
4,80.71,9.75,7,1,88.95,1,HARDER
6,67.05,28.42,11,3,51.81,2,EASIER
4,78.31,14.73,5,1,100.0,1,HARDER
4,99.23,9.71,4,0,96.57,1,HARDER
6,75.58,10.1,10,2,80.63,2,HARDER
9,73.94,25.55,12,3,85.29,3,HARDER
4,80.57,8.2,5,1,89.19,1,HARDER
16,83.96,26.7,19,3,80.26,5,HARDER
9,99.96,29.79,9,0,100.0,3,HARDER
16,80.03,31.55,20,4,66.52,5,HARDER
12,79.18,28.2,16,3,66.83,4,SAME
4,100.0,8.35,4,0,100.0,1,HARDER
9,74.04,14.32,15,3,71.93,3,HARDER
16,75.2,30.77,25,5,65.56,5,EASIER
12,70.13,40.69,17,5,58.67,4,EASIER
4,99.38,9.19,4,0,100.0,1,HARDER
6,100.0,10.32,7,0,100.0,2,HARDER
4,99.39,15.95,4,0,100.0,1,HARDER
9,99.96,11.06,9,0,89.85,3,HARDER
16,88.99,43.6,20,2,79.55,5,HARDER
9,81.47,25.31,15,2,86.69,3,HARDER
12,87.44,13.05,15,2,90.99,4,HARDER
16,84.78,34.92,22,3,87.36,5,HARDER
16,69.48,28.27,26,7,48.47,5,EASIER
16,85.85,37.98,22,3,59.81,5,SAME
6,78.35,21.8,8,2,81.05,2,SAME
16,76.05,26.0,24,5,45.89,5,EASIER
16,68.73,37.21,27,7,46.17,5,EASIER
4,65.88,15.43,6,2,83.37,1,SAME
6,100.0,14.96,6,0,100.0,2,HARDER
4,66.95,17.09,6,2,87.91,1,EASIER
12,63.43,33.11,28,7,47.62,4,EASIER
6,85.67,10.47,7,1,97.9,2,HARDER
4,99.8,8.5,4,0,88.63,1,SAME
9,75.2,28.61,15,3,65.18,3,EASIER
9,99.37,14.63,9,0,100.0,3,HARDER
4,98.92,9.23,4,0,93.08,1,HARDER
4,98.04,9.72,4,0,88.82,1,HARDER
16,85.67,33.64,23,3,70.72,5,HARDER
4,66.35,20.67,7,2,88.16,1,EASIER
9,67.43,42.02,16,4,55.58,3,EASIER
9,100.0,23.34,9,0,86.76,3,HARDER
6,73.84,10.74,9,2,88.46,2,HARDER
6,86.04,18.85,7,1,97.74,2,HARDER
12,100.0,21.59,13,0,97.0,4,HARDER
6,66.66,18.55,10,3,64.16,2,EASIER
16,84.48,40.49,23,3,61.63,5,SAME
16,78.84,36.73,23,4,68.94,5,SAME
12,78.81,24.05,20,3,72.34,4,SAME
12,76.14,28.7,20,4,71.46,4,SAME
4,99.28,10.73,4,0,100.0,1,HARDER
16,69.18,53.56,29,7,32.0,5,EASIER
6,75.83,11.24,8,2,98.04,2,HARDER
9,80.88,14.45,12,2,86.05,3,HARDER
16,76.74,23.95,25,5,55.86,5,SAME
16,88.84,27.64,20,2,93.18,5,HARDER
12,81.93,22.57,16,3,78.48,4,HARDER
6,98.94,7.45,6,0,96.99,2,HARDER
9,81.9,17.09,12,2,82.11,3,HARDER
9,75.43,22.45,12,3,84.77,3,SAME
4,100.0,8.93,4,0,100.0,1,HARDER
16,86.9,39.58,20,2,79.96,5,HARDER
16,93.94,25.11,19,1,93.41,5,HARDER
12,78.44,18.7,17,3,64.98,4,HARDER
4,99.2,13.05,4,0,100.0,1,HARDER
9,81.89,22.57,13,2,76.5,3,HARDER
9,77.04,22.54,13,3,72.23,3,SAME
4,98.41,13.43,4,0,96.44,1,HARDER
9,69.71,22.71,14,4,81.27,3,EASIER
9,88.97,15.15,11,1,96.88,3,HARDER
9,82.42,19.7,15,2,80.97,3,SAME
16,80.89,69.1,24,4,56.87,5,EASIER
6,99.31,12.56,6,0,98.12,2,HARDER
6,98.8,13.35,7,0,100.0,2,HARDER
12,85.74,25.87,16,2,89.0,4,HARDER
12,91.53,30.82,15,1,83.44,4,HARDER
16,92.99,25.52,18,1,97.25,5,HARDER
9,82.7,22.44,11,2,96.19,3,HARDER
9,83.02,24.46,12,2,85.6,3,HARDER
9,65.58,34.95,16,5,68.9,3,EASIER
16,80.23,31.57,25,4,72.98,5,SAME
9,74.43,20.73,12,3,90.45,3,HARDER
6,98.84,12.01,7,0,93.34,2,HARDER
16,65.45,42.41,30,8,20.93,5,EASIER
9,98.69,17.8,10,0,85.76,3,HARDER
6,87.05,16.77,7,1,100.0,2,HARDER
4,100.0,9.91,4,0,95.18,1,HARDER
12,74.37,29.25,27,4,46.5,4,EASIER
6,75.37,18.87,9,2,85.74,2,HARDER
4,67.29,29.65,8,2,76.27,1,EASIER
16,72.58,70.56,32,6,47.6,5,EASIER
4,57.75,16.37,7,3,73.09,1,SAME
9,68.21,35.58,18,4,74.63,3,EASIER
4,79.02,8.79,5,1,98.84,1,HARDER
9,98.78,19.78,10,0,93.34,3,HARDER
9,90.52,12.37,12,1,82.83,3,HARDER
16,88.16,26.35,18,2,92.26,5,HARDER
16,76.77,32.04,24,5,56.05,5,EASIER
9,90.08,20.64,11,1,88.32,3,HARDER
16,72.28,69.8,24,6,59.41,5,EASIER
12,85.62,24.25,14,2,83.85,4,HARDER
4,98.91,20.33,4,0,100.0,1,HARDER
9,74.37,22.91,13,3,82.13,3,HARDER
6,85.68,14.59,9,1,83.28,2,HARDER
9,90.3,21.81,11,1,84.93,3,HARDER
6,100.0,10.76,6,0,91.97,2,HARDER
16,73.08,41.9,27,6,35.97,5,EASIER
6,85.14,20.11,8,1,93.22,2,HARDER
6,86.49,11.78,7,1,95.84,2,HARDER
12,70.94,56.15,20,5,59.72,4,EASIER
12,62.53,31.02,27,8,25.0,4,EASIER
9,74.89,30.33,15,3,68.88,3,EASIER
4,100.0,12.16,4,0,100.0,1,HARDER
6,100.0,12.8,6,0,89.42,2,HARDER
12,92.14,37.99,13,1,97.78,4,HARDER
16,73.2,44.08,27,6,29.37,5,EASIER
6,75.1,12.91,11,2,88.88,2,HARDER
6,100.0,17.52,6,0,99.2,2,HARDER
6,100.0,15.12,6,0,96.13,2,HARDER
6,65.68,31.44,10,3,64.55,2,EASIER
16,73.04,42.66,25,6,50.38,5,EASIER
12,92.38,17.89,14,1,89.36,4,HARDER
4,100.0,11.7,4,0,100.0,1,HARDER
9,92.0,21.79,11,1,90.37,3,HARDER
4,100.0,15.99,4,0,100.0,1,HARDER
12,85.45,26.37,17,2,88.24,4,HARDER
4,100.0,10.03,4,0,100.0,1,HARDER
12,62.91,30.97,27,7,28.66,4,EASIER
4,100.0,16.75,4,0,100.0,1,HARDER
4,99.04,15.39,4,0,89.38,1,HARDER
16,79.78,21.57,22,4,68.24,5,HARDER
9,75.31,27.63,13,3,70.4,3,EASIER
6,85.63,17.76,7,1,93.29,2,HARDER
9,73.47,33.24,12,3,74.28,3,SAME
12,86.52,26.34,14,2,76.19,4,HARDER
12,74.19,19.57,21,4,71.39,4,SAME
12,76.04,27.14,22,4,58.02,4,EASIER
9,81.61,15.74,14,2,98.99,3,HARDER
9,84.45,21.09,13,2,81.06,3,SAME
4,78.31,20.23,5,1,93.65,1,HARDER
6,99.97,7.55,7,0,100.0,2,HARDER
12,76.05,30.15,17,4,72.97,4,EASIER
6,85.35,11.02,7,1,99.34,2,HARDER
9,89.72,27.87,10,1,100.0,3,HARDER
12,74.78,31.0,17,4,78.46,4,HARDER
6,99.91,12.1,6,0,100.0,2,HARDER
6,99.82,15.17,7,0,100.0,2,HARDER
16,76.26,32.36,24,5,51.96,5,SAME
16,59.61,43.57,36,11,0.0,5,EASIER
12,72.17,41.83,18,4,77.95,4,SAME
4,66.0,12.18,6,2,87.49,1,HARDER
6,98.67,15.91,6,0,96.64,2,HARDER
4,78.91,12.41,5,1,93.84,1,HARDER
16,87.55,34.55,21,2,87.29,5,HARDER
12,92.54,22.7,16,1,75.05,4,HARDER
16,75.21,24.97,25,5,58.68,5,EASIER
16,80.01,26.62,23,4,64.84,5,SAME
9,82.07,19.94,12,2,79.51,3,HARDER
12,73.64,41.15,21,4,56.01,4,EASIER
9,82.75,18.12,11,2,83.89,3,HARDER
12,81.02,22.07,16,3,62.45,4,HARDER
16,75.75,26.7,27,5,58.17,5,EASIER
4,100.0,9.63,4,0,100.0,1,HARDER
6,99.26,7.13,7,0,98.16,2,HARDER
16,88.91,23.82,19,2,77.45,5,HARDER
12,86.3,26.06,14,2,96.43,4,HARDER
12,86.37,22.72,14,2,78.7,4,HARDER
4,98.89,7.69,4,0,100.0,1,HARDER
12,85.6,27.4,18,2,82.71,4,SAME
16,72.15,31.94,24,6,51.97,5,EASIER
12,68.51,28.51,23,6,46.4,4,HARDER
9,81.25,25.71,12,2,87.55,3,HARDER
4,100.0,7.49,4,0,97.05,1,HARDER
6,75.3,18.45,9,2,84.65,2,HARDER
16,64.68,30.9,31,9,30.12,5,EASIER
16,70.94,34.9,26,7,58.3,5,EASIER
9,99.61,13.78,9,0,93.81,3,HARDER
9,91.06,20.06,11,1,78.16,3,HARDER
12,86.37,21.56,17,2,74.65,4,HARDER
12,70.42,34.2,18,5,62.73,4,EASIER
9,89.37,15.55,12,1,81.38,3,HARDER
16,89.28,33.83,19,2,91.88,5,HARDER
12,79.42,22.71,15,3,85.93,4,HARDER
12,91.47,21.54,13,1,88.83,4,HARDER
12,75.25,17.7,18,4,64.82,4,SAME
6,84.88,19.85,9,1,91.15,2,HARDER
6,100.0,12.58,6,0,100.0,2,HARDER
12,85.25,34.46,17,2,75.17,4,SAME
12,99.31,15.49,14,0,100.0,4,HARDER
6,100.0,15.62,6,0,100.0,2,HARDER
4,80.33,13.54,5,1,89.9,1,HARDER
16,68.25,46.32,28,7,42.07,5,EASIER
6,75.66,24.65,10,2,83.67,2,SAME
12,85.68,28.49,15,2,90.85,4,HARDER
12,67.09,29.47,22,6,51.09,4,EASIER
6,84.2,27.45,7,1,99.96,2,HARDER
16,75.48,33.53,25,5,47.99,5,EASIER
4,100.0,9.13,4,0,100.0,1,HARDER
16,72.57,36.04,27,6,50.01,5,EASIER
12,92.68,14.72,14,1,98.85,4,HARDER
4,99.26,6.68,5,0,87.76,1,HARDER
6,86.04,20.85,9,1,82.49,2,HARDER
6,100.0,20.32,6,0,100.0,2,HARDER
12,76.99,27.38,18,3,80.48,4,SAME
6,99.98,8.67,6,0,100.0,2,HARDER
6,86.2,21.96,7,1,100.0,2,HARDER
4,100.0,12.8,4,0,92.67,1,HARDER
12,78.97,26.81,16,3,78.66,4,SAME
16,73.01,25.61,35,6,22.7,5,EASIER
4,100.0,11.16,5,0,100.0,1,HARDER
16,79.71,26.5,22,4,73.45,5,SAME
6,61.33,30.3,11,4,50.39,2,EASIER
9,74.08,21.44,16,3,76.56,3,SAME
12,75.22,35.13,17,4,68.25,4,SAME
12,63.02,30.25,22,7,42.08,4,EASIER
6,98.37,18.91,6,0,100.0,2,HARDER
6,100.0,9.58,6,0,98.62,2,HARDER
4,79.76,15.46,7,1,86.43,1,HARDER
4,79.87,9.93,7,1,94.79,1,HARDER
4,65.39,11.44,7,2,96.94,1,HARDER
6,86.31,19.93,8,1,74.31,2,HARDER
4,100.0,16.74,4,0,100.0,1,HARDER
4,100.0,12.39,4,0,100.0,1,HARDER
4,100.0,12.86,4,0,100.0,1,HARDER
12,91.97,22.22,13,1,86.43,4,SAME
6,86.23,13.29,8,1,81.13,2,HARDER
9,90.63,21.48,11,1,97.19,3,HARDER
4,100.0,11.81,4,0,100.0,1,HARDER
4,67.13,20.53,6,2,74.98,1,EASIER
9,73.49,36.25,15,3,75.71,3,SAME
6,99.1,13.57,7,0,100.0,2,HARDER
12,90.51,20.21,13,1,100.0,4,HARDER
6,85.04,13.08,7,1,93.92,2,HARDER
9,81.87,29.8,15,2,82.54,3,HARDER
16,89.38,27.3,18,2,89.36,5,HARDER
16,74.2,29.95,24,6,50.41,5,EASIER
6,100.0,15.63,6,0,100.0,2,HARDER
9,81.28,21.25,13,2,69.25,3,HARDER
4,98.08,9.81,5,0,95.06,1,HARDER
12,99.33,22.49,15,0,100.0,4,HARDER
12,73.63,17.66,23,4,66.61,4,EASIER
6,100.0,14.1,6,0,86.02,2,HARDER
16,80.6,22.92,24,4,53.85,5,SAME
12,84.55,26.27,18,2,75.68,4,SAME
6,67.47,30.21,12,3,77.81,2,EASIER
4,79.99,10.29,5,1,84.61,1,HARDER
4,65.91,23.63,9,2,65.74,1,SAME
16,78.68,38.49,24,4,60.8,5,SAME
6,72.64,20.37,11,2,83.94,2,SAME
16,77.02,40.96,24,5,60.14,5,EASIER
12,80.33,28.99,21,3,67.4,4,EASIER
9,65.37,31.94,20,5,59.13,3,SAME
12,100.0,28.53,13,0,100.0,4,HARDER
9,100.0,12.81,9,0,100.0,3,HARDER
9,68.21,30.84,17,4,70.06,3,EASIER
6,73.49,20.17,9,2,76.71,2,SAME
16,68.23,26.17,25,7,37.75,5,EASIER
6,99.35,7.35,6,0,100.0,2,HARDER
16,85.4,32.16,22,3,63.95,5,SAME
16,73.93,52.06,29,6,45.33,5,EASIER
16,68.28,72.19,26,7,45.42,5,EASIER
6,84.63,40.21,7,1,94.12,2,HARDER
12,74.66,34.59,21,4,69.12,4,EASIER
12,99.38,17.36,12,0,100.0,4,HARDER
12,87.31,13.28,16,2,92.51,4,HARDER
6,86.33,13.29,7,1,91.52,2,HARDER
12,92.99,37.75,15,1,92.56,4,HARDER
12,79.99,28.11,16,3,67.08,4,SAME
16,68.34,39.96,26,7,33.62,5,EASIER
16,71.97,38.37,28,6,47.07,5,EASIER
12,84.62,21.41,14,2,78.08,4,HARDER
12,80.97,37.25,18,3,60.8,4,SAME
4,80.94,9.56,5,1,91.11,1,HARDER
12,69.35,23.05,23,5,54.66,4,EASIER
12,85.26,42.25,16,2,86.87,4,HARDER
16,67.72,67.75,33,8,23.22,5,EASIER
9,90.74,12.17,12,1,97.09,3,HARDER
9,81.73,23.31,11,2,72.77,3,HARDER
12,78.26,40.2,17,3,66.44,4,SAME
9,68.99,42.55,14,4,56.81,3,EASIER
12,80.8,35.3,21,3,59.41,4,EASIER
6,99.21,20.1,6,0,100.0,2,HARDER
12,81.46,29.81,16,3,82.25,4,SAME
16,93.79,18.32,17,1,95.01,5,HARDER
6,74.98,25.87,8,2,79.95,2,SAME
4,80.76,19.67,5,1,74.13,1,HARDER
6,74.1,17.72,9,2,80.08,2,HARDER
16,71.78,35.46,30,6,30.16,5,EASIER
12,85.27,17.24,15,2,96.11,4,HARDER
16,81.18,37.04,22,4,65.95,5,SAME
16,75.5,27.42,26,5,62.25,5,EASIER
12,100.0,12.78,13,0,95.78,4,HARDER
16,59.21,50.96,37,11,0.0,5,EASIER
9,82.02,16.24,13,2,77.46,3,HARDER
4,100.0,11.69,4,0,98.88,1,HARDER
9,100.0,17.42,9,0,94.69,3,HARDER
4,79.42,12.85,6,1,100.0,1,HARDER
4,66.71,11.94,6,2,89.63,1,EASIER
16,78.95,24.31,24,4,64.33,5,SAME
16,77.5,42.22,27,5,48.61,5,EASIER
9,82.21,21.59,13,2,83.7,3,HARDER
6,100.0,11.2,6,0,99.85,2,HARDER
4,100.0,17.86,4,0,100.0,1,HARDER
6,86.26,15.93,8,1,93.04,2,HARDER
9,90.57,21.42,11,1,83.14,3,HARDER
12,93.88,31.19,13,1,97.72,4,HARDER
9,82.09,18.66,12,2,77.65,3,SAME
16,76.25,23.94,23,5,56.79,5,SAME
9,75.73,34.56,15,3,65.26,3,SAME
4,79.42,17.21,6,1,87.28,1,HARDER
9,70.18,21.91,15,4,65.32,3,SAME
4,99.62,9.83,4,0,87.74,1,HARDER
4,79.85,12.0,5,1,96.59,1,HARDER
16,66.29,34.83,29,8,19.07,5,EASIER
12,62.91,52.36,26,7,31.41,4,EASIER
9,76.19,29.44,13,3,60.98,3,SAME
12,91.52,17.44,13,1,100.0,4,HARDER
12,73.63,22.08,19,4,62.2,4,EASIER
9,64.13,35.15,15,5,60.69,3,EASIER
4,80.51,12.96,5,1,83.73,1,HARDER
12,91.48,25.91,14,1,100.0,4,HARDER
9,60.27,34.22,21,6,32.87,3,EASIER
12,78.65,30.27,15,3,85.63,4,SAME
4,81.73,10.69,5,1,100.0,1,HARDER
6,64.76,30.14,12,3,79.78,2,SAME
6,68.04,18.58,9,3,59.28,2,SAME
4,80.99,8.63,6,1,98.13,1,HARDER
16,94.52,19.03,17,1,94.86,5,HARDER
6,85.72,20.3,10,1,96.56,2,HARDER
16,77.4,36.55,23,5,63.21,5,SAME
9,100.0,9.94,9,0,100.0,3,HARDER
12,85.02,21.92,16,2,85.35,4,HARDER
6,85.16,11.94,9,1,90.1,2,HARDER
9,74.89,20.76,15,3,67.49,3,SAME
12,84.97,33.81,18,2,91.23,4,SAME
6,86.31,18.66,9,1,87.43,2,HARDER
4,100.0,6.67,4,0,94.86,1,HARDER
6,88.06,12.82,9,1,99.48,2,HARDER
4,98.49,12.84,4,0,100.0,1,HARDER
9,75.85,23.47,13,3,69.77,3,SAME
4,100.0,13.26,4,0,95.82,1,HARDER
16,87.28,38.92,18,2,91.03,5,HARDER
4,64.47,13.71,6,2,80.06,1,SAME
9,89.61,14.62,12,1,71.3,3,HARDER
16,79.82,37.33,22,4,65.12,5,SAME
16,89.55,20.81,19,2,95.14,5,HARDER
16,79.11,53.51,21,4,68.72,5,SAME
4,100.0,12.35,4,0,94.11,1,HARDER
4,80.0,20.46,6,1,82.67,1,HARDER
12,71.83,28.99,19,5,58.37,4,EASIER
12,90.76,19.91,14,1,98.41,4,HARDER
9,70.85,34.22,15,4,60.12,3,EASIER
16,79.19,19.44,25,4,69.44,5,HARDER
6,82.81,9.92,9,1,100.0,2,HARDER
4,100.0,19.21,4,0,93.43,1,HARDER
12,80.43,28.8,17,3,77.57,4,SAME
6,86.03,16.81,7,1,100.0,2,HARDER
6,85.76,18.38,7,1,86.5,2,HARDER
4,79.65,11.97,6,1,78.23,1,HARDER
12,67.52,56.56,25,6,48.82,4,EASIER
9,80.58,26.51,11,2,77.24,3,SAME
4,100.0,19.59,4,0,100.0,1,HARDER
4,81.0,17.78,7,1,90.12,1,HARDER
9,89.23,11.77,10,1,100.0,3,HARDER
16,81.07,35.41,23,4,74.28,5,SAME
16,74.8,35.66,26,6,51.28,5,EASIER
12,100.0,28.66,14,0,98.3,4,HARDER
16,72.71,32.07,27,6,52.14,5,EASIER
16,99.06,23.95,17,0,91.59,5,HARDER
16,79.9,26.37,23,4,72.37,5,SAME
4,79.38,11.37,6,1,91.32,1,HARDER
6,68.61,19.09,9,3,71.71,2,EASIER
6,66.57,25.93,10,3,60.48,2,EASIER
16,68.92,47.0,31,7,30.59,5,EASIER
4,99.4,9.49,4,0,100.0,1,HARDER
16,80.1,37.3,20,4,76.71,5,SAME
9,75.97,15.6,13,3,84.4,3,SAME
4,99.66,11.15,4,0,99.46,1,HARDER
16,92.3,22.97,18,1,91.87,5,HARDER
9,81.4,17.37,13,2,72.3,3,HARDER
9,80.45,25.14,16,2,75.84,3,SAME
6,58.43,28.57,12,4,68.86,2,EASIER
6,86.03,18.29,8,1,93.62,2,HARDER
12,87.41,11.56,19,2,83.42,4,HARDER
4,79.75,15.78,6,1,94.55,1,HARDER
4,100.0,9.61,4,0,100.0,1,HARDER
16,84.1,23.0,22,3,85.56,5,SAME
12,71.09,27.69,22,5,68.84,4,EASIER
12,85.8,22.37,15,2,90.78,4,HARDER
6,85.57,16.37,7,1,92.53,2,HARDER
16,73.9,38.64,25,5,55.6,5,EASIER
16,72.92,56.68,23,6,48.47,5,EASIER
4,80.66,10.05,7,1,89.89,1,HARDER
16,71.71,33.37,27,6,41.97,5,SAME
12,74.56,15.56,20,4,57.28,4,SAME
16,67.42,53.27,30,8,23.84,5,HARDER
16,67.19,29.94,30,8,24.07,5,EASIER
4,99.43,9.41,4,0,91.83,1,HARDER
9,74.86,17.62,15,3,75.49,3,SAME
4,99.49,14.38,4,0,100.0,1,HARDER
12,69.28,56.94,22,6,59.62,4,EASIER
4,98.28,8.22,4,0,100.0,1,HARDER
4,79.74,15.69,6,1,96.9,1,HARDER
6,99.07,14.94,6,0,92.85,2,HARDER
9,99.48,13.28,9,0,100.0,3,HARDER
12,66.14,28.34,23,6,49.17,4,EASIER
12,78.8,40.95,16,3,70.63,4,EASIER
6,74.57,8.99,8,2,86.65,2,HARDER
6,74.08,22.64,8,2,79.22,2,HARDER
12,68.42,25.29,22,5,51.15,4,EASIER
16,74.86,29.26,23,5,69.94,5,EASIER
12,86.6,13.39,14,2,81.31,4,HARDER
6,74.51,14.23,12,2,69.56,2,HARDER
6,85.01,13.71,7,1,96.07,2,HARDER
6,86.37,8.81,8,1,83.59,2,HARDER
12,74.84,32.31,18,4,61.16,4,EASIER
16,64.28,38.0,29,9,26.05,5,EASIER
9,90.97,15.72,10,1,87.78,3,HARDER
6,85.83,16.36,10,1,89.87,2,HARDER
6,87.36,17.98,7,1,94.3,2,SAME
4,100.0,10.85,4,0,100.0,1,HARDER
16,67.6,50.92,27,8,46.26,5,EASIER
16,68.4,28.6,23,7,51.06,5,EASIER
4,99.55,7.62,4,0,96.68,1,HARDER
16,68.43,34.21,29,7,35.81,5,EASIER
12,81.11,37.11,20,3,93.25,4,HARDER
6,76.7,14.58,10,2,80.4,2,HARDER
6,98.54,11.52,7,0,100.0,2,HARDER
16,84.47,35.55,23,3,78.28,5,HARDER
9,89.23,20.55,12,1,100.0,3,HARDER
4,100.0,13.72,4,0,91.12,1,HARDER
9,89.49,24.2,11,1,93.13,3,HARDER
4,100.0,10.95,4,0,100.0,1,HARDER
9,81.73,23.68,11,2,86.79,3,HARDER
6,86.11,9.08,8,1,82.39,2,HARDER
6,99.6,9.31,6,0,97.74,2,HARDER
16,78.16,25.26,25,5,64.08,5,EASIER
12,86.53,24.21,16,2,77.07,4,HARDER
12,80.43,22.71,17,3,81.56,4,SAME
16,74.38,27.06,29,6,34.66,5,EASIER
16,66.93,29.12,32,8,23.4,5,EASIER
4,65.25,12.92,7,2,85.68,1,SAME
9,90.96,14.61,11,1,95.03,3,HARDER
4,99.67,16.54,4,0,100.0,1,HARDER
9,82.17,14.19,14,2,69.42,3,HARDER
6,73.32,17.08,9,2,90.62,2,HARDER
6,87.7,14.7,9,1,82.66,2,HARDER
9,76.3,21.32,16,3,83.54,3,SAME
4,100.0,10.22,5,0,89.45,1,HARDER
16,83.44,41.75,22,3,79.51,5,HARDER
12,75.5,36.83,22,4,60.09,4,EASIER
6,87.57,32.42,8,1,79.0,2,HARDER
4,100.0,8.61,4,0,100.0,1,HARDER
4,98.1,15.71,4,0,100.0,1,HARDER
9,76.63,30.65,13,3,80.05,3,SAME
9,89.58,20.19,10,1,89.15,3,HARDER
16,63.64,44.7,32,9,25.9,5,EASIER
6,84.83,24.04,8,1,82.17,2,HARDER
12,78.63,30.57,16,3,74.57,4,SAME
9,80.67,17.44,12,2,80.19,3,HARDER
6,76.64,18.99,10,2,89.22,2,HARDER
9,90.11,15.77,11,1,73.45,3,HARDER
16,74.84,50.0,24,5,58.11,5,SAME
16,80.19,35.94,24,4,58.86,5,EASIER
9,81.72,18.81,12,2,79.39,3,HARDER
4,99.78,14.27,4,0,100.0,1,HARDER
16,81.49,28.33,24,4,71.11,5,HARDER
16,80.81,23.99,23,4,70.75,5,SAME
6,75.51,25.07,8,2,87.73,2,SAME
12,80.58,18.17,18,3,86.32,4,HARDER
4,100.0,7.21,4,0,100.0,1,HARDER
4,80.31,10.91,5,1,93.19,1,HARDER
12,76.01,17.94,18,4,59.78,4,SAME
4,57.64,17.79,11,3,67.02,1,EASIER
9,82.49,24.61,12,2,91.97,3,HARDER
9,75.66,27.12,12,3,72.39,3,EASIER
9,99.69,15.96,9,0,100.0,3,HARDER
16,75.74,43.41,27,5,40.09,5,EASIER
4,99.27,13.74,4,0,100.0,1,HARDER
9,98.55,12.91,9,0,84.43,3,HARDER
6,87.36,15.13,7,1,89.03,2,HARDER
16,80.69,29.15,22,4,65.77,5,HARDER
6,74.95,15.13,8,2,78.92,2,HARDER
12,78.62,38.96,18,3,82.03,4,SAME
16,66.44,52.92,26,8,48.0,5,EASIER
12,75.77,22.7,17,4,72.64,4,EASIER
16,94.22,24.17,18,1,87.59,5,HARDER
9,88.96,19.83,12,1,91.14,3,HARDER
16,68.18,25.71,26,7,32.08,5,EASIER
6,100.0,11.87,6,0,100.0,2,HARDER
4,98.34,10.18,4,0,100.0,1,HARDER
6,100.0,13.27,7,0,100.0,2,HARDER
4,67.64,9.66,8,2,95.14,1,HARDER
9,90.08,16.46,10,1,100.0,3,HARDER
16,72.37,25.96,27,6,39.76,5,EASIER
6,100.0,16.58,6,0,99.04,2,EASIER
4,99.24,11.73,4,0,88.45,1,HARDER
12,76.25,21.74,21,4,67.43,4,HARDER
12,73.87,48.03,21,4,59.0,4,SAME
16,69.3,47.99,29,8,34.53,5,EASIER
12,100.0,12.06,14,0,99.88,4,HARDER
4,100.0,18.99,4,0,96.52,1,HARDER
6,74.21,27.81,9,2,79.22,2,SAME
9,79.82,45.24,12,2,75.55,3,SAME
6,97.61,16.31,6,0,90.83,2,HARDER
9,100.0,16.63,11,0,82.16,3,HARDER
12,85.94,23.64,14,2,95.57,4,HARDER
6,100.0,16.32,7,0,87.25,2,HARDER
12,87.3,20.99,14,2,85.65,4,HARDER
16,60.08,42.49,36,10,5.18,5,EASIER
9,89.18,15.23,10,1,100.0,3,HARDER
4,80.16,11.85,5,1,90.89,1,HARDER
12,91.9,25.81,15,1,93.12,4,HARDER
6,65.29,23.32,12,3,58.53,2,EASIER
9,99.69,18.14,9,0,91.14,3,HARDER
6,100.0,15.08,6,0,100.0,2,HARDER
16,80.07,32.53,23,4,63.3,5,SAME
4,100.0,15.96,4,0,100.0,1,HARDER
16,80.58,38.66,25,4,59.11,5,EASIER
12,85.78,21.51,16,2,84.79,4,HARDER
16,100.0,21.17,16,0,100.0,5,HARDER
9,80.93,12.71,12,2,86.65,3,HARDER
6,59.46,21.5,13,4,79.76,2,EASIER
4,80.77,15.35,7,1,95.5,1,HARDER
16,73.56,47.74,26,6,53.76,5,EASIER
6,68.05,23.96,14,3,71.28,2,EASIER
12,80.48,30.11,15,3,69.05,4,HARDER
6,75.53,13.61,11,2,74.04,2,HARDER
16,79.87,37.17,22,4,75.08,5,SAME
6,85.23,9.46,8,1,92.22,2,HARDER
16,71.53,49.23,25,6,61.56,5,EASIER
4,99.54,15.86,4,0,100.0,1,HARDER
6,76.69,25.13,8,2,88.6,2,SAME
9,89.06,14.22,11,1,90.69,3,HARDER
12,61.68,43.78,26,7,48.37,4,EASIER
16,68.11,37.84,30,7,31.92,5,EASIER
9,89.89,13.73,10,1,94.47,3,HARDER
6,73.95,30.77,9,2,78.02,2,HARDER
9,68.99,20.51,13,4,61.06,3,EASIER
9,82.41,33.61,11,2,74.23,3,SAME
4,80.43,15.69,5,1,100.0,1,HARDER
12,75.53,23.11,20,4,54.91,4,SAME
6,75.92,25.05,11,2,87.0,2,SAME
9,81.95,11.18,12,2,79.34,3,HARDER
6,86.17,13.15,8,1,80.74,2,HARDER
4,99.24,8.94,4,0,100.0,1,HARDER
4,100.0,9.04,4,0,100.0,1,HARDER
16,88.27,28.62,22,2,75.59,5,HARDER
9,100.0,14.36,10,0,100.0,3,HARDER
9,99.33,10.86,9,0,97.17,3,HARDER
12,92.67,28.72,15,1,82.0,4,HARDER
16,59.77,49.27,36,10,18.95,5,EASIER
6,86.87,14.08,7,1,100.0,2,HARDER
16,94.52,24.69,19,1,98.14,5,HARDER
12,80.45,22.31,15,3,93.6,4,HARDER
16,84.2,39.09,20,3,85.59,5,HARDER
4,66.33,21.11,6,2,89.89,1,EASIER
6,75.19,17.52,8,2,100.0,2,HARDER
12,71.53,25.31,20,5,58.02,4,EASIER
9,69.27,23.57,14,4,73.91,3,HARDER
6,100.0,19.39,6,0,96.03,2,HARDER
9,64.05,35.68,18,5,47.78,3,EASIER
4,99.19,13.38,4,0,87.78,1,HARDER
12,92.42,17.81,14,1,90.01,4,HARDER
6,67.41,28.73,12,3,66.51,2,EASIER
12,84.77,23.27,15,2,81.99,4,HARDER
16,88.31,25.85,18,2,99.92,5,HARDER
6,60.18,23.84,11,4,75.56,2,EASIER
16,88.73,16.17,19,2,100.0,5,HARDER
4,100.0,8.46,4,0,90.15,1,HARDER
12,93.07,13.68,16,1,88.12,4,HARDER
6,85.65,17.8,8,1,85.47,2,HARDER
9,99.97,13.7,9,0,99.27,3,HARDER
9,100.0,21.55,9,0,100.0,3,HARDER
4,99.9,15.1,5,0,100.0,1,HARDER
6,74.57,17.74,10,2,81.39,2,SAME
4,100.0,16.13,4,0,100.0,1,HARDER
6,85.9,23.5,11,1,75.63,2,HARDER
12,92.25,17.03,15,1,94.08,4,HARDER
6,100.0,13.15,6,0,100.0,2,HARDER
16,76.88,37.79,26,5,46.48,5,EASIER
6,86.21,24.15,8,1,91.87,2,HARDER
6,85.52,12.6,8,1,89.62,2,HARDER
16,76.75,45.26,26,5,56.92,5,EASIER
6,85.48,14.03,7,1,99.95,2,HARDER
4,79.62,15.86,6,1,93.81,1,HARDER
6,100.0,16.93,6,0,100.0,2,HARDER
16,68.61,36.37,27,7,37.11,5,EASIER
16,76.51,37.66,30,5,55.13,5,EASIER
9,100.0,25.01,10,0,100.0,3,HARDER
6,99.43,13.4,6,0,100.0,2,HARDER
12,74.12,48.95,19,4,68.27,4,EASIER
6,68.08,22.9,11,3,75.56,2,EASIER
9,90.21,17.45,10,1,95.09,3,HARDER
4,79.31,13.95,5,1,79.09,1,HARDER
12,92.94,18.8,13,1,100.0,4,EASIER
12,86.7,25.39,14,2,86.4,4,HARDER
16,79.75,28.32,22,4,73.05,5,SAME
6,85.44,16.76,7,1,85.32,2,SAME
6,85.08,14.73,8,1,81.34,2,SAME
12,85.37,23.14,16,2,85.47,4,HARDER
9,73.65,24.27,15,3,78.45,3,SAME
16,73.24,46.83,24,6,49.22,5,EASIER
4,78.38,9.47,6,1,87.72,1,HARDER
16,89.78,25.85,19,2,87.92,5,HARDER
16,87.88,25.47,18,2,90.91,5,HARDER
16,69.56,58.75,25,7,46.78,5,EASIER
4,68.66,18.68,8,2,77.6,1,EASIER
6,100.0,12.64,6,0,84.89,2,HARDER
12,100.0,17.81,12,0,100.0,4,HARDER
12,74.38,21.26,17,4,74.31,4,SAME
6,99.91,14.05,6,0,98.67,2,HARDER
6,86.24,16.71,7,1,97.02,2,HARDER
16,71.83,39.14,28,7,40.87,5,EASIER
6,87.08,13.68,9,1,98.77,2,HARDER
12,85.89,20.45,15,2,89.32,4,HARDER
16,76.25,53.17,26,5,52.12,5,EASIER
16,78.2,28.23,22,5,63.34,5,SAME
6,67.91,16.88,9,3,70.4,2,EASIER
12,56.79,44.35,32,9,6.04,4,EASIER
12,78.09,24.05,16,3,73.94,4,SAME
16,89.07,40.87,20,2,70.47,5,HARDER
4,79.18,19.04,6,1,79.28,1,HARDER
16,72.42,48.44,26,6,41.86,5,EASIER
16,84.26,32.56,20,3,66.35,5,HARDER
16,75.57,42.39,26,5,57.51,5,EASIER
6,100.0,17.12,6,0,100.0,2,HARDER
6,85.23,18.94,8,1,87.74,2,HARDER
6,99.93,8.49,6,0,96.15,2,HARDER
12,92.94,23.03,15,1,90.34,4,HARDER
6,59.38,26.19,13,4,63.61,2,EASIER
16,88.11,20.28,20,2,73.77,5,HARDER
9,90.59,15.5,11,1,90.8,3,EASIER
16,70.17,42.11,31,7,28.32,5,EASIER
16,85.28,31.61,22,3,68.12,5,SAME
12,86.63,22.86,15,2,92.38,4,HARDER
12,86.64,18.35,15,2,94.77,4,HARDER
9,74.81,15.43,13,3,68.69,3,HARDER
9,68.98,37.05,13,4,74.18,3,SAME
12,67.14,27.64,20,6,49.91,4,EASIER
12,80.48,17.47,17,3,70.31,4,HARDER
9,89.82,11.78,11,1,82.53,3,HARDER
4,99.5,9.87,4,0,96.4,1,HARDER
16,70.47,26.27,26,6,42.73,5,EASIER
9,82.03,20.32,12,2,93.02,3,SAME
16,76.36,25.83,25,5,48.78,5,SAME
4,80.56,11.56,6,1,94.19,1,HARDER
12,92.38,24.75,14,1,99.36,4,HARDER
12,86.03,23.61,15,2,91.75,4,HARDER
9,100.0,25.35,9,0,94.15,3,HARDER
4,98.98,16.34,4,0,90.73,1,HARDER
4,79.32,15.17,7,1,94.43,1,HARDER
6,85.86,12.82,9,1,89.21,2,HARDER
6,73.71,16.29,10,2,76.32,2,HARDER
12,85.67,26.78,18,2,74.17,4,HARDER
16,66.73,44.42,30,8,30.98,5,EASIER
4,80.92,16.48,5,1,87.71,1,HARDER
16,69.48,40.02,26,7,37.77,5,EASIER
16,89.53,25.19,19,2,81.3,5,HARDER
12,61.97,41.56,24,7,28.91,4,EASIER
12,75.41,24.54,21,4,62.56,4,EASIER
12,79.72,33.66,17,3,76.39,4,SAME
12,76.51,35.49,19,4,74.09,4,EASIER
16,94.31,27.05,18,1,98.04,5,HARDER
16,74.34,37.17,26,6,65.15,5,EASIER
6,87.36,11.4,7,1,98.42,2,HARDER
9,89.96,11.51,11,1,97.42,3,EASIER
6,100.0,14.02,7,0,90.31,2,HARDER
9,81.41,33.58,12,2,91.45,3,HARDER
12,77.04,37.36,20,4,77.72,4,SAME
16,78.93,35.12,21,4,76.86,5,SAME
12,63.26,28.23,29,7,42.62,4,EASIER
4,81.98,11.47,7,1,91.7,1,HARDER
16,82.53,25.71,21,3,70.33,5,SAME
4,66.58,16.81,8,2,89.59,1,HARDER
9,100.0,23.68,9,0,100.0,3,HARDER
16,78.26,26.22,22,4,65.44,5,SAME
4,79.83,10.49,8,1,83.92,1,HARDER
4,79.6,11.73,5,1,93.1,1,SAME
9,66.59,32.53,19,5,50.98,3,EASIER
16,77.06,33.34,22,5,62.59,5,SAME
9,82.2,18.38,15,2,89.88,3,HARDER
9,74.9,15.07,13,3,70.69,3,SAME
9,75.56,21.41,13,3,80.57,3,SAME
6,86.64,18.03,7,1,100.0,2,HARDER
12,86.55,19.02,16,2,91.55,4,HARDER
6,100.0,10.87,6,0,85.73,2,HARDER
4,80.59,6.89,5,1,100.0,1,HARDER
16,73.55,29.0,26,6,55.38,5,EASIER
12,65.18,23.81,22,6,69.02,4,EASIER
12,75.87,27.25,21,4,54.33,4,EASIER
9,75.98,38.14,13,3,79.75,3,EASIER
4,98.95,19.73,4,0,98.49,1,HARDER
16,78.98,27.39,23,4,82.5,5,SAME
4,100.0,12.26,4,0,97.61,1,HARDER
12,86.28,36.04,17,2,73.54,4,HARDER
4,97.99,10.9,4,0,100.0,1,HARDER
4,99.32,7.38,4,0,100.0,1,HARDER
9,79.59,22.15,15,2,93.57,3,HARDER
4,81.29,27.29,6,1,78.43,1,SAME
12,69.33,29.78,22,5,53.69,4,EASIER
9,70.24,18.52,19,4,69.85,3,EASIER
4,67.44,15.7,8,2,81.97,1,EASIER
16,81.3,27.76,21,4,77.37,5,SAME
6,100.0,15.24,7,0,100.0,2,HARDER
12,80.29,48.59,17,3,64.48,4,SAME
9,91.47,19.4,16,1,100.0,3,HARDER
16,92.42,30.21,19,1,95.92,5,HARDER
4,79.53,10.24,6,1,96.04,1,HARDER
9,100.0,13.11,9,0,100.0,3,SAME
16,66.27,40.46,27,8,28.44,5,EASIER
16,93.12,30.71,20,1,67.04,5,HARDER
6,84.1,15.3,7,1,95.43,2,HARDER
6,99.59,15.73,7,0,100.0,2,HARDER
9,99.14,19.36,10,0,96.45,3,HARDER
12,75.66,42.21,19,4,65.86,4,SAME
4,79.74,16.4,7,1,89.34,1,HARDER
16,79.5,32.88,24,4,68.88,5,HARDER
6,86.83,14.14,8,1,99.44,2,HARDER
12,84.69,22.18,14,2,84.04,4,HARDER
16,73.66,35.35,27,5,47.57,5,EASIER
4,98.9,7.46,5,0,93.16,1,HARDER
6,75.58,29.65,10,2,81.52,2,SAME
4,100.0,14.83,4,0,100.0,1,HARDER
12,74.59,34.14,17,4,72.39,4,EASIER
4,79.97,12.55,5,1,87.09,1,SAME
12,91.62,17.99,14,1,79.55,4,HARDER
4,79.24,12.13,6,1,77.18,1,HARDER
16,69.76,43.01,27,7,30.48,5,EASIER
6,85.09,22.18,7,1,84.58,2,HARDER
4,100.0,13.44,4,0,94.25,1,HARDER
12,88.02,17.12,14,2,79.95,4,HARDER
16,85.91,33.98,22,3,74.48,5,SAME
12,86.19,20.85,16,2,65.69,4,HARDER
6,100.0,15.18,8,0,74.36,2,SAME
16,63.41,57.12,32,9,3.22,5,EASIER
9,75.73,15.82,14,3,64.16,3,EASIER
12,73.94,32.8,20,4,67.41,4,EASIER
12,93.36,18.21,13,1,100.0,4,HARDER
4,98.93,7.69,4,0,91.44,1,HARDER
4,79.01,17.54,5,1,92.16,1,HARDER
16,77.17,29.87,25,5,53.69,5,EASIER
16,72.33,31.69,28,6,53.47,5,EASIER
4,99.74,8.71,4,0,100.0,1,HARDER
16,93.53,20.24,17,1,99.0,5,HARDER
4,100.0,9.18,4,0,100.0,1,HARDER
16,65.67,45.92,27,9,39.98,5,EASIER
12,88.27,17.86,16,2,85.91,4,HARDER
12,78.88,26.67,19,3,62.89,4,SAME
4,98.31,15.01,4,0,94.75,1,HARDER
9,75.99,17.76,15,3,71.29,3,EASIER
16,77.29,24.46,24,5,57.52,5,EASIER
16,81.11,37.48,23,4,59.94,5,EASIER
6,98.58,15.05,6,0,85.61,2,HARDER
16,77.59,20.23,27,5,60.0,5,SAME
16,85.5,20.81,20,3,71.09,5,HARDER
16,76.34,31.07,27,5,53.53,5,EASIER
6,75.51,17.24,9,2,80.89,2,SAME
16,95.15,22.51,18,1,91.35,5,HARDER
9,67.89,28.91,15,4,62.92,3,EASIER
16,80.75,19.68,24,4,54.11,5,EASIER
9,73.72,15.06,17,3,67.98,3,SAME
4,66.76,19.29,7,2,70.05,1,SAME
16,98.26,21.86,17,0,100.0,5,HARDER
6,86.62,18.83,10,1,96.47,2,HARDER
9,83.84,24.91,12,2,90.56,3,HARDER
4,100.0,9.95,4,0,100.0,1,HARDER
4,99.08,15.59,4,0,82.48,1,HARDER
4,98.72,10.71,4,0,100.0,1,HARDER
12,80.51,34.83,19,3,61.84,4,SAME
16,80.44,29.68,24,4,66.21,5,SAME
16,68.71,33.44,26,7,44.78,5,EASIER
4,79.68,11.62,6,1,83.18,1,HARDER
4,79.97,12.55,5,1,83.06,1,HARDER
16,81.03,35.39,23,4,67.67,5,EASIER
16,68.54,45.01,30,7,37.5,5,EASIER
4,66.63,19.58,7,2,83.43,1,SAME
4,79.11,14.02,5,1,87.41,1,HARDER
4,100.0,9.29,4,0,100.0,1,HARDER
12,100.0,10.71,12,0,90.99,4,HARDER
6,86.46,20.0,7,1,93.39,2,HARDER
6,85.09,13.86,7,1,96.91,2,HARDER
9,90.35,20.66,10,1,77.97,3,HARDER
9,82.25,15.51,12,2,79.27,3,HARDER
16,83.92,19.62,23,3,76.04,5,HARDER
9,80.71,25.81,11,2,83.07,3,HARDER
4,100.0,8.18,4,0,100.0,1,HARDER
4,100.0,10.7,5,0,100.0,1,HARDER
16,68.32,33.53,31,8,27.68,5,EASIER
16,69.77,26.25,31,7,37.01,5,EASIER
4,100.0,13.06,4,0,100.0,1,HARDER
6,87.7,14.75,7,1,97.94,2,HARDER
12,68.36,48.47,24,6,39.57,4,EASIER
12,85.03,33.7,14,2,94.0,4,HARDER
12,80.55,21.6,18,3,74.2,4,HARDER
16,76.69,48.19,28,5,53.26,5,EASIER
4,55.11,19.16,8,3,61.79,1,EASIER
12,92.34,18.95,14,1,82.24,4,HARDER
4,80.88,10.5,7,1,88.98,1,HARDER
16,92.52,22.97,17,1,100.0,5,HARDER
6,100.0,14.57,6,0,98.79,2,HARDER
6,100.0,20.46,6,0,86.43,2,HARDER
4,100.0,11.46,4,0,100.0,1,HARDER
12,84.05,21.33,15,2,69.77,4,HARDER
12,87.3,29.05,17,2,77.35,4,HARDER
16,63.7,38.59,28,9,40.29,5,EASIER
12,87.16,44.08,16,2,81.48,4,HARDER
6,75.43,22.86,10,2,82.86,2,SAME
4,100.0,10.43,5,0,89.67,1,SAME
16,69.83,44.76,26,7,38.8,5,EASIER
9,90.78,14.53,11,1,84.19,3,HARDER
6,83.46,18.34,8,1,100.0,2,HARDER
12,81.58,25.81,17,3,90.42,4,SAME
4,80.85,13.68,5,1,97.87,1,HARDER
4,80.91,18.32,5,1,91.13,1,HARDER
4,66.39,16.68,8,2,68.61,1,SAME
9,89.95,16.36,11,1,100.0,3,HARDER
6,100.0,12.6,6,0,92.03,2,HARDER
12,78.73,30.44,18,3,61.8,4,SAME
4,66.1,13.07,7,2,96.43,1,SAME
6,75.85,16.7,9,2,97.89,2,HARDER
16,69.23,39.79,25,7,36.35,5,SAME
6,65.81,17.15,11,3,72.62,2,EASIER
4,78.59,19.37,5,1,93.36,1,HARDER
12,79.55,23.17,16,3,79.27,4,HARDER
4,99.42,10.57,4,0,100.0,1,HARDER
4,100.0,5.53,4,0,96.88,1,HARDER
16,80.54,40.14,24,4,58.56,5,SAME
4,81.27,13.71,5,1,100.0,1,HARDER
6,85.9,16.32,8,1,87.11,2,HARDER
4,80.89,9.13,6,1,89.56,1,HARDER
12,84.95,23.51,14,2,82.89,4,SAME
4,100.0,8.76,5,0,100.0,1,HARDER
4,81.09,8.78,6,1,89.97,1,HARDER
9,81.76,23.31,12,2,86.11,3,EASIER
4,98.63,18.06,4,0,100.0,1,HARDER
9,75.76,24.72,17,3,68.14,3,SAME
6,99.78,12.35,7,0,100.0,2,HARDER
6,100.0,13.66,6,0,100.0,2,HARDER
4,98.39,20.51,4,0,99.07,1,HARDER
6,100.0,11.96,6,0,100.0,2,HARDER
6,85.44,17.7,8,1,97.88,2,HARDER
9,82.95,23.72,12,2,93.94,3,SAME
12,76.16,33.51,18,4,72.91,4,SAME
12,79.24,20.86,16,3,68.64,4,SAME
9,72.88,36.18,12,3,76.63,3,SAME
6,99.12,14.08,6,0,86.26,2,HARDER
16,69.09,37.76,32,7,29.92,5,EASIER
12,80.85,36.13,18,3,62.88,4,HARDER
6,99.82,23.54,6,0,100.0,2,HARDER
6,74.07,15.72,10,2,80.44,2,HARDER
4,100.0,13.61,4,0,90.01,1,HARDER
6,75.23,22.12,9,2,63.26,2,HARDER
12,92.23,17.44,14,1,99.62,4,HARDER
12,99.04,13.65,12,0,99.47,4,HARDER
4,100.0,12.41,4,0,97.84,1,EASIER
9,89.37,9.24,10,1,100.0,3,HARDER
12,78.83,34.78,18,3,82.66,4,SAME
4,79.37,11.49,5,1,90.79,1,HARDER
12,79.78,24.41,17,3,80.96,4,HARDER
9,88.39,20.95,11,1,77.75,3,HARDER
6,64.51,23.08,15,3,61.95,2,EASIER
4,100.0,9.65,6,0,100.0,1,HARDER
12,61.6,31.52,24,7,50.35,4,EASIER
9,81.31,18.86,12,2,81.74,3,HARDER
6,73.61,11.25,12,2,83.93,2,SAME
4,98.01,11.19,4,0,100.0,1,HARDER
6,100.0,8.82,6,0,86.89,2,HARDER
12,86.07,22.78,15,2,73.29,4,HARDER
12,86.1,39.07,15,2,79.39,4,HARDER
6,99.85,12.14,6,0,99.47,2,HARDER
6,74.2,16.5,9,2,88.86,2,SAME
16,67.34,38.24,32,8,25.51,5,EASIER
16,88.45,36.44,22,2,82.54,5,HARDER
6,74.22,19.06,8,2,74.93,2,SAME
6,100.0,13.2,7,0,96.26,2,HARDER
12,91.21,16.89,13,1,88.7,4,HARDER
16,83.3,28.63,22,3,70.96,5,HARDER
16,84.99,24.12,21,3,64.6,5,HARDER
16,77.07,27.07,23,4,59.78,5,EASIER
16,73.71,21.95,26,6,65.42,5,SAME
4,99.7,12.13,4,0,100.0,1,HARDER
6,99.32,11.61,6,0,96.74,2,HARDER
16,88.09,50.61,24,2,79.34,5,HARDER
16,71.06,37.28,25,6,55.51,5,EASIER
16,81.31,48.02,23,4,65.59,5,SAME
12,84.35,22.93,14,2,84.32,4,HARDER
9,88.63,15.07,13,1,84.16,3,HARDER
9,82.12,22.09,12,2,75.97,3,SAME
6,85.81,17.0,7,1,87.49,2,HARDER
12,72.84,47.04,18,5,71.54,4,EASIER
4,100.0,13.56,4,0,100.0,1,HARDER
12,78.24,35.85,17,3,68.56,4,HARDER
12,86.15,28.2,16,2,83.52,4,HARDER
12,79.45,29.51,23,3,61.89,4,SAME
16,88.74,39.49,19,2,73.82,5,HARDER
9,90.01,21.06,15,1,84.93,3,SAME
9,75.77,46.06,14,3,80.81,3,EASIER
9,89.57,21.82,10,1,92.32,3,HARDER
4,100.0,18.9,5,0,92.29,1,HARDER
9,99.57,16.05,10,0,100.0,3,HARDER
9,91.03,16.03,12,1,94.08,3,HARDER
4,79.92,12.13,6,1,90.07,1,HARDER
12,80.05,12.86,20,3,73.12,4,SAME
4,80.32,11.58,6,1,90.15,1,HARDER
4,99.4,9.73,5,0,95.31,1,HARDER
12,78.23,27.64,19,3,71.11,4,EASIER
6,100.0,22.99,7,0,93.61,2,HARDER
4,100.0,14.66,4,0,100.0,1,HARDER
4,98.16,8.54,4,0,97.05,1,HARDER
6,86.15,14.38,8,1,89.35,2,HARDER
12,74.28,13.71,22,4,67.29,4,SAME
9,64.7,33.85,16,5,56.81,3,EASIER
6,86.02,18.85,8,1,81.87,2,HARDER
9,81.75,23.74,13,2,79.62,3,SAME
9,81.24,22.69,13,2,84.94,3,HARDER
9,90.31,13.77,12,1,80.51,3,HARDER
6,66.56,21.4,9,3,76.54,2,HARDER
6,100.0,7.15,6,0,90.3,2,HARDER
9,89.97,28.01,11,1,97.55,3,HARDER
4,66.94,10.92,11,2,74.55,1,SAME
4,99.43,9.89,4,0,100.0,1,HARDER
16,70.11,39.29,25,7,49.71,5,EASIER
16,87.52,20.14,20,2,76.28,5,HARDER
4,100.0,12.44,4,0,85.46,1,HARDER
9,98.71,19.67,9,0,90.61,3,HARDER
4,79.78,13.0,6,1,100.0,1,HARDER
9,74.59,20.17,15,3,77.75,3,HARDER
6,86.69,17.38,8,1,94.87,2,HARDER
16,69.91,27.6,30,7,36.81,5,EASIER
12,69.06,45.21,20,5,51.02,4,EASIER
9,99.71,13.97,9,0,89.73,3,HARDER
12,70.89,37.42,17,5,50.95,4,EASIER
12,85.82,19.76,15,2,95.05,4,HARDER
12,75.62,22.75,19,4,44.61,4,SAME
4,100.0,7.49,4,0,90.53,1,HARDER
16,66.56,34.93,26,8,44.66,5,EASIER
9,90.91,20.93,11,1,98.8,3,HARDER
16,69.64,48.28,28,7,27.68,5,EASIER
6,84.12,14.48,8,1,90.6,2,HARDER
12,86.77,22.86,16,2,69.54,4,HARDER
9,88.91,18.14,11,1,90.55,3,HARDER
12,70.54,25.99,19,5,69.28,4,EASIER
4,100.0,9.66,4,0,95.9,1,HARDER
6,99.46,8.52,6,0,100.0,2,HARDER
9,83.31,16.81,12,2,79.76,3,HARDER
16,80.38,29.91,25,4,71.31,5,EASIER
4,100.0,9.4,4,0,95.0,1,HARDER
12,79.81,37.17,16,3,82.9,4,HARDER
16,89.07,42.89,21,2,94.11,5,HARDER
9,69.53,29.72,17,4,58.73,3,EASIER
12,92.5,31.45,15,1,84.79,4,HARDER
4,99.39,14.9,4,0,100.0,1,HARDER
6,86.02,22.92,7,1,80.32,2,HARDER
16,83.79,23.1,21,3,80.99,5,HARDER
16,75.88,21.27,25,5,42.66,5,EASIER
6,100.0,10.19,6,0,98.33,2,HARDER
4,100.0,8.03,4,0,92.81,1,HARDER
16,77.37,24.42,29,5,64.63,5,SAME
6,76.61,17.81,11,2,77.27,2,SAME
16,83.71,54.8,21,3,85.07,5,SAME
16,90.01,23.65,22,2,67.11,5,HARDER
16,76.32,45.04,25,5,48.71,5,EASIER
12,85.88,26.63,15,2,80.43,4,HARDER
4,81.56,14.16,6,1,84.09,1,HARDER
12,86.08,22.5,14,2,83.6,4,HARDER
9,89.78,22.17,10,1,97.29,3,HARDER
12,91.73,10.94,17,1,88.93,4,HARDER
4,98.31,12.39,4,0,100.0,1,HARDER
16,88.07,26.69,21,2,82.48,5,HARDER
9,91.04,18.68,10,1,89.74,3,HARDER
9,89.26,16.68,10,1,100.0,3,HARDER
16,86.77,21.34,19,2,79.59,5,HARDER
9,81.67,16.96,14,2,80.5,3,HARDER
12,79.15,22.32,16,3,71.95,4,HARDER
6,99.06,21.34,6,0,97.62,2,HARDER
4,100.0,10.28,4,0,92.71,1,HARDER
9,88.87,20.54,10,1,94.69,3,HARDER
4,100.0,6.47,4,0,100.0,1,HARDER
6,55.95,27.39,13,5,56.46,2,EASIER
9,75.2,23.92,17,3,71.49,3,SAME
6,100.0,11.62,6,0,99.02,2,HARDER
6,99.89,18.95,6,0,98.41,2,HARDER
4,100.0,8.18,5,0,100.0,1,HARDER
12,84.16,32.54,16,2,83.53,4,HARDER
16,85.54,52.62,21,3,68.94,5,SAME
9,82.55,21.65,13,2,98.92,3,HARDER
9,80.75,19.3,11,2,92.51,3,HARDER
4,79.8,14.08,7,1,100.0,1,HARDER
12,87.29,20.22,15,2,92.53,4,HARDER
9,74.44,17.3,15,3,69.97,3,SAME
9,74.21,27.17,13,3,76.12,3,SAME
9,89.61,26.63,11,1,88.24,3,HARDER
6,74.02,18.08,9,2,87.43,2,HARDER
12,66.67,26.04,23,6,53.4,4,EASIER
12,79.55,32.95,16,3,83.41,4,SAME
12,84.82,33.12,19,2,75.99,4,HARDER
16,68.3,44.57,28,7,27.54,5,EASIER
4,79.89,14.25,5,1,93.63,1,HARDER
6,85.97,11.6,7,1,82.81,2,HARDER
9,83.76,19.47,14,2,85.42,3,SAME
9,81.48,25.57,12,2,77.77,3,SAME
12,91.85,18.79,15,1,84.62,4,HARDER
12,80.48,24.04,16,3,78.75,4,SAME
9,89.98,21.03,12,1,90.82,3,HARDER
6,99.62,14.07,6,0,100.0,2,HARDER
9,89.19,23.14,11,1,100.0,3,HARDER
4,99.02,9.81,4,0,95.21,1,HARDER
16,74.09,22.12,21,5,53.49,5,EASIER
9,88.7,16.21,10,1,90.53,3,HARDER
4,100.0,6.78,4,0,100.0,1,HARDER
4,66.8,14.52,7,2,84.45,1,SAME
9,82.47,13.32,11,2,86.17,3,HARDER
9,72.3,28.71,13,3,80.14,3,EASIER
6,85.9,11.79,7,1,91.53,2,HARDER
4,100.0,10.21,4,0,100.0,1,HARDER
6,74.26,22.5,10,2,90.05,2,HARDER
12,85.16,17.37,16,2,76.23,4,HARDER
12,79.44,24.9,15,3,71.23,4,SAME
12,78.53,20.3,17,3,87.4,4,SAME
16,84.34,36.55,23,3,79.37,5,HARDER
6,100.0,15.3,6,0,98.31,2,HARDER
12,67.33,24.35,20,6,59.96,4,EASIER
16,73.03,33.96,26,6,47.92,5,EASIER
16,77.03,66.79,23,5,65.92,5,SAME
12,86.27,21.68,16,2,74.18,4,HARDER
6,99.96,11.22,6,0,95.1,2,SAME
12,76.67,30.15,21,4,64.38,4,SAME
6,85.32,14.58,11,1,73.68,2,HARDER
4,100.0,11.9,4,0,100.0,1,HARDER
16,84.08,23.57,20,3,64.42,5,HARDER
4,98.94,8.63,4,0,95.88,1,HARDER
9,75.15,23.07,13,3,79.25,3,SAME
6,84.34,16.72,8,1,82.68,2,HARDER
6,100.0,14.0,7,0,100.0,2,HARDER
12,80.07,23.18,15,3,77.76,4,SAME
12,61.22,55.78,21,7,41.7,4,EASIER
4,79.77,22.24,7,1,88.4,1,SAME
16,80.4,24.91,29,4,61.15,5,SAME
9,91.82,27.4,11,1,89.01,3,HARDER
12,98.84,17.12,12,0,89.48,4,HARDER
9,75.53,31.52,14,3,66.54,3,EASIER
9,89.84,12.58,10,1,91.53,3,HARDER
6,60.32,26.81,13,4,62.0,2,EASIER
12,78.8,19.85,17,3,68.76,4,SAME
9,89.63,19.62,12,1,72.28,3,HARDER
4,80.4,25.2,6,1,82.68,1,SAME
12,70.4,33.42,22,5,55.36,4,EASIER
12,91.31,23.91,14,1,88.58,4,HARDER
12,73.65,33.52,18,4,51.31,4,EASIER
16,83.72,29.9,23,3,73.53,5,SAME
12,79.57,22.12,16,3,75.09,4,SAME
12,76.1,50.62,18,4,67.13,4,EASIER
4,99.69,12.82,4,0,100.0,1,HARDER
9,90.21,13.95,10,1,86.37,3,HARDER
16,85.55,29.13,27,3,61.17,5,SAME
6,67.29,16.17,12,3,80.31,2,SAME
6,100.0,10.2,6,0,98.98,2,HARDER
4,79.73,21.47,5,1,88.09,1,HARDER
6,99.76,8.79,6,0,100.0,2,HARDER
6,87.28,13.12,8,1,100.0,2,HARDER
16,76.73,24.67,24,5,56.9,5,EASIER
16,77.66,41.64,25,4,75.44,5,SAME
4,99.37,10.78,4,0,100.0,1,HARDER
6,99.7,12.08,6,0,97.81,2,HARDER
16,80.59,41.97,22,4,81.27,5,SAME
12,61.64,38.46,19,7,35.64,4,EASIER
6,86.85,16.43,10,1,92.6,2,HARDER
12,81.12,21.6,19,3,73.95,4,HARDER
12,85.42,26.28,14,2,92.01,4,HARDER
6,86.21,12.3,7,1,95.4,2,HARDER
12,70.07,38.21,21,5,59.17,4,EASIER
12,62.34,54.76,28,7,35.45,4,EASIER
4,100.0,10.59,4,0,96.71,1,HARDER
16,75.35,24.25,27,5,63.65,5,SAME
12,64.88,23.58,22,6,57.79,4,EASIER
9,91.95,14.22,12,1,87.76,3,HARDER
12,72.37,45.75,19,5,50.97,4,EASIER
4,100.0,14.28,4,0,100.0,1,HARDER
12,85.6,28.7,17,2,87.29,4,HARDER
12,70.69,33.89,19,5,59.82,4,SAME
9,74.43,24.93,14,3,74.4,3,HARDER
4,100.0,9.79,4,0,100.0,1,HARDER
12,91.68,15.67,14,1,93.93,4,HARDER
6,74.38,27.89,10,2,95.42,2,SAME
16,71.95,21.61,28,6,53.58,5,EASIER
4,100.0,6.85,4,0,82.4,1,HARDER
16,63.16,34.39,29,9,12.17,5,EASIER
6,100.0,13.74,6,0,100.0,2,HARDER
12,91.59,19.53,15,1,100.0,4,HARDER
6,85.36,31.57,8,1,87.71,2,HARDER
12,100.0,17.57,12,0,100.0,4,HARDER
12,94.85,14.68,13,1,100.0,4,HARDER
9,68.95,20.15,14,4,65.56,3,SAME
16,60.86,37.11,32,10,23.58,5,EASIER
16,88.95,21.58,20,2,92.01,5,HARDER
6,75.82,23.28,8,2,83.6,2,HARDER
16,81.76,54.97,26,4,45.68,5,EASIER
4,79.54,18.46,5,1,92.06,1,HARDER
6,88.07,11.25,9,1,96.49,2,HARDER
4,81.67,9.67,6,1,96.84,1,HARDER
12,75.09,35.26,17,4,68.15,4,SAME
4,98.7,13.27,4,0,100.0,1,HARDER
4,99.7,12.77,5,0,87.9,1,HARDER
12,84.44,26.59,15,2,85.41,4,HARDER
16,83.2,38.63,20,3,79.5,5,HARDER
4,100.0,9.97,4,0,96.07,1,HARDER
6,99.66,10.21,6,0,92.69,2,HARDER
9,75.21,30.68,15,3,64.79,3,SAME
9,79.49,16.61,12,2,96.91,3,HARDER
4,100.0,8.81,4,0,98.4,1,HARDER
4,78.64,14.89,5,1,89.74,1,SAME
9,98.24,18.49,11,0,99.05,3,HARDER
6,74.49,21.03,10,2,90.01,2,SAME
4,99.52,11.93,4,0,100.0,1,HARDER
12,92.64,20.33,15,1,86.87,4,HARDER
9,82.63,19.73,12,2,83.8,3,HARDER
9,67.95,25.86,13,4,70.56,3,SAME
4,97.18,11.91,4,0,100.0,1,HARDER
6,84.94,16.67,9,1,92.85,2,HARDER
6,75.87,19.75,9,2,75.86,2,HARDER
4,99.77,14.33,4,0,99.33,1,HARDER
6,99.88,9.83,6,0,100.0,2,HARDER
4,81.5,9.23,5,1,100.0,1,HARDER
4,100.0,15.67,4,0,93.29,1,HARDER
16,75.0,38.57,27,5,42.38,5,EASIER
12,74.84,24.27,20,4,66.88,4,EASIER
4,99.75,14.88,6,0,89.71,1,HARDER
9,99.71,11.61,10,0,100.0,3,HARDER
12,70.84,39.09,20,5,70.36,4,EASIER
6,86.94,19.17,8,1,100.0,2,HARDER
6,67.05,21.13,12,3,70.97,2,SAME
9,73.06,24.5,16,3,61.4,3,HARDER
12,79.17,31.06,16,3,79.46,4,HARDER
16,71.02,41.24,32,7,26.48,5,EASIER
4,100.0,11.99,4,0,100.0,1,HARDER
9,58.76,27.82,19,6,41.26,3,EASIER
12,99.45,13.48,13,0,97.67,4,HARDER
4,80.33,9.84,7,1,94.27,1,SAME
6,85.13,15.37,8,1,93.57,2,HARDER
16,80.91,23.55,24,4,59.13,5,SAME
4,100.0,9.08,4,0,98.33,1,HARDER
12,94.58,13.88,15,1,86.66,4,HARDER
16,76.51,21.59,29,5,57.51,5,EASIER
9,90.06,21.13,12,1,75.61,3,HARDER
12,78.35,35.17,18,3,82.26,4,SAME
16,75.4,31.33,26,5,65.48,5,SAME
12,85.21,29.72,16,2,89.89,4,HARDER
4,80.46,21.05,6,1,83.72,1,SAME
16,88.34,28.79,21,2,84.48,5,HARDER
9,89.33,20.28,11,1,87.98,3,HARDER
4,78.73,10.43,5,1,98.47,1,HARDER
16,68.99,34.13,28,7,32.71,5,EASIER
9,69.39,26.88,16,4,62.53,3,EASIER
9,88.99,28.04,10,1,92.6,3,HARDER
12,65.35,36.11,21,7,35.99,4,EASIER
6,99.93,23.45,6,0,79.29,2,HARDER
4,66.97,10.25,7,2,83.88,1,SAME
12,86.52,15.87,16,2,76.14,4,EASIER
4,80.41,13.59,5,1,96.27,1,HARDER
12,86.02,26.7,15,2,87.22,4,HARDER
12,87.63,17.89,15,2,80.82,4,HARDER
4,81.79,12.3,5,1,89.49,1,HARDER
4,79.51,11.97,6,1,98.78,1,HARDER
16,71.84,20.58,25,6,45.4,5,EASIER
4,100.0,13.24,4,0,98.23,1,HARDER
4,98.58,10.28,4,0,93.16,1,HARDER
16,89.29,29.7,18,2,71.04,5,HARDER
12,73.62,24.55,19,4,72.39,4,HARDER
6,86.05,12.05,7,1,97.81,2,HARDER
9,76.55,30.19,15,3,58.13,3,EASIER
9,88.49,28.79,10,1,94.13,3,HARDER
6,98.96,17.31,6,0,92.88,2,HARDER
16,76.22,56.57,23,5,70.67,5,EASIER
12,72.34,27.71,20,5,64.8,4,SAME
16,84.33,37.14,22,3,78.69,5,SAME
4,66.64,15.59,7,2,79.92,1,SAME
4,79.91,10.46,6,1,71.63,1,HARDER
12,74.11,27.49,18,4,66.55,4,SAME
4,65.51,9.6,6,2,91.41,1,SAME
4,99.19,12.08,4,0,93.2,1,HARDER
9,74.32,22.2,15,3,73.16,3,SAME
16,87.82,28.53,19,2,85.78,5,HARDER
12,91.86,17.02,14,1,77.8,4,HARDER
4,79.38,14.9,5,1,86.44,1,HARDER
6,84.74,13.77,9,1,70.26,2,SAME
4,100.0,7.58,4,0,98.92,1,HARDER
9,76.1,29.94,16,3,72.97,3,SAME
6,84.7,10.97,7,1,100.0,2,HARDER
9,82.62,12.26,15,2,76.08,3,HARDER
12,91.09,19.91,15,1,93.16,4,HARDER
4,99.4,10.93,4,0,97.33,1,HARDER
12,78.39,28.29,21,3,59.25,4,EASIER
16,84.8,45.36,24,3,72.94,5,HARDER
9,90.87,21.62,11,1,97.24,3,HARDER
16,77.08,39.55,23,5,51.18,5,EASIER
6,85.74,15.27,7,1,76.59,2,SAME
4,100.0,8.94,4,0,94.32,1,HARDER
9,80.97,22.4,12,2,89.97,3,SAME
12,70.23,46.58,21,5,64.64,4,EASIER
9,75.49,26.07,12,3,79.52,3,SAME
16,76.87,31.23,25,5,66.64,5,SAME
9,69.12,21.71,18,4,54.14,3,SAME
6,100.0,18.51,7,0,100.0,2,HARDER
12,76.2,23.36,22,4,73.83,4,SAME
9,74.89,9.9,15,3,72.14,3,SAME
12,85.52,19.51,15,2,88.45,4,HARDER
16,76.89,52.71,24,5,48.77,5,EASIER
12,65.45,30.87,23,6,49.5,4,EASIER
16,68.59,41.43,26,7,51.6,5,EASIER
12,79.59,28.91,16,3,89.38,4,SAME
6,84.89,15.58,7,1,88.26,2,HARDER
16,69.03,48.88,31,7,32.96,5,EASIER
12,85.47,23.92,16,2,80.12,4,HARDER
4,98.87,13.99,4,0,97.82,1,HARDER
9,73.83,22.17,15,3,77.83,3,SAME
6,84.72,24.29,7,1,94.4,2,HARDER
9,81.55,13.58,12,2,83.24,3,HARDER
16,83.74,25.52,19,3,69.25,5,HARDER
12,80.72,23.98,18,3,80.45,4,HARDER
4,100.0,13.01,4,0,82.77,1,HARDER
12,99.49,21.86,13,0,93.24,4,HARDER
12,84.58,25.49,17,2,75.4,4,SAME
4,99.02,16.12,4,0,100.0,1,HARDER
16,77.19,24.71,22,5,53.6,5,EASIER
6,68.19,28.53,10,3,72.2,2,SAME
4,100.0,7.89,4,0,96.47,1,HARDER
4,78.32,18.92,6,1,87.96,1,SAME
4,100.0,9.06,4,0,91.1,1,HARDER
6,99.58,11.46,6,0,97.89,2,HARDER
4,100.0,13.21,5,0,95.13,1,HARDER
16,93.73,23.53,17,1,98.84,5,HARDER
4,99.97,12.54,4,0,100.0,1,HARDER
6,67.4,13.94,10,3,79.88,2,SAME
4,80.87,18.38,5,1,95.33,1,SAME
6,85.25,16.83,11,1,83.89,2,HARDER
12,81.29,25.61,16,3,74.61,4,SAME
6,86.2,14.27,7,1,83.39,2,HARDER
6,67.0,15.86,13,3,58.07,2,SAME
16,90.18,23.31,19,2,91.79,5,HARDER
9,74.24,23.34,13,3,67.89,3,SAME
16,65.67,34.02,32,9,11.68,5,EASIER
4,99.6,10.59,4,0,98.31,1,HARDER
12,70.4,34.99,21,5,58.33,4,SAME
16,72.8,25.36,23,6,62.61,5,EASIER
4,99.32,10.25,5,0,100.0,1,HARDER
12,80.11,17.05,16,3,90.42,4,SAME
9,83.34,17.24,12,2,75.06,3,HARDER
4,79.38,13.28,6,1,88.27,1,HARDER
9,81.58,18.53,13,2,88.24,3,HARDER
12,85.01,29.52,14,2,88.93,4,HARDER
16,63.98,39.97,25,8,30.97,5,EASIER
4,99.1,15.17,4,0,100.0,1,HARDER
4,80.86,16.0,5,1,93.09,1,HARDER
16,83.41,24.17,23,3,70.94,5,HARDER
9,83.18,23.28,14,2,78.21,3,SAME
9,64.4,16.76,14,5,63.54,3,EASIER
9,74.93,33.9,13,3,83.37,3,SAME
4,100.0,10.83,4,0,100.0,1,HARDER
12,85.38,30.44,15,2,87.87,4,HARDER
4,79.55,14.84,5,1,86.91,1,HARDER
16,84.11,25.68,20,3,73.45,5,HARDER
16,79.28,18.0,21,4,62.39,5,SAME
16,77.27,38.67,26,5,57.44,5,SAME
12,74.07,14.89,19,4,75.74,4,EASIER
12,100.0,22.54,12,0,100.0,4,HARDER
9,76.67,25.39,14,3,73.98,3,EASIER
16,81.35,25.75,22,4,75.87,5,HARDER
12,78.25,26.76,19,3,71.0,4,SAME
6,76.92,16.45,8,2,85.26,2,HARDER
6,99.61,13.47,6,0,100.0,2,HARDER
4,99.46,13.01,4,0,100.0,1,HARDER
12,79.66,34.23,18,3,72.03,4,SAME
9,76.01,39.89,14,3,66.75,3,SAME
4,65.35,23.11,7,2,73.33,1,EASIER
4,100.0,14.28,4,0,98.62,1,HARDER
6,65.9,17.3,10,3,64.1,2,EASIER
16,64.07,44.58,29,9,17.41,5,EASIER
12,84.3,18.1,18,2,69.12,4,SAME
16,79.98,42.3,20,4,93.3,5,HARDER
16,76.03,31.04,24,5,53.28,5,SAME
9,74.59,23.51,14,3,72.84,3,SAME
16,79.63,33.22,26,4,56.46,5,EASIER
4,80.78,14.38,6,1,96.83,1,HARDER
16,72.5,36.24,24,6,68.36,5,EASIER
12,69.39,23.46,19,5,64.05,4,EASIER
9,90.69,23.49,11,1,79.76,3,HARDER
6,98.53,10.88,6,0,95.42,2,HARDER
6,67.67,30.95,10,3,76.36,2,EASIER
12,82.03,28.28,20,3,79.12,4,SAME
12,79.76,22.58,17,3,77.76,4,SAME
16,66.35,39.92,28,8,40.23,5,EASIER
16,60.46,40.45,33,10,6.74,5,EASIER
16,66.71,50.9,28,7,53.53,5,EASIER
16,73.01,19.48,28,6,59.36,5,SAME
16,84.26,28.79,20,3,77.32,5,HARDER
12,74.71,39.99,18,4,55.29,4,EASIER
12,74.33,28.5,18,4,67.65,4,SAME
12,70.8,24.58,18,5,55.15,4,SAME
4,98.2,10.1,4,0,100.0,1,HARDER
4,99.68,17.18,4,0,100.0,1,HARDER
4,80.56,15.98,5,1,89.69,1,HARDER
12,76.28,19.22,18,4,82.06,4,SAME
6,74.1,22.57,9,2,89.33,2,HARDER
9,88.17,15.69,12,1,92.29,3,HARDER
12,74.18,34.08,17,4,57.45,4,SAME
16,76.51,42.09,24,5,56.53,5,EASIER
9,60.65,32.93,21,6,57.89,3,EASIER
9,88.47,22.58,12,1,90.79,3,HARDER
4,80.34,18.65,6,1,84.88,1,SAME
4,99.08,12.08,4,0,100.0,1,HARDER
6,66.5,18.38,9,3,71.61,2,EASIER
4,100.0,9.64,4,0,92.6,1,HARDER
9,69.33,28.63,17,4,64.81,3,EASIER
12,66.09,42.64,24,6,34.34,4,EASIER
4,81.38,11.23,5,1,100.0,1,HARDER
4,99.0,13.3,4,0,95.36,1,HARDER
16,80.21,24.73,23,4,55.57,5,HARDER
16,78.36,40.3,26,5,45.85,5,SAME
16,75.49,36.98,23,5,56.8,5,EASIER
4,66.57,18.82,8,2,74.19,1,SAME
16,80.38,37.36,25,4,57.17,5,SAME
12,74.36,25.33,20,4,61.37,4,EASIER
9,100.0,18.24,9,0,100.0,3,HARDER
6,66.15,17.93,10,3,73.35,2,EASIER
4,100.0,10.03,4,0,96.77,1,HARDER
16,72.16,31.27,28,6,40.22,5,EASIER
16,84.22,55.15,22,3,74.64,5,SAME
6,84.55,12.85,7,1,88.18,2,HARDER
4,99.34,10.55,5,0,94.61,1,HARDER
9,89.31,25.95,13,1,73.53,3,HARDER
6,85.07,10.0,9,1,91.88,2,HARDER
4,100.0,8.5,4,0,100.0,1,HARDER
4,100.0,11.65,4,0,86.0,1,HARDER
6,86.2,18.04,8,1,91.19,2,HARDER
6,86.5,12.53,9,1,100.0,2,HARDER
16,83.98,29.36,21,3,77.03,5,HARDER
6,99.75,10.3,6,0,100.0,2,HARDER
16,76.34,52.47,25,5,61.22,5,EASIER
12,75.52,23.57,19,4,68.19,4,EASIER
16,75.52,27.99,25,5,61.7,5,EASIER
9,88.78,10.6,10,1,83.08,3,HARDER
9,68.24,25.22,17,4,56.05,3,EASIER
6,99.58,20.12,7,0,87.21,2,HARDER
6,75.72,17.62,9,2,76.0,2,SAME
4,99.3,10.11,4,0,100.0,1,HARDER
6,85.97,18.71,9,1,100.0,2,HARDER
16,94.35,30.96,19,1,87.81,5,HARDER
6,85.59,30.85,9,1,87.54,2,HARDER
4,80.28,18.1,5,1,92.1,1,HARDER
4,59.19,17.9,10,3,55.05,1,EASIER
6,100.0,20.65,7,0,100.0,2,HARDER
16,90.1,19.6,22,2,80.47,5,HARDER
12,84.03,30.8,16,2,90.71,4,HARDER
12,73.44,27.5,18,4,73.02,4,SAME
16,83.14,29.18,21,3,64.89,5,SAME
16,77.73,41.67,26,5,59.24,5,EASIER
16,77.31,32.1,25,5,56.08,5,EASIER
6,85.7,16.48,7,1,87.72,2,HARDER
12,76.66,18.65,18,4,71.14,4,SAME
9,70.44,26.73,16,4,68.89,3,SAME
12,74.14,29.58,21,4,54.21,4,SAME
6,88.37,13.02,8,1,93.23,2,HARDER
12,83.89,29.23,14,2,89.63,4,HARDER
16,78.27,40.45,24,4,49.65,5,EASIER
4,99.46,11.06,4,0,100.0,1,HARDER
9,81.91,25.82,13,2,80.38,3,HARDER
16,88.18,22.58,20,2,78.08,5,HARDER
12,74.91,34.7,18,4,76.99,4,SAME
12,92.54,14.51,14,1,97.91,4,HARDER
4,79.0,10.64,5,1,98.23,1,HARDER
9,89.31,19.68,11,1,92.46,3,HARDER
9,80.69,20.74,13,2,76.46,3,HARDER
16,71.28,19.91,24,6,53.32,5,SAME
9,69.87,54.35,15,4,72.23,3,EASIER
9,91.05,24.26,11,1,80.83,3,HARDER
9,90.1,13.98,12,1,84.03,3,HARDER
6,100.0,8.21,6,0,100.0,2,HARDER
4,100.0,6.94,5,0,95.67,1,HARDER
9,90.16,26.56,10,1,98.17,3,HARDER
16,88.93,17.17,20,2,88.97,5,SAME
12,86.53,15.04,15,2,85.54,4,HARDER
6,84.96,17.63,8,1,85.55,2,HARDER
12,100.0,16.93,15,0,89.32,4,HARDER
12,79.55,52.9,17,3,73.54,4,EASIER
16,80.12,42.47,27,4,55.94,5,SAME
9,80.87,34.38,11,2,87.19,3,HARDER
9,89.66,11.68,11,1,91.91,3,HARDER
12,84.51,24.31,14,2,91.66,4,HARDER
6,84.29,13.61,7,1,97.54,2,HARDER
4,98.27,10.45,4,0,98.23,1,EASIER
16,79.01,41.55,21,4,71.57,5,SAME
16,75.42,18.04,22,5,62.74,5,EASIER
16,79.42,33.05,23,4,68.39,5,EASIER
16,88.69,28.9,20,2,70.04,5,SAME
16,80.24,43.48,23,4,74.95,5,EASIER
12,79.18,18.13,20,3,71.24,4,SAME
9,89.09,19.16,10,1,87.46,3,HARDER
9,90.26,20.34,10,1,81.15,3,HARDER
6,86.4,14.23,7,1,99.57,2,HARDER
16,84.21,21.09,22,3,72.24,5,HARDER
12,79.95,23.98,17,3,74.88,4,SAME
4,99.75,9.97,4,0,97.98,1,HARDER
6,99.68,11.22,6,0,100.0,2,HARDER
16,91.53,25.88,20,2,79.6,5,HARDER
4,99.82,10.86,4,0,90.89,1,HARDER
16,91.15,25.93,22,2,93.16,5,HARDER
4,67.18,28.81,8,2,81.44,1,SAME
16,76.03,39.9,24,5,59.32,5,EASIER
6,99.74,11.83,6,0,100.0,2,HARDER
12,91.78,21.9,14,1,92.53,4,HARDER
4,80.56,12.84,5,1,75.15,1,SAME
9,83.24,18.64,11,2,59.58,3,SAME
12,79.8,16.18,17,3,87.5,4,HARDER
12,86.57,30.2,14,2,95.84,4,HARDER
16,81.73,36.33,26,4,55.37,5,SAME
12,74.49,22.41,17,4,65.66,4,EASIER
16,80.43,45.17,23,4,61.13,5,HARDER
4,99.36,12.42,4,0,97.94,1,HARDER
9,69.28,21.33,15,4,76.27,3,EASIER
6,100.0,10.2,6,0,100.0,2,HARDER
6,73.97,17.37,12,2,70.7,2,SAME
9,99.92,12.36,9,0,100.0,3,HARDER
12,85.72,40.51,18,2,81.58,4,HARDER
4,100.0,15.9,4,0,85.28,1,HARDER
12,81.62,37.21,17,3,71.85,4,SAME
12,87.69,27.14,21,2,65.12,4,SAME
9,70.27,29.12,16,4,64.83,3,EASIER
16,74.19,28.69,27,5,48.4,5,SAME
12,90.98,20.94,15,1,81.95,4,HARDER
16,84.38,43.7,21,3,73.96,5,HARDER
16,65.16,50.97,31,9,28.83,5,EASIER
9,91.96,20.5,12,1,92.07,3,HARDER
9,76.09,22.87,16,3,59.92,3,SAME
9,90.89,11.59,12,1,80.53,3,HARDER
9,72.2,19.07,12,3,84.42,3,SAME
4,98.83,11.68,4,0,95.7,1,HARDER
16,67.6,23.3,25,7,50.91,5,HARDER
9,75.93,36.33,15,3,72.91,3,SAME
4,79.25,13.97,5,1,98.09,1,HARDER
6,100.0,11.33,6,0,95.06,2,HARDER
9,62.85,43.59,17,5,45.55,3,EASIER
9,91.42,22.18,12,1,83.49,3,HARDER
9,89.83,16.82,10,1,75.51,3,HARDER
16,70.55,30.95,27,6,41.55,5,EASIER
6,67.13,24.92,12,3,70.23,2,EASIER
4,98.47,7.24,4,0,100.0,1,HARDER
9,98.88,12.21,9,0,96.09,3,HARDER
4,78.44,9.37,6,1,99.53,1,HARDER
4,66.48,22.02,8,2,78.17,1,SAME
9,74.33,19.24,12,3,82.16,3,HARDER
16,95.0,22.38,17,1,100.0,5,HARDER
6,85.01,19.12,8,1,90.96,2,HARDER
9,66.85,28.05,17,4,62.6,3,EASIER
12,74.29,31.31,20,4,62.33,4,EASIER
16,77.12,34.17,24,5,50.44,5,EASIER
4,98.49,12.51,4,0,100.0,1,HARDER
12,86.29,20.25,16,2,81.69,4,HARDER
4,100.0,15.04,4,0,100.0,1,HARDER
12,91.43,18.6,14,1,91.31,4,HARDER
9,81.04,13.86,13,2,84.68,3,HARDER
4,81.38,10.66,6,1,89.75,1,HARDER
9,83.53,31.56,13,2,71.66,3,SAME
16,93.96,23.06,19,1,83.79,5,HARDER
12,84.55,33.47,15,2,75.57,4,SAME
4,81.03,11.64,5,1,99.75,1,HARDER
9,91.42,13.87,13,1,100.0,3,HARDER
12,79.19,18.04,16,3,82.43,4,SAME
16,72.99,53.29,22,6,66.19,5,EASIER
4,80.89,12.63,7,1,82.67,1,SAME
4,100.0,8.59,4,0,100.0,1,HARDER
6,100.0,19.3,6,0,96.61,2,HARDER
6,84.33,16.07,8,1,89.61,2,HARDER
12,81.26,29.04,18,3,77.16,4,HARDER
12,70.25,26.05,21,5,47.3,4,EASIER
16,92.58,31.15,19,1,79.24,5,HARDER
12,75.1,19.27,17,4,63.61,4,SAME
9,88.49,18.88,12,1,84.38,3,HARDER
4,96.74,11.05,4,0,87.66,1,HARDER
6,74.61,17.93,10,2,76.45,2,SAME
12,93.13,17.43,13,1,100.0,4,HARDER
6,84.86,13.69,7,1,100.0,2,HARDER
16,73.24,32.64,27,6,44.09,5,EASIER
16,80.88,40.94,22,4,60.67,5,SAME
12,63.77,42.67,24,7,36.56,4,EASIER
4,77.87,20.96,5,1,88.99,1,SAME
4,79.97,19.08,5,1,99.36,1,HARDER
6,84.84,19.72,7,1,92.84,2,HARDER
16,82.54,20.01,21,3,99.59,5,HARDER
16,67.95,38.72,33,8,22.15,5,EASIER
6,83.95,15.78,8,1,88.7,2,HARDER
12,86.5,27.94,15,2,86.61,4,HARDER
12,66.56,44.0,20,6,51.19,4,EASIER
9,81.14,19.63,12,2,76.8,3,HARDER
6,88.21,17.07,7,1,75.5,2,HARDER
12,75.93,23.4,17,4,73.14,4,SAME
9,75.55,18.94,14,3,69.31,3,SAME
16,72.18,54.0,25,6,52.18,5,EASIER
12,85.45,26.28,16,2,85.58,4,HARDER
12,81.21,17.01,18,3,86.45,4,HARDER
9,74.16,19.57,13,3,88.4,3,SAME
9,82.73,24.84,14,2,77.94,3,HARDER
6,83.71,20.65,7,1,79.77,2,HARDER
4,99.43,12.02,4,0,91.89,1,HARDER
9,89.33,19.98,10,1,85.96,3,HARDER
4,80.34,13.31,5,1,83.92,1,HARDER
4,100.0,9.4,4,0,97.53,1,HARDER
4,81.24,23.59,5,1,84.74,1,HARDER
12,83.94,17.48,14,2,81.04,4,HARDER
9,75.62,26.19,15,3,76.94,3,SAME
16,85.58,31.92,21,3,69.25,5,HARDER
4,79.2,12.56,5,1,93.9,1,HARDER
4,67.84,21.51,9,2,60.59,1,EASIER
16,89.29,21.15,19,2,86.84,5,HARDER
16,89.16,24.9,20,2,78.72,5,HARDER
4,98.55,8.12,4,0,100.0,1,HARDER
9,82.44,23.09,11,2,78.25,3,HARDER
6,76.1,21.49,8,2,84.32,2,SAME
9,68.71,21.93,14,4,65.72,3,EASIER
9,75.1,20.25,15,3,73.35,3,SAME
12,70.27,44.0,17,5,62.55,4,EASIER
16,87.41,33.91,19,2,83.06,5,HARDER
12,81.42,23.13,16,3,77.47,4,HARDER
4,100.0,9.0,4,0,100.0,1,HARDER
4,57.2,26.78,11,3,79.2,1,EASIER
12,76.32,27.74,20,4,66.15,4,HARDER
16,85.32,35.44,20,3,80.62,5,HARDER
16,83.71,27.03,20,3,83.54,5,HARDER
9,83.05,21.9,12,2,71.0,3,HARDER
16,72.44,21.57,23,6,60.0,5,EASIER
9,83.29,23.55,13,2,86.93,3,HARDER
6,88.25,16.28,7,1,92.99,2,HARDER
16,81.94,38.1,22,4,72.04,5,SAME
9,79.49,20.75,13,2,83.24,3,HARDER
9,100.0,15.25,9,0,100.0,3,HARDER
16,80.78,25.02,22,4,68.85,5,SAME
12,86.0,25.36,15,2,79.78,4,HARDER
4,100.0,10.91,4,0,100.0,1,HARDER
9,70.53,31.94,19,4,48.43,3,EASIER
6,100.0,11.24,7,0,93.5,2,HARDER
12,99.23,9.86,12,0,88.96,4,HARDER
9,75.78,15.06,16,3,79.98,3,SAME
9,68.69,34.17,16,4,47.14,3,SAME
6,85.66,18.09,8,1,83.76,2,HARDER
4,80.57,16.06,6,1,75.63,1,SAME
4,100.0,9.22,4,0,97.97,1,HARDER
16,89.81,43.28,18,2,94.41,5,HARDER
6,86.95,14.13,9,1,100.0,2,HARDER
16,85.72,37.53,21,3,78.09,5,HARDER
12,86.26,28.22,16,2,83.61,4,SAME
4,66.96,11.67,8,2,77.78,1,SAME
4,80.97,14.9,6,1,100.0,1,SAME
4,99.41,9.76,4,0,100.0,1,HARDER
6,100.0,10.42,7,0,100.0,2,HARDER
16,89.17,34.01,20,2,86.5,5,HARDER
16,88.88,30.36,23,2,75.47,5,HARDER
16,73.27,31.86,25,6,63.41,5,SAME
6,99.61,12.12,6,0,97.3,2,HARDER
6,60.19,39.64,14,4,58.11,2,EASIER
6,100.0,22.22,6,0,99.63,2,HARDER
9,90.25,21.12,11,1,91.97,3,HARDER
4,99.29,10.03,4,0,100.0,1,HARDER
12,93.01,27.38,15,1,84.28,4,HARDER
9,91.31,15.96,11,1,99.61,3,HARDER
12,75.31,45.64,20,4,54.17,4,EASIER
12,74.8,40.36,21,4,60.61,4,EASIER
4,80.84,24.83,7,1,85.96,1,HARDER
9,91.2,36.86,10,1,100.0,3,HARDER
4,68.22,16.16,6,2,96.07,1,HARDER
12,71.08,39.74,19,5,50.18,4,EASIER
16,79.28,27.94,21,4,78.96,5,HARDER
9,76.15,42.29,14,3,62.23,3,EASIER
16,84.78,32.67,24,3,65.8,5,HARDER
9,64.11,38.2,16,5,58.58,3,EASIER
4,100.0,10.26,4,0,93.85,1,HARDER
16,83.37,51.25,21,3,93.25,5,HARDER
12,75.32,44.48,18,4,62.82,4,EASIER
6,100.0,15.32,6,0,100.0,2,HARDER
9,82.73,17.55,14,2,69.01,3,SAME
9,82.04,19.9,13,2,75.12,3,SAME
6,84.7,18.7,7,1,94.43,2,HARDER
16,66.43,40.69,32,8,19.14,5,EASIER
6,65.34,25.18,10,3,69.99,2,EASIER
16,76.18,35.62,26,5,44.85,5,EASIER
6,100.0,7.83,6,0,93.29,2,HARDER
6,98.82,20.55,9,0,88.99,2,HARDER
6,85.35,15.52,11,1,91.04,2,HARDER
12,62.21,51.02,28,7,17.19,4,EASIER
16,86.55,20.73,19,3,90.92,5,HARDER
6,75.09,20.83,9,2,88.4,2,SAME
16,84.88,40.4,21,3,78.94,5,HARDER
9,82.97,24.65,11,2,81.17,3,SAME
12,66.58,32.63,23,6,31.29,4,EASIER
6,100.0,16.2,6,0,100.0,2,HARDER
4,80.03,10.75,7,1,79.22,1,SAME
4,67.07,12.38,6,2,81.66,1,HARDER
16,81.01,62.12,22,4,86.1,5,EASIER
9,99.19,16.58,10,0,100.0,3,HARDER
16,80.19,32.37,23,4,54.71,5,EASIER
9,82.69,19.35,12,2,87.7,3,SAME
6,86.24,21.06,7,1,96.8,2,HARDER
16,80.11,35.71,24,4,55.22,5,HARDER
16,89.08,26.71,21,2,77.4,5,SAME
16,87.54,21.52,21,2,75.58,5,EASIER
9,90.08,27.64,11,1,86.29,3,HARDER
12,85.36,24.91,17,2,82.6,4,HARDER
4,100.0,12.17,4,0,95.57,1,HARDER
16,100.0,18.03,16,0,100.0,5,HARDER
4,80.29,14.67,5,1,84.1,1,HARDER
4,99.87,10.86,5,0,100.0,1,HARDER
9,54.46,31.56,21,8,29.68,3,EASIER
9,100.0,26.32,9,0,94.07,3,HARDER
4,98.7,10.17,5,0,95.49,1,HARDER
12,92.82,17.94,14,1,91.31,4,HARDER
4,80.1,14.21,5,1,93.22,1,HARDER
12,98.63,28.87,12,0,100.0,4,HARDER
16,63.55,26.01,34,9,16.18,5,EASIER
6,86.57,14.51,10,1,97.45,2,HARDER
16,73.19,44.46,27,6,47.24,5,EASIER
12,93.8,20.99,13,1,88.74,4,HARDER
6,75.62,15.33,10,2,74.71,2,SAME
6,100.0,9.31,6,0,100.0,2,HARDER
12,80.78,17.07,18,3,88.42,4,SAME
6,86.34,8.79,8,1,95.92,2,HARDER
9,89.43,15.99,14,1,71.41,3,HARDER
12,84.8,21.45,16,2,68.83,4,HARDER
4,100.0,14.84,4,0,100.0,1,EASIER
6,66.44,16.2,10,3,81.82,2,SAME
9,76.21,24.85,13,3,84.42,3,SAME
4,80.65,11.7,6,1,100.0,1,HARDER
6,86.8,16.64,7,1,92.46,2,HARDER
12,85.51,22.22,15,2,83.47,4,HARDER
4,99.76,8.17,4,0,87.82,1,HARDER
6,86.67,18.39,7,1,84.02,2,HARDER
4,99.7,13.28,4,0,82.46,1,HARDER
16,74.82,41.71,23,5,65.3,5,SAME
9,89.34,26.2,11,1,85.73,3,HARDER
16,90.14,30.38,23,2,71.3,5,HARDER
4,99.53,9.35,4,0,94.55,1,HARDER
4,79.37,11.72,5,1,91.68,1,HARDER
6,100.0,16.36,6,0,94.57,2,HARDER
6,84.34,11.7,8,1,90.87,2,HARDER
6,83.51,29.32,9,1,93.11,2,SAME
12,76.46,24.54,19,4,76.04,4,SAME
16,82.91,22.79,21,3,85.58,5,HARDER
9,88.63,12.65,10,1,100.0,3,HARDER
4,100.0,12.14,4,0,100.0,1,HARDER
12,79.82,21.22,16,3,77.13,4,HARDER
6,99.93,11.74,6,0,96.1,2,HARDER
6,67.46,22.4,12,3,78.45,2,EASIER
12,75.95,34.29,18,4,51.28,4,EASIER
6,85.29,18.7,9,1,100.0,2,HARDER
4,100.0,10.03,5,0,100.0,1,HARDER
12,94.83,28.43,15,1,83.61,4,HARDER
6,86.06,12.2,7,1,94.34,2,HARDER
4,100.0,12.36,4,0,100.0,1,HARDER
6,88.06,25.86,9,1,90.18,2,HARDER
4,100.0,9.65,4,0,94.73,1,HARDER
16,71.2,37.43,29,7,37.61,5,EASIER
12,80.38,22.35,18,3,66.89,4,HARDER
6,85.56,13.86,10,1,81.54,2,HARDER
9,89.61,18.95,10,1,85.86,3,HARDER
9,100.0,15.11,10,0,100.0,3,HARDER
6,60.06,20.56,11,4,62.78,2,EASIER
6,87.6,17.22,8,1,83.3,2,HARDER
4,80.16,15.0,5,1,88.53,1,HARDER
9,100.0,17.21,9,0,100.0,3,HARDER
9,80.36,23.58,12,2,89.36,3,HARDER
12,86.99,13.98,16,2,92.87,4,HARDER
16,88.28,27.3,21,2,79.56,5,HARDER
12,67.38,35.08,21,6,57.31,4,EASIER
6,85.18,10.07,10,1,87.47,2,HARDER
4,99.19,7.21,4,0,93.35,1,HARDER
6,86.2,12.78,8,1,94.75,2,HARDER
16,66.89,27.56,33,8,22.94,5,HARDER
9,90.34,14.31,10,1,100.0,3,HARDER
6,100.0,21.06,7,0,87.47,2,HARDER
16,81.56,37.95,20,3,85.0,5,SAME
9,82.41,16.28,14,2,79.86,3,SAME
16,70.92,33.16,28,6,51.8,5,EASIER
16,89.0,27.83,21,2,94.43,5,HARDER
6,75.98,12.79,8,2,87.7,2,HARDER
9,89.79,13.61,12,1,78.39,3,HARDER
4,68.13,14.96,7,2,93.05,1,HARDER
9,74.03,17.35,16,3,59.14,3,EASIER
9,81.42,16.51,11,2,84.9,3,HARDER
6,85.69,13.3,7,1,100.0,2,HARDER
9,74.99,33.93,13,3,68.9,3,EASIER
9,75.91,24.36,17,3,69.41,3,SAME
4,98.8,16.98,4,0,100.0,1,HARDER
4,99.13,9.07,4,0,97.62,1,HARDER
16,69.96,21.24,27,7,40.13,5,EASIER
9,100.0,21.52,11,0,100.0,3,EASIER
12,75.29,26.55,20,4,45.69,4,EASIER
4,98.83,10.91,4,0,100.0,1,HARDER
16,65.14,41.05,32,9,24.31,5,EASIER
12,79.11,39.34,15,3,87.6,4,HARDER
12,73.03,38.72,17,4,67.51,4,EASIER
12,74.89,29.49,21,4,68.59,4,SAME
4,80.86,14.79,5,1,76.37,1,HARDER
9,74.31,19.36,15,3,64.17,3,HARDER
16,94.25,23.18,20,1,80.46,5,HARDER
16,77.87,27.28,26,4,73.3,5,SAME
4,99.65,11.52,4,0,92.82,1,HARDER
12,84.54,22.26,16,2,79.63,4,HARDER
12,80.5,38.99,17,3,70.68,4,SAME
9,81.45,20.08,13,2,75.82,3,SAME
9,89.65,16.47,10,1,89.88,3,HARDER
4,67.29,20.04,6,2,85.08,1,SAME
12,91.63,39.34,14,1,91.71,4,HARDER
16,84.46,27.63,19,3,89.11,5,HARDER
16,75.56,46.24,24,5,64.46,5,EASIER
4,100.0,10.18,4,0,97.81,1,HARDER
9,88.36,19.31,11,1,100.0,3,HARDER
4,78.67,18.63,5,1,100.0,1,HARDER
9,99.67,15.45,10,0,100.0,3,HARDER
16,75.63,39.8,23,5,54.3,5,EASIER
4,80.64,20.91,6,1,86.43,1,SAME
16,84.24,46.66,21,3,65.94,5,SAME
6,100.0,11.49,6,0,100.0,2,HARDER
9,98.81,13.1,9,0,89.17,3,HARDER
9,83.95,28.0,13,2,87.67,3,HARDER
6,86.85,23.45,7,1,95.18,2,HARDER
6,85.92,13.04,8,1,91.03,2,SAME
16,70.18,32.04,28,7,33.11,5,EASIER
12,84.6,22.41,16,2,76.61,4,HARDER
6,100.0,19.61,6,0,89.19,2,HARDER
16,89.9,25.5,20,2,86.75,5,HARDER
16,91.58,18.97,17,1,91.19,5,HARDER
9,81.29,14.06,11,2,83.14,3,HARDER
9,92.1,18.1,14,1,76.18,3,HARDER
12,75.7,44.85,19,4,65.53,4,SAME
12,78.19,26.15,18,3,72.41,4,SAME
12,90.55,19.38,13,1,87.28,4,HARDER
4,99.61,12.47,4,0,90.81,1,HARDER
12,59.49,40.4,25,8,34.83,4,EASIER
9,89.59,20.79,11,1,92.91,3,HARDER
16,82.22,23.18,21,3,65.55,5,SAME
12,81.05,26.09,19,3,65.1,4,SAME
9,81.12,16.14,14,2,86.93,3,SAME
9,90.92,14.32,12,1,97.69,3,HARDER
12,99.88,17.52,12,0,100.0,4,HARDER
9,99.93,24.15,10,0,100.0,3,HARDER
12,85.07,30.23,17,2,90.44,4,HARDER
16,74.13,23.84,25,6,49.28,5,EASIER
9,99.42,14.47,10,0,96.98,3,HARDER
16,78.76,28.24,21,4,68.95,5,HARDER
9,89.9,20.97,11,1,88.94,3,HARDER
6,86.36,16.08,7,1,100.0,2,HARDER
9,76.0,27.51,14,3,79.39,3,SAME
16,81.21,39.32,26,4,53.38,5,SAME
4,99.64,10.02,4,0,100.0,1,HARDER
16,80.13,27.7,25,4,66.06,5,HARDER
16,71.57,37.76,25,6,53.19,5,EASIER
12,92.26,28.87,13,1,96.98,4,HARDER
9,100.0,16.6,9,0,97.32,3,HARDER
9,74.06,17.77,15,3,85.26,3,HARDER
12,85.29,25.06,14,2,88.78,4,HARDER
9,68.74,29.45,15,4,63.87,3,EASIER
9,99.17,12.05,10,0,100.0,3,HARDER
9,69.71,25.08,14,4,56.47,3,EASIER
6,100.0,13.47,6,0,99.97,2,HARDER
9,89.84,21.57,11,1,99.4,3,HARDER
16,80.37,14.27,24,4,66.06,5,SAME
4,67.17,18.08,9,2,84.5,1,EASIER
9,89.46,19.26,12,1,92.56,3,HARDER
4,100.0,14.55,5,0,91.95,1,HARDER
4,100.0,11.22,4,0,98.99,1,HARDER
16,71.96,37.63,24,6,58.29,5,EASIER
6,99.83,21.0,6,0,94.82,2,HARDER
6,76.32,25.23,8,2,79.63,2,HARDER
6,99.83,12.48,6,0,95.63,2,HARDER
6,86.66,10.03,7,1,99.38,2,HARDER
16,73.1,28.64,29,6,39.5,5,EASIER
12,80.31,36.53,19,3,69.46,4,SAME
6,66.12,25.2,10,3,66.21,2,EASIER
6,98.78,19.73,6,0,96.84,2,HARDER
4,80.98,18.14,5,1,92.28,1,HARDER
4,80.64,14.76,6,1,100.0,1,HARDER
9,58.73,47.93,20,6,52.94,3,EASIER
16,60.82,38.09,30,10,19.65,5,EASIER
12,91.3,13.55,13,1,95.32,4,HARDER
6,100.0,18.97,6,0,100.0,2,HARDER
6,66.87,20.21,14,3,67.25,2,SAME
16,76.75,27.27,25,5,62.22,5,EASIER
9,74.31,44.29,14,3,73.18,3,EASIER
9,88.16,27.97,10,1,90.99,3,HARDER
9,100.0,12.88,9,0,100.0,3,HARDER
4,78.72,15.99,6,1,90.59,1,HARDER
16,79.38,18.87,20,4,74.68,5,SAME
4,67.83,22.16,9,2,81.92,1,EASIER
6,66.61,21.39,9,3,80.3,2,EASIER
4,100.0,8.63,4,0,92.48,1,HARDER
6,86.21,21.22,7,1,99.27,2,HARDER
9,68.6,23.4,14,4,58.8,3,EASIER
4,100.0,12.28,4,0,100.0,1,HARDER
16,76.9,15.86,26,5,74.17,5,EASIER
6,100.0,11.61,6,0,100.0,2,HARDER
6,73.68,12.58,10,2,82.14,2,HARDER
4,100.0,9.18,4,0,100.0,1,HARDER
12,70.53,34.96,20,5,55.34,4,EASIER
9,74.99,32.77,13,3,73.28,3,SAME
9,100.0,26.15,10,0,91.47,3,HARDER
12,100.0,25.67,13,0,87.8,4,HARDER
6,83.87,24.26,9,1,91.75,2,HARDER
16,81.99,22.15,24,4,73.51,5,SAME
16,57.36,47.58,37,12,8.36,5,EASIER
4,97.86,15.63,4,0,86.84,1,HARDER
6,87.09,15.07,8,1,74.83,2,HARDER
16,82.93,37.69,23,3,74.39,5,SAME
6,73.81,14.84,10,2,95.09,2,HARDER
16,90.36,16.53,21,2,77.2,5,EASIER
9,99.07,20.68,10,0,100.0,3,HARDER
6,75.48,20.2,12,2,67.59,2,SAME
12,81.29,18.32,17,3,80.36,4,HARDER
12,83.75,28.08,16,2,85.29,4,SAME
16,73.54,49.86,23,6,54.36,5,EASIER
6,100.0,12.49,6,0,100.0,2,HARDER
9,99.86,18.94,9,0,98.2,3,HARDER
9,80.54,20.08,12,2,77.33,3,HARDER
12,84.52,27.65,15,2,84.46,4,HARDER
9,82.46,19.77,13,2,97.18,3,HARDER
16,70.26,24.33,29,7,43.96,5,EASIER
12,75.23,20.21,20,4,73.33,4,EASIER
6,75.14,19.11,9,2,88.39,2,HARDER
16,67.99,23.94,25,8,39.1,5,EASIER
12,67.67,33.18,21,6,41.48,4,EASIER
6,99.39,12.95,7,0,100.0,2,HARDER
6,84.3,15.87,7,1,99.08,2,HARDER
12,75.29,25.64,23,4,49.48,4,EASIER
16,80.77,30.16,24,4,68.73,5,HARDER
4,100.0,14.2,4,0,90.65,1,HARDER
12,79.15,31.48,20,3,80.01,4,SAME
9,69.01,24.91,18,4,67.94,3,EASIER
12,75.67,27.39,21,4,65.9,4,HARDER
6,99.76,15.44,7,0,100.0,2,HARDER
16,76.32,27.98,29,5,56.69,5,EASIER
4,67.09,16.14,7,2,72.3,1,SAME
4,79.97,13.35,6,1,97.29,1,HARDER
16,73.1,23.65,26,6,55.5,5,SAME
6,86.02,18.74,8,1,96.45,2,HARDER
6,86.71,16.61,8,1,87.54,2,HARDER
12,93.02,22.29,15,1,93.13,4,HARDER
4,79.17,19.17,5,1,87.82,1,HARDER
9,97.91,20.12,10,0,89.7,3,HARDER
6,65.51,27.45,13,3,85.15,2,EASIER
12,85.76,16.69,17,2,68.15,4,HARDER
9,74.07,16.64,15,3,76.52,3,EASIER
9,90.33,20.62,11,1,85.06,3,HARDER
9,75.29,20.6,12,3,73.2,3,SAME
4,99.74,11.99,4,0,100.0,1,HARDER
12,87.6,20.46,19,2,78.97,4,HARDER
12,79.84,23.53,16,3,71.44,4,HARDER
16,83.26,21.21,21,3,79.72,5,HARDER
16,66.01,32.5,30,8,28.68,5,EASIER
6,99.89,14.24,6,0,99.01,2,HARDER
6,66.43,27.95,11,3,65.77,2,EASIER
4,79.75,7.89,6,1,85.98,1,HARDER
9,82.84,27.42,12,2,86.91,3,SAME
12,88.53,22.53,14,2,92.51,4,HARDER
4,99.14,10.69,4,0,100.0,1,HARDER
16,89.07,31.88,20,2,92.59,5,HARDER
9,100.0,14.42,10,0,92.3,3,HARDER
9,74.85,20.96,14,3,75.74,3,SAME
6,84.56,14.15,8,1,87.51,2,HARDER
9,74.78,26.23,13,3,91.03,3,SAME
9,89.91,12.77,12,1,82.4,3,HARDER
4,68.87,16.58,6,2,76.63,1,EASIER
4,80.45,19.31,7,1,90.46,1,HARDER
9,81.77,20.4,14,2,77.47,3,HARDER
4,100.0,13.88,4,0,100.0,1,HARDER
4,99.7,10.67,4,0,85.74,1,HARDER
16,73.5,52.68,28,6,45.12,5,EASIER
12,92.89,12.92,14,1,92.37,4,HARDER
16,75.19,27.91,25,5,52.1,5,SAME
16,88.92,21.03,20,2,80.31,5,HARDER
12,99.62,18.6,12,0,100.0,4,SAME
9,82.42,19.67,11,2,90.05,3,SAME
4,79.33,14.65,5,1,94.71,1,HARDER
4,80.0,13.15,6,1,87.03,1,HARDER
12,67.57,36.54,23,6,47.02,4,EASIER
12,93.17,20.33,13,1,100.0,4,HARDER
6,96.95,14.86,6,0,89.65,2,HARDER
16,66.27,42.79,27,8,40.95,5,EASIER
4,68.78,18.05,8,2,91.23,1,SAME
9,89.63,19.13,14,1,91.1,3,HARDER
6,100.0,17.09,6,0,100.0,2,HARDER
4,79.84,18.35,6,1,92.78,1,HARDER
16,72.61,30.8,27,6,48.09,5,EASIER
9,67.8,26.68,19,4,59.66,3,EASIER
4,67.1,10.04,7,2,79.35,1,EASIER
6,51.62,42.75,13,5,62.97,2,EASIER
12,70.29,21.29,22,5,49.79,4,EASIER
16,77.33,47.31,26,5,51.11,5,EASIER
12,69.89,20.69,21,5,63.38,4,EASIER
4,100.0,14.15,4,0,100.0,1,HARDER
6,73.81,26.93,9,2,84.18,2,SAME
12,84.58,23.52,15,2,88.51,4,HARDER
12,85.67,20.01,15,2,94.56,4,HARDER
12,90.49,29.35,14,1,83.53,4,HARDER
16,76.04,27.34,24,5,71.34,5,SAME
12,92.41,19.1,14,1,97.62,4,HARDER
6,99.24,16.98,6,0,95.49,2,HARDER
6,67.34,24.67,11,3,56.19,2,EASIER
4,100.0,13.75,4,0,97.56,1,HARDER
16,83.38,22.2,23,3,73.19,5,SAME
16,93.99,42.71,19,1,85.27,5,HARDER
12,74.47,23.17,21,4,55.07,4,SAME
9,82.42,29.01,12,2,86.28,3,SAME
6,76.82,15.22,8,2,79.31,2,HARDER
9,81.11,20.37,13,2,83.72,3,HARDER
4,78.7,13.82,6,1,85.26,1,HARDER
6,100.0,8.74,7,0,100.0,2,HARDER
4,98.48,24.68,4,0,98.31,1,SAME
9,98.81,21.03,10,0,80.39,3,HARDER
6,76.48,13.31,10,2,79.22,2,SAME
12,80.2,47.71,18,3,65.17,4,SAME
12,79.65,18.63,18,3,73.68,4,HARDER
12,100.0,13.67,12,0,100.0,4,HARDER
16,76.05,36.91,27,5,53.73,5,EASIER
12,85.26,31.31,18,2,79.94,4,HARDER
16,64.25,41.34,28,9,24.38,5,EASIER
16,72.18,38.49,26,6,40.61,5,EASIER
12,80.98,26.61,17,3,67.9,4,SAME
4,79.53,15.2,5,1,77.2,1,SAME
16,87.64,32.73,20,2,82.49,5,HARDER
16,94.19,23.42,19,1,100.0,5,HARDER
6,99.11,15.28,6,0,100.0,2,HARDER
9,89.95,14.06,10,1,85.85,3,HARDER
6,99.45,15.57,6,0,100.0,2,HARDER
4,80.24,16.8,5,1,92.35,1,HARDER
12,79.75,24.59,17,3,60.14,4,SAME
16,84.65,25.69,19,3,87.57,5,HARDER
9,80.55,30.42,12,2,84.87,3,SAME
4,100.0,9.69,4,0,100.0,1,HARDER
9,75.59,34.0,13,3,82.79,3,HARDER
16,70.8,51.62,23,7,35.89,5,EASIER
9,69.68,29.6,15,4,66.56,3,EASIER
12,86.28,34.69,15,2,79.79,4,SAME
6,75.71,16.66,10,2,87.56,2,EASIER
6,98.09,12.14,6,0,91.07,2,HARDER
16,88.63,24.08,24,2,83.79,5,HARDER
9,88.35,24.61,11,1,97.79,3,HARDER
6,99.62,10.93,6,0,100.0,2,HARDER
6,85.59,18.89,8,1,72.63,2,HARDER
12,85.22,42.51,14,2,80.44,4,HARDER
16,75.21,30.1,26,5,57.47,5,SAME
6,99.68,13.74,6,0,95.37,2,HARDER
12,80.13,14.4,17,3,66.73,4,SAME
6,73.63,19.33,12,2,63.13,2,SAME
9,90.89,18.75,10,1,100.0,3,HARDER
12,86.48,27.05,14,2,96.09,4,HARDER
16,76.09,40.62,26,5,61.13,5,EASIER
6,75.64,19.8,9,2,74.55,2,HARDER
4,66.62,11.4,6,2,74.15,1,EASIER
9,81.45,19.94,14,2,90.39,3,HARDER
6,75.03,21.81,11,2,74.78,2,HARDER
4,100.0,8.88,4,0,96.33,1,HARDER
16,72.5,47.89,26,6,58.04,5,EASIER
12,92.31,24.04,15,1,85.75,4,HARDER
12,75.39,21.37,16,4,76.44,4,HARDER
4,100.0,11.6,4,0,91.17,1,HARDER
6,85.28,15.59,11,1,85.96,2,HARDER
6,84.79,17.94,7,1,91.67,2,HARDER
12,73.17,27.64,20,4,69.67,4,EASIER
6,99.43,10.51,6,0,100.0,2,HARDER
4,81.07,9.54,6,1,86.55,1,HARDER
12,100.0,16.32,13,0,100.0,4,HARDER
6,98.59,16.69,6,0,100.0,2,HARDER
12,81.49,21.67,16,3,86.8,4,HARDER
4,99.71,12.99,4,0,100.0,1,HARDER
6,100.0,17.59,7,0,96.25,2,HARDER
4,99.8,9.32,4,0,92.0,1,HARDER
16,80.94,28.64,22,4,66.63,5,SAME
9,88.36,15.74,10,1,93.02,3,HARDER
4,80.12,13.79,5,1,97.86,1,HARDER
6,86.86,9.85,7,1,100.0,2,HARDER
4,100.0,12.49,4,0,100.0,1,HARDER
9,74.95,33.45,14,3,65.49,3,SAME
4,65.55,17.09,7,2,81.48,1,SAME
12,85.81,20.23,17,2,85.0,4,HARDER
12,70.48,35.77,20,5,60.55,4,EASIER
12,75.85,37.27,19,4,68.89,4,SAME
16,79.65,28.85,21,4,66.89,5,SAME
16,71.16,37.4,25,6,58.84,5,EASIER
6,100.0,13.62,7,0,90.21,2,HARDER
6,86.76,21.28,7,1,87.24,2,HARDER
6,85.01,12.0,8,1,93.33,2,HARDER
12,75.15,22.4,17,4,59.05,4,EASIER
16,88.75,39.68,20,2,93.9,5,HARDER
12,75.87,29.3,18,4,55.45,4,SAME
9,82.83,25.81,13,2,82.14,3,HARDER
9,100.0,13.42,10,0,100.0,3,HARDER
9,60.31,22.15,16,6,53.16,3,EASIER
16,98.73,21.25,17,0,95.47,5,HARDER
9,90.57,13.38,11,1,100.0,3,HARDER
12,85.94,23.69,16,2,78.49,4,SAME
12,92.14,20.49,13,1,83.51,4,HARDER
9,90.1,19.82,11,1,84.74,3,HARDER
6,74.08,15.81,9,2,91.91,2,SAME
16,74.92,26.08,26,5,51.29,5,EASIER
12,80.85,31.41,17,3,84.83,4,HARDER
9,76.46,27.45,14,3,80.95,3,SAME
4,99.88,14.83,4,0,100.0,1,EASIER
6,76.74,20.25,9,2,84.69,2,HARDER
16,69.41,76.91,26,7,42.89,5,EASIER
6,86.1,26.09,7,1,92.76,2,HARDER
16,80.31,35.86,26,4,56.93,5,EASIER
6,85.43,17.51,7,1,92.69,2,HARDER
12,78.96,32.24,18,3,71.26,4,HARDER
6,85.49,19.88,8,1,83.69,2,HARDER
9,98.32,19.2,11,0,100.0,3,HARDER
4,99.53,14.98,4,0,97.58,1,HARDER
9,89.51,21.37,10,1,100.0,3,HARDER
6,75.51,24.12,10,2,62.55,2,EASIER
12,79.95,22.24,19,3,71.4,4,HARDER
9,73.72,17.79,15,3,77.33,3,SAME
12,92.35,16.94,14,1,93.0,4,HARDER
9,100.0,10.26,9,0,96.55,3,HARDER
4,81.69,11.82,6,1,97.26,1,HARDER
9,89.84,13.59,11,1,83.83,3,HARDER
9,98.89,17.95,9,0,100.0,3,HARDER
12,98.08,18.67,12,0,100.0,4,HARDER
16,88.69,26.62,20,2,88.1,5,HARDER
12,80.37,22.21,17,3,72.92,4,HARDER
9,100.0,15.64,9,0,98.23,3,HARDER
16,69.44,38.1,24,7,52.16,5,EASIER
6,100.0,10.6,7,0,100.0,2,HARDER
16,81.02,39.9,23,4,71.4,5,EASIER
9,80.6,18.0,12,2,87.31,3,HARDER
12,92.0,24.98,15,1,91.38,4,HARDER
4,78.43,9.11,5,1,98.2,1,HARDER
6,87.97,16.54,8,1,74.05,2,HARDER
16,79.8,27.06,20,4,66.3,5,EASIER
16,70.33,61.44,28,7,37.75,5,EASIER
9,69.15,17.68,15,4,72.25,3,EASIER
16,77.62,26.97,23,5,61.99,5,EASIER
9,89.47,17.05,11,1,85.79,3,HARDER
6,84.43,18.46,7,1,100.0,2,HARDER
6,98.21,15.4,6,0,92.5,2,HARDER
12,85.63,22.78,14,2,94.24,4,HARDER
12,91.72,12.15,14,1,78.63,4,HARDER
16,80.35,24.46,23,4,74.46,5,HARDER
4,99.74,15.34,4,0,100.0,1,HARDER
16,71.94,34.67,25,6,55.33,5,EASIER
6,100.0,10.34,7,0,87.9,2,HARDER
16,66.73,43.64,27,8,32.14,5,EASIER
16,71.17,55.94,26,7,46.22,5,EASIER
12,99.42,30.32,12,0,95.5,4,HARDER
6,99.13,10.98,6,0,100.0,2,SAME
9,82.16,35.58,15,2,84.84,3,HARDER
12,91.92,26.84,13,1,92.18,4,HARDER
16,76.7,49.05,26,5,59.15,5,EASIER
9,76.25,32.76,15,3,70.64,3,SAME
4,78.32,8.99,6,1,99.57,1,HARDER
9,82.26,19.2,11,2,99.34,3,SAME
6,99.61,13.44,6,0,100.0,2,HARDER
6,100.0,8.22,6,0,84.52,2,HARDER
4,78.99,10.67,5,1,87.03,1,HARDER
4,80.82,12.79,5,1,87.61,1,HARDER
12,80.38,23.03,18,3,72.9,4,HARDER
16,71.97,30.54,29,6,40.35,5,EASIER
12,81.0,23.83,16,3,75.9,4,HARDER
6,87.65,19.34,7,1,90.71,2,HARDER
6,99.47,17.27,6,0,100.0,2,HARDER
4,100.0,11.51,4,0,100.0,1,HARDER
4,100.0,14.11,5,0,94.83,1,HARDER
12,75.21,31.45,16,4,61.72,4,SAME
4,100.0,8.09,4,0,100.0,1,HARDER
12,85.55,22.16,15,2,82.03,4,EASIER
4,65.3,24.13,6,2,74.63,1,SAME
4,100.0,8.0,4,0,96.11,1,HARDER
12,85.41,19.98,17,2,79.77,4,HARDER
6,100.0,13.03,6,0,100.0,2,HARDER
9,100.0,10.41,9,0,95.36,3,HARDER
6,76.55,15.16,8,2,79.19,2,SAME
16,93.95,38.74,19,1,81.85,5,HARDER
16,80.85,37.08,21,4,66.03,5,HARDER
4,81.46,13.19,5,1,88.52,1,HARDER
12,69.34,33.02,19,5,63.77,4,EASIER
9,88.7,24.47,13,1,96.31,3,HARDER
12,80.23,17.91,16,3,88.71,4,SAME
6,100.0,22.71,6,0,90.76,2,HARDER
9,90.52,20.74,13,1,87.96,3,HARDER
4,98.99,15.14,4,0,90.98,1,HARDER
16,78.27,19.32,27,5,60.33,5,SAME
9,89.52,24.81,10,1,96.31,3,HARDER
16,75.4,40.58,28,5,55.74,5,EASIER
9,77.47,26.18,15,3,68.1,3,SAME
16,94.98,21.01,18,1,98.17,5,HARDER
16,78.41,23.75,22,4,75.87,5,SAME
9,80.32,25.72,12,2,80.73,3,HARDER
9,80.23,22.13,17,2,76.06,3,HARDER
4,99.5,11.33,4,0,100.0,1,HARDER
9,81.17,27.54,12,2,78.03,3,SAME
4,100.0,10.28,4,0,100.0,1,HARDER
16,74.58,27.4,25,5,60.83,5,SAME
16,65.08,31.57,33,8,17.6,5,EASIER
9,89.76,18.53,10,1,94.25,3,HARDER
6,75.3,16.98,10,2,83.78,2,HARDER
6,99.76,15.63,6,0,96.74,2,HARDER
4,99.66,11.46,4,0,100.0,1,HARDER
9,88.14,20.34,13,1,80.3,3,HARDER
16,66.03,33.92,30,8,29.53,5,EASIER
9,69.02,27.11,14,4,63.21,3,EASIER
9,89.82,25.84,12,1,83.01,3,HARDER
4,78.33,11.84,6,1,96.13,1,SAME
16,57.64,38.97,39,11,4.59,5,EASIER
6,99.24,11.37,7,0,99.46,2,HARDER
16,73.94,44.87,25,6,57.73,5,EASIER
12,83.67,12.99,15,2,95.93,4,HARDER
12,71.25,39.49,19,5,57.62,4,EASIER
16,83.76,24.97,19,3,84.58,5,HARDER
4,99.56,9.53,4,0,100.0,1,HARDER
9,60.33,34.14,17,6,53.76,3,EASIER
12,83.85,15.42,15,2,82.34,4,HARDER
12,100.0,17.4,12,0,97.24,4,HARDER
16,70.67,22.93,27,6,40.55,5,EASIER
9,79.83,27.44,13,2,77.18,3,HARDER
12,73.95,27.16,20,4,58.89,4,EASIER
12,80.78,46.72,19,3,73.88,4,SAME
4,81.08,26.42,6,1,87.11,1,SAME
16,76.43,23.56,22,5,62.22,5,SAME
12,69.77,43.02,19,5,55.14,4,EASIER
12,81.01,39.04,21,3,64.76,4,EASIER
16,75.77,31.01,33,6,14.01,5,EASIER
9,91.62,20.4,11,1,100.0,3,HARDER
9,82.97,23.69,13,2,80.71,3,HARDER
16,76.36,49.6,26,5,40.46,5,EASIER
6,87.73,22.72,7,1,97.38,2,HARDER
9,73.15,38.0,14,3,77.15,3,SAME
16,83.87,38.32,23,3,70.25,5,SAME
4,79.9,15.84,6,1,95.43,1,HARDER
12,68.95,48.75,18,5,44.71,4,EASIER
9,81.99,26.85,12,2,94.05,3,HARDER
4,99.43,13.18,5,0,100.0,1,HARDER
6,98.97,10.37,6,0,100.0,2,HARDER
16,93.39,22.97,20,1,95.13,5,HARDER
6,100.0,10.56,6,0,100.0,2,HARDER
6,100.0,13.86,6,0,100.0,2,HARDER
4,80.14,16.77,5,1,100.0,1,HARDER
4,80.82,17.13,5,1,88.68,1,SAME
4,100.0,10.55,4,0,100.0,1,HARDER
9,99.69,16.13,10,0,98.89,3,HARDER
12,84.34,21.75,15,2,81.88,4,SAME
6,75.76,20.77,11,2,84.71,2,SAME
4,100.0,11.02,4,0,100.0,1,HARDER
16,69.96,38.23,27,7,39.71,5,EASIER
12,91.19,21.65,15,1,88.09,4,HARDER
12,74.81,31.5,17,4,71.99,4,SAME
16,82.63,16.82,20,3,89.77,5,HARDER
16,70.9,39.83,26,6,47.34,5,EASIER
16,73.54,38.67,25,6,40.22,5,EASIER
6,72.95,16.51,8,2,85.44,2,HARDER
12,91.07,13.35,14,1,85.77,4,HARDER
9,89.23,16.28,10,1,87.15,3,HARDER
4,100.0,5.54,4,0,86.01,1,HARDER
9,81.84,28.65,11,2,87.95,3,SAME
16,87.5,28.55,20,2,72.11,5,HARDER
9,90.77,18.0,11,1,92.29,3,HARDER
12,81.46,28.7,19,3,66.83,4,SAME
6,86.69,19.68,8,1,88.73,2,HARDER
16,71.28,68.09,29,6,46.49,5,EASIER
16,72.14,31.85,27,6,47.42,5,EASIER
9,100.0,14.24,9,0,100.0,3,HARDER
9,74.76,14.2,16,3,52.7,3,EASIER
6,84.17,23.53,8,1,96.43,2,HARDER
16,64.8,27.56,25,8,44.99,5,EASIER
6,74.65,20.46,8,2,82.83,2,HARDER
9,82.29,26.64,11,2,89.81,3,HARDER
12,70.8,66.37,18,5,56.13,4,EASIER
4,66.2,20.35,7,2,76.27,1,SAME
9,80.95,16.79,12,2,97.94,3,HARDER
16,73.23,61.71,24,6,51.32,5,EASIER
16,94.79,24.87,18,1,97.73,5,HARDER
12,81.19,24.01,16,3,74.27,4,SAME
9,80.37,22.8,11,2,86.46,3,HARDER
16,94.98,25.83,19,1,95.54,5,HARDER
16,95.4,35.85,17,1,100.0,5,HARDER
6,100.0,12.35,6,0,100.0,2,HARDER
9,89.74,31.44,11,1,87.72,3,HARDER
16,70.8,30.98,26,7,37.97,5,EASIER
12,86.01,20.91,17,2,84.16,4,HARDER
16,67.08,29.24,30,8,33.95,5,EASIER
9,80.85,18.39,12,2,80.76,3,HARDER
12,75.24,27.61,19,4,73.4,4,SAME
12,99.63,19.48,13,0,100.0,4,HARDER
16,81.05,21.47,22,4,63.24,5,HARDER
12,82.03,39.43,17,3,76.55,4,SAME
9,89.59,13.33,11,1,92.26,3,HARDER
12,90.23,19.51,13,1,92.21,4,HARDER
9,100.0,11.95,10,0,100.0,3,HARDER
9,89.89,23.53,14,1,86.07,3,HARDER
9,99.87,19.22,9,0,100.0,3,HARDER
6,100.0,12.46,6,0,100.0,2,HARDER
12,72.97,28.89,20,4,75.9,4,SAME
12,68.25,33.32,23,6,58.18,4,EASIER
6,76.18,13.13,10,2,85.21,2,HARDER
4,99.0,7.66,4,0,95.85,1,HARDER
6,98.75,16.7,6,0,100.0,2,HARDER
16,65.5,33.72,30,8,32.03,5,EASIER
9,72.51,18.65,14,3,83.41,3,SAME
6,85.16,14.63,8,1,92.77,2,HARDER
6,85.89,20.48,8,1,96.41,2,SAME
16,69.64,28.33,29,7,56.49,5,HARDER
9,80.77,31.61,12,2,94.14,3,SAME
9,80.79,32.68,13,2,76.21,3,SAME
9,88.81,14.73,11,1,97.68,3,HARDER
9,69.77,36.43,16,4,64.48,3,EASIER
6,100.0,18.56,6,0,100.0,2,HARDER
4,79.38,10.42,5,1,83.61,1,HARDER
16,90.14,36.3,20,2,66.67,5,HARDER
16,83.62,24.16,22,3,73.18,5,HARDER
6,85.86,25.96,7,1,100.0,2,HARDER
12,81.77,29.2,17,3,78.39,4,HARDER
9,89.71,28.69,10,1,90.28,3,HARDER
16,92.97,35.64,18,1,99.61,5,HARDER
4,79.33,17.37,5,1,86.82,1,HARDER
9,91.1,15.58,11,1,96.52,3,HARDER
12,75.25,22.47,19,4,67.66,4,SAME
9,83.57,10.52,11,2,84.52,3,HARDER
9,88.9,14.47,10,1,97.85,3,HARDER
9,98.04,21.56,9,0,100.0,3,HARDER
9,100.0,25.97,10,0,100.0,3,HARDER
4,100.0,10.78,4,0,100.0,1,SAME
4,98.98,15.47,4,0,100.0,1,HARDER
4,65.97,20.57,8,2,86.35,1,SAME
16,75.67,28.16,28,5,42.54,5,EASIER
4,99.21,9.11,4,0,100.0,1,HARDER
6,100.0,15.01,7,0,100.0,2,HARDER
16,71.24,42.77,26,7,46.95,5,EASIER
9,89.76,32.45,10,1,97.55,3,HARDER
12,81.44,21.49,21,3,67.91,4,HARDER
9,69.77,28.81,16,4,66.3,3,EASIER
6,75.14,35.42,8,2,79.83,2,EASIER
16,71.29,24.44,25,6,44.77,5,SAME
12,76.45,31.35,19,4,58.05,4,SAME
6,100.0,14.37,6,0,100.0,2,HARDER
16,68.87,41.32,29,7,43.07,5,EASIER
16,82.79,28.2,25,3,81.36,5,HARDER
9,80.25,24.27,12,2,97.2,3,HARDER
16,79.36,26.03,25,4,74.67,5,SAME
4,100.0,14.63,4,0,100.0,1,HARDER
4,80.12,17.24,5,1,89.04,1,HARDER
16,73.93,48.5,25,6,42.61,5,EASIER
6,84.84,17.6,8,1,94.67,2,HARDER
4,100.0,16.78,4,0,90.82,1,HARDER
16,67.18,43.95,32,8,17.62,5,EASIER
6,85.2,17.39,7,1,94.71,2,HARDER
6,84.38,17.93,7,1,99.14,2,HARDER
9,84.08,38.01,13,2,89.09,3,SAME
4,78.08,15.03,5,1,100.0,1,HARDER
4,65.07,17.46,6,2,85.99,1,SAME
12,80.48,18.29,19,3,77.49,4,SAME
9,88.24,17.85,11,1,100.0,3,HARDER
9,64.65,33.0,17,5,50.2,3,EASIER
4,67.39,18.33,6,2,93.82,1,EASIER
16,71.44,27.84,30,7,23.59,5,EASIER
12,74.78,44.78,17,4,62.04,4,EASIER
4,99.35,9.64,4,0,100.0,1,HARDER
4,80.3,11.09,7,1,85.33,1,HARDER
6,100.0,13.62,7,0,100.0,2,HARDER
9,88.86,13.81,12,1,90.83,3,HARDER
9,69.98,25.99,14,4,56.69,3,EASIER
16,68.0,30.76,30,8,26.31,5,EASIER
4,100.0,11.17,4,0,100.0,1,HARDER
4,80.57,14.93,6,1,90.02,1,HARDER
6,87.48,15.22,7,1,82.71,2,HARDER
6,66.52,15.59,14,3,68.45,2,EASIER
6,85.12,19.6,8,1,84.47,2,HARDER
4,100.0,11.15,4,0,100.0,1,HARDER
9,89.33,23.33,10,1,89.47,3,HARDER
12,75.34,26.67,18,4,64.99,4,HARDER
4,99.83,12.64,4,0,82.69,1,HARDER
12,92.29,15.96,14,1,88.26,4,HARDER
9,100.0,15.83,9,0,100.0,3,HARDER
4,67.78,16.8,10,2,81.3,1,EASIER
6,99.26,11.54,6,0,100.0,2,HARDER
12,80.07,16.03,19,3,79.11,4,SAME
6,85.37,15.04,7,1,100.0,2,HARDER
6,100.0,14.41,7,0,98.79,2,HARDER
16,71.3,37.66,28,7,53.24,5,EASIER
6,87.09,24.91,8,1,98.55,2,HARDER
9,70.03,34.54,14,4,78.15,3,EASIER
4,100.0,12.63,4,0,80.79,1,HARDER
9,88.96,19.03,11,1,73.75,3,HARDER
9,74.6,30.35,12,3,76.64,3,SAME
4,98.71,25.46,4,0,98.06,1,HARDER
9,75.28,15.93,12,3,84.23,3,HARDER
6,99.99,19.88,6,0,95.32,2,HARDER
6,85.09,13.77,9,1,98.74,2,HARDER
6,74.67,13.9,9,2,81.71,2,HARDER
4,100.0,19.72,4,0,95.48,1,HARDER
9,68.93,19.85,16,4,81.68,3,EASIER
9,69.67,41.53,14,4,72.76,3,EASIER
16,82.27,40.03,24,4,45.27,5,EASIER
9,97.63,15.78,9,0,100.0,3,HARDER
12,79.0,31.39,19,3,69.71,4,EASIER
4,65.7,13.3,6,2,73.27,1,EASIER
12,79.59,20.27,18,3,77.27,4,SAME
6,85.48,23.66,8,1,99.03,2,HARDER
6,84.99,18.84,8,1,81.74,2,HARDER
12,63.36,37.67,25,7,38.22,4,EASIER
9,90.45,14.94,11,1,93.96,3,HARDER
4,100.0,11.44,4,0,99.2,1,HARDER
9,74.33,14.72,14,3,85.98,3,SAME
12,92.71,23.87,13,1,84.73,4,HARDER
9,89.92,11.7,10,1,92.64,3,HARDER
12,99.72,25.25,12,0,93.58,4,HARDER
6,86.22,20.52,7,1,79.07,2,HARDER
9,99.16,12.89,9,0,100.0,3,HARDER
16,79.02,29.04,23,4,69.98,5,SAME
4,100.0,13.15,4,0,97.8,1,HARDER
9,74.44,20.99,15,3,72.28,3,HARDER
6,98.92,9.55,6,0,100.0,2,HARDER
6,98.39,8.35,6,0,100.0,2,HARDER
12,70.09,19.06,20,5,61.12,4,SAME
4,100.0,8.62,4,0,100.0,1,HARDER
4,98.78,14.47,4,0,96.81,1,HARDER
9,75.56,24.73,14,3,69.19,3,SAME
9,90.48,16.27,12,1,81.06,3,HARDER
6,87.26,9.1,7,1,99.81,2,HARDER
12,85.13,23.19,15,2,78.99,4,HARDER
4,79.01,18.48,6,1,94.85,1,HARDER
16,70.32,41.36,27,7,40.89,5,EASIER
6,85.44,16.14,7,1,83.21,2,HARDER
9,75.81,20.8,12,3,78.8,3,HARDER
16,75.32,44.58,23,5,52.77,5,EASIER
12,74.64,47.91,20,4,56.88,4,EASIER
9,74.98,24.0,12,3,72.55,3,EASIER
12,84.41,27.65,15,2,78.47,4,HARDER
9,75.61,26.93,14,3,83.79,3,EASIER
12,84.46,21.4,14,2,78.77,4,HARDER
6,60.05,20.86,13,4,66.6,2,EASIER
9,90.26,20.56,12,1,84.26,3,HARDER
4,81.25,16.41,5,1,86.99,1,HARDER
16,71.57,21.89,25,6,53.7,5,EASIER
9,90.34,14.52,10,1,95.04,3,HARDER
4,100.0,7.76,4,0,100.0,1,HARDER
16,75.1,24.38,29,6,43.68,5,SAME
4,100.0,10.99,4,0,91.89,1,HARDER
4,79.86,12.75,5,1,90.41,1,SAME
6,99.81,14.96,7,0,97.55,2,HARDER
9,63.6,35.63,16,5,55.15,3,EASIER
16,85.21,20.84,23,3,77.05,5,SAME
12,57.52,30.24,30,9,14.18,4,EASIER
6,73.91,23.61,9,2,82.64,2,SAME
9,100.0,17.76,9,0,94.64,3,HARDER
9,82.57,16.6,13,2,84.53,3,HARDER
9,89.28,41.35,10,1,95.44,3,HARDER
12,81.07,27.9,17,3,65.54,4,SAME
4,99.83,6.24,4,0,93.06,1,HARDER
9,61.88,26.3,21,5,25.61,3,EASIER
12,75.37,27.5,19,4,62.66,4,EASIER
12,79.56,58.96,17,3,88.36,4,SAME
4,78.97,15.51,6,1,89.0,1,SAME
9,69.9,30.87,16,4,63.85,3,EASIER
12,86.21,22.88,15,2,78.14,4,HARDER
16,76.16,28.01,24,5,50.54,5,EASIER
12,75.76,28.75,18,4,63.52,4,SAME
12,80.79,32.87,18,3,75.51,4,EASIER
4,79.49,9.12,7,1,79.02,1,HARDER
9,90.32,24.25,11,1,90.06,3,HARDER
6,86.09,19.15,7,1,85.17,2,HARDER
4,100.0,10.97,4,0,100.0,1,HARDER
16,76.37,24.05,21,5,66.25,5,EASIER
16,80.62,22.64,21,4,83.78,5,SAME
6,75.1,23.46,11,2,73.29,2,EASIER
6,77.01,12.31,11,2,89.91,2,SAME
9,99.53,12.01,9,0,100.0,3,HARDER
6,100.0,7.64,6,0,100.0,2,HARDER
12,81.23,22.09,18,3,74.16,4,HARDER
4,66.89,21.29,6,2,77.43,1,SAME
16,66.83,38.12,32,8,25.66,5,EASIER
4,100.0,9.59,4,0,100.0,1,HARDER
6,86.45,18.0,8,1,87.13,2,SAME
16,83.69,23.03,20,3,82.94,5,HARDER
12,74.77,16.91,17,4,73.49,4,HARDER
9,74.54,18.88,16,3,69.97,3,SAME
4,100.0,16.83,4,0,100.0,1,HARDER
12,91.11,23.99,14,1,95.87,4,HARDER
12,70.75,29.4,19,5,58.15,4,SAME
12,86.31,17.3,16,2,81.07,4,HARDER
16,80.33,39.46,22,4,58.04,5,SAME
6,85.11,16.19,8,1,91.89,2,HARDER
6,66.58,22.85,10,3,86.62,2,EASIER
4,100.0,9.74,4,0,100.0,1,HARDER
4,100.0,9.3,4,0,100.0,1,HARDER
4,100.0,11.49,4,0,100.0,1,EASIER
16,70.03,34.76,27,7,45.54,5,EASIER
4,100.0,13.45,4,0,98.88,1,HARDER
9,90.82,35.07,12,1,90.1,3,HARDER
4,65.74,14.28,6,2,80.87,1,SAME
6,100.0,13.72,6,0,100.0,2,HARDER
6,68.55,41.99,15,3,58.96,2,EASIER
9,91.17,16.64,11,1,89.07,3,HARDER
6,99.7,15.35,6,0,99.27,2,HARDER
16,95.58,31.45,19,1,92.8,5,EASIER
4,79.69,17.63,6,1,85.61,1,HARDER
9,64.29,23.49,16,5,63.59,3,EASIER
4,80.03,13.08,6,1,86.54,1,HARDER
9,88.71,28.73,10,1,90.66,3,HARDER
4,79.14,13.02,6,1,100.0,1,HARDER
16,90.26,50.2,23,2,63.81,5,HARDER
16,74.99,41.02,25,5,56.5,5,EASIER
12,92.86,15.28,13,1,92.86,4,SAME
9,89.77,15.89,12,1,82.21,3,HARDER
16,83.51,22.12,20,3,88.11,5,HARDER
12,74.25,21.48,17,4,71.64,4,SAME
6,99.66,7.73,6,0,100.0,2,HARDER
6,75.75,26.61,10,2,64.47,2,SAME
9,64.15,35.28,16,5,66.5,3,EASIER
4,100.0,9.88,4,0,100.0,1,HARDER
6,99.67,18.04,6,0,87.05,2,HARDER
16,74.8,43.16,25,5,55.82,5,EASIER
6,66.88,20.63,10,3,66.15,2,EASIER
9,68.82,23.2,18,4,54.41,3,EASIER
12,91.82,27.05,14,1,85.17,4,HARDER
9,100.0,13.15,10,0,100.0,3,HARDER
16,66.56,31.67,29,8,31.68,5,EASIER
16,89.15,20.61,18,2,97.44,5,HARDER
4,100.0,10.39,4,0,100.0,1,HARDER
16,73.95,27.77,27,6,54.35,5,EASIER
12,87.72,34.45,15,2,69.72,4,HARDER
12,75.47,36.45,19,4,69.94,4,SAME
12,78.09,31.85,20,3,59.19,4,HARDER
16,62.97,61.97,32,10,0.0,5,EASIER
9,81.84,22.94,11,2,97.0,3,HARDER
9,81.94,16.1,11,2,74.12,3,HARDER
6,99.92,21.57,6,0,92.33,2,HARDER
6,99.11,16.92,8,0,89.85,2,HARDER
9,81.81,23.02,13,2,81.48,3,HARDER
16,75.67,34.69,22,5,73.37,5,SAME
4,66.3,28.88,7,2,72.39,1,EASIER
9,58.88,56.18,20,6,56.34,3,EASIER
6,66.22,22.76,10,3,68.08,2,EASIER
12,78.68,32.71,17,3,80.85,4,HARDER
6,87.26,9.16,7,1,89.65,2,HARDER
4,99.05,6.65,4,0,97.92,1,HARDER
9,100.0,18.56,9,0,100.0,3,HARDER
4,100.0,8.24,4,0,94.86,1,HARDER
6,85.92,15.11,7,1,89.12,2,HARDER
4,100.0,10.11,4,0,100.0,1,HARDER
6,85.75,14.3,7,1,91.55,2,HARDER
9,80.32,16.54,14,2,80.83,3,HARDER
12,91.23,17.58,14,1,86.8,4,HARDER
6,76.89,18.18,9,2,93.64,2,SAME
12,80.25,21.31,16,3,81.97,4,SAME
16,71.82,31.07,25,6,45.12,5,EASIER
12,59.24,44.64,24,8,39.66,4,EASIER
12,66.74,39.01,23,6,46.46,4,EASIER
9,82.02,21.44,12,2,90.74,3,SAME
12,85.0,16.3,17,2,86.55,4,HARDER
9,99.36,18.38,10,0,98.75,3,HARDER
4,66.51,17.2,9,2,88.15,1,EASIER
16,75.39,30.0,23,5,42.35,5,EASIER
9,89.45,17.67,12,1,81.65,3,HARDER
12,74.95,37.23,18,4,76.33,4,SAME
16,73.13,33.04,24,6,64.97,5,SAME
16,89.13,43.03,21,2,85.44,5,HARDER
4,100.0,19.07,4,0,100.0,1,HARDER
4,99.07,8.18,4,0,89.72,1,HARDER
6,100.0,22.62,6,0,97.71,2,HARDER
6,75.59,23.6,9,2,63.93,2,SAME
16,64.41,37.78,25,8,42.06,5,EASIER
12,71.34,34.35,18,5,64.21,4,SAME
6,98.32,10.32,6,0,100.0,2,HARDER
16,92.22,25.63,18,1,95.82,5,HARDER
4,80.75,21.65,5,1,87.79,1,HARDER
9,81.6,23.4,12,2,85.13,3,HARDER
12,100.0,23.83,14,0,82.95,4,HARDER
6,85.75,15.07,9,1,99.12,2,HARDER
4,99.36,11.33,4,0,100.0,1,HARDER
9,99.55,18.65,9,0,100.0,3,HARDER
12,76.96,35.01,18,4,59.19,4,EASIER
4,98.85,20.8,4,0,97.93,1,HARDER
16,79.19,40.07,23,4,67.94,5,SAME
9,75.89,32.13,14,3,78.17,3,EASIER
16,64.54,37.66,35,9,16.74,5,EASIER
9,81.14,15.94,13,2,81.92,3,HARDER
12,69.99,57.94,22,5,56.88,4,EASIER
16,71.49,31.32,24,6,49.5,5,EASIER
16,87.57,34.54,19,2,84.46,5,HARDER
4,80.48,14.67,5,1,91.21,1,HARDER
6,76.5,31.73,11,2,91.02,2,SAME
16,83.69,22.75,20,3,78.22,5,HARDER
6,85.13,15.95,8,1,93.96,2,EASIER
12,75.01,26.6,18,4,86.74,4,SAME
6,85.72,20.88,9,1,92.69,2,HARDER
16,65.67,51.67,28,8,47.43,5,EASIER
9,99.25,19.65,9,0,100.0,3,HARDER
9,88.18,27.03,12,1,81.78,3,HARDER
16,87.31,25.95,18,2,80.03,5,HARDER
6,99.09,13.37,7,0,90.07,2,HARDER
16,75.21,37.35,21,5,66.76,5,HARDER
12,80.03,22.1,17,3,81.93,4,SAME
16,80.26,22.32,24,4,68.02,5,SAME
4,97.95,8.47,4,0,100.0,1,HARDER
6,85.67,27.74,7,1,93.15,2,HARDER
9,99.56,11.43,9,0,94.91,3,HARDER
6,83.84,25.12,7,1,94.76,2,HARDER
16,84.15,24.67,24,3,72.33,5,SAME
6,85.1,11.2,8,1,86.48,2,HARDER
6,67.93,22.02,11,3,78.8,2,EASIER
9,81.46,30.05,13,2,86.28,3,HARDER
9,68.43,46.95,15,4,66.07,3,EASIER
12,66.46,23.63,22,6,54.25,4,EASIER
12,77.97,25.56,15,3,72.17,4,SAME
9,82.37,18.1,13,2,83.0,3,HARDER
16,61.56,52.32,32,10,18.59,5,EASIER
4,66.83,26.31,7,2,95.42,1,EASIER
12,100.0,13.65,12,0,100.0,4,HARDER
9,80.33,13.91,13,2,85.9,3,SAME
4,81.21,7.94,7,1,91.06,1,HARDER
16,85.94,23.63,21,3,78.26,5,HARDER
16,77.05,46.83,26,5,61.23,5,EASIER
16,79.72,17.05,27,4,54.19,5,SAME
9,90.03,21.11,11,1,81.22,3,HARDER
9,58.92,26.33,20,6,50.2,3,EASIER
9,89.24,31.32,11,1,77.76,3,HARDER
12,90.46,31.13,14,1,94.39,4,HARDER
4,99.22,19.96,4,0,95.58,1,HARDER
12,87.56,19.87,20,2,74.12,4,SAME
4,99.34,9.53,4,0,100.0,1,HARDER
16,69.57,39.3,29,7,45.8,5,EASIER
6,67.17,19.78,14,3,68.94,2,SAME
12,65.73,22.73,19,6,58.49,4,EASIER
9,81.65,27.56,13,2,89.84,3,HARDER
9,89.1,16.6,11,1,92.76,3,HARDER
16,84.13,21.42,22,3,66.73,5,SAME
16,78.96,33.94,22,4,84.0,5,HARDER
9,90.06,16.25,12,1,100.0,3,SAME
6,100.0,13.18,6,0,93.46,2,HARDER
4,79.4,11.17,5,1,94.75,1,HARDER
9,60.05,30.67,20,6,35.34,3,EASIER
12,83.79,23.93,14,2,97.05,4,HARDER
12,86.16,24.3,14,2,97.73,4,HARDER
6,100.0,14.96,7,0,95.4,2,HARDER
4,66.62,19.21,7,2,80.59,1,EASIER
16,84.23,26.67,19,3,69.38,5,HARDER
6,86.65,15.8,9,1,88.5,2,HARDER
12,75.74,30.93,17,4,75.58,4,SAME
16,72.08,21.75,22,6,62.09,5,EASIER
4,80.81,12.51,5,1,88.75,1,HARDER
9,82.51,17.54,13,2,70.2,3,SAME
12,74.1,31.81,18,4,50.04,4,EASIER
16,76.57,30.13,27,5,50.41,5,EASIER
12,70.6,32.46,22,5,38.26,4,EASIER
4,100.0,10.91,4,0,91.64,1,HARDER
4,56.22,24.56,11,3,74.32,1,EASIER
6,64.62,32.51,12,3,70.26,2,EASIER
9,90.32,11.37,12,1,90.62,3,HARDER
6,100.0,14.09,6,0,98.56,2,HARDER
6,98.88,12.95,6,0,96.63,2,HARDER
4,67.4,15.22,9,2,82.17,1,SAME
12,87.08,18.07,16,2,75.67,4,HARDER
4,100.0,11.47,4,0,100.0,1,HARDER
16,84.81,33.8,23,3,64.53,5,HARDER
6,85.96,13.08,9,1,85.14,2,HARDER
4,99.43,11.13,4,0,85.4,1,HARDER
4,68.29,17.41,7,2,77.9,1,SAME
6,99.17,17.83,6,0,98.65,2,HARDER
4,57.09,18.68,8,3,76.58,1,EASIER
9,83.3,19.53,11,2,97.7,3,HARDER
4,80.34,15.34,7,1,87.86,1,HARDER
12,84.83,23.38,16,2,94.23,4,HARDER
12,87.51,23.45,15,2,85.11,4,HARDER
16,88.89,28.56,20,2,88.08,5,HARDER
12,86.39,25.59,15,2,93.49,4,HARDER
9,84.46,20.46,13,2,61.57,3,HARDER
16,90.75,34.04,21,2,79.82,5,HARDER
4,79.13,10.94,6,1,92.93,1,HARDER
4,100.0,16.13,4,0,85.85,1,HARDER
4,66.87,17.15,6,2,73.57,1,EASIER
4,100.0,16.72,4,0,94.01,1,HARDER
6,86.54,16.32,7,1,95.72,2,HARDER
12,86.5,24.3,14,2,100.0,4,HARDER
16,79.83,33.73,24,4,70.57,5,HARDER
6,85.43,9.45,8,1,92.87,2,HARDER
16,82.22,19.82,22,3,73.92,5,HARDER
16,84.04,22.68,23,3,73.48,5,HARDER
4,100.0,16.33,4,0,94.9,1,HARDER
12,75.89,33.65,17,4,68.54,4,SAME
16,68.24,23.35,25,7,45.41,5,EASIER
12,99.72,15.58,12,0,98.71,4,HARDER
9,83.34,20.45,15,2,77.22,3,HARDER
9,90.36,19.43,10,1,100.0,3,HARDER
16,70.82,25.7,24,6,51.66,5,SAME
4,100.0,12.66,4,0,100.0,1,HARDER
16,58.62,55.58,33,11,9.42,5,EASIER
12,77.06,24.52,18,4,71.73,4,SAME
6,98.91,19.54,6,0,100.0,2,HARDER
4,100.0,13.03,4,0,100.0,1,HARDER
4,100.0,13.7,4,0,75.53,1,HARDER
12,85.69,24.9,19,2,82.77,4,HARDER
4,80.16,16.56,5,1,84.01,1,HARDER
12,79.23,29.89,18,3,88.0,4,SAME
9,98.09,15.68,9,0,96.49,3,HARDER
9,89.57,14.1,12,1,80.79,3,HARDER
16,68.54,32.27,26,7,45.63,5,EASIER
9,91.81,27.28,11,1,95.34,3,HARDER
12,63.04,40.15,23,7,46.04,4,EASIER
12,80.34,15.2,18,3,72.22,4,SAME
9,75.03,20.11,13,3,69.82,3,SAME
4,99.94,14.4,6,0,92.57,1,HARDER
6,100.0,16.64,6,0,100.0,2,HARDER
6,84.58,10.33,7,1,89.24,2,HARDER
4,99.73,13.93,4,0,88.67,1,HARDER
16,72.67,57.22,30,6,37.02,5,EASIER
12,93.54,18.61,13,1,100.0,4,SAME
6,85.15,16.06,8,1,79.76,2,HARDER
9,86.66,28.29,10,1,98.17,3,HARDER
9,90.05,22.43,12,1,85.62,3,HARDER
16,80.18,19.33,24,4,62.47,5,SAME
4,100.0,17.79,4,0,100.0,1,HARDER
16,72.43,42.02,25,6,49.57,5,EASIER
4,98.47,8.89,4,0,100.0,1,SAME
12,86.77,17.33,15,2,96.56,4,HARDER
4,80.7,13.89,6,1,98.44,1,HARDER
12,58.9,45.85,26,8,19.46,4,EASIER
6,86.58,12.37,7,1,95.64,2,HARDER
16,88.55,36.8,21,2,80.49,5,HARDER
12,84.92,24.15,14,2,66.89,4,HARDER
12,74.65,28.81,19,4,61.0,4,EASIER
16,76.04,33.96,22,5,73.54,5,EASIER
6,87.28,23.04,9,1,91.44,2,HARDER
16,80.32,29.94,21,4,75.89,5,HARDER
4,99.0,13.32,4,0,90.82,1,HARDER
12,75.55,34.89,19,4,74.45,4,SAME
12,69.61,28.78,21,5,60.11,4,EASIER
9,77.13,25.08,13,3,69.09,3,SAME
12,85.64,37.8,19,2,70.44,4,HARDER
4,100.0,7.27,4,0,100.0,1,HARDER
4,99.62,10.19,4,0,88.3,1,HARDER
16,89.25,30.28,24,2,83.13,5,HARDER
6,100.0,14.77,6,0,95.23,2,HARDER
4,97.67,15.68,4,0,100.0,1,HARDER
4,99.54,11.73,4,0,100.0,1,HARDER
16,75.89,43.47,23,5,53.95,5,EASIER
4,79.9,18.57,6,1,83.5,1,SAME
6,86.57,27.69,8,1,100.0,2,HARDER
16,79.48,34.09,23,5,69.34,5,SAME
16,80.05,26.82,25,4,55.23,5,EASIER
16,67.43,48.17,29,8,29.49,5,EASIER
9,75.16,20.45,13,3,77.9,3,SAME
4,80.79,16.62,5,1,89.2,1,HARDER
9,75.55,50.82,17,3,68.33,3,EASIER
16,76.15,18.03,26,5,56.36,5,SAME
16,64.1,49.03,34,9,15.11,5,EASIER
12,80.94,24.06,17,3,69.78,4,SAME
6,100.0,18.51,6,0,100.0,2,HARDER
6,100.0,13.26,6,0,79.93,2,HARDER
12,69.87,23.93,19,5,48.0,4,EASIER
9,90.11,16.73,12,1,99.93,3,HARDER
6,74.03,27.91,9,2,74.95,2,EASIER
12,79.83,26.28,19,3,74.79,4,SAME
4,80.58,18.06,6,1,93.01,1,HARDER
9,99.97,14.61,9,0,86.95,3,HARDER
9,74.07,30.11,17,3,71.77,3,SAME
6,100.0,17.21,6,0,100.0,2,HARDER
9,74.61,35.06,13,3,77.29,3,EASIER
4,99.02,15.34,4,0,99.75,1,HARDER
16,86.79,23.86,23,3,62.95,5,SAME
6,86.22,10.63,8,1,98.25,2,HARDER
4,99.52,9.4,4,0,98.1,1,HARDER
12,91.68,32.98,14,1,86.89,4,HARDER
12,100.0,19.46,16,0,100.0,4,HARDER
9,100.0,17.13,9,0,91.07,3,HARDER
16,75.93,54.4,25,5,49.14,5,EASIER
12,86.08,35.88,16,2,78.09,4,HARDER
9,82.95,22.69,12,2,77.5,3,SAME
12,85.1,13.76,15,2,77.64,4,HARDER
12,74.95,32.58,17,4,75.59,4,SAME
4,99.58,6.74,4,0,100.0,1,HARDER
9,88.9,21.48,13,1,98.35,3,HARDER
4,66.72,15.64,7,2,83.06,1,SAME
9,81.68,36.6,13,2,68.74,3,SAME
12,64.32,48.16,26,6,42.76,4,EASIER
6,85.74,18.19,7,1,92.97,2,HARDER
12,81.69,36.68,19,3,69.79,4,SAME
4,100.0,7.45,4,0,100.0,1,HARDER
12,68.34,34.58,21,6,43.92,4,EASIER
9,99.78,14.93,9,0,96.88,3,HARDER
12,61.16,30.52,25,7,26.42,4,EASIER
6,100.0,12.02,7,0,87.52,2,HARDER
16,75.82,30.55,25,5,36.47,5,EASIER
12,92.31,16.66,14,1,92.73,4,HARDER
6,84.0,17.91,9,1,100.0,2,HARDER
4,100.0,9.44,4,0,100.0,1,HARDER
6,85.66,17.79,9,1,93.56,2,HARDER
6,98.68,12.29,6,0,94.0,2,HARDER
12,92.1,22.45,13,1,89.57,4,SAME
12,86.9,18.15,14,2,87.12,4,HARDER
6,85.28,17.19,8,1,95.11,2,HARDER
9,83.33,19.14,13,2,78.63,3,HARDER
16,71.29,24.89,28,6,40.91,5,EASIER
16,75.55,70.04,24,5,60.64,5,EASIER
9,75.34,27.35,13,3,74.24,3,SAME
16,78.24,29.77,27,5,68.74,5,SAME
16,63.8,44.75,29,9,28.09,5,EASIER
12,92.7,13.64,13,1,100.0,4,HARDER
9,83.0,13.58,11,2,86.63,3,HARDER
6,75.46,23.73,10,2,85.6,2,SAME
16,69.05,57.65,29,7,35.83,5,EASIER
4,100.0,14.27,4,0,93.08,1,HARDER
9,88.3,15.97,11,1,89.07,3,HARDER
12,92.4,29.87,13,1,73.83,4,HARDER
4,65.88,11.1,8,2,86.28,1,SAME
16,69.64,34.99,30,7,38.38,5,EASIER
6,74.73,14.7,10,2,100.0,2,HARDER
4,81.76,14.12,5,1,90.8,1,HARDER
16,85.3,33.15,23,3,69.38,5,HARDER
6,66.54,23.58,13,3,81.54,2,SAME
6,85.37,11.85,7,1,100.0,2,HARDER
9,70.07,35.43,16,4,61.11,3,EASIER
9,91.91,17.28,10,1,89.28,3,HARDER
9,64.81,43.67,16,5,58.82,3,EASIER
16,93.72,24.88,18,1,98.03,5,HARDER
12,84.93,26.96,17,2,68.49,4,SAME
4,80.64,10.91,6,1,84.5,1,HARDER
16,84.03,29.01,21,3,65.27,5,SAME
6,85.84,11.93,7,1,90.2,2,HARDER
9,79.54,17.64,13,2,89.91,3,HARDER
6,100.0,13.07,6,0,94.73,2,HARDER
9,90.54,27.92,13,1,85.25,3,HARDER
12,99.26,25.47,12,0,100.0,4,HARDER
12,90.13,31.39,14,1,92.99,4,HARDER
9,89.54,17.18,11,1,78.92,3,HARDER
9,90.05,21.96,11,1,80.49,3,HARDER
4,79.91,14.87,8,1,94.19,1,HARDER
12,62.65,38.52,25,7,36.38,4,EASIER
9,100.0,17.07,9,0,86.36,3,HARDER
9,75.81,22.88,14,3,83.88,3,SAME
6,98.72,9.96,6,0,88.67,2,HARDER
12,65.82,28.74,25,6,38.03,4,EASIER
12,68.11,30.52,20,5,64.52,4,EASIER
16,68.84,24.59,29,7,38.39,5,EASIER
9,89.64,12.61,10,1,94.84,3,HARDER
6,68.1,18.18,9,3,78.91,2,SAME
4,99.08,15.1,5,0,84.55,1,HARDER
4,100.0,10.77,4,0,94.97,1,HARDER
4,99.42,8.49,4,0,93.79,1,EASIER
6,66.59,24.11,10,3,80.29,2,EASIER
4,66.21,24.11,6,2,80.22,1,SAME
12,74.72,44.22,16,4,68.91,4,SAME
6,85.59,15.86,8,1,92.15,2,HARDER
6,86.5,18.46,8,1,81.39,2,HARDER
16,70.74,61.12,31,7,38.47,5,EASIER
6,100.0,11.46,6,0,100.0,2,HARDER
16,69.29,40.29,31,7,48.54,5,EASIER
6,87.45,22.04,7,1,100.0,2,HARDER
16,79.65,30.58,23,4,66.22,5,SAME
4,99.8,9.38,5,0,97.89,1,HARDER
9,74.67,39.73,12,3,66.2,3,SAME
4,78.52,14.76,8,1,81.22,1,SAME
16,64.59,23.23,31,9,22.6,5,EASIER
12,75.05,25.99,23,4,53.51,4,SAME
9,82.62,17.0,13,2,68.4,3,HARDER
9,74.33,14.06,15,3,74.13,3,HARDER
16,76.55,38.38,23,5,51.14,5,EASIER
9,90.91,21.63,12,1,100.0,3,HARDER
16,89.05,41.73,19,2,83.68,5,HARDER
4,78.29,15.63,6,1,97.13,1,HARDER
12,85.9,30.22,17,2,73.38,4,SAME
9,74.95,20.26,14,3,78.25,3,HARDER
6,85.2,13.44,7,1,100.0,2,HARDER
9,81.52,26.91,11,2,77.63,3,SAME
12,79.83,21.88,20,3,75.66,4,HARDER
6,67.81,17.3,13,3,69.32,2,SAME
12,86.0,27.6,17,2,60.51,4,HARDER
12,78.19,46.6,17,3,66.66,4,SAME
6,100.0,9.9,6,0,100.0,2,HARDER
6,84.94,20.46,7,1,90.28,2,HARDER
16,94.49,23.82,18,1,100.0,5,HARDER
16,81.0,25.48,23,4,58.67,5,SAME
9,73.2,30.75,13,3,73.58,3,HARDER
16,75.16,54.73,26,5,51.92,5,EASIER
9,67.88,17.69,14,4,76.49,3,EASIER
16,75.38,29.35,25,5,50.6,5,EASIER
4,100.0,11.22,4,0,96.23,1,HARDER
12,91.7,22.47,15,1,95.18,4,HARDER
12,87.54,23.38,16,2,72.03,4,HARDER
9,75.15,24.93,14,3,76.85,3,SAME
12,86.28,34.91,16,2,80.31,4,HARDER
16,83.42,34.81,23,3,64.68,5,SAME
9,82.38,10.71,13,2,94.88,3,HARDER
12,92.13,19.41,16,1,76.33,4,HARDER
6,99.44,13.0,6,0,91.21,2,HARDER
16,94.0,29.21,17,1,74.4,5,HARDER
4,100.0,12.23,4,0,100.0,1,HARDER
4,78.16,13.19,6,1,100.0,1,HARDER
16,70.07,42.4,27,7,49.43,5,EASIER
16,76.76,45.35,25,5,62.07,5,EASIER
4,64.88,16.78,6,2,83.07,1,SAME
6,99.85,17.1,6,0,92.21,2,HARDER
4,80.66,19.62,5,1,100.0,1,SAME
6,86.6,12.92,8,1,91.61,2,HARDER
6,99.73,20.04,6,0,89.68,2,HARDER
4,66.74,17.9,9,2,78.51,1,SAME
4,80.01,19.82,5,1,86.65,1,HARDER
9,99.14,18.39,10,0,91.38,3,HARDER
6,75.9,30.07,8,2,100.0,2,HARDER
4,100.0,14.49,4,0,89.33,1,HARDER
9,100.0,14.65,11,0,100.0,3,HARDER
4,58.22,18.18,9,3,69.55,1,EASIER
4,80.23,13.96,6,1,75.18,1,HARDER
12,63.61,29.5,24,7,39.8,4,EASIER
4,100.0,15.2,4,0,100.0,1,HARDER
9,64.14,32.85,19,5,62.91,3,EASIER
9,69.58,21.15,18,4,55.56,3,EASIER
9,88.39,18.51,10,1,99.42,3,HARDER
12,79.86,21.11,17,3,62.45,4,SAME
4,79.73,24.04,5,1,87.74,1,HARDER
9,59.99,34.06,20,6,49.31,3,EASIER
6,87.35,9.18,8,1,89.03,2,HARDER
4,99.78,8.52,4,0,100.0,1,HARDER
6,84.45,14.14,9,1,90.38,2,HARDER
9,80.85,22.79,16,2,70.79,3,HARDER
4,98.94,13.91,4,0,100.0,1,HARDER
6,99.68,13.62,6,0,100.0,2,HARDER
12,85.61,21.79,15,2,93.11,4,HARDER
9,91.81,20.04,11,1,95.28,3,HARDER
12,69.67,22.01,19,5,58.76,4,EASIER
12,79.46,31.99,17,3,72.47,4,SAME
16,83.42,18.85,20,3,71.52,5,SAME
16,94.02,25.22,17,1,90.59,5,HARDER
16,84.91,27.84,22,3,64.66,5,HARDER
9,81.99,17.16,15,2,69.7,3,SAME
4,67.4,27.35,7,2,73.37,1,EASIER
16,87.76,25.01,24,2,68.67,5,HARDER
6,75.48,27.83,10,2,82.39,2,SAME
6,85.67,13.24,7,1,100.0,2,HARDER
12,74.64,20.55,18,4,65.47,4,SAME
4,99.22,12.48,4,0,100.0,1,HARDER
16,69.87,36.77,24,7,48.81,5,EASIER
6,85.89,19.21,8,1,80.58,2,HARDER
6,75.42,15.63,10,2,82.36,2,HARDER
6,76.19,19.07,10,2,94.6,2,HARDER
12,62.02,30.24,25,7,38.89,4,EASIER
6,98.7,12.05,7,0,87.58,2,HARDER
12,74.51,20.92,17,4,84.9,4,SAME
16,69.05,34.61,27,7,53.84,5,EASIER
6,98.84,10.69,6,0,98.67,2,HARDER
12,65.38,37.26,27,6,34.35,4,EASIER
9,91.03,25.57,10,1,97.11,3,HARDER
12,66.34,42.42,23,6,43.8,4,EASIER
9,80.4,16.81,11,2,98.71,3,HARDER
6,100.0,12.56,6,0,100.0,2,HARDER
12,92.59,21.05,13,1,100.0,4,HARDER
12,92.2,18.16,13,1,87.54,4,HARDER
4,100.0,10.62,4,0,100.0,1,HARDER
9,90.93,17.39,10,1,85.36,3,HARDER
9,100.0,19.58,9,0,91.66,3,HARDER
6,99.59,10.46,7,0,93.85,2,HARDER
4,78.15,15.17,6,1,84.41,1,HARDER
16,73.56,54.33,27,6,46.64,5,EASIER
6,86.21,14.98,10,1,82.89,2,HARDER
16,78.07,34.26,25,4,58.24,5,SAME
12,73.23,32.14,20,4,66.74,4,EASIER
12,100.0,23.39,13,0,100.0,4,HARDER
12,74.34,23.93,22,4,66.88,4,SAME
4,100.0,8.96,4,0,100.0,1,HARDER
9,98.94,24.19,9,0,100.0,3,HARDER
16,87.82,19.01,18,2,91.93,5,HARDER
12,71.58,26.81,24,5,34.45,4,EASIER
12,70.91,22.15,19,5,65.87,4,EASIER
9,76.37,24.62,12,3,96.05,3,SAME
12,80.74,21.54,15,3,98.81,4,HARDER
4,100.0,10.26,4,0,98.33,1,HARDER
9,88.09,19.82,11,1,97.28,3,HARDER
12,62.51,47.58,21,7,33.83,4,EASIER
9,82.0,9.98,15,2,72.41,3,SAME
4,67.46,25.11,6,2,74.35,1,EASIER
4,78.86,15.5,5,1,89.22,1,HARDER
4,99.15,13.24,4,0,95.19,1,HARDER
16,88.11,24.74,20,2,84.58,5,HARDER
9,69.51,15.6,13,4,66.61,3,EASIER
9,76.48,24.64,17,3,64.25,3,SAME
9,89.6,19.21,12,1,74.75,3,HARDER
9,75.6,25.75,12,3,69.54,3,SAME
4,98.55,10.6,4,0,99.68,1,HARDER
9,89.59,19.03,10,1,89.78,3,HARDER
16,80.69,29.94,25,4,62.41,5,EASIER
4,98.77,13.01,4,0,100.0,1,HARDER
4,80.59,12.24,5,1,92.48,1,HARDER
16,67.7,76.15,31,8,18.05,5,EASIER
12,85.73,49.21,14,2,84.87,4,HARDER
4,100.0,10.02,4,0,99.22,1,HARDER
4,80.34,20.18,6,1,85.03,1,HARDER
12,76.16,21.58,20,4,57.24,4,EASIER
6,72.9,19.03,9,2,86.33,2,HARDER
12,84.7,16.41,15,2,93.78,4,HARDER
9,100.0,18.2,9,0,100.0,3,HARDER
6,76.17,21.96,10,2,80.46,2,SAME
4,81.21,12.94,5,1,99.89,1,HARDER
4,99.23,17.48,4,0,92.23,1,HARDER
9,90.18,15.03,13,1,93.38,3,HARDER
6,85.45,19.74,9,1,84.95,2,HARDER
9,66.6,34.53,17,4,68.3,3,SAME
4,100.0,15.19,4,0,98.48,1,HARDER
6,84.73,17.27,7,1,83.35,2,HARDER
4,68.13,19.85,7,2,90.77,1,SAME
16,79.45,27.52,23,4,54.77,5,SAME
6,85.96,23.17,7,1,90.87,2,HARDER
9,81.82,31.24,12,2,73.86,3,SAME
12,63.63,43.33,21,7,45.59,4,EASIER
9,100.0,19.15,11,0,97.2,3,HARDER
4,100.0,16.79,4,0,90.43,1,HARDER
4,67.1,16.9,7,2,72.35,1,EASIER
16,80.12,35.45,24,4,66.2,5,EASIER
4,79.8,12.42,6,1,99.74,1,HARDER
4,79.79,13.93,6,1,92.11,1,SAME
12,93.09,28.85,13,1,99.0,4,HARDER
4,98.32,12.41,4,0,100.0,1,HARDER
6,67.64,22.98,10,3,61.59,2,EASIER
9,81.72,13.34,16,2,74.54,3,SAME
4,99.77,13.78,4,0,100.0,1,HARDER
4,100.0,10.33,5,0,93.55,1,HARDER
12,91.94,21.92,13,1,100.0,4,HARDER
9,99.17,13.27,9,0,94.46,3,HARDER
6,98.7,11.68,6,0,98.39,2,HARDER
9,89.95,14.94,14,1,91.96,3,HARDER
16,69.91,54.08,26,7,42.47,5,EASIER
9,90.03,19.68,11,1,97.91,3,HARDER
6,85.22,16.96,7,1,81.64,2,HARDER
6,100.0,24.17,6,0,89.92,2,HARDER
4,100.0,11.31,4,0,98.35,1,HARDER
12,92.55,22.19,14,1,78.31,4,HARDER
6,98.94,9.92,6,0,100.0,2,HARDER
4,98.88,12.1,4,0,100.0,1,HARDER
9,64.04,34.22,18,5,54.7,3,SAME
9,81.83,22.62,11,2,77.94,3,HARDER
9,84.19,26.52,11,2,78.26,3,HARDER
16,59.59,36.84,34,10,0.78,5,EASIER
6,86.97,25.06,7,1,84.69,2,HARDER
6,75.47,24.29,11,2,77.27,2,SAME
9,70.62,24.37,18,4,67.1,3,EASIER
4,100.0,7.29,4,0,91.39,1,HARDER
6,86.69,18.68,9,1,83.32,2,HARDER
16,71.8,18.93,24,6,49.68,5,EASIER
4,98.51,8.8,4,0,99.87,1,HARDER
16,93.34,16.08,17,1,86.01,5,HARDER
16,81.41,35.01,21,4,69.75,5,SAME
16,69.71,39.39,25,7,52.24,5,EASIER
12,85.52,22.75,16,2,83.41,4,HARDER
9,89.99,16.36,12,1,94.91,3,HARDER
4,99.81,9.31,4,0,90.3,1,HARDER
9,89.5,21.64,11,1,95.73,3,HARDER
6,98.8,13.96,7,0,100.0,2,HARDER
6,75.09,19.14,11,2,68.07,2,SAME
6,100.0,9.29,6,0,99.54,2,HARDER
12,70.41,29.08,22,5,44.22,4,EASIER
4,80.48,19.67,5,1,88.15,1,HARDER
6,75.77,21.47,9,2,90.99,2,HARDER
6,74.9,20.55,8,2,89.6,2,SAME
4,79.16,17.65,7,1,86.0,1,HARDER
6,98.92,12.01,6,0,94.04,2,HARDER
9,90.05,16.89,10,1,84.97,3,HARDER
4,100.0,14.85,4,0,97.97,1,HARDER
9,82.45,25.45,14,2,77.29,3,HARDER
9,73.79,19.81,12,3,83.29,3,HARDER
4,98.96,27.98,4,0,100.0,1,HARDER
12,80.58,24.39,19,3,78.52,4,HARDER
16,76.03,33.74,24,5,45.36,5,EASIER
4,98.99,10.13,4,0,98.9,1,HARDER
9,91.27,13.89,11,1,93.88,3,HARDER
4,80.92,18.98,5,1,97.21,1,HARDER
9,75.08,14.18,14,3,73.96,3,HARDER
4,56.95,17.95,8,3,72.66,1,EASIER
6,67.37,24.06,9,3,79.06,2,EASIER
6,74.91,19.91,12,2,85.51,2,SAME
9,75.62,27.41,12,3,66.81,3,SAME
4,100.0,9.44,4,0,99.85,1,HARDER
4,79.55,19.36,6,1,68.92,1,SAME
6,86.93,17.09,11,1,100.0,2,HARDER
16,86.08,30.45,21,3,70.2,5,EASIER
6,86.51,17.94,11,1,82.63,2,HARDER
12,84.84,25.53,16,2,84.54,4,HARDER
9,90.8,22.14,12,1,80.03,3,HARDER
12,76.22,26.86,16,4,76.84,4,SAME
6,86.01,18.17,7,1,97.59,2,HARDER
6,99.92,9.09,6,0,100.0,2,HARDER
12,85.9,15.62,16,2,94.7,4,HARDER
6,99.42,13.77,6,0,90.17,2,HARDER
6,100.0,13.79,6,0,100.0,2,HARDER
12,74.2,36.1,19,4,58.14,4,EASIER
12,80.49,27.43,15,3,80.95,4,HARDER
9,91.0,13.86,11,1,100.0,3,HARDER
9,81.48,36.45,11,2,88.84,3,HARDER
6,74.01,31.0,11,2,78.26,2,SAME
4,80.79,13.9,6,1,76.6,1,HARDER
12,84.63,19.99,18,2,73.4,4,HARDER
16,66.61,27.02,27,8,53.78,5,EASIER
9,82.31,24.38,13,2,89.35,3,HARDER
4,80.63,14.59,5,1,84.58,1,HARDER
6,84.92,13.35,8,1,88.71,2,HARDER
9,81.66,23.8,11,2,92.62,3,HARDER
9,80.61,23.69,14,2,72.12,3,SAME
4,100.0,11.95,4,0,100.0,1,HARDER
16,61.56,53.94,32,10,25.48,5,EASIER
12,69.77,29.74,22,5,52.57,4,EASIER
16,83.29,19.17,22,3,80.02,5,HARDER
9,100.0,16.0,9,0,100.0,3,HARDER
4,99.74,11.47,4,0,94.0,1,HARDER
4,98.4,9.45,4,0,100.0,1,HARDER
4,100.0,19.32,4,0,100.0,1,HARDER
16,76.66,29.63,24,5,60.58,5,HARDER
12,93.03,25.53,14,1,91.02,4,HARDER
9,99.87,15.92,9,0,92.2,3,HARDER
16,78.04,24.44,24,5,77.83,5,SAME
16,83.83,24.52,22,3,68.45,5,HARDER
16,79.88,54.01,22,4,63.09,5,SAME
12,69.79,39.17,19,5,57.64,4,EASIER
12,86.14,26.83,15,2,71.44,4,HARDER
16,70.7,56.42,29,7,26.86,5,EASIER
4,66.47,19.2,10,2,66.25,1,SAME
4,100.0,12.89,4,0,100.0,1,HARDER
4,100.0,15.1,4,0,100.0,1,HARDER
12,68.27,44.09,22,6,44.82,4,EASIER
12,92.54,29.23,13,1,93.27,4,HARDER
9,74.1,33.34,14,3,77.68,3,SAME
16,68.53,37.14,27,7,43.99,5,EASIER
4,98.58,9.38,4,0,94.15,1,HARDER
12,70.95,28.56,19,5,66.74,4,SAME
4,100.0,13.24,4,0,97.63,1,HARDER
9,69.17,28.76,19,4,54.95,3,EASIER
4,79.06,12.37,5,1,93.42,1,HARDER
4,99.67,13.47,4,0,100.0,1,HARDER
6,99.89,17.9,6,0,93.5,2,HARDER
6,66.22,20.9,12,3,67.15,2,EASIER
4,100.0,16.88,4,0,100.0,1,HARDER
12,80.99,21.41,19,3,67.42,4,SAME
12,69.84,35.1,19,5,49.01,4,EASIER
9,81.72,22.38,12,2,66.88,3,SAME
4,100.0,6.84,4,0,98.97,1,HARDER
4,78.9,15.22,6,1,86.06,1,HARDER
12,79.35,28.52,18,3,59.46,4,SAME
16,66.11,39.77,31,8,33.83,5,EASIER
4,99.87,11.05,4,0,87.33,1,HARDER
12,92.37,27.43,13,1,78.34,4,HARDER
16,71.43,37.52,26,6,54.66,5,SAME
6,99.16,10.74,6,0,100.0,2,HARDER
4,100.0,17.73,4,0,94.04,1,HARDER
12,92.13,14.85,13,1,83.05,4,HARDER
12,81.03,29.76,15,3,81.34,4,SAME
6,85.58,13.52,7,1,91.31,2,HARDER
16,83.63,25.4,21,3,71.42,5,HARDER
16,84.49,20.49,22,3,78.76,5,HARDER
12,91.13,24.49,16,1,82.85,4,HARDER
12,85.02,24.18,14,2,81.7,4,HARDER
6,100.0,21.49,6,0,85.36,2,HARDER
16,84.98,39.43,19,3,100.0,5,HARDER
6,99.75,13.8,6,0,100.0,2,HARDER
12,79.71,40.74,20,3,61.7,4,HARDER
9,70.22,24.49,18,4,61.99,3,EASIER
12,84.83,22.15,18,2,86.06,4,HARDER
6,85.94,12.17,7,1,82.62,2,HARDER
6,85.09,9.97,7,1,91.85,2,HARDER
16,81.81,27.49,20,4,82.23,5,SAME
12,79.48,25.14,16,3,73.59,4,HARDER
12,75.29,44.13,20,4,59.05,4,EASIER
4,100.0,10.89,4,0,100.0,1,HARDER
16,60.53,49.54,34,11,8.31,5,EASIER
12,68.59,36.61,19,5,68.68,4,EASIER
4,100.0,14.32,4,0,100.0,1,HARDER
6,65.62,28.11,9,3,74.45,2,EASIER
4,51.1,19.14,10,4,58.37,1,EASIER
9,99.71,9.78,10,0,89.98,3,HARDER
12,83.67,23.78,14,2,93.94,4,HARDER
16,79.89,41.01,23,4,68.65,5,EASIER
9,81.67,26.1,15,2,75.25,3,SAME
12,80.74,27.08,17,3,88.12,4,HARDER
6,100.0,13.86,6,0,97.4,2,HARDER
6,84.6,10.3,7,1,97.35,2,HARDER
16,57.6,66.98,36,12,0.0,5,EASIER
12,86.19,36.96,14,2,89.63,4,HARDER
4,100.0,9.29,4,0,92.57,1,HARDER
16,80.72,33.21,23,4,55.98,5,SAME
6,100.0,11.84,6,0,100.0,2,HARDER
16,95.27,18.4,18,1,96.6,5,HARDER
16,95.1,15.49,19,1,91.79,5,HARDER
12,83.67,29.13,16,2,81.67,4,SAME
9,100.0,17.62,9,0,100.0,3,HARDER
12,86.72,28.51,14,2,90.01,4,HARDER
9,90.81,10.92,11,1,89.06,3,HARDER
4,77.63,14.36,5,1,87.51,1,HARDER
4,78.31,9.39,7,1,91.53,1,HARDER
6,84.6,13.72,7,1,78.35,2,HARDER
16,75.75,46.73,25,5,49.05,5,EASIER
9,83.38,17.48,13,2,91.79,3,HARDER
6,86.3,17.64,8,1,91.0,2,HARDER
6,100.0,15.3,6,0,100.0,2,HARDER
6,72.92,13.49,8,2,79.0,2,SAME
6,100.0,6.62,6,0,100.0,2,HARDER
9,75.07,30.8,16,3,78.52,3,SAME
4,79.61,10.56,6,1,97.96,1,HARDER
16,84.02,31.21,20,3,78.49,5,HARDER
4,79.96,12.73,5,1,99.18,1,HARDER
12,74.55,23.18,21,4,77.48,4,SAME
12,74.05,28.63,19,4,60.63,4,SAME
12,73.54,32.62,17,4,69.27,4,SAME
16,80.83,34.84,27,4,70.11,5,SAME
4,99.32,17.14,4,0,100.0,1,HARDER
9,100.0,10.92,10,0,88.38,3,HARDER
4,56.24,15.19,8,3,73.51,1,EASIER
12,74.84,41.46,19,4,66.35,4,SAME
12,65.83,31.86,19,6,62.31,4,EASIER
16,79.34,42.5,24,4,73.5,5,EASIER
6,66.28,22.57,15,3,70.33,2,SAME
6,97.86,10.65,6,0,95.89,2,HARDER
16,72.69,40.37,28,6,40.29,5,EASIER
6,86.94,10.24,7,1,92.91,2,HARDER
16,77.2,34.4,27,5,51.27,5,EASIER
9,99.34,11.88,9,0,100.0,3,HARDER
4,100.0,11.87,4,0,92.04,1,HARDER
9,100.0,19.4,9,0,100.0,3,HARDER
4,100.0,16.57,4,0,94.84,1,HARDER
4,99.8,13.03,4,0,92.76,1,HARDER
16,64.49,34.16,27,9,41.27,5,EASIER
4,100.0,16.16,4,0,100.0,1,HARDER
4,79.5,14.08,5,1,92.6,1,HARDER
6,75.96,18.09,10,2,82.99,2,HARDER
16,70.83,34.6,26,7,35.27,5,EASIER
12,60.39,18.55,23,7,31.26,4,EASIER
12,85.98,17.36,16,2,88.43,4,HARDER
4,99.43,12.97,4,0,100.0,1,HARDER
16,61.14,54.7,33,10,18.16,5,EASIER
4,78.91,10.5,5,1,81.1,1,HARDER
4,82.8,10.72,5,1,87.69,1,HARDER
12,79.8,24.25,15,3,87.64,4,HARDER
9,64.35,36.03,18,5,39.99,3,EASIER
16,94.93,29.96,20,1,86.7,5,HARDER
6,87.08,18.95,10,1,80.07,2,HARDER
9,82.78,25.5,13,2,88.39,3,HARDER
12,78.65,17.74,19,3,81.93,4,SAME
16,87.71,21.92,21,2,99.35,5,HARDER
12,86.79,32.03,14,2,82.44,4,HARDER
4,78.62,17.26,5,1,99.28,1,SAME
16,66.87,37.06,33,8,27.56,5,EASIER
4,81.11,12.65,6,1,92.67,1,HARDER
16,89.38,21.95,24,2,74.95,5,HARDER
6,100.0,20.34,6,0,99.06,2,HARDER
6,98.97,15.5,7,0,98.88,2,HARDER
12,86.15,28.98,17,2,86.85,4,HARDER
12,93.18,14.37,14,1,91.49,4,HARDER
12,85.66,23.54,16,2,79.8,4,HARDER
9,90.04,15.45,10,1,91.67,3,HARDER
16,67.09,51.1,31,8,29.37,5,EASIER
12,80.69,23.34,17,3,69.56,4,HARDER
16,76.58,32.21,22,5,64.53,5,EASIER
4,99.17,7.02,4,0,89.12,1,HARDER
4,100.0,9.06,4,0,97.14,1,HARDER
6,74.02,24.32,9,2,80.16,2,SAME
9,63.33,25.12,22,5,54.92,3,EASIER
12,98.05,13.94,12,0,96.28,4,HARDER
16,80.61,29.28,27,4,57.2,5,HARDER
16,68.98,41.11,30,8,31.63,5,EASIER
9,69.63,21.13,16,4,50.96,3,EASIER
16,76.32,22.47,26,5,51.4,5,EASIER
9,74.83,24.67,16,3,77.15,3,SAME
6,100.0,16.59,6,0,98.1,2,HARDER
12,89.64,20.12,14,1,95.79,4,HARDER
9,76.06,22.97,15,3,92.04,3,SAME
16,74.83,44.55,31,5,49.09,5,EASIER
12,90.23,27.65,15,1,97.24,4,HARDER
16,85.21,28.95,21,3,67.23,5,SAME
16,100.0,17.07,16,0,100.0,5,HARDER
9,64.33,16.82,19,5,66.22,3,EASIER
12,80.25,27.0,17,3,73.99,4,HARDER
6,100.0,13.95,6,0,93.29,2,HARDER
12,69.6,27.41,19,5,58.9,4,EASIER
4,99.92,8.58,4,0,100.0,1,HARDER
12,82.47,17.02,17,3,80.35,4,HARDER
6,84.48,19.43,7,1,100.0,2,HARDER
6,99.05,11.06,6,0,93.11,2,HARDER
6,74.99,24.63,13,2,70.33,2,EASIER
12,75.49,28.88,18,4,77.69,4,HARDER
16,84.62,22.33,21,3,79.83,5,HARDER
6,67.73,32.5,11,3,64.85,2,EASIER
4,81.74,13.04,5,1,100.0,1,HARDER
4,99.99,9.32,4,0,100.0,1,SAME
9,82.3,17.25,12,2,92.71,3,SAME
9,90.0,15.5,10,1,95.91,3,HARDER
9,99.61,12.74,9,0,100.0,3,HARDER
4,100.0,13.74,4,0,90.05,1,HARDER
4,100.0,9.95,4,0,99.89,1,HARDER
6,86.29,13.25,8,1,89.04,2,HARDER
6,87.21,21.44,8,1,92.04,2,HARDER
12,92.59,29.91,13,1,98.45,4,HARDER
9,98.58,18.47,9,0,100.0,3,HARDER
6,86.59,23.11,8,1,93.45,2,HARDER
9,89.51,11.53,10,1,96.22,3,HARDER
16,85.56,17.64,20,3,89.2,5,HARDER
4,65.19,21.91,10,2,67.59,1,EASIER
9,82.26,20.43,14,2,65.42,3,HARDER
4,80.13,22.83,6,1,96.37,1,SAME
9,88.97,20.25,11,1,95.98,3,HARDER
16,74.52,25.41,23,5,66.92,5,SAME
9,100.0,17.76,9,0,94.82,3,HARDER
4,100.0,8.85,4,0,100.0,1,HARDER
9,68.97,29.38,19,4,54.02,3,EASIER
16,71.92,39.97,24,7,41.9,5,EASIER
4,99.68,9.96,4,0,100.0,1,HARDER
12,86.35,14.85,14,2,78.26,4,HARDER
4,100.0,19.61,4,0,90.35,1,HARDER
12,91.94,15.0,14,1,91.54,4,HARDER
6,85.3,17.62,10,1,88.12,2,HARDER
9,80.67,17.83,11,2,94.75,3,HARDER
16,78.94,43.5,20,4,78.4,5,HARDER
12,84.93,17.21,16,2,74.61,4,HARDER
9,74.57,20.0,16,3,69.28,3,HARDER
12,75.21,31.47,17,4,76.51,4,SAME
16,81.08,25.27,24,4,49.26,5,EASIER
9,99.7,20.84,9,0,92.45,3,HARDER
12,74.02,49.88,18,4,61.37,4,EASIER
9,81.95,26.77,11,2,97.39,3,HARDER
9,82.42,22.61,15,2,68.97,3,SAME
9,100.0,21.08,9,0,100.0,3,HARDER
12,79.5,27.86,19,3,84.01,4,HARDER
9,91.59,22.2,13,1,89.66,3,HARDER
12,74.51,27.51,16,4,70.57,4,SAME
16,83.89,24.14,22,3,62.78,5,HARDER
12,79.84,28.75,15,3,81.75,4,HARDER
12,74.48,22.84,20,4,62.13,4,EASIER
9,90.29,9.25,12,1,85.27,3,HARDER
12,80.89,30.35,15,3,69.99,4,SAME
12,78.76,44.21,17,3,61.72,4,EASIER
4,98.57,14.46,4,0,98.56,1,HARDER
6,85.47,19.09,8,1,97.44,2,HARDER
9,68.42,33.69,19,4,62.42,3,SAME
12,79.72,22.74,19,3,88.06,4,HARDER
9,100.0,16.63,9,0,100.0,3,HARDER
4,68.19,19.2,7,2,81.79,1,SAME
6,86.99,17.09,8,1,87.67,2,HARDER
16,79.81,42.41,21,4,63.63,5,SAME
12,74.92,26.5,22,4,52.87,4,EASIER
12,85.25,22.78,17,2,81.68,4,HARDER
12,87.43,21.34,15,2,79.26,4,HARDER
4,98.46,11.4,4,0,100.0,1,HARDER
12,92.16,19.6,13,1,94.46,4,HARDER
9,83.19,21.24,12,2,74.51,3,SAME
6,75.12,23.35,11,2,62.24,2,SAME
9,75.29,20.69,13,3,84.52,3,HARDER
16,70.68,37.9,29,7,38.01,5,EASIER
12,79.52,19.94,15,3,81.76,4,SAME
16,76.18,52.04,21,5,52.23,5,EASIER
6,86.11,18.51,7,1,91.88,2,HARDER
4,58.35,23.66,9,3,51.7,1,EASIER
16,76.24,49.96,26,5,43.39,5,EASIER
12,82.24,20.59,17,3,78.74,4,HARDER
6,75.57,20.25,11,2,70.74,2,EASIER
16,95.13,36.7,18,1,94.78,5,HARDER
12,75.55,36.32,18,4,61.73,4,SAME
4,99.5,15.47,4,0,100.0,1,HARDER
12,79.7,19.52,16,3,88.37,4,HARDER
9,75.06,19.91,16,3,58.63,3,EASIER
12,93.29,27.72,13,1,99.9,4,HARDER
4,100.0,5.27,4,0,100.0,1,HARDER
16,83.14,21.3,23,3,71.56,5,HARDER
12,81.05,38.4,17,3,79.32,4,HARDER
4,79.09,13.98,5,1,100.0,1,HARDER
4,65.09,25.69,8,2,79.3,1,EASIER
9,89.65,19.41,10,1,85.77,3,HARDER
12,85.7,26.36,14,2,92.54,4,HARDER
16,88.91,18.96,18,2,90.09,5,HARDER
9,70.88,38.55,15,4,67.1,3,EASIER
4,99.88,10.24,4,0,100.0,1,HARDER
6,85.59,18.08,8,1,83.6,2,HARDER
9,81.07,20.01,13,2,80.44,3,HARDER
16,70.74,58.22,28,7,31.18,5,EASIER
12,79.27,25.42,20,3,55.58,4,SAME
4,99.11,9.0,4,0,100.0,1,HARDER
12,100.0,14.05,13,0,92.91,4,HARDER
12,69.08,27.21,21,5,49.32,4,EASIER
4,80.16,12.81,5,1,88.65,1,HARDER
9,79.46,22.58,12,2,84.77,3,HARDER
4,99.73,9.97,4,0,88.33,1,HARDER
6,99.81,15.51,6,0,100.0,2,HARDER
4,80.26,14.12,8,1,85.06,1,HARDER
16,77.28,36.15,24,5,56.03,5,EASIER
12,75.63,24.81,17,4,70.67,4,SAME
4,99.92,22.54,4,0,100.0,1,HARDER
16,74.55,34.49,26,5,50.13,5,EASIER
4,100.0,6.17,4,0,95.8,1,HARDER
9,76.8,31.62,14,3,77.97,3,EASIER
4,98.91,14.22,4,0,89.47,1,HARDER
4,99.03,13.96,4,0,100.0,1,HARDER
9,81.39,13.52,12,2,75.68,3,HARDER
4,100.0,9.97,4,0,100.0,1,HARDER
9,63.48,27.44,16,5,60.95,3,EASIER
4,80.26,17.87,6,1,91.9,1,HARDER
16,88.69,23.04,19,2,85.07,5,HARDER
12,81.08,36.39,16,3,90.08,4,HARDER
12,90.64,14.43,14,1,84.98,4,HARDER
12,94.59,16.85,13,1,95.79,4,HARDER
12,85.92,18.86,15,2,94.06,4,HARDER
12,74.91,11.9,17,4,77.88,4,SAME
16,76.44,36.56,22,5,58.32,5,HARDER
12,85.77,22.58,16,2,80.97,4,HARDER
4,79.14,16.93,5,1,100.0,1,HARDER
9,83.18,25.39,12,2,81.59,3,HARDER
6,100.0,15.12,6,0,100.0,2,HARDER
16,73.89,55.94,27,6,49.52,5,EASIER
12,67.51,42.59,23,6,29.26,4,EASIER
6,86.36,15.26,7,1,81.49,2,HARDER
6,100.0,15.85,6,0,97.42,2,HARDER
9,69.52,21.72,15,4,62.88,3,SAME
4,100.0,9.15,5,0,99.64,1,HARDER
16,65.88,41.13,33,8,22.95,5,EASIER
4,99.35,11.59,4,0,100.0,1,HARDER
4,99.22,8.42,4,0,100.0,1,HARDER
4,79.75,37.47,8,1,83.82,1,SAME
9,81.74,24.64,12,2,73.84,3,HARDER
9,100.0,15.23,10,0,94.04,3,HARDER
4,66.96,18.7,7,2,80.24,1,SAME
9,73.89,22.81,13,3,73.89,3,SAME
4,100.0,15.89,4,0,88.89,1,HARDER
12,75.64,17.94,17,4,73.04,4,SAME
6,75.63,8.26,9,2,87.4,2,SAME
6,99.09,16.53,6,0,91.38,2,SAME
4,79.82,30.49,7,1,100.0,1,SAME
16,78.84,23.78,23,4,73.32,5,HARDER
12,73.83,22.64,19,4,65.63,4,SAME
6,66.59,22.81,12,3,70.57,2,EASIER
16,62.61,48.51,32,9,20.62,5,EASIER
16,60.79,39.8,43,10,9.19,5,EASIER
9,80.7,22.87,12,2,80.54,3,HARDER
9,75.09,24.35,14,3,63.72,3,EASIER
12,92.44,12.46,14,1,100.0,4,HARDER
16,88.67,29.16,22,2,83.13,5,HARDER
12,67.15,40.92,22,6,41.74,4,EASIER
16,69.05,60.02,27,7,34.61,5,EASIER
9,81.47,22.78,16,2,85.55,3,SAME
4,100.0,10.18,4,0,100.0,1,HARDER
4,100.0,6.61,5,0,100.0,1,HARDER
6,61.61,35.37,15,4,75.39,2,EASIER
4,100.0,14.13,5,0,100.0,1,HARDER
9,81.5,18.23,14,2,77.03,3,SAME
6,73.82,23.38,10,2,75.6,2,SAME
4,100.0,6.34,4,0,100.0,1,HARDER
6,75.0,19.68,8,2,86.86,2,SAME
4,99.11,13.1,4,0,95.53,1,HARDER
6,99.29,15.14,6,0,100.0,2,HARDER
9,81.23,24.11,13,2,69.92,3,SAME
4,55.82,9.57,9,3,75.52,1,EASIER
16,80.56,21.93,25,4,75.25,5,SAME
12,91.21,21.16,15,1,86.88,4,HARDER
6,87.03,12.12,9,1,100.0,2,HARDER
9,90.52,25.09,10,1,92.21,3,HARDER
12,80.22,29.41,16,3,77.34,4,SAME
4,80.56,28.79,6,1,93.11,1,HARDER
16,64.31,32.66,33,9,22.09,5,EASIER
16,79.76,30.55,26,4,52.94,5,EASIER
16,84.92,20.69,20,3,78.11,5,HARDER
12,80.64,33.48,18,3,62.75,4,SAME
4,67.01,12.0,8,2,87.65,1,EASIER
9,91.74,20.12,10,1,99.61,3,HARDER
9,89.91,24.81,11,1,86.06,3,HARDER
6,99.57,14.54,6,0,100.0,2,HARDER
9,90.26,17.32,11,1,88.92,3,HARDER
9,76.12,20.7,16,3,80.59,3,SAME
4,66.14,24.83,6,2,77.57,1,EASIER
4,81.16,19.06,5,1,82.79,1,HARDER
9,90.43,26.23,11,1,95.37,3,HARDER
4,100.0,11.68,4,0,99.32,1,HARDER
4,65.87,13.4,6,2,74.99,1,SAME
9,82.4,25.45,12,2,89.09,3,HARDER
6,75.48,20.99,11,2,81.97,2,HARDER
16,100.0,22.5,18,0,100.0,5,HARDER
4,100.0,13.77,5,0,99.84,1,HARDER
9,75.01,26.11,13,3,71.56,3,EASIER
12,98.16,24.03,13,0,96.96,4,HARDER
16,81.5,23.07,25,4,70.05,5,HARDER
6,100.0,12.56,6,0,100.0,2,HARDER
12,70.72,35.95,18,5,65.56,4,EASIER
9,70.42,33.58,13,4,73.67,3,EASIER
6,98.18,11.42,7,0,100.0,2,HARDER
12,70.3,36.15,22,5,49.72,4,EASIER
12,63.04,30.98,24,7,37.96,4,EASIER
6,84.83,8.39,7,1,100.0,2,HARDER
16,80.47,45.94,23,4,67.34,5,SAME
16,64.76,47.4,32,9,9.26,5,EASIER
4,80.39,13.25,7,1,100.0,1,HARDER
4,100.0,16.2,4,0,89.62,1,HARDER
12,79.89,26.38,17,3,74.52,4,HARDER
12,86.54,21.67,14,2,77.47,4,HARDER
16,65.41,46.57,28,8,40.82,5,EASIER
4,100.0,12.14,4,0,95.86,1,HARDER
12,78.61,32.75,17,3,66.31,4,SAME
9,83.11,25.45,13,2,84.47,3,HARDER
6,85.75,16.69,8,1,95.11,2,HARDER
4,100.0,16.72,5,0,100.0,1,HARDER
6,100.0,15.32,6,0,100.0,2,HARDER
4,81.13,18.42,5,1,93.72,1,HARDER
4,100.0,13.51,4,0,91.65,1,HARDER
9,63.43,26.62,16,5,61.73,3,EASIER
12,70.14,31.69,21,5,57.01,4,SAME
4,99.12,10.95,4,0,100.0,1,HARDER
9,100.0,19.77,10,0,89.31,3,HARDER
4,100.0,11.31,4,0,100.0,1,HARDER
12,80.75,21.84,19,3,63.94,4,HARDER
12,78.7,26.91,19,3,62.89,4,SAME
4,79.04,7.59,5,1,85.7,1,HARDER
9,88.89,15.66,10,1,93.73,3,HARDER
16,62.27,41.07,33,10,3.97,5,EASIER
16,75.91,36.03,24,5,48.27,5,EASIER
4,79.4,18.44,5,1,93.07,1,HARDER
9,83.24,24.96,11,2,74.03,3,HARDER
16,92.78,28.41,18,1,97.09,5,HARDER
6,100.0,13.38,6,0,100.0,2,HARDER
16,80.3,49.26,23,4,63.1,5,SAME
4,100.0,13.67,4,0,98.46,1,HARDER
4,100.0,20.97,4,0,100.0,1,HARDER
4,99.42,11.5,4,0,100.0,1,HARDER
4,81.21,13.26,5,1,96.21,1,HARDER
6,73.69,23.34,9,2,88.95,2,HARDER
12,81.21,25.69,19,3,81.41,4,SAME
6,99.86,13.03,6,0,100.0,2,HARDER
9,81.35,17.93,11,2,99.66,3,HARDER
4,67.65,23.68,6,2,73.22,1,HARDER
12,85.53,15.03,17,2,82.34,4,HARDER
4,79.47,15.43,5,1,99.9,1,HARDER
6,87.28,11.06,8,1,94.5,2,HARDER
4,99.69,10.15,4,0,97.7,1,HARDER
9,82.62,22.36,12,2,75.15,3,SAME
6,100.0,17.22,6,0,100.0,2,HARDER
16,75.39,41.89,29,5,53.99,5,EASIER
6,83.25,14.53,8,1,86.41,2,HARDER
16,69.59,23.73,25,7,42.78,5,EASIER
9,82.14,14.69,11,2,76.34,3,SAME
6,73.62,15.72,9,2,79.91,2,HARDER
16,80.01,40.82,23,4,68.55,5,EASIER
9,91.08,22.78,11,1,100.0,3,HARDER
9,74.88,23.19,14,3,71.77,3,SAME
9,98.01,20.1,11,0,88.12,3,HARDER
4,100.0,15.49,4,0,94.05,1,HARDER
6,75.0,17.31,8,2,75.93,2,SAME
16,79.88,21.7,25,4,57.39,5,SAME
4,99.36,13.34,4,0,93.65,1,HARDER
16,59.06,47.49,33,11,11.09,5,SAME
6,97.91,8.66,6,0,100.0,2,HARDER
6,100.0,14.17,6,0,100.0,2,HARDER
9,75.41,22.27,15,3,72.33,3,SAME
16,76.49,53.73,26,5,61.37,5,EASIER
16,78.26,24.7,28,4,64.36,5,HARDER
9,89.16,16.43,10,1,91.61,3,HARDER
9,74.83,32.37,12,3,84.02,3,SAME
6,100.0,11.08,7,0,100.0,2,HARDER
12,92.01,16.32,16,1,85.7,4,HARDER
6,85.02,15.96,7,1,79.19,2,EASIER
16,79.19,41.84,23,4,76.01,5,EASIER
16,79.16,27.82,20,4,72.05,5,HARDER
16,84.73,24.61,23,3,67.3,5,HARDER
9,76.84,32.67,15,3,83.17,3,SAME
6,85.64,17.69,9,1,82.72,2,HARDER
4,65.65,17.31,7,2,74.89,1,EASIER
9,99.6,17.43,10,0,100.0,3,HARDER
9,80.22,36.6,12,2,75.11,3,EASIER
12,84.52,25.84,16,2,81.25,4,SAME
12,74.78,33.03,19,4,72.41,4,SAME
4,100.0,10.89,4,0,100.0,1,HARDER
16,84.54,21.52,22,3,74.09,5,HARDER
9,81.98,13.98,15,2,77.71,3,HARDER
16,81.55,36.39,23,4,64.15,5,SAME
6,77.08,15.86,8,2,83.65,2,HARDER
16,61.99,48.75,33,10,5.62,5,EASIER
12,85.87,22.14,16,2,93.31,4,HARDER
9,81.01,20.14,13,2,88.85,3,HARDER
16,72.06,42.55,26,6,47.74,5,EASIER
12,69.8,33.71,22,5,63.73,4,EASIER
4,100.0,13.48,4,0,97.37,1,HARDER
12,86.27,19.57,16,2,89.92,4,HARDER
12,69.47,30.14,23,5,52.28,4,EASIER
9,82.27,14.41,14,2,65.57,3,HARDER
4,100.0,26.62,4,0,100.0,1,EASIER
6,84.48,11.54,7,1,100.0,2,HARDER
16,64.45,46.8,34,9,26.54,5,EASIER
6,99.12,12.99,6,0,91.39,2,HARDER
12,74.61,37.83,20,4,64.52,4,SAME
6,85.1,22.58,7,1,81.38,2,HARDER
16,89.59,27.55,21,2,88.72,5,HARDER
9,52.1,40.18,26,8,24.47,3,EASIER
6,86.38,18.37,7,1,92.51,2,HARDER
12,86.32,25.13,17,2,80.85,4,HARDER
9,81.17,21.2,11,2,86.29,3,HARDER
6,82.71,8.74,8,1,96.53,2,HARDER
4,79.89,10.28,5,1,95.63,1,EASIER
4,79.3,13.38,5,1,99.52,1,HARDER
16,71.29,27.67,26,6,49.63,5,EASIER
6,85.51,10.01,8,1,97.67,2,HARDER
12,92.99,18.53,17,1,90.22,4,HARDER
16,79.22,35.45,23,4,71.58,5,EASIER
16,65.18,62.99,29,8,32.0,5,EASIER
6,100.0,11.11,6,0,100.0,2,HARDER
9,100.0,19.47,9,0,93.83,3,HARDER
9,89.32,22.89,12,1,95.37,3,HARDER
9,82.18,21.15,11,2,89.45,3,HARDER
6,100.0,10.2,6,0,100.0,2,HARDER
9,99.19,9.89,9,0,99.95,3,HARDER
4,100.0,10.46,4,0,100.0,1,HARDER
9,81.38,18.58,12,2,74.96,3,HARDER
9,80.76,38.07,11,2,81.21,3,SAME
9,88.75,22.7,10,1,100.0,3,HARDER
4,98.79,10.91,4,0,100.0,1,HARDER
9,83.76,21.97,15,2,70.85,3,HARDER
16,80.41,24.72,27,4,79.11,5,SAME
6,100.0,19.08,6,0,100.0,2,HARDER
6,100.0,15.24,6,0,100.0,2,HARDER
16,89.82,22.41,22,2,75.82,5,HARDER
16,94.79,33.19,17,1,94.73,5,HARDER
6,100.0,9.72,7,0,100.0,2,HARDER
9,76.72,25.98,15,3,77.26,3,SAME
9,100.0,17.98,13,0,100.0,3,HARDER
16,84.76,24.81,20,3,89.61,5,HARDER
4,79.24,14.42,6,1,87.99,1,SAME
12,68.61,48.03,25,6,40.89,4,EASIER
6,100.0,12.6,6,0,91.76,2,HARDER
6,85.91,30.11,7,1,100.0,2,HARDER
12,75.56,30.62,17,4,78.08,4,SAME
6,99.89,18.86,6,0,100.0,2,HARDER
4,99.28,11.35,5,0,100.0,1,HARDER
4,100.0,13.22,4,0,96.21,1,HARDER
12,99.37,20.86,13,0,99.2,4,HARDER
16,80.54,13.29,24,4,64.91,5,SAME
4,81.09,10.58,6,1,90.18,1,HARDER
16,78.77,24.66,25,4,74.67,5,SAME
12,70.74,30.37,20,5,64.14,4,EASIER
16,68.96,59.02,27,7,60.23,5,EASIER
9,99.77,15.45,10,0,98.87,3,HARDER
6,100.0,16.28,7,0,92.58,2,HARDER
4,100.0,9.68,5,0,95.11,1,HARDER
12,86.88,22.09,15,2,79.92,4,HARDER
9,74.54,32.34,13,3,61.96,3,EASIER
6,66.32,25.8,11,3,66.73,2,EASIER
12,93.94,14.74,15,1,89.26,4,HARDER
12,86.37,35.88,19,2,76.22,4,HARDER
12,78.96,23.92,21,3,59.86,4,SAME
4,80.35,20.85,5,1,93.51,1,HARDER
4,66.15,18.78,7,2,79.01,1,SAME
16,59.57,72.86,31,11,1.03,5,EASIER
6,86.03,13.77,7,1,100.0,2,HARDER
9,75.9,24.54,13,3,73.66,3,SAME
16,67.76,25.46,30,8,35.47,5,EASIER
12,79.63,26.08,15,3,82.98,4,SAME
9,91.23,28.07,10,1,80.41,3,HARDER
16,71.23,35.0,26,6,45.37,5,EASIER
6,84.01,13.69,7,1,93.59,2,HARDER
16,75.41,32.18,26,5,53.31,5,EASIER
4,79.4,8.64,5,1,86.41,1,HARDER
12,70.29,37.32,20,5,38.01,4,EASIER
16,67.85,46.24,31,8,21.22,5,EASIER
4,78.87,20.11,6,1,88.02,1,HARDER
9,74.25,36.9,12,3,59.67,3,SAME
12,86.05,24.15,14,2,99.22,4,HARDER
12,80.38,19.34,17,3,66.48,4,HARDER
16,72.34,45.72,27,6,49.22,5,EASIER
4,80.96,8.7,6,1,100.0,1,HARDER
12,99.93,12.8,14,0,96.29,4,HARDER
9,100.0,21.63,10,0,100.0,3,HARDER
4,80.4,23.97,5,1,92.74,1,SAME
16,74.6,28.25,24,6,51.46,5,SAME
9,99.59,18.5,11,0,100.0,3,HARDER
12,69.79,29.11,18,5,71.94,4,EASIER
6,100.0,12.14,6,0,99.46,2,HARDER
9,79.34,35.07,15,2,76.25,3,HARDER
9,69.62,23.83,18,4,75.1,3,SAME
16,88.54,34.51,20,2,80.06,5,SAME
9,90.17,28.6,13,1,82.53,3,HARDER
4,80.04,13.43,5,1,94.1,1,HARDER
9,69.57,28.73,15,4,73.96,3,SAME
12,98.38,18.08,14,0,100.0,4,HARDER
12,92.58,31.2,15,1,85.21,4,HARDER
12,74.74,18.75,19,4,63.17,4,EASIER
16,68.91,44.36,27,7,38.96,5,EASIER
12,80.92,26.37,16,3,68.78,4,HARDER
6,99.78,9.97,7,0,93.95,2,HARDER
4,100.0,9.76,4,0,100.0,1,HARDER
16,85.57,32.7,22,3,66.89,5,HARDER
4,100.0,9.32,4,0,99.74,1,HARDER
4,100.0,10.42,4,0,100.0,1,HARDER
9,75.75,31.44,14,3,82.07,3,SAME
16,75.25,28.23,23,5,56.85,5,HARDER
16,84.45,34.23,20,3,63.12,5,HARDER
6,100.0,13.72,6,0,91.81,2,HARDER
6,86.21,27.28,8,1,91.81,2,HARDER
9,88.74,20.92,10,1,95.91,3,HARDER
9,91.42,12.41,11,1,74.68,3,HARDER
9,88.73,21.34,11,1,91.67,3,HARDER
12,79.39,22.94,17,3,64.84,4,SAME
16,72.97,43.13,27,6,38.58,5,EASIER
12,85.09,26.12,19,2,80.11,4,HARDER
12,87.09,19.98,15,2,94.47,4,HARDER
9,100.0,22.84,10,0,100.0,3,HARDER
16,64.32,78.61,29,9,19.66,5,EASIER
4,98.91,12.33,4,0,100.0,1,HARDER
9,74.94,34.81,13,3,83.09,3,SAME
9,75.07,31.62,16,3,48.64,3,HARDER
16,85.1,23.5,19,3,89.1,5,HARDER
16,76.3,38.86,24,5,58.02,5,EASIER
12,63.3,42.6,23,7,49.78,4,EASIER
12,75.78,34.4,20,4,61.52,4,SAME
4,98.89,10.4,4,0,96.49,1,HARDER
6,85.83,9.75,7,1,100.0,2,HARDER
9,100.0,16.78,9,0,100.0,3,HARDER
6,100.0,20.09,6,0,98.88,2,HARDER
16,69.52,30.12,27,7,40.63,5,EASIER
4,99.89,10.4,4,0,99.68,1,HARDER
4,78.26,19.34,5,1,89.59,1,HARDER
12,93.13,18.77,13,1,96.14,4,HARDER
9,75.29,25.41,13,3,85.62,3,HARDER
12,79.62,28.29,18,3,63.44,4,SAME
16,70.05,29.01,31,7,37.14,5,EASIER
16,84.82,29.78,20,3,89.59,5,HARDER
16,70.32,49.92,28,7,48.13,5,EASIER
9,81.23,19.67,13,2,76.14,3,SAME
9,74.85,23.78,15,3,83.22,3,EASIER
6,86.54,13.0,9,1,85.03,2,HARDER
12,69.09,35.54,20,5,65.48,4,EASIER
16,84.98,33.59,24,3,67.05,5,SAME
16,79.35,17.25,23,4,69.36,5,SAME
12,85.7,18.98,16,2,72.55,4,HARDER
4,99.93,13.18,4,0,100.0,1,HARDER
12,70.4,25.27,20,5,57.2,4,EASIER
16,88.86,27.89,22,2,85.18,5,HARDER
16,65.86,32.56,33,8,17.78,5,EASIER
9,67.88,21.34,15,4,58.23,3,EASIER
6,84.0,19.98,7,1,100.0,2,HARDER
16,66.52,37.81,35,8,15.0,5,EASIER
12,52.03,28.56,35,11,0.0,4,EASIER
12,70.61,25.89,20,5,57.99,4,EASIER
4,79.42,19.95,5,1,100.0,1,HARDER
16,81.95,30.95,24,4,61.24,5,SAME
12,87.19,22.95,17,2,88.11,4,HARDER
9,81.74,15.44,15,2,85.97,3,HARDER
12,90.26,23.35,14,1,91.64,4,HARDER
9,81.7,18.54,13,2,73.21,3,HARDER
6,100.0,12.83,6,0,98.48,2,HARDER
16,80.53,34.6,24,4,63.49,5,HARDER
4,79.92,7.7,6,1,97.17,1,HARDER
9,83.46,24.23,13,2,70.89,3,HARDER
16,88.3,27.04,18,2,90.5,5,HARDER
9,100.0,26.95,11,0,95.62,3,HARDER
4,99.9,15.84,4,0,99.57,1,HARDER
16,80.99,26.88,23,4,53.82,5,SAME
12,86.37,23.15,14,2,83.72,4,HARDER
6,73.74,18.86,9,2,89.49,2,HARDER
4,81.11,14.47,5,1,94.42,1,HARDER
6,86.23,21.91,8,1,84.44,2,HARDER
9,89.49,19.81,10,1,98.9,3,HARDER
4,78.56,9.5,6,1,93.31,1,HARDER
4,80.69,13.4,6,1,100.0,1,HARDER
6,66.58,28.37,11,3,60.54,2,EASIER
16,80.39,51.91,24,4,52.99,5,SAME
9,98.19,8.7,9,0,93.22,3,HARDER
12,100.0,14.61,12,0,87.62,4,HARDER
6,86.15,24.05,8,1,84.57,2,HARDER
12,60.25,39.11,27,8,38.33,4,EASIER
4,80.19,18.89,6,1,91.31,1,HARDER
4,67.82,14.42,6,2,77.37,1,SAME
6,100.0,10.39,6,0,97.61,2,HARDER
12,100.0,24.46,13,0,100.0,4,HARDER
9,81.92,12.58,13,2,86.98,3,HARDER
9,81.74,22.96,13,2,86.28,3,HARDER
12,84.98,15.0,15,2,87.21,4,HARDER
12,75.33,34.2,17,4,46.99,4,EASIER
4,100.0,15.92,4,0,86.77,1,HARDER
12,92.99,22.24,14,1,93.12,4,HARDER
6,99.74,18.51,6,0,100.0,2,HARDER
4,99.64,12.36,4,0,100.0,1,HARDER
16,76.12,32.71,24,5,68.04,5,EASIER
6,75.02,25.56,8,2,87.18,2,EASIER
4,78.97,9.5,6,1,80.3,1,HARDER
12,73.84,28.19,21,4,56.25,4,EASIER
16,100.0,19.75,16,0,97.97,5,HARDER
12,93.38,27.31,13,1,100.0,4,HARDER
16,78.46,31.21,22,4,68.97,5,SAME
12,84.65,32.52,14,2,79.52,4,HARDER
4,100.0,8.04,4,0,86.89,1,HARDER
9,76.66,22.41,13,3,86.16,3,HARDER
12,85.44,32.56,15,2,83.63,4,HARDER
4,69.05,20.54,6,2,80.86,1,HARDER
16,79.62,29.99,23,4,64.16,5,SAME
16,78.94,36.75,24,4,66.86,5,SAME
6,66.37,32.06,9,3,83.87,2,EASIER
6,85.64,17.84,7,1,84.33,2,HARDER
12,85.65,23.93,16,2,95.57,4,HARDER
9,90.23,19.56,11,1,96.14,3,HARDER
6,84.7,22.75,7,1,97.8,2,HARDER
4,99.79,12.27,4,0,99.06,1,HARDER
12,80.56,28.68,19,3,61.21,4,HARDER
9,74.57,21.65,14,3,77.76,3,SAME
4,99.85,10.66,4,0,96.59,1,HARDER
12,100.0,20.95,12,0,99.28,4,HARDER
6,86.15,11.72,8,1,84.64,2,HARDER
6,99.18,11.86,6,0,100.0,2,HARDER
12,86.05,22.59,16,2,80.84,4,HARDER
9,98.36,20.62,9,0,97.93,3,HARDER
4,78.23,18.15,6,1,100.0,1,HARDER
16,79.29,29.53,23,4,67.2,5,EASIER
6,86.87,16.86,7,1,90.88,2,HARDER
16,79.63,33.41,22,4,61.97,5,SAME
16,74.17,39.19,24,5,62.49,5,EASIER
9,81.24,21.05,13,2,71.37,3,HARDER
6,83.52,17.8,9,1,88.44,2,HARDER
12,66.21,25.65,21,6,53.46,4,EASIER
16,64.07,55.69,31,9,31.19,5,EASIER
16,78.96,28.43,22,4,67.02,5,SAME
4,100.0,10.09,4,0,100.0,1,HARDER
9,90.54,18.96,10,1,92.95,3,HARDER
16,66.89,46.96,24,7,56.67,5,EASIER
9,99.64,13.12,9,0,100.0,3,HARDER
16,88.5,26.49,21,2,88.82,5,HARDER
9,80.15,26.17,12,2,83.03,3,HARDER
6,100.0,14.4,6,0,93.59,2,HARDER
12,84.49,21.56,16,2,87.98,4,HARDER
9,75.35,17.18,15,3,75.68,3,HARDER
16,84.81,25.58,22,3,70.92,5,HARDER
6,98.88,11.7,7,0,100.0,2,HARDER
9,76.34,27.6,13,3,77.35,3,SAME
16,64.94,57.16,29,9,28.22,5,EASIER
12,63.64,35.17,22,7,40.03,4,EASIER
6,100.0,6.76,6,0,95.65,2,HARDER
12,83.46,29.48,15,2,75.82,4,HARDER
12,84.23,31.75,15,2,78.59,4,HARDER
6,75.48,25.97,9,2,75.71,2,HARDER
6,74.82,20.19,8,2,97.38,2,HARDER
6,99.4,17.24,6,0,82.98,2,HARDER
4,79.39,10.92,7,1,92.64,1,HARDER
12,67.94,28.63,25,6,41.71,4,HARDER
4,79.49,13.76,5,1,95.63,1,HARDER
4,99.07,11.47,4,0,100.0,1,HARDER
12,91.03,18.32,14,1,94.54,4,HARDER
9,89.23,24.14,10,1,99.54,3,HARDER
6,86.53,10.04,8,1,87.7,2,HARDER
9,82.28,23.9,12,2,80.97,3,SAME
16,69.43,38.76,27,7,42.4,5,EASIER
6,86.55,12.93,7,1,94.86,2,HARDER
9,74.75,36.33,17,3,69.3,3,EASIER
9,67.94,25.97,14,4,71.03,3,SAME
16,63.88,44.68,36,9,8.28,5,EASIER
9,90.32,16.91,10,1,84.0,3,HARDER
4,67.83,16.59,7,2,75.87,1,EASIER
16,73.36,19.15,28,6,55.46,5,EASIER
9,100.0,19.35,9,0,91.53,3,HARDER
4,100.0,12.85,4,0,93.2,1,HARDER
12,74.09,22.48,22,4,51.65,4,EASIER
12,80.12,26.37,17,3,70.09,4,EASIER
4,100.0,9.81,5,0,98.7,1,HARDER
6,99.78,13.56,6,0,100.0,2,HARDER
6,84.47,14.76,8,1,80.64,2,HARDER
16,88.46,28.11,20,2,91.8,5,HARDER
4,99.28,16.98,4,0,100.0,1,HARDER
16,91.05,23.84,17,1,89.7,5,HARDER
4,99.03,12.65,4,0,100.0,1,HARDER
9,90.21,14.66,11,1,90.04,3,HARDER
4,100.0,11.86,6,0,100.0,1,HARDER
4,81.05,14.21,5,1,99.98,1,HARDER
6,73.81,20.58,9,2,65.61,2,SAME
9,63.05,17.9,17,5,64.67,3,EASIER
12,85.06,27.35,14,2,87.03,4,HARDER
12,72.37,24.41,22,5,57.61,4,EASIER
6,74.04,14.5,9,2,94.65,2,SAME
6,86.71,16.14,9,1,82.49,2,HARDER
9,81.14,46.8,12,2,78.33,3,SAME
6,73.44,11.53,8,2,77.41,2,EASIER
9,99.26,18.93,9,0,99.39,3,HARDER
9,89.54,28.79,10,1,100.0,3,HARDER
16,69.54,36.74,25,7,43.19,5,EASIER
9,80.51,14.96,11,2,77.3,3,HARDER
4,100.0,14.92,4,0,99.74,1,HARDER
12,70.39,23.69,19,5,67.46,4,EASIER
6,74.55,18.72,11,2,73.51,2,HARDER
16,80.42,21.64,23,4,70.54,5,HARDER
9,63.77,27.28,20,5,67.68,3,EASIER
6,86.86,14.34,7,1,98.38,2,HARDER
4,79.82,18.1,5,1,94.92,1,HARDER
6,58.65,20.5,13,4,79.16,2,EASIER
9,73.59,15.91,16,3,68.92,3,SAME
6,99.48,12.99,6,0,100.0,2,HARDER
12,65.94,22.06,19,6,61.28,4,EASIER
16,70.23,49.56,28,7,40.44,5,SAME
4,98.23,11.13,4,0,100.0,1,HARDER
4,79.02,14.06,7,1,95.9,1,HARDER
16,68.89,37.81,27,7,41.78,5,EASIER
16,76.0,36.28,23,5,64.52,5,SAME
9,76.04,21.29,17,3,73.54,3,SAME
16,94.91,13.42,18,1,100.0,5,HARDER
12,78.36,20.49,17,3,83.97,4,HARDER
12,70.86,30.22,18,5,52.31,4,EASIER
9,100.0,23.2,9,0,100.0,3,HARDER
16,68.78,32.46,27,7,50.69,5,EASIER
6,86.1,14.03,8,1,92.2,2,HARDER
12,91.51,14.95,14,1,86.89,4,HARDER
9,80.2,23.39,11,2,77.73,3,EASIER
9,90.17,22.63,10,1,84.24,3,HARDER
6,75.26,22.09,11,2,74.77,2,EASIER
4,100.0,16.02,4,0,100.0,1,HARDER
9,89.1,14.03,10,1,98.12,3,HARDER
9,81.09,34.08,15,2,84.23,3,SAME
6,84.88,20.17,8,1,100.0,2,HARDER
4,57.36,11.95,10,3,67.14,1,EASIER
9,66.07,27.06,18,5,56.81,3,EASIER
6,85.8,18.51,10,1,84.96,2,HARDER
12,74.98,32.73,16,4,73.66,4,EASIER
12,67.91,38.9,20,6,62.64,4,EASIER
9,90.76,8.2,11,1,91.93,3,HARDER
12,76.39,35.13,19,4,79.77,4,SAME
12,71.2,24.48,19,5,60.15,4,EASIER
16,86.43,29.48,20,3,82.7,5,HARDER
16,68.36,73.91,30,8,31.82,5,EASIER
16,77.71,24.12,28,5,48.05,5,SAME
12,65.69,33.08,25,6,42.65,4,EASIER
4,81.47,21.73,5,1,93.17,1,HARDER
4,98.83,5.69,4,0,85.21,1,HARDER
4,66.26,19.35,6,2,83.63,1,EASIER
4,99.26,11.5,4,0,94.94,1,HARDER
12,85.67,34.92,17,2,72.44,4,SAME
6,76.49,23.11,9,2,85.53,2,SAME
9,83.2,40.71,13,2,80.38,3,SAME
16,84.32,30.41,22,3,72.02,5,HARDER
12,75.83,30.09,18,4,57.84,4,EASIER
16,88.07,27.53,20,2,100.0,5,HARDER
4,65.27,22.57,7,2,81.49,1,SAME
9,60.59,30.89,23,6,41.37,3,EASIER
12,79.33,29.08,20,3,61.7,4,EASIER
4,56.94,19.36,9,3,74.0,1,EASIER
9,89.21,30.62,11,1,76.04,3,HARDER
16,83.56,29.97,22,3,67.19,5,HARDER
4,98.59,10.2,4,0,96.1,1,HARDER
16,64.73,74.71,33,9,24.74,5,EASIER
9,90.81,13.81,12,1,98.51,3,HARDER
12,92.91,21.53,14,1,94.76,4,HARDER
6,100.0,12.33,6,0,100.0,2,HARDER
6,99.41,16.8,8,0,100.0,2,HARDER
6,99.64,10.84,6,0,100.0,2,HARDER
16,89.99,20.59,23,2,74.59,5,SAME
16,62.8,48.59,35,10,10.11,5,EASIER
4,100.0,15.55,4,0,99.67,1,HARDER
6,100.0,14.84,6,0,89.05,2,HARDER
9,75.44,29.67,15,3,75.91,3,EASIER
12,80.68,36.13,17,3,65.83,4,SAME
12,90.83,33.26,16,1,65.16,4,HARDER
12,99.12,20.72,13,0,100.0,4,HARDER
6,86.48,12.9,9,1,90.21,2,HARDER
12,85.29,17.44,15,2,75.8,4,HARDER
6,65.75,20.39,10,3,66.36,2,EASIER
16,94.74,30.15,17,1,92.34,5,HARDER
12,84.73,14.79,15,2,82.42,4,HARDER
12,75.34,51.47,18,4,66.87,4,SAME
9,99.71,24.88,9,0,91.86,3,HARDER
12,74.0,29.63,18,4,64.29,4,HARDER
4,78.52,16.47,5,1,100.0,1,HARDER
4,79.78,15.67,8,1,90.43,1,HARDER
12,71.73,33.02,23,5,53.91,4,EASIER
12,86.16,16.83,19,2,71.06,4,HARDER
4,57.52,23.3,12,3,62.28,1,EASIER
6,100.0,14.7,6,0,98.15,2,HARDER
9,100.0,13.4,10,0,100.0,3,HARDER
12,81.1,34.76,17,3,73.95,4,HARDER
6,85.62,16.09,9,1,86.96,2,HARDER
4,78.69,10.71,5,1,96.79,1,HARDER
16,89.35,22.2,18,2,84.67,5,HARDER
16,82.53,30.08,25,4,52.48,5,EASIER
16,88.22,35.45,21,2,92.5,5,HARDER
9,91.71,17.6,10,1,100.0,3,HARDER
4,100.0,11.77,4,0,100.0,1,HARDER
9,99.37,20.28,9,0,100.0,3,HARDER
4,99.29,12.99,5,0,93.69,1,HARDER
16,72.14,23.53,27,6,42.73,5,EASIER
16,71.5,45.11,28,7,30.64,5,EASIER
12,92.78,19.33,13,1,100.0,4,HARDER
6,85.81,14.59,9,1,91.49,2,HARDER
6,99.44,13.04,6,0,100.0,2,HARDER
4,99.61,10.99,4,0,85.65,1,HARDER
9,88.95,16.94,11,1,94.96,3,HARDER
4,80.13,15.93,7,1,80.61,1,HARDER
16,70.95,38.57,30,7,31.41,5,EASIER
16,84.47,26.61,24,3,51.98,5,SAME
12,79.87,24.63,15,3,76.57,4,HARDER
12,74.93,15.46,26,4,59.14,4,EASIER
12,76.21,28.81,17,4,79.37,4,SAME
16,82.88,23.2,20,3,70.29,5,HARDER
16,80.74,21.47,23,4,75.36,5,SAME
6,99.64,13.83,6,0,98.26,2,HARDER
12,81.82,24.68,19,3,72.39,4,HARDER
6,86.19,13.81,8,1,90.19,2,HARDER
9,90.98,22.93,12,1,74.52,3,EASIER
6,84.58,16.69,8,1,97.2,2,HARDER
4,65.24,18.77,9,2,66.06,1,EASIER
6,99.51,11.66,6,0,93.19,2,HARDER
12,84.62,22.55,18,2,86.55,4,HARDER
12,72.65,23.74,18,4,70.69,4,EASIER
6,98.31,10.19,6,0,88.19,2,HARDER
16,75.29,35.93,22,5,66.7,5,SAME
4,80.03,15.68,6,1,82.24,1,HARDER
16,66.22,22.88,28,8,31.52,5,EASIER
16,87.96,23.97,22,2,84.3,5,HARDER
4,79.5,8.44,6,1,93.13,1,HARDER
9,89.48,13.45,13,1,85.83,3,HARDER
16,75.6,34.87,24,5,66.07,5,EASIER
9,73.74,31.04,15,3,76.08,3,SAME
12,84.84,25.1,15,2,83.47,4,HARDER
12,73.44,32.88,19,4,66.59,4,EASIER
6,99.38,12.59,6,0,100.0,2,HARDER
9,100.0,15.28,9,0,100.0,3,EASIER
16,84.49,40.51,20,3,64.83,5,SAME
4,78.36,17.63,5,1,100.0,1,HARDER
16,68.17,37.94,27,7,42.0,5,EASIER
9,100.0,15.72,9,0,93.1,3,HARDER
4,100.0,12.04,4,0,100.0,1,HARDER
9,81.99,27.64,13,2,92.27,3,EASIER
6,98.61,11.73,7,0,97.49,2,HARDER
6,86.04,12.34,7,1,99.59,2,HARDER
4,65.33,14.57,6,2,84.26,1,SAME
4,77.68,12.18,5,1,93.45,1,HARDER
9,76.19,32.82,12,3,84.19,3,SAME
4,100.0,8.06,4,0,100.0,1,HARDER
16,76.35,28.5,28,5,59.51,5,EASIER
9,80.94,21.07,12,2,78.46,3,SAME
4,80.19,14.85,6,1,100.0,1,HARDER
9,74.76,21.66,13,3,76.08,3,SAME
16,75.21,39.64,26,5,58.95,5,SAME
4,98.46,12.34,4,0,81.25,1,HARDER
4,100.0,15.99,4,0,100.0,1,HARDER
9,99.51,13.03,9,0,100.0,3,HARDER
6,100.0,13.54,7,0,89.94,2,HARDER
9,92.15,17.78,11,1,93.22,3,HARDER
12,92.3,24.61,13,1,81.25,4,HARDER
4,78.87,13.26,6,1,84.03,1,HARDER
16,78.92,28.17,22,4,79.59,5,SAME
4,99.88,9.81,4,0,93.01,1,HARDER
6,85.05,16.51,8,1,89.83,2,HARDER
16,84.2,32.68,19,3,95.59,5,HARDER
16,72.68,25.63,26,6,40.51,5,EASIER
6,100.0,14.67,6,0,100.0,2,HARDER
6,100.0,11.14,6,0,100.0,2,HARDER
4,79.2,8.69,6,1,88.39,1,HARDER
9,90.63,19.78,11,1,90.57,3,HARDER
9,99.89,15.07,11,0,95.36,3,HARDER
12,71.47,23.68,21,5,55.96,4,EASIER
12,79.47,21.63,18,3,58.79,4,SAME
4,100.0,10.72,5,0,96.06,1,HARDER
4,100.0,11.55,4,0,94.83,1,HARDER
12,91.35,21.9,14,1,99.89,4,HARDER
9,100.0,12.02,10,0,100.0,3,HARDER
9,74.93,19.92,14,3,66.12,3,SAME
16,74.52,29.42,25,5,58.1,5,SAME
16,83.5,24.31,21,3,82.46,5,HARDER
9,65.01,52.05,23,5,55.96,3,EASIER
16,78.33,33.29,21,4,70.24,5,HARDER
12,75.53,34.73,20,4,64.42,4,SAME
12,66.54,44.37,21,6,28.66,4,EASIER
9,73.15,19.36,16,3,84.49,3,EASIER
16,87.92,21.42,20,2,85.93,5,HARDER
6,64.97,17.98,13,3,66.92,2,SAME
6,64.58,13.71,11,3,72.26,2,SAME
9,98.99,19.95,10,0,100.0,3,HARDER
12,92.42,19.04,13,1,100.0,4,EASIER
9,81.39,18.75,13,2,80.27,3,HARDER
16,72.41,28.81,27,6,36.61,5,EASIER
6,100.0,10.51,6,0,100.0,2,HARDER
6,85.64,12.37,7,1,86.98,2,HARDER
16,76.8,35.19,23,5,59.1,5,EASIER
6,84.84,14.78,10,1,86.54,2,HARDER
6,74.32,16.48,10,2,87.25,2,SAME
6,86.57,12.61,8,1,96.26,2,HARDER
9,82.18,32.28,11,2,86.83,3,SAME
4,99.45,8.44,4,0,100.0,1,HARDER
9,73.25,16.06,13,3,73.83,3,SAME
9,75.09,21.11,16,3,72.1,3,SAME
6,84.08,13.55,8,1,91.99,2,HARDER
6,100.0,13.11,6,0,100.0,2,HARDER
4,98.62,19.31,4,0,91.63,1,HARDER
16,82.35,37.58,20,3,70.73,5,HARDER
6,99.15,12.1,6,0,90.22,2,HARDER
12,84.85,21.36,17,2,78.8,4,HARDER
6,100.0,16.18,6,0,100.0,2,HARDER
4,98.07,8.61,4,0,100.0,1,HARDER
9,74.19,18.58,15,3,67.12,3,SAME
16,73.16,41.6,24,6,60.68,5,SAME
12,80.43,23.58,18,3,71.09,4,SAME
9,82.61,21.31,11,2,80.46,3,HARDER
9,76.38,19.83,13,3,87.32,3,SAME
16,72.81,36.72,25,6,62.73,5,EASIER
16,73.52,41.58,29,6,44.22,5,EASIER
12,80.27,26.71,16,3,72.09,4,HARDER
4,98.14,9.98,4,0,100.0,1,EASIER
4,99.11,10.89,4,0,99.02,1,HARDER
16,86.49,32.41,21,3,65.5,5,SAME
16,77.02,29.61,25,5,60.58,5,EASIER
6,99.72,22.06,6,0,82.23,2,HARDER
9,82.2,33.74,12,2,82.81,3,SAME
9,97.88,17.12,9,0,99.06,3,HARDER
6,66.43,19.19,11,3,71.13,2,EASIER
4,100.0,9.83,4,0,100.0,1,HARDER
6,98.99,13.78,6,0,96.84,2,HARDER
12,99.44,13.8,13,0,95.63,4,HARDER
6,86.51,12.83,9,1,98.56,2,HARDER
16,87.9,30.86,21,2,76.69,5,HARDER
4,99.33,11.85,5,0,96.61,1,HARDER
4,100.0,18.6,4,0,95.12,1,HARDER
9,75.89,18.7,16,3,65.15,3,SAME
12,99.33,17.13,15,0,95.45,4,HARDER
9,75.04,36.96,14,3,62.82,3,EASIER
12,93.51,15.59,13,1,91.6,4,HARDER
16,85.56,23.77,23,3,72.79,5,HARDER
4,79.75,17.9,8,1,84.35,1,SAME
12,74.05,38.88,18,4,76.5,4,SAME
4,99.66,13.75,4,0,100.0,1,HARDER
12,74.38,21.45,21,4,76.51,4,SAME
16,79.18,25.25,23,4,63.03,5,HARDER
12,80.9,27.35,19,3,88.67,4,HARDER
4,65.82,16.2,9,2,75.97,1,EASIER
6,66.29,20.98,12,3,82.59,2,HARDER
12,69.36,21.07,19,5,54.8,4,EASIER
9,82.71,27.49,11,2,76.23,3,HARDER
16,74.19,44.1,28,6,45.66,5,EASIER
12,87.7,28.62,17,2,64.27,4,SAME
9,93.07,19.87,11,1,87.29,3,HARDER
16,77.6,28.53,23,4,53.45,5,EASIER
9,75.88,19.77,14,3,71.8,3,HARDER
4,100.0,9.77,4,0,100.0,1,HARDER
6,85.53,15.09,10,1,96.58,2,HARDER
4,99.85,12.26,4,0,100.0,1,HARDER
4,80.73,15.4,5,1,90.96,1,HARDER
4,57.53,21.77,7,3,76.66,1,EASIER
6,73.28,18.22,10,2,87.63,2,HARDER
9,74.99,19.47,15,3,71.08,3,EASIER
4,67.92,13.05,8,2,84.7,1,HARDER
6,86.42,14.85,8,1,84.83,2,HARDER
9,69.22,24.62,15,4,59.43,3,SAME
9,74.87,36.2,16,3,76.38,3,SAME
4,100.0,8.72,5,0,100.0,1,HARDER
12,79.12,16.27,18,3,68.27,4,HARDER
4,79.15,16.66,5,1,98.04,1,SAME
16,74.75,34.1,27,6,60.85,5,EASIER
4,100.0,8.09,4,0,100.0,1,HARDER
9,74.89,19.73,13,3,85.2,3,SAME
6,86.89,32.57,9,1,94.98,2,HARDER
12,74.62,32.04,19,4,67.18,4,SAME
16,80.84,30.02,24,4,58.39,5,SAME
4,100.0,7.89,4,0,100.0,1,HARDER
9,75.59,23.12,15,3,70.27,3,SAME
16,64.19,49.43,33,9,33.1,5,EASIER
16,88.76,33.35,22,2,92.43,5,HARDER
6,86.04,17.62,7,1,97.72,2,HARDER
4,66.49,10.02,7,2,75.84,1,SAME
16,79.13,29.78,21,4,61.66,5,SAME
16,68.86,42.72,27,7,34.62,5,EASIER
9,76.68,28.34,13,3,73.55,3,SAME
4,81.25,11.63,5,1,97.4,1,HARDER
12,73.51,33.99,19,4,65.13,4,EASIER
12,70.77,37.74,23,5,49.74,4,EASIER
12,66.59,48.54,25,6,33.99,4,EASIER
4,66.59,13.34,8,2,83.23,1,HARDER
16,80.87,35.62,20,4,69.19,5,SAME
16,94.33,31.98,20,1,88.2,5,HARDER
12,71.56,30.15,21,5,50.08,4,EASIER
12,100.0,17.0,12,0,100.0,4,HARDER
16,69.39,40.34,26,7,30.59,5,EASIER
4,100.0,12.73,4,0,100.0,1,HARDER
6,98.96,16.02,6,0,100.0,2,HARDER
16,61.04,46.93,34,10,11.62,5,EASIER
9,99.18,22.42,9,0,100.0,3,HARDER
16,94.61,44.38,18,1,88.95,5,HARDER
6,76.85,23.77,9,2,71.04,2,SAME
4,100.0,14.7,4,0,93.43,1,HARDER
6,87.02,22.89,7,1,100.0,2,HARDER
12,92.13,16.31,14,1,86.66,4,HARDER
4,78.11,16.72,7,1,84.03,1,HARDER
9,88.59,22.34,10,1,85.62,3,HARDER
9,90.79,18.59,11,1,78.43,3,HARDER
16,84.11,29.83,24,3,67.41,5,SAME
4,98.76,8.5,4,0,100.0,1,HARDER
9,80.3,21.97,14,2,92.42,3,SAME
6,100.0,15.86,6,0,96.82,2,HARDER
9,63.07,20.58,17,5,53.81,3,EASIER
6,85.69,19.49,7,1,83.65,2,SAME
4,98.8,11.67,5,0,100.0,1,HARDER
4,79.7,12.84,5,1,90.19,1,HARDER
4,100.0,22.69,4,0,100.0,1,HARDER
6,86.34,14.4,9,1,92.67,2,HARDER
12,70.67,35.57,24,5,46.76,4,EASIER
16,80.19,20.48,22,4,53.72,5,HARDER
16,89.3,38.38,19,2,82.89,5,HARDER
6,86.98,15.43,8,1,91.0,2,HARDER
4,66.73,22.36,6,2,83.38,1,SAME
16,70.57,38.03,28,7,34.64,5,EASIER
12,92.84,28.99,13,1,88.62,4,HARDER
6,84.9,13.43,9,1,99.44,2,HARDER
6,85.68,16.91,7,1,97.91,2,HARDER
9,80.84,24.55,11,2,75.99,3,HARDER
6,74.69,16.48,9,2,87.77,2,HARDER
9,81.29,27.66,14,2,88.88,3,HARDER
12,73.8,34.95,17,4,65.57,4,EASIER
9,82.81,29.42,14,2,77.64,3,HARDER
12,99.59,20.83,13,0,100.0,4,HARDER
16,65.83,53.83,28,8,31.53,5,EASIER
16,96.51,22.93,19,1,79.86,5,HARDER
6,99.86,16.28,6,0,95.34,2,HARDER
12,71.24,29.42,19,5,53.61,4,EASIER
9,89.37,15.38,11,1,92.2,3,HARDER
4,80.5,11.57,5,1,93.29,1,HARDER
4,79.15,14.44,5,1,91.69,1,HARDER
6,85.33,16.39,7,1,92.36,2,HARDER
9,89.6,25.72,12,1,93.13,3,HARDER
12,99.34,26.05,12,0,94.41,4,HARDER
6,75.77,21.18,9,2,69.84,2,SAME
16,64.28,41.88,32,9,28.03,5,EASIER
16,95.08,23.15,19,1,90.52,5,HARDER
6,99.86,21.67,6,0,99.31,2,HARDER
12,93.57,28.16,14,1,84.26,4,HARDER
9,69.72,32.06,17,4,57.24,3,EASIER
6,75.36,20.15,8,2,85.73,2,HARDER
16,71.81,40.03,29,6,35.6,5,EASIER
12,84.28,30.99,20,2,78.0,4,SAME
4,100.0,9.21,4,0,100.0,1,HARDER
4,80.72,11.25,5,1,99.84,1,HARDER
12,70.1,35.17,22,5,45.81,4,SAME
4,79.03,21.23,5,1,100.0,1,HARDER
12,66.14,48.91,23,6,49.26,4,EASIER
16,68.11,58.56,31,7,25.15,5,EASIER
16,87.57,46.06,19,2,76.76,5,HARDER
6,59.83,31.1,14,4,47.11,2,EASIER
16,67.17,77.88,31,7,30.55,5,EASIER
12,100.0,16.27,13,0,100.0,4,HARDER
4,99.66,12.47,4,0,100.0,1,HARDER
16,76.16,22.95,26,5,60.22,5,EASIER
6,60.15,33.22,11,4,71.59,2,EASIER
6,85.35,21.5,8,1,91.25,2,HARDER
9,58.03,42.98,21,7,27.2,3,EASIER
9,89.46,12.06,13,1,90.6,3,HARDER
12,75.84,27.52,18,4,62.91,4,SAME
16,76.75,34.73,24,5,61.72,5,SAME
9,89.79,16.0,10,1,100.0,3,HARDER
4,79.19,16.44,5,1,96.99,1,HARDER
16,89.28,15.06,19,2,75.7,5,HARDER
12,92.02,24.18,14,1,90.54,4,HARDER
12,69.56,29.56,22,5,55.26,4,EASIER
6,69.0,35.6,11,3,80.07,2,EASIER
6,100.0,14.13,6,0,96.59,2,HARDER
12,54.83,53.8,27,10,9.5,4,EASIER
6,97.9,17.73,6,0,98.66,2,HARDER
12,68.99,30.69,20,5,53.74,4,EASIER
12,85.08,23.78,14,2,84.74,4,HARDER
12,86.01,18.9,14,2,93.59,4,HARDER
9,89.16,14.71,10,1,100.0,3,HARDER
12,81.35,31.07,18,3,72.38,4,SAME
4,79.31,11.81,6,1,91.4,1,HARDER
16,82.86,35.38,21,3,60.75,5,HARDER
12,85.47,24.0,14,2,93.95,4,HARDER
16,69.29,34.38,26,7,52.79,5,EASIER
6,85.59,23.97,8,1,100.0,2,HARDER
16,77.56,38.78,23,5,52.45,5,SAME
9,100.0,13.82,9,0,91.7,3,HARDER
9,82.01,14.48,13,2,86.81,3,SAME
12,70.82,40.96,20,5,65.05,4,EASIER
4,66.43,14.97,6,2,89.2,1,SAME
9,82.72,14.67,11,2,84.18,3,HARDER
16,78.57,25.86,26,4,72.93,5,SAME
9,91.18,28.99,11,1,93.7,3,HARDER
12,92.69,31.47,15,1,92.95,4,SAME
9,72.62,17.94,14,3,82.54,3,SAME
9,90.36,12.95,10,1,100.0,3,HARDER
16,76.69,28.05,24,5,53.97,5,SAME
6,67.67,20.05,12,3,72.31,2,EASIER
4,100.0,14.21,4,0,100.0,1,HARDER
4,58.06,23.78,11,3,77.14,1,EASIER
12,86.07,25.76,17,2,93.65,4,HARDER
6,87.45,19.28,9,1,79.51,2,EASIER
6,75.12,14.85,8,2,75.55,2,HARDER
4,100.0,8.84,4,0,100.0,1,HARDER
6,75.8,22.71,9,2,72.25,2,SAME
4,100.0,13.6,5,0,95.18,1,HARDER
6,99.98,9.98,6,0,98.74,2,HARDER
16,79.48,34.65,24,4,67.82,5,SAME
16,92.55,26.81,18,1,85.32,5,HARDER
6,87.17,18.8,8,1,90.68,2,HARDER
12,92.11,28.16,15,1,100.0,4,HARDER
6,60.97,28.52,17,4,62.29,2,EASIER
9,74.8,21.25,16,3,74.62,3,SAME
9,80.7,21.17,12,2,83.74,3,HARDER
12,91.47,22.51,13,1,95.06,4,HARDER
4,58.69,14.8,8,3,80.5,1,EASIER
4,80.27,10.34,9,1,74.26,1,HARDER
4,99.2,8.59,4,0,100.0,1,HARDER
9,90.79,17.74,11,1,100.0,3,HARDER
4,99.2,10.3,4,0,97.82,1,HARDER
4,98.71,9.92,4,0,96.09,1,HARDER
16,89.02,20.56,18,2,85.87,5,HARDER
12,86.84,22.51,16,2,78.89,4,HARDER
6,84.84,15.1,8,1,96.19,2,HARDER
6,87.74,14.16,7,1,96.75,2,HARDER
12,85.89,35.86,14,2,88.05,4,HARDER
12,92.71,31.17,14,1,98.19,4,HARDER
4,100.0,10.62,4,0,100.0,1,HARDER
12,85.47,33.83,15,2,81.1,4,HARDER
6,75.28,20.33,9,2,88.42,2,SAME
6,74.52,19.75,8,2,89.84,2,HARDER
9,90.56,16.69,10,1,88.23,3,HARDER
16,80.44,27.59,24,4,68.61,5,SAME
4,99.52,12.99,4,0,100.0,1,HARDER
12,86.06,22.63,18,2,59.99,4,SAME
12,91.14,16.7,15,1,83.84,4,HARDER
16,70.31,53.5,27,7,29.28,5,EASIER
12,77.67,25.0,16,3,84.84,4,SAME
6,77.82,14.93,9,2,76.55,2,SAME
4,66.89,18.56,7,2,82.57,1,SAME
12,79.27,19.35,18,3,64.64,4,SAME
9,90.68,21.47,12,1,90.32,3,HARDER
12,74.91,22.11,19,4,67.87,4,EASIER
16,75.94,24.32,23,5,59.35,5,SAME
4,100.0,11.5,4,0,100.0,1,HARDER
16,74.03,34.47,27,6,42.37,5,EASIER
12,80.45,23.07,18,3,81.13,4,SAME
4,99.21,16.21,4,0,96.93,1,HARDER
9,100.0,17.29,9,0,98.66,3,HARDER
12,80.8,25.09,16,3,64.42,4,HARDER
12,86.22,16.26,17,2,94.28,4,HARDER
9,81.95,25.75,13,2,75.79,3,SAME
4,79.92,10.88,6,1,89.79,1,HARDER
4,99.45,9.46,4,0,98.14,1,HARDER
16,72.54,46.96,27,6,48.0,5,EASIER
16,85.03,27.1,24,3,65.71,5,SAME
12,70.99,42.29,20,5,57.48,4,EASIER
16,70.06,66.0,30,7,30.8,5,EASIER
6,99.17,18.85,6,0,100.0,2,HARDER
16,72.72,27.21,28,6,50.67,5,EASIER
4,66.25,12.58,8,2,80.45,1,SAME
12,86.12,24.42,15,2,84.59,4,HARDER
6,99.22,14.15,6,0,96.91,2,HARDER
12,99.57,24.97,14,0,100.0,4,HARDER
16,76.3,30.94,23,5,66.64,5,EASIER
4,100.0,13.33,4,0,100.0,1,HARDER
12,60.24,36.41,23,8,26.09,4,EASIER
16,79.06,31.7,27,4,64.28,5,SAME
4,79.84,10.72,5,1,89.16,1,HARDER
12,60.15,38.43,30,8,12.01,4,EASIER
6,99.29,12.03,6,0,97.8,2,SAME
16,90.28,26.77,18,2,93.32,5,HARDER
9,81.08,27.67,11,2,84.83,3,SAME
16,65.54,48.12,33,8,11.23,5,EASIER
4,100.0,12.35,4,0,95.71,1,HARDER
16,72.83,32.7,24,6,46.43,5,EASIER
12,75.35,37.27,18,4,81.5,4,SAME
12,64.4,44.22,23,7,42.76,4,EASIER
9,69.68,30.6,16,4,54.05,3,EASIER
12,84.34,33.06,16,2,89.24,4,HARDER
16,78.83,17.27,20,4,67.31,5,SAME
6,86.34,16.25,8,1,86.13,2,HARDER
16,84.69,15.5,21,3,65.03,5,HARDER
6,84.03,20.17,8,1,94.52,2,HARDER
4,80.92,10.12,7,1,85.09,1,HARDER
6,100.0,15.21,6,0,100.0,2,HARDER
6,75.47,16.2,8,2,92.7,2,SAME
4,67.12,20.35,8,2,78.97,1,SAME
9,76.87,17.91,14,3,69.82,3,HARDER
6,75.27,11.48,10,2,79.7,2,HARDER
16,60.39,41.73,32,10,18.78,5,EASIER
12,85.12,20.49,14,2,85.29,4,HARDER
9,82.06,24.18,12,2,85.25,3,HARDER
12,78.89,33.63,17,3,84.06,4,HARDER
4,100.0,7.84,4,0,100.0,1,HARDER
12,79.99,16.52,16,3,77.29,4,HARDER
4,80.15,16.53,5,1,100.0,1,HARDER
9,87.06,14.2,10,1,92.88,3,HARDER
12,79.86,32.5,16,3,82.67,4,HARDER
4,78.06,11.84,5,1,85.38,1,HARDER
16,69.85,66.64,30,7,31.22,5,EASIER
9,100.0,19.69,9,0,100.0,3,SAME
16,85.26,33.56,23,3,75.73,5,SAME
4,100.0,5.67,4,0,89.58,1,HARDER
4,100.0,13.07,4,0,100.0,1,HARDER
12,74.6,25.61,18,4,67.25,4,EASIER
16,79.43,38.18,22,4,56.51,5,SAME
6,87.54,23.45,9,1,90.94,2,HARDER
16,94.67,27.62,20,1,100.0,5,HARDER
16,72.11,35.46,25,6,42.56,5,EASIER
16,79.13,26.8,25,4,64.43,5,SAME
6,85.46,17.77,10,1,94.2,2,HARDER
16,84.97,18.01,20,3,80.71,5,HARDER
12,100.0,27.5,12,0,94.84,4,HARDER
12,71.21,38.12,22,5,36.53,4,EASIER
4,79.94,23.9,7,1,88.14,1,HARDER
9,89.26,18.69,10,1,93.69,3,HARDER
6,75.43,21.63,10,2,73.59,2,SAME
12,79.51,26.85,18,3,65.61,4,SAME
12,100.0,18.06,12,0,100.0,4,HARDER
12,69.9,32.15,22,5,52.33,4,EASIER
12,69.01,19.75,19,5,57.78,4,EASIER
6,100.0,10.6,6,0,89.71,2,HARDER
16,90.72,25.45,23,2,75.14,5,HARDER
4,78.9,8.92,6,1,94.52,1,HARDER
12,72.53,42.61,19,5,63.81,4,EASIER
4,99.77,8.57,4,0,100.0,1,HARDER
12,59.7,46.23,29,8,33.87,4,EASIER
6,73.59,25.27,8,2,94.25,2,HARDER
4,100.0,8.26,4,0,100.0,1,HARDER
6,74.07,16.64,8,2,82.69,2,SAME
9,89.97,25.51,11,1,90.26,3,HARDER
4,100.0,12.34,4,0,97.69,1,HARDER
12,92.76,20.97,13,1,100.0,4,HARDER
12,98.5,16.5,14,0,100.0,4,HARDER
9,75.13,22.82,15,3,73.25,3,SAME
12,79.13,22.99,16,3,79.19,4,SAME
16,79.31,45.42,23,4,58.61,5,SAME
16,68.22,62.72,29,7,19.02,5,EASIER
4,79.86,11.51,5,1,95.76,1,HARDER
16,80.88,39.6,25,4,56.1,5,SAME
4,98.11,12.88,4,0,98.46,1,HARDER
4,100.0,8.55,4,0,100.0,1,HARDER
4,78.14,18.9,6,1,96.0,1,HARDER
9,99.55,13.32,9,0,100.0,3,HARDER
6,86.7,20.13,7,1,84.17,2,HARDER
6,68.01,18.24,10,3,90.89,2,SAME
4,99.15,17.74,4,0,100.0,1,HARDER
9,80.45,20.75,16,2,77.82,3,SAME
12,100.0,20.94,13,0,100.0,4,HARDER
16,73.53,35.16,27,6,52.99,5,SAME
4,56.28,19.66,9,3,85.87,1,EASIER
12,62.41,41.44,25,7,46.73,4,EASIER
12,74.39,21.79,18,4,68.55,4,HARDER
9,90.34,15.63,12,1,91.52,3,HARDER
16,87.65,40.19,18,2,87.3,5,HARDER
9,82.84,24.62,12,2,77.79,3,HARDER
4,67.77,14.36,7,2,90.7,1,SAME
6,87.92,14.96,8,1,95.67,2,HARDER
16,81.3,43.18,23,4,71.17,5,HARDER
6,100.0,12.54,6,0,96.72,2,HARDER
4,80.33,12.33,5,1,100.0,1,HARDER
16,67.57,30.4,27,8,25.83,5,EASIER
12,92.21,15.51,13,1,88.71,4,HARDER
16,88.31,18.68,20,2,75.15,5,HARDER
16,73.69,40.47,27,6,48.85,5,EASIER
9,100.0,15.9,9,0,87.75,3,HARDER
12,68.03,23.82,19,5,64.6,4,EASIER
16,85.13,51.38,25,3,67.03,5,SAME
12,70.17,28.2,23,5,54.77,4,EASIER
12,70.95,36.23,20,5,44.5,4,EASIER
6,100.0,9.67,6,0,100.0,2,HARDER
9,79.71,22.34,12,2,80.81,3,SAME
12,75.19,35.61,20,4,70.67,4,EASIER
9,82.5,21.74,12,2,86.5,3,HARDER
16,84.22,21.82,22,3,71.76,5,HARDER
4,99.03,10.94,4,0,100.0,1,HARDER
6,99.18,16.01,6,0,91.35,2,HARDER
12,74.87,28.75,19,4,77.93,4,SAME
4,80.72,15.45,5,1,100.0,1,SAME
16,88.0,25.58,22,2,68.6,5,HARDER
16,85.75,31.55,25,3,70.37,5,SAME
16,84.08,18.55,21,3,84.1,5,HARDER
6,74.24,17.62,11,2,67.54,2,SAME
16,66.56,53.23,29,8,21.18,5,EASIER
6,67.75,15.65,10,3,77.8,2,HARDER
12,74.95,26.94,16,4,88.22,4,SAME
9,84.24,18.03,13,2,97.11,3,HARDER
16,72.18,45.86,30,6,48.85,5,SAME
16,81.02,41.28,25,4,65.77,5,EASIER
9,81.61,23.06,13,2,72.35,3,SAME
12,70.24,34.51,20,5,64.1,4,EASIER
12,76.28,21.55,17,4,63.49,4,SAME
12,85.93,15.18,17,2,84.23,4,HARDER
6,99.23,18.77,6,0,94.57,2,HARDER
9,99.11,14.54,9,0,100.0,3,HARDER
4,79.64,15.55,6,1,85.09,1,HARDER
16,69.43,45.84,28,7,37.44,5,EASIER
16,78.48,42.58,22,4,62.72,5,SAME
9,75.22,34.44,15,3,82.27,3,SAME
12,86.01,41.38,16,2,72.36,4,HARDER
4,99.43,10.61,4,0,88.43,1,HARDER
16,67.22,62.73,30,8,25.26,5,EASIER
16,72.36,34.58,24,6,53.08,5,EASIER
6,86.45,16.16,7,1,94.66,2,HARDER
9,74.48,22.67,14,3,67.7,3,HARDER
6,100.0,7.47,6,0,100.0,2,HARDER
16,90.15,33.13,21,2,86.21,5,HARDER
6,87.16,14.52,9,1,92.75,2,HARDER
16,71.96,35.62,28,6,39.07,5,EASIER
12,80.14,39.41,15,3,74.56,4,HARDER
16,82.59,38.97,23,3,69.69,5,EASIER
9,81.66,23.56,12,2,84.71,3,HARDER
9,100.0,19.25,9,0,100.0,3,HARDER
4,67.51,14.05,8,2,81.63,1,HARDER
9,75.29,22.84,12,3,77.01,3,SAME
12,79.77,24.03,17,3,70.95,4,SAME
9,80.95,13.11,14,2,77.72,3,HARDER
12,100.0,22.03,12,0,100.0,4,HARDER
12,70.05,31.33,20,5,59.83,4,EASIER
16,75.93,26.82,26,5,54.96,5,EASIER
16,75.38,20.64,24,5,56.54,5,SAME
16,78.81,35.05,28,4,54.78,5,EASIER
4,99.12,12.48,4,0,100.0,1,HARDER
9,82.09,32.63,11,2,92.98,3,HARDER
12,64.34,38.36,24,7,40.69,4,EASIER
4,79.96,13.09,6,1,86.7,1,HARDER
4,81.12,15.64,6,1,88.45,1,HARDER
12,75.01,36.73,23,4,55.6,4,EASIER
6,73.97,20.07,8,2,76.92,2,SAME
16,86.0,22.96,23,3,77.55,5,HARDER
9,100.0,21.07,9,0,89.97,3,HARDER
6,100.0,15.13,6,0,100.0,2,HARDER
12,62.51,37.07,20,7,52.98,4,EASIER
4,81.02,20.41,6,1,73.61,1,HARDER
6,85.11,17.46,8,1,98.28,2,HARDER
6,85.3,19.82,9,1,89.65,2,HARDER
4,100.0,8.48,4,0,100.0,1,HARDER
9,75.91,27.83,13,3,82.21,3,SAME
16,75.6,28.37,26,5,41.38,5,EASIER
6,100.0,14.99,6,0,84.47,2,HARDER
6,87.01,27.24,7,1,87.64,2,HARDER
16,94.14,34.15,18,1,95.09,5,HARDER
16,84.18,28.03,22,3,79.52,5,HARDER
6,75.57,32.75,10,2,86.12,2,SAME
12,84.38,27.4,17,2,78.99,4,HARDER
9,90.59,18.91,11,1,78.96,3,HARDER
16,75.48,29.19,26,5,63.01,5,SAME
12,82.81,24.76,15,3,83.95,4,HARDER
9,59.35,48.08,16,6,49.09,3,EASIER
12,70.95,27.03,18,5,63.36,4,SAME
12,93.03,13.51,15,1,96.13,4,EASIER
4,98.22,8.37,4,0,95.71,1,SAME
9,90.64,19.15,11,1,100.0,3,HARDER
4,80.61,24.4,8,1,83.81,1,HARDER
16,83.35,31.81,22,3,75.0,5,HARDER
4,100.0,8.74,4,0,98.02,1,HARDER
9,74.24,21.94,12,3,85.45,3,HARDER
16,82.34,29.84,20,3,77.21,5,HARDER
16,95.13,17.85,21,1,80.23,5,HARDER
16,75.55,38.32,29,5,54.79,5,EASIER
6,100.0,16.69,6,0,100.0,2,HARDER
6,100.0,8.47,6,0,100.0,2,HARDER
16,85.13,26.54,20,3,82.75,5,HARDER
9,59.89,36.45,22,6,46.05,3,EASIER
6,61.34,22.59,13,4,64.01,2,EASIER
16,69.3,29.35,28,7,43.52,5,EASIER
9,82.83,24.59,14,2,98.92,3,HARDER
6,85.69,21.65,7,1,79.35,2,HARDER
6,85.81,42.46,8,1,87.46,2,HARDER
6,86.29,29.08,11,1,82.5,2,HARDER
6,83.64,11.87,7,1,89.4,2,HARDER
6,86.88,13.48,9,1,87.57,2,HARDER
6,85.35,16.42,9,1,100.0,2,HARDER
6,100.0,10.95,6,0,89.84,2,HARDER
6,67.04,13.09,13,3,75.49,2,EASIER
9,90.21,9.88,10,1,100.0,3,HARDER
9,88.63,16.95,11,1,94.13,3,HARDER
12,73.21,51.09,17,4,57.27,4,EASIER
9,100.0,22.84,11,0,100.0,3,HARDER
4,57.03,12.87,10,3,73.07,1,EASIER
6,86.57,14.98,8,1,89.8,2,HARDER
9,80.56,25.67,11,2,69.73,3,HARDER
9,58.42,19.66,20,6,48.83,3,EASIER
6,74.51,31.25,8,2,94.55,2,SAME
4,80.97,12.51,5,1,84.86,1,HARDER
12,72.06,33.91,20,5,61.59,4,EASIER
16,73.14,49.72,27,6,52.77,5,EASIER
6,100.0,20.98,7,0,97.65,2,HARDER
16,72.72,38.88,23,6,61.18,5,EASIER
16,65.83,42.46,30,9,35.13,5,EASIER
6,84.06,16.15,7,1,87.88,2,HARDER
16,68.88,40.44,28,7,43.61,5,EASIER
9,91.65,22.69,11,1,93.33,3,HARDER
4,100.0,12.08,4,0,100.0,1,HARDER
16,72.03,37.48,24,6,51.78,5,EASIER
4,99.43,12.22,4,0,100.0,1,HARDER
12,92.96,23.36,13,1,97.71,4,HARDER
6,98.79,17.52,6,0,91.1,2,HARDER
12,66.57,33.04,19,6,59.06,4,EASIER
16,69.95,61.84,31,7,35.02,5,EASIER
4,98.82,9.67,4,0,96.53,1,HARDER
9,63.2,37.12,18,5,50.31,3,EASIER
16,76.73,42.3,23,5,64.92,5,EASIER
9,80.3,19.33,14,2,73.03,3,SAME
4,100.0,13.78,4,0,100.0,1,HARDER
6,76.15,32.21,8,2,82.66,2,HARDER
9,100.0,15.91,9,0,100.0,3,HARDER
9,88.03,23.24,10,1,93.54,3,HARDER
6,82.55,10.56,7,1,79.53,2,HARDER
4,99.85,15.55,4,0,99.26,1,HARDER
9,89.65,20.5,10,1,85.37,3,HARDER
9,69.91,21.76,16,4,62.59,3,SAME
16,85.09,40.5,25,3,56.29,5,SAME
9,81.63,16.4,12,2,87.65,3,HARDER
4,78.18,12.84,8,1,91.57,1,HARDER
16,83.62,27.19,22,3,75.1,5,HARDER
9,75.35,25.89,13,3,91.97,3,HARDER
12,66.16,27.78,22,6,53.53,4,EASIER
6,84.98,17.87,8,1,89.48,2,HARDER
12,85.67,53.3,17,2,77.74,4,EASIER
16,85.7,53.22,24,3,69.39,5,SAME
9,90.44,17.51,10,1,93.67,3,HARDER
6,86.71,15.01,8,1,100.0,2,HARDER
9,74.96,16.63,15,3,69.05,3,SAME
6,86.59,21.84,7,1,93.82,2,SAME
16,79.23,35.42,26,4,66.54,5,SAME
16,72.23,44.64,25,6,48.77,5,EASIER
4,99.04,12.8,4,0,100.0,1,HARDER
9,89.96,18.68,10,1,90.35,3,HARDER
9,90.0,16.25,10,1,91.58,3,HARDER
12,82.31,38.12,15,3,87.74,4,SAME
9,74.55,17.93,13,3,76.46,3,SAME
12,73.4,29.11,19,4,66.47,4,SAME
12,70.87,31.65,19,5,69.81,4,EASIER
4,67.14,20.01,8,2,89.15,1,SAME
16,69.32,48.01,26,7,50.27,5,EASIER
6,100.0,12.98,6,0,100.0,2,HARDER
4,100.0,11.86,5,0,99.84,1,HARDER
16,76.54,32.43,25,5,59.35,5,EASIER
16,93.31,35.18,21,1,87.83,5,HARDER
4,98.29,10.7,4,0,100.0,1,HARDER
4,99.71,12.88,4,0,95.1,1,HARDER
16,68.15,39.54,26,7,38.19,5,EASIER
12,75.77,25.9,20,4,71.39,4,EASIER
16,68.1,69.48,28,7,32.13,5,EASIER
9,90.37,22.47,10,1,89.62,3,HARDER
12,91.57,28.65,15,1,92.05,4,HARDER
9,99.47,13.38,9,0,100.0,3,HARDER
9,79.54,15.92,13,2,86.32,3,HARDER
4,78.61,18.61,5,1,99.73,1,HARDER
16,70.49,26.07,27,7,41.69,5,EASIER
4,79.04,9.07,5,1,93.65,1,HARDER
9,100.0,12.56,9,0,95.21,3,HARDER
16,88.75,16.03,20,2,88.07,5,HARDER
6,100.0,17.16,6,0,99.13,2,HARDER
16,94.53,20.12,19,1,85.69,5,HARDER
12,70.81,31.04,24,5,44.1,4,EASIER
6,100.0,13.18,6,0,100.0,2,HARDER
12,91.91,17.51,15,1,93.97,4,HARDER
16,79.74,24.03,24,4,56.21,5,HARDER
6,74.76,19.32,9,2,90.01,2,EASIER
16,71.56,40.44,27,6,49.37,5,EASIER
16,74.28,47.9,26,6,53.71,5,EASIER
6,75.19,18.02,10,2,79.87,2,HARDER
4,81.73,19.13,7,1,93.54,1,HARDER
12,72.83,37.37,17,5,55.45,4,EASIER
4,81.0,10.6,7,1,97.58,1,HARDER
9,80.66,19.31,12,2,86.3,3,HARDER
6,86.39,19.45,8,1,91.72,2,HARDER
16,79.55,46.47,22,4,62.19,5,SAME
6,66.92,19.5,9,3,70.05,2,EASIER
12,81.41,17.92,20,3,64.13,4,SAME
12,93.3,18.08,15,1,76.48,4,HARDER
16,70.21,42.59,28,7,41.76,5,EASIER
16,72.66,44.28,26,6,57.71,5,EASIER
4,100.0,10.01,4,0,84.77,1,HARDER
9,91.62,18.38,11,1,81.15,3,HARDER
16,80.06,18.94,26,4,59.17,5,SAME
12,100.0,20.5,12,0,98.89,4,HARDER
12,62.72,49.48,24,7,33.01,4,EASIER
4,100.0,10.44,5,0,100.0,1,HARDER
9,81.2,20.22,12,2,81.66,3,HARDER
12,70.46,36.29,22,5,58.9,4,EASIER
9,82.63,24.6,13,2,77.77,3,HARDER
9,81.39,20.61,11,2,86.36,3,SAME
16,74.65,28.27,26,5,53.76,5,EASIER
4,100.0,14.76,4,0,100.0,1,HARDER
12,90.68,26.81,15,1,83.39,4,HARDER
12,79.9,35.85,19,3,80.8,4,SAME
16,88.74,15.98,18,2,97.22,5,HARDER
4,82.04,17.93,5,1,81.12,1,HARDER
6,86.53,20.61,7,1,100.0,2,EASIER
9,81.71,27.23,14,2,76.35,3,HARDER
16,88.79,27.72,20,2,80.41,5,HARDER
16,93.69,14.94,18,1,95.01,5,HARDER
6,74.75,15.7,10,2,76.78,2,HARDER
12,69.92,36.88,20,5,64.72,4,EASIER
9,90.85,26.79,10,1,90.98,3,HARDER
6,75.29,17.03,8,2,84.16,2,HARDER
16,65.58,81.84,40,9,7.75,5,EASIER
9,81.44,21.64,14,2,73.34,3,HARDER
9,90.01,16.87,10,1,80.07,3,HARDER
16,94.85,23.67,19,1,90.43,5,HARDER
9,82.97,21.63,15,2,70.28,3,SAME
9,99.57,11.91,9,0,99.2,3,HARDER
4,57.07,25.32,8,3,67.09,1,EASIER
16,79.16,28.44,26,4,60.19,5,HARDER
9,90.49,19.26,10,1,99.41,3,HARDER
12,78.96,20.36,19,3,73.19,4,HARDER
9,76.04,18.08,13,3,77.2,3,HARDER
12,76.89,30.48,20,4,60.33,4,EASIER
16,73.25,42.34,23,6,52.58,5,EASIER
16,88.22,25.12,23,2,80.61,5,HARDER
4,99.96,16.79,4,0,94.45,1,HARDER
6,85.85,28.11,7,1,87.51,2,HARDER
12,79.58,37.08,17,3,72.99,4,SAME
12,69.96,16.25,24,5,52.27,4,EASIER
6,85.77,15.07,7,1,96.64,2,HARDER
16,85.55,30.87,21,3,86.23,5,HARDER
4,66.49,18.72,6,2,78.9,1,SAME
16,84.74,38.24,20,3,73.76,5,HARDER
16,64.35,51.03,29,9,22.96,5,EASIER
16,72.89,49.9,34,6,39.74,5,EASIER
12,86.55,23.0,14,2,98.32,4,HARDER
9,69.04,27.2,17,4,55.85,3,EASIER
16,67.57,31.4,26,8,28.72,5,EASIER
4,67.07,25.34,6,2,86.75,1,EASIER
6,67.04,37.73,12,3,66.66,2,SAME
12,80.2,31.47,17,3,80.08,4,SAME
16,67.33,44.32,30,8,25.99,5,EASIER
6,99.78,18.55,6,0,96.34,2,HARDER
4,69.49,18.25,7,2,72.12,1,HARDER
9,89.85,18.89,13,1,86.6,3,HARDER
9,74.64,16.91,14,3,91.29,3,HARDER
9,82.41,13.98,12,2,93.8,3,HARDER
16,83.84,39.69,20,3,76.3,5,SAME
4,80.24,18.82,7,1,96.41,1,HARDER
16,72.52,41.65,31,6,30.63,5,EASIER
12,87.45,14.94,14,2,81.56,4,HARDER
12,75.62,28.63,18,4,78.24,4,SAME
9,90.04,25.36,12,1,88.13,3,HARDER
12,79.1,21.13,17,3,77.2,4,SAME
4,100.0,8.28,4,0,100.0,1,HARDER
16,84.2,29.42,22,3,63.44,5,HARDER
9,99.59,23.41,10,0,92.26,3,HARDER
9,81.06,22.85,11,2,78.32,3,SAME
4,98.57,7.01,6,0,98.21,1,HARDER
12,81.27,16.28,18,3,75.93,4,EASIER
12,81.09,19.6,18,3,73.34,4,SAME
12,75.78,24.03,21,4,83.76,4,SAME
12,86.37,26.0,15,2,79.46,4,HARDER
12,74.8,25.94,18,4,65.86,4,SAME
12,92.6,26.32,14,1,85.97,4,HARDER
4,98.92,10.76,4,0,100.0,1,HARDER
4,80.57,9.79,5,1,94.12,1,SAME
12,88.12,27.68,14,2,75.11,4,HARDER
12,85.94,19.61,17,2,78.61,4,HARDER
12,83.85,38.91,15,2,96.18,4,HARDER
16,79.15,29.28,20,4,58.61,5,HARDER
4,80.81,18.71,7,1,79.48,1,HARDER
6,67.26,17.94,14,3,63.13,2,EASIER
12,86.36,23.42,16,2,90.55,4,HARDER
16,72.68,27.12,25,6,54.12,5,EASIER
16,81.65,30.48,23,3,71.17,5,SAME
4,64.51,18.86,6,2,100.0,1,SAME
16,75.3,51.46,24,5,60.72,5,EASIER
16,79.97,41.19,24,4,59.77,5,EASIER
6,86.02,13.38,7,1,86.37,2,HARDER
6,85.11,18.91,10,1,89.68,2,HARDER
4,80.2,16.43,5,1,94.78,1,HARDER
16,73.0,24.58,25,6,51.73,5,EASIER
9,90.09,31.0,11,1,83.76,3,HARDER
16,82.57,47.82,23,3,64.41,5,HARDER
6,74.99,14.1,8,2,87.47,2,HARDER
16,83.67,38.41,22,3,77.8,5,HARDER
4,100.0,12.59,4,0,100.0,1,HARDER
9,75.49,24.82,15,3,79.85,3,HARDER
4,79.15,14.18,6,1,88.92,1,HARDER
9,99.94,13.0,9,0,94.17,3,HARDER
6,74.27,14.49,9,2,95.32,2,SAME
6,83.98,12.43,7,1,73.54,2,HARDER
4,100.0,11.66,5,0,95.73,1,HARDER
16,89.03,18.14,19,2,94.19,5,HARDER
6,71.39,26.71,8,2,88.03,2,HARDER
12,83.19,28.87,16,2,91.66,4,HARDER
16,69.55,33.31,28,7,47.31,5,EASIER
6,99.93,18.13,6,0,95.37,2,HARDER
4,99.05,13.57,4,0,97.89,1,HARDER
12,73.29,27.69,17,4,59.16,4,EASIER
16,76.82,29.12,23,5,58.52,5,EASIER
9,90.11,11.95,10,1,100.0,3,HARDER
9,97.82,20.61,10,0,100.0,3,HARDER
4,100.0,21.7,4,0,100.0,1,HARDER
12,74.15,32.91,19,4,57.82,4,EASIER
16,65.71,48.12,29,9,24.02,5,EASIER
4,64.97,12.76,7,2,79.55,1,EASIER
4,80.72,13.68,5,1,82.67,1,HARDER
6,100.0,13.72,6,0,92.11,2,HARDER
16,86.33,24.94,22,3,64.84,5,HARDER
12,70.7,31.61,19,5,71.22,4,EASIER
16,94.63,27.01,17,1,94.86,5,HARDER
4,99.32,12.98,6,0,100.0,1,HARDER
4,79.92,12.83,5,1,96.22,1,HARDER
9,80.96,20.88,14,2,74.07,3,HARDER
6,100.0,16.82,6,0,96.53,2,HARDER
9,99.64,13.63,10,0,92.88,3,HARDER
12,74.71,25.15,19,4,59.75,4,EASIER
4,66.59,13.55,7,2,100.0,1,HARDER
12,100.0,26.59,12,0,94.97,4,HARDER
9,97.94,19.71,10,0,100.0,3,HARDER
4,80.84,14.12,7,1,86.16,1,HARDER
9,73.79,25.75,18,3,73.62,3,EASIER
4,100.0,12.42,4,0,100.0,1,HARDER
9,90.18,15.05,13,1,90.93,3,HARDER
9,99.26,13.13,9,0,99.81,3,HARDER
4,79.04,15.25,5,1,93.88,1,HARDER
6,86.36,13.88,8,1,87.92,2,HARDER
12,80.31,32.43,18,3,82.45,4,SAME
12,86.25,44.9,15,2,79.61,4,HARDER
16,77.82,31.99,21,4,66.42,5,EASIER
6,100.0,22.54,6,0,92.94,2,HARDER
6,74.43,13.98,8,2,89.31,2,SAME
6,85.12,14.57,8,1,96.16,2,HARDER
12,78.07,33.29,17,3,84.59,4,SAME
12,80.06,31.9,17,3,60.77,4,SAME
12,60.19,38.0,22,8,27.65,4,EASIER
4,81.02,19.32,6,1,88.27,1,HARDER
12,73.6,22.95,21,5,56.3,4,EASIER
16,71.21,20.34,24,6,49.35,5,SAME
16,94.93,22.55,17,1,78.59,5,HARDER
9,99.15,19.9,9,0,100.0,3,HARDER
12,84.05,20.08,15,2,81.51,4,HARDER
9,81.79,17.09,14,2,76.99,3,SAME
16,71.68,43.91,24,6,60.71,5,EASIER
6,100.0,7.07,6,0,100.0,2,SAME
9,76.11,22.65,14,3,76.51,3,HARDER
12,76.23,21.34,18,4,63.99,4,HARDER
12,79.41,15.11,17,3,73.44,4,HARDER
4,79.35,8.65,5,1,100.0,1,HARDER
4,67.85,17.14,6,2,85.8,1,SAME
9,100.0,14.72,10,0,90.03,3,HARDER
12,92.25,22.25,15,1,80.33,4,HARDER
6,74.84,14.79,8,2,73.4,2,SAME
12,85.88,22.15,16,2,83.04,4,HARDER
12,77.74,24.67,17,4,60.25,4,SAME
6,85.72,20.97,8,1,85.8,2,HARDER
9,81.69,15.58,12,2,100.0,3,HARDER
6,86.58,15.27,9,1,79.92,2,HARDER
4,98.92,10.52,5,0,92.38,1,HARDER
4,100.0,10.83,5,0,100.0,1,HARDER
12,67.2,41.92,21,6,48.15,4,EASIER
16,78.66,53.5,26,4,54.09,5,EASIER
12,86.5,24.8,14,2,88.8,4,HARDER
9,81.94,10.77,12,2,86.83,3,HARDER
16,84.71,33.56,22,3,63.19,5,SAME
16,75.7,33.66,23,5,61.01,5,SAME
12,70.4,49.45,21,5,60.78,4,EASIER
12,74.03,30.92,19,4,66.9,4,SAME
16,87.99,24.73,20,2,88.59,5,EASIER
9,100.0,21.6,9,0,93.58,3,HARDER
4,99.21,10.44,5,0,100.0,1,HARDER
9,68.67,29.49,15,4,62.06,3,EASIER
12,100.0,20.17,12,0,100.0,4,HARDER
9,91.19,21.65,11,1,88.42,3,HARDER
16,84.07,32.08,23,3,69.39,5,HARDER
12,90.38,23.4,13,1,90.49,4,HARDER
9,90.13,21.02,11,1,89.87,3,HARDER
12,79.53,28.02,16,3,82.62,4,HARDER
9,75.58,21.36,17,3,69.03,3,SAME
9,75.0,18.93,15,3,75.58,3,SAME
4,100.0,14.05,4,0,100.0,1,HARDER
16,72.87,36.53,27,6,41.76,5,EASIER
9,90.25,10.54,10,1,97.79,3,HARDER
6,85.72,11.87,8,1,92.18,2,HARDER
12,92.78,34.63,16,1,92.17,4,HARDER
6,99.11,11.07,6,0,97.77,2,HARDER
6,100.0,14.85,6,0,100.0,2,HARDER
12,91.95,16.93,15,1,100.0,4,HARDER
12,78.61,18.34,16,3,89.56,4,HARDER
4,80.18,10.8,5,1,100.0,1,HARDER
16,81.55,26.95,25,4,76.11,5,HARDER
16,74.54,49.06,30,5,51.87,5,EASIER
9,80.66,16.6,11,2,88.58,3,HARDER
4,66.95,19.88,6,2,87.08,1,SAME
12,87.11,17.48,18,2,72.92,4,HARDER
9,73.97,17.59,15,3,71.06,3,SAME
6,99.02,15.94,6,0,86.91,2,HARDER
9,89.84,21.63,10,1,97.25,3,HARDER
12,75.66,32.56,16,4,70.04,4,SAME
12,86.41,24.96,14,2,93.01,4,HARDER
16,77.1,20.13,25,5,74.38,5,SAME
4,81.01,10.92,5,1,96.28,1,HARDER
9,87.82,16.03,12,1,87.51,3,HARDER
12,86.38,19.46,17,2,75.06,4,HARDER
4,80.25,10.93,5,1,99.62,1,HARDER
9,90.35,19.92,10,1,100.0,3,HARDER
12,93.79,20.41,14,1,92.3,4,HARDER
12,92.02,24.78,13,1,92.88,4,HARDER
12,86.68,27.72,18,2,67.17,4,HARDER
12,80.33,30.48,17,3,86.61,4,SAME
9,70.23,23.93,16,4,64.73,3,EASIER
16,77.23,35.42,30,5,39.3,5,EASIER
6,76.01,15.85,9,2,74.98,2,SAME
16,89.07,14.52,21,2,82.89,5,HARDER
9,88.66,20.19,10,1,79.96,3,HARDER
12,66.48,37.19,21,6,57.32,4,EASIER
9,97.44,14.01,10,0,97.2,3,HARDER
4,98.92,10.73,4,0,92.75,1,HARDER
4,80.69,11.77,5,1,97.78,1,HARDER
9,80.57,22.07,12,2,89.11,3,HARDER
9,100.0,13.52,9,0,97.58,3,HARDER
16,85.44,31.42,23,3,72.33,5,SAME
9,99.08,22.49,9,0,79.93,3,HARDER
12,81.21,23.19,16,3,93.42,4,SAME
6,75.99,17.94,10,2,88.94,2,SAME
9,81.15,24.07,12,2,92.05,3,HARDER
6,100.0,22.69,6,0,95.99,2,HARDER
9,98.74,15.39,9,0,95.97,3,HARDER
16,65.95,45.11,32,8,42.08,5,EASIER
9,91.3,28.73,11,1,71.63,3,HARDER
16,73.46,35.86,28,6,54.2,5,EASIER
6,99.79,10.44,6,0,100.0,2,HARDER
4,79.19,9.07,6,1,82.26,1,HARDER
12,91.99,23.46,13,1,100.0,4,HARDER
12,91.16,21.95,13,1,95.59,4,HARDER
9,90.42,18.79,12,1,88.86,3,HARDER
6,85.28,17.08,8,1,97.78,2,HARDER
4,100.0,10.84,4,0,100.0,1,HARDER
16,95.29,16.55,19,1,89.49,5,HARDER
12,100.0,17.19,12,0,96.74,4,HARDER
6,85.8,21.28,9,1,100.0,2,HARDER
9,82.43,26.29,12,2,95.67,3,SAME
9,89.55,31.4,10,1,100.0,3,HARDER
12,84.81,11.88,16,2,64.16,4,HARDER
6,99.73,11.48,6,0,96.44,2,HARDER
9,82.14,19.13,17,2,86.99,3,HARDER
4,98.46,16.65,4,0,81.69,1,HARDER
16,77.23,38.39,25,5,71.05,5,SAME
4,78.89,19.48,5,1,83.16,1,HARDER
9,82.15,30.86,12,2,78.18,3,EASIER
6,99.61,13.93,6,0,100.0,2,HARDER
6,100.0,11.88,6,0,100.0,2,HARDER
16,80.35,22.7,22,4,71.33,5,SAME
9,89.98,22.62,11,1,95.36,3,HARDER
4,79.44,12.98,6,1,88.44,1,HARDER
9,75.51,17.34,13,3,65.68,3,SAME
6,66.93,22.83,12,3,76.87,2,EASIER
12,80.63,31.46,18,3,62.43,4,SAME
6,84.04,28.03,7,1,85.44,2,HARDER
12,83.88,30.62,17,2,61.99,4,HARDER
4,80.1,16.19,6,1,73.94,1,EASIER
4,78.45,17.67,5,1,78.01,1,HARDER
12,100.0,26.32,13,0,76.52,4,HARDER
4,100.0,13.24,4,0,100.0,1,HARDER
4,99.41,15.37,5,0,100.0,1,HARDER
9,71.57,19.08,16,4,80.78,3,EASIER
12,83.89,19.27,15,2,100.0,4,HARDER
6,100.0,12.48,6,0,100.0,2,SAME
12,75.18,27.97,21,4,64.76,4,EASIER
9,89.37,18.89,10,1,87.08,3,HARDER
4,99.26,15.86,4,0,100.0,1,HARDER
12,81.86,14.7,16,3,92.18,4,HARDER
4,100.0,10.28,4,0,98.11,1,HARDER
16,74.13,46.11,28,6,48.38,5,EASIER
12,90.98,25.12,14,1,94.59,4,HARDER
4,80.13,14.13,6,1,82.71,1,HARDER
9,89.49,16.94,10,1,85.07,3,HARDER
6,100.0,17.95,6,0,100.0,2,HARDER
16,74.2,30.28,27,6,40.59,5,EASIER
12,79.91,26.98,16,3,72.51,4,HARDER
9,67.65,22.91,17,4,65.66,3,EASIER
12,63.29,45.61,26,7,34.31,4,EASIER
16,72.59,35.3,26,6,56.47,5,EASIER
16,79.17,26.73,21,4,70.95,5,SAME
4,100.0,7.05,4,0,100.0,1,HARDER
9,100.0,20.44,9,0,94.92,3,HARDER
4,99.46,12.91,4,0,100.0,1,HARDER
4,79.18,17.26,6,1,86.17,1,HARDER
6,66.54,17.31,11,3,72.98,2,SAME
9,92.6,18.75,11,1,98.73,3,HARDER
16,84.96,37.09,21,3,78.78,5,SAME
9,99.6,24.08,9,0,100.0,3,HARDER
9,90.35,18.83,10,1,100.0,3,HARDER
4,100.0,8.1,4,0,99.81,1,HARDER
9,69.34,18.86,15,4,72.9,3,EASIER
4,99.38,10.93,4,0,100.0,1,HARDER
4,99.78,16.75,4,0,98.95,1,HARDER
4,78.72,17.57,5,1,88.79,1,HARDER
12,84.18,43.35,14,2,73.37,4,SAME
16,72.01,58.12,28,6,37.29,5,EASIER
9,91.36,27.71,10,1,100.0,3,HARDER
6,52.77,29.79,12,5,59.69,2,EASIER
9,80.91,14.69,12,2,79.35,3,HARDER
9,89.07,20.26,10,1,99.11,3,HARDER
6,76.29,19.48,9,2,77.65,2,HARDER
6,97.91,14.54,7,0,98.04,2,HARDER
16,81.39,33.18,25,4,76.39,5,HARDER
16,75.93,58.4,25,5,51.99,5,EASIER
16,84.32,19.23,23,3,72.57,5,HARDER
4,98.26,10.0,4,0,100.0,1,HARDER
6,100.0,11.1,6,0,100.0,2,HARDER
6,99.43,23.62,6,0,100.0,2,HARDER
12,80.07,22.23,17,3,72.07,4,HARDER
12,84.28,16.96,14,2,93.42,4,HARDER
4,80.61,15.51,5,1,100.0,1,HARDER
16,84.04,34.76,22,3,64.58,5,SAME
6,86.44,11.33,9,1,82.14,2,SAME
4,79.17,16.28,7,1,86.8,1,EASIER
9,69.05,38.64,19,4,59.07,3,EASIER
12,92.61,15.36,13,1,93.99,4,HARDER
12,86.76,33.8,15,2,75.26,4,HARDER
12,72.44,40.2,22,5,61.21,4,EASIER
16,81.02,29.67,21,4,73.85,5,SAME
6,74.24,26.17,10,2,81.12,2,HARDER
12,90.71,27.36,13,1,100.0,4,HARDER
4,98.93,12.91,4,0,100.0,1,HARDER
4,79.28,11.12,6,1,96.56,1,HARDER
4,68.37,16.5,6,2,83.43,1,EASIER
16,66.97,44.39,29,8,30.31,5,EASIER
4,99.53,14.88,4,0,99.64,1,HARDER
9,90.4,19.78,12,1,97.17,3,HARDER
16,78.74,39.6,24,4,87.67,5,HARDER
12,80.02,41.03,15,3,79.42,4,HARDER
12,80.85,34.56,16,3,78.22,4,HARDER
16,71.37,30.44,23,6,59.1,5,EASIER
9,81.51,18.74,13,2,80.88,3,SAME
16,77.04,42.74,28,5,52.93,5,EASIER
16,61.43,44.82,33,10,8.52,5,EASIER
4,100.0,12.53,4,0,95.43,1,HARDER
12,91.04,17.14,13,1,100.0,4,HARDER
6,99.06,17.15,7,0,100.0,2,HARDER
16,84.57,26.51,19,3,95.01,5,HARDER
6,98.66,9.46,6,0,100.0,2,HARDER
6,86.4,13.17,8,1,75.98,2,HARDER
12,91.27,17.93,17,1,84.67,4,HARDER
4,100.0,6.48,4,0,100.0,1,HARDER
4,100.0,8.28,4,0,100.0,1,HARDER
4,100.0,9.56,4,0,100.0,1,HARDER
12,76.2,21.43,21,4,58.75,4,EASIER
4,80.43,13.83,6,1,100.0,1,HARDER
4,80.08,14.97,6,1,100.0,1,HARDER
9,100.0,17.35,10,0,100.0,3,HARDER
12,60.44,41.81,29,8,11.3,4,EASIER
6,72.75,28.08,14,2,77.11,2,SAME
6,85.43,14.9,8,1,91.08,2,HARDER
6,86.43,16.03,9,1,85.29,2,HARDER
9,81.69,14.33,11,2,89.04,3,HARDER
12,72.56,42.39,19,5,53.83,4,EASIER
12,67.15,24.57,19,6,48.23,4,EASIER
6,75.74,15.43,9,2,67.06,2,SAME
6,100.0,12.01,6,0,95.92,2,HARDER
6,86.89,21.34,7,1,98.46,2,HARDER
12,97.26,16.37,12,0,100.0,4,HARDER
16,85.27,24.76,22,3,64.76,5,HARDER
12,74.03,42.64,21,4,58.1,4,SAME
4,100.0,22.48,4,0,100.0,1,HARDER
16,99.21,15.15,17,0,95.31,5,HARDER
6,85.74,11.22,9,1,80.22,2,SAME
4,78.6,21.57,7,1,97.19,1,HARDER
12,86.27,20.65,14,2,84.25,4,HARDER
12,100.0,26.99,13,0,100.0,4,HARDER
16,84.36,34.03,20,3,80.37,5,HARDER
12,70.45,34.87,24,5,44.3,4,EASIER
9,73.55,25.31,15,3,78.48,3,SAME
12,85.46,17.81,15,2,98.45,4,HARDER
12,70.18,27.19,22,5,68.42,4,EASIER
16,79.76,38.31,23,4,65.61,5,HARDER
6,85.5,13.63,7,1,91.62,2,HARDER
9,81.97,22.57,11,2,95.53,3,HARDER
9,75.46,20.84,15,3,71.72,3,HARDER
9,89.51,33.89,11,1,92.1,3,HARDER
12,80.43,45.7,16,3,77.76,4,SAME
16,79.34,27.51,23,4,50.0,5,EASIER
16,73.48,50.73,24,6,47.05,5,EASIER
9,83.77,18.83,15,2,76.08,3,HARDER
4,99.18,7.08,5,0,86.03,1,HARDER
9,63.74,23.24,14,5,50.45,3,EASIER
6,84.28,15.04,9,1,100.0,2,HARDER
6,75.39,21.97,11,2,88.42,2,HARDER
6,74.01,17.34,9,2,78.49,2,SAME
16,77.57,48.42,24,5,47.58,5,EASIER
6,74.68,19.62,8,2,84.2,2,HARDER
9,89.6,27.49,12,1,84.11,3,HARDER
6,75.14,17.13,11,2,75.48,2,SAME
4,100.0,14.46,4,0,97.97,1,HARDER
9,89.49,16.09,11,1,100.0,3,HARDER
9,81.29,19.69,14,2,68.92,3,HARDER
9,75.33,22.85,17,3,58.9,3,EASIER
9,81.63,31.32,12,2,92.68,3,HARDER
16,99.4,24.18,16,0,95.09,5,HARDER
16,77.23,47.78,23,5,49.24,5,EASIER
6,59.44,27.11,13,4,57.95,2,EASIER
12,70.55,26.98,23,5,54.18,4,EASIER
4,65.93,13.19,6,2,81.6,1,EASIER
9,90.42,13.49,12,1,90.86,3,HARDER
9,92.5,21.54,10,1,100.0,3,HARDER
4,80.62,11.02,5,1,100.0,1,HARDER
16,80.27,20.4,22,4,72.0,5,SAME
12,79.83,18.09,17,3,83.58,4,HARDER
4,80.77,16.67,7,1,84.46,1,SAME
12,90.88,32.7,15,1,82.82,4,HARDER
16,68.42,60.58,24,7,54.07,5,EASIER
12,92.31,12.25,15,1,99.77,4,HARDER
6,84.77,14.26,7,1,100.0,2,HARDER
12,70.88,30.53,19,5,52.63,4,SAME
4,80.41,15.61,5,1,90.26,1,SAME
4,77.19,16.66,5,1,91.36,1,HARDER
9,74.88,19.5,15,3,55.97,3,EASIER
6,100.0,14.7,6,0,100.0,2,HARDER
12,75.76,14.56,20,4,74.44,4,SAME
4,67.0,12.11,7,2,84.9,1,SAME
9,70.41,27.75,15,4,56.03,3,EASIER
12,84.76,19.61,14,2,87.58,4,HARDER
4,81.69,18.93,5,1,100.0,1,HARDER
16,83.86,40.35,19,3,80.91,5,HARDER
16,80.48,37.79,22,4,60.65,5,SAME
9,90.7,18.58,11,1,82.26,3,HARDER
4,98.84,10.94,4,0,100.0,1,HARDER
12,85.41,31.55,18,2,79.44,4,HARDER
6,74.54,12.34,11,2,84.62,2,HARDER
4,98.51,9.9,4,0,96.82,1,HARDER
6,77.33,14.2,9,2,77.83,2,HARDER
6,68.59,19.09,10,3,68.82,2,SAME
6,100.0,9.17,6,0,93.52,2,HARDER
4,99.34,14.79,4,0,91.2,1,HARDER
16,74.86,37.4,28,5,53.2,5,EASIER
12,69.74,34.41,19,5,70.03,4,EASIER
12,92.38,23.53,15,1,91.59,4,HARDER
16,65.1,62.62,32,8,23.83,5,EASIER
4,100.0,12.33,4,0,100.0,1,HARDER
4,100.0,8.72,4,0,96.93,1,HARDER
9,81.07,22.91,12,2,97.31,3,HARDER
9,69.19,27.51,16,4,66.68,3,EASIER
9,81.63,18.09,14,2,81.82,3,HARDER
6,83.32,16.88,7,1,93.73,2,EASIER
9,82.2,24.49,11,2,88.35,3,HARDER
4,100.0,11.79,4,0,95.25,1,HARDER
16,83.39,38.18,24,3,75.45,5,SAME
12,67.93,59.67,24,6,34.17,4,EASIER
6,85.5,23.64,8,1,95.29,2,HARDER
4,79.43,24.05,5,1,82.61,1,SAME
9,99.19,15.19,9,0,100.0,3,HARDER
4,79.77,12.02,5,1,97.42,1,HARDER
9,91.64,40.65,12,1,96.9,3,HARDER
4,99.92,14.3,4,0,100.0,1,HARDER
4,81.72,10.14,5,1,100.0,1,HARDER
9,100.0,9.96,9,0,100.0,3,HARDER
9,89.62,14.43,10,1,91.08,3,HARDER
16,79.75,26.91,29,4,49.04,5,EASIER
16,77.4,35.85,26,5,56.49,5,EASIER
16,93.32,25.25,18,1,89.51,5,HARDER
16,79.41,57.68,27,4,60.26,5,HARDER
12,60.18,28.22,23,8,41.91,4,EASIER
9,82.96,26.22,11,2,76.91,3,HARDER
9,99.5,9.89,9,0,92.96,3,HARDER
12,70.98,40.79,19,5,61.54,4,EASIER
16,79.87,45.31,21,4,84.62,5,SAME
6,60.19,14.27,11,4,67.13,2,EASIER
9,81.13,22.61,12,2,93.48,3,HARDER
16,80.99,27.26,25,4,56.92,5,SAME
9,100.0,26.93,10,0,100.0,3,HARDER
4,67.19,13.0,8,2,95.8,1,HARDER
4,100.0,14.27,4,0,100.0,1,HARDER
12,79.56,39.41,17,3,59.13,4,SAME
9,81.72,18.99,13,2,71.56,3,HARDER
16,67.69,49.42,32,8,25.58,5,EASIER
4,79.52,16.22,5,1,90.15,1,SAME
9,63.49,25.98,19,5,59.74,3,EASIER
6,84.77,17.31,9,1,96.95,2,HARDER
12,81.2,58.1,18,3,80.23,4,SAME
6,99.45,12.16,6,0,96.67,2,HARDER
4,100.0,15.29,4,0,100.0,1,HARDER
9,81.46,19.87,12,2,85.01,3,HARDER
12,76.43,21.76,18,4,79.69,4,HARDER
12,99.56,19.12,13,0,100.0,4,HARDER
4,100.0,13.58,4,0,100.0,1,HARDER
4,79.7,7.51,5,1,100.0,1,HARDER
9,99.35,14.27,9,0,100.0,3,HARDER
9,75.64,27.39,14,3,73.11,3,SAME
4,80.42,20.48,5,1,91.33,1,SAME
4,100.0,12.09,4,0,100.0,1,HARDER
9,100.0,12.15,9,0,100.0,3,HARDER
6,84.82,16.96,7,1,100.0,2,HARDER
9,91.96,17.74,14,1,77.51,3,EASIER
16,75.09,33.82,23,5,53.29,5,EASIER
9,89.13,14.56,10,1,96.72,3,HARDER
16,81.28,34.71,24,4,69.46,5,SAME
4,79.46,12.59,6,1,100.0,1,HARDER
12,75.74,50.77,17,4,66.34,4,EASIER
16,88.71,28.76,22,2,77.18,5,SAME
4,100.0,9.43,4,0,100.0,1,HARDER
9,88.5,14.17,10,1,95.76,3,HARDER
16,74.0,27.38,27,5,62.67,5,EASIER
9,75.42,19.17,16,3,65.99,3,EASIER
6,100.0,13.97,6,0,100.0,2,HARDER
4,80.78,14.77,5,1,86.99,1,HARDER
9,99.43,18.81,12,0,100.0,3,HARDER
6,85.5,21.85,8,1,84.19,2,HARDER
6,99.11,16.95,6,0,100.0,2,HARDER
4,100.0,14.66,4,0,100.0,1,HARDER
16,75.03,27.05,23,5,67.78,5,SAME
9,99.67,15.76,10,0,100.0,3,HARDER
12,71.76,24.03,22,5,64.68,4,EASIER
6,66.9,27.17,11,3,61.56,2,EASIER
4,68.41,19.05,7,2,89.89,1,SAME
4,79.73,11.67,5,1,98.33,1,HARDER
9,74.55,24.33,13,3,76.27,3,SAME
16,73.2,43.42,26,6,42.11,5,EASIER
16,69.77,52.38,29,7,32.12,5,EASIER
16,81.13,24.48,25,4,70.14,5,SAME
12,92.2,20.32,13,1,85.37,4,HARDER
12,75.7,42.37,22,4,56.55,4,EASIER
6,100.0,20.27,6,0,99.35,2,HARDER
6,83.67,20.58,7,1,100.0,2,HARDER
4,97.95,7.6,4,0,100.0,1,HARDER
16,68.59,65.83,32,7,21.8,5,EASIER
6,75.43,15.52,10,2,80.6,2,SAME
9,76.68,23.34,13,3,79.17,3,SAME
9,75.14,24.64,15,3,62.9,3,SAME
16,75.65,52.58,25,5,70.12,5,EASIER
9,100.0,19.87,9,0,99.31,3,HARDER
9,82.89,21.01,13,2,75.82,3,HARDER
4,79.59,10.43,5,1,96.51,1,HARDER
4,99.77,8.13,4,0,83.35,1,HARDER
9,99.4,12.13,10,0,100.0,3,HARDER
12,80.56,34.69,16,3,63.84,4,SAME
6,85.03,16.81,10,1,100.0,2,HARDER
16,77.09,24.03,27,5,57.74,5,EASIER
9,91.7,22.76,11,1,97.45,3,HARDER
4,79.63,14.79,6,1,89.75,1,HARDER
12,79.46,25.08,17,3,73.4,4,HARDER
16,72.23,45.56,26,6,48.28,5,EASIER
16,76.7,42.65,25,5,51.75,5,SAME
16,64.79,45.58,27,8,45.09,5,EASIER
12,76.93,32.85,20,4,69.29,4,SAME
16,84.75,24.81,21,3,74.03,5,HARDER
4,100.0,12.08,4,0,100.0,1,HARDER
6,99.14,10.79,6,0,93.82,2,HARDER
4,80.91,16.13,6,1,97.64,1,HARDER
4,99.45,17.22,4,0,100.0,1,HARDER
6,85.27,15.7,7,1,80.31,2,HARDER
6,99.38,12.48,6,0,95.86,2,HARDER
9,90.48,14.47,12,1,86.84,3,HARDER
4,98.93,11.88,4,0,100.0,1,HARDER
6,99.3,14.9,6,0,100.0,2,HARDER
4,100.0,7.53,4,0,94.45,1,HARDER
9,88.57,20.03,10,1,86.75,3,HARDER
4,99.57,16.18,4,0,100.0,1,HARDER
16,63.76,66.38,29,9,31.07,5,EASIER
9,90.0,15.93,11,1,96.91,3,HARDER
6,85.46,20.15,8,1,94.26,2,HARDER
9,81.57,16.98,16,2,68.96,3,SAME
6,100.0,8.19,6,0,97.16,2,HARDER
9,90.55,20.95,12,1,85.26,3,HARDER
12,65.94,47.23,21,6,56.66,4,EASIER
4,99.36,12.65,4,0,100.0,1,HARDER
12,66.17,30.18,20,6,48.31,4,EASIER
4,65.85,19.27,9,2,100.0,1,SAME
12,80.73,29.25,16,3,70.37,4,HARDER
6,74.61,24.61,10,2,71.97,2,SAME
16,72.74,37.4,26,6,62.01,5,EASIER
6,98.87,14.84,8,0,100.0,2,HARDER
16,81.52,44.73,21,4,63.04,5,SAME
6,85.35,21.59,8,1,81.34,2,SAME
6,74.34,25.42,10,2,73.43,2,SAME
16,88.67,27.98,20,2,79.3,5,HARDER
12,87.03,19.75,17,2,85.38,4,HARDER
12,85.22,25.99,15,2,83.34,4,HARDER
6,75.23,11.52,9,2,83.61,2,HARDER
12,79.5,25.24,19,3,67.34,4,SAME
12,73.96,30.49,23,4,59.89,4,EASIER
9,88.88,12.61,14,1,87.99,3,HARDER
16,80.82,38.61,24,4,66.17,5,EASIER
4,65.45,24.85,8,2,80.92,1,EASIER
9,82.13,23.16,11,2,84.31,3,HARDER
16,67.34,43.37,29,8,32.13,5,EASIER
12,85.8,24.24,15,2,88.71,4,HARDER
9,70.35,42.75,15,4,63.39,3,EASIER
12,82.33,19.35,19,3,84.31,4,SAME
4,98.98,9.65,4,0,100.0,1,HARDER
12,92.58,14.13,15,1,91.97,4,HARDER
12,85.62,19.79,15,2,75.37,4,HARDER
12,61.59,39.7,20,8,45.14,4,EASIER
6,74.1,23.64,11,2,90.33,2,SAME
16,69.71,31.16,28,7,42.11,5,EASIER
6,68.83,22.3,10,3,71.54,2,EASIER
9,89.72,21.76,11,1,95.7,3,HARDER
16,93.43,21.03,19,1,89.64,5,HARDER
12,84.89,20.68,19,2,78.82,4,HARDER
9,81.17,15.06,13,2,92.65,3,HARDER
4,80.17,14.19,8,1,78.07,1,SAME
12,70.02,20.11,21,5,52.53,4,EASIER
4,80.45,11.28,7,1,87.25,1,HARDER
16,93.39,15.96,19,1,73.23,5,HARDER
12,72.34,30.36,20,5,54.35,4,EASIER
9,80.73,17.23,12,2,86.2,3,HARDER
12,84.9,24.65,17,2,80.78,4,HARDER
6,82.76,14.83,9,1,100.0,2,HARDER
6,76.05,12.69,10,2,82.65,2,HARDER
4,100.0,9.62,4,0,96.58,1,HARDER
16,79.76,39.13,21,4,64.0,5,SAME
4,99.41,13.24,4,0,99.82,1,HARDER
9,100.0,16.12,9,0,100.0,3,HARDER
9,80.8,16.23,14,2,75.68,3,SAME
9,75.08,17.58,12,3,88.89,3,HARDER
6,100.0,10.77,6,0,93.38,2,HARDER
6,66.13,17.53,12,3,74.84,2,EASIER
16,75.82,26.13,25,5,53.18,5,EASIER
9,75.46,39.09,14,3,68.04,3,SAME
4,81.7,10.86,6,1,94.74,1,HARDER
12,85.78,22.71,14,2,83.13,4,HARDER
9,100.0,9.6,9,0,100.0,3,HARDER
6,100.0,14.41,7,0,87.15,2,HARDER
16,67.05,56.2,28,8,43.09,5,EASIER
12,63.6,41.89,22,7,60.74,4,EASIER
12,83.37,29.53,15,2,75.91,4,HARDER
12,88.33,22.84,14,2,93.0,4,HARDER
12,85.84,21.86,16,2,97.27,4,HARDER
9,90.69,21.43,11,1,97.76,3,HARDER
9,82.53,29.73,11,2,88.18,3,HARDER
6,65.22,23.33,9,3,83.09,2,EASIER
6,100.0,11.43,6,0,100.0,2,HARDER
16,70.96,35.25,27,7,50.81,5,EASIER
12,80.16,28.03,16,3,85.66,4,HARDER
9,71.73,27.06,15,3,89.08,3,SAME
4,100.0,7.32,4,0,97.44,1,HARDER
12,74.44,41.59,21,4,45.52,4,EASIER
16,65.14,36.35,30,9,19.24,5,EASIER
6,75.41,12.56,9,2,84.79,2,SAME
6,99.36,11.76,6,0,87.1,2,HARDER
6,86.35,15.91,8,1,93.57,2,HARDER
16,82.8,33.24,20,3,71.7,5,SAME
16,83.72,30.47,22,3,81.81,5,SAME
16,79.26,32.32,20,4,90.12,5,SAME
16,88.6,36.86,21,2,80.64,5,HARDER
4,79.78,14.2,5,1,95.46,1,HARDER
6,76.6,13.2,9,2,75.34,2,SAME
12,80.68,36.09,16,3,78.96,4,SAME
6,72.57,15.62,8,2,80.77,2,HARDER
4,99.85,9.65,4,0,100.0,1,EASIER
6,76.36,28.75,10,2,83.04,2,SAME
6,99.45,16.14,6,0,98.34,2,HARDER
9,98.94,16.13,9,0,97.38,3,HARDER
9,76.82,21.84,14,3,77.52,3,SAME
6,74.67,18.51,12,2,70.37,2,SAME
12,94.09,23.77,14,1,95.17,4,HARDER
6,100.0,19.7,6,0,100.0,2,HARDER
6,75.66,19.4,12,2,67.6,2,SAME
9,80.67,13.11,12,2,91.76,3,HARDER
12,86.1,17.48,17,2,93.93,4,HARDER
9,90.44,20.82,10,1,100.0,3,HARDER
4,100.0,9.75,5,0,100.0,1,HARDER
6,86.36,7.99,8,1,100.0,2,HARDER
6,83.91,17.59,8,1,95.71,2,HARDER
12,85.03,25.64,16,2,84.09,4,HARDER
12,76.04,31.81,21,4,61.54,4,SAME
6,100.0,10.6,6,0,100.0,2,HARDER
4,100.0,14.04,4,0,100.0,1,HARDER
12,66.67,34.78,21,6,52.36,4,EASIER
9,100.0,14.85,9,0,93.37,3,HARDER
6,87.01,24.55,8,1,95.37,2,HARDER
12,85.27,20.75,14,2,91.32,4,HARDER
6,98.91,10.83,6,0,100.0,2,HARDER
16,72.55,46.87,25,6,46.53,5,EASIER
4,100.0,9.94,4,0,100.0,1,HARDER
4,100.0,11.24,4,0,100.0,1,HARDER
12,91.74,14.37,14,1,82.71,4,HARDER
6,86.04,27.57,8,1,90.64,2,HARDER
6,99.99,10.37,6,0,92.33,2,HARDER
9,74.73,34.98,13,3,86.59,3,SAME
6,99.06,18.08,6,0,95.62,2,HARDER
4,80.36,7.53,5,1,100.0,1,HARDER
4,80.28,13.28,7,1,94.04,1,HARDER
6,87.7,15.59,11,1,87.54,2,HARDER
4,98.96,8.16,4,0,100.0,1,HARDER
12,85.62,22.38,14,2,91.33,4,HARDER
9,90.44,14.22,11,1,100.0,3,HARDER
6,73.35,21.97,9,2,75.72,2,HARDER
9,82.73,22.24,13,2,90.02,3,HARDER
4,98.71,7.7,5,0,90.78,1,HARDER
16,85.85,26.9,21,3,75.68,5,HARDER
4,100.0,12.23,4,0,94.62,1,HARDER
4,99.71,11.33,5,0,100.0,1,HARDER
16,80.37,26.53,23,4,53.92,5,SAME
9,89.83,20.31,13,1,100.0,3,HARDER
9,80.69,29.11,13,2,80.06,3,SAME
9,82.62,26.71,15,2,79.31,3,SAME
6,84.33,22.65,9,1,100.0,2,HARDER
16,84.24,25.93,20,3,78.24,5,HARDER
12,81.45,34.25,20,3,86.66,4,HARDER
4,66.78,12.96,7,2,70.57,1,SAME
6,74.2,14.67,8,2,82.09,2,HARDER
4,80.83,6.2,5,1,88.69,1,HARDER
6,74.97,49.0,9,2,87.78,2,SAME
4,66.12,13.49,7,2,80.9,1,SAME
6,75.39,26.93,8,2,83.24,2,SAME
16,79.94,63.02,22,4,60.86,5,SAME
4,100.0,11.74,4,0,100.0,1,EASIER
4,80.09,15.36,5,1,94.53,1,HARDER
12,70.84,27.68,21,5,43.98,4,EASIER
4,100.0,7.74,4,0,100.0,1,HARDER
12,86.6,29.3,15,2,72.31,4,HARDER
4,78.98,11.94,6,1,94.8,1,HARDER
12,85.24,17.51,17,2,83.4,4,HARDER
12,71.48,51.55,19,5,49.07,4,EASIER
9,82.01,27.73,11,2,94.34,3,HARDER
6,100.0,16.36,6,0,84.81,2,HARDER
16,84.69,27.42,23,3,83.38,5,SAME
12,75.24,34.22,21,4,66.29,4,EASIER
9,83.66,29.56,13,2,80.64,3,HARDER
16,69.12,29.06,29,7,50.25,5,EASIER
4,77.85,12.66,5,1,98.68,1,HARDER
9,91.34,15.77,12,1,92.8,3,HARDER
16,86.16,29.02,24,3,73.55,5,SAME
9,82.32,13.46,13,2,84.14,3,HARDER
16,93.52,19.32,19,1,90.56,5,HARDER
6,85.36,14.14,7,1,94.91,2,HARDER
6,86.66,14.84,7,1,90.67,2,HARDER
16,76.51,40.78,24,5,46.0,5,EASIER
16,83.57,28.68,23,3,68.88,5,HARDER
12,80.42,19.57,18,3,90.93,4,HARDER
16,80.05,27.49,21,4,71.62,5,SAME
4,78.93,13.63,5,1,94.68,1,HARDER
6,75.64,23.66,9,2,82.53,2,SAME
12,74.43,27.65,19,4,67.03,4,SAME
6,100.0,14.83,6,0,100.0,2,HARDER
9,89.86,20.7,11,1,88.63,3,HARDER
16,84.29,47.06,20,3,89.76,5,SAME
9,89.25,21.47,11,1,71.22,3,HARDER
16,79.87,31.35,23,4,62.53,5,SAME
4,68.94,18.13,7,2,90.15,1,SAME
16,74.44,28.3,30,6,33.61,5,EASIER
12,66.89,16.24,21,6,56.69,4,EASIER
6,85.48,19.64,7,1,98.32,2,HARDER
6,100.0,15.0,6,0,98.59,2,HARDER
6,84.67,11.96,7,1,96.7,2,HARDER
4,80.1,11.54,6,1,100.0,1,HARDER
4,98.27,13.94,4,0,100.0,1,HARDER
9,70.74,26.85,16,4,69.69,3,SAME
16,84.04,37.77,20,3,96.97,5,HARDER
4,99.17,13.51,4,0,98.84,1,HARDER
12,82.81,23.87,16,2,81.9,4,HARDER
12,73.53,25.85,17,4,75.66,4,EASIER
12,85.16,32.95,14,2,73.4,4,HARDER
9,80.71,23.37,13,2,76.04,3,SAME
4,79.72,14.58,6,1,100.0,1,HARDER
4,67.22,13.92,6,2,95.57,1,HARDER
9,98.62,18.26,9,0,97.41,3,HARDER
12,86.16,21.08,16,2,77.78,4,HARDER
4,100.0,12.09,4,0,100.0,1,HARDER
6,85.04,14.84,7,1,94.36,2,HARDER
6,66.61,17.83,11,3,68.31,2,EASIER
4,100.0,10.4,4,0,100.0,1,HARDER
4,80.07,18.02,5,1,91.92,1,SAME
12,84.27,22.96,14,2,100.0,4,HARDER
9,99.71,16.43,9,0,100.0,3,HARDER
4,79.82,16.39,5,1,97.45,1,HARDER
6,86.96,12.06,7,1,91.21,2,HARDER
16,70.64,35.41,26,6,57.65,5,EASIER
6,98.65,12.88,6,0,100.0,2,HARDER
12,78.79,30.97,18,3,73.36,4,EASIER
4,99.41,9.45,4,0,86.66,1,HARDER
12,71.69,45.29,19,5,59.95,4,EASIER
16,75.23,37.7,27,5,64.59,5,SAME
9,99.72,13.64,9,0,89.05,3,HARDER
16,71.24,33.41,25,6,49.5,5,EASIER
4,78.75,9.86,6,1,94.8,1,HARDER
6,84.72,14.28,8,1,97.96,2,HARDER
16,71.85,38.28,25,6,52.5,5,EASIER
9,83.54,17.33,11,2,84.69,3,HARDER
4,79.86,26.98,6,1,73.73,1,HARDER
4,100.0,9.14,4,0,96.23,1,HARDER
9,74.81,27.27,15,3,74.75,3,EASIER
12,92.34,21.04,14,1,95.42,4,HARDER
6,100.0,10.54,6,0,100.0,2,HARDER
9,73.72,29.26,15,3,62.1,3,SAME
12,86.9,23.0,17,2,83.92,4,HARDER
6,99.64,11.28,6,0,100.0,2,HARDER
4,100.0,15.93,4,0,87.29,1,HARDER
12,77.35,26.12,18,4,74.44,4,SAME
4,67.78,16.84,9,2,76.22,1,SAME
6,85.38,14.4,8,1,79.68,2,HARDER
4,80.54,13.28,6,1,87.96,1,HARDER
9,70.18,29.88,18,4,66.72,3,EASIER
4,98.63,11.65,4,0,100.0,1,HARDER
6,85.17,20.2,7,1,85.0,2,HARDER
16,81.43,19.02,23,4,62.87,5,HARDER
16,92.98,22.6,17,1,100.0,5,HARDER
9,100.0,11.76,10,0,89.06,3,HARDER
12,92.43,36.3,15,1,76.16,4,HARDER
16,68.72,31.19,35,7,37.82,5,EASIER
16,89.19,29.87,21,2,68.03,5,HARDER
9,91.36,15.58,10,1,90.83,3,HARDER
9,74.46,22.82,16,3,65.86,3,EASIER
6,100.0,14.88,6,0,95.29,2,HARDER
6,99.61,14.74,6,0,100.0,2,HARDER
12,86.67,17.88,15,2,93.07,4,HARDER
6,100.0,14.72,6,0,91.44,2,HARDER
16,80.21,36.18,22,4,73.09,5,SAME
12,85.66,19.0,16,2,88.49,4,HARDER
16,80.68,25.94,22,4,68.58,5,SAME
16,80.56,17.03,28,4,59.0,5,EASIER
12,87.65,24.66,16,2,83.16,4,HARDER
6,100.0,16.19,6,0,100.0,2,HARDER
6,100.0,14.12,6,0,100.0,2,HARDER
16,84.9,24.33,25,3,64.05,5,SAME
9,91.11,19.43,10,1,87.93,3,HARDER
9,99.26,20.09,12,0,100.0,3,HARDER
6,98.67,17.5,6,0,100.0,2,HARDER
16,75.74,29.94,26,5,53.32,5,SAME
16,83.95,28.94,21,3,71.37,5,HARDER
9,60.88,39.1,20,6,51.87,3,EASIER
16,67.6,43.46,27,7,49.73,5,EASIER
9,69.86,26.55,14,4,67.77,3,SAME
16,84.19,36.54,23,3,64.55,5,SAME
12,67.3,33.47,21,6,55.64,4,EASIER
6,98.91,16.49,6,0,99.33,2,HARDER
4,79.89,15.6,6,1,94.92,1,HARDER
16,62.02,52.96,37,9,2.69,5,EASIER
16,75.14,28.71,23,5,60.21,5,EASIER
16,76.88,16.86,23,5,70.46,5,SAME
6,85.98,15.31,7,1,83.98,2,HARDER
6,67.35,20.21,11,3,67.03,2,EASIER
12,73.85,23.44,19,4,59.96,4,EASIER
4,100.0,11.38,4,0,100.0,1,HARDER
4,82.98,20.1,5,1,89.05,1,HARDER
12,95.11,20.29,14,1,86.36,4,HARDER
9,82.74,19.09,12,2,70.3,3,HARDER
9,89.03,17.79,11,1,84.05,3,HARDER
6,60.66,21.55,12,4,65.18,2,EASIER
4,80.76,7.78,7,1,69.8,1,HARDER
12,67.13,32.95,25,6,43.85,4,EASIER
16,79.72,24.07,21,4,69.83,5,HARDER
16,68.44,35.86,29,7,43.11,5,EASIER
9,63.32,33.36,15,5,45.63,3,EASIER
12,85.79,27.04,15,2,92.44,4,HARDER
16,76.32,49.08,23,5,60.89,5,EASIER
4,79.96,10.91,6,1,99.37,1,HARDER
9,82.07,15.96,11,2,82.1,3,HARDER
4,77.1,17.45,5,1,94.06,1,HARDER
4,80.62,20.37,5,1,87.0,1,HARDER
12,74.47,41.36,17,4,62.43,4,SAME
12,74.82,27.93,18,4,65.75,4,SAME
4,81.09,14.85,5,1,97.46,1,HARDER
9,82.4,26.93,14,2,75.57,3,HARDER
4,100.0,13.85,4,0,100.0,1,HARDER
6,99.6,17.79,6,0,97.09,2,HARDER
4,82.26,9.24,5,1,97.12,1,HARDER
6,99.06,10.27,6,0,98.98,2,HARDER
9,73.96,31.39,14,3,76.67,3,SAME
4,100.0,7.46,4,0,94.69,1,HARDER
9,82.17,18.4,14,2,85.55,3,HARDER
4,100.0,14.92,4,0,97.55,1,HARDER
6,85.99,8.95,9,1,100.0,2,HARDER
6,77.54,18.35,8,2,79.52,2,SAME
4,100.0,14.82,4,0,99.02,1,HARDER
16,89.74,23.49,22,2,82.62,5,HARDER
6,85.76,14.6,7,1,94.05,2,HARDER
6,86.46,14.64,9,1,84.78,2,HARDER
16,77.08,26.8,24,5,55.43,5,SAME
12,81.02,34.78,18,3,67.09,4,HARDER
9,98.85,12.05,9,0,100.0,3,HARDER
16,71.71,55.6,23,6,58.42,5,EASIER
12,81.44,24.77,18,3,67.08,4,EASIER
12,69.0,34.97,19,5,65.43,4,EASIER
16,65.52,48.68,36,9,0.0,5,EASIER
12,71.56,29.61,23,5,49.7,4,EASIER
12,92.86,29.44,14,1,100.0,4,HARDER
16,75.94,44.66,25,5,64.82,5,EASIER
16,80.06,40.18,22,4,70.1,5,EASIER
16,60.48,37.97,30,10,25.52,5,EASIER
12,99.63,13.56,14,0,100.0,4,HARDER
12,80.0,23.27,17,3,76.24,4,SAME
6,100.0,10.64,7,0,96.22,2,HARDER
12,93.41,22.71,14,1,85.31,4,HARDER
4,79.51,8.81,5,1,96.62,1,HARDER
6,66.99,22.54,9,3,67.83,2,EASIER
6,100.0,11.14,7,0,92.64,2,HARDER
6,66.83,29.5,12,3,67.91,2,EASIER
6,87.06,14.98,9,1,93.97,2,HARDER
4,78.03,10.29,7,1,96.38,1,HARDER
16,74.57,16.63,25,6,49.1,5,EASIER
12,75.05,22.73,22,4,69.73,4,SAME
16,88.2,29.81,21,2,80.58,5,HARDER
12,68.79,33.86,21,6,53.81,4,EASIER
9,88.3,22.78,11,1,84.72,3,HARDER
4,66.39,17.24,8,2,63.38,1,EASIER
6,85.87,16.87,8,1,100.0,2,HARDER
9,90.38,27.34,11,1,88.32,3,HARDER
9,68.76,32.65,14,4,65.33,3,EASIER
4,80.21,15.95,5,1,98.49,1,HARDER
9,90.64,17.76,11,1,78.96,3,HARDER
4,99.65,8.54,4,0,92.08,1,HARDER
4,97.73,14.26,5,0,100.0,1,HARDER
12,74.42,32.73,22,4,49.12,4,SAME
12,85.28,12.92,15,2,84.77,4,HARDER
16,79.13,37.6,24,4,80.22,5,HARDER
9,66.87,34.81,16,5,52.34,3,EASIER
9,82.17,23.49,14,2,74.41,3,HARDER
12,87.1,25.56,18,2,84.46,4,HARDER
16,71.67,33.22,30,6,35.65,5,EASIER
6,100.0,12.89,7,0,98.32,2,HARDER
16,62.47,35.32,29,9,20.96,5,EASIER
12,84.81,36.78,16,2,75.25,4,HARDER
9,100.0,17.68,9,0,100.0,3,HARDER
12,85.49,27.95,15,2,75.73,4,HARDER
4,99.83,11.44,4,0,100.0,1,HARDER
9,56.25,53.17,16,7,39.18,3,EASIER
6,74.37,15.38,10,2,72.16,2,SAME
9,89.62,18.68,10,1,100.0,3,HARDER
16,79.71,27.42,22,4,61.62,5,SAME
6,85.82,14.74,8,1,91.35,2,HARDER
12,100.0,30.96,13,0,95.4,4,HARDER
9,100.0,12.69,9,0,95.37,3,HARDER
4,80.19,14.18,6,1,91.72,1,HARDER
4,79.38,19.24,6,1,96.29,1,HARDER
4,100.0,12.04,4,0,100.0,1,HARDER
4,100.0,11.74,4,0,99.37,1,HARDER
9,89.36,28.01,10,1,88.55,3,HARDER
9,80.26,13.8,11,2,81.17,3,HARDER
6,100.0,13.53,6,0,95.73,2,HARDER
9,77.03,46.03,13,3,67.05,3,EASIER
6,73.85,14.97,10,2,68.47,2,SAME
12,86.15,15.6,15,2,85.66,4,HARDER
6,99.35,19.95,6,0,93.64,2,HARDER
4,80.78,13.97,5,1,81.42,1,HARDER
9,100.0,28.14,10,0,99.62,3,HARDER
16,68.79,37.56,30,7,39.22,5,EASIER
4,98.16,7.53,4,0,95.63,1,HARDER
9,74.64,13.98,14,3,78.08,3,SAME
12,75.92,29.43,17,4,72.74,4,SAME
4,100.0,10.93,5,0,97.27,1,HARDER
9,91.98,15.93,13,1,94.91,3,HARDER
9,90.09,16.38,12,1,99.5,3,HARDER
16,83.71,28.79,20,3,75.68,5,HARDER
6,75.46,23.94,9,2,76.33,2,SAME
9,91.41,24.35,10,1,89.47,3,HARDER
9,74.57,22.43,13,3,90.09,3,SAME
9,90.2,18.81,12,1,85.51,3,HARDER
4,100.0,13.64,4,0,100.0,1,SAME
16,82.26,23.0,23,3,77.91,5,HARDER
12,87.39,17.93,16,2,76.15,4,HARDER
12,86.31,21.48,15,2,72.23,4,HARDER
4,98.74,12.81,4,0,96.3,1,HARDER
6,100.0,14.38,6,0,100.0,2,HARDER
16,86.0,17.77,22,3,69.85,5,HARDER
4,99.78,16.79,4,0,100.0,1,HARDER
6,75.22,36.37,8,2,88.78,2,SAME
12,84.84,28.5,16,2,77.83,4,HARDER
4,80.05,18.58,5,1,77.22,1,HARDER
6,98.35,9.18,6,0,93.9,2,HARDER
6,74.96,25.14,10,2,80.1,2,SAME
4,98.73,6.74,5,0,100.0,1,HARDER
9,73.42,24.01,16,3,76.5,3,HARDER
9,76.02,26.31,13,3,70.72,3,EASIER
12,61.82,44.38,29,8,28.92,4,EASIER
4,98.9,15.32,4,0,100.0,1,HARDER
12,84.29,23.83,15,2,82.72,4,HARDER
16,84.45,32.26,23,3,65.82,5,HARDER
16,73.24,31.66,27,6,60.42,5,EASIER
9,90.93,34.46,11,1,90.77,3,HARDER
12,76.18,43.83,17,4,66.76,4,EASIER
16,75.18,42.08,24,5,58.86,5,EASIER
9,74.78,18.35,14,3,88.16,3,SAME
9,90.04,21.13,11,1,86.83,3,HARDER
4,99.38,8.96,4,0,100.0,1,HARDER
9,73.83,31.0,14,3,79.42,3,SAME
12,86.52,17.35,17,2,73.9,4,HARDER
16,90.48,23.07,18,2,86.79,5,HARDER
4,100.0,11.1,4,0,100.0,1,HARDER
16,89.88,31.61,22,2,80.31,5,HARDER
9,74.3,23.63,13,3,65.65,3,SAME
6,76.49,24.18,10,2,85.03,2,SAME
9,81.43,22.41,11,2,96.48,3,HARDER
4,80.44,16.49,5,1,100.0,1,SAME
4,98.96,8.56,4,0,100.0,1,HARDER
9,91.75,21.42,10,1,81.32,3,HARDER
12,85.36,37.86,15,2,70.86,4,SAME
4,79.46,6.54,6,1,89.72,1,HARDER
6,74.27,18.95,9,2,80.54,2,HARDER
4,98.62,14.21,4,0,95.01,1,HARDER
6,99.49,18.45,6,0,100.0,2,HARDER
9,81.76,11.4,15,2,80.53,3,SAME
12,81.94,29.19,18,3,57.88,4,SAME
16,74.19,31.82,26,6,51.68,5,EASIER
9,69.09,26.31,13,4,72.54,3,EASIER
16,61.47,81.87,31,10,22.58,5,EASIER
16,83.92,20.71,21,3,84.17,5,HARDER
9,83.28,31.93,14,2,79.67,3,SAME
6,86.67,20.74,8,1,100.0,2,HARDER
9,89.37,17.75,10,1,95.33,3,HARDER
6,75.08,23.06,9,2,82.06,2,HARDER
4,100.0,10.59,4,0,97.46,1,HARDER
9,74.56,18.02,14,3,80.41,3,SAME
16,83.58,23.46,24,3,68.7,5,HARDER
16,75.49,16.12,22,5,58.61,5,SAME
4,98.81,7.81,4,0,100.0,1,HARDER
4,81.38,12.73,6,1,87.64,1,HARDER
12,83.81,20.77,14,2,75.06,4,HARDER
12,79.66,28.41,18,3,80.4,4,SAME
6,84.84,14.25,7,1,100.0,2,HARDER
16,88.34,22.15,19,2,80.85,5,HARDER
6,74.9,22.63,8,2,84.83,2,SAME
9,80.69,26.68,13,2,83.53,3,HARDER
4,100.0,11.51,4,0,97.81,1,HARDER
9,74.52,17.01,13,3,72.24,3,HARDER
4,100.0,15.7,4,0,99.93,1,HARDER
12,100.0,15.84,12,0,90.12,4,HARDER
16,89.63,25.31,19,2,73.92,5,HARDER
4,98.2,8.72,5,0,100.0,1,HARDER
12,68.47,23.8,23,5,57.14,4,EASIER
16,80.34,33.67,21,4,60.97,5,SAME
4,99.86,8.49,4,0,98.76,1,HARDER
16,89.36,21.59,22,2,77.26,5,HARDER
9,99.36,20.78,9,0,100.0,3,HARDER
4,78.03,14.74,5,1,100.0,1,HARDER
9,89.5,25.45,10,1,88.9,3,HARDER
12,86.26,17.04,16,2,96.18,4,HARDER
9,74.05,30.96,15,3,79.35,3,SAME
9,91.21,26.37,12,1,92.41,3,HARDER
6,87.4,20.89,8,1,75.18,2,SAME
16,80.42,27.31,23,4,70.28,5,HARDER
6,76.65,16.66,9,2,84.72,2,HARDER
16,100.0,20.99,16,0,100.0,5,HARDER
16,75.94,33.85,25,5,65.79,5,SAME
16,72.18,44.63,29,6,39.44,5,EASIER
16,81.16,35.13,21,4,74.05,5,SAME
6,100.0,10.78,6,0,99.59,2,HARDER
9,74.84,15.5,14,3,67.85,3,HARDER
12,79.74,21.66,17,3,66.69,4,SAME
4,100.0,16.31,4,0,99.49,1,HARDER
4,67.03,27.85,8,2,72.58,1,SAME
12,91.13,14.06,13,1,100.0,4,HARDER
6,100.0,11.06,6,0,100.0,2,HARDER
9,82.68,20.41,12,2,78.44,3,SAME
9,70.3,36.54,19,4,55.18,3,HARDER
6,98.87,10.6,6,0,87.13,2,HARDER
9,80.23,17.31,12,2,89.97,3,HARDER
16,75.21,35.46,23,5,52.03,5,EASIER
12,100.0,22.63,15,0,100.0,4,HARDER
9,81.75,21.04,12,2,79.32,3,SAME
16,75.42,18.14,26,5,54.6,5,SAME
16,61.31,38.98,31,10,16.64,5,EASIER
9,91.33,17.21,10,1,98.47,3,HARDER
16,93.64,28.47,18,1,100.0,5,HARDER
6,85.22,17.44,8,1,96.77,2,HARDER
6,85.94,15.07,7,1,86.74,2,HARDER
6,85.27,13.15,9,1,83.91,2,HARDER
16,75.71,46.83,28,5,44.69,5,EASIER
6,99.46,17.23,6,0,99.31,2,HARDER
6,100.0,12.75,6,0,89.08,2,HARDER
4,100.0,10.6,4,0,100.0,1,SAME
9,99.97,12.24,11,0,100.0,3,HARDER
4,80.15,13.6,5,1,98.36,1,HARDER
4,100.0,11.85,4,0,99.62,1,HARDER
16,81.2,26.76,24,4,74.33,5,SAME
16,74.23,34.34,28,6,46.97,5,EASIER
4,99.91,12.56,4,0,95.87,1,HARDER
9,80.75,13.15,11,2,96.91,3,HARDER
6,100.0,8.61,6,0,100.0,2,HARDER
12,92.25,22.38,15,1,88.51,4,HARDER
6,86.0,20.29,10,1,88.28,2,HARDER
6,86.69,16.52,8,1,91.57,2,HARDER
9,74.09,31.57,14,3,67.93,3,EASIER
12,74.12,11.23,20,4,69.51,4,SAME
4,100.0,12.01,4,0,100.0,1,HARDER
9,74.51,21.09,12,3,78.47,3,SAME
12,84.59,25.08,14,2,90.55,4,HARDER
16,85.88,32.27,21,3,88.83,5,HARDER
6,64.97,27.44,10,3,69.08,2,EASIER
6,98.11,15.63,6,0,95.91,2,HARDER
9,87.99,18.88,10,1,96.78,3,HARDER
6,85.0,16.31,8,1,90.13,2,HARDER
9,89.77,15.92,11,1,89.76,3,HARDER
6,67.15,17.32,10,3,86.32,2,EASIER
9,81.55,21.43,13,2,88.74,3,HARDER
6,82.98,17.42,7,1,88.14,2,HARDER
16,64.34,63.31,33,9,27.88,5,EASIER
4,80.79,12.39,7,1,80.5,1,SAME
16,73.46,35.55,24,6,52.93,5,EASIER
16,69.47,34.31,27,7,51.22,5,EASIER
4,78.59,13.33,6,1,82.11,1,SAME
6,74.7,15.53,8,2,81.03,2,HARDER
9,87.66,29.27,11,1,96.69,3,HARDER
4,81.26,18.92,6,1,90.91,1,HARDER
4,77.75,7.97,5,1,97.44,1,HARDER
4,80.87,13.69,6,1,93.58,1,HARDER
9,99.68,11.17,9,0,91.29,3,HARDER
6,74.18,29.73,11,2,74.57,2,EASIER
6,100.0,21.26,6,0,96.57,2,HARDER
12,74.31,22.13,19,4,60.6,4,EASIER
4,79.34,14.48,7,1,86.83,1,HARDER
6,85.52,18.36,9,1,80.0,2,HARDER
12,85.95,23.68,16,2,89.33,4,HARDER
12,84.09,26.32,15,2,77.56,4,HARDER
6,100.0,13.79,6,0,100.0,2,HARDER
9,100.0,9.61,9,0,95.97,3,HARDER
6,99.86,14.06,6,0,100.0,2,HARDER
4,79.65,10.94,5,1,97.94,1,HARDER
12,68.1,24.9,22,6,49.12,4,EASIER
4,100.0,17.38,4,0,100.0,1,HARDER
12,92.1,17.27,15,1,94.45,4,HARDER
6,84.58,17.39,7,1,94.64,2,HARDER
12,86.35,23.27,16,2,76.04,4,HARDER
16,72.86,40.86,24,6,64.63,5,EASIER
4,98.66,10.35,4,0,100.0,1,HARDER
9,99.17,18.52,10,0,94.55,3,HARDER
4,100.0,9.46,5,0,100.0,1,HARDER
4,55.97,22.84,7,3,74.46,1,EASIER
4,79.85,10.46,5,1,84.99,1,HARDER
4,66.63,21.69,6,2,74.64,1,SAME
9,89.37,23.83,11,1,89.73,3,HARDER
6,100.0,15.72,6,0,99.04,2,HARDER
4,80.25,11.14,6,1,94.06,1,SAME
16,75.27,29.97,23,5,72.89,5,SAME
16,71.51,64.92,25,6,38.26,5,EASIER
16,72.4,32.81,28,6,38.31,5,EASIER
16,84.33,46.35,23,3,59.43,5,SAME
6,99.85,12.84,6,0,89.78,2,HARDER
4,99.9,18.44,4,0,100.0,1,HARDER
12,79.97,24.8,21,3,71.21,4,HARDER
12,79.54,27.77,17,3,74.62,4,SAME
4,99.85,11.39,4,0,100.0,1,HARDER
12,77.88,25.41,19,3,68.3,4,HARDER
16,90.02,27.21,21,2,89.03,5,HARDER
9,89.33,22.95,12,1,80.66,3,HARDER
4,99.92,8.92,4,0,100.0,1,HARDER
4,79.51,8.2,5,1,99.47,1,HARDER
16,74.06,55.99,24,6,39.7,5,EASIER
9,63.96,24.85,20,5,46.03,3,EASIER
9,81.51,11.35,13,2,75.07,3,HARDER
4,100.0,15.22,4,0,97.97,1,HARDER
12,79.52,23.34,15,3,68.82,4,SAME
6,100.0,14.52,7,0,93.14,2,HARDER
16,93.46,23.75,18,1,88.91,5,HARDER
4,99.84,11.07,4,0,100.0,1,HARDER
6,98.99,12.74,7,0,92.8,2,HARDER
6,86.68,13.31,8,1,83.25,2,HARDER
16,91.93,30.3,17,1,92.4,5,HARDER
9,74.58,29.02,14,3,63.16,3,EASIER
9,80.95,17.01,13,2,97.44,3,HARDER
9,90.44,16.79,13,1,75.26,3,HARDER
4,79.76,11.55,5,1,84.47,1,HARDER
16,95.37,26.56,18,1,96.34,5,HARDER
16,73.91,24.66,24,5,50.49,5,EASIER
9,81.24,21.6,11,2,83.05,3,HARDER
9,80.47,20.08,12,2,74.07,3,HARDER
16,73.0,33.89,25,6,58.05,5,EASIER
16,67.85,40.93,26,8,48.45,5,EASIER
9,80.24,18.19,13,2,85.12,3,SAME
4,99.56,8.86,4,0,98.64,1,HARDER
4,99.65,10.42,4,0,93.36,1,HARDER
16,73.15,41.3,29,6,40.63,5,EASIER
9,100.0,16.81,9,0,82.54,3,HARDER
6,85.88,22.09,9,1,97.13,2,HARDER
6,85.94,21.75,8,1,92.97,2,HARDER
16,88.23,26.95,22,2,65.4,5,HARDER
12,91.4,29.74,14,1,95.39,4,HARDER
16,69.74,34.06,29,7,36.59,5,EASIER
9,82.13,12.8,14,2,82.94,3,HARDER
6,84.75,20.78,8,1,81.34,2,HARDER
6,99.47,12.3,6,0,100.0,2,HARDER
6,84.74,24.01,10,1,78.14,2,HARDER
9,63.8,28.46,21,5,53.27,3,EASIER
16,80.14,31.87,22,4,80.79,5,HARDER
16,89.34,44.44,21,2,85.8,5,HARDER
9,73.36,25.89,13,3,85.47,3,SAME
9,79.92,27.32,12,2,72.98,3,HARDER
6,100.0,11.46,6,0,100.0,2,HARDER
4,100.0,7.78,5,0,100.0,1,HARDER
6,100.0,13.11,6,0,100.0,2,HARDER
9,100.0,15.3,9,0,100.0,3,HARDER
4,80.69,12.22,5,1,86.6,1,SAME
12,78.61,30.49,21,3,62.17,4,SAME
9,91.53,15.94,11,1,83.14,3,HARDER
6,67.22,33.39,10,3,82.55,2,SAME
9,90.77,17.18,12,1,87.7,3,HARDER
16,89.71,30.95,22,2,77.93,5,HARDER
12,85.57,21.09,17,2,73.68,4,HARDER
9,64.48,34.45,19,5,51.07,3,EASIER
6,99.86,9.0,6,0,100.0,2,HARDER
4,57.09,12.81,8,3,72.15,1,EASIER
16,81.9,55.2,23,4,62.87,5,SAME
16,83.31,26.88,19,3,79.0,5,HARDER
9,90.91,20.45,11,1,100.0,3,HARDER
16,67.08,48.55,26,8,29.08,5,EASIER
12,75.74,36.5,17,4,67.85,4,EASIER
9,75.79,36.85,16,3,57.14,3,SAME
16,66.17,45.89,29,8,40.64,5,EASIER
6,100.0,21.34,6,0,100.0,2,HARDER
9,100.0,12.47,9,0,100.0,3,HARDER
16,68.11,46.2,26,7,55.3,5,EASIER
4,100.0,9.57,4,0,100.0,1,HARDER
9,100.0,15.38,9,0,92.34,3,HARDER
4,99.49,14.77,5,0,95.9,1,HARDER
6,84.71,14.35,9,1,96.88,2,HARDER
6,76.51,16.89,9,2,98.44,2,HARDER
6,98.92,12.43,6,0,100.0,2,HARDER
6,75.65,13.32,10,2,78.43,2,HARDER
6,99.53,18.1,6,0,100.0,2,HARDER
9,88.93,29.05,12,1,91.26,3,HARDER
12,80.09,22.09,16,3,77.68,4,SAME
9,90.49,34.98,12,1,91.68,3,HARDER
6,67.39,26.65,10,3,81.06,2,EASIER
16,71.21,47.61,34,7,42.55,5,EASIER
9,89.38,16.33,10,1,100.0,3,HARDER
4,100.0,12.54,4,0,100.0,1,SAME
9,88.81,23.12,10,1,92.97,3,HARDER
12,85.06,31.25,15,2,84.3,4,HARDER
4,98.61,11.34,4,0,100.0,1,HARDER
4,99.23,9.06,4,0,82.99,1,HARDER
6,76.49,22.89,8,2,93.12,2,HARDER
4,100.0,12.03,5,0,100.0,1,HARDER
12,84.84,23.65,14,2,80.71,4,HARDER
12,67.25,34.94,21,6,46.15,4,EASIER
9,75.41,17.71,12,3,80.16,3,HARDER
6,84.81,21.87,7,1,79.49,2,HARDER
9,75.27,16.83,16,3,56.74,3,SAME
9,99.95,17.55,10,0,100.0,3,HARDER
9,100.0,20.94,9,0,100.0,3,HARDER
16,76.67,53.8,22,5,61.07,5,EASIER
4,80.1,13.42,5,1,81.62,1,HARDER
12,75.34,20.34,23,4,59.44,4,EASIER
9,100.0,8.5,9,0,100.0,3,HARDER
12,92.17,22.53,15,1,80.63,4,HARDER
9,81.0,27.11,14,2,87.19,3,HARDER
12,87.1,34.75,17,2,64.48,4,HARDER
4,79.16,10.26,5,1,100.0,1,HARDER
4,100.0,13.9,4,0,99.36,1,HARDER
9,65.55,20.94,14,4,63.78,3,EASIER
6,100.0,11.8,6,0,100.0,2,HARDER
9,81.57,25.89,15,2,76.04,3,SAME
16,69.78,38.33,28,7,46.92,5,EASIER
6,85.55,28.92,10,1,76.54,2,HARDER
6,85.18,19.37,9,1,75.13,2,HARDER
4,65.34,11.13,6,2,91.13,1,SAME
16,84.37,15.01,20,3,86.16,5,HARDER
6,100.0,14.31,8,0,100.0,2,HARDER
16,87.14,26.56,20,2,83.93,5,HARDER
12,92.31,32.33,13,1,93.29,4,HARDER
12,92.22,25.7,13,1,83.7,4,HARDER
9,100.0,11.58,10,0,100.0,3,HARDER
16,75.44,35.31,25,5,70.18,5,SAME
12,86.63,12.87,16,2,91.81,4,HARDER
16,84.32,38.0,23,3,63.98,5,SAME
4,80.27,13.39,7,1,98.44,1,HARDER
6,98.55,15.07,6,0,100.0,2,HARDER
6,74.71,24.43,8,2,94.07,2,HARDER
12,92.98,19.65,16,1,93.75,4,HARDER
4,78.98,16.48,6,1,97.49,1,HARDER
6,86.57,35.42,8,1,89.03,2,HARDER
9,81.86,17.22,12,2,79.11,3,HARDER
6,86.19,13.11,9,1,95.4,2,HARDER
12,69.75,26.96,24,5,42.82,4,EASIER
4,78.76,17.35,6,1,99.51,1,SAME
4,65.67,12.23,6,2,74.29,1,SAME
9,80.63,33.47,13,2,78.11,3,HARDER
6,86.62,20.17,7,1,88.05,2,HARDER
4,80.96,15.05,5,1,98.85,1,HARDER
16,61.04,57.49,35,10,10.84,5,EASIER
9,88.43,16.38,10,1,87.21,3,HARDER
16,69.57,32.63,28,7,36.73,5,EASIER
12,79.92,29.84,15,3,71.02,4,SAME
4,100.0,9.07,4,0,100.0,1,SAME
16,80.31,14.42,27,4,44.24,5,EASIER
4,66.2,14.2,9,2,87.81,1,SAME
9,81.82,34.95,12,2,90.83,3,HARDER
16,74.36,36.41,26,6,38.91,5,EASIER
4,100.0,14.74,4,0,90.37,1,HARDER
9,89.77,17.88,10,1,100.0,3,HARDER
16,84.1,57.37,21,3,82.16,5,EASIER
9,90.01,18.7,11,1,86.89,3,HARDER
6,99.92,12.34,6,0,99.92,2,HARDER
6,100.0,9.82,6,0,100.0,2,HARDER
6,99.74,19.78,7,0,100.0,2,HARDER
9,100.0,28.04,10,0,97.46,3,HARDER
4,100.0,11.88,4,0,82.68,1,HARDER
6,100.0,14.49,6,0,98.83,2,HARDER
6,64.89,15.17,9,3,77.89,2,SAME
6,87.0,18.05,7,1,83.61,2,HARDER
12,80.24,22.1,19,3,73.0,4,SAME
12,74.74,19.09,21,4,51.6,4,EASIER
6,74.3,19.41,8,2,100.0,2,HARDER
6,74.96,30.26,10,2,86.85,2,SAME
12,86.35,22.12,17,2,65.96,4,HARDER
9,89.96,15.77,11,1,89.26,3,HARDER
12,66.86,30.53,24,6,38.15,4,EASIER
12,67.82,31.79,21,6,54.88,4,EASIER
4,99.6,7.53,4,0,100.0,1,HARDER
9,74.67,22.83,14,3,84.25,3,SAME
4,82.46,12.83,5,1,87.58,1,HARDER
4,81.11,16.76,6,1,82.46,1,SAME
4,80.23,9.49,5,1,87.59,1,HARDER
9,91.28,14.19,11,1,92.28,3,HARDER
16,66.24,38.27,27,8,31.98,5,EASIER
16,70.39,40.37,28,7,37.15,5,EASIER
6,85.91,18.51,7,1,100.0,2,HARDER
6,100.0,11.96,6,0,100.0,2,HARDER
4,99.07,10.24,4,0,100.0,1,HARDER
12,76.28,31.68,18,4,59.9,4,EASIER
16,72.94,25.04,24,6,55.09,5,EASIER
12,85.55,29.43,15,2,82.2,4,HARDER
16,56.06,59.96,34,13,0.0,5,SAME
4,99.78,8.46,4,0,80.44,1,HARDER
4,100.0,10.97,4,0,100.0,1,HARDER
6,76.4,13.43,11,2,69.78,2,SAME
4,100.0,10.19,4,0,87.49,1,HARDER
9,90.54,22.45,10,1,91.46,3,HARDER
12,73.74,35.1,18,4,69.81,4,EASIER
16,80.97,26.44,26,4,55.16,5,SAME
4,100.0,12.55,5,0,100.0,1,HARDER
16,73.11,44.71,25,6,43.62,5,EASIER
9,82.2,24.38,15,2,66.97,3,SAME
12,76.21,14.65,23,4,55.23,4,SAME
9,82.12,17.82,13,2,86.32,3,HARDER
16,81.45,26.56,24,4,64.41,5,SAME
9,89.89,19.27,11,1,81.15,3,HARDER
6,100.0,17.53,6,0,96.28,2,HARDER
6,99.21,12.15,6,0,100.0,2,HARDER
4,99.69,12.35,4,0,96.28,1,HARDER
9,99.75,18.55,9,0,100.0,3,HARDER
16,72.19,51.49,25,6,41.93,5,EASIER
9,82.84,17.63,13,2,86.97,3,HARDER
6,85.23,22.15,7,1,96.38,2,HARDER
9,99.32,12.1,9,0,88.69,3,HARDER
9,80.64,19.43,11,2,92.46,3,HARDER
9,90.51,18.21,12,1,96.7,3,HARDER
6,100.0,8.93,6,0,92.32,2,HARDER
12,93.52,21.56,14,1,87.32,4,HARDER
16,84.78,29.91,20,3,73.49,5,HARDER
9,81.2,19.86,11,2,86.09,3,HARDER
4,80.45,19.93,7,1,93.34,1,SAME
6,87.65,11.46,7,1,100.0,2,HARDER
16,95.32,22.68,18,1,87.34,5,HARDER
16,81.6,24.86,22,4,64.34,5,HARDER
12,92.31,16.48,16,1,100.0,4,HARDER
4,79.93,13.78,6,1,96.65,1,HARDER
6,65.81,9.58,11,3,78.37,2,SAME
9,81.25,25.93,16,2,80.37,3,HARDER
16,80.99,32.16,21,4,63.13,5,SAME
4,81.49,14.31,6,1,81.22,1,HARDER
9,61.17,32.6,19,6,75.16,3,EASIER
4,65.98,20.04,6,2,89.8,1,SAME
9,100.0,18.28,9,0,100.0,3,HARDER
12,84.98,16.38,17,2,91.82,4,HARDER
9,91.45,21.32,11,1,87.6,3,HARDER
9,100.0,14.3,10,0,100.0,3,HARDER
4,100.0,20.04,4,0,99.36,1,HARDER
6,60.17,23.44,13,4,68.84,2,EASIER
9,87.31,17.55,11,1,94.05,3,HARDER
4,100.0,23.45,4,0,95.27,1,HARDER
9,81.74,16.07,13,2,69.8,3,HARDER
16,74.55,34.13,26,6,42.85,5,EASIER
6,100.0,12.64,6,0,85.24,2,HARDER
4,99.32,10.61,4,0,100.0,1,HARDER
12,73.75,52.9,21,4,56.54,4,EASIER
4,65.93,26.27,7,2,69.45,1,EASIER
9,99.09,12.98,9,0,98.78,3,HARDER
6,86.28,21.25,8,1,96.24,2,HARDER
9,83.13,19.81,12,2,80.17,3,HARDER
6,85.55,10.89,8,1,91.37,2,HARDER
12,79.1,24.87,17,3,72.28,4,HARDER
9,89.28,23.93,10,1,79.32,3,HARDER
4,79.14,10.61,5,1,86.26,1,HARDER
6,85.22,21.05,7,1,91.99,2,HARDER
12,92.05,26.0,13,1,85.32,4,HARDER
16,77.39,32.26,28,5,56.06,5,SAME
16,66.42,45.99,31,8,35.83,5,EASIER
16,72.78,47.2,24,6,55.3,5,EASIER
16,98.51,22.22,16,0,100.0,5,HARDER
4,81.25,14.23,6,1,93.23,1,HARDER
9,63.24,22.05,18,5,66.46,3,EASIER
9,69.43,26.47,17,4,68.82,3,EASIER
6,100.0,10.26,6,0,100.0,2,HARDER
16,75.73,37.96,26,5,61.75,5,EASIER
4,100.0,14.82,4,0,98.93,1,HARDER
6,100.0,12.25,6,0,100.0,2,HARDER
9,83.09,32.81,12,2,98.31,3,SAME
6,98.24,18.16,6,0,99.49,2,HARDER
4,79.9,14.85,6,1,93.64,1,HARDER
12,75.12,33.43,20,4,70.91,4,EASIER
4,99.09,9.16,4,0,92.05,1,HARDER
4,99.29,7.88,4,0,100.0,1,HARDER
16,81.97,46.09,21,4,63.38,5,EASIER
9,68.12,29.11,14,4,69.04,3,EASIER
16,86.75,33.71,21,2,87.88,5,HARDER
12,80.86,27.38,17,3,89.44,4,HARDER
9,98.9,21.71,10,0,95.85,3,HARDER
9,89.73,13.96,11,1,94.38,3,HARDER
12,80.46,39.62,24,3,61.51,4,EASIER
16,77.16,29.96,28,5,48.47,5,EASIER
12,74.77,28.91,20,4,52.24,4,SAME
6,100.0,16.03,7,0,100.0,2,HARDER
16,69.59,40.34,26,7,48.71,5,EASIER
12,77.09,27.39,20,3,56.76,4,SAME
12,70.09,67.37,20,5,77.4,4,EASIER
16,63.66,42.58,32,9,25.21,5,EASIER
6,99.87,16.15,6,0,100.0,2,HARDER
6,65.32,17.13,9,3,78.8,2,EASIER
9,76.98,15.35,14,3,74.66,3,SAME
4,80.33,31.48,5,1,94.41,1,SAME
6,74.6,17.65,11,2,74.37,2,SAME
6,99.92,15.72,6,0,100.0,2,HARDER
4,99.91,13.67,4,0,89.31,1,HARDER
9,81.18,20.62,13,2,94.65,3,HARDER
6,75.18,24.73,8,2,70.39,2,SAME
9,75.01,20.08,13,3,88.31,3,HARDER
6,99.51,15.6,6,0,99.79,2,HARDER
12,73.17,23.18,19,4,67.65,4,SAME
4,100.0,15.4,4,0,98.87,1,HARDER
4,80.59,17.16,6,1,90.16,1,HARDER
12,77.84,27.47,19,3,78.09,4,SAME
16,93.99,29.36,19,1,93.94,5,HARDER
12,85.14,16.15,15,2,73.84,4,HARDER
9,90.24,13.76,10,1,86.78,3,HARDER
16,71.78,51.6,28,6,45.38,5,EASIER
12,84.43,24.11,16,2,95.05,4,HARDER
4,78.73,12.94,5,1,85.53,1,HARDER
6,83.75,19.69,9,1,87.13,2,HARDER
4,50.2,27.16,10,4,60.13,1,EASIER
12,99.72,14.07,12,0,100.0,4,HARDER
9,100.0,10.88,10,0,90.05,3,HARDER
6,66.61,25.15,9,3,59.04,2,EASIER
4,80.49,16.85,6,1,95.44,1,HARDER
16,71.18,16.09,31,7,46.0,5,EASIER
4,100.0,13.35,4,0,100.0,1,HARDER
6,84.99,17.78,7,1,98.68,2,SAME
12,67.23,25.98,22,6,65.8,4,EASIER
6,66.35,26.56,10,3,78.04,2,EASIER
4,99.01,11.14,4,0,94.67,1,HARDER
6,85.01,18.32,8,1,84.11,2,HARDER
9,69.05,38.38,16,4,55.47,3,EASIER
4,99.74,11.08,4,0,100.0,1,HARDER
4,100.0,7.13,4,0,100.0,1,HARDER
16,88.12,20.17,22,2,81.11,5,HARDER
6,84.41,14.35,7,1,74.53,2,HARDER
6,75.88,11.07,8,2,88.97,2,HARDER
6,84.29,18.24,8,1,92.1,2,HARDER
4,99.29,10.69,6,0,100.0,1,HARDER
6,84.94,18.27,7,1,90.06,2,HARDER
16,69.17,29.01,27,7,51.97,5,EASIER
12,79.08,22.6,19,3,81.32,4,SAME
6,74.85,14.05,10,2,87.39,2,HARDER
6,100.0,12.77,6,0,98.2,2,HARDER
6,85.06,10.99,7,1,96.92,2,HARDER
6,74.43,28.4,9,2,72.22,2,SAME
16,68.92,35.82,30,7,39.31,5,EASIER
12,84.72,21.73,19,2,78.44,4,HARDER
9,90.1,13.89,11,1,81.01,3,HARDER
6,84.69,11.92,8,1,97.19,2,HARDER
12,81.21,23.6,17,3,81.82,4,HARDER
6,84.87,19.78,8,1,83.43,2,HARDER
6,84.78,16.73,8,1,90.57,2,HARDER
16,78.18,54.86,23,5,79.94,5,SAME
9,82.52,20.56,12,2,93.18,3,HARDER
12,74.65,26.27,18,4,70.76,4,SAME
4,100.0,8.07,4,0,100.0,1,HARDER
4,81.6,16.43,5,1,92.99,1,HARDER
6,53.01,30.97,12,5,69.99,2,EASIER
16,71.95,40.38,23,6,58.25,5,EASIER
6,74.56,12.33,8,2,71.27,2,SAME
9,82.4,14.39,12,2,74.24,3,HARDER
12,79.58,28.98,19,3,82.62,4,HARDER
12,99.5,29.61,15,0,99.59,4,HARDER
16,82.46,32.29,23,3,68.75,5,SAME
12,78.99,19.95,17,3,66.75,4,SAME
4,99.56,17.3,4,0,100.0,1,HARDER
4,99.02,6.02,4,0,99.15,1,HARDER
6,84.85,17.27,8,1,90.29,2,HARDER
9,74.44,25.83,13,3,68.22,3,SAME
12,80.58,19.29,17,3,68.68,4,HARDER
16,69.64,29.39,28,7,40.72,5,HARDER
16,76.35,45.15,23,5,61.18,5,EASIER
12,100.0,16.23,12,0,90.92,4,HARDER
6,100.0,11.95,6,0,87.31,2,HARDER
4,99.89,6.79,4,0,97.07,1,HARDER
12,100.0,19.66,12,0,100.0,4,HARDER
16,81.5,26.07,22,4,63.71,5,HARDER
12,98.84,13.96,12,0,93.54,4,HARDER
9,88.54,18.02,11,1,86.67,3,HARDER
16,77.81,25.18,28,5,41.56,5,SAME
16,71.3,49.27,25,6,43.16,5,EASIER
12,74.63,28.55,20,4,58.68,4,EASIER
4,100.0,14.89,4,0,100.0,1,HARDER
6,86.88,20.15,9,1,95.78,2,HARDER
6,100.0,14.72,6,0,98.35,2,HARDER
4,80.73,13.79,6,1,84.31,1,HARDER
9,90.34,11.04,12,1,84.08,3,HARDER
12,87.17,25.84,15,2,94.92,4,HARDER
4,98.91,15.93,4,0,76.52,1,HARDER
4,65.9,16.74,7,2,94.36,1,SAME
9,83.01,19.34,13,2,84.24,3,HARDER
4,100.0,9.76,4,0,97.12,1,HARDER
16,69.14,30.91,30,7,33.41,5,EASIER
4,56.72,22.97,9,3,79.75,1,EASIER
16,73.1,23.25,28,6,41.51,5,EASIER
6,74.69,21.95,11,2,88.06,2,HARDER
9,82.38,25.2,12,2,88.95,3,HARDER
16,88.0,24.77,20,2,88.64,5,HARDER
6,99.15,10.31,7,0,100.0,2,HARDER
16,68.38,47.08,28,8,36.25,5,EASIER
12,79.32,35.37,17,3,93.96,4,HARDER
16,71.9,37.2,25,6,43.69,5,EASIER
12,80.36,49.65,19,3,60.97,4,SAME
4,100.0,10.53,4,0,95.22,1,HARDER
16,79.06,28.67,22,4,66.89,5,SAME
6,66.06,28.97,9,3,61.72,2,EASIER
6,86.45,15.81,7,1,94.84,2,HARDER
12,92.83,26.7,14,1,86.0,4,HARDER
12,70.3,33.25,20,5,67.98,4,EASIER
9,74.33,23.87,13,3,82.02,3,SAME
9,91.64,13.85,12,1,89.57,3,HARDER
16,76.51,30.94,25,5,52.12,5,SAME
6,84.34,18.34,7,1,97.14,2,HARDER
12,71.87,27.3,21,5,60.44,4,EASIER
4,99.68,7.99,4,0,100.0,1,HARDER
9,81.07,11.0,12,2,90.49,3,HARDER
9,81.25,22.73,13,2,72.04,3,SAME
16,79.83,32.52,26,4,67.34,5,SAME
4,99.87,7.78,4,0,100.0,1,HARDER
16,88.53,26.95,19,2,72.57,5,HARDER
6,99.73,9.56,6,0,91.44,2,HARDER
12,91.74,20.11,14,1,90.0,4,HARDER
12,75.4,28.48,17,4,64.58,4,SAME
4,80.17,16.14,6,1,85.15,1,HARDER
12,76.86,33.38,23,4,60.75,4,EASIER
16,75.37,26.7,27,5,59.87,5,EASIER
16,76.06,54.33,24,5,64.62,5,EASIER
6,100.0,12.57,6,0,100.0,2,HARDER
16,88.25,24.13,19,2,86.66,5,HARDER
16,72.94,24.36,24,6,51.61,5,EASIER
16,66.37,60.29,26,8,31.87,5,EASIER
16,89.56,23.84,20,2,90.97,5,HARDER
4,100.0,9.84,4,0,100.0,1,HARDER
12,92.83,16.55,15,1,84.86,4,HARDER
9,75.94,23.19,13,3,62.89,3,SAME
6,74.92,25.55,11,2,82.26,2,EASIER
16,68.85,33.51,27,7,29.4,5,HARDER
12,75.24,30.43,18,4,66.16,4,SAME
4,82.24,7.86,6,1,91.65,1,HARDER
12,86.13,22.51,15,2,81.21,4,HARDER
6,75.0,22.14,11,2,85.69,2,HARDER
4,100.0,16.58,4,0,91.8,1,HARDER
6,100.0,13.59,6,0,100.0,2,HARDER
4,100.0,7.72,4,0,91.82,1,HARDER
12,70.03,25.34,21,5,58.3,4,EASIER
12,79.7,20.81,20,3,55.57,4,SAME
6,100.0,13.74,7,0,100.0,2,HARDER
12,92.06,21.55,14,1,82.81,4,HARDER
9,76.36,19.48,16,3,71.68,3,HARDER
16,65.71,42.0,34,8,21.51,5,EASIER
9,82.06,16.27,15,2,86.24,3,SAME
4,100.0,13.07,4,0,100.0,1,HARDER
4,65.82,19.16,8,2,93.92,1,SAME
4,100.0,11.07,4,0,100.0,1,HARDER
16,73.17,40.31,27,6,42.87,5,EASIER
16,77.36,32.8,26,5,61.07,5,SAME
16,72.61,68.0,27,6,46.51,5,SAME
12,92.86,27.03,13,1,92.81,4,HARDER
16,85.51,29.5,22,3,66.6,5,SAME
6,100.0,16.54,6,0,100.0,2,HARDER
4,79.43,31.21,5,1,92.46,1,HARDER
9,80.67,16.69,12,2,82.69,3,HARDER
4,99.48,7.53,4,0,100.0,1,HARDER
12,72.61,26.5,19,5,62.01,4,SAME
6,100.0,9.0,6,0,100.0,2,HARDER
16,66.19,30.22,29,8,29.8,5,EASIER
12,81.1,26.14,16,3,86.73,4,SAME
4,80.73,15.57,5,1,97.83,1,HARDER
4,99.85,13.61,4,0,91.54,1,HARDER
6,99.6,17.89,6,0,100.0,2,HARDER
16,75.33,37.38,25,5,58.5,5,EASIER
4,99.36,8.26,4,0,100.0,1,HARDER
6,100.0,15.13,7,0,100.0,2,HARDER
6,100.0,15.39,6,0,85.05,2,HARDER
4,100.0,13.43,4,0,94.41,1,HARDER
9,74.62,24.43,14,3,80.68,3,HARDER
12,73.46,31.05,19,4,60.19,4,SAME
9,81.14,14.94,11,2,96.24,3,HARDER
6,84.5,18.51,9,1,82.68,2,SAME
12,74.32,35.87,20,4,62.57,4,EASIER
4,79.09,16.27,5,1,86.2,1,HARDER
12,65.01,55.67,21,6,37.17,4,EASIER
12,84.07,34.08,16,2,82.88,4,HARDER
6,67.96,21.56,11,3,74.62,2,EASIER
4,100.0,14.1,4,0,100.0,1,HARDER
16,69.51,37.0,24,7,43.15,5,EASIER
9,80.76,34.09,12,2,80.24,3,HARDER
16,73.9,30.46,28,6,50.38,5,EASIER
16,75.29,45.41,24,5,59.04,5,EASIER
9,74.6,36.44,14,3,65.12,3,SAME
9,76.05,18.42,13,3,83.03,3,HARDER
12,74.57,32.4,17,4,69.52,4,EASIER
12,71.54,18.45,20,5,65.36,4,EASIER
4,99.39,11.07,4,0,78.02,1,HARDER
9,89.21,24.21,10,1,89.79,3,HARDER
4,99.95,16.16,5,0,96.16,1,HARDER
9,54.91,33.56,20,7,51.36,3,EASIER
4,68.02,13.49,6,2,84.23,1,EASIER
9,74.6,23.64,13,3,68.7,3,HARDER
16,89.12,28.36,19,2,79.32,5,HARDER
9,73.61,15.55,13,3,80.96,3,SAME
12,75.68,33.81,17,4,72.82,4,HARDER
9,70.1,35.47,14,4,58.0,3,SAME
16,75.17,36.0,27,5,53.22,5,EASIER
12,67.38,49.45,22,6,42.14,4,EASIER
9,80.12,24.17,11,2,78.04,3,HARDER
6,98.93,11.46,6,0,100.0,2,HARDER
4,97.94,9.69,4,0,100.0,1,HARDER
16,80.18,32.92,21,4,57.19,5,EASIER
16,83.81,31.61,21,3,88.45,5,HARDER
4,80.31,15.52,5,1,98.6,1,HARDER
9,75.61,21.6,15,3,71.57,3,SAME
4,100.0,7.65,4,0,92.32,1,HARDER
4,80.55,11.78,5,1,100.0,1,HARDER
9,68.48,50.39,15,4,64.03,3,EASIER
4,99.08,8.6,4,0,87.6,1,SAME
16,80.26,36.69,25,4,75.73,5,SAME
9,76.4,16.42,14,3,78.12,3,SAME
16,72.0,40.57,28,6,46.24,5,EASIER
6,99.84,23.31,6,0,100.0,2,HARDER
9,100.0,29.72,9,0,93.99,3,HARDER
12,75.83,29.18,18,4,58.41,4,EASIER
12,92.06,19.83,13,1,83.13,4,HARDER
9,91.06,26.51,11,1,87.94,3,HARDER
9,69.7,26.91,13,4,75.98,3,EASIER
16,78.54,36.09,25,4,75.18,5,SAME
12,92.38,19.06,14,1,86.81,4,HARDER
6,74.93,24.13,10,2,80.08,2,SAME
4,78.76,14.19,6,1,77.13,1,HARDER
4,98.56,19.55,4,0,100.0,1,HARDER
9,90.8,13.92,11,1,76.18,3,HARDER
6,100.0,11.3,8,0,97.82,2,HARDER
6,100.0,13.38,6,0,100.0,2,HARDER
4,80.16,10.4,5,1,100.0,1,HARDER
12,78.72,19.93,20,3,75.51,4,HARDER
6,98.37,19.65,6,0,94.05,2,HARDER
12,74.59,41.94,20,4,60.15,4,HARDER
6,86.22,13.98,8,1,88.51,2,HARDER
16,72.82,27.53,26,6,48.69,5,EASIER
9,81.32,16.42,14,2,80.45,3,HARDER
4,98.58,14.94,5,0,100.0,1,HARDER
4,100.0,10.59,4,0,86.77,1,HARDER
6,60.08,11.41,15,4,55.11,2,EASIER
16,65.26,102.21,30,8,27.76,5,EASIER
6,87.41,11.54,8,1,84.06,2,HARDER
4,80.06,12.94,5,1,95.09,1,HARDER
4,65.49,18.66,7,2,67.22,1,EASIER
6,74.81,20.77,8,2,84.67,2,EASIER
4,98.29,18.73,4,0,93.76,1,HARDER
9,100.0,18.01,10,0,99.08,3,HARDER
12,90.58,26.4,14,1,92.26,4,HARDER
12,80.52,19.98,20,3,65.76,4,SAME
6,74.68,22.99,11,2,79.95,2,HARDER
6,100.0,9.04,6,0,100.0,2,HARDER
6,100.0,27.49,7,0,100.0,2,HARDER
16,83.78,29.4,24,3,79.09,5,HARDER
16,76.13,48.3,24,5,65.39,5,SAME
12,91.9,24.35,14,1,85.21,4,HARDER
4,80.69,20.29,5,1,89.79,1,HARDER
16,76.65,19.39,23,5,53.72,5,SAME
16,66.32,38.35,27,8,37.77,5,EASIER
16,67.34,42.52,29,8,31.32,5,EASIER
4,99.45,14.22,4,0,100.0,1,HARDER
12,79.73,26.34,17,3,68.55,4,SAME
6,99.01,9.13,6,0,100.0,2,HARDER
16,89.0,25.04,22,2,88.13,5,HARDER
12,80.16,22.88,17,3,78.52,4,HARDER
6,75.27,15.36,8,2,88.48,2,SAME
16,69.07,45.43,30,7,28.42,5,SAME
9,88.07,14.73,11,1,98.43,3,HARDER
6,66.79,24.09,14,3,72.7,2,EASIER
6,66.14,33.18,10,3,67.74,2,EASIER
9,88.93,15.32,12,1,96.12,3,HARDER
4,80.57,15.49,5,1,81.02,1,HARDER
16,68.18,35.48,31,7,35.7,5,EASIER
6,85.65,11.9,8,1,94.1,2,HARDER
9,98.52,14.17,9,0,100.0,3,HARDER
9,75.29,27.47,14,3,69.6,3,SAME
4,100.0,11.05,4,0,98.45,1,HARDER
6,85.61,15.45,7,1,93.05,2,HARDER
16,79.49,30.76,23,4,57.87,5,HARDER
12,94.24,23.36,15,1,93.73,4,HARDER
9,100.0,16.68,9,0,100.0,3,HARDER
4,99.35,12.19,4,0,100.0,1,HARDER
12,66.44,40.98,23,6,45.57,4,EASIER
4,80.62,14.23,5,1,86.54,1,HARDER
4,100.0,10.67,4,0,90.46,1,HARDER
16,70.62,45.21,27,7,26.6,5,EASIER
4,100.0,11.63,4,0,100.0,1,HARDER
4,67.66,14.52,6,2,88.87,1,HARDER
4,100.0,10.63,4,0,97.16,1,HARDER
9,80.16,27.98,12,2,89.36,3,SAME
12,78.94,21.3,16,3,77.36,4,SAME
9,74.46,26.18,13,3,67.86,3,SAME
6,99.66,9.65,6,0,100.0,2,HARDER
4,66.67,11.47,7,2,72.75,1,SAME
4,99.13,17.64,4,0,100.0,1,HARDER
6,100.0,17.47,6,0,100.0,2,HARDER
6,67.49,23.33,11,3,71.74,2,EASIER
12,87.47,29.75,18,2,80.66,4,HARDER
4,67.56,12.29,6,2,86.95,1,HARDER
9,82.58,20.69,11,2,92.24,3,HARDER
9,83.4,18.2,12,2,91.28,3,HARDER
16,74.66,51.64,28,5,60.79,5,EASIER
4,80.81,9.08,5,1,92.87,1,SAME
9,88.02,17.87,16,1,85.71,3,HARDER
16,84.47,19.44,21,3,72.79,5,HARDER
6,99.52,11.82,6,0,100.0,2,HARDER
16,65.87,23.16,26,8,39.75,5,EASIER
4,56.85,12.86,10,3,71.09,1,EASIER
16,90.29,16.92,21,2,82.91,5,HARDER
16,84.4,52.04,24,3,69.54,5,SAME
12,70.08,38.99,21,5,57.97,4,EASIER
6,100.0,10.69,6,0,91.74,2,HARDER
12,93.91,33.73,15,1,89.37,4,HARDER
16,76.54,24.25,24,5,63.66,5,SAME
12,92.01,26.99,13,1,100.0,4,HARDER
6,65.75,19.43,12,3,62.22,2,EASIER
9,90.81,21.28,11,1,98.19,3,HARDER
6,74.24,22.4,9,2,84.05,2,HARDER
4,99.65,9.68,4,0,99.98,1,HARDER
9,81.08,20.54,14,2,89.43,3,HARDER
16,84.6,37.14,26,3,60.15,5,SAME
6,74.99,32.47,8,2,86.51,2,SAME
9,68.81,23.04,14,4,85.59,3,SAME
6,99.42,8.81,6,0,100.0,2,HARDER
12,67.25,43.43,25,6,54.42,4,EASIER
12,73.61,24.94,18,4,70.65,4,SAME
4,100.0,12.27,4,0,100.0,1,HARDER
4,100.0,10.92,4,0,90.05,1,HARDER
16,69.5,34.99,27,7,38.27,5,EASIER
4,79.27,14.66,6,1,88.69,1,HARDER
6,87.18,19.48,7,1,96.15,2,HARDER
6,98.62,19.09,6,0,94.05,2,HARDER
4,97.6,11.17,4,0,100.0,1,HARDER
6,100.0,21.06,6,0,93.93,2,HARDER
9,82.76,22.79,12,2,80.21,3,HARDER
12,90.34,19.5,15,1,100.0,4,HARDER
6,84.94,22.72,7,1,75.08,2,HARDER
4,99.82,11.19,4,0,100.0,1,HARDER
12,91.15,22.13,13,1,85.52,4,HARDER
9,90.24,14.9,10,1,94.63,3,HARDER
16,64.32,35.35,32,9,20.01,5,EASIER
6,84.27,12.27,7,1,100.0,2,HARDER
9,100.0,11.89,9,0,88.89,3,HARDER
4,100.0,13.18,4,0,100.0,1,HARDER
16,83.79,25.54,20,3,80.3,5,HARDER
6,66.93,29.35,12,3,60.52,2,EASIER
6,67.66,22.05,9,3,80.52,2,SAME
6,100.0,9.03,6,0,94.84,2,HARDER
6,66.01,19.93,11,3,73.01,2,SAME
9,73.93,32.36,13,3,67.14,3,SAME
9,99.11,30.19,10,0,99.74,3,HARDER
6,87.76,16.02,7,1,88.71,2,EASIER
9,74.05,25.73,16,3,74.15,3,SAME
16,79.53,23.24,22,4,69.94,5,HARDER
16,73.99,34.01,27,6,45.79,5,EASIER
4,64.85,27.85,6,2,79.59,1,SAME
16,76.56,30.45,26,5,56.08,5,SAME
6,75.83,25.33,8,2,71.95,2,SAME
6,67.38,18.58,12,3,74.28,2,EASIER
16,89.49,41.24,19,2,78.66,5,HARDER
6,73.59,17.9,9,2,89.4,2,SAME
4,100.0,13.22,4,0,85.1,1,HARDER
6,85.16,28.68,7,1,100.0,2,HARDER
16,73.55,45.96,28,6,35.28,5,EASIER
16,70.95,37.13,28,7,34.45,5,EASIER
9,99.41,12.57,9,0,91.42,3,HARDER
16,91.87,23.1,17,1,93.24,5,HARDER
12,85.85,13.58,15,2,93.14,4,HARDER
6,85.39,23.5,8,1,91.76,2,HARDER
16,71.75,47.96,25,6,48.57,5,EASIER
6,100.0,10.7,7,0,100.0,2,HARDER
16,76.57,40.54,28,5,48.39,5,EASIER
9,55.26,36.39,22,7,37.44,3,EASIER
16,74.25,23.98,26,6,53.92,5,EASIER
4,97.89,12.56,4,0,100.0,1,HARDER
16,65.13,35.94,31,8,55.65,5,EASIER
16,89.49,23.15,22,2,79.35,5,HARDER
4,80.19,13.85,6,1,98.27,1,HARDER
6,99.04,12.91,6,0,93.04,2,HARDER
12,76.05,24.08,19,4,65.22,4,EASIER
16,78.99,21.66,21,4,76.89,5,SAME
12,87.33,16.52,16,2,87.76,4,HARDER
6,100.0,12.71,6,0,100.0,2,SAME
16,69.06,44.31,32,7,38.57,5,EASIER
12,91.2,19.29,15,1,81.9,4,HARDER
12,99.77,30.82,12,0,99.06,4,HARDER
16,73.08,26.58,25,6,50.37,5,EASIER
16,75.51,22.62,24,5,56.81,5,SAME
16,70.0,46.14,26,7,34.29,5,EASIER
12,88.06,16.11,15,2,79.12,4,HARDER
12,62.51,33.34,28,7,28.83,4,EASIER
12,75.44,40.05,18,4,59.87,4,EASIER
16,73.1,30.99,23,6,62.94,5,EASIER
4,79.16,11.57,8,1,86.47,1,HARDER
12,81.19,17.22,19,3,90.16,4,HARDER
4,81.34,15.96,5,1,82.34,1,SAME
6,98.21,14.16,6,0,100.0,2,HARDER
12,75.62,16.59,20,4,62.67,4,EASIER
12,85.96,18.37,15,2,89.36,4,HARDER
4,80.81,17.98,5,1,94.76,1,HARDER
9,81.49,29.35,12,2,81.96,3,EASIER
9,67.48,42.67,15,5,46.95,3,EASIER
6,99.65,14.27,6,0,91.52,2,HARDER
12,67.76,18.05,24,6,46.32,4,EASIER
12,92.83,16.97,14,1,91.03,4,HARDER
6,82.83,17.11,7,1,100.0,2,HARDER
4,99.38,15.58,4,0,99.11,1,HARDER
12,72.91,24.4,19,4,78.61,4,HARDER
9,81.61,14.34,12,2,83.61,3,HARDER
6,85.32,15.67,8,1,69.42,2,HARDER
12,92.12,20.39,13,1,95.22,4,HARDER
6,99.34,12.13,6,0,92.17,2,HARDER
9,82.52,51.74,11,2,80.96,3,SAME
12,80.19,30.96,17,3,79.08,4,SAME
6,100.0,9.03,6,0,95.54,2,HARDER
16,73.23,33.67,28,6,37.75,5,EASIER
6,98.23,7.99,6,0,100.0,2,HARDER
6,85.57,10.52,7,1,100.0,2,HARDER
6,84.9,18.23,7,1,95.81,2,HARDER
12,67.49,34.95,22,6,45.96,4,EASIER
9,74.55,44.61,12,3,77.21,3,HARDER
4,67.03,14.0,7,2,97.69,1,SAME
9,100.0,17.7,10,0,99.78,3,HARDER
16,75.07,38.68,24,5,67.65,5,EASIER
9,81.79,20.17,13,2,81.44,3,HARDER
4,100.0,10.32,4,0,96.91,1,HARDER
6,73.42,14.25,12,2,76.35,2,SAME
9,77.0,22.16,15,3,75.45,3,SAME
16,68.68,50.43,24,7,57.55,5,EASIER
16,88.74,28.56,19,2,83.83,5,HARDER
9,91.11,33.37,10,1,98.32,3,HARDER
12,91.8,21.92,14,1,91.63,4,HARDER
9,82.76,20.49,16,2,84.9,3,HARDER
9,90.15,15.17,11,1,100.0,3,HARDER
9,81.77,26.95,13,2,77.13,3,SAME
16,88.89,30.23,23,2,76.16,5,HARDER
4,66.48,14.17,10,2,62.76,1,EASIER
12,80.49,19.36,16,3,74.98,4,HARDER
4,99.76,12.27,4,0,92.48,1,HARDER
12,79.14,26.5,17,3,77.5,4,SAME
16,55.78,63.94,33,13,0.68,5,EASIER
16,69.3,27.11,30,7,42.19,5,EASIER
12,85.77,27.6,15,2,88.24,4,HARDER
4,79.09,22.41,5,1,100.0,1,SAME
6,65.37,26.17,11,3,73.46,2,EASIER
12,84.58,30.74,14,2,90.6,4,HARDER
16,72.6,30.86,26,6,46.4,5,EASIER
4,67.2,12.45,6,2,82.37,1,SAME
16,76.65,55.78,25,5,43.29,5,EASIER
4,100.0,17.49,4,0,100.0,1,HARDER
6,99.97,9.44,6,0,100.0,2,EASIER
16,84.66,22.87,23,3,74.54,5,HARDER
6,85.09,25.24,7,1,97.33,2,HARDER
4,80.57,10.98,5,1,100.0,1,HARDER
16,63.4,33.62,30,9,24.72,5,EASIER
12,86.79,40.5,16,2,86.56,4,HARDER
6,99.11,11.22,7,0,100.0,2,HARDER
4,97.86,10.1,4,0,96.36,1,HARDER
16,59.17,44.52,40,11,7.44,5,EASIER
6,86.16,16.68,8,1,90.88,2,HARDER
4,100.0,9.85,4,0,100.0,1,HARDER
16,60.58,53.35,33,10,17.98,5,EASIER
16,73.27,42.13,26,6,51.19,5,EASIER
4,100.0,12.63,4,0,100.0,1,HARDER
6,100.0,12.49,6,0,100.0,2,HARDER
12,74.99,23.09,20,4,63.73,4,EASIER
9,89.27,16.61,10,1,98.99,3,HARDER
12,78.53,27.49,16,3,91.22,4,HARDER
9,89.93,22.39,11,1,86.04,3,EASIER
9,89.01,19.8,10,1,99.71,3,HARDER
4,79.42,11.14,5,1,92.15,1,HARDER
9,89.38,20.72,11,1,98.45,3,HARDER
16,79.94,23.63,25,4,57.5,5,SAME
9,90.42,22.86,10,1,77.11,3,HARDER
9,89.22,21.29,10,1,90.61,3,HARDER
16,79.51,16.0,24,4,58.75,5,EASIER
6,74.71,17.72,9,2,84.15,2,HARDER
16,81.77,31.26,21,4,73.9,5,EASIER
4,97.13,9.0,4,0,86.12,1,HARDER
12,80.2,20.34,21,3,73.54,4,SAME
16,74.03,37.99,24,5,75.8,5,SAME
9,82.79,25.7,11,2,84.23,3,HARDER
16,72.21,21.6,28,6,32.97,5,EASIER
4,79.74,13.01,5,1,87.64,1,HARDER
16,77.28,20.11,22,5,52.72,5,SAME
12,86.19,30.95,18,2,91.84,4,HARDER
4,67.44,26.37,6,2,72.74,1,EASIER
16,68.21,40.41,26,7,38.81,5,EASIER
6,88.24,12.04,7,1,87.97,2,HARDER
12,66.94,31.99,22,6,46.13,4,EASIER
12,85.46,25.4,17,2,73.19,4,HARDER
16,62.87,47.31,33,9,15.91,5,EASIER
4,99.09,10.84,4,0,100.0,1,HARDER
4,78.59,16.68,5,1,94.45,1,HARDER
6,84.23,16.03,8,1,84.15,2,HARDER
16,72.72,35.09,29,6,38.09,5,EASIER
12,93.05,18.37,14,1,89.01,4,HARDER
16,84.11,42.75,20,3,88.88,5,HARDER
4,79.1,23.44,6,1,86.94,1,HARDER
16,72.93,37.47,26,6,53.47,5,EASIER
12,70.11,42.77,18,5,67.86,4,EASIER
16,84.94,30.22,21,3,78.45,5,HARDER
16,75.15,49.39,27,5,53.84,5,EASIER
16,88.47,25.72,18,2,84.51,5,HARDER
12,73.51,42.3,17,4,56.92,4,SAME
9,97.91,11.74,9,0,94.44,3,HARDER
9,89.92,14.95,12,1,99.52,3,HARDER
16,65.99,30.16,26,8,29.39,5,EASIER
9,91.02,22.97,11,1,89.84,3,HARDER
6,100.0,13.45,8,0,100.0,2,HARDER
9,83.61,17.39,12,2,80.6,3,HARDER
12,93.92,25.74,14,1,83.68,4,HARDER
16,78.31,35.83,24,4,60.43,5,SAME
16,88.12,29.9,21,2,100.0,5,HARDER
6,98.3,9.71,6,0,100.0,2,HARDER
4,57.68,20.09,11,3,64.96,1,EASIER
16,72.21,28.43,28,6,46.1,5,EASIER
16,77.49,42.18,26,5,53.72,5,EASIER
9,75.23,22.5,13,3,81.94,3,EASIER
12,85.55,18.29,16,2,86.95,4,HARDER
9,82.5,20.63,12,2,100.0,3,HARDER
16,89.94,22.7,21,2,75.68,5,HARDER
4,98.97,11.42,4,0,100.0,1,HARDER
4,79.68,7.38,8,1,87.45,1,HARDER
6,100.0,10.93,6,0,88.05,2,HARDER
9,69.31,32.85,17,4,58.39,3,EASIER
12,76.64,28.7,20,4,76.94,4,SAME
12,76.88,38.2,18,4,79.92,4,EASIER
16,63.49,46.36,33,9,18.05,5,EASIER
9,74.62,25.49,15,3,59.7,3,EASIER
16,90.17,36.3,19,2,83.94,5,HARDER
6,86.53,16.79,7,1,97.31,2,HARDER
12,79.8,23.66,17,3,86.88,4,SAME
9,91.05,18.63,10,1,94.06,3,HARDER
4,79.22,11.39,5,1,93.06,1,HARDER
9,99.95,30.77,9,0,98.25,3,HARDER
9,91.73,17.35,11,1,91.09,3,HARDER
16,88.96,29.89,19,2,86.68,5,HARDER
16,77.25,29.43,26,5,59.95,5,EASIER
16,94.79,32.5,19,1,75.8,5,HARDER
4,79.95,16.01,6,1,100.0,1,HARDER
4,80.56,13.0,5,1,93.53,1,HARDER
9,65.06,27.1,19,5,49.48,3,EASIER
4,100.0,7.23,4,0,100.0,1,HARDER
16,95.11,22.06,18,1,90.75,5,HARDER
6,86.07,24.13,10,1,79.89,2,HARDER
9,76.32,23.48,13,3,83.8,3,SAME
4,100.0,8.77,4,0,100.0,1,HARDER
9,75.0,29.95,14,3,55.28,3,SAME
6,84.37,11.1,7,1,96.33,2,HARDER
12,86.45,25.5,17,2,87.77,4,HARDER
16,63.86,58.44,36,9,11.41,5,EASIER
16,75.02,23.15,21,5,64.72,5,EASIER
6,86.32,18.84,9,1,89.66,2,HARDER
12,68.87,24.31,21,5,44.74,4,EASIER
4,66.64,10.99,6,2,96.63,1,SAME
16,70.55,38.19,26,7,53.46,5,EASIER
16,79.2,34.58,23,4,69.81,5,SAME
16,82.77,25.01,21,3,72.51,5,HARDER
4,79.58,12.99,5,1,90.01,1,HARDER
16,66.74,47.89,32,8,13.25,5,EASIER
9,82.36,17.96,12,2,82.1,3,HARDER
9,74.01,23.61,12,3,86.25,3,EASIER
9,98.63,13.67,10,0,91.44,3,HARDER
12,86.33,37.54,15,2,85.27,4,HARDER
6,85.04,18.11,8,1,88.54,2,HARDER
16,86.86,30.5,21,2,71.38,5,HARDER
4,79.95,10.65,5,1,100.0,1,HARDER
6,100.0,17.28,6,0,98.79,2,HARDER
6,100.0,13.38,6,0,96.16,2,HARDER
16,71.98,43.06,27,7,39.29,5,EASIER
16,78.41,24.65,21,4,77.48,5,SAME
4,79.41,11.97,6,1,91.01,1,HARDER
9,76.07,20.07,13,3,78.08,3,HARDER
6,84.95,16.89,8,1,91.75,2,HARDER
9,67.9,27.26,18,4,54.4,3,EASIER
6,100.0,19.28,6,0,96.68,2,HARDER
12,75.43,29.89,21,4,70.51,4,SAME
6,73.9,22.93,9,2,86.26,2,SAME
16,83.37,28.85,21,3,89.21,5,HARDER
6,86.63,11.45,8,1,100.0,2,HARDER
9,82.0,16.6,13,2,79.84,3,HARDER
4,80.46,19.09,5,1,78.01,1,HARDER
6,85.5,14.07,8,1,85.46,2,HARDER
16,67.41,65.24,29,8,32.99,5,EASIER
9,73.8,20.82,15,3,59.87,3,EASIER
9,90.62,16.78,12,1,95.54,3,HARDER
12,86.39,21.45,19,2,85.4,4,SAME
6,75.13,16.3,10,2,87.11,2,HARDER
12,85.19,23.7,15,2,81.84,4,HARDER
16,79.59,60.9,26,4,54.63,5,EASIER
9,62.93,21.01,18,5,58.42,3,EASIER
12,90.74,14.37,13,1,98.02,4,HARDER
6,99.66,22.8,7,0,100.0,2,HARDER
4,81.77,20.51,6,1,92.07,1,HARDER
16,73.82,33.29,25,6,60.05,5,EASIER
4,80.47,18.32,5,1,100.0,1,HARDER
4,98.27,12.1,4,0,97.57,1,HARDER
16,72.31,46.75,25,6,55.98,5,EASIER
4,80.36,14.44,6,1,91.03,1,HARDER
16,74.8,34.61,22,5,68.77,5,SAME
9,90.07,19.91,10,1,88.86,3,HARDER
9,92.01,19.1,11,1,83.29,3,HARDER
6,74.89,16.52,9,2,79.74,2,SAME
9,80.02,15.39,12,2,85.75,3,HARDER
12,66.41,28.74,20,6,53.38,4,EASIER
6,85.14,13.34,7,1,85.89,2,HARDER
6,85.86,14.35,7,1,99.48,2,HARDER
4,100.0,14.08,4,0,92.59,1,HARDER
9,97.69,12.53,10,0,100.0,3,HARDER
4,67.14,13.41,8,2,88.05,1,SAME
4,80.47,14.62,6,1,96.03,1,SAME
12,91.32,20.79,13,1,100.0,4,HARDER
6,85.01,11.75,7,1,92.19,2,HARDER
16,85.22,24.95,20,3,92.48,5,HARDER
6,65.77,17.43,9,3,64.4,2,SAME
9,80.9,33.2,13,2,100.0,3,SAME
12,93.52,35.27,14,1,94.07,4,HARDER
16,75.37,35.08,27,5,40.01,5,EASIER
6,65.94,19.79,10,3,71.57,2,SAME
9,69.0,30.21,15,4,66.06,3,EASIER
4,80.33,10.25,5,1,79.63,1,HARDER
12,84.97,23.68,15,2,86.85,4,HARDER
6,99.66,15.02,6,0,100.0,2,HARDER
16,75.06,49.35,28,5,59.8,5,EASIER
16,62.27,68.28,37,10,0.0,5,EASIER
6,99.3,13.5,8,0,90.24,2,HARDER
4,79.0,16.95,5,1,88.96,1,HARDER
9,91.21,25.16,11,1,82.46,3,HARDER
9,82.08,27.36,12,2,75.69,3,SAME
4,67.69,23.73,11,2,63.28,1,EASIER
9,90.13,19.11,10,1,80.19,3,HARDER
6,75.22,15.91,10,2,87.22,2,HARDER
16,75.44,41.28,24,5,41.11,5,EASIER
6,84.54,23.09,8,1,83.24,2,SAME
4,100.0,15.34,4,0,90.69,1,HARDER
16,72.5,38.04,26,6,53.02,5,EASIER
6,98.99,15.6,7,0,96.29,2,HARDER
4,80.02,15.07,6,1,77.16,1,HARDER
4,100.0,13.45,5,0,92.28,1,HARDER
4,99.06,10.77,4,0,100.0,1,HARDER
4,98.97,15.23,4,0,100.0,1,HARDER
16,77.8,27.97,22,4,76.49,5,SAME
16,73.26,27.08,24,6,39.22,5,EASIER
6,86.33,12.34,8,1,100.0,2,HARDER
12,86.87,12.81,16,2,84.91,4,HARDER
6,54.46,30.44,15,5,51.21,2,SAME
12,84.12,18.45,15,2,73.24,4,HARDER
16,71.3,46.81,30,7,43.6,5,EASIER
12,86.66,34.93,15,2,91.0,4,HARDER
12,66.28,40.95,21,6,46.41,4,EASIER
6,85.99,21.47,8,1,95.5,2,HARDER
12,91.59,17.5,14,1,90.29,4,HARDER
12,80.73,29.93,16,3,60.89,4,SAME
16,80.74,19.4,24,4,78.53,5,HARDER
6,85.69,21.36,7,1,78.74,2,SAME
4,100.0,10.54,4,0,99.74,1,HARDER
6,85.67,16.31,7,1,100.0,2,HARDER
12,93.29,16.79,14,1,100.0,4,HARDER
9,92.09,16.21,12,1,88.11,3,HARDER
9,81.4,24.34,12,2,81.34,3,HARDER
9,76.17,9.65,13,3,77.33,3,SAME
12,76.13,20.14,20,4,62.45,4,EASIER
16,76.7,19.79,25,5,66.66,5,SAME
6,86.31,17.0,10,1,82.36,2,HARDER
4,66.99,17.18,8,2,82.41,1,SAME
12,86.93,19.19,14,2,80.85,4,HARDER
4,99.09,12.06,4,0,100.0,1,HARDER
6,98.59,14.73,6,0,100.0,2,HARDER
4,98.96,15.07,4,0,95.7,1,HARDER
16,79.38,43.42,24,4,59.51,5,EASIER
12,73.75,35.34,21,4,64.15,4,EASIER
6,99.82,18.98,6,0,89.53,2,HARDER
12,75.32,58.79,19,4,55.53,4,SAME
6,84.6,14.07,10,1,78.6,2,HARDER
12,93.6,23.9,13,1,88.54,4,HARDER
9,100.0,8.14,9,0,100.0,3,HARDER
12,85.87,30.53,16,2,74.98,4,HARDER
16,69.1,55.02,25,7,46.73,5,EASIER
16,73.85,55.44,26,6,57.09,5,EASIER
12,80.64,34.78,16,3,83.89,4,HARDER
12,69.81,40.47,19,5,53.07,4,EASIER
12,69.37,21.77,22,5,58.89,4,EASIER
6,86.93,13.67,8,1,100.0,2,HARDER
12,100.0,16.82,13,0,100.0,4,HARDER
6,100.0,14.48,6,0,100.0,2,HARDER
16,70.74,39.38,27,6,33.3,5,EASIER
16,75.43,42.79,26,5,58.9,5,EASIER
16,80.74,50.82,24,4,58.19,5,SAME
16,76.81,33.56,24,5,57.32,5,EASIER
16,72.88,40.85,26,6,54.06,5,EASIER
4,80.86,14.41,5,1,80.8,1,HARDER
9,82.88,23.32,12,2,72.11,3,HARDER
4,56.76,13.28,7,3,71.23,1,EASIER
16,81.18,30.65,24,4,57.56,5,EASIER
12,64.65,35.02,23,6,26.87,4,EASIER
6,100.0,30.72,6,0,100.0,2,HARDER
4,81.12,19.25,5,1,74.08,1,HARDER
9,83.19,20.2,14,2,72.14,3,HARDER
12,80.76,35.32,15,3,80.23,4,SAME
16,91.19,18.23,18,2,82.65,5,HARDER
9,76.24,19.76,15,3,90.13,3,SAME
6,65.78,21.28,12,3,73.14,2,EASIER
9,74.89,22.75,18,3,65.89,3,EASIER
6,74.18,14.6,9,2,83.86,2,SAME
4,100.0,7.23,4,0,100.0,1,HARDER
16,63.24,39.46,32,9,8.65,5,EASIER
12,70.19,14.5,19,5,68.7,4,EASIER
12,74.98,43.34,19,4,69.11,4,EASIER
12,79.4,26.1,17,3,70.03,4,HARDER
6,99.92,11.2,6,0,100.0,2,HARDER
12,71.73,42.04,21,5,48.22,4,EASIER
4,100.0,16.81,4,0,97.7,1,HARDER
12,71.29,28.57,19,5,69.09,4,EASIER
6,87.66,19.22,8,1,98.05,2,HARDER
12,93.31,17.97,13,1,91.23,4,HARDER
12,99.55,13.77,12,0,100.0,4,HARDER
12,93.33,14.5,15,1,93.4,4,HARDER
6,97.87,15.33,6,0,100.0,2,HARDER
16,87.75,27.33,22,2,87.51,5,HARDER
16,75.92,36.58,29,5,42.33,5,EASIER
12,70.84,32.89,22,5,63.02,4,EASIER
9,90.32,18.55,11,1,92.6,3,HARDER
4,81.51,14.88,6,1,86.43,1,HARDER
4,81.49,11.55,6,1,95.6,1,HARDER
12,69.36,34.66,20,5,58.55,4,EASIER
4,80.5,8.74,8,1,88.38,1,HARDER
9,90.47,32.34,10,1,97.71,3,HARDER
12,80.84,24.39,16,3,89.03,4,HARDER
6,100.0,9.41,6,0,100.0,2,HARDER
6,85.14,8.88,7,1,92.31,2,HARDER
16,77.87,40.7,26,5,64.74,5,EASIER
12,98.92,20.6,12,0,100.0,4,HARDER
4,80.35,13.55,5,1,90.76,1,HARDER
12,79.77,20.09,18,3,62.76,4,SAME
16,78.38,34.59,20,4,74.64,5,HARDER
12,86.81,15.4,14,2,88.83,4,HARDER
6,98.89,7.41,7,0,100.0,2,HARDER
4,79.51,11.62,7,1,88.8,1,HARDER
4,67.12,14.43,8,2,73.17,1,SAME
16,84.42,43.38,24,3,70.18,5,SAME
6,100.0,11.57,6,0,93.93,2,HARDER
16,77.69,49.96,28,5,58.31,5,EASIER
6,99.23,19.05,6,0,99.14,2,HARDER
6,74.6,16.34,10,2,71.85,2,SAME
9,81.79,21.79,13,2,84.91,3,HARDER
12,85.06,27.38,17,2,79.26,4,SAME
9,80.62,23.31,14,2,72.23,3,SAME
6,75.37,18.23,8,2,78.4,2,SAME
12,94.03,31.46,14,1,99.49,4,HARDER
9,70.13,18.32,14,4,70.48,3,SAME
4,100.0,11.01,4,0,100.0,1,HARDER
16,78.4,37.37,26,4,55.96,5,SAME
4,79.08,14.09,6,1,90.1,1,SAME
12,90.65,24.41,14,1,87.69,4,HARDER
16,68.18,40.72,30,7,36.08,5,EASIER
12,79.92,24.68,20,3,72.46,4,SAME
16,78.15,43.03,25,5,57.64,5,EASIER
12,78.57,16.8,18,3,73.58,4,SAME
6,100.0,24.52,6,0,99.95,2,HARDER
16,83.76,26.71,20,3,78.78,5,HARDER
4,77.87,11.22,5,1,86.29,1,SAME
4,100.0,8.42,4,0,97.85,1,HARDER
9,67.93,30.47,15,4,78.12,3,EASIER
9,74.57,22.19,12,3,74.63,3,SAME
6,99.59,12.27,6,0,100.0,2,HARDER
9,89.74,16.82,10,1,92.48,3,HARDER
12,79.2,46.22,18,3,70.49,4,HARDER
16,79.44,49.45,21,4,73.17,5,EASIER
9,67.0,27.81,20,4,49.2,3,EASIER
16,85.5,36.95,20,3,81.82,5,HARDER
12,79.81,22.93,18,3,81.83,4,HARDER
16,76.47,29.56,27,5,56.34,5,EASIER
4,99.41,12.31,4,0,100.0,1,HARDER
12,92.64,22.4,13,1,100.0,4,HARDER
9,59.83,36.85,18,6,54.92,3,EASIER
6,99.79,16.36,6,0,96.8,2,HARDER
6,99.77,12.61,6,0,100.0,2,HARDER
9,81.5,18.63,11,2,78.63,3,HARDER
4,100.0,12.06,4,0,94.17,1,HARDER
4,100.0,10.77,4,0,85.73,1,HARDER
6,74.18,27.14,11,2,75.03,2,SAME
9,89.2,22.87,11,1,93.35,3,HARDER
9,81.58,27.43,12,2,83.78,3,HARDER
12,92.23,32.1,15,1,93.59,4,HARDER
6,86.67,13.72,8,1,77.29,2,HARDER
6,100.0,15.54,6,0,97.26,2,HARDER
4,100.0,14.06,4,0,100.0,1,HARDER
12,80.88,31.43,19,3,73.38,4,HARDER
9,80.81,14.85,13,2,90.09,3,HARDER
4,100.0,16.55,4,0,83.48,1,HARDER
9,82.75,19.02,11,2,92.28,3,HARDER
12,85.74,30.43,16,2,88.99,4,HARDER
16,75.59,38.59,30,5,48.5,5,EASIER
16,70.21,34.04,30,7,45.19,5,EASIER
9,72.5,29.47,14,3,65.77,3,SAME
12,71.6,16.84,22,5,44.63,4,EASIER
9,82.93,21.81,12,2,92.5,3,HARDER
16,74.84,28.91,24,5,62.83,5,EASIER
4,80.38,15.83,6,1,87.27,1,HARDER
16,89.04,33.08,19,2,79.28,5,HARDER
4,100.0,14.39,5,0,100.0,1,HARDER
12,80.03,22.09,15,3,83.4,4,HARDER
12,75.47,18.8,17,4,69.13,4,SAME
12,86.89,14.41,16,2,100.0,4,HARDER
6,73.63,12.4,11,2,80.27,2,SAME
4,99.31,11.81,4,0,100.0,1,HARDER
12,84.94,23.94,16,2,81.51,4,SAME
4,98.43,11.4,4,0,100.0,1,HARDER
16,60.02,49.22,33,10,21.02,5,EASIER
9,74.13,23.69,13,3,76.85,3,HARDER
12,92.51,23.07,13,1,93.01,4,HARDER
16,76.44,35.27,23,5,44.9,5,EASIER
16,65.38,43.72,27,8,34.93,5,EASIER
9,89.1,13.16,10,1,84.02,3,HARDER
12,91.9,16.48,14,1,93.87,4,HARDER
6,73.99,18.47,9,2,92.48,2,HARDER
4,100.0,12.67,4,0,100.0,1,HARDER
12,70.91,33.76,21,5,64.84,4,EASIER
4,80.62,23.98,6,1,99.88,1,HARDER
4,98.84,9.28,4,0,94.58,1,HARDER
12,91.83,27.45,14,1,100.0,4,HARDER
16,66.42,45.83,29,8,26.36,5,EASIER
9,88.92,22.35,14,1,78.27,3,HARDER
16,77.28,66.09,28,5,48.65,5,EASIER
4,81.89,9.08,6,1,99.99,1,HARDER
16,85.11,39.0,21,3,64.8,5,SAME
6,87.32,15.97,10,1,99.53,2,HARDER
9,90.77,23.26,10,1,91.69,3,HARDER
4,80.68,14.04,6,1,89.17,1,HARDER
4,79.26,20.37,8,1,80.72,1,SAME
12,81.22,18.32,20,3,62.45,4,HARDER
9,89.52,27.74,11,1,86.01,3,HARDER
12,90.46,27.54,15,1,72.87,4,HARDER
6,86.28,20.08,8,1,100.0,2,HARDER
4,99.97,9.85,4,0,98.6,1,HARDER
4,98.28,12.36,4,0,100.0,1,HARDER
4,68.23,16.08,7,2,67.68,1,EASIER
6,74.1,23.99,12,2,65.11,2,EASIER
12,85.35,18.76,17,2,91.11,4,HARDER
9,71.33,26.33,16,4,64.21,3,EASIER
6,75.73,15.95,8,2,92.18,2,SAME
16,73.03,40.97,26,6,40.29,5,EASIER
6,86.06,12.86,7,1,86.78,2,HARDER
16,83.34,25.37,22,3,68.27,5,SAME
16,79.75,23.2,27,4,65.94,5,SAME
6,100.0,24.72,6,0,90.04,2,HARDER
6,86.04,24.13,8,1,88.35,2,HARDER
12,71.5,31.49,20,5,56.13,4,EASIER
12,100.0,18.59,13,0,100.0,4,HARDER
12,90.82,25.48,14,1,79.93,4,HARDER
4,79.6,13.68,6,1,100.0,1,HARDER
4,79.12,14.38,5,1,98.29,1,HARDER
12,79.97,26.98,16,3,80.55,4,HARDER
4,98.11,9.67,4,0,96.11,1,HARDER
4,99.7,9.16,4,0,95.14,1,HARDER
6,83.56,8.52,10,1,98.56,2,HARDER
12,100.0,20.24,13,0,100.0,4,HARDER
12,80.92,23.63,18,3,64.84,4,HARDER
12,74.41,30.1,21,4,64.96,4,EASIER
16,68.42,43.82,32,7,33.16,5,EASIER
12,74.91,34.11,17,4,68.78,4,EASIER
12,74.56,26.72,17,4,65.92,4,EASIER
9,81.91,15.54,15,2,90.48,3,HARDER
16,80.24,32.6,21,4,70.77,5,SAME
6,85.16,20.27,7,1,91.65,2,HARDER
12,92.7,21.36,16,1,97.66,4,HARDER
12,73.7,14.26,18,4,71.87,4,SAME
4,79.72,22.71,6,1,69.95,1,SAME
12,80.4,39.37,21,3,71.3,4,SAME
6,87.68,13.81,9,1,98.62,2,HARDER
9,75.12,22.96,19,3,74.82,3,SAME
12,85.77,34.23,15,2,81.13,4,SAME
12,79.5,19.76,16,3,74.47,4,HARDER
6,99.57,9.24,6,0,100.0,2,EASIER
6,100.0,20.3,6,0,91.9,2,HARDER
6,100.0,15.78,6,0,100.0,2,HARDER
12,100.0,26.53,14,0,93.07,4,HARDER
9,83.54,19.78,12,2,96.23,3,SAME
9,80.97,20.17,12,2,84.11,3,HARDER
4,99.31,5.97,4,0,99.82,1,HARDER
6,98.92,13.67,6,0,100.0,2,HARDER
4,100.0,10.37,4,0,96.41,1,HARDER
4,100.0,21.98,4,0,100.0,1,HARDER
12,81.37,25.29,20,3,64.13,4,SAME
16,65.94,25.29,29,8,36.29,5,EASIER
16,71.17,43.54,34,7,29.88,5,EASIER
6,99.81,17.33,6,0,97.28,2,HARDER
16,63.05,40.03,31,9,15.5,5,EASIER
12,69.37,26.83,20,5,64.97,4,EASIER
12,84.0,19.53,17,2,81.58,4,SAME
12,74.68,32.61,22,4,69.97,4,SAME
6,75.42,17.49,11,2,71.7,2,SAME
6,100.0,18.65,6,0,87.58,2,HARDER
12,74.84,20.19,18,4,79.77,4,SAME
6,76.48,14.1,12,2,65.62,2,SAME
12,86.19,31.85,17,2,75.7,4,HARDER
9,81.74,30.57,11,2,83.03,3,SAME
12,80.7,18.36,16,3,78.08,4,SAME
4,79.81,12.09,5,1,72.12,1,HARDER
6,99.8,9.53,6,0,96.39,2,HARDER
6,76.46,22.99,10,2,73.76,2,HARDER
6,99.73,8.13,6,0,100.0,2,HARDER
4,79.61,14.75,5,1,93.02,1,HARDER
12,80.35,29.29,17,3,68.56,4,SAME
12,85.5,32.25,16,2,63.67,4,SAME
16,89.05,25.43,20,2,90.97,5,HARDER
9,83.39,17.73,11,2,90.46,3,HARDER
12,74.51,28.0,24,4,64.0,4,EASIER
12,87.96,27.9,18,2,80.55,4,HARDER
16,80.43,29.02,29,4,55.87,5,EASIER
12,67.45,22.33,23,6,63.68,4,EASIER
12,91.68,17.91,13,1,87.72,4,HARDER
9,100.0,17.27,9,0,100.0,3,HARDER
6,99.37,19.79,7,0,94.69,2,HARDER
12,85.44,32.0,17,2,77.61,4,HARDER
12,73.26,42.51,21,5,59.88,4,EASIER
9,81.13,12.56,12,2,93.3,3,HARDER
9,71.62,26.51,20,4,64.92,3,EASIER
9,81.92,27.81,13,2,78.33,3,SAME
16,71.05,27.22,27,6,55.48,5,EASIER
16,64.77,32.94,29,8,30.57,5,EASIER
4,99.33,10.75,4,0,100.0,1,HARDER
6,99.5,10.59,6,0,100.0,2,HARDER
12,80.17,30.12,19,3,83.11,4,SAME
9,90.25,23.98,12,1,90.6,3,HARDER
6,99.22,17.04,7,0,100.0,2,HARDER
16,79.22,40.4,21,4,59.9,5,HARDER
9,88.25,20.13,12,1,78.69,3,HARDER
9,90.12,16.04,11,1,89.08,3,HARDER
4,67.49,17.22,8,2,98.22,1,SAME
12,84.08,22.8,14,2,80.94,4,SAME
9,69.4,51.42,19,4,57.42,3,EASIER
9,89.24,27.43,11,1,91.19,3,SAME
6,99.74,16.71,6,0,100.0,2,HARDER
4,99.5,7.92,4,0,100.0,1,HARDER
4,81.47,18.36,5,1,100.0,1,HARDER
4,100.0,11.82,4,0,90.58,1,HARDER
16,76.27,48.03,23,5,48.0,5,EASIER
4,99.51,14.08,4,0,93.77,1,HARDER
16,63.25,55.23,28,9,19.63,5,EASIER
4,97.68,10.26,4,0,99.11,1,HARDER
6,99.43,18.04,6,0,100.0,2,HARDER
6,99.65,9.71,6,0,93.92,2,HARDER
12,75.49,33.87,16,4,88.18,4,SAME
4,79.37,15.01,5,1,96.07,1,HARDER
12,87.83,24.8,18,2,87.21,4,HARDER
9,82.42,11.9,13,2,82.26,3,HARDER
16,75.17,31.41,29,6,43.36,5,EASIER
16,77.73,30.5,22,4,67.8,5,SAME
12,74.63,20.89,22,4,66.06,4,SAME
9,91.18,18.29,10,1,87.76,3,HARDER
4,66.85,15.57,7,2,98.56,1,SAME
9,88.32,22.98,11,1,97.55,3,HARDER
6,100.0,24.5,6,0,100.0,2,HARDER
4,97.43,15.71,4,0,100.0,1,HARDER
12,83.92,26.66,14,2,86.58,4,HARDER
12,85.24,22.38,15,2,76.95,4,SAME
16,73.92,25.24,28,6,49.9,5,EASIER
12,70.9,28.24,18,5,56.83,4,EASIER
16,80.63,25.58,23,4,71.09,5,HARDER
4,79.85,17.48,7,1,84.3,1,HARDER
12,80.03,23.55,17,3,69.64,4,SAME
6,73.61,9.14,13,2,73.2,2,SAME
9,64.9,16.8,17,5,55.2,3,EASIER
4,97.23,12.79,4,0,100.0,1,HARDER
6,100.0,13.89,6,0,93.89,2,HARDER
4,80.32,16.99,6,1,90.57,1,HARDER
6,60.09,15.91,14,4,69.54,2,EASIER
16,82.32,28.11,25,4,63.59,5,HARDER
4,98.99,12.95,4,0,100.0,1,HARDER
6,99.65,12.5,7,0,100.0,2,HARDER
9,67.14,28.34,16,4,65.85,3,EASIER
16,65.97,40.09,32,8,33.3,5,EASIER
16,76.34,43.1,29,5,48.69,5,EASIER
4,99.64,10.67,5,0,96.84,1,HARDER
6,74.21,25.54,11,2,78.66,2,HARDER
16,73.38,34.25,23,6,68.66,5,EASIER
6,84.68,23.33,7,1,93.79,2,HARDER
4,67.69,15.23,7,2,82.88,1,SAME
9,81.48,28.93,12,2,82.11,3,HARDER
6,86.24,13.84,8,1,88.17,2,HARDER
9,89.03,11.6,11,1,85.39,3,HARDER
12,80.54,25.45,16,3,79.75,4,HARDER
4,97.96,11.31,4,0,100.0,1,HARDER
6,74.06,27.11,8,2,76.68,2,SAME
12,74.4,47.5,18,4,65.54,4,EASIER
12,76.94,24.6,20,4,60.88,4,EASIER
16,93.29,29.57,19,1,81.58,5,HARDER
12,100.0,14.07,13,0,97.64,4,HARDER
4,100.0,9.55,4,0,96.58,1,HARDER
4,67.05,29.64,10,2,84.58,1,EASIER
12,71.91,46.47,20,5,61.36,4,EASIER
6,99.89,12.74,6,0,100.0,2,HARDER
12,75.57,52.15,20,4,62.94,4,EASIER
9,69.59,21.83,14,4,68.67,3,EASIER
16,74.38,35.37,27,6,50.35,5,EASIER
16,66.03,47.48,28,8,27.0,5,EASIER
9,81.98,24.05,13,2,81.69,3,HARDER
4,99.69,8.3,4,0,100.0,1,HARDER
16,77.04,27.87,29,5,50.34,5,SAME
16,61.95,54.81,31,10,17.82,5,EASIER
9,84.15,31.0,12,2,84.54,3,HARDER
4,65.85,12.93,9,2,75.12,1,SAME
12,81.55,27.7,19,3,72.38,4,SAME
9,90.45,17.44,11,1,89.39,3,HARDER
16,79.84,23.48,22,4,79.02,5,SAME
6,84.4,15.17,7,1,94.56,2,SAME
9,90.1,22.52,13,1,87.03,3,HARDER
12,85.98,30.25,16,2,83.89,4,HARDER
9,63.71,24.95,14,5,68.62,3,EASIER
4,100.0,11.19,4,0,94.29,1,HARDER
4,100.0,15.4,5,0,100.0,1,HARDER
16,93.89,18.06,18,1,80.96,5,HARDER
12,86.22,19.02,15,2,76.41,4,HARDER
12,92.43,19.95,14,1,89.89,4,HARDER
6,75.83,21.5,9,2,80.77,2,SAME
12,92.88,15.63,14,1,95.96,4,HARDER
16,69.72,72.5,34,7,18.59,5,EASIER
4,100.0,15.66,4,0,100.0,1,HARDER
9,75.52,19.69,18,3,63.5,3,EASIER
12,80.09,17.01,18,3,71.95,4,SAME
12,85.43,30.95,15,2,78.39,4,HARDER
12,80.97,17.55,19,3,74.96,4,SAME
12,83.81,30.98,16,2,83.86,4,HARDER
9,79.85,29.59,11,2,86.98,3,HARDER
4,100.0,7.6,4,0,99.09,1,HARDER
6,87.27,17.54,7,1,100.0,2,HARDER
12,71.0,56.17,20,5,37.47,4,EASIER
9,82.3,25.91,11,2,82.3,3,HARDER
4,100.0,7.99,4,0,90.47,1,SAME
6,99.2,17.53,6,0,95.84,2,HARDER
12,66.42,22.73,22,6,63.3,4,HARDER
4,78.85,12.68,6,1,81.69,1,SAME
9,74.38,29.75,13,3,64.07,3,SAME
4,99.22,12.23,4,0,92.02,1,HARDER
12,74.49,28.88,18,4,57.8,4,EASIER
12,78.76,27.62,17,3,64.47,4,HARDER
4,65.89,20.45,8,2,71.82,1,EASIER
6,61.92,16.27,13,4,62.99,2,EASIER
16,78.58,30.49,21,4,66.03,5,EASIER
6,74.54,19.64,8,2,86.46,2,HARDER
16,84.28,35.65,22,3,74.78,5,HARDER
9,81.8,18.52,14,2,78.09,3,HARDER
4,100.0,8.79,4,0,100.0,1,HARDER
16,79.59,27.37,20,4,73.85,5,EASIER
12,98.61,11.56,12,0,100.0,4,HARDER
6,85.72,12.34,7,1,93.61,2,HARDER
16,75.66,37.08,31,5,38.98,5,EASIER
12,78.4,30.61,16,3,89.32,4,HARDER
9,75.33,27.25,17,3,63.39,3,EASIER
16,81.45,42.69,23,4,60.94,5,SAME
6,100.0,11.29,6,0,88.75,2,HARDER
9,100.0,27.02,9,0,100.0,3,HARDER
4,80.69,11.43,5,1,96.44,1,HARDER
16,82.43,15.53,20,3,79.3,5,HARDER
4,99.79,11.63,4,0,100.0,1,HARDER
12,80.33,20.43,16,3,69.96,4,SAME
4,99.9,12.38,4,0,100.0,1,HARDER
9,80.92,24.41,12,2,96.8,3,SAME
12,66.94,52.06,22,6,50.6,4,EASIER
9,74.25,43.02,14,3,60.35,3,EASIER
6,85.06,12.25,7,1,95.19,2,HARDER
12,84.53,19.48,15,2,74.29,4,HARDER
6,100.0,13.4,6,0,100.0,2,HARDER
6,99.79,13.23,6,0,100.0,2,HARDER
6,99.19,14.07,6,0,100.0,2,HARDER
4,79.41,21.33,6,1,92.67,1,HARDER
9,84.03,20.65,11,2,82.49,3,HARDER
12,79.46,22.44,15,3,79.08,4,HARDER
4,100.0,14.77,4,0,97.15,1,HARDER
12,92.78,26.97,13,1,99.66,4,HARDER
9,89.58,15.02,11,1,98.81,3,HARDER
12,80.24,14.85,18,3,67.59,4,SAME
12,71.82,31.34,17,5,72.79,4,SAME
6,84.78,22.08,9,1,98.59,2,HARDER
4,100.0,11.24,4,0,100.0,1,HARDER
4,100.0,15.86,4,0,92.22,1,HARDER
12,79.8,25.04,18,3,76.92,4,SAME
16,85.19,22.49,22,3,67.53,5,HARDER
6,99.22,12.96,7,0,99.81,2,HARDER
4,100.0,9.78,4,0,96.34,1,HARDER
16,69.91,46.14,29,7,49.19,5,EASIER
4,66.95,12.25,8,2,85.42,1,SAME
9,81.95,21.28,12,2,75.6,3,HARDER
9,81.51,20.04,13,2,86.47,3,HARDER
9,92.12,24.78,11,1,88.89,3,HARDER
9,82.27,24.95,12,2,83.21,3,HARDER
16,70.12,42.61,26,7,54.85,5,EASIER
6,99.74,15.69,6,0,87.07,2,HARDER
6,99.24,21.34,7,0,93.25,2,HARDER
4,100.0,9.64,4,0,94.86,1,HARDER
6,86.04,16.47,7,1,88.14,2,HARDER
6,100.0,12.29,7,0,100.0,2,HARDER
12,86.3,26.61,16,2,77.43,4,HARDER
12,98.76,19.98,12,0,89.59,4,HARDER
9,89.95,13.33,11,1,95.73,3,HARDER
6,86.37,26.39,9,1,90.65,2,SAME
16,79.44,26.47,28,4,50.52,5,SAME
16,80.64,22.23,25,4,60.45,5,SAME
6,99.99,17.43,6,0,95.15,2,HARDER
4,100.0,14.36,4,0,100.0,1,HARDER
12,92.59,22.44,16,1,87.25,4,HARDER
4,99.0,12.13,4,0,95.23,1,HARDER
16,89.18,23.23,19,2,83.57,5,HARDER
16,79.69,24.66,21,4,73.01,5,HARDER
12,92.92,16.51,15,1,92.47,4,HARDER
6,66.69,14.51,12,3,83.44,2,SAME
6,99.89,16.85,6,0,96.56,2,HARDER
16,99.78,34.27,16,0,95.12,5,HARDER
16,69.35,43.84,27,7,30.04,5,EASIER
9,90.06,14.97,10,1,96.5,3,HARDER
12,74.44,25.23,18,4,60.7,4,EASIER
6,99.34,20.8,6,0,100.0,2,HARDER
12,85.53,19.32,15,2,88.98,4,HARDER
6,86.35,20.65,9,1,79.73,2,HARDER
4,100.0,14.88,4,0,100.0,1,HARDER
9,68.58,34.69,14,4,73.94,3,EASIER
6,65.03,20.11,10,3,67.42,2,EASIER
4,79.84,22.06,6,1,86.5,1,HARDER
16,67.71,35.9,31,7,35.66,5,EASIER
16,75.14,30.3,25,5,53.66,5,SAME
9,100.0,15.59,10,0,100.0,3,HARDER
6,85.76,12.8,8,1,78.05,2,HARDER
4,99.12,9.79,4,0,95.54,1,HARDER
12,85.93,21.61,15,2,80.96,4,HARDER
16,78.65,50.6,23,4,57.34,5,SAME
6,100.0,10.91,6,0,95.95,2,HARDER
12,70.2,28.51,20,5,47.88,4,EASIER
4,100.0,15.69,4,0,83.04,1,HARDER
9,74.62,35.57,16,3,67.83,3,SAME
12,93.0,20.1,13,1,86.75,4,HARDER
6,65.11,16.4,12,3,62.98,2,EASIER
9,64.39,28.07,16,5,60.57,3,SAME
4,67.46,16.41,8,2,72.34,1,EASIER
9,89.87,23.1,10,1,92.56,3,HARDER
4,80.39,14.39,6,1,85.92,1,SAME
4,100.0,8.86,4,0,96.22,1,SAME
9,89.8,25.97,10,1,94.32,3,HARDER
16,81.51,38.76,22,4,75.71,5,EASIER
6,73.68,17.74,10,2,86.2,2,SAME
9,85.03,14.27,12,2,78.2,3,HARDER
6,84.67,28.75,7,1,96.78,2,HARDER
16,99.16,27.53,16,0,100.0,5,HARDER
9,75.51,17.8,13,3,63.93,3,SAME
9,99.34,21.13,9,0,100.0,3,HARDER
16,93.41,25.84,19,1,87.53,5,HARDER
9,79.42,15.16,11,2,81.02,3,HARDER
12,72.52,26.02,21,5,49.93,4,HARDER
9,90.16,17.04,11,1,99.71,3,HARDER
12,64.75,38.89,19,6,57.48,4,EASIER
4,100.0,11.96,4,0,99.98,1,HARDER
6,74.36,18.62,9,2,71.63,2,SAME
16,79.64,22.47,23,4,71.97,5,SAME
6,66.85,26.39,13,3,59.5,2,EASIER
4,66.4,17.84,7,2,87.68,1,SAME
12,91.85,12.24,14,1,84.08,4,HARDER
9,100.0,10.09,9,0,96.56,3,HARDER
4,66.48,17.52,8,2,69.06,1,SAME
9,100.0,12.53,9,0,100.0,3,HARDER
6,73.97,21.04,9,2,69.28,2,SAME
16,87.97,15.66,18,2,94.26,5,HARDER
4,100.0,9.73,5,0,100.0,1,HARDER
4,81.44,9.6,5,1,89.25,1,HARDER
9,75.0,17.91,16,3,64.52,3,SAME
4,99.34,8.12,4,0,100.0,1,HARDER
12,72.64,30.8,23,5,52.4,4,SAME
16,78.37,45.52,24,5,53.28,5,EASIER
16,84.5,28.07,23,3,73.24,5,HARDER
12,85.23,20.34,16,2,76.97,4,SAME
12,99.55,15.38,14,0,100.0,4,HARDER
6,67.69,24.78,9,3,84.33,2,HARDER
16,75.96,33.61,24,5,53.76,5,EASIER
9,100.0,13.57,10,0,100.0,3,HARDER
6,75.77,16.79,8,2,87.1,2,HARDER
4,100.0,16.03,4,0,100.0,1,HARDER
9,99.77,19.49,9,0,88.52,3,HARDER
16,79.92,23.08,23,4,65.3,5,HARDER
6,86.75,11.84,10,1,90.53,2,HARDER
6,65.68,29.98,11,3,74.45,2,EASIER
9,65.67,21.34,18,5,51.14,3,EASIER
4,66.57,26.9,6,2,84.04,1,SAME
16,89.17,20.07,20,2,86.19,5,HARDER
9,74.71,19.43,13,3,82.32,3,SAME
6,74.57,26.66,10,2,79.65,2,SAME
9,82.7,27.98,13,2,70.36,3,HARDER
16,87.7,31.99,20,2,90.08,5,HARDER
12,81.34,15.96,15,3,86.06,4,SAME
4,98.46,17.67,4,0,100.0,1,HARDER
6,66.26,15.09,10,3,60.57,2,SAME
4,100.0,6.94,4,0,100.0,1,HARDER
6,99.9,12.13,6,0,96.27,2,HARDER
9,82.45,30.9,12,2,76.77,3,HARDER
6,100.0,15.42,6,0,96.33,2,HARDER
6,86.14,18.98,9,1,89.4,2,HARDER
4,99.03,8.19,4,0,98.66,1,HARDER
9,75.73,31.0,15,3,79.46,3,SAME
12,70.52,20.67,21,5,59.7,4,SAME
4,100.0,12.58,4,0,100.0,1,HARDER
6,97.58,9.91,6,0,98.83,2,HARDER
16,84.4,26.93,21,3,73.57,5,HARDER
6,76.93,11.31,10,2,100.0,2,HARDER
16,81.73,38.06,25,4,73.49,5,SAME
12,75.94,30.05,20,4,60.0,4,EASIER
12,80.7,28.59,17,3,85.52,4,HARDER
9,100.0,17.42,9,0,100.0,3,HARDER
6,86.81,16.7,7,1,100.0,2,HARDER
16,86.12,24.81,22,3,81.26,5,HARDER
12,80.43,40.41,18,3,71.48,4,SAME
16,83.69,20.28,20,3,71.94,5,HARDER
6,84.88,11.24,9,1,100.0,2,HARDER
16,67.62,26.96,26,7,50.42,5,EASIER
4,100.0,9.19,4,0,100.0,1,HARDER
6,85.36,13.81,7,1,82.98,2,HARDER
16,69.37,32.01,29,7,47.62,5,EASIER
12,79.88,28.62,17,3,73.59,4,SAME
4,80.15,13.79,6,1,87.6,1,HARDER
4,80.57,16.94,5,1,95.84,1,HARDER
4,65.32,15.46,7,2,78.33,1,SAME
12,99.36,19.25,13,0,100.0,4,HARDER
9,89.53,20.45,10,1,97.76,3,HARDER
4,99.26,12.93,4,0,95.05,1,HARDER
6,72.03,18.07,9,2,84.78,2,SAME
16,69.27,21.96,30,7,37.49,5,EASIER
4,99.04,10.81,4,0,97.23,1,HARDER
6,83.81,12.25,7,1,97.51,2,HARDER
16,76.6,37.43,26,5,58.68,5,EASIER
16,75.6,45.82,31,5,32.71,5,EASIER
9,75.16,31.01,16,3,73.66,3,SAME
16,89.96,24.1,19,2,82.37,5,HARDER
9,80.83,22.93,14,2,81.38,3,SAME
12,72.2,38.83,19,5,69.84,4,EASIER
4,100.0,7.58,5,0,88.45,1,HARDER
16,75.31,16.14,24,5,56.91,5,SAME
16,70.42,43.89,32,7,22.36,5,EASIER
9,90.41,18.58,11,1,94.74,3,HARDER
9,88.75,27.14,10,1,98.25,3,HARDER
9,88.75,14.59,10,1,100.0,3,HARDER
9,69.2,21.56,15,4,72.14,3,EASIER
16,78.44,28.42,24,4,57.71,5,SAME
4,81.41,22.48,6,1,89.73,1,HARDER
16,84.95,21.84,21,3,92.52,5,HARDER
6,100.0,9.26,7,0,100.0,2,HARDER
4,79.13,23.25,6,1,90.08,1,HARDER
6,100.0,13.6,6,0,100.0,2,HARDER
4,79.65,17.48,6,1,96.24,1,HARDER
12,81.38,19.72,20,3,63.93,4,SAME
12,64.18,45.81,28,7,36.11,4,EASIER
4,80.83,29.94,6,1,87.26,1,SAME
16,85.54,32.31,25,3,66.6,5,SAME
9,88.68,14.09,11,1,92.12,3,HARDER
16,79.37,30.12,24,4,73.17,5,EASIER
9,76.3,26.78,14,3,84.23,3,SAME
12,82.14,18.59,16,3,75.83,4,HARDER
9,89.38,22.28,10,1,100.0,3,HARDER
12,74.75,28.7,20,4,73.04,4,HARDER
4,65.26,21.09,7,2,96.59,1,SAME
9,98.47,13.04,10,0,100.0,3,HARDER
16,84.13,33.54,21,3,72.07,5,SAME
6,86.18,20.3,7,1,100.0,2,HARDER
4,79.99,15.85,6,1,84.93,1,HARDER
6,99.61,9.23,7,0,100.0,2,HARDER
6,83.69,28.47,10,1,79.06,2,HARDER
6,74.26,25.27,10,2,81.0,2,SAME
4,100.0,10.9,4,0,94.77,1,HARDER
9,100.0,14.74,9,0,99.71,3,HARDER
4,99.86,9.91,4,0,93.46,1,HARDER
6,85.77,17.75,8,1,90.49,2,HARDER
12,79.53,19.35,17,3,87.94,4,HARDER
16,100.0,15.1,17,0,100.0,5,HARDER
4,65.11,15.97,7,2,85.23,1,EASIER
6,100.0,9.62,6,0,100.0,2,HARDER
16,89.3,17.98,18,2,78.55,5,HARDER
16,89.43,17.44,18,2,82.09,5,HARDER
16,74.53,57.4,26,5,53.98,5,EASIER
9,100.0,14.38,9,0,100.0,3,HARDER
9,82.04,17.1,12,2,91.89,3,HARDER
4,100.0,13.6,4,0,100.0,1,HARDER
9,89.61,17.14,11,1,85.26,3,HARDER
9,81.29,19.16,15,2,66.07,3,HARDER
4,80.72,10.99,5,1,100.0,1,SAME
12,91.87,27.65,14,1,100.0,4,HARDER
16,75.45,33.61,21,5,78.4,5,HARDER
12,85.04,16.93,15,2,83.16,4,HARDER
16,85.6,34.54,21,3,73.19,5,HARDER
12,80.43,23.3,17,3,85.07,4,HARDER
12,92.58,31.06,14,1,96.22,4,HARDER
12,83.3,24.47,15,2,100.0,4,HARDER
6,100.0,12.71,6,0,98.48,2,HARDER
12,74.48,29.62,16,4,77.66,4,SAME
12,70.86,29.16,22,5,57.92,4,EASIER
16,72.9,32.71,29,6,41.98,5,EASIER
12,85.8,21.85,17,2,70.63,4,HARDER
6,75.29,20.45,11,2,84.24,2,HARDER
9,82.38,19.61,12,2,82.05,3,HARDER
4,80.17,25.4,6,1,97.44,1,HARDER
12,85.62,25.67,17,2,83.67,4,SAME
9,99.42,16.78,9,0,87.62,3,HARDER
12,85.58,28.1,16,2,77.65,4,HARDER
12,92.54,30.59,13,1,93.48,4,HARDER
16,72.98,21.12,27,6,41.35,5,EASIER
6,74.18,14.33,8,2,92.41,2,HARDER
12,92.8,15.21,14,1,100.0,4,HARDER
9,60.46,34.69,19,6,42.97,3,EASIER
9,76.17,14.98,14,3,70.19,3,SAME
16,69.76,29.1,26,7,48.39,5,EASIER
4,79.34,18.32,5,1,89.33,1,HARDER
9,100.0,18.47,9,0,100.0,3,HARDER
4,100.0,10.67,4,0,93.62,1,HARDER
9,89.91,13.96,11,1,92.03,3,HARDER
9,100.0,14.27,9,0,100.0,3,HARDER
9,99.4,15.41,10,0,100.0,3,HARDER
16,84.91,30.14,21,3,82.2,5,HARDER
9,75.51,19.56,14,3,86.03,3,HARDER
9,90.54,18.21,12,1,91.64,3,HARDER
9,80.85,19.53,12,2,93.05,3,HARDER
4,100.0,15.29,4,0,100.0,1,HARDER
16,75.28,26.52,26,5,69.77,5,EASIER
12,91.11,25.9,13,1,83.61,4,HARDER
9,91.09,22.37,10,1,100.0,3,EASIER
12,84.66,24.92,18,2,82.81,4,HARDER
12,100.0,18.01,12,0,100.0,4,HARDER
12,80.36,24.52,18,3,75.88,4,HARDER
12,79.21,33.34,18,3,62.85,4,SAME
9,89.33,10.94,11,1,84.16,3,HARDER
4,99.36,12.89,4,0,100.0,1,HARDER
16,88.06,13.47,19,2,98.65,5,HARDER
12,74.17,33.01,20,4,52.8,4,EASIER
12,77.28,27.94,16,3,60.13,4,SAME
16,72.1,49.63,28,6,45.46,5,EASIER
4,99.56,16.5,4,0,87.79,1,HARDER
4,79.59,11.09,5,1,87.31,1,HARDER
16,89.59,20.43,20,2,80.3,5,HARDER
6,99.1,16.39,6,0,100.0,2,HARDER
4,100.0,12.6,4,0,86.98,1,HARDER
9,99.19,20.75,9,0,100.0,3,HARDER
16,66.09,34.81,31,8,33.32,5,EASIER
6,87.65,11.76,7,1,100.0,2,HARDER
9,98.35,12.34,9,0,100.0,3,HARDER
9,69.3,28.58,16,4,75.22,3,SAME
6,85.75,16.75,7,1,96.58,2,HARDER
9,74.51,22.93,13,3,68.81,3,SAME
16,77.07,32.74,22,5,75.96,5,SAME
4,100.0,14.11,4,0,100.0,1,HARDER
9,80.89,23.27,11,2,92.4,3,HARDER
6,73.37,30.99,8,2,98.39,2,HARDER
4,99.69,7.11,4,0,100.0,1,HARDER
4,79.99,11.33,5,1,84.41,1,EASIER
4,99.14,11.59,4,0,91.25,1,HARDER
6,98.71,15.84,6,0,100.0,2,HARDER
9,79.72,17.14,11,2,82.59,3,HARDER
9,74.65,22.12,13,3,74.26,3,EASIER
9,82.08,13.94,12,2,81.32,3,HARDER
16,79.83,48.04,23,4,56.56,5,EASIER
6,73.35,38.79,10,2,84.25,2,SAME
9,75.29,20.28,16,3,71.45,3,SAME
12,80.34,40.67,15,3,78.24,4,HARDER
9,91.97,16.3,10,1,94.72,3,HARDER
9,89.4,23.0,14,1,80.29,3,HARDER
12,87.22,23.92,16,2,89.47,4,HARDER
16,75.84,45.83,23,5,64.2,5,SAME
4,80.69,12.13,6,1,100.0,1,HARDER
6,100.0,11.46,7,0,87.03,2,HARDER
4,99.69,12.02,4,0,100.0,1,HARDER
6,99.55,10.37,7,0,100.0,2,HARDER
16,76.36,24.83,22,5,64.55,5,SAME
6,86.03,16.67,7,1,88.0,2,HARDER
6,99.22,12.29,6,0,100.0,2,HARDER
9,88.11,15.11,11,1,89.05,3,HARDER
6,85.32,15.48,9,1,90.69,2,HARDER
16,84.92,27.63,21,3,79.92,5,HARDER
16,67.54,34.2,29,8,43.72,5,EASIER
16,63.54,55.82,28,9,37.61,5,EASIER
6,83.47,14.24,7,1,90.97,2,HARDER
9,91.08,20.67,10,1,98.2,3,HARDER
4,100.0,12.39,4,0,87.03,1,HARDER
6,98.99,19.76,6,0,97.67,2,HARDER
12,71.71,20.56,24,5,45.26,4,EASIER
6,84.01,11.74,8,1,96.17,2,HARDER
4,98.55,10.28,4,0,100.0,1,HARDER
4,66.62,17.97,7,2,78.48,1,SAME
12,74.55,29.91,18,4,65.2,4,EASIER
4,99.99,20.02,4,0,89.71,1,HARDER
6,100.0,11.83,7,0,100.0,2,HARDER
9,81.29,26.25,12,2,93.0,3,HARDER
12,69.91,29.23,18,5,77.18,4,SAME
9,89.82,19.55,11,1,93.12,3,HARDER
16,64.52,29.45,29,9,20.35,5,SAME
12,75.61,35.69,19,4,68.12,4,EASIER
16,71.63,51.81,26,6,60.92,5,EASIER
6,85.6,19.97,8,1,93.31,2,HARDER
6,60.01,18.49,12,4,80.93,2,EASIER
12,100.0,14.39,12,0,87.9,4,HARDER
4,100.0,11.35,4,0,100.0,1,HARDER
6,87.7,26.51,9,1,83.53,2,HARDER
6,75.71,22.65,9,2,70.36,2,EASIER
6,100.0,13.46,6,0,94.49,2,HARDER
16,84.08,36.91,23,3,70.71,5,EASIER
12,84.1,22.73,14,2,84.18,4,HARDER
9,99.54,22.7,9,0,100.0,3,HARDER
4,79.74,16.55,6,1,95.63,1,HARDER
4,98.26,7.3,4,0,100.0,1,HARDER
9,90.92,28.74,11,1,100.0,3,HARDER
9,72.4,22.64,14,3,75.97,3,HARDER
16,80.13,43.04,25,4,50.59,5,SAME
6,84.58,17.99,7,1,100.0,2,HARDER
16,66.45,41.68,24,8,48.89,5,EASIER
9,67.75,23.22,13,4,63.37,3,EASIER
4,80.73,15.62,6,1,92.1,1,HARDER
16,72.07,20.62,28,6,54.02,5,EASIER
4,100.0,11.17,4,0,100.0,1,HARDER
6,76.66,14.13,9,2,79.01,2,HARDER
4,79.6,18.11,5,1,72.6,1,HARDER
4,98.47,7.25,4,0,99.99,1,HARDER
12,92.36,30.59,16,1,89.21,4,HARDER
12,69.09,49.56,20,5,50.6,4,EASIER
9,82.84,20.28,14,2,75.27,3,HARDER
16,66.06,57.84,33,8,37.96,5,EASIER
16,90.17,17.83,18,2,97.0,5,HARDER
6,86.27,25.84,7,1,100.0,2,HARDER
4,100.0,13.52,4,0,100.0,1,HARDER
12,73.58,22.69,18,4,76.65,4,SAME
9,70.4,28.17,14,4,56.41,3,EASIER
12,79.74,30.81,17,3,70.94,4,SAME
9,99.74,19.12,9,0,96.38,3,HARDER
6,85.88,15.72,8,1,97.36,2,HARDER
4,99.42,10.01,5,0,84.37,1,HARDER
4,99.48,12.09,4,0,100.0,1,HARDER
16,94.7,27.43,19,1,100.0,5,HARDER
4,64.7,14.89,7,2,91.12,1,SAME
4,81.38,9.74,6,1,92.49,1,HARDER
6,74.72,22.36,9,2,77.07,2,SAME
6,85.31,15.49,7,1,100.0,2,EASIER
9,83.9,13.06,14,2,87.11,3,HARDER
12,99.36,23.55,12,0,100.0,4,HARDER
12,88.41,16.82,16,2,88.08,4,HARDER
4,65.17,19.5,6,2,80.79,1,SAME
12,93.01,14.47,15,1,93.78,4,HARDER
9,74.53,37.74,15,3,67.57,3,EASIER
16,79.8,24.92,21,4,79.99,5,HARDER
16,77.23,27.59,25,5,52.92,5,EASIER
16,71.33,21.94,28,6,39.82,5,EASIER
12,92.41,10.47,14,1,98.23,4,HARDER
6,75.69,15.72,8,2,88.03,2,HARDER
4,98.91,11.62,4,0,100.0,1,HARDER
12,84.68,27.74,15,2,89.69,4,HARDER
4,79.09,15.65,6,1,86.55,1,EASIER
9,98.04,18.9,9,0,96.8,3,HARDER
12,80.88,19.77,16,3,74.96,4,SAME
16,74.61,19.54,29,5,43.53,5,EASIER
9,91.89,19.07,11,1,100.0,3,HARDER
9,91.08,21.39,11,1,87.43,3,HARDER
9,81.61,26.45,14,2,82.49,3,HARDER
16,66.3,37.09,35,8,32.43,5,EASIER
9,92.59,14.92,12,1,84.82,3,HARDER
16,81.01,38.24,22,4,62.98,5,SAME
16,68.75,33.5,29,7,24.96,5,EASIER
9,90.88,17.16,10,1,93.91,3,HARDER
6,85.91,12.65,9,1,92.49,2,HARDER
4,98.87,11.84,4,0,100.0,1,HARDER
6,99.74,21.23,6,0,100.0,2,HARDER
9,75.63,31.43,17,3,78.16,3,SAME
4,67.46,12.72,6,2,84.32,1,SAME
4,100.0,13.26,4,0,99.19,1,HARDER
4,100.0,14.05,4,0,100.0,1,HARDER
16,76.9,26.64,26,5,70.99,5,SAME
12,84.31,24.18,14,2,93.85,4,HARDER
6,85.84,17.81,7,1,90.29,2,HARDER
6,100.0,17.03,7,0,100.0,2,HARDER
12,80.93,33.57,17,3,74.82,4,SAME
12,86.53,28.33,17,2,84.3,4,SAME
9,68.14,22.44,18,4,60.74,3,EASIER
6,99.86,16.89,6,0,99.43,2,HARDER
6,99.33,7.73,6,0,100.0,2,HARDER
6,84.45,17.78,8,1,97.23,2,HARDER
9,89.26,16.06,11,1,89.9,3,HARDER
16,62.32,43.93,27,9,27.77,5,EASIER
4,79.88,17.89,6,1,79.46,1,SAME
12,91.71,19.09,13,1,100.0,4,HARDER
4,99.72,8.62,4,0,96.41,1,HARDER
16,87.73,28.68,20,2,74.88,5,HARDER
9,69.18,23.11,17,4,58.38,3,EASIER
4,79.42,15.62,6,1,81.76,1,HARDER
16,75.84,40.83,23,5,64.25,5,EASIER
4,98.82,9.88,4,0,99.41,1,HARDER
16,66.56,66.83,27,8,15.17,5,EASIER
6,99.0,18.71,6,0,97.58,2,HARDER
4,100.0,9.66,4,0,100.0,1,HARDER
9,74.19,11.89,14,3,76.99,3,SAME
6,74.0,12.96,11,2,71.01,2,HARDER
4,99.85,13.15,4,0,98.87,1,HARDER
9,77.11,22.75,15,3,76.73,3,SAME
9,90.06,13.92,11,1,94.64,3,HARDER
9,98.84,14.6,9,0,92.63,3,HARDER
4,99.71,16.28,4,0,95.23,1,HARDER
12,85.91,16.66,15,2,89.03,4,HARDER
9,100.0,20.31,9,0,100.0,3,HARDER
16,84.86,28.61,22,3,76.21,5,HARDER
16,69.62,40.32,34,7,26.49,5,EASIER
12,80.27,21.5,17,3,75.11,4,SAME
12,70.27,39.65,18,5,52.03,4,EASIER
12,87.48,13.74,15,2,83.72,4,HARDER
16,67.37,28.9,33,8,21.56,5,EASIER
4,99.33,11.37,4,0,85.67,1,HARDER
12,99.92,15.31,12,0,100.0,4,HARDER
9,67.79,18.39,16,4,57.06,3,EASIER
9,100.0,12.89,9,0,93.18,3,HARDER
9,75.47,20.92,13,3,75.14,3,SAME
12,92.3,19.15,14,1,97.65,4,HARDER
12,87.69,18.18,15,2,83.53,4,HARDER
16,63.15,66.71,30,9,32.66,5,EASIER
4,80.1,10.02,6,1,97.31,1,HARDER
9,89.13,13.49,11,1,80.26,3,HARDER
16,66.11,36.57,27,8,39.49,5,EASIER
16,74.75,24.32,28,5,56.26,5,EASIER
16,82.5,19.53,23,3,78.29,5,SAME
16,79.06,43.22,24,5,62.84,5,SAME
9,89.44,17.62,11,1,85.39,3,HARDER
9,99.94,17.84,9,0,97.69,3,HARDER
6,85.41,23.07,7,1,91.88,2,HARDER
16,71.59,46.06,25,6,53.91,5,EASIER
16,82.68,32.0,22,4,78.14,5,HARDER
9,74.75,21.99,14,3,65.95,3,EASIER
16,82.02,22.07,21,4,75.7,5,HARDER
6,100.0,12.86,6,0,93.45,2,HARDER
6,97.93,16.03,6,0,89.21,2,HARDER
9,98.86,9.56,9,0,100.0,3,HARDER
16,75.34,40.89,22,5,71.86,5,SAME
16,76.04,29.43,24,5,68.07,5,SAME
6,84.8,14.91,9,1,96.99,2,HARDER
9,90.29,12.82,11,1,87.29,3,HARDER
12,75.25,25.02,18,4,75.77,4,HARDER
12,62.37,32.17,21,7,42.17,4,EASIER
16,80.45,27.95,21,4,77.13,5,SAME
9,100.0,16.57,9,0,100.0,3,HARDER
4,99.03,11.59,4,0,98.1,1,HARDER
4,98.43,12.79,4,0,100.0,1,HARDER
9,81.24,30.37,12,2,84.5,3,SAME
9,73.1,27.32,14,3,68.03,3,EASIER
6,99.91,11.45,6,0,90.68,2,HARDER
16,72.45,41.75,29,6,47.35,5,EASIER
4,78.83,8.83,5,1,91.71,1,HARDER
6,85.09,14.38,7,1,100.0,2,HARDER
9,88.88,22.88,12,1,100.0,3,HARDER
9,100.0,32.72,9,0,100.0,3,HARDER
4,66.66,18.18,9,2,58.13,1,EASIER
6,85.22,15.28,8,1,90.43,2,HARDER
16,92.05,33.46,20,1,79.37,5,HARDER
6,85.8,18.52,9,1,92.46,2,HARDER
6,68.72,18.09,12,3,81.16,2,EASIER
16,80.88,41.68,20,4,68.73,5,EASIER
4,79.02,18.27,5,1,92.83,1,HARDER
6,86.4,24.49,9,1,82.81,2,HARDER
12,93.27,20.94,14,1,96.2,4,HARDER
12,85.8,21.61,15,2,91.96,4,HARDER
12,70.64,21.63,21,5,59.53,4,SAME
4,100.0,8.47,4,0,100.0,1,HARDER
16,84.5,15.57,21,3,77.96,5,HARDER
16,70.65,43.78,27,7,43.5,5,EASIER
16,75.72,49.44,24,5,57.05,5,EASIER
6,75.31,11.87,9,2,64.6,2,EASIER
9,90.11,22.44,10,1,95.85,3,HARDER
4,80.4,20.38,5,1,89.35,1,HARDER
12,84.87,22.42,18,2,82.48,4,HARDER
16,80.25,28.08,23,4,73.35,5,SAME
16,67.32,56.5,26,8,24.87,5,EASIER
9,71.4,19.59,13,4,66.55,3,SAME
4,98.32,12.46,4,0,95.11,1,HARDER
4,99.09,15.78,5,0,95.32,1,HARDER
16,73.98,28.55,26,6,40.76,5,EASIER
9,89.64,17.9,10,1,92.79,3,HARDER
12,85.14,28.87,16,2,73.77,4,HARDER
12,80.88,33.32,18,3,76.15,4,HARDER
16,80.7,29.54,22,4,62.23,5,HARDER
6,74.4,14.76,9,2,86.12,2,HARDER
12,76.02,23.67,23,4,63.73,4,SAME
6,74.36,21.95,10,2,88.62,2,HARDER
12,75.62,26.22,20,4,63.48,4,EASIER
16,77.41,35.03,27,5,47.37,5,EASIER
12,100.0,20.14,12,0,97.55,4,HARDER
16,73.7,42.75,23,6,47.35,5,SAME
9,76.21,25.21,14,3,75.27,3,HARDER
6,100.0,14.39,6,0,97.97,2,HARDER
6,86.27,22.11,8,1,86.43,2,HARDER
16,83.79,33.83,22,3,65.11,5,SAME
12,70.24,36.86,21,5,50.64,4,EASIER
4,65.59,15.6,8,2,79.72,1,SAME
12,90.98,30.28,15,1,98.51,4,HARDER
12,70.47,34.45,24,5,51.85,4,EASIER
4,65.69,15.2,9,2,79.81,1,SAME
9,100.0,13.11,9,0,100.0,3,HARDER
6,85.3,9.01,8,1,100.0,2,HARDER
16,77.04,44.02,24,5,65.66,5,EASIER
9,82.52,27.43,14,2,86.93,3,HARDER
6,99.65,12.88,7,0,100.0,2,HARDER
12,71.29,22.29,17,5,62.07,4,EASIER
4,100.0,11.9,4,0,100.0,1,HARDER
12,93.76,16.46,14,1,78.91,4,HARDER
12,92.13,20.48,15,1,96.33,4,HARDER
9,100.0,18.87,9,0,100.0,3,HARDER
9,81.8,17.34,12,2,86.34,3,HARDER
4,77.88,14.27,5,1,100.0,1,HARDER
9,74.22,19.16,14,3,74.18,3,SAME
12,92.14,28.72,14,1,82.34,4,HARDER
9,90.74,28.61,10,1,93.37,3,HARDER
9,81.76,20.77,13,2,67.34,3,SAME
6,74.23,11.59,8,2,85.33,2,SAME
4,67.82,11.37,8,2,78.79,1,SAME
4,81.27,11.17,6,1,88.14,1,HARDER
12,84.34,26.51,15,2,71.47,4,SAME
9,75.47,23.35,13,3,78.79,3,HARDER
6,99.45,11.75,6,0,87.1,2,HARDER
16,65.99,30.71,32,8,25.69,5,EASIER
9,64.45,28.0,16,5,57.68,3,EASIER
6,67.55,17.08,12,3,65.19,2,EASIER
16,78.95,29.01,26,4,63.68,5,EASIER
4,79.45,12.71,5,1,88.25,1,HARDER
9,74.61,17.24,15,3,66.72,3,SAME
9,81.67,16.73,13,2,77.71,3,SAME
16,70.76,19.96,29,7,48.9,5,EASIER
4,80.1,16.89,5,1,89.29,1,HARDER
16,78.06,16.05,25,5,49.49,5,EASIER
6,85.99,23.46,8,1,100.0,2,HARDER
6,86.04,20.97,7,1,90.21,2,HARDER
12,92.61,21.64,14,1,87.04,4,HARDER
9,89.06,22.17,11,1,85.4,3,HARDER
16,68.55,66.52,29,7,37.39,5,EASIER
9,99.51,16.55,9,0,100.0,3,HARDER
16,88.66,29.67,19,2,86.72,5,HARDER
9,74.12,36.1,16,3,72.88,3,EASIER
6,100.0,20.16,6,0,100.0,2,HARDER
16,88.61,26.22,20,2,89.34,5,HARDER
16,86.3,37.82,25,3,66.78,5,SAME
4,100.0,14.51,4,0,96.81,1,HARDER
9,91.47,12.43,12,1,79.02,3,HARDER
16,84.17,29.0,21,3,96.56,5,HARDER
4,80.84,11.25,5,1,81.79,1,HARDER
6,99.43,20.04,6,0,100.0,2,HARDER
16,59.8,54.02,31,11,15.46,5,EASIER
4,80.45,17.85,5,1,100.0,1,HARDER
16,73.12,27.02,27,6,51.07,5,EASIER
16,81.69,29.12,25,4,43.99,5,EASIER
6,74.76,27.73,8,2,100.0,2,SAME
6,100.0,16.62,6,0,97.9,2,HARDER
16,77.28,27.16,25,5,58.77,5,EASIER
12,85.9,26.23,18,2,73.74,4,SAME
12,93.22,41.8,14,1,85.33,4,HARDER
9,99.69,9.92,9,0,100.0,3,HARDER
16,77.84,35.82,26,5,65.3,5,EASIER
12,92.4,24.64,13,1,88.9,4,HARDER
9,98.66,14.06,10,0,88.34,3,HARDER
4,99.84,22.68,4,0,100.0,1,HARDER
9,89.91,26.22,11,1,99.77,3,HARDER
4,99.64,8.99,4,0,100.0,1,HARDER
16,84.26,17.49,20,3,72.33,5,HARDER
4,99.94,9.62,4,0,85.84,1,HARDER
9,77.21,18.42,15,3,56.31,3,SAME
6,86.67,16.39,7,1,92.64,2,HARDER
6,100.0,9.92,6,0,100.0,2,HARDER
4,78.76,17.14,6,1,92.8,1,HARDER
12,74.84,29.84,18,4,56.73,4,SAME
9,100.0,17.45,9,0,93.37,3,HARDER
9,81.4,23.87,13,2,84.0,3,HARDER
12,74.2,38.92,19,4,71.03,4,SAME
16,76.1,53.82,23,5,54.44,5,EASIER
9,81.42,20.21,16,2,83.57,3,EASIER
6,67.2,19.94,10,3,81.64,2,EASIER
16,79.46,12.35,26,4,44.49,5,EASIER
6,99.4,16.84,7,0,100.0,2,HARDER
12,99.72,16.68,13,0,97.81,4,HARDER
9,89.92,21.27,10,1,100.0,3,HARDER
16,64.48,37.29,27,9,25.22,5,EASIER
9,63.02,39.91,17,5,52.53,3,EASIER
9,67.72,31.53,17,4,55.98,3,EASIER
9,83.13,22.36,13,2,72.08,3,HARDER
9,73.75,33.75,13,3,83.16,3,SAME
16,68.63,61.48,27,7,45.42,5,EASIER
6,85.44,15.08,9,1,78.39,2,HARDER
12,92.76,16.93,14,1,96.88,4,HARDER
16,79.73,30.14,21,4,75.35,5,SAME
4,100.0,9.18,4,0,100.0,1,HARDER
6,100.0,14.14,6,0,100.0,2,HARDER
12,74.86,23.63,21,4,63.94,4,SAME
4,98.48,8.51,4,0,92.56,1,HARDER
6,74.41,16.8,11,2,89.53,2,HARDER
4,80.19,12.18,6,1,88.84,1,HARDER
4,68.19,10.27,7,2,70.0,1,SAME
12,74.39,28.46,18,4,66.94,4,SAME
9,69.01,25.47,14,4,69.9,3,EASIER
9,82.93,16.1,13,2,83.91,3,HARDER
4,79.57,15.17,5,1,97.91,1,HARDER
6,86.04,11.32,8,1,95.35,2,HARDER
9,99.62,17.56,9,0,100.0,3,HARDER
4,79.08,12.04,6,1,93.33,1,HARDER
6,74.6,22.25,11,2,79.04,2,EASIER
12,73.67,23.85,19,4,72.36,4,SAME
16,75.72,50.87,23,5,58.42,5,EASIER
6,99.47,9.14,6,0,96.58,2,HARDER
6,61.63,17.06,14,4,58.31,2,EASIER
16,65.62,51.0,32,8,27.25,5,EASIER
16,82.44,34.69,22,3,68.05,5,SAME
6,73.37,12.54,11,2,77.63,2,HARDER
9,74.77,25.32,15,3,76.93,3,SAME
9,74.9,19.39,15,3,68.06,3,SAME
16,68.77,40.76,26,7,49.12,5,EASIER
4,80.69,15.18,5,1,79.05,1,HARDER
9,98.7,16.56,9,0,100.0,3,HARDER
9,99.99,11.09,10,0,96.3,3,HARDER
6,100.0,17.39,6,0,100.0,2,HARDER
4,100.0,14.24,4,0,100.0,1,HARDER
16,88.13,30.13,20,2,80.11,5,HARDER
4,100.0,8.69,5,0,100.0,1,HARDER
12,92.41,26.74,13,1,92.25,4,HARDER
9,68.96,21.42,18,4,52.88,3,SAME
12,69.29,36.41,21,5,60.08,4,EASIER
6,100.0,13.41,6,0,88.9,2,HARDER
16,73.13,34.19,24,6,44.13,5,EASIER
9,90.17,19.56,10,1,100.0,3,EASIER
12,92.96,13.19,14,1,78.39,4,HARDER
4,99.41,10.98,4,0,100.0,1,HARDER
9,69.18,31.47,19,4,37.96,3,EASIER
16,90.47,25.81,22,2,73.8,5,HARDER
16,69.11,34.15,28,7,44.02,5,EASIER
4,99.33,13.58,4,0,100.0,1,HARDER
16,94.53,29.32,17,1,90.08,5,HARDER
12,92.19,21.58,14,1,85.15,4,HARDER
6,66.12,25.24,10,3,77.96,2,EASIER
9,65.56,29.98,16,5,57.17,3,EASIER
12,73.46,45.29,19,4,60.74,4,EASIER
9,99.68,11.14,10,0,90.34,3,HARDER
9,60.2,23.04,20,6,42.44,3,EASIER
12,93.09,19.82,13,1,100.0,4,HARDER
4,80.45,13.19,6,1,96.33,1,HARDER
16,74.68,37.05,27,5,60.31,5,EASIER
9,81.4,29.74,15,2,83.7,3,HARDER
9,64.3,30.79,17,5,45.34,3,EASIER
9,88.92,13.65,10,1,100.0,3,EASIER
6,85.51,24.21,7,1,97.48,2,HARDER
4,80.86,15.26,5,1,96.45,1,HARDER
12,85.3,30.01,16,2,80.9,4,SAME
16,82.05,29.76,24,3,62.57,5,SAME
12,94.08,21.3,13,1,91.54,4,HARDER
6,100.0,16.26,6,0,93.99,2,HARDER
12,84.86,15.6,15,2,94.8,4,HARDER
12,75.03,16.65,18,4,76.61,4,SAME
12,92.19,15.94,17,1,73.96,4,SAME
9,90.98,14.97,10,1,94.55,3,HARDER
6,87.31,14.95,8,1,100.0,2,HARDER
6,86.52,13.17,8,1,100.0,2,HARDER
9,100.0,18.11,9,0,100.0,3,HARDER
9,75.03,19.07,12,3,68.44,3,EASIER
12,79.91,24.39,21,3,57.07,4,SAME
9,75.62,22.98,13,3,57.76,3,SAME
6,85.97,17.22,8,1,97.54,2,HARDER
6,98.13,11.4,7,0,100.0,2,HARDER
9,90.89,16.19,11,1,87.51,3,HARDER
4,100.0,14.01,4,0,100.0,1,HARDER
6,67.77,25.28,11,3,71.01,2,SAME
4,100.0,12.37,4,0,96.3,1,HARDER
16,79.74,21.01,27,4,71.29,5,SAME
16,77.44,36.48,27,5,43.39,5,EASIER
6,99.96,11.31,7,0,87.25,2,HARDER
12,80.1,19.51,17,3,87.78,4,HARDER
6,84.51,15.37,9,1,94.05,2,HARDER
4,99.53,9.05,4,0,100.0,1,HARDER
4,99.69,15.18,4,0,100.0,1,HARDER
16,71.53,30.42,23,6,51.78,5,EASIER
6,99.58,15.02,6,0,96.26,2,HARDER
4,97.92,13.45,4,0,87.99,1,HARDER
16,84.25,18.73,21,3,62.19,5,HARDER
12,100.0,21.57,13,0,100.0,4,HARDER
6,99.52,16.93,6,0,100.0,2,HARDER
12,75.91,16.84,19,4,70.2,4,SAME
16,79.44,34.36,28,4,43.72,5,EASIER
16,89.41,25.71,21,2,79.93,5,HARDER
6,86.39,30.49,8,1,82.3,2,HARDER
4,100.0,12.15,5,0,95.91,1,HARDER
4,99.41,11.79,6,0,93.99,1,HARDER
16,88.56,38.2,20,2,85.16,5,HARDER
4,98.76,11.24,5,0,90.72,1,HARDER
16,75.73,36.18,23,5,68.58,5,EASIER
12,78.85,30.07,16,3,87.92,4,SAME
4,100.0,14.57,4,0,97.49,1,HARDER
4,100.0,15.59,4,0,100.0,1,HARDER
9,88.41,20.09,10,1,98.16,3,HARDER
4,78.21,11.77,7,1,90.08,1,HARDER
4,99.81,9.47,4,0,89.1,1,HARDER
9,80.54,26.36,15,2,78.87,3,SAME
12,93.58,16.99,14,1,88.06,4,HARDER
6,99.02,15.79,7,0,97.46,2,HARDER
9,98.56,9.49,9,0,100.0,3,HARDER
16,81.52,41.01,25,4,51.51,5,EASIER
6,67.33,24.54,9,3,50.93,2,EASIER
16,72.45,36.43,27,6,50.1,5,EASIER
12,93.34,25.23,15,1,78.45,4,HARDER
9,89.09,18.8,10,1,93.83,3,HARDER
6,83.9,22.68,8,1,81.4,2,HARDER
9,100.0,10.26,9,0,95.93,3,HARDER
16,67.26,70.5,28,8,38.02,5,EASIER
9,69.02,28.18,16,4,59.15,3,EASIER
6,84.34,15.59,7,1,89.68,2,HARDER
12,94.16,38.82,13,1,89.18,4,HARDER
16,82.29,32.98,21,4,77.31,5,SAME
9,83.63,21.73,12,2,83.48,3,SAME
16,81.64,45.97,21,4,61.02,5,SAME
9,90.71,23.75,11,1,92.51,3,HARDER
6,98.69,16.1,6,0,93.42,2,HARDER
4,100.0,6.54,4,0,89.63,1,HARDER
6,100.0,14.67,6,0,100.0,2,HARDER
12,76.99,33.56,20,4,71.93,4,SAME
16,79.51,33.24,23,4,80.07,5,HARDER
6,84.91,10.7,7,1,97.36,2,HARDER
9,89.72,23.97,10,1,79.98,3,HARDER
9,74.15,25.85,15,3,65.84,3,SAME
16,90.39,29.27,21,2,86.14,5,HARDER
9,98.73,15.61,9,0,89.85,3,HARDER
4,99.92,12.38,4,0,97.8,1,HARDER
4,99.25,12.57,4,0,100.0,1,HARDER
12,69.5,55.39,22,5,56.31,4,EASIER
4,98.59,12.83,4,0,100.0,1,HARDER
4,80.14,12.81,5,1,93.33,1,HARDER
6,74.21,22.33,9,2,73.07,2,SAME
12,86.48,16.97,15,2,86.84,4,HARDER
9,88.92,19.16,12,1,87.15,3,HARDER
9,62.61,30.68,24,5,46.72,3,EASIER
6,75.5,17.55,9,2,85.67,2,HARDER
6,100.0,15.34,6,0,97.32,2,HARDER
9,81.77,25.88,11,2,88.49,3,HARDER
12,80.08,13.83,16,3,75.01,4,SAME
16,66.86,40.49,27,8,35.18,5,EASIER
6,85.67,11.95,9,1,90.01,2,HARDER
16,79.68,19.18,22,4,71.89,5,SAME
12,87.47,22.99,17,2,69.72,4,HARDER
9,90.01,27.22,12,1,81.9,3,HARDER
16,74.23,56.55,27,6,51.6,5,EASIER
4,98.89,7.86,5,0,91.91,1,HARDER
4,100.0,11.55,4,0,100.0,1,HARDER
9,88.9,12.71,11,1,88.77,3,HARDER
9,88.91,22.15,10,1,96.16,3,HARDER
4,65.74,12.76,8,2,80.23,1,SAME
6,86.48,22.9,9,1,87.22,2,HARDER
12,78.83,22.81,16,3,75.56,4,SAME
12,99.38,19.23,14,0,97.59,4,HARDER
12,86.38,20.21,16,2,83.55,4,HARDER
12,92.6,17.08,13,1,87.13,4,HARDER
9,100.0,18.04,9,0,100.0,3,HARDER
6,100.0,12.89,6,0,100.0,2,HARDER
6,100.0,12.78,6,0,93.28,2,HARDER
9,99.72,11.81,9,0,100.0,3,HARDER
4,79.44,12.04,5,1,71.15,1,SAME
9,64.25,47.41,17,5,62.77,3,EASIER
12,80.65,17.95,16,3,72.76,4,SAME
9,74.15,29.03,13,3,86.03,3,SAME
12,74.31,29.29,22,4,57.37,4,EASIER
12,71.6,42.67,21,5,49.12,4,EASIER
4,99.23,14.5,4,0,88.35,1,HARDER
12,70.27,34.43,19,5,54.57,4,EASIER
4,80.73,17.39,6,1,92.7,1,HARDER
12,64.08,36.65,28,7,37.13,4,EASIER
6,74.41,15.83,9,2,89.71,2,SAME
12,78.86,22.53,18,3,81.69,4,SAME
12,81.08,38.23,16,3,70.26,4,SAME
4,79.83,28.7,7,1,91.59,1,SAME
12,71.22,44.2,19,5,71.37,4,EASIER
4,81.15,13.97,5,1,79.17,1,HARDER
4,80.66,22.47,5,1,91.86,1,HARDER
6,99.36,13.07,6,0,100.0,2,HARDER
6,66.21,26.77,12,3,73.08,2,EASIER
6,99.83,18.45,6,0,95.39,2,HARDER
12,58.11,40.47,22,8,29.98,4,EASIER
12,86.32,20.76,15,2,86.48,4,HARDER
6,86.19,20.4,8,1,86.97,2,HARDER
16,80.18,30.62,20,4,75.21,5,SAME
6,76.59,18.8,10,2,78.62,2,SAME
9,90.95,19.07,11,1,84.78,3,HARDER
12,80.23,25.55,20,3,81.47,4,SAME
12,86.56,20.41,15,2,80.14,4,HARDER
16,68.55,38.39,25,7,45.55,5,EASIER
12,78.72,13.56,19,3,70.18,4,SAME
9,99.31,21.37,10,0,92.58,3,HARDER
6,86.44,19.84,8,1,94.57,2,HARDER
9,75.16,22.51,12,3,76.88,3,HARDER
4,99.36,9.34,4,0,97.61,1,HARDER
16,79.84,31.13,22,4,76.75,5,SAME
12,86.04,14.84,15,2,82.44,4,HARDER
4,66.83,23.57,12,2,69.76,1,EASIER
6,64.95,18.05,12,3,73.26,2,EASIER
16,85.25,26.5,25,3,74.93,5,SAME
9,88.85,28.1,10,1,86.89,3,HARDER
16,84.36,29.75,23,3,73.52,5,HARDER
9,67.59,38.66,19,4,54.43,3,EASIER
12,85.21,20.35,15,2,84.94,4,HARDER
12,72.35,18.07,20,4,72.02,4,SAME
12,90.99,16.89,13,1,100.0,4,HARDER
6,99.61,22.18,6,0,100.0,2,HARDER
9,90.64,28.33,11,1,91.68,3,HARDER
16,84.66,32.68,22,3,72.9,5,EASIER
16,76.48,38.59,30,5,53.69,5,EASIER
16,67.5,47.18,29,8,24.28,5,EASIER
4,80.23,13.26,9,1,69.84,1,SAME
4,99.06,9.44,4,0,95.57,1,HARDER
9,90.02,13.13,11,1,94.08,3,HARDER
16,80.45,34.97,28,4,48.94,5,SAME
6,73.68,22.93,9,2,84.34,2,SAME
16,72.96,41.06,29,6,44.72,5,EASIER
9,91.07,18.64,11,1,96.86,3,HARDER
4,80.93,18.88,6,1,89.59,1,SAME
16,66.16,40.9,34,9,28.05,5,EASIER
9,88.66,22.77,13,1,79.91,3,HARDER
6,76.04,20.06,9,2,79.31,2,HARDER
6,75.45,20.68,9,2,78.59,2,SAME
6,84.86,16.66,9,1,88.41,2,HARDER
9,82.98,22.45,13,2,95.28,3,HARDER
4,99.42,10.1,5,0,94.03,1,HARDER
4,99.73,10.39,4,0,94.89,1,HARDER
9,82.15,19.27,11,2,95.59,3,HARDER
4,79.98,11.8,5,1,96.82,1,HARDER
12,80.7,28.23,15,3,88.55,4,HARDER
16,72.44,62.89,23,6,58.01,5,EASIER
6,99.26,13.14,6,0,94.49,2,HARDER
9,88.24,33.89,10,1,91.11,3,HARDER
9,75.15,31.0,16,3,84.45,3,HARDER
16,66.37,30.43,27,8,40.9,5,EASIER
12,93.46,10.34,14,1,90.74,4,HARDER
4,81.93,8.8,5,1,96.12,1,HARDER
12,92.4,23.29,13,1,93.55,4,HARDER
6,86.3,27.2,7,1,85.59,2,HARDER
6,73.55,19.07,10,2,75.78,2,SAME
6,83.76,10.22,10,1,91.61,2,HARDER
6,86.28,13.25,10,1,82.01,2,SAME
6,100.0,12.15,6,0,100.0,2,HARDER
12,85.02,26.86,15,2,81.07,4,HARDER
12,90.01,17.17,15,1,84.31,4,HARDER
4,80.59,13.17,5,1,86.7,1,HARDER
9,89.51,10.92,11,1,90.24,3,HARDER
6,75.47,25.9,10,2,78.17,2,HARDER
9,80.63,18.96,11,2,80.5,3,HARDER
4,100.0,13.38,4,0,95.92,1,HARDER
16,82.71,46.54,20,3,80.64,5,SAME
6,99.6,13.72,6,0,100.0,2,HARDER
12,75.48,25.06,16,4,74.29,4,SAME
6,68.01,13.85,9,3,83.86,2,SAME
9,74.42,22.21,13,3,71.14,3,SAME
12,80.76,34.55,16,3,79.51,4,HARDER
6,84.86,11.13,7,1,97.11,2,HARDER
4,68.05,18.11,7,2,85.87,1,SAME
16,82.56,29.81,23,4,71.39,5,HARDER
9,90.69,20.12,12,1,89.91,3,HARDER
9,69.1,27.96,15,4,53.17,3,EASIER
6,100.0,13.38,8,0,100.0,2,HARDER
12,75.5,25.6,16,4,71.73,4,SAME
4,100.0,10.1,4,0,100.0,1,HARDER
6,75.34,14.19,11,2,86.95,2,HARDER
9,100.0,19.39,10,0,89.0,3,HARDER
9,74.06,22.32,14,3,61.1,3,EASIER
6,86.42,12.79,9,1,93.16,2,HARDER
4,100.0,14.25,4,0,90.82,1,HARDER
4,80.32,19.71,5,1,94.13,1,HARDER
6,84.59,19.88,7,1,89.87,2,HARDER
12,80.42,28.19,17,3,75.1,4,SAME
9,98.9,14.15,9,0,100.0,3,HARDER
12,85.39,17.28,16,2,74.53,4,HARDER
9,64.02,24.32,15,5,51.55,3,EASIER
6,66.61,19.89,10,3,83.53,2,HARDER
6,75.9,32.76,11,2,77.73,2,SAME
16,75.97,30.59,26,5,56.48,5,SAME
4,80.28,15.59,5,1,100.0,1,HARDER
12,79.83,40.91,17,3,86.59,4,HARDER
12,79.6,31.82,17,3,64.33,4,SAME
6,100.0,17.85,6,0,98.9,2,HARDER
12,69.73,35.76,21,5,61.0,4,EASIER
16,79.01,17.86,25,4,52.47,5,EASIER
6,99.51,11.68,7,0,100.0,2,HARDER
4,100.0,11.56,4,0,100.0,1,HARDER
4,97.75,10.38,4,0,98.73,1,HARDER
6,74.69,14.6,11,2,79.8,2,HARDER
16,84.95,37.47,20,3,77.07,5,HARDER
4,67.64,14.44,8,2,90.44,1,EASIER
16,84.04,26.84,22,3,56.2,5,HARDER
6,65.45,15.32,12,3,66.67,2,EASIER
9,100.0,28.31,9,0,97.02,3,HARDER
6,74.81,24.7,8,2,80.02,2,HARDER
4,66.72,17.76,6,2,72.63,1,SAME
12,79.08,24.4,18,3,90.8,4,HARDER
9,58.72,38.58,21,6,36.57,3,EASIER
16,88.14,15.12,18,2,89.51,5,HARDER
6,99.57,13.07,7,0,99.97,2,HARDER
12,85.8,15.74,15,2,75.45,4,HARDER
4,80.36,8.23,7,1,95.51,1,HARDER
12,85.43,22.29,19,2,78.62,4,HARDER
9,100.0,14.26,9,0,95.01,3,HARDER
6,100.0,17.41,6,0,100.0,2,HARDER
12,91.96,28.71,18,1,80.24,4,HARDER
6,75.78,15.92,10,2,96.19,2,SAME
12,71.12,34.03,22,5,49.67,4,EASIER
12,86.26,26.16,14,2,90.39,4,HARDER
9,68.95,30.05,16,4,67.47,3,EASIER
6,85.95,16.23,9,1,92.54,2,HARDER
12,86.07,17.87,15,2,96.63,4,HARDER
4,79.61,19.43,6,1,82.46,1,HARDER
6,86.52,15.92,9,1,94.63,2,SAME
4,100.0,6.98,4,0,87.98,1,HARDER
9,99.3,15.2,9,0,93.73,3,HARDER
16,79.22,46.77,25,4,62.74,5,EASIER
4,99.35,9.16,4,0,100.0,1,HARDER
9,83.04,28.62,15,2,78.11,3,SAME
16,66.38,25.31,31,8,39.49,5,EASIER
9,69.59,23.06,13,4,73.76,3,EASIER
12,91.79,22.61,14,1,97.46,4,HARDER
12,80.13,19.23,17,3,79.01,4,SAME
12,78.95,20.39,17,3,77.99,4,SAME
16,83.87,26.84,21,3,70.8,5,SAME
12,85.18,24.58,15,2,91.46,4,HARDER
6,85.93,11.39,9,1,89.97,2,HARDER
12,91.38,33.5,14,1,85.29,4,HARDER
12,85.4,23.32,14,2,79.79,4,HARDER
16,71.49,39.52,26,7,45.21,5,EASIER
12,75.12,26.38,16,4,81.41,4,SAME
4,66.47,23.84,7,2,67.36,1,EASIER
4,100.0,12.64,4,0,99.78,1,HARDER
9,100.0,11.4,9,0,100.0,3,HARDER
4,79.4,10.82,5,1,86.49,1,HARDER
16,80.31,27.57,20,4,81.0,5,HARDER
9,80.56,16.24,13,2,81.13,3,HARDER
9,91.03,16.85,10,1,90.57,3,HARDER
4,99.43,15.19,4,0,100.0,1,HARDER
6,67.29,20.43,12,3,74.42,2,EASIER
12,84.18,19.92,15,2,61.56,4,HARDER
16,89.65,24.21,21,2,77.16,5,HARDER
9,64.45,21.91,17,5,65.73,3,EASIER
9,74.22,29.1,12,3,75.3,3,SAME
9,68.39,25.36,15,4,66.83,3,EASIER
12,84.93,15.46,14,2,96.6,4,HARDER
6,73.92,19.22,9,2,83.9,2,SAME
16,80.73,38.61,23,4,57.33,5,SAME
6,85.6,11.47,7,1,88.25,2,HARDER
16,75.02,33.31,28,6,47.08,5,EASIER
9,88.83,19.16,10,1,89.17,3,HARDER
12,91.78,37.51,14,1,89.39,4,HARDER
4,99.0,13.42,4,0,100.0,1,HARDER
4,99.77,11.24,4,0,100.0,1,HARDER
6,75.34,12.61,8,2,82.6,2,HARDER
6,59.18,38.58,15,4,42.35,2,EASIER
9,89.26,14.28,11,1,91.88,3,HARDER
4,81.74,9.72,5,1,96.36,1,HARDER
9,89.72,17.41,11,1,100.0,3,HARDER
6,85.77,14.26,8,1,83.73,2,HARDER
6,86.04,9.74,8,1,97.46,2,HARDER
9,82.76,28.76,13,2,85.51,3,HARDER
4,100.0,8.8,4,0,100.0,1,HARDER
9,100.0,15.29,9,0,100.0,3,HARDER
16,94.12,42.8,17,1,92.01,5,HARDER
9,81.62,34.11,13,2,77.66,3,SAME
9,99.45,20.34,9,0,98.13,3,HARDER
12,100.0,12.89,12,0,100.0,4,HARDER
9,90.49,19.48,13,1,83.44,3,HARDER
4,99.68,7.8,4,0,96.82,1,HARDER
6,100.0,7.88,6,0,94.34,2,HARDER
16,71.51,31.09,33,6,29.76,5,EASIER
16,76.05,30.15,25,5,48.69,5,EASIER
16,75.39,24.71,29,5,49.36,5,SAME
6,87.54,20.71,7,1,93.46,2,HARDER
16,79.87,30.87,21,4,68.03,5,SAME
16,84.02,31.53,24,3,74.31,5,SAME
9,97.79,16.38,12,0,90.3,3,HARDER
4,100.0,15.62,5,0,83.42,1,HARDER
16,86.47,36.64,20,3,71.75,5,EASIER
9,81.59,16.07,14,2,79.55,3,HARDER
12,91.66,18.82,15,1,91.79,4,HARDER
12,100.0,12.44,12,0,100.0,4,HARDER
16,70.91,27.6,29,7,39.53,5,EASIER
4,67.54,17.46,7,2,84.79,1,SAME
12,63.62,40.73,25,7,31.67,4,EASIER
9,100.0,17.91,9,0,100.0,3,HARDER
9,76.31,16.28,12,3,76.38,3,SAME
4,80.23,7.27,5,1,85.68,1,HARDER
12,85.04,22.22,15,2,90.13,4,HARDER
16,90.36,30.89,21,2,88.18,5,HARDER
9,87.93,18.48,10,1,92.57,3,HARDER
6,86.37,13.93,7,1,95.63,2,HARDER
6,99.53,10.76,7,0,100.0,2,HARDER
9,100.0,13.88,10,0,98.14,3,HARDER
6,86.11,17.72,8,1,81.47,2,HARDER
12,85.21,23.59,14,2,89.97,4,HARDER
12,85.52,26.92,15,2,80.82,4,HARDER
4,56.48,20.08,7,3,98.16,1,SAME
6,99.2,11.96,7,0,100.0,2,HARDER
6,76.21,20.08,11,2,79.3,2,SAME
12,97.71,19.94,13,0,100.0,4,HARDER
9,81.12,16.38,11,2,81.18,3,HARDER
16,62.64,55.94,34,9,11.84,5,EASIER
16,81.33,19.79,25,4,81.82,5,HARDER
9,81.44,23.52,11,2,72.58,3,SAME
16,75.21,34.24,26,5,56.11,5,SAME
4,57.16,8.13,7,3,78.56,1,EASIER
6,98.98,24.1,7,0,85.97,2,HARDER
6,85.09,9.01,8,1,97.96,2,HARDER
16,73.3,30.96,25,6,51.98,5,EASIER
16,87.3,38.09,21,2,92.47,5,HARDER
4,99.61,9.15,4,0,92.52,1,HARDER
6,68.46,21.61,13,3,78.23,2,EASIER
16,83.08,20.97,23,3,63.11,5,HARDER
4,99.88,13.36,4,0,98.39,1,HARDER
12,86.85,32.21,18,2,67.47,4,HARDER
6,75.49,24.2,12,2,89.01,2,SAME
4,100.0,11.11,4,0,94.51,1,HARDER
6,75.09,16.65,10,2,80.93,2,SAME
4,81.48,19.0,6,1,83.26,1,HARDER
16,64.48,37.43,30,9,17.38,5,EASIER
6,75.7,30.68,10,2,73.16,2,SAME
16,75.5,44.35,27,5,66.2,5,EASIER
9,81.67,10.9,12,2,86.06,3,HARDER
4,100.0,11.03,4,0,93.74,1,HARDER
9,90.38,26.8,13,1,87.68,3,HARDER
16,79.93,33.32,24,4,59.87,5,SAME
9,100.0,24.67,10,0,100.0,3,HARDER
12,71.66,33.65,20,5,69.47,4,SAME
16,80.19,28.12,21,4,71.87,5,SAME
12,91.9,38.76,16,1,86.4,4,HARDER
6,76.16,16.56,12,2,71.6,2,SAME
4,99.88,12.85,4,0,100.0,1,HARDER
6,67.07,21.73,12,3,77.4,2,EASIER
9,81.25,18.2,13,2,94.07,3,HARDER
16,67.88,31.99,25,8,44.76,5,EASIER
4,99.73,9.9,4,0,100.0,1,HARDER
4,99.4,12.3,4,0,100.0,1,HARDER
16,75.93,45.7,22,5,64.01,5,SAME
9,82.66,27.09,12,2,94.21,3,HARDER
12,78.69,29.08,16,3,77.51,4,HARDER
6,85.1,24.87,9,1,90.95,2,HARDER
9,68.66,32.06,13,4,71.2,3,EASIER
4,79.21,13.03,5,1,94.15,1,HARDER
12,70.84,42.62,22,5,52.77,4,EASIER
16,95.62,34.16,18,1,93.64,5,HARDER
16,76.53,28.0,25,5,54.26,5,EASIER
4,99.95,13.72,4,0,100.0,1,HARDER
9,98.63,16.55,9,0,100.0,3,HARDER
9,69.31,22.16,16,4,65.04,3,EASIER
16,87.6,28.46,22,2,77.56,5,HARDER
12,79.86,25.34,21,3,64.55,4,HARDER
9,65.84,27.19,18,5,55.29,3,EASIER
4,65.94,10.75,7,2,89.33,1,SAME
4,78.71,15.53,5,1,81.12,1,SAME
16,76.66,51.58,24,5,59.52,5,EASIER
16,94.08,24.46,20,1,81.68,5,HARDER
4,100.0,12.84,4,0,99.78,1,HARDER
9,100.0,16.24,9,0,98.5,3,HARDER
12,66.56,35.26,24,6,55.12,4,EASIER
16,75.71,32.77,26,5,59.98,5,SAME
4,79.96,14.57,5,1,97.65,1,HARDER
6,99.13,11.96,7,0,94.98,2,HARDER
12,100.0,17.45,13,0,100.0,4,HARDER
16,61.7,40.71,29,10,11.14,5,EASIER
9,70.06,21.66,16,4,61.45,3,EASIER
4,80.79,10.96,6,1,74.33,1,HARDER
16,80.65,22.55,24,4,57.69,5,SAME
9,88.5,23.39,13,1,87.4,3,HARDER
16,92.87,25.76,20,1,88.91,5,HARDER
16,70.26,18.26,29,7,27.55,5,EASIER
16,69.04,46.22,29,7,33.56,5,EASIER
9,59.58,46.15,19,6,43.66,3,EASIER
16,89.23,48.46,19,2,72.93,5,HARDER
4,81.02,16.12,5,1,95.55,1,HARDER
6,98.94,17.36,7,0,98.06,2,HARDER
16,74.7,36.07,28,6,48.45,5,EASIER
4,100.0,12.65,4,0,100.0,1,HARDER
4,99.18,10.78,4,0,100.0,1,HARDER
16,72.54,38.6,23,6,51.79,5,EASIER
16,79.41,36.43,22,4,73.38,5,EASIER
4,99.36,10.95,4,0,96.29,1,HARDER
4,79.05,18.84,5,1,92.67,1,HARDER
16,92.8,24.6,20,1,94.03,5,HARDER
12,72.96,42.13,18,4,66.29,4,EASIER
16,81.48,41.66,24,4,65.12,5,SAME
4,79.66,13.48,6,1,100.0,1,HARDER
6,86.13,15.54,9,1,82.2,2,HARDER
12,87.84,22.08,18,2,77.26,4,HARDER
9,99.95,18.3,9,0,92.47,3,HARDER
12,75.67,24.51,21,4,59.0,4,SAME
9,74.94,20.83,13,3,76.18,3,SAME
4,80.1,15.88,5,1,91.84,1,HARDER
4,100.0,9.31,4,0,100.0,1,HARDER
16,89.31,37.96,18,2,76.25,5,HARDER
6,85.24,20.21,7,1,88.19,2,HARDER
4,80.83,9.7,5,1,89.96,1,HARDER
6,74.93,25.98,9,2,78.3,2,HARDER
9,68.27,20.62,19,4,54.19,3,EASIER
4,97.58,14.12,4,0,100.0,1,HARDER
6,98.54,15.05,6,0,100.0,2,HARDER
16,94.24,28.3,17,1,89.15,5,HARDER
6,85.32,15.75,7,1,84.82,2,HARDER
4,65.93,18.75,7,2,83.41,1,SAME
4,57.26,13.58,10,3,67.25,1,EASIER
9,75.94,26.56,13,3,75.26,3,SAME
6,85.62,14.99,7,1,80.36,2,HARDER
16,72.58,32.3,26,6,35.34,5,EASIER
6,85.4,20.26,7,1,100.0,2,HARDER
6,99.81,18.57,6,0,100.0,2,HARDER
6,98.21,14.12,6,0,97.28,2,HARDER
16,93.15,31.23,17,1,84.73,5,HARDER
16,75.81,22.15,27,5,55.97,5,EASIER
9,88.01,14.37,10,1,94.58,3,HARDER
4,79.5,15.79,5,1,98.57,1,HARDER
12,100.0,23.01,13,0,88.97,4,HARDER
4,99.91,10.06,4,0,100.0,1,HARDER
4,65.36,20.96,7,2,90.35,1,HARDER
4,78.84,26.05,5,1,100.0,1,SAME
12,85.74,19.66,17,2,87.61,4,HARDER
9,65.22,45.18,16,5,48.52,3,EASIER
6,86.09,17.04,7,1,87.59,2,HARDER
6,74.55,15.73,9,2,100.0,2,HARDER
6,85.25,17.44,8,1,100.0,2,HARDER
16,88.65,12.46,21,2,79.06,5,HARDER
9,83.59,15.36,15,2,68.01,3,HARDER
16,72.49,49.17,27,6,45.93,5,EASIER
9,90.55,23.72,11,1,88.35,3,HARDER
4,79.47,12.29,5,1,86.71,1,HARDER
6,74.68,29.9,12,2,76.09,2,SAME
6,85.19,19.64,10,1,77.93,2,HARDER
6,87.58,14.57,7,1,87.15,2,HARDER
12,70.68,36.36,22,5,56.71,4,EASIER
6,73.47,17.34,8,2,94.06,2,HARDER
9,98.84,22.81,9,0,99.36,3,HARDER
9,100.0,13.91,9,0,100.0,3,HARDER
16,94.97,14.37,19,1,99.11,5,HARDER
9,82.54,35.08,12,2,93.15,3,HARDER
12,80.96,26.11,18,3,66.16,4,SAME
16,88.74,26.32,22,2,74.87,5,HARDER
16,80.39,32.46,20,4,74.86,5,HARDER
9,68.79,26.18,13,4,60.35,3,EASIER
9,81.22,21.02,11,2,85.9,3,HARDER
16,72.29,52.75,27,6,67.22,5,EASIER
6,96.72,11.36,6,0,95.48,2,HARDER
16,70.2,40.76,28,7,46.66,5,EASIER
9,59.59,32.54,16,6,50.71,3,EASIER
4,99.11,11.2,4,0,96.09,1,HARDER
12,66.82,26.45,20,6,63.03,4,EASIER
16,83.02,40.68,24,3,62.99,5,SAME
4,100.0,8.9,4,0,94.62,1,HARDER
12,75.18,21.67,17,4,68.17,4,HARDER
4,66.26,17.77,7,2,96.14,1,SAME
16,86.9,24.55,19,2,86.52,5,HARDER
16,80.36,37.74,22,4,67.85,5,EASIER
4,81.17,23.81,5,1,79.62,1,HARDER
16,75.13,40.74,26,5,70.41,5,EASIER
4,80.22,11.85,5,1,94.15,1,HARDER
12,87.96,14.0,15,2,77.57,4,HARDER
6,84.41,11.59,9,1,72.96,2,HARDER
12,77.13,19.98,16,3,82.04,4,SAME
9,89.71,13.7,10,1,86.56,3,HARDER
6,83.39,12.06,9,1,78.76,2,HARDER
9,88.47,15.44,12,1,93.11,3,HARDER
4,81.71,12.01,5,1,99.43,1,HARDER
16,70.25,44.11,25,7,47.64,5,EASIER
12,64.25,35.4,23,7,37.43,4,EASIER
12,91.32,26.96,15,1,86.89,4,HARDER
6,74.14,19.36,9,2,71.4,2,EASIER
4,99.07,8.4,4,0,95.86,1,HARDER
16,78.13,17.03,22,5,59.72,5,SAME
4,100.0,10.2,4,0,97.83,1,HARDER
6,67.95,20.61,10,3,70.4,2,EASIER
6,99.13,15.26,6,0,94.34,2,SAME
4,100.0,11.4,4,0,100.0,1,HARDER
6,85.9,11.61,7,1,89.47,2,HARDER
9,90.01,18.38,10,1,95.59,3,HARDER
12,71.87,28.99,20,5,54.19,4,EASIER
16,88.24,20.28,18,2,90.45,5,HARDER
16,84.86,25.72,22,3,68.73,5,SAME
9,69.58,30.04,14,4,57.2,3,EASIER
4,78.86,20.67,5,1,97.37,1,HARDER
9,89.84,19.22,11,1,76.51,3,HARDER
12,85.75,18.28,16,2,79.11,4,HARDER
12,99.14,12.1,12,0,100.0,4,HARDER
6,99.25,12.66,6,0,99.04,2,HARDER
9,82.08,26.19,11,2,88.32,3,SAME
16,60.08,61.5,31,11,10.94,5,EASIER
16,70.93,34.35,31,6,41.55,5,EASIER
9,73.95,19.26,14,3,72.18,3,SAME
16,79.21,25.63,22,4,69.45,5,SAME
4,66.8,15.03,7,2,81.96,1,SAME
12,84.74,42.68,15,2,75.82,4,HARDER
4,100.0,12.27,4,0,100.0,1,HARDER
9,99.88,14.38,12,0,100.0,3,HARDER
16,80.99,21.21,25,4,43.95,5,SAME
12,73.38,22.77,18,4,84.46,4,EASIER
4,80.01,13.37,5,1,94.06,1,HARDER
6,99.36,7.9,7,0,100.0,2,HARDER
6,84.99,13.68,9,1,84.63,2,HARDER
4,66.6,20.5,8,2,74.23,1,EASIER
6,74.68,16.17,8,2,91.42,2,HARDER
4,99.22,11.66,4,0,100.0,1,HARDER
4,80.38,9.58,6,1,84.05,1,HARDER
16,60.65,34.89,32,10,21.78,5,EASIER
6,86.13,24.98,8,1,100.0,2,EASIER
16,75.79,44.77,23,5,73.43,5,EASIER
6,99.67,18.17,6,0,100.0,2,HARDER
16,67.62,33.28,33,8,27.2,5,EASIER
12,75.74,51.36,16,4,87.11,4,EASIER
9,89.13,15.5,11,1,84.23,3,HARDER
9,99.61,19.3,9,0,100.0,3,HARDER
4,82.38,11.98,6,1,99.75,1,HARDER
9,65.1,22.94,16,5,56.37,3,EASIER
16,88.78,26.24,20,2,88.47,5,HARDER
6,87.63,13.6,7,1,90.38,2,HARDER
9,92.21,27.55,12,1,84.75,3,HARDER
9,83.18,32.0,14,2,70.86,3,HARDER
9,81.07,20.15,14,2,89.17,3,HARDER
9,75.82,26.12,12,3,84.04,3,SAME
12,71.24,24.68,20,5,61.21,4,EASIER
12,69.42,26.97,21,5,48.14,4,EASIER
6,67.27,16.97,10,3,68.27,2,EASIER
9,74.08,25.38,13,3,82.87,3,HARDER
6,85.39,21.84,8,1,94.1,2,HARDER
12,79.09,34.99,16,3,77.31,4,HARDER
4,80.74,14.08,6,1,97.11,1,HARDER
16,81.4,41.92,29,4,33.27,5,EASIER
4,79.7,11.8,5,1,100.0,1,HARDER
16,76.13,33.36,25,5,57.9,5,EASIER
16,69.41,36.6,31,7,44.41,5,EASIER
16,76.94,30.36,24,5,71.13,5,SAME
12,84.91,17.35,15,2,95.24,4,HARDER
4,68.61,12.65,6,2,83.53,1,EASIER
6,84.87,21.01,9,1,88.98,2,HARDER
4,100.0,9.59,4,0,100.0,1,HARDER
12,79.75,32.73,16,3,68.08,4,SAME
16,65.76,49.37,29,9,33.14,5,EASIER
16,84.87,45.98,21,3,79.41,5,HARDER
6,97.67,12.67,7,0,88.45,2,HARDER
12,93.63,16.88,14,1,94.77,4,HARDER
6,100.0,12.26,6,0,100.0,2,HARDER
4,79.13,14.2,7,1,100.0,1,HARDER
16,80.05,24.22,22,4,61.13,5,SAME
9,74.92,27.27,14,3,63.13,3,SAME
16,80.82,37.73,23,4,63.8,5,SAME
4,79.78,10.36,6,1,100.0,1,HARDER
4,78.74,12.02,5,1,92.33,1,HARDER
12,100.0,20.99,15,0,92.96,4,HARDER
6,64.34,27.0,12,3,69.2,2,EASIER
12,81.23,40.46,18,3,77.7,4,HARDER
12,75.39,12.36,19,4,72.25,4,EASIER
12,92.99,23.63,15,1,89.43,4,HARDER
12,92.18,22.38,14,1,90.55,4,HARDER
9,90.52,16.63,10,1,87.93,3,HARDER
9,81.06,18.05,13,2,91.85,3,HARDER
9,75.37,24.2,13,3,72.94,3,SAME
12,80.91,15.98,18,3,79.53,4,HARDER
12,69.75,23.3,19,5,58.84,4,EASIER
9,64.37,49.31,15,5,60.57,3,EASIER
9,81.74,28.6,11,2,76.26,3,HARDER
16,76.07,23.54,23,5,62.48,5,SAME
6,98.62,13.62,7,0,98.58,2,HARDER
4,99.7,10.19,4,0,100.0,1,HARDER
6,100.0,19.48,6,0,100.0,2,HARDER
6,100.0,10.74,6,0,99.23,2,HARDER
6,99.19,14.45,6,0,91.92,2,HARDER
9,92.48,12.47,12,1,81.02,3,HARDER
9,81.4,35.14,12,2,82.41,3,SAME
6,86.18,13.98,8,1,95.83,2,SAME
6,98.73,12.65,6,0,94.65,2,HARDER
12,78.49,19.42,19,3,73.25,4,HARDER
9,73.44,24.94,14,3,65.58,3,EASIER
9,91.2,26.63,10,1,100.0,3,HARDER
16,62.23,59.16,31,10,25.15,5,EASIER
9,75.59,30.61,16,3,74.16,3,SAME
9,68.81,14.44,17,4,65.69,3,EASIER
4,79.22,20.27,5,1,99.37,1,HARDER
6,85.26,18.37,7,1,95.9,2,HARDER
16,71.28,36.86,25,6,43.35,5,EASIER
9,82.21,25.03,12,2,86.65,3,SAME
12,86.15,12.67,15,2,82.09,4,SAME
4,78.65,15.75,6,1,99.83,1,HARDER
6,66.98,27.57,9,3,80.06,2,EASIER
6,97.76,13.35,9,0,90.02,2,HARDER
16,89.98,19.08,21,2,74.63,5,HARDER
9,81.6,27.34,12,2,75.55,3,HARDER
16,67.74,47.79,24,7,42.4,5,EASIER
16,66.33,54.81,28,8,41.58,5,EASIER
4,100.0,11.67,4,0,100.0,1,HARDER
9,90.12,18.69,10,1,100.0,3,HARDER
6,86.62,10.79,8,1,94.89,2,HARDER
4,100.0,15.23,4,0,97.04,1,HARDER
6,85.22,11.7,7,1,88.38,2,HARDER
6,85.39,12.49,7,1,100.0,2,HARDER
12,74.69,26.59,20,4,69.7,4,SAME
16,80.61,36.31,25,4,64.5,5,EASIER
16,69.77,55.56,27,7,44.24,5,EASIER
12,68.15,21.08,19,5,69.89,4,EASIER
16,75.71,28.23,26,5,59.55,5,SAME
16,79.99,38.18,22,4,60.31,5,HARDER
12,80.11,32.92,18,3,69.0,4,HARDER
16,64.51,46.82,29,9,13.7,5,EASIER
16,74.35,39.34,29,6,33.6,5,EASIER
9,90.47,17.98,10,1,94.82,3,HARDER
4,79.92,17.97,5,1,96.65,1,SAME
9,90.44,12.05,11,1,96.82,3,HARDER
6,85.58,10.17,8,1,90.19,2,HARDER
9,81.29,42.48,11,2,82.09,3,HARDER
9,88.99,27.36,11,1,82.53,3,HARDER
6,99.03,9.66,6,0,91.47,2,HARDER
6,99.71,9.56,7,0,87.46,2,HARDER
12,82.41,23.51,19,3,75.8,4,HARDER
12,80.77,23.55,18,3,76.92,4,HARDER
9,73.72,24.95,15,3,80.89,3,EASIER
6,100.0,10.34,6,0,93.87,2,HARDER
6,85.72,12.16,9,1,91.0,2,HARDER
9,98.94,9.24,9,0,100.0,3,HARDER
9,91.16,29.01,13,1,76.71,3,HARDER
6,60.05,20.65,12,4,65.6,2,EASIER
6,85.41,9.64,9,1,100.0,2,HARDER
9,100.0,17.94,9,0,92.86,3,HARDER
12,74.8,29.71,18,4,72.45,4,EASIER
9,82.53,25.12,12,2,71.42,3,HARDER
9,80.88,27.63,13,2,70.31,3,HARDER
12,75.11,14.57,17,4,77.69,4,HARDER
6,65.32,14.22,11,3,68.4,2,SAME
6,74.74,17.47,9,2,81.49,2,HARDER
16,74.45,53.24,26,5,54.38,5,EASIER
4,81.01,18.98,5,1,85.4,1,HARDER
4,79.77,13.22,6,1,90.17,1,HARDER
6,74.97,10.98,8,2,85.48,2,SAME
9,90.84,16.71,13,1,93.73,3,HARDER
9,100.0,24.87,9,0,85.06,3,HARDER
9,68.87,49.33,20,4,53.06,3,EASIER
6,86.23,21.33,7,1,100.0,2,HARDER
12,92.99,19.6,14,1,98.45,4,HARDER
4,78.95,19.11,10,1,87.85,1,HARDER
6,100.0,15.04,6,0,100.0,2,HARDER
6,86.68,15.6,9,1,91.38,2,HARDER
6,54.22,32.54,12,5,59.65,2,EASIER
16,67.39,86.46,34,8,18.08,5,EASIER
6,100.0,7.35,7,0,92.22,2,HARDER
16,80.04,32.88,24,4,71.82,5,SAME
6,67.15,20.4,14,3,76.19,2,EASIER
16,84.16,23.11,22,3,71.29,5,SAME
4,98.47,9.8,4,0,85.07,1,HARDER
4,66.93,18.18,7,2,84.97,1,SAME
12,87.75,34.34,15,2,99.46,4,HARDER
12,85.46,18.64,14,2,92.64,4,HARDER
12,85.51,29.24,14,2,95.89,4,HARDER
16,85.46,42.06,20,3,82.55,5,HARDER
16,80.15,35.5,22,4,72.94,5,SAME
16,66.92,53.01,26,8,39.41,5,EASIER
6,84.9,20.57,8,1,86.03,2,HARDER
4,79.9,16.77,6,1,82.85,1,HARDER
4,80.35,16.51,5,1,99.33,1,HARDER
4,99.78,7.38,4,0,100.0,1,HARDER
6,67.76,17.93,10,3,74.37,2,EASIER
16,88.42,18.38,21,2,89.2,5,HARDER
16,89.13,45.0,21,2,79.77,5,HARDER
16,78.88,30.77,23,4,74.39,5,SAME
4,99.71,14.72,4,0,89.72,1,HARDER
6,66.96,27.94,13,3,76.78,2,EASIER
16,75.84,29.57,25,5,60.58,5,EASIER
16,77.38,35.73,26,5,49.28,5,HARDER
9,80.68,13.14,13,2,78.63,3,HARDER
9,90.93,18.36,12,1,88.25,3,HARDER
12,98.91,27.86,12,0,99.94,4,HARDER
9,89.24,26.55,12,1,96.74,3,HARDER
16,81.8,30.36,25,4,60.07,5,EASIER
4,100.0,11.24,4,0,92.88,1,HARDER
9,90.51,15.87,12,1,84.69,3,HARDER
4,80.16,16.78,6,1,95.15,1,HARDER
12,85.21,21.05,16,2,84.81,4,HARDER
12,74.47,22.55,22,4,58.09,4,EASIER
6,98.39,20.22,6,0,100.0,2,HARDER
4,99.35,11.38,4,0,100.0,1,HARDER
12,99.15,29.86,13,0,100.0,4,HARDER
4,68.43,14.29,8,2,63.9,1,EASIER
4,99.66,9.47,4,0,90.25,1,SAME
4,79.39,8.75,5,1,100.0,1,HARDER
16,73.29,47.22,24,6,52.54,5,EASIER
4,99.35,10.17,4,0,100.0,1,HARDER
16,73.28,46.61,28,6,38.43,5,EASIER
16,68.73,31.12,29,7,41.86,5,EASIER
16,82.76,30.55,23,3,83.65,5,HARDER
16,79.68,47.59,24,4,66.55,5,SAME
12,92.73,16.92,13,1,100.0,4,HARDER
9,82.23,26.77,13,2,86.53,3,HARDER
6,67.65,23.65,13,3,56.13,2,EASIER
16,67.96,55.42,28,7,24.71,5,EASIER
12,90.37,22.05,13,1,99.2,4,HARDER
12,73.82,27.79,19,4,58.06,4,SAME
16,88.67,20.61,20,2,85.54,5,HARDER
9,76.03,16.67,13,3,76.69,3,HARDER
12,92.19,18.3,13,1,88.52,4,HARDER
4,66.98,15.27,8,2,87.38,1,SAME
4,97.63,12.56,4,0,99.95,1,HARDER
6,99.41,12.21,6,0,98.11,2,HARDER
12,71.38,31.11,22,5,53.17,4,EASIER
4,79.45,22.64,6,1,87.7,1,HARDER
16,78.63,26.8,22,4,73.63,5,EASIER
9,87.74,19.39,11,1,99.64,3,HARDER
4,100.0,19.88,4,0,100.0,1,HARDER
12,100.0,17.5,13,0,100.0,4,HARDER
12,99.53,20.65,13,0,97.99,4,HARDER
16,69.24,42.05,31,7,19.38,5,EASIER
6,82.65,22.11,7,1,100.0,2,HARDER
4,66.74,19.97,6,2,92.68,1,HARDER
12,79.75,26.07,18,3,74.46,4,SAME
12,84.16,34.78,14,2,83.51,4,HARDER
16,84.4,20.44,22,3,62.04,5,HARDER
12,75.92,28.36,18,4,62.58,4,EASIER
12,92.46,19.61,14,1,94.74,4,HARDER
9,90.05,22.81,11,1,95.12,3,HARDER
16,79.37,31.09,23,4,57.58,5,HARDER
4,98.69,10.97,4,0,97.85,1,HARDER
16,84.27,23.75,22,3,63.58,5,HARDER
12,92.32,15.53,13,1,90.41,4,HARDER
6,74.58,19.54,10,2,75.62,2,SAME
9,81.93,21.02,12,2,74.95,3,HARDER
4,100.0,11.91,4,0,100.0,1,HARDER
4,66.41,20.21,7,2,75.87,1,SAME
16,73.64,49.49,24,5,61.1,5,SAME
16,64.75,41.68,32,9,23.08,5,EASIER
16,80.49,24.99,25,4,51.78,5,EASIER
16,71.77,34.85,25,6,40.68,5,EASIER
6,100.0,15.72,6,0,100.0,2,HARDER
6,75.69,31.02,11,2,72.63,2,SAME
16,74.28,28.78,26,5,43.95,5,SAME
12,65.12,38.91,22,6,54.03,4,EASIER
4,100.0,14.9,4,0,100.0,1,HARDER
6,75.69,19.55,8,2,82.97,2,SAME
4,67.44,16.55,7,2,87.93,1,SAME
16,84.1,24.73,20,3,57.59,5,SAME
16,62.42,36.5,34,10,5.57,5,EASIER
12,90.49,22.82,14,1,87.67,4,HARDER
16,66.04,53.78,31,8,32.93,5,EASIER
9,64.47,22.71,18,5,54.94,3,EASIER
12,81.9,22.79,17,3,70.52,4,HARDER
9,74.75,35.07,12,3,82.71,3,SAME
16,73.96,35.05,25,6,59.95,5,EASIER
12,72.03,37.78,18,5,62.59,4,SAME
9,90.45,15.63,10,1,95.89,3,HARDER
4,99.76,13.97,4,0,90.79,1,HARDER
16,84.51,37.75,25,3,72.15,5,HARDER
16,75.96,23.51,24,5,52.55,5,SAME
12,92.03,21.22,13,1,100.0,4,HARDER
4,67.29,12.62,10,2,83.13,1,SAME
9,91.08,24.37,10,1,99.2,3,HARDER
4,98.19,13.11,4,0,93.63,1,HARDER
12,85.0,20.98,16,2,74.03,4,SAME
16,85.49,41.93,22,3,78.63,5,HARDER
16,69.58,30.75,29,7,18.64,5,EASIER
12,66.61,19.96,24,6,46.11,4,EASIER
4,98.93,15.77,4,0,100.0,1,HARDER
12,80.68,32.6,16,3,76.55,4,SAME
12,80.63,20.15,16,3,69.37,4,SAME
9,69.89,33.95,16,4,72.79,3,SAME
12,74.47,24.38,17,4,66.69,4,HARDER
4,100.0,11.66,4,0,98.99,1,HARDER
6,100.0,13.26,6,0,95.84,2,HARDER
6,85.45,12.81,7,1,100.0,2,HARDER
9,88.09,23.79,10,1,92.97,3,HARDER
4,67.18,35.52,6,2,82.58,1,EASIER
16,74.99,48.18,23,5,58.44,5,SAME
9,75.88,20.07,15,3,72.05,3,SAME
9,81.12,19.8,12,2,78.81,3,HARDER
4,79.53,8.63,5,1,88.94,1,HARDER
16,76.37,22.3,24,5,76.31,5,SAME
4,99.4,8.16,4,0,97.9,1,HARDER
9,83.76,13.96,12,2,80.52,3,HARDER
9,88.85,17.77,11,1,89.69,3,HARDER
9,75.16,16.2,12,3,79.9,3,HARDER
12,72.48,45.16,21,5,54.15,4,EASIER
4,98.38,13.82,4,0,97.55,1,HARDER
16,94.53,24.56,18,1,100.0,5,HARDER
6,99.53,10.35,6,0,95.83,2,HARDER
6,76.65,19.6,13,2,66.46,2,SAME
12,98.43,20.96,13,0,100.0,4,HARDER
9,81.66,41.65,15,2,76.67,3,EASIER
4,100.0,8.39,4,0,98.6,1,HARDER
12,71.15,46.8,18,5,56.01,4,EASIER
16,73.0,35.1,28,6,54.95,5,EASIER
4,99.17,12.47,4,0,100.0,1,HARDER
16,69.4,64.98,25,7,42.86,5,EASIER
6,85.5,15.45,8,1,81.69,2,HARDER
16,88.73,36.29,20,2,85.52,5,HARDER
4,100.0,11.2,4,0,100.0,1,EASIER
16,90.08,29.4,20,2,93.93,5,HARDER
4,100.0,12.98,5,0,92.43,1,HARDER
4,66.05,18.43,6,2,81.66,1,SAME
12,79.88,23.08,17,3,69.83,4,SAME
12,79.74,29.93,18,3,84.48,4,HARDER
12,79.95,22.92,20,3,53.12,4,HARDER
12,75.2,40.83,18,4,75.7,4,SAME
4,100.0,16.54,4,0,100.0,1,HARDER
6,86.86,17.76,7,1,98.0,2,HARDER
6,99.0,9.03,6,0,97.23,2,HARDER
16,71.95,42.93,27,6,51.02,5,EASIER
12,85.69,30.4,15,2,82.57,4,HARDER
16,77.2,21.26,25,5,60.77,5,EASIER
9,81.49,26.72,12,2,100.0,3,SAME
12,81.25,34.16,17,3,71.96,4,SAME
6,98.63,13.97,6,0,95.11,2,HARDER
9,92.7,28.44,11,1,75.89,3,HARDER
12,74.68,23.84,17,4,66.83,4,SAME
4,99.96,12.63,4,0,96.69,1,HARDER
6,99.87,9.7,6,0,97.98,2,HARDER
4,80.3,13.63,5,1,89.8,1,HARDER
4,80.71,15.28,7,1,96.19,1,HARDER
6,75.43,14.98,8,2,100.0,2,HARDER
12,75.15,31.42,22,4,71.23,4,EASIER
16,75.31,44.56,29,5,52.63,5,EASIER
9,82.3,16.01,13,2,80.81,3,SAME
16,66.19,42.45,25,8,38.76,5,EASIER
6,100.0,13.3,6,0,91.99,2,HARDER
6,87.06,13.36,7,1,98.26,2,HARDER
4,100.0,10.68,4,0,100.0,1,HARDER
9,89.9,23.07,10,1,87.4,3,HARDER
4,100.0,17.11,5,0,100.0,1,HARDER
6,100.0,20.35,6,0,100.0,2,HARDER
4,80.28,19.82,5,1,100.0,1,HARDER
6,100.0,9.35,6,0,100.0,2,HARDER
9,99.45,12.5,9,0,92.8,3,HARDER
9,81.83,15.87,16,2,73.66,3,HARDER
6,74.34,14.45,10,2,71.31,2,SAME
4,100.0,10.12,4,0,93.48,1,HARDER
16,70.25,39.12,31,7,40.52,5,EASIER
6,66.95,22.51,12,3,78.52,2,EASIER
6,75.44,21.91,8,2,86.09,2,SAME
9,98.11,17.91,9,0,91.88,3,HARDER
6,100.0,14.44,6,0,100.0,2,HARDER
9,81.13,26.4,12,2,97.65,3,HARDER
4,80.7,19.75,5,1,85.06,1,HARDER
6,66.89,29.21,12,3,77.53,2,SAME
4,80.65,23.09,5,1,93.16,1,SAME
4,98.39,17.42,4,0,100.0,1,HARDER
12,92.66,25.51,13,1,97.44,4,HARDER
9,82.94,18.88,13,2,89.12,3,SAME
16,73.46,29.61,25,6,49.78,5,EASIER
12,85.87,38.17,14,2,78.67,4,HARDER
9,90.17,16.22,10,1,100.0,3,HARDER
6,100.0,10.87,7,0,100.0,2,HARDER
4,100.0,12.73,4,0,100.0,1,HARDER
9,74.36,17.4,13,3,73.97,3,SAME
9,74.76,17.11,14,3,77.85,3,SAME
12,81.28,32.42,18,3,57.88,4,HARDER
16,90.27,22.09,23,2,79.11,5,EASIER
9,99.59,15.02,10,0,97.84,3,HARDER
16,63.83,30.62,28,9,28.31,5,EASIER
4,100.0,9.18,5,0,93.99,1,HARDER
12,86.05,23.35,16,2,81.49,4,HARDER
9,90.68,19.53,12,1,82.31,3,HARDER
12,92.51,21.22,15,1,87.69,4,HARDER
4,80.74,12.18,5,1,79.4,1,SAME
6,100.0,13.46,6,0,100.0,2,HARDER
12,93.8,28.95,14,1,89.74,4,HARDER
9,82.39,34.02,11,2,88.64,3,HARDER
6,100.0,13.2,7,0,100.0,2,HARDER
6,73.25,21.61,9,2,94.17,2,HARDER
6,85.23,14.4,7,1,92.85,2,HARDER
9,76.79,24.95,12,3,87.39,3,SAME
16,74.43,37.13,23,5,69.53,5,EASIER
6,74.67,10.47,11,2,87.84,2,SAME
12,85.72,25.74,14,2,96.96,4,HARDER
4,100.0,10.38,4,0,100.0,1,HARDER
4,81.5,10.82,6,1,93.18,1,HARDER
4,80.78,12.14,5,1,100.0,1,HARDER
9,82.09,19.06,15,2,70.96,3,HARDER
4,98.57,15.08,4,0,100.0,1,HARDER
4,99.81,12.57,4,0,100.0,1,HARDER
9,82.29,22.47,13,2,79.51,3,HARDER
16,75.58,36.74,24,5,61.57,5,EASIER
6,99.82,13.65,6,0,100.0,2,HARDER
16,84.36,31.9,22,3,78.49,5,HARDER
16,88.81,34.25,19,2,83.11,5,HARDER
6,85.46,24.72,9,1,77.74,2,HARDER
4,79.85,12.27,6,1,98.1,1,HARDER
4,99.99,11.02,4,0,98.87,1,HARDER
12,99.63,27.3,13,0,100.0,4,HARDER
12,74.03,44.21,19,4,69.96,4,EASIER
6,98.98,11.44,6,0,100.0,2,HARDER
4,100.0,10.15,4,0,86.04,1,HARDER
6,76.07,31.39,8,2,63.83,2,SAME
6,84.54,15.4,7,1,98.49,2,HARDER
9,82.31,27.85,15,2,70.83,3,EASIER
16,87.13,26.47,19,3,92.58,5,SAME
9,69.29,61.65,13,4,66.49,3,EASIER
16,84.12,27.69,21,3,73.66,5,HARDER
4,80.38,9.42,5,1,100.0,1,HARDER
16,72.12,37.21,28,6,54.94,5,EASIER
9,100.0,24.39,10,0,97.86,3,HARDER
12,80.97,19.65,17,3,65.04,4,SAME
6,76.18,19.76,8,2,71.58,2,SAME
12,92.22,20.15,13,1,86.65,4,HARDER
12,70.46,27.35,22,5,53.46,4,EASIER
6,84.92,16.18,7,1,72.75,2,HARDER
4,78.8,15.45,5,1,92.3,1,SAME
4,100.0,9.37,4,0,87.39,1,HARDER
6,73.81,12.4,13,2,76.98,2,HARDER
9,65.57,24.42,21,5,43.55,3,EASIER
4,79.65,15.99,5,1,97.36,1,HARDER
4,65.89,22.3,8,2,83.86,1,EASIER
12,80.73,22.63,18,3,77.63,4,SAME
6,75.75,18.58,11,2,65.17,2,EASIER
12,79.78,19.17,17,3,70.61,4,HARDER
12,85.53,21.75,19,2,73.1,4,HARDER
4,81.97,11.53,6,1,97.29,1,HARDER
4,98.87,10.27,4,0,100.0,1,HARDER
6,65.95,26.6,9,3,86.62,2,SAME
6,66.37,22.09,9,3,85.41,2,SAME
4,98.56,14.7,4,0,100.0,1,HARDER
6,85.81,12.45,7,1,100.0,2,HARDER
9,81.74,14.35,16,2,75.42,3,HARDER
4,99.05,15.57,4,0,95.8,1,HARDER
6,98.52,13.71,6,0,100.0,2,HARDER
9,69.27,23.29,15,4,73.07,3,EASIER
6,84.76,22.73,7,1,94.12,2,HARDER
9,88.84,22.02,11,1,90.3,3,HARDER
16,70.32,54.06,27,7,46.29,5,EASIER
9,89.71,16.88,11,1,81.89,3,HARDER
4,78.68,16.24,6,1,83.45,1,HARDER
4,100.0,12.83,4,0,92.42,1,HARDER
12,75.83,28.8,20,4,53.62,4,SAME
9,73.92,42.23,13,3,73.68,3,EASIER
6,84.65,20.39,8,1,87.07,2,HARDER
16,72.3,34.51,28,6,51.77,5,SAME
16,90.38,18.13,24,2,75.55,5,HARDER
16,89.71,24.24,20,2,78.08,5,HARDER
12,80.19,28.79,18,3,69.1,4,SAME
16,79.29,42.37,24,4,63.85,5,HARDER
9,74.31,42.46,16,3,66.37,3,EASIER
12,75.27,29.36,18,4,73.27,4,SAME
4,80.09,12.04,5,1,95.38,1,HARDER
4,100.0,16.42,4,0,93.9,1,HARDER
4,78.21,12.93,5,1,91.81,1,HARDER
4,49.82,24.0,10,4,57.7,1,EASIER
12,87.04,30.07,16,2,70.52,4,HARDER
4,99.3,8.55,4,0,98.97,1,HARDER
9,74.41,28.68,12,3,67.5,3,SAME
12,100.0,18.71,12,0,100.0,4,HARDER
12,80.37,23.26,19,3,70.7,4,SAME
9,81.69,22.36,12,2,78.7,3,HARDER
6,76.4,30.57,10,2,76.56,2,SAME
4,100.0,14.63,4,0,100.0,1,HARDER
16,74.08,41.57,24,6,47.95,5,EASIER
16,90.33,33.08,19,2,84.14,5,HARDER
4,98.97,9.56,4,0,92.69,1,HARDER
9,74.08,21.33,16,3,71.06,3,EASIER
4,99.27,10.88,5,0,99.69,1,HARDER
16,66.59,31.29,30,8,40.43,5,EASIER
4,79.14,14.51,7,1,92.87,1,HARDER
4,99.93,10.27,4,0,100.0,1,HARDER
12,73.98,36.93,19,4,61.22,4,EASIER
4,98.96,12.39,4,0,99.69,1,HARDER
12,67.09,26.67,22,6,48.21,4,EASIER
16,74.6,26.23,23,5,62.29,5,SAME
16,76.22,27.46,28,5,58.36,5,EASIER
16,73.26,32.5,29,6,36.24,5,EASIER
6,85.01,14.09,8,1,91.92,2,HARDER
6,99.37,12.89,6,0,85.93,2,HARDER
12,83.26,14.4,17,2,80.65,4,HARDER
9,68.77,25.66,15,4,63.64,3,SAME
6,84.76,18.04,8,1,100.0,2,HARDER
16,64.5,32.71,25,9,34.71,5,EASIER
4,78.56,11.21,8,1,87.59,1,HARDER
9,82.65,21.58,14,2,76.48,3,HARDER
6,85.57,19.84,8,1,96.41,2,HARDER
4,68.07,11.86,10,2,76.88,1,SAME
4,100.0,11.47,4,0,88.27,1,HARDER
9,76.14,27.92,13,3,76.54,3,SAME
12,85.2,21.86,16,2,81.97,4,SAME
16,79.66,27.19,22,4,58.42,5,SAME
6,76.55,13.08,9,2,92.13,2,HARDER
6,85.69,17.4,8,1,80.88,2,HARDER
12,74.42,23.09,18,4,74.42,4,SAME
12,69.79,31.63,19,5,55.12,4,EASIER
9,59.37,22.67,18,6,46.98,3,EASIER
9,68.5,25.63,19,4,48.88,3,EASIER
12,80.24,33.8,17,3,87.18,4,HARDER
9,74.33,16.51,13,3,80.22,3,SAME
9,89.56,10.34,11,1,89.59,3,HARDER
6,85.12,20.15,7,1,96.78,2,HARDER
12,79.61,39.29,18,3,69.8,4,SAME
4,100.0,16.0,4,0,95.74,1,HARDER
9,99.91,15.73,9,0,100.0,3,HARDER
6,74.07,22.58,10,2,81.55,2,SAME
4,99.12,8.28,4,0,95.75,1,HARDER
16,100.0,22.7,17,0,100.0,5,HARDER
12,72.68,25.32,17,4,71.74,4,HARDER
4,100.0,13.95,4,0,100.0,1,HARDER
12,99.77,14.14,12,0,92.99,4,HARDER
12,73.96,19.34,17,4,73.89,4,EASIER
4,81.71,16.77,7,1,100.0,1,HARDER
16,79.95,41.67,21,4,68.65,5,SAME
16,78.2,31.36,27,5,49.72,5,EASIER
12,63.65,38.59,24,7,43.48,4,EASIER
16,68.46,35.15,24,7,75.73,5,EASIER
4,65.89,11.29,10,2,79.32,1,SAME
6,67.16,14.19,11,3,65.34,2,EASIER
16,75.55,35.09,30,6,41.26,5,EASIER
4,80.73,16.19,5,1,99.56,1,HARDER
4,100.0,10.15,5,0,96.35,1,HARDER
16,80.17,40.49,23,4,64.15,5,SAME
6,85.3,13.1,7,1,95.64,2,HARDER
16,89.28,34.21,21,2,87.79,5,HARDER
12,99.33,15.42,12,0,100.0,4,HARDER
16,72.24,57.49,27,6,56.42,5,EASIER
4,77.79,19.27,5,1,97.07,1,HARDER
9,100.0,15.13,9,0,100.0,3,HARDER
9,81.42,24.92,11,2,75.57,3,HARDER
9,60.69,47.47,18,6,38.99,3,EASIER
6,75.48,16.02,8,2,83.25,2,HARDER
9,64.78,42.39,20,5,48.2,3,EASIER
6,85.36,20.52,7,1,91.78,2,HARDER
9,82.11,15.12,11,2,85.75,3,HARDER
12,64.28,34.47,21,7,53.98,4,HARDER
6,66.59,20.74,10,3,72.74,2,EASIER
9,82.15,18.93,12,2,94.52,3,HARDER
9,92.14,12.84,10,1,97.51,3,HARDER
12,79.96,17.06,16,3,65.04,4,SAME
9,90.66,29.91,11,1,100.0,3,HARDER
4,99.56,8.93,4,0,100.0,1,HARDER
12,71.57,28.29,22,5,66.48,4,EASIER
6,59.71,26.9,12,4,69.79,2,EASIER
4,79.39,15.22,5,1,91.89,1,HARDER
6,86.37,20.94,7,1,89.18,2,HARDER
9,81.84,21.14,12,2,83.59,3,SAME
9,87.77,20.84,12,1,77.32,3,HARDER
12,78.92,19.32,16,3,78.45,4,SAME
9,63.87,23.99,16,5,42.83,3,EASIER
6,66.27,30.99,14,3,63.6,2,EASIER
16,79.22,22.09,23,4,65.59,5,SAME
9,90.56,12.64,14,1,95.91,3,HARDER
6,66.16,26.3,11,3,82.21,2,EASIER
9,100.0,12.84,9,0,100.0,3,HARDER
16,69.5,41.93,25,7,36.66,5,EASIER
16,79.25,15.96,26,4,60.89,5,SAME
6,86.54,15.31,8,1,84.21,2,EASIER
4,56.25,18.9,10,3,60.71,1,EASIER
4,100.0,7.26,5,0,100.0,1,HARDER
6,74.36,22.75,8,2,86.13,2,SAME
12,85.32,21.66,16,2,83.88,4,HARDER
6,74.69,19.03,8,2,81.23,2,HARDER
6,99.81,10.4,6,0,99.35,2,HARDER
12,87.62,19.65,16,2,76.19,4,HARDER
9,82.26,19.88,13,2,85.46,3,SAME
12,92.38,13.44,15,1,88.69,4,HARDER
12,92.52,19.42,19,1,90.14,4,HARDER
4,99.81,13.57,4,0,100.0,1,HARDER
6,99.13,9.23,6,0,100.0,2,HARDER
9,100.0,12.78,10,0,95.18,3,HARDER
4,100.0,14.11,4,0,100.0,1,HARDER
9,87.75,23.89,12,1,100.0,3,HARDER
9,69.08,21.52,14,4,77.01,3,SAME
9,99.92,15.03,9,0,95.23,3,HARDER
4,80.79,13.68,7,1,79.71,1,HARDER
12,86.81,24.73,17,2,88.64,4,HARDER
9,65.7,24.86,18,5,59.83,3,EASIER
9,91.27,18.02,11,1,82.91,3,HARDER
6,100.0,14.52,6,0,100.0,2,HARDER
4,66.35,18.62,7,2,80.45,1,SAME
4,79.41,12.67,7,1,92.53,1,HARDER
16,79.68,45.75,21,4,66.11,5,SAME
16,68.92,47.65,30,8,20.4,5,EASIER
4,79.16,14.93,5,1,92.82,1,HARDER
9,81.08,23.52,15,2,76.24,3,SAME
16,94.63,31.85,19,1,83.58,5,SAME
16,83.25,16.04,20,3,89.52,5,HARDER
9,88.92,18.83,10,1,82.63,3,HARDER
9,82.67,28.16,12,2,97.78,3,HARDER
6,99.65,7.97,6,0,100.0,2,HARDER
12,79.38,27.13,17,3,80.29,4,HARDER
6,66.19,17.55,10,3,72.32,2,EASIER
9,83.99,21.01,14,2,91.07,3,SAME
12,86.05,26.65,15,2,80.47,4,EASIER
12,92.02,17.85,16,1,90.05,4,HARDER
12,100.0,20.65,14,0,82.63,4,HARDER
12,79.48,44.76,19,3,64.0,4,SAME
6,86.75,19.51,8,1,100.0,2,HARDER
9,98.66,17.26,9,0,91.5,3,HARDER
9,89.57,25.69,10,1,93.14,3,HARDER
16,71.7,36.2,26,6,49.83,5,EASIER
9,73.35,20.82,12,3,85.89,3,HARDER
9,74.16,25.29,15,3,66.02,3,SAME
12,80.68,31.55,19,3,90.77,4,HARDER
6,100.0,9.56,6,0,100.0,2,HARDER
9,82.67,18.7,13,2,80.39,3,HARDER
4,99.96,11.0,4,0,100.0,1,HARDER
6,84.76,16.11,9,1,79.51,2,HARDER
9,100.0,17.96,10,0,100.0,3,HARDER
16,74.98,17.93,28,5,59.11,5,SAME
16,75.85,31.39,24,5,54.35,5,SAME
6,75.02,14.17,9,2,78.03,2,SAME
9,60.14,30.35,20,6,43.04,3,EASIER
6,100.0,12.79,7,0,90.39,2,HARDER
12,85.32,27.27,17,2,76.83,4,HARDER
12,92.76,11.75,16,1,84.03,4,HARDER
9,69.66,35.32,17,4,55.97,3,EASIER
4,78.26,19.16,5,1,73.77,1,HARDER
9,82.87,26.68,12,2,100.0,3,HARDER
16,62.59,48.28,34,10,23.84,5,EASIER
16,82.76,28.89,21,3,78.62,5,HARDER
9,89.3,11.96,11,1,97.47,3,HARDER
12,76.18,29.29,20,4,65.73,4,SAME
4,99.35,16.38,4,0,96.74,1,HARDER
9,89.58,25.42,11,1,88.4,3,HARDER
12,100.0,12.79,12,0,100.0,4,HARDER
9,81.74,14.52,13,2,75.65,3,HARDER
4,99.02,10.72,4,0,100.0,1,HARDER
6,87.46,12.78,8,1,97.02,2,HARDER
4,100.0,12.46,4,0,93.38,1,HARDER
16,65.76,34.99,32,8,24.56,5,EASIER
9,100.0,13.73,9,0,100.0,3,HARDER
6,98.32,12.38,6,0,100.0,2,HARDER
9,89.32,20.9,12,1,72.72,3,HARDER
16,70.35,56.37,29,7,24.69,5,EASIER
12,85.47,21.93,15,2,80.71,4,HARDER
16,71.88,34.54,31,6,47.76,5,EASIER
12,99.76,23.08,12,0,96.11,4,HARDER
16,76.77,22.92,26,5,46.66,5,EASIER
6,74.71,18.3,9,2,75.02,2,SAME
12,75.55,40.45,19,4,69.76,4,EASIER
16,71.68,19.25,25,6,49.13,5,EASIER
4,66.24,16.83,7,2,91.89,1,EASIER
9,61.05,28.57,20,6,39.6,3,EASIER
4,100.0,9.87,4,0,100.0,1,HARDER
16,70.18,27.89,28,7,40.33,5,EASIER
12,100.0,13.58,13,0,100.0,4,HARDER
4,98.98,12.59,4,0,93.24,1,HARDER
16,84.49,24.08,19,3,77.06,5,HARDER
12,84.86,24.72,14,2,80.11,4,HARDER
9,82.29,18.66,12,2,76.99,3,HARDER
4,99.71,8.86,4,0,100.0,1,HARDER
9,80.27,17.9,11,2,78.12,3,SAME
16,61.93,76.84,33,10,24.38,5,EASIER
4,79.13,16.39,6,1,98.25,1,HARDER
16,71.11,35.77,29,7,31.98,5,EASIER
6,100.0,10.03,6,0,94.78,2,HARDER
16,84.68,40.46,22,3,68.18,5,HARDER
6,75.95,13.95,10,2,97.54,2,EASIER
12,79.56,25.58,17,3,69.21,4,SAME
12,75.0,30.94,22,4,59.41,4,EASIER
16,76.25,25.75,26,5,55.47,5,SAME
12,100.0,17.17,13,0,96.95,4,HARDER
12,100.0,20.41,12,0,88.4,4,HARDER
4,99.34,19.88,4,0,96.42,1,HARDER
9,80.71,20.25,15,2,75.3,3,HARDER
12,85.42,31.37,15,2,73.99,4,SAME
9,83.5,21.56,11,2,82.3,3,HARDER
12,100.0,17.99,13,0,100.0,4,HARDER
4,100.0,11.54,4,0,100.0,1,HARDER
9,82.72,25.78,12,2,77.35,3,HARDER
9,76.27,29.95,15,3,55.64,3,EASIER
16,100.0,20.2,16,0,93.43,5,HARDER
16,83.95,31.71,22,3,68.24,5,HARDER
6,86.96,13.79,8,1,87.17,2,HARDER
12,92.91,21.41,13,1,95.65,4,HARDER
16,80.65,37.85,22,4,56.29,5,HARDER
4,100.0,13.35,4,0,100.0,1,HARDER
16,94.17,26.87,18,1,87.23,5,HARDER
12,75.33,28.93,20,4,72.81,4,EASIER
16,79.35,30.26,26,4,57.8,5,SAME
4,98.86,7.64,4,0,98.6,1,HARDER
16,75.83,35.4,28,5,52.49,5,SAME
9,82.21,18.49,12,2,76.45,3,HARDER
9,90.55,17.13,10,1,91.56,3,HARDER
4,100.0,15.21,4,0,97.28,1,EASIER
6,100.0,9.61,6,0,100.0,2,HARDER
9,74.69,28.81,13,3,91.42,3,SAME
4,99.08,12.32,4,0,95.88,1,HARDER
16,90.76,16.82,21,2,71.99,5,HARDER
6,100.0,13.49,8,0,100.0,2,HARDER
12,86.17,22.68,16,2,98.13,4,HARDER
12,78.81,28.49,18,3,82.41,4,SAME
4,100.0,12.46,4,0,96.02,1,HARDER
4,100.0,14.06,4,0,88.79,1,HARDER
16,89.26,23.82,18,2,87.31,5,HARDER
16,87.55,39.65,19,2,83.65,5,HARDER
6,74.68,22.48,11,2,80.71,2,EASIER
4,97.71,9.29,4,0,86.15,1,HARDER
16,74.06,36.95,27,6,45.33,5,EASIER
6,99.69,14.12,6,0,100.0,2,HARDER
6,76.25,17.35,10,2,83.73,2,SAME
4,98.77,13.86,4,0,100.0,1,HARDER
9,100.0,16.4,9,0,100.0,3,HARDER
16,80.06,19.84,26,4,50.5,5,SAME
16,89.65,26.26,19,2,93.38,5,HARDER
16,70.3,30.24,31,7,39.26,5,EASIER
9,81.29,29.64,14,2,84.14,3,HARDER
12,74.24,46.68,17,4,86.63,4,EASIER
4,79.22,13.2,5,1,95.8,1,HARDER
9,57.26,54.32,20,7,41.61,3,EASIER
16,83.62,24.86,24,3,65.66,5,SAME
12,86.37,27.08,15,2,83.04,4,SAME
6,100.0,12.4,6,0,100.0,2,HARDER
6,86.0,18.48,8,1,95.6,2,HARDER
6,100.0,11.44,8,0,95.98,2,HARDER
9,99.85,20.1,9,0,92.95,3,HARDER
16,87.99,34.1,19,2,99.53,5,HARDER
6,99.33,14.87,6,0,100.0,2,HARDER
12,78.37,21.06,18,3,88.04,4,HARDER
6,99.76,11.35,6,0,94.99,2,HARDER
4,67.46,9.28,6,2,81.23,1,HARDER
4,100.0,13.87,4,0,100.0,1,HARDER
16,90.27,25.44,21,2,82.56,5,HARDER
12,72.15,24.37,19,5,53.23,4,SAME
9,91.27,14.69,11,1,95.8,3,HARDER
6,85.55,11.28,7,1,89.7,2,HARDER
12,93.78,17.57,13,1,100.0,4,HARDER
6,86.86,20.48,8,1,97.06,2,HARDER
9,100.0,16.56,9,0,91.17,3,HARDER
4,99.8,9.79,4,0,94.24,1,HARDER
9,99.81,12.08,9,0,100.0,3,HARDER
9,99.06,20.59,9,0,99.17,3,HARDER
9,80.14,19.93,12,2,82.41,3,SAME
9,73.74,23.67,18,3,85.43,3,SAME
6,76.25,13.87,10,2,92.87,2,HARDER
9,100.0,23.42,10,0,94.91,3,HARDER
4,67.29,12.37,7,2,85.96,1,SAME
12,85.83,39.5,17,2,73.33,4,HARDER
12,92.18,25.6,14,1,100.0,4,HARDER
12,91.47,18.08,16,1,90.29,4,HARDER
6,85.9,14.63,8,1,92.12,2,HARDER
12,91.94,16.21,13,1,100.0,4,HARDER
4,80.17,10.42,6,1,96.93,1,HARDER
16,75.73,33.81,26,5,51.83,5,SAME
9,81.32,20.22,14,2,74.51,3,HARDER
16,66.73,39.09,30,9,36.07,5,EASIER
6,84.85,14.1,9,1,71.82,2,HARDER
16,77.35,22.52,23,5,56.32,5,HARDER
4,66.44,18.18,8,2,83.4,1,EASIER
4,80.26,17.09,5,1,98.63,1,HARDER
4,100.0,21.73,4,0,96.87,1,HARDER
9,83.35,32.96,12,2,74.16,3,SAME
9,74.73,24.91,14,3,79.01,3,EASIER
4,80.82,16.98,6,1,80.39,1,SAME
9,90.14,22.25,10,1,95.53,3,HARDER
16,90.43,21.59,20,2,74.49,5,HARDER
12,86.3,24.04,18,2,82.56,4,HARDER
4,79.11,17.89,5,1,93.17,1,HARDER
6,75.66,21.16,9,2,82.36,2,SAME
6,99.54,12.86,6,0,96.78,2,HARDER
4,79.55,11.29,6,1,90.71,1,HARDER
16,75.95,29.59,26,5,56.77,5,EASIER
9,74.4,17.92,15,3,83.13,3,SAME
9,69.11,29.33,17,4,49.29,3,EASIER
12,84.19,27.39,15,2,79.43,4,HARDER
9,88.99,21.13,12,1,86.97,3,HARDER
16,95.91,23.19,17,1,89.89,5,HARDER
12,84.03,13.64,14,2,80.72,4,HARDER
6,82.66,26.33,9,1,84.08,2,HARDER
12,80.43,29.18,17,3,71.31,4,SAME
6,85.21,12.97,7,1,81.72,2,HARDER
9,69.04,32.27,13,4,81.9,3,SAME
6,100.0,20.39,6,0,100.0,2,HARDER
9,99.09,21.64,9,0,96.51,3,HARDER
6,100.0,11.58,6,0,83.71,2,HARDER
4,100.0,12.12,4,0,100.0,1,HARDER
9,63.64,15.46,17,5,59.38,3,EASIER
16,64.05,37.36,27,9,24.95,5,EASIER
12,80.75,23.66,18,3,78.74,4,HARDER
12,86.65,21.2,16,2,88.84,4,HARDER
12,85.54,30.93,18,2,90.51,4,HARDER
12,85.66,24.26,16,2,94.5,4,HARDER
12,91.82,16.01,17,1,77.92,4,HARDER
6,100.0,10.86,6,0,91.05,2,HARDER
12,91.67,25.16,17,1,78.67,4,HARDER
6,98.88,17.18,6,0,83.91,2,HARDER
4,79.45,12.41,7,1,98.96,1,HARDER
12,75.53,29.95,18,4,49.87,4,SAME
9,90.22,17.96,11,1,84.18,3,HARDER
16,88.3,38.57,19,2,73.45,5,HARDER
9,89.37,10.16,12,1,77.41,3,HARDER
6,85.01,13.41,8,1,90.61,2,HARDER
9,89.35,13.92,10,1,100.0,3,HARDER
16,89.23,39.52,18,2,75.28,5,SAME
6,85.24,11.43,7,1,100.0,2,HARDER
6,75.99,12.98,10,2,91.58,2,HARDER
16,84.28,50.24,21,3,64.03,5,SAME
4,100.0,13.94,4,0,95.82,1,HARDER
12,93.13,25.14,13,1,100.0,4,HARDER
16,63.59,41.2,33,9,16.33,5,EASIER
9,75.26,31.89,13,3,73.72,3,SAME
12,71.55,34.81,18,5,60.58,4,EASIER
6,66.4,25.01,11,3,70.05,2,EASIER
9,89.99,21.41,12,1,88.23,3,HARDER
6,85.04,21.43,7,1,94.82,2,HARDER
6,75.31,13.0,9,2,84.86,2,SAME
6,99.0,12.13,6,0,100.0,2,HARDER
9,89.78,26.08,12,1,96.9,3,HARDER
16,70.94,26.94,24,6,60.38,5,EASIER
4,98.85,13.77,4,0,92.44,1,HARDER
6,86.65,12.63,8,1,82.87,2,HARDER
9,75.69,22.25,13,3,73.14,3,HARDER
4,99.82,11.41,4,0,94.08,1,HARDER
9,75.47,23.01,15,3,72.1,3,SAME
16,73.24,40.48,24,6,48.0,5,EASIER
4,81.16,20.78,5,1,87.85,1,SAME
6,99.26,19.0,6,0,93.6,2,HARDER
12,86.05,18.58,18,2,70.65,4,HARDER
6,100.0,19.51,6,0,100.0,2,HARDER
16,77.24,62.95,24,5,49.32,5,EASIER
4,100.0,14.83,4,0,100.0,1,HARDER
4,100.0,18.11,5,0,100.0,1,HARDER
9,100.0,20.74,9,0,100.0,3,HARDER
16,74.86,28.62,23,5,64.44,5,HARDER
9,70.3,44.5,15,4,50.01,3,EASIER
9,89.21,20.92,11,1,89.8,3,HARDER
9,73.91,19.44,14,3,68.88,3,SAME
16,88.82,22.09,18,2,77.87,5,HARDER
16,80.27,37.13,23,4,76.25,5,SAME
4,99.4,12.33,4,0,97.42,1,HARDER
6,83.62,23.5,9,1,82.67,2,HARDER
16,86.0,27.61,25,3,65.62,5,SAME
16,77.93,43.27,26,5,58.08,5,EASIER
16,95.95,34.23,19,1,100.0,5,HARDER
12,72.95,26.42,19,4,71.88,4,SAME
9,91.26,16.15,12,1,89.91,3,HARDER
4,99.71,11.69,4,0,83.33,1,HARDER
16,71.73,56.66,25,6,48.86,5,EASIER
6,86.22,17.68,8,1,81.02,2,HARDER
9,91.52,23.54,10,1,100.0,3,HARDER
12,76.07,20.3,20,4,74.25,4,SAME
16,93.69,26.63,17,1,92.25,5,HARDER
6,75.82,15.07,9,2,96.65,2,HARDER
16,87.48,26.17,20,2,87.03,5,HARDER
16,68.52,53.29,28,7,38.36,5,EASIER
9,65.19,31.28,15,5,66.97,3,EASIER
4,100.0,12.64,4,0,97.39,1,HARDER
6,100.0,12.49,6,0,99.25,2,HARDER
16,69.83,38.67,29,7,33.03,5,EASIER
12,85.52,24.86,18,2,76.11,4,HARDER
6,98.83,8.23,6,0,90.73,2,HARDER
4,81.99,14.77,6,1,86.28,1,HARDER
6,76.56,15.79,10,2,89.93,2,HARDER
9,90.97,14.58,11,1,88.46,3,HARDER
9,92.1,12.18,10,1,100.0,3,HARDER
12,67.67,31.39,23,6,56.71,4,EASIER
16,78.36,27.13,23,4,59.72,5,SAME
4,98.87,10.4,5,0,100.0,1,HARDER
9,83.26,15.9,12,2,76.76,3,HARDER
6,85.48,15.13,7,1,93.11,2,HARDER
4,80.86,14.89,6,1,93.03,1,HARDER
4,81.83,18.89,5,1,82.38,1,HARDER
4,99.99,11.06,4,0,95.37,1,HARDER
6,87.06,13.43,7,1,90.94,2,HARDER
9,65.77,28.15,17,5,50.24,3,EASIER
6,67.05,30.75,11,3,66.05,2,EASIER
9,81.91,29.31,12,2,83.61,3,HARDER
6,100.0,23.53,6,0,95.89,2,HARDER
12,100.0,11.6,13,0,93.4,4,HARDER
4,78.65,12.48,5,1,100.0,1,HARDER
6,86.26,12.04,7,1,100.0,2,HARDER
6,66.31,30.11,10,3,72.97,2,EASIER
16,75.05,26.43,23,5,68.6,5,SAME
6,86.66,13.05,8,1,78.62,2,HARDER
9,80.41,17.72,13,2,79.73,3,HARDER
6,65.01,20.19,13,3,59.23,2,EASIER
9,81.91,28.19,12,2,85.85,3,SAME
4,97.91,8.82,4,0,94.68,1,HARDER
16,75.01,62.54,28,5,45.08,5,EASIER
16,78.98,33.24,24,4,60.05,5,SAME
4,100.0,11.22,4,0,100.0,1,HARDER
6,98.69,12.21,6,0,100.0,2,HARDER
6,99.24,12.45,6,0,100.0,2,HARDER
12,70.38,53.13,21,5,47.12,4,EASIER
4,79.52,20.85,5,1,95.51,1,HARDER
6,67.05,19.69,10,3,77.72,2,EASIER
6,86.07,13.87,7,1,99.18,2,HARDER
16,81.47,40.87,25,4,58.13,5,SAME
16,82.74,30.25,20,3,79.06,5,HARDER
4,66.42,13.27,6,2,89.25,1,SAME
9,75.44,23.94,13,3,79.04,3,SAME
16,73.42,47.44,24,5,59.72,5,EASIER
6,99.87,12.22,7,0,95.76,2,HARDER
4,100.0,14.08,4,0,94.49,1,HARDER
6,76.42,17.44,9,2,91.2,2,HARDER
6,85.9,14.51,7,1,91.09,2,HARDER
4,99.71,14.83,4,0,96.94,1,HARDER
4,64.94,18.7,7,2,75.16,1,SAME
4,81.75,8.56,6,1,92.1,1,HARDER
9,81.86,30.64,11,2,87.08,3,HARDER
12,93.25,23.97,13,1,97.5,4,HARDER
12,91.8,20.85,15,1,83.84,4,HARDER
4,99.04,17.61,4,0,96.0,1,HARDER
12,85.17,22.09,15,2,90.91,4,SAME
9,81.28,15.95,11,2,79.02,3,HARDER
6,87.59,17.49,7,1,100.0,2,HARDER
4,98.69,8.11,4,0,100.0,1,HARDER
4,100.0,12.54,4,0,99.57,1,HARDER
6,86.87,13.29,11,1,86.71,2,HARDER
12,74.31,22.3,18,4,66.82,4,HARDER
16,65.47,40.93,26,8,36.72,5,EASIER
16,88.67,23.18,20,2,83.72,5,HARDER
16,67.92,23.93,31,7,33.32,5,EASIER
16,89.88,15.85,19,2,81.81,5,HARDER
6,100.0,20.31,7,0,100.0,2,HARDER
12,93.06,17.87,14,1,95.78,4,HARDER
9,74.95,30.94,14,3,85.71,3,EASIER
16,89.59,28.84,23,2,75.66,5,SAME
4,100.0,15.64,5,0,91.99,1,HARDER
12,93.98,36.39,14,1,88.28,4,HARDER
12,79.5,33.19,16,3,85.6,4,SAME
6,88.1,18.18,7,1,88.78,2,HARDER
6,100.0,11.09,7,0,100.0,2,HARDER
4,80.94,19.14,5,1,89.5,1,HARDER
12,93.67,19.23,14,1,100.0,4,HARDER
16,79.43,32.94,23,4,59.36,5,SAME
9,100.0,15.02,9,0,100.0,3,HARDER
6,99.64,20.44,6,0,82.11,2,HARDER
16,79.77,33.26,21,4,59.9,5,SAME
6,85.63,11.32,7,1,94.15,2,HARDER
16,87.09,37.54,19,2,78.32,5,HARDER
9,81.65,25.11,11,2,73.06,3,HARDER
9,89.45,18.72,12,1,85.5,3,HARDER
4,80.11,15.74,9,1,87.11,1,HARDER
4,99.31,12.0,4,0,100.0,1,HARDER
6,100.0,14.97,6,0,100.0,2,HARDER
4,100.0,13.26,4,0,94.09,1,HARDER
4,98.5,11.29,4,0,100.0,1,HARDER
12,69.63,29.19,20,5,46.34,4,EASIER
12,76.12,19.76,19,4,52.22,4,EASIER
16,80.78,41.66,24,4,51.42,5,SAME
16,73.06,33.54,22,6,53.02,5,EASIER
16,84.06,31.59,20,3,79.68,5,HARDER
4,79.41,18.27,5,1,94.59,1,HARDER
16,67.84,44.72,28,7,37.15,5,EASIER
12,71.58,48.83,24,5,53.82,4,EASIER
4,66.29,14.14,6,2,99.1,1,HARDER
16,73.47,27.13,26,6,60.44,5,EASIER
9,74.14,18.26,16,3,68.29,3,SAME
12,75.73,37.95,18,4,76.54,4,SAME
6,100.0,12.49,6,0,100.0,2,HARDER
9,76.68,26.97,14,3,65.4,3,SAME
6,99.78,14.68,6,0,92.97,2,HARDER
6,98.94,18.47,7,0,96.1,2,HARDER
6,82.78,21.67,7,1,92.94,2,HARDER
12,78.57,31.46,17,3,63.69,4,SAME
16,78.99,31.3,24,4,53.91,5,EASIER
4,100.0,9.88,6,0,100.0,1,HARDER
16,79.44,44.86,24,4,69.26,5,EASIER
4,79.4,14.02,5,1,88.65,1,SAME
9,81.87,22.7,12,2,93.54,3,HARDER
6,74.88,22.37,8,2,83.87,2,SAME
9,99.81,15.14,9,0,100.0,3,HARDER
6,100.0,20.53,6,0,80.84,2,HARDER
16,88.51,29.03,20,2,90.46,5,HARDER
16,71.14,54.85,28,6,50.72,5,EASIER
16,71.13,29.53,27,7,35.16,5,EASIER
6,75.67,18.13,10,2,73.36,2,SAME
4,79.51,19.87,5,1,87.01,1,HARDER
4,100.0,12.56,4,0,97.39,1,HARDER
16,84.17,26.92,22,3,80.98,5,SAME
9,83.26,22.32,13,2,71.78,3,HARDER
9,75.5,27.19,13,3,74.11,3,SAME
9,100.0,16.42,9,0,98.22,3,HARDER
12,92.14,22.86,13,1,84.23,4,HARDER
16,79.5,53.62,22,4,69.47,5,EASIER
16,92.96,35.95,19,1,93.03,5,HARDER
4,98.89,12.85,4,0,100.0,1,HARDER
12,75.9,29.38,21,4,61.09,4,SAME
16,75.95,24.24,28,5,55.7,5,SAME
4,99.7,16.56,4,0,91.95,1,HARDER
12,85.04,20.88,16,2,76.69,4,HARDER
16,88.1,28.67,19,2,77.46,5,EASIER
6,84.98,11.07,10,1,100.0,2,HARDER
4,100.0,9.17,4,0,94.01,1,HARDER
6,74.89,18.81,8,2,90.26,2,HARDER
9,70.05,40.71,15,4,73.42,3,EASIER
9,100.0,22.24,12,0,100.0,3,HARDER
16,83.74,25.61,23,3,86.9,5,SAME
9,100.0,16.03,9,0,89.12,3,HARDER
9,81.01,18.02,14,2,85.55,3,SAME
16,76.0,27.94,28,5,58.01,5,EASIER
6,85.45,14.79,7,1,91.25,2,HARDER
12,76.9,38.36,18,4,67.84,4,SAME
6,86.66,23.16,11,1,78.56,2,HARDER
16,79.55,22.22,20,4,75.48,5,HARDER
16,68.58,23.08,30,7,44.62,5,EASIER
9,76.91,34.4,12,3,72.5,3,SAME
6,100.0,12.27,6,0,100.0,2,HARDER
9,89.45,17.75,12,1,100.0,3,HARDER
9,73.55,20.66,14,3,77.71,3,SAME
4,99.37,11.45,4,0,100.0,1,HARDER
6,78.0,27.87,9,2,77.57,2,HARDER
6,75.14,17.55,11,2,87.07,2,SAME
12,74.9,36.01,21,4,65.87,4,EASIER
12,100.0,15.49,12,0,85.83,4,HARDER
12,100.0,15.59,14,0,100.0,4,HARDER
4,80.11,14.59,5,1,100.0,1,HARDER
6,99.45,17.84,6,0,94.14,2,HARDER
12,86.22,29.59,15,2,84.17,4,HARDER
12,74.95,48.8,17,4,77.3,4,HARDER
6,99.94,20.28,6,0,86.63,2,HARDER
9,81.07,24.81,15,2,84.78,3,HARDER
6,100.0,12.37,6,0,98.9,2,HARDER
4,100.0,16.03,4,0,100.0,1,HARDER
6,75.46,22.01,9,2,76.09,2,SAME
9,92.12,12.3,11,1,89.2,3,HARDER
9,81.15,16.54,12,2,71.91,3,HARDER
12,71.38,26.22,19,5,65.28,4,EASIER
4,80.41,13.72,5,1,94.2,1,HARDER
16,82.91,28.39,20,3,78.76,5,HARDER
4,80.27,20.12,8,1,77.98,1,HARDER
6,100.0,13.75,6,0,100.0,2,HARDER
6,100.0,17.54,6,0,91.99,2,HARDER
9,100.0,15.62,10,0,94.17,3,HARDER
4,78.34,13.94,5,1,98.08,1,HARDER
9,99.24,15.27,9,0,100.0,3,HARDER
4,68.15,24.89,7,2,85.91,1,SAME
6,100.0,14.52,6,0,100.0,2,HARDER
6,99.28,13.17,6,0,100.0,2,HARDER
16,72.37,35.11,26,6,54.05,5,EASIER
12,84.51,26.89,16,2,83.14,4,HARDER
4,67.14,17.66,7,2,88.72,1,HARDER
4,98.97,10.48,4,0,92.43,1,HARDER
12,100.0,23.42,12,0,96.67,4,HARDER
9,90.23,30.7,11,1,83.53,3,HARDER
12,74.44,26.59,20,4,70.28,4,SAME
4,80.21,14.67,7,1,94.5,1,HARDER
12,92.77,16.88,15,1,83.15,4,HARDER
4,81.03,15.11,7,1,92.84,1,HARDER
4,80.02,19.56,6,1,88.69,1,HARDER
4,81.01,16.04,6,1,96.58,1,HARDER
4,99.95,7.92,4,0,98.69,1,HARDER
9,100.0,16.0,9,0,96.77,3,HARDER
6,74.28,28.53,9,2,78.38,2,SAME
9,76.9,25.29,12,3,81.72,3,HARDER
16,85.59,52.07,20,3,86.59,5,HARDER
16,88.64,38.33,20,2,86.73,5,HARDER
12,85.59,19.79,17,2,78.33,4,HARDER
4,77.11,16.72,5,1,89.11,1,HARDER
12,92.19,27.53,13,1,100.0,4,HARDER
12,75.46,44.75,20,4,62.75,4,EASIER
9,82.2,32.29,13,2,82.92,3,HARDER
9,89.05,14.16,11,1,84.44,3,HARDER
9,70.45,30.69,16,4,65.62,3,SAME
6,98.59,20.46,6,0,96.08,2,HARDER
9,99.94,19.84,9,0,97.73,3,HARDER
12,65.85,35.41,23,6,52.14,4,SAME
4,81.47,10.59,5,1,85.3,1,HARDER
4,82.25,15.77,7,1,87.69,1,HARDER
6,86.52,20.94,7,1,99.63,2,HARDER
6,85.05,13.94,8,1,87.42,2,HARDER
16,83.95,18.19,19,3,78.41,5,HARDER
4,79.48,15.22,5,1,96.91,1,HARDER
12,81.68,20.57,16,3,94.92,4,HARDER
4,98.17,13.54,4,0,100.0,1,HARDER
6,98.66,14.58,6,0,98.06,2,HARDER
16,79.18,25.58,24,4,65.41,5,SAME
6,85.01,18.73,9,1,83.25,2,HARDER
4,99.34,12.95,4,0,100.0,1,EASIER
9,80.76,14.36,11,2,98.01,3,HARDER
6,99.88,9.82,6,0,100.0,2,HARDER
12,91.61,29.73,15,1,90.2,4,HARDER
16,82.06,27.51,20,3,84.29,5,HARDER
12,63.05,39.62,24,7,33.72,4,EASIER
12,100.0,35.02,13,0,100.0,4,HARDER
4,99.36,10.83,4,0,98.92,1,HARDER
12,74.1,28.74,20,4,46.26,4,EASIER
12,70.98,42.84,20,5,48.76,4,EASIER
16,63.91,73.19,30,9,17.74,5,EASIER
12,91.69,16.03,14,1,86.53,4,HARDER
6,86.47,13.19,7,1,95.83,2,HARDER
9,100.0,11.15,9,0,94.62,3,HARDER
16,79.57,42.38,25,4,73.45,5,SAME
4,80.69,12.39,6,1,95.36,1,HARDER
16,89.04,23.12,20,2,84.71,5,HARDER
6,98.78,17.1,6,0,91.95,2,HARDER
4,99.32,17.28,4,0,95.65,1,HARDER
12,80.47,18.01,16,3,87.9,4,SAME
6,85.45,16.41,8,1,100.0,2,HARDER
6,98.88,11.93,6,0,92.23,2,HARDER
4,100.0,10.52,4,0,92.71,1,HARDER
12,90.86,24.48,14,1,96.72,4,HARDER
6,99.16,13.28,6,0,100.0,2,HARDER
6,65.85,27.05,12,3,59.7,2,EASIER
12,93.0,22.39,15,1,93.67,4,HARDER
16,93.3,25.48,17,1,87.29,5,HARDER
16,71.42,29.78,29,7,42.91,5,EASIER
4,82.07,14.21,6,1,95.85,1,HARDER
9,89.83,25.98,11,1,86.19,3,HARDER
4,100.0,12.61,4,0,100.0,1,HARDER
12,88.01,21.06,17,2,88.85,4,HARDER
9,68.29,22.23,18,4,53.23,3,EASIER
16,76.99,36.18,25,5,47.44,5,SAME
12,92.61,22.13,14,1,95.46,4,HARDER
9,75.21,20.65,13,3,71.32,3,SAME
12,93.24,25.72,13,1,92.42,4,HARDER
4,99.94,14.13,6,0,94.83,1,HARDER
12,70.46,23.22,21,5,62.67,4,EASIER
6,85.2,27.39,8,1,87.21,2,HARDER
4,65.9,15.37,6,2,87.31,1,SAME
16,79.93,26.23,23,4,75.58,5,HARDER
4,99.73,28.31,4,0,96.2,1,HARDER
6,75.76,18.85,11,2,87.83,2,SAME
9,81.41,27.67,13,2,74.8,3,SAME
9,73.66,28.78,16,3,65.63,3,EASIER
4,68.32,18.63,10,2,79.57,1,EASIER
12,81.36,39.58,19,3,61.1,4,SAME
6,98.7,19.95,6,0,97.85,2,HARDER
12,74.77,35.21,18,4,61.41,4,SAME
6,65.45,29.03,10,3,74.82,2,SAME
9,81.92,23.12,11,2,82.78,3,HARDER
6,100.0,14.67,6,0,100.0,2,HARDER
9,91.59,17.41,11,1,95.73,3,HARDER
9,80.13,17.94,13,2,79.27,3,HARDER
6,100.0,13.39,6,0,100.0,2,HARDER
16,74.15,39.47,23,6,40.77,5,EASIER
9,89.25,17.86,12,1,88.9,3,HARDER
4,79.54,18.33,6,1,90.47,1,HARDER
4,99.67,12.93,4,0,100.0,1,HARDER
9,68.7,25.92,20,4,55.97,3,EASIER
6,99.69,14.51,6,0,100.0,2,HARDER
16,66.39,81.82,27,8,23.04,5,EASIER
16,90.45,22.85,20,2,91.35,5,HARDER
6,99.34,23.62,6,0,95.05,2,EASIER
9,90.13,19.65,11,1,83.96,3,HARDER
6,98.61,9.71,6,0,100.0,2,HARDER
6,85.13,17.98,7,1,90.01,2,HARDER
16,76.34,40.09,23,5,54.75,5,EASIER
12,86.24,30.69,17,2,71.53,4,HARDER
12,71.25,45.22,19,5,58.9,4,EASIER
9,82.81,15.01,13,2,86.68,3,HARDER
9,100.0,15.13,9,0,100.0,3,HARDER
4,100.0,13.79,4,0,96.85,1,HARDER
6,87.5,16.89,8,1,85.59,2,HARDER
12,69.39,28.66,20,5,58.44,4,EASIER
16,72.38,27.57,24,6,49.62,5,EASIER
12,80.49,22.89,17,3,81.65,4,HARDER
9,80.11,25.9,13,2,78.76,3,SAME
6,86.63,14.71,8,1,100.0,2,HARDER
6,86.29,12.14,8,1,88.99,2,HARDER
16,64.35,36.05,31,9,36.5,5,EASIER
9,82.43,19.79,11,2,100.0,3,HARDER
16,92.95,24.89,19,1,92.18,5,HARDER
12,75.45,49.67,19,4,68.97,4,EASIER
9,89.52,15.04,10,1,89.85,3,HARDER
12,99.29,17.33,14,0,99.57,4,HARDER
4,100.0,8.38,4,0,100.0,1,HARDER
16,85.18,45.25,21,3,60.14,5,SAME
6,86.32,17.13,7,1,100.0,2,HARDER
9,76.12,41.41,13,3,70.26,3,HARDER
4,67.68,16.76,9,2,85.03,1,SAME
4,79.91,13.45,5,1,94.73,1,HARDER
4,80.2,13.97,7,1,100.0,1,HARDER
9,89.27,23.33,11,1,93.15,3,HARDER
4,99.22,13.63,4,0,91.3,1,HARDER
16,80.01,33.46,21,4,72.71,5,HARDER
4,99.06,11.38,4,0,100.0,1,HARDER
12,73.95,40.31,18,4,64.74,4,EASIER
16,81.21,32.12,20,4,90.06,5,SAME
16,81.52,42.2,24,4,63.58,5,HARDER
4,99.78,8.72,4,0,90.64,1,HARDER
6,65.09,19.38,9,3,75.05,2,SAME
4,80.04,9.21,6,1,89.24,1,HARDER
12,69.95,52.27,21,6,55.99,4,EASIER
9,90.73,16.06,12,1,99.34,3,HARDER
4,100.0,21.85,4,0,100.0,1,HARDER
9,90.05,15.64,10,1,82.8,3,HARDER
12,79.24,22.26,19,3,78.22,4,HARDER
9,73.62,31.15,14,3,74.39,3,SAME
4,80.5,13.46,6,1,93.16,1,HARDER
9,69.21,25.14,16,4,56.81,3,SAME
16,75.48,45.75,21,5,69.1,5,SAME
6,100.0,15.53,6,0,100.0,2,HARDER
9,89.61,17.63,11,1,96.32,3,HARDER
9,90.19,20.32,13,1,98.98,3,HARDER
9,73.21,19.84,14,3,73.16,3,HARDER
12,77.77,23.55,19,3,66.63,4,SAME
16,88.21,28.62,19,2,79.82,5,HARDER
16,72.84,30.17,29,6,55.15,5,EASIER
12,87.92,19.83,15,2,92.36,4,HARDER
6,75.73,24.62,8,2,80.4,2,HARDER
12,86.48,22.84,15,2,85.44,4,HARDER
16,67.78,29.13,35,7,23.84,5,EASIER
6,84.83,11.71,7,1,97.43,2,HARDER
16,68.74,33.42,27,7,38.85,5,EASIER
16,74.1,30.62,32,6,32.83,5,EASIER
16,79.5,32.75,24,4,64.5,5,SAME
6,86.01,14.06,7,1,98.31,2,HARDER
9,69.9,22.79,16,4,73.12,3,SAME
12,75.24,28.38,16,4,69.77,4,SAME
16,78.79,24.4,24,4,79.05,5,SAME
6,84.9,19.62,7,1,94.83,2,HARDER
12,66.3,46.39,24,6,42.72,4,EASIER
16,87.84,49.77,24,2,69.33,5,HARDER
16,70.37,30.3,29,7,47.86,5,EASIER
6,98.55,9.12,6,0,93.45,2,HARDER
16,78.3,29.63,24,4,74.27,5,SAME
4,79.97,13.91,7,1,95.13,1,HARDER
12,94.01,24.41,15,1,100.0,4,HARDER
4,100.0,10.97,4,0,97.66,1,HARDER
16,93.93,42.74,18,1,94.36,5,HARDER
6,99.55,15.75,6,0,100.0,2,HARDER
12,80.61,29.81,18,3,59.65,4,SAME
16,80.81,27.65,24,4,66.71,5,HARDER
6,72.95,15.64,8,2,84.73,2,SAME
6,99.92,14.22,6,0,97.94,2,HARDER
16,84.24,37.02,22,3,80.52,5,SAME
16,69.23,34.92,24,7,44.56,5,EASIER
16,80.47,60.63,25,4,59.29,5,EASIER
12,80.77,24.71,19,3,67.61,4,HARDER
9,73.87,14.27,16,3,82.95,3,HARDER
12,85.98,13.22,15,2,100.0,4,HARDER
12,92.99,27.85,14,1,93.55,4,HARDER
6,100.0,22.16,6,0,100.0,2,HARDER
9,83.39,26.43,13,2,76.62,3,SAME
12,79.42,35.24,19,3,73.58,4,HARDER
16,73.05,32.31,25,6,43.33,5,EASIER
16,75.95,40.56,28,5,60.62,5,EASIER
6,86.0,13.13,7,1,99.42,2,HARDER
4,98.74,9.61,4,0,100.0,1,HARDER
6,85.0,11.06,7,1,97.22,2,HARDER
9,100.0,19.75,9,0,100.0,3,HARDER
12,91.65,18.78,13,1,98.31,4,HARDER
12,75.44,34.79,16,4,75.5,4,SAME
12,79.45,35.26,17,3,73.82,4,SAME
4,98.89,14.47,4,0,100.0,1,HARDER
4,81.39,14.29,6,1,92.59,1,HARDER
9,82.5,17.74,12,2,82.51,3,HARDER
12,85.62,27.73,16,2,85.76,4,HARDER
4,99.8,13.37,4,0,98.49,1,HARDER
16,64.44,77.52,29,9,33.0,5,EASIER
16,70.61,23.66,27,6,49.1,5,EASIER
9,81.71,25.43,15,2,81.11,3,SAME
4,65.86,17.76,8,2,80.03,1,EASIER
6,98.36,8.17,6,0,94.71,2,HARDER
4,65.89,20.55,7,2,86.2,1,EASIER
16,69.55,27.12,28,7,42.98,5,EASIER
6,86.36,24.16,8,1,100.0,2,HARDER
9,76.2,20.13,17,3,69.97,3,SAME
4,80.63,18.11,6,1,90.09,1,HARDER
4,100.0,12.04,4,0,100.0,1,HARDER
4,79.4,18.22,7,1,95.05,1,HARDER
6,100.0,9.6,6,0,100.0,2,HARDER
4,99.13,9.76,4,0,91.81,1,HARDER
9,64.96,28.92,17,5,55.01,3,EASIER
4,66.48,13.0,6,2,78.57,1,SAME
6,66.41,14.11,10,3,66.93,2,SAME
9,75.75,28.68,15,3,78.39,3,EASIER
4,80.0,26.64,5,1,98.6,1,SAME
9,81.31,17.15,14,2,82.28,3,HARDER
6,84.52,16.41,9,1,85.05,2,HARDER
6,85.89,13.05,7,1,92.44,2,HARDER
16,85.19,56.17,24,3,60.97,5,SAME
6,85.13,18.66,7,1,100.0,2,HARDER
12,69.19,29.23,18,5,56.24,4,EASIER
12,79.96,44.24,17,3,76.5,4,SAME
6,59.62,26.97,12,4,61.48,2,EASIER
12,80.81,12.36,19,3,67.38,4,SAME
16,70.57,28.23,27,7,41.59,5,EASIER
6,74.57,16.22,10,2,80.33,2,SAME
16,74.52,22.12,28,5,49.59,5,EASIER
12,91.86,24.44,15,1,85.18,4,HARDER
16,70.57,48.3,23,6,58.88,5,EASIER
4,100.0,10.6,4,0,96.55,1,HARDER
9,69.09,31.08,17,4,67.33,3,SAME
4,96.54,7.96,4,0,92.13,1,HARDER
4,100.0,12.19,4,0,100.0,1,HARDER
9,90.41,10.97,12,1,99.5,3,HARDER
6,100.0,13.89,6,0,100.0,2,HARDER
16,75.95,32.58,25,5,70.61,5,SAME
12,75.7,26.73,19,4,79.9,4,SAME
16,72.92,45.88,24,6,40.0,5,EASIER
12,100.0,17.17,12,0,100.0,4,HARDER
12,84.38,21.54,16,2,76.24,4,HARDER
16,71.96,27.5,28,6,31.32,5,EASIER
12,79.34,29.72,18,3,64.9,4,SAME
6,100.0,15.58,6,0,93.29,2,HARDER
9,74.85,15.26,13,3,69.68,3,HARDER
6,84.47,11.49,8,1,89.39,2,HARDER
9,90.9,13.72,11,1,95.79,3,HARDER
16,87.77,31.03,20,2,81.88,5,HARDER
12,65.73,49.06,25,6,45.01,4,EASIER
12,100.0,18.7,12,0,100.0,4,HARDER
4,97.76,17.32,4,0,94.22,1,HARDER
9,70.27,24.79,14,4,58.83,3,EASIER
12,92.98,29.66,15,1,90.74,4,HARDER
4,100.0,11.95,4,0,100.0,1,HARDER
12,86.34,14.45,15,2,73.9,4,HARDER
4,98.46,15.45,4,0,100.0,1,HARDER
9,69.86,32.54,19,4,67.94,3,EASIER
6,84.74,21.96,11,1,84.15,2,HARDER
16,94.17,32.4,17,1,92.81,5,HARDER
12,70.49,30.62,19,5,50.11,4,EASIER
16,93.68,28.39,19,1,87.79,5,HARDER
16,77.55,45.72,28,5,54.16,5,EASIER
16,88.01,28.6,18,2,85.85,5,HARDER
4,80.88,14.15,6,1,83.59,1,HARDER
6,100.0,19.81,7,0,100.0,2,HARDER
16,75.45,49.66,26,5,50.13,5,EASIER
9,90.49,17.86,10,1,91.79,3,HARDER
9,90.41,19.13,14,1,76.42,3,HARDER
9,82.71,21.5,13,2,67.91,3,HARDER
12,79.42,17.82,18,3,61.41,4,SAME
4,100.0,13.35,4,0,100.0,1,HARDER
12,93.41,18.3,13,1,93.54,4,HARDER
4,97.96,13.66,4,0,100.0,1,HARDER
12,93.21,19.39,13,1,96.87,4,HARDER
16,79.22,31.98,23,4,65.71,5,SAME
12,70.69,42.69,22,5,54.66,4,EASIER
12,81.5,33.09,17,3,79.8,4,SAME
6,75.59,12.08,8,2,84.01,2,HARDER
4,99.78,16.72,5,0,90.86,1,HARDER
4,98.95,16.99,4,0,100.0,1,HARDER
6,99.22,15.11,6,0,100.0,2,HARDER
16,71.61,24.18,25,7,40.71,5,EASIER
12,80.65,20.64,19,3,73.19,4,SAME
6,86.66,14.64,8,1,79.49,2,HARDER
16,84.32,22.09,20,3,83.76,5,HARDER
4,79.59,20.2,5,1,100.0,1,HARDER
9,76.27,20.21,13,3,70.41,3,HARDER
6,100.0,13.05,6,0,98.72,2,HARDER
6,87.29,12.21,10,1,100.0,2,HARDER
12,73.79,31.14,19,4,61.2,4,EASIER
12,85.05,19.34,16,2,80.18,4,HARDER
16,60.48,51.9,32,10,0.0,5,EASIER
6,73.68,20.65,11,2,83.51,2,HARDER
6,99.94,10.35,7,0,85.32,2,HARDER
16,73.96,42.03,25,6,54.12,5,EASIER
9,68.82,19.13,14,4,62.73,3,EASIER
16,86.83,31.13,22,3,77.49,5,HARDER
16,80.39,22.07,22,4,61.45,5,EASIER
12,80.55,42.1,17,3,82.66,4,SAME
12,75.48,32.34,22,4,56.8,4,SAME
12,92.78,24.19,13,1,93.24,4,SAME
4,99.52,11.84,5,0,94.69,1,HARDER
9,76.38,21.47,15,3,61.94,3,EASIER
6,84.86,10.31,7,1,95.46,2,HARDER
9,75.32,23.34,14,3,69.11,3,EASIER
16,79.67,58.64,23,4,69.69,5,EASIER
16,65.62,55.66,28,8,44.81,5,EASIER
6,99.28,16.47,6,0,88.24,2,HARDER
16,76.61,39.27,23,5,63.78,5,EASIER
12,69.79,33.58,21,5,55.57,4,EASIER
6,99.27,15.99,6,0,100.0,2,HARDER
16,89.09,36.63,20,2,86.27,5,HARDER
12,89.4,23.41,13,1,97.74,4,HARDER
4,80.47,15.25,6,1,76.8,1,HARDER
4,99.59,14.36,4,0,100.0,1,HARDER
6,85.54,15.52,7,1,89.75,2,HARDER
4,80.44,11.24,6,1,95.87,1,HARDER
6,74.78,21.13,12,2,69.08,2,EASIER
16,70.7,37.38,28,7,54.74,5,EASIER
9,82.22,21.68,13,2,85.53,3,HARDER
4,67.06,18.64,7,2,82.89,1,SAME
16,78.11,37.16,26,5,48.71,5,EASIER
4,99.63,8.97,4,0,93.85,1,HARDER
12,72.42,33.64,18,5,60.32,4,EASIER
9,100.0,18.53,9,0,100.0,3,HARDER
9,69.06,37.97,17,4,66.98,3,EASIER
9,81.81,20.7,13,2,79.1,3,SAME
4,97.48,12.39,4,0,100.0,1,HARDER
6,86.86,12.96,8,1,81.87,2,HARDER
4,78.99,9.23,7,1,81.86,1,SAME
16,83.07,28.53,20,3,86.65,5,HARDER
6,86.98,18.65,8,1,86.16,2,HARDER
16,67.29,60.9,30,8,38.22,5,EASIER
9,90.37,12.81,12,1,89.62,3,HARDER
9,73.26,25.39,15,3,93.9,3,SAME
4,58.92,20.66,7,3,66.07,1,EASIER
9,80.84,24.82,13,2,91.68,3,HARDER
16,80.34,29.61,29,4,62.12,5,HARDER
16,89.35,27.04,18,2,90.01,5,HARDER
12,86.15,22.0,15,2,83.8,4,HARDER
12,75.66,30.99,19,4,60.43,4,SAME
16,79.54,19.0,21,4,66.57,5,SAME
6,60.22,18.14,14,4,65.82,2,EASIER
16,73.02,41.52,26,6,54.2,5,EASIER
4,80.35,5.52,5,1,99.76,1,HARDER
9,75.41,24.69,14,3,87.0,3,SAME
9,83.15,28.79,13,2,82.64,3,HARDER
12,69.77,23.87,21,5,53.29,4,SAME
4,80.5,20.57,6,1,94.97,1,SAME
6,98.34,15.23,6,0,82.1,2,HARDER
6,100.0,11.55,7,0,100.0,2,HARDER
4,100.0,12.67,4,0,100.0,1,HARDER
6,74.67,11.74,11,2,88.8,2,HARDER
6,85.45,11.2,8,1,96.55,2,HARDER
16,88.89,22.23,20,2,82.61,5,HARDER
9,83.77,27.04,12,2,76.64,3,HARDER
16,80.85,31.6,23,4,60.18,5,SAME
12,69.02,28.73,22,5,58.19,4,EASIER
4,79.69,11.43,5,1,100.0,1,SAME
16,69.87,36.76,29,7,43.95,5,EASIER
12,100.0,24.2,12,0,100.0,4,HARDER
4,81.02,15.37,6,1,99.62,1,HARDER
9,90.31,16.28,11,1,96.49,3,HARDER
16,80.94,23.94,22,4,72.43,5,HARDER
9,90.36,16.01,13,1,83.19,3,HARDER
6,85.43,18.81,9,1,89.93,2,HARDER
6,85.6,18.11,8,1,71.8,2,EASIER
12,90.7,30.92,14,1,77.66,4,HARDER
16,60.68,36.38,31,10,6.81,5,EASIER
4,100.0,15.18,4,0,100.0,1,HARDER
12,99.86,15.34,14,0,100.0,4,HARDER
6,98.49,12.43,8,0,94.56,2,HARDER
6,99.61,11.34,6,0,84.4,2,HARDER
4,67.73,20.51,6,2,86.68,1,EASIER
12,86.25,15.59,17,2,72.06,4,HARDER
16,80.18,45.59,22,4,62.27,5,EASIER
9,99.32,12.11,9,0,100.0,3,HARDER
16,69.35,28.54,27,7,49.94,5,EASIER
12,85.35,25.89,15,2,73.53,4,HARDER
12,79.19,34.27,17,3,91.23,4,HARDER
9,81.69,11.28,12,2,67.43,3,HARDER
9,88.63,10.63,10,1,100.0,3,HARDER
12,72.36,26.66,20,4,65.48,4,SAME
9,89.92,9.43,10,1,93.41,3,HARDER
4,100.0,14.46,4,0,96.65,1,HARDER
9,99.99,29.64,9,0,100.0,3,HARDER
12,87.4,11.25,16,2,88.15,4,HARDER
12,70.99,33.93,19,5,41.03,4,EASIER
16,58.9,56.75,33,11,8.49,5,EASIER
4,100.0,7.17,4,0,96.46,1,HARDER
12,85.83,27.27,17,2,77.22,4,SAME
16,72.16,38.16,25,6,66.31,5,EASIER
16,83.97,34.81,22,3,87.18,5,SAME
9,89.27,13.18,12,1,86.64,3,SAME
9,90.08,19.19,13,1,91.8,3,HARDER
6,100.0,12.26,7,0,100.0,2,HARDER
6,99.33,14.08,6,0,100.0,2,HARDER
16,75.12,35.24,26,5,53.45,5,EASIER
16,75.84,59.69,28,5,53.21,5,EASIER
12,100.0,13.73,12,0,95.11,4,HARDER
6,86.57,13.26,7,1,98.56,2,HARDER
4,79.77,13.98,6,1,90.03,1,HARDER
4,99.41,6.69,5,0,92.71,1,HARDER
9,80.58,20.94,12,2,75.21,3,SAME
9,81.3,17.3,15,2,79.86,3,HARDER
16,89.4,22.8,19,2,86.41,5,HARDER
4,99.38,8.32,4,0,95.65,1,HARDER
16,73.87,25.45,22,5,57.45,5,SAME
6,76.37,34.51,9,2,74.64,2,EASIER
16,73.46,41.67,31,6,39.5,5,EASIER
9,89.7,22.56,10,1,100.0,3,HARDER
12,71.13,29.15,19,5,55.09,4,EASIER
12,91.14,20.35,14,1,99.47,4,HARDER
16,76.13,54.99,23,5,66.87,5,HARDER
12,85.82,23.76,15,2,77.57,4,HARDER
16,73.22,31.55,24,6,40.17,5,EASIER
12,79.34,27.96,16,3,64.44,4,SAME
4,100.0,15.09,4,0,100.0,1,EASIER
4,78.27,17.31,5,1,97.85,1,SAME
16,77.39,44.0,25,5,54.0,5,HARDER
12,91.61,29.84,15,1,81.34,4,HARDER
12,80.17,31.36,16,3,71.62,4,HARDER
16,85.01,30.96,21,3,74.85,5,HARDER
6,100.0,11.33,7,0,91.08,2,HARDER
16,73.83,32.37,27,6,57.12,5,EASIER
4,100.0,4.91,4,0,100.0,1,HARDER
4,98.6,11.23,5,0,100.0,1,HARDER
4,99.59,9.28,4,0,99.99,1,HARDER
16,84.25,34.91,21,3,61.61,5,HARDER
6,65.81,22.82,11,3,72.5,2,EASIER
16,93.4,29.37,18,1,98.37,5,HARDER
6,99.0,15.03,6,0,97.01,2,HARDER
4,99.42,15.95,4,0,97.82,1,HARDER
6,65.09,15.74,10,3,87.83,2,EASIER
12,79.49,23.14,16,3,88.49,4,HARDER
9,99.38,16.03,9,0,100.0,3,HARDER
9,81.26,14.26,11,2,77.72,3,HARDER
12,100.0,36.82,13,0,100.0,4,HARDER
4,99.1,11.93,4,0,94.93,1,HARDER
16,72.56,35.81,22,6,61.79,5,EASIER
4,100.0,10.89,4,0,100.0,1,HARDER
4,80.16,11.46,5,1,93.96,1,HARDER
12,79.2,28.25,16,3,83.42,4,HARDER
12,85.88,30.93,17,2,94.04,4,HARDER
6,74.32,19.48,11,2,79.85,2,SAME
16,79.59,29.43,22,4,71.16,5,SAME
16,77.96,23.07,24,4,56.44,5,SAME
12,79.56,39.44,18,3,87.4,4,SAME
4,98.7,10.4,4,0,96.29,1,SAME
6,85.82,24.05,7,1,97.79,2,HARDER
12,80.25,26.55,18,3,92.36,4,SAME
4,78.75,17.37,5,1,91.33,1,HARDER
4,100.0,8.68,4,0,92.5,1,HARDER
16,78.95,17.87,23,4,69.12,5,HARDER
12,75.01,24.03,21,4,62.98,4,SAME
16,66.8,43.68,33,8,11.8,5,EASIER
9,90.48,15.02,12,1,97.95,3,HARDER
4,66.38,12.22,9,2,82.77,1,SAME
9,88.59,17.79,11,1,100.0,3,HARDER
6,99.4,9.99,6,0,88.81,2,HARDER
4,66.74,12.35,8,2,68.51,1,SAME
4,99.68,10.74,5,0,100.0,1,HARDER
16,88.11,27.02,20,2,92.64,5,HARDER
9,82.86,16.48,11,2,91.03,3,HARDER
9,70.1,22.64,14,4,92.16,3,SAME
16,83.27,31.91,21,3,84.07,5,SAME
4,80.81,18.49,5,1,82.41,1,HARDER
4,100.0,11.19,4,0,100.0,1,HARDER
9,81.81,12.01,13,2,81.42,3,HARDER
9,86.82,23.27,12,1,83.96,3,HARDER
9,82.89,15.38,11,2,88.45,3,HARDER
9,68.86,38.18,14,4,60.96,3,EASIER
9,98.0,28.06,9,0,99.34,3,HARDER
9,76.16,26.27,14,3,66.95,3,SAME
16,90.7,30.6,22,2,83.77,5,HARDER
9,81.83,21.71,12,2,80.49,3,HARDER
4,100.0,7.92,4,0,100.0,1,HARDER
12,80.23,20.33,17,3,90.52,4,HARDER
4,80.69,18.64,8,1,90.05,1,HARDER
6,64.79,19.31,10,3,83.66,2,SAME
6,66.09,18.0,12,3,78.82,2,SAME
4,79.29,8.6,5,1,88.35,1,HARDER
4,100.0,6.98,4,0,100.0,1,HARDER
4,100.0,11.95,4,0,98.11,1,HARDER
9,82.18,21.11,12,2,84.74,3,HARDER
4,100.0,13.47,4,0,89.57,1,HARDER
16,71.67,33.45,24,6,53.94,5,EASIER
9,99.51,18.62,9,0,86.03,3,HARDER
4,98.32,8.18,4,0,100.0,1,HARDER
9,79.55,25.52,12,2,88.27,3,HARDER
6,66.62,22.02,12,3,62.83,2,EASIER
9,82.94,27.21,12,2,80.08,3,SAME
4,80.15,8.38,6,1,89.99,1,HARDER
16,79.91,19.76,28,4,69.49,5,SAME
4,81.23,14.99,6,1,76.24,1,HARDER
4,98.81,13.82,4,0,100.0,1,HARDER
4,100.0,10.27,4,0,100.0,1,HARDER
9,74.77,21.36,15,3,78.55,3,SAME
12,79.7,28.98,18,3,58.39,4,SAME
12,80.31,44.29,16,3,81.87,4,HARDER
9,73.1,32.83,13,3,73.71,3,EASIER
12,84.31,18.3,14,2,89.97,4,HARDER
6,75.39,15.22,11,2,99.44,2,SAME
6,76.21,26.64,8,2,86.58,2,HARDER
16,71.63,45.78,23,6,43.92,5,EASIER
16,79.85,41.03,22,4,65.62,5,SAME
4,98.81,12.13,4,0,100.0,1,HARDER
9,81.16,16.66,11,2,98.74,3,HARDER
4,79.3,11.91,6,1,80.5,1,HARDER
16,74.68,42.86,24,5,61.37,5,EASIER
9,74.64,45.65,15,3,59.11,3,EASIER
12,88.42,25.3,16,2,73.39,4,HARDER
6,84.48,12.73,7,1,84.35,2,HARDER
6,75.42,16.75,10,2,79.2,2,SAME
4,79.1,13.32,5,1,80.73,1,HARDER
16,80.15,31.61,22,4,70.77,5,SAME
9,65.37,36.32,17,5,57.11,3,EASIER
9,69.65,18.21,16,4,67.81,3,EASIER
12,79.57,26.7,18,3,80.14,4,SAME
12,75.21,18.63,17,4,76.46,4,SAME
16,87.33,21.7,19,2,87.32,5,HARDER
4,100.0,8.46,4,0,91.05,1,HARDER
16,76.08,33.2,25,5,65.43,5,EASIER
16,67.17,30.87,30,8,39.5,5,EASIER
16,76.97,43.64,27,5,54.71,5,EASIER
4,99.26,12.33,4,0,98.99,1,HARDER
4,78.93,13.11,6,1,79.0,1,HARDER
4,99.57,10.85,4,0,100.0,1,HARDER
4,100.0,10.97,4,0,94.64,1,HARDER
9,89.1,20.79,10,1,86.18,3,HARDER
9,91.03,16.61,11,1,100.0,3,HARDER
9,75.69,25.47,12,3,66.3,3,SAME
9,83.1,30.93,12,2,98.27,3,SAME
16,80.87,31.96,26,4,68.83,5,SAME
16,80.32,36.37,26,4,59.4,5,EASIER
16,89.12,25.98,23,2,72.83,5,HARDER
9,82.51,22.09,11,2,93.17,3,HARDER
4,99.72,5.92,4,0,100.0,1,HARDER
16,84.66,26.71,25,3,49.22,5,SAME
16,83.81,23.45,22,3,69.35,5,HARDER
4,100.0,7.53,5,0,90.21,1,HARDER
16,72.16,54.48,32,6,36.91,5,EASIER
12,79.13,22.87,17,3,70.07,4,SAME
12,85.67,24.61,15,2,86.0,4,HARDER
16,76.85,24.86,23,5,54.7,5,SAME
4,65.5,9.19,6,2,90.84,1,SAME
4,67.13,18.85,8,2,77.19,1,SAME
9,82.52,28.83,11,2,87.55,3,HARDER
6,84.42,16.92,8,1,87.92,2,HARDER
4,100.0,12.65,4,0,100.0,1,HARDER
6,100.0,14.27,6,0,100.0,2,HARDER
16,75.03,34.27,21,5,66.1,5,EASIER
12,91.88,13.21,14,1,97.9,4,HARDER
16,76.23,34.09,22,5,55.67,5,EASIER
12,85.55,29.31,18,2,65.02,4,SAME
12,70.4,38.75,19,5,62.9,4,EASIER
4,98.63,10.37,4,0,88.36,1,HARDER
12,71.13,34.47,24,5,56.17,4,EASIER
6,99.89,18.82,6,0,96.89,2,SAME
6,83.89,14.0,8,1,93.65,2,HARDER
16,78.41,32.47,23,4,65.3,5,SAME
16,83.24,28.71,23,4,68.58,5,HARDER
16,67.95,46.74,33,8,21.2,5,EASIER
6,100.0,14.0,6,0,94.71,2,HARDER
16,62.05,44.53,31,10,17.14,5,EASIER
16,94.53,37.8,18,1,86.7,5,HARDER
6,86.33,16.81,7,1,90.64,2,HARDER
4,100.0,15.31,4,0,88.27,1,HARDER
12,85.22,13.92,16,2,81.31,4,HARDER
16,62.84,56.42,29,9,27.06,5,EASIER
9,82.37,18.94,18,2,77.24,3,HARDER
4,99.88,13.03,4,0,92.12,1,HARDER
9,100.0,18.4,9,0,91.34,3,HARDER
12,75.17,41.67,17,4,62.06,4,SAME
4,99.75,9.58,5,0,100.0,1,HARDER
4,100.0,12.41,6,0,100.0,1,HARDER
9,82.59,22.61,13,2,89.07,3,HARDER
16,67.28,48.83,31,8,17.94,5,EASIER
9,80.51,14.46,12,2,83.01,3,HARDER
16,80.33,32.34,22,4,62.95,5,SAME
6,74.04,12.98,8,2,91.67,2,HARDER
9,89.86,22.22,11,1,83.68,3,HARDER
4,81.45,21.32,6,1,98.46,1,HARDER
6,85.4,13.61,9,1,82.54,2,HARDER
12,75.41,28.82,18,4,69.62,4,SAME
6,87.39,19.85,9,1,99.11,2,HARDER
6,84.68,16.82,8,1,89.76,2,HARDER
16,85.48,21.22,23,3,73.91,5,HARDER
16,76.64,39.45,32,5,49.26,5,EASIER
12,70.55,30.29,19,5,53.82,4,EASIER
4,100.0,10.72,4,0,100.0,1,HARDER
9,99.88,8.29,9,0,100.0,3,HARDER
9,82.68,13.36,12,2,86.6,3,HARDER
6,75.53,16.66,11,2,75.53,2,HARDER
12,75.79,24.97,18,4,71.54,4,EASIER
9,64.35,33.96,19,5,62.54,3,EASIER
16,66.69,56.34,29,8,29.15,5,EASIER
12,85.71,18.89,16,2,77.14,4,SAME
9,99.84,17.33,11,0,100.0,3,EASIER
16,91.19,17.54,20,2,77.95,5,HARDER
16,88.83,51.39,23,2,77.13,5,HARDER
6,100.0,17.33,6,0,99.18,2,HARDER
4,79.2,20.8,7,1,84.35,1,HARDER
9,100.0,19.72,9,0,100.0,3,HARDER
12,87.39,53.43,15,2,87.03,4,HARDER
6,85.15,20.31,8,1,89.5,2,HARDER
9,87.66,16.33,11,1,88.44,3,HARDER
12,79.57,32.38,19,3,67.45,4,EASIER
12,91.93,26.84,14,1,85.15,4,HARDER
6,98.96,20.13,6,0,100.0,2,HARDER
16,82.54,28.83,20,3,89.63,5,HARDER
12,76.11,20.73,20,4,71.55,4,EASIER
9,74.16,21.64,13,3,92.37,3,SAME
16,83.12,23.44,23,3,68.92,5,HARDER
6,100.0,12.7,6,0,100.0,2,HARDER
4,80.88,10.59,6,1,100.0,1,HARDER
4,100.0,7.83,4,0,99.91,1,HARDER
6,98.73,17.67,6,0,100.0,2,HARDER
9,98.85,15.48,9,0,99.72,3,HARDER
12,59.91,40.74,22,8,35.72,4,EASIER
16,63.36,34.23,32,9,16.09,5,EASIER
4,99.52,16.73,4,0,93.54,1,HARDER
6,84.51,15.04,8,1,89.56,2,HARDER
4,100.0,9.53,4,0,100.0,1,HARDER
6,85.27,19.1,9,1,87.98,2,HARDER
9,98.76,9.79,10,0,85.03,3,HARDER
4,99.64,10.1,4,0,99.44,1,HARDER
9,80.23,23.73,14,2,84.95,3,HARDER
4,99.09,10.92,4,0,100.0,1,HARDER
16,68.47,26.52,28,7,44.44,5,EASIER
9,89.41,22.01,12,1,95.94,3,HARDER
4,100.0,11.58,4,0,100.0,1,HARDER
16,88.47,34.19,21,2,74.61,5,HARDER
6,98.77,10.46,6,0,100.0,2,HARDER
12,91.59,16.22,15,1,94.85,4,HARDER
12,73.31,39.15,18,4,67.06,4,EASIER
4,100.0,12.48,4,0,76.79,1,HARDER
16,80.37,29.64,26,4,58.42,5,SAME
6,99.9,10.72,6,0,91.03,2,HARDER
6,99.9,9.92,6,0,98.72,2,HARDER
9,100.0,18.5,9,0,100.0,3,HARDER
12,79.47,38.01,16,3,74.76,4,SAME
16,80.46,22.65,21,4,59.84,5,SAME
4,80.7,15.96,5,1,100.0,1,HARDER
16,83.56,29.86,22,3,85.31,5,SAME
9,68.95,23.57,17,4,64.39,3,EASIER
9,100.0,9.41,10,0,94.12,3,HARDER
6,66.41,17.84,9,3,79.89,2,SAME
16,89.04,15.8,21,2,74.19,5,HARDER
9,100.0,18.77,11,0,100.0,3,HARDER
6,100.0,15.7,6,0,100.0,2,HARDER
4,99.35,10.04,4,0,91.88,1,HARDER
6,75.39,19.8,10,2,79.64,2,HARDER
9,97.73,22.07,10,0,95.06,3,HARDER
16,80.62,27.77,24,4,80.83,5,EASIER
6,100.0,12.69,8,0,100.0,2,HARDER
12,100.0,25.75,12,0,98.14,4,HARDER
6,75.49,18.09,9,2,74.87,2,SAME
16,83.76,25.4,19,3,83.01,5,HARDER
9,88.69,20.12,11,1,95.82,3,HARDER
16,91.04,30.41,18,2,82.4,5,HARDER
4,79.87,10.9,7,1,86.41,1,HARDER
4,78.89,8.96,6,1,85.78,1,HARDER
6,74.8,18.42,13,2,72.76,2,SAME
12,80.73,21.98,16,3,72.96,4,HARDER
9,75.5,16.64,13,3,86.69,3,HARDER
6,75.62,12.11,8,2,70.93,2,HARDER
12,85.02,26.77,15,2,81.36,4,HARDER
4,99.47,7.05,4,0,98.05,1,HARDER
6,99.55,17.21,6,0,100.0,2,HARDER
16,87.65,24.13,20,2,89.64,5,HARDER
9,68.65,23.97,17,4,53.1,3,EASIER
12,100.0,12.22,13,0,89.36,4,HARDER
4,100.0,11.24,4,0,100.0,1,HARDER
9,74.84,16.14,12,3,77.73,3,HARDER
16,66.14,49.42,31,8,34.49,5,EASIER
4,97.32,10.19,4,0,100.0,1,HARDER
4,80.76,12.18,5,1,90.58,1,HARDER
9,74.87,21.27,14,3,79.3,3,HARDER
12,92.67,47.11,15,1,97.73,4,HARDER
16,89.63,37.14,19,2,81.97,5,HARDER
12,85.62,15.48,16,2,92.17,4,HARDER
16,62.68,66.64,30,9,24.65,5,EASIER
9,90.78,26.54,11,1,85.25,3,HARDER
4,82.16,13.48,5,1,91.38,1,HARDER
6,100.0,15.38,6,0,100.0,2,EASIER
12,80.74,27.52,18,3,70.61,4,SAME
16,68.82,39.59,31,7,32.68,5,EASIER
16,78.65,19.2,22,4,62.83,5,SAME
9,68.34,18.69,15,4,66.12,3,EASIER
12,74.4,46.36,18,4,59.48,4,EASIER
12,71.05,31.25,22,5,52.45,4,EASIER
9,80.93,25.6,12,2,92.03,3,HARDER
6,100.0,14.5,6,0,93.22,2,HARDER
4,99.55,6.68,4,0,98.35,1,HARDER
6,99.14,9.15,7,0,96.81,2,HARDER
4,65.79,21.82,6,2,76.47,1,EASIER
16,75.69,41.1,26,5,46.62,5,EASIER
12,83.96,26.21,16,2,84.01,4,HARDER
16,82.87,33.65,25,3,74.01,5,SAME
16,85.5,19.51,20,3,66.15,5,HARDER
12,91.94,11.71,13,1,93.86,4,HARDER
4,79.94,8.75,6,1,92.07,1,HARDER
6,100.0,10.08,6,0,100.0,2,HARDER
6,85.23,12.86,7,1,91.35,2,HARDER
4,80.43,14.35,6,1,96.73,1,HARDER
12,67.1,19.72,20,6,45.19,4,EASIER
12,84.95,25.29,16,2,76.62,4,HARDER
12,85.68,17.59,15,2,87.55,4,HARDER
16,74.45,26.31,22,5,62.8,5,SAME
16,85.37,24.66,21,3,58.17,5,SAME
9,88.36,18.46,11,1,97.03,3,HARDER
4,80.22,14.46,7,1,95.99,1,HARDER
6,100.0,11.62,7,0,95.29,2,HARDER
6,100.0,18.1,6,0,89.41,2,HARDER
9,89.16,19.67,12,1,90.42,3,HARDER
9,81.77,16.93,11,2,94.68,3,HARDER
6,100.0,11.26,7,0,100.0,2,HARDER
9,100.0,19.1,9,0,100.0,3,HARDER
9,75.62,19.42,12,3,85.34,3,SAME
6,75.33,25.49,8,2,85.61,2,SAME
12,66.03,22.21,22,6,41.16,4,EASIER
4,80.23,14.2,6,1,95.09,1,HARDER
16,73.68,42.77,28,6,38.6,5,EASIER
6,99.25,11.15,6,0,97.09,2,EASIER
9,76.74,18.11,14,3,66.72,3,HARDER
12,80.73,16.21,18,3,78.22,4,HARDER
12,71.4,44.91,20,5,50.76,4,EASIER
4,98.91,10.61,4,0,100.0,1,HARDER
12,69.48,17.69,20,5,57.73,4,EASIER
16,76.84,37.81,25,5,44.84,5,EASIER
9,88.81,18.13,11,1,94.52,3,HARDER
9,100.0,12.28,11,0,96.71,3,HARDER
9,90.04,11.91,10,1,96.24,3,HARDER
16,94.64,26.26,20,1,85.4,5,HARDER
12,84.07,24.22,17,2,84.23,4,HARDER
9,100.0,27.62,9,0,93.05,3,HARDER
9,88.7,15.52,10,1,100.0,3,HARDER
9,80.94,28.78,14,2,91.86,3,HARDER
6,87.11,16.67,8,1,85.51,2,HARDER
6,74.77,19.61,10,2,71.2,2,SAME
4,99.72,10.52,4,0,98.6,1,HARDER
4,100.0,12.15,4,0,100.0,1,HARDER
12,91.7,18.31,14,1,95.2,4,HARDER
4,98.12,8.37,4,0,90.14,1,HARDER
12,84.58,22.33,14,2,87.41,4,HARDER
9,68.95,22.21,14,4,74.22,3,SAME
12,79.87,26.63,19,3,73.61,4,SAME
6,74.54,27.22,12,2,75.2,2,SAME
4,100.0,9.08,4,0,100.0,1,HARDER
16,69.6,48.75,31,7,16.73,5,EASIER
6,86.09,10.38,7,1,91.01,2,HARDER
4,67.33,17.04,8,2,82.47,1,SAME
16,82.2,31.4,22,4,55.29,5,SAME
12,85.8,22.1,15,2,80.65,4,HARDER
4,65.52,29.37,8,2,88.98,1,EASIER
12,81.39,30.98,19,3,60.87,4,HARDER
12,76.1,27.52,20,4,70.04,4,EASIER
12,92.28,28.93,13,1,100.0,4,HARDER
12,91.42,19.25,14,1,90.18,4,HARDER
12,87.48,30.45,14,2,85.39,4,HARDER
4,65.07,12.87,7,2,76.57,1,SAME
4,100.0,15.26,5,0,98.33,1,HARDER
12,86.28,18.68,16,2,93.29,4,HARDER
4,55.03,25.12,9,3,64.23,1,EASIER
9,90.47,12.41,10,1,98.46,3,HARDER
9,81.84,15.7,14,2,78.0,3,EASIER
4,100.0,11.35,4,0,100.0,1,HARDER
6,68.19,22.22,13,3,77.23,2,EASIER
12,71.65,28.54,16,4,69.26,4,SAME
9,82.55,16.24,12,2,86.45,3,HARDER
16,76.32,26.0,23,5,61.8,5,EASIER
9,81.53,17.65,15,2,87.15,3,HARDER
16,72.47,28.89,27,6,55.04,5,EASIER
12,79.43,20.77,17,3,68.51,4,SAME
6,100.0,10.22,7,0,100.0,2,HARDER
16,89.71,36.07,19,2,74.92,5,HARDER
6,85.66,13.62,8,1,100.0,2,HARDER
6,84.57,11.06,7,1,97.88,2,HARDER
12,75.41,43.67,19,4,56.86,4,EASIER
6,85.56,11.19,9,1,85.61,2,HARDER
16,80.9,31.27,20,4,63.27,5,SAME
6,100.0,10.75,6,0,90.73,2,HARDER
12,93.11,18.25,14,1,93.08,4,HARDER
12,79.93,27.1,17,3,76.48,4,HARDER
6,67.26,26.61,13,3,74.87,2,SAME
16,68.3,86.44,28,8,27.21,5,EASIER
6,100.0,16.48,6,0,99.87,2,HARDER
12,86.2,29.09,14,2,89.68,4,HARDER
6,86.0,14.56,7,1,96.51,2,HARDER
12,79.85,16.03,20,3,64.38,4,SAME
9,90.45,18.28,11,1,98.52,3,HARDER
16,71.79,26.34,32,6,41.04,5,EASIER
16,77.17,40.55,27,5,59.48,5,EASIER
4,78.4,10.7,5,1,93.62,1,HARDER
6,100.0,12.26,7,0,88.04,2,HARDER
9,81.91,25.79,14,2,74.18,3,SAME
6,100.0,16.18,6,0,100.0,2,HARDER
9,73.74,18.47,15,3,69.17,3,SAME
6,86.26,7.51,9,1,92.04,2,HARDER
9,63.21,22.33,15,5,62.87,3,EASIER
12,99.96,14.23,15,0,86.27,4,HARDER
16,93.6,18.43,18,1,84.21,5,HARDER
9,90.75,14.61,10,1,100.0,3,HARDER
6,98.95,12.5,6,0,92.18,2,HARDER
4,66.96,24.9,8,2,73.29,1,EASIER
12,70.85,27.55,19,5,58.9,4,SAME
6,68.28,17.21,12,3,74.37,2,SAME
4,100.0,13.06,4,0,90.06,1,HARDER
6,100.0,13.18,7,0,100.0,2,HARDER
4,80.15,13.41,5,1,94.21,1,HARDER
12,74.28,39.73,19,4,61.25,4,EASIER
4,99.9,13.59,5,0,88.92,1,HARDER
4,100.0,10.57,4,0,100.0,1,HARDER
12,74.68,25.2,23,4,65.05,4,SAME
16,70.47,48.78,26,7,62.77,5,EASIER
12,84.58,24.35,16,2,84.76,4,HARDER
4,100.0,13.97,5,0,98.34,1,HARDER
9,90.16,18.48,10,1,100.0,3,HARDER
9,90.54,27.29,10,1,86.48,3,HARDER
16,89.4,28.95,21,2,84.22,5,HARDER
6,100.0,12.43,6,0,100.0,2,HARDER
4,80.09,22.6,5,1,93.37,1,HARDER
6,73.61,12.66,8,2,78.74,2,SAME
6,74.29,22.12,10,2,79.61,2,SAME
16,87.7,21.68,22,2,72.51,5,HARDER
4,65.01,19.07,6,2,82.35,1,EASIER
4,81.38,22.1,6,1,70.83,1,HARDER
9,98.97,8.35,10,0,100.0,3,HARDER
12,79.73,25.24,16,3,82.88,4,HARDER
6,87.12,20.75,7,1,83.2,2,HARDER
4,98.85,17.91,4,0,98.49,1,HARDER
6,75.68,22.64,11,2,77.71,2,EASIER
6,98.89,11.65,6,0,96.66,2,SAME
16,83.94,43.06,21,3,68.42,5,SAME
4,100.0,14.37,4,0,91.64,1,HARDER
6,60.59,30.43,12,4,72.42,2,EASIER
12,100.0,21.69,12,0,100.0,4,HARDER
9,75.41,28.96,15,3,74.28,3,EASIER
12,75.2,31.49,21,4,64.72,4,EASIER
6,100.0,15.1,6,0,83.02,2,HARDER
9,74.75,14.08,12,3,85.25,3,EASIER
12,73.47,29.22,18,4,59.14,4,SAME
12,91.55,21.95,13,1,100.0,4,HARDER
4,100.0,8.99,4,0,98.81,1,HARDER
16,84.69,29.24,20,3,77.36,5,HARDER
6,99.49,12.53,6,0,100.0,2,HARDER
16,85.75,21.62,21,3,91.96,5,HARDER
6,86.02,18.73,7,1,100.0,2,HARDER
4,80.05,19.05,6,1,86.58,1,HARDER
6,86.89,12.04,7,1,100.0,2,HARDER
12,60.56,69.68,24,8,24.33,4,EASIER
12,100.0,14.05,12,0,100.0,4,HARDER
16,77.36,26.63,24,5,53.81,5,EASIER
12,76.67,24.62,19,4,66.06,4,EASIER
9,100.0,31.13,10,0,100.0,3,HARDER
6,85.97,13.06,7,1,89.44,2,HARDER
4,79.9,15.38,6,1,92.49,1,HARDER
9,82.03,26.24,14,2,77.74,3,HARDER
4,68.67,15.23,8,2,84.09,1,SAME
4,98.88,11.03,4,0,100.0,1,HARDER
16,89.3,49.18,19,2,88.73,5,HARDER
12,74.1,37.16,19,4,68.69,4,EASIER
16,74.24,35.45,22,5,52.25,5,EASIER
9,81.98,51.78,12,2,78.66,3,SAME
12,71.58,36.5,20,5,49.89,4,EASIER
6,86.56,16.97,7,1,100.0,2,HARDER
12,85.42,23.84,14,2,78.89,4,HARDER
12,79.0,19.21,15,3,73.86,4,SAME
6,86.92,16.06,7,1,88.99,2,HARDER
4,99.88,7.64,4,0,96.66,1,HARDER
4,99.68,11.52,4,0,100.0,1,HARDER
9,75.54,29.05,14,3,72.33,3,SAME
9,73.72,21.53,14,3,78.63,3,SAME
16,70.25,41.02,29,7,29.52,5,EASIER
12,77.71,37.45,18,4,61.64,4,SAME
16,81.09,36.96,24,3,50.45,5,HARDER
9,80.98,9.93,13,2,80.4,3,HARDER
16,63.2,29.96,31,10,10.5,5,EASIER
16,85.42,23.85,23,3,72.55,5,HARDER
12,100.0,20.07,13,0,100.0,4,HARDER
16,81.12,32.34,24,4,71.51,5,HARDER
4,80.3,16.1,5,1,92.14,1,HARDER
6,85.61,23.1,7,1,85.7,2,HARDER
12,74.34,29.99,17,4,81.95,4,SAME
12,81.45,19.25,18,3,75.24,4,HARDER
4,79.87,12.97,6,1,89.07,1,SAME
9,81.96,29.57,12,2,95.65,3,HARDER
16,94.71,26.04,18,1,90.16,5,HARDER
16,73.47,34.35,25,6,54.08,5,EASIER
4,67.5,10.19,6,2,82.53,1,EASIER
16,72.16,31.88,29,6,46.55,5,EASIER
6,100.0,16.7,7,0,100.0,2,HARDER
9,81.61,13.89,13,2,73.82,3,HARDER
9,90.39,21.11,12,1,79.18,3,HARDER
9,69.81,28.2,18,4,61.95,3,EASIER
16,89.47,43.84,20,2,85.83,5,HARDER
4,79.21,10.54,6,1,88.5,1,HARDER
16,73.32,23.03,28,5,49.84,5,EASIER
12,92.08,21.42,13,1,99.03,4,HARDER
16,77.25,31.13,23,5,59.68,5,SAME
6,85.07,16.16,9,1,94.27,2,HARDER
16,67.16,42.49,32,8,19.73,5,EASIER
9,83.43,15.31,14,2,86.65,3,HARDER
6,83.97,20.5,7,1,94.14,2,HARDER
12,62.81,47.05,23,7,35.34,4,EASIER
9,100.0,19.83,10,0,99.12,3,HARDER
12,79.63,26.27,17,3,70.82,4,SAME
16,76.74,22.2,28,5,56.82,5,EASIER
12,78.66,21.52,17,3,84.85,4,SAME
9,81.34,28.64,13,2,84.41,3,HARDER
4,100.0,17.68,6,0,84.25,1,HARDER
4,98.95,19.81,4,0,100.0,1,HARDER
16,75.75,33.94,25,5,46.74,5,EASIER
16,81.31,30.92,22,4,66.49,5,SAME
6,76.04,22.05,12,2,71.52,2,EASIER
16,76.98,28.49,24,5,69.08,5,EASIER
4,100.0,14.67,4,0,98.67,1,HARDER
16,84.12,27.56,19,3,81.15,5,SAME
9,89.16,35.32,13,1,79.15,3,HARDER
12,79.98,24.75,19,3,70.44,4,SAME
12,78.88,29.4,18,3,57.32,4,SAME
4,100.0,15.27,5,0,100.0,1,HARDER
9,88.2,21.5,10,1,91.64,3,HARDER
12,63.45,36.4,20,7,59.24,4,EASIER
12,84.34,17.61,19,2,79.89,4,HARDER
16,77.97,27.24,25,5,63.31,5,EASIER
12,94.09,28.13,13,1,87.48,4,HARDER
16,72.89,33.57,25,6,49.02,5,EASIER
16,78.23,29.22,26,4,58.85,5,EASIER
9,88.91,20.13,12,1,86.96,3,HARDER
12,87.11,30.7,16,2,87.54,4,HARDER
16,88.74,33.35,20,2,70.52,5,HARDER
16,93.43,21.62,17,1,89.65,5,HARDER
6,100.0,11.13,6,0,90.4,2,HARDER
16,78.22,31.87,23,4,76.37,5,HARDER
9,81.69,16.14,12,2,83.64,3,HARDER
16,83.98,22.07,21,3,79.77,5,HARDER
16,75.33,35.22,24,5,61.37,5,EASIER
9,79.84,39.02,11,2,75.67,3,HARDER
4,80.38,15.1,5,1,100.0,1,HARDER
16,69.13,33.46,24,7,48.62,5,EASIER
16,83.46,27.06,23,3,87.06,5,HARDER
9,100.0,16.8,10,0,99.69,3,HARDER
16,80.44,38.13,22,4,65.83,5,EASIER
12,85.78,29.7,16,2,72.44,4,HARDER
4,99.41,10.95,4,0,100.0,1,HARDER
4,80.37,12.05,5,1,83.53,1,HARDER
9,90.81,23.72,11,1,94.23,3,HARDER
9,89.58,18.78,13,1,98.05,3,HARDER
9,90.99,20.51,10,1,87.1,3,HARDER
16,74.42,44.18,24,5,58.34,5,EASIER
4,100.0,12.75,4,0,90.38,1,HARDER
12,80.42,15.08,19,3,77.0,4,SAME
12,75.9,35.23,20,4,63.48,4,EASIER
4,99.44,10.2,4,0,100.0,1,HARDER
12,74.18,42.13,21,4,65.86,4,EASIER
16,75.88,47.07,26,5,52.86,5,EASIER
4,80.91,14.17,5,1,100.0,1,HARDER
4,100.0,8.05,4,0,100.0,1,HARDER
6,85.63,29.72,10,1,100.0,2,HARDER
12,84.57,23.78,16,2,96.34,4,EASIER
6,100.0,10.73,6,0,96.59,2,HARDER
6,100.0,9.52,6,0,99.36,2,HARDER
6,100.0,12.85,6,0,100.0,2,HARDER
9,75.03,24.61,13,3,71.83,3,SAME
16,92.06,29.86,19,2,95.02,5,HARDER
16,72.44,46.66,23,6,49.54,5,EASIER
9,100.0,25.77,10,0,100.0,3,HARDER
4,67.13,13.08,9,2,93.87,1,SAME
16,64.9,37.66,29,8,35.36,5,EASIER
9,81.02,31.73,12,2,73.15,3,SAME
16,76.51,49.73,28,5,47.63,5,EASIER
12,100.0,28.41,12,0,91.54,4,HARDER
4,100.0,18.91,4,0,96.55,1,HARDER
9,98.7,19.63,9,0,100.0,3,HARDER
16,85.0,32.63,21,3,77.79,5,HARDER
6,66.05,24.64,12,3,57.41,2,EASIER
12,81.56,39.88,15,3,76.27,4,HARDER
12,86.03,19.09,16,2,75.31,4,HARDER
6,55.92,22.28,16,5,60.58,2,EASIER
9,99.06,11.41,10,0,97.39,3,HARDER
9,75.26,26.17,13,3,82.96,3,HARDER
9,100.0,23.49,9,0,98.91,3,HARDER
4,100.0,11.74,4,0,81.68,1,HARDER
12,91.36,23.69,14,1,87.69,4,HARDER
16,86.58,31.41,18,2,92.56,5,HARDER
12,76.22,54.48,20,4,65.75,4,EASIER
4,100.0,9.41,4,0,85.44,1,HARDER
9,100.0,21.74,9,0,98.17,3,HARDER
9,74.96,16.39,14,3,71.94,3,SAME
16,84.16,46.2,20,3,85.26,5,HARDER
16,90.11,17.02,18,2,90.69,5,HARDER
16,72.95,39.72,24,6,55.88,5,EASIER
6,73.8,18.06,11,2,83.41,2,HARDER
4,98.48,12.08,4,0,92.14,1,HARDER
9,100.0,14.06,9,0,100.0,3,HARDER
9,99.65,21.25,9,0,100.0,3,HARDER
9,82.69,20.49,12,2,86.67,3,HARDER
6,100.0,21.38,6,0,93.31,2,HARDER
9,100.0,15.64,10,0,100.0,3,HARDER
9,75.24,17.79,14,3,66.47,3,SAME
12,92.29,22.21,14,1,81.89,4,HARDER
12,68.87,46.12,21,5,52.59,4,EASIER
4,98.42,11.18,4,0,100.0,1,HARDER
9,88.3,21.83,10,1,97.91,3,HARDER
4,64.96,27.81,8,2,64.6,1,EASIER
9,80.21,20.29,14,2,76.56,3,HARDER
6,74.83,19.5,9,2,94.02,2,SAME
4,80.18,11.83,7,1,85.74,1,HARDER
9,99.32,14.4,9,0,96.38,3,HARDER
6,74.81,15.12,9,2,100.0,2,HARDER
4,100.0,9.08,4,0,92.91,1,HARDER
9,100.0,19.95,10,0,91.42,3,HARDER
16,74.23,34.69,24,5,58.24,5,EASIER
6,74.37,16.0,9,2,96.26,2,HARDER
16,83.92,28.54,22,3,74.75,5,SAME
4,79.91,20.57,6,1,96.49,1,HARDER
9,82.0,17.85,11,2,93.04,3,HARDER
9,88.66,21.86,14,1,85.75,3,HARDER
4,66.86,16.26,6,2,90.68,1,SAME
16,76.47,35.0,24,5,62.71,5,SAME
9,68.77,33.35,14,4,66.15,3,EASIER
9,81.05,22.47,13,2,83.02,3,SAME
4,78.43,17.61,5,1,100.0,1,HARDER
16,79.45,34.96,22,4,68.24,5,SAME
4,80.14,8.69,6,1,91.0,1,HARDER
9,74.63,18.46,14,3,83.52,3,HARDER
9,69.58,23.18,16,4,73.18,3,EASIER
12,85.75,37.08,19,2,65.81,4,HARDER
16,76.58,47.97,23,5,67.09,5,SAME
9,100.0,15.55,10,0,100.0,3,HARDER
9,75.56,21.6,13,3,76.99,3,SAME
6,86.61,11.77,7,1,91.94,2,HARDER
4,99.87,16.21,4,0,100.0,1,HARDER
12,99.82,19.41,12,0,90.03,4,HARDER
4,100.0,13.08,4,0,93.6,1,HARDER
6,74.75,21.91,9,2,75.69,2,SAME
9,100.0,17.72,9,0,100.0,3,HARDER
6,85.17,17.97,7,1,95.87,2,HARDER
6,85.65,22.1,7,1,96.73,2,HARDER
4,100.0,11.27,4,0,100.0,1,HARDER
6,99.95,14.15,7,0,93.18,2,HARDER
16,76.42,21.88,21,5,69.01,5,HARDER
4,100.0,12.23,5,0,100.0,1,HARDER
12,78.17,24.99,19,3,79.77,4,HARDER
9,77.4,19.27,15,3,68.5,3,SAME
9,75.14,18.29,14,3,78.51,3,SAME
12,92.47,21.87,13,1,90.05,4,HARDER
16,73.0,30.31,26,6,61.07,5,EASIER
16,80.74,37.06,24,4,65.72,5,SAME
6,84.36,24.3,7,1,89.67,2,HARDER
16,75.51,50.67,24,5,51.83,5,EASIER
4,65.34,14.28,6,2,96.72,1,HARDER
4,78.97,9.1,6,1,100.0,1,HARDER
12,85.44,38.89,16,2,89.89,4,SAME
6,86.57,15.23,8,1,89.48,2,HARDER
16,93.72,29.87,18,1,95.28,5,HARDER
4,100.0,9.26,4,0,100.0,1,HARDER
16,72.52,44.46,32,6,54.2,5,EASIER
16,75.09,29.59,27,5,52.52,5,EASIER
16,62.19,45.64,27,10,41.65,5,EASIER
4,99.87,12.11,4,0,96.69,1,HARDER
4,79.62,20.3,6,1,93.46,1,HARDER
4,99.98,9.38,6,0,96.57,1,HARDER
12,99.41,29.63,13,0,92.21,4,HARDER
6,65.87,23.47,11,3,81.27,2,SAME
6,66.27,16.1,10,3,81.37,2,EASIER
6,85.41,16.64,7,1,83.03,2,HARDER
6,98.36,14.55,6,0,100.0,2,HARDER
9,100.0,21.57,10,0,94.53,3,HARDER
6,74.0,21.15,8,2,92.16,2,HARDER
12,76.89,12.84,19,4,60.22,4,SAME
4,79.37,9.2,5,1,91.99,1,HARDER
16,79.51,31.58,25,4,65.04,5,SAME
16,87.71,46.37,21,2,90.71,5,HARDER
6,100.0,9.55,6,0,88.34,2,HARDER
9,82.63,21.69,11,2,82.26,3,HARDER
16,87.58,19.17,24,2,81.98,5,HARDER
16,76.02,41.09,28,5,34.98,5,EASIER
9,81.42,30.57,12,2,84.89,3,HARDER
6,99.36,9.58,6,0,100.0,2,HARDER
9,70.33,23.7,18,4,58.22,3,SAME
4,78.24,8.43,5,1,96.78,1,HARDER
4,100.0,11.46,4,0,100.0,1,HARDER
9,60.59,24.0,20,6,49.25,3,EASIER
4,99.41,7.47,4,0,96.71,1,HARDER
12,98.23,14.57,14,0,100.0,4,HARDER
9,91.66,23.94,11,1,92.75,3,HARDER
16,71.79,55.82,25,6,53.7,5,EASIER
6,99.61,21.96,6,0,88.61,2,HARDER
9,98.54,18.53,9,0,90.16,3,HARDER
9,89.48,14.78,10,1,81.73,3,HARDER
9,81.61,11.89,13,2,88.98,3,HARDER
4,98.51,14.13,4,0,100.0,1,HARDER
12,75.76,30.99,17,4,66.37,4,EASIER
16,74.82,32.51,23,5,54.98,5,EASIER
4,78.82,8.11,8,1,91.82,1,HARDER
6,87.65,26.07,7,1,100.0,2,HARDER
16,92.27,22.88,18,1,95.87,5,HARDER
9,89.78,14.96,10,1,100.0,3,HARDER
6,99.37,26.76,6,0,91.35,2,HARDER
4,98.76,13.4,4,0,100.0,1,HARDER
6,99.16,19.45,6,0,100.0,2,HARDER
9,89.39,21.8,11,1,85.81,3,HARDER
9,74.66,19.56,12,3,80.08,3,HARDER
12,70.8,33.92,20,5,51.81,4,EASIER
9,81.82,23.12,13,2,88.74,3,SAME
12,79.61,41.26,18,3,73.17,4,SAME
9,75.37,19.41,12,3,73.68,3,SAME
6,66.32,38.98,11,3,87.54,2,EASIER
9,72.14,21.03,17,3,72.05,3,EASIER
9,80.89,18.62,17,2,72.73,3,HARDER
12,85.83,37.24,17,2,82.59,4,SAME
16,88.38,29.48,20,2,80.99,5,HARDER
4,67.4,16.16,7,2,79.63,1,SAME
4,99.72,16.97,4,0,77.72,1,HARDER
12,80.83,40.67,17,3,64.19,4,SAME
9,75.7,26.67,16,3,65.06,3,EASIER
16,68.3,43.58,26,7,32.47,5,EASIER
12,71.35,32.58,18,5,59.72,4,EASIER
9,75.34,29.02,13,3,71.82,3,SAME
9,90.19,24.08,10,1,89.32,3,HARDER
16,77.74,25.86,25,5,52.82,5,SAME
16,65.64,46.72,31,8,35.04,5,EASIER
6,100.0,14.66,7,0,100.0,2,HARDER
12,73.56,31.81,20,4,58.26,4,EASIER
6,74.08,13.18,10,2,77.7,2,HARDER
6,84.08,28.85,7,1,76.98,2,HARDER
4,100.0,8.03,4,0,100.0,1,HARDER
9,82.73,33.62,12,2,73.99,3,SAME
16,71.62,29.15,26,6,44.62,5,EASIER
6,99.05,12.23,6,0,94.53,2,HARDER
4,66.64,27.17,8,2,75.67,1,SAME
16,73.79,43.46,26,6,57.69,5,SAME
4,80.07,11.0,5,1,99.6,1,HARDER
6,74.67,17.24,9,2,91.8,2,HARDER
4,80.29,15.87,6,1,91.27,1,HARDER
6,97.84,15.45,6,0,100.0,2,HARDER
6,99.71,17.47,6,0,100.0,2,HARDER
12,92.84,12.65,15,1,90.7,4,HARDER
12,90.8,16.9,13,1,100.0,4,HARDER
9,91.63,17.01,12,1,96.25,3,HARDER
16,82.23,30.4,22,4,61.16,5,SAME
9,91.24,15.32,13,1,90.5,3,HARDER
6,77.2,14.59,8,2,95.94,2,SAME
6,83.99,21.16,7,1,90.46,2,HARDER
9,69.07,20.77,18,4,55.54,3,EASIER
6,66.02,23.11,11,3,72.46,2,SAME
4,66.77,12.71,7,2,83.2,1,HARDER
16,59.09,70.67,32,11,4.29,5,EASIER
16,93.4,29.52,17,1,91.85,5,HARDER
16,85.44,30.59,21,3,65.68,5,HARDER
12,74.27,20.51,17,4,68.46,4,SAME
16,84.18,29.83,21,3,67.03,5,SAME
16,81.38,25.49,23,4,70.48,5,HARDER
16,89.3,30.47,20,2,86.7,5,HARDER
9,74.31,29.9,14,3,85.87,3,SAME
12,92.86,16.06,14,1,96.53,4,HARDER
9,75.05,16.72,15,3,68.56,3,SAME
9,89.56,21.03,11,1,100.0,3,HARDER
16,84.09,26.83,23,3,73.72,5,HARDER
4,100.0,16.98,4,0,92.54,1,HARDER
9,100.0,11.41,10,0,100.0,3,HARDER
6,98.95,19.9,7,0,82.49,2,HARDER
9,81.69,24.8,13,2,74.81,3,HARDER
6,100.0,17.7,7,0,100.0,2,HARDER
4,79.72,13.83,5,1,88.61,1,HARDER
12,79.97,15.88,17,3,76.32,4,HARDER
9,70.07,27.07,16,4,56.9,3,EASIER
16,83.31,27.48,21,3,73.04,5,SAME
6,75.4,15.15,8,2,91.98,2,SAME
4,100.0,15.35,4,0,100.0,1,HARDER
12,86.3,35.22,20,2,69.94,4,SAME
12,70.24,32.46,24,5,49.73,4,EASIER
4,100.0,19.4,4,0,100.0,1,HARDER
4,100.0,14.14,4,0,100.0,1,HARDER
9,91.33,12.74,10,1,89.73,3,HARDER
6,99.65,15.58,7,0,82.85,2,HARDER
4,99.53,9.79,4,0,88.56,1,HARDER
9,76.22,19.35,14,3,79.03,3,SAME
16,64.94,32.74,28,8,27.64,5,EASIER
12,66.59,36.45,20,6,53.34,4,EASIER
6,99.84,11.64,6,0,100.0,2,HARDER
16,66.41,42.02,29,8,27.98,5,EASIER
4,81.54,19.44,6,1,95.34,1,HARDER
9,88.51,12.13,11,1,71.23,3,HARDER
9,90.52,14.92,10,1,86.8,3,HARDER
16,76.37,38.82,23,5,64.36,5,SAME
16,76.23,52.89,27,5,62.77,5,SAME
9,82.16,20.5,13,2,90.73,3,HARDER
9,80.11,10.93,17,2,75.41,3,SAME
4,99.81,16.71,4,0,100.0,1,HARDER
6,99.69,13.9,6,0,100.0,2,HARDER
16,69.0,36.21,25,7,45.28,5,SAME
9,99.6,17.64,9,0,100.0,3,HARDER
12,79.13,28.75,18,3,73.3,4,SAME
9,73.43,15.78,14,3,77.41,3,SAME
6,75.33,18.02,8,2,100.0,2,HARDER
16,83.28,26.35,20,3,79.21,5,SAME
12,81.51,15.69,19,3,74.82,4,HARDER
6,66.53,21.53,10,3,75.57,2,EASIER
12,79.16,33.49,17,3,71.4,4,SAME
12,79.26,19.47,17,3,76.47,4,HARDER
6,84.54,28.28,7,1,90.49,2,HARDER
4,66.69,15.6,8,2,92.85,1,SAME
4,79.72,13.71,6,1,89.42,1,HARDER
12,76.7,32.18,17,4,59.87,4,EASIER
12,100.0,18.63,12,0,100.0,4,HARDER
9,64.09,56.11,16,5,71.91,3,EASIER
12,80.86,23.06,17,3,68.44,4,HARDER
6,59.93,15.97,12,4,74.95,2,EASIER
16,99.04,21.72,17,0,100.0,5,HARDER
12,71.48,47.88,19,5,54.71,4,EASIER
9,75.65,25.33,12,3,79.52,3,SAME
9,81.37,27.32,14,2,78.23,3,SAME
9,81.15,32.86,11,2,83.46,3,SAME
9,99.22,11.13,9,0,100.0,3,HARDER
6,67.92,17.99,12,3,53.58,2,SAME
4,67.97,12.35,8,2,93.32,1,SAME
9,75.47,35.66,13,3,89.27,3,SAME
4,100.0,11.06,4,0,100.0,1,HARDER
9,81.68,19.35,12,2,79.27,3,HARDER
4,77.88,10.81,6,1,93.69,1,HARDER
9,98.78,15.0,9,0,100.0,3,HARDER
12,69.48,35.13,23,5,51.07,4,EASIER
12,93.44,24.04,16,1,80.33,4,HARDER
6,100.0,12.43,6,0,98.33,2,HARDER
6,84.53,15.28,7,1,75.5,2,HARDER
9,75.85,23.52,12,3,77.86,3,SAME
9,74.54,15.8,17,3,75.93,3,HARDER
12,68.36,25.89,20,5,58.11,4,EASIER
4,99.65,12.58,4,0,99.45,1,HARDER
4,80.24,15.11,6,1,87.04,1,HARDER
9,79.81,26.44,12,2,91.57,3,HARDER
16,67.65,93.9,29,8,39.93,5,EASIER
6,67.53,40.7,11,3,82.14,2,EASIER
16,72.09,50.11,26,6,49.91,5,HARDER
6,84.52,19.32,9,1,85.34,2,HARDER
4,99.53,19.66,4,0,100.0,1,HARDER
6,75.01,12.98,8,2,87.74,2,HARDER
9,74.76,26.31,14,3,79.92,3,SAME
16,81.14,36.01,22,4,74.13,5,SAME
4,100.0,13.63,4,0,96.28,1,HARDER
9,100.0,17.52,10,0,99.77,3,HARDER
6,99.16,10.3,6,0,100.0,2,HARDER
9,89.05,20.28,12,1,85.84,3,HARDER
4,79.36,12.6,5,1,100.0,1,HARDER
6,58.99,30.38,12,4,52.6,2,EASIER
9,100.0,28.71,9,0,93.01,3,HARDER
6,76.27,16.83,9,2,92.43,2,SAME
12,74.87,34.16,20,4,61.23,4,EASIER
4,57.64,23.73,7,3,67.33,1,EASIER
6,84.7,16.73,7,1,97.05,2,HARDER
12,100.0,17.2,13,0,100.0,4,HARDER
16,95.69,22.05,18,1,89.86,5,EASIER
12,82.67,28.42,18,2,79.78,4,HARDER
16,69.09,38.94,31,7,36.25,5,EASIER
9,89.54,26.31,13,1,89.31,3,HARDER
12,99.6,14.89,12,0,93.81,4,HARDER
16,75.45,35.98,26,5,52.13,5,SAME
6,66.06,21.59,10,3,71.74,2,EASIER
9,69.46,39.78,16,4,56.82,3,EASIER
9,89.92,22.81,11,1,91.92,3,HARDER
12,70.64,30.31,18,5,69.27,4,SAME
12,82.18,25.71,16,3,84.76,4,HARDER
12,85.32,22.68,15,2,86.15,4,HARDER
9,90.27,20.9,11,1,98.34,3,HARDER
16,74.17,38.27,24,6,61.24,5,EASIER
16,83.84,32.36,26,3,72.88,5,SAME
12,92.76,13.7,14,1,83.09,4,HARDER
6,76.18,18.95,8,2,83.64,2,HARDER
9,98.44,14.69,9,0,94.06,3,HARDER
9,88.57,17.89,10,1,94.2,3,HARDER
16,76.32,27.77,24,5,50.8,5,EASIER
16,64.62,40.36,29,9,15.89,5,EASIER
12,66.86,23.63,24,6,39.49,4,EASIER
4,99.73,7.89,4,0,95.05,1,HARDER
9,100.0,15.6,9,0,100.0,3,HARDER
9,100.0,11.06,10,0,96.83,3,HARDER
12,87.37,21.69,15,2,93.96,4,HARDER
12,98.51,17.3,12,0,100.0,4,HARDER
9,68.68,37.24,15,4,68.08,3,EASIER
12,85.26,17.84,16,2,78.24,4,HARDER
16,75.07,29.75,25,5,53.45,5,SAME
12,85.73,19.69,15,2,81.88,4,HARDER
4,80.13,12.8,6,1,99.5,1,HARDER
4,79.11,14.59,5,1,100.0,1,EASIER
12,79.8,42.71,17,3,81.94,4,SAME
9,81.28,9.95,12,2,82.56,3,HARDER
16,84.61,21.68,23,3,74.99,5,SAME
6,67.29,13.04,12,3,68.54,2,SAME
16,76.19,28.59,24,5,55.76,5,EASIER
6,85.96,27.82,8,1,95.18,2,HARDER
6,84.16,17.12,8,1,87.21,2,HARDER
12,79.99,36.29,17,3,68.69,4,EASIER
6,86.44,16.3,9,1,85.96,2,HARDER
4,100.0,10.88,4,0,100.0,1,HARDER
9,89.31,14.9,11,1,97.73,3,HARDER
12,100.0,20.94,13,0,92.5,4,HARDER
4,78.31,13.19,6,1,87.03,1,HARDER
4,99.27,16.16,4,0,100.0,1,HARDER
9,82.87,19.43,12,2,93.45,3,HARDER
9,73.58,21.78,15,3,81.6,3,SAME
16,77.51,48.18,21,5,69.49,5,EASIER
6,74.29,13.26,8,2,98.53,2,HARDER
12,86.56,20.25,16,2,82.82,4,HARDER
4,78.81,9.56,5,1,84.31,1,HARDER
16,73.46,37.22,29,6,45.24,5,EASIER
12,81.11,16.22,17,3,74.84,4,SAME
6,100.0,12.47,6,0,100.0,2,HARDER
16,84.25,50.9,20,3,70.88,5,HARDER
4,100.0,16.7,4,0,100.0,1,HARDER
9,81.41,15.82,12,2,86.31,3,HARDER
4,78.42,13.63,6,1,100.0,1,HARDER
4,99.27,7.32,4,0,91.5,1,HARDER
6,100.0,18.61,7,0,91.07,2,HARDER
12,81.82,32.94,16,3,87.15,4,EASIER
16,88.66,19.12,22,2,83.19,5,SAME
12,75.13,38.33,21,4,65.34,4,EASIER
12,87.17,24.48,15,2,81.79,4,SAME
9,60.61,29.77,17,6,48.86,3,EASIER
4,80.91,9.32,6,1,95.44,1,HARDER
9,81.65,27.04,11,2,82.22,3,HARDER
9,98.92,11.11,10,0,96.41,3,HARDER
9,90.46,18.09,13,1,93.49,3,HARDER
6,99.09,10.15,6,0,100.0,2,HARDER
6,99.46,15.11,6,0,98.22,2,HARDER
16,76.23,41.23,24,5,58.43,5,EASIER
9,65.73,28.05,19,5,58.59,3,EASIER
9,73.39,14.48,14,3,64.89,3,SAME
12,93.13,25.68,13,1,100.0,4,HARDER
4,99.71,11.64,4,0,100.0,1,HARDER
4,100.0,13.33,4,0,100.0,1,HARDER
16,72.49,30.79,25,6,53.86,5,EASIER
12,85.58,22.94,18,2,83.19,4,HARDER
4,100.0,11.19,4,0,100.0,1,HARDER
16,59.82,57.44,35,10,0.0,5,EASIER
16,83.97,20.44,19,3,75.57,5,HARDER
12,71.22,30.67,24,5,61.53,4,EASIER
4,80.93,17.77,5,1,99.34,1,HARDER
12,86.38,41.29,18,2,67.98,4,SAME
4,66.15,15.12,8,2,73.0,1,SAME
6,84.83,14.15,7,1,93.09,2,HARDER
12,84.98,25.46,16,2,89.32,4,HARDER
4,99.61,18.19,4,0,92.93,1,HARDER
4,100.0,12.53,5,0,100.0,1,HARDER
6,98.98,14.21,6,0,97.38,2,HARDER
16,71.43,36.43,24,6,78.39,5,EASIER
9,81.51,28.62,11,2,81.63,3,HARDER
9,67.86,22.79,16,4,67.91,3,EASIER
4,99.96,12.73,4,0,98.68,1,HARDER
6,86.56,25.47,8,1,75.43,2,HARDER
9,90.49,12.13,10,1,95.26,3,HARDER
4,100.0,9.86,4,0,95.54,1,HARDER
12,80.18,24.79,15,3,70.78,4,SAME
6,86.11,32.89,7,1,100.0,2,HARDER
12,99.22,18.96,12,0,100.0,4,HARDER
12,99.37,14.68,13,0,94.72,4,HARDER
12,86.67,20.03,19,2,83.82,4,HARDER
9,100.0,22.71,9,0,100.0,3,HARDER
6,86.58,25.86,9,1,99.71,2,EASIER
4,80.14,18.15,5,1,87.79,1,SAME
16,90.54,27.16,21,2,87.96,5,HARDER
9,89.51,15.71,11,1,88.64,3,HARDER
6,86.2,17.62,7,1,100.0,2,HARDER
6,100.0,11.59,6,0,100.0,2,HARDER
6,65.62,26.59,11,3,71.14,2,SAME
6,74.52,14.59,9,2,79.6,2,HARDER
6,67.87,21.36,10,3,74.47,2,SAME
12,80.95,33.83,16,3,67.96,4,SAME
16,76.21,32.98,26,5,57.25,5,EASIER
4,79.81,6.01,5,1,93.61,1,HARDER
16,76.27,23.52,26,5,51.4,5,EASIER
4,79.94,15.92,5,1,98.34,1,HARDER
6,99.7,19.29,6,0,96.44,2,HARDER
12,81.04,31.65,15,3,72.53,4,HARDER
9,66.16,35.24,19,5,66.18,3,EASIER
12,70.0,21.5,17,5,55.38,4,EASIER
9,68.79,18.93,18,4,72.4,3,SAME
16,69.45,25.25,27,7,41.46,5,EASIER
9,89.66,16.83,10,1,90.66,3,HARDER
12,80.88,19.66,16,3,79.99,4,HARDER
16,83.46,39.82,21,3,87.64,5,HARDER
4,79.27,14.25,6,1,100.0,1,HARDER
16,67.47,78.91,25,7,60.22,5,EASIER
12,69.26,39.68,21,5,52.05,4,EASIER
12,79.72,25.63,20,3,66.21,4,SAME
9,100.0,17.59,9,0,100.0,3,HARDER
9,75.13,16.79,13,3,70.71,3,SAME
6,87.51,18.2,7,1,84.34,2,HARDER
4,79.58,21.12,5,1,100.0,1,HARDER
6,99.56,12.83,6,0,97.6,2,HARDER
9,89.17,21.53,12,1,93.53,3,HARDER
4,100.0,11.24,4,0,90.69,1,HARDER
12,90.57,16.5,15,1,77.69,4,HARDER
6,100.0,12.65,7,0,88.75,2,HARDER
6,85.26,17.1,8,1,92.83,2,HARDER
9,74.76,21.21,14,3,77.86,3,SAME
4,97.3,12.27,4,0,100.0,1,HARDER
6,73.36,26.05,12,2,78.78,2,SAME
9,89.44,12.92,12,1,85.87,3,HARDER
12,66.25,31.76,25,6,30.9,4,EASIER
16,79.46,34.1,24,4,68.42,5,SAME
12,63.23,32.11,27,7,40.72,4,EASIER
16,78.96,18.83,20,4,78.53,5,HARDER
9,63.41,23.51,18,5,51.6,3,EASIER
4,100.0,12.0,4,0,95.5,1,HARDER
16,69.15,52.23,24,7,57.39,5,EASIER
4,100.0,13.33,4,0,93.58,1,HARDER
12,70.78,23.37,25,5,54.57,4,SAME
12,80.28,49.3,20,3,69.07,4,EASIER
9,90.28,9.55,10,1,88.9,3,HARDER
16,74.16,43.63,27,6,41.88,5,EASIER
9,81.53,25.22,11,2,85.73,3,HARDER
9,81.69,20.97,12,2,84.79,3,HARDER
9,90.49,21.38,12,1,87.24,3,HARDER
12,88.05,22.53,15,2,84.6,4,HARDER
4,79.12,19.44,5,1,100.0,1,HARDER
4,100.0,9.21,4,0,100.0,1,HARDER
4,57.49,20.38,9,3,75.81,1,EASIER
16,85.75,22.42,21,3,75.54,5,HARDER
9,82.58,15.97,12,2,81.52,3,HARDER
4,100.0,9.1,4,0,100.0,1,HARDER
9,74.81,20.99,13,3,80.0,3,SAME
9,81.08,23.91,13,2,79.84,3,HARDER
12,75.53,37.37,18,4,62.11,4,HARDER
4,98.58,11.03,4,0,100.0,1,HARDER
16,85.17,21.51,24,3,74.54,5,SAME
9,75.06,26.56,16,3,82.46,3,SAME
4,79.99,21.92,5,1,84.08,1,HARDER
16,84.48,43.87,24,3,68.33,5,SAME
12,75.26,25.87,19,4,71.1,4,SAME
16,64.26,35.05,29,9,15.25,5,EASIER
16,76.53,30.54,22,5,74.2,5,SAME
12,100.0,20.5,13,0,97.5,4,HARDER
4,99.13,9.95,4,0,100.0,1,HARDER
4,100.0,14.67,4,0,100.0,1,HARDER
12,80.09,23.9,16,3,69.69,4,HARDER
4,79.62,15.8,5,1,82.55,1,SAME
6,86.35,14.01,10,1,90.5,2,HARDER
4,100.0,9.77,4,0,95.73,1,HARDER
9,81.09,22.98,11,2,94.17,3,HARDER
6,87.87,21.49,7,1,100.0,2,HARDER
12,93.83,15.08,15,1,91.75,4,HARDER
16,74.75,37.35,22,5,46.88,5,SAME
12,75.49,27.56,19,4,68.41,4,EASIER
16,79.41,23.66,25,4,61.49,5,SAME
9,82.12,16.85,12,2,88.02,3,HARDER
16,88.2,38.08,20,2,82.74,5,HARDER
16,88.99,30.56,19,2,91.19,5,HARDER
16,80.69,29.66,22,4,73.72,5,SAME
6,84.54,17.31,7,1,96.6,2,HARDER
16,82.69,29.14,22,3,76.93,5,HARDER
9,100.0,23.43,9,0,100.0,3,HARDER
12,70.03,31.42,21,5,48.79,4,EASIER
4,81.2,14.37,5,1,93.64,1,SAME
6,100.0,10.82,6,0,87.49,2,HARDER
6,100.0,13.54,7,0,91.42,2,HARDER
6,100.0,9.96,6,0,100.0,2,HARDER
12,67.44,72.69,19,6,53.1,4,EASIER
9,68.42,29.93,19,4,61.59,3,EASIER
16,73.47,65.45,26,6,54.56,5,EASIER
16,81.49,26.09,20,3,85.95,5,HARDER
16,69.52,30.99,27,7,48.33,5,EASIER
9,100.0,12.46,10,0,95.43,3,HARDER
6,86.9,18.79,8,1,88.58,2,HARDER
6,98.65,14.73,6,0,89.02,2,HARDER
16,81.43,26.18,21,4,67.44,5,SAME
4,79.55,10.12,6,1,77.2,1,HARDER
16,65.11,48.62,28,8,35.76,5,EASIER
9,74.46,22.16,15,3,68.8,3,EASIER
4,79.01,20.33,5,1,96.33,1,HARDER
12,85.52,28.23,16,2,92.64,4,HARDER
6,85.58,9.41,7,1,89.48,2,HARDER
9,82.56,36.27,11,2,89.03,3,SAME
16,73.1,41.88,25,6,53.56,5,EASIER
4,80.84,18.33,6,1,96.7,1,HARDER
9,99.06,12.09,9,0,100.0,3,HARDER
12,75.73,51.81,18,4,75.08,4,SAME
4,100.0,14.09,4,0,91.48,1,HARDER
4,100.0,9.32,4,0,90.91,1,HARDER
4,100.0,10.94,4,0,98.93,1,HARDER
12,99.81,22.01,13,0,100.0,4,HARDER
6,99.19,17.63,8,0,95.78,2,HARDER
12,74.36,36.39,19,4,59.4,4,SAME
6,86.63,15.06,9,1,88.48,2,HARDER
16,85.06,17.92,24,3,77.14,5,HARDER
12,79.81,39.35,17,3,79.23,4,SAME
12,79.33,32.99,16,3,88.67,4,SAME
9,90.18,11.98,12,1,94.86,3,HARDER
9,89.06,32.68,11,1,93.07,3,HARDER
9,82.87,19.5,13,2,80.52,3,HARDER
9,65.07,26.25,15,5,78.66,3,SAME
16,80.72,28.27,25,4,66.1,5,SAME
12,90.99,19.66,14,1,100.0,4,HARDER
4,81.06,12.36,7,1,88.73,1,HARDER
6,74.57,17.41,8,2,87.77,2,HARDER
16,57.41,54.62,37,12,10.69,5,EASIER
16,85.78,23.53,23,3,66.44,5,SAME
16,79.98,38.56,22,4,68.49,5,SAME
12,91.91,18.77,13,1,81.12,4,HARDER
6,73.29,20.98,9,2,91.75,2,SAME
4,99.34,10.46,4,0,100.0,1,HARDER
12,100.0,27.09,12,0,100.0,4,HARDER
16,80.14,24.7,23,4,65.5,5,SAME
16,69.78,37.35,25,7,41.12,5,EASIER
4,79.11,15.77,5,1,100.0,1,HARDER
6,85.43,16.8,8,1,91.43,2,HARDER
16,88.83,19.74,18,2,92.63,5,HARDER
6,100.0,22.58,7,0,88.64,2,HARDER
12,71.59,35.05,21,5,53.02,4,SAME
4,100.0,17.42,4,0,100.0,1,HARDER
9,100.0,28.5,9,0,100.0,3,HARDER
9,63.51,35.29,15,5,79.41,3,EASIER
16,89.01,19.76,19,2,99.65,5,HARDER
16,73.26,24.46,29,6,55.57,5,SAME
12,73.97,30.95,18,4,58.83,4,EASIER
4,80.1,9.44,5,1,100.0,1,HARDER
16,78.46,20.36,24,4,55.43,5,HARDER
16,52.92,56.7,34,13,0.0,5,EASIER
12,70.78,28.05,18,5,70.29,4,EASIER
16,89.56,28.33,21,2,89.31,5,HARDER
6,74.2,22.21,9,2,94.6,2,HARDER
16,80.49,31.89,23,4,75.91,5,HARDER
16,82.92,27.14,20,3,79.34,5,HARDER
16,76.86,27.06,25,5,55.28,5,SAME
4,99.07,11.52,4,0,100.0,1,HARDER
6,99.65,16.24,7,0,100.0,2,HARDER
6,75.24,13.86,8,2,77.79,2,HARDER
4,100.0,7.83,4,0,100.0,1,HARDER
12,75.22,17.14,18,4,69.94,4,EASIER
16,76.09,32.22,26,5,64.92,5,EASIER
16,82.87,30.13,22,3,77.86,5,SAME
4,98.13,8.45,4,0,94.68,1,HARDER
12,99.91,21.83,12,0,100.0,4,HARDER
16,72.21,46.32,25,6,44.52,5,EASIER
16,90.08,26.25,24,2,82.62,5,HARDER
16,73.46,30.86,25,6,42.69,5,EASIER
4,98.95,9.51,4,0,90.48,1,HARDER
4,99.13,14.3,4,0,100.0,1,HARDER
16,85.01,26.09,22,3,74.94,5,HARDER
16,71.4,37.23,24,6,59.03,5,EASIER
6,86.21,15.44,8,1,92.59,2,HARDER
6,66.33,18.28,10,3,79.78,2,SAME
4,99.8,11.5,4,0,95.26,1,HARDER
16,69.09,40.42,27,7,43.03,5,EASIER
16,81.17,15.52,21,4,76.18,5,SAME
4,78.87,13.87,5,1,98.39,1,HARDER
4,78.09,12.38,5,1,91.8,1,HARDER
16,71.71,38.07,25,6,56.54,5,EASIER
9,69.18,29.67,14,4,64.65,3,EASIER
9,87.93,15.53,13,1,82.01,3,HARDER
12,86.82,14.17,15,2,85.37,4,SAME
9,90.0,17.85,10,1,87.88,3,HARDER
16,94.4,20.69,18,1,100.0,5,HARDER
4,100.0,15.31,5,0,100.0,1,HARDER
4,80.69,15.12,5,1,87.1,1,HARDER
12,98.87,17.99,12,0,90.16,4,HARDER
6,100.0,10.57,6,0,100.0,2,HARDER
4,100.0,8.75,4,0,87.36,1,HARDER
16,88.4,38.41,20,2,86.46,5,HARDER
6,73.56,22.1,10,2,65.09,2,EASIER
9,82.24,26.88,13,2,73.49,3,SAME
6,86.39,16.58,8,1,98.41,2,HARDER
16,85.8,30.43,22,3,70.88,5,HARDER
4,65.43,11.54,7,2,97.98,1,SAME
4,100.0,7.32,4,0,95.95,1,HARDER
16,79.57,28.42,22,4,67.52,5,HARDER
4,100.0,8.39,4,0,100.0,1,HARDER
4,77.96,15.33,5,1,99.69,1,HARDER
9,99.68,20.36,9,0,89.21,3,HARDER
9,75.86,10.27,17,3,65.92,3,EASIER
4,98.67,11.07,4,0,97.34,1,HARDER
16,93.62,26.69,19,1,93.59,5,HARDER
4,100.0,25.88,4,0,100.0,1,HARDER
12,88.06,30.03,15,2,100.0,4,HARDER
6,85.22,18.26,8,1,96.08,2,HARDER
6,98.73,8.34,6,0,100.0,2,HARDER
6,98.02,16.42,7,0,90.62,2,HARDER
9,77.5,20.2,15,3,69.38,3,EASIER
12,93.06,14.53,13,1,95.61,4,HARDER
9,81.48,36.49,11,2,84.32,3,SAME
16,69.44,28.78,29,7,40.16,5,EASIER
12,79.28,26.23,16,3,77.8,4,SAME
12,84.89,23.44,14,2,89.36,4,HARDER
9,98.33,16.6,9,0,100.0,3,HARDER
16,82.6,51.98,19,3,68.99,5,SAME
16,72.22,32.57,27,6,59.05,5,EASIER
6,75.67,22.48,9,2,78.75,2,HARDER
6,85.32,14.48,7,1,94.72,2,HARDER
16,70.3,42.07,24,7,58.28,5,EASIER
16,66.76,50.22,31,8,26.41,5,EASIER
16,76.76,19.16,25,5,54.44,5,SAME
12,93.49,30.1,14,1,78.92,4,HARDER
16,88.46,27.17,20,2,85.05,5,HARDER
4,100.0,12.49,4,0,93.89,1,HARDER
16,80.64,39.16,24,4,59.64,5,SAME
4,80.1,11.19,5,1,99.76,1,HARDER
12,85.58,16.74,18,2,69.82,4,HARDER
16,70.84,31.37,32,7,39.69,5,EASIER
6,100.0,10.77,6,0,95.95,2,HARDER
9,97.97,14.05,9,0,95.71,3,HARDER
6,99.28,14.12,6,0,96.42,2,HARDER
6,84.42,22.71,9,1,89.5,2,HARDER
9,99.31,17.55,9,0,93.78,3,HARDER
9,60.08,30.34,18,6,46.31,3,EASIER
9,99.59,13.34,9,0,98.53,3,HARDER
6,86.5,12.07,8,1,96.65,2,HARDER
6,85.54,20.86,7,1,81.26,2,HARDER
12,80.13,28.12,19,3,56.54,4,HARDER
9,99.31,20.59,9,0,85.55,3,HARDER
16,94.67,19.48,18,1,92.18,5,HARDER
6,86.53,17.61,8,1,98.14,2,HARDER
12,72.24,30.3,20,5,59.77,4,SAME
16,80.51,26.55,20,4,86.71,5,SAME
12,85.52,22.73,14,2,76.74,4,HARDER
12,86.57,15.33,16,2,83.1,4,HARDER
6,99.66,17.3,6,0,100.0,2,HARDER
16,68.54,35.0,33,8,42.37,5,EASIER
6,83.28,21.1,7,1,93.58,2,HARDER
4,99.26,11.33,4,0,100.0,1,HARDER
12,80.12,23.14,20,3,77.17,4,EASIER
6,86.13,13.89,7,1,93.96,2,HARDER
12,70.15,34.28,22,5,68.39,4,EASIER
16,69.03,27.14,28,7,47.75,5,EASIER
4,99.62,13.05,4,0,93.77,1,HARDER
4,98.5,9.94,4,0,100.0,1,HARDER
4,99.44,10.96,4,0,100.0,1,HARDER
6,74.34,17.45,9,2,86.66,2,HARDER
9,57.7,35.16,24,7,19.37,3,EASIER
9,68.31,16.17,17,4,64.53,3,EASIER
6,77.37,11.84,10,2,76.94,2,HARDER
9,69.88,32.89,14,4,56.16,3,EASIER
9,99.52,31.17,10,0,96.53,3,HARDER
6,86.22,16.47,8,1,82.8,2,HARDER
9,75.9,21.41,14,3,79.2,3,HARDER
6,99.29,14.55,6,0,100.0,2,HARDER
6,74.72,15.99,9,2,67.63,2,SAME
16,80.29,48.6,22,4,57.72,5,EASIER
6,86.01,16.07,8,1,100.0,2,HARDER
6,59.7,21.9,17,4,59.36,2,EASIER
9,82.38,11.97,11,2,87.97,3,HARDER
12,81.15,25.68,15,3,89.9,4,SAME
4,81.81,23.26,5,1,86.56,1,HARDER
9,79.79,15.09,14,2,74.25,3,SAME
16,100.0,18.85,17,0,97.87,5,HARDER
12,93.23,27.3,14,1,83.58,4,HARDER
4,79.68,11.13,6,1,100.0,1,SAME
6,100.0,11.99,6,0,100.0,2,HARDER
9,71.93,25.33,14,4,66.61,3,EASIER
12,99.96,21.0,13,0,97.41,4,HARDER
12,76.11,28.0,19,4,72.05,4,SAME
6,87.56,14.34,7,1,91.09,2,HARDER
16,74.26,45.89,25,5,62.44,5,EASIER
6,66.73,29.11,11,3,75.17,2,EASIER
6,85.98,12.34,8,1,89.3,2,HARDER
9,68.89,16.24,17,4,71.18,3,SAME
12,75.13,22.31,20,4,54.92,4,SAME
9,75.02,27.43,12,3,85.18,3,SAME
9,99.71,17.73,10,0,92.35,3,HARDER
16,80.21,53.94,22,4,62.36,5,SAME
6,86.15,12.34,7,1,88.78,2,HARDER
9,90.2,14.99,10,1,94.41,3,HARDER
4,78.78,11.02,5,1,92.05,1,HARDER
4,81.82,17.27,5,1,99.92,1,HARDER
6,100.0,13.13,6,0,97.08,2,HARDER
12,83.94,33.51,14,2,93.6,4,HARDER
16,77.8,36.37,25,5,55.91,5,SAME
12,76.15,32.56,19,4,72.05,4,SAME
16,87.73,27.36,21,2,75.64,5,HARDER
4,65.32,14.3,7,2,74.03,1,EASIER
9,69.02,27.5,16,4,64.92,3,EASIER
9,91.22,15.42,12,1,89.62,3,HARDER
12,85.18,11.69,17,2,88.85,4,HARDER
6,74.87,19.02,8,2,97.48,2,HARDER
9,82.15,22.77,12,2,92.36,3,HARDER
4,81.66,17.15,8,1,76.77,1,HARDER
12,86.49,23.19,17,2,68.21,4,SAME
9,91.19,20.36,10,1,86.69,3,HARDER
6,86.26,13.48,9,1,89.6,2,HARDER
9,100.0,18.35,9,0,97.59,3,HARDER
16,77.23,49.68,27,5,62.5,5,EASIER
12,100.0,18.29,12,0,100.0,4,HARDER
4,79.25,14.11,5,1,99.09,1,HARDER
6,85.4,14.78,7,1,87.07,2,HARDER
12,69.84,29.82,20,5,51.34,4,EASIER
12,92.13,20.46,16,1,91.09,4,HARDER
6,99.19,22.47,7,0,84.2,2,HARDER
9,89.58,21.24,14,1,79.66,3,HARDER
4,99.78,8.82,4,0,100.0,1,HARDER
16,94.39,21.32,18,1,83.42,5,HARDER
12,92.93,23.45,14,1,98.02,4,HARDER
4,100.0,10.75,5,0,97.48,1,HARDER
4,99.53,13.08,4,0,100.0,1,HARDER
4,100.0,8.32,4,0,100.0,1,HARDER
12,80.59,19.53,15,3,86.49,4,HARDER
12,92.6,20.43,15,1,96.99,4,HARDER
6,99.03,18.1,6,0,99.55,2,HARDER
16,75.44,30.61,26,5,51.26,5,EASIER
4,98.9,6.52,4,0,100.0,1,HARDER
16,89.44,34.32,18,2,83.61,5,HARDER
9,63.87,15.75,19,5,52.74,3,SAME
12,92.45,18.61,14,1,88.81,4,SAME
12,91.27,19.48,13,1,97.07,4,HARDER
4,99.05,11.44,4,0,97.41,1,HARDER
12,80.27,15.22,15,3,84.82,4,HARDER
16,82.02,26.81,21,3,71.02,5,SAME
12,69.45,40.17,22,5,57.1,4,EASIER
9,69.35,21.86,15,4,73.66,3,EASIER
4,81.64,13.39,5,1,92.24,1,HARDER
16,88.89,29.97,20,2,76.87,5,HARDER
9,64.72,31.39,19,5,50.14,3,EASIER
4,99.28,10.68,4,0,100.0,1,HARDER
9,89.88,15.96,12,1,99.54,3,HARDER
9,73.94,35.62,12,3,68.86,3,EASIER
12,68.1,28.85,18,5,66.68,4,EASIER
16,66.81,55.78,28,8,39.45,5,EASIER
16,90.78,16.85,21,2,90.99,5,HARDER
16,76.48,22.15,23,5,62.89,5,EASIER
12,86.79,27.28,17,2,67.2,4,HARDER
9,68.55,17.03,18,4,52.66,3,EASIER
4,98.18,13.7,4,0,94.77,1,HARDER
12,79.78,30.07,15,3,80.56,4,SAME
9,79.77,22.01,11,2,91.25,3,HARDER
9,100.0,16.28,9,0,99.3,3,HARDER
6,85.77,13.89,9,1,86.42,2,HARDER
12,66.77,24.63,20,6,51.48,4,EASIER
6,85.26,12.7,7,1,100.0,2,HARDER
16,65.9,35.76,31,8,40.98,5,EASIER
12,84.72,42.66,15,2,77.42,4,HARDER
9,82.31,22.97,14,2,84.1,3,HARDER
4,99.62,13.59,4,0,100.0,1,HARDER
9,81.26,22.07,13,2,94.76,3,HARDER
4,100.0,11.3,4,0,100.0,1,HARDER
9,90.8,14.92,10,1,91.53,3,HARDER
4,100.0,10.16,4,0,100.0,1,HARDER
4,66.09,22.76,7,2,76.88,1,SAME
12,73.31,23.93,17,4,80.0,4,SAME
4,99.64,9.11,4,0,100.0,1,HARDER
12,80.75,23.99,15,3,83.36,4,HARDER
9,81.9,34.33,14,2,82.32,3,EASIER
4,99.44,19.45,4,0,98.3,1,HARDER
12,70.83,34.69,18,5,61.68,4,EASIER
12,92.25,18.04,13,1,99.21,4,HARDER
6,84.8,12.65,8,1,100.0,2,HARDER
4,65.64,18.86,6,2,87.32,1,HARDER
4,82.4,11.92,6,1,80.14,1,HARDER
16,79.88,26.07,22,4,65.6,5,SAME
9,100.0,26.04,10,0,96.5,3,HARDER
4,100.0,8.24,4,0,100.0,1,HARDER
6,74.62,20.8,9,2,77.73,2,HARDER
16,93.35,28.15,19,1,100.0,5,HARDER
9,90.01,12.26,11,1,99.11,3,HARDER
4,100.0,17.97,4,0,100.0,1,HARDER
12,85.41,20.95,15,2,87.6,4,SAME
9,75.34,32.3,16,3,84.69,3,SAME
4,100.0,11.72,4,0,94.73,1,HARDER
4,79.71,16.2,8,1,91.59,1,HARDER
4,99.28,10.56,4,0,100.0,1,HARDER
4,99.71,19.88,4,0,97.41,1,HARDER
16,79.89,32.25,24,4,58.35,5,EASIER
4,80.17,14.07,7,1,77.4,1,SAME
9,63.6,19.29,16,5,67.04,3,EASIER
16,77.59,25.36,26,5,47.7,5,EASIER
12,92.24,35.68,15,1,82.35,4,HARDER
16,69.54,41.78,32,7,37.56,5,EASIER
6,98.07,13.71,6,0,92.59,2,HARDER
9,80.88,28.21,12,2,92.39,3,HARDER
4,65.99,16.36,7,2,100.0,1,HARDER
6,74.01,16.06,11,2,78.16,2,SAME
12,68.36,26.78,18,5,59.03,4,EASIER
16,80.52,24.61,23,4,64.42,5,SAME
6,74.42,16.46,9,2,93.96,2,HARDER
6,100.0,11.8,7,0,92.8,2,HARDER
6,98.73,9.31,6,0,100.0,2,HARDER
9,64.94,35.03,17,5,59.23,3,EASIER
12,94.08,27.11,13,1,83.36,4,HARDER
9,100.0,27.65,9,0,98.0,3,HARDER
16,84.97,37.53,22,3,70.88,5,HARDER
4,100.0,9.84,5,0,95.98,1,HARDER
16,64.05,55.91,25,8,30.48,5,EASIER
6,85.56,12.95,7,1,99.64,2,HARDER
12,92.0,14.85,15,1,98.81,4,HARDER
4,99.82,14.58,4,0,100.0,1,HARDER
9,69.09,18.02,17,4,62.44,3,EASIER
16,93.78,39.78,17,1,100.0,5,HARDER
16,79.7,32.42,22,4,55.46,5,SAME
16,81.36,33.52,21,4,64.74,5,SAME
16,86.85,22.64,21,3,91.54,5,HARDER
9,69.94,24.1,14,4,62.16,3,EASIER
12,90.51,21.68,16,1,82.84,4,HARDER
16,73.25,71.71,27,6,48.67,5,EASIER
12,79.01,46.85,18,3,56.31,4,EASIER
6,88.49,19.97,7,1,79.83,2,HARDER
9,99.55,13.63,9,0,98.87,3,HARDER
16,67.2,55.96,28,8,32.4,5,EASIER
4,99.4,12.65,4,0,100.0,1,HARDER
12,86.79,16.42,15,2,83.3,4,HARDER
16,61.08,66.75,30,10,14.31,5,EASIER
9,90.06,12.52,10,1,100.0,3,HARDER
4,99.94,12.23,4,0,100.0,1,HARDER
4,79.35,10.99,5,1,92.3,1,HARDER
9,82.09,22.19,12,2,78.55,3,HARDER
12,72.38,41.5,21,5,59.01,4,EASIER
12,90.74,25.25,15,1,94.31,4,HARDER
16,89.63,35.51,19,2,81.49,5,SAME
6,85.59,12.03,9,1,99.99,2,HARDER
12,76.14,14.45,18,4,66.12,4,SAME
12,100.0,27.45,12,0,91.18,4,HARDER
12,74.71,27.04,20,4,53.34,4,EASIER
4,99.21,14.06,4,0,97.96,1,HARDER
4,80.81,11.77,5,1,99.58,1,HARDER
6,100.0,17.3,6,0,97.65,2,HARDER
4,100.0,14.46,4,0,100.0,1,HARDER
16,68.65,47.5,25,7,40.85,5,EASIER
12,60.54,54.14,25,7,36.91,4,EASIER
9,100.0,17.34,9,0,100.0,3,HARDER
9,75.54,27.43,14,3,54.61,3,SAME
16,76.17,34.12,25,5,54.46,5,EASIER
6,75.21,42.45,9,2,83.66,2,SAME
12,92.58,17.07,15,1,100.0,4,HARDER
16,78.38,37.25,23,4,69.68,5,SAME
6,99.49,12.28,6,0,100.0,2,HARDER
6,84.67,15.66,9,1,99.05,2,HARDER
9,100.0,18.92,9,0,93.69,3,HARDER
9,81.52,22.07,14,2,60.94,3,HARDER
4,99.6,12.88,4,0,100.0,1,HARDER
9,81.6,22.33,13,2,97.82,3,HARDER
9,88.55,25.08,10,1,100.0,3,HARDER
12,64.55,31.25,20,6,59.04,4,EASIER
9,91.33,14.79,10,1,85.64,3,HARDER
16,84.19,29.62,22,3,72.43,5,EASIER
12,70.55,49.88,21,5,59.92,4,EASIER
9,89.92,11.33,12,1,80.61,3,HARDER
6,85.62,15.98,7,1,100.0,2,HARDER
12,93.36,21.83,15,1,100.0,4,HARDER
9,90.09,14.5,10,1,89.03,3,HARDER
16,84.68,29.49,20,3,78.96,5,SAME
16,75.94,40.13,26,5,49.83,5,EASIER
6,99.68,11.5,6,0,98.88,2,HARDER
12,80.0,29.61,16,3,85.72,4,HARDER
4,59.15,14.94,9,3,90.81,1,EASIER
6,85.48,18.9,7,1,85.73,2,HARDER
4,99.89,10.94,4,0,100.0,1,HARDER
16,84.87,20.32,21,3,81.17,5,HARDER
16,79.46,30.41,23,4,72.39,5,SAME
12,74.42,23.03,17,4,61.6,4,EASIER
4,98.13,15.79,4,0,96.31,1,HARDER
9,63.05,24.22,17,5,70.84,3,EASIER
4,99.95,18.46,5,0,93.26,1,HARDER
9,80.12,20.36,14,2,75.3,3,SAME
9,81.48,24.28,13,2,71.11,3,HARDER
9,74.14,27.45,12,3,78.05,3,SAME
12,70.85,32.62,21,5,55.15,4,EASIER
9,90.67,21.85,12,1,88.0,3,HARDER
6,74.49,16.6,11,2,83.2,2,SAME
4,78.3,14.46,7,1,90.82,1,SAME
16,82.92,24.11,21,3,73.67,5,SAME
6,87.22,14.88,8,1,88.77,2,HARDER
16,84.5,26.27,21,3,84.02,5,HARDER
16,94.52,29.4,17,1,99.41,5,HARDER
4,100.0,9.5,4,0,97.15,1,HARDER
4,100.0,11.27,4,0,100.0,1,HARDER
16,72.6,58.8,26,6,37.31,5,EASIER
16,88.23,37.02,21,2,80.09,5,HARDER
16,84.65,22.66,23,3,79.32,5,HARDER
4,100.0,9.44,4,0,100.0,1,HARDER
16,89.78,24.24,20,2,73.69,5,HARDER
12,74.68,23.84,19,4,72.45,4,SAME
12,75.25,65.54,17,4,73.72,4,EASIER
9,65.11,43.58,21,5,61.07,3,EASIER
6,85.56,15.96,8,1,92.36,2,HARDER
16,75.5,34.17,28,5,42.61,5,SAME
16,93.81,34.2,18,1,82.42,5,HARDER
9,68.32,21.73,17,4,59.79,3,EASIER
4,100.0,7.91,4,0,94.42,1,HARDER
9,80.63,22.49,12,2,73.91,3,HARDER
4,100.0,9.88,4,0,97.46,1,HARDER
6,100.0,16.37,7,0,89.98,2,HARDER
6,85.46,11.83,9,1,88.48,2,HARDER
4,98.77,10.65,4,0,94.62,1,HARDER
12,92.65,20.36,14,1,84.3,4,HARDER
12,99.46,22.46,13,0,88.81,4,HARDER
12,67.17,39.62,18,6,53.36,4,EASIER
16,87.15,17.98,19,2,91.08,5,HARDER
9,82.43,22.32,14,2,72.72,3,HARDER
4,100.0,16.97,4,0,100.0,1,HARDER
12,80.95,23.19,16,3,76.88,4,HARDER
9,100.0,20.57,9,0,91.88,3,HARDER
4,56.14,18.61,10,3,69.36,1,EASIER
12,93.8,17.33,13,1,94.54,4,HARDER
6,100.0,12.68,6,0,94.11,2,HARDER
4,100.0,12.48,4,0,100.0,1,HARDER
16,76.29,31.92,27,5,46.68,5,EASIER
9,59.86,40.59,24,6,29.13,3,SAME
6,76.3,30.69,9,2,84.82,2,SAME
16,88.23,26.32,19,2,83.41,5,HARDER
6,85.5,20.32,8,1,92.32,2,HARDER
6,100.0,17.18,6,0,100.0,2,HARDER
6,98.76,20.37,6,0,98.75,2,HARDER
16,78.25,26.6,25,4,66.66,5,SAME
9,81.88,20.97,11,2,85.83,3,HARDER
9,70.5,32.24,16,4,59.55,3,EASIER
4,82.03,20.01,5,1,86.48,1,HARDER
4,80.29,15.09,6,1,97.73,1,HARDER
6,83.42,7.88,8,1,86.41,2,HARDER
6,100.0,12.06,6,0,95.0,2,HARDER
6,74.53,14.06,9,2,82.84,2,SAME
12,64.74,27.37,25,7,41.06,4,EASIER
4,99.52,10.77,5,0,80.26,1,HARDER
9,90.28,15.93,10,1,92.74,3,HARDER
9,90.64,23.02,11,1,84.57,3,HARDER
9,90.31,18.07,12,1,100.0,3,HARDER
4,100.0,12.14,4,0,100.0,1,HARDER
12,80.45,40.4,17,3,82.97,4,SAME
12,100.0,25.73,13,0,100.0,4,HARDER
12,80.05,20.44,19,3,69.76,4,SAME
4,99.88,10.31,4,0,100.0,1,HARDER
16,76.2,39.2,23,5,68.0,5,SAME
12,71.01,24.8,21,5,54.56,4,EASIER
9,66.21,31.39,19,5,61.44,3,EASIER
12,68.83,30.01,21,5,47.72,4,EASIER
4,78.47,13.59,5,1,88.16,1,HARDER
9,99.74,14.56,10,0,100.0,3,HARDER
12,62.96,36.15,20,7,33.65,4,EASIER
4,80.78,5.39,6,1,97.32,1,HARDER
6,85.7,14.01,7,1,89.36,2,HARDER
6,100.0,10.74,6,0,100.0,2,HARDER
9,99.42,15.12,9,0,100.0,3,HARDER
4,98.13,13.07,4,0,95.62,1,HARDER
4,79.98,14.08,7,1,80.45,1,HARDER
12,84.63,34.73,14,2,77.02,4,HARDER
12,90.48,24.24,13,1,87.23,4,HARDER
6,74.81,20.34,8,2,91.12,2,HARDER
4,56.39,23.5,11,3,70.48,1,EASIER
12,86.23,26.63,16,2,79.39,4,HARDER
12,76.3,30.87,18,4,73.0,4,HARDER
6,74.0,36.25,8,2,86.51,2,SAME
9,59.18,27.02,21,6,30.19,3,EASIER
16,68.67,43.41,28,7,40.86,5,EASIER
16,77.02,49.58,26,5,47.75,5,EASIER
9,97.32,10.71,10,0,90.67,3,HARDER
4,98.65,13.92,4,0,100.0,1,HARDER
9,88.23,13.42,13,1,91.02,3,HARDER
6,66.86,22.01,13,3,61.65,2,SAME
16,75.98,52.07,25,5,63.26,5,EASIER
9,82.79,25.78,12,2,94.01,3,HARDER
16,69.65,41.24,27,7,71.63,5,EASIER
6,84.66,26.71,7,1,100.0,2,HARDER
9,68.98,40.0,15,4,68.27,3,EASIER
9,100.0,24.91,9,0,86.58,3,HARDER
12,71.64,34.11,17,5,60.0,4,EASIER
9,63.44,29.3,20,5,43.68,3,EASIER
6,73.99,18.81,8,2,71.04,2,HARDER
9,81.99,24.23,12,2,76.36,3,SAME
4,99.95,14.27,4,0,100.0,1,HARDER
12,93.93,17.23,13,1,100.0,4,HARDER
16,60.43,67.62,35,10,2.64,5,EASIER
12,86.94,20.01,15,2,84.06,4,HARDER
12,79.0,22.08,19,3,64.8,4,HARDER
4,80.16,24.57,6,1,100.0,1,HARDER
9,100.0,12.03,10,0,98.99,3,HARDER
9,81.04,26.34,11,2,83.55,3,HARDER
6,74.2,20.72,8,2,86.4,2,SAME
16,80.05,31.28,26,4,61.61,5,SAME
6,85.37,15.64,7,1,100.0,2,HARDER
16,61.26,46.35,36,10,5.56,5,EASIER
4,80.53,11.45,7,1,84.64,1,HARDER
6,86.83,14.51,8,1,88.45,2,HARDER
6,58.83,14.44,11,4,61.03,2,EASIER
9,63.3,40.02,19,5,53.42,3,EASIER
6,73.87,15.53,9,2,81.68,2,EASIER
12,72.91,57.86,19,5,62.39,4,EASIER
16,72.03,52.18,30,6,40.39,5,EASIER
9,80.87,21.72,12,2,78.32,3,HARDER
16,87.65,25.69,19,2,93.02,5,HARDER
4,80.11,14.44,7,1,93.44,1,HARDER
12,74.31,21.94,20,4,71.32,4,EASIER
6,99.19,8.19,6,0,100.0,2,HARDER
4,80.58,12.6,8,1,81.52,1,HARDER
16,84.37,21.97,20,3,65.6,5,SAME
4,100.0,17.71,4,0,90.34,1,HARDER
9,73.91,20.66,13,3,75.48,3,SAME
9,100.0,18.07,10,0,97.98,3,HARDER
16,86.78,42.86,18,2,95.14,5,HARDER
4,100.0,12.92,4,0,93.22,1,HARDER
16,67.76,24.0,32,7,36.47,5,EASIER
12,70.67,45.25,19,5,54.58,4,EASIER
12,79.75,36.3,16,3,76.02,4,SAME
12,93.41,20.09,14,1,92.22,4,HARDER
4,80.99,13.48,5,1,85.68,1,HARDER
12,79.66,18.76,15,3,74.21,4,HARDER
4,81.12,10.95,5,1,92.79,1,HARDER
4,100.0,27.96,4,0,93.18,1,HARDER
16,73.83,48.35,27,6,42.78,5,EASIER
12,92.51,15.92,15,1,91.71,4,HARDER
9,82.31,21.12,14,2,66.08,3,SAME
9,90.79,17.69,10,1,100.0,3,HARDER
9,91.27,14.47,11,1,100.0,3,HARDER
6,100.0,21.62,6,0,93.21,2,HARDER
16,63.08,51.34,29,9,23.31,5,EASIER
6,84.45,21.96,7,1,100.0,2,HARDER
4,64.81,18.51,7,2,87.54,1,SAME
16,76.52,28.49,24,5,55.6,5,EASIER
12,69.84,30.45,18,5,58.96,4,EASIER
12,87.42,24.99,14,2,75.9,4,HARDER
4,79.58,11.77,6,1,100.0,1,HARDER
16,82.02,27.81,24,4,75.21,5,SAME
9,75.04,24.0,17,3,68.4,3,EASIER
12,74.72,29.07,19,4,66.67,4,SAME
6,85.61,17.48,8,1,91.33,2,HARDER
6,87.39,14.74,7,1,100.0,2,HARDER
4,98.67,12.19,4,0,99.57,1,HARDER
9,64.29,36.18,17,5,59.24,3,EASIER
6,86.21,11.87,8,1,92.67,2,HARDER
9,82.9,20.58,12,2,80.28,3,HARDER
12,87.03,34.15,16,2,81.34,4,HARDER
9,77.31,19.52,14,3,67.86,3,SAME
12,69.23,28.66,24,6,33.9,4,EASIER
9,91.77,11.05,11,1,84.15,3,HARDER
12,76.48,34.57,17,4,71.17,4,SAME
12,86.55,29.79,17,2,97.34,4,HARDER
9,83.2,18.87,12,2,82.3,3,SAME
12,74.7,15.66,19,4,77.57,4,SAME
4,79.26,15.51,7,1,82.11,1,SAME
16,77.03,37.14,22,5,64.74,5,SAME
4,79.89,10.25,6,1,99.37,1,HARDER
6,99.38,23.42,6,0,99.53,2,HARDER
6,85.68,14.35,7,1,96.77,2,HARDER
6,59.31,29.28,12,4,69.08,2,EASIER
12,91.46,19.71,15,1,100.0,4,HARDER
6,85.17,19.96,8,1,89.15,2,HARDER
6,66.4,19.24,12,3,71.54,2,SAME
4,68.34,15.62,8,2,84.12,1,EASIER
4,80.16,19.81,5,1,85.54,1,SAME
6,85.97,16.31,7,1,92.28,2,HARDER
4,97.59,7.22,5,0,98.61,1,HARDER
6,85.15,11.61,7,1,90.42,2,HARDER
16,84.07,27.68,22,3,74.18,5,HARDER
6,86.03,21.91,8,1,84.09,2,HARDER
6,67.98,19.6,9,3,66.26,2,SAME
16,75.88,28.64,23,5,62.23,5,EASIER
16,75.99,26.36,22,5,62.91,5,SAME
6,83.06,11.94,7,1,94.21,2,HARDER
16,78.2,26.89,24,4,61.11,5,EASIER
4,78.85,10.9,5,1,91.35,1,HARDER
6,66.79,13.06,10,3,78.83,2,SAME
16,73.17,31.94,25,6,38.54,5,EASIER
6,66.28,12.32,10,3,63.19,2,SAME
16,66.59,35.34,29,8,32.94,5,EASIER
4,99.99,12.51,4,0,95.45,1,HARDER
16,83.4,36.75,20,3,67.26,5,HARDER
4,100.0,12.64,4,0,96.4,1,HARDER
4,100.0,16.5,4,0,100.0,1,HARDER
12,65.34,56.84,20,6,65.96,4,EASIER
6,100.0,9.89,6,0,97.81,2,HARDER
9,82.48,28.38,14,2,67.93,3,HARDER
12,74.4,40.23,19,4,61.36,4,SAME
12,87.55,17.47,16,2,86.09,4,HARDER
6,100.0,15.15,6,0,98.71,2,HARDER
16,83.81,37.44,21,3,70.65,5,HARDER
12,85.79,20.95,18,2,81.29,4,HARDER
16,66.63,21.45,31,8,30.47,5,EASIER
4,80.94,14.22,5,1,78.74,1,SAME
4,98.82,12.61,4,0,100.0,1,HARDER
12,81.66,28.99,17,3,78.84,4,HARDER
6,84.55,16.35,9,1,81.75,2,HARDER
6,73.73,19.92,10,2,73.58,2,HARDER
16,75.78,25.42,23,5,48.99,5,EASIER
6,86.38,13.23,7,1,97.2,2,HARDER
4,80.91,21.62,5,1,88.47,1,SAME
16,85.34,26.27,26,3,64.52,5,SAME
4,99.54,8.95,4,0,100.0,1,HARDER
4,100.0,7.53,4,0,98.35,1,HARDER
16,71.14,49.46,26,7,55.23,5,EASIER
4,66.29,14.19,6,2,83.03,1,HARDER
16,84.84,35.16,25,3,66.47,5,SAME
12,100.0,15.63,12,0,100.0,4,HARDER
6,88.8,13.72,7,1,91.34,2,HARDER
9,100.0,16.52,10,0,100.0,3,HARDER
12,86.05,20.06,15,2,88.55,4,HARDER
9,89.52,17.07,11,1,100.0,3,HARDER
4,100.0,10.02,4,0,100.0,1,HARDER
12,79.14,33.39,17,3,77.75,4,HARDER
6,84.82,12.71,8,1,94.56,2,HARDER
9,82.86,13.09,13,2,86.75,3,HARDER
16,89.04,42.75,22,2,76.61,5,HARDER
6,99.21,17.64,6,0,100.0,2,HARDER
6,84.41,13.09,7,1,100.0,2,HARDER
6,86.16,19.6,8,1,89.25,2,HARDER
16,88.99,42.83,22,2,88.06,5,HARDER
12,92.45,27.67,16,1,84.35,4,HARDER
9,82.6,19.61,12,2,84.05,3,HARDER
9,75.66,22.07,15,3,66.63,3,SAME
6,85.22,27.86,10,1,89.08,2,SAME
4,99.51,13.86,4,0,100.0,1,HARDER
6,99.48,14.82,6,0,100.0,2,EASIER
6,74.34,24.45,9,2,88.58,2,HARDER
4,79.52,18.54,5,1,100.0,1,HARDER
6,100.0,18.08,6,0,96.31,2,HARDER
16,74.57,47.34,27,6,39.11,5,EASIER
12,99.6,18.2,12,0,100.0,4,HARDER
9,82.44,37.3,15,2,79.07,3,HARDER
4,100.0,11.69,4,0,89.19,1,HARDER
16,76.85,35.43,23,5,48.61,5,EASIER
12,79.16,35.72,15,3,91.17,4,SAME
6,64.04,20.74,11,3,74.79,2,EASIER
9,89.51,9.7,12,1,91.67,3,HARDER
6,76.14,24.47,9,2,91.17,2,SAME
9,100.0,11.96,9,0,100.0,3,HARDER
12,92.81,10.49,14,1,99.56,4,HARDER
16,70.23,65.25,28,7,48.17,5,EASIER
6,99.94,11.95,6,0,100.0,2,HARDER
6,99.34,12.65,6,0,96.8,2,HARDER
12,85.73,30.18,19,2,68.44,4,HARDER
4,99.79,13.61,4,0,100.0,1,HARDER
12,74.77,18.63,18,4,62.39,4,HARDER
12,93.8,19.31,14,1,98.91,4,HARDER
6,73.08,13.02,9,2,78.03,2,HARDER
12,74.65,29.75,17,4,66.04,4,SAME
9,78.57,17.86,12,2,92.76,3,HARDER
16,75.38,26.24,22,5,65.29,5,EASIER
6,84.72,14.55,8,1,85.55,2,HARDER
4,79.85,17.13,5,1,99.31,1,HARDER
9,82.76,34.63,12,2,86.97,3,HARDER
6,100.0,11.53,6,0,100.0,2,HARDER
6,100.0,19.98,6,0,100.0,2,HARDER
12,74.83,31.73,19,4,67.02,4,EASIER
9,80.52,30.22,13,2,84.88,3,SAME
6,100.0,12.76,6,0,100.0,2,HARDER
16,71.68,33.95,30,6,37.2,5,EASIER
16,89.54,28.82,21,2,81.06,5,HARDER
9,80.57,18.33,15,2,93.09,3,HARDER
16,79.34,26.5,23,4,74.34,5,SAME
12,84.59,23.01,16,2,95.04,4,HARDER
4,100.0,15.76,4,0,95.75,1,SAME
16,80.07,41.42,24,4,69.33,5,SAME
9,80.81,26.63,14,2,78.57,3,EASIER
12,68.23,31.89,24,6,40.85,4,EASIER
12,84.95,26.26,14,2,81.25,4,HARDER
9,99.94,16.97,10,0,97.89,3,HARDER
12,70.36,27.75,19,5,53.94,4,EASIER
6,76.36,16.86,10,2,67.78,2,HARDER
4,98.51,9.8,5,0,98.52,1,HARDER
12,86.22,26.3,14,2,84.35,4,HARDER
4,100.0,9.69,5,0,100.0,1,HARDER
12,73.4,23.51,22,4,37.83,4,EASIER
9,91.83,11.3,11,1,96.62,3,HARDER
4,79.65,13.65,5,1,75.87,1,HARDER
4,100.0,14.51,4,0,98.77,1,HARDER
4,99.07,12.97,4,0,100.0,1,HARDER
12,80.84,22.86,17,3,64.81,4,HARDER
4,100.0,10.66,4,0,100.0,1,HARDER
12,86.87,18.97,14,2,71.21,4,HARDER
9,83.53,18.74,14,2,76.38,3,HARDER
12,82.23,28.83,17,3,73.61,4,HARDER
4,100.0,16.85,5,0,92.89,1,HARDER
4,100.0,13.2,4,0,98.57,1,HARDER
12,71.66,37.57,25,5,50.58,4,EASIER
12,81.01,30.44,19,3,84.27,4,SAME
12,66.65,43.39,23,6,49.34,4,EASIER
9,75.79,16.89,15,3,64.97,3,SAME
16,66.49,36.99,29,8,24.44,5,EASIER
4,79.59,11.6,5,1,91.41,1,HARDER
16,81.14,43.54,22,4,70.98,5,SAME
16,76.56,44.6,26,5,59.64,5,EASIER
9,89.44,21.9,11,1,75.25,3,HARDER
16,80.2,31.21,24,4,49.74,5,SAME
9,90.95,28.46,13,1,96.66,3,HARDER
9,81.2,18.43,13,2,82.74,3,HARDER
6,99.56,12.21,6,0,91.96,2,HARDER
4,100.0,11.75,4,0,95.1,1,HARDER
16,79.45,25.4,28,4,61.81,5,SAME
16,90.27,35.73,19,2,89.23,5,HARDER
12,92.02,20.73,14,1,80.54,4,HARDER
6,84.53,18.29,10,1,81.99,2,HARDER
12,74.36,34.14,20,4,68.55,4,EASIER
4,66.01,19.15,8,2,63.05,1,EASIER
16,76.88,51.89,21,5,73.71,5,EASIER
4,81.21,12.36,6,1,91.23,1,HARDER
9,75.65,30.64,13,3,84.83,3,SAME
6,100.0,13.26,6,0,94.9,2,HARDER
16,69.76,66.47,25,7,45.84,5,EASIER
9,90.33,15.03,10,1,97.48,3,HARDER
4,65.6,18.32,6,2,87.1,1,EASIER
4,99.72,16.17,4,0,99.8,1,EASIER
4,80.07,17.29,7,1,86.05,1,HARDER
16,82.13,18.1,23,4,54.15,5,SAME
16,75.48,34.92,24,5,65.33,5,EASIER
12,71.1,58.08,19,5,65.98,4,EASIER
9,81.04,31.57,13,2,84.48,3,HARDER
16,94.25,24.47,17,1,97.94,5,HARDER
16,88.03,22.42,20,2,88.46,5,HARDER
9,81.96,36.72,12,2,78.34,3,HARDER
9,68.58,23.81,16,4,69.68,3,EASIER
9,83.74,19.63,15,2,72.73,3,SAME
9,89.9,14.86,11,1,92.49,3,HARDER
12,78.56,15.7,15,3,83.48,4,HARDER
4,67.73,16.38,8,2,72.14,1,EASIER
4,58.05,20.9,8,3,78.18,1,EASIER
9,90.7,17.18,12,1,91.61,3,HARDER
9,70.35,24.75,13,4,70.78,3,EASIER
6,99.69,12.61,6,0,91.27,2,HARDER
16,79.67,21.25,27,4,51.51,5,SAME
9,59.57,39.58,18,6,56.1,3,EASIER
16,78.57,36.31,24,4,77.67,5,SAME
16,85.24,27.64,21,3,80.47,5,HARDER
12,68.1,35.47,23,5,62.33,4,EASIER
16,68.83,61.79,29,7,27.77,5,EASIER
9,91.43,12.53,11,1,96.87,3,HARDER
9,87.46,18.95,10,1,98.33,3,HARDER
9,89.91,22.27,10,1,77.76,3,HARDER
12,80.87,21.21,17,3,85.36,4,HARDER
6,99.73,13.15,6,0,100.0,2,HARDER
4,100.0,9.48,4,0,91.52,1,HARDER
6,100.0,13.14,6,0,87.89,2,HARDER
9,82.8,15.82,13,2,85.38,3,HARDER
6,85.94,21.48,7,1,82.28,2,HARDER
12,79.56,28.39,18,3,67.26,4,SAME
12,91.6,22.01,15,1,81.91,4,HARDER
12,92.57,19.94,13,1,88.71,4,HARDER
6,100.0,14.22,7,0,94.53,2,HARDER
4,98.64,9.78,4,0,100.0,1,HARDER
16,73.27,55.01,28,6,39.71,5,EASIER
4,100.0,14.93,4,0,100.0,1,HARDER
12,66.38,39.77,24,6,44.25,4,EASIER
16,85.37,25.38,20,3,67.95,5,HARDER
6,86.29,13.92,8,1,94.98,2,HARDER
6,98.93,14.84,6,0,99.78,2,HARDER
9,91.26,23.99,11,1,96.62,3,HARDER
12,93.91,31.49,13,1,99.63,4,HARDER
9,80.45,16.04,12,2,95.5,3,SAME
6,100.0,15.04,6,0,100.0,2,HARDER
4,100.0,10.59,4,0,95.57,1,HARDER
16,89.21,16.17,19,2,69.15,5,HARDER
4,79.98,17.85,5,1,99.14,1,HARDER
16,79.67,35.72,26,4,69.59,5,HARDER
6,100.0,11.55,7,0,100.0,2,HARDER
12,84.91,19.84,15,2,86.39,4,HARDER
9,70.57,40.56,13,4,59.32,3,EASIER
12,84.86,20.69,14,2,90.25,4,HARDER
6,100.0,12.27,6,0,100.0,2,HARDER
12,79.53,24.93,19,3,81.6,4,HARDER
6,75.44,15.99,9,2,85.5,2,HARDER
9,89.27,16.49,12,1,94.82,3,HARDER
6,100.0,11.28,6,0,100.0,2,HARDER
4,99.29,10.18,5,0,98.59,1,HARDER
12,67.03,63.59,19,6,60.01,4,HARDER
9,89.54,18.57,10,1,87.94,3,HARDER
9,82.32,24.48,12,2,92.42,3,HARDER
4,81.36,12.19,6,1,93.17,1,HARDER
12,92.09,22.29,13,1,100.0,4,HARDER
4,100.0,9.82,4,0,100.0,1,HARDER
12,85.43,26.44,16,2,76.49,4,HARDER
12,91.99,21.31,13,1,84.85,4,HARDER
12,80.46,25.48,17,3,77.29,4,HARDER
12,79.72,21.93,15,3,74.87,4,HARDER
16,88.48,36.47,18,2,96.34,5,HARDER
16,81.28,38.25,25,4,60.61,5,EASIER
6,74.75,19.0,10,2,79.06,2,SAME
4,98.77,9.15,4,0,90.48,1,HARDER
6,86.84,33.79,7,1,84.4,2,SAME
6,86.92,16.08,9,1,89.87,2,HARDER
6,66.51,20.41,14,3,71.56,2,EASIER
12,80.05,14.65,17,3,66.58,4,HARDER
6,100.0,16.48,6,0,100.0,2,HARDER
4,65.9,17.51,7,2,76.16,1,EASIER
4,67.1,13.94,6,2,82.26,1,EASIER
6,84.87,14.99,7,1,100.0,2,HARDER
16,89.82,34.77,19,2,85.53,5,HARDER
16,69.27,44.34,30,7,46.17,5,EASIER
9,68.24,22.54,15,4,57.15,3,EASIER
6,100.0,25.96,6,0,100.0,2,HARDER
16,64.59,43.77,26,9,25.8,5,EASIER
12,100.0,25.42,12,0,96.19,4,HARDER
6,75.56,15.28,8,2,66.02,2,SAME
9,90.96,11.2,10,1,99.27,3,HARDER
12,69.58,44.57,21,5,51.1,4,EASIER
6,68.7,27.52,14,3,49.9,2,EASIER
16,70.34,61.02,29,7,52.92,5,EASIER
6,83.97,12.38,7,1,91.3,2,HARDER
4,98.05,14.59,4,0,100.0,1,HARDER
16,74.38,18.5,30,6,49.25,5,EASIER
12,79.41,26.3,21,3,66.96,4,HARDER
9,89.17,36.75,11,1,87.68,3,HARDER
12,79.0,36.32,16,3,74.23,4,EASIER
9,81.6,16.71,12,2,83.67,3,SAME
12,100.0,22.56,12,0,98.7,4,HARDER
16,75.63,25.22,23,5,57.75,5,SAME
16,67.07,47.24,31,8,24.7,5,EASIER
16,73.92,43.24,28,6,40.88,5,EASIER
16,77.95,45.25,24,4,59.5,5,SAME
9,80.86,19.33,11,2,69.69,3,HARDER
6,85.9,14.53,8,1,94.29,2,HARDER
9,90.49,24.81,12,1,100.0,3,HARDER
16,79.67,43.9,22,4,71.44,5,SAME
9,75.47,26.97,15,3,74.94,3,SAME
6,85.43,19.23,8,1,91.82,2,HARDER
16,75.42,46.19,25,5,52.92,5,EASIER
6,86.87,16.95,8,1,100.0,2,HARDER
6,84.05,16.78,8,1,90.6,2,HARDER
4,100.0,5.63,4,0,100.0,1,HARDER
16,72.78,31.75,28,6,47.53,5,EASIER
16,100.0,19.31,17,0,95.39,5,HARDER
4,99.73,9.64,4,0,100.0,1,HARDER
9,91.25,12.14,11,1,85.83,3,HARDER
6,99.96,23.51,6,0,90.83,2,HARDER
9,91.14,14.23,12,1,78.67,3,HARDER
16,73.76,39.92,27,6,40.71,5,EASIER
9,81.11,13.98,13,2,84.49,3,HARDER
4,100.0,9.47,4,0,100.0,1,HARDER
6,85.23,19.33,8,1,86.3,2,HARDER
9,91.44,14.03,11,1,76.66,3,HARDER
6,73.56,17.84,8,2,88.83,2,HARDER
6,100.0,7.34,6,0,95.77,2,HARDER
6,85.61,17.45,11,1,80.98,2,HARDER
6,86.32,16.29,7,1,98.24,2,HARDER
6,86.33,16.4,7,1,98.62,2,HARDER
12,78.59,35.35,17,3,78.65,4,SAME
6,75.17,27.3,11,2,67.65,2,SAME
12,100.0,15.81,15,0,98.12,4,HARDER
12,78.76,21.32,15,3,80.79,4,SAME
6,73.13,12.82,10,2,75.3,2,HARDER
12,94.31,19.88,15,1,88.18,4,HARDER
16,94.4,22.14,20,1,81.84,5,HARDER
9,100.0,13.87,9,0,96.5,3,HARDER
6,76.46,18.92,9,2,76.68,2,SAME
4,98.96,7.0,4,0,100.0,1,HARDER
6,87.43,17.57,8,1,84.41,2,HARDER
12,70.42,26.15,20,5,50.98,4,HARDER
12,80.4,25.18,16,3,78.59,4,SAME
4,79.75,16.36,5,1,99.93,1,HARDER
4,100.0,11.16,4,0,100.0,1,HARDER
6,73.76,22.88,12,2,91.39,2,HARDER
4,100.0,11.17,4,0,94.02,1,HARDER
4,78.92,11.61,5,1,89.21,1,HARDER
16,75.91,38.76,26,5,54.71,5,EASIER
6,75.42,18.06,10,2,79.18,2,SAME
16,74.53,45.31,25,5,46.29,5,EASIER
4,99.89,11.93,4,0,98.0,1,HARDER
6,84.63,24.21,8,1,100.0,2,HARDER
4,80.39,21.67,8,1,88.6,1,HARDER
6,99.04,9.64,7,0,97.69,2,HARDER
16,80.58,23.42,22,4,62.44,5,SAME
12,84.5,19.35,14,2,100.0,4,HARDER
16,82.72,29.82,20,3,83.22,5,HARDER
4,80.81,17.02,6,1,100.0,1,EASIER
6,75.64,19.31,10,2,68.58,2,SAME
16,75.67,28.27,24,5,62.76,5,SAME
4,99.79,11.56,4,0,100.0,1,HARDER
9,91.73,17.34,11,1,98.37,3,HARDER
4,99.96,10.62,4,0,93.03,1,HARDER
12,79.35,22.74,17,3,84.72,4,HARDER
4,100.0,12.57,4,0,100.0,1,HARDER
16,74.78,41.79,22,5,60.06,5,EASIER
12,98.98,16.66,12,0,93.84,4,HARDER
16,77.08,44.22,22,5,62.4,5,SAME
12,99.92,21.5,12,0,100.0,4,HARDER
4,98.43,9.26,4,0,100.0,1,HARDER
4,58.1,24.85,9,3,78.03,1,EASIER
16,83.2,22.02,20,3,71.54,5,HARDER
4,100.0,13.23,4,0,98.34,1,HARDER
12,71.22,33.52,21,5,43.75,4,EASIER
4,99.6,10.17,4,0,100.0,1,HARDER
6,100.0,13.93,7,0,100.0,2,HARDER
6,85.56,10.48,7,1,94.08,2,HARDER
12,78.8,42.76,20,3,74.17,4,HARDER
16,82.35,22.14,23,4,64.03,5,SAME
9,81.91,24.11,11,2,93.11,3,HARDER
6,85.59,11.55,9,1,88.08,2,HARDER
16,64.77,53.62,31,9,31.75,5,EASIER
12,79.61,22.75,16,3,88.58,4,HARDER
16,64.5,43.05,32,8,22.9,5,EASIER
6,100.0,17.06,6,0,100.0,2,HARDER
16,71.47,28.93,24,6,51.43,5,EASIER
9,99.07,26.85,9,0,100.0,3,HARDER
9,82.21,34.76,13,2,63.65,3,SAME
4,79.61,20.04,6,1,83.79,1,HARDER
12,67.59,28.83,22,6,45.2,4,EASIER
16,84.68,35.06,22,3,73.47,5,HARDER
9,100.0,11.32,9,0,100.0,3,HARDER
12,92.24,18.57,14,1,82.92,4,HARDER
16,76.47,32.75,24,5,49.12,5,EASIER
12,70.64,27.18,20,5,51.77,4,EASIER
6,86.91,13.38,8,1,100.0,2,HARDER
6,98.23,14.55,6,0,100.0,2,HARDER
16,89.71,27.0,20,2,100.0,5,HARDER
12,74.29,29.66,18,4,71.81,4,SAME
12,80.96,23.44,18,3,64.31,4,SAME
16,94.65,33.66,19,1,76.55,5,HARDER
12,83.69,21.82,15,2,77.85,4,HARDER
16,75.85,40.64,22,5,58.41,5,EASIER
16,73.34,32.35,26,6,33.7,5,EASIER
4,100.0,16.73,4,0,91.57,1,HARDER
6,100.0,9.57,7,0,99.43,2,HARDER
16,75.69,28.61,24,5,54.4,5,EASIER
9,82.12,19.87,12,2,77.44,3,SAME
12,75.42,21.83,20,4,47.27,4,SAME
12,63.89,47.81,24,7,37.64,4,EASIER
16,66.08,47.7,30,8,24.12,5,EASIER
12,73.73,20.6,20,4,65.73,4,SAME
16,80.22,47.57,25,4,60.08,5,EASIER
9,100.0,15.75,9,0,100.0,3,HARDER
16,84.93,37.23,23,3,67.22,5,SAME
12,85.29,24.81,14,2,81.7,4,HARDER
4,100.0,11.24,4,0,100.0,1,HARDER
4,67.24,10.05,7,2,82.58,1,HARDER
6,100.0,16.35,6,0,94.27,2,HARDER
12,78.68,32.31,20,3,59.04,4,HARDER
9,100.0,16.67,9,0,94.17,3,HARDER
6,100.0,16.66,6,0,100.0,2,HARDER
4,99.19,7.0,4,0,100.0,1,HARDER
4,67.73,19.58,7,2,89.1,1,SAME
9,80.31,25.52,12,2,79.19,3,HARDER
16,65.59,37.24,31,8,17.37,5,EASIER
12,85.1,22.85,16,2,83.32,4,HARDER
9,89.83,21.02,11,1,84.28,3,HARDER
16,76.88,33.6,23,5,61.76,5,SAME
12,61.42,35.11,24,7,40.14,4,EASIER
16,79.78,18.82,22,4,66.8,5,SAME
16,80.7,31.61,22,4,71.11,5,HARDER
4,100.0,11.91,4,0,98.53,1,HARDER
16,74.09,55.47,25,6,47.25,5,EASIER
12,69.22,28.38,22,5,51.35,4,EASIER
16,67.68,24.49,26,8,41.48,5,EASIER
16,84.89,24.88,21,3,73.9,5,HARDER
12,85.88,16.98,16,2,82.23,4,HARDER
12,73.11,25.54,18,4,60.79,4,SAME
16,74.39,48.83,24,6,50.44,5,EASIER
16,83.31,50.91,20,3,81.99,5,SAME
4,100.0,14.0,4,0,95.87,1,HARDER
4,99.63,10.67,4,0,93.75,1,HARDER
12,71.54,36.9,19,5,56.28,4,EASIER
6,99.48,20.39,6,0,96.66,2,HARDER
9,100.0,17.92,9,0,94.18,3,HARDER
16,83.71,36.12,21,3,83.5,5,HARDER
6,100.0,16.77,6,0,95.57,2,HARDER
4,81.06,8.2,5,1,100.0,1,HARDER
12,76.45,48.11,18,4,70.05,4,EASIER
4,99.36,7.3,4,0,99.82,1,HARDER
9,76.82,43.55,14,3,71.99,3,EASIER
9,88.43,13.28,10,1,89.64,3,HARDER
9,87.68,21.17,11,1,100.0,3,HARDER
12,86.68,32.79,16,2,79.37,4,HARDER
6,85.07,29.91,8,1,92.94,2,HARDER
12,85.05,50.15,16,2,88.73,4,HARDER
9,68.77,22.68,13,4,64.14,3,EASIER
12,71.94,29.36,21,5,72.36,4,SAME
6,99.77,11.21,6,0,100.0,2,HARDER
12,93.65,14.37,13,1,92.63,4,HARDER
6,85.72,17.6,9,1,92.39,2,HARDER
12,71.41,47.31,21,5,58.39,4,EASIER
12,84.37,28.72,15,2,83.55,4,HARDER
6,100.0,14.99,6,0,89.35,2,HARDER
16,84.14,31.09,21,3,75.61,5,HARDER
16,69.93,43.18,26,7,45.99,5,EASIER
12,75.19,39.73,19,4,51.95,4,EASIER
16,69.9,63.65,27,7,38.47,5,EASIER
16,76.4,20.73,24,5,56.09,5,EASIER
4,100.0,16.38,4,0,94.92,1,HARDER
12,79.33,25.07,21,3,70.26,4,SAME
12,100.0,15.2,12,0,92.17,4,HARDER
12,84.74,23.06,16,2,85.34,4,HARDER
4,98.89,10.56,4,0,97.5,1,SAME
16,100.0,22.51,17,0,100.0,5,HARDER
6,100.0,18.17,7,0,86.93,2,HARDER
12,99.99,29.07,12,0,91.83,4,HARDER
6,59.69,25.35,10,4,71.54,2,EASIER
16,83.83,30.67,22,3,65.37,5,EASIER
16,84.05,30.62,23,3,85.68,5,HARDER
16,83.99,32.48,26,3,78.38,5,HARDER
6,100.0,9.31,6,0,100.0,2,HARDER
12,86.92,17.11,14,2,81.09,4,HARDER
9,81.6,23.7,11,2,82.06,3,HARDER
12,79.16,42.18,19,3,71.11,4,SAME
4,57.72,23.72,9,3,62.36,1,EASIER
12,74.11,28.43,21,4,64.69,4,SAME
16,89.14,25.99,19,2,96.1,5,HARDER
9,68.41,28.97,13,4,76.15,3,EASIER
16,67.17,33.89,25,8,44.38,5,EASIER
12,74.31,36.92,24,4,58.39,4,EASIER
4,98.34,14.04,4,0,100.0,1,HARDER
4,100.0,14.79,4,0,100.0,1,SAME
12,70.46,36.61,23,5,47.93,4,EASIER
16,71.61,48.0,28,6,48.85,5,EASIER
12,79.8,22.67,17,3,88.35,4,SAME
9,89.77,21.19,11,1,95.61,3,HARDER
4,67.28,26.95,8,2,74.18,1,EASIER
6,74.89,18.35,12,2,77.51,2,HARDER
6,66.47,20.39,11,3,78.58,2,SAME
16,72.59,41.27,28,6,52.42,5,SAME
12,85.0,24.33,14,2,83.72,4,HARDER
12,66.7,24.82,23,6,56.74,4,EASIER
9,89.02,30.78,10,1,100.0,3,HARDER
4,99.72,10.11,4,0,100.0,1,HARDER
16,65.48,55.28,28,8,22.19,5,EASIER
16,89.17,23.7,21,2,85.58,5,HARDER
9,89.9,16.06,11,1,93.1,3,HARDER
4,98.77,21.78,4,0,97.87,1,HARDER
6,85.45,12.18,7,1,82.19,2,HARDER
16,65.73,42.37,30,8,28.64,5,EASIER
9,68.36,50.35,20,4,50.22,3,EASIER
9,76.98,15.32,14,3,79.98,3,SAME
4,79.78,11.08,5,1,87.27,1,HARDER
16,65.12,36.68,35,8,24.45,5,EASIER
16,100.0,16.86,16,0,100.0,5,HARDER
9,72.94,16.47,13,3,78.52,3,EASIER
16,85.44,24.08,23,3,60.86,5,SAME
4,100.0,19.5,5,0,100.0,1,HARDER
4,66.06,15.49,7,2,78.83,1,SAME
9,90.57,17.65,11,1,81.57,3,HARDER
9,100.0,13.03,10,0,95.28,3,HARDER
9,99.95,16.16,10,0,93.8,3,HARDER
4,100.0,12.17,4,0,100.0,1,HARDER
12,78.62,17.15,16,3,81.35,4,SAME
6,100.0,19.79,6,0,80.73,2,HARDER
9,67.51,26.5,15,4,53.39,3,EASIER
12,79.95,26.36,21,3,65.33,4,EASIER
9,100.0,23.56,9,0,100.0,3,HARDER
9,75.25,17.86,17,3,72.07,3,SAME
9,80.75,12.71,13,2,82.27,3,HARDER
9,90.1,19.57,11,1,93.59,3,HARDER
12,67.2,27.34,20,6,58.22,4,EASIER
4,78.99,10.2,8,1,84.33,1,HARDER
6,76.97,22.83,9,2,86.88,2,HARDER
12,86.2,33.96,16,2,91.19,4,HARDER
4,80.03,20.44,6,1,92.86,1,HARDER
6,67.25,19.54,12,3,67.63,2,SAME
4,99.33,18.46,4,0,100.0,1,HARDER
9,91.09,24.05,11,1,94.63,3,HARDER
16,82.65,32.49,26,4,69.85,5,SAME
12,86.21,27.86,15,2,72.48,4,SAME
4,81.05,10.23,5,1,98.26,1,HARDER
16,87.98,23.46,19,2,84.42,5,HARDER
9,81.55,18.58,12,2,77.3,3,HARDER
9,92.18,29.5,10,1,100.0,3,HARDER
9,90.79,14.3,10,1,88.3,3,HARDER
16,72.48,38.8,25,6,56.34,5,EASIER
9,82.19,14.6,15,2,87.29,3,HARDER
6,74.34,20.1,9,2,91.03,2,HARDER
12,79.17,22.57,17,3,69.25,4,HARDER
16,76.58,31.47,28,5,36.11,5,EASIER
12,87.68,34.2,15,2,84.4,4,HARDER
6,86.55,12.66,7,1,100.0,2,HARDER
12,91.6,29.9,15,1,90.57,4,HARDER
4,98.89,12.88,4,0,86.43,1,HARDER
6,74.88,15.86,8,2,72.98,2,SAME
12,84.67,24.53,15,2,94.64,4,HARDER
9,81.94,19.17,12,2,85.35,3,HARDER
12,80.3,17.16,16,3,69.16,4,SAME
4,100.0,10.36,4,0,100.0,1,HARDER
9,99.44,12.8,10,0,100.0,3,HARDER
6,99.84,11.88,7,0,98.7,2,HARDER
9,74.87,14.89,13,3,71.98,3,SAME
9,86.62,15.16,10,1,71.92,3,HARDER
6,85.58,9.96,8,1,88.74,2,HARDER
12,74.79,37.73,17,4,80.3,4,EASIER
9,82.95,25.22,12,2,78.27,3,HARDER
12,72.69,27.31,22,5,56.61,4,EASIER
16,81.03,34.49,23,4,67.84,5,SAME
16,69.75,29.3,29,7,47.83,5,EASIER
12,76.03,44.08,21,4,67.24,4,SAME
12,85.27,23.12,15,2,85.88,4,HARDER
6,68.11,17.78,9,3,66.65,2,EASIER
9,90.01,16.14,11,1,84.34,3,HARDER
9,80.55,20.64,12,2,82.54,3,SAME
4,100.0,11.1,4,0,96.46,1,HARDER
6,100.0,15.57,6,0,100.0,2,HARDER
4,81.11,10.8,5,1,99.02,1,HARDER
9,89.76,15.13,12,1,89.92,3,HARDER
4,99.78,12.59,4,0,95.85,1,HARDER
9,75.79,28.13,16,3,67.77,3,EASIER
12,84.64,38.44,14,2,89.16,4,HARDER
6,100.0,13.04,6,0,100.0,2,HARDER
12,100.0,23.82,13,0,90.11,4,HARDER
4,67.55,24.65,6,2,78.39,1,EASIER
12,63.39,28.98,25,7,34.05,4,EASIER
9,81.02,23.39,13,2,78.35,3,SAME
16,88.5,30.65,23,2,82.55,5,SAME
9,91.45,21.86,13,1,84.03,3,HARDER
6,100.0,8.99,7,0,89.73,2,HARDER
9,100.0,14.03,9,0,95.82,3,HARDER
12,85.36,18.68,15,2,78.0,4,HARDER
9,73.84,35.22,16,3,63.02,3,EASIER
4,99.05,16.83,4,0,100.0,1,HARDER
16,75.37,32.63,24,5,51.05,5,EASIER
6,86.53,14.92,8,1,76.95,2,HARDER
4,80.71,13.66,5,1,78.13,1,EASIER
12,79.84,29.39,17,3,73.47,4,EASIER
16,74.75,69.79,24,5,64.64,5,EASIER
6,84.76,16.83,9,1,91.51,2,HARDER
4,65.77,19.15,6,2,78.56,1,SAME
12,92.75,11.96,14,1,83.53,4,HARDER
9,81.07,27.6,12,2,91.53,3,HARDER
12,85.26,26.99,17,2,74.05,4,SAME
4,80.84,17.48,5,1,92.33,1,HARDER
16,70.17,58.16,25,7,45.88,5,EASIER
4,80.26,25.43,6,1,71.49,1,HARDER
16,80.47,30.73,22,4,69.52,5,SAME
16,75.4,44.94,26,5,54.55,5,EASIER
9,74.99,30.32,15,3,62.46,3,SAME
16,65.74,35.92,30,8,33.02,5,EASIER
12,87.41,33.78,14,2,70.72,4,HARDER
12,93.66,24.61,13,1,96.79,4,HARDER
6,76.09,23.19,10,2,68.14,2,HARDER
9,97.86,18.92,9,0,100.0,3,HARDER
16,78.91,22.63,21,4,70.16,5,HARDER
4,100.0,13.78,4,0,100.0,1,HARDER
9,80.87,17.25,13,2,93.56,3,SAME
9,100.0,8.38,9,0,98.58,3,HARDER
4,100.0,16.24,4,0,100.0,1,HARDER
16,80.08,40.93,23,4,67.85,5,HARDER
12,80.03,26.77,20,3,77.9,4,SAME
12,76.68,43.8,18,4,81.75,4,EASIER
12,84.05,53.26,15,2,73.85,4,HARDER
6,85.58,17.0,8,1,88.77,2,HARDER
9,100.0,21.33,9,0,100.0,3,HARDER
6,100.0,15.79,7,0,100.0,2,HARDER
9,68.85,31.39,17,4,52.56,3,EASIER
16,73.12,32.7,27,6,47.21,5,EASIER
9,99.28,20.7,9,0,87.48,3,HARDER
12,75.04,23.08,19,4,73.71,4,EASIER
4,79.98,8.51,6,1,83.85,1,HARDER
9,91.16,11.39,11,1,99.37,3,HARDER
4,100.0,9.61,5,0,89.99,1,HARDER
16,90.06,25.0,20,2,74.12,5,HARDER
16,81.56,54.71,28,4,53.18,5,EASIER
16,84.71,30.25,19,3,88.66,5,HARDER
16,59.43,57.85,36,11,1.93,5,EASIER
12,91.12,15.16,13,1,92.52,4,SAME
16,78.69,34.94,25,5,68.96,5,SAME
6,100.0,12.21,6,0,100.0,2,HARDER
9,75.33,26.75,13,3,80.43,3,SAME
9,79.74,15.07,14,2,94.44,3,HARDER
9,82.53,17.92,15,2,80.83,3,HARDER
6,100.0,10.82,6,0,98.05,2,HARDER
16,79.7,26.3,23,4,74.77,5,SAME
6,100.0,19.98,6,0,100.0,2,HARDER
16,65.64,95.48,29,8,35.75,5,EASIER
4,100.0,8.98,5,0,100.0,1,HARDER
9,90.02,17.94,12,1,88.82,3,HARDER
4,79.24,11.93,6,1,96.2,1,HARDER
6,84.86,15.59,9,1,78.66,2,HARDER
16,80.92,26.49,22,4,66.77,5,SAME
6,75.56,18.47,9,2,90.17,2,HARDER
12,77.21,26.03,17,4,67.44,4,HARDER
4,99.29,8.97,4,0,100.0,1,HARDER
6,76.43,29.24,8,2,94.29,2,SAME
6,59.64,15.9,11,4,61.11,2,EASIER
12,85.44,25.67,15,2,77.02,4,HARDER
4,81.09,13.01,7,1,92.51,1,HARDER
9,100.0,13.75,9,0,89.41,3,HARDER
16,92.3,30.07,19,1,97.95,5,HARDER
6,74.57,8.93,8,2,90.23,2,HARDER
12,70.67,30.62,22,5,53.31,4,EASIER
6,84.59,17.19,7,1,92.16,2,HARDER
12,74.56,22.91,19,4,62.98,4,SAME
4,79.09,13.95,6,1,84.64,1,HARDER
12,91.05,21.07,13,1,100.0,4,HARDER
9,90.8,11.78,11,1,100.0,3,HARDER
6,84.87,16.81,9,1,95.91,2,SAME
6,100.0,13.27,6,0,100.0,2,HARDER
9,91.01,20.11,11,1,76.82,3,HARDER
9,74.04,29.02,14,3,84.07,3,EASIER
4,80.75,10.52,5,1,94.78,1,HARDER
6,74.74,24.53,11,2,87.28,2,HARDER
4,65.49,18.16,8,2,72.97,1,EASIER
6,100.0,17.09,6,0,95.56,2,HARDER
9,90.2,14.85,11,1,100.0,3,HARDER
6,100.0,12.01,6,0,96.55,2,HARDER
6,74.76,20.85,8,2,81.65,2,SAME
6,86.44,16.89,9,1,91.92,2,HARDER
9,90.92,17.72,11,1,98.13,3,HARDER
6,100.0,14.03,6,0,100.0,2,HARDER
12,79.95,34.03,18,3,72.01,4,SAME
4,78.89,13.06,6,1,85.74,1,HARDER
12,91.98,20.48,13,1,98.12,4,HARDER
12,71.76,25.5,18,5,74.07,4,SAME
12,74.52,36.84,19,4,50.54,4,EASIER
16,66.77,56.68,33,8,18.2,5,EASIER
6,98.92,10.09,7,0,100.0,2,HARDER
6,66.31,22.36,12,3,62.15,2,SAME
12,79.41,36.2,17,3,76.35,4,SAME
4,100.0,10.78,5,0,97.02,1,HARDER
4,100.0,7.56,4,0,100.0,1,HARDER
6,86.11,15.1,7,1,84.41,2,HARDER
16,80.63,30.26,22,4,70.41,5,EASIER
16,89.28,19.98,19,2,77.53,5,HARDER
12,86.1,45.41,15,2,76.03,4,HARDER
12,84.93,27.65,18,2,84.97,4,HARDER
9,89.18,23.91,11,1,91.7,3,HARDER
6,100.0,13.22,6,0,92.03,2,HARDER
4,100.0,9.21,4,0,100.0,1,HARDER
4,79.05,13.06,5,1,87.12,1,HARDER
16,72.5,39.64,22,6,54.66,5,EASIER
16,85.67,21.19,21,3,68.43,5,HARDER
12,80.84,36.96,18,3,77.57,4,HARDER
9,64.42,20.91,15,5,50.56,3,EASIER
12,67.44,48.23,20,6,40.23,4,EASIER
9,76.39,27.63,14,3,77.75,3,SAME
16,63.71,51.58,26,9,40.49,5,EASIER
12,84.13,41.33,17,2,77.06,4,SAME
12,74.88,20.88,19,4,48.11,4,EASIER
12,85.51,15.82,17,2,78.49,4,HARDER
12,92.99,23.77,16,1,84.03,4,HARDER
12,74.6,28.72,21,4,64.76,4,EASIER
4,56.48,25.09,7,3,73.98,1,EASIER
6,87.63,12.49,8,1,98.85,2,HARDER
12,100.0,21.7,12,0,100.0,4,HARDER
6,100.0,15.27,6,0,100.0,2,HARDER
16,73.2,27.03,28,6,43.95,5,EASIER
16,78.19,26.69,24,5,52.43,5,EASIER
4,98.98,8.25,4,0,96.0,1,HARDER
4,98.46,10.65,4,0,100.0,1,HARDER
12,85.99,33.19,19,2,82.51,4,EASIER
4,79.96,16.24,7,1,91.58,1,SAME
4,100.0,17.18,4,0,100.0,1,HARDER
9,90.03,19.53,11,1,100.0,3,HARDER
16,87.52,21.53,20,2,80.43,5,HARDER
9,74.37,21.3,15,3,57.27,3,EASIER
16,78.28,35.48,22,4,62.34,5,SAME
16,82.7,29.79,22,3,85.81,5,HARDER
9,89.23,12.05,10,1,84.96,3,HARDER
4,99.72,11.55,4,0,100.0,1,HARDER
16,75.87,43.96,23,5,65.81,5,SAME
6,76.47,17.51,9,2,83.69,2,HARDER
16,80.25,30.12,24,4,72.88,5,SAME
12,80.12,24.77,16,3,83.89,4,HARDER
12,74.96,28.9,24,4,56.94,4,SAME
16,89.79,27.24,18,2,81.9,5,HARDER
16,80.34,33.81,24,4,65.29,5,SAME
6,84.86,13.54,7,1,82.06,2,HARDER
9,83.28,16.35,11,2,83.22,3,HARDER
16,82.56,31.9,21,3,77.28,5,SAME
4,99.89,10.79,4,0,100.0,1,HARDER
6,74.94,18.38,9,2,82.7,2,HARDER
6,74.91,14.97,10,2,75.53,2,SAME
4,99.32,7.0,4,0,100.0,1,HARDER
4,80.72,13.48,6,1,83.63,1,EASIER
6,66.7,25.97,13,3,67.31,2,EASIER
6,100.0,12.06,6,0,100.0,2,HARDER
12,92.4,13.89,15,1,100.0,4,HARDER
9,82.0,19.19,14,2,82.0,3,HARDER
16,89.58,37.34,22,2,64.31,5,HARDER
9,79.78,13.6,15,2,85.44,3,HARDER
12,90.07,21.03,14,1,88.6,4,HARDER
6,78.8,15.4,8,2,94.39,2,HARDER
4,100.0,9.73,4,0,97.56,1,HARDER
9,82.01,25.24,11,2,87.84,3,HARDER
12,79.81,27.73,17,3,73.29,4,SAME
6,85.83,14.47,8,1,93.13,2,HARDER
4,97.47,12.95,4,0,99.38,1,HARDER
6,66.57,27.51,10,3,75.28,2,EASIER
9,74.43,23.79,14,3,58.8,3,SAME
4,78.92,18.6,6,1,96.86,1,SAME
12,100.0,19.77,12,0,97.73,4,HARDER
9,100.0,12.66,9,0,100.0,3,HARDER
4,80.39,22.39,7,1,86.86,1,HARDER
16,64.65,42.57,32,8,41.32,5,EASIER
6,87.15,15.03,7,1,88.35,2,HARDER
12,70.21,32.21,20,5,58.81,4,EASIER
4,100.0,12.12,4,0,89.96,1,HARDER
6,85.81,11.22,7,1,90.05,2,HARDER
16,79.23,31.2,25,4,68.96,5,SAME
9,81.04,31.47,11,2,81.38,3,HARDER
6,85.25,20.81,9,1,83.31,2,HARDER
6,85.68,17.98,8,1,95.84,2,HARDER
6,99.3,18.79,6,0,100.0,2,HARDER
16,72.22,57.46,25,6,44.09,5,EASIER
16,68.19,40.37,28,7,41.6,5,EASIER
6,99.53,11.46,7,0,100.0,2,HARDER
12,84.28,19.9,15,2,84.89,4,HARDER
6,86.73,15.66,9,1,85.46,2,HARDER
12,89.87,19.38,14,1,94.77,4,HARDER
4,68.41,21.17,9,2,76.28,1,EASIER
16,81.09,37.86,24,4,59.73,5,HARDER
6,75.17,11.24,9,2,80.33,2,SAME
16,75.45,34.22,24,5,78.11,5,SAME
6,84.12,13.4,8,1,89.2,2,HARDER
16,76.27,32.46,23,5,67.33,5,SAME
4,80.1,10.77,7,1,94.97,1,HARDER
4,100.0,10.43,4,0,99.8,1,HARDER
9,82.71,20.76,12,2,82.0,3,HARDER
16,89.92,24.26,20,2,91.92,5,HARDER
9,74.77,17.67,17,3,66.23,3,SAME
9,64.67,30.6,17,5,54.91,3,EASIER
9,83.02,15.9,13,2,74.33,3,HARDER
6,99.9,10.68,7,0,100.0,2,HARDER
4,100.0,16.6,4,0,94.47,1,HARDER
6,86.14,19.03,7,1,89.65,2,HARDER
16,64.66,62.02,28,9,18.49,5,EASIER
6,87.08,11.49,8,1,100.0,2,HARDER
16,73.48,42.13,24,6,57.84,5,EASIER
6,86.81,11.42,8,1,88.1,2,HARDER
9,89.92,13.18,12,1,99.85,3,HARDER
4,100.0,6.02,4,0,99.8,1,HARDER
6,86.72,19.91,7,1,86.78,2,HARDER
12,65.67,34.6,23,6,47.74,4,EASIER
9,73.86,23.81,14,3,72.33,3,SAME
12,91.53,19.35,14,1,92.33,4,HARDER
6,100.0,11.48,6,0,100.0,2,HARDER
9,74.66,16.79,13,3,75.95,3,SAME
16,84.38,30.98,19,3,72.06,5,HARDER
6,100.0,11.63,6,0,89.03,2,HARDER
9,75.67,30.29,14,3,61.17,3,EASIER
4,81.86,17.17,5,1,95.21,1,HARDER
16,73.59,46.03,24,6,43.68,5,EASIER
16,82.84,28.16,21,3,65.73,5,SAME
4,98.79,14.8,4,0,100.0,1,HARDER
4,79.16,13.54,5,1,85.78,1,HARDER
9,88.79,24.42,10,1,100.0,3,HARDER
6,85.03,15.52,8,1,96.92,2,HARDER
12,99.59,16.66,12,0,100.0,4,HARDER
4,100.0,10.9,6,0,80.33,1,HARDER
4,100.0,8.33,4,0,98.54,1,HARDER
4,80.13,17.54,5,1,92.26,1,HARDER
9,82.82,20.87,14,2,76.05,3,SAME
12,75.07,25.05,19,4,58.07,4,EASIER
4,81.39,18.31,6,1,78.5,1,HARDER
6,67.05,26.92,10,3,72.09,2,SAME
12,70.13,57.57,19,5,63.0,4,EASIER
12,80.47,34.76,18,3,66.7,4,SAME
4,80.09,11.64,7,1,93.29,1,HARDER
12,75.92,32.58,19,4,69.19,4,HARDER
12,80.21,19.53,15,3,90.86,4,HARDER
6,100.0,13.99,7,0,100.0,2,HARDER
12,92.79,16.35,14,1,87.13,4,HARDER
6,87.76,16.62,7,1,87.48,2,HARDER
12,87.03,31.65,14,2,79.46,4,HARDER
16,62.73,58.92,34,10,18.84,5,EASIER
6,99.18,13.05,6,0,97.02,2,HARDER
9,82.84,18.43,12,2,72.3,3,SAME
16,68.95,31.18,26,7,58.08,5,EASIER
6,99.66,11.16,6,0,97.59,2,HARDER
9,64.19,45.63,15,5,69.2,3,EASIER
12,74.57,25.21,23,4,57.79,4,SAME
16,78.93,29.45,22,4,65.22,5,HARDER
6,85.88,24.9,8,1,94.86,2,HARDER
4,100.0,13.45,4,0,96.33,1,HARDER
16,89.11,23.58,22,2,84.87,5,HARDER
6,74.09,17.42,10,2,80.78,2,HARDER
4,99.94,14.66,4,0,100.0,1,HARDER
6,100.0,11.69,6,0,100.0,2,HARDER
16,74.79,49.01,25,5,49.3,5,SAME
16,69.43,35.32,28,7,42.12,5,EASIER
12,85.47,26.45,15,2,84.76,4,HARDER
9,78.03,17.05,14,3,85.2,3,HARDER
9,99.48,13.37,9,0,100.0,3,HARDER
16,70.74,48.1,26,7,34.1,5,EASIER
4,100.0,11.94,4,0,95.92,1,HARDER
16,85.12,34.89,22,3,75.61,5,SAME
9,68.3,30.77,18,4,57.96,3,EASIER
4,81.4,12.29,6,1,95.51,1,HARDER
9,83.06,20.63,14,2,83.71,3,HARDER
9,81.4,17.51,13,2,81.92,3,SAME
4,98.17,14.46,4,0,99.52,1,HARDER
4,79.45,12.16,5,1,88.78,1,HARDER
12,84.68,21.39,16,2,78.01,4,HARDER
4,67.58,11.86,7,2,93.78,1,SAME
16,88.58,26.52,19,2,95.63,5,HARDER
9,99.59,24.34,10,0,100.0,3,HARDER
4,80.79,15.78,5,1,94.59,1,HARDER
4,99.61,9.55,4,0,86.39,1,HARDER
16,73.95,56.09,28,6,39.62,5,EASIER
4,80.16,13.38,5,1,89.69,1,SAME
16,88.86,20.98,19,2,77.09,5,HARDER
9,88.16,14.69,13,1,87.02,3,HARDER
16,75.41,22.9,23,5,63.79,5,SAME
12,73.08,29.24,19,4,50.92,4,EASIER
12,71.93,21.9,21,5,35.61,4,EASIER
6,85.57,22.86,7,1,99.32,2,HARDER
12,69.64,28.71,19,5,59.17,4,EASIER
4,80.49,10.8,6,1,88.79,1,HARDER
9,68.91,21.01,13,4,58.74,3,EASIER
16,72.66,66.11,28,6,49.82,5,EASIER
16,79.38,40.73,24,4,66.13,5,SAME
4,100.0,8.83,4,0,100.0,1,HARDER
12,91.38,24.05,13,1,96.49,4,HARDER
9,90.13,28.94,10,1,97.28,3,HARDER
12,73.4,28.6,24,4,53.3,4,EASIER
12,78.63,29.16,19,3,75.78,4,SAME
12,79.69,33.36,17,3,76.51,4,SAME
4,100.0,12.2,4,0,92.6,1,HARDER
9,90.26,25.96,11,1,92.33,3,HARDER
6,99.58,11.19,7,0,80.33,2,HARDER
4,98.15,10.32,4,0,100.0,1,HARDER
12,67.14,34.12,24,6,45.38,4,EASIER
9,82.66,27.14,12,2,77.32,3,SAME
16,82.41,33.27,21,3,78.71,5,HARDER
12,92.24,25.15,15,1,82.6,4,EASIER
16,94.69,21.99,19,1,97.08,5,HARDER
9,81.13,13.23,11,2,96.93,3,HARDER
9,64.29,27.15,19,5,50.26,3,EASIER
4,80.3,21.27,5,1,90.09,1,HARDER
6,87.09,10.82,8,1,100.0,2,HARDER
16,71.78,42.75,26,6,43.47,5,EASIER
12,86.06,36.7,15,2,84.12,4,HARDER
9,75.5,32.57,14,3,77.22,3,SAME
6,66.6,14.4,12,3,72.36,2,SAME
6,65.52,19.62,11,3,74.43,2,EASIER
6,98.86,16.0,6,0,100.0,2,HARDER
4,65.62,20.75,7,2,80.01,1,SAME
16,83.76,32.69,21,3,81.59,5,SAME
4,99.59,11.3,4,0,100.0,1,HARDER
16,85.73,26.72,22,3,77.36,5,HARDER
9,63.93,34.04,15,5,56.54,3,EASIER
12,84.07,15.03,16,2,89.33,4,HARDER
16,87.73,22.83,18,2,74.45,5,HARDER
4,79.12,16.19,7,1,88.3,1,SAME
12,91.9,18.04,13,1,95.7,4,HARDER
4,100.0,10.15,4,0,100.0,1,HARDER
9,90.37,15.81,11,1,81.76,3,HARDER
16,72.93,42.92,29,6,43.71,5,EASIER
12,80.96,28.04,19,3,91.76,4,SAME
4,78.64,7.93,6,1,88.38,1,HARDER
6,73.28,18.02,9,2,84.07,2,HARDER
6,99.16,11.39,6,0,100.0,2,HARDER
9,90.57,30.5,10,1,92.41,3,HARDER
16,72.87,49.32,29,6,29.68,5,EASIER
12,81.07,25.1,21,3,59.3,4,SAME
16,93.42,24.65,20,1,84.3,5,HARDER
6,86.65,15.22,8,1,97.54,2,HARDER
9,88.78,22.02,11,1,95.89,3,HARDER
16,73.6,35.17,26,6,44.09,5,EASIER
6,66.66,19.01,11,3,70.34,2,SAME
6,74.93,25.78,9,2,80.18,2,SAME
4,100.0,12.6,4,0,93.02,1,HARDER
9,89.79,16.9,10,1,89.25,3,HARDER
4,79.72,17.31,5,1,91.88,1,HARDER
12,70.77,41.2,19,5,42.54,4,EASIER
6,73.02,17.56,8,2,90.88,2,SAME
6,72.15,21.27,10,2,74.15,2,EASIER
6,86.11,13.78,8,1,93.03,2,HARDER
6,100.0,10.73,6,0,97.68,2,HARDER
16,69.27,53.16,26,7,43.11,5,EASIER
6,66.79,28.36,9,3,93.93,2,SAME
6,58.53,19.32,13,4,72.16,2,EASIER
9,74.12,27.61,13,3,72.67,3,EASIER
12,68.21,42.11,17,5,51.73,4,EASIER
4,80.38,22.31,5,1,96.03,1,HARDER
9,80.21,22.25,13,2,75.73,3,SAME
12,62.87,19.77,21,7,52.95,4,HARDER
16,85.22,19.95,21,3,76.62,5,HARDER
16,72.28,66.35,27,6,51.21,5,EASIER
12,75.57,31.61,18,4,70.18,4,SAME
12,76.05,30.27,19,4,62.23,4,EASIER
4,82.16,9.54,5,1,93.85,1,HARDER
9,80.56,35.35,11,2,98.8,3,SAME
6,100.0,9.97,6,0,96.4,2,HARDER
4,80.87,15.93,6,1,77.3,1,HARDER
12,85.99,28.25,16,2,87.89,4,HARDER
6,100.0,16.58,6,0,100.0,2,HARDER
12,80.44,20.69,16,3,78.83,4,SAME
4,80.79,10.28,5,1,98.35,1,HARDER
6,84.64,15.78,8,1,94.9,2,HARDER
6,99.17,18.67,7,0,95.32,2,HARDER
16,88.91,25.23,18,2,75.16,5,HARDER
12,91.79,19.78,15,1,82.68,4,HARDER
16,77.05,24.79,23,5,57.23,5,SAME
4,99.95,15.03,4,0,98.88,1,HARDER
12,85.77,24.7,14,2,93.18,4,HARDER
4,98.53,16.55,5,0,95.4,1,HARDER
9,65.03,25.63,19,5,54.91,3,EASIER
6,86.62,14.65,8,1,94.04,2,HARDER
6,99.43,9.14,7,0,100.0,2,HARDER
9,83.81,18.74,13,2,84.16,3,HARDER
16,80.26,27.61,24,4,64.17,5,SAME
9,89.49,16.6,10,1,98.85,3,HARDER
12,91.55,30.4,13,1,93.64,4,HARDER
12,91.83,17.67,15,1,93.69,4,HARDER
9,89.06,17.45,13,1,98.34,3,HARDER
6,99.76,12.0,6,0,93.3,2,HARDER
12,85.44,22.74,14,2,88.15,4,HARDER
6,75.28,22.45,10,2,81.19,2,HARDER
9,89.71,17.17,11,1,99.77,3,HARDER
12,87.08,25.7,15,2,81.67,4,SAME
4,81.02,12.97,5,1,92.33,1,HARDER
4,100.0,6.55,4,0,100.0,1,HARDER
6,99.63,11.74,7,0,89.35,2,HARDER
9,73.7,29.16,20,3,69.3,3,EASIER
4,99.1,9.31,4,0,98.11,1,HARDER
4,80.23,12.77,5,1,85.78,1,HARDER
6,74.83,17.27,10,2,86.38,2,SAME
16,82.1,26.51,25,4,60.95,5,SAME
16,70.13,45.0,31,7,28.55,5,EASIER
9,91.3,27.05,11,1,97.05,3,HARDER
4,97.21,9.04,4,0,100.0,1,HARDER
6,85.53,19.03,8,1,100.0,2,HARDER
4,79.09,8.89,5,1,98.52,1,HARDER
6,74.73,23.08,8,2,97.35,2,EASIER
16,67.24,36.17,25,7,46.13,5,EASIER
16,70.51,33.47,30,7,31.8,5,EASIER
12,62.07,46.04,22,7,60.8,4,EASIER
12,75.83,23.57,17,4,76.56,4,SAME
12,99.75,12.27,12,0,100.0,4,HARDER
12,79.16,25.28,17,3,68.94,4,EASIER
16,76.67,41.0,27,5,42.43,5,SAME
9,88.66,18.34,11,1,83.61,3,HARDER
4,79.8,18.3,5,1,96.9,1,HARDER
12,89.75,19.28,15,1,98.65,4,HARDER
9,82.0,37.18,13,2,69.05,3,HARDER
16,68.01,48.32,33,8,34.35,5,EASIER
6,74.56,20.63,9,2,75.42,2,HARDER
12,65.05,34.77,20,7,69.08,4,EASIER
4,81.21,17.29,6,1,84.89,1,HARDER
4,100.0,6.73,4,0,97.03,1,HARDER
4,78.08,8.88,6,1,87.27,1,HARDER
16,71.38,34.15,31,7,42.5,5,EASIER
4,99.89,10.42,4,0,100.0,1,HARDER
12,80.64,25.63,18,3,87.05,4,SAME
12,79.07,16.75,16,3,78.05,4,SAME
12,70.29,18.7,19,5,59.25,4,EASIER
12,86.91,36.85,15,2,64.04,4,HARDER
4,100.0,7.84,4,0,95.2,1,HARDER
4,99.46,10.28,4,0,100.0,1,HARDER
9,80.98,19.1,13,2,72.2,3,HARDER
16,68.99,22.29,29,7,41.82,5,EASIER
6,83.95,17.65,8,1,88.24,2,HARDER
4,100.0,10.08,4,0,100.0,1,HARDER
9,90.28,17.86,11,1,98.11,3,HARDER
9,99.0,14.42,9,0,100.0,3,HARDER
9,75.2,28.12,16,3,63.4,3,SAME
4,99.26,9.42,4,0,100.0,1,HARDER
4,58.38,24.82,7,3,84.73,1,HARDER
9,81.93,21.34,11,2,93.2,3,HARDER
16,80.7,28.66,22,4,58.38,5,EASIER
16,69.61,38.14,29,7,25.75,5,EASIER
12,79.72,22.22,17,3,64.66,4,SAME
16,95.4,29.14,18,1,88.28,5,HARDER
12,80.61,37.1,19,3,68.54,4,SAME
4,65.96,24.67,10,2,75.6,1,SAME
4,80.3,18.64,6,1,75.79,1,HARDER
12,91.54,23.68,13,1,84.84,4,HARDER
6,75.04,22.91,8,2,85.33,2,SAME
12,90.5,30.2,13,1,99.3,4,HARDER
6,86.06,13.72,8,1,87.8,2,HARDER
6,87.22,15.58,9,1,90.75,2,HARDER
16,82.81,27.37,23,3,82.84,5,HARDER
16,71.53,52.23,25,6,33.86,5,EASIER
6,74.02,19.98,10,2,75.65,2,SAME
12,66.05,44.84,22,6,41.53,4,EASIER
4,100.0,8.05,4,0,93.16,1,HARDER
4,77.8,10.07,5,1,91.46,1,HARDER
6,100.0,9.45,6,0,95.7,2,HARDER
16,96.31,28.29,18,1,77.92,5,HARDER
16,79.34,40.45,27,4,65.41,5,EASIER
16,85.55,30.71,21,3,71.86,5,HARDER
16,64.11,61.36,30,9,33.29,5,EASIER
6,74.85,25.38,8,2,87.08,2,EASIER
12,100.0,14.92,13,0,97.49,4,HARDER
9,89.87,22.19,12,1,80.75,3,HARDER
16,87.94,16.85,21,2,86.33,5,HARDER
6,100.0,13.39,6,0,93.86,2,HARDER
4,66.05,12.14,10,2,71.57,1,EASIER
4,79.2,15.52,5,1,89.76,1,HARDER
4,67.57,26.01,6,2,75.33,1,SAME
16,93.42,18.89,19,1,94.33,5,HARDER
6,85.48,16.0,8,1,79.75,2,HARDER
12,76.41,17.98,23,4,58.63,4,SAME
16,70.41,34.17,25,7,45.34,5,EASIER
9,81.12,26.18,11,2,85.44,3,HARDER
6,68.38,18.69,10,3,72.9,2,EASIER
4,80.49,11.03,6,1,81.5,1,HARDER
16,72.23,20.98,25,6,58.01,5,EASIER
4,80.38,12.22,5,1,87.65,1,HARDER
6,99.1,15.77,6,0,95.69,2,HARDER
6,100.0,15.88,6,0,93.97,2,HARDER
4,100.0,13.2,4,0,99.97,1,HARDER
16,71.82,47.05,26,6,48.34,5,EASIER
12,78.88,27.92,17,3,77.0,4,SAME
12,69.55,22.53,19,5,54.99,4,EASIER
6,74.37,12.67,9,2,93.26,2,HARDER
9,67.17,23.89,16,4,72.87,3,EASIER
9,79.59,23.33,13,2,82.82,3,SAME
12,85.15,17.93,15,2,90.58,4,HARDER
6,99.59,16.24,6,0,93.54,2,HARDER
12,85.86,19.4,14,2,94.46,4,HARDER
6,75.65,19.74,8,2,83.99,2,HARDER
4,100.0,9.71,4,0,100.0,1,EASIER
16,72.44,32.89,27,6,41.66,5,EASIER
6,66.57,35.93,10,3,72.26,2,EASIER
16,82.14,38.11,26,4,59.3,5,SAME
12,61.93,39.94,24,7,34.56,4,EASIER
12,80.4,40.77,17,3,63.96,4,SAME
9,80.2,27.98,13,2,85.7,3,HARDER
4,100.0,7.16,4,0,98.29,1,HARDER
6,74.76,17.98,10,2,80.04,2,HARDER
12,93.57,32.61,14,1,98.01,4,HARDER
9,88.44,19.32,11,1,95.81,3,HARDER
9,82.23,22.13,13,2,78.45,3,HARDER
6,98.01,13.78,6,0,97.13,2,HARDER
16,73.34,42.29,26,6,54.69,5,EASIER
12,99.82,15.2,13,0,100.0,4,HARDER
4,80.46,11.86,8,1,100.0,1,HARDER
16,85.4,36.71,21,3,66.41,5,HARDER
4,100.0,15.44,4,0,96.86,1,HARDER
6,100.0,13.45,7,0,93.8,2,HARDER
4,100.0,13.49,4,0,100.0,1,HARDER
6,84.43,13.98,7,1,100.0,2,HARDER
6,74.56,19.22,12,2,69.99,2,SAME
9,80.37,16.69,13,2,84.02,3,HARDER
6,73.61,19.01,10,2,69.14,2,SAME
4,79.61,15.02,5,1,86.27,1,HARDER
4,78.22,13.97,5,1,91.46,1,HARDER
16,72.54,49.34,24,6,59.71,5,EASIER
9,68.55,14.05,13,4,80.49,3,SAME
4,78.13,10.59,7,1,100.0,1,HARDER
6,100.0,10.68,6,0,100.0,2,HARDER
12,74.75,22.79,19,4,75.85,4,SAME
16,73.22,31.03,28,6,53.22,5,EASIER
6,100.0,12.7,6,0,97.84,2,HARDER
16,95.41,40.64,18,1,92.43,5,HARDER
4,100.0,15.79,4,0,100.0,1,HARDER
9,88.98,18.26,10,1,95.93,3,HARDER
12,99.85,23.7,12,0,90.04,4,HARDER
16,89.34,23.94,21,2,85.87,5,HARDER
6,100.0,12.15,7,0,100.0,2,HARDER
6,75.0,21.96,9,2,86.94,2,SAME
16,84.56,50.56,21,3,87.93,5,HARDER
4,100.0,8.0,4,0,100.0,1,HARDER
4,100.0,11.92,4,0,100.0,1,HARDER
6,84.99,14.97,7,1,100.0,2,HARDER
16,93.39,36.45,18,1,92.9,5,HARDER
4,99.94,11.58,4,0,100.0,1,HARDER
12,99.56,24.55,12,0,94.54,4,HARDER
16,84.03,44.96,22,3,67.5,5,SAME
6,100.0,11.65,6,0,100.0,2,HARDER
4,100.0,10.35,5,0,79.42,1,HARDER
12,75.55,26.76,18,4,69.91,4,EASIER
4,78.92,15.07,5,1,81.12,1,SAME
12,91.48,13.49,15,1,89.41,4,HARDER
9,82.02,26.96,14,2,77.12,3,SAME
4,80.29,21.22,6,1,90.95,1,HARDER
9,82.19,22.55,14,2,89.95,3,HARDER
12,80.74,23.66,16,3,74.32,4,HARDER
12,74.09,17.21,19,4,83.18,4,SAME
6,85.29,13.08,7,1,94.09,2,HARDER
6,65.28,15.56,11,3,77.88,2,SAME
6,99.55,14.9,6,0,98.25,2,HARDER
12,69.09,38.52,18,5,59.3,4,SAME
4,100.0,11.37,5,0,100.0,1,HARDER
16,72.36,47.47,29,6,39.79,5,EASIER
4,99.2,19.01,4,0,94.04,1,HARDER
12,86.96,28.7,22,2,75.08,4,HARDER
9,81.83,19.01,13,2,81.77,3,HARDER
12,81.08,33.84,16,3,64.81,4,SAME
9,99.24,22.83,11,0,85.6,3,HARDER
16,79.19,45.29,22,4,64.53,5,SAME
16,59.25,44.62,40,11,0.0,5,EASIER
9,76.38,18.46,17,3,68.0,3,SAME
9,92.07,16.0,14,1,100.0,3,HARDER
6,75.25,17.32,11,2,87.7,2,HARDER
12,78.5,17.95,15,3,86.31,4,HARDER
12,75.61,37.33,19,4,69.94,4,HARDER
9,100.0,17.93,10,0,96.42,3,HARDER
12,86.18,32.11,16,2,85.84,4,HARDER
16,83.65,25.08,26,3,70.21,5,SAME
16,89.11,42.38,20,2,100.0,5,HARDER
12,71.66,29.14,20,5,58.78,4,EASIER
4,79.74,17.04,5,1,71.84,1,HARDER
12,70.9,47.8,18,5,49.15,4,EASIER
12,81.25,42.62,18,3,66.99,4,SAME
9,69.53,37.39,18,4,64.29,3,EASIER
4,80.85,10.63,6,1,92.72,1,HARDER
4,79.44,17.46,5,1,93.16,1,HARDER
6,75.69,15.62,11,2,74.4,2,SAME
12,79.5,20.71,18,3,77.88,4,EASIER
4,79.87,15.15,5,1,95.98,1,HARDER
4,100.0,10.56,4,0,95.04,1,HARDER
12,75.69,23.46,24,4,56.61,4,SAME
4,98.49,9.74,4,0,100.0,1,HARDER
6,75.68,20.34,8,2,79.96,2,HARDER
16,86.31,29.91,19,3,81.02,5,HARDER
12,91.4,28.96,14,1,95.84,4,HARDER
6,75.53,14.65,10,2,66.31,2,EASIER
9,75.94,20.32,17,3,74.16,3,SAME
4,78.35,15.06,5,1,86.0,1,HARDER
4,100.0,11.47,4,0,100.0,1,HARDER
12,80.34,26.7,16,3,92.18,4,HARDER
4,81.15,11.27,5,1,81.89,1,HARDER
12,92.4,19.86,14,1,100.0,4,HARDER
16,71.91,35.54,24,6,58.19,5,EASIER
9,100.0,14.62,9,0,97.74,3,HARDER
16,77.39,24.19,25,5,62.73,5,EASIER
12,72.55,19.69,24,5,49.88,4,EASIER
4,79.14,13.82,5,1,95.79,1,HARDER
6,68.9,27.3,14,3,88.89,2,SAME
16,89.79,22.42,20,2,82.99,5,HARDER
9,76.09,22.87,14,3,86.21,3,SAME
6,98.36,11.8,7,0,100.0,2,HARDER
16,89.87,29.76,20,2,79.49,5,HARDER
16,80.73,31.64,22,4,65.37,5,EASIER
6,100.0,25.63,6,0,100.0,2,HARDER
12,85.19,26.68,14,2,90.79,4,HARDER
6,100.0,17.95,6,0,100.0,2,HARDER
4,100.0,11.2,4,0,100.0,1,HARDER
4,100.0,10.65,4,0,98.94,1,HARDER
4,79.49,19.93,5,1,92.77,1,SAME
12,78.55,47.78,17,3,79.86,4,SAME
6,85.55,18.71,10,1,89.06,2,HARDER
9,65.67,33.77,22,5,37.62,3,EASIER
9,89.8,28.87,10,1,92.2,3,HARDER
9,100.0,9.92,10,0,97.88,3,HARDER
9,88.6,20.93,12,1,99.37,3,HARDER
6,74.03,15.56,10,2,83.53,2,HARDER
4,100.0,19.61,4,0,97.03,1,HARDER
16,72.23,34.57,25,6,47.98,5,EASIER
12,92.34,22.91,13,1,100.0,4,HARDER
12,86.6,15.63,15,2,82.35,4,HARDER
4,99.95,8.88,4,0,100.0,1,HARDER
9,68.35,25.31,16,4,60.23,3,EASIER
4,100.0,7.63,4,0,92.17,1,HARDER
16,70.1,42.22,27,6,52.08,5,EASIER
6,100.0,9.04,7,0,100.0,2,HARDER
12,70.91,25.72,21,5,52.69,4,HARDER
6,74.14,11.33,9,2,75.93,2,HARDER
4,80.62,9.58,6,1,99.61,1,HARDER
6,74.1,14.8,9,2,81.08,2,SAME
6,59.18,15.91,15,4,63.26,2,EASIER
12,91.06,20.74,14,1,89.32,4,HARDER
16,69.49,27.27,28,7,42.03,5,EASIER
16,80.43,39.89,24,4,60.86,5,SAME
6,97.72,11.64,7,0,100.0,2,HARDER
6,100.0,14.61,6,0,100.0,2,HARDER
12,87.21,31.43,15,2,86.35,4,HARDER
16,81.79,24.73,24,4,55.14,5,EASIER
4,99.53,14.59,5,0,98.38,1,HARDER
16,83.13,31.38,20,3,84.14,5,HARDER
9,99.68,20.4,9,0,100.0,3,HARDER
12,99.52,19.45,12,0,100.0,4,HARDER
4,100.0,9.34,4,0,100.0,1,HARDER
16,73.47,33.07,27,6,46.3,5,EASIER
16,80.11,21.16,21,4,69.58,5,SAME
6,97.61,21.71,6,0,94.95,2,HARDER
9,89.8,13.97,12,1,82.83,3,HARDER
12,74.28,33.02,18,4,63.62,4,HARDER
16,81.08,24.52,24,4,71.84,5,HARDER
9,65.08,41.32,16,5,65.4,3,EASIER
12,73.77,24.33,20,4,58.43,4,EASIER
16,80.43,26.7,22,4,78.86,5,SAME
6,84.53,15.98,9,1,96.54,2,HARDER
6,74.45,17.47,8,2,95.03,2,HARDER
9,80.13,27.98,12,2,94.31,3,HARDER
12,78.68,25.01,22,3,70.9,4,EASIER
12,76.67,21.29,20,4,68.05,4,EASIER
9,82.19,22.14,11,2,85.15,3,HARDER
9,81.01,21.97,12,2,90.44,3,HARDER
16,79.31,23.45,23,4,70.08,5,HARDER
4,78.8,23.21,7,1,99.78,1,HARDER
12,72.98,24.36,18,4,71.28,4,EASIER
12,66.52,34.01,23,6,58.42,4,EASIER
6,86.78,21.04,7,1,94.49,2,HARDER
6,75.94,12.03,8,2,83.78,2,HARDER
12,93.43,20.23,13,1,96.67,4,HARDER
16,83.29,31.38,24,3,68.53,5,SAME
4,99.82,10.21,4,0,90.08,1,HARDER
12,75.86,36.1,21,4,64.47,4,EASIER
6,100.0,12.44,6,0,100.0,2,HARDER
4,100.0,8.95,4,0,100.0,1,HARDER
6,98.46,10.47,6,0,100.0,2,HARDER
9,75.12,30.35,15,3,66.71,3,EASIER
12,75.34,38.06,21,4,71.39,4,SAME
16,84.09,28.92,22,3,69.52,5,SAME
16,93.44,30.83,18,1,82.88,5,HARDER
9,75.35,37.52,17,3,66.08,3,EASIER
16,77.8,33.46,29,5,44.09,5,EASIER
12,76.39,26.66,18,4,82.39,4,SAME
9,100.0,19.29,9,0,100.0,3,HARDER
6,85.12,13.75,8,1,97.67,2,HARDER
9,87.93,15.98,11,1,78.19,3,HARDER
12,100.0,10.66,12,0,100.0,4,HARDER
9,91.35,15.19,11,1,100.0,3,HARDER
16,77.22,35.44,23,5,51.75,5,EASIER
6,100.0,24.2,7,0,100.0,2,HARDER
9,75.99,27.91,12,3,83.04,3,HARDER
4,100.0,15.88,4,0,100.0,1,HARDER
12,86.04,31.84,14,2,95.72,4,HARDER
9,99.5,11.38,9,0,100.0,3,HARDER
16,88.21,18.24,20,2,74.3,5,HARDER
4,99.17,13.43,4,0,97.91,1,HARDER
12,78.73,23.91,17,3,73.72,4,SAME
4,100.0,17.22,4,0,89.63,1,HARDER
6,67.13,22.18,11,3,81.18,2,SAME
4,65.8,14.6,8,2,82.85,1,SAME
4,99.94,13.46,4,0,82.44,1,HARDER
4,79.07,12.95,5,1,97.53,1,HARDER
16,93.58,38.12,17,1,87.13,5,HARDER
16,80.32,34.1,21,4,69.24,5,SAME
4,100.0,10.47,4,0,100.0,1,HARDER
16,94.38,24.84,18,1,93.65,5,HARDER
4,80.09,15.13,5,1,89.24,1,HARDER
9,89.69,16.38,10,1,85.45,3,HARDER
16,67.43,41.91,32,8,34.49,5,EASIER
4,100.0,17.79,4,0,84.64,1,HARDER
16,83.85,21.07,23,3,72.96,5,HARDER
4,66.26,17.36,6,2,88.38,1,EASIER
12,93.55,29.26,14,1,87.28,4,HARDER
6,84.08,12.24,8,1,84.59,2,HARDER
16,84.15,18.37,19,3,86.38,5,HARDER
16,96.62,20.57,17,1,92.13,5,HARDER
16,88.45,24.38,21,2,70.32,5,SAME
6,66.58,18.69,11,3,85.71,2,SAME
9,74.34,20.02,14,3,79.29,3,HARDER
6,86.7,20.71,7,1,81.47,2,HARDER
4,66.11,15.49,6,2,74.42,1,EASIER
12,74.18,33.59,17,4,71.49,4,EASIER
6,85.0,15.31,7,1,100.0,2,HARDER
9,100.0,19.08,9,0,85.77,3,HARDER
4,100.0,10.42,4,0,88.8,1,HARDER
9,75.27,22.22,16,3,71.86,3,SAME
4,99.69,15.93,4,0,97.76,1,HARDER
4,100.0,10.2,4,0,88.42,1,HARDER
6,85.0,15.1,8,1,94.84,2,HARDER
6,85.9,16.13,10,1,86.3,2,HARDER
12,79.41,20.85,17,3,84.43,4,HARDER
12,62.13,27.54,21,7,47.64,4,EASIER
9,82.35,14.65,15,2,82.98,3,EASIER
12,92.27,20.96,16,1,92.44,4,HARDER
9,99.41,17.88,10,0,100.0,3,HARDER
12,85.64,17.7,18,2,63.03,4,HARDER
12,81.07,41.94,18,3,75.48,4,SAME
6,83.73,11.41,7,1,100.0,2,HARDER
6,87.0,27.74,8,1,85.61,2,HARDER
6,85.05,15.53,8,1,86.01,2,HARDER
6,100.0,10.22,6,0,100.0,2,HARDER
6,86.94,24.44,7,1,93.94,2,HARDER
16,76.51,35.17,25,5,54.75,5,EASIER
16,76.68,32.32,28,5,20.11,5,EASIER
6,100.0,10.75,6,0,100.0,2,HARDER
12,73.94,39.55,17,4,56.14,4,SAME
4,100.0,17.5,4,0,100.0,1,HARDER
16,81.15,35.16,23,4,57.75,5,SAME
12,92.73,36.66,14,1,97.41,4,HARDER
12,69.61,44.53,19,5,53.48,4,EASIER
9,90.41,20.58,10,1,88.92,3,HARDER
16,84.56,23.61,25,3,62.26,5,HARDER
16,84.58,25.65,21,3,74.08,5,SAME
16,77.29,34.32,25,5,47.39,5,EASIER
12,91.74,18.3,13,1,95.78,4,HARDER
6,100.0,18.41,7,0,100.0,2,HARDER
12,69.97,26.38,18,5,65.66,4,SAME
6,100.0,16.37,6,0,100.0,2,HARDER
6,65.89,13.9,9,3,71.51,2,HARDER
12,71.26,28.45,18,5,60.36,4,EASIER
6,87.09,21.33,7,1,84.38,2,HARDER
4,65.25,14.64,7,2,73.56,1,HARDER
16,77.71,31.57,25,5,61.3,5,SAME
16,77.02,46.75,26,5,51.22,5,EASIER
6,100.0,13.88,6,0,95.03,2,HARDER
9,90.26,26.95,11,1,82.35,3,HARDER
16,74.4,35.33,26,6,40.13,5,EASIER
16,63.49,56.57,28,9,19.9,5,EASIER
12,74.82,20.85,19,4,66.37,4,SAME
9,89.72,13.58,10,1,87.79,3,HARDER
12,78.63,38.58,15,3,75.01,4,SAME
16,74.47,37.41,28,6,43.69,5,EASIER
12,74.03,33.54,18,4,64.47,4,SAME
9,89.96,13.4,13,1,92.26,3,HARDER
16,73.86,38.81,25,6,52.41,5,EASIER
16,75.16,35.66,23,5,68.12,5,SAME
12,79.9,29.43,18,3,83.27,4,HARDER
4,100.0,12.74,4,0,100.0,1,HARDER
12,84.46,17.39,14,2,95.64,4,HARDER
4,99.54,9.99,4,0,100.0,1,HARDER
16,75.43,28.72,25,5,46.44,5,SAME
6,87.28,33.3,7,1,85.53,2,HARDER
9,69.3,18.8,15,4,65.66,3,SAME
9,82.51,16.15,16,2,84.58,3,HARDER
16,78.85,29.14,23,4,65.56,5,SAME
6,85.19,14.43,8,1,83.49,2,HARDER
6,99.48,11.11,6,0,100.0,2,HARDER
12,92.36,28.82,14,1,89.54,4,HARDER
16,84.96,18.83,20,3,95.62,5,HARDER
6,75.03,9.97,10,2,79.25,2,HARDER
16,76.39,39.58,26,5,56.41,5,EASIER
12,92.41,17.63,13,1,97.66,4,HARDER
12,80.53,21.49,17,3,68.28,4,HARDER
6,86.42,18.59,10,1,86.34,2,HARDER
16,75.88,30.7,28,5,42.94,5,EASIER
12,91.24,19.58,14,1,94.11,4,HARDER
6,100.0,24.85,6,0,100.0,2,HARDER
6,98.41,15.12,6,0,100.0,2,HARDER
16,64.2,35.12,31,9,36.89,5,EASIER
9,73.9,14.19,15,3,77.56,3,SAME
16,76.52,41.09,25,5,39.0,5,SAME
4,99.1,8.36,4,0,100.0,1,HARDER
9,82.12,13.4,13,2,91.54,3,SAME
12,66.87,34.94,21,6,44.84,4,EASIER
4,69.56,10.16,7,2,77.99,1,SAME
6,86.1,13.12,7,1,100.0,2,HARDER
16,79.14,45.86,25,4,69.38,5,SAME
12,70.75,39.56,20,5,51.21,4,EASIER
9,68.32,31.83,15,4,64.59,3,EASIER
9,80.65,19.19,16,2,65.09,3,HARDER
6,84.9,12.18,8,1,87.04,2,HARDER
12,100.0,18.95,12,0,100.0,4,HARDER
4,99.91,12.26,5,0,94.88,1,HARDER
6,75.26,25.66,8,2,86.41,2,SAME
9,74.77,20.16,13,3,80.55,3,SAME
12,92.46,24.39,13,1,81.32,4,HARDER
16,63.53,32.31,30,9,32.4,5,EASIER
16,75.08,25.35,25,5,52.31,5,EASIER
6,98.78,14.28,6,0,94.77,2,HARDER
9,81.61,17.29,15,2,82.75,3,SAME
9,75.54,10.27,16,3,67.47,3,SAME
16,69.75,30.38,27,7,49.55,5,EASIER
6,66.51,32.81,11,3,84.88,2,EASIER
6,98.92,14.74,6,0,99.92,2,HARDER
9,79.96,20.52,13,2,85.35,3,HARDER
6,73.63,9.25,10,2,83.09,2,HARDER
16,75.27,21.73,26,5,57.19,5,EASIER
9,73.83,27.64,13,3,80.92,3,HARDER
16,64.13,48.98,32,9,20.15,5,EASIER
6,84.48,22.69,9,1,99.89,2,HARDER
12,61.97,37.75,24,7,41.18,4,EASIER
9,82.68,21.19,13,2,82.29,3,HARDER
9,89.15,26.82,10,1,87.84,3,HARDER
12,69.94,32.97,20,5,57.5,4,EASIER
9,99.85,17.7,9,0,100.0,3,HARDER
16,79.1,37.95,23,4,71.88,5,HARDER
4,99.89,11.62,4,0,95.76,1,HARDER
4,98.91,8.62,4,0,96.79,1,HARDER
12,74.34,31.78,20,4,61.19,4,EASIER
6,99.84,17.65,6,0,100.0,2,HARDER
9,98.4,16.08,9,0,100.0,3,HARDER
4,79.5,16.55,7,1,80.4,1,HARDER
9,81.44,16.76,12,2,95.8,3,HARDER
9,99.84,10.3,10,0,96.29,3,HARDER
9,75.13,14.2,12,3,77.68,3,HARDER
4,99.48,18.66,4,0,100.0,1,SAME
16,80.0,28.56,22,4,79.26,5,SAME
16,75.93,34.15,23,5,40.26,5,EASIER
4,80.73,14.63,5,1,77.04,1,HARDER
12,69.88,27.08,20,5,64.15,4,EASIER
9,100.0,22.76,9,0,98.68,3,HARDER
6,100.0,13.02,6,0,92.87,2,HARDER
12,86.0,18.25,17,2,82.59,4,HARDER
6,67.28,24.67,11,3,82.43,2,EASIER
9,73.34,28.46,15,3,68.85,3,EASIER
9,82.14,30.11,12,2,100.0,3,HARDER
4,66.2,27.34,6,2,78.82,1,SAME
6,73.39,21.17,13,2,73.82,2,SAME
12,66.05,35.58,26,6,45.23,4,EASIER
4,100.0,15.98,4,0,97.26,1,HARDER
16,82.08,26.18,23,4,54.06,5,HARDER
16,79.62,35.71,21,4,63.91,5,SAME
16,93.87,22.92,19,1,88.4,5,HARDER
6,99.37,6.64,6,0,95.83,2,HARDER
16,73.06,35.07,24,6,51.16,5,EASIER
16,60.78,65.8,35,10,10.12,5,EASIER
9,82.54,19.61,12,2,80.94,3,HARDER
6,99.66,16.71,6,0,95.22,2,HARDER
6,86.09,18.28,8,1,92.96,2,HARDER
6,75.05,23.62,8,2,81.28,2,SAME
6,74.24,24.43,9,2,92.56,2,HARDER
12,72.7,25.61,20,5,53.13,4,EASIER
4,100.0,15.96,4,0,85.28,1,HARDER
12,86.03,28.29,15,2,75.12,4,HARDER
4,100.0,11.5,4,0,99.36,1,HARDER
9,92.09,19.44,10,1,88.86,3,HARDER
9,82.02,27.33,13,2,77.95,3,SAME
9,73.21,16.39,14,3,59.22,3,SAME
12,74.41,38.53,17,4,73.11,4,SAME
16,90.55,19.4,18,2,82.37,5,HARDER
9,82.19,21.17,13,2,77.53,3,SAME
4,79.59,15.53,7,1,88.61,1,HARDER
12,63.52,29.09,22,7,31.2,4,SAME
4,99.85,8.51,4,0,100.0,1,HARDER
4,81.06,10.54,5,1,86.32,1,SAME
4,57.07,23.5,8,3,83.73,1,EASIER
9,81.08,40.9,11,2,87.73,3,HARDER
16,80.31,54.2,24,4,61.86,5,EASIER
16,77.07,37.26,24,5,56.42,5,EASIER
12,57.23,72.11,25,9,28.83,4,EASIER
16,82.97,22.67,22,3,64.94,5,HARDER
4,99.1,18.26,4,0,100.0,1,HARDER
6,100.0,13.74,6,0,97.86,2,HARDER
6,73.12,15.83,9,2,71.73,2,SAME
9,76.13,16.37,14,3,73.86,3,SAME
16,76.49,39.67,23,5,57.9,5,EASIER
9,82.36,17.65,12,2,100.0,3,HARDER
12,66.2,50.37,19,6,50.61,4,EASIER
9,90.25,21.14,12,1,97.54,3,HARDER
4,79.45,10.31,5,1,89.79,1,HARDER
4,99.95,11.77,4,0,90.39,1,HARDER
9,82.15,17.29,14,2,74.97,3,HARDER
9,100.0,20.61,9,0,94.2,3,HARDER
12,91.95,15.19,14,1,97.16,4,HARDER
4,67.37,13.44,8,2,75.98,1,EASIER
12,92.4,12.82,14,1,100.0,4,HARDER
9,65.06,29.01,15,5,63.75,3,EASIER
6,65.42,18.57,11,3,60.5,2,EASIER
16,71.64,27.42,27,6,51.28,5,EASIER
4,100.0,9.25,4,0,93.58,1,HARDER
4,100.0,9.0,4,0,89.99,1,HARDER
9,100.0,13.41,10,0,100.0,3,HARDER
4,67.75,12.47,8,2,80.35,1,HARDER
6,100.0,11.38,9,0,82.6,2,HARDER
9,99.95,17.26,9,0,99.62,3,HARDER
9,81.39,21.28,12,2,83.17,3,HARDER
6,100.0,17.29,6,0,100.0,2,HARDER
12,93.4,25.61,14,1,88.65,4,HARDER
4,79.6,11.51,5,1,100.0,1,SAME
9,90.4,17.87,12,1,85.64,3,HARDER
6,86.02,22.28,8,1,82.0,2,HARDER
4,97.37,12.51,4,0,95.8,1,HARDER
4,98.65,12.04,4,0,85.45,1,HARDER
12,71.31,29.1,23,5,51.3,4,EASIER
6,75.08,17.81,10,2,81.52,2,HARDER
16,70.65,40.08,29,7,23.79,5,EASIER
12,81.99,19.36,19,3,63.62,4,SAME
9,100.0,22.81,9,0,100.0,3,HARDER
6,59.3,58.1,14,4,60.48,2,EASIER
4,65.91,9.91,6,2,90.81,1,HARDER
9,80.69,11.94,16,2,77.41,3,HARDER
12,74.65,35.79,22,4,67.98,4,EASIER
4,99.83,13.07,4,0,100.0,1,HARDER
12,98.21,37.28,12,0,90.04,4,HARDER
6,74.29,24.03,10,2,78.36,2,HARDER
4,99.98,9.64,6,0,100.0,1,HARDER
6,85.68,15.62,8,1,88.4,2,HARDER
4,99.43,10.45,4,0,100.0,1,HARDER
12,91.41,20.62,15,1,96.35,4,HARDER
12,69.22,42.5,20,5,48.17,4,EASIER
6,84.65,13.08,9,1,87.68,2,HARDER
6,100.0,16.01,7,0,83.22,2,HARDER
6,84.36,14.96,10,1,89.95,2,HARDER
16,89.46,28.25,20,2,82.12,5,HARDER
12,80.16,17.35,19,3,65.61,4,SAME
9,80.61,25.17,12,2,76.89,3,HARDER
4,78.35,16.08,5,1,96.94,1,HARDER
6,99.08,12.06,6,0,100.0,2,HARDER
6,66.72,16.86,12,3,70.02,2,EASIER
9,97.59,15.18,10,0,100.0,3,HARDER
9,80.24,37.64,13,2,82.11,3,SAME
9,99.15,10.89,9,0,95.24,3,HARDER
16,65.49,31.2,30,9,35.07,5,EASIER
9,63.64,33.91,18,5,51.98,3,EASIER
6,85.04,24.73,8,1,95.97,2,HARDER
9,100.0,17.77,9,0,100.0,3,HARDER
4,99.62,12.07,4,0,100.0,1,HARDER
12,80.75,44.76,15,3,74.95,4,SAME
16,81.27,33.84,23,4,83.21,5,HARDER
6,85.5,12.44,8,1,93.94,2,HARDER
12,75.99,35.62,19,4,66.2,4,EASIER
6,86.47,10.02,7,1,99.4,2,HARDER
9,64.06,29.54,21,5,64.0,3,EASIER
16,58.28,53.03,33,10,22.49,5,EASIER
6,100.0,11.83,6,0,98.95,2,HARDER
12,75.16,42.08,20,4,58.8,4,SAME
4,79.35,18.86,7,1,84.47,1,SAME
9,83.49,28.37,12,2,76.65,3,HARDER
6,100.0,8.48,6,0,100.0,2,HARDER
16,72.74,59.99,31,6,36.23,5,EASIER
6,74.04,13.52,10,2,81.23,2,SAME
12,75.86,41.66,17,4,56.62,4,EASIER
6,99.8,15.5,6,0,100.0,2,HARDER
9,68.72,31.29,16,4,62.05,3,SAME
6,73.51,15.11,9,2,79.23,2,SAME
16,85.54,34.71,24,3,68.04,5,SAME
16,94.39,26.19,18,1,93.57,5,HARDER
16,70.74,30.36,24,6,51.11,5,EASIER
6,100.0,16.13,6,0,99.26,2,HARDER
12,82.03,31.41,16,3,75.62,4,HARDER
4,99.75,10.35,4,0,97.38,1,HARDER
6,100.0,13.65,6,0,100.0,2,HARDER
16,90.66,22.86,19,2,86.7,5,HARDER
16,66.09,24.85,32,8,34.81,5,EASIER
12,88.0,18.67,14,2,94.32,4,HARDER
12,99.89,32.05,16,0,100.0,4,HARDER
16,85.08,31.93,21,3,72.56,5,SAME
12,84.9,21.32,16,2,84.61,4,HARDER
9,100.0,8.82,9,0,93.68,3,HARDER
9,75.1,33.4,14,3,67.12,3,EASIER
16,76.19,22.54,27,5,57.02,5,SAME
6,84.15,15.24,7,1,97.95,2,HARDER
6,100.0,16.15,6,0,86.95,2,HARDER
16,67.62,35.37,25,7,52.64,5,EASIER
4,82.83,9.96,6,1,100.0,1,HARDER
6,76.3,16.44,10,2,91.89,2,HARDER
9,59.44,36.94,17,6,58.1,3,EASIER
4,99.17,14.41,4,0,100.0,1,HARDER
12,93.54,23.12,14,1,100.0,4,HARDER
6,87.17,12.73,8,1,93.2,2,HARDER
9,100.0,12.59,9,0,99.39,3,HARDER
16,73.05,38.66,27,6,44.79,5,SAME
6,84.85,11.75,8,1,90.47,2,HARDER
6,67.47,24.83,9,3,75.07,2,SAME
4,66.21,17.24,9,2,77.82,1,SAME
16,75.72,34.24,24,5,53.6,5,EASIER
9,80.34,16.92,11,2,86.63,3,HARDER
4,99.12,11.92,4,0,100.0,1,HARDER
4,100.0,10.04,5,0,98.59,1,HARDER
12,76.13,33.0,20,4,55.76,4,EASIER
16,63.1,81.38,35,9,19.0,5,EASIER
4,99.67,10.79,4,0,100.0,1,HARDER
12,65.54,42.53,20,6,51.25,4,EASIER
9,89.46,17.47,11,1,89.03,3,HARDER
6,86.23,11.14,7,1,97.92,2,HARDER
16,81.24,40.1,23,4,67.8,5,SAME
6,99.54,19.56,6,0,90.43,2,HARDER
12,80.65,24.33,16,3,73.77,4,HARDER
9,88.36,25.57,10,1,100.0,3,HARDER
9,99.22,16.77,9,0,81.45,3,HARDER
12,100.0,12.88,13,0,100.0,4,SAME
4,98.95,12.69,4,0,100.0,1,HARDER
16,77.24,26.62,25,5,64.33,5,SAME
6,75.17,37.73,10,2,73.3,2,EASIER
12,80.43,24.41,18,3,86.18,4,SAME
9,75.39,21.25,14,3,78.34,3,SAME
9,74.46,21.48,14,3,71.67,3,HARDER
9,84.82,20.91,12,2,96.2,3,HARDER
16,67.4,49.5,26,8,42.54,5,EASIER
16,89.46,15.77,21,2,79.26,5,HARDER
12,75.3,48.19,22,4,50.37,4,EASIER
4,78.74,17.63,5,1,94.1,1,HARDER
12,66.34,39.94,28,6,41.62,4,EASIER
16,79.46,33.73,22,4,59.74,5,SAME
12,80.46,18.56,16,3,73.84,4,HARDER
9,81.26,27.15,12,2,89.25,3,HARDER
4,98.99,11.29,4,0,100.0,1,HARDER
16,72.55,18.35,26,6,56.17,5,EASIER
4,67.37,26.57,7,2,73.76,1,SAME
12,90.73,17.81,14,1,95.36,4,HARDER
12,67.25,36.18,19,6,67.64,4,SAME
4,100.0,13.01,4,0,99.14,1,HARDER
4,100.0,18.19,4,0,98.06,1,HARDER
6,75.42,12.13,8,2,100.0,2,SAME
12,100.0,20.08,14,0,93.2,4,HARDER
6,83.54,20.21,9,1,96.38,2,HARDER
12,100.0,22.86,12,0,92.04,4,HARDER
16,68.15,47.56,30,7,36.32,5,EASIER
12,79.02,15.21,18,3,71.77,4,SAME
4,80.13,19.72,5,1,95.2,1,HARDER
6,74.46,17.73,12,2,81.61,2,SAME
9,83.04,17.59,12,2,92.53,3,HARDER
4,65.37,14.92,7,2,94.52,1,EASIER
12,72.58,22.7,19,5,65.96,4,SAME
6,74.34,14.99,8,2,89.0,2,SAME
16,71.87,46.6,25,6,44.77,5,EASIER
4,100.0,13.93,4,0,93.53,1,HARDER
6,99.3,9.83,6,0,100.0,2,HARDER
6,98.87,11.71,7,0,100.0,2,HARDER
16,76.13,25.63,25,5,50.71,5,EASIER
9,91.17,18.43,10,1,100.0,3,HARDER
16,67.26,53.49,30,8,35.65,5,EASIER
16,58.51,52.66,30,11,19.75,5,EASIER
6,82.71,16.01,8,1,88.06,2,HARDER
9,60.0,26.86,16,6,68.09,3,EASIER
9,75.62,23.02,13,3,81.61,3,SAME
12,93.43,30.65,17,1,95.54,4,HARDER
4,98.87,6.26,4,0,100.0,1,HARDER
12,86.09,25.05,14,2,90.91,4,HARDER
16,87.57,18.06,20,2,77.73,5,HARDER
4,99.65,10.52,4,0,100.0,1,HARDER
12,72.71,14.24,22,5,52.37,4,EASIER
9,71.28,24.76,14,4,73.63,3,EASIER
12,69.14,42.42,18,5,68.98,4,EASIER
4,67.95,17.57,8,2,68.85,1,SAME
9,89.76,12.85,10,1,100.0,3,HARDER
12,85.54,31.19,15,2,84.98,4,SAME
4,78.52,17.49,6,1,96.35,1,HARDER
9,90.37,25.11,10,1,100.0,3,HARDER
12,72.8,29.3,18,4,70.45,4,EASIER
12,80.08,18.39,15,3,93.88,4,HARDER
9,75.46,22.71,16,3,70.74,3,HARDER
12,72.72,31.84,21,4,64.71,4,SAME
4,68.17,17.99,7,2,78.08,1,EASIER
4,100.0,10.39,6,0,98.63,1,HARDER
9,75.73,22.74,15,3,58.83,3,EASIER
9,59.54,31.69,16,6,60.6,3,EASIER
6,99.22,9.49,6,0,96.4,2,HARDER
4,80.1,14.64,6,1,90.2,1,HARDER
9,75.86,22.49,14,3,61.77,3,SAME
6,98.65,16.57,6,0,100.0,2,HARDER
9,88.28,23.08,12,1,89.46,3,HARDER
6,85.21,13.15,9,1,76.84,2,HARDER
9,81.81,24.76,11,2,80.92,3,HARDER
4,80.99,17.89,5,1,98.14,1,HARDER
12,79.82,27.58,16,3,81.76,4,HARDER
9,99.65,14.42,10,0,90.47,3,HARDER
9,75.16,20.86,15,3,87.22,3,EASIER
4,100.0,17.33,4,0,100.0,1,HARDER
9,91.15,18.05,13,1,90.39,3,HARDER
4,67.15,12.18,6,2,96.23,1,SAME
9,100.0,20.18,9,0,100.0,3,HARDER
16,79.4,34.61,21,4,72.05,5,HARDER
9,81.57,19.29,14,2,85.8,3,SAME
4,99.04,7.53,4,0,100.0,1,HARDER
6,66.46,19.25,10,3,76.27,2,EASIER
16,75.99,36.8,24,5,50.56,5,EASIER
4,80.38,11.96,7,1,93.35,1,HARDER
16,67.02,44.96,31,8,25.47,5,EASIER
9,75.36,35.03,14,3,53.91,3,EASIER
12,100.0,26.07,14,0,93.05,4,HARDER
9,81.95,25.72,11,2,84.67,3,HARDER
16,85.37,32.05,19,3,83.84,5,HARDER
6,100.0,13.99,6,0,100.0,2,HARDER
12,69.91,29.31,19,5,57.82,4,EASIER
12,84.55,13.34,14,2,82.64,4,HARDER
9,83.44,13.47,13,2,93.93,3,HARDER
6,85.66,16.21,7,1,75.89,2,HARDER
9,72.79,27.46,14,3,63.27,3,HARDER
4,80.14,13.15,6,1,89.67,1,HARDER
16,64.72,47.95,27,8,30.5,5,EASIER
6,100.0,16.19,6,0,94.51,2,HARDER
6,86.53,18.09,7,1,97.46,2,HARDER
6,85.45,12.79,7,1,91.46,2,HARDER
9,100.0,15.5,9,0,100.0,3,HARDER
4,78.89,12.58,6,1,92.43,1,HARDER
6,99.86,17.71,6,0,100.0,2,HARDER
6,100.0,10.2,6,0,85.64,2,HARDER
12,75.02,32.4,22,4,59.65,4,SAME
12,81.02,29.37,20,3,68.92,4,SAME
4,80.25,12.77,5,1,96.72,1,HARDER
4,81.2,20.8,7,1,78.96,1,HARDER
6,87.65,18.09,7,1,81.65,2,HARDER
6,100.0,13.52,6,0,100.0,2,HARDER
6,100.0,9.42,7,0,100.0,2,HARDER
4,99.45,6.33,4,0,95.34,1,HARDER
4,58.96,21.85,8,3,72.4,1,EASIER
4,99.95,8.61,4,0,100.0,1,HARDER
9,90.17,21.65,11,1,92.98,3,HARDER
6,100.0,14.95,6,0,100.0,2,HARDER
9,90.17,30.2,10,1,100.0,3,HARDER
16,72.09,35.91,25,6,56.68,5,EASIER
4,66.0,10.42,8,2,75.82,1,SAME
16,84.07,38.95,24,3,81.02,5,HARDER
12,66.77,44.45,23,6,40.94,4,EASIER
16,76.51,33.37,22,5,67.98,5,SAME
9,74.29,45.79,14,3,81.84,3,SAME
6,85.23,12.42,8,1,89.72,2,SAME
9,81.15,25.89,13,2,76.28,3,HARDER
16,69.26,49.73,34,7,21.35,5,EASIER
16,72.43,28.76,23,6,52.14,5,EASIER
9,74.81,18.51,14,3,74.74,3,SAME
9,74.59,18.16,15,3,81.26,3,SAME
12,80.2,23.98,15,3,100.0,4,HARDER
16,77.81,38.46,23,5,65.87,5,SAME
9,100.0,12.94,9,0,100.0,3,HARDER
6,55.11,28.07,13,5,61.31,2,EASIER
9,81.2,28.9,12,2,88.04,3,HARDER
16,76.29,27.22,26,5,51.91,5,EASIER
12,72.07,44.48,21,5,65.16,4,EASIER
6,100.0,16.74,7,0,90.52,2,HARDER
4,80.99,8.27,5,1,92.34,1,HARDER
16,89.76,33.14,22,2,74.22,5,HARDER
6,75.61,15.68,8,2,84.71,2,EASIER
4,99.45,9.06,4,0,95.31,1,HARDER
4,100.0,10.37,4,0,100.0,1,HARDER
12,67.3,41.21,22,6,43.5,4,EASIER
16,76.47,39.7,23,5,67.41,5,EASIER
12,93.05,15.41,14,1,82.33,4,HARDER
9,74.22,35.6,12,3,85.7,3,SAME
4,78.96,17.88,7,1,86.92,1,EASIER
12,100.0,21.39,12,0,97.02,4,HARDER
4,80.98,14.45,5,1,97.04,1,SAME
9,81.92,23.6,12,2,92.11,3,HARDER
12,92.49,18.63,15,1,100.0,4,HARDER
16,75.09,35.67,21,5,72.82,5,SAME
16,72.49,51.79,27,6,51.26,5,EASIER
12,84.26,25.84,15,2,76.86,4,HARDER
12,84.81,33.52,18,2,78.82,4,HARDER
9,80.96,29.12,11,2,72.24,3,HARDER
16,84.38,30.53,22,3,74.54,5,EASIER
6,100.0,10.44,6,0,100.0,2,HARDER
12,92.35,27.94,13,1,97.97,4,HARDER
6,88.05,17.15,9,1,81.91,2,HARDER
4,99.27,12.65,4,0,100.0,1,HARDER
9,100.0,24.64,10,0,100.0,3,HARDER
9,81.76,22.33,14,2,81.65,3,HARDER
12,71.72,37.08,22,5,47.82,4,EASIER
4,98.46,13.43,4,0,92.11,1,HARDER
9,89.52,15.2,11,1,83.0,3,HARDER
6,100.0,15.79,6,0,100.0,2,HARDER
12,100.0,12.72,13,0,83.4,4,HARDER
6,87.48,15.21,7,1,89.81,2,HARDER
6,99.65,10.07,6,0,100.0,2,HARDER
16,88.0,19.65,21,2,88.55,5,SAME
6,84.8,15.02,7,1,100.0,2,HARDER
4,100.0,13.16,4,0,97.06,1,HARDER
16,74.02,31.96,24,6,61.57,5,EASIER
6,99.32,12.31,6,0,92.87,2,HARDER
16,75.6,28.75,23,5,63.75,5,SAME
16,77.29,51.71,21,5,58.74,5,EASIER
4,100.0,10.12,4,0,100.0,1,HARDER
16,61.01,41.52,38,10,0.0,5,EASIER
9,99.2,18.73,11,0,94.92,3,HARDER
16,99.19,27.25,18,0,94.47,5,HARDER
9,74.5,16.48,14,3,82.38,3,HARDER
6,86.45,17.95,8,1,95.71,2,HARDER
12,84.37,44.71,15,2,95.44,4,HARDER
12,87.13,17.08,15,2,96.37,4,HARDER
6,98.37,16.49,6,0,93.27,2,HARDER
4,100.0,9.39,4,0,86.66,1,HARDER
9,83.18,18.8,14,2,77.62,3,HARDER
12,87.77,24.43,15,2,76.27,4,HARDER
6,73.96,13.43,10,2,75.13,2,SAME
4,79.82,20.52,5,1,96.97,1,HARDER
16,71.1,55.08,31,7,36.77,5,EASIER
12,85.57,42.16,15,2,79.42,4,HARDER
6,99.1,17.86,6,0,94.77,2,HARDER
6,85.77,11.54,7,1,100.0,2,HARDER
16,77.14,28.21,24,5,67.82,5,SAME
9,90.08,16.79,12,1,89.6,3,HARDER
6,74.67,21.68,9,2,93.26,2,SAME
4,98.62,8.87,4,0,100.0,1,HARDER
12,92.66,15.25,14,1,100.0,4,HARDER
16,81.94,42.77,22,4,57.02,5,HARDER
16,70.05,31.13,25,7,32.38,5,EASIER
16,88.64,27.92,18,2,89.45,5,HARDER
9,90.87,14.07,10,1,100.0,3,HARDER
12,84.89,11.35,15,2,70.93,4,HARDER
4,99.75,7.08,4,0,90.28,1,HARDER
16,89.72,16.72,20,2,93.19,5,HARDER
16,68.99,31.41,25,7,45.81,5,EASIER
12,69.26,39.34,19,5,47.36,4,EASIER
6,100.0,13.13,6,0,100.0,2,HARDER
6,85.58,18.13,8,1,94.99,2,HARDER
4,99.36,17.84,4,0,97.77,1,HARDER
16,74.19,33.14,24,6,63.78,5,SAME
12,73.53,22.09,19,4,67.6,4,SAME
9,89.51,14.85,12,1,100.0,3,HARDER
16,70.44,28.51,30,7,31.78,5,EASIER
4,99.89,12.0,4,0,100.0,1,HARDER
9,63.19,25.84,16,5,49.29,3,EASIER
9,88.8,17.11,12,1,98.65,3,HARDER
12,84.31,31.68,16,2,85.39,4,HARDER
9,64.73,47.98,14,5,56.11,3,EASIER
16,65.87,69.16,30,8,45.31,5,EASIER
4,100.0,17.44,4,0,84.01,1,HARDER
4,80.18,12.56,7,1,87.7,1,HARDER
6,85.8,10.07,7,1,96.36,2,HARDER
9,81.4,22.15,13,2,76.81,3,EASIER
16,67.47,53.35,28,8,43.08,5,EASIER
16,84.56,35.67,21,3,69.23,5,HARDER
16,78.66,42.63,24,4,63.56,5,SAME
12,66.64,30.21,24,6,39.48,4,EASIER
16,80.76,24.25,26,4,73.06,5,HARDER
12,92.59,19.17,14,1,96.31,4,HARDER
12,69.99,17.4,23,5,59.46,4,SAME
12,65.8,30.63,27,6,47.24,4,EASIER
9,89.58,19.12,12,1,100.0,3,HARDER
16,64.58,55.71,27,9,19.54,5,EASIER
9,82.31,35.89,11,2,100.0,3,HARDER
4,99.46,9.4,5,0,90.42,1,HARDER
9,81.56,18.8,13,2,81.44,3,HARDER
16,80.85,39.05,25,4,60.57,5,SAME
12,84.56,26.0,14,2,81.23,4,HARDER
6,87.33,13.38,8,1,81.04,2,HARDER
4,80.07,10.06,6,1,81.1,1,HARDER
4,99.49,12.93,4,0,97.38,1,HARDER
12,71.01,48.84,20,5,79.48,4,EASIER
9,82.84,23.04,11,2,71.76,3,HARDER
6,74.35,14.04,10,2,80.13,2,HARDER
9,98.9,22.6,9,0,100.0,3,HARDER
9,74.71,21.34,15,3,77.71,3,SAME
16,78.56,27.91,23,4,73.56,5,SAME
9,64.97,37.69,16,5,54.98,3,EASIER
9,90.52,16.67,12,1,91.51,3,HARDER
4,99.77,18.55,4,0,92.18,1,HARDER
6,99.02,12.5,7,0,100.0,2,HARDER
4,100.0,15.05,4,0,97.63,1,HARDER
6,99.68,13.48,6,0,100.0,2,HARDER
6,97.93,12.8,6,0,95.0,2,HARDER
16,74.48,51.75,23,5,43.94,5,EASIER
9,91.15,16.89,11,1,88.38,3,HARDER
4,77.64,9.69,6,1,93.21,1,HARDER
9,81.44,15.46,12,2,89.51,3,HARDER
9,76.41,24.6,12,3,65.68,3,SAME
9,81.34,16.31,12,2,82.67,3,EASIER
12,100.0,12.99,12,0,100.0,4,HARDER
4,100.0,7.74,4,0,98.3,1,HARDER
16,84.07,25.15,20,3,72.81,5,HARDER
16,53.27,82.43,41,14,0.0,5,EASIER
6,74.6,20.43,9,2,79.37,2,SAME
9,81.56,27.32,14,2,66.38,3,HARDER
4,55.43,16.46,9,3,75.89,1,EASIER
6,74.83,35.9,9,2,79.66,2,SAME
6,100.0,16.79,6,0,98.0,2,HARDER
6,100.0,11.9,6,0,100.0,2,HARDER
16,82.13,31.5,21,3,86.39,5,SAME
6,99.58,17.31,7,0,100.0,2,HARDER
16,84.8,24.97,22,3,67.94,5,SAME
9,100.0,14.24,9,0,100.0,3,HARDER
12,58.85,35.24,26,8,32.01,4,EASIER
4,79.25,20.38,5,1,89.83,1,HARDER
4,99.69,20.86,4,0,90.2,1,HARDER
4,80.54,10.97,7,1,84.34,1,HARDER
4,100.0,11.61,4,0,98.75,1,HARDER
12,71.0,24.57,24,5,47.39,4,EASIER
16,82.47,29.35,26,4,68.02,5,EASIER
12,93.84,20.52,15,1,92.19,4,HARDER
6,76.22,18.53,11,2,83.91,2,HARDER
9,100.0,25.75,9,0,95.22,3,HARDER
9,90.93,16.63,12,1,85.82,3,HARDER
4,80.29,12.45,6,1,90.72,1,HARDER
6,85.86,11.88,9,1,87.92,2,HARDER
4,100.0,15.64,4,0,97.6,1,HARDER
6,76.51,19.98,8,2,87.51,2,HARDER
9,82.24,45.62,12,2,81.2,3,SAME
12,66.72,34.06,24,6,40.26,4,EASIER
4,80.6,16.29,5,1,100.0,1,HARDER
9,100.0,19.1,9,0,97.41,3,HARDER
9,68.73,20.61,15,4,65.07,3,SAME
9,98.87,18.13,9,0,95.58,3,HARDER
9,74.58,19.32,13,3,77.54,3,HARDER
4,80.46,12.71,6,1,96.8,1,HARDER
4,98.48,11.0,4,0,100.0,1,HARDER
6,100.0,20.99,6,0,95.11,2,HARDER
6,59.71,23.01,13,4,63.65,2,EASIER
16,84.07,29.49,22,3,64.25,5,HARDER
4,99.3,15.7,4,0,90.31,1,HARDER
4,98.88,12.35,4,0,85.08,1,HARDER
6,73.04,13.1,8,2,81.56,2,EASIER
12,85.91,28.87,16,2,84.52,4,HARDER
4,80.01,22.56,5,1,88.97,1,SAME
4,79.83,25.31,5,1,80.02,1,HARDER
12,80.55,28.13,16,3,69.77,4,SAME
4,79.5,17.64,6,1,78.46,1,HARDER
16,88.08,24.6,19,2,91.01,5,HARDER
4,98.93,7.15,4,0,93.54,1,HARDER
12,71.34,32.72,17,5,61.11,4,EASIER
9,75.42,25.87,15,3,57.92,3,EASIER
12,98.5,15.88,12,0,98.84,4,HARDER
9,99.92,18.83,9,0,92.19,3,HARDER
16,81.05,33.66,21,4,73.41,5,SAME
4,80.36,18.01,6,1,87.11,1,SAME
9,74.4,17.87,15,3,85.32,3,SAME
9,75.94,13.9,16,3,73.13,3,EASIER
16,77.34,28.25,25,5,46.95,5,SAME
4,68.34,21.85,9,2,66.41,1,EASIER
4,99.19,7.66,4,0,94.38,1,HARDER
6,99.11,14.82,6,0,100.0,2,HARDER
9,75.16,42.02,14,3,77.17,3,SAME
12,81.37,17.84,16,3,74.48,4,HARDER
12,80.87,16.51,16,3,73.25,4,HARDER
16,82.55,15.61,23,3,77.35,5,HARDER
9,90.11,27.86,12,1,92.69,3,HARDER
6,74.16,21.28,8,2,74.97,2,HARDER
9,82.07,19.33,12,2,81.5,3,HARDER
16,80.25,27.97,24,4,70.63,5,SAME
6,84.34,10.9,7,1,100.0,2,HARDER
4,100.0,11.78,4,0,95.62,1,HARDER
9,100.0,19.18,12,0,92.77,3,HARDER
4,99.89,8.7,4,0,99.87,1,HARDER
16,82.77,25.8,21,3,79.74,5,HARDER
4,99.85,11.08,4,0,100.0,1,HARDER
9,80.41,18.75,14,2,82.19,3,SAME
12,86.66,33.39,16,2,83.39,4,HARDER
4,81.52,10.91,5,1,93.48,1,HARDER
4,80.26,12.97,5,1,99.27,1,HARDER
16,67.72,36.66,25,8,39.05,5,EASIER
9,76.17,27.06,14,3,71.8,3,SAME
4,99.06,8.33,4,0,86.95,1,HARDER
12,86.04,19.68,16,2,76.83,4,SAME
4,99.83,8.44,4,0,97.12,1,HARDER
9,76.65,22.42,14,3,79.92,3,HARDER
4,99.06,18.83,4,0,100.0,1,HARDER
9,68.6,24.2,16,4,67.19,3,SAME
4,100.0,10.85,4,0,96.08,1,HARDER
16,73.3,30.27,25,6,49.45,5,EASIER
4,65.04,15.24,6,2,80.18,1,EASIER
6,100.0,8.66,7,0,87.33,2,HARDER
4,81.44,21.6,6,1,90.86,1,HARDER
16,89.28,20.48,21,2,90.63,5,HARDER
16,94.12,21.36,19,1,82.95,5,HARDER
4,78.94,9.32,5,1,99.32,1,HARDER
12,69.59,35.25,19,5,59.9,4,EASIER
9,81.16,15.57,14,2,74.93,3,HARDER
12,87.22,24.52,14,2,72.19,4,HARDER
4,99.67,13.85,4,0,98.18,1,HARDER
16,89.65,25.32,22,2,76.77,5,HARDER
12,70.12,27.22,19,5,63.44,4,EASIER
6,66.65,24.93,10,3,73.86,2,EASIER
4,100.0,11.68,4,0,93.06,1,HARDER
6,67.39,22.74,10,3,73.96,2,EASIER
9,80.77,34.0,13,2,69.43,3,SAME
6,84.16,19.48,7,1,100.0,2,HARDER
6,99.91,16.7,6,0,100.0,2,HARDER
4,100.0,11.29,4,0,100.0,1,HARDER
6,67.1,21.54,10,3,79.36,2,SAME
9,82.58,26.1,11,2,80.79,3,SAME
16,66.38,26.27,30,8,40.05,5,EASIER
4,81.31,13.05,6,1,93.14,1,HARDER
12,87.41,41.2,18,2,81.13,4,HARDER
12,83.24,30.45,16,2,62.75,4,SAME
9,100.0,10.61,9,0,96.67,3,HARDER
12,91.64,23.94,16,1,82.94,4,HARDER
12,69.86,24.96,23,5,57.46,4,EASIER
16,93.25,34.34,19,1,83.37,5,HARDER
16,76.12,21.7,25,5,51.84,5,SAME
9,69.55,42.54,22,4,48.93,3,EASIER
12,93.26,14.04,14,1,93.15,4,HARDER
16,84.85,53.52,23,3,76.49,5,HARDER
6,74.29,18.21,9,2,68.76,2,SAME
4,78.79,12.75,6,1,92.96,1,HARDER
9,90.59,28.58,11,1,87.57,3,HARDER
12,72.32,39.88,20,4,43.71,4,EASIER
12,84.63,19.94,15,2,84.57,4,SAME
9,98.16,14.57,9,0,100.0,3,HARDER
4,100.0,7.64,4,0,100.0,1,HARDER
9,90.4,18.31,11,1,96.22,3,HARDER
16,69.14,40.12,27,7,39.37,5,EASIER
4,99.51,15.92,4,0,100.0,1,HARDER
9,90.93,12.36,11,1,100.0,3,HARDER
12,85.56,16.93,15,2,85.87,4,HARDER
6,66.41,14.51,9,3,74.15,2,SAME
4,99.18,8.83,5,0,95.09,1,HARDER
4,81.4,10.27,5,1,94.87,1,HARDER
12,65.8,28.26,22,6,60.1,4,EASIER
6,75.72,47.54,10,2,75.63,2,SAME
6,85.04,12.81,7,1,100.0,2,HARDER
16,61.97,45.43,33,9,7.44,5,EASIER
4,99.31,9.64,4,0,100.0,1,HARDER
12,76.87,39.44,18,4,55.47,4,EASIER
6,99.53,15.98,6,0,93.47,2,HARDER
6,100.0,17.96,6,0,100.0,2,HARDER
4,100.0,10.92,5,0,100.0,1,HARDER
16,80.99,40.26,22,4,66.06,5,EASIER
4,79.15,16.92,5,1,90.16,1,HARDER
12,80.15,31.47,19,3,84.58,4,SAME
4,80.54,14.15,5,1,95.53,1,HARDER
4,79.15,13.53,5,1,100.0,1,HARDER
9,74.35,25.33,14,3,52.8,3,SAME
9,56.5,36.21,20,7,28.85,3,EASIER
9,89.6,15.12,11,1,75.18,3,HARDER
9,99.76,14.52,9,0,84.38,3,HARDER
6,100.0,10.7,6,0,88.89,2,HARDER
12,79.53,23.39,16,3,69.25,4,HARDER
9,89.06,14.66,10,1,92.14,3,HARDER
9,91.07,20.85,11,1,76.33,3,HARDER
6,86.92,13.91,9,1,83.15,2,HARDER
16,87.66,32.58,21,2,72.23,5,HARDER
6,85.65,12.07,8,1,95.67,2,HARDER
16,93.92,29.89,18,1,85.22,5,HARDER
4,79.84,15.07,5,1,73.64,1,HARDER
12,93.23,32.57,13,1,94.18,4,HARDER
9,99.79,13.85,9,0,100.0,3,HARDER
6,67.03,12.06,13,3,42.65,2,EASIER
12,74.4,32.1,18,4,72.12,4,HARDER
4,80.46,16.05,6,1,84.64,1,HARDER
12,59.7,40.05,22,8,19.29,4,EASIER
12,94.55,24.21,15,1,97.89,4,HARDER
6,75.2,16.12,12,2,78.15,2,SAME
6,98.23,9.25,6,0,100.0,2,HARDER
6,99.44,9.66,6,0,99.22,2,EASIER
4,79.92,11.91,5,1,89.77,1,HARDER
12,100.0,30.19,12,0,100.0,4,HARDER
6,99.2,17.19,6,0,100.0,2,HARDER
16,83.89,30.16,22,3,81.97,5,SAME
6,98.48,14.46,7,0,94.61,2,HARDER
4,100.0,16.53,4,0,86.95,1,HARDER
4,77.93,6.55,5,1,92.22,1,HARDER
9,70.01,21.18,16,4,49.25,3,EASIER
4,79.61,20.22,5,1,96.22,1,HARDER
4,68.3,11.24,7,2,92.75,1,SAME
9,99.89,20.7,9,0,100.0,3,HARDER
12,80.84,25.35,16,3,73.03,4,SAME
16,67.73,26.41,27,8,47.45,5,EASIER
6,71.82,21.54,8,2,81.12,2,HARDER
9,82.17,12.92,17,2,80.64,3,HARDER
4,98.49,4.91,4,0,84.89,1,HARDER
12,74.58,26.3,19,4,68.33,4,SAME
4,100.0,9.0,4,0,100.0,1,HARDER
9,100.0,20.1,10,0,94.15,3,HARDER
16,79.66,57.21,22,4,81.04,5,EASIER
4,100.0,12.43,4,0,100.0,1,HARDER
4,100.0,10.89,5,0,100.0,1,HARDER
4,77.84,16.06,6,1,93.89,1,HARDER
9,82.48,21.18,17,2,92.67,3,HARDER
12,63.86,43.94,24,7,42.25,4,EASIER
4,81.24,8.4,6,1,91.23,1,HARDER
9,97.78,18.42,11,0,92.31,3,HARDER
9,75.88,29.8,16,3,74.15,3,HARDER
12,100.0,22.99,12,0,100.0,4,EASIER
12,71.15,38.61,19,5,56.06,4,EASIER
16,71.96,17.51,27,6,25.09,5,EASIER
4,77.82,18.6,5,1,100.0,1,HARDER
16,76.4,28.23,26,5,51.94,5,EASIER
12,91.02,16.28,13,1,81.2,4,HARDER
4,99.21,9.75,4,0,100.0,1,HARDER
12,91.39,22.44,14,1,100.0,4,HARDER
12,93.2,19.97,13,1,87.83,4,HARDER
9,90.66,13.14,10,1,89.0,3,HARDER
4,79.03,10.46,5,1,98.98,1,HARDER
9,89.67,18.43,12,1,100.0,3,HARDER
4,100.0,10.09,4,0,100.0,1,HARDER
4,80.47,12.47,6,1,95.6,1,HARDER
12,92.87,25.74,15,1,92.01,4,EASIER
16,73.27,39.06,23,6,62.78,5,EASIER
4,98.22,10.82,5,0,96.2,1,HARDER
4,100.0,12.64,4,0,100.0,1,HARDER
16,69.25,27.66,26,7,40.18,5,EASIER
4,66.88,18.33,6,2,85.97,1,SAME
9,75.88,21.6,14,3,75.95,3,SAME
4,78.64,11.99,5,1,85.63,1,HARDER
9,74.63,20.73,14,3,75.75,3,SAME
6,85.48,13.23,8,1,96.0,2,HARDER
16,89.79,16.71,22,2,82.55,5,HARDER
6,85.37,18.22,7,1,95.76,2,HARDER
12,65.82,41.68,20,6,49.74,4,EASIER
16,85.4,24.23,20,3,89.01,5,HARDER
9,99.53,15.44,9,0,98.75,3,HARDER
12,72.08,19.59,21,5,57.82,4,EASIER
4,100.0,13.17,4,0,96.66,1,HARDER
16,69.23,54.74,26,7,41.8,5,EASIER
12,71.29,32.45,20,5,58.87,4,EASIER
9,81.77,27.25,12,2,82.67,3,SAME
12,75.4,29.93,18,4,70.53,4,HARDER
16,90.81,20.54,20,2,79.32,5,HARDER
9,89.79,18.53,11,1,93.65,3,HARDER
4,98.36,22.5,5,0,98.68,1,HARDER
4,78.03,14.97,5,1,86.58,1,HARDER
12,69.61,23.79,22,5,55.99,4,EASIER
9,60.35,28.79,18,6,60.06,3,EASIER
4,99.11,16.12,4,0,92.44,1,HARDER
16,70.51,48.59,29,7,43.69,5,EASIER
16,80.15,20.55,23,4,85.21,5,SAME
16,79.92,27.68,22,4,66.35,5,SAME
4,58.61,16.98,7,3,80.11,1,EASIER
12,70.73,25.69,19,5,57.21,4,EASIER
4,67.67,15.97,7,2,81.48,1,EASIER
4,80.28,9.88,6,1,78.96,1,HARDER
4,79.2,13.99,5,1,86.2,1,HARDER
9,63.49,18.94,23,5,38.59,3,EASIER
16,87.5,34.84,24,2,66.92,5,SAME
16,69.88,31.8,27,7,46.0,5,EASIER
6,73.02,15.65,9,2,87.18,2,SAME
9,99.44,15.54,9,0,100.0,3,HARDER
6,87.08,17.58,9,1,81.51,2,HARDER
6,99.12,15.62,6,0,100.0,2,HARDER
16,81.53,43.77,22,4,70.37,5,EASIER
9,62.21,16.53,17,5,49.18,3,EASIER
6,85.47,12.54,7,1,100.0,2,HARDER
4,98.12,19.1,4,0,100.0,1,HARDER
9,74.31,19.32,12,3,89.17,3,HARDER
16,75.95,29.45,25,5,58.46,5,EASIER
12,92.51,22.36,13,1,92.47,4,HARDER
12,93.39,12.28,14,1,86.43,4,HARDER
12,66.26,27.66,23,6,39.39,4,EASIER
4,98.59,8.79,5,0,100.0,1,HARDER
12,68.74,47.31,20,5,64.41,4,EASIER
9,76.13,19.11,12,3,93.46,3,SAME
12,79.8,23.12,17,3,78.0,4,HARDER
16,71.07,38.36,30,7,33.31,5,EASIER
6,98.38,12.81,6,0,95.19,2,HARDER
4,82.37,13.45,5,1,85.12,1,HARDER
9,82.64,21.49,12,2,80.43,3,HARDER
4,66.52,22.21,7,2,87.32,1,EASIER
16,76.32,41.09,25,5,60.12,5,SAME
16,76.82,44.96,25,5,35.49,5,EASIER
4,99.36,13.6,4,0,100.0,1,HARDER
6,60.69,22.41,11,4,71.1,2,EASIER
6,97.96,12.51,7,0,97.33,2,HARDER
16,73.94,46.94,22,5,49.36,5,EASIER
16,88.47,23.76,20,2,86.75,5,HARDER
4,100.0,9.89,4,0,100.0,1,HARDER
12,78.48,30.88,16,3,81.37,4,HARDER
4,98.7,14.17,4,0,78.58,1,HARDER
6,73.53,18.32,9,2,77.62,2,HARDER
4,80.44,15.36,5,1,89.16,1,HARDER
4,79.44,18.6,6,1,100.0,1,HARDER
6,99.93,12.77,6,0,100.0,2,HARDER
16,70.42,33.48,27,7,27.85,5,EASIER
6,85.63,13.25,7,1,98.63,2,HARDER
9,70.01,45.97,16,4,55.27,3,EASIER
4,80.06,17.2,8,1,93.32,1,SAME
6,99.16,10.54,6,0,96.45,2,HARDER
4,78.18,13.89,6,1,100.0,1,HARDER
9,89.32,27.23,12,1,98.71,3,HARDER
6,66.15,24.02,11,3,69.9,2,EASIER
16,82.25,34.73,22,3,66.4,5,HARDER
12,70.49,28.3,21,5,58.46,4,EASIER
4,100.0,12.68,4,0,100.0,1,HARDER
16,88.81,23.26,20,2,84.87,5,HARDER
4,79.68,26.7,8,1,87.52,1,HARDER
16,79.06,32.55,25,4,61.96,5,SAME
4,65.88,16.74,8,2,71.47,1,SAME
4,99.94,18.43,4,0,100.0,1,HARDER
9,68.82,33.4,16,4,69.37,3,SAME
6,99.6,13.52,6,0,95.67,2,HARDER
16,89.69,20.84,19,2,81.82,5,HARDER
9,100.0,10.0,9,0,100.0,3,HARDER
12,92.96,26.31,14,1,97.75,4,HARDER
12,86.53,20.46,14,2,92.47,4,HARDER
12,92.75,22.45,16,1,89.34,4,HARDER
9,76.77,17.57,14,3,76.05,3,HARDER
4,77.61,9.35,5,1,95.7,1,HARDER
12,61.44,30.17,24,7,42.74,4,EASIER
12,90.81,25.81,17,1,88.37,4,HARDER
9,89.05,18.68,10,1,91.42,3,HARDER
4,79.94,10.94,5,1,93.19,1,HARDER
9,70.14,24.19,13,4,68.66,3,HARDER
16,74.52,29.25,30,5,51.34,5,EASIER
6,98.95,8.54,7,0,99.79,2,HARDER
9,89.5,21.82,10,1,96.17,3,HARDER
9,75.46,25.33,13,3,65.54,3,SAME
16,76.41,70.22,24,5,50.82,5,EASIER
6,86.0,15.54,9,1,96.16,2,HARDER
12,93.15,23.84,15,1,100.0,4,HARDER
12,71.08,43.94,23,5,61.18,4,EASIER
9,80.89,14.92,11,2,80.9,3,HARDER
6,87.26,15.28,8,1,85.68,2,HARDER
16,75.14,38.22,23,5,51.35,5,EASIER
4,66.76,18.95,11,2,85.36,1,SAME
6,67.03,25.33,10,3,63.08,2,EASIER
16,74.66,46.09,27,5,52.91,5,EASIER
16,80.62,43.0,23,4,68.76,5,EASIER
6,74.37,15.85,11,2,63.11,2,HARDER
12,98.67,14.56,16,0,88.12,4,HARDER
12,86.21,23.19,18,2,81.03,4,HARDER
12,67.09,34.18,21,6,39.66,4,EASIER
9,74.45,29.35,13,3,58.79,3,SAME
6,76.0,12.65,10,2,85.99,2,SAME
9,99.61,14.34,9,0,100.0,3,HARDER
12,76.28,59.09,21,4,48.07,4,EASIER
9,90.86,21.31,10,1,80.82,3,HARDER
9,92.06,16.96,11,1,89.8,3,HARDER
12,84.76,21.38,17,2,71.41,4,HARDER
12,80.58,18.53,17,3,82.85,4,SAME
6,74.14,10.89,8,2,100.0,2,HARDER
9,89.76,14.34,12,1,100.0,3,HARDER
9,81.1,20.18,12,2,87.88,3,HARDER
9,83.16,14.43,11,2,96.59,3,HARDER
12,99.43,16.7,13,0,100.0,4,HARDER
9,82.68,22.66,13,2,81.77,3,HARDER
6,87.19,12.52,8,1,100.0,2,HARDER
12,99.63,15.31,13,0,94.3,4,HARDER
16,95.72,31.0,17,1,100.0,5,HARDER
9,89.0,23.24,11,1,94.43,3,HARDER
4,100.0,9.63,4,0,98.85,1,HARDER
4,79.52,15.02,7,1,96.8,1,HARDER
9,79.64,16.42,12,2,73.11,3,HARDER
6,61.98,35.25,13,4,51.68,2,EASIER
4,66.07,12.85,8,2,78.1,1,SAME
4,79.69,21.35,6,1,93.91,1,HARDER
16,69.59,31.72,30,7,40.75,5,EASIER
6,85.78,18.75,8,1,91.77,2,HARDER
12,84.91,22.09,15,2,97.12,4,HARDER
6,100.0,9.86,6,0,100.0,2,HARDER
16,71.36,31.18,24,6,56.76,5,EASIER
6,74.06,16.42,9,2,84.05,2,SAME
12,68.59,26.7,19,5,65.25,4,EASIER
16,95.47,28.94,18,1,94.6,5,HARDER
4,56.12,11.35,10,3,83.74,1,EASIER
4,100.0,15.54,4,0,100.0,1,HARDER
4,67.78,15.78,10,2,77.23,1,SAME
4,79.05,14.77,6,1,94.35,1,HARDER
12,79.82,26.33,16,3,75.08,4,HARDER
12,64.73,29.02,19,6,68.68,4,EASIER
4,99.28,11.53,4,0,100.0,1,HARDER
16,66.88,42.07,29,8,40.72,5,EASIER
6,77.26,23.6,9,2,78.21,2,EASIER
9,81.56,24.41,12,2,86.39,3,HARDER
12,85.15,15.63,18,2,74.39,4,HARDER
16,70.81,38.74,31,7,28.2,5,EASIER
12,86.42,18.14,17,2,81.94,4,HARDER
16,73.15,44.32,23,6,60.63,5,EASIER
9,100.0,13.82,9,0,100.0,3,HARDER
12,71.24,29.22,18,5,56.83,4,EASIER
16,75.76,40.33,23,5,59.67,5,EASIER
9,82.29,28.4,11,2,85.21,3,HARDER
6,85.57,15.87,8,1,90.41,2,HARDER
4,66.35,19.56,6,2,96.21,1,SAME
16,78.91,43.57,27,4,49.85,5,EASIER
12,71.36,26.7,21,5,58.18,4,EASIER
16,75.25,39.71,24,5,56.69,5,EASIER
16,89.27,32.01,18,2,90.24,5,HARDER
16,76.32,24.71,24,5,56.18,5,EASIER
16,76.69,59.51,23,5,52.1,5,SAME
6,75.03,32.28,11,2,83.89,2,SAME
6,86.86,12.34,9,1,98.15,2,HARDER
6,66.33,14.89,10,3,78.0,2,SAME
6,85.73,16.78,7,1,100.0,2,HARDER
9,89.46,23.53,11,1,89.58,3,HARDER
12,92.39,19.11,15,1,94.23,4,HARDER
12,73.86,27.03,19,4,78.47,4,EASIER
16,79.92,23.69,21,4,67.97,5,EASIER
9,80.55,21.7,13,2,91.9,3,HARDER
12,86.71,26.41,17,2,87.82,4,HARDER
4,77.58,10.24,7,1,91.62,1,HARDER
16,83.45,23.41,22,3,70.76,5,SAME
6,84.86,18.12,10,1,78.25,2,HARDER
16,79.33,39.39,23,4,58.32,5,SAME
4,100.0,13.13,5,0,88.34,1,HARDER
4,66.55,37.39,11,2,56.14,1,EASIER
12,70.47,24.41,20,5,57.81,4,EASIER
6,61.71,18.62,11,4,72.74,2,EASIER
12,68.84,25.72,24,6,31.56,4,EASIER
4,100.0,9.69,4,0,100.0,1,HARDER
4,100.0,8.1,4,0,100.0,1,HARDER
4,99.63,10.41,4,0,90.18,1,HARDER
12,85.65,21.01,15,2,81.44,4,HARDER
4,100.0,7.59,4,0,98.92,1,HARDER
4,99.95,11.3,4,0,100.0,1,HARDER
12,78.43,22.52,17,3,77.96,4,HARDER
6,84.96,17.25,8,1,100.0,2,HARDER
4,77.69,14.22,5,1,91.58,1,HARDER
6,84.05,24.2,8,1,92.95,2,HARDER
16,58.89,57.26,43,11,0.0,5,EASIER
12,74.82,29.08,19,4,67.54,4,SAME
16,82.17,19.76,21,4,67.78,5,SAME
16,84.51,34.05,24,3,85.3,5,HARDER
16,72.05,48.73,24,6,46.03,5,EASIER
6,100.0,14.39,6,0,100.0,2,HARDER
12,71.67,30.39,19,5,70.86,4,EASIER
9,74.89,18.81,14,3,73.09,3,SAME
4,66.84,15.69,6,2,95.8,1,HARDER
6,66.82,20.85,10,3,69.73,2,EASIER
4,98.84,11.46,4,0,90.13,1,HARDER
6,100.0,14.36,6,0,100.0,2,HARDER
12,69.58,33.5,19,5,57.74,4,EASIER
4,80.0,15.48,5,1,93.3,1,HARDER
4,80.13,16.87,6,1,87.97,1,HARDER
4,100.0,10.26,4,0,100.0,1,HARDER
4,67.58,15.93,6,2,79.18,1,SAME
12,80.26,35.47,18,3,62.19,4,SAME
9,82.38,17.96,12,2,86.22,3,HARDER
4,99.95,11.09,4,0,82.76,1,HARDER
6,100.0,13.21,7,0,97.37,2,HARDER
4,66.24,19.43,8,2,95.09,1,SAME
9,82.65,19.05,12,2,93.86,3,HARDER
4,80.01,12.67,5,1,96.79,1,HARDER
16,80.16,25.98,25,4,63.92,5,SAME
6,100.0,12.03,6,0,98.52,2,HARDER
12,84.04,18.03,14,2,84.23,4,HARDER
4,82.09,14.16,5,1,98.78,1,EASIER
12,71.76,16.83,24,5,49.92,4,EASIER
9,76.45,24.28,13,3,83.04,3,SAME
12,84.91,30.4,15,2,81.4,4,HARDER
6,67.12,26.78,10,3,72.93,2,SAME
16,88.66,30.65,19,2,83.41,5,HARDER
12,74.25,35.35,17,4,87.89,4,SAME
9,73.5,40.04,14,3,60.77,3,EASIER
12,92.51,27.42,14,1,83.59,4,HARDER
9,90.65,18.48,11,1,87.97,3,EASIER
12,86.27,29.19,20,2,71.16,4,HARDER
16,73.23,22.83,29,6,52.88,5,SAME
12,66.86,44.12,25,6,45.94,4,EASIER
16,75.46,29.24,21,5,80.06,5,SAME
12,92.83,18.82,15,1,95.66,4,HARDER
4,100.0,8.62,4,0,100.0,1,HARDER
6,74.01,25.0,10,2,81.24,2,EASIER
12,86.06,19.49,18,2,77.59,4,SAME
12,81.77,27.96,19,3,61.03,4,SAME
9,91.4,13.83,10,1,100.0,3,HARDER
4,79.8,25.2,7,1,95.47,1,HARDER
12,78.62,20.68,16,3,80.62,4,HARDER
12,68.27,28.41,21,6,53.37,4,EASIER
6,83.49,15.26,7,1,94.45,2,HARDER
12,63.75,33.82,22,7,33.34,4,EASIER
9,88.84,24.86,10,1,99.42,3,HARDER
9,79.98,29.61,13,2,80.74,3,SAME
12,75.06,30.65,17,4,63.71,4,HARDER
12,80.01,21.02,15,3,72.19,4,HARDER
4,100.0,7.42,4,0,100.0,1,HARDER
9,73.93,21.49,14,3,82.3,3,SAME
6,97.95,14.82,6,0,100.0,2,HARDER
6,100.0,11.71,6,0,100.0,2,HARDER
9,82.06,15.08,12,2,90.65,3,HARDER
6,86.49,12.33,8,1,88.55,2,HARDER
16,65.23,46.09,30,8,30.73,5,EASIER
16,65.54,35.4,29,8,26.36,5,EASIER
16,69.67,39.0,27,7,37.97,5,EASIER
16,72.95,44.17,27,6,47.8,5,EASIER
6,59.47,26.67,14,4,61.5,2,EASIER
9,80.98,24.43,12,2,74.35,3,HARDER
4,100.0,11.33,4,0,100.0,1,HARDER
12,74.35,29.48,19,4,66.25,4,SAME
16,93.37,28.11,18,1,97.42,5,HARDER
9,99.49,17.92,10,0,100.0,3,HARDER
16,89.7,24.34,19,2,87.85,5,HARDER
6,98.76,12.56,6,0,98.29,2,HARDER
9,100.0,15.26,10,0,100.0,3,HARDER
16,82.67,27.4,23,3,63.88,5,HARDER
9,89.0,17.6,12,1,100.0,3,HARDER
12,74.7,33.54,17,4,57.41,4,SAME
9,74.1,28.79,14,3,64.07,3,SAME
4,99.6,7.18,4,0,100.0,1,HARDER
6,99.54,14.15,6,0,99.51,2,HARDER
4,99.95,7.79,4,0,99.38,1,HARDER
12,66.6,26.96,26,6,46.94,4,EASIER
16,63.06,27.15,31,9,23.75,5,EASIER
6,85.57,26.93,9,1,100.0,2,HARDER
9,82.72,10.78,13,2,90.12,3,HARDER
9,69.6,29.66,14,4,59.13,3,SAME
16,70.52,52.92,26,7,41.58,5,EASIER
4,78.83,12.99,7,1,100.0,1,HARDER
12,69.25,39.17,20,5,61.22,4,EASIER
16,66.72,70.36,28,8,30.45,5,EASIER
9,89.38,16.24,10,1,100.0,3,HARDER
16,75.93,31.13,27,5,31.84,5,EASIER
9,76.39,30.4,14,3,66.45,3,SAME
6,53.34,29.91,14,5,53.24,2,EASIER
16,69.6,26.85,25,7,33.24,5,EASIER
9,90.87,16.72,10,1,97.38,3,HARDER
16,67.46,32.52,30,8,31.99,5,EASIER
16,64.72,42.76,29,8,29.29,5,EASIER
9,82.31,31.83,12,2,83.4,3,HARDER
16,75.84,35.89,28,5,55.16,5,SAME
12,75.22,39.12,23,4,64.46,4,SAME
4,81.39,10.2,5,1,84.16,1,HARDER
4,80.16,13.31,6,1,83.46,1,HARDER
16,88.89,32.13,22,2,70.02,5,SAME
16,84.22,31.03,21,3,81.93,5,HARDER
16,90.11,27.24,22,2,55.74,5,HARDER
12,85.06,25.72,16,2,81.26,4,HARDER
16,84.04,48.26,22,3,79.32,5,HARDER
9,88.11,19.39,11,1,90.74,3,HARDER
4,99.34,11.27,4,0,100.0,1,HARDER
4,77.29,24.29,6,1,96.34,1,HARDER
9,99.96,12.18,9,0,89.43,3,HARDER
9,74.07,18.44,15,3,83.8,3,SAME
9,82.04,19.57,12,2,85.47,3,SAME
6,86.14,10.35,7,1,95.75,2,HARDER
4,99.98,6.87,4,0,100.0,1,HARDER
9,67.16,31.67,17,4,64.12,3,EASIER
16,88.09,29.41,20,2,79.67,5,HARDER
4,67.01,18.73,9,2,70.67,1,SAME
12,75.77,16.56,18,4,76.67,4,EASIER
6,86.27,12.98,8,1,98.69,2,HARDER
16,68.09,46.62,27,7,45.8,5,EASIER
9,75.0,43.8,16,3,63.87,3,EASIER
12,74.75,22.8,21,4,62.17,4,SAME
12,69.48,31.09,20,5,56.93,4,SAME
6,98.95,12.66,7,0,92.53,2,HARDER
6,100.0,22.34,6,0,99.42,2,HARDER
16,75.97,33.8,23,5,63.04,5,EASIER
9,67.34,21.83,17,4,58.35,3,EASIER
6,86.45,15.07,7,1,79.08,2,HARDER
12,70.19,26.18,19,5,58.84,4,EASIER
4,99.84,6.91,4,0,98.33,1,HARDER
9,90.15,19.48,12,1,93.02,3,HARDER
16,83.95,20.17,20,3,78.27,5,HARDER
4,100.0,13.21,4,0,100.0,1,HARDER
12,84.99,28.38,17,2,80.65,4,SAME
12,70.21,30.42,20,5,65.33,4,EASIER
6,86.72,26.12,10,1,85.91,2,HARDER
9,68.93,26.34,14,4,85.84,3,SAME
9,74.87,18.05,17,3,63.93,3,SAME
16,84.98,21.61,21,3,82.88,5,SAME
9,100.0,19.55,9,0,95.37,3,HARDER
16,90.89,25.76,21,2,77.71,5,HARDER
16,79.98,23.78,20,4,72.86,5,HARDER
4,100.0,12.78,4,0,100.0,1,HARDER
9,80.47,17.18,12,2,85.1,3,HARDER
9,82.65,31.89,12,2,83.01,3,HARDER
12,80.38,31.9,16,3,84.19,4,SAME
9,91.0,20.77,10,1,100.0,3,HARDER
4,79.73,15.68,5,1,72.8,1,HARDER
6,98.82,21.36,6,0,100.0,2,HARDER
12,100.0,14.71,13,0,100.0,4,HARDER
6,98.72,21.05,7,0,95.35,2,HARDER
6,98.12,11.93,6,0,95.87,2,HARDER
16,69.4,36.21,29,7,40.02,5,EASIER
4,78.52,14.68,6,1,84.25,1,HARDER
6,75.68,17.71,12,2,75.6,2,SAME
12,85.85,17.97,16,2,85.99,4,HARDER
12,100.0,15.9,12,0,99.6,4,HARDER
12,75.07,28.27,21,4,60.4,4,EASIER
6,85.49,26.33,7,1,89.93,2,HARDER
9,81.41,20.87,12,2,74.68,3,HARDER
12,70.38,39.41,20,5,49.22,4,EASIER
6,73.73,12.7,9,2,81.66,2,HARDER
12,74.83,22.32,17,4,69.53,4,SAME
6,85.01,25.26,10,1,95.06,2,HARDER
6,100.0,19.03,7,0,96.95,2,HARDER
9,68.81,27.58,16,4,65.98,3,EASIER
12,74.67,26.77,18,4,67.27,4,EASIER
16,69.86,34.56,28,7,51.52,5,EASIER
6,100.0,8.52,6,0,100.0,2,HARDER
6,75.99,14.35,12,2,66.15,2,HARDER
9,69.95,17.93,13,4,66.51,3,EASIER
12,86.52,17.52,16,2,78.63,4,HARDER
12,93.78,20.71,16,1,82.4,4,HARDER
9,80.63,21.75,12,2,81.62,3,HARDER
12,81.78,21.15,18,3,70.78,4,SAME
6,87.28,12.85,7,1,90.14,2,HARDER
12,77.21,28.87,19,4,56.57,4,EASIER
9,89.39,12.78,12,1,81.8,3,HARDER
16,78.88,42.69,22,4,54.87,5,SAME
9,100.0,24.52,9,0,94.47,3,HARDER
12,85.74,26.93,16,2,70.92,4,HARDER
9,90.0,12.98,11,1,83.95,3,HARDER
6,84.34,22.5,7,1,100.0,2,HARDER
4,100.0,9.07,4,0,100.0,1,HARDER
6,100.0,9.72,6,0,100.0,2,HARDER
4,100.0,11.39,4,0,100.0,1,HARDER
12,85.68,27.99,18,2,77.55,4,HARDER
16,90.18,38.57,23,2,79.85,5,HARDER
16,88.07,19.65,20,2,77.97,5,HARDER
4,77.94,19.27,6,1,100.0,1,HARDER
4,80.7,12.45,6,1,100.0,1,HARDER
9,74.97,24.85,14,3,74.09,3,SAME
16,83.89,52.09,21,3,67.57,5,HARDER
12,71.04,25.35,21,5,54.25,4,EASIER
9,100.0,19.41,9,0,100.0,3,HARDER
12,92.1,28.11,13,1,87.9,4,HARDER
9,74.12,29.59,13,3,82.35,3,HARDER
16,80.41,35.1,22,4,69.86,5,HARDER
6,75.02,16.66,10,2,73.85,2,HARDER
12,100.0,15.14,12,0,100.0,4,HARDER
9,57.94,31.45,19,6,43.17,3,EASIER
6,84.46,14.53,7,1,83.43,2,HARDER
9,75.92,27.75,16,3,69.9,3,SAME
6,99.92,10.79,6,0,100.0,2,HARDER
9,99.98,15.14,9,0,100.0,3,HARDER
6,74.03,17.31,10,2,87.27,2,SAME
16,84.95,21.93,24,3,73.44,5,HARDER
9,99.96,13.75,9,0,96.16,3,HARDER
12,79.37,22.42,17,3,73.12,4,HARDER
6,100.0,15.58,6,0,100.0,2,HARDER
12,100.0,30.02,13,0,90.9,4,HARDER
9,90.4,17.81,10,1,93.49,3,HARDER
16,86.77,23.79,21,2,81.84,5,HARDER
6,99.65,11.6,7,0,100.0,2,HARDER
6,97.77,15.75,8,0,100.0,2,HARDER
16,83.95,24.83,19,3,75.07,5,HARDER
9,91.04,20.16,10,1,100.0,3,HARDER
12,73.57,41.74,17,4,67.68,4,EASIER
16,88.95,30.71,20,2,83.87,5,HARDER
6,100.0,17.65,6,0,95.59,2,HARDER
16,100.0,13.42,16,0,100.0,5,HARDER
12,82.22,28.1,16,3,84.72,4,SAME
4,65.76,22.91,8,2,82.75,1,SAME
16,75.1,41.26,24,5,70.35,5,EASIER
12,92.43,21.77,13,1,89.97,4,HARDER
12,80.04,26.79,15,3,83.57,4,HARDER
9,100.0,15.94,9,0,94.83,3,HARDER
9,77.62,20.1,12,3,61.94,3,EASIER
6,85.72,10.21,7,1,90.93,2,HARDER
12,76.66,19.04,18,4,70.35,4,SAME
6,66.85,18.54,10,3,73.13,2,SAME
4,80.92,14.92,6,1,91.22,1,HARDER
9,82.01,19.45,13,2,65.04,3,SAME
6,100.0,11.32,8,0,97.88,2,HARDER
12,98.93,15.46,13,0,100.0,4,HARDER
9,80.95,30.55,11,2,96.36,3,HARDER
16,83.31,30.95,21,3,69.63,5,HARDER
4,82.27,12.1,7,1,85.74,1,HARDER
9,87.69,16.14,11,1,87.79,3,HARDER
9,88.9,14.44,12,1,100.0,3,HARDER
16,73.16,35.24,24,6,69.32,5,EASIER
4,100.0,12.03,4,0,100.0,1,HARDER
4,79.53,9.04,6,1,99.9,1,HARDER
9,74.47,24.77,13,3,71.07,3,SAME
9,90.75,21.78,11,1,90.12,3,HARDER
4,80.53,12.29,6,1,88.11,1,SAME
16,84.1,20.91,20,3,80.91,5,HARDER
6,67.28,33.04,10,3,82.43,2,SAME
16,79.48,31.19,24,4,67.56,5,EASIER
12,79.31,28.04,17,3,80.37,4,SAME
6,85.72,18.06,8,1,90.38,2,HARDER
16,76.56,32.52,23,5,66.53,5,SAME
16,76.92,38.84,23,5,55.24,5,EASIER
6,85.35,21.77,7,1,82.58,2,HARDER
6,87.42,19.81,8,1,98.37,2,HARDER
6,67.0,17.84,12,3,68.79,2,EASIER
12,74.61,25.0,22,4,63.66,4,EASIER
12,78.56,32.88,16,3,78.04,4,SAME
12,74.35,22.05,17,4,60.55,4,EASIER
9,68.13,30.14,14,4,67.06,3,EASIER
4,79.72,18.95,6,1,91.45,1,HARDER
9,81.05,21.76,11,2,77.88,3,HARDER
6,85.18,13.27,7,1,94.52,2,HARDER
6,86.08,24.88,7,1,95.84,2,HARDER
16,78.08,42.3,22,4,69.89,5,SAME
16,74.9,26.41,22,5,59.5,5,EASIER
4,80.88,12.55,5,1,98.02,1,HARDER
12,85.18,18.41,15,2,87.29,4,HARDER
6,84.49,11.49,8,1,99.71,2,HARDER
16,83.74,30.31,21,3,62.98,5,SAME
9,58.64,24.19,19,6,43.23,3,EASIER
4,98.72,14.6,4,0,100.0,1,HARDER
6,99.55,8.38,6,0,100.0,2,HARDER
9,69.07,42.25,16,4,75.01,3,EASIER
12,91.94,23.4,14,1,92.66,4,HARDER
12,86.14,28.27,17,2,92.01,4,HARDER
12,79.88,26.68,16,3,77.38,4,HARDER
6,73.53,23.05,9,2,81.2,2,SAME
9,68.47,24.67,17,4,68.33,3,EASIER
12,80.89,14.65,21,3,80.82,4,HARDER
4,100.0,12.99,4,0,92.57,1,HARDER
16,75.43,34.83,23,5,63.4,5,EASIER
9,81.92,25.64,16,2,70.87,3,HARDER
6,86.08,11.77,7,1,100.0,2,HARDER
9,90.07,12.66,10,1,100.0,3,HARDER
6,84.86,15.33,7,1,93.16,2,HARDER
16,82.87,40.51,19,3,79.3,5,HARDER
6,64.71,16.94,9,3,75.09,2,EASIER
16,81.09,47.07,23,4,71.52,5,SAME
12,87.7,15.88,15,2,89.69,4,HARDER
9,82.64,26.19,17,2,74.65,3,SAME
12,70.34,42.49,19,5,67.54,4,EASIER
12,79.21,37.75,18,3,64.67,4,HARDER
12,79.44,40.98,16,3,75.44,4,SAME
6,100.0,13.07,7,0,82.91,2,HARDER
4,99.6,14.02,4,0,86.01,1,HARDER
12,87.01,30.15,14,2,78.43,4,HARDER
4,99.41,17.76,4,0,81.98,1,HARDER
9,70.25,18.11,16,4,58.38,3,EASIER
16,74.16,43.29,25,5,55.1,5,EASIER
16,83.62,23.45,22,3,71.62,5,HARDER
4,98.88,12.9,4,0,100.0,1,HARDER
16,72.99,36.12,29,6,43.85,5,EASIER
6,99.38,15.62,6,0,100.0,2,HARDER
12,83.81,20.47,14,2,92.13,4,HARDER
6,75.26,15.93,11,2,82.06,2,HARDER
12,79.36,18.24,19,3,64.58,4,HARDER
9,88.56,8.16,11,1,91.8,3,HARDER
12,71.26,27.47,22,5,54.39,4,EASIER
4,78.53,15.43,5,1,78.26,1,HARDER
12,79.19,29.56,18,3,65.72,4,SAME
4,100.0,12.61,5,0,91.94,1,HARDER
6,85.43,13.04,8,1,100.0,2,HARDER
6,85.7,21.11,7,1,80.34,2,HARDER
4,100.0,14.75,4,0,100.0,1,HARDER
6,100.0,10.72,7,0,89.42,2,HARDER
6,99.42,11.87,6,0,96.54,2,HARDER
16,83.54,40.53,20,3,76.62,5,SAME
6,84.96,21.03,7,1,90.19,2,HARDER
4,97.96,5.23,4,0,100.0,1,HARDER
16,89.27,53.64,22,2,84.39,5,HARDER
16,76.44,35.81,23,5,53.63,5,SAME
6,100.0,9.69,6,0,100.0,2,HARDER
9,81.34,20.32,11,2,72.42,3,HARDER
4,66.57,14.82,8,2,78.94,1,HARDER
9,90.65,26.05,10,1,81.56,3,HARDER
16,88.01,21.18,19,2,84.99,5,HARDER
4,100.0,12.87,4,0,98.36,1,HARDER
9,75.38,19.12,13,3,93.1,3,HARDER
6,75.72,14.17,10,2,85.93,2,EASIER
4,79.56,20.3,6,1,81.75,1,SAME
9,70.94,31.13,13,4,63.0,3,EASIER
4,79.44,19.54,6,1,97.05,1,SAME
12,92.72,18.81,14,1,87.85,4,HARDER
12,93.12,14.08,13,1,100.0,4,HARDER
4,99.84,13.57,4,0,100.0,1,HARDER
4,97.84,8.0,4,0,93.37,1,HARDER
6,100.0,16.12,6,0,97.27,2,HARDER
6,86.1,20.17,7,1,80.24,2,HARDER
4,81.18,16.69,6,1,95.18,1,HARDER
4,100.0,12.64,4,0,100.0,1,HARDER
4,99.01,8.17,4,0,92.39,1,HARDER
16,84.17,24.41,21,3,85.49,5,HARDER
16,85.61,27.92,22,3,58.78,5,HARDER
9,90.18,11.39,10,1,100.0,3,HARDER
12,93.43,19.95,13,1,93.39,4,HARDER
12,85.91,23.8,14,2,92.66,4,HARDER
12,80.49,19.59,17,3,89.1,4,HARDER
16,86.76,28.67,19,2,100.0,5,HARDER
16,80.42,28.81,21,4,71.84,5,HARDER
12,79.86,25.92,18,3,69.57,4,SAME
9,89.53,22.33,11,1,88.52,3,HARDER
16,99.91,18.5,17,0,100.0,5,HARDER
12,74.65,31.3,18,4,70.23,4,SAME
4,56.48,17.79,7,3,82.73,1,EASIER
9,82.0,28.22,11,2,89.21,3,HARDER
4,49.74,13.66,11,4,59.94,1,EASIER
4,100.0,11.8,4,0,94.33,1,HARDER
9,76.35,17.18,13,3,86.55,3,SAME
6,75.15,24.02,9,2,86.44,2,HARDER
4,79.86,14.84,5,1,91.76,1,SAME
12,80.22,31.34,18,3,67.24,4,SAME
6,84.99,21.28,8,1,83.93,2,HARDER
16,88.66,27.52,20,2,97.05,5,HARDER
4,100.0,18.92,4,0,98.79,1,HARDER
6,100.0,13.72,6,0,93.75,2,HARDER
16,77.62,30.22,25,5,56.72,5,SAME
6,75.93,13.91,10,2,81.29,2,HARDER
12,83.81,20.25,19,2,75.31,4,SAME
16,57.06,50.26,39,13,0.0,5,EASIER
16,85.03,18.7,23,3,63.14,5,HARDER
16,79.85,20.73,23,4,60.5,5,SAME
12,75.24,35.17,19,4,65.33,4,EASIER
16,83.61,31.5,20,3,80.59,5,HARDER
9,89.55,17.04,10,1,88.92,3,HARDER
16,77.34,27.76,24,5,61.42,5,SAME
16,80.69,27.31,23,4,60.75,5,SAME
16,72.25,42.97,25,6,51.4,5,EASIER
6,84.75,8.38,8,1,100.0,2,HARDER
4,98.57,6.81,4,0,94.7,1,HARDER
4,100.0,9.96,4,0,94.02,1,HARDER
12,84.37,16.33,16,2,72.06,4,HARDER
9,90.13,31.82,10,1,100.0,3,HARDER
12,75.1,29.92,19,4,60.74,4,SAME
6,87.27,15.16,8,1,94.43,2,HARDER
6,99.73,16.57,6,0,100.0,2,HARDER
16,70.34,37.55,25,7,50.4,5,EASIER
12,85.82,23.78,14,2,89.49,4,HARDER
12,85.09,23.39,14,2,83.56,4,HARDER
12,70.74,24.74,19,5,61.45,4,EASIER
6,100.0,18.11,6,0,100.0,2,HARDER
4,100.0,13.72,4,0,91.71,1,HARDER
9,74.68,15.6,14,3,86.53,3,SAME
9,99.95,11.26,11,0,100.0,3,HARDER
4,100.0,8.43,4,0,100.0,1,HARDER
12,79.82,18.82,15,3,61.82,4,SAME
12,84.27,31.01,16,2,74.14,4,HARDER
4,67.96,15.44,7,2,83.25,1,SAME
12,86.9,32.18,15,2,93.06,4,EASIER
9,70.67,28.21,17,4,57.07,3,EASIER
4,79.48,17.44,7,1,90.46,1,HARDER
6,65.46,10.25,12,3,68.2,2,EASIER
12,92.95,18.6,14,1,92.08,4,HARDER
6,87.43,16.73,8,1,77.02,2,HARDER
12,92.02,21.47,13,1,89.42,4,HARDER
6,86.16,26.42,9,1,84.58,2,HARDER
6,85.32,13.8,7,1,96.45,2,HARDER
12,91.67,16.34,16,1,94.9,4,HARDER
12,93.7,24.92,13,1,95.39,4,HARDER
9,90.41,14.17,11,1,84.79,3,HARDER
9,70.39,18.71,15,4,76.09,3,EASIER
6,85.28,13.39,9,1,94.52,2,HARDER
4,100.0,10.6,4,0,100.0,1,HARDER
9,81.46,19.66,12,2,77.96,3,HARDER
12,91.79,26.97,14,1,89.69,4,HARDER
9,91.2,25.71,10,1,80.39,3,HARDER
6,100.0,10.98,6,0,94.07,2,SAME
12,85.11,21.26,15,2,87.1,4,HARDER
9,68.34,33.0,17,4,73.15,3,SAME
4,68.09,20.42,9,2,57.17,1,EASIER
12,85.89,15.9,15,2,82.2,4,HARDER
12,98.96,14.9,13,0,100.0,4,HARDER
9,88.94,10.56,12,1,78.32,3,HARDER
9,73.67,22.45,13,3,70.83,3,SAME
4,100.0,12.28,4,0,98.17,1,HARDER
16,89.23,20.8,20,2,80.39,5,HARDER
6,75.5,26.57,11,2,71.4,2,EASIER
12,79.99,44.97,15,3,68.07,4,SAME
4,100.0,6.77,6,0,100.0,1,HARDER
4,99.86,10.44,4,0,100.0,1,HARDER
4,100.0,10.07,4,0,92.25,1,EASIER
16,75.97,22.5,25,5,56.61,5,SAME
16,75.38,38.82,27,5,51.16,5,SAME
4,67.53,11.9,8,2,86.73,1,SAME
16,72.2,51.71,29,6,32.5,5,EASIER
12,78.3,24.52,17,3,78.9,4,SAME
9,81.5,26.18,11,2,84.21,3,SAME
4,100.0,18.02,4,0,91.46,1,HARDER
6,66.04,12.67,10,3,81.18,2,EASIER
16,88.59,25.6,21,2,87.04,5,HARDER
16,79.67,32.21,24,4,68.35,5,EASIER
4,100.0,13.99,4,0,100.0,1,HARDER
6,74.6,12.16,9,2,92.27,2,HARDER
6,84.53,11.89,7,1,78.91,2,HARDER
4,100.0,10.83,4,0,100.0,1,HARDER
4,99.32,8.12,4,0,88.84,1,HARDER
6,61.06,24.59,11,4,65.88,2,EASIER
9,74.82,32.63,14,3,83.72,3,SAME
12,85.82,18.34,14,2,93.18,4,HARDER
4,99.62,8.76,4,0,88.88,1,HARDER
12,100.0,13.65,13,0,100.0,4,HARDER
12,71.37,28.78,17,5,73.15,4,EASIER
12,100.0,14.18,12,0,96.36,4,HARDER
9,64.24,25.67,21,5,38.57,3,EASIER
16,73.03,42.43,27,6,46.37,5,EASIER
12,69.93,33.94,21,5,58.17,4,EASIER
4,68.31,16.79,6,2,89.07,1,HARDER
16,89.56,21.41,20,2,83.03,5,HARDER
16,76.6,39.7,27,5,51.62,5,EASIER
16,74.96,41.99,26,5,48.86,5,EASIER
4,99.42,14.17,4,0,100.0,1,HARDER
6,85.27,10.47,7,1,97.92,2,HARDER
16,85.15,32.65,20,3,69.26,5,HARDER
9,99.31,24.21,9,0,100.0,3,HARDER
9,88.81,14.79,11,1,81.69,3,SAME
16,93.63,18.01,17,1,90.99,5,HARDER
6,83.86,17.03,7,1,100.0,2,HARDER
4,100.0,17.71,5,0,100.0,1,HARDER
9,67.67,24.75,15,4,74.1,3,EASIER
9,82.62,22.96,18,2,66.85,3,SAME
4,79.72,13.2,5,1,91.04,1,HARDER
6,87.27,17.58,7,1,84.28,2,HARDER
12,100.0,22.93,13,0,100.0,4,HARDER
16,82.4,25.39,22,3,75.15,5,HARDER
4,65.34,18.79,7,2,87.3,1,SAME
9,81.16,19.02,14,2,87.3,3,HARDER
9,100.0,19.11,10,0,99.74,3,HARDER
16,90.19,18.14,21,2,77.86,5,HARDER
9,70.7,30.37,16,4,78.22,3,EASIER
12,75.15,28.17,19,4,68.43,4,EASIER
6,84.12,12.88,7,1,90.69,2,HARDER
9,88.83,18.2,11,1,78.13,3,HARDER
12,74.08,32.83,19,4,58.97,4,SAME
6,84.58,15.45,8,1,99.57,2,HARDER
6,99.66,18.38,6,0,100.0,2,HARDER
9,81.44,30.39,11,2,92.96,3,HARDER
6,85.4,16.6,8,1,80.65,2,HARDER
9,100.0,18.51,10,0,93.24,3,HARDER
4,78.95,9.99,7,1,91.79,1,HARDER
12,66.85,58.33,24,6,39.86,4,EASIER
6,98.94,17.63,7,0,100.0,2,HARDER
9,81.78,19.3,15,2,72.99,3,SAME
12,70.21,19.92,20,5,75.93,4,EASIER
16,84.65,28.1,19,3,74.17,5,HARDER
4,99.81,8.74,5,0,96.47,1,HARDER
4,80.46,9.45,6,1,83.62,1,SAME
12,75.28,30.79,20,4,60.45,4,EASIER
12,84.62,14.78,17,2,79.13,4,HARDER
4,81.82,16.95,7,1,83.96,1,HARDER
4,80.34,17.26,7,1,82.29,1,HARDER
4,80.52,14.59,5,1,94.37,1,HARDER
4,66.51,29.42,8,2,83.42,1,EASIER
16,61.94,51.41,34,10,13.22,5,EASIER
16,72.19,35.78,29,6,48.6,5,EASIER
9,89.21,16.15,11,1,100.0,3,HARDER
4,79.89,18.71,5,1,95.24,1,HARDER
12,93.13,14.96,13,1,100.0,4,HARDER
6,74.22,14.4,9,2,76.28,2,SAME
4,99.12,11.06,4,0,100.0,1,HARDER
6,86.49,13.13,10,1,99.49,2,HARDER
9,68.07,19.18,14,4,59.89,3,EASIER
9,99.93,15.6,9,0,100.0,3,HARDER
12,92.1,26.25,15,1,85.41,4,HARDER
9,82.61,22.18,12,2,93.36,3,HARDER
9,86.86,26.17,14,1,98.77,3,HARDER
4,81.23,10.44,5,1,95.7,1,HARDER
4,100.0,16.2,4,0,90.42,1,HARDER
4,80.6,9.92,6,1,87.38,1,HARDER
9,90.0,21.57,11,1,95.67,3,HARDER
9,88.96,12.76,11,1,100.0,3,HARDER
16,76.2,40.6,24,5,70.13,5,SAME
4,100.0,6.51,4,0,95.91,1,HARDER
16,68.59,32.15,27,7,50.71,5,EASIER
16,79.82,35.21,23,4,74.51,5,SAME
6,84.11,21.29,10,1,92.48,2,HARDER
4,79.73,12.1,7,1,93.23,1,HARDER
6,85.91,23.07,8,1,95.46,2,HARDER
6,100.0,16.25,6,0,100.0,2,HARDER
16,75.46,27.07,22,5,64.16,5,EASIER
6,74.22,27.78,8,2,77.07,2,SAME
16,67.69,35.74,37,8,18.84,5,EASIER
6,100.0,13.27,6,0,94.94,2,HARDER
6,75.08,19.25,8,2,84.21,2,HARDER
16,62.8,64.39,33,9,10.53,5,EASIER
4,81.61,12.67,5,1,93.72,1,HARDER
9,81.16,23.49,14,2,80.38,3,SAME
9,81.82,23.39,12,2,71.09,3,SAME
6,73.8,20.28,9,2,76.7,2,EASIER
16,73.34,30.57,25,6,55.24,5,EASIER
12,81.82,26.73,21,3,78.72,4,EASIER
4,99.99,6.7,4,0,98.03,1,HARDER
16,81.03,35.57,25,4,54.51,5,SAME
4,100.0,10.58,4,0,100.0,1,HARDER
6,100.0,15.96,6,0,90.1,2,HARDER
16,84.38,33.24,22,3,82.27,5,SAME
12,74.28,49.94,19,4,73.92,4,EASIER
4,100.0,19.62,5,0,100.0,1,HARDER
6,100.0,12.99,6,0,99.02,2,HARDER
16,72.24,25.17,26,6,61.95,5,SAME
4,81.0,12.44,6,1,76.76,1,HARDER
9,75.49,18.91,15,3,57.07,3,SAME
4,79.39,16.1,5,1,85.0,1,HARDER
4,100.0,16.37,4,0,93.8,1,HARDER
12,80.0,27.59,17,3,94.51,4,HARDER
16,70.26,25.35,28,7,38.91,5,EASIER
16,72.64,28.97,27,6,41.99,5,EASIER
16,77.21,75.26,28,5,51.98,5,EASIER
4,81.39,10.83,7,1,87.37,1,HARDER
16,69.94,28.75,32,7,31.82,5,EASIER
4,100.0,8.75,4,0,89.9,1,HARDER
12,91.26,27.63,15,1,89.03,4,HARDER
9,80.57,20.14,12,2,88.31,3,HARDER
6,100.0,14.69,6,0,96.09,2,HARDER
12,80.19,16.05,15,3,75.32,4,HARDER
16,66.87,37.88,25,8,35.17,5,EASIER
4,78.48,19.17,6,1,89.59,1,SAME
12,85.57,25.92,15,2,78.89,4,HARDER
12,99.32,16.36,13,0,100.0,4,HARDER
9,84.06,19.71,11,2,86.11,3,SAME
4,67.94,10.35,9,2,90.87,1,SAME
9,82.96,23.0,12,2,76.14,3,HARDER
6,100.0,12.4,7,0,88.25,2,HARDER
4,99.79,13.24,4,0,100.0,1,HARDER
12,66.82,47.41,28,6,27.3,4,EASIER
16,62.08,28.52,28,10,27.55,5,EASIER
4,79.87,19.55,6,1,74.03,1,SAME
4,67.76,19.81,7,2,73.63,1,SAME
16,68.63,45.17,26,7,46.74,5,EASIER
16,75.92,46.35,28,5,52.63,5,EASIER
6,100.0,17.09,6,0,90.21,2,HARDER
4,66.28,21.4,6,2,73.64,1,EASIER
16,80.56,34.77,26,4,64.26,5,EASIER
16,80.07,22.0,23,4,70.56,5,SAME
12,83.24,25.83,16,2,88.11,4,HARDER
6,74.8,18.27,12,2,69.24,2,HARDER
12,78.57,34.52,19,3,57.03,4,SAME
6,85.17,9.84,8,1,100.0,2,HARDER
16,88.09,32.32,20,2,82.39,5,HARDER
16,85.31,25.12,26,3,67.49,5,SAME
12,75.57,27.63,16,4,88.19,4,SAME
16,64.56,55.09,28,8,34.54,5,SAME
12,78.97,41.05,16,3,72.29,4,HARDER
4,100.0,20.35,4,0,97.2,1,HARDER
6,85.89,26.58,8,1,99.13,2,HARDER
12,79.69,24.55,17,3,85.24,4,SAME
6,85.21,14.74,8,1,86.04,2,HARDER
9,81.99,13.31,13,2,73.96,3,HARDER
6,86.57,16.96,9,1,90.65,2,SAME
12,86.77,34.7,18,2,81.81,4,HARDER
4,79.8,13.67,7,1,95.53,1,HARDER
4,79.47,15.2,5,1,76.47,1,SAME
9,81.08,23.28,14,2,79.99,3,HARDER
16,72.48,36.02,29,6,35.2,5,EASIER
12,85.49,21.08,17,2,85.25,4,HARDER
16,70.16,49.42,27,7,30.36,5,EASIER
16,84.39,43.73,21,3,74.38,5,SAME
9,70.32,23.36,17,4,55.33,3,SAME
4,99.55,10.07,6,0,100.0,1,HARDER
9,100.0,12.4,10,0,100.0,3,HARDER
4,100.0,11.7,4,0,100.0,1,HARDER
16,85.97,21.89,20,3,89.0,5,HARDER
9,56.8,30.59,19,7,33.86,3,EASIER
4,80.45,9.11,5,1,99.22,1,HARDER
6,85.18,9.37,10,1,75.15,2,HARDER
6,62.13,27.47,12,4,77.16,2,EASIER
6,99.34,12.63,6,0,95.06,2,HARDER
16,75.39,36.12,24,5,55.41,5,SAME
6,99.11,11.13,6,0,98.35,2,HARDER
9,88.88,23.25,13,1,84.03,3,HARDER
12,84.77,23.87,15,2,90.49,4,HARDER
12,76.04,38.11,19,4,61.69,4,SAME
6,87.04,16.85,7,1,93.15,2,HARDER
6,100.0,15.33,6,0,89.46,2,HARDER
12,76.29,23.3,19,4,64.15,4,SAME
6,86.78,19.51,8,1,100.0,2,HARDER
12,65.45,39.18,27,7,20.32,4,EASIER
16,79.8,22.87,25,4,67.28,5,SAME
6,65.91,28.72,12,3,74.57,2,EASIER
4,99.22,9.89,4,0,98.3,1,HARDER
6,84.98,16.07,8,1,100.0,2,HARDER
16,69.82,48.88,25,7,47.3,5,EASIER
9,90.77,17.63,10,1,95.57,3,HARDER
12,91.85,29.84,17,1,84.1,4,HARDER
4,65.29,22.86,6,2,84.99,1,EASIER
4,99.89,17.26,6,0,98.38,1,HARDER
4,79.72,12.5,5,1,91.49,1,HARDER
16,70.68,43.34,27,7,36.65,5,EASIER
12,85.78,27.47,15,2,88.63,4,HARDER
16,74.9,50.47,26,5,45.86,5,SAME
12,66.07,46.93,22,6,47.1,4,EASIER
6,99.7,15.53,6,0,83.51,2,HARDER
12,79.98,26.7,17,3,72.57,4,SAME
16,74.0,29.53,25,6,60.8,5,EASIER
6,85.4,13.79,7,1,85.18,2,HARDER
4,99.45,10.58,4,0,99.23,1,HARDER
16,76.74,51.07,23,5,61.63,5,EASIER
6,62.95,22.02,11,4,67.43,2,EASIER
16,76.18,29.06,26,5,62.77,5,EASIER
6,98.49,20.64,6,0,99.96,2,HARDER
4,80.17,12.39,6,1,95.51,1,HARDER
12,65.43,35.68,23,6,45.5,4,EASIER
6,86.28,11.61,7,1,87.95,2,HARDER
12,73.17,36.75,21,5,44.74,4,EASIER
4,99.43,7.87,4,0,100.0,1,HARDER
12,85.86,22.12,14,2,100.0,4,HARDER
4,81.51,15.12,6,1,83.5,1,HARDER
16,84.2,38.86,21,3,82.5,5,HARDER
16,61.77,33.22,31,10,28.29,5,EASIER
6,100.0,24.24,6,0,84.97,2,HARDER
16,90.24,25.72,23,2,79.22,5,HARDER
12,80.44,22.6,17,3,65.09,4,SAME
4,99.28,15.46,4,0,94.47,1,HARDER
9,75.32,28.58,14,3,65.87,3,SAME
9,67.92,23.0,17,4,52.81,3,EASIER
6,99.6,15.08,6,0,98.93,2,HARDER
9,99.64,15.71,9,0,100.0,3,HARDER
6,85.39,15.14,7,1,86.9,2,SAME
12,86.53,22.21,16,2,89.3,4,HARDER
6,86.34,16.89,7,1,100.0,2,HARDER
12,79.45,20.57,17,3,72.23,4,HARDER
6,85.43,17.45,8,1,92.19,2,HARDER
6,100.0,9.21,6,0,100.0,2,HARDER
16,88.88,28.98,21,2,73.44,5,SAME
16,89.47,31.56,21,2,99.17,5,HARDER
16,89.82,32.56,18,2,90.08,5,HARDER
16,72.62,63.84,26,6,49.29,5,EASIER
12,67.61,36.33,23,6,60.33,4,EASIER
16,72.67,35.45,24,6,40.58,5,EASIER
4,100.0,12.6,4,0,86.92,1,HARDER
6,99.73,15.56,6,0,97.65,2,HARDER
4,99.09,9.39,4,0,92.21,1,HARDER
16,74.33,51.39,29,6,44.45,5,EASIER
16,75.61,25.63,25,5,55.09,5,EASIER
9,81.13,32.81,11,2,74.85,3,HARDER
16,85.16,24.62,20,3,89.09,5,HARDER
4,79.41,10.52,5,1,100.0,1,HARDER
12,85.97,18.57,15,2,92.86,4,HARDER
16,89.49,28.4,19,2,87.29,5,HARDER
4,100.0,8.98,4,0,99.41,1,HARDER
6,74.29,27.57,9,2,94.55,2,HARDER
6,84.54,18.22,8,1,92.81,2,HARDER
9,81.99,31.4,12,2,83.22,3,HARDER
16,90.87,39.82,20,2,77.11,5,HARDER
12,80.68,21.71,17,3,82.43,4,HARDER
12,79.26,23.32,17,3,89.54,4,SAME
16,85.33,21.56,23,3,63.75,5,SAME
12,77.82,21.16,18,3,73.71,4,HARDER
6,100.0,9.47,6,0,95.73,2,HARDER
16,88.99,39.0,20,2,86.57,5,HARDER
6,85.58,12.98,7,1,90.12,2,HARDER
16,74.02,19.69,24,5,69.45,5,SAME
4,99.6,11.43,4,0,98.74,1,HARDER
16,75.9,53.16,25,5,55.69,5,EASIER
4,98.71,11.58,4,0,96.64,1,HARDER
9,80.31,18.09,11,2,78.41,3,HARDER
12,80.15,32.55,17,3,80.25,4,HARDER
12,67.46,31.11,20,6,48.73,4,EASIER
12,84.71,24.27,17,2,89.15,4,HARDER
9,68.73,20.59,13,4,72.05,3,EASIER
16,76.63,29.26,25,5,50.75,5,EASIER
16,78.3,38.42,24,4,62.56,5,HARDER
16,68.83,38.75,27,7,45.31,5,EASIER
6,85.1,18.26,8,1,83.22,2,HARDER
12,91.17,12.08,13,1,91.67,4,HARDER
4,79.43,19.02,5,1,92.2,1,HARDER
12,76.61,37.04,17,4,65.95,4,SAME
12,85.47,40.02,16,2,74.37,4,SAME
6,74.24,32.65,8,2,83.58,2,SAME
9,100.0,33.2,9,0,98.97,3,HARDER
12,92.63,19.7,15,1,96.22,4,HARDER
16,68.79,33.64,28,7,30.67,5,EASIER
16,69.62,37.07,33,7,35.46,5,EASIER
16,83.07,33.59,21,3,74.36,5,SAME
4,79.84,13.82,6,1,82.12,1,HARDER
9,80.45,13.99,12,2,90.95,3,HARDER
16,72.37,31.54,27,6,51.54,5,EASIER
4,100.0,16.85,4,0,85.58,1,HARDER
12,80.08,21.88,15,3,65.98,4,SAME
16,69.86,29.84,24,7,64.61,5,EASIER
9,74.56,12.38,12,3,77.33,3,SAME
16,73.71,39.1,27,6,49.56,5,HARDER
12,70.61,35.59,17,5,68.93,4,EASIER
16,89.85,36.8,21,2,88.11,5,HARDER
9,90.58,23.12,10,1,98.46,3,HARDER
12,91.93,31.49,15,1,93.73,4,EASIER
9,74.46,29.84,17,3,78.3,3,EASIER
4,79.73,15.55,5,1,86.85,1,HARDER
4,78.17,9.12,6,1,100.0,1,HARDER
12,80.31,20.62,17,3,88.66,4,HARDER
12,93.66,19.46,14,1,100.0,4,HARDER
6,86.59,15.64,8,1,100.0,2,HARDER
4,66.1,16.56,8,2,68.53,1,SAME
4,99.49,9.29,4,0,100.0,1,HARDER
6,76.04,18.41,9,2,88.79,2,SAME
4,68.08,20.53,6,2,100.0,1,HARDER
16,66.77,32.97,28,8,43.63,5,EASIER
12,92.79,24.97,14,1,95.48,4,HARDER
12,84.83,13.55,14,2,100.0,4,HARDER
9,76.19,18.28,15,3,70.03,3,SAME
6,100.0,19.2,6,0,100.0,2,HARDER
9,89.85,29.45,13,1,89.49,3,HARDER
4,100.0,5.55,4,0,95.17,1,HARDER
6,86.93,14.34,7,1,95.82,2,HARDER
4,99.92,13.6,4,0,100.0,1,HARDER
12,73.54,20.82,19,4,75.12,4,HARDER
9,74.91,28.42,15,3,69.43,3,EASIER
12,100.0,16.49,12,0,99.17,4,HARDER
12,72.56,54.48,18,5,58.62,4,EASIER
6,74.13,25.57,9,2,84.61,2,HARDER
12,64.74,36.57,24,6,36.8,4,EASIER
4,97.65,12.08,4,0,100.0,1,HARDER
6,86.26,14.74,8,1,96.82,2,HARDER
6,100.0,10.6,7,0,100.0,2,HARDER
4,80.83,13.97,6,1,95.03,1,HARDER
16,88.58,15.39,23,2,76.87,5,HARDER
12,85.25,25.31,15,2,84.09,4,HARDER
9,89.91,14.73,12,1,79.69,3,HARDER
4,80.07,19.21,7,1,98.64,1,SAME
9,69.42,19.1,13,4,65.95,3,SAME
12,79.91,16.73,17,3,66.41,4,HARDER
9,99.91,22.94,10,0,88.56,3,HARDER
6,84.76,19.6,7,1,93.62,2,HARDER
9,82.28,17.22,13,2,89.43,3,HARDER
4,80.38,26.18,5,1,100.0,1,HARDER
16,88.55,24.29,18,2,87.37,5,HARDER
12,70.29,30.74,19,5,50.31,4,EASIER
9,82.85,32.4,12,2,82.31,3,EASIER
4,79.78,12.12,5,1,100.0,1,HARDER
16,76.5,44.43,22,5,60.94,5,EASIER
16,76.19,40.95,25,5,58.88,5,EASIER
4,79.45,12.61,7,1,98.41,1,HARDER
6,72.45,17.93,9,2,83.88,2,SAME
9,69.52,24.37,16,4,72.79,3,SAME
9,68.48,15.53,17,4,64.76,3,EASIER
12,87.89,20.79,15,2,77.64,4,HARDER
9,83.04,39.5,14,2,58.83,3,SAME
9,81.67,22.57,12,2,88.09,3,HARDER
16,85.2,28.69,23,3,64.73,5,HARDER
12,92.32,17.79,13,1,98.56,4,HARDER
6,100.0,18.26,9,0,100.0,2,HARDER
6,85.11,12.17,7,1,100.0,2,HARDER
16,70.14,44.76,29,7,35.95,5,EASIER
16,58.42,59.59,31,11,18.19,5,HARDER
9,81.82,17.18,11,2,89.7,3,HARDER
16,82.67,29.15,21,3,59.85,5,HARDER
12,79.6,32.52,19,3,74.01,4,SAME
9,81.45,13.87,11,2,85.59,3,HARDER
4,100.0,6.43,4,0,100.0,1,HARDER
6,74.63,20.76,10,2,85.84,2,EASIER
12,87.19,10.52,16,2,82.89,4,HARDER
6,85.45,20.01,7,1,98.49,2,HARDER
4,68.62,12.74,9,2,74.74,1,SAME
4,99.12,12.89,4,0,100.0,1,HARDER
4,100.0,14.8,4,0,94.89,1,HARDER
16,82.69,44.32,21,3,75.78,5,SAME
4,79.52,11.17,6,1,91.88,1,HARDER
9,90.78,26.98,10,1,86.03,3,HARDER
9,98.72,29.7,9,0,100.0,3,HARDER
16,69.38,47.31,30,7,25.79,5,SAME
12,92.72,21.09,16,1,96.63,4,HARDER
16,84.2,41.75,19,3,72.81,5,HARDER
12,73.73,23.55,19,4,68.77,4,EASIER
12,84.84,16.21,15,2,81.69,4,HARDER
16,68.29,50.21,27,7,54.64,5,EASIER
9,100.0,23.55,9,0,100.0,3,HARDER
4,99.74,15.02,4,0,100.0,1,HARDER
16,75.93,28.53,23,5,68.94,5,SAME
6,87.43,9.27,8,1,82.76,2,HARDER
6,100.0,19.29,6,0,95.35,2,HARDER
16,66.78,35.83,30,8,32.13,5,EASIER
6,75.64,16.49,11,2,90.69,2,SAME
4,99.24,12.84,4,0,95.42,1,HARDER
6,73.86,16.59,8,2,91.57,2,HARDER
6,85.52,14.4,8,1,90.68,2,HARDER
6,100.0,20.01,6,0,96.71,2,HARDER
6,86.93,13.03,7,1,84.46,2,HARDER
6,85.39,13.91,8,1,89.85,2,HARDER
9,91.97,17.07,12,1,99.11,3,HARDER
4,99.3,7.48,4,0,92.0,1,HARDER
16,83.52,28.89,20,3,81.48,5,SAME
6,85.66,16.14,8,1,88.32,2,HARDER
9,100.0,16.58,9,0,86.95,3,HARDER
9,75.78,24.94,12,3,64.59,3,EASIER
6,86.7,18.41,8,1,87.52,2,HARDER
6,86.77,15.56,8,1,86.12,2,HARDER
9,91.27,16.58,11,1,82.69,3,HARDER
4,68.05,12.61,6,2,87.2,1,SAME
12,98.48,24.16,12,0,100.0,4,HARDER
12,80.79,24.34,17,3,71.76,4,HARDER
6,98.34,19.42,6,0,88.81,2,HARDER
12,74.48,28.53,17,4,64.47,4,SAME
16,90.03,30.44,18,2,88.25,5,HARDER
9,89.93,25.04,11,1,100.0,3,HARDER
12,93.43,24.76,14,1,88.09,4,HARDER
12,91.32,18.9,15,1,79.61,4,HARDER
9,80.94,25.24,12,2,74.83,3,SAME
16,63.18,29.61,31,9,30.24,5,EASIER
6,76.08,18.8,8,2,88.9,2,HARDER
9,99.44,14.88,10,0,85.56,3,HARDER
6,84.85,14.29,7,1,100.0,2,HARDER
16,94.45,30.99,20,1,95.41,5,HARDER
16,99.71,16.09,17,0,100.0,5,HARDER
9,69.88,23.61,13,4,75.94,3,EASIER
16,73.31,53.83,29,6,46.17,5,EASIER
12,74.26,18.26,21,4,49.8,4,EASIER
12,63.56,43.25,24,7,36.35,4,EASIER
4,67.75,14.12,7,2,86.07,1,EASIER
12,80.32,40.99,17,3,74.85,4,HARDER
9,75.42,13.69,14,3,65.83,3,EASIER
6,74.99,18.95,10,2,75.23,2,SAME
9,100.0,22.2,9,0,99.22,3,HARDER
9,74.84,29.14,16,3,74.52,3,SAME
12,74.3,40.09,21,4,65.9,4,EASIER
16,71.62,17.53,23,6,55.22,5,EASIER
12,76.59,43.12,20,4,49.14,4,EASIER
16,70.59,28.29,26,6,56.56,5,EASIER
16,68.62,30.86,27,7,37.16,5,EASIER
4,100.0,11.57,4,0,98.92,1,HARDER
4,100.0,7.09,5,0,91.45,1,HARDER
4,79.91,20.26,7,1,91.77,1,HARDER
4,98.98,23.43,6,0,93.67,1,HARDER
12,79.99,32.42,17,3,79.32,4,SAME
4,79.94,11.66,5,1,100.0,1,HARDER
4,99.88,12.41,4,0,94.18,1,HARDER
16,69.34,39.93,27,7,53.83,5,EASIER
9,70.53,43.32,16,4,77.37,3,EASIER
4,100.0,11.36,5,0,98.15,1,HARDER
6,99.61,9.27,6,0,86.12,2,HARDER
6,73.87,26.41,9,2,88.7,2,SAME
4,66.24,12.39,9,2,81.21,1,EASIER
4,80.25,12.64,5,1,100.0,1,SAME
9,99.95,20.08,10,0,89.4,3,HARDER
9,75.98,16.92,14,3,76.73,3,SAME
16,69.26,36.29,31,7,39.47,5,EASIER
12,91.89,21.19,14,1,85.39,4,HARDER
9,65.26,24.5,15,5,61.76,3,EASIER
12,84.78,19.51,17,2,87.19,4,HARDER
9,91.58,24.28,12,1,78.69,3,HARDER
9,74.24,36.42,15,3,83.21,3,HARDER
9,70.97,25.53,17,4,65.49,3,EASIER
12,84.74,22.68,17,2,85.38,4,HARDER
9,98.69,9.98,10,0,91.97,3,HARDER
9,82.46,20.6,11,2,89.89,3,HARDER
16,76.61,31.49,26,5,66.18,5,SAME
9,81.16,26.33,12,2,91.08,3,SAME
16,80.34,31.66,22,4,75.78,5,SAME
9,88.85,18.44,11,1,100.0,3,HARDER
4,81.51,12.75,6,1,95.27,1,HARDER
4,79.33,12.4,6,1,88.54,1,HARDER
16,79.5,31.75,22,4,71.56,5,EASIER
12,69.37,38.23,20,5,58.55,4,EASIER
16,75.77,36.44,25,5,48.02,5,EASIER
9,98.81,20.11,9,0,92.56,3,HARDER
9,69.28,29.87,18,4,61.62,3,EASIER
6,76.39,17.26,10,2,82.22,2,SAME
12,69.8,31.25,21,5,53.58,4,EASIER
16,78.3,47.75,23,4,79.41,5,SAME
12,75.52,32.35,18,4,61.34,4,EASIER
12,63.23,45.62,23,7,36.71,4,EASIER
4,99.34,9.63,4,0,97.54,1,HARDER
16,84.08,41.12,22,3,72.54,5,SAME
4,98.5,9.78,4,0,100.0,1,HARDER
6,84.24,11.68,8,1,100.0,2,HARDER
12,81.45,26.89,16,3,88.91,4,HARDER
9,81.71,24.97,11,2,93.79,3,SAME
12,85.38,28.94,15,2,100.0,4,HARDER
12,85.93,22.76,17,2,77.35,4,HARDER
6,100.0,16.7,8,0,90.95,2,HARDER
16,85.53,31.54,21,3,79.75,5,SAME
16,70.0,59.5,28,7,38.63,5,EASIER
9,89.55,24.99,11,1,94.85,3,HARDER
12,80.7,27.78,17,3,76.2,4,HARDER
4,100.0,15.37,4,0,100.0,1,HARDER
4,100.0,19.07,4,0,100.0,1,HARDER
16,75.54,36.43,24,5,68.14,5,EASIER
4,57.49,13.09,10,3,66.42,1,EASIER
4,100.0,7.34,4,0,90.3,1,SAME
6,76.99,24.05,8,2,77.53,2,SAME
16,92.82,25.34,20,1,89.66,5,HARDER
16,89.09,28.69,20,2,87.24,5,HARDER
9,63.89,28.29,20,5,50.23,3,EASIER
6,100.0,12.67,6,0,100.0,2,HARDER
12,75.75,16.72,17,4,66.59,4,EASIER
6,86.08,17.75,7,1,92.95,2,HARDER
12,66.77,39.41,19,6,62.73,4,EASIER
16,79.34,35.87,24,4,59.3,5,SAME
4,80.31,12.47,7,1,85.27,1,HARDER
12,81.2,33.42,15,3,78.33,4,SAME
9,90.68,31.29,10,1,87.29,3,HARDER
9,81.44,16.93,11,2,70.75,3,HARDER
4,99.66,8.33,4,0,100.0,1,HARDER
6,68.58,16.93,12,3,82.33,2,EASIER
9,74.57,19.6,17,3,82.5,3,SAME
6,99.39,26.18,9,0,90.68,2,HARDER
9,75.98,19.61,12,3,89.8,3,HARDER
9,74.92,31.92,18,3,73.83,3,EASIER
4,81.1,25.34,5,1,92.38,1,HARDER
9,82.27,20.89,13,2,87.05,3,HARDER
9,82.18,14.98,12,2,79.7,3,HARDER
12,66.75,30.88,20,6,52.3,4,EASIER
4,100.0,9.29,4,0,99.81,1,HARDER
12,98.25,18.32,12,0,100.0,4,HARDER
4,100.0,10.1,4,0,96.74,1,HARDER
4,98.71,9.83,4,0,100.0,1,HARDER
4,100.0,15.32,4,0,100.0,1,HARDER
12,86.01,16.0,14,2,98.31,4,HARDER
16,84.67,30.34,21,3,77.57,5,SAME
9,88.03,15.51,10,1,88.21,3,HARDER
16,62.28,52.96,34,9,6.25,5,EASIER
12,84.18,24.04,16,2,81.03,4,HARDER
6,98.33,11.14,6,0,99.32,2,HARDER
16,65.92,54.2,26,8,34.17,5,EASIER
9,98.53,24.09,9,0,93.49,3,HARDER
16,94.58,20.04,17,1,98.67,5,HARDER
12,66.97,21.79,19,6,54.6,4,EASIER
12,67.42,58.72,22,6,51.16,4,EASIER
9,82.63,37.7,13,2,89.29,3,HARDER
9,68.2,32.15,15,4,68.3,3,EASIER
9,83.22,26.94,13,2,73.92,3,SAME
4,99.22,10.26,4,0,89.24,1,HARDER
6,82.5,17.11,8,1,100.0,2,HARDER
6,85.63,15.76,7,1,83.93,2,HARDER
12,66.81,22.98,21,6,56.02,4,EASIER
9,92.2,15.84,10,1,91.55,3,HARDER
4,80.02,9.55,6,1,90.84,1,HARDER
6,67.58,9.75,10,3,79.53,2,EASIER
12,100.0,21.44,12,0,100.0,4,HARDER
16,69.03,43.7,31,7,31.15,5,SAME
9,80.02,19.64,14,2,70.83,3,SAME
12,91.99,13.77,13,1,100.0,4,HARDER
9,90.81,18.17,10,1,94.89,3,HARDER
9,80.07,28.83,11,2,88.52,3,HARDER
6,75.0,17.99,8,2,71.24,2,SAME
6,75.17,14.24,9,2,86.72,2,HARDER
4,99.48,11.4,4,0,100.0,1,HARDER
16,76.36,29.77,25,5,59.42,5,EASIER
4,100.0,9.64,5,0,100.0,1,HARDER
9,90.66,19.02,13,1,87.42,3,HARDER
16,85.21,39.49,23,3,82.47,5,HARDER
6,99.73,12.66,6,0,96.4,2,HARDER
6,97.44,11.34,7,0,95.41,2,HARDER
12,85.44,21.81,15,2,78.7,4,HARDER
12,79.77,46.98,19,3,79.57,4,HARDER
12,85.43,26.2,15,2,100.0,4,HARDER
4,79.9,22.49,6,1,86.99,1,SAME
4,79.86,8.73,5,1,100.0,1,HARDER
16,87.88,20.83,18,2,83.2,5,HARDER
4,79.86,13.62,6,1,87.04,1,HARDER
6,100.0,21.02,6,0,100.0,2,HARDER
9,90.36,14.36,11,1,100.0,3,HARDER
16,68.24,35.54,32,7,33.65,5,EASIER
4,81.35,14.43,6,1,91.39,1,HARDER
6,100.0,9.91,7,0,88.27,2,HARDER
4,99.22,12.43,4,0,93.13,1,HARDER
4,77.78,19.36,5,1,100.0,1,HARDER
16,82.45,20.72,21,3,76.37,5,HARDER
4,65.7,10.85,8,2,94.17,1,SAME
9,55.94,30.86,17,7,41.87,3,EASIER
4,66.89,19.48,8,2,65.81,1,EASIER
6,100.0,10.71,6,0,81.63,2,HARDER
4,100.0,12.9,4,0,100.0,1,HARDER
16,76.32,30.49,25,5,63.39,5,EASIER
6,87.62,16.3,8,1,100.0,2,HARDER
12,86.9,27.75,15,2,89.54,4,HARDER
16,83.53,29.63,20,3,84.97,5,HARDER
6,86.74,13.21,7,1,91.53,2,HARDER
12,80.83,20.49,17,3,65.84,4,HARDER
16,67.38,50.33,25,7,55.63,5,EASIER
9,89.56,12.45,10,1,98.83,3,HARDER
6,73.84,24.26,10,2,81.93,2,HARDER
4,78.34,12.31,6,1,90.05,1,HARDER
16,92.27,24.76,18,1,96.74,5,HARDER
6,100.0,19.76,6,0,100.0,2,HARDER
4,99.47,7.84,4,0,100.0,1,HARDER
9,81.1,12.13,11,2,98.87,3,HARDER
12,99.41,17.88,12,0,100.0,4,HARDER
4,99.51,11.91,5,0,100.0,1,HARDER
9,90.02,22.17,10,1,96.95,3,HARDER
9,100.0,22.53,9,0,90.57,3,HARDER
4,82.14,14.66,6,1,93.09,1,HARDER
12,92.61,13.01,14,1,83.79,4,HARDER
6,100.0,19.58,6,0,100.0,2,HARDER
9,68.94,37.97,19,4,53.41,3,EASIER
16,80.23,42.99,23,4,69.19,5,SAME
9,72.68,20.17,15,3,86.89,3,SAME
4,79.61,10.51,5,1,98.89,1,HARDER
16,74.97,15.98,22,5,59.96,5,EASIER
16,65.56,24.03,33,8,26.86,5,EASIER
12,75.14,20.77,20,4,61.98,4,SAME
12,81.29,15.28,19,3,65.64,4,SAME
12,74.02,33.74,18,4,58.27,4,EASIER
4,77.94,12.0,5,1,98.9,1,HARDER
12,80.14,24.09,20,3,63.55,4,SAME
16,86.33,19.13,19,3,83.27,5,HARDER
16,64.28,66.21,35,9,18.58,5,EASIER
6,98.1,7.76,6,0,93.4,2,HARDER
16,84.4,30.48,26,3,65.56,5,SAME
9,99.3,20.63,10,0,100.0,3,HARDER
4,79.98,16.9,5,1,86.32,1,HARDER
9,100.0,12.01,9,0,99.65,3,HARDER
9,90.65,15.59,13,1,78.31,3,HARDER
4,81.17,23.13,8,1,81.5,1,HARDER
12,100.0,15.02,14,0,90.22,4,HARDER
16,76.1,26.95,26,5,58.9,5,SAME
4,99.18,12.68,4,0,95.64,1,HARDER
9,82.94,21.56,12,2,90.1,3,SAME
6,100.0,16.19,6,0,98.99,2,HARDER
12,75.71,28.61,19,4,60.59,4,EASIER
12,68.78,26.34,20,5,67.99,4,EASIER
12,76.19,25.59,20,4,60.49,4,SAME
9,64.18,28.61,17,5,59.58,3,EASIER
9,99.41,14.53,9,0,100.0,3,HARDER
4,80.46,11.79,6,1,87.51,1,HARDER
9,58.2,70.85,20,6,51.61,3,EASIER
12,80.35,24.14,17,3,82.71,4,SAME
4,80.19,14.82,5,1,93.99,1,HARDER
6,86.0,16.02,8,1,100.0,2,HARDER
16,81.67,29.2,24,4,70.27,5,HARDER
16,86.68,19.75,25,2,82.94,5,HARDER
6,99.48,10.89,6,0,99.82,2,HARDER
16,89.09,28.54,18,2,83.72,5,HARDER
9,79.24,24.82,13,2,68.35,3,HARDER
16,81.06,60.97,24,4,71.62,5,SAME
12,63.93,66.97,24,7,43.12,4,EASIER
16,75.27,40.34,22,5,64.21,5,EASIER
6,74.74,17.68,10,2,78.72,2,SAME
9,88.27,15.08,11,1,92.47,3,HARDER
6,85.45,14.94,8,1,99.01,2,HARDER
4,99.45,10.62,4,0,100.0,1,HARDER
12,69.58,40.69,19,5,51.21,4,EASIER
16,65.12,55.7,29,9,15.2,5,EASIER
12,67.36,39.3,20,6,60.34,4,EASIER
16,83.21,22.96,21,3,79.91,5,HARDER
16,89.78,33.91,19,2,93.12,5,HARDER
6,59.3,23.55,11,4,73.47,2,EASIER
16,80.55,30.07,23,4,68.52,5,SAME
9,91.43,25.99,10,1,87.21,3,HARDER
12,79.69,23.97,15,3,85.87,4,HARDER
16,73.33,21.72,28,6,61.9,5,EASIER
6,84.37,13.41,7,1,96.7,2,HARDER
4,99.81,18.49,4,0,89.56,1,HARDER
6,65.54,20.29,13,3,75.34,2,EASIER
4,67.33,14.02,6,2,92.72,1,SAME
16,75.67,38.71,27,5,38.82,5,EASIER
4,78.66,12.07,6,1,92.0,1,HARDER
12,93.32,27.45,14,1,86.6,4,HARDER
4,81.21,13.88,7,1,85.15,1,HARDER
4,58.76,18.59,11,3,84.23,1,EASIER
6,67.07,18.14,11,3,61.87,2,EASIER
6,98.75,10.58,6,0,100.0,2,HARDER
12,84.56,25.33,15,2,83.92,4,HARDER
6,100.0,19.84,6,0,92.06,2,HARDER
4,99.77,11.4,4,0,90.92,1,HARDER
9,74.46,26.37,12,3,78.21,3,SAME
4,79.8,24.71,5,1,83.94,1,HARDER
12,84.8,23.88,15,2,95.23,4,HARDER
4,100.0,7.98,4,0,98.51,1,HARDER
9,90.03,21.85,10,1,91.02,3,HARDER
16,69.76,65.1,29,7,31.67,5,EASIER
6,66.94,12.55,11,3,75.04,2,EASIER
12,86.99,15.79,18,2,80.73,4,HARDER
9,74.35,25.81,17,3,68.86,3,SAME
4,80.37,15.01,6,1,90.61,1,HARDER
6,98.69,12.98,6,0,100.0,2,HARDER
16,85.6,28.15,21,3,84.84,5,SAME
16,80.67,32.47,22,4,77.14,5,SAME
12,85.58,19.12,14,2,85.68,4,HARDER
9,76.14,38.89,12,3,79.61,3,SAME
4,98.06,8.0,4,0,100.0,1,HARDER
4,67.68,18.33,7,2,91.88,1,SAME
12,70.01,31.84,26,5,53.23,4,EASIER
9,74.19,27.94,13,3,78.0,3,SAME
16,99.79,23.8,17,0,100.0,5,HARDER
4,100.0,9.91,4,0,100.0,1,HARDER
16,64.93,56.44,34,9,29.94,5,EASIER
12,80.26,28.96,17,3,83.72,4,SAME
9,68.55,28.96,14,4,73.26,3,EASIER
12,70.41,32.57,23,5,42.38,4,HARDER
12,69.98,43.4,22,5,59.42,4,EASIER
4,79.56,11.08,6,1,86.3,1,HARDER
9,82.13,18.82,14,2,88.99,3,HARDER
4,78.69,9.0,5,1,94.56,1,HARDER
12,69.95,29.53,20,5,66.36,4,EASIER
9,90.23,14.59,10,1,100.0,3,HARDER
12,76.91,24.94,16,4,63.53,4,EASIER
12,86.3,23.98,14,2,90.02,4,HARDER
16,76.39,32.68,28,5,59.93,5,SAME
6,100.0,10.07,6,0,92.74,2,HARDER
9,90.65,14.57,11,1,91.72,3,HARDER
4,78.95,24.53,7,1,93.38,1,SAME
6,98.74,11.8,6,0,98.05,2,HARDER
4,100.0,18.11,4,0,89.69,1,HARDER
9,76.23,29.73,14,3,64.02,3,EASIER
12,90.93,25.79,13,1,98.89,4,HARDER
4,100.0,14.23,4,0,100.0,1,HARDER
4,99.91,15.7,4,0,100.0,1,HARDER
6,86.5,15.69,8,1,85.81,2,HARDER
9,81.6,13.88,11,2,89.46,3,HARDER
6,99.43,12.47,6,0,100.0,2,HARDER
9,91.81,21.35,13,1,84.34,3,SAME
12,81.68,23.9,17,3,76.47,4,SAME
16,85.84,27.07,20,3,76.94,5,HARDER
6,86.26,12.18,7,1,88.01,2,HARDER
16,78.45,47.31,21,4,58.24,5,EASIER
12,85.54,27.24,16,2,86.85,4,HARDER
6,74.12,18.72,9,2,88.2,2,SAME
12,81.65,33.34,18,3,66.52,4,SAME
6,87.0,20.1,9,1,91.74,2,HARDER
9,68.69,25.79,18,4,46.07,3,EASIER
16,80.68,18.82,25,4,66.1,5,HARDER
9,91.13,21.8,11,1,83.42,3,HARDER
12,71.41,32.0,20,5,57.85,4,EASIER
4,100.0,12.63,6,0,100.0,1,HARDER
9,89.28,18.09,10,1,93.7,3,HARDER
12,84.93,28.66,17,2,64.9,4,HARDER
12,84.91,16.5,16,2,78.64,4,HARDER
16,83.25,31.21,21,3,80.64,5,HARDER
12,86.45,28.52,17,2,83.05,4,HARDER
4,100.0,13.13,4,0,97.32,1,HARDER
6,75.35,10.86,9,2,78.87,2,HARDER
16,93.9,30.6,17,1,76.26,5,HARDER
6,99.97,23.73,7,0,99.97,2,HARDER
16,75.32,50.99,25,5,43.57,5,EASIER
6,66.6,28.94,12,3,82.55,2,EASIER
12,92.62,16.05,14,1,93.29,4,HARDER
4,99.86,8.77,4,0,100.0,1,HARDER
9,90.31,14.67,10,1,95.29,3,HARDER
16,65.18,41.25,30,9,25.95,5,EASIER
6,66.58,12.8,10,3,81.24,2,SAME
9,81.79,28.1,11,2,73.85,3,SAME
9,81.87,17.61,11,2,82.39,3,HARDER
9,91.07,28.09,14,1,85.61,3,HARDER
9,89.85,16.79,11,1,84.74,3,HARDER
16,67.79,28.7,29,8,40.23,5,EASIER
16,79.76,30.54,22,4,79.1,5,SAME
16,89.35,27.71,21,2,83.77,5,HARDER
12,92.1,19.4,14,1,91.7,4,HARDER
12,86.21,17.56,14,2,75.75,4,HARDER
9,99.87,15.94,9,0,100.0,3,HARDER
12,85.2,21.74,18,2,69.5,4,HARDER
4,67.78,18.52,7,2,73.29,1,EASIER
16,69.4,50.24,28,7,33.96,5,EASIER
9,82.1,33.35,11,2,94.37,3,HARDER
16,93.69,23.1,18,1,75.39,5,HARDER
12,75.64,30.94,20,4,73.17,4,SAME
9,89.58,18.02,11,1,98.57,3,HARDER
9,100.0,22.73,11,0,100.0,3,HARDER
16,75.63,23.46,24,4,60.26,5,SAME
12,99.77,17.69,12,0,91.97,4,HARDER
16,72.84,33.63,25,6,55.72,5,EASIER
4,66.49,15.29,6,2,88.95,1,EASIER
4,99.98,12.03,4,0,100.0,1,HARDER
9,75.37,31.92,15,3,86.66,3,SAME
9,75.02,24.43,13,3,90.43,3,HARDER
12,80.59,25.66,17,3,73.36,4,SAME
4,79.5,13.83,5,1,90.45,1,HARDER
6,76.03,14.65,9,2,89.81,2,HARDER
12,100.0,16.76,12,0,100.0,4,HARDER
16,74.55,40.82,24,6,48.32,5,EASIER
16,71.45,25.6,26,6,49.15,5,EASIER
12,86.61,25.04,15,2,91.41,4,HARDER
9,88.4,20.38,12,1,85.99,3,HARDER
6,86.86,19.61,7,1,97.52,2,HARDER
12,66.46,44.43,22,6,59.58,4,EASIER
12,80.62,17.89,17,3,73.73,4,SAME
16,79.51,50.42,22,4,69.27,5,EASIER
12,80.46,22.4,16,3,79.06,4,HARDER
6,75.62,18.33,8,2,81.0,2,SAME
16,83.89,26.63,19,3,83.41,5,SAME
6,100.0,17.11,6,0,100.0,2,HARDER
12,100.0,20.17,12,0,92.6,4,HARDER
9,82.25,30.13,12,2,78.57,3,SAME
6,68.07,18.25,9,3,77.39,2,SAME
12,85.87,15.14,19,2,77.3,4,HARDER
16,76.4,36.82,27,5,52.57,5,EASIER
6,84.74,13.36,7,1,100.0,2,HARDER
9,99.39,14.7,10,0,100.0,3,HARDER
12,86.21,22.41,14,2,94.53,4,HARDER
6,84.7,26.07,7,1,99.01,2,HARDER
16,93.26,21.84,20,1,97.48,5,HARDER
6,97.8,16.49,6,0,97.36,2,HARDER
4,80.88,11.65,6,1,87.3,1,HARDER
9,89.61,22.25,11,1,93.8,3,HARDER
6,100.0,14.39,6,0,90.71,2,HARDER
4,78.08,10.95,5,1,92.9,1,HARDER
16,83.38,44.81,22,3,60.27,5,SAME
9,82.93,16.33,11,2,89.11,3,HARDER
4,100.0,11.43,4,0,100.0,1,HARDER
16,73.29,49.36,28,6,53.4,5,EASIER
9,88.36,29.12,11,1,94.89,3,HARDER
12,74.04,30.16,22,4,50.04,4,EASIER
4,99.92,15.67,4,0,90.81,1,HARDER
6,99.75,13.46,6,0,100.0,2,HARDER
16,80.39,25.51,25,4,66.16,5,SAME
6,73.62,25.31,8,2,84.03,2,SAME
6,65.14,33.53,13,3,80.03,2,EASIER
6,98.97,12.76,7,0,100.0,2,HARDER
6,100.0,10.4,6,0,99.51,2,HARDER
4,100.0,12.36,4,0,88.33,1,HARDER
4,100.0,11.28,4,0,97.87,1,HARDER
16,76.03,48.17,26,5,45.22,5,EASIER
9,75.69,15.48,15,3,80.8,3,HARDER
12,80.39,30.95,18,3,85.33,4,HARDER
6,99.92,18.57,6,0,96.22,2,HARDER
12,87.18,24.61,18,2,69.14,4,HARDER
9,81.88,18.42,11,2,96.2,3,HARDER
6,86.8,9.52,8,1,68.08,2,HARDER
16,84.36,33.39,19,3,80.13,5,HARDER
9,81.87,20.39,13,2,84.37,3,SAME
6,99.67,14.5,6,0,100.0,2,HARDER
9,70.8,27.25,15,4,66.7,3,EASIER
9,75.56,17.23,14,3,77.75,3,HARDER
6,100.0,14.38,6,0,100.0,2,HARDER
6,76.25,16.29,8,2,79.89,2,SAME
4,100.0,9.14,4,0,94.34,1,HARDER
12,100.0,21.02,12,0,100.0,4,HARDER
6,85.46,15.34,7,1,100.0,2,HARDER
16,85.18,21.19,19,3,83.71,5,HARDER
16,84.3,35.07,21,3,86.88,5,HARDER
9,71.48,31.82,14,4,61.97,3,EASIER
6,100.0,9.92,7,0,99.95,2,HARDER
6,99.88,11.21,6,0,100.0,2,SAME
4,100.0,14.3,4,0,90.53,1,HARDER
16,79.87,39.71,23,4,69.9,5,SAME
12,86.16,17.45,17,2,74.85,4,HARDER
16,88.23,21.88,22,2,86.65,5,HARDER
4,99.62,13.18,4,0,99.34,1,HARDER
6,87.48,9.78,11,1,79.83,2,HARDER
6,74.26,31.67,10,2,79.18,2,EASIER
12,67.57,34.8,25,6,47.66,4,EASIER
12,100.0,18.75,12,0,91.04,4,HARDER
16,94.67,38.48,18,1,98.26,5,HARDER
9,89.92,23.68,10,1,93.08,3,HARDER
4,79.62,12.82,6,1,94.04,1,HARDER
12,85.53,29.13,15,2,74.74,4,HARDER
12,91.81,14.11,14,1,94.27,4,HARDER
12,74.01,28.56,19,4,66.67,4,EASIER
16,85.41,38.24,19,3,79.47,5,HARDER
9,75.07,19.64,13,3,74.57,3,SAME
16,84.33,38.2,26,3,61.89,5,SAME
4,100.0,10.13,4,0,92.19,1,HARDER
16,84.7,28.59,21,3,83.13,5,HARDER
12,79.74,37.88,17,3,81.77,4,SAME
9,81.29,24.16,13,2,80.31,3,HARDER
12,74.85,27.77,20,4,69.19,4,SAME
6,99.74,12.5,6,0,94.5,2,HARDER
16,80.44,34.53,21,4,53.76,5,HARDER
4,78.89,12.89,6,1,82.96,1,HARDER
12,74.45,22.5,17,4,76.01,4,SAME
12,69.55,30.97,22,5,51.49,4,EASIER
4,82.2,19.27,5,1,94.2,1,HARDER
6,98.8,12.61,6,0,100.0,2,HARDER
4,80.85,14.04,5,1,97.2,1,HARDER
12,99.94,19.8,13,0,100.0,4,HARDER
6,84.12,13.82,11,1,73.32,2,HARDER
4,81.63,15.34,6,1,93.62,1,HARDER
12,85.39,27.92,18,2,83.84,4,HARDER
12,76.7,21.4,16,4,66.1,4,HARDER
4,78.57,8.86,5,1,95.69,1,HARDER
9,88.72,21.11,13,1,89.96,3,HARDER
9,89.98,30.89,11,1,89.88,3,HARDER
12,93.02,27.65,13,1,81.3,4,HARDER
4,100.0,11.73,4,0,94.27,1,HARDER
4,79.57,14.22,5,1,100.0,1,HARDER
16,93.13,20.26,18,1,89.86,5,HARDER
16,71.29,29.35,32,7,37.35,5,EASIER
16,89.31,20.65,21,2,91.39,5,HARDER
16,94.07,26.25,17,1,88.76,5,HARDER
6,73.81,22.19,11,2,70.02,2,EASIER
6,73.81,22.24,10,2,88.61,2,SAME
16,85.71,35.39,24,3,69.54,5,HARDER
12,78.11,17.74,18,3,88.44,4,HARDER
6,100.0,9.18,6,0,91.48,2,HARDER
4,66.97,23.13,7,2,79.54,1,SAME
12,100.0,17.39,14,0,95.59,4,HARDER
16,94.9,30.31,17,1,98.91,5,HARDER
16,70.82,27.76,26,7,41.09,5,EASIER
4,100.0,9.73,4,0,93.72,1,HARDER
16,74.74,33.94,25,5,62.11,5,SAME
6,75.02,16.47,11,2,77.15,2,SAME
12,69.97,33.91,22,5,50.31,4,EASIER
12,99.03,16.72,13,0,100.0,4,HARDER
16,76.47,27.48,25,5,60.63,5,SAME
4,78.02,15.07,6,1,94.54,1,HARDER
9,74.48,22.07,13,3,79.35,3,EASIER
16,69.85,47.14,26,6,47.33,5,EASIER
9,90.32,18.22,10,1,93.36,3,HARDER
6,73.88,25.55,8,2,93.07,2,SAME
16,72.59,28.23,27,6,55.79,5,EASIER
16,74.88,44.2,24,5,69.42,5,EASIER
12,81.46,18.15,16,3,70.73,4,SAME
6,73.54,25.61,9,2,86.89,2,EASIER
6,98.8,20.96,7,0,100.0,2,HARDER
9,75.57,28.62,15,3,75.24,3,EASIER
9,90.28,18.03,10,1,89.86,3,HARDER
12,78.97,29.08,18,3,58.97,4,SAME
9,74.91,29.22,15,3,71.77,3,HARDER
6,74.57,23.51,9,2,70.79,2,SAME
16,77.68,28.25,23,5,58.18,5,EASIER
6,75.19,19.11,12,2,80.72,2,EASIER
9,100.0,17.17,10,0,100.0,3,HARDER
9,75.02,20.63,13,3,80.15,3,HARDER
16,76.04,27.32,27,5,59.78,5,SAME
16,77.2,44.69,23,5,55.59,5,EASIER
12,79.85,32.4,16,3,73.28,4,HARDER
6,61.11,29.34,11,4,62.1,2,EASIER
12,79.14,26.36,16,3,66.56,4,HARDER
9,100.0,15.75,9,0,100.0,3,HARDER
16,73.56,28.32,27,6,54.74,5,SAME
16,80.16,28.83,22,4,71.44,5,SAME
9,75.13,20.25,12,3,84.08,3,HARDER
4,100.0,12.4,4,0,100.0,1,HARDER
9,77.41,32.47,12,3,76.68,3,SAME
6,75.14,15.0,9,2,79.45,2,HARDER
4,100.0,15.13,4,0,100.0,1,HARDER
9,78.7,12.58,12,2,83.37,3,HARDER
16,81.04,29.4,24,4,61.36,5,EASIER
9,82.0,20.64,12,2,89.11,3,HARDER
9,89.42,16.34,12,1,75.32,3,HARDER
9,100.0,16.0,9,0,100.0,3,HARDER
4,79.22,12.23,5,1,93.08,1,SAME
6,85.7,15.2,7,1,88.42,2,EASIER
9,74.55,27.68,17,3,71.66,3,EASIER
4,67.34,10.7,8,2,72.2,1,SAME
6,98.5,11.57,6,0,100.0,2,HARDER
9,88.79,24.41,10,1,91.37,3,HARDER
9,90.7,21.67,11,1,93.73,3,HARDER
6,98.9,12.92,6,0,100.0,2,HARDER
6,99.07,8.81,6,0,99.82,2,HARDER
16,73.62,24.61,25,6,42.26,5,SAME
16,74.47,24.76,26,6,56.2,5,SAME
9,81.28,13.86,12,2,77.98,3,HARDER
4,98.89,15.68,4,0,92.0,1,HARDER
4,79.09,17.05,5,1,99.71,1,SAME
16,79.91,28.91,25,4,59.88,5,SAME
9,74.85,27.75,13,3,63.34,3,SAME
12,84.58,16.32,14,2,89.63,4,HARDER
16,86.28,34.19,21,3,70.47,5,HARDER
16,84.47,27.32,22,3,70.81,5,HARDER
4,80.21,14.7,5,1,83.35,1,HARDER
4,78.61,9.09,6,1,87.32,1,HARDER
9,74.1,31.16,16,3,65.56,3,EASIER
4,100.0,8.21,4,0,100.0,1,HARDER
4,99.72,11.4,4,0,99.21,1,HARDER
4,99.35,14.82,4,0,89.03,1,HARDER
6,75.82,19.83,9,2,72.29,2,EASIER
16,78.92,35.81,24,4,60.77,5,SAME
12,81.5,21.67,17,3,69.51,4,HARDER
4,99.11,16.08,4,0,100.0,1,HARDER
16,84.73,22.79,23,3,74.27,5,SAME
4,65.1,15.41,7,2,79.4,1,EASIER
9,91.85,17.31,10,1,100.0,3,HARDER
6,100.0,8.21,6,0,100.0,2,HARDER
6,98.54,13.7,6,0,100.0,2,HARDER
16,89.37,18.81,19,2,73.72,5,HARDER
4,79.87,14.28,7,1,84.58,1,HARDER
12,93.33,17.54,14,1,92.54,4,HARDER
12,62.25,52.35,22,7,45.39,4,EASIER
9,82.75,16.94,13,2,85.79,3,HARDER
12,86.95,33.96,16,2,83.36,4,HARDER
9,82.51,13.83,11,2,100.0,3,HARDER
16,75.92,27.65,25,5,65.26,5,EASIER
16,95.12,23.17,18,1,89.83,5,HARDER
12,66.81,40.88,21,6,45.3,4,EASIER
9,90.82,25.37,10,1,91.9,3,HARDER
9,84.05,23.37,13,2,90.14,3,HARDER
16,64.58,38.33,34,10,12.03,5,EASIER
9,99.48,17.64,9,0,100.0,3,HARDER
9,75.81,27.36,13,3,70.7,3,SAME
9,87.91,23.34,10,1,87.07,3,HARDER
12,62.14,48.67,22,7,39.92,4,EASIER
9,98.49,26.45,10,0,81.12,3,HARDER
9,81.83,29.28,13,2,71.81,3,SAME
4,100.0,9.6,4,0,100.0,1,HARDER
16,79.24,36.84,22,4,62.02,5,SAME
4,98.6,13.68,4,0,100.0,1,HARDER
4,99.34,15.75,4,0,100.0,1,HARDER
9,73.2,27.37,15,3,67.36,3,EASIER
6,98.88,12.52,6,0,84.5,2,HARDER
4,100.0,12.52,4,0,100.0,1,HARDER
16,79.29,23.74,24,4,53.29,5,SAME
6,97.89,21.9,7,0,100.0,2,HARDER
9,99.83,20.65,10,0,80.99,3,HARDER
12,80.91,38.05,21,3,63.38,4,SAME
6,74.4,15.73,11,2,78.97,2,SAME
4,100.0,11.37,4,0,95.61,1,HARDER
6,84.88,18.0,8,1,97.03,2,HARDER
9,89.65,22.24,11,1,89.14,3,HARDER
16,84.21,36.85,20,3,80.71,5,HARDER
12,98.61,15.77,13,0,98.84,4,HARDER
16,84.53,26.26,20,3,90.26,5,HARDER
6,98.82,11.01,6,0,91.06,2,HARDER
6,74.94,13.16,9,2,84.49,2,SAME
16,76.71,29.56,23,5,57.6,5,SAME
6,73.79,11.97,9,2,77.58,2,HARDER
12,79.89,39.51,17,3,82.8,4,SAME
12,85.3,26.66,16,2,82.31,4,HARDER
9,99.06,19.41,10,0,95.38,3,HARDER
6,85.6,16.5,9,1,76.82,2,HARDER
6,74.59,13.66,8,2,90.86,2,HARDER
4,100.0,11.74,4,0,100.0,1,HARDER
4,80.45,10.52,5,1,97.3,1,HARDER
12,93.88,15.75,13,1,94.58,4,HARDER
12,63.1,97.6,24,7,35.0,4,EASIER
12,84.42,23.09,15,2,94.11,4,HARDER
12,80.85,42.42,18,3,73.31,4,HARDER
12,79.2,19.18,17,3,81.94,4,HARDER
9,82.37,16.91,12,2,81.05,3,HARDER
16,72.37,31.34,26,6,43.06,5,EASIER
6,100.0,17.18,7,0,95.81,2,HARDER
9,99.8,14.92,11,0,91.6,3,HARDER
9,82.13,19.72,13,2,100.0,3,HARDER
6,99.28,10.04,6,0,97.77,2,HARDER
12,100.0,22.14,12,0,100.0,4,HARDER
12,60.14,46.6,25,8,29.05,4,EASIER
9,60.09,19.69,20,6,53.55,3,EASIER
9,81.27,25.86,13,2,71.46,3,HARDER
6,100.0,14.92,7,0,99.73,2,HARDER
16,68.98,34.67,31,7,48.76,5,EASIER
4,99.23,13.16,4,0,100.0,1,HARDER
6,75.73,22.27,10,2,80.58,2,SAME
9,89.05,16.45,11,1,100.0,3,HARDER
9,82.38,20.53,11,2,82.19,3,HARDER
9,76.35,22.63,14,3,75.15,3,SAME
12,70.58,29.36,19,5,57.24,4,SAME
9,65.09,31.81,17,5,63.81,3,EASIER
4,68.25,22.42,7,2,86.63,1,SAME
9,80.16,21.92,11,2,79.15,3,HARDER
9,68.75,27.94,15,4,76.71,3,SAME
16,79.17,41.48,23,4,60.28,5,EASIER
16,93.21,22.94,17,1,93.18,5,HARDER
4,99.24,7.55,4,0,100.0,1,HARDER
9,91.29,15.12,10,1,91.52,3,HARDER
6,100.0,9.7,7,0,97.59,2,HARDER
4,99.99,7.59,4,0,100.0,1,HARDER
12,80.65,40.16,16,3,72.11,4,SAME
16,70.33,32.83,27,7,36.29,5,EASIER
4,67.15,21.48,6,2,83.03,1,EASIER
12,86.09,35.15,16,2,96.0,4,SAME
16,77.21,35.56,22,5,58.82,5,SAME
6,84.36,17.62,9,1,94.34,2,HARDER
9,64.66,41.39,15,5,66.15,3,EASIER
12,84.64,25.57,17,2,84.5,4,HARDER
12,76.76,20.78,18,3,74.31,4,SAME
9,70.39,28.55,17,4,58.31,3,EASIER
16,92.27,23.46,20,1,85.09,5,HARDER
9,82.35,25.73,13,2,77.46,3,SAME
12,85.42,30.21,14,2,87.17,4,HARDER
16,75.85,26.09,22,5,66.36,5,EASIER
12,79.01,18.32,22,3,66.85,4,SAME
6,84.68,11.11,7,1,82.35,2,HARDER
4,80.11,18.02,6,1,94.38,1,HARDER
4,77.83,11.51,7,1,86.86,1,HARDER
16,85.14,24.82,21,3,78.55,5,HARDER
4,100.0,11.2,5,0,100.0,1,HARDER
12,70.41,18.04,18,5,61.76,4,SAME
16,73.62,34.66,25,6,49.85,5,EASIER
12,85.58,23.3,15,2,78.11,4,HARDER
4,98.91,24.33,4,0,95.69,1,HARDER
4,100.0,14.0,4,0,100.0,1,HARDER
4,99.64,12.13,4,0,95.54,1,HARDER
6,98.92,9.64,6,0,99.26,2,HARDER
6,86.03,17.09,9,1,84.08,2,HARDER
4,100.0,11.94,4,0,98.52,1,HARDER
16,76.73,34.12,21,5,67.03,5,SAME
9,99.97,23.66,9,0,91.14,3,HARDER
9,90.36,19.18,10,1,100.0,3,HARDER
12,84.77,30.02,15,2,89.02,4,HARDER
12,72.28,19.22,20,5,58.16,4,EASIER
12,78.15,29.31,18,3,83.36,4,HARDER
4,77.63,14.19,5,1,89.22,1,HARDER
16,89.88,21.64,19,2,91.77,5,HARDER
4,100.0,9.52,4,0,96.05,1,HARDER
9,88.85,18.48,12,1,78.36,3,HARDER
12,85.22,26.83,20,2,66.65,4,HARDER
4,57.12,15.68,7,3,79.53,1,EASIER
4,66.99,23.23,7,2,85.77,1,SAME
12,69.25,23.79,21,5,63.21,4,EASIER
16,72.27,31.1,26,6,48.82,5,EASIER
6,99.94,10.0,7,0,94.15,2,HARDER
4,81.25,14.16,5,1,84.68,1,HARDER
9,75.97,24.2,14,3,68.89,3,SAME
12,86.34,24.45,15,2,72.56,4,HARDER
12,86.57,26.7,15,2,78.12,4,SAME
16,80.95,35.15,23,4,65.57,5,HARDER
9,76.46,36.0,18,3,50.02,3,SAME
16,82.05,26.27,22,4,69.51,5,HARDER
16,77.95,25.28,23,4,69.7,5,SAME
9,100.0,21.51,9,0,100.0,3,HARDER
12,91.44,17.07,13,1,100.0,4,HARDER
16,63.92,53.81,32,9,13.46,5,EASIER
9,90.35,24.82,11,1,81.84,3,HARDER
16,88.29,18.38,20,2,86.07,5,HARDER
16,76.0,33.64,25,5,57.6,5,EASIER
12,73.72,30.31,17,4,74.88,4,EASIER
12,84.21,32.87,16,2,86.39,4,SAME
4,100.0,14.11,4,0,98.03,1,HARDER
4,68.17,33.11,9,2,79.57,1,EASIER
6,87.43,9.97,8,1,97.74,2,HARDER
4,100.0,9.32,4,0,100.0,1,HARDER
9,75.72,19.98,15,3,67.13,3,SAME
9,100.0,16.02,9,0,99.08,3,HARDER
12,85.49,39.91,17,2,91.97,4,HARDER
4,80.22,10.87,6,1,89.43,1,HARDER
12,80.06,28.48,16,3,79.6,4,SAME
6,99.9,13.1,7,0,100.0,2,HARDER
9,88.87,21.75,12,1,85.04,3,HARDER
12,78.78,29.54,16,3,70.61,4,SAME
16,83.67,48.73,21,3,70.34,5,SAME
6,83.36,15.59,7,1,100.0,2,HARDER
4,100.0,8.01,4,0,88.44,1,HARDER
16,87.26,26.51,18,2,75.94,5,HARDER
12,71.83,25.85,21,5,65.31,4,EASIER
4,79.84,12.57,5,1,85.81,1,HARDER
9,91.63,33.15,12,1,88.81,3,HARDER
12,93.63,35.99,15,1,95.79,4,HARDER
4,98.62,19.55,4,0,83.26,1,HARDER
4,99.97,9.06,4,0,96.39,1,HARDER
16,80.58,31.67,20,4,64.23,5,SAME
6,66.18,24.67,9,3,75.39,2,EASIER
4,99.61,8.37,4,0,89.49,1,HARDER
16,75.24,36.59,26,5,45.92,5,EASIER
6,87.01,23.19,8,1,80.97,2,SAME
9,99.06,16.59,9,0,99.08,3,HARDER
4,97.73,10.12,4,0,82.77,1,HARDER
9,89.21,14.89,11,1,84.32,3,HARDER
16,74.1,39.84,24,6,61.0,5,EASIER
16,88.32,41.64,23,2,81.77,5,HARDER
12,92.45,24.92,13,1,95.1,4,HARDER
4,100.0,10.96,4,0,99.52,1,HARDER
12,74.66,19.39,16,4,79.92,4,HARDER
4,82.34,14.05,5,1,98.44,1,HARDER
4,79.77,19.81,5,1,100.0,1,SAME
6,76.02,21.89,10,2,62.68,2,SAME
6,74.75,24.94,8,2,83.93,2,SAME
9,91.35,16.48,11,1,92.37,3,HARDER
12,76.08,20.93,24,4,46.57,4,EASIER
4,100.0,12.6,4,0,92.75,1,HARDER
6,75.14,27.71,9,2,75.73,2,SAME
9,81.91,14.05,13,2,85.76,3,HARDER
6,86.82,13.43,7,1,89.51,2,HARDER
4,99.85,8.45,4,0,95.47,1,HARDER
12,74.72,26.37,24,4,47.43,4,EASIER
16,81.02,53.94,21,4,70.24,5,SAME
4,100.0,9.68,4,0,99.89,1,HARDER
6,84.31,13.32,7,1,91.53,2,HARDER
6,74.22,21.22,8,2,80.59,2,SAME
6,59.85,13.83,13,4,54.03,2,EASIER
9,59.93,20.75,19,6,38.28,3,EASIER
9,100.0,11.22,10,0,100.0,3,HARDER
16,79.38,22.43,21,4,76.01,5,HARDER
12,86.01,21.32,14,2,100.0,4,HARDER
6,84.32,9.72,8,1,100.0,2,HARDER
6,73.48,18.87,9,2,78.0,2,SAME
4,79.42,11.34,5,1,97.47,1,HARDER
12,93.14,19.85,15,1,92.07,4,HARDER
4,80.28,14.11,6,1,87.44,1,SAME
16,81.32,22.97,24,4,75.11,5,SAME
12,99.98,13.41,13,0,100.0,4,HARDER
4,100.0,12.96,4,0,82.07,1,HARDER
12,74.15,35.22,18,4,58.29,4,EASIER
9,82.69,21.11,12,2,84.36,3,SAME
16,83.5,25.9,20,3,78.49,5,HARDER
6,99.75,12.53,6,0,100.0,2,HARDER
12,84.61,18.83,16,2,82.67,4,HARDER
12,70.45,25.42,23,5,40.69,4,EASIER
12,93.66,24.77,14,1,100.0,4,HARDER
9,99.25,14.87,11,0,100.0,3,HARDER
9,91.55,17.0,10,1,91.62,3,HARDER
12,65.35,30.53,23,6,43.85,4,EASIER
12,79.03,21.78,17,3,88.94,4,SAME
4,100.0,15.83,4,0,87.04,1,HARDER
12,63.6,36.57,24,7,41.56,4,EASIER
16,69.33,35.9,30,7,21.03,5,EASIER
16,75.85,30.12,31,5,45.58,5,EASIER
9,67.93,22.18,17,4,61.16,3,EASIER
4,98.94,12.15,4,0,93.98,1,HARDER
9,89.62,27.33,13,1,87.6,3,HARDER
6,100.0,12.63,6,0,100.0,2,HARDER
6,74.12,22.17,8,2,77.1,2,EASIER
4,79.22,17.7,6,1,86.42,1,HARDER
9,81.97,25.73,13,2,66.69,3,HARDER
4,100.0,14.61,4,0,100.0,1,HARDER
4,100.0,7.3,4,0,100.0,1,HARDER
12,84.94,18.43,15,2,81.73,4,HARDER
16,64.88,55.57,32,9,12.64,5,EASIER
9,80.17,13.78,11,2,100.0,3,HARDER
6,59.04,31.86,12,4,62.26,2,EASIER
6,65.74,21.57,9,3,83.72,2,EASIER
12,76.81,32.07,19,4,73.81,4,SAME
4,67.26,30.82,11,2,73.92,1,EASIER
16,74.31,32.18,25,6,48.73,5,SAME
16,74.38,42.96,28,6,42.83,5,EASIER
4,98.93,8.34,4,0,100.0,1,HARDER
12,79.17,33.34,16,3,86.95,4,SAME
9,98.86,16.69,9,0,100.0,3,HARDER
4,80.48,11.08,5,1,93.55,1,HARDER
6,74.11,35.8,9,2,79.49,2,EASIER
6,75.89,27.15,10,2,86.12,2,SAME
9,68.48,17.39,15,4,75.21,3,EASIER
9,75.22,26.32,16,3,79.31,3,SAME
12,80.19,27.05,17,3,68.73,4,SAME
6,86.86,17.33,8,1,72.66,2,HARDER
16,84.23,28.66,27,3,68.04,5,SAME
9,59.26,46.06,20,6,38.52,3,EASIER
4,64.79,11.57,9,2,75.86,1,EASIER
12,79.89,23.55,16,3,93.89,4,HARDER
6,86.34,14.04,8,1,95.07,2,HARDER
9,68.48,31.35,17,4,59.06,3,EASIER
12,69.73,31.58,19,5,51.57,4,SAME
4,65.89,16.78,6,2,81.73,1,HARDER
12,65.48,50.43,22,6,53.24,4,EASIER
12,85.2,20.98,18,2,77.26,4,SAME
12,77.2,18.53,22,4,59.75,4,EASIER
9,89.78,16.87,11,1,95.79,3,HARDER
4,100.0,15.89,4,0,100.0,1,HARDER
12,85.28,17.49,19,2,65.41,4,HARDER
4,100.0,7.43,4,0,85.9,1,HARDER
12,64.61,20.84,20,7,41.85,4,EASIER
9,90.44,16.85,11,1,95.74,3,HARDER
16,79.91,25.86,21,4,66.86,5,SAME
16,76.52,26.48,22,5,65.25,5,SAME
12,87.27,25.6,14,2,80.1,4,HARDER
6,87.65,23.41,8,1,76.14,2,HARDER
9,100.0,20.71,9,0,100.0,3,HARDER
12,80.59,24.72,16,3,75.69,4,HARDER
16,88.39,27.13,18,2,91.04,5,HARDER
4,99.67,7.34,4,0,100.0,1,HARDER
9,75.4,15.53,15,3,75.24,3,SAME
16,75.82,37.59,23,5,58.05,5,EASIER
16,73.08,26.34,31,6,37.68,5,EASIER
16,80.76,26.08,23,4,63.43,5,HARDER
9,69.4,17.76,17,4,63.84,3,EASIER
6,59.06,24.28,11,4,65.74,2,EASIER
4,98.48,12.79,4,0,100.0,1,HARDER
9,82.17,19.03,12,2,79.62,3,HARDER
9,90.0,14.3,13,1,89.17,3,HARDER
6,86.34,20.86,8,1,95.71,2,HARDER
9,87.95,24.44,13,1,83.84,3,HARDER
6,99.59,12.48,6,0,100.0,2,HARDER
12,79.95,23.01,16,3,70.53,4,SAME
9,81.78,22.52,13,2,81.08,3,SAME
16,85.4,37.66,24,3,79.87,5,HARDER
12,80.87,19.7,18,3,79.49,4,HARDER
4,99.57,16.06,4,0,99.51,1,HARDER
16,89.46,23.58,20,2,83.36,5,HARDER
16,82.86,25.09,20,3,60.01,5,HARDER
6,86.7,25.91,7,1,83.66,2,HARDER
12,91.98,25.49,13,1,74.93,4,HARDER
16,80.1,46.27,24,4,59.16,5,SAME
9,100.0,12.5,10,0,94.99,3,HARDER
9,90.13,11.21,10,1,69.42,3,HARDER
12,85.24,24.09,14,2,100.0,4,HARDER
9,73.81,19.38,13,3,77.45,3,SAME
9,90.11,22.48,12,1,73.9,3,HARDER
16,71.3,34.21,27,6,47.45,5,EASIER
6,73.48,15.51,10,2,80.01,2,EASIER
4,78.97,9.4,5,1,84.28,1,HARDER
16,89.12,28.27,21,2,83.49,5,HARDER
16,80.99,52.66,28,4,64.78,5,SAME
6,86.64,19.08,8,1,97.38,2,SAME
16,82.68,47.52,20,3,98.25,5,HARDER
4,99.36,9.86,4,0,96.62,1,HARDER
4,82.01,16.14,7,1,67.88,1,SAME
9,90.21,11.49,10,1,82.33,3,HARDER
6,99.65,8.29,6,0,95.04,2,HARDER
12,91.82,26.99,17,1,86.83,4,HARDER
9,75.65,23.63,13,3,80.2,3,SAME
6,75.64,18.33,8,2,89.16,2,HARDER
16,76.84,41.73,33,5,54.0,5,EASIER
12,70.0,39.31,22,5,50.78,4,EASIER
9,98.2,19.66,9,0,100.0,3,HARDER
9,71.26,25.62,14,4,65.47,3,EASIER
12,85.66,15.44,16,2,85.85,4,HARDER
12,71.03,20.25,22,5,44.33,4,EASIER
6,67.98,28.51,11,3,73.31,2,SAME
9,67.37,29.88,14,4,74.26,3,EASIER
16,84.95,30.66,24,3,65.13,5,HARDER
12,81.57,32.81,15,3,70.06,4,HARDER
4,99.15,10.42,4,0,93.86,1,HARDER
16,68.8,39.64,28,7,19.38,5,EASIER
16,95.63,23.83,18,1,89.82,5,HARDER
16,72.68,19.69,28,6,54.11,5,EASIER
16,79.23,43.86,25,4,66.87,5,EASIER
12,63.89,50.95,25,7,47.3,4,EASIER
4,99.44,19.36,4,0,93.55,1,HARDER
4,100.0,16.03,4,0,100.0,1,HARDER
9,100.0,11.53,9,0,100.0,3,HARDER
4,100.0,14.5,4,0,96.44,1,HARDER
4,99.81,13.15,4,0,94.74,1,HARDER
9,83.23,13.65,13,2,86.44,3,HARDER
9,73.72,31.21,13,3,79.73,3,SAME
12,85.13,25.25,14,2,80.24,4,HARDER
16,69.05,41.89,32,7,28.1,5,EASIER
9,74.48,33.45,17,3,71.71,3,HARDER
16,73.33,31.25,29,6,53.6,5,EASIER
6,99.1,11.01,6,0,100.0,2,HARDER
16,71.41,53.61,24,6,60.17,5,EASIER
12,74.96,26.85,18,4,80.57,4,EASIER
6,85.34,15.07,7,1,96.93,2,HARDER
9,74.54,28.21,15,3,90.49,3,HARDER
4,99.26,9.04,4,0,100.0,1,HARDER
6,87.18,13.8,8,1,88.98,2,HARDER
12,79.47,34.88,20,3,68.83,4,SAME
12,78.58,22.46,17,3,71.86,4,EASIER
9,68.27,29.99,14,4,65.96,3,EASIER
12,85.49,18.93,14,2,85.73,4,HARDER
16,80.66,46.41,23,4,66.06,5,SAME
6,86.21,20.27,7,1,86.94,2,HARDER
12,93.07,18.39,15,1,94.43,4,HARDER
9,89.79,16.31,11,1,93.43,3,HARDER
16,76.51,20.01,25,5,60.46,5,SAME
16,88.33,25.0,19,2,97.5,5,HARDER
4,79.1,19.57,6,1,83.29,1,HARDER
16,80.31,21.23,22,4,76.11,5,SAME
16,88.64,31.58,20,2,73.05,5,SAME
12,91.54,29.44,13,1,100.0,4,HARDER
12,70.53,46.52,23,5,59.64,4,EASIER
4,100.0,15.38,4,0,100.0,1,HARDER
16,82.94,30.15,20,3,73.75,5,HARDER
9,70.12,21.16,15,4,69.71,3,SAME
6,100.0,13.01,6,0,100.0,2,HARDER
12,82.82,43.14,17,2,85.92,4,SAME
9,81.92,31.49,11,2,94.23,3,HARDER
6,98.14,13.77,7,0,100.0,2,HARDER
12,86.2,27.53,17,2,80.65,4,HARDER
16,79.32,26.46,28,4,61.6,5,SAME
9,90.4,14.22,15,1,75.9,3,HARDER
6,84.57,12.79,7,1,96.0,2,HARDER
6,76.27,11.59,10,2,75.95,2,HARDER
9,64.33,28.47,14,5,65.44,3,EASIER
9,89.4,16.86,12,1,94.29,3,HARDER
4,80.82,10.39,5,1,89.13,1,HARDER
9,81.75,17.51,12,2,77.25,3,HARDER
6,100.0,8.61,6,0,100.0,2,HARDER
4,100.0,14.06,4,0,88.76,1,HARDER
12,74.47,26.35,22,4,57.11,4,EASIER
4,68.22,15.57,6,2,99.9,1,SAME
9,90.98,19.47,11,1,96.46,3,HARDER
16,82.08,25.61,19,3,77.97,5,SAME
9,90.26,44.34,11,1,93.1,3,HARDER
12,67.54,27.07,19,6,56.56,4,EASIER
16,88.68,24.74,21,2,90.13,5,HARDER
4,79.26,14.63,7,1,89.76,1,HARDER
16,79.46,59.43,22,4,57.81,5,SAME
12,92.71,12.27,14,1,87.53,4,HARDER
4,78.97,18.46,7,1,89.23,1,SAME
9,82.05,22.94,12,2,95.93,3,SAME
6,100.0,7.72,6,0,100.0,2,EASIER
4,99.33,16.39,4,0,99.08,1,HARDER
9,89.07,13.11,12,1,88.39,3,HARDER
12,92.58,17.31,13,1,95.62,4,HARDER
12,75.3,21.21,19,4,68.56,4,SAME
16,74.48,49.71,27,6,42.37,5,EASIER
6,98.87,11.0,6,0,88.79,2,HARDER
16,72.24,30.76,24,6,49.94,5,EASIER
6,67.66,13.92,13,3,87.93,2,SAME
6,100.0,12.91,6,0,100.0,2,HARDER
16,81.92,37.19,19,3,75.52,5,HARDER
4,98.71,8.27,4,0,100.0,1,HARDER
9,90.82,15.17,13,1,83.54,3,EASIER
4,99.92,11.44,5,0,100.0,1,HARDER
16,84.66,41.91,20,3,71.0,5,HARDER
12,79.77,39.32,17,3,81.93,4,HARDER
6,86.1,21.79,7,1,81.5,2,SAME
4,81.0,16.03,5,1,96.67,1,HARDER
9,81.55,19.42,11,2,97.63,3,HARDER
9,74.9,29.61,12,3,79.4,3,SAME
4,98.83,13.03,4,0,100.0,1,HARDER
16,59.07,49.64,32,11,0.0,5,EASIER
16,91.32,27.21,18,2,98.54,5,HARDER
4,99.44,10.18,4,0,100.0,1,HARDER
6,66.74,26.11,10,3,79.26,2,EASIER
4,79.06,11.28,6,1,80.03,1,HARDER
12,86.81,32.68,16,2,83.75,4,HARDER
12,70.08,61.68,18,5,67.85,4,EASIER
6,60.58,26.5,12,4,59.24,2,EASIER
4,99.41,14.44,4,0,100.0,1,HARDER
6,86.22,10.5,8,1,100.0,2,HARDER
16,76.93,31.17,22,5,77.32,5,HARDER
12,79.45,40.11,18,3,79.65,4,SAME
6,98.94,13.84,6,0,100.0,2,HARDER
12,76.56,40.64,20,4,59.18,4,EASIER
16,61.94,54.76,31,9,15.24,5,EASIER
6,98.97,20.1,6,0,88.5,2,HARDER
6,98.82,21.34,6,0,99.86,2,HARDER
9,75.97,19.04,13,3,82.5,3,HARDER
6,76.76,25.61,9,2,70.46,2,HARDER
4,80.31,15.72,5,1,87.13,1,HARDER
4,100.0,13.86,4,0,95.81,1,HARDER
9,80.62,37.29,12,2,80.64,3,HARDER
6,85.23,11.17,9,1,90.75,2,HARDER
4,80.21,9.74,6,1,92.64,1,HARDER
9,83.85,24.63,15,2,78.14,3,SAME
12,93.31,45.09,16,1,94.67,4,HARDER
4,98.98,16.08,4,0,96.77,1,HARDER
4,100.0,9.02,4,0,100.0,1,HARDER
12,85.46,18.94,16,2,74.91,4,HARDER
9,81.8,16.8,15,2,60.17,3,SAME
9,89.0,17.0,11,1,89.75,3,HARDER
16,81.42,34.54,25,4,71.24,5,EASIER
4,66.17,18.14,6,2,77.04,1,HARDER
4,99.38,10.66,4,0,100.0,1,HARDER
4,79.38,20.52,5,1,91.67,1,HARDER
6,85.5,9.75,7,1,97.58,2,EASIER
4,100.0,11.77,4,0,88.15,1,HARDER
4,66.38,11.75,7,2,92.36,1,SAME
16,72.3,27.77,27,6,41.58,5,EASIER
6,74.81,19.84,9,2,69.66,2,HARDER
9,89.99,14.3,12,1,96.87,3,HARDER
9,90.8,13.9,11,1,87.71,3,HARDER
12,74.6,20.66,20,4,58.79,4,EASIER
16,75.77,23.53,27,5,56.41,5,SAME
9,73.64,17.84,16,3,76.7,3,SAME
4,100.0,13.83,4,0,100.0,1,HARDER
9,99.86,17.33,11,0,92.83,3,HARDER
6,87.06,12.76,9,1,83.6,2,HARDER
9,90.3,18.96,12,1,90.2,3,HARDER
9,81.29,23.02,13,2,73.4,3,HARDER
4,99.42,7.75,4,0,100.0,1,HARDER
12,67.66,27.75,20,6,47.23,4,EASIER
4,79.28,28.61,5,1,85.88,1,HARDER
4,100.0,7.94,4,0,100.0,1,HARDER
6,99.14,9.18,6,0,100.0,2,HARDER
12,79.34,33.8,15,3,81.61,4,HARDER
16,81.14,30.31,21,4,73.45,5,SAME
6,74.22,22.0,10,2,75.81,2,EASIER
12,86.82,26.74,16,2,97.16,4,HARDER
16,80.11,36.78,24,4,62.06,5,SAME
6,100.0,12.65,6,0,100.0,2,HARDER
16,73.66,50.58,28,6,43.09,5,EASIER
16,99.51,18.62,17,0,100.0,5,HARDER
4,98.74,14.15,4,0,100.0,1,HARDER
9,79.43,17.91,13,2,91.23,3,HARDER
4,82.45,13.63,6,1,97.6,1,HARDER
4,81.05,13.66,5,1,87.4,1,HARDER
4,100.0,9.94,4,0,88.69,1,HARDER
12,92.38,22.61,15,1,88.04,4,HARDER
16,75.35,21.46,26,5,53.87,5,SAME
12,61.11,51.85,23,8,37.76,4,EASIER
16,74.88,25.89,24,5,60.22,5,EASIER
9,63.39,31.93,20,5,45.71,3,EASIER
6,86.42,21.03,8,1,88.36,2,HARDER
12,69.6,25.86,24,5,47.58,4,EASIER
16,69.38,46.9,26,7,35.59,5,EASIER
16,85.15,30.44,21,3,78.52,5,HARDER
4,100.0,12.64,4,0,100.0,1,HARDER
4,66.84,17.58,6,2,87.29,1,SAME
16,78.56,26.29,22,5,63.78,5,SAME
6,74.49,15.16,10,2,76.47,2,SAME
16,73.2,23.37,25,6,57.71,5,SAME
6,68.3,10.83,9,3,85.07,2,SAME
4,100.0,7.51,4,0,98.87,1,HARDER
12,80.62,32.29,18,3,84.15,4,HARDER
9,89.05,13.87,11,1,93.53,3,HARDER
12,92.19,18.16,13,1,100.0,4,HARDER
4,100.0,16.87,4,0,100.0,1,HARDER
12,70.24,30.23,18,5,52.49,4,EASIER
12,86.07,19.24,16,2,91.61,4,HARDER
4,79.53,12.98,5,1,100.0,1,HARDER
12,71.65,39.77,21,5,54.11,4,SAME
9,83.5,21.32,13,2,87.75,3,HARDER
16,76.18,54.14,25,5,55.8,5,EASIER
6,98.04,13.17,6,0,92.39,2,HARDER
16,88.84,27.37,18,2,89.51,5,HARDER
4,83.28,11.55,5,1,89.31,1,HARDER
12,80.08,18.51,21,3,69.86,4,HARDER
9,69.5,32.91,13,4,72.98,3,EASIER
4,56.24,19.91,11,3,61.15,1,EASIER
16,83.63,39.73,21,3,86.67,5,HARDER
9,83.75,14.28,12,2,88.32,3,HARDER
4,99.41,11.59,4,0,100.0,1,HARDER
9,89.48,23.38,10,1,91.67,3,HARDER
4,100.0,13.09,4,0,88.03,1,HARDER
9,89.62,22.64,13,1,81.92,3,HARDER
16,72.8,40.65,24,6,63.8,5,EASIER
9,81.1,33.78,12,2,77.5,3,HARDER
9,81.77,26.96,14,2,81.91,3,HARDER
12,74.69,34.93,19,4,59.88,4,SAME
6,84.64,17.34,8,1,91.64,2,HARDER
16,70.38,44.3,29,7,55.42,5,EASIER
9,90.94,12.24,12,1,79.5,3,HARDER
6,99.66,19.13,7,0,97.42,2,HARDER
6,75.17,18.2,11,2,77.71,2,SAME
16,77.08,42.43,25,5,63.28,5,EASIER
4,99.24,8.58,4,0,100.0,1,HARDER
9,91.34,9.83,11,1,94.53,3,HARDER
16,84.06,26.72,22,3,87.14,5,HARDER
9,88.75,25.4,12,1,87.06,3,HARDER
6,84.75,8.08,8,1,91.51,2,HARDER
16,92.71,31.29,17,1,98.27,5,HARDER
9,69.5,33.51,16,4,68.03,3,EASIER
12,70.12,33.76,22,5,57.04,4,EASIER
12,75.96,22.28,19,4,61.31,4,SAME
4,99.61,17.53,4,0,90.89,1,HARDER
12,69.7,28.73,19,5,54.72,4,EASIER
16,75.86,30.27,22,6,65.52,5,SAME
12,74.19,19.66,20,4,55.74,4,HARDER
12,74.7,27.91,21,4,64.28,4,EASIER
4,100.0,10.96,4,0,100.0,1,HARDER
12,70.95,26.8,22,5,57.39,4,EASIER
16,67.41,27.86,31,8,28.25,5,EASIER
16,85.2,28.09,20,3,72.48,5,HARDER
9,90.49,11.62,12,1,90.5,3,HARDER
4,99.33,10.83,4,0,100.0,1,HARDER
12,79.24,23.51,18,3,69.99,4,SAME
16,85.49,31.13,25,3,73.75,5,HARDER
16,80.57,34.37,20,4,69.5,5,SAME
4,77.64,12.92,6,1,84.53,1,HARDER
16,84.0,36.6,22,3,64.2,5,SAME
9,81.1,23.46,12,2,73.79,3,SAME
9,84.11,22.32,11,2,92.53,3,HARDER
12,74.92,23.36,18,4,71.42,4,EASIER
6,100.0,12.7,6,0,100.0,2,HARDER
9,100.0,17.35,9,0,100.0,3,HARDER
6,59.76,23.24,11,4,69.79,2,EASIER
6,84.55,18.16,9,1,88.62,2,HARDER
16,76.17,27.95,25,5,60.4,5,EASIER
12,80.8,16.3,19,3,83.57,4,HARDER
16,93.76,27.01,18,1,91.64,5,HARDER
9,64.54,17.12,19,5,56.09,3,EASIER
4,99.74,23.8,4,0,82.65,1,HARDER
9,92.95,21.55,12,1,87.73,3,HARDER
9,75.35,21.04,15,3,61.22,3,SAME
4,98.81,14.41,4,0,99.6,1,HARDER
12,74.77,21.07,19,4,62.19,4,EASIER
9,100.0,8.66,9,0,100.0,3,HARDER
9,100.0,12.95,9,0,100.0,3,HARDER
6,75.8,24.0,10,2,88.97,2,SAME
4,80.33,16.18,5,1,97.24,1,HARDER
16,77.22,36.34,26,5,55.04,5,SAME
6,86.13,8.86,8,1,88.77,2,HARDER
16,73.26,43.97,29,6,46.99,5,EASIER
4,100.0,6.41,4,0,100.0,1,HARDER
9,80.57,18.22,12,2,85.07,3,HARDER
6,68.09,23.86,11,3,68.35,2,EASIER
9,100.0,12.75,10,0,100.0,3,HARDER
12,100.0,25.36,12,0,97.52,4,HARDER
4,98.58,10.88,4,0,100.0,1,HARDER
16,80.91,30.38,23,4,65.26,5,SAME
4,100.0,7.37,5,0,93.54,1,HARDER
9,83.4,21.43,13,2,80.93,3,HARDER
16,76.03,22.08,23,5,62.53,5,SAME
12,99.84,28.12,12,0,100.0,4,HARDER
9,81.85,28.04,12,2,86.44,3,HARDER
12,84.64,32.4,15,2,80.23,4,HARDER
9,80.41,20.51,15,2,78.25,3,HARDER
6,73.4,21.09,9,2,81.8,2,SAME
16,72.91,25.8,24,6,51.37,5,EASIER
4,80.13,10.85,6,1,86.8,1,HARDER
6,75.31,25.79,8,2,76.24,2,SAME
9,64.37,29.6,16,5,52.92,3,EASIER
4,79.47,14.17,6,1,90.35,1,HARDER
16,74.78,48.68,26,6,48.56,5,EASIER
9,75.6,21.92,16,3,66.84,3,SAME
6,75.34,17.16,9,2,88.92,2,HARDER
4,79.65,14.93,6,1,82.98,1,HARDER
16,76.01,40.36,24,5,45.79,5,EASIER
12,78.89,27.63,18,3,81.36,4,HARDER
9,100.0,28.1,9,0,100.0,3,HARDER
9,88.37,18.87,14,1,76.52,3,HARDER
16,78.87,29.93,22,4,82.07,5,HARDER
12,68.44,39.37,17,5,63.64,4,EASIER
4,79.79,13.5,5,1,93.05,1,HARDER
4,78.16,13.2,5,1,86.15,1,SAME
4,100.0,12.95,5,0,87.7,1,HARDER
6,100.0,11.47,6,0,100.0,2,HARDER
4,100.0,8.71,4,0,97.25,1,HARDER
16,75.38,32.75,23,5,83.98,5,HARDER
4,100.0,14.57,4,0,86.85,1,HARDER
4,80.13,12.37,6,1,100.0,1,HARDER
6,75.03,11.13,9,2,84.87,2,HARDER
4,100.0,7.87,4,0,96.98,1,HARDER
9,75.0,19.77,13,3,79.87,3,SAME
9,88.31,12.42,10,1,96.53,3,HARDER
4,78.63,13.7,5,1,90.5,1,HARDER
16,84.59,29.46,20,3,79.01,5,HARDER
12,75.18,24.43,17,4,66.83,4,SAME
4,100.0,13.02,4,0,92.37,1,HARDER
9,90.08,34.4,12,1,77.32,3,HARDER
4,100.0,12.21,4,0,100.0,1,HARDER
6,99.84,15.1,6,0,100.0,2,HARDER
6,100.0,12.73,6,0,99.93,2,HARDER
9,88.94,19.91,10,1,96.62,3,HARDER
9,55.65,24.95,21,7,21.44,3,EASIER
4,100.0,12.24,4,0,100.0,1,HARDER
9,100.0,8.19,9,0,100.0,3,HARDER
6,100.0,15.38,6,0,100.0,2,HARDER
9,76.34,17.82,14,3,66.33,3,SAME
4,97.09,9.33,4,0,100.0,1,HARDER
12,84.05,25.93,14,2,78.88,4,HARDER
6,74.5,15.28,10,2,85.68,2,SAME
16,67.83,73.82,23,7,44.91,5,EASIER
16,66.81,50.59,27,8,60.47,5,EASIER
4,99.76,10.43,4,0,100.0,1,HARDER
16,94.66,39.32,18,1,100.0,5,HARDER
6,98.99,8.34,6,0,96.81,2,HARDER
16,66.29,68.2,27,8,44.28,5,EASIER
9,69.0,24.12,15,4,68.01,3,EASIER
6,76.19,17.5,8,2,74.11,2,HARDER
9,90.54,13.39,12,1,94.89,3,HARDER
6,99.73,20.53,6,0,98.81,2,HARDER
12,91.41,18.59,13,1,85.56,4,HARDER
9,83.24,37.85,13,2,82.2,3,SAME
6,85.78,17.5,8,1,87.23,2,HARDER
12,80.47,21.44,19,3,73.24,4,SAME
9,75.33,18.79,15,3,79.69,3,HARDER
12,79.98,40.68,16,3,71.69,4,SAME
4,100.0,9.2,5,0,96.69,1,HARDER
6,99.04,16.29,6,0,96.42,2,HARDER
16,79.26,26.46,23,4,57.0,5,HARDER
6,85.66,13.27,7,1,96.24,2,HARDER
6,98.5,15.79,6,0,99.45,2,HARDER
4,100.0,12.62,4,0,100.0,1,HARDER
12,80.89,27.67,16,3,79.83,4,HARDER
6,85.3,17.7,8,1,100.0,2,HARDER
9,74.88,24.02,14,3,60.95,3,EASIER
16,82.76,18.56,21,3,76.88,5,HARDER
16,69.4,25.93,24,7,33.38,5,EASIER
6,75.97,21.01,11,2,77.15,2,SAME
6,85.7,16.65,7,1,86.99,2,HARDER
12,78.91,21.53,18,3,70.54,4,SAME
4,81.02,17.94,7,1,72.87,1,HARDER
12,92.21,13.82,18,1,77.33,4,HARDER
16,72.55,45.65,26,6,44.52,5,EASIER
12,76.51,31.36,23,4,61.58,4,EASIER
6,67.65,28.61,9,3,72.05,2,SAME
16,76.61,27.58,24,5,55.94,5,SAME
16,89.09,35.87,21,2,80.87,5,SAME
6,85.7,19.05,7,1,82.03,2,HARDER
16,74.66,22.64,29,6,36.02,5,EASIER
4,80.49,11.83,9,1,77.06,1,HARDER
4,99.83,6.53,4,0,100.0,1,HARDER
9,64.32,29.74,18,5,51.5,3,EASIER
6,87.12,13.9,7,1,92.08,2,HARDER
4,100.0,20.58,4,0,90.0,1,HARDER
6,99.49,11.12,6,0,100.0,2,HARDER
9,55.84,19.79,21,7,43.78,3,EASIER
12,92.72,22.23,14,1,85.58,4,HARDER
12,72.07,26.59,21,5,55.36,4,EASIER
12,82.0,27.52,15,3,80.87,4,HARDER
6,98.18,10.1,6,0,100.0,2,HARDER
4,100.0,8.73,4,0,100.0,1,HARDER
6,100.0,13.83,6,0,100.0,2,HARDER
6,67.97,34.45,12,3,75.41,2,EASIER
6,86.06,15.93,8,1,98.41,2,HARDER
4,99.15,13.81,4,0,100.0,1,HARDER
16,67.03,38.93,28,8,46.68,5,EASIER
6,100.0,17.36,6,0,100.0,2,HARDER
4,99.26,9.61,4,0,100.0,1,HARDER
16,78.69,31.62,24,4,61.37,5,SAME
9,88.83,18.23,11,1,91.81,3,HARDER
9,75.35,18.44,15,3,66.74,3,EASIER
16,72.12,24.1,28,6,56.29,5,EASIER
12,93.01,26.97,15,1,80.12,4,HARDER
12,85.79,21.65,14,2,83.95,4,HARDER
6,98.67,11.44,6,0,100.0,2,HARDER
4,79.37,9.45,5,1,90.81,1,HARDER
12,77.52,22.09,18,3,67.33,4,EASIER
16,77.42,32.43,24,5,48.18,5,EASIER
12,92.13,20.98,13,1,88.18,4,HARDER
16,84.62,34.72,26,3,65.93,5,SAME
9,83.03,24.47,13,2,80.34,3,EASIER
16,92.65,19.2,19,1,93.8,5,HARDER
9,89.05,15.51,11,1,100.0,3,HARDER
9,90.9,26.95,11,1,84.97,3,HARDER
9,99.98,19.46,9,0,92.99,3,HARDER
9,89.07,15.89,11,1,79.34,3,HARDER
12,99.2,13.8,12,0,100.0,4,HARDER
16,73.94,40.02,25,6,51.56,5,EASIER
4,100.0,15.22,4,0,100.0,1,SAME
4,65.82,13.94,7,2,77.15,1,EASIER
4,100.0,6.67,4,0,94.03,1,HARDER
4,100.0,10.85,4,0,100.0,1,HARDER
6,85.35,15.08,9,1,96.11,2,HARDER
12,94.77,25.51,14,1,89.41,4,HARDER
12,85.11,24.53,16,2,77.31,4,HARDER
9,81.73,23.93,14,2,84.71,3,SAME
9,100.0,14.95,9,0,100.0,3,HARDER
12,84.93,29.57,15,2,81.9,4,HARDER
6,87.29,13.33,7,1,88.65,2,HARDER
6,99.12,22.34,6,0,100.0,2,HARDER
9,89.13,16.8,11,1,100.0,3,HARDER
9,99.82,23.79,9,0,98.25,3,HARDER
12,74.05,26.1,17,4,56.57,4,EASIER
4,99.57,8.56,4,0,92.38,1,HARDER
6,64.93,16.3,11,3,64.55,2,EASIER
6,85.89,11.69,10,1,91.42,2,HARDER
6,86.26,10.39,9,1,94.57,2,EASIER
4,80.32,14.42,7,1,86.9,1,HARDER
4,99.26,15.06,4,0,100.0,1,HARDER
16,95.32,32.98,18,1,100.0,5,HARDER
4,100.0,7.99,4,0,84.0,1,HARDER
16,71.28,45.85,32,6,22.36,5,EASIER
16,79.83,36.51,23,4,69.37,5,SAME
4,100.0,17.12,4,0,95.87,1,HARDER
4,100.0,7.48,4,0,92.27,1,HARDER
9,89.8,21.68,11,1,97.51,3,HARDER
9,69.35,36.91,14,4,63.24,3,EASIER
12,74.46,39.47,22,4,65.03,4,EASIER
9,100.0,29.13,10,0,95.87,3,HARDER
12,84.64,28.05,14,2,88.36,4,HARDER
16,79.1,42.18,22,4,77.99,5,SAME
16,67.13,33.03,33,8,25.39,5,EASIER
12,76.67,21.0,17,4,78.93,4,SAME
4,99.01,11.65,4,0,100.0,1,HARDER
12,58.25,42.45,27,9,8.65,4,EASIER
6,86.31,12.11,7,1,100.0,2,HARDER
16,79.88,42.22,25,4,67.19,5,SAME
6,86.51,27.28,9,1,87.67,2,HARDER
16,78.13,31.43,25,5,41.43,5,EASIER
16,65.01,29.41,28,8,19.97,5,EASIER
6,85.56,21.74,8,1,82.23,2,HARDER
4,100.0,8.84,4,0,100.0,1,HARDER
6,85.41,12.95,8,1,89.63,2,SAME
6,87.56,11.39,8,1,81.5,2,HARDER
4,78.93,15.01,5,1,98.68,1,HARDER
6,100.0,19.6,8,0,88.18,2,HARDER
6,85.87,12.95,7,1,86.01,2,HARDER
12,85.33,14.87,15,2,83.63,4,HARDER
4,79.67,15.25,6,1,95.76,1,HARDER
16,85.04,33.78,23,3,67.71,5,HARDER
6,99.51,11.41,8,0,98.66,2,HARDER
4,100.0,7.9,4,0,100.0,1,HARDER
6,86.36,13.62,7,1,96.82,2,HARDER
6,100.0,24.47,6,0,100.0,2,HARDER
4,66.06,19.06,7,2,86.75,1,SAME
12,76.27,23.39,21,4,71.17,4,SAME
16,88.79,32.23,23,2,77.44,5,SAME
4,80.76,11.65,5,1,100.0,1,HARDER
16,75.39,31.63,22,5,55.1,5,EASIER
12,85.57,15.82,17,2,77.38,4,HARDER
12,91.67,13.28,13,1,82.99,4,SAME
6,85.94,16.53,7,1,92.68,2,HARDER
9,89.73,27.1,10,1,92.4,3,HARDER
6,100.0,23.28,6,0,98.63,2,HARDER
12,86.69,30.65,18,2,78.69,4,SAME
9,80.94,21.86,11,2,88.37,3,HARDER
12,68.38,39.99,21,5,63.74,4,EASIER
12,71.88,39.14,20,5,50.98,4,EASIER
12,73.96,29.13,16,4,72.58,4,SAME
16,67.07,39.91,30,8,24.18,5,EASIER
12,73.39,22.56,18,4,58.83,4,SAME
4,67.03,20.18,9,2,78.35,1,SAME
16,65.98,60.73,30,8,42.83,5,EASIER
9,80.45,24.25,11,2,80.9,3,HARDER
16,74.71,32.03,24,5,54.37,5,SAME
9,91.59,33.53,10,1,78.03,3,HARDER
9,69.07,21.69,14,4,95.55,3,SAME
16,88.03,25.0,20,2,87.42,5,HARDER
4,79.65,15.88,5,1,83.44,1,HARDER
12,71.74,44.4,22,5,49.68,4,EASIER
16,65.92,61.36,27,8,54.05,5,EASIER
4,79.64,11.38,5,1,100.0,1,HARDER
4,100.0,12.27,4,0,90.37,1,HARDER
12,75.11,27.7,17,4,61.81,4,SAME
6,65.78,26.76,13,3,71.91,2,EASIER
9,89.43,21.31,11,1,90.07,3,HARDER
16,83.21,22.94,22,3,75.47,5,HARDER
12,74.99,20.39,18,4,64.42,4,SAME
16,94.39,35.28,18,1,88.15,5,HARDER
12,78.91,20.0,16,3,88.54,4,HARDER
12,75.07,40.48,19,4,57.57,4,EASIER
9,91.9,15.48,10,1,90.26,3,HARDER
12,86.23,25.08,16,2,77.44,4,SAME
12,58.42,29.59,23,9,45.01,4,EASIER
9,91.73,12.23,10,1,92.19,3,HARDER
16,88.1,44.71,18,2,90.79,5,HARDER
4,99.14,18.41,5,0,100.0,1,HARDER
12,76.48,34.7,19,4,69.22,4,SAME
16,71.01,46.01,23,6,50.86,5,EASIER
6,75.84,19.89,8,2,87.44,2,SAME
4,67.72,16.86,7,2,70.45,1,SAME
6,100.0,7.49,6,0,100.0,2,HARDER
12,86.22,21.46,14,2,71.33,4,HARDER
9,74.95,18.49,13,3,85.77,3,HARDER
4,78.41,9.62,5,1,96.25,1,HARDER
6,73.31,24.63,8,2,82.92,2,SAME
16,88.78,17.08,20,2,82.54,5,HARDER
16,67.4,32.29,26,8,48.3,5,EASIER
12,74.92,21.58,17,4,81.62,4,HARDER
12,99.78,25.91,12,0,100.0,4,HARDER
9,90.47,13.86,11,1,90.08,3,HARDER
4,80.4,16.59,7,1,97.85,1,SAME
12,75.12,19.65,21,4,63.65,4,SAME
6,59.4,20.44,14,4,54.4,2,EASIER
9,59.66,30.52,18,6,44.44,3,EASIER
4,99.88,15.85,4,0,75.62,1,HARDER
12,85.87,24.01,20,2,78.86,4,SAME
6,76.65,16.66,10,2,79.82,2,HARDER
4,100.0,14.14,5,0,100.0,1,HARDER
6,85.33,10.82,7,1,94.19,2,HARDER
12,66.4,36.19,24,6,44.58,4,EASIER
9,82.9,20.99,11,2,97.0,3,HARDER
12,75.96,51.93,23,4,49.66,4,EASIER
16,79.13,36.58,25,4,58.77,5,SAME
12,100.0,19.53,12,0,100.0,4,HARDER
16,89.11,17.33,18,2,91.48,5,HARDER
4,98.55,10.78,4,0,95.12,1,HARDER
4,79.38,12.3,5,1,93.61,1,HARDER
6,86.5,24.64,8,1,80.26,2,SAME
16,75.48,37.88,24,5,63.41,5,EASIER
12,63.3,39.73,23,7,37.75,4,EASIER
16,67.15,32.54,27,7,48.44,5,EASIER
9,76.56,27.74,16,3,74.02,3,SAME
6,83.17,15.29,8,1,98.99,2,HARDER
6,99.99,13.18,8,0,84.15,2,HARDER
4,98.42,11.61,4,0,98.19,1,HARDER
9,81.04,17.32,12,2,82.27,3,HARDER
4,100.0,18.48,4,0,100.0,1,HARDER
16,71.33,24.63,27,6,48.18,5,EASIER
4,80.66,18.1,5,1,100.0,1,HARDER
6,85.18,25.18,8,1,80.64,2,HARDER
16,83.98,33.96,22,3,62.84,5,SAME
12,79.37,35.61,16,3,80.77,4,HARDER
12,94.22,17.89,13,1,100.0,4,HARDER
9,82.27,13.61,13,2,76.18,3,SAME
16,85.91,29.75,20,3,83.85,5,HARDER
4,99.53,10.41,4,0,100.0,1,HARDER
9,83.69,18.72,13,2,89.61,3,SAME
6,83.81,13.28,9,1,94.98,2,HARDER
9,68.33,32.1,14,4,70.26,3,EASIER
9,88.85,12.75,10,1,92.37,3,HARDER
16,80.33,58.18,26,4,58.14,5,EASIER
16,75.24,59.86,22,5,62.68,5,EASIER
9,97.99,11.21,9,0,100.0,3,HARDER
4,79.29,9.07,5,1,89.8,1,HARDER
12,85.52,16.84,15,2,89.1,4,HARDER
6,75.78,24.97,9,2,81.69,2,SAME
4,99.94,6.43,4,0,100.0,1,HARDER
9,81.4,26.57,14,2,85.13,3,EASIER
12,87.11,31.85,14,2,82.68,4,HARDER
6,84.14,11.43,8,1,86.48,2,HARDER
16,93.61,36.81,18,1,87.47,5,HARDER
9,92.01,14.75,10,1,100.0,3,HARDER
4,100.0,13.61,4,0,90.6,1,HARDER
12,65.98,29.38,23,6,49.04,4,EASIER
16,79.58,21.22,24,4,70.77,5,SAME
9,83.05,24.59,13,2,75.35,3,HARDER
9,90.32,15.87,10,1,91.56,3,EASIER
9,75.74,22.06,14,3,66.05,3,SAME
9,100.0,16.76,9,0,100.0,3,HARDER
9,73.88,14.82,14,3,75.19,3,SAME
12,79.72,24.62,16,3,67.17,4,EASIER
9,90.45,18.32,12,1,81.7,3,HARDER
16,69.42,61.02,29,7,40.87,5,EASIER
4,99.31,10.45,4,0,100.0,1,HARDER
6,100.0,21.72,6,0,100.0,2,HARDER
6,99.62,12.89,6,0,99.83,2,HARDER
12,80.95,35.19,18,3,71.75,4,HARDER
6,97.83,13.59,6,0,100.0,2,HARDER
16,84.31,32.78,21,3,81.98,5,HARDER
9,81.43,26.51,11,2,86.8,3,HARDER
6,85.32,24.11,7,1,100.0,2,HARDER
16,90.45,18.02,18,2,86.38,5,HARDER
16,80.46,33.08,25,4,68.66,5,SAME
16,74.67,46.08,26,5,46.73,5,EASIER
16,74.09,41.73,27,6,58.68,5,EASIER
4,100.0,12.6,4,0,100.0,1,HARDER
4,100.0,6.32,4,0,100.0,1,HARDER
12,86.98,23.76,14,2,91.46,4,HARDER
4,79.96,18.51,6,1,78.34,1,HARDER
12,91.43,25.45,15,1,86.09,4,HARDER
6,98.49,18.17,6,0,100.0,2,HARDER
16,61.88,42.37,30,10,17.23,5,EASIER
6,99.65,18.07,6,0,95.42,2,HARDER
12,74.21,34.64,19,4,66.91,4,EASIER
9,90.14,18.5,12,1,86.15,3,HARDER
4,100.0,10.0,4,0,100.0,1,HARDER
12,78.89,28.17,19,3,71.3,4,SAME
12,85.68,24.83,17,2,73.41,4,HARDER
4,80.38,15.91,6,1,85.3,1,HARDER
4,65.93,19.43,7,2,79.71,1,SAME
4,78.57,13.05,6,1,88.4,1,HARDER
9,83.63,28.39,12,2,86.15,3,HARDER
4,79.86,13.25,5,1,94.35,1,HARDER
6,100.0,12.64,6,0,100.0,2,HARDER
4,79.55,15.03,6,1,94.63,1,HARDER
4,67.14,14.49,9,2,76.02,1,EASIER
6,86.62,14.24,7,1,84.8,2,HARDER
9,99.64,10.47,10,0,99.32,3,HARDER
4,100.0,13.58,4,0,100.0,1,HARDER
6,100.0,19.38,8,0,95.63,2,HARDER
4,67.89,27.81,7,2,85.8,1,EASIER
4,66.24,21.65,9,2,84.25,1,EASIER
9,81.18,15.78,13,2,85.52,3,HARDER
12,81.56,20.96,17,3,62.32,4,SAME
9,91.14,15.9,10,1,97.16,3,HARDER
12,81.19,29.41,17,3,66.79,4,SAME
12,73.28,21.22,17,4,70.32,4,SAME
12,84.21,30.5,16,2,82.38,4,HARDER
9,82.89,16.58,12,2,78.45,3,HARDER
16,74.82,23.76,29,5,61.01,5,EASIER
6,100.0,15.68,6,0,100.0,2,HARDER
9,74.94,33.64,17,3,69.09,3,SAME
4,78.97,15.32,6,1,79.88,1,SAME
9,99.66,18.18,9,0,96.92,3,HARDER
6,84.97,22.82,7,1,92.39,2,HARDER
4,99.6,12.62,4,0,100.0,1,HARDER
9,90.59,15.34,11,1,88.03,3,HARDER
6,75.4,14.17,11,2,91.35,2,SAME
4,99.62,9.39,4,0,98.41,1,HARDER
16,88.96,14.82,18,2,93.43,5,HARDER
4,99.52,11.37,4,0,99.48,1,HARDER
6,100.0,23.01,6,0,100.0,2,HARDER
9,83.36,12.91,11,2,88.98,3,HARDER
12,93.12,29.92,13,1,94.8,4,HARDER
4,100.0,13.5,4,0,98.64,1,HARDER
12,86.13,26.01,17,2,90.02,4,HARDER
6,100.0,8.43,6,0,100.0,2,HARDER
16,78.63,36.93,21,4,60.77,5,SAME
9,83.65,15.13,14,2,78.25,3,SAME
6,73.9,12.14,8,2,88.63,2,HARDER
9,68.15,30.23,14,4,61.28,3,EASIER
9,74.53,31.79,14,3,70.64,3,SAME
4,79.56,14.0,5,1,88.38,1,HARDER
9,90.48,15.82,10,1,94.35,3,HARDER
16,76.19,24.86,25,5,71.7,5,SAME
4,79.36,13.42,6,1,93.34,1,HARDER
6,75.69,18.39,9,2,67.1,2,HARDER
16,72.75,24.84,33,6,22.84,5,EASIER
6,86.54,11.33,7,1,100.0,2,HARDER
6,75.92,21.68,10,2,77.31,2,SAME
16,88.04,17.51,21,2,87.04,5,HARDER
12,86.18,17.08,14,2,81.14,4,HARDER
4,64.12,13.55,7,2,85.69,1,SAME
12,66.93,27.18,21,6,47.07,4,EASIER
12,92.98,13.73,15,1,76.29,4,HARDER
6,85.07,18.28,8,1,73.64,2,HARDER
4,65.57,14.79,6,2,89.38,1,SAME
9,80.43,27.29,15,2,87.94,3,HARDER
9,90.19,13.45,10,1,85.51,3,HARDER
6,99.57,9.67,6,0,100.0,2,HARDER
16,83.04,19.4,23,3,79.51,5,HARDER
4,80.27,12.95,5,1,98.51,1,HARDER
16,66.73,51.72,25,8,46.23,5,EASIER
16,79.37,54.53,22,4,70.88,5,SAME
16,79.56,15.43,21,4,75.66,5,SAME
16,85.16,25.3,20,3,83.84,5,HARDER
6,84.99,19.56,7,1,89.78,2,HARDER
4,81.19,16.12,5,1,100.0,1,HARDER
9,65.08,14.37,21,5,60.71,3,EASIER
4,100.0,10.36,4,0,90.44,1,HARDER
16,79.12,28.97,20,4,87.34,5,SAME
16,80.94,19.91,23,4,72.45,5,SAME
16,93.13,36.11,18,1,81.98,5,HARDER
4,100.0,8.67,4,0,97.14,1,HARDER
9,63.9,20.03,17,5,59.4,3,EASIER
4,100.0,16.61,4,0,100.0,1,HARDER
9,81.85,18.06,11,2,79.59,3,HARDER
9,91.67,23.64,12,1,93.0,3,HARDER
4,79.38,14.83,6,1,94.63,1,SAME
4,79.4,22.3,5,1,92.18,1,HARDER
6,86.98,10.9,8,1,97.21,2,HARDER
16,68.43,50.56,32,7,21.61,5,EASIER
12,86.44,26.11,14,2,89.43,4,HARDER
6,85.04,8.62,8,1,90.79,2,HARDER
4,80.99,25.71,5,1,81.55,1,SAME
12,92.31,24.94,14,1,92.12,4,HARDER
16,64.33,57.63,30,9,19.64,5,EASIER
9,64.27,37.49,14,5,58.59,3,EASIER
9,89.11,16.65,10,1,94.24,3,HARDER
6,87.31,16.37,9,1,84.57,2,HARDER
6,87.03,29.47,12,1,78.03,2,SAME
12,70.52,23.34,20,5,53.66,4,EASIER
4,79.46,17.77,6,1,91.65,1,HARDER
4,99.84,19.08,4,0,89.86,1,HARDER
4,99.65,9.32,4,0,100.0,1,HARDER
12,70.05,25.37,22,5,58.67,4,EASIER
12,70.48,24.3,21,5,60.4,4,EASIER
16,71.43,39.01,25,6,55.44,5,EASIER
9,81.52,22.99,14,2,75.52,3,HARDER
9,89.95,26.57,11,1,100.0,3,HARDER
6,74.84,16.79,9,2,91.97,2,HARDER
6,74.32,19.06,10,2,80.86,2,SAME
4,98.75,13.21,4,0,90.14,1,HARDER
9,74.13,37.56,13,3,84.87,3,SAME
12,84.7,31.44,17,2,75.56,4,HARDER
6,86.35,11.53,8,1,86.95,2,HARDER
6,57.91,22.92,13,4,60.74,2,EASIER
9,68.1,52.41,14,4,63.47,3,EASIER
6,100.0,18.82,6,0,100.0,2,HARDER
16,74.92,38.92,28,5,65.8,5,SAME
4,68.36,16.22,6,2,91.97,1,SAME
4,81.42,11.04,5,1,100.0,1,HARDER
12,74.05,25.46,18,4,66.54,4,SAME
12,86.71,16.69,14,2,83.46,4,HARDER
4,98.16,14.85,4,0,100.0,1,HARDER
12,74.94,21.25,21,4,49.2,4,EASIER
6,75.04,20.12,9,2,86.11,2,HARDER
9,90.5,16.77,10,1,95.94,3,HARDER
9,75.11,16.82,13,3,85.0,3,HARDER
12,84.69,22.37,15,2,90.45,4,HARDER
9,91.25,17.19,10,1,100.0,3,HARDER
12,70.36,27.77,20,5,54.45,4,SAME
16,72.89,31.85,25,6,52.74,5,SAME
4,100.0,8.68,4,0,93.88,1,HARDER
4,99.22,8.51,4,0,96.07,1,HARDER
6,66.11,20.05,12,3,69.01,2,EASIER
9,64.8,35.29,17,5,42.3,3,EASIER
4,100.0,13.35,4,0,100.0,1,HARDER
16,84.67,27.67,19,3,94.65,5,HARDER
4,99.74,12.0,4,0,99.62,1,HARDER
6,86.02,17.5,7,1,85.77,2,HARDER
9,89.86,25.09,12,1,96.02,3,HARDER
12,79.56,31.87,15,3,66.84,4,SAME
12,91.79,16.15,13,1,95.03,4,HARDER
6,85.73,10.18,7,1,78.53,2,HARDER
6,84.71,22.52,9,1,95.14,2,HARDER
16,80.63,29.18,22,4,72.28,5,HARDER
12,85.12,24.42,14,2,83.68,4,EASIER
12,92.05,25.86,16,1,92.6,4,HARDER
16,88.95,24.79,18,2,84.43,5,HARDER
6,100.0,15.38,6,0,100.0,2,HARDER
9,90.94,20.14,10,1,96.92,3,HARDER
9,100.0,18.16,9,0,100.0,3,HARDER
12,85.72,32.48,15,2,91.02,4,HARDER
16,83.32,41.53,22,3,75.62,5,HARDER
12,84.93,26.51,14,2,75.73,4,HARDER
9,90.63,14.17,11,1,86.58,3,HARDER
12,80.59,22.58,17,3,66.47,4,SAME
12,91.4,26.11,16,1,96.78,4,SAME
9,89.06,15.64,11,1,91.13,3,HARDER
4,100.0,12.69,4,0,92.1,1,HARDER
9,74.35,24.8,13,3,73.29,3,SAME
16,73.47,51.73,25,6,49.1,5,EASIER
16,76.11,33.54,25,5,61.37,5,SAME
12,85.93,24.28,22,2,63.68,4,HARDER
6,86.08,15.92,7,1,87.97,2,HARDER
6,100.0,17.21,6,0,100.0,2,HARDER
4,67.48,17.94,7,2,88.25,1,SAME
4,99.17,10.47,4,0,100.0,1,HARDER
9,98.66,20.31,9,0,95.3,3,HARDER
16,87.69,43.76,20,2,78.96,5,HARDER
4,78.5,10.38,5,1,92.13,1,HARDER
12,81.37,35.05,17,3,72.15,4,SAME
16,72.42,28.52,25,6,50.63,5,EASIER
9,80.02,17.46,11,2,79.43,3,SAME
9,89.43,21.65,10,1,100.0,3,HARDER
12,76.95,19.45,19,4,48.49,4,EASIER
16,69.66,27.73,28,7,35.45,5,EASIER
4,78.87,12.88,5,1,92.04,1,HARDER
9,81.85,22.83,11,2,87.41,3,HARDER
9,99.78,11.13,10,0,96.27,3,HARDER
16,84.83,36.67,24,3,65.92,5,SAME
16,74.15,40.84,30,6,39.26,5,EASIER
4,100.0,6.45,4,0,100.0,1,HARDER
6,100.0,10.72,6,0,88.02,2,HARDER
6,74.33,13.13,8,2,87.43,2,HARDER
4,80.58,12.16,7,1,91.19,1,HARDER
4,99.73,10.12,4,0,95.08,1,HARDER
9,87.77,15.04,10,1,84.56,3,HARDER
9,74.39,18.94,17,3,66.55,3,SAME
12,84.53,28.28,16,2,83.06,4,SAME
9,81.52,15.0,14,2,78.54,3,HARDER
6,100.0,15.09,6,0,100.0,2,HARDER
6,98.88,16.98,6,0,96.82,2,HARDER
6,87.4,9.84,8,1,100.0,2,HARDER
12,92.02,32.23,14,1,91.72,4,HARDER
9,99.83,15.6,10,0,92.8,3,HARDER
9,88.79,33.87,10,1,86.89,3,HARDER
4,78.31,9.47,5,1,100.0,1,HARDER
9,100.0,14.03,10,0,98.34,3,HARDER
6,86.72,13.33,7,1,100.0,2,HARDER
4,100.0,13.53,4,0,100.0,1,HARDER
12,79.61,24.83,15,3,79.8,4,HARDER
4,79.08,14.9,6,1,93.71,1,HARDER
16,74.23,32.65,26,6,40.98,5,EASIER
16,90.4,21.33,20,2,93.69,5,HARDER
6,87.82,28.14,9,1,80.89,2,HARDER
12,79.6,19.84,17,3,84.93,4,HARDER
6,86.79,14.0,8,1,89.07,2,HARDER
9,81.37,19.38,12,2,77.74,3,SAME
9,89.54,16.87,11,1,85.85,3,HARDER
6,67.24,24.36,17,3,67.51,2,EASIER
6,84.22,24.12,9,1,86.02,2,HARDER
4,100.0,12.21,5,0,100.0,1,HARDER
16,73.24,43.04,28,6,55.26,5,EASIER
12,70.14,44.79,20,5,50.34,4,EASIER
16,69.45,41.35,27,7,45.57,5,EASIER
9,100.0,17.24,9,0,100.0,3,HARDER
9,76.8,24.2,14,3,75.97,3,HARDER
9,99.37,13.73,9,0,100.0,3,HARDER
6,84.14,11.08,10,1,90.08,2,HARDER
6,86.02,15.78,7,1,93.52,2,HARDER
16,66.9,27.55,33,8,19.22,5,EASIER
16,84.62,36.89,24,3,68.87,5,HARDER
4,79.13,13.97,6,1,92.27,1,HARDER
12,75.27,32.87,22,4,60.32,4,SAME
4,100.0,9.4,4,0,100.0,1,HARDER
6,100.0,13.13,6,0,97.45,2,HARDER
4,100.0,11.14,4,0,97.96,1,HARDER
4,79.36,23.64,6,1,93.0,1,SAME
16,82.69,35.58,27,4,42.27,5,EASIER
6,97.79,11.77,6,0,100.0,2,HARDER
4,80.79,9.96,8,1,87.97,1,HARDER
12,91.94,19.01,13,1,95.71,4,HARDER
4,79.64,13.83,6,1,95.26,1,HARDER
6,85.14,17.47,7,1,91.75,2,HARDER
16,66.12,48.63,29,8,31.14,5,EASIER
6,85.3,17.7,7,1,96.61,2,HARDER
9,98.97,19.95,9,0,100.0,3,HARDER
9,90.02,11.43,10,1,93.88,3,HARDER
6,99.68,21.27,6,0,99.22,2,HARDER
9,89.15,25.35,10,1,89.56,3,HARDER
12,91.66,17.27,14,1,100.0,4,HARDER
16,79.38,32.53,20,4,58.96,5,SAME
9,81.49,11.88,15,2,75.57,3,HARDER
6,85.92,15.45,9,1,82.48,2,HARDER
9,89.09,11.05,14,1,78.7,3,HARDER
4,65.32,13.15,8,2,68.95,1,SAME
9,91.59,24.92,10,1,96.08,3,HARDER
9,81.3,18.18,14,2,81.72,3,HARDER
6,97.56,14.49,6,0,100.0,2,HARDER
4,79.56,12.57,8,1,87.04,1,HARDER
6,67.93,15.78,11,3,76.9,2,SAME
12,87.48,29.43,16,2,93.25,4,HARDER
12,72.51,57.42,18,5,56.44,4,EASIER
16,78.91,28.43,22,4,68.41,5,SAME
16,75.82,28.95,24,5,56.36,5,SAME
6,67.5,26.29,9,3,74.23,2,EASIER
6,74.71,16.85,9,2,87.74,2,HARDER
4,80.37,18.18,5,1,94.59,1,SAME
16,76.73,43.9,25,5,57.36,5,EASIER
6,99.8,24.05,6,0,100.0,2,HARDER
12,69.93,28.1,23,5,55.87,4,EASIER
4,79.98,14.37,6,1,86.21,1,HARDER
6,99.91,12.44,6,0,100.0,2,HARDER
6,100.0,14.22,6,0,100.0,2,HARDER
6,86.08,27.67,7,1,90.33,2,HARDER
12,79.8,22.92,15,3,75.98,4,HARDER
6,85.72,12.97,8,1,90.51,2,HARDER
12,71.6,23.97,18,5,66.6,4,EASIER
9,83.27,20.3,12,2,86.89,3,HARDER
12,74.21,34.69,20,4,58.96,4,EASIER
4,66.89,17.87,8,2,75.4,1,EASIER
9,76.04,27.21,15,3,78.01,3,EASIER
9,76.06,17.82,14,3,82.29,3,SAME
4,100.0,10.66,4,0,100.0,1,HARDER
9,100.0,20.44,9,0,100.0,3,HARDER
9,80.8,17.7,15,2,75.4,3,HARDER
16,88.59,28.18,19,2,82.91,5,HARDER
16,72.8,44.68,32,6,40.36,5,EASIER
12,75.69,27.95,18,4,69.46,4,SAME
6,85.23,16.48,7,1,97.4,2,HARDER
12,86.77,18.08,17,2,74.38,4,HARDER
4,81.22,10.61,6,1,90.55,1,HARDER
9,82.19,17.19,11,2,77.07,3,HARDER
12,79.66,18.04,17,3,79.17,4,SAME
4,79.1,9.9,5,1,98.18,1,SAME
9,78.52,24.06,13,2,76.75,3,SAME
4,100.0,7.43,4,0,100.0,1,HARDER
16,81.22,31.15,22,4,69.49,5,SAME
4,65.34,18.04,7,2,75.09,1,SAME
4,99.26,15.72,4,0,93.14,1,HARDER
6,85.81,12.26,7,1,98.95,2,HARDER
16,80.33,28.41,21,4,60.73,5,SAME
4,78.77,17.91,7,1,84.73,1,HARDER
16,71.03,36.16,27,6,46.56,5,EASIER
4,99.67,8.61,4,0,100.0,1,HARDER
9,69.62,34.67,16,4,63.55,3,EASIER
16,94.46,38.56,19,1,89.46,5,HARDER
9,73.79,27.56,13,3,66.1,3,HARDER
16,88.19,28.99,20,2,80.11,5,HARDER
16,74.07,53.45,29,6,44.69,5,EASIER
12,80.29,38.2,20,3,69.84,4,SAME
9,100.0,13.84,9,0,97.82,3,HARDER
16,75.66,40.67,25,5,57.35,5,EASIER
6,65.73,18.27,11,3,87.94,2,SAME
4,78.93,16.45,6,1,88.28,1,SAME
16,90.78,30.58,19,2,84.79,5,HARDER
12,92.51,17.16,14,1,100.0,4,HARDER
9,81.54,25.48,13,2,89.13,3,HARDER
6,87.53,19.71,7,1,87.43,2,HARDER
12,84.36,24.66,15,2,88.15,4,HARDER
16,79.75,31.93,24,4,65.52,5,SAME
9,75.34,29.94,15,3,56.74,3,EASIER
9,81.91,37.93,15,2,80.02,3,HARDER
16,89.78,22.33,20,2,89.25,5,HARDER
12,70.5,31.22,19,5,58.93,4,EASIER
4,99.11,22.59,4,0,81.59,1,HARDER
16,80.21,40.08,22,4,74.0,5,HARDER
4,100.0,13.31,5,0,95.53,1,HARDER
6,85.9,14.48,8,1,93.17,2,HARDER
6,84.99,17.05,8,1,100.0,2,HARDER
4,100.0,10.02,4,0,94.68,1,HARDER
4,81.26,11.22,7,1,87.03,1,HARDER
9,99.6,11.79,9,0,92.83,3,HARDER
16,74.84,38.39,24,5,51.44,5,EASIER
9,74.65,21.76,13,3,81.99,3,SAME
6,100.0,11.7,6,0,89.82,2,HARDER
9,90.52,20.36,10,1,82.61,3,HARDER
9,73.28,21.65,18,3,71.34,3,EASIER
4,66.72,18.47,6,2,88.5,1,SAME
16,75.72,43.29,30,5,48.74,5,EASIER
16,77.49,28.49,27,5,49.18,5,SAME
6,98.8,21.83,6,0,94.54,2,HARDER
16,72.81,33.21,25,6,47.89,5,EASIER
6,85.89,13.9,8,1,100.0,2,HARDER
4,80.16,13.76,5,1,94.6,1,HARDER
9,99.26,13.74,10,0,100.0,3,HARDER
9,89.94,25.78,11,1,88.47,3,HARDER
4,79.24,14.78,6,1,94.21,1,HARDER
16,86.11,35.33,21,3,68.55,5,SAME
4,68.48,14.79,7,2,76.32,1,SAME
16,76.87,36.54,24,5,67.56,5,EASIER
16,68.35,40.41,26,7,44.48,5,EASIER
12,94.01,22.14,15,1,89.14,4,EASIER
12,91.89,12.44,14,1,88.1,4,HARDER
16,73.0,22.06,24,6,44.31,5,EASIER
9,82.51,23.15,11,2,90.31,3,HARDER
12,73.36,33.79,19,4,67.48,4,EASIER
6,86.39,19.88,10,1,95.14,2,HARDER
6,75.48,13.38,9,2,90.37,2,HARDER
16,62.6,63.2,32,10,13.08,5,EASIER
6,74.43,26.24,8,2,85.45,2,EASIER
12,85.72,23.01,15,2,100.0,4,HARDER
16,86.09,32.48,24,3,59.82,5,SAME
4,66.67,12.83,6,2,92.72,1,HARDER
16,71.09,55.48,24,6,45.91,5,EASIER
9,82.3,19.05,14,2,80.59,3,HARDER
9,75.4,25.9,17,3,66.0,3,EASIER
12,81.09,21.03,21,3,73.6,4,HARDER
12,80.53,41.07,16,3,69.35,4,SAME
4,98.33,11.51,5,0,100.0,1,HARDER
16,69.98,34.86,27,7,48.04,5,EASIER
6,86.78,13.64,11,1,93.3,2,HARDER
12,79.01,31.11,15,3,77.39,4,HARDER
12,79.86,13.88,16,3,79.19,4,HARDER
4,98.32,11.29,4,0,100.0,1,HARDER
4,100.0,10.39,4,0,100.0,1,HARDER
12,79.7,34.33,19,3,56.08,4,EASIER
9,76.08,27.73,13,3,92.32,3,HARDER
4,81.84,13.86,6,1,79.52,1,HARDER
12,84.94,27.65,14,2,79.59,4,HARDER
9,90.97,16.14,11,1,87.88,3,HARDER
6,76.35,14.91,9,2,95.72,2,HARDER
12,85.13,20.55,15,2,95.73,4,HARDER
4,100.0,10.37,4,0,87.99,1,HARDER
12,90.52,22.27,13,1,98.83,4,HARDER
6,65.9,16.63,13,3,77.34,2,EASIER
4,56.4,23.73,11,3,70.43,1,EASIER
9,68.32,36.24,15,4,68.13,3,EASIER
12,80.17,20.72,17,3,78.1,4,SAME
6,86.32,10.65,7,1,96.6,2,HARDER
16,71.85,25.61,23,6,58.59,5,EASIER
9,74.66,24.1,15,3,86.71,3,HARDER
4,99.87,9.97,4,0,100.0,1,HARDER
9,100.0,10.77,10,0,88.08,3,SAME
9,82.75,16.25,12,2,86.78,3,HARDER
4,100.0,17.0,4,0,100.0,1,HARDER
6,87.36,13.56,7,1,92.13,2,HARDER
12,80.72,34.44,17,3,73.72,4,SAME
9,81.96,18.34,12,2,82.28,3,HARDER
9,99.25,18.41,10,0,86.0,3,HARDER
4,79.55,22.84,6,1,80.91,1,SAME
16,74.05,34.94,28,6,51.9,5,EASIER
9,99.63,12.74,9,0,93.88,3,HARDER
6,75.49,14.67,9,2,76.54,2,SAME
6,100.0,8.63,6,0,100.0,2,HARDER
12,92.82,18.64,13,1,93.31,4,HARDER
4,68.09,16.51,8,2,90.92,1,SAME
9,80.93,28.53,13,2,70.03,3,HARDER
4,99.22,15.18,5,0,78.03,1,HARDER
16,93.84,32.17,19,1,96.23,5,HARDER
9,99.45,18.98,9,0,100.0,3,HARDER
6,74.93,26.22,10,2,80.86,2,SAME
6,54.2,24.27,14,5,62.53,2,EASIER
12,80.23,19.68,16,3,76.2,4,HARDER
16,66.71,41.61,27,8,36.0,5,EASIER
16,70.0,41.85,30,7,34.3,5,EASIER
9,89.59,20.0,11,1,90.53,3,HARDER
16,76.01,33.99,26,5,56.62,5,SAME
6,75.29,15.89,11,2,73.68,2,EASIER
16,75.32,31.29,28,5,60.07,5,EASIER
6,86.56,20.66,7,1,89.02,2,HARDER
4,81.17,16.82,6,1,91.64,1,HARDER
12,91.62,15.01,14,1,86.97,4,HARDER
12,79.58,27.11,19,3,66.36,4,SAME
6,75.24,12.15,9,2,74.89,2,SAME
9,74.5,17.9,18,3,58.19,3,EASIER
16,77.57,22.44,25,5,55.37,5,SAME
12,60.11,23.31,26,8,31.88,4,EASIER
16,81.1,24.56,24,4,76.67,5,SAME
12,85.91,21.56,14,2,88.95,4,HARDER
6,85.39,15.3,7,1,90.84,2,SAME
9,100.0,14.04,10,0,97.72,3,HARDER
4,100.0,14.2,4,0,93.73,1,HARDER
9,67.8,34.58,16,4,61.34,3,EASIER
12,67.35,21.8,23,6,43.34,4,EASIER
9,89.92,26.45,11,1,93.83,3,HARDER
9,90.7,16.17,10,1,93.27,3,HARDER
6,75.01,14.21,11,2,84.38,2,HARDER
12,91.38,16.94,14,1,79.61,4,HARDER
9,68.69,22.57,15,4,62.25,3,SAME
9,68.53,15.49,16,4,59.96,3,EASIER
12,75.17,42.48,19,4,60.26,4,EASIER
16,85.13,18.67,23,3,69.43,5,HARDER
16,95.31,18.27,18,1,95.09,5,HARDER
16,81.11,45.55,27,4,62.0,5,SAME
4,98.22,21.62,5,0,99.78,1,HARDER
9,69.21,24.94,17,4,66.13,3,EASIER
4,99.94,14.01,4,0,100.0,1,HARDER
12,66.94,35.7,25,6,52.01,4,EASIER
9,91.41,24.28,11,1,78.29,3,HARDER
6,67.77,31.75,9,3,71.37,2,EASIER
4,67.31,15.05,7,2,91.3,1,SAME
4,100.0,13.28,5,0,100.0,1,HARDER
6,84.82,11.75,7,1,89.65,2,HARDER
9,74.99,18.98,13,3,87.42,3,HARDER
6,84.16,15.69,7,1,100.0,2,HARDER
16,71.31,34.44,24,6,51.12,5,EASIER
4,81.64,11.77,6,1,96.24,1,HARDER
4,65.53,25.97,6,2,85.09,1,EASIER
16,77.01,50.51,25,5,57.93,5,EASIER
6,65.58,25.4,10,3,69.9,2,EASIER
4,99.94,9.7,5,0,100.0,1,HARDER
6,85.72,16.38,9,1,89.66,2,HARDER
9,90.12,17.84,11,1,90.65,3,HARDER
16,82.54,22.38,22,3,64.19,5,SAME
4,67.29,17.37,6,2,89.63,1,SAME
16,71.21,34.05,27,6,51.8,5,EASIER
6,100.0,21.02,7,0,99.1,2,HARDER
16,89.2,24.22,19,2,83.39,5,HARDER
16,86.37,25.95,20,3,81.74,5,HARDER
12,85.85,21.41,18,2,76.43,4,HARDER
9,74.07,29.73,13,3,77.76,3,SAME
4,100.0,12.17,4,0,100.0,1,HARDER
16,75.85,37.88,25,5,48.32,5,EASIER
12,91.78,22.34,13,1,85.46,4,HARDER
4,57.27,19.71,7,3,81.7,1,EASIER
16,77.91,37.34,29,5,40.3,5,EASIER
12,65.69,39.48,21,6,57.46,4,EASIER
9,89.71,16.48,13,1,86.58,3,HARDER
12,85.3,28.06,16,2,83.1,4,HARDER
16,75.66,49.03,27,5,46.73,5,EASIER
9,83.03,16.09,14,2,82.77,3,HARDER
9,83.13,16.5,11,2,80.77,3,HARDER
16,72.11,57.94,26,6,51.47,5,EASIER
9,81.95,19.26,13,2,92.11,3,HARDER
4,79.44,16.65,7,1,78.18,1,HARDER
6,100.0,12.81,6,0,100.0,2,HARDER
4,78.28,9.71,8,1,91.86,1,HARDER
6,88.06,21.45,9,1,87.3,2,HARDER
16,87.76,30.34,19,2,97.14,5,HARDER
12,74.34,39.64,19,4,66.94,4,EASIER
6,100.0,18.0,6,0,100.0,2,HARDER
4,78.69,12.71,6,1,88.29,1,HARDER
16,77.29,26.71,23,5,53.18,5,SAME
4,100.0,11.04,4,0,100.0,1,HARDER
6,75.08,22.52,8,2,90.54,2,HARDER
4,81.3,17.29,5,1,87.15,1,HARDER
4,100.0,10.76,4,0,96.79,1,HARDER
16,73.17,35.73,25,6,63.89,5,SAME
9,90.21,14.88,11,1,95.58,3,HARDER
4,100.0,13.14,4,0,91.6,1,HARDER
6,86.32,19.18,7,1,84.95,2,HARDER
6,75.82,28.23,9,2,89.54,2,HARDER
9,89.56,21.14,11,1,91.79,3,HARDER
12,99.99,23.13,12,0,99.05,4,HARDER
6,86.66,15.11,7,1,94.24,2,HARDER
9,64.04,21.64,15,5,77.18,3,EASIER
6,86.74,24.48,9,1,84.51,2,HARDER
9,74.95,20.57,13,3,70.03,3,HARDER
9,99.78,20.37,9,0,96.66,3,HARDER
12,85.56,24.03,16,2,95.87,4,HARDER
6,84.85,20.45,8,1,100.0,2,HARDER
12,92.72,32.45,16,1,90.19,4,HARDER
16,84.65,30.97,19,3,80.67,5,HARDER
12,89.86,25.92,13,1,94.77,4,HARDER
12,86.4,18.48,16,2,68.05,4,HARDER
16,68.17,62.91,27,8,44.14,5,EASIER
4,80.39,13.45,5,1,97.38,1,HARDER
16,65.71,39.11,30,8,32.05,5,EASIER
4,56.44,21.23,10,3,67.96,1,EASIER
6,98.48,11.48,6,0,100.0,2,HARDER
9,82.08,26.37,12,2,85.44,3,HARDER
12,91.28,20.83,15,1,97.3,4,HARDER
16,89.43,21.15,20,2,92.44,5,HARDER
12,100.0,11.8,12,0,100.0,4,HARDER
16,73.05,42.31,27,6,34.47,5,EASIER
6,99.9,15.97,6,0,100.0,2,HARDER
9,65.56,25.07,19,5,51.91,3,EASIER
12,77.18,26.1,18,4,58.32,4,EASIER
4,98.7,16.88,4,0,100.0,1,HARDER
9,99.59,13.25,9,0,90.86,3,HARDER
6,75.86,26.52,11,2,72.89,2,SAME
12,75.06,26.78,17,4,78.84,4,SAME
6,100.0,12.38,6,0,97.56,2,HARDER
6,86.87,13.61,8,1,96.64,2,HARDER
16,77.22,18.61,21,5,73.44,5,SAME
12,91.57,20.86,14,1,88.52,4,HARDER
12,81.56,29.47,18,3,77.79,4,HARDER
9,83.98,16.5,13,2,72.01,3,SAME
9,74.93,18.18,14,3,80.4,3,SAME
9,84.66,17.21,12,2,92.02,3,HARDER
4,77.31,8.42,5,1,95.1,1,HARDER
6,100.0,16.69,6,0,89.52,2,HARDER
12,68.46,25.26,18,5,71.98,4,EASIER
4,81.02,19.4,5,1,81.52,1,EASIER
9,81.27,21.67,13,2,100.0,3,SAME
9,82.94,26.66,12,2,98.44,3,HARDER
12,67.99,40.62,21,5,63.31,4,EASIER
16,72.29,34.09,24,6,60.06,5,EASIER
12,98.98,20.37,12,0,100.0,4,HARDER
12,93.65,23.42,15,1,93.89,4,HARDER
4,98.18,24.47,4,0,90.84,1,HARDER
12,78.19,17.56,18,3,85.02,4,HARDER
9,81.85,15.25,12,2,78.63,3,HARDER
9,74.7,24.99,15,3,72.3,3,EASIER
6,85.72,15.38,8,1,96.87,2,HARDER
16,66.49,32.56,29,8,41.56,5,EASIER
6,86.15,12.39,7,1,87.58,2,HARDER
12,93.81,14.09,13,1,100.0,4,HARDER
6,75.47,13.2,8,2,95.72,2,SAME
12,77.64,24.75,18,3,78.87,4,HARDER
4,79.68,12.08,5,1,89.36,1,HARDER
16,76.36,21.34,27,5,61.18,5,SAME
6,100.0,22.04,9,0,99.25,2,HARDER
9,81.35,13.58,13,2,92.58,3,SAME
4,99.3,9.28,4,0,87.59,1,HARDER
6,76.66,20.43,10,2,84.05,2,HARDER
16,80.26,29.13,22,4,68.58,5,SAME
6,99.22,14.56,6,0,99.97,2,HARDER
9,74.82,23.35,15,3,65.36,3,EASIER
6,84.67,10.98,8,1,99.13,2,HARDER
12,84.53,18.42,14,2,94.94,4,HARDER
6,84.34,15.56,8,1,87.38,2,HARDER
16,76.09,33.68,22,5,71.59,5,EASIER
12,74.22,22.59,19,4,72.71,4,SAME
9,75.75,30.52,13,3,76.88,3,SAME
9,59.83,41.51,18,6,43.68,3,EASIER
12,92.25,16.84,13,1,91.69,4,HARDER
9,100.0,14.01,10,0,98.75,3,HARDER
9,90.95,14.54,10,1,87.58,3,HARDER
16,75.21,42.01,21,5,69.81,5,EASIER
16,79.4,26.7,23,4,82.91,5,SAME
12,92.96,25.81,15,1,83.5,4,HARDER
4,56.02,20.54,10,3,81.43,1,EASIER
4,80.81,16.24,5,1,76.0,1,HARDER
4,79.34,11.45,5,1,88.64,1,SAME
16,73.53,70.47,26,6,55.91,5,EASIER
4,99.94,8.96,4,0,100.0,1,HARDER
4,100.0,20.43,4,0,100.0,1,HARDER
6,99.64,12.04,6,0,100.0,2,HARDER
9,75.78,29.02,14,3,86.67,3,HARDER
16,78.39,23.35,21,4,71.61,5,HARDER
16,73.61,30.47,28,6,35.7,5,EASIER
16,79.55,24.08,21,4,64.06,5,HARDER
9,90.68,13.81,13,1,85.16,3,HARDER
4,68.78,9.18,7,2,87.73,1,SAME
9,69.21,27.41,18,4,70.63,3,EASIER
6,74.04,17.86,10,2,77.4,2,HARDER
4,80.28,20.74,6,1,81.36,1,HARDER
12,74.79,29.32,21,4,53.67,4,EASIER
4,80.69,13.53,5,1,95.96,1,HARDER
12,85.48,20.42,16,2,78.14,4,HARDER
16,84.47,21.89,20,3,78.2,5,HARDER
9,81.29,19.11,15,2,71.1,3,SAME
12,85.8,11.33,15,2,90.51,4,HARDER
4,79.58,18.56,5,1,96.63,1,HARDER
6,74.41,21.64,11,2,63.26,2,SAME
4,81.25,9.92,5,1,100.0,1,HARDER
9,97.52,24.85,10,0,93.6,3,HARDER
16,76.38,29.46,26,5,52.84,5,SAME
12,69.8,27.01,23,5,59.24,4,EASIER
16,76.82,24.47,28,5,59.3,5,SAME
6,85.08,21.52,7,1,84.9,2,HARDER
12,75.32,35.83,18,4,57.51,4,EASIER
9,90.82,27.87,10,1,95.24,3,HARDER
4,99.48,12.78,4,0,100.0,1,HARDER
16,88.18,47.01,19,2,94.77,5,HARDER
4,100.0,8.65,4,0,100.0,1,HARDER
6,74.49,17.37,9,2,75.54,2,SAME
12,77.59,23.53,24,4,54.18,4,EASIER
4,66.63,20.97,8,2,70.7,1,EASIER
12,92.91,16.99,14,1,86.69,4,HARDER
12,92.28,23.87,14,1,88.96,4,HARDER
4,79.76,16.96,5,1,83.3,1,HARDER
6,87.52,14.45,7,1,91.19,2,HARDER
12,86.86,27.78,16,2,91.95,4,HARDER
4,77.52,14.75,5,1,97.59,1,HARDER
9,88.64,18.14,12,1,94.47,3,HARDER
9,69.94,33.16,15,4,72.7,3,EASIER
9,89.17,33.59,10,1,100.0,3,HARDER
9,68.42,23.97,17,4,74.17,3,EASIER
6,100.0,16.29,6,0,98.49,2,HARDER
9,89.48,18.47,12,1,100.0,3,HARDER
6,84.64,13.57,9,1,87.93,2,HARDER
12,91.54,18.62,14,1,94.09,4,HARDER
9,88.94,23.06,12,1,98.54,3,HARDER
4,79.61,12.36,6,1,100.0,1,HARDER
16,87.79,23.1,19,2,84.76,5,HARDER
16,83.28,41.24,21,3,82.97,5,HARDER
4,79.78,19.5,5,1,84.94,1,HARDER
6,85.08,17.53,7,1,91.27,2,HARDER
4,81.21,12.56,6,1,77.42,1,HARDER
6,85.49,12.21,7,1,84.69,2,HARDER
4,64.67,19.19,9,2,97.08,1,HARDER
9,91.28,25.68,10,1,94.75,3,HARDER
16,75.92,23.05,24,5,60.66,5,SAME
4,100.0,8.3,4,0,99.49,1,HARDER
6,100.0,15.0,6,0,92.59,2,HARDER
9,82.18,15.77,12,2,87.51,3,HARDER
6,84.16,13.95,8,1,89.83,2,HARDER
16,81.49,16.01,22,4,80.98,5,SAME
12,81.36,23.02,15,3,81.81,4,HARDER
4,67.21,17.26,6,2,74.21,1,EASIER
9,66.42,18.35,18,4,69.35,3,EASIER
16,68.18,30.77,25,7,51.56,5,EASIER
9,81.73,11.04,13,2,82.97,3,HARDER
16,81.22,46.36,22,4,59.94,5,EASIER
9,90.98,14.14,11,1,98.83,3,HARDER
9,82.16,18.02,13,2,98.96,3,HARDER
12,87.33,30.99,16,2,75.89,4,HARDER
6,84.96,17.99,8,1,100.0,2,HARDER
9,77.13,22.79,13,3,77.61,3,SAME
9,90.85,20.48,12,1,91.27,3,HARDER
4,100.0,18.89,5,0,100.0,1,HARDER
6,85.46,12.07,7,1,90.34,2,HARDER
6,99.54,14.5,6,0,99.29,2,HARDER
16,69.84,48.98,25,7,36.3,5,EASIER
9,80.77,15.67,14,2,75.53,3,HARDER
6,85.15,18.18,9,1,90.47,2,HARDER
9,82.02,18.52,12,2,81.03,3,HARDER
12,75.54,35.79,20,4,58.27,4,EASIER
6,66.51,16.4,12,3,65.63,2,EASIER
16,67.39,41.46,29,8,33.08,5,EASIER
6,85.92,15.24,7,1,100.0,2,HARDER
9,64.37,32.57,17,5,55.32,3,EASIER
16,79.92,38.43,23,4,65.3,5,SAME
12,87.11,30.2,15,2,84.02,4,HARDER
6,99.72,14.03,6,0,100.0,2,HARDER
6,100.0,14.58,6,0,100.0,2,HARDER
6,100.0,14.23,6,0,100.0,2,HARDER
4,99.54,9.29,4,0,100.0,1,HARDER
6,87.5,17.8,7,1,100.0,2,HARDER
16,68.81,54.74,26,7,51.3,5,EASIER
4,98.11,15.06,4,0,91.43,1,HARDER
12,85.94,25.87,15,2,68.21,4,HARDER
4,100.0,13.47,4,0,100.0,1,HARDER
16,73.17,29.14,26,6,41.7,5,EASIER
16,80.75,20.24,25,4,68.19,5,SAME
6,99.72,18.66,6,0,100.0,2,HARDER
16,61.92,43.42,31,9,24.56,5,EASIER
9,74.83,28.01,13,3,79.94,3,EASIER
16,79.64,20.73,22,4,68.49,5,HARDER
12,81.92,36.81,16,3,69.69,4,SAME
16,64.05,59.98,35,9,13.71,5,EASIER
6,100.0,8.8,6,0,100.0,2,HARDER
16,81.11,40.82,22,4,64.97,5,SAME
6,99.22,16.28,7,0,100.0,2,HARDER
6,85.89,16.02,8,1,85.78,2,HARDER
16,71.0,54.39,26,6,46.12,5,EASIER
4,99.68,10.39,5,0,100.0,1,HARDER
12,80.44,31.68,17,3,73.03,4,SAME
6,84.98,30.12,7,1,87.42,2,HARDER
12,93.66,20.46,13,1,98.53,4,HARDER
9,82.9,22.13,15,2,79.59,3,SAME
9,76.13,33.09,15,3,82.75,3,EASIER
12,85.28,17.69,14,2,87.45,4,HARDER
9,81.81,26.37,13,2,75.32,3,HARDER
6,66.46,29.09,9,3,71.65,2,EASIER
16,72.64,33.98,26,6,59.11,5,EASIER
16,88.8,35.99,20,2,75.83,5,HARDER
4,66.84,13.26,10,2,76.88,1,EASIER
9,67.82,32.72,14,4,61.53,3,SAME
12,85.48,25.66,16,2,82.25,4,HARDER
12,87.02,29.95,17,2,82.97,4,HARDER
4,100.0,14.93,4,0,97.94,1,HARDER
6,100.0,12.09,6,0,100.0,2,HARDER
6,100.0,10.69,6,0,91.81,2,HARDER
9,90.5,17.31,10,1,95.24,3,HARDER
4,67.91,16.24,6,2,91.78,1,SAME
4,68.1,25.79,9,2,76.09,1,SAME
16,71.14,29.9,25,6,57.59,5,EASIER
4,66.39,20.83,7,2,73.52,1,EASIER
4,98.81,12.59,4,0,95.41,1,HARDER
9,89.97,19.27,13,1,81.8,3,SAME
9,90.22,11.37,11,1,89.0,3,HARDER
12,63.03,31.81,23,7,36.85,4,EASIER
12,78.67,24.81,19,3,69.49,4,SAME
4,98.78,14.4,4,0,84.23,1,HARDER
9,62.07,32.15,16,6,54.35,3,EASIER
9,74.01,23.38,13,3,75.96,3,SAME
16,81.38,33.94,22,4,73.25,5,SAME
12,91.73,16.8,13,1,89.31,4,HARDER
12,69.52,57.72,21,5,56.73,4,EASIER
9,83.53,16.51,14,2,78.11,3,HARDER
12,79.83,24.57,16,3,74.0,4,SAME
6,85.07,16.73,7,1,77.34,2,HARDER
12,75.19,32.86,21,4,67.06,4,EASIER
6,100.0,11.31,6,0,100.0,2,HARDER
12,80.18,41.99,16,3,70.75,4,SAME
9,61.15,38.01,19,5,43.28,3,EASIER
4,99.55,13.65,6,0,96.57,1,HARDER
4,100.0,8.74,4,0,96.16,1,HARDER
16,67.2,37.09,26,7,48.22,5,EASIER
6,100.0,11.6,6,0,100.0,2,HARDER
4,99.53,19.5,4,0,100.0,1,HARDER
16,74.3,50.1,23,6,53.49,5,EASIER
6,100.0,13.72,6,0,85.29,2,HARDER
12,69.57,39.72,22,5,46.94,4,EASIER
6,100.0,14.08,6,0,85.18,2,HARDER
12,69.41,23.96,23,5,55.2,4,EASIER
6,86.26,10.81,8,1,85.04,2,HARDER
16,84.3,18.03,25,3,66.23,5,HARDER
4,99.21,8.59,4,0,100.0,1,HARDER
6,76.32,15.62,8,2,79.92,2,HARDER
4,100.0,9.89,5,0,89.33,1,HARDER
9,64.57,38.99,18,5,45.72,3,EASIER
4,99.94,14.27,4,0,96.17,1,HARDER
4,58.93,15.44,10,3,85.71,1,EASIER
16,69.1,55.34,27,7,34.17,5,EASIER
6,63.82,19.94,13,3,70.36,2,EASIER
6,85.12,13.15,9,1,95.35,2,HARDER
9,98.23,17.01,10,0,88.61,3,HARDER
12,90.99,26.91,13,1,100.0,4,HARDER
4,100.0,7.57,4,0,100.0,1,HARDER
12,79.89,46.41,19,3,64.14,4,EASIER
6,98.94,9.5,7,0,88.07,2,HARDER
6,85.67,22.05,8,1,96.66,2,HARDER
12,79.0,17.5,21,3,64.44,4,SAME
6,73.82,16.62,8,2,90.45,2,SAME
12,69.71,32.24,19,5,61.45,4,EASIER
6,86.14,12.75,7,1,100.0,2,HARDER
16,83.84,43.62,22,3,68.02,5,SAME
4,80.18,22.95,5,1,90.49,1,HARDER
6,99.78,13.19,6,0,100.0,2,HARDER
16,79.43,31.54,25,4,79.84,5,SAME
16,85.25,28.5,22,3,60.9,5,SAME
6,87.46,11.69,10,1,94.13,2,HARDER
6,97.73,7.77,6,0,100.0,2,HARDER
4,100.0,13.1,4,0,100.0,1,HARDER
6,99.44,9.23,6,0,94.53,2,HARDER
6,85.13,13.17,8,1,89.96,2,HARDER
9,89.05,22.65,10,1,90.42,3,HARDER
12,58.22,58.34,23,8,30.75,4,EASIER
9,83.19,21.0,14,2,85.74,3,HARDER
12,73.71,47.04,19,4,67.16,4,EASIER
12,71.85,43.18,18,5,63.65,4,SAME
9,100.0,15.36,9,0,100.0,3,HARDER
9,90.22,15.39,10,1,98.17,3,HARDER
16,73.2,28.15,23,6,50.86,5,EASIER
12,76.66,39.05,18,4,73.64,4,SAME
6,83.74,14.83,8,1,89.47,2,HARDER
12,76.03,25.63,17,4,83.45,4,HARDER
9,83.94,28.7,12,2,100.0,3,HARDER
6,66.89,17.9,13,3,65.55,2,SAME
4,100.0,9.54,4,0,100.0,1,HARDER
9,75.0,18.73,14,3,70.58,3,SAME
16,74.94,41.59,27,5,57.33,5,EASIER
16,74.79,62.16,24,6,49.87,5,EASIER
6,74.3,24.66,11,2,73.11,2,SAME
6,99.38,17.1,6,0,100.0,2,HARDER
4,98.24,13.91,4,0,100.0,1,HARDER
16,77.65,29.56,25,5,56.79,5,SAME
16,83.45,28.57,23,3,81.89,5,HARDER
6,99.63,20.44,6,0,100.0,2,HARDER
4,79.64,14.07,6,1,96.6,1,SAME
6,74.97,24.02,9,2,84.09,2,SAME
4,100.0,12.77,4,0,100.0,1,HARDER
6,99.05,10.75,6,0,92.17,2,HARDER
9,69.28,41.68,17,4,55.67,3,EASIER
4,80.28,21.9,5,1,100.0,1,SAME
16,75.99,42.02,23,5,56.44,5,EASIER
9,72.57,20.93,14,3,57.13,3,EASIER
16,65.96,27.35,29,8,27.66,5,EASIER
16,78.77,28.3,24,4,64.05,5,EASIER
16,74.41,45.1,21,5,63.84,5,EASIER
12,93.96,19.97,14,1,90.5,4,HARDER
12,84.33,17.08,14,2,79.52,4,HARDER
4,82.6,11.51,6,1,93.96,1,HARDER
6,100.0,17.39,6,0,95.81,2,HARDER
9,98.88,14.0,10,0,94.49,3,HARDER
12,80.5,22.5,18,3,63.27,4,SAME
4,100.0,11.14,4,0,95.84,1,HARDER
16,79.42,42.72,23,4,64.48,5,SAME
4,99.21,10.23,4,0,100.0,1,HARDER
12,60.17,28.13,24,8,33.46,4,EASIER
12,74.05,33.71,16,4,66.63,4,EASIER
9,88.95,15.87,11,1,95.03,3,HARDER
9,81.37,27.45,12,2,80.93,3,SAME
6,98.27,14.51,6,0,100.0,2,HARDER
9,91.37,7.87,12,1,92.22,3,HARDER
6,100.0,12.96,6,0,100.0,2,HARDER
9,69.66,31.81,19,4,64.47,3,EASIER
12,80.74,24.79,19,3,67.51,4,SAME
16,73.31,50.5,28,6,32.54,5,EASIER
16,67.27,36.97,28,8,29.42,5,EASIER
6,85.85,16.74,7,1,81.41,2,HARDER
4,99.21,21.07,4,0,89.2,1,HARDER
16,79.81,26.81,22,4,55.55,5,EASIER
6,86.09,16.65,8,1,90.42,2,SAME
4,81.34,14.74,6,1,93.35,1,HARDER
9,99.92,17.21,13,0,91.87,3,HARDER
12,77.35,38.09,18,4,76.23,4,SAME
4,100.0,9.59,5,0,100.0,1,HARDER
12,85.88,15.89,15,2,75.38,4,SAME
4,68.05,21.39,6,2,90.32,1,SAME
12,84.5,22.56,16,2,79.72,4,HARDER
6,98.29,9.4,6,0,94.4,2,HARDER
6,75.63,13.58,9,2,80.36,2,HARDER
6,75.95,26.13,8,2,76.91,2,SAME
6,65.73,23.77,11,3,69.36,2,SAME
16,69.91,57.59,31,7,22.12,5,EASIER
12,69.6,24.83,17,5,74.86,4,EASIER
9,89.87,15.48,12,1,99.88,3,HARDER
9,64.2,28.25,17,5,58.85,3,EASIER
16,82.68,21.46,21,3,61.59,5,HARDER
9,82.15,30.4,13,2,90.4,3,HARDER
12,92.3,18.5,14,1,99.68,4,HARDER
6,85.37,18.26,7,1,83.06,2,HARDER
6,74.31,21.01,9,2,84.69,2,SAME
9,81.0,31.1,12,2,83.83,3,SAME
4,82.27,15.39,5,1,91.73,1,HARDER
9,81.92,20.59,16,2,79.89,3,HARDER
4,98.64,11.07,6,0,100.0,1,HARDER
4,79.52,19.09,5,1,88.45,1,HARDER
9,76.17,37.05,13,3,80.71,3,SAME
4,66.55,22.54,6,2,89.75,1,HARDER
12,65.87,57.37,21,6,53.6,4,EASIER
6,86.56,15.37,8,1,84.82,2,HARDER
16,95.45,17.86,17,1,100.0,5,HARDER
16,80.36,17.02,24,4,61.79,5,SAME
9,80.29,25.33,13,2,82.72,3,SAME
6,85.17,10.09,8,1,74.84,2,HARDER
9,82.36,24.51,12,2,71.08,3,HARDER
12,84.37,25.2,17,2,67.1,4,HARDER
16,88.95,29.28,19,2,86.01,5,HARDER
12,92.91,40.35,13,1,100.0,4,HARDER
16,94.15,32.7,18,1,93.17,5,EASIER
16,79.73,38.54,23,4,65.65,5,HARDER
16,78.67,31.87,23,4,66.46,5,SAME
16,84.62,40.54,21,3,85.79,5,HARDER
12,79.36,29.76,15,3,96.5,4,HARDER
12,100.0,22.73,12,0,93.28,4,HARDER
9,84.01,18.26,12,2,77.58,3,SAME
9,98.65,30.76,10,0,93.58,3,HARDER
16,89.13,39.9,20,2,98.61,5,HARDER
9,82.8,19.24,15,2,79.97,3,SAME
6,75.69,15.63,8,2,81.58,2,HARDER
9,80.95,31.62,13,2,81.98,3,SAME
9,74.22,26.63,19,3,65.61,3,SAME
4,100.0,14.45,4,0,90.08,1,HARDER
9,75.08,24.19,14,3,78.35,3,HARDER
16,60.43,71.47,30,10,13.1,5,EASIER
6,88.07,17.04,8,1,89.21,2,HARDER
6,85.04,18.25,8,1,85.88,2,HARDER
9,88.96,23.21,11,1,97.1,3,HARDER
6,85.42,9.14,8,1,76.51,2,HARDER
16,64.51,53.48,30,9,15.52,5,EASIER
6,100.0,12.82,6,0,100.0,2,HARDER
6,100.0,19.26,6,0,100.0,2,HARDER
6,85.32,17.32,8,1,85.06,2,HARDER
6,66.81,18.56,15,3,58.25,2,SAME
4,79.28,9.54,7,1,97.61,1,HARDER
4,100.0,7.43,5,0,100.0,1,HARDER
16,83.81,23.66,21,3,87.72,5,HARDER
4,80.51,24.16,5,1,98.25,1,HARDER
12,68.83,29.1,21,5,41.98,4,EASIER
16,72.54,25.41,27,6,31.68,5,EASIER
12,82.15,16.1,17,3,74.08,4,SAME
12,84.27,22.8,17,2,79.35,4,HARDER
9,81.4,13.66,11,2,89.95,3,SAME
4,99.11,13.11,4,0,100.0,1,HARDER
4,98.51,12.12,4,0,99.36,1,HARDER
12,55.16,42.83,25,10,28.12,4,EASIER
12,67.48,34.34,17,5,71.22,4,SAME
6,100.0,10.41,6,0,95.57,2,HARDER
6,85.62,21.42,7,1,82.67,2,HARDER
9,90.34,13.59,10,1,97.19,3,HARDER
4,79.49,10.95,5,1,96.45,1,HARDER
16,79.62,22.64,22,4,72.19,5,HARDER
16,80.86,27.83,20,4,71.8,5,SAME
9,74.35,35.7,14,3,76.29,3,EASIER
4,100.0,13.47,5,0,87.31,1,HARDER
6,100.0,14.06,6,0,100.0,2,HARDER
6,100.0,17.66,6,0,88.39,2,HARDER
4,99.09,11.13,5,0,100.0,1,HARDER
4,100.0,10.08,4,0,100.0,1,HARDER
4,79.25,11.62,7,1,86.36,1,HARDER
16,87.42,18.26,18,2,93.3,5,HARDER
12,79.38,31.95,16,3,73.8,4,EASIER
6,98.6,11.6,6,0,99.4,2,HARDER
4,98.64,8.91,4,0,99.85,1,HARDER
6,100.0,14.93,6,0,100.0,2,HARDER
9,76.41,19.99,15,3,82.76,3,HARDER
9,98.77,13.95,9,0,91.03,3,HARDER
9,74.59,18.82,14,3,71.16,3,EASIER
9,73.83,22.09,15,3,69.85,3,SAME
6,73.64,14.26,9,2,95.75,2,HARDER
9,100.0,8.72,10,0,99.62,3,HARDER
9,75.56,17.33,12,3,92.84,3,HARDER
12,67.59,36.85,23,6,30.63,4,EASIER
6,85.52,18.32,9,1,93.35,2,HARDER
9,88.96,22.52,10,1,96.48,3,HARDER
12,69.58,33.6,26,5,48.26,4,EASIER
6,100.0,11.76,6,0,97.32,2,HARDER
9,84.02,27.72,14,2,81.63,3,HARDER
12,84.58,23.17,15,2,80.0,4,HARDER
4,79.57,23.09,5,1,90.5,1,SAME
6,74.85,12.92,9,2,86.62,2,HARDER
9,73.85,23.41,14,3,76.92,3,EASIER
12,79.32,28.19,19,3,65.35,4,SAME
16,76.49,36.31,23,5,58.91,5,SAME
9,91.17,16.99,15,1,70.68,3,HARDER
12,76.9,36.49,18,4,65.82,4,SAME
6,100.0,9.73,6,0,100.0,2,HARDER
16,88.75,32.83,20,2,86.5,5,HARDER
12,74.64,19.89,18,4,60.7,4,SAME
9,81.79,23.76,12,2,77.69,3,HARDER
9,89.47,28.16,11,1,100.0,3,HARDER
4,98.07,10.27,4,0,98.25,1,HARDER
6,85.9,31.2,9,1,84.99,2,HARDER
4,80.55,18.85,5,1,85.39,1,SAME
9,82.15,19.26,13,2,88.31,3,SAME
4,67.08,14.05,9,2,93.49,1,SAME
9,89.78,24.04,12,1,95.12,3,HARDER
9,90.55,18.84,10,1,91.03,3,HARDER
6,86.6,24.67,8,1,84.48,2,HARDER
16,76.05,31.43,25,5,52.14,5,EASIER
16,84.35,27.27,22,3,66.91,5,HARDER
12,78.84,22.27,16,3,81.79,4,HARDER
16,65.23,62.58,28,8,31.45,5,EASIER
6,86.5,20.77,7,1,94.87,2,HARDER
12,87.33,20.78,15,2,69.32,4,HARDER
6,74.88,22.93,9,2,78.18,2,HARDER
4,100.0,11.75,4,0,100.0,1,HARDER
12,90.77,25.84,13,1,89.9,4,HARDER
12,100.0,17.22,13,0,100.0,4,HARDER
4,99.17,9.8,4,0,100.0,1,HARDER
4,80.08,11.65,6,1,93.96,1,HARDER
6,66.56,17.47,10,3,71.75,2,EASIER
12,82.43,35.65,16,3,69.09,4,SAME
6,60.76,27.5,12,4,68.9,2,EASIER
12,99.07,18.83,12,0,89.16,4,HARDER
6,100.0,16.22,6,0,96.51,2,HARDER
16,80.37,30.67,26,4,68.98,5,SAME
9,89.96,12.5,13,1,94.43,3,HARDER
9,100.0,14.37,10,0,93.42,3,HARDER
6,86.21,15.1,7,1,90.63,2,HARDER
9,74.71,38.52,14,3,82.61,3,SAME
12,80.76,34.46,19,3,63.74,4,SAME
16,66.97,30.11,29,8,20.19,5,EASIER
12,100.0,21.77,12,0,100.0,4,HARDER
6,98.36,9.93,7,0,95.94,2,HARDER
6,97.47,9.66,6,0,91.34,2,HARDER
4,66.29,17.99,8,2,70.15,1,SAME
6,87.76,12.38,9,1,93.25,2,EASIER
16,74.3,65.56,30,5,61.12,5,EASIER
12,84.55,18.49,16,2,92.0,4,HARDER
16,73.14,34.84,27,6,39.56,5,EASIER
6,100.0,10.7,6,0,88.44,2,HARDER
6,98.57,7.76,6,0,100.0,2,HARDER
9,79.54,19.19,13,2,74.94,3,HARDER
6,100.0,12.36,7,0,100.0,2,HARDER
4,100.0,8.82,4,0,94.01,1,HARDER
16,77.32,36.4,26,5,57.33,5,SAME
9,74.4,25.28,13,3,80.76,3,SAME
12,67.56,41.32,25,6,53.48,4,EASIER
4,100.0,13.13,4,0,100.0,1,HARDER
12,79.37,24.12,15,3,69.41,4,SAME
12,77.16,27.96,20,4,59.04,4,SAME
9,90.75,15.03,12,1,89.96,3,HARDER
6,72.98,16.31,9,2,87.18,2,SAME
9,83.18,38.35,11,2,85.42,3,HARDER
6,73.53,16.27,8,2,74.69,2,HARDER
12,100.0,24.99,14,0,97.56,4,HARDER
6,76.25,14.77,11,2,68.99,2,EASIER
9,63.25,34.95,17,5,57.18,3,EASIER
6,85.42,25.05,7,1,90.66,2,HARDER
6,86.93,18.37,8,1,98.81,2,HARDER
12,92.04,19.59,13,1,94.75,4,HARDER
6,98.61,12.18,6,0,100.0,2,HARDER
12,69.63,29.17,22,5,43.5,4,EASIER
12,81.05,25.88,18,3,89.62,4,HARDER
16,87.88,22.97,20,2,88.52,5,HARDER
6,97.79,17.06,6,0,100.0,2,HARDER
6,73.09,23.53,8,2,91.83,2,EASIER
4,100.0,12.4,4,0,87.95,1,HARDER
12,89.95,22.52,15,1,94.97,4,HARDER
16,75.75,22.11,28,5,49.94,5,EASIER
6,98.7,12.58,6,0,94.05,2,HARDER
12,66.18,34.53,20,6,50.6,4,EASIER
4,98.75,15.95,4,0,83.01,1,HARDER
4,68.02,14.42,7,2,81.37,1,SAME
16,95.48,21.84,18,1,98.78,5,HARDER
4,65.78,15.46,9,2,79.3,1,EASIER
4,98.44,8.22,4,0,100.0,1,HARDER
4,100.0,10.23,4,0,94.28,1,HARDER
12,81.46,20.31,16,3,76.44,4,HARDER
12,82.06,28.51,18,3,74.29,4,SAME
9,76.15,36.87,14,3,75.13,3,SAME
6,59.81,21.4,15,4,60.73,2,EASIER
6,74.67,15.65,9,2,86.91,2,SAME
12,79.22,26.45,15,3,73.93,4,HARDER
12,75.48,22.45,18,4,69.42,4,SAME
16,79.81,28.16,23,4,61.09,5,SAME
16,93.45,21.68,20,1,82.38,5,HARDER
4,81.5,11.6,6,1,93.28,1,HARDER
9,100.0,13.11,9,0,99.38,3,HARDER
4,100.0,9.88,4,0,100.0,1,HARDER
6,100.0,9.76,7,0,100.0,2,HARDER
4,100.0,11.75,4,0,99.18,1,HARDER
4,79.99,21.48,7,1,81.95,1,SAME
4,80.42,6.85,6,1,98.46,1,HARDER
4,98.63,19.53,4,0,100.0,1,HARDER
6,84.73,14.0,8,1,87.57,2,HARDER
6,86.03,19.69,8,1,85.86,2,HARDER
4,80.81,14.63,6,1,91.38,1,HARDER
9,83.91,24.26,12,2,78.64,3,HARDER
6,74.56,15.17,8,2,92.89,2,SAME
16,90.41,32.43,20,2,90.42,5,HARDER
4,80.57,16.79,6,1,97.77,1,HARDER
6,83.35,15.65,7,1,94.07,2,HARDER
12,91.97,14.55,14,1,84.76,4,HARDER
6,67.31,20.42,9,3,78.7,2,EASIER
9,97.2,19.75,10,0,100.0,3,HARDER
9,89.7,14.14,12,1,87.93,3,HARDER
16,76.19,21.74,22,5,74.09,5,SAME
4,100.0,14.04,4,0,100.0,1,HARDER
16,77.02,45.88,27,5,65.62,5,EASIER
4,64.95,14.91,6,2,72.83,1,SAME
6,83.47,12.38,9,1,96.14,2,HARDER
12,91.75,29.41,13,1,93.21,4,HARDER
4,99.17,18.06,4,0,100.0,1,HARDER
6,86.64,13.92,9,1,96.43,2,HARDER
12,79.84,22.79,19,3,72.79,4,SAME
12,92.62,22.39,13,1,100.0,4,HARDER
4,100.0,14.1,4,0,100.0,1,SAME
12,85.09,28.04,15,2,81.6,4,HARDER
4,100.0,15.22,4,0,100.0,1,HARDER
4,100.0,11.67,4,0,100.0,1,HARDER
9,99.05,13.15,9,0,100.0,3,HARDER
4,100.0,9.28,4,0,100.0,1,HARDER
4,80.31,14.05,5,1,94.31,1,HARDER
4,98.77,18.8,4,0,92.11,1,HARDER
6,100.0,10.65,6,0,98.86,2,HARDER
9,90.44,20.63,10,1,91.41,3,HARDER
16,78.25,25.9,24,5,64.7,5,SAME
9,82.44,21.3,12,2,73.78,3,HARDER
9,89.72,22.52,10,1,97.41,3,HARDER
4,100.0,11.22,4,0,95.23,1,HARDER
16,87.67,27.38,18,2,69.94,5,HARDER
16,72.5,23.34,28,6,37.62,5,EASIER
4,80.92,16.44,5,1,88.67,1,HARDER
9,90.68,24.88,11,1,91.19,3,HARDER
9,68.0,43.05,15,4,73.97,3,EASIER
4,57.19,29.25,10,3,65.8,1,EASIER
6,85.4,9.8,9,1,79.24,2,HARDER
9,100.0,13.03,9,0,88.06,3,HARDER
9,100.0,17.58,9,0,99.95,3,HARDER
12,81.17,36.14,20,3,73.34,4,SAME
6,86.66,11.56,9,1,100.0,2,HARDER
6,60.81,15.7,15,4,64.63,2,EASIER
9,82.16,12.09,12,2,86.98,3,HARDER
4,78.9,11.62,7,1,91.56,1,HARDER
4,100.0,18.71,4,0,92.09,1,HARDER
4,80.03,8.67,6,1,87.73,1,HARDER
4,100.0,12.51,4,0,94.85,1,HARDER
12,74.94,43.95,18,4,74.06,4,SAME
12,66.69,22.41,22,6,48.47,4,EASIER
9,89.13,22.96,12,1,100.0,3,HARDER
6,84.4,13.15,8,1,73.81,2,HARDER
9,91.47,23.9,10,1,95.88,3,HARDER
9,90.64,16.14,10,1,100.0,3,HARDER
12,92.1,18.63,14,1,91.29,4,HARDER
6,86.61,14.65,7,1,87.67,2,HARDER
16,67.56,37.38,31,8,42.22,5,EASIER
4,99.48,11.51,4,0,100.0,1,HARDER
12,78.35,37.36,15,3,89.98,4,HARDER
12,91.98,14.04,14,1,99.54,4,HARDER
9,74.3,36.1,12,3,76.47,3,EASIER
16,75.39,29.87,29,6,44.2,5,EASIER
9,69.74,24.12,18,4,67.26,3,EASIER
9,90.21,25.84,14,1,75.05,3,HARDER
16,74.72,49.04,31,6,42.18,5,EASIER
4,100.0,15.68,4,0,98.05,1,HARDER
6,85.36,10.16,7,1,100.0,2,HARDER
6,99.71,8.37,6,0,100.0,2,HARDER
4,100.0,9.76,4,0,100.0,1,HARDER
6,99.28,17.63,6,0,100.0,2,HARDER
6,84.66,16.69,8,1,91.18,2,HARDER
4,99.33,9.23,4,0,87.07,1,HARDER
6,76.22,14.09,9,2,88.26,2,HARDER
16,66.3,49.17,30,8,33.08,5,EASIER
16,72.1,42.07,25,6,50.43,5,EASIER
4,67.15,17.41,8,2,87.92,1,SAME
16,83.99,36.02,20,3,67.93,5,HARDER
6,76.8,18.67,12,2,77.08,2,SAME
16,63.69,38.58,34,9,12.23,5,EASIER
4,100.0,12.11,4,0,86.6,1,HARDER
12,79.51,35.61,22,3,83.61,4,SAME
6,98.57,15.16,7,0,98.05,2,HARDER
4,99.38,11.05,5,0,96.82,1,HARDER
4,79.93,15.62,6,1,100.0,1,HARDER
9,76.23,11.84,15,3,70.42,3,SAME
6,100.0,15.06,7,0,100.0,2,HARDER
16,84.43,44.8,22,3,83.17,5,HARDER
16,77.67,39.07,24,5,51.36,5,EASIER
6,75.57,10.09,8,2,87.28,2,HARDER
6,99.93,14.81,6,0,100.0,2,HARDER
12,87.44,40.33,16,2,76.32,4,HARDER
12,84.99,30.57,16,2,75.03,4,SAME
12,86.24,22.68,15,2,88.31,4,HARDER
9,99.52,12.06,9,0,82.53,3,HARDER
16,81.79,25.05,24,3,75.94,5,SAME
6,85.73,14.32,8,1,98.93,2,HARDER
6,100.0,20.98,6,0,100.0,2,HARDER
12,83.45,33.41,16,2,72.99,4,HARDER
6,85.2,20.87,7,1,94.79,2,HARDER
12,69.35,36.55,22,5,45.53,4,EASIER
6,85.96,17.08,7,1,100.0,2,HARDER
16,100.0,25.59,17,0,97.9,5,HARDER
6,85.31,16.89,9,1,100.0,2,HARDER
16,89.2,23.06,19,2,88.84,5,HARDER
6,100.0,8.62,6,0,100.0,2,HARDER
16,83.58,22.11,21,3,59.88,5,HARDER
4,100.0,9.56,5,0,90.0,1,HARDER
16,81.5,35.19,30,4,54.87,5,SAME
9,100.0,16.74,10,0,100.0,3,HARDER
9,88.84,18.83,12,1,83.23,3,HARDER
4,99.48,10.9,4,0,93.56,1,HARDER
6,74.95,10.6,9,2,86.8,2,HARDER
16,65.46,53.6,31,9,10.74,5,EASIER
6,84.67,15.2,7,1,87.97,2,HARDER
4,99.98,10.31,4,0,100.0,1,HARDER
6,100.0,11.84,6,0,100.0,2,HARDER
12,86.04,24.25,15,2,88.19,4,HARDER
6,85.93,8.48,7,1,98.53,2,HARDER
12,85.89,28.38,17,2,86.05,4,HARDER
12,75.13,33.83,19,4,66.65,4,SAME
9,68.6,19.56,16,4,53.04,3,SAME
4,99.64,11.89,4,0,98.46,1,HARDER
6,98.22,16.66,6,0,98.29,2,HARDER
16,64.72,58.68,37,9,4.61,5,EASIER
12,79.49,42.05,18,3,64.07,4,HARDER
4,100.0,12.66,4,0,100.0,1,HARDER
12,65.69,25.92,27,6,46.54,4,EASIER
6,73.89,14.86,10,2,69.1,2,SAME
4,99.17,10.27,4,0,97.28,1,HARDER
16,76.77,39.22,26,5,59.77,5,EASIER
6,73.79,25.75,8,2,87.52,2,SAME
9,81.23,24.5,13,2,76.97,3,HARDER
12,85.74,20.15,16,2,69.01,4,HARDER
6,84.49,15.83,9,1,83.24,2,HARDER
9,75.29,22.57,15,3,83.55,3,SAME
12,74.12,37.96,19,4,75.17,4,SAME
12,86.33,21.41,15,2,82.87,4,HARDER
6,76.94,39.44,11,2,68.68,2,EASIER
16,70.28,38.9,25,7,45.89,5,EASIER
4,98.72,10.04,4,0,89.66,1,HARDER
6,100.0,19.22,6,0,99.08,2,HARDER
4,100.0,10.85,4,0,100.0,1,HARDER
16,76.06,40.03,26,5,60.08,5,EASIER
12,72.65,37.79,18,4,79.54,4,SAME
4,77.74,11.1,5,1,92.17,1,SAME
16,81.35,30.97,23,4,75.82,5,SAME
9,75.05,15.7,12,3,79.85,3,HARDER
9,90.09,22.28,10,1,100.0,3,HARDER
9,83.38,13.69,15,2,70.55,3,HARDER
9,98.53,25.33,9,0,100.0,3,HARDER
12,70.23,20.63,21,5,57.45,4,EASIER
16,80.5,33.11,26,4,65.07,5,SAME
6,86.46,25.76,9,1,86.81,2,HARDER
6,100.0,19.12,6,0,95.55,2,HARDER
12,80.62,39.14,17,3,71.15,4,HARDER
6,85.97,18.6,8,1,95.47,2,HARDER
4,79.22,12.21,5,1,97.94,1,HARDER
16,68.29,34.09,26,7,40.07,5,EASIER
4,98.54,16.02,4,0,93.78,1,HARDER
6,76.86,27.03,9,2,69.94,2,SAME
6,86.63,12.28,7,1,97.12,2,HARDER
4,100.0,10.55,4,0,100.0,1,HARDER
16,89.5,31.07,19,2,87.34,5,HARDER
16,84.28,27.24,25,3,76.38,5,SAME
6,75.77,18.51,10,2,71.38,2,HARDER
9,100.0,14.73,10,0,100.0,3,HARDER
6,84.96,13.56,7,1,90.31,2,HARDER
16,94.05,32.86,19,1,87.96,5,HARDER
9,98.83,9.95,10,0,99.88,3,HARDER
12,75.05,29.84,23,4,57.84,4,EASIER
16,69.77,43.37,29,7,39.68,5,SAME
12,79.87,19.97,17,3,87.01,4,HARDER
6,99.13,12.51,8,0,97.18,2,HARDER
16,75.16,45.36,22,5,66.48,5,EASIER
4,98.08,13.26,4,0,100.0,1,HARDER
12,69.72,34.71,18,5,53.43,4,EASIER
4,79.15,15.01,5,1,100.0,1,HARDER
16,77.45,34.84,22,5,60.82,5,EASIER
6,100.0,20.98,7,0,94.05,2,HARDER
12,92.56,18.7,15,1,87.98,4,HARDER
6,99.07,14.54,6,0,100.0,2,HARDER
12,91.53,13.68,13,1,89.25,4,HARDER
9,64.11,20.77,16,5,64.05,3,EASIER
9,69.02,40.61,15,4,65.58,3,EASIER
9,89.73,30.26,12,1,93.38,3,HARDER
16,87.22,21.92,20,2,77.58,5,HARDER
12,86.62,27.68,14,2,78.67,4,HARDER
9,81.86,15.17,15,2,77.9,3,SAME
4,77.54,9.04,5,1,95.22,1,HARDER
6,74.31,15.13,10,2,85.02,2,HARDER
4,79.98,15.4,5,1,94.59,1,HARDER
16,64.18,25.78,33,9,14.99,5,EASIER
12,73.61,24.68,17,4,67.52,4,SAME
4,99.05,8.36,4,0,100.0,1,HARDER
16,66.67,51.44,31,8,38.31,5,EASIER
16,73.34,27.23,30,6,35.83,5,EASIER
12,74.58,26.82,20,4,79.36,4,SAME
9,90.2,22.22,10,1,100.0,3,HARDER
9,82.05,12.43,11,2,100.0,3,HARDER
4,78.8,14.39,5,1,87.6,1,HARDER
9,82.4,19.14,11,2,81.03,3,HARDER
16,75.71,34.86,25,5,63.2,5,EASIER
6,98.47,14.62,6,0,100.0,2,HARDER
16,75.79,36.76,30,5,42.59,5,EASIER
9,100.0,17.89,9,0,88.43,3,HARDER
12,92.96,11.42,13,1,100.0,4,HARDER
12,86.0,20.59,17,2,72.26,4,HARDER
16,70.37,31.16,27,7,39.42,5,EASIER
16,76.19,56.62,25,5,57.51,5,EASIER
6,85.94,13.23,7,1,100.0,2,HARDER
4,100.0,9.6,4,0,96.53,1,HARDER
16,66.53,50.82,30,8,34.5,5,EASIER
6,74.51,15.54,9,2,91.18,2,SAME
9,63.58,27.94,18,5,45.39,3,EASIER
4,99.81,9.8,4,0,95.53,1,HARDER
16,75.69,36.8,25,5,57.93,5,SAME
16,73.85,30.14,26,6,64.72,5,EASIER
16,88.65,32.3,18,2,91.33,5,HARDER
6,85.85,19.91,8,1,92.63,2,HARDER
9,89.58,21.98,10,1,83.69,3,HARDER
6,75.65,27.1,8,2,82.44,2,SAME
4,99.5,20.97,4,0,100.0,1,HARDER
4,79.43,17.24,7,1,78.46,1,HARDER
9,81.26,47.01,12,2,88.17,3,SAME
9,89.56,26.96,15,1,90.47,3,HARDER
9,80.97,24.57,15,2,89.14,3,HARDER
6,84.69,19.0,7,1,90.61,2,HARDER
9,90.96,19.9,11,1,94.18,3,HARDER
4,79.12,16.03,5,1,93.72,1,HARDER
9,81.08,21.39,13,2,80.29,3,HARDER
6,99.84,13.42,7,0,95.67,2,HARDER
9,98.78,16.07,11,0,97.14,3,HARDER
6,85.93,19.53,9,1,84.77,2,HARDER
4,80.05,16.26,7,1,84.06,1,HARDER
6,85.37,18.36,8,1,94.23,2,HARDER
9,69.34,14.29,16,4,68.88,3,EASIER
4,100.0,19.11,4,0,96.7,1,HARDER
4,77.89,13.49,5,1,100.0,1,HARDER
6,65.64,24.57,10,3,81.56,2,SAME
4,100.0,17.15,4,0,100.0,1,HARDER
16,77.42,32.7,23,5,69.66,5,EASIER
4,100.0,11.05,4,0,96.37,1,HARDER
9,100.0,15.58,9,0,99.91,3,HARDER
9,98.11,12.64,9,0,98.96,3,HARDER
9,75.78,37.54,14,3,67.82,3,EASIER
6,86.27,14.33,8,1,92.71,2,HARDER
16,73.67,42.4,25,6,45.08,5,EASIER
6,98.95,12.19,7,0,92.12,2,HARDER
4,100.0,10.24,5,0,97.23,1,HARDER
9,82.84,17.16,14,2,66.7,3,HARDER
4,81.99,14.69,6,1,95.87,1,HARDER
6,57.44,21.67,11,4,74.85,2,EASIER
12,71.31,33.36,23,5,51.77,4,EASIER
12,76.13,17.52,17,4,68.74,4,SAME
6,98.46,14.78,6,0,100.0,2,HARDER
16,76.68,30.7,27,5,63.2,5,EASIER
16,66.42,46.45,30,8,32.74,5,EASIER
4,100.0,14.21,4,0,100.0,1,HARDER
12,75.58,32.04,18,4,56.09,4,SAME
6,85.82,17.41,8,1,93.49,2,HARDER
16,80.16,30.34,22,4,71.48,5,SAME
9,80.75,11.93,13,2,74.1,3,HARDER
12,79.11,22.33,16,3,72.26,4,HARDER
9,90.4,22.16,10,1,96.82,3,HARDER
4,67.33,14.83,6,2,83.1,1,EASIER
4,99.36,9.67,5,0,89.92,1,HARDER
16,84.86,25.88,23,3,64.22,5,SAME
4,100.0,8.85,4,0,100.0,1,HARDER
16,68.67,35.13,28,7,49.04,5,EASIER
16,71.67,36.73,26,6,54.75,5,EASIER
9,89.35,18.73,10,1,93.53,3,HARDER
12,71.4,47.11,20,5,55.45,4,EASIER
9,81.32,39.85,11,2,75.94,3,HARDER
12,85.13,17.61,16,2,92.9,4,HARDER
4,80.2,18.52,5,1,90.12,1,HARDER
16,81.32,26.23,25,4,61.18,5,HARDER
6,98.96,15.42,8,0,95.99,2,HARDER
16,70.18,29.97,29,7,45.32,5,EASIER
9,65.5,40.33,19,5,50.81,3,EASIER
6,66.5,28.35,12,3,56.66,2,EASIER
16,71.04,34.66,30,6,36.58,5,EASIER
12,77.15,25.23,22,4,67.43,4,EASIER
12,66.17,30.62,20,6,41.2,4,EASIER
9,90.15,18.01,10,1,93.06,3,HARDER
6,87.52,14.11,9,1,85.69,2,HARDER
4,99.89,16.43,7,0,87.07,1,HARDER
12,79.56,22.73,16,3,98.36,4,HARDER
4,100.0,9.78,5,0,100.0,1,HARDER
6,55.29,35.16,15,5,56.81,2,EASIER
4,79.47,13.77,5,1,96.42,1,HARDER
4,99.12,11.99,4,0,98.41,1,HARDER
16,73.22,45.09,28,6,41.55,5,EASIER
6,75.54,9.13,8,2,90.32,2,SAME
4,78.83,15.98,5,1,93.65,1,HARDER
12,85.53,32.42,15,2,79.53,4,HARDER
4,99.51,12.23,4,0,97.1,1,HARDER
4,100.0,14.02,4,0,98.98,1,HARDER
16,75.81,36.65,25,5,66.04,5,EASIER
16,94.0,25.1,17,1,98.9,5,HARDER
9,90.05,36.19,11,1,82.19,3,HARDER
4,79.79,10.24,6,1,86.35,1,HARDER
16,75.16,35.95,27,6,44.36,5,EASIER
12,80.04,29.84,21,3,78.15,4,SAME
12,81.14,23.48,18,3,72.73,4,HARDER
12,84.47,18.71,14,2,99.75,4,HARDER
4,81.65,11.64,6,1,84.1,1,HARDER
12,93.4,23.2,13,1,92.33,4,HARDER
9,100.0,12.16,9,0,100.0,3,EASIER
6,85.31,16.31,8,1,97.97,2,HARDER
12,80.55,21.05,19,3,82.12,4,SAME
6,66.82,21.16,9,3,76.46,2,EASIER
12,86.42,22.52,15,2,81.53,4,HARDER
4,66.71,16.09,7,2,83.23,1,SAME
6,85.87,26.52,7,1,86.95,2,HARDER
4,99.92,15.53,4,0,100.0,1,HARDER
16,72.26,41.62,26,6,45.94,5,EASIER
12,70.02,45.33,22,5,60.08,4,EASIER
16,84.32,33.14,23,3,84.14,5,EASIER
16,69.39,38.26,32,7,32.81,5,EASIER
12,84.6,30.77,17,2,81.34,4,HARDER
4,98.77,16.81,5,0,97.96,1,HARDER
6,86.55,33.06,7,1,92.4,2,HARDER
16,80.1,27.74,23,4,78.2,5,SAME
6,99.15,12.54,6,0,97.47,2,HARDER
9,81.32,31.11,13,2,67.19,3,SAME
12,84.7,22.59,14,2,100.0,4,HARDER
12,100.0,17.31,12,0,99.04,4,HARDER
6,85.01,16.04,7,1,93.73,2,HARDER
16,82.88,30.86,20,3,80.61,5,HARDER
9,98.77,17.02,9,0,100.0,3,HARDER
4,99.49,7.79,4,0,100.0,1,HARDER
9,88.03,19.64,11,1,86.1,3,HARDER
9,98.98,18.94,9,0,100.0,3,HARDER
6,84.49,13.73,10,1,78.64,2,HARDER
4,99.89,9.0,4,0,98.89,1,HARDER
4,100.0,10.4,4,0,95.91,1,HARDER
16,89.44,23.72,20,2,77.88,5,HARDER
16,73.45,37.99,25,6,46.74,5,EASIER
12,59.54,30.19,25,8,29.79,4,EASIER
9,75.39,34.33,14,3,81.27,3,SAME
12,86.63,30.67,18,2,71.18,4,SAME
4,79.52,19.11,5,1,74.9,1,HARDER
9,90.24,21.85,13,1,87.05,3,HARDER
9,90.07,22.35,11,1,96.03,3,HARDER
16,76.95,24.69,25,5,52.42,5,EASIER
6,86.91,10.48,8,1,91.32,2,HARDER
6,73.93,15.55,12,2,78.58,2,SAME
16,62.82,49.23,27,9,35.22,5,EASIER
16,79.53,35.67,20,4,84.32,5,SAME
4,100.0,13.76,4,0,91.84,1,HARDER
6,76.06,15.69,8,2,95.55,2,HARDER
12,92.15,29.09,13,1,93.71,4,HARDER
4,80.24,10.33,6,1,100.0,1,HARDER
6,99.43,12.72,6,0,79.57,2,HARDER
12,74.66,24.2,16,4,65.18,4,SAME
12,70.6,21.66,21,5,69.57,4,EASIER
4,79.41,16.65,5,1,96.98,1,HARDER
6,100.0,12.66,6,0,100.0,2,HARDER
4,79.78,16.37,5,1,95.95,1,HARDER
12,68.99,24.78,19,5,48.26,4,EASIER
12,80.13,16.97,17,3,70.91,4,HARDER
16,93.06,21.15,18,1,100.0,5,HARDER
16,80.17,31.93,22,4,58.58,5,SAME
16,73.57,40.43,31,6,52.78,5,EASIER
9,92.08,32.31,10,1,94.16,3,HARDER
16,71.35,38.5,26,6,34.4,5,EASIER
9,100.0,16.36,9,0,91.99,3,HARDER
6,85.63,13.04,8,1,100.0,2,HARDER
16,94.06,24.49,20,1,99.6,5,HARDER
12,91.41,19.23,15,1,84.84,4,HARDER
12,80.03,13.19,17,3,65.57,4,SAME
6,84.97,31.24,7,1,100.0,2,HARDER
6,98.88,16.24,8,0,100.0,2,HARDER
16,75.91,35.59,28,5,62.66,5,EASIER
12,58.35,58.65,29,8,18.34,4,EASIER
12,73.86,32.77,20,4,57.26,4,EASIER
4,80.36,16.3,5,1,86.07,1,SAME
4,80.18,10.97,6,1,96.19,1,HARDER
4,99.28,6.28,4,0,100.0,1,HARDER
12,85.08,22.24,14,2,69.61,4,HARDER
6,100.0,17.78,6,0,100.0,2,HARDER
16,79.18,26.96,23,4,68.32,5,SAME
12,79.15,21.51,16,3,76.76,4,HARDER
4,67.19,13.11,8,2,75.97,1,EASIER
16,74.75,35.64,22,5,72.37,5,EASIER
12,86.49,17.28,17,2,84.68,4,HARDER
9,80.01,25.86,11,2,90.67,3,HARDER
4,98.44,16.79,4,0,100.0,1,HARDER
4,79.44,16.23,5,1,94.55,1,HARDER
16,87.42,27.04,21,2,85.76,5,HARDER
16,78.68,41.52,26,4,55.75,5,SAME
9,89.86,25.63,10,1,95.76,3,HARDER
9,68.58,31.67,14,4,74.47,3,EASIER
16,69.45,27.42,29,7,35.89,5,EASIER
12,75.23,19.46,19,4,65.17,4,SAME
4,99.65,9.99,4,0,100.0,1,HARDER
9,80.49,25.37,13,2,86.15,3,HARDER
9,69.48,30.96,16,4,62.89,3,EASIER
16,71.62,42.08,25,6,41.23,5,EASIER
6,74.03,17.0,8,2,84.56,2,HARDER
16,78.08,41.73,26,5,51.31,5,EASIER
16,89.37,23.11,19,2,85.6,5,HARDER
12,83.75,29.35,16,2,90.54,4,HARDER
16,85.0,39.62,24,3,69.74,5,SAME
9,98.1,14.29,10,0,98.12,3,HARDER
16,82.67,30.0,22,4,68.14,5,SAME
4,81.43,27.84,6,1,82.41,1,SAME
6,87.85,13.71,8,1,85.22,2,HARDER
16,83.22,33.2,20,3,84.49,5,SAME
16,60.88,47.82,34,10,18.64,5,EASIER
9,88.82,20.34,11,1,93.75,3,HARDER
4,100.0,24.21,5,0,91.9,1,HARDER
4,98.79,11.24,4,0,100.0,1,HARDER
9,82.35,20.56,12,2,87.9,3,SAME
12,93.23,23.11,13,1,93.59,4,HARDER
4,98.89,6.38,4,0,100.0,1,HARDER
6,72.72,20.37,8,2,78.93,2,SAME
6,100.0,23.16,6,0,100.0,2,HARDER
6,76.09,13.41,10,2,86.49,2,HARDER
12,91.77,27.36,13,1,97.05,4,HARDER
4,80.14,17.98,5,1,88.16,1,HARDER
6,85.48,13.29,7,1,92.11,2,HARDER
12,86.99,30.05,17,2,78.09,4,SAME
9,75.26,19.19,17,3,72.07,3,SAME
9,79.83,22.89,13,2,82.55,3,HARDER
9,90.22,17.77,12,1,76.86,3,HARDER
4,66.88,17.48,7,2,76.73,1,SAME
4,81.63,14.6,8,1,79.81,1,HARDER
9,83.03,34.24,12,2,81.52,3,SAME
6,99.97,11.6,7,0,100.0,2,HARDER
6,100.0,16.6,6,0,100.0,2,HARDER
16,81.33,29.6,24,4,57.41,5,SAME
6,83.94,19.73,8,1,97.1,2,HARDER
12,85.14,27.4,19,2,65.19,4,HARDER
9,59.39,31.76,18,6,44.77,3,EASIER
4,99.24,10.02,4,0,99.36,1,HARDER
9,80.68,25.36,12,2,86.46,3,HARDER
12,85.81,17.05,17,2,84.24,4,HARDER
16,77.41,35.72,22,5,51.93,5,EASIER
16,83.94,36.94,20,3,62.35,5,SAME
9,89.58,26.48,11,1,87.97,3,HARDER
16,81.36,22.17,22,4,67.9,5,HARDER
6,83.64,20.89,8,1,87.81,2,HARDER
12,71.03,39.81,23,5,60.92,4,EASIER
4,56.83,28.65,10,3,76.29,1,EASIER
4,100.0,16.66,4,0,99.62,1,HARDER
4,79.51,16.64,5,1,88.41,1,HARDER
9,82.51,18.45,12,2,91.52,3,HARDER
12,87.16,20.59,16,2,73.09,4,HARDER
6,84.31,16.71,8,1,83.93,2,HARDER
4,100.0,9.38,4,0,100.0,1,HARDER
6,84.45,11.27,8,1,95.18,2,HARDER
12,86.89,22.47,16,2,75.79,4,HARDER
16,80.41,37.76,24,4,62.51,5,SAME
16,68.48,39.24,30,7,49.36,5,EASIER
4,98.38,15.93,4,0,100.0,1,HARDER
4,80.47,14.81,5,1,100.0,1,HARDER
16,89.47,34.13,19,2,95.42,5,HARDER
9,99.87,16.3,9,0,93.62,3,HARDER
16,89.49,29.9,20,2,92.46,5,HARDER
9,83.72,23.96,12,2,68.57,3,HARDER
12,63.87,36.21,25,7,26.36,4,EASIER
6,85.46,15.43,7,1,95.96,2,HARDER
12,66.91,23.16,24,6,40.21,4,SAME
4,99.34,14.95,4,0,100.0,1,HARDER
4,79.74,11.49,6,1,87.19,1,HARDER
6,67.87,21.94,9,3,85.3,2,SAME
6,100.0,21.71,6,0,96.89,2,HARDER
4,99.65,13.97,4,0,100.0,1,HARDER
16,75.66,33.72,25,5,56.86,5,EASIER
16,76.8,42.25,26,5,50.5,5,EASIER
6,84.9,12.07,9,1,89.64,2,HARDER
12,68.88,28.52,20,5,74.05,4,EASIER
9,89.79,22.54,11,1,90.58,3,HARDER
9,74.95,26.34,15,3,58.83,3,SAME
4,78.77,13.77,6,1,90.22,1,HARDER
12,70.4,23.96,18,5,53.62,4,EASIER
16,79.7,30.12,27,4,60.17,5,SAME
12,80.54,15.37,17,3,64.2,4,SAME
9,73.87,32.15,13,3,88.6,3,SAME
16,88.88,29.01,23,2,72.67,5,HARDER
16,76.73,43.56,25,5,59.81,5,SAME
4,78.51,15.34,6,1,87.67,1,SAME
16,85.18,28.19,23,3,87.06,5,HARDER
4,100.0,10.34,4,0,93.0,1,HARDER
6,85.63,12.44,7,1,100.0,2,HARDER
4,100.0,9.59,5,0,87.22,1,HARDER
16,74.95,23.36,28,5,56.55,5,SAME
4,100.0,8.37,4,0,100.0,1,HARDER
4,65.72,17.38,6,2,79.58,1,EASIER
6,74.16,15.57,10,2,81.27,2,HARDER
9,99.41,18.68,9,0,100.0,3,HARDER
16,80.32,36.98,22,4,69.88,5,EASIER
4,79.08,11.71,5,1,100.0,1,HARDER
12,69.36,28.02,19,5,59.13,4,EASIER
9,82.76,18.19,15,2,77.8,3,HARDER
6,59.34,24.99,12,4,65.1,2,EASIER
9,90.49,18.46,11,1,88.68,3,HARDER
12,85.24,18.0,19,2,76.98,4,SAME
16,88.76,17.79,20,2,89.16,5,HARDER
12,75.27,26.41,24,4,52.52,4,SAME
6,75.51,14.98,8,2,100.0,2,HARDER
16,94.04,16.93,17,1,100.0,5,HARDER
12,84.84,20.7,17,2,87.87,4,HARDER
12,77.69,31.45,16,3,64.02,4,HARDER
16,69.4,25.45,28,7,34.45,5,EASIER
4,100.0,15.56,4,0,100.0,1,HARDER
9,80.77,27.38,12,2,78.96,3,SAME
12,87.15,18.9,15,2,89.76,4,HARDER
9,90.88,17.89,10,1,90.09,3,HARDER
6,85.68,26.58,7,1,74.38,2,HARDER
4,100.0,14.55,4,0,99.06,1,HARDER
6,99.91,16.33,6,0,98.22,2,HARDER
16,70.03,32.6,25,7,43.37,5,EASIER
16,69.73,42.52,28,7,47.26,5,EASIER
6,72.79,12.93,8,2,89.57,2,SAME
6,84.27,22.6,7,1,88.11,2,HARDER
4,100.0,14.45,4,0,91.56,1,HARDER
6,76.33,21.36,9,2,76.56,2,SAME
9,76.05,25.94,16,3,73.31,3,EASIER
6,85.29,14.2,9,1,94.98,2,HARDER
9,90.56,20.65,11,1,88.08,3,HARDER
9,88.92,17.76,11,1,83.98,3,HARDER
12,93.54,10.0,14,1,92.24,4,HARDER
6,74.89,20.6,11,2,84.77,2,SAME
9,80.84,18.98,13,2,74.7,3,SAME
4,81.52,16.23,5,1,83.85,1,HARDER
12,66.66,30.86,22,6,65.76,4,EASIER
6,85.3,17.35,8,1,95.95,2,HARDER
16,82.58,33.24,20,3,74.43,5,HARDER
4,80.5,21.62,5,1,78.13,1,HARDER
6,87.07,15.35,8,1,78.74,2,HARDER
12,91.04,14.74,16,1,87.1,4,HARDER
16,65.37,42.24,31,8,33.11,5,EASIER
6,87.03,12.91,7,1,94.72,2,HARDER
4,99.51,12.96,4,0,100.0,1,HARDER
12,71.52,29.05,21,5,53.23,4,EASIER
16,79.2,32.01,23,4,76.62,5,HARDER
9,90.9,20.94,12,1,91.76,3,HARDER
6,74.71,17.05,9,2,75.87,2,SAME
16,80.9,28.86,22,4,66.7,5,SAME
6,99.52,13.48,6,0,99.36,2,HARDER
4,100.0,28.04,4,0,100.0,1,HARDER
4,100.0,8.79,4,0,96.61,1,HARDER
12,81.73,27.1,17,3,61.98,4,SAME
6,100.0,17.84,6,0,97.41,2,HARDER
9,99.33,18.7,9,0,95.09,3,HARDER
9,75.37,31.78,15,3,87.37,3,SAME
12,97.89,22.67,12,0,100.0,4,HARDER
12,78.68,27.41,18,3,56.56,4,SAME
9,100.0,9.14,9,0,100.0,3,HARDER
16,75.9,41.99,25,5,64.24,5,EASIER
6,100.0,11.14,6,0,100.0,2,HARDER
9,80.45,14.34,11,2,91.07,3,HARDER
9,91.04,19.12,13,1,69.96,3,HARDER
9,81.57,21.75,12,2,86.85,3,HARDER
12,80.31,29.83,17,3,65.44,4,SAME
9,70.44,21.41,15,4,61.65,3,EASIER
9,74.24,34.87,13,3,68.09,3,SAME
12,86.0,25.67,14,2,71.7,4,HARDER
12,91.4,16.51,15,1,97.08,4,HARDER
9,81.58,14.12,12,2,85.27,3,HARDER
4,80.2,18.08,5,1,98.56,1,SAME
6,85.82,16.89,8,1,82.8,2,HARDER
4,98.88,10.66,4,0,96.09,1,HARDER
12,100.0,20.13,15,0,94.86,4,HARDER
12,84.73,42.71,15,2,76.94,4,SAME
4,98.89,10.25,4,0,100.0,1,HARDER
12,86.08,33.97,16,2,80.7,4,HARDER
16,71.52,35.87,26,6,47.79,5,EASIER
6,74.35,25.47,10,2,86.48,2,SAME
4,56.91,19.96,7,3,74.97,1,EASIER
9,89.83,17.93,10,1,95.87,3,HARDER
4,80.56,13.81,5,1,89.65,1,HARDER
16,87.67,29.03,23,2,79.26,5,HARDER
12,91.99,27.33,15,1,90.21,4,HARDER
4,78.83,15.9,5,1,93.04,1,HARDER
4,80.12,11.07,6,1,93.24,1,HARDER
12,77.59,24.71,18,3,70.3,4,SAME
6,75.61,10.88,9,2,87.62,2,HARDER
4,100.0,10.26,4,0,96.86,1,HARDER
9,80.33,19.52,13,2,88.22,3,HARDER
9,81.61,21.61,12,2,83.68,3,HARDER
16,72.68,43.71,24,6,53.16,5,EASIER
16,79.45,36.46,23,4,63.62,5,EASIER
6,99.4,12.19,6,0,93.41,2,HARDER
4,80.25,22.24,5,1,83.03,1,HARDER
12,80.1,28.8,17,3,83.99,4,HARDER
12,82.78,17.92,18,3,75.49,4,HARDER
4,80.03,11.81,8,1,86.47,1,HARDER
6,100.0,20.31,7,0,88.04,2,HARDER
4,80.89,19.71,6,1,80.09,1,SAME
16,79.9,30.25,23,4,62.41,5,SAME
12,79.93,25.02,19,3,69.47,4,SAME
12,69.54,29.12,21,5,52.42,4,EASIER
4,98.22,5.62,4,0,100.0,1,HARDER
12,75.8,22.41,20,4,70.39,4,EASIER
9,74.41,28.3,15,3,68.92,3,SAME
12,79.99,16.91,20,3,80.08,4,SAME
16,82.85,20.5,20,3,86.4,5,HARDER
4,79.51,10.07,8,1,74.26,1,HARDER
9,90.35,15.89,10,1,100.0,3,HARDER
4,98.86,14.84,4,0,100.0,1,HARDER
6,67.19,27.33,11,3,84.75,2,EASIER
4,99.56,16.54,4,0,95.79,1,HARDER
12,81.22,17.77,18,3,79.86,4,HARDER
6,100.0,14.75,6,0,98.65,2,HARDER
12,85.72,17.9,19,2,80.81,4,HARDER
16,83.27,31.33,22,3,75.73,5,HARDER
6,84.67,23.28,9,1,91.1,2,HARDER
9,100.0,20.86,9,0,100.0,3,HARDER
9,75.78,16.31,14,3,75.88,3,SAME
9,69.66,19.5,17,4,62.58,3,EASIER
9,100.0,13.16,10,0,100.0,3,HARDER
12,86.28,24.22,15,2,84.77,4,HARDER
12,93.27,22.97,13,1,97.77,4,HARDER
6,86.54,19.29,10,1,81.02,2,HARDER
9,91.97,27.01,10,1,84.12,3,HARDER
4,100.0,11.63,4,0,100.0,1,HARDER
16,65.02,47.68,38,9,14.53,5,EASIER
6,75.45,20.49,8,2,91.82,2,HARDER
6,100.0,14.41,6,0,97.13,2,HARDER
16,80.13,28.11,21,4,68.03,5,HARDER
12,100.0,28.87,12,0,90.64,4,HARDER
16,65.03,31.69,32,8,26.12,5,EASIER
4,78.99,10.83,5,1,93.77,1,HARDER
4,100.0,12.34,4,0,100.0,1,HARDER
16,95.0,29.44,18,1,80.75,5,HARDER
4,78.54,15.04,6,1,90.66,1,HARDER
9,89.43,16.72,10,1,83.96,3,HARDER
6,85.76,24.68,7,1,100.0,2,HARDER
9,62.64,50.21,17,5,41.36,3,EASIER
16,79.91,45.76,21,4,80.69,5,SAME
6,85.29,12.9,8,1,85.64,2,HARDER
12,72.05,42.57,22,5,62.87,4,EASIER
16,95.84,34.03,18,1,100.0,5,HARDER
6,100.0,12.72,7,0,97.36,2,HARDER
6,66.46,22.24,10,3,69.38,2,SAME
12,99.81,21.4,12,0,100.0,4,HARDER
12,78.5,24.72,21,3,65.02,4,SAME
16,79.91,31.94,22,4,68.48,5,SAME
4,100.0,9.7,4,0,98.14,1,HARDER
12,73.28,19.15,22,4,66.27,4,EASIER
16,75.6,28.31,24,5,71.11,5,SAME
6,83.92,21.03,11,1,95.94,2,HARDER
4,100.0,11.85,4,0,95.01,1,HARDER
4,99.23,11.64,4,0,100.0,1,HARDER
4,100.0,8.74,4,0,96.2,1,HARDER
12,86.56,32.56,14,2,89.67,4,HARDER
4,100.0,17.06,4,0,88.28,1,HARDER
12,72.2,31.31,18,4,73.89,4,EASIER
9,81.52,18.39,11,2,80.76,3,HARDER
4,79.55,9.83,6,1,90.44,1,HARDER
9,100.0,16.5,10,0,94.2,3,HARDER
9,99.36,16.47,9,0,100.0,3,HARDER
4,81.81,12.72,6,1,91.47,1,HARDER
9,99.92,13.68,10,0,100.0,3,HARDER
16,86.2,27.53,21,3,75.96,5,HARDER
16,84.79,24.06,23,3,70.83,5,SAME
6,100.0,8.65,6,0,98.77,2,HARDER
16,65.55,53.47,26,8,33.53,5,EASIER
4,97.69,12.21,5,0,100.0,1,HARDER
6,99.4,12.73,6,0,100.0,2,HARDER
9,61.16,31.5,21,6,54.39,3,EASIER
9,90.38,16.12,12,1,85.67,3,HARDER
12,80.42,25.39,16,3,75.46,4,SAME
12,91.03,26.71,14,1,97.19,4,HARDER
6,84.72,18.27,8,1,99.73,2,HARDER
16,80.17,26.81,24,4,64.22,5,HARDER
4,80.07,16.7,5,1,83.18,1,HARDER
4,65.07,21.27,7,2,100.0,1,EASIER
6,84.99,15.08,7,1,81.76,2,HARDER
16,87.2,41.73,20,2,86.11,5,HARDER
16,83.1,32.92,23,3,75.7,5,SAME
6,100.0,18.1,7,0,100.0,2,HARDER
12,86.2,42.74,15,2,100.0,4,HARDER
16,80.63,40.87,22,4,76.84,5,HARDER
9,81.86,17.61,12,2,82.14,3,HARDER
6,85.85,17.66,10,1,91.24,2,HARDER
9,76.31,15.9,16,3,68.85,3,SAME
12,85.5,28.77,16,2,77.08,4,HARDER
16,78.55,31.0,23,4,71.33,5,SAME
4,80.4,9.88,7,1,84.81,1,SAME
6,100.0,13.08,6,0,100.0,2,HARDER
16,80.18,27.35,20,4,82.47,5,HARDER
6,74.17,19.6,10,2,68.15,2,HARDER
4,81.4,12.47,6,1,97.62,1,HARDER
6,98.45,14.47,6,0,100.0,2,HARDER
12,79.22,16.79,18,3,82.97,4,SAME
9,77.46,15.6,13,3,69.67,3,SAME
9,65.23,31.22,14,5,69.1,3,EASIER
12,92.4,15.75,16,1,96.09,4,HARDER
12,66.84,26.85,24,6,36.32,4,EASIER
9,81.8,27.09,11,2,82.98,3,HARDER
9,88.67,17.72,10,1,85.5,3,HARDER
4,81.91,10.04,5,1,87.11,1,HARDER
16,89.41,40.97,21,2,76.3,5,HARDER
12,74.97,48.68,19,4,63.49,4,EASIER
9,98.61,14.3,10,0,95.28,3,HARDER
9,90.13,27.5,11,1,93.45,3,HARDER
9,74.5,21.24,15,3,64.28,3,EASIER
16,84.39,48.39,21,3,79.17,5,HARDER
16,73.99,43.06,25,6,47.81,5,EASIER
9,73.38,23.16,17,3,69.77,3,SAME
16,85.17,40.96,21,3,89.35,5,SAME
12,63.91,37.05,22,7,32.47,4,EASIER
4,100.0,10.6,4,0,90.51,1,HARDER
12,85.97,23.92,17,2,79.42,4,HARDER
6,100.0,15.27,6,0,99.83,2,HARDER
12,80.84,46.26,17,3,74.37,4,HARDER
4,79.82,10.12,5,1,94.24,1,HARDER
12,79.01,19.37,20,3,83.08,4,SAME
9,69.51,29.03,18,4,54.71,3,EASIER
9,88.89,18.27,11,1,93.73,3,HARDER
4,100.0,9.82,4,0,100.0,1,HARDER
12,85.11,24.97,15,2,73.39,4,HARDER
6,86.75,18.16,8,1,81.88,2,HARDER
9,90.35,16.57,11,1,84.68,3,HARDER
4,67.06,20.9,7,2,85.39,1,SAME
9,99.49,23.95,11,0,97.51,3,HARDER
4,99.41,15.44,4,0,100.0,1,HARDER
12,75.11,52.4,19,4,50.11,4,EASIER
6,84.95,12.71,7,1,100.0,2,HARDER
16,87.73,30.37,21,2,95.05,5,HARDER
4,100.0,13.43,4,0,100.0,1,HARDER
9,90.23,19.76,11,1,90.82,3,HARDER
16,79.91,33.3,23,4,75.54,5,HARDER
16,95.52,36.69,20,1,81.26,5,HARDER
4,79.97,11.45,5,1,100.0,1,HARDER
4,66.65,19.18,7,2,91.24,1,HARDER
6,75.9,17.84,9,2,66.33,2,EASIER
4,99.6,10.44,6,0,98.32,1,HARDER
9,90.11,17.37,10,1,100.0,3,HARDER
9,76.37,30.17,13,3,71.7,3,SAME
12,91.52,17.25,16,1,82.15,4,HARDER
6,98.51,12.82,7,0,100.0,2,HARDER
4,98.52,11.89,4,0,88.31,1,HARDER
12,79.22,24.03,17,3,82.47,4,SAME
12,67.29,40.34,26,6,49.91,4,EASIER
12,80.25,23.28,20,3,76.68,4,EASIER
9,89.14,16.76,10,1,97.3,3,HARDER
9,89.0,23.61,12,1,93.05,3,HARDER
6,74.86,12.93,8,2,83.69,2,HARDER
9,82.34,24.41,11,2,86.23,3,HARDER
9,70.62,24.92,18,4,64.0,3,EASIER
9,74.61,32.39,13,3,70.83,3,SAME
9,83.0,18.49,11,2,83.79,3,HARDER
16,77.14,59.29,25,5,70.8,5,EASIER
4,99.85,10.02,4,0,100.0,1,HARDER
4,100.0,12.5,4,0,98.2,1,HARDER
12,86.46,13.1,15,2,81.85,4,HARDER
16,89.19,30.31,21,2,72.73,5,HARDER
4,99.41,15.61,4,0,100.0,1,HARDER
9,99.94,18.19,10,0,100.0,3,HARDER
12,79.79,27.23,18,3,92.84,4,HARDER
12,78.14,36.57,16,3,70.5,4,SAME
12,81.44,36.63,19,3,79.77,4,SAME
12,92.5,22.13,14,1,89.02,4,HARDER
6,99.13,13.51,6,0,100.0,2,HARDER
4,65.83,15.78,6,2,97.38,1,EASIER
4,100.0,13.05,4,0,100.0,1,HARDER
6,66.43,21.52,15,3,61.82,2,EASIER
12,63.42,44.2,23,7,35.48,4,EASIER
12,75.5,20.91,18,4,65.32,4,SAME
4,67.96,20.91,7,2,86.01,1,SAME
12,78.81,57.17,17,3,80.29,4,SAME
16,88.85,18.2,20,2,88.63,5,HARDER
4,77.89,7.83,5,1,92.48,1,HARDER
9,91.15,16.85,13,1,89.36,3,HARDER
16,73.12,32.22,24,6,59.13,5,SAME
9,76.74,23.03,16,3,78.2,3,HARDER
12,85.52,18.22,16,2,92.96,4,HARDER
12,92.74,17.89,13,1,100.0,4,HARDER
4,78.88,10.55,6,1,93.54,1,HARDER
12,75.76,35.83,17,4,67.57,4,SAME
12,80.48,27.31,20,3,60.2,4,EASIER
9,74.82,21.99,14,3,71.87,3,SAME
9,81.84,28.9,12,2,69.14,3,HARDER
12,69.17,33.35,19,5,53.34,4,EASIER
4,79.77,16.44,6,1,93.68,1,HARDER
12,79.72,32.11,18,3,68.1,4,HARDER
6,86.55,17.31,7,1,100.0,2,HARDER
12,80.26,21.37,16,3,81.61,4,HARDER
9,100.0,16.11,10,0,100.0,3,HARDER
4,78.17,15.43,6,1,95.49,1,HARDER
9,91.63,26.42,11,1,96.05,3,HARDER
16,80.58,29.25,23,4,69.2,5,HARDER
12,85.37,13.19,17,2,89.69,4,HARDER
16,75.8,60.37,21,5,73.16,5,EASIER
9,99.81,14.24,9,0,96.79,3,HARDER
9,100.0,18.13,9,0,100.0,3,HARDER
12,86.66,43.96,17,2,92.97,4,HARDER
12,79.44,27.66,18,3,64.57,4,SAME
9,99.71,14.97,9,0,100.0,3,HARDER
16,96.34,30.41,18,1,95.76,5,HARDER
4,80.79,13.14,5,1,100.0,1,HARDER
12,91.44,19.48,15,1,88.77,4,HARDER
16,79.69,44.78,23,4,65.0,5,SAME
6,85.42,31.51,9,1,99.53,2,HARDER
12,80.28,28.53,17,3,73.74,4,HARDER
6,75.08,13.24,10,2,75.21,2,HARDER
16,78.19,20.98,25,4,65.65,5,SAME
4,100.0,14.77,4,0,89.22,1,HARDER
9,88.16,11.7,11,1,89.86,3,HARDER
16,90.1,18.32,20,2,78.45,5,HARDER
12,100.0,12.46,14,0,100.0,4,HARDER
16,68.8,32.12,27,7,44.35,5,EASIER
4,98.78,15.65,5,0,100.0,1,HARDER
4,81.63,10.98,5,1,100.0,1,HARDER
12,99.37,23.35,12,0,100.0,4,HARDER
9,89.99,25.37,12,1,87.87,3,HARDER
16,69.56,27.65,25,7,50.39,5,EASIER
4,100.0,10.82,5,0,100.0,1,HARDER
16,79.4,28.76,22,4,72.95,5,HARDER
9,81.96,17.21,12,2,79.06,3,HARDER
12,66.67,25.31,20,6,55.45,4,EASIER
12,80.71,23.66,20,3,81.09,4,SAME
4,99.71,9.08,4,0,99.46,1,HARDER
12,81.05,26.4,19,3,70.32,4,SAME
6,86.08,19.89,7,1,88.13,2,HARDER
6,100.0,18.14,6,0,99.98,2,HARDER
16,84.47,50.51,20,3,77.69,5,SAME
6,73.69,29.23,10,2,84.46,2,HARDER
4,78.35,8.91,5,1,100.0,1,SAME
12,74.89,19.83,22,4,64.11,4,SAME
4,98.72,10.62,4,0,91.94,1,HARDER
6,100.0,10.32,6,0,98.85,2,HARDER
6,99.29,11.98,6,0,92.36,2,HARDER
12,75.71,20.51,17,4,74.07,4,HARDER
6,73.3,13.49,10,2,79.37,2,HARDER
4,81.06,23.51,7,1,74.87,1,HARDER
4,81.34,12.64,5,1,84.46,1,HARDER
4,65.64,17.22,6,2,93.98,1,EASIER
9,80.02,16.04,11,2,86.81,3,SAME
16,83.76,28.39,25,3,77.89,5,HARDER
16,67.41,37.28,32,8,36.39,5,EASIER
12,79.48,34.24,18,3,61.29,4,SAME
12,82.39,26.29,19,3,53.83,4,HARDER
9,90.06,27.8,10,1,78.72,3,HARDER
12,91.76,22.39,14,1,100.0,4,HARDER
4,100.0,15.04,5,0,93.46,1,HARDER
12,75.79,13.74,20,4,50.69,4,EASIER
6,99.29,11.62,6,0,94.53,2,HARDER
9,88.56,18.45,10,1,97.47,3,HARDER
12,71.01,29.41,20,5,70.64,4,SAME
12,69.47,41.27,18,5,62.83,4,EASIER
4,66.97,18.01,7,2,68.75,1,SAME
9,90.32,14.35,10,1,86.41,3,HARDER
16,86.76,38.09,20,2,78.12,5,HARDER
16,74.62,25.7,23,5,62.55,5,EASIER
4,79.38,15.22,6,1,83.31,1,HARDER
9,75.02,14.01,14,3,71.93,3,EASIER
4,99.31,7.16,4,0,100.0,1,HARDER
12,85.66,25.55,17,2,78.64,4,HARDER
4,98.35,12.82,4,0,98.24,1,HARDER
12,98.93,14.84,12,0,100.0,4,HARDER
4,100.0,13.79,4,0,100.0,1,HARDER
16,69.2,53.0,27,7,54.63,5,EASIER
9,100.0,13.0,9,0,100.0,3,HARDER
16,76.18,31.61,23,5,61.83,5,SAME
6,85.77,12.48,7,1,100.0,2,HARDER
16,90.26,21.16,21,2,77.54,5,HARDER
16,75.25,45.2,23,5,46.06,5,SAME
4,100.0,9.99,4,0,100.0,1,HARDER
9,89.46,20.48,12,1,75.23,3,HARDER
6,100.0,16.92,6,0,100.0,2,HARDER
12,74.32,35.29,19,4,64.07,4,SAME
12,91.07,18.79,15,1,91.25,4,HARDER
12,84.56,18.14,18,2,81.69,4,HARDER
9,99.19,16.01,9,0,100.0,3,HARDER
6,87.44,9.65,7,1,93.87,2,HARDER
9,82.08,21.69,13,2,80.61,3,HARDER
16,79.2,32.95,24,4,57.11,5,SAME
4,99.33,10.67,4,0,98.72,1,HARDER
6,87.08,11.49,9,1,100.0,2,HARDER
16,76.57,45.01,23,5,58.29,5,EASIER
12,87.05,23.49,15,2,76.8,4,HARDER
12,66.81,37.69,21,6,60.07,4,EASIER
6,98.73,17.11,6,0,100.0,2,HARDER
9,81.4,14.75,14,2,64.32,3,SAME
16,80.44,36.8,20,4,71.68,5,SAME
16,79.36,31.75,23,4,59.63,5,SAME
4,98.36,12.15,4,0,100.0,1,HARDER
12,92.1,22.57,14,1,80.41,4,HARDER
12,74.51,20.28,17,4,77.34,4,EASIER
4,99.99,11.91,4,0,100.0,1,HARDER
9,89.72,22.3,11,1,84.55,3,HARDER
16,64.85,27.82,32,9,15.19,5,EASIER
6,99.84,11.94,6,0,83.32,2,HARDER
4,79.5,11.48,6,1,89.44,1,HARDER
12,84.93,29.59,14,2,82.55,4,HARDER
4,100.0,11.66,5,0,94.24,1,HARDER
16,73.42,32.56,24,5,47.62,5,EASIER
6,86.0,13.35,8,1,96.91,2,HARDER
9,74.24,34.99,14,3,75.12,3,SAME
9,98.05,18.07,9,0,95.25,3,HARDER
9,81.0,28.96,13,2,85.48,3,HARDER
12,92.73,24.93,13,1,91.29,4,HARDER
12,76.26,34.74,21,4,52.46,4,SAME
9,80.81,21.62,11,2,84.2,3,HARDER
4,100.0,6.91,4,0,98.64,1,HARDER
12,62.94,34.8,22,7,27.85,4,EASIER
16,66.23,31.48,31,8,26.03,5,EASIER
9,69.14,32.42,17,4,60.43,3,EASIER
4,100.0,9.61,4,0,100.0,1,HARDER
16,63.2,53.33,33,10,15.64,5,EASIER
12,84.15,23.76,16,2,95.99,4,HARDER
4,79.91,16.37,5,1,98.87,1,HARDER
9,98.57,16.54,9,0,100.0,3,HARDER
6,85.29,16.01,7,1,100.0,2,HARDER
12,70.03,33.67,21,5,50.31,4,EASIER
6,100.0,15.33,6,0,100.0,2,HARDER
6,84.45,27.77,8,1,86.07,2,HARDER
16,71.66,55.1,25,6,65.54,5,EASIER
12,74.68,45.43,20,4,50.62,4,EASIER
9,63.98,42.52,20,5,44.76,3,EASIER
6,74.48,13.39,9,2,98.42,2,SAME
4,56.74,14.88,9,3,86.92,1,EASIER
9,100.0,13.71,9,0,95.34,3,HARDER
6,87.29,14.92,9,1,78.25,2,HARDER
6,66.73,23.78,10,3,83.48,2,EASIER
6,76.7,16.2,8,2,82.45,2,HARDER
12,65.41,35.88,18,6,66.13,4,EASIER
4,100.0,17.06,4,0,94.73,1,HARDER
4,98.67,11.35,4,0,100.0,1,HARDER
4,59.05,19.99,7,3,68.41,1,EASIER
6,100.0,17.65,6,0,86.8,2,HARDER
16,63.31,66.82,35,9,5.05,5,EASIER
9,88.5,18.53,11,1,100.0,3,HARDER
9,70.3,24.01,15,4,76.8,3,EASIER
9,98.7,19.42,9,0,100.0,3,HARDER
9,80.9,17.44,14,2,70.84,3,HARDER
12,80.97,29.76,15,3,81.04,4,EASIER
12,85.66,17.15,17,2,72.04,4,HARDER
12,72.77,40.46,19,5,52.26,4,EASIER
16,76.03,24.0,29,5,56.38,5,EASIER
12,63.78,49.0,22,7,45.95,4,EASIER
16,83.83,20.1,22,3,79.64,5,HARDER
12,90.89,18.05,15,1,80.41,4,HARDER
9,90.97,13.91,10,1,96.55,3,HARDER
16,69.32,45.97,27,7,40.03,5,EASIER
4,99.67,14.24,4,0,100.0,1,HARDER
4,100.0,8.86,4,0,88.35,1,HARDER
12,71.04,27.19,21,5,56.93,4,EASIER
4,99.72,9.82,4,0,100.0,1,HARDER
4,100.0,7.36,4,0,100.0,1,HARDER
16,89.45,22.87,21,2,75.41,5,HARDER
4,80.56,14.17,6,1,100.0,1,HARDER
4,98.21,7.26,4,0,100.0,1,HARDER
4,79.78,12.57,6,1,82.51,1,HARDER
9,79.99,19.35,13,2,93.56,3,HARDER
16,83.32,24.54,21,3,74.34,5,HARDER
12,80.08,28.65,17,3,79.85,4,SAME
12,92.31,25.57,13,1,96.76,4,HARDER
6,100.0,9.72,9,0,100.0,2,HARDER
12,92.29,27.25,13,1,84.75,4,HARDER
12,75.14,29.53,21,4,69.31,4,SAME
16,76.74,19.77,22,5,56.71,5,EASIER
12,79.56,25.11,16,3,79.78,4,SAME
16,84.58,27.99,21,3,69.12,5,SAME
16,89.62,23.82,19,2,84.08,5,HARDER
6,75.74,20.13,8,2,84.69,2,SAME
12,92.83,20.66,17,1,90.94,4,HARDER
4,67.32,18.53,7,2,82.37,1,EASIER
6,85.28,18.2,7,1,94.16,2,HARDER
9,74.37,30.14,12,3,82.45,3,SAME
4,98.68,13.87,4,0,100.0,1,HARDER
16,75.84,43.74,26,5,57.01,5,EASIER
6,85.89,18.87,7,1,88.01,2,HARDER
4,99.86,14.07,4,0,92.26,1,HARDER
6,73.77,20.54,8,2,91.21,2,HARDER
6,98.78,13.44,6,0,100.0,2,HARDER
4,99.57,15.68,4,0,97.45,1,HARDER
9,99.97,13.6,9,0,100.0,3,HARDER
16,95.46,24.98,18,1,100.0,5,HARDER
4,100.0,13.91,4,0,98.78,1,HARDER
9,69.12,18.73,15,4,66.44,3,EASIER
6,100.0,8.43,6,0,97.59,2,HARDER
6,75.29,25.95,9,2,82.83,2,SAME
12,82.03,30.68,15,3,90.13,4,HARDER
12,70.44,26.65,25,5,49.77,4,EASIER
16,69.05,65.1,30,7,23.8,5,EASIER
4,80.46,14.17,6,1,98.74,1,HARDER
9,90.08,20.13,11,1,91.72,3,HARDER
16,75.49,24.81,24,5,47.51,5,EASIER
12,69.0,29.12,22,5,55.3,4,EASIER
12,66.42,35.05,23,6,26.35,4,EASIER
9,88.64,22.63,12,1,92.26,3,HARDER
4,100.0,8.97,4,0,100.0,1,HARDER
4,99.82,12.41,4,0,100.0,1,HARDER
9,89.5,19.28,10,1,100.0,3,HARDER
16,91.57,24.11,20,2,100.0,5,HARDER
6,100.0,11.21,6,0,92.05,2,HARDER
16,94.5,31.74,18,1,83.94,5,HARDER
6,85.1,18.79,7,1,98.12,2,HARDER
6,85.22,22.57,9,1,87.32,2,HARDER
12,85.91,16.9,14,2,85.67,4,HARDER
16,88.89,28.1,20,2,86.71,5,HARDER
9,75.76,26.76,14,3,74.92,3,HARDER
6,75.73,29.78,10,2,83.19,2,SAME
12,98.32,22.37,12,0,100.0,4,HARDER
4,77.44,19.89,5,1,94.99,1,HARDER
12,72.26,28.18,20,5,59.98,4,SAME
12,74.78,26.03,16,4,78.56,4,SAME
16,78.59,22.0,23,4,69.85,5,SAME
12,59.85,30.76,25,8,26.97,4,EASIER
6,73.99,13.23,8,2,93.08,2,HARDER
12,70.79,35.13,20,5,59.99,4,EASIER
4,99.89,13.99,4,0,100.0,1,HARDER
12,63.01,39.82,22,7,63.77,4,EASIER
16,75.96,72.12,24,5,61.61,5,SAME
9,98.85,17.27,9,0,100.0,3,HARDER
16,93.52,24.64,22,1,77.77,5,HARDER
6,100.0,20.95,6,0,100.0,2,HARDER
12,80.63,29.66,19,3,74.28,4,HARDER
4,100.0,11.36,4,0,100.0,1,HARDER
9,75.49,25.84,14,3,62.03,3,SAME
9,63.2,36.43,16,5,50.1,3,EASIER
4,100.0,9.37,4,0,100.0,1,HARDER
9,75.88,29.77,13,3,84.99,3,SAME
16,85.18,28.47,20,3,80.95,5,HARDER
4,100.0,16.12,4,0,99.76,1,HARDER
16,59.72,59.66,33,11,16.14,5,EASIER
9,81.54,22.63,12,2,86.37,3,HARDER
12,81.23,26.49,19,3,62.6,4,SAME
12,84.84,20.9,14,2,88.74,4,HARDER
6,99.31,12.9,6,0,98.6,2,HARDER
4,79.97,12.71,5,1,82.77,1,SAME
16,72.6,32.16,24,6,50.89,5,EASIER
16,84.55,40.15,21,3,65.61,5,HARDER
16,73.39,31.53,25,6,55.94,5,EASIER
6,99.16,12.64,6,0,100.0,2,HARDER
12,74.62,41.83,18,4,59.22,4,EASIER
16,78.08,18.2,24,4,65.0,5,EASIER
16,76.84,28.47,22,5,63.71,5,EASIER
4,98.48,11.74,4,0,100.0,1,HARDER
16,83.43,28.14,19,3,68.4,5,HARDER
6,100.0,20.87,6,0,100.0,2,HARDER
4,78.47,15.18,6,1,94.99,1,SAME
12,74.77,30.73,18,4,78.48,4,SAME
4,80.58,11.77,5,1,92.97,1,HARDER
4,65.96,22.35,6,2,90.17,1,EASIER
9,90.46,19.67,11,1,95.11,3,HARDER
9,81.45,19.81,16,2,72.83,3,SAME
6,99.56,16.42,6,0,100.0,2,HARDER
4,100.0,14.09,4,0,92.98,1,HARDER
4,99.84,8.4,4,0,100.0,1,HARDER
6,84.73,13.31,8,1,97.23,2,HARDER
12,78.53,23.82,16,3,77.64,4,SAME
6,66.98,15.61,9,3,75.65,2,EASIER
9,82.88,24.0,14,2,88.76,3,HARDER
16,71.8,62.25,26,6,53.38,5,EASIER
4,100.0,8.28,4,0,98.62,1,HARDER
4,80.5,13.18,5,1,98.71,1,HARDER
4,100.0,18.31,5,0,100.0,1,HARDER
16,84.36,32.35,23,3,82.79,5,HARDER
16,81.07,20.03,23,4,67.09,5,HARDER
12,94.39,19.0,14,1,99.19,4,HARDER
4,80.48,14.83,5,1,93.51,1,HARDER
9,81.0,9.81,12,2,78.83,3,HARDER
16,95.44,23.69,19,1,80.15,5,HARDER
12,84.78,24.69,14,2,86.94,4,HARDER
9,90.62,12.47,10,1,94.37,3,HARDER
4,79.29,9.52,5,1,96.46,1,HARDER
12,85.01,18.51,16,2,82.04,4,HARDER
4,100.0,11.17,4,0,94.23,1,HARDER
12,86.88,16.68,14,2,86.06,4,HARDER
6,100.0,23.35,7,0,100.0,2,HARDER
6,84.87,19.36,8,1,94.08,2,HARDER
16,66.8,46.77,30,8,25.35,5,EASIER
4,68.73,15.95,6,2,77.36,1,SAME
9,89.93,16.16,13,1,82.3,3,HARDER
12,87.48,19.57,15,2,76.25,4,HARDER
16,79.94,35.05,24,4,63.4,5,SAME
6,73.63,11.08,9,2,86.85,2,SAME
4,78.46,11.89,6,1,100.0,1,HARDER
12,85.01,29.17,17,2,78.71,4,SAME
4,98.28,16.03,4,0,88.71,1,HARDER
6,100.0,17.7,6,0,98.42,2,HARDER
16,72.1,28.98,24,6,56.53,5,SAME
12,66.19,33.02,23,6,48.33,4,EASIER
4,100.0,6.17,4,0,89.59,1,HARDER
6,100.0,9.91,6,0,100.0,2,HARDER
9,89.54,19.55,11,1,86.61,3,HARDER
6,74.89,23.37,10,2,67.33,2,SAME
16,79.97,25.15,21,4,71.77,5,HARDER
16,69.22,43.03,29,7,42.63,5,EASIER
6,85.82,16.27,7,1,90.31,2,HARDER
12,73.61,24.59,21,5,72.03,4,EASIER
9,69.78,23.29,15,4,69.32,3,EASIER
9,100.0,11.86,9,0,100.0,3,HARDER
9,72.82,29.57,13,3,74.2,3,HARDER
12,80.44,18.76,16,3,79.02,4,HARDER
12,84.62,20.35,15,2,98.23,4,HARDER
6,100.0,18.84,6,0,100.0,2,HARDER
9,75.85,29.8,13,3,79.83,3,EASIER
9,74.09,24.62,14,3,76.61,3,EASIER
12,78.33,24.24,19,3,55.72,4,SAME
4,100.0,15.21,4,0,100.0,1,HARDER
12,76.93,20.81,18,4,70.88,4,SAME
16,70.79,39.36,27,6,49.09,5,EASIER
16,75.05,41.47,24,5,55.8,5,EASIER
6,75.75,12.17,9,2,86.7,2,HARDER
6,85.09,16.08,8,1,87.44,2,HARDER
6,75.71,14.8,11,2,90.42,2,HARDER
9,75.74,17.74,15,3,71.15,3,HARDER
9,80.96,13.88,14,2,90.4,3,HARDER
12,71.49,31.03,24,5,38.22,4,EASIER
16,76.28,36.57,24,5,65.18,5,SAME
12,100.0,22.46,14,0,100.0,4,HARDER
16,83.97,34.88,20,3,77.74,5,HARDER
4,100.0,8.74,4,0,100.0,1,HARDER
6,100.0,12.44,6,0,98.27,2,HARDER
9,63.75,51.24,16,5,50.05,3,EASIER
12,90.82,22.17,14,1,94.35,4,HARDER
6,84.16,10.97,8,1,97.55,2,HARDER
16,66.16,34.54,31,8,22.89,5,EASIER
16,79.34,25.78,21,4,63.29,5,HARDER
9,82.23,19.41,12,2,77.1,3,HARDER
12,66.96,26.22,24,6,31.8,4,EASIER
12,85.62,14.85,14,2,76.33,4,HARDER
4,66.72,17.96,8,2,88.0,1,SAME
9,82.62,24.06,15,2,79.92,3,SAME
12,75.14,22.41,18,4,69.69,4,SAME
4,99.71,10.27,4,0,92.44,1,HARDER
12,81.25,18.26,17,3,74.24,4,SAME
4,80.52,10.39,5,1,84.97,1,HARDER
9,72.36,29.22,14,3,80.34,3,SAME
16,77.63,29.52,23,5,63.87,5,EASIER
6,73.54,11.25,10,2,82.85,2,SAME
6,85.3,18.4,7,1,100.0,2,HARDER
6,85.99,12.33,8,1,90.99,2,HARDER
6,74.84,27.76,8,2,93.47,2,SAME
16,84.03,37.42,22,3,67.85,5,HARDER
6,100.0,8.02,6,0,87.42,2,HARDER
9,99.78,9.64,9,0,100.0,3,HARDER
12,67.65,27.27,21,6,70.31,4,EASIER
9,82.33,15.79,12,2,76.49,3,HARDER
16,72.12,67.3,31,6,41.21,5,EASIER
6,99.26,20.23,6,0,93.88,2,HARDER
9,81.43,14.62,13,2,80.82,3,HARDER
4,99.17,9.21,4,0,100.0,1,HARDER
12,93.22,26.25,14,1,92.16,4,HARDER
12,92.21,19.83,13,1,96.5,4,HARDER
4,99.95,13.19,4,0,100.0,1,HARDER
12,100.0,21.18,13,0,87.14,4,HARDER
4,99.89,13.63,4,0,93.77,1,HARDER
9,89.13,16.7,10,1,91.02,3,HARDER
9,88.44,20.42,12,1,81.83,3,HARDER
6,84.45,12.39,7,1,82.13,2,HARDER
9,91.99,27.11,11,1,100.0,3,HARDER
6,100.0,15.84,7,0,95.85,2,HARDER
6,99.92,15.05,6,0,100.0,2,HARDER
6,67.24,19.42,9,3,68.78,2,EASIER
4,98.85,11.72,4,0,99.04,1,HARDER
6,86.28,13.57,7,1,100.0,2,HARDER
9,75.27,18.06,14,3,95.87,3,HARDER
6,74.36,14.8,9,2,85.87,2,SAME
4,79.31,10.77,5,1,96.6,1,HARDER
4,98.87,10.96,4,0,100.0,1,HARDER
6,98.76,12.28,6,0,87.33,2,HARDER
16,84.3,16.69,23,3,69.27,5,SAME
16,63.75,43.15,36,9,14.37,5,EASIER
12,85.53,32.58,15,2,90.04,4,HARDER
16,70.61,44.43,30,7,25.4,5,EASIER
16,89.13,25.96,19,2,88.48,5,HARDER
4,99.82,10.91,4,0,100.0,1,HARDER
12,85.52,30.96,17,2,89.71,4,HARDER
4,77.68,11.08,5,1,89.4,1,EASIER
12,79.71,27.06,17,3,75.06,4,SAME
16,66.99,30.86,26,8,40.92,5,EASIER
9,74.21,15.23,12,3,84.81,3,SAME
6,100.0,12.11,7,0,91.9,2,HARDER
12,78.84,28.35,18,3,72.8,4,SAME
4,99.32,16.11,4,0,100.0,1,HARDER
4,66.59,16.18,6,2,82.95,1,SAME
4,99.22,11.47,4,0,98.96,1,HARDER
4,66.78,24.29,6,2,85.19,1,SAME
6,100.0,18.07,7,0,98.06,2,HARDER
9,82.98,17.74,12,2,92.95,3,HARDER
4,79.26,25.21,5,1,99.32,1,HARDER
4,66.66,20.04,8,2,70.21,1,SAME
12,79.03,13.7,17,3,82.14,4,HARDER
16,80.08,51.18,22,4,68.29,5,SAME
6,83.74,18.87,9,1,92.21,2,HARDER
6,85.92,21.82,7,1,93.57,2,HARDER
6,99.72,13.96,6,0,100.0,2,HARDER
12,55.6,43.62,28,9,23.84,4,EASIER
9,80.94,24.16,12,2,94.11,3,HARDER
6,100.0,12.58,7,0,89.07,2,HARDER
12,67.52,30.61,24,6,44.04,4,EASIER
6,73.69,19.85,9,2,78.68,2,HARDER
16,74.32,28.04,22,5,63.54,5,SAME
16,71.66,59.11,26,6,40.88,5,EASIER
6,86.18,14.05,7,1,100.0,2,HARDER
16,94.95,16.65,18,1,100.0,5,HARDER
6,75.12,24.81,10,2,79.32,2,HARDER
4,100.0,10.64,4,0,90.26,1,HARDER
6,84.91,7.95,9,1,87.45,2,HARDER
16,72.61,32.41,24,6,47.3,5,EASIER
9,88.79,13.51,11,1,99.15,3,HARDER
16,90.16,18.49,18,2,80.97,5,HARDER
9,73.12,29.15,13,3,79.52,3,SAME
12,93.37,19.32,13,1,93.17,4,HARDER
9,100.0,17.57,9,0,87.86,3,HARDER
4,100.0,13.29,4,0,92.01,1,HARDER
4,99.64,10.83,4,0,92.15,1,HARDER
4,81.31,9.6,8,1,94.29,1,HARDER
9,90.42,21.7,10,1,99.6,3,HARDER
12,92.43,19.03,14,1,91.14,4,HARDER
4,65.97,22.89,6,2,85.05,1,SAME
12,81.1,38.76,20,3,61.22,4,SAME
16,73.5,29.36,26,6,56.6,5,EASIER
12,65.99,30.91,20,6,46.65,4,EASIER
12,86.92,25.57,17,2,74.27,4,SAME
4,79.88,17.69,5,1,90.04,1,HARDER
9,90.02,13.03,13,1,97.41,3,HARDER
16,65.83,58.81,29,9,12.12,5,EASIER
9,65.46,28.84,16,5,57.84,3,EASIER
12,79.24,23.74,16,3,75.25,4,HARDER
12,86.12,23.27,15,2,86.44,4,HARDER
6,76.18,21.98,9,2,64.71,2,SAME
9,100.0,15.19,9,0,100.0,3,HARDER
4,80.69,9.29,5,1,96.36,1,HARDER
9,90.57,15.56,11,1,99.57,3,HARDER
4,55.8,18.06,12,3,52.54,1,EASIER
9,80.9,20.29,11,2,65.87,3,HARDER
4,79.38,12.44,7,1,84.17,1,SAME
16,88.57,22.08,23,2,69.5,5,HARDER
6,85.97,26.16,8,1,92.65,2,HARDER
4,79.35,11.56,7,1,91.74,1,HARDER
9,65.16,32.02,20,5,55.68,3,EASIER
16,78.83,34.74,26,4,66.25,5,EASIER
16,64.98,32.23,27,8,35.42,5,EASIER
4,99.14,17.32,4,0,96.83,1,HARDER
6,87.09,15.35,9,1,87.42,2,HARDER
12,91.65,23.31,15,1,87.63,4,HARDER
12,99.37,25.49,13,0,100.0,4,HARDER
16,76.41,30.92,26,5,51.28,5,EASIER
4,100.0,9.34,4,0,100.0,1,HARDER
12,79.16,19.64,18,3,88.17,4,SAME
6,100.0,14.49,6,0,100.0,2,HARDER
4,98.14,10.68,4,0,96.05,1,HARDER
9,81.02,34.31,12,2,91.18,3,HARDER
12,79.47,26.67,15,3,74.48,4,HARDER
4,68.47,18.62,7,2,86.6,1,SAME
16,71.1,72.65,23,7,51.51,5,EASIER
9,74.35,30.61,13,3,75.24,3,SAME
4,78.17,21.2,5,1,92.88,1,HARDER
16,84.65,30.39,23,3,65.84,5,HARDER
6,99.14,7.62,7,0,90.23,2,HARDER
16,84.32,32.85,20,3,77.27,5,HARDER
16,61.15,73.95,29,9,24.21,5,EASIER
16,72.26,42.17,26,6,52.03,5,EASIER
9,100.0,19.98,9,0,100.0,3,HARDER
6,85.21,18.92,8,1,94.97,2,HARDER
6,59.31,15.8,13,4,70.81,2,EASIER
9,76.39,22.36,14,3,78.38,3,HARDER
12,76.19,34.96,18,4,69.73,4,SAME
4,100.0,14.18,4,0,92.51,1,HARDER
9,82.52,20.81,14,2,96.5,3,HARDER
16,71.04,26.34,25,7,37.25,5,EASIER
4,97.34,9.75,4,0,100.0,1,HARDER
12,100.0,24.02,12,0,95.8,4,HARDER
6,100.0,12.02,6,0,100.0,2,HARDER
9,81.71,29.84,13,2,82.26,3,HARDER
6,100.0,13.15,6,0,100.0,2,HARDER
9,100.0,16.83,9,0,95.23,3,HARDER
12,81.59,22.11,21,3,73.45,4,SAME
9,90.33,19.87,11,1,76.9,3,HARDER
16,75.38,36.14,23,5,57.93,5,EASIER
9,72.76,27.37,14,3,67.61,3,EASIER
16,74.07,28.62,24,5,65.96,5,EASIER
9,68.62,22.26,14,4,67.24,3,SAME
12,74.27,41.55,17,4,54.82,4,EASIER
4,99.94,15.11,4,0,100.0,1,HARDER
12,78.55,18.17,20,3,54.64,4,SAME
6,75.74,17.26,8,2,89.34,2,HARDER
4,99.89,11.14,4,0,90.7,1,HARDER
6,75.31,16.53,9,2,73.43,2,HARDER
4,99.15,8.57,4,0,95.65,1,HARDER
12,81.48,28.91,19,3,65.24,4,SAME
4,99.73,14.72,4,0,97.19,1,HARDER
9,90.92,20.43,12,1,97.31,3,HARDER
4,78.4,10.11,6,1,87.49,1,HARDER
4,81.0,7.52,6,1,93.72,1,HARDER
16,80.25,17.16,22,4,73.66,5,SAME
16,94.86,22.31,18,1,100.0,5,HARDER
12,86.46,32.62,16,2,88.21,4,HARDER
4,99.25,11.18,4,0,98.66,1,HARDER
16,57.91,41.47,36,11,6.74,5,EASIER
6,85.49,15.81,8,1,90.15,2,HARDER
6,85.54,14.54,7,1,92.72,2,HARDER
9,77.09,24.94,16,3,74.53,3,SAME
4,81.03,8.33,5,1,100.0,1,HARDER
16,68.71,39.54,27,8,23.26,5,EASIER
16,85.52,30.93,20,3,74.7,5,HARDER
4,100.0,10.04,4,0,100.0,1,HARDER
16,80.48,25.5,24,4,57.26,5,SAME
9,90.23,15.44,10,1,87.98,3,HARDER
6,74.45,28.54,11,2,87.92,2,EASIER
6,100.0,15.35,6,0,100.0,2,HARDER
12,85.77,20.3,16,2,77.08,4,HARDER
16,79.55,37.62,24,4,75.85,5,EASIER
16,79.34,22.61,22,4,63.64,5,SAME
6,99.12,22.48,6,0,100.0,2,HARDER
6,86.57,10.41,7,1,86.71,2,HARDER
16,73.3,23.87,25,5,58.65,5,SAME
4,100.0,11.58,4,0,94.86,1,HARDER
9,90.4,13.5,11,1,86.95,3,HARDER
9,82.57,15.84,14,2,89.39,3,HARDER
4,100.0,11.3,4,0,100.0,1,HARDER
9,87.66,18.42,13,1,79.66,3,HARDER
16,95.01,21.69,19,1,99.61,5,HARDER
9,89.82,19.5,11,1,91.59,3,HARDER
16,79.81,59.29,24,4,70.54,5,SAME
12,75.51,18.91,17,4,71.8,4,HARDER
9,88.64,11.73,10,1,100.0,3,HARDER
4,99.4,17.63,5,0,100.0,1,HARDER
16,75.92,28.9,22,5,70.24,5,EASIER
4,100.0,14.27,4,0,98.87,1,HARDER
4,99.74,11.98,4,0,100.0,1,HARDER
6,98.43,10.65,6,0,100.0,2,HARDER
9,89.66,20.8,11,1,94.23,3,HARDER
16,70.18,48.23,24,7,43.02,5,EASIER
4,78.72,11.29,5,1,85.99,1,SAME
12,87.47,30.92,16,2,80.47,4,HARDER
4,99.06,19.08,4,0,95.98,1,HARDER
12,93.35,29.17,15,1,100.0,4,HARDER
6,99.89,17.92,6,0,100.0,2,HARDER
6,85.3,18.39,7,1,95.55,2,HARDER
12,87.91,33.71,14,2,75.72,4,HARDER
6,88.45,17.74,8,1,88.78,2,HARDER
6,98.23,15.11,6,0,93.54,2,HARDER
9,100.0,11.16,9,0,100.0,3,HARDER
4,79.23,10.89,5,1,94.84,1,HARDER
9,90.74,30.1,12,1,92.49,3,HARDER
16,84.08,29.23,19,3,74.03,5,SAME
9,75.63,21.53,15,3,65.09,3,HARDER
12,66.48,46.59,24,6,50.46,4,EASIER
6,83.88,13.32,8,1,95.84,2,HARDER
4,99.32,8.92,4,0,100.0,1,HARDER
16,84.89,31.79,20,3,78.75,5,HARDER
16,75.69,32.27,25,5,60.36,5,HARDER
9,90.81,14.52,14,1,76.8,3,HARDER
9,81.3,28.64,13,2,86.19,3,HARDER
12,93.22,30.25,14,1,94.98,4,HARDER
6,85.57,18.77,7,1,95.83,2,HARDER
12,91.44,22.12,16,1,89.54,4,HARDER
4,80.65,8.86,5,1,100.0,1,HARDER
4,81.12,13.37,5,1,85.79,1,HARDER
12,79.17,21.01,16,3,71.33,4,SAME
6,85.01,14.08,7,1,89.97,2,HARDER
4,100.0,12.22,4,0,100.0,1,HARDER
9,76.5,18.39,13,3,65.5,3,HARDER
16,68.93,22.27,28,7,38.18,5,EASIER
6,87.2,14.34,7,1,94.56,2,HARDER
9,88.93,17.34,10,1,100.0,3,EASIER
16,75.65,38.87,25,5,52.2,5,EASIER
6,75.18,24.13,10,2,72.44,2,SAME
6,75.88,22.93,8,2,84.51,2,SAME
4,67.42,14.06,6,2,84.64,1,SAME
6,85.5,13.17,7,1,84.54,2,HARDER
6,87.65,17.34,7,1,99.88,2,HARDER
12,74.6,18.57,20,4,58.33,4,EASIER
9,87.95,17.13,11,1,86.97,3,HARDER
6,85.33,13.48,7,1,84.09,2,HARDER
16,84.08,35.81,23,3,49.43,5,SAME
9,81.63,28.74,16,2,85.97,3,HARDER
6,86.33,32.4,7,1,82.25,2,HARDER
9,75.77,21.77,13,3,69.79,3,SAME
16,72.93,28.16,23,6,61.45,5,EASIER
4,98.4,17.05,4,0,100.0,1,HARDER
16,84.11,24.51,26,3,70.44,5,HARDER
4,79.57,16.97,6,1,89.35,1,HARDER
9,98.9,10.34,9,0,100.0,3,HARDER
16,68.55,77.3,25,8,46.33,5,EASIER
16,88.12,20.48,20,2,82.88,5,HARDER
9,100.0,14.57,10,0,98.47,3,HARDER
4,67.83,16.68,6,2,89.24,1,SAME
12,75.31,28.32,17,4,68.0,4,HARDER
4,80.53,23.91,5,1,93.11,1,HARDER
16,76.3,43.97,23,5,64.99,5,EASIER
6,59.23,26.14,11,4,72.0,2,EASIER
16,74.55,27.05,28,6,50.22,5,HARDER
16,81.53,32.27,20,4,53.38,5,SAME
4,100.0,9.64,4,0,100.0,1,HARDER
16,71.97,37.21,28,6,30.69,5,EASIER
6,99.87,15.2,6,0,100.0,2,HARDER
12,90.63,22.63,13,1,84.43,4,HARDER
6,100.0,13.51,6,0,100.0,2,HARDER
16,70.42,33.53,31,7,46.25,5,EASIER
6,73.51,12.78,9,2,94.42,2,SAME
4,99.28,8.45,4,0,100.0,1,HARDER
9,75.78,11.94,17,3,69.25,3,SAME
16,63.93,45.47,29,9,31.3,5,EASIER
4,100.0,13.03,4,0,97.58,1,HARDER
6,73.57,30.51,10,2,74.58,2,SAME
6,86.2,21.11,7,1,89.67,2,HARDER
6,100.0,19.82,7,0,100.0,2,HARDER
4,80.72,11.74,5,1,93.89,1,HARDER
12,75.21,20.21,19,4,58.02,4,EASIER
6,74.39,20.01,10,2,80.75,2,EASIER
16,78.63,46.02,24,4,59.05,5,EASIER
4,99.55,11.93,4,0,100.0,1,HARDER
6,84.49,16.94,7,1,97.42,2,HARDER
4,99.7,10.91,4,0,93.04,1,HARDER
4,100.0,9.37,4,0,100.0,1,HARDER
4,99.91,12.28,4,0,87.87,1,HARDER
9,91.34,17.41,10,1,80.3,3,HARDER
6,68.12,23.71,12,3,70.52,2,EASIER
6,100.0,10.8,9,0,94.09,2,HARDER
6,99.27,15.54,6,0,100.0,2,SAME
4,56.64,14.58,8,3,77.26,1,EASIER
12,80.64,46.73,19,3,66.31,4,SAME
9,69.61,19.32,13,4,78.84,3,HARDER
16,89.31,35.88,22,2,83.95,5,HARDER
16,85.43,27.92,20,3,85.05,5,HARDER
6,100.0,20.14,6,0,99.95,2,HARDER
12,88.93,31.98,16,2,86.51,4,HARDER
4,78.59,10.95,6,1,90.61,1,HARDER
6,84.37,13.24,7,1,84.46,2,HARDER
16,78.83,26.54,22,4,82.65,5,EASIER
12,70.55,31.66,21,5,43.98,4,EASIER
9,70.49,42.81,16,4,66.12,3,EASIER
12,71.7,36.49,20,5,48.32,4,EASIER
16,80.04,29.89,23,4,73.58,5,SAME
9,75.76,26.59,16,3,62.58,3,SAME
6,84.26,17.48,8,1,91.61,2,HARDER
9,74.83,26.06,14,3,70.53,3,EASIER
6,100.0,17.07,6,0,93.6,2,HARDER
9,89.5,14.81,11,1,82.66,3,HARDER
9,81.54,14.73,15,2,75.23,3,HARDER
12,78.04,23.81,18,3,69.34,4,EASIER
4,99.14,10.33,4,0,100.0,1,HARDER
9,75.97,40.94,16,3,67.15,3,EASIER
9,90.23,18.41,11,1,94.94,3,HARDER
12,72.23,29.2,18,5,68.96,4,EASIER
12,92.03,17.37,19,1,86.67,4,HARDER
16,73.08,23.43,26,6,47.52,5,EASIER
9,56.28,34.59,20,7,43.96,3,EASIER
6,98.92,12.99,6,0,100.0,2,HARDER
4,80.27,11.3,5,1,91.86,1,HARDER
16,80.88,38.48,22,4,61.22,5,SAME
6,88.16,17.56,8,1,96.71,2,HARDER
16,84.25,43.23,24,3,74.32,5,EASIER
12,93.09,19.86,14,1,93.75,4,HARDER
6,100.0,15.33,6,0,92.1,2,HARDER
9,81.97,17.52,12,2,85.42,3,HARDER
6,100.0,10.56,6,0,92.5,2,HARDER
9,91.02,15.34,11,1,95.12,3,HARDER
6,85.44,17.04,8,1,98.21,2,HARDER
16,69.52,55.58,26,7,43.64,5,EASIER
4,99.72,13.8,4,0,100.0,1,HARDER
6,85.08,25.43,7,1,90.15,2,HARDER
12,74.93,22.92,26,4,59.34,4,SAME
9,82.66,24.96,11,2,81.46,3,SAME
4,81.91,9.55,5,1,81.72,1,HARDER
6,100.0,12.79,6,0,99.19,2,HARDER
6,99.2,18.31,6,0,99.19,2,HARDER
6,82.71,17.54,9,1,82.82,2,HARDER
12,85.5,30.8,15,2,83.48,4,HARDER
6,63.79,13.63,10,3,73.18,2,HARDER
12,84.6,20.43,15,2,81.86,4,HARDER
6,73.0,15.91,9,2,75.65,2,SAME
9,88.71,24.28,11,1,96.0,3,HARDER
4,100.0,16.7,5,0,100.0,1,HARDER
9,73.8,20.32,14,3,72.64,3,EASIER
9,100.0,21.14,9,0,94.84,3,HARDER
9,91.34,17.62,13,1,87.78,3,HARDER
9,74.79,26.99,14,3,76.02,3,SAME
16,89.3,23.82,21,2,99.63,5,HARDER
16,93.83,18.21,19,1,89.32,5,HARDER
6,85.63,26.52,7,1,100.0,2,HARDER
16,89.47,27.22,20,2,83.48,5,HARDER
4,55.83,13.99,9,3,72.72,1,EASIER
9,63.89,28.22,17,5,64.11,3,EASIER
4,79.13,22.61,5,1,98.81,1,HARDER
9,87.95,21.94,10,1,86.03,3,HARDER
9,99.41,16.81,9,0,100.0,3,HARDER
4,56.42,18.43,8,3,70.56,1,EASIER
12,80.33,23.47,15,3,82.62,4,HARDER
16,66.84,65.31,27,8,34.72,5,EASIER
6,85.84,11.74,8,1,93.71,2,HARDER
16,100.0,26.9,17,0,84.4,5,HARDER
9,68.3,39.42,18,4,56.26,3,EASIER
6,73.54,13.42,11,2,73.74,2,SAME
12,85.18,24.75,18,2,77.43,4,HARDER
4,99.88,16.64,4,0,95.97,1,HARDER
6,74.12,24.41,9,2,71.84,2,SAME
4,100.0,11.0,4,0,100.0,1,HARDER
16,92.38,45.78,17,1,85.45,5,HARDER
6,99.65,11.6,6,0,99.95,2,HARDER
6,85.53,17.5,9,1,93.07,2,HARDER
9,100.0,13.84,9,0,100.0,3,HARDER
16,80.02,27.27,23,4,64.08,5,SAME
12,74.52,28.64,21,4,50.55,4,EASIER
9,82.57,30.08,15,2,76.85,3,SAME
9,68.72,19.98,14,4,63.53,3,EASIER
9,82.74,21.81,12,2,76.53,3,HARDER
16,83.97,32.29,22,3,75.62,5,HARDER
9,68.46,35.76,14,4,70.88,3,EASIER
9,74.86,15.06,13,3,72.89,3,SAME
4,81.43,17.56,5,1,100.0,1,SAME
4,100.0,15.34,4,0,94.44,1,HARDER
9,83.48,27.35,11,2,83.77,3,HARDER
12,76.74,23.6,18,4,63.54,4,SAME
16,79.18,22.91,22,4,82.09,5,SAME
9,64.31,30.05,18,5,65.88,3,EASIER
4,100.0,13.64,4,0,100.0,1,HARDER
6,100.0,15.91,6,0,100.0,2,HARDER
4,100.0,14.8,4,0,100.0,1,HARDER
6,67.0,32.59,13,3,65.11,2,EASIER
16,69.04,30.27,25,7,52.6,5,EASIER
4,81.12,23.27,5,1,92.15,1,HARDER
12,86.11,18.61,17,2,77.7,4,SAME
12,75.76,41.28,19,4,52.55,4,EASIER
16,77.85,30.14,22,4,75.57,5,SAME
4,100.0,10.98,4,0,98.3,1,HARDER
6,86.15,21.56,7,1,92.98,2,HARDER
16,85.05,19.66,19,3,76.61,5,HARDER
9,89.61,18.43,10,1,84.02,3,HARDER
6,85.04,12.74,7,1,89.67,2,HARDER
12,74.23,31.86,17,4,65.35,4,SAME
4,80.14,9.01,6,1,98.2,1,HARDER
4,80.57,11.34,5,1,100.0,1,HARDER
16,69.09,32.77,25,7,49.4,5,EASIER
16,83.61,39.74,20,3,81.81,5,HARDER
16,69.74,39.24,34,7,43.71,5,EASIER
9,75.8,16.37,13,3,64.02,3,SAME
12,75.33,20.17,16,4,65.06,4,HARDER
16,84.62,25.23,22,3,72.46,5,HARDER
12,80.66,27.52,17,3,80.08,4,SAME
4,78.89,14.12,7,1,95.03,1,SAME
9,89.48,13.92,12,1,90.28,3,HARDER
4,98.52,9.47,4,0,96.26,1,HARDER
4,66.66,20.45,6,2,77.83,1,SAME
6,74.73,24.11,9,2,71.47,2,EASIER
6,85.45,15.05,7,1,85.89,2,HARDER
16,80.51,35.61,25,4,59.88,5,SAME
16,83.46,24.18,24,3,61.9,5,HARDER
16,94.23,24.23,18,1,74.27,5,HARDER
16,84.48,24.59,21,3,74.26,5,SAME
6,100.0,13.18,6,0,100.0,2,HARDER
12,86.58,23.25,19,2,72.0,4,SAME
9,100.0,20.36,9,0,98.09,3,HARDER
6,84.09,20.24,7,1,92.12,2,HARDER
6,99.07,16.5,6,0,88.48,2,HARDER
9,71.63,21.32,16,4,66.75,3,SAME
9,82.08,13.87,12,2,74.74,3,HARDER
12,86.52,30.47,17,2,87.08,4,HARDER
4,79.56,16.65,6,1,97.41,1,HARDER
16,88.65,26.33,18,2,73.5,5,HARDER
9,70.71,29.43,17,4,49.36,3,EASIER
6,67.42,25.33,10,3,70.43,2,SAME
16,73.4,26.43,31,6,46.08,5,EASIER
12,76.06,24.94,21,4,57.85,4,EASIER
6,75.43,14.64,9,2,84.89,2,HARDER
4,78.92,19.46,5,1,98.85,1,HARDER
4,66.34,19.57,8,2,78.23,1,SAME
6,74.28,22.25,9,2,79.59,2,EASIER
16,75.06,49.05,25,5,61.87,5,EASIER
9,81.98,21.83,11,2,82.4,3,HARDER
4,78.7,14.37,6,1,86.51,1,HARDER
9,82.88,19.71,11,2,78.58,3,HARDER
6,100.0,14.26,6,0,100.0,2,HARDER
16,85.07,19.28,22,3,91.91,5,HARDER
12,86.36,36.42,16,2,74.37,4,HARDER
4,65.88,28.47,7,2,80.63,1,EASIER
4,67.96,21.65,6,2,78.9,1,EASIER
16,78.67,28.11,25,5,56.27,5,SAME
9,67.23,25.5,16,4,71.9,3,EASIER
4,79.39,22.44,5,1,88.81,1,SAME
12,100.0,17.39,12,0,99.59,4,HARDER
16,75.74,21.29,23,5,61.54,5,SAME
6,99.89,14.36,6,0,84.19,2,HARDER
9,76.18,27.66,13,3,75.62,3,HARDER
16,78.15,33.98,24,5,72.58,5,SAME
16,88.62,20.15,20,2,85.22,5,HARDER
6,99.53,8.54,6,0,100.0,2,HARDER
6,98.75,22.9,7,0,86.97,2,HARDER
16,95.52,29.15,19,1,99.7,5,HARDER
12,75.28,36.44,19,4,66.76,4,EASIER
9,100.0,22.82,9,0,100.0,3,HARDER
4,98.18,6.68,4,0,98.03,1,HARDER
12,93.26,19.04,13,1,92.52,4,HARDER
6,75.18,34.73,8,2,90.87,2,EASIER
16,94.37,16.48,17,1,91.95,5,HARDER
9,81.04,13.42,15,2,84.45,3,HARDER
12,89.77,21.22,16,1,93.82,4,HARDER
6,100.0,14.95,6,0,100.0,2,HARDER
4,78.5,11.42,5,1,100.0,1,HARDER
12,81.82,32.83,19,3,58.45,4,EASIER
12,85.88,26.17,15,2,88.56,4,HARDER
4,81.22,11.4,5,1,100.0,1,HARDER
4,99.92,10.69,4,0,97.94,1,HARDER
16,84.68,29.39,20,3,78.35,5,HARDER
9,89.44,22.03,12,1,96.92,3,HARDER
6,74.2,20.03,8,2,88.89,2,HARDER
4,100.0,10.91,4,0,100.0,1,HARDER
12,65.88,27.87,21,6,55.05,4,EASIER
4,81.44,12.86,8,1,83.48,1,SAME
12,85.2,33.54,15,2,74.85,4,HARDER
12,73.71,42.16,20,4,59.37,4,EASIER
16,68.85,67.15,27,8,44.96,5,EASIER
4,99.27,12.88,4,0,100.0,1,HARDER
9,83.56,14.6,12,2,82.5,3,HARDER
12,69.52,47.9,22,5,56.66,4,EASIER
4,81.23,25.68,6,1,86.45,1,HARDER
12,61.89,34.01,23,7,45.91,4,EASIER
9,81.62,37.35,11,2,81.68,3,HARDER
12,78.91,27.3,16,3,70.6,4,SAME
6,65.26,11.05,11,3,69.61,2,SAME
4,80.33,15.35,6,1,89.41,1,HARDER
12,85.69,20.04,16,2,73.03,4,HARDER
12,86.78,22.84,18,2,75.35,4,SAME
12,99.56,23.41,12,0,97.78,4,EASIER
4,100.0,11.76,4,0,99.34,1,HARDER
12,93.69,25.49,15,1,87.98,4,HARDER
4,81.17,11.75,6,1,88.62,1,HARDER
12,92.24,23.61,15,1,97.62,4,HARDER
6,100.0,15.47,6,0,100.0,2,HARDER
6,86.09,10.05,8,1,83.87,2,HARDER
12,81.36,36.28,21,3,65.1,4,SAME
12,79.61,55.46,16,3,76.88,4,SAME
12,86.0,19.93,15,2,84.85,4,HARDER
6,98.48,11.92,6,0,100.0,2,HARDER
9,81.57,16.21,11,2,87.89,3,SAME
4,99.25,8.4,4,0,100.0,1,HARDER
4,82.5,17.79,6,1,83.48,1,SAME
12,92.87,12.21,14,1,92.81,4,HARDER
6,99.98,11.75,6,0,95.24,2,HARDER
9,68.22,30.53,18,4,59.55,3,EASIER
9,89.65,14.68,12,1,89.35,3,HARDER
12,80.01,27.19,17,3,80.66,4,SAME
12,99.89,23.27,13,0,100.0,4,EASIER
4,100.0,9.66,4,0,96.38,1,HARDER
4,100.0,8.96,4,0,97.41,1,HARDER
16,92.97,21.27,20,1,92.54,5,HARDER
4,100.0,14.0,4,0,82.35,1,HARDER
16,67.37,36.97,33,8,13.04,5,EASIER
6,84.38,13.67,7,1,98.77,2,HARDER
4,99.04,10.45,4,0,97.17,1,HARDER
9,88.83,18.86,11,1,82.12,3,HARDER
9,88.47,27.63,12,1,89.46,3,HARDER
16,94.05,29.72,17,1,89.36,5,HARDER
6,86.4,19.35,7,1,94.7,2,HARDER
9,82.38,20.49,14,2,81.69,3,HARDER
4,79.36,10.76,5,1,82.13,1,HARDER
12,80.49,24.31,19,3,77.12,4,EASIER
6,68.04,28.24,12,3,60.91,2,EASIER
12,80.94,22.29,19,3,68.34,4,SAME
16,75.67,34.97,25,5,65.14,5,EASIER
16,92.91,28.34,18,1,98.01,5,HARDER
6,85.83,34.83,10,1,94.88,2,HARDER
4,80.15,16.25,5,1,92.05,1,HARDER
9,100.0,17.55,10,0,80.09,3,EASIER
9,99.85,18.01,9,0,96.98,3,SAME
6,76.32,24.54,10,2,70.99,2,HARDER
6,100.0,18.09,6,0,100.0,2,HARDER
6,100.0,12.41,6,0,100.0,2,HARDER
16,69.36,39.19,25,7,49.28,5,EASIER
9,75.15,12.03,13,3,60.49,3,SAME
9,82.93,19.15,13,2,83.03,3,HARDER
4,66.05,10.14,7,2,76.79,1,SAME
4,80.57,16.86,5,1,84.99,1,HARDER
9,100.0,13.57,9,0,96.79,3,HARDER
6,100.0,15.4,6,0,100.0,2,HARDER
16,94.46,26.36,17,1,87.93,5,HARDER
16,88.22,18.79,21,2,77.6,5,HARDER
4,99.31,10.05,4,0,92.61,1,HARDER
12,93.34,21.84,13,1,99.62,4,HARDER
4,100.0,10.28,5,0,89.18,1,HARDER
12,60.07,38.94,26,8,25.27,4,HARDER
16,83.68,38.11,20,3,76.33,5,SAME
9,99.72,19.86,9,0,96.61,3,HARDER
16,63.78,54.67,28,9,43.68,5,EASIER
6,84.39,13.98,8,1,100.0,2,HARDER
16,69.6,35.03,31,7,33.91,5,EASIER
6,84.8,13.39,9,1,100.0,2,HARDER
4,100.0,7.35,4,0,97.3,1,HARDER
12,76.38,22.48,18,4,66.77,4,SAME
16,78.2,25.21,24,5,48.93,5,EASIER
12,74.93,30.0,20,4,71.69,4,EASIER
9,89.72,16.64,12,1,92.82,3,HARDER
9,89.34,18.12,11,1,94.01,3,HARDER
16,70.11,28.27,29,7,39.92,5,EASIER
4,79.5,15.28,7,1,86.02,1,HARDER
6,77.91,23.42,9,2,77.05,2,HARDER
4,66.92,11.76,8,2,89.31,1,HARDER
16,89.1,21.5,20,2,92.3,5,HARDER
6,85.04,11.9,7,1,90.54,2,HARDER
16,77.64,31.18,26,5,60.67,5,SAME
4,100.0,12.89,4,0,100.0,1,HARDER
6,99.42,11.77,7,0,100.0,2,HARDER
4,100.0,14.65,4,0,97.12,1,HARDER
12,66.44,39.18,22,6,48.21,4,EASIER
4,66.54,25.11,7,2,74.13,1,SAME
12,85.3,26.21,19,2,78.28,4,HARDER
12,76.41,22.51,20,4,66.18,4,SAME
12,64.14,44.82,25,6,55.79,4,EASIER
12,69.8,52.7,20,5,59.13,4,EASIER
4,100.0,11.1,4,0,93.51,1,HARDER
12,75.3,37.93,18,4,74.31,4,EASIER
4,79.69,12.29,5,1,84.77,1,SAME
12,93.18,30.7,13,1,92.58,4,HARDER
6,99.5,12.06,6,0,91.78,2,HARDER
9,81.73,29.44,12,2,78.86,3,SAME
4,80.31,8.44,7,1,87.54,1,HARDER
6,67.73,20.36,9,3,80.05,2,SAME
12,93.48,21.06,14,1,89.74,4,HARDER
16,84.33,34.25,22,3,75.16,5,HARDER
6,99.6,7.85,7,0,90.24,2,HARDER
9,89.86,16.85,10,1,95.96,3,HARDER
9,90.75,18.98,12,1,88.77,3,HARDER
16,84.76,25.66,21,3,64.84,5,HARDER
16,75.1,30.19,25,5,52.82,5,EASIER
16,71.31,40.89,26,7,30.42,5,EASIER
16,75.14,34.84,24,5,56.67,5,EASIER
4,100.0,13.86,4,0,95.78,1,HARDER
9,65.04,29.5,19,5,65.36,3,EASIER
9,89.75,14.6,11,1,99.7,3,HARDER
4,100.0,13.51,4,0,93.25,1,HARDER
9,92.04,12.96,11,1,100.0,3,HARDER
4,99.35,15.03,4,0,100.0,1,HARDER
9,82.45,24.1,11,2,88.73,3,HARDER
6,75.76,18.18,8,2,84.92,2,HARDER
4,99.55,19.7,4,0,96.42,1,HARDER
6,99.16,13.21,6,0,92.97,2,HARDER
16,83.84,35.12,23,3,72.52,5,HARDER
12,95.45,24.36,13,1,87.12,4,HARDER
4,69.17,23.61,6,2,92.61,1,EASIER
4,99.64,10.39,4,0,86.49,1,HARDER
16,80.1,20.74,23,4,59.59,5,SAME
9,82.08,36.27,15,2,85.96,3,SAME
12,74.02,20.53,19,4,81.5,4,SAME
9,90.82,14.19,10,1,83.19,3,HARDER
6,100.0,9.45,6,0,100.0,2,HARDER
6,86.19,18.02,8,1,93.61,2,HARDER
6,99.3,13.31,6,0,94.81,2,HARDER
9,83.11,14.18,11,2,97.85,3,HARDER
16,79.03,37.83,22,4,57.66,5,SAME
16,84.9,41.11,20,3,82.2,5,HARDER
12,74.67,39.12,17,4,67.95,4,SAME
6,74.41,20.92,10,2,96.83,2,HARDER
12,79.87,32.76,20,3,56.75,4,SAME
6,99.48,12.84,6,0,100.0,2,HARDER
4,81.54,10.81,8,1,100.0,1,SAME
16,95.09,25.73,17,1,95.24,5,HARDER
6,73.91,13.87,9,2,89.69,2,SAME
4,78.66,16.42,6,1,96.27,1,SAME
12,68.35,37.12,21,5,47.0,4,EASIER
16,80.03,28.0,25,4,67.58,5,SAME
4,66.68,16.37,8,2,88.77,1,EASIER
16,100.0,22.52,16,0,100.0,5,HARDER
16,79.19,32.67,21,4,72.04,5,SAME
16,88.14,30.05,21,2,83.73,5,HARDER
4,100.0,9.63,4,0,96.96,1,HARDER
6,85.96,18.75,7,1,76.97,2,HARDER
9,89.8,16.74,11,1,88.29,3,HARDER
9,68.7,35.53,17,4,66.6,3,EASIER
6,100.0,11.98,6,0,99.81,2,HARDER
4,100.0,15.04,4,0,99.88,1,HARDER
16,58.65,49.0,31,10,19.76,5,EASIER
4,80.12,17.12,6,1,75.06,1,HARDER
6,87.3,13.12,7,1,98.42,2,HARDER
6,76.07,16.34,11,2,81.31,2,SAME
6,86.33,16.92,7,1,85.53,2,HARDER
4,99.09,17.87,4,0,100.0,1,HARDER
4,99.94,17.63,4,0,100.0,1,HARDER
4,65.61,19.64,6,2,72.8,1,SAME
16,77.28,43.65,23,5,46.62,5,SAME
9,100.0,29.85,9,0,100.0,3,HARDER
16,76.83,46.91,23,5,61.37,5,EASIER
12,81.13,31.54,16,3,80.01,4,HARDER
4,100.0,13.3,4,0,90.66,1,HARDER
16,66.87,37.63,28,8,37.72,5,EASIER
4,79.82,15.31,5,1,85.69,1,HARDER
4,98.73,11.89,5,0,100.0,1,HARDER
6,98.54,12.36,6,0,99.02,2,HARDER
9,74.52,29.35,16,3,87.44,3,SAME
9,82.66,20.82,12,2,86.16,3,HARDER
6,75.38,12.94,9,2,79.0,2,SAME
6,53.81,28.93,16,5,49.19,2,EASIER
12,80.18,23.61,17,3,76.59,4,SAME
16,86.81,26.58,19,2,97.65,5,HARDER
4,80.02,9.46,8,1,83.79,1,HARDER
16,82.15,26.34,22,3,74.05,5,HARDER
4,65.94,23.01,6,2,76.55,1,EASIER
9,90.46,27.01,10,1,100.0,3,HARDER
12,78.94,20.66,18,3,70.68,4,EASIER
16,81.0,34.5,25,4,81.71,5,SAME
6,97.88,11.12,6,0,100.0,2,HARDER
16,64.19,58.99,34,9,15.99,5,EASIER
12,75.54,23.0,20,4,61.14,4,EASIER
12,70.34,20.23,22,5,54.92,4,EASIER
4,100.0,10.5,5,0,100.0,1,HARDER
6,100.0,15.94,6,0,100.0,2,HARDER
12,68.99,44.33,24,5,53.3,4,EASIER
4,79.82,15.37,6,1,92.86,1,HARDER
16,79.96,26.04,23,4,67.06,5,HARDER
16,76.78,34.17,24,5,56.94,5,EASIER
16,84.94,21.56,22,3,78.71,5,HARDER
6,73.12,8.66,10,2,86.8,2,SAME
12,93.89,41.57,14,1,98.96,4,SAME
16,69.32,38.12,27,7,44.85,5,EASIER
12,79.59,17.78,18,3,69.7,4,SAME
6,96.43,17.38,6,0,95.45,2,HARDER
6,99.52,27.57,6,0,100.0,2,HARDER
12,79.96,32.52,17,3,73.88,4,SAME
6,76.24,22.37,8,2,88.51,2,HARDER
9,74.84,22.92,16,3,65.53,3,SAME
12,86.73,22.97,14,2,85.69,4,HARDER
4,80.07,13.09,5,1,87.15,1,HARDER
4,100.0,11.35,5,0,99.45,1,HARDER
6,100.0,20.72,6,0,100.0,2,HARDER
12,62.84,34.36,27,7,22.5,4,EASIER
16,81.03,29.81,22,4,71.34,5,EASIER
9,74.92,19.39,14,3,78.29,3,SAME
6,100.0,13.18,6,0,100.0,2,HARDER
12,75.19,33.43,20,4,62.73,4,EASIER
6,75.47,12.98,8,2,87.54,2,HARDER
12,92.69,22.15,14,1,94.35,4,HARDER
6,85.29,10.36,7,1,96.45,2,HARDER
9,100.0,18.96,10,0,95.53,3,HARDER
4,66.18,9.91,7,2,75.72,1,SAME
12,76.27,27.12,21,4,68.3,4,SAME
6,99.42,23.79,7,0,84.92,2,HARDER
6,84.09,15.75,9,1,77.18,2,HARDER
6,74.71,12.21,8,2,67.66,2,HARDER
4,99.53,13.53,4,0,89.08,1,HARDER
16,83.98,30.04,19,3,83.27,5,HARDER
16,95.77,28.11,22,1,97.99,5,HARDER
4,100.0,9.76,4,0,100.0,1,HARDER
16,66.73,42.9,30,8,45.5,5,EASIER
4,100.0,13.28,4,0,100.0,1,HARDER
16,79.9,34.77,24,4,66.29,5,SAME
4,100.0,14.16,4,0,80.74,1,HARDER
6,87.75,15.15,8,1,93.01,2,HARDER
6,99.66,20.25,6,0,100.0,2,HARDER
16,79.15,33.68,23,4,78.81,5,HARDER
4,78.68,20.12,5,1,92.75,1,HARDER
16,89.14,22.3,18,2,75.95,5,HARDER
9,75.48,26.09,13,3,82.5,3,SAME
4,66.12,17.65,7,2,77.41,1,SAME
6,87.02,12.11,8,1,91.05,2,HARDER
6,84.61,16.51,7,1,88.49,2,HARDER
12,85.46,20.32,15,2,83.25,4,HARDER
16,62.46,57.31,35,10,10.68,5,EASIER
6,85.72,16.58,8,1,96.81,2,HARDER
6,100.0,18.08,6,0,100.0,2,HARDER
4,80.83,12.48,7,1,84.49,1,HARDER
16,90.8,23.43,20,2,79.83,5,HARDER
4,98.39,13.37,4,0,95.55,1,HARDER
12,67.13,53.74,19,6,33.7,4,EASIER
6,100.0,15.43,6,0,100.0,2,HARDER
16,89.0,32.04,22,2,89.01,5,HARDER
9,82.97,20.91,12,2,90.43,3,HARDER
6,74.56,16.42,10,2,94.74,2,SAME
16,69.3,79.22,25,7,30.46,5,EASIER
16,83.33,23.84,21,3,74.19,5,HARDER
4,98.37,11.71,4,0,87.3,1,HARDER
4,80.62,18.55,7,1,89.16,1,HARDER
4,67.32,15.34,9,2,74.97,1,SAME
12,91.48,18.32,17,1,88.53,4,HARDER
16,72.37,59.32,25,6,62.05,5,EASIER
4,100.0,10.73,4,0,96.57,1,HARDER
6,100.0,8.81,6,0,86.31,2,HARDER
12,90.73,15.71,14,1,95.62,4,HARDER
9,82.18,21.54,12,2,85.13,3,HARDER
4,80.17,11.38,6,1,85.59,1,HARDER
9,76.77,25.27,13,3,76.89,3,SAME
4,100.0,11.96,4,0,100.0,1,HARDER
4,79.93,16.06,6,1,91.53,1,HARDER
12,70.14,27.78,21,5,42.89,4,SAME
9,89.64,23.3,10,1,90.21,3,HARDER
6,84.92,13.94,7,1,84.16,2,HARDER
9,75.77,20.5,14,3,71.46,3,SAME
6,73.21,25.72,8,2,93.25,2,HARDER
9,81.93,34.32,11,2,87.01,3,HARDER
12,92.8,17.11,14,1,91.87,4,HARDER
12,83.88,16.87,18,2,86.2,4,HARDER
6,97.18,6.44,6,0,88.12,2,HARDER
6,100.0,28.23,6,0,100.0,2,HARDER
16,76.79,55.94,23,5,63.73,5,SAME
12,92.23,25.65,15,1,95.95,4,HARDER
4,98.19,10.52,4,0,100.0,1,HARDER
6,72.96,19.35,10,2,74.99,2,EASIER
12,73.98,33.76,19,4,67.17,4,SAME
6,85.78,10.02,7,1,100.0,2,HARDER
16,71.75,68.54,22,6,59.46,5,EASIER
9,83.23,21.14,12,2,81.68,3,SAME
9,81.27,24.95,12,2,83.68,3,HARDER
6,76.11,15.86,9,2,85.22,2,SAME
4,100.0,12.0,5,0,100.0,1,HARDER
16,79.43,27.68,21,4,54.82,5,SAME
12,80.21,21.23,18,3,76.14,4,HARDER
12,86.99,31.74,14,2,71.96,4,SAME
12,87.39,21.59,14,2,96.8,4,HARDER
12,86.63,23.32,19,2,76.19,4,HARDER
6,87.87,13.25,8,1,93.85,2,HARDER
4,80.92,10.12,7,1,76.69,1,HARDER
9,82.06,21.92,11,2,91.01,3,HARDER
4,100.0,10.77,4,0,100.0,1,HARDER
6,54.6,31.75,16,5,53.49,2,EASIER
16,72.32,50.02,27,6,47.13,5,EASIER
9,88.11,17.52,10,1,73.58,3,HARDER
6,61.04,27.12,15,4,57.15,2,EASIER
9,89.91,21.24,10,1,94.0,3,HARDER
9,89.76,22.11,11,1,95.89,3,HARDER
9,89.96,16.0,11,1,94.34,3,HARDER
9,81.31,15.07,14,2,66.35,3,HARDER
4,100.0,11.13,4,0,100.0,1,HARDER
6,84.98,15.55,8,1,96.56,2,HARDER
6,73.34,32.52,12,2,83.28,2,SAME
9,91.24,22.76,10,1,89.25,3,HARDER
16,86.54,49.36,19,3,84.99,5,HARDER
4,99.92,19.48,4,0,93.28,1,HARDER
12,87.57,50.13,17,2,69.7,4,HARDER
12,87.31,31.81,17,2,85.77,4,HARDER
4,100.0,22.6,4,0,92.16,1,HARDER
6,75.08,14.47,9,2,95.55,2,SAME
12,93.16,29.77,15,1,92.43,4,HARDER
6,87.74,16.43,8,1,100.0,2,HARDER
6,85.33,14.86,8,1,84.45,2,SAME
16,80.22,37.9,22,4,76.85,5,HARDER
9,70.19,20.1,18,4,55.69,3,EASIER
12,68.41,31.54,21,5,59.56,4,EASIER
6,98.98,17.54,6,0,99.08,2,HARDER
16,69.45,27.19,29,7,44.5,5,EASIER
6,86.9,13.0,8,1,89.29,2,HARDER
9,82.87,15.63,12,2,86.57,3,HARDER
9,73.12,41.55,12,3,77.79,3,EASIER
9,75.3,26.71,13,3,87.88,3,SAME
6,85.37,13.91,8,1,93.57,2,HARDER
4,99.8,12.6,4,0,100.0,1,HARDER
12,75.39,23.66,19,4,69.85,4,EASIER
6,99.57,19.22,6,0,100.0,2,HARDER
6,98.21,11.51,6,0,100.0,2,HARDER
16,84.21,23.96,20,3,83.92,5,HARDER
9,89.32,15.66,12,1,80.56,3,HARDER
16,80.15,28.77,22,4,63.7,5,HARDER
9,82.89,17.31,15,2,76.5,3,HARDER
9,68.77,36.7,17,4,45.22,3,EASIER
12,100.0,18.49,13,0,98.1,4,HARDER
6,61.53,26.69,17,4,51.02,2,EASIER
16,73.9,36.06,32,6,37.22,5,EASIER
16,88.52,26.54,18,2,84.48,5,HARDER
6,75.48,14.09,9,2,78.91,2,SAME
12,93.52,45.02,16,1,81.13,4,HARDER
12,79.63,23.32,17,3,85.16,4,HARDER
4,66.98,12.31,7,2,96.18,1,SAME
4,80.99,14.18,5,1,100.0,1,HARDER
12,84.92,17.1,15,2,89.31,4,HARDER
12,81.43,26.9,23,3,46.14,4,HARDER
4,81.81,12.31,6,1,100.0,1,HARDER
16,70.76,40.45,33,7,18.82,5,EASIER
16,79.98,34.99,23,4,71.16,5,SAME
12,85.53,18.96,18,2,82.5,4,HARDER
16,80.27,24.08,22,4,69.26,5,SAME
12,63.27,33.97,22,7,48.38,4,EASIER
4,100.0,11.99,5,0,100.0,1,HARDER
6,85.12,15.93,7,1,78.66,2,HARDER
12,76.04,38.34,18,4,49.08,4,EASIER
6,98.97,12.24,6,0,100.0,2,HARDER
9,81.48,26.47,14,2,79.23,3,HARDER
4,100.0,9.39,4,0,100.0,1,HARDER
4,80.71,9.85,6,1,100.0,1,SAME
9,83.62,37.69,13,2,74.12,3,SAME
12,80.03,14.38,16,3,81.11,4,SAME
16,74.9,31.94,25,5,44.48,5,SAME
16,85.85,33.07,23,3,76.95,5,HARDER
16,100.0,30.05,16,0,96.88,5,HARDER
9,75.23,17.74,19,3,63.32,3,EASIER
9,74.05,20.4,13,3,84.73,3,HARDER
12,93.52,34.01,14,1,91.47,4,HARDER
16,83.62,25.18,20,3,85.61,5,HARDER
6,86.66,14.25,8,1,94.21,2,HARDER
12,78.52,27.26,21,3,66.76,4,EASIER
6,85.18,20.07,7,1,85.31,2,HARDER
12,65.91,38.75,21,6,53.27,4,EASIER
16,86.03,34.19,20,3,72.68,5,HARDER
12,80.26,27.81,16,3,96.46,4,SAME
9,100.0,11.5,9,0,96.69,3,HARDER
12,91.36,17.53,14,1,89.49,4,HARDER
12,79.18,36.4,18,3,79.87,4,EASIER
4,98.15,10.38,4,0,100.0,1,HARDER
12,86.68,20.97,18,2,81.15,4,HARDER
4,99.82,5.81,4,0,97.44,1,HARDER
4,100.0,8.47,4,0,95.86,1,HARDER
6,100.0,14.09,7,0,98.83,2,HARDER
12,100.0,18.84,12,0,99.45,4,HARDER
9,88.38,24.67,11,1,92.25,3,HARDER
6,100.0,14.39,7,0,100.0,2,HARDER
16,83.9,39.29,21,3,58.57,5,HARDER
4,98.1,19.95,6,0,99.98,1,HARDER
16,78.08,35.76,21,5,66.83,5,SAME
6,85.91,16.58,8,1,79.84,2,HARDER
12,86.25,17.28,16,2,91.51,4,HARDER
9,81.21,14.71,11,2,85.42,3,HARDER
12,75.68,26.46,17,4,70.74,4,SAME
16,99.42,19.6,17,0,100.0,5,HARDER
6,74.62,16.78,8,2,82.16,2,SAME
6,84.96,30.31,7,1,92.05,2,HARDER
6,85.9,12.28,8,1,95.74,2,HARDER
16,93.9,27.57,20,1,86.44,5,HARDER
9,81.38,14.64,12,2,83.67,3,HARDER
9,99.56,11.39,9,0,96.31,3,HARDER
9,64.29,26.42,15,5,61.71,3,EASIER
9,77.46,34.17,18,3,58.26,3,EASIER
12,86.5,26.01,17,2,77.75,4,HARDER
4,100.0,12.78,5,0,92.8,1,HARDER
6,85.84,15.29,8,1,91.94,2,HARDER
4,79.38,16.34,6,1,87.77,1,HARDER
4,80.92,17.71,5,1,96.37,1,HARDER
9,99.76,21.18,9,0,100.0,3,HARDER
4,99.77,8.83,4,0,90.22,1,HARDER
16,95.11,28.84,17,1,94.86,5,HARDER
9,92.87,11.9,10,1,82.54,3,HARDER
12,86.44,26.19,16,2,85.96,4,HARDER
4,79.73,15.4,6,1,100.0,1,HARDER
9,80.91,23.25,13,2,79.41,3,SAME
4,99.3,18.05,4,0,91.1,1,HARDER
4,99.41,20.85,4,0,94.98,1,HARDER
12,69.94,35.79,19,5,47.87,4,EASIER
9,63.06,34.21,16,5,60.57,3,EASIER
16,63.89,39.08,30,9,24.07,5,EASIER
12,80.41,45.78,16,3,73.31,4,EASIER
16,70.0,44.22,25,7,45.25,5,EASIER
9,99.53,23.83,9,0,100.0,3,HARDER
16,73.89,36.18,26,6,50.24,5,EASIER
16,94.11,26.45,19,1,94.22,5,HARDER
4,99.13,12.87,4,0,93.42,1,HARDER
12,75.56,21.01,17,4,58.47,4,SAME
12,87.69,37.65,15,2,89.21,4,HARDER
12,67.5,31.15,23,6,44.0,4,EASIER
4,100.0,7.81,4,0,95.27,1,HARDER
6,85.77,18.82,7,1,85.2,2,HARDER
16,72.54,67.52,25,7,41.53,5,EASIER
9,89.25,16.44,10,1,87.32,3,HARDER
4,80.94,18.2,6,1,96.58,1,HARDER
16,84.88,25.46,22,3,79.35,5,HARDER
9,81.43,26.33,13,2,83.1,3,HARDER
12,75.62,34.75,18,4,71.72,4,EASIER
4,80.57,14.07,6,1,99.58,1,HARDER
4,99.97,12.65,4,0,100.0,1,HARDER
6,86.91,18.36,8,1,95.27,2,HARDER
9,81.02,30.34,12,2,73.7,3,SAME
4,82.32,15.55,5,1,86.79,1,HARDER
12,78.3,19.08,18,3,81.22,4,HARDER
16,84.99,23.99,25,3,73.7,5,HARDER
4,81.66,14.3,5,1,95.18,1,HARDER
6,66.04,27.62,10,3,78.26,2,SAME
4,79.1,13.2,6,1,91.1,1,HARDER
16,70.31,30.18,30,7,36.08,5,EASIER
4,78.45,14.71,6,1,86.58,1,HARDER
6,86.45,23.19,8,1,74.71,2,HARDER
12,76.37,24.48,18,4,70.12,4,EASIER
4,100.0,19.2,4,0,88.44,1,HARDER
12,93.11,21.69,14,1,79.52,4,HARDER
12,92.06,24.93,13,1,100.0,4,HARDER
4,100.0,13.1,4,0,100.0,1,HARDER
12,65.87,40.04,22,6,51.4,4,EASIER
4,99.98,11.61,4,0,100.0,1,HARDER
9,82.13,25.42,13,2,78.69,3,SAME
6,84.23,8.19,8,1,80.13,2,HARDER
16,80.36,31.34,21,4,82.87,5,SAME
9,82.36,15.26,11,2,79.1,3,HARDER
6,85.04,15.81,10,1,84.28,2,SAME
16,76.67,21.89,24,5,58.21,5,EASIER
4,66.33,11.42,8,2,83.95,1,SAME
12,67.33,36.34,20,6,38.94,4,EASIER
9,100.0,14.75,10,0,92.58,3,HARDER
12,79.36,22.67,16,3,76.72,4,SAME
6,85.47,11.5,7,1,95.18,2,HARDER
12,84.72,21.41,17,2,84.3,4,HARDER
16,83.33,26.15,20,3,90.72,5,HARDER
16,76.5,32.24,24,5,56.48,5,EASIER
16,66.15,39.7,29,8,35.43,5,EASIER
9,76.18,17.36,14,3,63.7,3,SAME
12,86.26,17.43,17,2,83.24,4,HARDER
4,100.0,10.74,4,0,92.62,1,HARDER
16,69.94,31.38,31,8,21.82,5,EASIER
4,100.0,8.17,4,0,100.0,1,HARDER
9,68.98,17.09,14,4,61.68,3,SAME
12,99.42,13.74,14,0,93.19,4,HARDER
12,73.88,37.08,19,4,63.46,4,SAME
9,81.1,10.92,12,2,75.76,3,SAME
12,85.6,16.67,16,2,91.9,4,EASIER
12,74.83,29.03,19,4,55.66,4,HARDER
9,82.39,31.18,12,2,85.85,3,SAME
6,76.01,25.49,8,2,87.26,2,SAME
12,80.26,27.37,20,3,66.08,4,EASIER
4,100.0,9.29,4,0,100.0,1,HARDER
9,68.95,24.52,17,4,57.1,3,EASIER
9,81.83,17.95,12,2,74.88,3,HARDER
9,99.28,19.73,10,0,100.0,3,HARDER
9,76.24,22.62,14,3,78.58,3,HARDER
4,99.86,9.62,4,0,95.49,1,HARDER
4,100.0,15.99,4,0,100.0,1,HARDER
9,80.22,18.04,11,2,93.12,3,HARDER
16,79.26,31.83,23,4,69.74,5,HARDER
16,80.19,28.22,24,4,58.35,5,SAME
12,69.11,27.86,22,5,59.74,4,EASIER
6,84.0,14.99,7,1,93.33,2,HARDER
9,81.26,19.95,13,2,89.78,3,HARDER
16,80.39,25.38,22,4,71.32,5,HARDER
6,86.4,24.99,8,1,96.64,2,HARDER
16,73.21,27.89,26,6,43.96,5,EASIER
9,99.49,27.37,9,0,93.43,3,HARDER
9,100.0,20.08,9,0,99.95,3,HARDER
12,87.39,19.94,15,2,90.95,4,HARDER
6,99.54,13.7,6,0,100.0,2,HARDER
9,100.0,13.8,10,0,88.98,3,HARDER
6,100.0,18.48,6,0,93.57,2,HARDER
12,74.7,17.74,20,4,65.68,4,SAME
9,100.0,13.76,11,0,100.0,3,HARDER
12,86.71,20.71,14,2,90.69,4,HARDER
6,86.67,9.02,9,1,93.0,2,HARDER
4,80.36,16.9,6,1,94.43,1,HARDER
6,99.58,10.68,6,0,100.0,2,HARDER
16,73.88,57.71,27,6,38.81,5,EASIER
4,80.26,10.48,5,1,89.79,1,HARDER
12,65.14,38.68,23,6,46.91,4,EASIER
4,99.48,16.24,4,0,100.0,1,EASIER
12,92.01,18.93,16,1,89.72,4,HARDER
9,55.68,51.99,20,7,44.57,3,EASIER
9,68.85,32.11,15,4,72.64,3,SAME
9,75.1,20.66,13,3,86.94,3,HARDER
16,75.86,39.29,25,5,55.35,5,EASIER
6,100.0,11.35,6,0,100.0,2,HARDER
6,99.11,14.04,6,0,91.51,2,HARDER
6,76.0,16.25,8,2,91.16,2,SAME
6,100.0,9.37,6,0,100.0,2,HARDER
16,79.27,64.56,21,4,69.72,5,SAME
12,75.58,25.63,19,4,65.2,4,EASIER
12,99.09,21.57,12,0,100.0,4,HARDER
6,85.97,13.99,7,1,86.38,2,SAME
6,85.86,13.6,8,1,93.91,2,HARDER
4,100.0,13.05,4,0,92.79,1,HARDER
9,74.98,28.47,12,3,87.57,3,HARDER
4,99.37,12.47,4,0,92.07,1,HARDER
9,64.86,28.97,18,5,53.26,3,EASIER
9,82.03,15.1,13,2,87.42,3,SAME
6,74.87,16.99,8,2,90.98,2,HARDER
9,63.45,30.56,18,5,51.19,3,EASIER
9,81.14,22.32,12,2,75.58,3,HARDER
4,79.74,14.94,6,1,87.04,1,HARDER
9,82.85,21.9,12,2,80.46,3,HARDER
6,76.45,27.17,9,2,79.95,2,SAME
12,100.0,15.63,12,0,100.0,4,HARDER
16,74.4,34.32,23,6,53.43,5,EASIER
16,85.24,45.12,23,3,81.03,5,HARDER
12,80.96,22.9,17,3,74.1,4,SAME
9,83.22,16.75,15,2,77.76,3,HARDER
9,88.98,23.36,12,1,81.81,3,HARDER
16,74.05,36.87,26,6,55.62,5,SAME
12,86.27,19.58,15,2,89.73,4,HARDER
16,69.63,59.65,27,7,44.89,5,EASIER
16,76.3,35.68,22,5,58.34,5,SAME
16,79.1,29.98,25,4,66.56,5,SAME
9,81.24,22.92,15,2,98.44,3,HARDER
6,86.66,14.69,8,1,88.61,2,HARDER
12,62.54,36.46,21,7,48.45,4,EASIER
4,80.04,18.51,6,1,86.73,1,SAME
9,88.05,10.68,13,1,86.7,3,HARDER
9,75.63,21.34,16,3,64.41,3,SAME
4,99.67,8.84,4,0,99.49,1,HARDER
9,81.59,28.81,11,2,84.97,3,SAME
6,74.94,27.8,8,2,84.18,2,HARDER
16,88.48,25.5,20,2,71.13,5,HARDER
9,90.7,18.86,10,1,89.59,3,HARDER
4,78.55,10.37,5,1,100.0,1,HARDER
6,75.34,15.86,10,2,85.04,2,HARDER
4,80.13,9.57,6,1,96.1,1,HARDER
6,58.19,29.01,11,4,65.8,2,EASIER
12,66.91,35.75,23,6,49.1,4,EASIER
4,99.43,12.7,4,0,100.0,1,HARDER
6,99.48,22.97,6,0,100.0,2,HARDER
4,100.0,9.41,4,0,100.0,1,HARDER
4,77.53,9.51,5,1,98.59,1,HARDER
16,64.08,43.67,36,9,13.82,5,EASIER
6,99.45,14.57,7,0,100.0,2,HARDER
9,74.31,18.19,15,3,69.6,3,SAME
4,100.0,9.58,4,0,100.0,1,HARDER
4,81.13,15.44,7,1,77.26,1,HARDER
9,82.28,25.31,14,2,82.73,3,HARDER
4,80.24,11.72,6,1,100.0,1,HARDER
4,79.98,18.12,5,1,90.8,1,HARDER
6,75.11,26.4,8,2,70.42,2,EASIER
4,100.0,9.12,4,0,100.0,1,HARDER
12,99.52,25.75,12,0,100.0,4,HARDER
4,82.26,14.42,7,1,88.74,1,HARDER
6,74.49,14.38,11,2,85.08,2,SAME
12,75.77,34.94,17,4,73.3,4,SAME
12,92.39,15.87,14,1,94.85,4,HARDER
16,72.59,41.06,22,6,52.57,5,EASIER
12,75.15,30.75,20,4,63.77,4,EASIER
16,89.85,19.21,21,2,76.26,5,SAME
9,88.82,16.3,10,1,94.23,3,HARDER
9,82.26,19.27,12,2,87.08,3,HARDER
4,81.02,19.9,5,1,79.52,1,HARDER
12,85.43,17.52,15,2,88.34,4,HARDER
16,72.77,36.84,29,6,50.67,5,EASIER
6,100.0,10.0,6,0,100.0,2,HARDER
6,98.91,16.53,7,0,91.36,2,HARDER
12,100.0,27.04,13,0,100.0,4,HARDER
16,76.74,46.49,29,5,47.32,5,EASIER
4,99.03,6.66,4,0,100.0,1,HARDER
4,100.0,14.1,4,0,100.0,1,HARDER
12,100.0,16.2,14,0,96.84,4,HARDER
6,99.18,15.8,6,0,100.0,2,HARDER
9,91.03,18.08,10,1,100.0,3,HARDER
6,99.62,8.79,6,0,100.0,2,HARDER
6,67.65,30.94,9,3,85.2,2,EASIER
6,68.58,12.63,10,3,82.45,2,SAME
9,74.14,33.59,13,3,72.16,3,SAME
4,98.75,21.51,4,0,100.0,1,HARDER
4,100.0,8.44,4,0,99.51,1,HARDER
12,64.66,35.23,22,7,48.19,4,EASIER
9,74.71,24.18,13,3,72.65,3,HARDER
6,58.95,14.12,14,4,63.62,2,EASIER
4,97.68,19.61,4,0,98.81,1,HARDER
12,71.35,26.57,18,5,67.43,4,EASIER
6,67.76,22.03,11,3,71.73,2,SAME
9,80.49,24.41,17,2,64.96,3,SAME
12,63.59,31.24,22,7,53.72,4,EASIER
4,100.0,16.77,4,0,96.3,1,HARDER
16,87.21,38.2,20,2,83.3,5,HARDER
16,72.9,30.46,26,6,35.93,5,EASIER
6,85.16,15.98,9,1,84.45,2,HARDER
6,99.9,11.59,7,0,94.91,2,HARDER
9,98.68,14.33,11,0,100.0,3,HARDER
12,80.55,30.06,18,3,68.84,4,SAME
16,80.6,40.49,21,4,74.1,5,SAME
16,75.96,40.31,25,5,52.96,5,EASIER
12,92.41,22.92,14,1,76.23,4,HARDER
16,70.1,50.44,26,7,47.4,5,EASIER
16,90.43,24.78,19,2,79.56,5,HARDER
9,92.47,22.42,13,1,86.65,3,HARDER
9,73.47,34.81,16,3,60.47,3,SAME
4,66.43,15.39,6,2,81.4,1,SAME
6,99.53,21.99,7,0,100.0,2,HARDER
16,84.22,32.48,24,3,75.66,5,SAME
9,81.42,27.03,14,2,81.01,3,SAME
16,70.96,56.56,30,7,35.66,5,EASIER
4,79.6,16.26,5,1,98.08,1,SAME
9,98.87,14.37,9,0,95.91,3,EASIER
6,83.43,19.23,7,1,83.84,2,HARDER
12,75.28,36.15,19,4,59.46,4,EASIER
4,79.56,10.67,6,1,93.97,1,SAME
16,76.63,31.67,25,5,67.31,5,SAME
16,84.58,39.7,25,3,68.48,5,SAME
12,86.85,20.49,16,2,73.33,4,HARDER
4,79.78,16.51,5,1,100.0,1,HARDER
4,82.04,7.57,5,1,96.0,1,HARDER
6,66.83,18.26,11,3,81.83,2,EASIER
16,87.7,27.05,20,2,92.88,5,HARDER
6,72.64,19.32,10,2,87.5,2,HARDER
16,73.08,31.49,23,6,53.68,5,EASIER
6,86.89,18.3,7,1,90.09,2,HARDER
6,100.0,12.72,6,0,100.0,2,HARDER
12,91.76,19.33,14,1,91.06,4,HARDER
6,100.0,16.86,7,0,95.73,2,HARDER
12,92.03,17.36,14,1,100.0,4,HARDER
12,75.42,23.11,19,4,66.58,4,SAME
4,79.44,27.95,6,1,93.22,1,HARDER
12,75.5,37.4,17,4,83.41,4,SAME
4,99.79,18.01,4,0,100.0,1,HARDER
4,78.65,14.47,5,1,92.4,1,HARDER
9,99.74,12.92,11,0,91.41,3,HARDER
12,75.46,22.96,17,4,64.73,4,HARDER
9,89.18,21.06,11,1,91.56,3,HARDER
12,79.73,21.39,15,3,78.05,4,HARDER
6,86.15,15.74,7,1,90.7,2,HARDER
4,98.75,9.19,4,0,88.16,1,HARDER
9,82.52,24.48,11,2,98.86,3,HARDER
4,99.93,10.11,4,0,100.0,1,HARDER
4,100.0,12.29,4,0,100.0,1,HARDER
6,74.49,15.1,9,2,83.43,2,SAME
9,81.11,23.88,11,2,92.24,3,HARDER
9,100.0,18.25,9,0,100.0,3,HARDER
12,85.73,23.62,15,2,73.35,4,HARDER
4,99.6,10.39,4,0,96.73,1,HARDER
12,78.68,23.58,20,3,56.58,4,SAME
12,79.22,25.34,16,3,76.39,4,SAME
16,71.12,36.9,28,7,44.62,5,EASIER
6,99.36,23.21,6,0,100.0,2,HARDER
6,74.56,21.7,8,2,80.01,2,EASIER
12,54.74,44.55,31,10,12.53,4,EASIER
4,99.12,11.3,4,0,96.23,1,HARDER
16,76.43,29.19,25,5,55.94,5,SAME
4,78.81,9.27,5,1,100.0,1,HARDER
12,91.85,35.62,14,1,86.43,4,HARDER
4,100.0,10.79,4,0,100.0,1,HARDER
4,99.07,23.04,4,0,100.0,1,HARDER
4,99.33,14.16,4,0,100.0,1,HARDER
16,89.33,33.54,20,2,74.11,5,HARDER
12,85.23,17.62,16,2,80.03,4,HARDER
12,93.61,15.4,15,1,88.4,4,HARDER
12,90.84,24.64,13,1,100.0,4,HARDER
16,89.31,20.31,24,2,66.98,5,SAME
9,76.13,20.78,13,3,69.77,3,SAME
16,84.63,23.43,21,3,73.64,5,HARDER
12,84.29,21.37,16,2,93.25,4,HARDER
9,73.82,40.48,13,3,67.09,3,SAME
12,90.42,14.42,15,1,93.68,4,HARDER
16,67.64,30.42,32,8,29.41,5,EASIER
16,77.13,22.89,26,5,66.49,5,SAME
9,89.93,15.71,12,1,93.8,3,HARDER
12,79.27,25.13,16,3,72.82,4,HARDER
6,73.56,15.38,8,2,82.12,2,HARDER
16,76.48,42.74,24,5,61.46,5,EASIER
4,79.74,11.49,5,1,90.02,1,HARDER
16,79.01,33.79,21,4,81.22,5,HARDER
4,65.23,15.83,6,2,85.7,1,SAME
16,62.26,29.68,31,10,2.48,5,EASIER
16,92.63,24.61,20,1,93.23,5,HARDER
9,99.81,15.34,9,0,100.0,3,HARDER
16,78.59,44.94,24,4,58.83,5,SAME
12,60.92,31.06,24,8,31.23,4,EASIER
4,100.0,19.06,5,0,98.1,1,HARDER
6,85.74,25.92,8,1,91.91,2,HARDER
12,66.73,28.63,22,6,49.64,4,EASIER
16,84.41,21.04,22,3,75.55,5,HARDER
9,74.86,23.89,12,3,80.1,3,HARDER
16,63.11,80.58,31,9,27.97,5,EASIER
9,66.92,28.79,14,4,65.44,3,EASIER
9,75.35,21.81,12,3,72.98,3,SAME
16,72.36,21.86,28,6,56.86,5,EASIER
4,79.76,11.61,6,1,95.45,1,HARDER
4,55.27,17.2,10,3,64.66,1,EASIER
12,79.82,24.18,18,3,88.13,4,SAME
12,84.73,20.93,18,2,80.6,4,HARDER
12,91.21,18.91,14,1,92.93,4,HARDER
16,72.7,34.99,26,6,57.85,5,EASIER
12,79.66,31.47,16,3,80.37,4,HARDER
9,74.23,35.74,14,3,73.84,3,SAME
6,74.04,17.42,9,2,90.1,2,HARDER
4,81.01,11.91,5,1,96.19,1,HARDER
16,84.08,50.3,22,3,74.29,5,HARDER
6,75.1,14.54,9,2,76.45,2,SAME
4,99.57,8.92,4,0,100.0,1,HARDER
12,92.89,23.22,15,1,92.28,4,HARDER
12,67.23,34.37,20,6,47.0,4,EASIER
4,64.45,14.02,6,2,85.83,1,EASIER
4,81.15,13.25,5,1,93.78,1,HARDER
6,59.24,40.86,12,4,49.76,2,EASIER
6,75.31,15.01,10,2,76.66,2,HARDER
16,94.26,32.79,17,1,100.0,5,HARDER
6,86.02,10.08,9,1,90.05,2,HARDER
12,86.52,14.53,17,2,81.81,4,HARDER
4,99.84,10.72,4,0,94.36,1,HARDER
12,85.86,27.5,14,2,82.18,4,SAME
16,74.26,18.48,24,6,39.85,5,SAME
9,100.0,13.34,9,0,93.87,3,HARDER
16,75.5,23.01,25,5,53.78,5,SAME
4,79.49,11.6,5,1,82.22,1,HARDER
16,79.65,33.64,22,4,65.74,5,SAME
16,84.46,35.45,23,3,65.23,5,SAME
9,99.45,18.5,9,0,90.54,3,HARDER
4,100.0,16.82,4,0,100.0,1,HARDER
16,74.87,29.45,27,5,48.75,5,SAME
16,59.48,74.29,37,11,8.33,5,EASIER
6,84.76,15.89,7,1,83.51,2,HARDER
16,85.15,33.29,21,3,80.84,5,SAME
16,79.36,26.54,20,4,71.03,5,SAME
16,73.3,30.81,26,6,55.43,5,SAME
16,69.52,68.66,29,7,49.53,5,EASIER
16,70.41,26.25,26,7,30.51,5,EASIER
6,74.77,32.47,9,2,94.0,2,SAME
12,79.83,16.67,18,3,70.67,4,SAME
12,84.35,14.95,16,2,76.36,4,HARDER
16,73.58,65.79,24,6,57.06,5,EASIER
6,99.76,15.55,7,0,100.0,2,HARDER
16,75.17,44.04,24,5,57.33,5,EASIER
12,86.16,17.25,18,2,74.56,4,HARDER
9,75.13,18.3,19,3,74.54,3,SAME
9,81.66,26.18,13,2,69.07,3,SAME
6,84.04,11.9,8,1,94.95,2,HARDER
9,74.07,29.14,14,3,69.23,3,EASIER
12,79.42,18.4,15,3,67.11,4,HARDER
12,79.82,19.37,16,3,71.41,4,SAME
9,89.59,21.24,10,1,87.88,3,HARDER
16,82.71,36.46,24,3,73.77,5,SAME
6,67.34,20.5,10,3,86.62,2,SAME
12,79.94,20.99,17,3,71.7,4,HARDER
6,86.06,25.48,7,1,94.86,2,HARDER
12,98.99,13.53,13,0,98.48,4,HARDER
9,98.39,20.32,9,0,88.28,3,HARDER
12,74.04,32.95,24,4,59.65,4,EASIER
9,90.82,14.29,11,1,96.57,3,HARDER
12,73.92,26.09,18,4,75.4,4,SAME
4,66.6,20.35,8,2,81.23,1,EASIER
16,71.04,23.25,24,7,50.89,5,EASIER
9,90.85,24.84,11,1,86.5,3,HARDER
12,79.8,29.31,16,3,72.29,4,HARDER
6,86.37,21.87,8,1,89.33,2,HARDER
16,77.0,32.09,24,5,66.77,5,SAME
12,92.77,21.45,14,1,89.95,4,HARDER
6,74.7,20.03,10,2,83.43,2,EASIER
6,86.4,14.19,8,1,89.48,2,HARDER
9,99.92,15.24,10,0,100.0,3,HARDER
9,68.8,27.76,15,4,55.53,3,EASIER
16,75.86,25.53,26,5,55.61,5,EASIER
4,79.26,11.6,6,1,93.36,1,HARDER
9,100.0,8.91,9,0,83.49,3,HARDER
9,100.0,19.43,10,0,95.02,3,HARDER
12,68.92,44.58,18,5,55.67,4,EASIER
6,73.69,28.3,10,2,81.26,2,HARDER
12,75.59,15.78,20,4,60.64,4,SAME
16,84.31,31.86,20,3,87.45,5,HARDER
16,67.33,29.5,30,8,50.47,5,EASIER
12,85.05,17.51,14,2,84.57,4,HARDER
4,81.74,20.9,5,1,97.36,1,HARDER
9,88.0,17.32,13,1,88.18,3,HARDER
16,76.32,35.97,24,6,53.21,5,EASIER
12,97.81,15.64,12,0,100.0,4,HARDER
4,99.08,7.0,4,0,100.0,1,HARDER
12,81.1,28.71,18,3,65.42,4,SAME
16,84.91,23.73,23,3,70.96,5,SAME
12,79.37,15.28,18,3,73.15,4,SAME
12,74.23,26.46,16,4,73.64,4,SAME
4,100.0,13.53,5,0,100.0,1,HARDER
12,78.28,34.36,21,3,64.4,4,SAME
4,80.14,9.6,5,1,100.0,1,HARDER
9,100.0,17.79,10,0,97.48,3,HARDER
9,70.42,21.0,18,4,52.24,3,SAME
12,87.65,25.55,15,2,86.21,4,EASIER
4,97.88,6.89,4,0,95.48,1,HARDER
4,47.75,22.26,12,4,63.04,1,EASIER
4,100.0,6.78,4,0,100.0,1,HARDER
4,100.0,13.36,5,0,99.01,1,HARDER
12,91.92,30.83,15,1,91.85,4,HARDER
6,85.05,13.64,9,1,87.31,2,HARDER
16,80.66,46.48,21,4,74.84,5,HARDER
12,70.94,23.39,20,5,69.3,4,EASIER
4,99.53,16.15,4,0,95.75,1,HARDER
12,90.77,28.8,16,1,87.63,4,HARDER
12,92.56,21.05,13,1,96.61,4,HARDER
4,99.27,6.24,4,0,97.4,1,HARDER
12,99.72,16.19,12,0,100.0,4,HARDER
6,100.0,16.59,7,0,93.85,2,HARDER
12,80.5,33.04,16,3,67.66,4,SAME
12,66.3,28.15,21,6,54.87,4,EASIER
12,100.0,15.56,12,0,100.0,4,HARDER
12,84.79,21.18,15,2,76.32,4,HARDER
12,81.48,19.64,17,3,90.53,4,HARDER
6,83.1,14.58,7,1,97.27,2,HARDER
9,70.25,24.84,16,4,56.84,3,EASIER
9,69.96,15.65,15,4,62.43,3,SAME
16,79.62,31.68,24,4,60.19,5,SAME
12,75.1,46.92,20,4,60.7,4,EASIER
6,99.83,10.87,6,0,100.0,2,HARDER
4,99.7,19.53,5,0,100.0,1,HARDER
16,66.44,38.68,31,8,23.65,5,EASIER
16,87.8,34.97,21,2,75.14,5,HARDER
4,100.0,7.98,4,0,87.92,1,HARDER
16,94.74,30.53,18,1,87.65,5,HARDER
9,100.0,11.25,9,0,100.0,3,HARDER
6,99.99,8.86,6,0,94.71,2,HARDER
6,100.0,8.12,6,0,84.63,2,HARDER
12,87.29,25.51,15,2,76.07,4,HARDER
16,74.53,38.82,25,5,58.97,5,EASIER
6,99.25,14.11,7,0,86.81,2,HARDER
9,90.72,21.34,11,1,94.81,3,HARDER
16,76.15,45.95,27,5,63.44,5,EASIER
9,75.89,25.45,15,3,65.25,3,SAME
4,99.81,13.43,4,0,93.63,1,HARDER
16,75.71,25.42,26,5,57.68,5,EASIER
9,91.42,16.71,11,1,87.87,3,SAME
16,79.34,39.69,21,4,61.98,5,SAME
6,85.34,20.02,9,1,83.6,2,HARDER
4,100.0,9.9,4,0,100.0,1,HARDER
16,85.55,26.28,24,3,76.04,5,SAME
4,66.01,31.51,9,2,64.88,1,EASIER
12,92.7,28.25,13,1,87.91,4,HARDER
12,80.19,23.69,16,3,76.4,4,HARDER
6,84.9,18.68,7,1,84.62,2,SAME
12,93.05,38.98,18,1,89.75,4,HARDER
9,90.71,27.18,10,1,90.43,3,HARDER
4,100.0,8.92,5,0,100.0,1,HARDER
6,73.48,20.8,9,2,70.47,2,SAME
16,81.34,26.31,24,4,59.32,5,SAME
4,99.86,16.68,4,0,100.0,1,HARDER
4,98.84,16.52,5,0,91.21,1,HARDER
4,66.8,24.22,8,2,79.72,1,EASIER
6,86.12,9.93,8,1,88.96,2,HARDER
12,79.21,34.79,20,3,59.21,4,SAME
9,81.97,27.83,11,2,86.46,3,HARDER
4,100.0,16.46,4,0,100.0,1,HARDER
12,75.23,37.85,17,4,70.13,4,EASIER
4,99.5,11.21,4,0,93.49,1,HARDER
4,80.37,15.63,5,1,89.19,1,HARDER
4,99.18,11.01,4,0,99.8,1,HARDER
6,99.89,14.4,7,0,98.37,2,HARDER
9,88.85,17.97,13,1,100.0,3,HARDER
4,79.31,12.02,7,1,91.24,1,HARDER
9,76.72,25.28,14,3,82.14,3,HARDER
4,100.0,9.39,4,0,97.1,1,HARDER
16,87.7,23.58,20,2,74.26,5,HARDER
16,70.12,36.32,28,7,52.53,5,EASIER
6,59.12,21.26,14,4,51.84,2,EASIER
4,79.5,14.66,7,1,100.0,1,HARDER
12,79.33,22.72,17,3,67.78,4,SAME
16,88.24,24.82,20,2,81.57,5,HARDER
4,100.0,10.16,4,0,100.0,1,HARDER
4,100.0,13.69,4,0,97.17,1,HARDER
9,89.77,16.49,10,1,100.0,3,HARDER
6,67.77,26.65,11,3,75.1,2,SAME
9,76.01,25.62,14,3,72.78,3,SAME
16,78.98,17.95,25,4,59.96,5,SAME
12,84.95,22.34,17,2,77.09,4,HARDER
4,67.74,28.21,8,2,69.4,1,EASIER
9,88.54,13.81,11,1,98.33,3,HARDER
16,90.19,21.69,20,2,82.69,5,HARDER
9,89.72,22.06,11,1,89.15,3,HARDER
16,77.36,37.13,22,5,55.89,5,EASIER
16,69.23,29.35,33,7,33.5,5,EASIER
12,86.88,22.59,17,2,82.6,4,HARDER
12,78.89,32.07,20,3,65.15,4,SAME
16,82.35,35.46,20,3,84.16,5,HARDER
12,70.43,22.87,22,5,56.19,4,EASIER
4,99.76,8.78,4,0,98.61,1,HARDER
12,74.92,40.69,21,4,66.03,4,SAME
6,99.77,11.79,6,0,92.52,2,HARDER
12,79.26,30.29,20,3,77.88,4,SAME
12,66.31,27.91,20,6,52.53,4,EASIER
6,75.48,18.59,8,2,99.38,2,HARDER
16,84.03,27.58,23,3,79.89,5,HARDER
9,99.34,19.13,9,0,95.8,3,HARDER
16,73.05,46.94,33,6,32.92,5,EASIER
12,76.78,31.24,21,4,52.2,4,EASIER
4,100.0,12.38,4,0,100.0,1,HARDER
12,84.67,26.44,15,2,71.17,4,HARDER
9,82.04,26.82,11,2,84.64,3,HARDER
9,75.05,41.17,16,3,84.59,3,EASIER
9,80.87,27.74,13,2,80.77,3,HARDER
4,98.49,14.19,4,0,99.45,1,HARDER
12,66.56,49.34,28,6,48.8,4,EASIER
9,100.0,14.7,11,0,91.54,3,HARDER
9,74.05,19.33,14,3,59.62,3,SAME
16,79.67,26.5,24,4,86.35,5,SAME
16,72.93,29.28,25,6,57.08,5,EASIER
4,100.0,14.47,4,0,100.0,1,HARDER
6,100.0,12.41,6,0,94.67,2,HARDER
6,74.0,20.62,9,2,80.99,2,SAME
12,83.9,29.48,16,2,68.73,4,HARDER
4,100.0,10.26,4,0,92.4,1,HARDER
12,90.42,16.52,15,1,89.97,4,HARDER
6,66.13,17.71,12,3,64.98,2,EASIER
6,68.46,16.34,10,3,82.51,2,EASIER
16,71.88,36.73,29,6,50.64,5,EASIER
4,99.4,9.87,4,0,96.31,1,HARDER
4,100.0,10.73,4,0,98.54,1,HARDER
6,98.87,8.96,6,0,100.0,2,HARDER
9,91.98,14.66,12,1,91.16,3,HARDER
6,100.0,10.9,6,0,97.33,2,HARDER
12,74.94,32.11,19,4,65.18,4,SAME
9,81.24,19.72,15,2,74.63,3,SAME
6,76.42,26.57,9,2,88.83,2,SAME
4,100.0,8.12,4,0,100.0,1,HARDER
6,75.34,13.62,10,2,79.08,2,HARDER
9,73.58,32.29,13,3,68.07,3,SAME
4,100.0,11.36,4,0,93.78,1,HARDER
4,98.32,16.21,4,0,99.69,1,HARDER
12,94.54,21.57,13,1,93.18,4,HARDER
4,100.0,10.11,4,0,95.81,1,HARDER
12,91.34,20.57,13,1,99.82,4,HARDER
4,100.0,18.91,4,0,86.28,1,HARDER
12,80.62,28.06,16,3,69.27,4,SAME
12,79.79,28.65,17,3,71.91,4,EASIER
9,75.26,28.02,12,3,79.16,3,EASIER
12,92.83,21.03,15,1,98.76,4,HARDER
12,86.89,21.97,15,2,72.65,4,HARDER
9,99.31,14.29,9,0,100.0,3,HARDER
12,85.39,16.11,16,2,80.12,4,HARDER
9,89.24,27.2,11,1,90.62,3,HARDER
16,82.11,23.76,25,4,55.24,5,SAME
9,92.13,17.95,12,1,90.52,3,HARDER
9,75.59,38.27,15,3,73.04,3,EASIER
4,99.61,14.08,4,0,93.4,1,HARDER
12,79.38,28.4,15,3,79.22,4,SAME
4,100.0,11.51,4,0,100.0,1,HARDER
9,71.07,16.98,14,4,62.07,3,SAME
6,99.65,10.93,6,0,100.0,2,HARDER
16,94.01,19.23,18,1,79.67,5,HARDER
12,79.19,24.8,21,3,64.12,4,SAME
4,100.0,9.58,4,0,99.2,1,SAME
6,74.49,21.46,9,2,91.56,2,HARDER
9,75.07,14.68,16,3,68.51,3,SAME
9,99.8,11.88,9,0,100.0,3,HARDER
12,80.94,30.22,21,3,74.46,4,SAME
12,81.47,31.39,18,3,63.81,4,EASIER
9,70.27,21.18,14,4,80.47,3,EASIER
6,74.92,22.67,12,2,71.35,2,HARDER
9,82.12,17.32,12,2,96.36,3,HARDER
16,83.56,36.18,23,3,80.89,5,HARDER
16,76.54,22.04,23,5,67.28,5,EASIER
4,100.0,19.64,4,0,95.07,1,HARDER
12,87.96,25.05,15,2,88.06,4,HARDER
12,70.62,25.39,21,5,61.45,4,EASIER
9,75.21,24.48,14,3,72.32,3,SAME
12,69.39,26.01,19,5,57.53,4,EASIER
9,99.43,18.1,9,0,96.53,3,HARDER
4,99.33,16.25,4,0,96.78,1,HARDER
4,100.0,13.49,4,0,97.55,1,HARDER
6,98.74,10.78,7,0,98.69,2,HARDER
16,66.41,33.52,25,8,40.69,5,EASIER
16,89.71,18.72,18,2,81.04,5,HARDER
4,99.43,18.87,4,0,100.0,1,HARDER
12,65.23,43.52,23,6,51.48,4,EASIER
6,99.16,11.23,6,0,99.07,2,HARDER
9,88.94,19.48,14,1,99.28,3,HARDER
16,68.97,34.85,26,7,44.44,5,EASIER
6,83.77,22.1,8,1,83.78,2,HARDER
12,100.0,18.88,12,0,98.02,4,HARDER
6,73.58,11.88,11,2,93.17,2,SAME
12,91.74,18.51,13,1,94.32,4,HARDER
16,77.57,57.75,24,5,55.97,5,EASIER
16,80.47,37.06,21,4,64.4,5,SAME
9,74.68,28.62,13,3,83.28,3,SAME
9,90.33,19.14,11,1,86.38,3,HARDER
4,65.88,21.96,6,2,79.77,1,SAME
12,65.26,34.19,25,6,37.87,4,EASIER
9,100.0,17.61,9,0,100.0,3,HARDER
6,99.95,15.52,6,0,100.0,2,HARDER
6,99.59,11.64,6,0,89.57,2,HARDER
16,76.52,36.57,22,5,58.59,5,EASIER
4,80.63,12.27,6,1,82.24,1,HARDER
6,88.41,15.4,7,1,86.27,2,HARDER
9,81.19,25.46,11,2,83.84,3,HARDER
16,71.75,51.66,30,6,54.55,5,EASIER
6,61.3,21.25,14,4,65.35,2,EASIER
9,77.16,25.91,13,3,77.11,3,HARDER
16,58.51,81.66,36,11,4.07,5,EASIER
16,74.73,30.85,26,5,43.89,5,EASIER
9,73.7,24.08,13,3,78.22,3,SAME
16,67.69,53.82,33,8,25.28,5,EASIER
9,80.23,23.34,13,2,83.98,3,SAME
16,87.24,36.05,22,2,81.14,5,HARDER
16,70.56,30.06,27,7,53.21,5,EASIER
4,98.8,9.78,4,0,97.46,1,HARDER
9,80.82,26.89,12,2,87.22,3,SAME
12,92.07,25.54,16,1,79.98,4,HARDER
9,100.0,22.55,9,0,93.39,3,HARDER
9,70.2,19.44,16,4,67.75,3,SAME
12,82.14,36.62,15,3,88.35,4,SAME
4,100.0,7.69,4,0,100.0,1,HARDER
4,100.0,8.84,4,0,100.0,1,HARDER
4,68.61,18.8,9,2,94.58,1,SAME
9,100.0,23.2,9,0,92.12,3,HARDER
16,73.83,44.19,27,6,46.65,5,EASIER
16,83.97,23.46,20,3,83.43,5,SAME
12,84.86,25.2,14,2,77.14,4,SAME
16,64.14,54.73,33,9,10.7,5,EASIER
16,84.76,17.53,22,3,78.16,5,HARDER
4,81.2,19.95,5,1,94.13,1,HARDER
6,98.73,16.65,7,0,90.21,2,HARDER
12,60.93,53.86,24,8,25.37,4,EASIER
9,90.34,11.52,11,1,100.0,3,HARDER
6,66.64,22.2,10,3,70.05,2,EASIER
9,89.38,26.08,10,1,82.12,3,HARDER
9,63.61,28.53,18,5,54.99,3,EASIER
4,99.29,10.18,4,0,98.1,1,HARDER
6,100.0,11.87,6,0,100.0,2,HARDER
9,71.72,21.95,13,3,75.07,3,HARDER
6,100.0,20.3,6,0,100.0,2,HARDER
4,81.22,13.82,6,1,84.72,1,HARDER
9,82.78,24.35,12,2,85.09,3,HARDER
9,83.57,17.71,11,2,81.61,3,HARDER
16,57.5,28.77,41,12,1.26,5,EASIER
6,74.82,37.95,9,2,66.59,2,SAME
12,85.66,15.17,14,2,92.09,4,HARDER
6,99.41,20.44,6,0,100.0,2,HARDER
4,100.0,11.83,4,0,97.22,1,HARDER
12,74.6,17.69,18,4,67.8,4,SAME
12,93.03,19.25,13,1,96.08,4,HARDER
4,79.9,11.19,6,1,91.86,1,HARDER
9,91.8,23.84,10,1,97.59,3,HARDER
6,100.0,16.33,6,0,100.0,2,HARDER
9,90.99,22.76,10,1,93.97,3,HARDER
4,99.9,9.08,4,0,100.0,1,HARDER
9,80.82,31.98,13,2,70.6,3,SAME
6,68.53,24.97,10,3,70.0,2,SAME
12,77.82,19.94,17,3,73.92,4,EASIER
6,75.23,16.15,9,2,95.28,2,HARDER
9,79.39,16.07,15,2,75.71,3,SAME
16,82.32,34.83,25,3,67.01,5,SAME
16,85.34,31.73,19,3,87.93,5,HARDER
16,77.16,37.05,28,5,55.26,5,EASIER
12,80.78,29.12,16,3,84.02,4,HARDER
16,79.93,37.41,22,4,72.51,5,SAME
16,69.99,59.53,31,7,25.41,5,EASIER
6,99.53,13.69,6,0,100.0,2,HARDER
4,100.0,6.62,4,0,90.56,1,HARDER
6,100.0,7.66,7,0,100.0,2,HARDER
16,85.35,47.06,23,3,53.34,5,SAME
12,85.92,18.7,15,2,82.33,4,HARDER
9,80.76,23.29,12,2,78.28,3,SAME
9,89.34,13.57,12,1,93.78,3,HARDER
6,73.69,29.76,9,2,99.48,2,HARDER
9,99.04,12.76,9,0,100.0,3,HARDER
6,85.81,15.52,8,1,75.05,2,HARDER
4,99.24,8.86,4,0,100.0,1,HARDER
4,79.73,15.81,6,1,82.28,1,HARDER
12,87.62,21.23,17,2,86.86,4,HARDER
6,67.25,29.59,9,3,77.0,2,SAME
9,75.38,23.1,16,3,61.51,3,SAME
4,80.02,18.09,6,1,91.18,1,HARDER
12,79.23,18.28,16,3,73.42,4,HARDER
6,100.0,10.58,6,0,100.0,2,HARDER
6,74.96,20.98,9,2,81.23,2,HARDER
9,90.87,12.01,10,1,100.0,3,HARDER
6,86.41,25.65,7,1,98.79,2,HARDER
9,81.88,20.51,12,2,84.21,3,HARDER
9,68.82,19.11,13,4,87.5,3,SAME
16,70.02,24.3,27,7,43.79,5,EASIER
4,65.9,14.27,6,2,81.82,1,SAME
16,76.93,34.34,26,5,63.78,5,EASIER
12,85.44,14.06,15,2,84.42,4,HARDER
4,81.17,11.81,6,1,91.78,1,HARDER
16,89.72,38.74,19,2,92.84,5,HARDER
4,67.09,14.0,8,2,83.99,1,SAME
12,80.97,24.53,18,3,78.69,4,EASIER
6,83.47,14.63,9,1,82.01,2,HARDER
12,91.75,21.56,14,1,94.35,4,HARDER
6,99.89,9.93,6,0,98.07,2,HARDER
16,84.58,25.53,22,3,62.41,5,SAME
16,76.77,39.65,24,5,65.24,5,EASIER
9,80.94,22.63,12,2,79.68,3,HARDER
9,81.68,24.38,12,2,79.48,3,HARDER
4,67.52,18.75,7,2,92.97,1,SAME
6,76.17,20.57,8,2,92.93,2,SAME
6,99.54,10.28,6,0,98.5,2,HARDER
9,76.07,21.87,15,3,65.67,3,HARDER
12,92.7,30.32,13,1,90.68,4,HARDER
12,80.18,28.71,17,3,74.9,4,SAME
16,78.36,24.23,23,4,67.31,5,HARDER
16,68.11,46.61,28,7,35.51,5,EASIER
6,64.91,22.67,11,3,68.65,2,SAME
16,62.65,47.16,30,9,9.21,5,EASIER
4,80.78,15.84,5,1,84.27,1,HARDER
4,99.44,16.14,4,0,100.0,1,HARDER
9,82.67,21.81,13,2,72.66,3,HARDER
9,73.04,30.07,15,3,67.13,3,HARDER
4,66.08,20.13,6,2,81.27,1,EASIER
12,75.49,20.16,20,4,57.07,4,SAME
4,65.97,12.74,7,2,73.06,1,SAME
6,86.68,13.43,7,1,89.8,2,HARDER
4,81.2,18.37,5,1,89.17,1,HARDER
16,68.28,39.07,31,7,35.69,5,EASIER
16,72.88,36.04,27,6,29.05,5,EASIER
4,100.0,7.69,4,0,100.0,1,HARDER
6,65.99,24.53,11,3,75.53,2,EASIER
6,100.0,12.97,6,0,100.0,2,HARDER
6,64.81,19.0,11,3,57.45,2,EASIER
9,90.83,18.61,10,1,100.0,3,HARDER
6,98.7,10.26,6,0,93.49,2,HARDER
4,79.89,12.85,5,1,83.79,1,HARDER
4,80.95,9.28,6,1,93.57,1,HARDER
4,80.14,21.47,7,1,90.84,1,HARDER
6,84.51,17.03,8,1,100.0,2,HARDER
16,83.61,15.66,22,3,63.64,5,HARDER
9,69.39,33.72,18,4,54.91,3,EASIER
4,67.02,16.9,8,2,74.14,1,SAME
4,80.19,15.77,7,1,91.12,1,HARDER
6,100.0,16.14,6,0,100.0,2,HARDER
12,86.23,26.3,19,2,80.7,4,SAME
16,76.78,23.86,27,5,63.97,5,EASIER
12,81.0,37.75,16,3,84.21,4,HARDER
9,74.83,24.74,13,3,79.38,3,EASIER
4,68.43,13.82,7,2,78.61,1,SAME
6,67.07,24.33,11,3,53.92,2,SAME
6,66.06,19.3,9,3,76.29,2,EASIER
6,60.5,31.27,12,4,58.11,2,EASIER
9,64.36,31.65,16,5,49.09,3,EASIER
4,100.0,21.11,4,0,93.09,1,HARDER
12,75.07,27.57,20,4,62.35,4,EASIER
12,76.25,29.43,17,4,58.37,4,SAME
6,66.46,17.18,12,3,83.82,2,EASIER
6,66.4,16.73,12,3,75.21,2,EASIER
12,70.99,50.84,22,5,52.3,4,EASIER
9,88.74,16.64,10,1,93.9,3,HARDER
4,100.0,11.99,4,0,100.0,1,HARDER
6,99.41,9.53,6,0,100.0,2,SAME
16,65.88,35.42,27,9,20.4,5,HARDER
16,63.63,37.39,29,9,31.74,5,EASIER
12,79.14,24.69,22,3,66.79,4,SAME
4,100.0,9.77,4,0,96.25,1,HARDER
12,86.42,27.93,17,2,77.61,4,SAME
6,98.62,14.19,6,0,97.34,2,HARDER
9,81.77,25.55,11,2,85.11,3,HARDER
6,98.86,9.5,6,0,100.0,2,HARDER
6,76.82,10.52,8,2,91.47,2,HARDER
12,79.55,28.62,18,3,64.2,4,SAME
16,93.68,36.07,18,1,87.81,5,HARDER
9,77.32,24.78,16,3,60.81,3,SAME
16,84.78,37.51,22,3,78.42,5,HARDER
12,66.32,42.05,22,6,58.25,4,EASIER
12,93.2,34.6,15,1,91.16,4,HARDER
12,80.52,20.09,20,3,76.38,4,HARDER
9,100.0,13.31,9,0,100.0,3,HARDER
9,90.17,17.03,11,1,90.36,3,HARDER
16,77.23,35.69,25,5,67.33,5,EASIER
16,78.81,34.55,24,4,63.48,5,SAME
16,79.41,24.97,26,4,57.29,5,SAME
4,100.0,9.64,4,0,100.0,1,HARDER
9,75.34,21.08,12,3,69.02,3,SAME
4,65.88,22.01,6,2,92.83,1,SAME
9,80.96,21.88,13,2,82.25,3,HARDER
12,81.63,23.03,17,3,72.78,4,SAME
6,99.16,11.22,6,0,100.0,2,HARDER
9,89.83,20.0,10,1,90.79,3,HARDER
9,100.0,28.57,9,0,100.0,3,HARDER
12,76.43,39.27,16,4,76.63,4,SAME
12,92.81,30.91,13,1,96.52,4,HARDER
4,79.75,12.23,5,1,85.16,1,HARDER
12,92.06,18.77,14,1,88.19,4,HARDER
16,77.34,31.6,25,5,53.01,5,SAME
12,74.55,30.41,19,4,82.67,4,HARDER
4,67.11,24.58,6,2,77.06,1,SAME
9,90.12,21.72,11,1,100.0,3,HARDER
4,100.0,12.14,4,0,91.43,1,HARDER
4,65.51,16.2,7,2,88.78,1,SAME
6,84.35,14.7,7,1,100.0,2,HARDER
12,86.68,29.55,14,2,82.43,4,HARDER
4,79.61,11.56,6,1,94.02,1,HARDER
4,79.84,9.71,5,1,96.88,1,HARDER
9,69.01,24.77,15,4,64.53,3,SAME
4,80.22,11.96,6,1,88.88,1,SAME
16,73.66,49.68,24,6,64.12,5,SAME
4,99.21,7.46,4,0,97.05,1,HARDER
6,99.36,8.4,6,0,100.0,2,HARDER
12,80.09,35.72,15,3,75.47,4,SAME
16,88.57,24.74,21,2,71.79,5,HARDER
9,90.44,20.5,11,1,96.81,3,HARDER
16,76.41,39.43,26,5,55.36,5,EASIER
12,99.27,20.57,14,0,100.0,4,HARDER
16,64.38,68.22,31,9,29.16,5,EASIER
16,82.72,26.52,20,3,69.22,5,SAME
4,78.53,9.68,5,1,85.3,1,HARDER
16,73.52,24.14,24,6,61.18,5,EASIER
6,84.78,10.5,9,1,100.0,2,HARDER
6,87.47,17.68,9,1,99.43,2,HARDER
12,76.21,15.34,18,4,68.9,4,SAME
6,99.8,12.84,6,0,100.0,2,HARDER
12,99.75,19.38,13,0,97.1,4,HARDER
6,74.34,19.24,10,2,86.35,2,SAME
4,67.01,22.83,6,2,86.75,1,SAME
9,70.04,24.75,13,4,77.89,3,SAME
12,67.89,20.27,21,6,42.95,4,EASIER
4,100.0,16.43,4,0,100.0,1,HARDER
16,76.69,28.72,25,5,60.71,5,EASIER
16,77.59,17.51,22,4,63.81,5,EASIER
16,78.96,24.7,23,4,57.32,5,SAME
16,69.02,27.41,31,7,30.35,5,EASIER
12,93.81,20.0,15,1,94.97,4,HARDER
9,88.38,20.13,10,1,100.0,3,HARDER
9,63.93,43.32,14,5,61.46,3,EASIER
16,71.79,31.76,29,6,39.06,5,EASIER
6,84.67,21.27,9,1,84.11,2,SAME
6,100.0,21.76,6,0,92.57,2,HARDER
6,75.49,20.96,11,2,96.61,2,SAME
4,65.91,15.17,7,2,81.15,1,SAME
9,74.51,27.27,15,3,75.25,3,SAME
9,88.39,23.96,12,1,93.73,3,HARDER
12,86.85,17.33,15,2,85.17,4,HARDER
12,100.0,13.15,13,0,100.0,4,HARDER
4,82.43,12.89,5,1,80.82,1,HARDER
9,81.22,24.81,12,2,72.61,3,SAME
6,99.78,14.12,7,0,100.0,2,HARDER
12,86.4,22.22,18,2,66.14,4,HARDER
12,66.49,40.25,22,6,49.59,4,EASIER
4,68.44,20.69,6,2,84.6,1,EASIER
4,98.71,18.06,4,0,93.11,1,HARDER
6,100.0,25.32,7,0,100.0,2,HARDER
4,79.99,21.26,6,1,90.08,1,HARDER
6,100.0,14.85,7,0,97.94,2,HARDER
12,100.0,15.41,14,0,100.0,4,HARDER
4,98.6,10.1,4,0,100.0,1,HARDER
9,80.99,19.4,11,2,79.68,3,HARDER
6,84.96,15.63,9,1,95.21,2,HARDER
16,88.14,29.3,18,2,79.22,5,HARDER
9,82.26,16.74,18,2,66.91,3,SAME
9,82.21,11.67,13,2,78.83,3,HARDER
9,90.74,26.98,13,1,99.29,3,HARDER
6,86.16,12.45,8,1,79.72,2,HARDER
4,79.49,14.22,5,1,93.77,1,HARDER
4,78.43,16.87,6,1,94.05,1,HARDER
6,86.67,19.6,9,1,97.48,2,HARDER
4,99.82,10.45,4,0,96.71,1,HARDER
6,99.88,11.24,6,0,96.88,2,HARDER
9,88.37,20.55,10,1,100.0,3,HARDER
4,79.56,14.08,6,1,84.55,1,SAME
6,86.1,23.38,7,1,82.43,2,SAME
12,75.42,32.05,18,4,63.14,4,SAME
12,81.68,32.4,15,3,67.56,4,SAME
9,91.55,18.35,11,1,89.24,3,HARDER
12,85.98,27.72,16,2,90.86,4,HARDER
9,74.75,13.1,13,3,66.7,3,HARDER
16,71.36,53.39,25,6,55.78,5,EASIER
12,73.05,32.48,17,4,69.71,4,EASIER
12,87.12,26.82,15,2,88.74,4,SAME
9,68.54,35.6,16,4,52.85,3,SAME
16,84.96,24.41,21,3,72.41,5,HARDER
12,79.95,26.14,17,3,60.16,4,SAME
16,72.07,40.24,29,6,44.69,5,EASIER
12,73.68,25.8,17,4,83.4,4,SAME
4,79.77,17.37,5,1,89.49,1,HARDER
4,100.0,11.15,4,0,99.02,1,HARDER
16,82.01,25.55,21,3,66.95,5,SAME
16,70.14,28.46,27,7,40.49,5,EASIER
16,72.26,25.93,24,6,52.64,5,EASIER
6,87.24,8.7,8,1,99.82,2,HARDER
6,87.25,15.86,9,1,76.58,2,HARDER
9,89.38,16.77,11,1,78.83,3,HARDER
12,91.55,29.07,14,1,99.61,4,HARDER
9,75.76,34.87,15,3,73.84,3,SAME
4,99.47,13.55,4,0,100.0,1,HARDER
12,80.88,34.99,16,3,74.38,4,HARDER
16,84.1,27.97,22,3,63.81,5,HARDER
9,81.27,16.15,12,2,87.39,3,HARDER
16,65.43,39.96,29,8,31.66,5,EASIER
12,78.17,24.86,17,3,74.54,4,SAME
9,90.51,12.66,11,1,100.0,3,HARDER
6,87.67,13.64,11,1,97.82,2,HARDER
6,74.19,11.56,9,2,80.43,2,SAME
9,74.78,24.44,15,3,77.43,3,SAME
9,68.0,22.24,16,4,74.08,3,EASIER
4,59.54,31.11,9,3,78.29,1,EASIER
12,92.13,22.25,14,1,91.73,4,HARDER
12,69.68,28.69,18,5,43.14,4,EASIER
6,87.31,8.76,8,1,97.22,2,HARDER
12,100.0,16.15,12,0,98.93,4,HARDER
16,67.88,27.06,28,8,46.23,5,EASIER
9,80.59,18.29,15,2,75.42,3,SAME
12,66.94,40.92,25,6,44.66,4,EASIER
12,73.15,33.41,20,4,67.52,4,EASIER
16,84.65,21.84,23,3,70.44,5,SAME
4,80.92,15.06,6,1,93.91,1,HARDER
12,74.16,21.02,17,4,81.56,4,SAME
16,84.11,36.43,22,3,73.98,5,SAME
6,98.65,11.75,6,0,99.02,2,HARDER
6,68.8,18.38,11,3,82.16,2,EASIER
12,100.0,27.54,12,0,100.0,4,HARDER
16,79.85,26.68,25,4,54.25,5,EASIER
16,93.7,29.76,18,1,81.23,5,HARDER
6,75.82,25.97,11,2,77.89,2,SAME
4,99.98,9.47,4,0,93.87,1,HARDER
9,75.76,22.16,16,3,66.38,3,EASIER
4,81.7,20.2,5,1,92.37,1,HARDER
6,100.0,18.4,6,0,100.0,2,HARDER
9,90.12,20.53,10,1,100.0,3,HARDER
12,99.87,17.73,12,0,100.0,4,HARDER
4,100.0,14.93,5,0,100.0,1,HARDER
16,89.66,47.57,19,2,81.11,5,HARDER
12,81.78,33.91,18,3,75.46,4,SAME
12,65.7,34.08,21,6,49.5,4,EASIER
16,93.98,19.28,17,1,100.0,5,HARDER
16,94.51,19.24,18,1,94.75,5,HARDER
12,78.16,28.22,19,3,73.68,4,SAME
6,59.28,30.67,15,4,58.38,2,EASIER
4,99.1,13.84,4,0,87.91,1,HARDER
16,69.68,29.89,28,7,50.7,5,EASIER
12,85.63,14.32,15,2,70.87,4,HARDER
16,79.84,30.95,22,4,70.7,5,EASIER
6,84.39,18.36,8,1,83.04,2,HARDER
4,98.54,8.67,4,0,100.0,1,HARDER
12,91.24,26.18,14,1,83.12,4,HARDER
12,79.68,34.49,17,3,85.58,4,SAME
4,68.88,15.6,8,2,76.56,1,SAME
4,100.0,8.36,4,0,95.99,1,HARDER
4,100.0,19.61,4,0,89.74,1,HARDER
6,99.23,11.1,6,0,97.12,2,HARDER
6,86.87,27.05,9,1,96.74,2,HARDER
9,80.19,37.63,12,2,84.73,3,HARDER
9,92.06,14.1,13,1,92.27,3,HARDER
6,75.52,18.38,8,2,76.38,2,SAME
4,79.02,12.59,5,1,94.64,1,HARDER
6,86.46,14.16,8,1,100.0,2,HARDER
6,74.23,20.22,10,2,86.73,2,SAME
4,81.65,12.05,6,1,100.0,1,HARDER
12,60.32,42.78,23,7,56.8,4,EASIER
4,98.6,7.33,4,0,95.39,1,HARDER
12,92.57,30.9,14,1,95.6,4,HARDER
6,74.76,27.49,9,2,85.25,2,SAME
4,79.31,7.7,6,1,76.53,1,HARDER
4,98.04,9.95,4,0,100.0,1,HARDER
12,84.17,21.15,18,2,84.91,4,HARDER
6,100.0,14.83,6,0,100.0,2,HARDER
6,99.13,11.42,6,0,84.72,2,HARDER
4,98.81,10.41,5,0,98.92,1,HARDER
12,93.06,29.02,14,1,82.0,4,HARDER
6,67.71,21.78,13,3,78.58,2,EASIER
16,68.49,51.16,28,7,43.55,5,EASIER
16,68.9,24.18,27,7,42.85,5,EASIER
6,100.0,12.07,6,0,94.48,2,HARDER
4,98.99,13.05,4,0,91.89,1,HARDER
6,74.69,15.23,8,2,97.72,2,HARDER
9,91.66,29.75,11,1,90.12,3,HARDER
9,68.41,29.3,16,4,65.97,3,EASIER
16,76.48,38.1,25,5,65.02,5,EASIER
6,99.7,13.06,6,0,95.48,2,HARDER
9,76.33,18.42,15,3,84.85,3,EASIER
12,81.49,19.19,15,3,80.86,4,SAME
4,100.0,20.21,4,0,99.17,1,HARDER
16,60.01,36.92,34,10,5.61,5,EASIER
12,91.09,26.08,13,1,98.68,4,HARDER
12,66.51,32.64,23,6,53.35,4,EASIER
4,79.34,10.18,5,1,82.33,1,SAME
16,75.97,27.24,22,5,62.92,5,EASIER
12,80.33,28.94,15,3,64.56,4,HARDER
16,71.69,36.25,23,6,47.37,5,EASIER
6,61.35,21.74,12,4,75.7,2,EASIER
12,68.26,29.09,18,5,72.31,4,EASIER
4,100.0,8.01,4,0,100.0,1,HARDER
6,86.41,19.43,7,1,98.27,2,HARDER
4,100.0,18.71,4,0,100.0,1,HARDER
4,79.7,14.2,5,1,97.74,1,HARDER
6,100.0,16.49,6,0,100.0,2,HARDER
9,81.81,15.69,13,2,75.91,3,SAME
6,99.69,20.88,6,0,98.43,2,HARDER
6,74.31,23.33,11,2,87.66,2,SAME
4,79.56,22.43,5,1,97.45,1,HARDER
9,81.19,16.74,14,2,71.23,3,HARDER
12,66.69,36.77,19,6,55.21,4,EASIER
16,75.86,25.16,26,5,58.7,5,EASIER
4,65.35,16.11,6,2,83.94,1,EASIER
12,70.49,39.02,20,5,69.8,4,EASIER
4,99.47,9.61,4,0,96.36,1,HARDER
6,97.65,11.97,6,0,93.32,2,HARDER
6,75.83,20.09,8,2,87.6,2,HARDER
4,100.0,13.53,4,0,90.64,1,HARDER
16,80.1,31.99,23,4,73.13,5,HARDER
12,86.87,20.39,17,2,71.7,4,HARDER
4,78.93,18.91,5,1,97.0,1,HARDER
12,79.17,34.49,16,3,76.01,4,SAME
12,71.77,42.3,20,5,53.14,4,EASIER
16,69.95,57.17,27,7,46.46,5,EASIER
9,88.23,14.69,11,1,84.02,3,HARDER
6,75.36,12.55,8,2,80.34,2,HARDER
9,90.53,19.75,10,1,98.46,3,HARDER
6,84.21,20.22,7,1,91.6,2,HARDER
9,88.85,15.15,11,1,94.63,3,HARDER
12,86.04,15.17,16,2,83.37,4,HARDER
12,74.07,32.47,20,4,61.8,4,EASIER
9,76.39,24.44,14,3,76.54,3,SAME
9,99.55,15.7,9,0,100.0,3,HARDER
4,100.0,9.01,6,0,89.1,1,HARDER
16,88.01,24.21,22,2,76.88,5,HARDER
12,57.92,36.24,28,8,27.07,4,EASIER
16,77.14,45.95,24,5,47.96,5,SAME
16,75.75,54.41,26,5,54.66,5,EASIER
16,75.8,32.5,24,5,56.87,5,SAME
16,88.31,38.2,19,2,73.74,5,HARDER
9,68.45,34.91,15,4,47.81,3,EASIER
6,100.0,11.93,6,0,100.0,2,HARDER
12,81.29,19.29,19,3,71.52,4,SAME
4,81.29,19.04,6,1,89.0,1,HARDER
9,99.44,13.14,10,0,95.43,3,HARDER
12,80.99,18.36,15,3,71.38,4,SAME
9,100.0,13.67,9,0,100.0,3,HARDER
4,98.97,10.6,4,0,89.75,1,HARDER
9,82.95,25.28,13,2,76.83,3,HARDER
4,100.0,24.5,5,0,95.69,1,HARDER
12,70.29,39.14,22,5,49.36,4,EASIER
16,93.41,19.37,17,1,100.0,5,HARDER
12,70.32,26.2,21,5,69.23,4,EASIER
6,100.0,20.54,6,0,94.07,2,HARDER
16,62.39,67.92,38,10,0.0,5,EASIER
4,100.0,21.24,4,0,91.07,1,HARDER
16,88.08,30.64,20,2,88.74,5,HARDER
12,85.99,26.79,16,2,79.17,4,HARDER
4,80.11,10.68,5,1,99.64,1,HARDER
12,80.55,32.77,18,3,69.84,4,SAME
12,84.82,27.19,15,2,69.24,4,HARDER
9,69.29,18.81,17,4,70.26,3,SAME
4,99.94,18.09,4,0,100.0,1,HARDER
9,69.27,36.85,13,4,69.98,3,SAME
9,73.49,18.43,15,3,80.1,3,SAME
4,99.06,13.37,4,0,100.0,1,HARDER
9,74.93,24.27,13,3,79.65,3,SAME
6,100.0,13.46,6,0,100.0,2,HARDER
16,84.64,32.33,19,3,80.94,5,HARDER
4,79.29,25.88,5,1,89.49,1,SAME
4,98.9,10.65,4,0,97.12,1,HARDER
4,100.0,18.19,4,0,100.0,1,HARDER
9,65.14,35.16,14,5,54.9,3,EASIER
9,100.0,21.44,9,0,100.0,3,HARDER
16,60.51,43.35,32,10,15.0,5,EASIER
9,89.57,16.2,10,1,87.18,3,HARDER
6,99.78,21.51,7,0,91.36,2,HARDER
12,67.69,40.55,24,6,36.02,4,EASIER
16,70.43,47.34,27,7,36.57,5,EASIER
6,76.63,17.88,8,2,73.1,2,HARDER
4,100.0,18.29,4,0,100.0,1,HARDER
16,72.98,39.89,25,6,47.96,5,EASIER
9,76.12,23.89,16,3,68.18,3,SAME
9,74.82,19.86,16,3,67.13,3,SAME
4,98.99,8.74,6,0,100.0,1,HARDER
16,68.68,34.2,27,7,46.97,5,EASIER
12,99.97,19.57,12,0,100.0,4,HARDER
16,83.43,20.51,20,3,86.86,5,HARDER
16,84.68,35.22,23,3,61.64,5,HARDER
4,100.0,16.91,4,0,100.0,1,HARDER
16,71.27,35.53,28,7,34.4,5,EASIER
12,79.88,17.03,16,3,69.82,4,HARDER
4,78.78,14.95,5,1,87.34,1,SAME
6,100.0,10.02,6,0,93.81,2,HARDER
12,79.32,34.65,15,3,85.63,4,HARDER
16,73.92,25.83,24,5,60.13,5,SAME
9,74.18,17.92,14,3,71.62,3,SAME
9,74.82,36.22,14,3,69.75,3,SAME
12,68.1,36.71,22,5,61.81,4,SAME
16,75.01,21.77,27,5,60.82,5,EASIER
16,61.55,45.29,31,10,26.39,5,EASIER
9,82.08,16.89,14,2,93.92,3,HARDER
9,90.97,19.08,10,1,77.82,3,HARDER
6,59.92,34.9,14,4,82.71,2,EASIER
6,74.94,19.43,8,2,77.92,2,EASIER
16,79.46,36.5,23,4,72.1,5,SAME
4,99.78,12.92,4,0,96.15,1,HARDER
16,88.58,39.98,23,2,78.08,5,HARDER
9,68.78,21.43,14,4,78.48,3,EASIER
4,66.52,8.64,9,2,75.04,1,EASIER
4,100.0,17.34,4,0,95.36,1,HARDER
6,85.55,10.3,7,1,97.75,2,HARDER
4,100.0,9.91,4,0,100.0,1,HARDER
9,80.86,25.63,12,2,83.03,3,HARDER
6,76.75,41.32,8,2,73.59,2,SAME
16,75.36,35.5,22,5,71.04,5,SAME
4,98.75,16.44,4,0,99.36,1,HARDER
4,80.05,16.36,5,1,78.72,1,SAME
16,74.61,24.83,27,5,67.41,5,SAME
6,74.83,21.98,8,2,79.5,2,SAME
6,74.37,19.92,11,2,78.31,2,EASIER
6,84.79,22.72,7,1,100.0,2,HARDER
4,99.71,10.96,5,0,100.0,1,HARDER
12,92.58,19.99,14,1,95.18,4,HARDER
12,84.29,22.12,14,2,78.32,4,HARDER
12,78.65,29.72,16,3,82.8,4,EASIER
4,97.81,8.39,4,0,94.98,1,HARDER
9,83.0,24.0,16,2,70.3,3,SAME
6,85.11,15.35,7,1,100.0,2,HARDER
6,85.07,19.45,7,1,88.21,2,HARDER
4,67.29,13.39,7,2,73.79,1,SAME
4,79.55,11.21,6,1,90.0,1,HARDER
16,88.73,35.09,22,2,91.13,5,HARDER
6,100.0,11.77,6,0,100.0,2,HARDER
12,86.71,40.9,18,2,82.77,4,HARDER
4,81.23,17.08,7,1,84.03,1,HARDER
16,83.96,29.82,25,3,76.39,5,SAME
6,100.0,21.83,6,0,100.0,2,HARDER
4,100.0,14.68,4,0,92.97,1,HARDER
9,75.47,34.63,13,3,75.12,3,SAME
16,66.71,33.17,30,8,39.43,5,EASIER
4,98.5,16.34,4,0,95.3,1,HARDER
12,74.21,23.53,19,4,60.79,4,SAME
16,76.63,37.49,25,5,56.11,5,SAME
9,100.0,17.0,9,0,97.53,3,HARDER
9,70.73,25.55,13,4,68.44,3,EASIER
9,91.7,18.97,10,1,90.05,3,HARDER
9,100.0,12.85,9,0,98.68,3,HARDER
12,86.02,16.15,15,2,87.9,4,HARDER
6,87.14,15.71,8,1,90.31,2,HARDER
16,71.82,31.12,28,6,38.62,5,EASIER
4,98.89,14.49,4,0,98.59,1,HARDER
16,84.48,25.04,21,3,76.82,5,HARDER
4,67.13,15.5,7,2,96.34,1,SAME
12,65.71,19.08,21,6,49.8,4,EASIER
16,65.04,42.07,31,9,12.14,5,EASIER
6,100.0,10.29,6,0,90.56,2,HARDER
9,68.89,26.65,14,4,74.82,3,EASIER
9,76.12,35.25,14,3,64.93,3,EASIER
4,100.0,10.3,4,0,100.0,1,HARDER
6,83.76,17.0,9,1,83.31,2,HARDER
12,66.72,28.48,27,6,39.59,4,EASIER
12,100.0,18.39,12,0,90.11,4,HARDER
16,73.28,38.74,29,6,62.49,5,EASIER
4,100.0,13.35,4,0,96.57,1,HARDER
9,91.94,21.35,10,1,87.63,3,HARDER
12,67.12,33.99,21,6,54.0,4,EASIER
12,93.71,19.31,13,1,93.96,4,HARDER
6,74.7,12.52,11,2,73.12,2,SAME
4,81.21,19.92,5,1,89.28,1,HARDER
4,65.01,12.23,8,2,82.86,1,SAME
16,60.18,37.08,38,11,6.76,5,EASIER
9,80.68,14.04,13,2,84.1,3,HARDER
4,78.43,17.11,5,1,91.78,1,HARDER
6,84.31,18.19,7,1,90.65,2,HARDER
16,76.54,35.88,23,5,47.42,5,SAME
4,79.04,12.3,5,1,100.0,1,HARDER
16,78.9,23.32,22,4,66.78,5,EASIER
4,100.0,7.31,4,0,100.0,1,HARDER
4,99.98,13.81,4,0,100.0,1,HARDER
16,93.08,35.39,20,1,81.85,5,HARDER
4,99.91,11.91,4,0,93.14,1,HARDER
9,90.73,20.14,11,1,95.35,3,HARDER
9,90.74,10.26,10,1,92.58,3,HARDER
12,91.16,32.64,13,1,97.02,4,HARDER
12,85.77,21.0,15,2,82.04,4,HARDER
12,92.24,23.22,14,1,91.12,4,HARDER
12,80.24,30.35,15,3,85.07,4,SAME
6,100.0,17.52,6,0,94.22,2,HARDER
6,54.35,16.34,14,5,54.47,2,EASIER
12,91.9,16.79,13,1,100.0,4,HARDER
6,100.0,15.2,6,0,100.0,2,HARDER
12,79.03,18.82,16,3,78.11,4,SAME
6,85.22,14.34,7,1,96.41,2,HARDER
6,85.17,19.39,7,1,92.46,2,HARDER
16,100.0,29.72,18,0,92.35,5,HARDER
9,75.04,25.2,12,3,81.94,3,SAME
16,76.18,43.84,25,5,62.27,5,EASIER
4,99.4,14.15,4,0,100.0,1,HARDER
4,100.0,6.23,4,0,98.09,1,HARDER
12,71.28,29.42,21,5,61.41,4,EASIER
9,80.81,17.37,15,2,65.85,3,SAME
16,84.74,38.62,20,3,72.74,5,SAME
4,77.77,14.6,6,1,84.66,1,HARDER
9,80.39,35.14,12,2,81.36,3,HARDER
4,100.0,14.29,4,0,77.45,1,HARDER
6,74.35,15.86,8,2,99.9,2,SAME
9,81.89,14.05,11,2,78.24,3,HARDER
9,99.48,12.04,9,0,100.0,3,HARDER
4,98.89,11.55,5,0,87.43,1,HARDER
12,91.77,24.49,15,1,90.28,4,SAME
4,81.06,14.26,5,1,84.09,1,HARDER
12,82.88,22.56,19,3,75.01,4,HARDER
12,98.97,21.48,12,0,100.0,4,HARDER
12,71.71,26.27,21,5,61.89,4,EASIER
4,99.56,8.71,4,0,100.0,1,HARDER
9,82.83,27.02,16,2,72.44,3,HARDER
9,99.88,22.23,9,0,95.13,3,HARDER
4,80.1,13.91,5,1,79.74,1,SAME
12,66.45,30.14,20,6,51.1,4,EASIER
12,92.36,24.88,13,1,96.74,4,HARDER
12,73.74,35.47,17,4,77.4,4,SAME
6,100.0,14.41,7,0,100.0,2,HARDER
4,100.0,9.85,4,0,100.0,1,HARDER
6,85.75,15.81,7,1,93.35,2,HARDER
12,84.91,18.35,18,2,83.87,4,SAME
12,74.11,27.84,18,4,59.3,4,SAME
16,92.58,30.6,20,1,86.84,5,HARDER
4,98.93,13.5,4,0,100.0,1,HARDER
4,79.84,19.2,6,1,99.39,1,HARDER
9,99.04,26.71,9,0,99.76,3,HARDER
4,80.16,22.28,5,1,83.64,1,SAME
9,90.47,17.0,10,1,89.57,3,HARDER
12,85.15,26.81,19,2,72.4,4,SAME
9,97.67,15.16,9,0,100.0,3,HARDER
4,79.55,17.86,6,1,81.06,1,HARDER
9,74.96,22.29,15,3,67.77,3,SAME
16,73.25,34.48,27,6,52.63,5,EASIER
4,100.0,14.59,4,0,100.0,1,HARDER
9,89.72,17.71,10,1,89.06,3,HARDER
16,74.75,57.49,25,5,61.21,5,EASIER
4,98.46,7.35,4,0,100.0,1,HARDER
6,99.55,10.39,6,0,96.27,2,HARDER
9,64.58,30.16,15,5,68.63,3,EASIER
4,100.0,5.73,4,0,100.0,1,HARDER
12,92.71,32.31,16,1,83.92,4,HARDER
4,99.75,12.89,4,0,100.0,1,HARDER
6,55.39,20.52,16,5,32.34,2,EASIER
9,100.0,13.82,10,0,93.82,3,HARDER
4,100.0,8.94,4,0,94.72,1,HARDER
4,100.0,14.02,4,0,100.0,1,HARDER
12,80.41,29.2,17,3,81.43,4,SAME
9,64.69,27.37,20,5,41.26,3,EASIER
12,80.15,16.09,21,3,66.28,4,SAME
16,72.74,38.96,28,6,32.67,5,EASIER
9,75.06,23.43,15,3,80.67,3,EASIER
12,92.72,17.28,16,1,85.2,4,HARDER
9,100.0,15.76,9,0,100.0,3,HARDER
12,70.82,36.26,20,5,59.59,4,SAME
6,99.96,28.68,6,0,95.71,2,HARDER
6,74.41,25.68,8,2,85.9,2,SAME
16,73.05,24.01,26,6,48.06,5,EASIER
9,99.25,14.31,9,0,92.99,3,HARDER
6,99.44,13.11,6,0,92.68,2,HARDER
16,94.76,22.23,17,1,94.21,5,HARDER
16,69.26,22.57,28,7,40.11,5,EASIER
9,82.6,19.16,11,2,80.03,3,HARDER
12,85.28,19.93,17,2,78.24,4,HARDER
16,70.48,55.96,28,7,38.72,5,EASIER
6,67.84,19.24,10,3,84.99,2,SAME
12,86.56,19.28,17,2,84.21,4,HARDER
6,64.91,16.9,12,3,64.89,2,EASIER
4,100.0,19.96,4,0,91.77,1,HARDER
9,89.19,14.08,10,1,100.0,3,HARDER
4,99.69,14.81,4,0,100.0,1,HARDER
9,82.85,17.38,13,2,78.14,3,HARDER
16,87.56,23.26,21,2,83.41,5,HARDER
12,92.85,31.2,13,1,100.0,4,HARDER
4,98.71,12.52,4,0,100.0,1,HARDER
6,100.0,8.2,6,0,99.21,2,HARDER
9,90.14,17.99,10,1,90.98,3,HARDER
16,84.32,23.27,26,3,62.68,5,HARDER
12,84.6,21.51,16,2,86.5,4,HARDER
9,70.34,29.45,15,4,70.09,3,SAME
12,63.43,47.95,20,6,51.8,4,EASIER
6,84.2,14.71,8,1,96.96,2,HARDER
4,100.0,12.31,4,0,93.46,1,HARDER
6,73.1,34.95,13,2,72.24,2,EASIER
12,86.11,20.08,16,2,90.15,4,HARDER
16,77.49,30.92,24,5,62.16,5,EASIER
9,90.44,21.12,12,1,90.78,3,HARDER
4,100.0,9.05,4,0,99.83,1,HARDER
12,83.93,31.04,16,2,90.17,4,HARDER
4,100.0,15.89,4,0,88.91,1,HARDER
12,74.09,28.61,19,4,51.24,4,SAME
9,99.17,9.62,10,0,97.8,3,HARDER
6,100.0,20.32,6,0,99.34,2,HARDER
4,100.0,14.16,4,0,100.0,1,HARDER
9,89.28,21.92,12,1,83.72,3,HARDER
12,80.7,19.51,19,3,78.26,4,HARDER
9,83.08,19.23,13,2,65.47,3,HARDER
4,99.86,12.73,4,0,100.0,1,HARDER
6,97.84,12.3,6,0,100.0,2,HARDER
16,84.91,28.05,23,3,74.52,5,HARDER
16,84.55,33.27,21,3,73.17,5,HARDER
12,81.23,23.02,16,3,82.13,4,SAME
9,89.26,12.69,12,1,95.44,3,HARDER
12,79.27,30.79,15,3,81.86,4,SAME
16,89.54,26.35,20,2,79.0,5,HARDER
6,100.0,18.95,6,0,93.09,2,SAME
6,74.49,20.29,11,2,77.44,2,SAME
16,75.46,35.18,28,5,44.38,5,EASIER
4,99.89,12.88,4,0,98.84,1,HARDER
16,84.4,34.4,24,3,77.92,5,HARDER
9,81.2,24.47,13,2,93.46,3,SAME
12,80.32,20.87,17,3,76.58,4,HARDER
9,88.75,16.22,10,1,99.88,3,HARDER
12,75.62,20.14,20,4,63.0,4,SAME
16,90.09,31.48,18,2,73.69,5,HARDER
12,75.12,20.26,18,4,71.26,4,SAME
12,79.84,25.34,16,3,85.31,4,SAME
4,100.0,12.75,4,0,100.0,1,HARDER
12,78.08,28.37,17,3,83.72,4,SAME
9,89.69,21.76,10,1,100.0,3,HARDER
4,54.55,14.68,8,3,74.41,1,EASIER
6,86.53,12.84,8,1,100.0,2,HARDER
9,90.64,16.55,11,1,98.32,3,HARDER
9,75.85,35.56,13,3,89.68,3,SAME
9,75.23,36.56,15,3,78.88,3,SAME
16,65.52,52.97,33,8,21.93,5,EASIER
6,87.76,19.75,7,1,81.53,2,HARDER
9,66.15,16.79,15,5,64.23,3,EASIER
12,68.1,32.17,24,6,49.78,4,EASIER
12,91.2,19.93,13,1,95.29,4,HARDER
12,85.0,22.81,17,2,78.44,4,HARDER
4,100.0,11.69,4,0,99.65,1,HARDER
9,74.41,20.46,13,3,68.07,3,SAME
4,100.0,8.86,5,0,90.0,1,HARDER
6,86.05,14.05,8,1,82.41,2,HARDER
12,91.65,18.68,16,1,97.46,4,HARDER
6,85.36,24.14,7,1,96.01,2,HARDER
6,100.0,17.35,6,0,100.0,2,HARDER
9,83.29,16.54,11,2,96.32,3,HARDER
12,85.16,20.74,16,2,94.86,4,HARDER
6,84.82,15.65,8,1,78.23,2,HARDER
16,74.88,40.85,25,5,57.45,5,SAME
16,75.3,22.05,26,5,52.84,5,EASIER
9,83.03,23.83,13,2,86.06,3,SAME
16,88.87,20.52,20,2,77.74,5,HARDER
4,66.74,11.86,9,2,75.65,1,SAME
4,98.56,9.08,4,0,92.32,1,HARDER
12,71.43,18.6,21,5,48.41,4,EASIER
12,69.91,31.6,20,5,58.52,4,EASIER
9,82.15,10.49,12,2,88.48,3,HARDER
6,68.53,25.72,12,3,61.86,2,EASIER
12,91.43,13.53,14,1,96.15,4,EASIER
6,100.0,15.08,6,0,100.0,2,HARDER
9,74.94,33.28,15,3,72.64,3,SAME
12,80.79,20.37,15,3,88.4,4,HARDER
12,86.75,22.56,17,2,86.44,4,HARDER
16,76.91,28.94,27,5,52.7,5,EASIER
9,100.0,21.51,9,0,94.27,3,HARDER
4,81.7,16.07,5,1,92.46,1,HARDER
16,78.99,43.43,24,4,78.3,5,SAME
16,76.14,38.96,26,5,48.53,5,EASIER
9,74.8,29.78,14,3,75.93,3,SAME
9,80.19,13.23,13,2,88.45,3,HARDER
16,67.11,48.65,27,7,35.36,5,EASIER
12,79.66,13.18,20,3,74.23,4,EASIER
16,81.32,34.13,24,4,67.03,5,SAME
16,63.29,52.83,31,9,21.23,5,EASIER
9,82.43,21.03,12,2,85.4,3,HARDER
12,91.53,26.77,14,1,86.01,4,HARDER
4,79.77,9.21,5,1,96.12,1,HARDER
12,87.23,16.48,15,2,65.44,4,HARDER
12,100.0,16.31,13,0,100.0,4,HARDER
4,100.0,11.73,4,0,100.0,1,HARDER
9,80.85,20.21,11,2,84.88,3,HARDER
12,69.94,39.49,23,5,64.01,4,EASIER
6,74.71,17.65,9,2,85.1,2,SAME
9,75.45,29.56,18,3,82.64,3,SAME
9,79.72,22.78,14,2,86.16,3,SAME
4,81.38,26.77,6,1,82.06,1,EASIER
16,68.9,29.33,24,7,39.16,5,EASIER
6,99.36,9.2,7,0,91.38,2,HARDER
12,61.86,40.61,23,7,38.21,4,EASIER
12,80.69,23.04,19,3,69.75,4,HARDER
9,88.77,17.28,11,1,88.79,3,HARDER
16,85.1,25.52,23,3,70.44,5,SAME
4,100.0,11.15,4,0,100.0,1,HARDER
6,83.31,12.9,8,1,95.53,2,HARDER
16,67.26,57.18,26,8,39.69,5,EASIER
9,69.7,28.32,14,4,51.03,3,EASIER
4,79.13,11.77,7,1,70.95,1,HARDER
4,98.56,11.1,4,0,100.0,1,HARDER
16,66.52,40.64,37,8,19.19,5,EASIER
9,89.88,17.82,10,1,94.37,3,HARDER
12,76.23,26.14,24,4,48.52,4,EASIER
6,97.93,7.24,6,0,93.68,2,HARDER
9,75.43,23.8,17,3,62.15,3,SAME
12,76.87,22.04,17,4,67.7,4,HARDER
4,99.95,10.08,4,0,100.0,1,HARDER
4,65.73,17.91,7,2,82.22,1,SAME
6,86.36,13.48,8,1,85.14,2,HARDER
4,97.81,15.06,4,0,100.0,1,HARDER
16,90.86,20.0,20,2,75.38,5,HARDER
4,80.53,14.68,6,1,87.06,1,HARDER
4,100.0,15.49,7,0,92.33,1,HARDER
9,61.21,38.28,20,6,53.81,3,EASIER
4,99.82,12.41,4,0,100.0,1,HARDER
9,77.11,28.53,16,3,68.7,3,HARDER
16,66.44,37.02,33,8,24.91,5,EASIER
6,75.1,36.66,10,2,77.21,2,SAME
6,100.0,18.24,6,0,100.0,2,HARDER
12,85.37,34.39,14,2,77.62,4,HARDER
6,73.18,12.13,9,2,89.0,2,SAME
16,76.6,28.83,23,5,67.56,5,SAME
16,78.21,25.26,23,4,64.49,5,SAME
16,89.78,20.48,18,2,99.53,5,HARDER
6,86.04,20.27,7,1,93.73,2,HARDER
9,98.87,12.83,10,0,100.0,3,HARDER
4,99.83,9.52,4,0,100.0,1,HARDER
4,100.0,12.43,4,0,97.91,1,HARDER
6,86.36,13.23,7,1,93.23,2,HARDER
6,100.0,9.02,7,0,99.98,2,HARDER
12,99.23,16.1,12,0,100.0,4,HARDER
12,75.46,44.68,17,4,81.95,4,SAME
6,85.87,19.49,7,1,91.18,2,HARDER
12,85.38,34.27,16,2,73.63,4,SAME
9,99.63,35.87,10,0,100.0,3,HARDER
4,99.49,10.3,4,0,100.0,1,HARDER
6,75.09,20.71,10,2,94.23,2,HARDER
6,75.38,22.06,11,2,84.57,2,SAME
9,75.01,27.54,15,3,80.68,3,SAME
16,90.11,22.27,18,2,89.58,5,HARDER
12,67.02,40.19,19,6,60.24,4,EASIER
6,100.0,12.71,6,0,94.49,2,HARDER
12,99.46,22.69,13,0,100.0,4,HARDER
16,65.58,36.83,34,9,8.28,5,EASIER
6,75.52,16.43,9,2,84.37,2,HARDER
9,68.63,28.36,16,4,61.11,3,EASIER
16,89.43,20.61,23,2,74.64,5,HARDER
12,74.71,20.19,21,4,65.55,4,SAME
16,71.41,19.16,26,6,66.86,5,SAME
9,63.88,14.14,19,5,51.23,3,EASIER
6,99.58,10.21,6,0,100.0,2,HARDER
6,98.77,16.06,6,0,94.89,2,HARDER
6,85.74,13.06,10,1,83.74,2,HARDER
4,80.37,18.14,7,1,82.53,1,HARDER
4,100.0,13.17,5,0,100.0,1,HARDER
6,75.85,19.51,9,2,76.36,2,SAME
9,75.61,18.43,13,3,79.73,3,SAME
9,80.84,39.71,11,2,85.05,3,HARDER
6,75.03,26.16,8,2,96.9,2,HARDER
4,68.74,12.46,6,2,86.12,1,SAME
4,81.05,16.04,5,1,88.73,1,HARDER
6,98.91,12.97,7,0,100.0,2,HARDER
12,68.41,33.09,19,5,63.33,4,EASIER
12,86.34,36.97,14,2,89.25,4,SAME
6,74.75,15.1,11,2,85.94,2,SAME
9,74.94,27.25,13,3,84.68,3,SAME
9,100.0,29.12,9,0,99.97,3,HARDER
9,82.53,20.29,12,2,82.37,3,HARDER
16,75.68,29.3,26,5,53.3,5,EASIER
6,60.79,16.37,12,4,87.6,2,EASIER
9,60.82,33.69,17,6,67.69,3,EASIER
16,79.41,38.35,24,4,64.34,5,HARDER
4,100.0,14.05,5,0,94.11,1,HARDER
12,79.56,25.58,19,3,61.05,4,SAME
4,100.0,10.48,4,0,94.08,1,HARDER
6,84.7,15.84,8,1,87.95,2,HARDER
16,86.92,29.24,21,3,85.76,5,HARDER
9,98.58,13.9,9,0,88.71,3,HARDER
12,85.67,16.77,17,2,86.98,4,HARDER
4,77.98,21.37,6,1,75.38,1,HARDER
4,66.57,17.9,9,2,79.64,1,EASIER
6,100.0,10.47,6,0,100.0,2,HARDER
4,100.0,14.19,4,0,100.0,1,HARDER
9,89.22,16.35,12,1,96.23,3,HARDER
9,88.21,16.83,11,1,95.88,3,HARDER
16,81.86,36.89,22,4,88.97,5,SAME
6,85.02,16.58,7,1,80.17,2,HARDER
12,84.32,19.26,15,2,83.55,4,HARDER
4,99.18,6.92,4,0,100.0,1,HARDER
6,85.37,19.21,7,1,94.36,2,HARDER
4,98.97,11.76,4,0,89.09,1,HARDER
9,82.87,15.89,11,2,98.24,3,EASIER
6,74.75,15.23,8,2,89.72,2,HARDER
6,67.22,18.47,12,3,79.11,2,SAME
9,90.48,18.89,10,1,100.0,3,HARDER
9,82.95,16.3,12,2,85.22,3,HARDER
12,80.69,30.32,16,3,77.94,4,HARDER
9,88.28,10.46,11,1,76.1,3,HARDER
6,74.33,17.47,9,2,81.73,2,HARDER
9,88.84,19.78,10,1,100.0,3,HARDER
16,78.36,27.97,22,4,74.45,5,HARDER
4,98.31,11.24,4,0,100.0,1,HARDER
6,76.77,19.81,9,2,96.7,2,HARDER
16,90.07,18.63,19,2,73.49,5,HARDER
16,80.03,34.98,24,4,58.67,5,EASIER
4,80.11,14.75,6,1,87.52,1,HARDER
6,98.7,15.23,6,0,92.94,2,HARDER
4,100.0,8.96,4,0,100.0,1,HARDER
9,68.17,24.77,15,4,66.21,3,EASIER
6,100.0,10.03,6,0,100.0,2,HARDER
9,81.58,20.22,13,2,72.93,3,HARDER
16,84.16,39.42,24,3,62.48,5,EASIER
4,79.92,14.15,5,1,83.25,1,HARDER
16,69.64,41.37,29,7,35.09,5,EASIER
16,72.0,27.54,29,6,34.55,5,EASIER
9,68.48,26.17,20,4,36.84,3,EASIER
16,77.01,32.84,27,4,56.69,5,SAME
12,75.7,22.44,19,4,70.26,4,EASIER
12,86.28,25.84,17,2,91.61,4,HARDER
12,75.75,22.23,21,4,60.39,4,EASIER
12,73.38,17.84,21,4,57.83,4,EASIER
16,62.82,50.1,29,9,33.79,5,EASIER
9,63.54,34.5,14,5,58.54,3,EASIER
9,75.29,25.05,13,3,93.65,3,SAME
9,81.91,15.27,13,2,84.73,3,HARDER
6,99.76,16.98,6,0,100.0,2,HARDER
12,75.68,27.75,18,4,61.52,4,SAME
12,79.51,38.32,16,3,71.83,4,SAME
4,97.57,13.03,4,0,100.0,1,HARDER
12,87.3,35.26,16,2,89.08,4,HARDER
4,98.45,17.91,4,0,100.0,1,HARDER
4,99.31,16.07,4,0,100.0,1,HARDER
9,82.11,19.19,13,2,88.24,3,HARDER
4,80.03,12.2,5,1,91.12,1,HARDER
4,79.4,17.22,6,1,90.07,1,HARDER
9,100.0,13.94,9,0,90.68,3,HARDER
12,77.86,28.06,17,3,67.48,4,SAME
9,91.04,14.26,10,1,100.0,3,HARDER
16,86.22,39.17,21,3,67.79,5,HARDER
12,100.0,19.32,12,0,100.0,4,HARDER
6,86.15,23.65,10,1,88.3,2,SAME
12,99.73,20.63,14,0,91.28,4,HARDER
6,86.0,23.19,9,1,86.29,2,HARDER
4,100.0,8.45,4,0,100.0,1,HARDER
12,74.3,32.87,20,4,51.33,4,EASIER
16,84.2,25.1,20,3,86.32,5,HARDER
4,99.63,9.71,4,0,100.0,1,HARDER
4,98.71,9.31,6,0,95.26,1,HARDER
12,70.71,38.25,21,5,56.11,4,EASIER
4,100.0,8.29,4,0,95.19,1,HARDER
6,68.29,22.49,13,3,75.92,2,EASIER
12,79.89,21.56,18,3,80.57,4,SAME
9,91.94,18.43,10,1,79.74,3,HARDER
12,70.1,23.5,18,5,63.63,4,EASIER
9,76.62,31.23,13,3,74.46,3,HARDER
12,85.81,17.17,16,2,71.52,4,HARDER
4,99.6,10.1,4,0,96.44,1,HARDER
12,74.53,15.87,18,4,70.14,4,SAME
4,100.0,13.92,4,0,100.0,1,HARDER
12,84.82,20.97,18,2,64.03,4,SAME
4,65.92,19.67,7,2,81.52,1,SAME
4,100.0,12.9,4,0,100.0,1,HARDER
16,89.11,22.14,21,2,74.42,5,HARDER
4,80.18,9.84,5,1,78.12,1,HARDER
9,74.47,25.34,13,3,67.62,3,EASIER
6,75.38,17.02,8,2,97.62,2,HARDER
4,79.7,15.86,6,1,88.08,1,HARDER
16,74.0,39.94,25,5,54.8,5,EASIER
16,60.91,64.67,33,10,4.71,5,EASIER
4,100.0,16.19,4,0,94.49,1,HARDER
16,84.16,39.9,20,3,76.55,5,HARDER
6,98.87,13.38,6,0,100.0,2,HARDER
6,100.0,9.37,6,0,91.82,2,HARDER
4,99.38,20.52,4,0,100.0,1,HARDER
16,73.67,20.9,26,6,44.61,5,EASIER
9,99.36,7.81,9,0,100.0,3,HARDER
4,65.92,20.58,7,2,81.58,1,SAME
16,87.63,22.29,20,2,82.12,5,HARDER
6,99.8,11.09,6,0,100.0,2,HARDER
12,79.83,22.36,19,3,68.26,4,SAME
16,75.11,34.7,27,5,65.09,5,EASIER
9,89.76,20.13,10,1,84.51,3,HARDER
6,85.44,20.04,7,1,90.69,2,SAME
16,69.2,59.9,29,7,40.69,5,EASIER
6,86.48,17.75,11,1,91.44,2,HARDER
4,100.0,10.85,4,0,91.92,1,HARDER
9,73.64,19.37,13,3,81.77,3,SAME
16,94.7,27.2,20,1,65.98,5,HARDER
12,80.62,23.73,18,3,72.36,4,HARDER
12,74.87,26.08,18,4,69.82,4,EASIER
6,86.35,9.79,9,1,82.94,2,HARDER
4,77.87,14.06,5,1,92.42,1,HARDER
4,100.0,9.15,5,0,100.0,1,HARDER
6,100.0,13.88,6,0,98.91,2,HARDER
12,85.85,16.11,15,2,100.0,4,HARDER
16,84.4,21.67,23,3,81.29,5,HARDER
4,99.69,10.11,5,0,100.0,1,HARDER
4,99.75,15.2,4,0,100.0,1,HARDER
12,92.65,22.9,13,1,84.81,4,HARDER
12,91.7,14.89,14,1,85.37,4,HARDER
6,86.77,19.64,9,1,97.96,2,HARDER
6,99.95,11.24,6,0,98.64,2,HARDER
9,75.51,18.92,13,3,82.19,3,HARDER
16,85.5,15.09,23,3,67.83,5,HARDER
6,84.95,17.26,8,1,100.0,2,HARDER
12,84.35,27.43,16,2,91.1,4,HARDER
9,82.01,30.05,13,2,79.02,3,SAME
6,67.37,29.42,9,3,76.96,2,EASIER
6,66.35,23.04,14,3,66.25,2,EASIER
16,89.6,27.91,22,2,82.74,5,HARDER
12,100.0,23.29,13,0,97.09,4,HARDER
9,81.88,17.41,13,2,87.91,3,HARDER
12,60.48,60.76,21,7,35.79,4,EASIER
9,90.26,23.78,11,1,98.62,3,HARDER
16,58.01,43.87,37,11,0.0,5,EASIER
9,88.35,11.21,10,1,100.0,3,HARDER
6,74.76,37.54,10,2,74.19,2,EASIER
6,99.83,9.93,6,0,100.0,2,HARDER
12,62.87,52.93,20,7,41.77,4,EASIER
4,98.29,13.69,4,0,100.0,1,HARDER
6,75.41,21.24,9,2,94.5,2,SAME
4,80.58,19.7,5,1,96.22,1,HARDER
4,80.93,10.45,5,1,91.98,1,HARDER
9,68.35,38.84,17,4,78.4,3,EASIER
9,89.18,14.85,12,1,87.69,3,HARDER
12,85.6,28.35,17,2,82.7,4,SAME
9,81.59,24.23,11,2,91.84,3,HARDER
9,88.83,18.65,11,1,93.79,3,HARDER
9,82.62,21.9,13,2,85.74,3,SAME
12,76.14,29.46,17,4,70.08,4,HARDER
4,100.0,11.3,4,0,100.0,1,HARDER
9,89.35,23.14,11,1,95.04,3,HARDER
6,84.93,16.38,8,1,88.65,2,HARDER
6,100.0,14.29,6,0,100.0,2,HARDER
4,99.01,6.14,4,0,100.0,1,HARDER
4,100.0,12.55,4,0,98.12,1,HARDER
4,79.35,21.6,5,1,90.24,1,SAME
4,81.24,20.19,7,1,79.53,1,HARDER
9,100.0,19.64,9,0,100.0,3,HARDER
4,99.74,17.64,4,0,95.82,1,HARDER
9,88.64,23.42,13,1,88.09,3,HARDER
6,100.0,5.41,6,0,83.33,2,HARDER
16,69.96,45.26,30,7,35.78,5,EASIER
6,100.0,9.43,7,0,93.0,2,HARDER
4,99.36,9.32,4,0,100.0,1,HARDER
4,99.17,7.47,4,0,93.05,1,HARDER
4,99.9,6.85,4,0,100.0,1,HARDER
16,93.48,18.83,20,1,88.75,5,HARDER
6,60.56,35.56,12,4,66.77,2,EASIER
9,91.1,21.41,11,1,95.47,3,HARDER
6,85.99,22.02,9,1,88.35,2,HARDER
4,99.7,10.8,4,0,98.54,1,HARDER
9,74.88,13.68,12,3,77.34,3,SAME
6,75.39,16.27,8,2,80.1,2,HARDER
9,82.76,15.24,13,2,79.68,3,SAME
16,84.23,22.42,24,3,63.71,5,SAME
6,76.02,25.32,10,2,72.81,2,SAME
12,67.09,32.92,20,6,55.54,4,EASIER
6,100.0,13.66,6,0,100.0,2,HARDER
16,72.92,35.06,26,6,54.21,5,EASIER
12,86.9,21.0,17,2,75.79,4,SAME
12,80.0,21.34,16,3,75.63,4,SAME
4,100.0,6.65,4,0,100.0,1,HARDER
16,66.02,32.9,30,8,35.92,5,EASIER
6,99.76,16.39,7,0,100.0,2,HARDER
16,83.5,40.09,21,3,85.52,5,SAME
16,72.03,44.89,25,6,41.27,5,EASIER
16,70.88,24.8,28,7,53.96,5,EASIER
12,91.98,27.4,14,1,100.0,4,HARDER
16,83.47,32.88,24,3,61.22,5,SAME
9,81.17,21.52,15,2,68.47,3,SAME
6,66.9,20.55,11,3,77.65,2,EASIER
9,87.37,15.31,10,1,89.33,3,HARDER
6,75.77,10.85,8,2,89.35,2,HARDER
6,86.19,15.43,8,1,84.62,2,HARDER
16,88.57,36.56,19,2,75.95,5,HARDER
9,89.11,26.73,10,1,97.71,3,HARDER
12,74.12,30.22,20,4,52.25,4,SAME
9,74.86,25.92,12,3,86.37,3,EASIER
6,99.08,11.99,6,0,97.45,2,HARDER
16,85.2,24.62,19,3,86.91,5,HARDER
4,99.55,12.64,4,0,95.09,1,HARDER
9,89.68,27.61,13,1,92.74,3,HARDER
4,65.83,19.03,10,2,77.15,1,SAME
16,77.62,46.81,24,5,65.17,5,SAME
4,100.0,13.36,4,0,97.97,1,HARDER
16,82.69,43.87,22,3,86.31,5,SAME
16,94.93,30.62,18,1,86.56,5,HARDER
16,70.13,34.45,24,7,46.36,5,EASIER
12,79.69,23.34,20,3,66.6,4,SAME
6,75.87,19.65,10,2,84.03,2,SAME
4,100.0,10.74,4,0,99.75,1,HARDER
4,100.0,12.25,4,0,92.44,1,HARDER
16,70.35,51.77,24,7,55.33,5,EASIER
12,70.54,31.49,21,5,78.57,4,EASIER
6,84.08,16.87,8,1,91.3,2,HARDER
4,100.0,18.89,4,0,96.06,1,HARDER
16,82.93,20.67,21,3,59.85,5,SAME
6,86.76,25.93,8,1,90.5,2,HARDER
6,72.93,20.04,8,2,76.56,2,SAME
6,99.96,12.84,6,0,94.08,2,HARDER
6,77.16,26.6,10,2,75.62,2,HARDER
6,99.14,13.18,7,0,91.85,2,HARDER
16,80.3,49.14,24,4,67.9,5,EASIER
9,69.42,33.97,16,4,59.62,3,EASIER
12,80.73,23.62,17,3,71.48,4,SAME
4,100.0,14.16,4,0,95.71,1,HARDER
12,84.78,34.13,16,2,83.77,4,HARDER
4,67.68,26.85,8,2,75.16,1,SAME
6,85.13,15.67,9,1,84.72,2,HARDER
12,100.0,19.63,12,0,100.0,4,HARDER
9,70.04,36.34,15,4,75.62,3,SAME
4,98.74,11.04,4,0,98.18,1,HARDER
4,68.39,18.43,6,2,77.94,1,HARDER
6,66.32,30.96,13,3,66.61,2,EASIER
12,64.56,33.88,22,7,37.04,4,EASIER
12,86.8,21.06,17,2,82.11,4,HARDER
9,67.65,20.49,16,4,64.81,3,SAME
16,83.77,39.53,22,3,61.58,5,SAME
16,89.57,27.51,18,2,79.9,5,HARDER
9,100.0,18.22,9,0,100.0,3,HARDER
4,80.21,18.27,6,1,93.44,1,HARDER
12,80.58,31.58,20,3,81.15,4,HARDER
9,83.07,25.56,12,2,89.0,3,HARDER
9,90.94,13.89,11,1,84.72,3,HARDER
9,100.0,24.9,9,0,100.0,3,HARDER
6,99.15,8.48,6,0,100.0,2,HARDER
6,84.99,8.51,8,1,100.0,2,HARDER
6,99.55,11.28,6,0,100.0,2,HARDER
4,100.0,9.59,4,0,100.0,1,HARDER
9,75.18,16.85,12,3,80.89,3,SAME
4,100.0,7.37,4,0,90.24,1,HARDER
6,75.9,18.36,11,2,88.78,2,HARDER
16,68.52,36.49,28,7,38.15,5,EASIER
16,88.96,39.22,20,2,94.78,5,HARDER
12,85.8,33.54,15,2,90.61,4,HARDER
16,65.27,42.1,33,9,21.62,5,EASIER
6,100.0,12.04,6,0,100.0,2,HARDER
4,79.11,13.18,5,1,100.0,1,HARDER
12,79.0,18.07,18,3,83.17,4,HARDER
12,69.79,32.22,21,5,38.11,4,EASIER
12,74.51,33.5,16,4,71.23,4,EASIER
9,100.0,14.78,9,0,99.01,3,HARDER
9,79.78,11.86,12,2,79.01,3,HARDER
6,100.0,14.4,6,0,100.0,2,HARDER
12,85.69,14.93,19,2,93.96,4,HARDER
9,99.49,15.6,10,0,97.36,3,HARDER
16,69.47,31.85,28,7,47.03,5,EASIER
4,78.35,10.69,5,1,86.45,1,EASIER
12,75.71,22.75,16,4,64.63,4,SAME
6,84.63,16.7,7,1,84.42,2,HARDER
9,65.07,60.53,19,5,34.75,3,EASIER
12,85.06,21.11,14,2,93.66,4,HARDER
16,72.94,33.78,26,6,49.17,5,EASIER
12,85.39,23.74,15,2,82.8,4,HARDER
12,75.84,37.49,18,4,63.62,4,EASIER
6,86.88,15.29,8,1,73.9,2,HARDER
6,85.41,15.09,8,1,86.19,2,HARDER
6,100.0,17.43,6,0,100.0,2,HARDER
16,89.71,38.76,20,2,83.09,5,HARDER
6,100.0,16.31,6,0,100.0,2,HARDER
12,92.1,19.62,16,1,91.08,4,HARDER
4,99.54,7.79,4,0,97.29,1,HARDER
9,69.21,38.0,13,4,74.87,3,EASIER
9,75.88,20.19,16,3,73.59,3,HARDER
12,85.64,19.04,14,2,80.82,4,HARDER
6,98.97,16.38,6,0,100.0,2,HARDER
9,69.62,26.89,16,4,68.53,3,SAME
4,100.0,12.11,4,0,97.45,1,HARDER
16,79.19,38.21,24,4,68.58,5,HARDER
12,92.6,19.16,13,1,100.0,4,HARDER
16,88.75,31.07,21,2,88.07,5,HARDER
16,93.35,22.41,21,1,83.75,5,HARDER
16,85.33,58.16,20,3,76.85,5,HARDER
12,80.03,31.56,19,3,58.92,4,EASIER
4,98.95,21.37,4,0,100.0,1,HARDER
12,78.97,26.48,15,3,82.74,4,HARDER
4,100.0,8.43,4,0,100.0,1,HARDER
12,91.6,20.83,15,1,81.71,4,HARDER
16,73.28,26.05,26,6,43.37,5,EASIER
9,91.49,26.52,11,1,94.32,3,HARDER
4,99.8,10.5,4,0,100.0,1,HARDER
12,77.89,15.09,21,3,62.96,4,SAME
12,92.09,16.7,16,1,85.22,4,HARDER
12,63.73,43.6,24,7,29.62,4,EASIER
4,79.38,20.47,6,1,90.98,1,HARDER
6,99.16,12.64,6,0,100.0,2,HARDER
4,100.0,14.48,4,0,99.5,1,HARDER
16,82.98,26.52,24,3,78.06,5,SAME
6,66.66,20.03,13,3,76.21,2,EASIER
9,89.59,13.25,10,1,100.0,3,HARDER
9,98.65,24.91,9,0,100.0,3,HARDER
16,69.19,42.71,28,7,34.07,5,EASIER
16,80.01,30.77,24,4,62.87,5,SAME
6,100.0,12.85,6,0,100.0,2,HARDER
12,71.31,37.51,23,5,45.35,4,EASIER
12,86.65,25.66,16,2,85.1,4,HARDER
12,83.9,17.47,15,2,96.83,4,HARDER
6,97.23,16.74,7,0,100.0,2,HARDER
4,79.93,12.71,5,1,94.59,1,HARDER
12,94.48,17.96,16,1,89.3,4,HARDER
16,71.8,33.5,25,6,46.65,5,EASIER
16,93.61,27.51,17,1,98.63,5,HARDER
6,74.66,18.35,8,2,86.43,2,SAME
16,63.7,35.52,36,9,0.98,5,EASIER
12,79.81,37.24,17,3,76.61,4,SAME
4,79.3,22.55,5,1,89.62,1,EASIER
12,84.59,22.57,15,2,85.1,4,HARDER
16,74.17,24.13,29,6,35.62,5,EASIER
6,99.82,13.17,6,0,100.0,2,HARDER
12,74.06,22.81,19,4,61.42,4,EASIER
6,75.6,22.3,8,2,88.64,2,HARDER
12,79.56,9.57,18,3,65.02,4,HARDER
16,87.43,34.58,18,2,80.71,5,HARDER
6,86.81,10.97,8,1,100.0,2,HARDER
6,75.04,17.4,8,2,88.14,2,HARDER
16,85.13,39.29,21,3,93.58,5,SAME
6,85.43,19.63,8,1,90.34,2,HARDER
6,98.78,10.84,6,0,100.0,2,HARDER
9,80.43,17.63,11,2,93.98,3,HARDER
12,80.04,24.19,16,3,80.52,4,SAME
4,67.38,10.99,6,2,98.61,1,HARDER
12,79.91,20.84,16,3,87.66,4,HARDER
12,92.7,32.36,13,1,88.73,4,HARDER
12,79.88,24.52,17,3,71.74,4,HARDER
9,75.21,18.79,15,3,69.68,3,SAME
4,80.92,17.03,7,1,93.92,1,HARDER
16,87.32,20.29,18,2,87.43,5,HARDER
4,100.0,9.81,4,0,100.0,1,HARDER
9,65.78,20.19,19,5,49.68,3,EASIER
16,75.95,23.99,24,5,56.62,5,SAME
16,88.45,23.81,21,2,81.67,5,HARDER
4,78.49,13.91,6,1,93.55,1,SAME
12,80.51,17.98,16,3,79.45,4,HARDER
12,74.76,18.26,17,4,63.9,4,SAME
16,76.39,32.22,24,5,46.49,5,EASIER
16,86.28,46.57,19,3,70.72,5,SAME
4,80.65,17.75,5,1,96.48,1,HARDER
9,82.27,27.94,12,2,80.93,3,SAME
12,86.08,30.14,19,2,77.38,4,HARDER
6,85.19,17.11,8,1,69.8,2,HARDER
12,75.54,31.51,19,4,57.73,4,SAME
12,79.76,41.16,19,3,80.19,4,SAME
4,98.84,7.94,4,0,93.46,1,HARDER
16,68.5,28.89,29,7,31.18,5,EASIER
4,97.34,8.0,4,0,100.0,1,HARDER
16,81.14,27.12,22,4,70.53,5,HARDER
16,99.11,16.26,16,0,100.0,5,HARDER
9,65.64,31.27,17,5,55.59,3,EASIER
6,84.66,14.01,10,1,86.52,2,HARDER
4,81.71,17.25,7,1,87.98,1,HARDER
16,71.62,27.62,27,6,46.22,5,EASIER
6,84.96,22.65,7,1,85.02,2,HARDER
16,77.08,24.76,26,5,54.11,5,EASIER
4,80.61,13.19,6,1,100.0,1,HARDER
9,88.5,16.01,10,1,97.42,3,HARDER
12,80.14,34.39,17,3,71.78,4,EASIER
6,84.91,21.21,9,1,85.2,2,HARDER
9,74.98,30.53,15,3,83.75,3,SAME
4,100.0,8.57,4,0,94.22,1,HARDER
12,86.18,17.18,16,2,86.9,4,HARDER
4,100.0,14.29,4,0,96.03,1,HARDER
6,85.86,13.85,10,1,100.0,2,HARDER
12,85.68,20.57,19,2,80.56,4,SAME
4,79.88,12.02,6,1,89.18,1,HARDER
9,80.89,28.68,14,2,70.75,3,SAME
12,67.56,26.85,21,6,55.94,4,EASIER
9,74.78,30.87,14,3,69.98,3,SAME
6,100.0,10.94,7,0,100.0,2,HARDER
4,79.22,10.12,6,1,81.43,1,HARDER
12,73.82,29.95,21,4,64.39,4,EASIER
12,80.71,21.8,18,3,81.06,4,SAME
12,83.77,17.7,14,2,72.45,4,HARDER
12,84.01,28.06,16,2,92.22,4,HARDER
6,68.94,21.74,9,3,76.03,2,EASIER
16,88.81,36.66,20,2,83.33,5,HARDER
12,92.86,18.5,14,1,81.97,4,HARDER
4,99.46,11.64,4,0,99.34,1,HARDER
4,99.36,13.71,5,0,100.0,1,HARDER
12,75.62,22.08,19,4,71.6,4,SAME
9,99.55,14.53,9,0,96.45,3,HARDER
16,74.06,32.08,24,5,58.36,5,EASIER
6,99.34,11.92,6,0,100.0,2,HARDER
16,75.76,16.92,27,5,57.25,5,EASIER
12,72.38,25.54,18,5,59.28,4,SAME
9,75.77,29.64,13,3,74.63,3,SAME
6,74.92,19.62,10,2,71.64,2,EASIER
16,92.32,23.06,19,1,87.48,5,HARDER
12,79.96,39.7,19,3,82.15,4,EASIER
16,76.78,33.38,25,5,55.43,5,EASIER
6,87.82,21.36,9,1,79.63,2,HARDER
12,82.91,18.6,19,3,75.75,4,HARDER
16,84.42,22.22,22,3,67.41,5,SAME
6,87.47,17.77,7,1,100.0,2,HARDER
16,81.82,32.85,21,3,82.01,5,HARDER
12,79.26,19.67,18,3,88.0,4,SAME
16,85.77,31.11,20,3,76.17,5,HARDER
16,84.72,27.99,21,3,70.31,5,HARDER
9,81.36,16.12,13,2,82.57,3,HARDER
6,75.63,10.13,10,2,92.79,2,SAME
6,99.43,15.67,6,0,93.1,2,HARDER
9,99.91,13.34,11,0,95.77,3,HARDER
9,73.53,15.77,16,3,88.1,3,SAME
9,82.52,14.16,15,2,86.2,3,HARDER
6,99.36,13.5,6,0,96.51,2,HARDER
16,93.64,23.82,18,1,98.59,5,HARDER
16,69.86,44.17,30,7,44.25,5,SAME
4,100.0,12.03,4,0,100.0,1,HARDER
6,73.95,19.73,8,2,100.0,2,HARDER
4,79.68,12.26,5,1,100.0,1,HARDER
4,98.63,18.03,4,0,100.0,1,HARDER
9,80.86,31.64,14,2,76.48,3,SAME
4,99.89,10.28,4,0,95.42,1,HARDER
6,84.72,13.98,7,1,96.39,2,HARDER
6,66.33,18.47,10,3,85.02,2,HARDER
9,98.18,22.16,9,0,95.39,3,HARDER
4,98.73,15.17,5,0,85.78,1,HARDER
6,74.18,24.35,9,2,76.94,2,EASIER
6,68.07,20.35,12,3,68.61,2,EASIER
12,84.49,34.57,19,2,75.92,4,HARDER
6,85.7,18.26,8,1,83.87,2,HARDER
9,99.92,16.0,10,0,97.56,3,HARDER
9,100.0,16.76,10,0,97.48,3,HARDER
12,86.65,24.58,15,2,79.1,4,HARDER
4,66.31,22.87,6,2,75.44,1,SAME
4,96.84,16.41,4,0,100.0,1,HARDER
9,89.7,17.32,12,1,93.64,3,HARDER
9,70.81,53.48,15,4,70.22,3,EASIER
12,81.1,34.85,16,3,87.11,4,SAME
6,74.17,15.33,8,2,77.35,2,HARDER
6,85.35,11.86,7,1,95.84,2,HARDER
9,80.52,14.28,13,2,67.69,3,SAME
12,77.91,28.41,19,3,66.31,4,SAME
6,84.9,17.41,8,1,84.14,2,HARDER
12,72.79,30.33,18,4,54.77,4,EASIER
6,87.91,17.53,7,1,94.16,2,HARDER
9,81.23,19.03,12,2,91.03,3,HARDER
16,72.71,54.59,23,6,56.38,5,EASIER
16,93.66,27.94,18,1,98.97,5,HARDER
16,76.45,27.52,24,5,53.96,5,EASIER
6,99.81,9.8,6,0,95.6,2,HARDER
16,73.29,73.03,26,6,55.08,5,EASIER
4,99.0,18.48,5,0,100.0,1,HARDER
12,72.9,54.0,22,4,63.04,4,EASIER
16,84.07,23.73,21,3,71.89,5,HARDER
12,79.96,33.43,16,3,89.07,4,HARDER
16,75.62,31.17,25,5,64.42,5,EASIER
9,91.21,29.29,12,1,88.94,3,HARDER
4,66.71,19.59,8,2,93.19,1,SAME
4,79.43,11.6,7,1,89.6,1,HARDER
16,76.24,34.37,25,5,62.47,5,EASIER
12,86.8,22.69,15,2,78.06,4,HARDER
6,85.77,8.85,8,1,90.57,2,HARDER
4,79.77,15.43,5,1,93.06,1,HARDER
12,79.06,30.33,19,3,74.12,4,HARDER
9,83.46,29.88,13,2,72.12,3,SAME
16,75.63,28.54,24,5,47.03,5,SAME
12,92.66,18.97,16,1,86.45,4,HARDER
4,100.0,11.54,4,0,100.0,1,HARDER
16,75.41,34.04,24,5,50.29,5,EASIER
12,87.04,20.43,16,2,74.04,4,HARDER
6,85.92,13.36,7,1,86.44,2,HARDER
6,86.24,19.86,8,1,70.69,2,HARDER
6,74.65,20.86,8,2,91.29,2,HARDER
9,100.0,10.02,9,0,98.23,3,HARDER
16,76.1,29.46,24,5,54.23,5,SAME
12,60.8,46.35,24,8,36.9,4,EASIER
12,69.86,28.15,21,5,62.82,4,SAME
12,92.31,25.54,13,1,86.25,4,HARDER
16,93.62,28.54,17,1,96.64,5,HARDER
9,64.24,22.59,19,5,45.91,3,EASIER
12,71.2,28.69,26,5,44.91,4,EASIER
9,81.65,20.74,13,2,89.59,3,HARDER
16,82.73,26.07,23,3,78.37,5,HARDER
6,68.54,14.87,12,3,77.14,2,EASIER
4,99.85,12.64,4,0,95.42,1,HARDER
12,73.68,30.42,18,4,56.7,4,SAME
9,80.36,20.58,12,2,87.74,3,HARDER
16,73.25,33.43,29,6,43.62,5,EASIER
4,98.9,10.97,4,0,100.0,1,HARDER
6,74.04,11.2,8,2,81.94,2,SAME
12,83.03,26.98,16,3,88.44,4,HARDER
6,99.77,12.15,7,0,98.38,2,HARDER
16,84.45,29.23,20,3,83.56,5,HARDER
6,87.19,14.65,7,1,84.0,2,HARDER
9,75.2,15.71,17,3,65.57,3,EASIER
12,85.77,24.77,14,2,90.58,4,HARDER
9,81.53,19.22,12,2,70.06,3,SAME
12,94.84,17.25,15,1,91.86,4,HARDER
16,88.76,32.66,21,2,90.1,5,HARDER
4,81.58,10.87,9,1,89.05,1,SAME
4,80.45,13.28,5,1,88.8,1,HARDER
4,99.7,24.13,4,0,98.37,1,HARDER
16,69.92,52.01,26,7,61.54,5,EASIER
12,87.13,21.51,17,2,71.77,4,HARDER
16,60.17,48.96,30,10,14.01,5,EASIER
12,67.08,45.85,23,6,49.63,4,EASIER
6,98.7,18.56,7,0,100.0,2,HARDER
6,100.0,12.67,6,0,98.32,2,HARDER
16,85.01,33.07,20,3,71.88,5,SAME
12,81.2,37.1,19,3,67.46,4,EASIER
6,88.54,10.43,7,1,100.0,2,HARDER
12,85.92,16.68,16,2,79.27,4,HARDER
12,75.07,23.85,19,4,57.5,4,EASIER
4,80.79,15.38,6,1,88.51,1,HARDER
6,87.01,13.19,7,1,88.14,2,HARDER
4,100.0,9.41,4,0,89.3,1,HARDER
9,91.54,20.38,15,1,82.53,3,HARDER
6,83.53,20.22,7,1,89.71,2,HARDER
6,75.45,12.67,10,2,88.72,2,HARDER
6,76.3,16.33,10,2,100.0,2,HARDER
16,87.81,21.13,19,2,83.31,5,HARDER
4,100.0,22.8,4,0,98.61,1,HARDER
16,77.36,16.13,23,5,65.21,5,HARDER
6,86.67,20.22,7,1,93.03,2,HARDER
4,80.82,10.02,5,1,97.69,1,HARDER
4,99.29,15.12,5,0,100.0,1,HARDER
16,88.09,24.76,20,2,73.32,5,HARDER
6,84.4,13.2,10,1,91.48,2,HARDER
9,82.4,29.97,13,2,83.83,3,HARDER
9,69.02,32.44,20,4,54.2,3,EASIER
16,87.75,20.66,19,2,90.97,5,HARDER
4,99.25,16.3,4,0,96.67,1,HARDER
12,77.16,47.74,16,3,75.5,4,SAME
12,80.35,28.74,16,3,75.51,4,HARDER
16,73.5,37.07,26,6,49.62,5,EASIER
4,56.08,22.48,9,3,63.27,1,EASIER
16,72.13,25.86,25,6,52.81,5,EASIER
4,80.33,12.47,6,1,90.81,1,HARDER
9,89.44,16.54,10,1,100.0,3,HARDER
16,88.1,29.47,20,2,72.83,5,HARDER
12,74.78,23.35,19,4,77.88,4,HARDER
12,63.05,38.13,23,7,49.06,4,EASIER
4,100.0,8.73,4,0,100.0,1,HARDER
16,83.07,42.47,20,3,76.08,5,HARDER
16,87.46,19.27,20,2,89.59,5,HARDER
6,66.99,20.33,10,3,73.82,2,SAME
16,94.18,28.04,17,1,88.84,5,HARDER
6,99.91,12.64,6,0,98.85,2,HARDER
4,99.95,20.26,5,0,100.0,1,HARDER
6,66.64,15.18,10,3,97.94,2,SAME
4,100.0,15.8,4,0,80.66,1,HARDER
4,80.46,15.02,5,1,94.86,1,HARDER
6,86.56,16.11,7,1,93.58,2,HARDER
12,75.23,22.63,17,4,78.1,4,EASIER
12,66.78,33.8,24,6,36.48,4,EASIER
6,84.96,16.14,9,1,89.72,2,HARDER
12,92.7,27.8,15,1,89.31,4,HARDER
6,53.95,21.75,19,5,46.18,2,EASIER
12,92.37,11.19,13,1,100.0,4,HARDER
16,66.33,37.37,27,8,33.71,5,EASIER
12,86.01,17.09,17,2,80.1,4,SAME
9,76.32,11.9,13,3,78.75,3,SAME
12,99.07,16.97,15,0,95.37,4,HARDER
6,100.0,14.76,6,0,89.13,2,HARDER
4,100.0,9.82,4,0,93.45,1,HARDER
12,67.5,23.28,24,6,35.57,4,EASIER
12,80.46,24.39,16,3,66.97,4,SAME
6,86.79,15.99,8,1,92.28,2,HARDER
4,80.52,11.22,6,1,97.28,1,HARDER
6,100.0,15.97,7,0,89.16,2,HARDER
4,99.88,16.18,4,0,91.19,1,HARDER
9,75.41,32.29,17,3,56.74,3,SAME
6,87.65,15.75,9,1,95.09,2,HARDER
16,90.13,21.75,19,2,84.27,5,HARDER
16,62.31,49.33,31,10,26.15,5,EASIER
12,62.46,43.01,21,7,38.41,4,EASIER
4,99.75,8.59,4,0,100.0,1,HARDER
16,75.81,36.53,23,5,64.98,5,SAME
9,79.98,21.01,11,2,95.17,3,HARDER
4,100.0,16.0,4,0,84.61,1,HARDER
6,99.54,13.34,6,0,96.52,2,HARDER
4,67.04,20.35,8,2,84.02,1,EASIER
12,90.36,14.11,14,1,96.82,4,HARDER
4,99.69,11.35,4,0,100.0,1,HARDER
6,99.68,15.78,6,0,100.0,2,HARDER
4,80.64,13.18,5,1,82.05,1,SAME
6,67.52,21.18,12,3,67.96,2,EASIER
16,76.19,21.39,23,5,59.41,5,SAME
4,99.15,11.3,4,0,98.57,1,HARDER
4,79.75,14.88,7,1,82.11,1,HARDER
16,72.87,39.25,27,6,30.46,5,EASIER
16,85.9,29.49,22,3,58.89,5,HARDER
12,74.6,23.31,19,4,70.58,4,EASIER
16,80.67,36.84,22,4,71.97,5,SAME
12,80.09,29.9,16,3,78.35,4,SAME
16,81.1,51.05,25,4,69.77,5,SAME
6,85.77,25.96,8,1,86.48,2,HARDER
16,81.28,28.63,30,4,57.45,5,SAME
12,91.56,27.17,13,1,90.66,4,HARDER
6,67.39,23.82,11,3,83.64,2,EASIER
6,72.83,12.84,9,2,85.25,2,EASIER
16,68.27,28.17,26,7,37.97,5,EASIER
12,92.9,19.73,13,1,100.0,4,HARDER
6,98.78,11.58,6,0,100.0,2,HARDER
9,81.62,26.34,11,2,90.04,3,HARDER
12,66.43,32.48,25,6,44.63,4,EASIER
12,84.61,19.39,15,2,73.32,4,HARDER
12,86.06,21.66,16,2,83.3,4,HARDER
16,79.01,41.79,22,4,62.76,5,SAME
6,84.26,11.81,7,1,93.2,2,HARDER
4,81.63,12.84,5,1,82.08,1,HARDER
4,98.13,11.63,4,0,100.0,1,HARDER
4,68.71,11.73,8,2,76.86,1,EASIER
6,87.33,11.87,7,1,94.21,2,HARDER
4,100.0,13.09,4,0,99.32,1,HARDER
4,98.43,13.12,4,0,85.38,1,HARDER
12,75.48,24.94,22,4,63.58,4,SAME
12,66.38,23.47,26,6,50.29,4,EASIER
4,100.0,11.11,4,0,100.0,1,HARDER
6,99.03,12.7,6,0,100.0,2,HARDER
4,78.92,13.72,6,1,93.72,1,HARDER
16,85.28,32.13,20,3,79.55,5,HARDER
16,85.43,30.1,18,2,92.27,5,HARDER
6,100.0,11.74,6,0,100.0,2,HARDER
6,67.64,24.04,12,3,77.59,2,EASIER
16,78.78,27.24,25,4,55.24,5,SAME
4,78.63,17.75,7,1,95.44,1,SAME
6,85.22,12.04,7,1,94.29,2,HARDER
4,66.05,26.42,6,2,90.02,1,SAME
4,100.0,12.9,4,0,94.24,1,HARDER
12,85.16,24.4,16,2,90.74,4,HARDER
6,86.53,12.81,9,1,80.44,2,HARDER
6,67.08,13.86,14,3,72.34,2,EASIER
9,100.0,12.76,10,0,100.0,3,HARDER
16,63.82,47.42,33,9,17.45,5,EASIER
4,65.57,17.83,8,2,66.81,1,SAME
6,75.0,19.57,9,2,84.89,2,HARDER
4,99.08,7.76,4,0,92.82,1,HARDER
16,85.16,38.58,20,3,88.81,5,HARDER
6,84.35,16.29,8,1,91.84,2,HARDER
12,69.39,25.97,25,5,40.16,4,EASIER
4,78.61,21.2,5,1,84.71,1,HARDER
4,99.63,13.2,5,0,100.0,1,HARDER
9,75.75,19.84,14,3,75.57,3,SAME
12,100.0,28.94,13,0,100.0,4,HARDER
4,98.55,12.61,4,0,100.0,1,HARDER
6,66.1,19.2,10,3,82.75,2,EASIER
9,99.97,10.91,10,0,95.63,3,HARDER
12,93.49,25.31,14,1,92.64,4,HARDER
6,66.77,16.64,9,3,82.36,2,SAME
6,87.27,10.5,8,1,98.61,2,HARDER
12,71.51,30.69,19,5,71.8,4,EASIER
9,88.3,19.79,12,1,99.87,3,HARDER
6,66.81,13.48,9,3,85.79,2,SAME
12,63.11,37.58,20,7,46.69,4,EASIER
12,93.58,23.17,14,1,96.24,4,HARDER
16,79.38,29.7,23,4,75.27,5,HARDER
4,81.42,11.1,6,1,99.46,1,HARDER
6,73.74,23.33,9,2,85.08,2,SAME
9,59.72,37.61,17,6,51.17,3,EASIER
16,73.04,24.73,25,6,46.13,5,EASIER
16,75.45,26.21,28,5,65.17,5,SAME
4,100.0,14.98,4,0,91.0,1,HARDER
6,99.66,13.68,6,0,100.0,2,HARDER
4,99.79,8.71,4,0,98.49,1,HARDER
12,75.0,23.16,18,4,59.45,4,SAME
6,74.56,12.92,10,2,86.7,2,HARDER
4,100.0,8.18,5,0,90.26,1,HARDER
12,85.02,24.67,16,2,78.23,4,HARDER
12,80.41,30.65,19,3,72.79,4,SAME
12,62.62,25.77,23,7,37.96,4,EASIER
9,90.35,26.65,11,1,90.26,3,HARDER
12,92.23,24.56,15,1,85.65,4,HARDER
4,100.0,12.85,4,0,100.0,1,EASIER
16,76.92,31.04,22,5,62.08,5,SAME
16,87.4,24.53,21,2,89.19,5,HARDER
4,99.77,11.04,4,0,100.0,1,HARDER
12,80.24,18.18,17,3,66.13,4,SAME
9,89.68,11.3,11,1,95.99,3,HARDER
16,75.63,40.56,23,5,59.28,5,EASIER
6,99.25,12.78,6,0,97.92,2,HARDER
6,74.44,13.96,11,2,74.79,2,HARDER
16,73.75,51.65,25,6,52.27,5,EASIER
6,85.01,18.43,8,1,95.48,2,HARDER
16,76.49,36.82,24,5,55.66,5,SAME
4,100.0,11.85,4,0,99.01,1,HARDER
4,98.5,10.27,4,0,95.21,1,HARDER
12,90.98,18.96,13,1,97.83,4,HARDER
16,80.05,29.16,23,4,74.44,5,SAME
16,81.32,24.76,25,4,67.34,5,HARDER
6,86.35,14.92,7,1,96.65,2,HARDER
6,98.99,13.77,6,0,94.85,2,HARDER
4,48.72,16.65,10,4,61.99,1,EASIER
16,66.56,40.08,26,8,45.73,5,EASIER
6,74.72,23.34,8,2,94.97,2,HARDER
12,69.84,31.93,18,5,61.32,4,EASIER
9,68.55,41.04,17,4,59.23,3,EASIER
6,100.0,13.29,6,0,100.0,2,HARDER
9,92.85,21.43,10,1,100.0,3,HARDER
16,81.0,34.31,24,4,71.37,5,SAME
12,75.65,26.79,20,4,60.72,4,SAME
9,73.88,21.49,13,3,83.97,3,HARDER
16,81.65,34.14,21,4,73.12,5,SAME
12,67.52,37.58,23,6,55.25,4,EASIER
9,63.72,28.71,16,5,64.93,3,EASIER
6,99.83,15.3,6,0,97.56,2,HARDER
9,100.0,26.89,9,0,100.0,3,HARDER
16,70.04,23.31,29,7,36.24,5,EASIER
6,76.84,21.14,9,2,80.82,2,SAME
9,90.64,15.26,15,1,76.92,3,HARDER
9,99.02,20.09,9,0,94.01,3,HARDER
16,88.66,32.88,21,2,65.72,5,HARDER
4,66.47,20.31,8,2,81.59,1,HARDER
12,93.26,18.82,16,1,88.48,4,HARDER
12,65.19,27.54,21,6,45.95,4,EASIER
9,100.0,8.91,9,0,100.0,3,HARDER
4,100.0,13.54,4,0,90.3,1,HARDER
4,56.73,17.22,9,3,78.9,1,EASIER
12,79.87,15.91,20,3,71.11,4,SAME
4,79.86,15.87,5,1,95.77,1,HARDER
9,100.0,23.87,9,0,100.0,3,HARDER
9,75.6,28.03,17,3,73.6,3,EASIER
4,98.84,11.97,4,0,100.0,1,HARDER
9,82.55,17.75,11,2,94.44,3,HARDER
9,69.66,24.09,14,4,58.4,3,EASIER
9,67.92,28.24,15,4,65.58,3,EASIER
6,100.0,15.3,7,0,100.0,2,HARDER
4,79.29,14.53,8,1,85.87,1,HARDER
12,75.31,16.6,18,4,73.9,4,SAME
16,84.95,27.74,23,3,73.85,5,HARDER
16,76.22,39.47,32,5,47.82,5,EASIER
12,78.77,30.8,21,3,70.67,4,HARDER
6,75.45,17.65,10,2,71.98,2,SAME
9,82.24,14.32,12,2,82.12,3,HARDER
4,98.45,16.08,4,0,100.0,1,HARDER
9,83.04,14.67,14,2,69.24,3,HARDER
9,82.19,20.57,14,2,88.14,3,HARDER
12,80.75,31.65,15,3,86.55,4,HARDER
6,86.82,24.7,8,1,87.88,2,HARDER
9,81.53,32.13,14,2,74.62,3,SAME
6,100.0,15.84,6,0,100.0,2,HARDER
9,100.0,21.16,9,0,94.0,3,HARDER
9,89.29,18.25,11,1,100.0,3,HARDER
16,74.09,51.27,25,6,44.78,5,EASIER
6,87.13,11.59,7,1,89.57,2,HARDER
6,86.6,12.46,9,1,81.29,2,HARDER
9,83.47,18.22,12,2,83.06,3,HARDER
4,78.57,16.97,6,1,100.0,1,HARDER
16,70.63,52.32,26,7,50.01,5,EASIER
16,85.24,30.55,19,3,65.93,5,SAME
9,65.24,17.66,24,5,61.45,3,EASIER
9,81.18,21.05,14,2,75.43,3,HARDER
6,87.32,6.69,8,1,94.87,2,HARDER
12,85.45,18.61,14,2,95.05,4,HARDER
12,85.91,18.43,14,2,81.37,4,HARDER
12,65.71,35.92,19,6,40.29,4,EASIER
4,100.0,9.77,6,0,100.0,1,HARDER
16,81.01,51.38,24,4,50.59,5,EASIER
4,78.78,14.95,7,1,91.27,1,HARDER
6,74.91,21.79,11,2,90.09,2,HARDER
9,91.53,12.3,10,1,99.41,3,HARDER
4,100.0,12.36,4,0,93.23,1,SAME
4,100.0,10.61,4,0,100.0,1,HARDER
16,84.71,27.04,20,3,67.16,5,HARDER
12,85.02,31.67,16,2,84.03,4,HARDER
9,100.0,18.05,9,0,100.0,3,HARDER
16,85.57,39.54,22,3,74.16,5,SAME
6,86.05,22.68,8,1,90.75,2,HARDER
6,65.06,24.12,12,3,73.84,2,EASIER
16,77.69,25.65,24,5,49.55,5,SAME
4,98.96,7.54,5,0,100.0,1,HARDER
12,75.36,32.73,17,4,67.83,4,SAME
9,80.82,23.82,13,2,91.34,3,SAME
16,94.32,21.09,17,1,98.99,5,HARDER
9,74.14,28.71,14,3,76.55,3,SAME
16,80.33,33.39,22,4,52.95,5,EASIER
4,100.0,14.36,4,0,94.23,1,HARDER
4,79.76,31.79,5,1,99.62,1,SAME
16,78.01,20.72,21,4,83.84,5,HARDER
12,79.68,25.0,16,3,75.7,4,HARDER
12,64.95,38.2,24,6,39.87,4,EASIER
16,76.02,33.91,22,5,72.64,5,SAME
6,76.17,17.52,10,2,69.66,2,SAME
4,100.0,8.47,4,0,100.0,1,HARDER
6,84.36,12.02,8,1,90.06,2,HARDER
6,97.97,9.63,7,0,100.0,2,HARDER
4,98.41,10.02,4,0,100.0,1,HARDER
12,86.11,22.18,15,2,91.25,4,SAME
6,75.17,23.29,10,2,75.82,2,EASIER
9,65.98,23.46,19,5,43.36,3,EASIER
6,74.45,30.57,11,2,74.33,2,SAME
4,98.9,12.69,4,0,100.0,1,HARDER
9,82.87,47.82,16,2,80.67,3,SAME
4,80.74,24.95,6,1,100.0,1,HARDER
6,100.0,13.24,6,0,90.53,2,HARDER
4,79.14,13.19,5,1,81.79,1,HARDER
6,85.48,15.54,7,1,91.45,2,HARDER
9,88.96,20.65,10,1,78.95,3,HARDER
4,80.99,12.53,5,1,99.54,1,HARDER
12,92.71,22.99,15,1,88.18,4,HARDER
12,91.02,25.5,14,1,82.61,4,HARDER
16,72.17,38.37,23,6,48.93,5,EASIER
9,80.7,21.71,14,2,70.4,3,SAME
16,82.98,20.05,19,3,86.5,5,HARDER
9,90.54,17.39,11,1,95.87,3,HARDER
12,84.2,25.28,17,2,86.55,4,HARDER
4,80.53,26.08,5,1,100.0,1,HARDER
12,76.46,24.22,16,4,60.05,4,EASIER
12,91.45,27.44,13,1,100.0,4,HARDER
4,100.0,8.61,4,0,90.61,1,HARDER
9,74.9,20.71,15,3,70.19,3,SAME
16,76.25,32.28,26,5,57.67,5,EASIER
4,100.0,10.51,4,0,100.0,1,HARDER
9,88.35,18.02,12,1,87.84,3,HARDER
6,99.49,18.06,6,0,99.71,2,HARDER
6,60.77,19.66,13,4,59.6,2,EASIER
6,100.0,19.06,6,0,91.48,2,HARDER
16,69.95,35.48,24,6,48.92,5,EASIER
6,100.0,8.56,6,0,90.41,2,HARDER
6,100.0,11.53,7,0,93.5,2,HARDER
16,87.92,22.85,20,2,82.89,5,HARDER
16,75.67,50.49,22,5,55.83,5,EASIER
4,100.0,7.63,4,0,100.0,1,HARDER
16,77.36,49.25,25,5,66.24,5,EASIER
9,92.43,18.42,12,1,94.86,3,HARDER
6,84.77,19.05,8,1,90.85,2,HARDER
9,100.0,12.25,9,0,95.86,3,HARDER
16,77.59,25.97,28,5,45.34,5,EASIER
6,74.05,17.16,11,2,66.44,2,SAME
9,100.0,14.32,9,0,100.0,3,HARDER
9,82.47,17.1,11,2,78.44,3,HARDER
9,90.56,12.77,11,1,92.75,3,HARDER
12,92.05,17.4,13,1,99.99,4,HARDER
6,85.05,10.63,7,1,94.99,2,HARDER
9,75.77,11.78,14,3,77.35,3,SAME
4,100.0,10.84,4,0,93.61,1,HARDER
9,89.64,30.15,12,1,100.0,3,HARDER
4,81.86,12.24,5,1,92.49,1,HARDER
4,100.0,18.68,5,0,91.86,1,HARDER
9,91.44,21.59,11,1,92.06,3,HARDER
4,100.0,13.1,4,0,100.0,1,HARDER
9,82.42,23.54,12,2,88.48,3,HARDER
12,91.76,17.52,13,1,100.0,4,HARDER
6,99.65,13.84,6,0,100.0,2,HARDER
16,89.55,33.56,20,2,91.97,5,HARDER
16,73.85,69.87,29,6,39.88,5,EASIER
16,82.16,22.89,20,4,73.85,5,SAME
6,84.7,17.97,7,1,76.21,2,HARDER
6,84.23,23.23,8,1,82.31,2,HARDER
12,66.81,35.48,22,6,57.11,4,EASIER
6,99.71,15.54,6,0,97.34,2,HARDER
12,80.36,17.02,15,3,87.22,4,HARDER
9,80.65,15.07,12,2,84.53,3,HARDER
4,98.81,11.65,4,0,100.0,1,HARDER
4,98.97,10.93,5,0,100.0,1,HARDER
9,67.7,19.46,14,4,73.41,3,EASIER
16,72.03,51.16,25,6,51.09,5,EASIER
6,100.0,19.76,6,0,100.0,2,HARDER
6,60.54,14.55,11,4,65.37,2,EASIER
12,74.9,23.03,18,4,64.85,4,SAME
16,80.1,48.04,21,4,65.39,5,SAME
12,75.73,32.93,19,4,60.69,4,EASIER
6,74.45,32.43,8,2,84.06,2,SAME
9,70.08,24.07,14,4,83.58,3,SAME
9,82.3,19.68,14,2,65.05,3,HARDER
4,79.97,15.4,6,1,91.52,1,HARDER
16,89.68,24.85,18,2,90.04,5,HARDER
12,70.74,35.99,19,5,63.48,4,HARDER
4,80.69,14.08,5,1,100.0,1,HARDER
4,68.65,18.66,6,2,85.76,1,SAME
6,84.07,13.69,11,1,95.33,2,HARDER
9,82.27,24.84,13,2,75.89,3,EASIER
12,86.25,23.71,15,2,85.29,4,HARDER
12,85.34,22.72,14,2,100.0,4,HARDER
4,100.0,16.17,5,0,96.85,1,HARDER
6,67.88,38.42,10,3,68.53,2,EASIER
12,80.42,21.82,16,3,83.75,4,HARDER
16,74.3,23.41,24,5,53.94,5,EASIER
4,80.4,13.7,6,1,83.43,1,HARDER
6,84.47,14.8,7,1,98.51,2,HARDER
16,77.17,24.41,21,5,78.9,5,HARDER
6,100.0,8.95,6,0,91.17,2,HARDER
12,74.67,18.73,18,4,69.75,4,EASIER
4,100.0,15.07,4,0,94.29,1,HARDER
6,68.11,23.18,15,3,85.6,2,EASIER
9,80.88,18.37,12,2,79.27,3,SAME
12,86.51,12.03,16,2,86.27,4,HARDER
6,84.24,22.08,7,1,87.18,2,HARDER
12,100.0,19.59,14,0,100.0,4,HARDER
12,92.13,28.33,14,1,86.19,4,HARDER
6,86.14,13.49,8,1,100.0,2,HARDER
6,60.66,20.22,12,4,61.46,2,EASIER
16,83.92,25.05,21,3,81.65,5,HARDER
16,87.67,27.57,18,2,89.75,5,HARDER
6,67.47,20.14,11,3,64.92,2,EASIER
6,84.21,17.41,9,1,100.0,2,HARDER
16,76.93,39.39,26,5,68.02,5,SAME
9,98.45,23.56,9,0,100.0,3,HARDER
6,84.94,19.99,8,1,92.63,2,HARDER
12,80.74,18.9,19,3,84.89,4,HARDER
6,84.75,12.18,8,1,89.17,2,HARDER
4,99.98,10.62,4,0,100.0,1,HARDER
4,81.83,15.36,5,1,95.61,1,HARDER
9,81.63,17.95,15,2,74.81,3,HARDER
6,65.9,17.0,10,3,76.95,2,SAME
9,90.84,22.38,10,1,93.12,3,HARDER
6,100.0,15.34,6,0,100.0,2,HARDER
16,88.39,37.4,23,2,76.89,5,HARDER
12,75.15,39.06,19,4,68.75,4,SAME
6,74.78,23.84,9,2,82.79,2,SAME
16,75.63,34.41,22,5,73.02,5,EASIER
6,100.0,14.68,8,0,100.0,2,HARDER
16,68.4,34.49,27,7,43.88,5,EASIER
12,80.05,36.35,15,3,78.52,4,HARDER
16,79.97,35.79,25,4,66.66,5,SAME
6,99.85,9.01,6,0,100.0,2,HARDER
9,91.64,12.97,10,1,98.38,3,HARDER
6,99.87,13.48,6,0,100.0,2,HARDER
4,100.0,8.87,4,0,98.64,1,HARDER
9,89.99,17.28,10,1,87.3,3,HARDER
12,92.02,19.67,14,1,100.0,4,HARDER
9,81.63,28.0,13,2,92.77,3,HARDER
12,75.39,15.75,16,4,68.38,4,SAME
12,84.8,25.08,18,2,80.72,4,HARDER
6,86.46,12.56,8,1,99.59,2,HARDER
16,81.7,28.26,23,4,56.31,5,SAME
9,82.63,22.49,11,2,95.56,3,HARDER
12,93.26,16.76,17,1,92.63,4,HARDER
6,86.34,19.61,7,1,96.39,2,HARDER
16,77.79,29.03,25,5,38.61,5,EASIER
9,74.96,34.75,15,3,76.91,3,EASIER
16,88.6,29.22,20,2,85.19,5,HARDER
12,85.74,26.2,16,2,84.56,4,HARDER
16,68.65,31.01,24,7,45.34,5,EASIER
4,80.66,20.63,6,1,87.15,1,SAME
4,98.8,15.38,4,0,96.97,1,HARDER
16,76.79,20.84,24,5,67.54,5,SAME
16,85.26,23.48,22,3,64.38,5,HARDER
12,93.47,18.01,16,1,84.7,4,HARDER
16,70.8,24.04,32,7,24.88,5,EASIER
4,98.54,15.87,4,0,84.07,1,HARDER
4,81.29,18.8,7,1,87.03,1,SAME
6,68.49,17.48,12,3,66.88,2,EASIER
12,83.6,18.57,15,2,89.18,4,HARDER
9,89.41,17.94,10,1,91.31,3,HARDER
12,84.59,19.6,20,2,88.21,4,HARDER
16,74.41,55.06,29,6,41.13,5,EASIER
16,79.93,25.01,23,4,76.33,5,SAME
4,100.0,13.35,4,0,98.42,1,HARDER
9,88.81,26.22,10,1,90.66,3,HARDER
4,99.17,6.19,4,0,100.0,1,HARDER
4,99.47,7.93,4,0,100.0,1,HARDER
16,79.6,30.53,22,4,67.17,5,SAME
16,62.94,65.79,29,9,20.77,5,EASIER
12,91.3,18.03,15,1,90.0,4,HARDER
4,100.0,9.75,4,0,98.52,1,HARDER
4,99.41,22.03,4,0,97.24,1,HARDER
9,99.28,25.75,9,0,95.05,3,HARDER
16,79.78,21.81,29,4,50.45,5,SAME
4,100.0,17.73,4,0,100.0,1,HARDER
6,65.95,28.43,13,3,66.52,2,EASIER
4,100.0,11.31,4,0,100.0,1,HARDER
6,85.99,15.42,9,1,100.0,2,HARDER
16,84.95,29.89,20,3,72.31,5,HARDER
16,67.94,41.71,26,8,32.88,5,EASIER
16,80.69,28.18,23,4,61.7,5,HARDER
12,75.34,21.56,19,4,64.39,4,EASIER
4,77.39,14.53,7,1,94.77,1,HARDER
4,100.0,16.88,5,0,96.13,1,HARDER
9,74.5,27.76,12,3,75.25,3,HARDER
4,98.44,9.23,4,0,96.87,1,HARDER
6,100.0,18.39,6,0,100.0,2,HARDER
9,73.35,40.87,14,3,72.55,3,EASIER
6,85.77,14.1,8,1,99.11,2,HARDER
16,77.5,30.31,25,5,51.38,5,HARDER
16,69.78,25.73,28,7,36.29,5,EASIER
12,80.48,25.81,19,3,67.58,4,SAME
9,83.1,17.19,11,2,88.03,3,HARDER
12,86.38,34.44,16,2,83.14,4,HARDER
4,100.0,14.03,4,0,100.0,1,HARDER
4,100.0,12.77,4,0,99.39,1,HARDER
6,84.31,11.72,8,1,95.05,2,HARDER
9,100.0,13.43,9,0,100.0,3,HARDER
16,68.64,29.05,25,7,35.5,5,EASIER
4,66.3,26.26,8,2,77.66,1,EASIER
6,100.0,14.08,6,0,100.0,2,HARDER
16,63.96,68.48,33,9,28.02,5,EASIER
12,71.22,33.07,20,5,53.19,4,EASIER
6,85.36,8.85,8,1,85.6,2,HARDER
16,76.03,38.68,29,5,63.01,5,SAME
6,66.42,20.55,11,3,77.97,2,HARDER
9,82.23,26.95,13,2,97.79,3,HARDER
12,67.38,26.27,20,6,38.69,4,EASIER
9,90.41,27.02,11,1,92.76,3,HARDER
12,79.55,22.5,17,3,76.68,4,EASIER
12,92.7,11.69,14,1,91.1,4,HARDER
12,79.89,35.0,16,3,68.34,4,HARDER
12,79.05,25.43,18,3,77.21,4,SAME
6,75.81,24.57,8,2,82.35,2,SAME
9,82.69,18.17,12,2,94.65,3,HARDER
16,94.77,17.06,19,1,80.61,5,HARDER
16,71.63,37.42,28,6,48.05,5,EASIER
12,83.88,31.89,17,2,84.51,4,HARDER
12,80.11,32.26,17,3,85.13,4,HARDER
12,76.02,22.4,17,4,73.8,4,SAME
16,75.4,42.86,23,5,67.1,5,EASIER
12,91.59,20.29,15,1,84.28,4,HARDER
12,79.58,41.67,18,3,85.67,4,SAME
9,82.28,24.36,13,2,100.0,3,HARDER
16,89.32,24.33,18,2,96.46,5,HARDER
9,56.34,37.54,27,7,28.1,3,EASIER
16,64.25,64.23,35,9,16.73,5,EASIER
16,77.09,40.47,22,5,67.22,5,SAME
4,66.16,16.84,7,2,75.51,1,SAME
12,80.48,21.86,19,3,83.97,4,SAME
12,81.06,19.79,20,3,80.71,4,HARDER
6,87.58,13.68,10,1,98.34,2,HARDER
9,100.0,15.88,9,0,100.0,3,HARDER
4,57.5,16.32,7,3,80.56,1,EASIER
4,100.0,10.3,4,0,96.96,1,HARDER
6,75.62,17.3,12,2,83.24,2,HARDER
16,77.06,24.02,23,5,63.88,5,SAME
12,84.43,30.01,15,2,80.14,4,HARDER
4,100.0,10.47,4,0,100.0,1,HARDER
12,70.21,34.3,25,5,43.25,4,EASIER
12,83.91,27.96,15,2,73.07,4,HARDER
6,84.61,13.45,7,1,98.07,2,HARDER
4,100.0,9.62,4,0,100.0,1,HARDER
12,76.2,44.13,19,4,52.14,4,EASIER
4,66.79,14.12,9,2,86.9,1,SAME
9,89.22,15.03,10,1,100.0,3,HARDER
6,84.71,17.84,8,1,74.28,2,SAME
12,99.14,23.47,14,0,91.66,4,HARDER
16,72.36,46.18,27,6,46.68,5,EASIER
9,61.44,46.92,20,6,32.13,3,EASIER
16,89.61,18.51,18,2,81.29,5,HARDER
12,75.43,19.33,21,4,76.44,4,SAME
4,99.21,14.49,4,0,100.0,1,HARDER
12,80.45,22.09,17,3,74.09,4,SAME
9,80.49,29.87,11,2,83.48,3,HARDER
6,85.58,10.72,8,1,98.48,2,HARDER
16,88.73,31.44,21,2,73.36,5,HARDER
4,100.0,7.15,4,0,100.0,1,HARDER
6,99.51,15.47,6,0,100.0,2,HARDER
16,80.5,22.2,23,4,63.34,5,HARDER
12,79.65,25.49,17,3,69.55,4,SAME
6,86.67,21.27,8,1,73.38,2,HARDER
4,99.2,15.31,4,0,100.0,1,HARDER
12,91.03,18.87,14,1,88.65,4,HARDER
4,56.12,12.57,7,3,84.2,1,EASIER
12,70.16,25.51,22,5,63.5,4,EASIER
12,87.89,32.05,16,2,87.34,4,HARDER
9,82.42,18.66,13,2,89.14,3,SAME
9,83.24,22.31,12,2,82.46,3,HARDER
6,98.15,15.41,7,0,97.33,2,HARDER
6,84.31,11.03,8,1,99.51,2,HARDER
6,83.67,13.17,7,1,100.0,2,HARDER
6,86.97,12.13,8,1,85.43,2,HARDER
9,89.6,17.04,11,1,88.49,3,HARDER
16,87.64,29.75,19,2,87.3,5,HARDER
6,75.97,25.06,9,2,75.94,2,SAME
4,100.0,8.72,4,0,100.0,1,HARDER
9,89.19,19.63,11,1,93.22,3,HARDER
9,89.54,23.23,12,1,98.15,3,HARDER
4,79.99,12.53,5,1,100.0,1,HARDER
12,79.81,29.67,18,3,76.16,4,HARDER
4,67.78,17.85,9,2,82.34,1,SAME
12,85.34,31.9,16,2,81.1,4,SAME
6,86.0,16.38,7,1,88.72,2,HARDER
16,79.32,45.56,24,4,70.37,5,SAME
6,100.0,10.58,6,0,100.0,2,HARDER
9,90.78,16.6,13,1,78.56,3,HARDER
9,82.11,18.6,11,2,94.54,3,HARDER
12,79.84,39.79,15,3,75.0,4,EASIER
9,88.83,21.32,11,1,93.01,3,HARDER
6,59.91,26.1,16,4,57.4,2,EASIER
12,84.96,17.48,16,2,75.54,4,HARDER
6,100.0,21.51,6,0,92.62,2,HARDER
16,71.34,39.35,27,7,47.86,5,EASIER
16,72.31,37.82,26,6,57.44,5,EASIER
16,70.0,40.58,33,7,25.83,5,EASIER
12,100.0,19.49,12,0,100.0,4,HARDER
4,98.65,15.76,4,0,91.35,1,HARDER
9,81.85,19.24,12,2,70.11,3,HARDER
12,83.63,22.44,18,2,66.17,4,HARDER
12,92.07,10.98,15,1,89.98,4,EASIER
6,85.96,14.5,8,1,92.6,2,HARDER
9,70.92,25.45,16,4,78.68,3,SAME
6,100.0,18.99,6,0,100.0,2,HARDER
16,79.16,30.13,24,4,68.71,5,SAME
9,68.05,40.46,14,4,51.81,3,EASIER
4,79.86,22.56,6,1,91.23,1,HARDER
12,66.34,35.06,24,6,44.35,4,HARDER
9,98.17,16.1,10,0,100.0,3,HARDER
9,90.23,20.2,11,1,87.01,3,HARDER
9,82.27,28.01,15,2,77.8,3,HARDER
16,78.71,23.84,29,5,38.64,5,EASIER
6,98.94,10.94,6,0,100.0,2,HARDER
16,72.56,34.61,23,6,55.5,5,EASIER
16,88.73,23.09,26,2,66.4,5,HARDER
9,82.83,22.26,11,2,85.19,3,HARDER
12,100.0,21.15,13,0,99.74,4,HARDER
12,98.81,22.33,13,0,96.74,4,HARDER
16,90.13,24.36,23,2,73.02,5,HARDER
9,82.81,44.08,14,2,64.75,3,EASIER
4,99.77,9.9,4,0,100.0,1,HARDER
16,79.38,37.91,25,4,55.54,5,EASIER
4,100.0,12.36,4,0,100.0,1,HARDER
16,85.37,17.94,25,3,77.02,5,HARDER
16,72.16,25.61,25,6,45.35,5,EASIER
4,98.65,9.12,4,0,84.38,1,HARDER
12,79.41,17.41,16,3,86.47,4,HARDER
12,85.04,22.95,14,2,77.45,4,HARDER
6,74.04,14.81,8,2,98.84,2,HARDER
12,92.33,22.83,14,1,90.24,4,HARDER
9,67.95,25.79,13,4,71.0,3,HARDER
6,74.81,30.72,8,2,71.42,2,SAME
6,99.78,15.27,6,0,83.71,2,HARDER
12,86.72,21.35,15,2,80.45,4,HARDER
12,79.35,25.17,18,3,84.51,4,HARDER
12,69.98,38.03,20,5,54.37,4,EASIER
4,98.86,9.36,4,0,100.0,1,HARDER
6,65.56,12.92,11,3,81.82,2,SAME
16,72.82,49.74,29,6,36.53,5,EASIER
6,85.99,12.13,9,1,88.03,2,HARDER
9,87.99,25.49,11,1,82.74,3,HARDER
4,56.39,30.86,9,3,66.38,1,EASIER
16,72.7,33.65,25,6,55.05,5,EASIER
9,74.92,23.68,16,3,66.67,3,SAME
9,74.47,22.16,15,3,64.94,3,SAME
12,79.89,25.55,15,3,87.86,4,HARDER
4,100.0,13.89,4,0,100.0,1,HARDER
4,79.3,20.47,6,1,91.62,1,SAME
12,66.73,53.03,22,6,38.33,4,EASIER
6,73.24,16.2,11,2,81.73,2,HARDER
12,78.0,41.47,19,3,68.09,4,SAME
6,83.4,16.74,8,1,94.27,2,HARDER
6,99.28,13.34,7,0,100.0,2,HARDER
6,85.81,11.72,7,1,97.79,2,HARDER
9,74.71,41.17,13,3,86.19,3,SAME
6,84.76,11.25,9,1,88.76,2,HARDER
4,80.47,17.4,7,1,85.33,1,HARDER
9,100.0,15.09,9,0,99.8,3,HARDER
12,79.94,28.28,18,3,68.24,4,HARDER
4,99.43,11.01,4,0,95.96,1,HARDER
16,90.79,23.0,18,2,91.57,5,HARDER
12,70.77,35.08,23,5,61.57,4,EASIER
12,91.71,25.24,14,1,100.0,4,HARDER
4,79.49,10.16,5,1,91.25,1,HARDER
12,87.11,27.03,15,2,78.32,4,HARDER
6,99.56,17.45,6,0,98.29,2,HARDER
4,100.0,16.17,4,0,100.0,1,HARDER
16,66.27,33.18,31,8,34.53,5,EASIER
4,99.43,15.92,4,0,100.0,1,HARDER
6,85.72,14.35,7,1,100.0,2,HARDER
12,85.22,19.86,17,2,91.97,4,HARDER
9,100.0,17.97,9,0,100.0,3,HARDER
6,87.04,14.08,8,1,84.02,2,HARDER
6,98.32,10.84,7,0,100.0,2,HARDER
4,99.6,13.25,4,0,100.0,1,SAME
16,66.99,60.2,26,7,62.82,5,EASIER
4,81.21,10.26,5,1,100.0,1,HARDER
6,86.22,18.56,7,1,100.0,2,HARDER
6,65.75,19.04,13,3,67.88,2,EASIER
4,100.0,12.84,4,0,100.0,1,HARDER
9,73.0,25.39,15,3,70.78,3,SAME
9,81.38,37.19,13,2,84.2,3,SAME
6,86.84,9.98,8,1,83.94,2,HARDER
16,72.02,37.44,27,6,55.63,5,EASIER
16,72.46,20.56,27,6,45.43,5,EASIER
16,63.61,57.23,31,10,23.98,5,EASIER
9,90.55,17.21,12,1,82.7,3,HARDER
16,83.55,18.64,20,3,79.49,5,SAME
12,85.18,15.65,17,2,76.33,4,HARDER
4,79.98,17.69,6,1,82.28,1,SAME
6,75.5,26.35,11,2,90.8,2,HARDER
12,86.87,20.53,14,2,93.29,4,HARDER
16,63.89,40.23,34,9,17.06,5,EASIER
9,74.77,24.96,15,3,74.36,3,SAME
9,58.92,40.41,18,6,48.18,3,EASIER
6,86.04,20.19,7,1,76.01,2,SAME
6,100.0,8.28,6,0,95.69,2,HARDER
6,54.26,18.75,18,5,44.08,2,EASIER
4,99.45,7.14,4,0,100.0,1,SAME
16,72.69,32.88,28,6,56.88,5,EASIER
16,80.98,38.54,25,4,65.42,5,SAME
6,99.49,13.65,6,0,100.0,2,HARDER
6,77.14,21.42,10,2,85.43,2,HARDER
4,80.28,10.89,6,1,91.75,1,HARDER
6,100.0,13.69,6,0,100.0,2,HARDER
9,89.21,18.58,10,1,93.31,3,HARDER
4,98.35,10.63,5,0,100.0,1,HARDER
9,83.19,16.86,12,2,89.83,3,HARDER
9,89.77,10.42,10,1,100.0,3,HARDER
16,65.85,48.93,32,9,19.63,5,EASIER
6,68.8,24.77,10,3,80.74,2,EASIER
4,67.81,16.23,6,2,85.13,1,SAME
9,90.57,14.12,11,1,92.01,3,HARDER
9,82.38,19.78,14,2,68.55,3,HARDER
4,66.41,19.98,7,2,94.32,1,HARDER
16,72.12,39.99,25,6,65.89,5,EASIER
4,66.52,20.24,8,2,87.37,1,SAME
6,73.52,19.17,8,2,75.22,2,SAME
6,74.38,15.41,8,2,87.67,2,HARDER
4,99.18,6.55,4,0,100.0,1,HARDER
16,85.41,33.26,20,3,78.77,5,SAME
16,94.52,31.25,18,1,87.88,5,HARDER
9,92.1,19.99,12,1,98.76,3,HARDER
4,58.15,17.13,8,3,78.01,1,EASIER
16,69.24,38.57,28,7,51.38,5,EASIER
16,65.33,53.89,31,9,27.72,5,EASIER
12,73.12,37.81,17,4,64.89,4,EASIER
9,74.88,17.85,12,3,63.09,3,HARDER
9,99.57,21.72,9,0,84.84,3,HARDER
9,68.14,23.54,15,4,60.15,3,EASIER
16,66.79,44.47,29,8,33.33,5,EASIER
12,85.57,18.32,16,2,81.5,4,HARDER
6,84.41,21.47,7,1,100.0,2,HARDER
4,98.44,17.1,4,0,100.0,1,HARDER
16,68.49,42.35,25,7,40.5,5,EASIER
12,81.21,28.56,17,3,64.13,4,SAME
16,73.66,35.36,26,6,51.97,5,EASIER
12,92.31,22.0,14,1,100.0,4,HARDER
16,80.12,34.18,24,4,68.09,5,HARDER
4,100.0,11.99,5,0,96.17,1,HARDER
16,87.82,26.65,19,2,89.67,5,HARDER
4,81.7,20.7,5,1,93.58,1,HARDER
16,73.98,38.65,28,6,44.68,5,EASIER
6,84.27,15.61,7,1,100.0,2,HARDER
16,84.37,21.74,20,3,84.11,5,HARDER
9,75.0,17.62,16,3,77.09,3,SAME
9,75.32,25.73,13,3,89.38,3,SAME
4,99.48,13.58,4,0,100.0,1,HARDER
9,89.59,18.23,10,1,96.23,3,HARDER
12,74.35,21.91,17,4,71.16,4,SAME
16,79.14,39.35,28,4,44.64,5,EASIER
16,79.62,26.15,24,4,74.7,5,EASIER
9,63.86,32.6,17,5,57.99,3,EASIER
12,93.88,46.87,14,1,83.62,4,HARDER
9,82.29,23.82,11,2,77.52,3,HARDER
9,89.39,23.18,10,1,100.0,3,HARDER
4,80.38,20.45,5,1,92.1,1,HARDER
12,91.24,32.75,13,1,84.54,4,HARDER
4,81.04,19.66,5,1,97.53,1,HARDER
9,83.9,16.04,11,2,85.76,3,HARDER
12,91.36,20.98,16,1,88.87,4,HARDER
12,93.59,19.09,15,1,91.45,4,HARDER
4,81.73,11.28,6,1,90.22,1,HARDER
16,81.7,46.22,24,4,64.67,5,EASIER
6,99.44,13.36,6,0,98.83,2,HARDER
16,83.21,44.63,19,3,79.1,5,SAME
4,80.65,13.31,5,1,100.0,1,HARDER
4,100.0,13.18,4,0,100.0,1,HARDER
6,86.05,22.09,9,1,100.0,2,HARDER
4,97.21,9.01,4,0,100.0,1,HARDER
4,100.0,13.38,4,0,96.34,1,HARDER
9,91.35,12.64,10,1,90.57,3,HARDER
4,98.75,8.53,4,0,95.14,1,HARDER
4,65.97,13.43,6,2,66.13,1,EASIER
12,85.97,21.0,15,2,96.62,4,HARDER
16,100.0,24.72,16,0,100.0,5,HARDER
16,76.03,38.22,28,5,66.88,5,EASIER
4,99.57,13.49,4,0,100.0,1,HARDER
12,76.64,28.21,17,4,87.2,4,HARDER
16,70.92,41.51,24,6,47.85,5,EASIER
6,100.0,14.93,6,0,91.35,2,HARDER
16,73.52,29.91,24,5,56.55,5,SAME
4,99.0,10.71,4,0,89.75,1,HARDER
12,69.64,76.82,21,5,64.71,4,EASIER
16,84.09,24.3,22,3,77.66,5,HARDER
12,100.0,17.19,15,0,100.0,4,HARDER
6,66.57,27.1,10,3,83.19,2,SAME
9,76.37,18.82,14,3,70.56,3,SAME
12,81.27,37.18,20,3,66.57,4,EASIER
12,92.59,18.1,13,1,100.0,4,HARDER
6,100.0,21.45,6,0,92.51,2,HARDER
9,81.38,22.77,13,2,100.0,3,HARDER
16,77.5,29.28,23,5,65.76,5,EASIER
6,68.1,22.2,10,3,80.11,2,SAME
12,78.68,13.51,18,3,60.7,4,SAME
12,79.78,12.64,17,3,75.52,4,HARDER
16,78.24,27.06,23,4,74.4,5,HARDER
4,79.95,12.03,5,1,94.18,1,HARDER
12,80.73,38.74,17,3,67.3,4,HARDER
16,58.72,56.64,33,11,5.95,5,EASIER
16,74.94,45.52,23,5,65.16,5,EASIER
6,66.5,22.21,11,3,79.16,2,SAME
6,84.68,25.65,7,1,87.55,2,HARDER
4,80.01,11.12,5,1,100.0,1,HARDER
4,100.0,16.28,5,0,100.0,1,HARDER
4,99.39,11.58,4,0,100.0,1,HARDER
9,70.26,20.25,17,4,73.68,3,SAME
4,99.97,16.46,4,0,98.72,1,HARDER
12,92.51,25.56,14,1,100.0,4,HARDER
4,100.0,9.48,4,0,96.66,1,HARDER
16,83.62,21.95,22,3,72.5,5,SAME
6,99.52,10.91,6,0,100.0,2,HARDER
9,73.77,33.31,15,3,71.76,3,SAME
6,85.99,20.91,7,1,88.65,2,HARDER
12,59.51,39.08,25,8,40.92,4,EASIER
4,100.0,11.67,4,0,100.0,1,HARDER
4,99.07,15.79,4,0,100.0,1,HARDER
12,86.28,13.41,17,2,83.35,4,HARDER
12,70.58,27.7,19,5,69.88,4,EASIER
4,79.24,10.43,5,1,89.15,1,HARDER
4,78.76,13.45,5,1,92.83,1,HARDER
6,86.17,14.38,7,1,94.9,2,HARDER
4,99.61,11.37,4,0,100.0,1,HARDER
4,65.91,16.25,7,2,80.56,1,EASIER
4,79.54,24.34,5,1,100.0,1,HARDER
9,89.06,18.76,10,1,79.44,3,HARDER
9,100.0,14.68,11,0,100.0,3,HARDER
16,61.88,44.93,28,9,35.15,5,EASIER
16,76.67,57.5,27,5,64.6,5,SAME
9,100.0,16.83,13,0,100.0,3,HARDER
4,99.75,12.95,4,0,100.0,1,HARDER
12,98.78,29.38,15,0,100.0,4,HARDER
16,75.16,38.02,25,5,50.41,5,EASIER
6,84.6,19.49,8,1,100.0,2,HARDER
6,87.41,17.87,7,1,92.94,2,HARDER
16,89.75,20.29,20,2,82.0,5,HARDER
16,89.23,22.21,20,2,72.16,5,HARDER
9,91.08,19.74,15,1,93.12,3,HARDER
4,100.0,12.55,4,0,100.0,1,HARDER
4,80.75,12.83,5,1,87.86,1,HARDER
16,74.91,29.5,25,5,43.68,5,EASIER
4,99.62,9.52,4,0,94.66,1,HARDER
12,92.91,14.36,13,1,100.0,4,HARDER
6,73.0,21.05,10,2,78.89,2,SAME
12,70.8,27.69,18,5,66.29,4,EASIER
9,100.0,19.81,11,0,100.0,3,HARDER
4,78.42,10.2,6,1,80.55,1,HARDER
12,74.2,23.05,17,4,80.48,4,SAME
16,64.2,37.97,33,9,22.29,5,EASIER
16,85.36,25.62,20,3,78.86,5,HARDER
9,90.28,22.18,13,1,87.24,3,HARDER
4,99.19,8.04,4,0,100.0,1,HARDER
4,65.67,11.47,10,2,69.68,1,SAME
9,90.97,14.07,11,1,100.0,3,HARDER
6,85.93,14.28,7,1,93.79,2,HARDER
9,64.52,34.57,17,5,59.62,3,EASIER
12,74.13,21.41,17,4,57.18,4,EASIER
9,90.91,15.84,10,1,83.09,3,HARDER
12,74.12,35.39,19,4,72.14,4,EASIER
12,75.13,20.84,17,4,69.35,4,HARDER
4,80.62,11.43,6,1,93.73,1,HARDER
12,93.02,14.36,14,1,82.3,4,HARDER
6,84.06,8.97,7,1,94.48,2,HARDER
12,87.7,41.0,15,2,95.11,4,HARDER
9,88.58,19.19,10,1,100.0,3,HARDER
16,88.32,25.0,22,2,75.76,5,HARDER
16,76.98,43.14,23,5,71.79,5,EASIER
12,91.92,20.21,14,1,100.0,4,HARDER
12,75.05,36.95,19,4,67.96,4,EASIER
6,99.27,12.49,7,0,100.0,2,HARDER
9,88.55,13.34,11,1,100.0,3,HARDER
4,99.29,8.65,5,0,100.0,1,HARDER
16,74.45,58.03,28,6,36.98,5,EASIER
16,79.44,49.47,21,4,62.75,5,SAME
12,86.73,23.67,15,2,77.88,4,EASIER
12,74.59,17.52,24,4,61.75,4,SAME
16,87.97,28.26,19,2,88.14,5,HARDER
12,100.0,17.13,13,0,90.37,4,HARDER
4,99.13,7.85,4,0,100.0,1,HARDER
4,99.49,11.74,4,0,87.65,1,HARDER
4,67.03,15.28,6,2,88.21,1,SAME
4,79.75,13.7,5,1,86.36,1,SAME
4,99.05,16.22,4,0,94.99,1,HARDER
9,81.17,18.92,13,2,76.51,3,HARDER
12,76.83,39.28,18,4,65.18,4,SAME
6,83.33,11.4,12,1,72.98,2,HARDER
6,99.46,12.59,6,0,86.93,2,HARDER
9,70.81,15.28,15,4,67.29,3,SAME
16,85.79,18.11,28,3,80.41,5,SAME
16,64.49,31.23,27,9,30.2,5,EASIER
6,99.49,20.41,6,0,100.0,2,HARDER
4,81.13,11.82,6,1,95.58,1,HARDER
9,75.73,33.26,17,3,74.84,3,SAME
9,92.01,15.63,12,1,83.04,3,HARDER
16,58.19,43.96,36,11,0.0,5,EASIER
6,84.49,19.94,7,1,87.11,2,HARDER
6,84.09,16.26,7,1,96.47,2,HARDER
9,98.84,16.09,9,0,92.15,3,HARDER
16,66.94,59.03,26,8,38.44,5,EASIER
12,79.4,21.66,17,3,73.47,4,SAME
9,90.15,13.1,10,1,100.0,3,HARDER
4,66.81,16.4,7,2,78.12,1,SAME
6,86.32,11.61,7,1,90.36,2,HARDER
4,80.84,9.05,7,1,84.71,1,HARDER
6,85.77,11.13,7,1,87.68,2,HARDER
4,78.32,8.86,7,1,93.57,1,HARDER
16,83.47,24.7,21,3,89.51,5,HARDER
9,89.58,17.06,12,1,98.34,3,HARDER
9,74.69,30.96,18,3,67.03,3,EASIER
4,100.0,6.73,4,0,95.62,1,HARDER
12,90.29,15.15,14,1,97.79,4,HARDER
9,80.65,25.61,12,2,94.42,3,HARDER
6,75.76,18.29,10,2,62.91,2,SAME
16,75.08,42.99,23,5,64.36,5,EASIER
6,65.88,23.41,13,3,72.61,2,EASIER
4,100.0,9.61,4,0,89.56,1,HARDER
9,83.73,33.45,12,2,85.95,3,HARDER
4,56.77,17.54,7,3,76.65,1,EASIER
6,100.0,13.76,6,0,89.41,2,HARDER
9,64.88,18.27,16,5,56.5,3,EASIER
12,86.06,26.99,16,2,79.36,4,HARDER
6,66.32,26.46,12,3,83.53,2,SAME
12,85.16,23.61,15,2,73.47,4,HARDER
4,80.09,22.08,6,1,76.04,1,SAME
9,90.42,25.79,13,1,86.61,3,HARDER
12,84.64,26.96,15,2,70.22,4,SAME
12,84.9,21.84,14,2,96.62,4,HARDER
9,90.05,18.95,10,1,100.0,3,HARDER
12,80.08,13.08,16,3,81.95,4,HARDER
12,85.43,35.94,14,2,89.87,4,HARDER
12,69.75,31.52,21,5,65.06,4,EASIER
16,78.8,33.66,26,4,53.3,5,EASIER
12,86.55,16.82,16,2,86.61,4,HARDER
12,92.15,19.92,18,1,89.81,4,HARDER
16,84.21,19.21,19,3,93.77,5,HARDER
16,67.86,26.19,26,8,43.94,5,EASIER
4,79.74,7.77,5,1,94.53,1,HARDER
16,64.43,56.72,38,9,0.0,5,EASIER
16,68.19,41.23,24,7,72.16,5,EASIER
16,95.06,18.8,19,1,93.97,5,HARDER
9,89.45,18.03,11,1,74.31,3,HARDER
4,100.0,13.97,4,0,89.47,1,HARDER
6,83.66,17.79,10,1,100.0,2,HARDER
9,82.65,22.18,11,2,82.49,3,HARDER
12,78.9,31.76,16,3,91.22,4,SAME
12,65.64,40.39,20,6,44.7,4,EASIER
9,90.25,18.57,10,1,87.11,3,HARDER
9,81.86,23.49,11,2,78.87,3,SAME
4,55.8,27.42,9,3,56.26,1,EASIER
12,83.48,21.89,16,2,92.55,4,HARDER
6,98.62,12.97,7,0,100.0,2,HARDER
6,98.79,12.06,6,0,100.0,2,HARDER
6,85.31,15.9,7,1,98.51,2,HARDER
12,86.49,19.29,15,2,92.74,4,HARDER
9,100.0,14.51,9,0,100.0,3,HARDER
16,62.84,42.32,36,9,9.74,5,EASIER
16,89.45,31.12,21,2,87.37,5,HARDER
4,99.41,10.23,4,0,91.93,1,HARDER
12,90.32,17.22,16,1,86.22,4,HARDER
6,86.63,28.74,8,1,86.06,2,HARDER
12,99.57,19.91,14,0,100.0,4,HARDER
9,82.19,18.98,13,2,78.36,3,HARDER
9,74.69,27.3,13,3,60.01,3,EASIER
6,74.41,13.4,11,2,79.92,2,SAME
4,79.72,23.46,7,1,85.23,1,HARDER
4,98.51,7.71,4,0,100.0,1,HARDER
16,85.41,17.64,23,3,64.18,5,HARDER
16,79.32,49.81,26,4,63.05,5,SAME
4,100.0,12.29,4,0,98.18,1,HARDER
4,80.64,21.64,5,1,88.21,1,HARDER
9,82.06,32.0,13,2,67.01,3,SAME
4,100.0,11.79,4,0,98.99,1,HARDER
9,75.22,16.52,13,3,79.13,3,HARDER
12,80.35,28.53,17,3,70.99,4,SAME
16,73.56,28.78,26,6,40.93,5,HARDER
9,99.78,21.69,9,0,92.18,3,HARDER
4,99.75,22.32,4,0,92.37,1,HARDER
6,86.4,14.43,7,1,93.74,2,HARDER
16,84.95,20.28,25,3,74.3,5,HARDER
6,100.0,13.68,7,0,100.0,2,HARDER
16,79.59,60.89,25,4,53.88,5,EASIER
12,75.59,34.15,21,4,65.09,4,EASIER
12,81.2,32.71,17,3,68.3,4,SAME
9,81.81,11.72,12,2,72.47,3,HARDER
6,84.18,20.54,7,1,100.0,2,HARDER
9,91.47,16.66,10,1,96.51,3,HARDER
4,64.48,15.25,7,2,85.3,1,SAME
4,81.72,15.02,8,1,97.24,1,HARDER
16,81.48,33.85,22,4,60.57,5,SAME
6,83.84,18.04,9,1,84.59,2,HARDER
16,93.55,26.18,18,1,96.9,5,HARDER
12,74.01,34.34,22,4,57.18,4,EASIER
9,75.14,22.37,13,3,75.58,3,SAME
9,89.32,17.6,10,1,90.59,3,HARDER
9,82.16,40.4,12,2,79.64,3,HARDER
16,69.74,35.01,28,7,40.53,5,EASIER
6,100.0,14.15,6,0,97.77,2,HARDER
12,76.93,23.87,19,4,81.71,4,SAME
16,75.79,24.89,24,5,69.12,5,SAME
6,100.0,8.67,6,0,95.45,2,HARDER
9,69.8,26.84,17,4,64.26,3,EASIER
12,87.22,20.72,14,2,98.94,4,HARDER
12,77.12,26.01,19,4,66.69,4,SAME
12,85.39,32.11,14,2,78.77,4,HARDER
4,99.36,12.53,4,0,94.62,1,SAME
6,87.5,11.82,10,1,85.65,2,HARDER
12,91.07,27.6,14,1,86.41,4,HARDER
4,80.92,21.07,7,1,84.84,1,SAME
9,89.06,16.33,13,1,91.17,3,HARDER
4,99.82,12.5,5,0,97.89,1,HARDER
6,100.0,13.39,6,0,100.0,2,HARDER
6,100.0,8.88,6,0,100.0,2,HARDER
4,99.49,14.09,4,0,100.0,1,HARDER
6,73.33,17.31,9,2,83.13,2,HARDER
6,67.81,25.89,14,3,69.24,2,EASIER
4,79.81,22.95,5,1,87.69,1,SAME
9,100.0,12.35,9,0,100.0,3,HARDER
9,75.86,21.49,17,3,80.03,3,SAME
12,62.0,29.92,22,7,49.09,4,EASIER
4,100.0,15.76,4,0,93.96,1,HARDER
6,99.09,11.86,6,0,100.0,2,HARDER
12,60.11,41.45,29,8,40.31,4,EASIER
9,75.44,19.52,13,3,67.05,3,EASIER
9,89.73,20.5,13,1,83.15,3,HARDER
9,81.91,37.96,12,2,95.48,3,HARDER
12,79.88,17.55,19,3,75.32,4,SAME
9,75.6,25.39,14,3,80.99,3,SAME
9,81.32,18.27,12,2,81.67,3,HARDER
12,80.76,21.79,21,3,65.93,4,HARDER
16,59.74,47.54,36,10,2.85,5,EASIER
12,87.0,20.73,15,2,71.42,4,HARDER
4,99.1,7.87,4,0,100.0,1,HARDER
12,77.6,22.18,20,4,72.64,4,SAME
4,80.47,10.91,5,1,90.31,1,EASIER
9,89.77,24.45,10,1,84.68,3,HARDER
9,70.15,22.98,16,4,57.49,3,SAME
4,50.42,23.6,9,4,69.96,1,EASIER
9,76.81,21.14,12,3,75.86,3,SAME
9,80.0,23.95,14,2,71.87,3,HARDER
9,91.64,12.39,11,1,97.94,3,HARDER
16,80.74,24.26,22,4,69.28,5,SAME
12,93.6,13.43,14,1,87.78,4,HARDER
6,86.52,16.65,9,1,92.28,2,HARDER
9,82.76,14.89,11,2,78.17,3,HARDER
9,75.19,45.25,14,3,86.14,3,EASIER
12,74.84,30.44,18,4,62.25,4,SAME
4,98.91,8.82,5,0,99.55,1,HARDER
9,74.15,26.92,13,3,83.72,3,SAME
9,80.26,26.23,13,2,82.64,3,HARDER
16,74.24,34.31,29,6,41.02,5,EASIER
6,85.29,12.58,7,1,87.11,2,HARDER
4,100.0,10.84,4,0,92.72,1,HARDER
6,100.0,11.38,7,0,94.35,2,HARDER
9,70.6,16.88,17,4,52.75,3,SAME
6,67.58,24.49,10,3,77.86,2,SAME
9,99.48,13.85,9,0,100.0,3,HARDER
4,98.62,8.27,4,0,99.73,1,HARDER
16,73.25,21.45,25,6,56.91,5,EASIER
6,85.53,26.49,9,1,88.33,2,HARDER
9,82.37,14.8,11,2,75.56,3,HARDER
6,100.0,14.9,6,0,100.0,2,HARDER
12,75.54,30.04,18,4,66.37,4,SAME
9,69.14,23.2,14,4,75.17,3,EASIER
12,85.24,17.68,16,2,83.7,4,HARDER
12,92.77,23.31,14,1,90.66,4,HARDER
4,100.0,14.88,4,0,97.09,1,HARDER
4,100.0,13.55,4,0,100.0,1,HARDER
12,74.98,45.64,17,4,81.41,4,SAME
6,84.63,11.38,7,1,89.56,2,SAME
16,82.07,34.01,23,4,64.05,5,SAME
12,91.85,15.95,15,1,85.92,4,HARDER
12,86.82,28.43,14,2,86.89,4,HARDER
4,100.0,14.05,4,0,100.0,1,HARDER
12,83.18,39.07,14,2,96.09,4,HARDER
16,90.23,32.61,21,2,79.7,5,HARDER
12,91.11,20.38,17,1,91.13,4,HARDER
12,82.0,27.93,16,3,82.08,4,HARDER
9,89.52,23.05,10,1,95.86,3,HARDER
16,63.58,39.03,32,9,40.97,5,EASIER
12,79.64,22.97,19,3,74.35,4,SAME
4,78.67,11.46,6,1,89.34,1,HARDER
6,72.95,16.28,8,2,82.57,2,HARDER
9,82.83,26.88,13,2,68.18,3,EASIER
6,98.31,12.68,7,0,96.29,2,HARDER
6,98.57,16.94,6,0,100.0,2,HARDER
6,99.55,16.6,6,0,100.0,2,HARDER
9,74.88,21.08,14,3,82.8,3,SAME
12,74.99,28.78,20,4,56.57,4,EASIER
6,85.41,16.11,8,1,98.7,2,HARDER
9,100.0,19.35,10,0,91.56,3,HARDER
6,74.8,23.88,9,2,82.55,2,SAME
12,72.42,23.48,20,5,54.51,4,EASIER
12,85.96,37.54,16,2,80.56,4,HARDER
9,77.22,23.05,13,3,78.59,3,SAME
4,99.09,15.62,5,0,99.32,1,HARDER
16,73.41,29.97,26,6,54.14,5,EASIER
12,84.61,23.25,16,2,80.44,4,HARDER
4,100.0,12.89,4,0,100.0,1,HARDER
16,81.37,36.39,28,4,44.06,5,SAME
6,83.52,12.19,8,1,97.57,2,HARDER
9,90.79,16.5,10,1,98.8,3,HARDER
9,91.14,18.76,11,1,92.88,3,HARDER
9,89.72,18.66,12,1,98.03,3,HARDER
4,99.78,16.46,4,0,96.51,1,HARDER
16,76.38,31.38,28,5,46.68,5,SAME
6,85.74,13.64,8,1,91.84,2,EASIER
6,84.61,17.7,8,1,86.91,2,HARDER
6,67.54,19.9,14,3,55.39,2,EASIER
6,100.0,6.67,7,0,100.0,2,HARDER
6,87.53,15.19,7,1,91.49,2,HARDER
6,100.0,18.94,7,0,100.0,2,HARDER
6,100.0,13.14,6,0,100.0,2,HARDER
16,77.3,48.69,22,5,75.29,5,EASIER
4,100.0,12.46,4,0,92.43,1,HARDER
16,63.09,41.29,30,9,22.58,5,EASIER
9,69.81,37.89,15,4,61.78,3,EASIER
4,100.0,8.28,4,0,100.0,1,HARDER
12,83.97,17.76,14,2,90.85,4,HARDER
16,72.49,41.51,30,6,39.88,5,EASIER
4,99.77,8.26,4,0,100.0,1,HARDER
12,92.41,16.01,13,1,100.0,4,HARDER
12,74.68,42.38,22,4,48.59,4,SAME
6,85.6,10.32,8,1,93.72,2,HARDER
16,75.25,45.14,25,5,60.62,5,EASIER
4,80.31,11.57,7,1,94.16,1,HARDER
4,100.0,10.06,4,0,89.3,1,SAME
9,76.26,21.99,15,3,66.07,3,EASIER
12,73.98,28.65,20,4,72.08,4,SAME
12,98.6,20.75,12,0,90.02,4,HARDER
16,84.26,21.12,21,3,80.43,5,HARDER
9,90.18,12.56,12,1,100.0,3,HARDER
9,97.83,12.51,9,0,100.0,3,HARDER
16,87.32,37.58,19,2,69.96,5,HARDER
4,79.1,12.39,5,1,87.01,1,HARDER
6,99.95,18.55,6,0,94.03,2,HARDER
16,61.82,42.22,40,10,9.86,5,EASIER
12,67.38,32.75,20,6,57.17,4,EASIER
16,75.4,19.95,23,5,55.73,5,SAME
6,85.9,16.61,7,1,97.85,2,HARDER
6,86.23,14.87,7,1,79.1,2,HARDER
4,99.57,12.01,5,0,88.96,1,HARDER
9,98.54,12.57,11,0,99.46,3,HARDER
9,99.98,14.72,9,0,94.82,3,HARDER
16,79.28,32.78,25,4,59.95,5,SAME
12,79.74,28.94,17,3,66.05,4,SAME
12,70.05,32.9,19,5,51.83,4,EASIER
9,75.05,33.46,13,3,63.05,3,SAME
12,67.19,38.36,21,6,43.86,4,EASIER
6,100.0,12.21,6,0,94.29,2,HARDER
16,77.14,34.98,24,5,49.05,5,SAME
12,100.0,24.67,12,0,100.0,4,HARDER
9,80.88,19.65,13,2,75.68,3,HARDER
4,67.97,12.26,6,2,80.46,1,SAME
4,82.04,11.6,5,1,82.57,1,SAME
16,78.28,38.51,21,4,61.16,5,SAME
6,99.59,20.39,6,0,100.0,2,HARDER
12,91.32,27.79,17,1,71.58,4,HARDER
12,57.16,41.17,27,8,31.74,4,EASIER
4,100.0,8.4,4,0,91.18,1,HARDER
16,80.41,39.23,26,4,65.09,5,SAME
16,81.52,21.78,21,4,70.84,5,HARDER
4,81.31,11.48,9,1,73.96,1,SAME
4,100.0,11.78,4,0,100.0,1,HARDER
6,86.02,18.41,7,1,100.0,2,HARDER
9,87.97,16.98,12,1,87.76,3,HARDER
12,80.56,27.29,17,3,86.65,4,HARDER
16,89.38,24.24,20,2,79.24,5,HARDER
9,90.16,17.74,11,1,91.0,3,HARDER
6,85.82,12.81,8,1,92.75,2,HARDER
16,69.85,49.75,25,7,46.46,5,EASIER
12,92.83,15.56,18,1,75.95,4,HARDER
6,84.98,13.17,7,1,100.0,2,HARDER
6,100.0,14.93,6,0,99.21,2,HARDER
6,99.14,11.92,6,0,100.0,2,HARDER
12,80.49,32.38,17,3,87.34,4,SAME
6,85.43,22.9,7,1,95.34,2,HARDER
9,75.05,17.62,13,3,85.62,3,HARDER
16,84.32,15.57,25,3,69.83,5,HARDER
6,100.0,10.25,6,0,96.38,2,HARDER
4,79.0,13.3,6,1,90.02,1,HARDER
16,62.2,57.42,35,9,19.89,5,EASIER
6,85.6,9.39,7,1,87.98,2,HARDER
16,70.16,35.11,31,7,17.33,5,EASIER
4,81.08,11.88,6,1,87.9,1,SAME
12,70.52,24.19,23,5,43.8,4,EASIER
9,90.4,18.13,10,1,88.79,3,HARDER
9,76.73,21.83,12,3,75.2,3,HARDER
6,84.98,14.17,8,1,100.0,2,HARDER
6,84.91,11.78,7,1,100.0,2,HARDER
12,68.65,39.45,19,5,47.41,4,EASIER
12,99.67,15.63,12,0,100.0,4,HARDER
12,91.1,18.35,14,1,91.8,4,HARDER
16,82.98,38.93,22,3,76.37,5,SAME
6,86.25,17.39,7,1,100.0,2,HARDER
16,79.66,31.13,26,4,57.68,5,SAME
16,93.5,27.42,19,1,98.22,5,HARDER
4,100.0,12.88,5,0,100.0,1,HARDER
9,69.72,40.7,13,4,66.58,3,EASIER
6,100.0,11.3,6,0,100.0,2,HARDER
16,88.83,34.67,19,2,82.9,5,SAME
12,90.79,23.75,13,1,95.23,4,HARDER
16,84.85,25.67,22,3,79.71,5,HARDER
12,98.29,19.02,13,0,100.0,4,HARDER
9,60.26,27.71,23,6,46.27,3,EASIER
9,80.95,18.77,13,2,86.82,3,HARDER
12,78.3,18.4,15,3,85.23,4,HARDER
6,86.12,25.55,9,1,83.93,2,HARDER
9,89.52,21.88,10,1,95.7,3,HARDER
4,100.0,11.59,4,0,92.48,1,HARDER
4,99.27,13.82,4,0,94.7,1,HARDER
6,75.65,15.53,9,2,92.32,2,HARDER
6,100.0,13.32,6,0,99.21,2,HARDER
12,92.8,26.87,14,1,98.09,4,HARDER
12,86.34,18.84,16,2,85.49,4,HARDER
4,66.47,17.3,7,2,75.32,1,HARDER
16,83.51,37.66,21,3,89.57,5,HARDER
6,100.0,9.57,6,0,100.0,2,HARDER
9,81.46,30.57,11,2,74.56,3,HARDER
9,89.59,16.58,12,1,90.2,3,HARDER
12,80.53,30.49,17,3,66.89,4,SAME
6,86.42,17.72,7,1,89.94,2,HARDER
4,65.92,9.78,6,2,82.69,1,SAME
16,88.83,22.03,19,2,90.96,5,HARDER
4,100.0,11.88,5,0,85.95,1,HARDER
9,81.87,19.35,13,2,83.05,3,HARDER
16,87.21,30.31,21,2,78.93,5,HARDER
16,89.45,22.55,19,2,91.76,5,HARDER
9,82.08,20.21,12,2,92.15,3,HARDER
6,85.31,12.05,8,1,100.0,2,HARDER
12,70.1,46.0,23,5,60.0,4,EASIER
4,100.0,9.59,4,0,100.0,1,HARDER
6,84.67,19.98,8,1,97.52,2,HARDER
16,68.43,32.7,26,7,49.02,5,EASIER
6,85.47,8.74,7,1,100.0,2,SAME
9,88.38,20.09,12,1,92.1,3,HARDER
16,59.47,76.74,30,11,0.99,5,EASIER
4,99.09,8.68,4,0,100.0,1,HARDER
9,89.68,17.1,10,1,100.0,3,HARDER
9,88.59,12.05,12,1,80.56,3,HARDER
12,85.39,21.44,15,2,83.07,4,HARDER
6,85.53,12.49,7,1,85.51,2,HARDER
9,92.26,17.09,11,1,88.61,3,HARDER
4,79.83,16.52,7,1,81.92,1,HARDER
6,84.61,24.11,7,1,89.45,2,HARDER
16,71.23,66.56,25,7,40.48,5,EASIER
4,100.0,16.27,4,0,98.71,1,HARDER
12,75.09,33.75,18,4,49.12,4,SAME
16,82.86,27.85,24,3,82.91,5,HARDER
6,100.0,10.89,6,0,99.87,2,HARDER
9,90.49,17.35,11,1,93.85,3,HARDER
6,65.33,26.48,12,3,61.48,2,EASIER
4,99.94,10.63,4,0,100.0,1,HARDER
9,80.7,16.31,12,2,85.97,3,HARDER
9,90.82,15.75,13,1,81.74,3,HARDER
4,66.76,22.36,8,2,93.42,1,EASIER
9,89.12,15.57,11,1,75.41,3,HARDER
9,74.37,17.28,14,3,91.77,3,HARDER
9,89.02,34.04,11,1,95.15,3,HARDER
6,86.52,6.69,7,1,85.46,2,HARDER
12,75.53,18.97,18,4,63.67,4,SAME
6,75.56,13.99,12,2,88.86,2,SAME
4,99.27,9.81,4,0,100.0,1,HARDER
4,80.12,11.66,6,1,92.71,1,HARDER
16,69.17,44.55,28,7,29.04,5,EASIER
12,86.12,32.56,15,2,76.27,4,SAME
6,84.94,11.57,7,1,90.17,2,HARDER
4,99.54,8.88,4,0,100.0,1,HARDER
12,86.05,23.57,15,2,100.0,4,HARDER
12,75.09,33.9,20,4,64.67,4,SAME
16,80.29,42.54,25,4,59.43,5,SAME
12,64.01,33.99,27,7,26.62,4,EASIER
9,81.81,21.12,11,2,79.69,3,HARDER
12,81.2,31.75,15,3,68.38,4,HARDER
9,75.69,25.05,13,3,81.5,3,SAME
12,79.25,19.76,15,3,64.15,4,HARDER
9,81.34,23.17,14,2,86.39,3,HARDER
6,100.0,22.76,7,0,95.82,2,HARDER
6,98.59,11.6,6,0,100.0,2,HARDER
16,79.43,36.44,20,4,68.2,5,SAME
16,85.37,21.46,26,3,74.7,5,HARDER
9,76.9,25.05,17,3,61.93,3,SAME
4,100.0,10.87,4,0,100.0,1,HARDER
16,71.86,29.05,29,6,33.51,5,EASIER
4,80.31,17.15,6,1,93.22,1,HARDER
6,100.0,16.89,6,0,100.0,2,HARDER
16,71.92,62.42,30,6,42.07,5,EASIER
9,81.83,16.21,14,2,71.75,3,SAME
4,78.83,14.88,5,1,91.09,1,HARDER
9,90.53,13.35,11,1,90.07,3,HARDER
12,92.61,15.39,14,1,80.01,4,HARDER
6,86.07,14.79,9,1,86.7,2,HARDER
16,72.89,64.49,26,6,50.2,5,EASIER
9,90.73,35.23,10,1,90.95,3,HARDER
16,73.92,30.3,23,6,47.16,5,EASIER
12,92.36,24.99,15,1,95.01,4,HARDER
16,72.6,37.62,28,6,38.62,5,EASIER
9,80.19,13.68,14,2,80.12,3,HARDER
16,78.96,24.89,22,4,69.24,5,HARDER
16,75.88,46.81,27,5,60.68,5,EASIER
4,80.59,18.61,6,1,82.06,1,HARDER
12,70.79,15.7,19,5,46.86,4,EASIER
16,78.85,31.45,24,4,62.42,5,SAME
9,74.57,18.52,15,3,68.8,3,SAME
12,85.9,13.25,18,2,83.96,4,HARDER
4,66.62,18.56,7,2,94.44,1,SAME
4,66.28,25.36,6,2,80.59,1,SAME
12,85.0,27.55,14,2,79.59,4,HARDER
9,83.82,16.24,13,2,73.1,3,HARDER
9,75.38,33.05,16,3,77.92,3,EASIER
16,76.08,39.6,25,5,56.89,5,EASIER
6,84.77,22.62,7,1,95.69,2,HARDER
12,66.52,19.8,20,6,46.32,4,EASIER
6,75.7,25.97,8,2,92.17,2,EASIER
6,85.83,29.53,7,1,100.0,2,HARDER
6,60.6,19.94,11,4,66.1,2,EASIER
9,81.61,18.27,11,2,87.4,3,HARDER
4,100.0,12.34,4,0,97.97,1,HARDER
4,65.24,12.38,6,2,93.12,1,SAME
6,99.27,10.83,6,0,100.0,2,HARDER
9,99.49,17.83,9,0,97.97,3,HARDER
9,81.64,23.11,12,2,96.39,3,HARDER
4,99.44,13.78,4,0,100.0,1,HARDER
9,80.84,16.41,11,2,79.2,3,HARDER
12,91.09,16.19,14,1,91.56,4,HARDER
12,91.61,17.17,13,1,90.62,4,HARDER
12,77.14,31.92,19,4,85.62,4,SAME
16,70.13,43.58,33,7,25.28,5,EASIER
9,80.63,19.01,11,2,92.06,3,HARDER
4,65.3,11.2,7,2,86.73,1,HARDER
16,76.45,24.74,25,5,68.34,5,SAME
12,81.9,56.55,18,3,74.76,4,EASIER
4,79.68,11.06,5,1,90.05,1,HARDER
16,76.03,45.06,25,5,47.9,5,EASIER
4,81.85,13.78,5,1,99.67,1,HARDER
9,89.08,13.56,11,1,93.54,3,HARDER
4,99.23,11.0,4,0,95.16,1,HARDER
4,100.0,11.16,4,0,100.0,1,HARDER
12,92.57,16.72,15,1,97.44,4,HARDER
4,78.71,15.77,6,1,81.72,1,SAME
9,64.16,18.71,16,5,61.23,3,EASIER
6,65.62,20.53,10,3,76.08,2,SAME
12,81.36,25.1,21,3,70.87,4,SAME
6,84.83,21.76,7,1,89.61,2,HARDER
6,100.0,16.55,6,0,99.91,2,HARDER
6,75.43,24.37,12,2,79.45,2,SAME
4,100.0,16.42,4,0,100.0,1,HARDER
16,94.53,25.59,19,1,89.37,5,HARDER
12,66.27,51.94,20,6,48.67,4,EASIER
4,99.17,10.82,4,0,91.82,1,HARDER
16,88.63,29.13,22,2,85.99,5,HARDER
16,88.1,32.51,20,2,84.55,5,HARDER
12,79.8,25.11,18,3,80.58,4,SAME
12,75.15,32.72,18,4,71.98,4,SAME
16,93.3,23.4,18,1,100.0,5,HARDER
9,90.97,15.52,11,1,90.27,3,HARDER
16,76.95,47.55,27,5,49.8,5,EASIER
12,91.72,21.5,14,1,100.0,4,HARDER
4,80.11,10.46,6,1,100.0,1,HARDER
9,74.73,17.83,15,3,78.43,3,SAME
4,79.33,22.37,6,1,96.9,1,HARDER
9,74.47,25.73,14,3,74.84,3,SAME
16,85.41,21.23,21,3,71.16,5,HARDER
12,86.45,24.83,15,2,87.27,4,HARDER
4,100.0,7.84,4,0,98.09,1,HARDER
9,60.7,31.39,19,6,51.95,3,EASIER
4,100.0,19.36,4,0,100.0,1,HARDER
16,86.04,28.64,23,3,63.86,5,HARDER
6,86.71,21.81,7,1,99.56,2,HARDER
12,90.87,17.9,13,1,100.0,4,HARDER
12,87.55,45.4,17,2,82.74,4,SAME
4,99.15,10.74,4,0,100.0,1,HARDER
6,74.29,17.69,8,2,90.78,2,HARDER
4,78.03,12.38,6,1,82.79,1,HARDER
16,64.84,28.85,30,9,23.03,5,EASIER
6,85.79,14.46,8,1,95.36,2,HARDER
9,60.43,43.59,20,6,63.28,3,EASIER
4,80.39,10.93,5,1,94.08,1,HARDER
4,66.61,15.52,8,2,87.55,1,SAME
6,100.0,15.55,6,0,100.0,2,HARDER
4,100.0,8.04,4,0,99.46,1,HARDER
6,99.36,11.94,6,0,86.63,2,HARDER
4,79.95,13.41,5,1,93.1,1,HARDER
16,76.15,32.76,25,5,70.93,5,SAME
16,66.84,31.93,34,8,9.14,5,EASIER
12,80.61,35.01,17,3,81.09,4,HARDER
16,70.33,42.37,27,6,54.69,5,EASIER
4,79.52,11.05,6,1,94.08,1,HARDER
16,62.52,55.2,34,10,17.66,5,EASIER
12,79.06,29.01,16,3,84.14,4,HARDER
6,100.0,13.4,6,0,96.07,2,HARDER
6,85.81,15.55,10,1,94.65,2,HARDER
4,79.75,13.48,5,1,100.0,1,HARDER
12,92.31,20.86,14,1,82.8,4,HARDER
4,79.39,11.32,8,1,87.28,1,HARDER
12,73.92,61.67,18,4,64.66,4,EASIER
16,81.42,32.75,24,4,65.81,5,SAME
9,100.0,18.44,9,0,82.95,3,HARDER
6,68.28,16.27,12,3,58.95,2,EASIER
12,74.84,36.03,18,4,79.04,4,SAME
12,67.25,31.95,25,6,44.57,4,EASIER
6,100.0,10.24,6,0,100.0,2,HARDER
9,90.3,19.62,10,1,100.0,3,HARDER
12,79.98,21.29,17,3,77.14,4,HARDER
12,91.19,17.01,14,1,78.9,4,HARDER
12,79.42,28.92,16,3,74.67,4,SAME
4,99.82,10.27,4,0,80.5,1,HARDER
16,62.39,46.77,30,9,23.58,5,EASIER
12,85.45,30.18,16,2,74.44,4,HARDER
6,99.81,13.62,6,0,100.0,2,HARDER
12,92.8,19.49,15,1,98.98,4,HARDER
12,85.67,12.93,14,2,88.93,4,HARDER
4,100.0,12.28,4,0,96.01,1,HARDER
6,73.17,20.92,11,2,76.6,2,HARDER
16,79.22,54.33,20,4,70.72,5,SAME
4,99.48,12.45,5,0,100.0,1,HARDER
4,99.76,11.19,4,0,100.0,1,HARDER
4,80.44,10.56,5,1,95.63,1,SAME
16,65.95,33.81,31,8,22.8,5,EASIER
4,100.0,9.95,4,0,97.2,1,HARDER
4,79.93,12.62,5,1,88.11,1,HARDER
16,88.62,39.72,19,2,65.71,5,HARDER
4,99.35,11.12,4,0,98.31,1,HARDER
9,68.9,33.58,13,4,70.38,3,EASIER
12,79.66,30.36,18,3,72.25,4,SAME
6,85.12,16.35,7,1,100.0,2,HARDER
6,75.31,13.63,9,2,89.36,2,HARDER
4,80.44,11.09,5,1,80.01,1,HARDER
6,99.94,17.99,6,0,100.0,2,HARDER
12,91.52,20.11,14,1,100.0,4,HARDER
16,88.69,23.55,22,2,77.44,5,EASIER
16,64.59,40.09,29,9,38.14,5,EASIER
6,87.33,14.43,7,1,90.1,2,HARDER
6,85.92,29.27,8,1,100.0,2,HARDER
9,98.62,17.38,9,0,85.42,3,HARDER
16,100.0,25.42,17,0,98.67,5,HARDER
9,90.08,23.64,13,1,92.95,3,HARDER
6,87.28,17.34,7,1,91.75,2,HARDER
6,85.89,18.36,8,1,81.77,2,HARDER
6,100.0,11.41,7,0,93.61,2,HARDER
4,98.92,18.71,4,0,91.72,1,HARDER
4,99.15,13.16,4,0,100.0,1,HARDER
12,85.79,35.75,17,2,73.54,4,HARDER
16,66.51,41.31,34,8,27.47,5,EASIER
12,79.36,17.32,16,3,97.59,4,HARDER
16,83.73,32.06,20,3,91.32,5,HARDER
9,87.75,19.63,11,1,87.57,3,HARDER
9,69.68,17.84,14,4,73.61,3,EASIER
9,74.99,19.81,14,3,82.77,3,HARDER
9,75.3,28.69,15,3,71.36,3,SAME
9,98.7,13.76,9,0,91.6,3,HARDER
6,99.5,13.78,6,0,93.98,2,HARDER
6,85.54,16.57,8,1,82.33,2,HARDER
12,86.14,16.72,15,2,82.23,4,HARDER
6,85.96,12.83,7,1,100.0,2,HARDER
12,75.92,22.49,18,4,70.24,4,HARDER
16,66.67,39.19,29,8,44.0,5,EASIER
6,66.11,21.66,10,3,84.62,2,SAME
12,99.49,13.11,12,0,100.0,4,HARDER
12,69.75,27.74,19,5,69.44,4,SAME
4,78.28,17.47,5,1,90.89,1,HARDER
4,78.2,10.24,5,1,86.76,1,HARDER
16,76.39,29.12,22,5,61.44,5,SAME
16,70.67,39.87,26,7,42.47,5,EASIER
6,84.32,14.77,8,1,86.1,2,HARDER
12,75.67,22.2,19,4,57.62,4,SAME
9,68.03,28.65,15,4,73.82,3,HARDER
12,85.23,25.87,14,2,87.35,4,HARDER
12,74.09,38.47,25,4,62.98,4,EASIER
9,89.04,27.64,10,1,92.32,3,HARDER
16,69.59,43.94,28,7,38.0,5,EASIER
12,70.28,33.3,20,5,68.41,4,EASIER
6,85.51,19.96,7,1,100.0,2,HARDER
9,82.64,30.07,11,2,81.45,3,SAME
9,99.96,13.99,9,0,95.81,3,HARDER
4,100.0,14.99,4,0,100.0,1,HARDER
16,71.45,46.77,23,6,54.21,5,EASIER
9,74.89,28.02,13,3,81.93,3,SAME
16,69.45,41.92,29,7,43.67,5,EASIER
9,75.57,19.43,15,3,72.84,3,SAME
16,84.52,33.1,20,3,74.98,5,HARDER
12,80.54,30.98,17,3,75.37,4,SAME
6,68.13,22.49,10,3,77.69,2,EASIER
9,76.26,31.76,14,3,60.36,3,EASIER
9,98.49,14.04,9,0,100.0,3,HARDER
6,74.53,33.0,9,2,81.99,2,SAME
9,75.95,18.07,14,3,63.21,3,EASIER
16,66.82,45.46,31,8,26.73,5,EASIER
6,100.0,12.56,6,0,100.0,2,HARDER
4,99.99,14.26,4,0,100.0,1,HARDER
6,85.93,12.81,7,1,100.0,2,HARDER
12,85.4,17.67,15,2,76.61,4,HARDER
4,79.95,16.36,6,1,94.06,1,HARDER
9,80.97,17.98,13,2,92.43,3,HARDER
6,99.1,15.86,7,0,100.0,2,HARDER
4,66.68,18.69,7,2,72.84,1,SAME
16,74.28,50.8,27,6,48.15,5,EASIER
6,67.47,32.66,10,3,85.12,2,EASIER
16,77.31,23.47,22,5,60.24,5,SAME
12,81.6,30.48,18,3,91.22,4,SAME
12,79.93,32.34,17,3,74.22,4,HARDER
12,98.29,18.88,13,0,99.04,4,HARDER
16,80.35,38.42,21,4,64.91,5,EASIER
4,80.73,12.81,6,1,96.35,1,HARDER
4,82.09,19.79,7,1,78.5,1,SAME
6,99.53,14.92,6,0,100.0,2,HARDER
12,65.99,30.49,26,6,32.58,4,EASIER
16,78.92,24.04,24,4,67.04,5,SAME
12,62.09,33.23,25,7,55.85,4,EASIER
6,85.04,16.09,8,1,83.28,2,HARDER
9,81.21,25.82,15,2,72.42,3,HARDER
6,87.51,11.46,7,1,94.38,2,HARDER
4,80.61,11.6,6,1,93.32,1,HARDER
6,100.0,20.73,6,0,90.33,2,HARDER
6,65.69,23.94,10,3,80.38,2,EASIER
16,84.85,26.3,21,3,76.89,5,HARDER
16,76.45,27.35,29,5,49.21,5,EASIER
4,99.69,18.07,4,0,89.99,1,HARDER
6,74.0,11.05,10,2,95.68,2,HARDER
6,85.25,18.44,8,1,96.06,2,HARDER
12,84.52,22.74,16,2,87.06,4,HARDER
9,98.75,18.42,10,0,100.0,3,HARDER
6,85.82,16.51,10,1,89.9,2,HARDER
4,98.86,18.3,4,0,97.8,1,HARDER
16,83.26,28.07,26,3,61.69,5,SAME
12,85.95,16.69,16,2,85.71,4,HARDER
4,99.94,12.74,4,0,100.0,1,HARDER
9,75.79,13.59,14,3,78.88,3,SAME
6,85.79,18.82,10,1,95.23,2,HARDER
9,77.2,20.47,15,3,70.81,3,SAME
4,79.71,18.6,6,1,89.41,1,HARDER
12,92.56,17.36,15,1,85.12,4,HARDER
6,85.33,13.88,7,1,100.0,2,HARDER
16,76.37,24.92,23,5,63.73,5,SAME
4,79.38,24.1,5,1,91.56,1,HARDER
9,89.55,9.94,11,1,82.87,3,HARDER
9,81.54,13.09,14,2,74.44,3,SAME
12,78.76,23.83,17,3,70.5,4,SAME
6,84.19,24.09,8,1,94.57,2,HARDER
6,75.74,17.11,10,2,92.72,2,SAME
16,81.11,40.05,23,4,63.48,5,HARDER
16,80.67,38.31,26,4,65.67,5,SAME
12,66.19,35.97,21,7,55.32,4,EASIER
16,68.76,49.32,30,8,37.46,5,EASIER
4,67.45,12.34,6,2,85.42,1,SAME
6,100.0,13.27,6,0,90.64,2,HARDER
12,92.77,35.24,14,1,97.03,4,HARDER
9,76.51,16.27,15,3,85.81,3,EASIER
12,79.45,35.64,18,3,74.36,4,SAME
6,85.0,13.94,8,1,92.05,2,HARDER
16,83.22,37.29,21,3,86.86,5,HARDER
16,89.64,36.74,20,2,92.67,5,HARDER
4,100.0,14.96,4,0,90.28,1,HARDER
4,100.0,15.08,4,0,100.0,1,HARDER
4,79.77,16.61,5,1,91.34,1,HARDER
4,99.96,7.52,5,0,100.0,1,HARDER
12,85.82,22.31,18,2,74.67,4,HARDER
16,85.88,35.44,20,3,68.48,5,HARDER
9,83.07,23.37,12,2,79.31,3,HARDER
9,73.56,17.38,12,3,86.07,3,SAME
9,91.98,17.7,10,1,87.25,3,HARDER
9,90.7,22.26,11,1,90.24,3,SAME
4,78.43,8.69,6,1,94.45,1,HARDER
9,67.96,25.89,16,4,61.17,3,EASIER
4,80.71,19.1,5,1,100.0,1,HARDER
6,84.93,11.29,7,1,99.94,2,HARDER
6,100.0,10.13,6,0,100.0,2,HARDER
6,73.98,18.64,11,2,77.62,2,SAME
12,80.17,35.31,18,3,75.38,4,EASIER
16,80.96,38.38,28,4,55.11,5,EASIER
4,100.0,7.38,4,0,93.76,1,HARDER
12,85.26,19.22,16,2,90.3,4,HARDER
6,75.08,15.08,9,2,75.65,2,HARDER
16,89.32,34.26,21,2,87.53,5,HARDER
6,98.67,12.93,6,0,100.0,2,HARDER
4,79.65,12.97,6,1,85.06,1,HARDER
4,100.0,10.92,4,0,98.54,1,HARDER
9,90.21,19.36,10,1,81.42,3,HARDER
9,74.84,46.97,13,3,85.73,3,HARDER
9,90.57,29.54,11,1,87.59,3,HARDER
12,76.96,29.67,20,4,52.52,4,EASIER
6,100.0,17.05,6,0,86.17,2,HARDER
9,89.06,13.19,12,1,85.24,3,HARDER
4,99.62,15.12,4,0,94.35,1,HARDER
4,79.76,11.17,7,1,95.28,1,HARDER
16,84.0,30.79,22,3,57.5,5,HARDER
4,66.95,8.86,7,2,82.42,1,SAME
12,73.94,24.74,20,4,79.65,4,SAME
9,81.84,22.45,11,2,87.51,3,HARDER
9,67.01,33.73,17,4,75.66,3,EASIER
12,85.9,22.43,16,2,93.9,4,HARDER
4,67.15,16.79,6,2,86.73,1,SAME
12,87.24,22.52,17,2,77.3,4,HARDER
4,66.6,20.99,7,2,81.59,1,EASIER
12,84.07,14.42,16,2,79.41,4,HARDER
6,75.48,19.95,10,2,83.02,2,HARDER
6,98.8,14.94,6,0,100.0,2,HARDER
12,58.5,39.82,28,9,7.57,4,EASIER
4,100.0,8.23,4,0,100.0,1,HARDER
12,81.67,24.58,16,3,77.15,4,HARDER
16,70.5,39.34,30,7,31.41,5,EASIER
16,88.07,19.53,18,2,72.15,5,HARDER
9,89.61,16.03,10,1,79.1,3,HARDER
16,75.54,22.09,26,5,58.6,5,SAME
4,79.4,15.64,5,1,96.42,1,HARDER
12,81.23,22.08,16,3,70.13,4,HARDER
16,79.2,41.33,22,4,70.18,5,SAME
6,86.0,19.14,7,1,95.01,2,HARDER
9,80.83,14.09,11,2,88.74,3,HARDER
9,70.24,20.98,17,4,69.04,3,SAME
9,100.0,19.3,9,0,100.0,3,HARDER
9,100.0,17.43,9,0,93.68,3,HARDER
4,100.0,10.02,4,0,100.0,1,HARDER
9,92.04,20.45,11,1,98.27,3,HARDER
9,98.84,9.39,10,0,98.93,3,HARDER
16,78.32,46.42,26,4,62.33,5,EASIER
9,100.0,24.84,9,0,97.03,3,HARDER
16,63.78,37.27,29,9,29.87,5,EASIER
16,70.38,59.38,25,7,45.66,5,EASIER
12,92.59,10.78,13,1,77.53,4,HARDER
9,83.47,15.71,11,2,80.89,3,HARDER
16,84.18,24.19,27,3,51.37,5,SAME
9,89.61,16.69,13,1,73.63,3,HARDER
6,100.0,15.14,6,0,94.49,2,HARDER
9,91.94,25.38,10,1,88.39,3,HARDER
4,79.75,13.58,5,1,89.16,1,HARDER
4,99.48,8.43,4,0,100.0,1,HARDER
6,86.87,11.89,7,1,85.44,2,HARDER
12,91.55,27.87,13,1,100.0,4,HARDER
16,64.01,84.98,30,9,21.19,5,EASIER
16,93.2,32.19,18,1,100.0,5,HARDER
16,63.27,63.25,27,9,31.67,5,EASIER
6,100.0,17.62,6,0,100.0,2,HARDER
4,100.0,12.58,4,0,100.0,1,HARDER
4,97.59,9.79,4,0,95.71,1,HARDER
6,100.0,14.01,7,0,100.0,2,HARDER
4,100.0,8.25,4,0,88.53,1,HARDER
9,90.4,17.47,11,1,97.65,3,HARDER
6,99.73,17.01,6,0,100.0,2,HARDER
6,86.2,21.3,9,1,95.82,2,HARDER
4,99.21,11.59,4,0,100.0,1,HARDER
12,69.88,40.75,22,5,43.86,4,EASIER
12,92.93,17.06,14,1,90.41,4,HARDER
6,100.0,14.84,6,0,96.88,2,HARDER
6,73.13,10.38,10,2,93.8,2,HARDER
6,75.58,13.79,10,2,63.83,2,SAME
16,88.97,36.7,20,2,81.31,5,HARDER
16,75.81,37.94,25,5,62.07,5,EASIER
6,68.01,30.93,10,3,80.79,2,EASIER
6,86.69,17.69,8,1,91.82,2,HARDER
4,80.14,16.06,6,1,76.94,1,HARDER
4,100.0,10.22,4,0,94.98,1,HARDER
6,74.49,23.8,9,2,70.0,2,SAME
4,78.82,7.68,5,1,89.19,1,HARDER
9,75.32,25.78,12,3,88.29,3,HARDER
9,74.59,18.98,13,3,81.94,3,SAME
9,80.94,24.35,12,2,73.62,3,SAME
6,73.46,15.48,10,2,78.62,2,SAME
12,89.98,24.72,14,1,95.54,4,HARDER
4,100.0,14.06,4,0,96.83,1,HARDER
16,93.9,22.16,17,1,85.51,5,HARDER
6,99.28,13.0,6,0,94.15,2,HARDER
9,76.14,38.45,15,3,81.24,3,EASIER
9,91.56,19.09,12,1,86.1,3,HARDER
12,59.07,39.16,24,8,31.02,4,EASIER
12,79.98,29.92,17,3,59.46,4,HARDER
4,98.53,12.31,4,0,100.0,1,HARDER
12,85.43,13.89,14,2,77.31,4,HARDER
12,75.81,38.57,18,4,73.23,4,EASIER
4,80.92,13.18,5,1,92.85,1,HARDER
9,99.35,16.05,9,0,96.71,3,HARDER
9,100.0,11.55,9,0,100.0,3,HARDER
4,98.96,16.94,4,0,100.0,1,HARDER
4,99.34,15.12,4,0,92.45,1,HARDER
9,70.48,27.99,15,4,72.05,3,SAME
9,81.67,22.46,13,2,87.94,3,SAME
16,78.51,39.83,24,5,70.55,5,SAME
12,65.12,45.74,20,6,46.05,4,EASIER
12,75.08,21.89,18,4,75.47,4,HARDER
6,100.0,15.18,6,0,100.0,2,HARDER
6,100.0,9.43,6,0,83.99,2,HARDER
12,74.91,37.85,19,4,73.69,4,EASIER
12,84.31,25.88,14,2,86.56,4,HARDER
12,61.07,32.77,29,8,34.73,4,EASIER
6,99.42,12.26,6,0,100.0,2,HARDER
12,87.4,22.12,17,2,80.63,4,HARDER
4,99.53,13.31,4,0,100.0,1,HARDER
4,99.65,13.24,4,0,97.92,1,HARDER
9,89.46,22.84,10,1,97.72,3,HARDER
4,63.99,12.77,7,2,73.38,1,HARDER
6,83.74,23.51,9,1,87.1,2,HARDER
6,85.32,14.34,7,1,85.7,2,HARDER
9,73.91,21.35,13,3,74.33,3,HARDER
9,74.22,26.18,18,3,62.92,3,SAME
16,72.35,31.45,25,6,51.75,5,EASIER
16,100.0,27.77,17,0,100.0,5,HARDER
12,70.27,32.91,21,5,60.45,4,EASIER
9,75.47,14.99,13,3,70.19,3,SAME
6,100.0,14.47,6,0,100.0,2,HARDER
9,80.56,26.01,11,2,93.52,3,HARDER
12,100.0,23.53,12,0,94.89,4,HARDER
12,80.54,27.26,17,3,74.28,4,HARDER
4,78.5,13.01,7,1,84.34,1,HARDER
16,82.6,23.94,21,3,71.18,5,HARDER
12,75.54,19.92,20,4,76.38,4,SAME
16,74.09,39.81,25,5,57.52,5,SAME
16,65.07,35.96,32,9,21.91,5,EASIER
12,74.31,12.5,17,4,66.9,4,SAME
12,70.91,39.04,21,5,53.61,4,EASIER
6,88.1,11.2,7,1,93.91,2,HARDER
4,80.58,18.94,6,1,100.0,1,HARDER
9,89.64,14.36,11,1,98.13,3,HARDER
6,100.0,12.59,6,0,100.0,2,HARDER
4,98.78,12.59,4,0,100.0,1,HARDER
12,76.16,67.42,19,4,57.57,4,EASIER
9,99.57,13.01,9,0,97.36,3,SAME
6,100.0,11.19,6,0,97.97,2,HARDER
6,85.37,25.21,7,1,99.0,2,HARDER
6,75.63,13.82,8,2,83.99,2,HARDER
16,80.0,42.27,23,4,67.3,5,HARDER
12,84.31,35.71,15,2,75.81,4,HARDER
9,75.46,24.08,16,3,62.99,3,SAME
4,99.09,12.22,6,0,100.0,1,HARDER
6,85.3,18.42,8,1,96.22,2,SAME
4,79.23,17.13,5,1,89.85,1,HARDER
9,99.7,10.55,9,0,98.55,3,HARDER
16,71.22,46.24,27,6,52.05,5,EASIER
16,82.47,42.74,20,3,77.38,5,HARDER
12,69.05,30.15,17,5,53.68,4,EASIER
4,65.86,20.32,9,2,90.87,1,SAME
4,100.0,8.71,4,0,99.31,1,HARDER
6,100.0,21.14,6,0,89.51,2,HARDER
9,73.9,26.31,15,3,72.75,3,SAME
16,69.04,33.42,26,7,41.4,5,EASIER
4,98.45,14.41,4,0,95.81,1,HARDER
16,88.65,31.1,19,2,82.8,5,HARDER
4,99.49,10.73,4,0,95.42,1,HARDER
9,100.0,19.68,9,0,89.65,3,HARDER
16,73.72,26.44,24,6,58.24,5,SAME
16,69.05,40.16,28,7,35.1,5,EASIER
12,91.52,22.81,13,1,87.53,4,HARDER
6,86.22,16.42,7,1,92.16,2,HARDER
16,85.22,25.28,20,3,93.71,5,HARDER
12,93.34,17.6,15,1,91.71,4,HARDER
12,91.61,28.08,14,1,96.72,4,HARDER
9,81.44,27.05,12,2,82.27,3,HARDER
16,75.52,40.36,23,5,54.43,5,EASIER
12,90.51,17.01,13,1,87.72,4,HARDER
9,99.6,13.6,10,0,100.0,3,HARDER
4,99.7,14.31,4,0,100.0,1,HARDER
12,79.43,35.45,18,3,72.88,4,EASIER
16,82.57,17.86,22,3,74.89,5,SAME
6,98.27,9.23,6,0,100.0,2,HARDER
4,80.48,16.45,5,1,100.0,1,HARDER
9,98.76,24.68,9,0,99.26,3,HARDER
16,60.43,62.85,35,10,8.98,5,EASIER
6,85.75,13.54,7,1,100.0,2,HARDER
9,65.16,34.31,18,5,67.78,3,EASIER
4,98.71,14.5,4,0,99.22,1,HARDER
9,99.93,14.51,10,0,100.0,3,HARDER
4,100.0,6.0,4,0,98.81,1,HARDER
12,91.56,19.47,14,1,82.97,4,HARDER
4,99.95,12.71,4,0,90.67,1,HARDER
6,99.79,16.12,6,0,94.48,2,HARDER
12,80.81,21.14,19,3,81.63,4,SAME
12,99.92,26.47,14,0,96.05,4,HARDER
6,86.06,9.97,7,1,92.93,2,HARDER
16,89.44,29.66,21,2,88.6,5,HARDER
4,100.0,15.2,4,0,94.17,1,HARDER
12,75.36,36.47,18,4,73.47,4,EASIER
9,84.33,17.68,11,2,80.45,3,HARDER
4,99.68,14.94,4,0,93.12,1,HARDER
6,86.66,15.15,9,1,89.01,2,HARDER
16,79.75,28.51,22,4,67.14,5,HARDER
4,80.09,12.35,8,1,88.58,1,EASIER
6,85.57,21.46,9,1,90.56,2,HARDER
6,85.62,18.08,7,1,95.35,2,HARDER
6,99.44,24.46,6,0,100.0,2,HARDER
6,85.19,19.49,7,1,100.0,2,HARDER
16,80.74,50.12,26,4,70.28,5,EASIER
6,84.24,16.73,10,1,82.32,2,HARDER
16,88.8,22.58,23,2,67.79,5,HARDER
6,86.25,9.55,10,1,86.74,2,HARDER
9,75.97,28.36,14,3,67.88,3,SAME
9,81.94,21.13,11,2,87.99,3,HARDER
12,92.12,18.67,13,1,85.33,4,HARDER
12,69.34,36.4,21,5,58.8,4,EASIER
12,75.14,52.61,17,4,63.23,4,EASIER
9,100.0,16.59,9,0,77.97,3,HARDER
6,99.95,13.18,6,0,100.0,2,HARDER
12,81.08,26.1,15,3,72.59,4,HARDER
6,100.0,10.65,6,0,91.36,2,HARDER
4,99.45,18.57,4,0,100.0,1,HARDER
6,98.52,11.32,6,0,93.37,2,HARDER
12,79.3,24.18,17,3,69.33,4,EASIER
6,85.65,26.03,8,1,87.88,2,HARDER
4,97.2,12.34,4,0,96.34,1,HARDER
6,85.53,12.01,7,1,92.66,2,HARDER
4,98.92,13.33,4,0,100.0,1,HARDER
6,75.08,14.68,9,2,92.96,2,HARDER
16,63.63,42.45,33,9,18.27,5,EASIER
9,81.61,19.97,11,2,100.0,3,HARDER
12,74.53,34.7,17,4,75.43,4,EASIER
6,98.39,15.88,6,0,100.0,2,HARDER
16,79.89,28.29,21,4,72.12,5,SAME
4,99.94,13.58,4,0,85.23,1,HARDER
9,80.85,15.8,12,2,80.24,3,HARDER
12,80.63,19.27,22,3,67.25,4,SAME
16,71.12,31.84,24,7,49.48,5,EASIER
12,73.84,22.94,16,4,77.68,4,SAME
16,81.08,25.88,23,4,68.58,5,SAME
4,67.13,14.96,7,2,87.0,1,SAME
9,88.95,13.35,13,1,69.29,3,HARDER
6,74.98,18.54,9,2,84.77,2,SAME
9,81.01,17.67,11,2,100.0,3,HARDER
6,100.0,14.54,7,0,98.66,2,HARDER
4,100.0,9.71,4,0,100.0,1,HARDER
4,100.0,8.68,4,0,92.31,1,HARDER
12,69.94,45.86,20,5,59.26,4,EASIER
16,88.9,28.36,20,2,82.38,5,HARDER
16,94.69,21.74,20,1,82.87,5,HARDER
9,65.15,46.67,15,5,56.86,3,EASIER
9,75.5,28.81,14,3,79.65,3,SAME
6,85.47,18.41,7,1,74.72,2,HARDER
6,99.03,10.27,6,0,100.0,2,HARDER
4,100.0,15.05,4,0,99.43,1,HARDER
16,86.07,27.52,23,3,76.34,5,HARDER
4,98.92,11.53,4,0,95.13,1,HARDER
12,65.74,33.53,21,6,61.27,4,EASIER
9,81.33,19.74,12,2,77.92,3,HARDER
12,71.86,40.27,19,5,52.79,4,SAME
16,69.49,34.7,29,7,40.67,5,EASIER
16,93.66,13.46,18,1,91.02,5,HARDER
4,81.22,9.32,5,1,98.32,1,HARDER
9,89.63,21.62,10,1,78.9,3,HARDER
16,69.92,49.66,28,7,26.9,5,EASIER
4,100.0,15.13,4,0,100.0,1,HARDER
12,81.92,13.78,17,3,75.37,4,SAME
9,83.02,23.56,11,2,79.98,3,HARDER
12,80.09,22.46,17,3,74.32,4,HARDER
4,79.56,14.94,6,1,87.86,1,HARDER
16,67.67,36.91,29,8,48.42,5,EASIER
9,90.5,15.13,10,1,92.07,3,HARDER
9,80.55,19.75,13,2,75.77,3,HARDER
16,83.4,27.48,24,3,81.36,5,HARDER
6,86.27,22.37,7,1,92.34,2,HARDER
9,91.21,13.41,10,1,95.34,3,HARDER
9,81.45,35.38,13,2,79.77,3,SAME
12,70.55,13.87,20,5,54.77,4,EASIER
4,100.0,10.41,4,0,100.0,1,HARDER
4,98.37,13.66,4,0,100.0,1,HARDER
16,80.84,70.0,25,4,68.53,5,EASIER
12,79.28,21.32,19,3,80.68,4,SAME
6,85.81,17.05,8,1,82.99,2,HARDER
6,100.0,12.73,6,0,100.0,2,HARDER
12,79.26,15.33,19,3,75.01,4,HARDER
16,70.3,39.27,31,7,25.71,5,EASIER
4,99.92,15.6,5,0,100.0,1,HARDER
16,80.86,33.12,24,4,64.86,5,SAME
9,100.0,25.48,9,0,95.4,3,HARDER
6,99.67,9.21,6,0,90.82,2,HARDER
6,100.0,21.8,6,0,100.0,2,HARDER
12,84.94,30.27,14,2,88.22,4,HARDER
9,89.55,10.49,10,1,90.8,3,HARDER
9,99.89,11.11,9,0,100.0,3,HARDER
4,80.15,18.09,7,1,88.64,1,SAME
6,86.1,18.52,9,1,95.49,2,HARDER
12,68.62,21.75,17,5,67.94,4,EASIER
4,99.35,12.44,4,0,98.03,1,HARDER
16,81.81,29.63,23,4,66.92,5,HARDER
9,80.95,22.63,16,2,80.81,3,SAME
4,100.0,11.33,4,0,100.0,1,HARDER
16,87.87,46.47,20,2,73.53,5,HARDER
6,66.74,19.96,11,3,77.82,2,EASIER
4,80.64,15.56,6,1,89.39,1,HARDER
4,80.68,20.35,6,1,97.41,1,EASIER
12,75.86,16.51,16,4,56.71,4,SAME
4,65.23,16.81,7,2,75.99,1,EASIER
6,86.15,20.37,7,1,100.0,2,HARDER
6,85.23,23.46,11,1,95.24,2,HARDER
6,86.33,14.47,8,1,80.81,2,HARDER
12,86.53,27.24,16,2,77.08,4,HARDER
4,79.36,16.66,6,1,88.61,1,HARDER
4,100.0,13.96,6,0,93.74,1,HARDER
16,88.94,21.13,22,2,71.74,5,HARDER
4,66.08,15.79,6,2,86.16,1,SAME
6,100.0,19.8,6,0,100.0,2,HARDER
6,86.03,12.91,7,1,92.8,2,HARDER
4,100.0,10.17,4,0,98.04,1,HARDER
4,81.14,12.51,5,1,94.17,1,HARDER
9,90.63,19.59,10,1,71.78,3,EASIER
4,100.0,8.86,4,0,100.0,1,HARDER
6,99.09,10.54,6,0,96.96,2,HARDER
16,73.15,52.09,24,6,40.26,5,EASIER
16,87.45,36.2,18,2,84.34,5,HARDER
12,75.72,36.97,18,4,66.4,4,EASIER
6,85.49,13.85,8,1,82.17,2,HARDER
6,85.63,15.46,7,1,86.74,2,HARDER
16,76.32,53.02,28,5,53.95,5,HARDER
9,63.66,28.89,20,5,63.19,3,EASIER
6,100.0,14.38,6,0,100.0,2,HARDER
4,100.0,13.72,4,0,91.72,1,HARDER
6,100.0,11.5,6,0,97.64,2,HARDER
16,72.53,50.83,32,6,47.09,5,EASIER
9,87.71,16.81,11,1,80.45,3,HARDER
12,86.08,36.08,16,2,78.46,4,HARDER
16,85.31,14.86,21,3,72.83,5,HARDER
6,74.08,20.98,8,2,83.94,2,SAME
9,81.77,16.26,13,2,82.23,3,HARDER
6,84.93,13.24,7,1,98.8,2,HARDER
9,82.66,13.39,15,2,74.2,3,HARDER
6,98.6,15.67,6,0,100.0,2,HARDER
16,67.96,33.33,28,7,40.73,5,EASIER
9,90.92,12.05,11,1,94.89,3,HARDER
6,74.6,21.68,8,2,70.12,2,HARDER
12,85.26,26.66,15,2,83.78,4,HARDER
9,81.31,14.69,13,2,79.23,3,HARDER
4,80.68,19.14,5,1,90.66,1,HARDER
16,94.9,24.58,18,1,97.66,5,HARDER
12,79.26,25.42,17,3,90.31,4,HARDER
12,85.92,18.74,17,2,82.12,4,HARDER
4,80.3,15.8,5,1,88.95,1,HARDER
9,74.65,32.47,14,3,84.4,3,SAME
4,100.0,15.99,4,0,90.51,1,HARDER
4,67.8,12.24,6,2,93.69,1,SAME
6,64.67,22.12,12,3,50.28,2,EASIER
6,98.76,18.33,6,0,94.25,2,HARDER
9,99.15,11.96,10,0,99.86,3,HARDER
6,84.43,15.84,8,1,100.0,2,HARDER
6,86.83,12.81,7,1,86.0,2,HARDER
4,100.0,11.93,4,0,96.16,1,HARDER
4,78.97,16.38,6,1,83.39,1,HARDER
9,100.0,11.03,9,0,100.0,3,HARDER
16,76.41,30.91,24,5,54.91,5,SAME
4,78.2,17.17,6,1,100.0,1,HARDER
4,81.17,11.11,5,1,98.25,1,HARDER
16,69.71,37.09,28,7,47.19,5,EASIER
4,100.0,8.11,4,0,98.74,1,HARDER
4,100.0,9.65,4,0,96.4,1,HARDER
9,67.49,35.11,19,4,51.03,3,EASIER
4,81.79,15.25,5,1,89.93,1,HARDER
12,87.35,29.22,17,2,86.38,4,HARDER
12,84.34,28.37,15,2,76.57,4,HARDER
12,100.0,22.36,13,0,100.0,4,HARDER
12,78.98,30.25,16,3,62.72,4,SAME
9,100.0,21.9,10,0,95.9,3,HARDER
4,79.08,15.04,5,1,88.13,1,HARDER
12,85.05,19.89,16,2,82.81,4,HARDER
6,85.96,18.87,10,1,85.13,2,HARDER
6,86.04,13.55,7,1,100.0,2,HARDER
16,86.94,37.69,19,2,92.83,5,HARDER
12,74.89,34.67,21,4,57.8,4,EASIER
16,82.71,34.95,20,3,74.69,5,HARDER
9,74.54,23.45,16,3,61.1,3,SAME
9,74.27,27.29,13,3,81.03,3,SAME
4,80.04,10.85,7,1,100.0,1,HARDER
4,79.61,18.44,6,1,96.29,1,SAME
16,94.31,33.39,17,1,86.26,5,HARDER
9,88.55,24.15,10,1,88.38,3,HARDER
9,100.0,15.15,10,0,99.09,3,HARDER
4,100.0,8.27,4,0,88.75,1,HARDER
4,100.0,13.43,4,0,82.42,1,HARDER
9,64.52,32.88,17,5,52.32,3,EASIER
4,99.32,9.66,4,0,97.87,1,HARDER
4,98.26,8.19,4,0,99.03,1,HARDER
4,99.59,14.36,4,0,99.92,1,HARDER
6,85.7,18.31,8,1,91.34,2,HARDER
12,92.59,25.36,14,1,88.49,4,HARDER
4,100.0,7.64,4,0,96.75,1,HARDER
4,99.25,12.59,4,0,98.41,1,HARDER
16,94.18,41.49,17,1,91.72,5,HARDER
6,99.34,14.36,9,0,100.0,2,HARDER
16,80.66,35.91,22,4,59.06,5,SAME
12,75.13,39.64,17,4,68.82,4,EASIER
16,88.42,17.4,20,2,83.53,5,HARDER
12,74.47,29.91,17,4,71.91,4,HARDER
6,87.09,11.2,7,1,87.63,2,HARDER
6,75.66,19.26,11,2,72.11,2,SAME
12,91.52,25.55,15,1,74.71,4,HARDER
12,92.28,25.51,13,1,84.23,4,HARDER
6,98.94,9.14,6,0,90.92,2,HARDER
9,89.13,20.46,11,1,97.2,3,HARDER
12,69.48,43.93,19,5,44.84,4,EASIER
12,70.82,23.9,21,5,61.73,4,EASIER
4,79.97,13.31,5,1,100.0,1,HARDER
4,99.44,17.17,4,0,100.0,1,HARDER
9,98.78,21.79,9,0,99.87,3,HARDER
16,78.16,37.21,24,4,57.53,5,EASIER
4,97.52,16.14,4,0,100.0,1,HARDER
12,80.6,47.17,18,3,82.89,4,SAME
6,99.72,12.58,6,0,100.0,2,SAME
9,69.85,15.84,16,4,67.33,3,SAME
6,99.75,16.55,6,0,100.0,2,HARDER
6,100.0,11.71,6,0,92.33,2,HARDER
6,85.86,22.03,10,1,85.25,2,HARDER
9,82.54,19.01,13,2,84.44,3,HARDER
4,79.3,14.56,7,1,99.4,1,HARDER
12,86.33,16.76,15,2,100.0,4,HARDER
16,70.75,66.2,31,7,22.66,5,EASIER
6,86.04,15.04,8,1,83.76,2,HARDER
4,80.69,20.02,8,1,77.88,1,SAME
6,86.07,15.47,8,1,88.72,2,HARDER
6,99.81,13.26,6,0,99.34,2,HARDER
9,75.54,29.69,12,3,78.41,3,SAME
12,92.81,14.29,16,1,84.0,4,HARDER
16,68.38,32.87,27,7,50.09,5,EASIER
4,78.67,17.33,7,1,73.33,1,HARDER
16,94.23,21.98,17,1,91.86,5,HARDER
6,86.81,23.52,8,1,95.19,2,HARDER
12,80.6,28.33,17,3,84.31,4,HARDER
6,99.98,15.6,6,0,100.0,2,HARDER
16,83.06,24.65,21,3,88.88,5,HARDER
6,100.0,10.21,6,0,93.11,2,HARDER
4,100.0,8.15,4,0,100.0,1,HARDER
9,75.99,22.18,12,3,88.9,3,SAME
4,99.81,16.7,4,0,96.76,1,HARDER
12,93.04,18.03,14,1,100.0,4,HARDER
6,85.32,17.46,8,1,88.07,2,HARDER
9,74.76,31.48,12,3,76.18,3,SAME
9,100.0,28.48,9,0,89.5,3,HARDER
16,71.99,42.68,28,6,37.69,5,EASIER
16,90.42,20.45,21,2,76.4,5,SAME
16,93.13,39.13,17,1,93.06,5,HARDER
12,85.49,18.96,16,2,83.62,4,SAME
4,100.0,8.65,5,0,96.76,1,HARDER
4,82.02,7.16,6,1,85.38,1,HARDER
12,79.15,36.67,16,3,74.86,4,SAME
12,100.0,22.74,13,0,100.0,4,HARDER
16,71.99,33.42,30,6,45.46,5,EASIER
9,90.24,30.95,10,1,87.97,3,HARDER
12,85.44,22.35,18,2,81.43,4,HARDER
4,81.33,13.3,5,1,100.0,1,HARDER
4,100.0,12.47,4,0,87.39,1,HARDER
16,79.58,21.5,25,4,68.3,5,HARDER
16,80.71,50.91,24,4,54.34,5,EASIER
4,80.5,11.61,5,1,100.0,1,HARDER
12,85.95,18.84,15,2,86.28,4,HARDER
9,99.19,19.8,10,0,100.0,3,HARDER
16,89.01,22.67,19,2,74.83,5,HARDER
4,79.07,14.44,6,1,84.06,1,HARDER
4,79.08,11.01,5,1,98.85,1,HARDER
4,100.0,9.55,4,0,100.0,1,HARDER
4,99.86,16.15,4,0,97.47,1,HARDER
9,88.35,14.44,11,1,82.37,3,HARDER
9,72.81,16.69,16,3,78.22,3,SAME
12,74.23,27.22,19,4,72.1,4,SAME
4,79.92,6.9,6,1,100.0,1,HARDER
9,76.42,29.96,13,3,77.54,3,SAME
6,85.69,16.74,10,1,98.46,2,HARDER
12,78.29,28.95,16,3,75.9,4,SAME
12,91.51,14.32,14,1,86.44,4,HARDER
4,99.52,12.36,4,0,100.0,1,HARDER
6,86.84,18.45,8,1,85.48,2,HARDER
16,64.5,41.36,30,8,31.53,5,EASIER
6,75.56,26.37,9,2,97.86,2,HARDER
9,98.63,13.21,10,0,90.67,3,HARDER
6,99.78,15.57,6,0,85.16,2,HARDER
9,83.14,13.1,13,2,86.88,3,HARDER
12,66.4,42.73,20,6,53.62,4,EASIER
16,84.78,31.53,22,3,78.46,5,SAME
6,73.17,18.78,8,2,77.49,2,SAME
6,84.61,11.24,7,1,100.0,2,HARDER
9,72.44,26.62,15,3,67.28,3,SAME
16,62.63,34.67,30,9,28.09,5,EASIER
6,82.62,14.73,8,1,92.18,2,HARDER
12,94.08,20.93,13,1,91.18,4,HARDER
16,77.01,26.5,25,5,62.72,5,EASIER
4,99.0,6.5,4,0,95.63,1,HARDER
4,100.0,13.12,4,0,100.0,1,HARDER
4,78.22,10.04,6,1,95.6,1,HARDER
9,83.34,14.78,11,2,96.67,3,HARDER
6,67.26,22.14,11,3,65.0,2,EASIER
4,98.66,14.01,5,0,93.98,1,HARDER
12,85.0,19.32,16,2,86.49,4,HARDER
16,76.71,31.39,31,5,40.8,5,SAME
16,76.73,29.51,25,5,58.49,5,EASIER
4,99.47,10.56,4,0,100.0,1,HARDER
16,76.58,48.83,26,5,56.04,5,EASIER
6,85.22,22.96,8,1,87.9,2,HARDER
16,76.35,39.06,21,5,57.55,5,HARDER
4,99.85,8.94,4,0,100.0,1,HARDER
12,87.05,18.78,16,2,84.38,4,HARDER
6,98.94,14.88,6,0,100.0,2,HARDER
4,79.68,14.45,5,1,92.27,1,HARDER
6,60.82,22.42,11,4,66.59,2,EASIER
12,94.12,19.98,15,1,93.68,4,SAME
16,74.46,44.38,25,6,53.05,5,EASIER
16,72.66,29.28,23,6,59.95,5,EASIER
16,76.19,34.2,23,5,76.6,5,SAME
16,77.0,40.11,25,5,52.2,5,EASIER
16,70.76,26.41,24,6,38.63,5,EASIER
6,87.18,11.27,7,1,96.72,2,HARDER
9,90.04,11.15,10,1,99.49,3,HARDER
9,83.34,20.09,12,2,83.77,3,HARDER
4,80.95,12.12,5,1,100.0,1,HARDER
4,100.0,8.26,4,0,99.82,1,HARDER
12,86.01,34.33,15,2,75.05,4,HARDER
4,81.36,11.59,5,1,93.56,1,HARDER
6,60.89,28.57,13,4,48.94,2,EASIER
9,87.36,26.85,10,1,85.55,3,HARDER
4,99.42,11.38,4,0,99.0,1,HARDER
12,80.03,27.52,19,3,61.75,4,SAME
12,70.19,27.14,26,5,40.7,4,EASIER
9,83.31,25.51,12,2,73.46,3,SAME
4,79.6,17.69,5,1,89.12,1,HARDER
4,80.42,21.46,7,1,77.12,1,HARDER
4,98.94,12.49,5,0,100.0,1,HARDER
9,89.72,19.72,13,1,97.61,3,HARDER
4,100.0,10.92,4,0,100.0,1,HARDER
4,67.89,20.75,8,2,69.94,1,EASIER
12,76.2,53.6,24,4,63.94,4,SAME
6,85.23,20.67,8,1,94.69,2,HARDER
4,80.22,10.73,7,1,100.0,1,HARDER
4,100.0,12.05,4,0,95.98,1,HARDER
6,85.55,17.19,7,1,78.37,2,HARDER
12,85.56,23.19,18,2,75.68,4,SAME
4,100.0,7.14,4,0,86.22,1,HARDER
16,70.04,33.97,29,7,40.76,5,EASIER
6,85.36,11.3,8,1,92.42,2,HARDER
4,100.0,12.49,4,0,100.0,1,HARDER
9,70.37,32.81,13,4,82.11,3,SAME
4,100.0,14.9,4,0,97.13,1,HARDER
6,86.33,18.51,7,1,94.73,2,HARDER
12,75.8,20.17,22,4,55.53,4,SAME
6,86.46,20.85,7,1,92.11,2,HARDER
9,74.38,32.75,16,3,76.02,3,SAME
4,79.7,14.92,5,1,93.39,1,HARDER
9,82.51,24.09,12,2,76.49,3,SAME
9,75.68,19.21,13,3,71.83,3,SAME
9,90.64,17.3,11,1,93.74,3,HARDER
9,74.3,21.91,17,3,66.86,3,SAME
6,86.14,14.18,7,1,84.32,2,HARDER
12,74.21,23.43,21,4,76.45,4,EASIER
12,69.89,30.79,20,5,62.73,4,EASIER
6,99.43,23.06,6,0,96.6,2,HARDER
4,80.72,15.75,5,1,92.11,1,HARDER
6,86.4,18.41,7,1,100.0,2,HARDER
9,73.72,23.19,13,3,67.61,3,SAME
6,86.93,12.8,7,1,97.83,2,HARDER
16,72.6,41.22,29,6,48.04,5,EASIER
6,98.15,11.07,6,0,92.13,2,HARDER
6,86.0,24.02,9,1,100.0,2,HARDER
6,100.0,15.55,6,0,100.0,2,HARDER
4,80.61,12.47,5,1,92.1,1,HARDER
9,100.0,13.09,10,0,98.86,3,HARDER
9,75.64,20.5,14,3,64.31,3,EASIER
12,92.3,19.06,14,1,93.12,4,HARDER
6,85.49,30.97,9,1,91.75,2,HARDER
12,85.31,26.82,16,2,86.78,4,HARDER
6,99.7,8.53,6,0,100.0,2,HARDER
9,81.72,21.28,14,2,80.34,3,SAME
12,84.86,24.21,17,2,72.67,4,HARDER
4,100.0,11.67,4,0,100.0,1,HARDER
4,98.98,8.64,4,0,99.87,1,HARDER
12,74.31,29.81,20,4,45.54,4,SAME
12,66.62,57.95,22,6,34.83,4,EASIER
4,97.98,11.81,4,0,100.0,1,HARDER
9,76.11,33.67,14,3,79.22,3,SAME
9,100.0,12.33,9,0,100.0,3,HARDER
16,93.83,26.02,17,1,96.14,5,HARDER
6,74.18,15.56,10,2,82.06,2,HARDER
12,92.44,21.78,16,1,84.23,4,HARDER
4,80.55,15.81,6,1,97.17,1,HARDER
9,100.0,15.3,9,0,100.0,3,HARDER
9,90.34,18.86,11,1,99.36,3,HARDER
9,69.01,34.79,16,4,63.55,3,EASIER
4,100.0,12.15,4,0,100.0,1,HARDER
16,75.0,37.28,22,5,70.99,5,EASIER
9,90.8,16.78,10,1,95.06,3,HARDER
4,57.43,15.18,7,3,84.84,1,EASIER
6,85.56,8.05,8,1,95.2,2,HARDER
9,74.86,29.69,14,3,84.66,3,SAME
4,100.0,7.76,4,0,100.0,1,HARDER
9,80.75,26.65,14,2,72.39,3,HARDER
16,78.52,49.78,24,4,56.02,5,EASIER
16,71.11,22.83,28,6,45.21,5,EASIER
6,98.38,25.4,7,0,95.52,2,HARDER
9,70.29,21.58,13,4,74.81,3,SAME
12,73.86,38.11,20,4,62.43,4,EASIER
16,79.89,37.34,24,4,59.35,5,SAME
4,99.53,9.51,4,0,100.0,1,HARDER
6,85.14,12.39,9,1,82.93,2,HARDER
16,100.0,19.7,17,0,100.0,5,HARDER
4,57.83,26.13,9,3,72.97,1,EASIER
12,85.25,29.68,16,2,91.84,4,HARDER
4,100.0,8.02,4,0,100.0,1,HARDER
16,88.33,32.91,19,2,82.81,5,HARDER
4,67.25,25.06,8,2,76.63,1,EASIER
6,100.0,9.75,7,0,94.35,2,HARDER
9,100.0,14.97,9,0,100.0,3,HARDER
4,79.88,14.13,5,1,95.11,1,HARDER
12,98.85,14.38,12,0,100.0,4,HARDER
9,70.17,20.5,17,4,54.63,3,SAME
4,66.24,23.68,8,2,77.63,1,EASIER
12,85.35,28.48,15,2,75.05,4,HARDER
6,85.86,18.65,7,1,94.85,2,HARDER
4,98.96,12.08,4,0,100.0,1,HARDER
12,76.04,27.37,17,4,75.37,4,HARDER
9,68.71,40.85,14,4,69.68,3,EASIER
12,75.78,42.56,20,4,48.92,4,SAME
16,75.48,36.48,26,5,56.15,5,EASIER
4,99.69,11.74,4,0,91.96,1,HARDER
9,81.56,15.2,13,2,92.35,3,HARDER
4,100.0,8.21,4,0,100.0,1,HARDER
4,99.99,15.35,4,0,98.34,1,HARDER
9,90.08,26.2,13,1,83.41,3,HARDER
16,69.49,60.02,29,7,40.57,5,EASIER
6,97.98,9.79,6,0,100.0,2,HARDER
9,81.44,20.15,14,2,91.08,3,HARDER
16,72.9,59.71,25,6,50.58,5,EASIER
4,65.86,27.02,8,2,72.79,1,EASIER
9,75.03,40.9,12,3,81.45,3,SAME
9,74.94,17.46,14,3,61.29,3,SAME
12,70.29,34.03,22,5,55.14,4,EASIER
6,75.22,23.07,9,2,83.79,2,SAME
9,83.05,20.57,11,2,99.91,3,HARDER
9,100.0,23.71,11,0,100.0,3,HARDER
6,99.63,27.02,6,0,100.0,2,HARDER
4,100.0,14.68,4,0,100.0,1,HARDER
12,79.66,26.69,20,3,72.3,4,SAME
12,90.92,26.78,13,1,86.73,4,HARDER
9,81.07,20.64,11,2,84.93,3,HARDER
4,79.75,16.47,6,1,92.48,1,HARDER
4,66.52,14.16,7,2,73.0,1,SAME
6,73.25,13.74,10,2,89.86,2,SAME
9,99.34,18.92,9,0,93.34,3,HARDER
9,81.64,23.62,14,2,73.3,3,HARDER
6,100.0,13.75,6,0,98.87,2,HARDER
6,100.0,13.62,6,0,100.0,2,HARDER
12,74.41,23.62,17,4,68.41,4,SAME
6,99.36,13.18,6,0,100.0,2,HARDER
9,80.64,37.39,11,2,79.69,3,SAME
4,100.0,22.27,4,0,100.0,1,HARDER
12,92.85,31.64,14,1,95.51,4,HARDER
6,99.35,14.07,7,0,91.76,2,HARDER
16,83.01,20.0,20,3,76.96,5,HARDER
6,100.0,13.18,7,0,89.8,2,HARDER
4,98.64,7.66,4,0,99.99,1,HARDER
4,98.8,11.98,5,0,98.58,1,HARDER
6,87.36,14.75,7,1,94.87,2,EASIER
4,99.01,12.28,4,0,90.72,1,HARDER
9,99.8,13.51,10,0,100.0,3,HARDER
12,79.84,38.23,21,3,56.33,4,SAME
6,86.68,10.8,8,1,97.46,2,HARDER
9,88.65,14.35,12,1,100.0,3,HARDER
4,100.0,8.84,4,0,98.47,1,HARDER
4,100.0,11.2,4,0,100.0,1,HARDER
4,100.0,13.48,5,0,100.0,1,HARDER
9,61.34,24.92,19,6,44.53,3,EASIER
4,99.42,11.9,4,0,100.0,1,HARDER
16,81.0,31.69,23,4,63.88,5,SAME
6,85.91,14.94,7,1,100.0,2,HARDER
9,99.66,12.33,10,0,98.21,3,HARDER
12,73.02,29.13,18,4,73.26,4,EASIER
9,80.5,19.78,14,2,80.43,3,SAME
4,100.0,15.48,4,0,94.45,1,HARDER
9,68.59,30.72,15,4,80.44,3,EASIER
9,91.27,12.53,13,1,81.77,3,HARDER
9,89.24,23.87,10,1,100.0,3,HARDER
12,66.42,27.17,19,6,66.27,4,EASIER
12,75.99,23.66,20,4,73.47,4,SAME
16,79.58,50.48,24,4,64.71,5,EASIER
12,86.82,38.75,15,2,85.84,4,HARDER
4,81.0,10.77,5,1,100.0,1,HARDER
6,86.09,18.06,10,1,100.0,2,HARDER
6,83.81,11.9,7,1,100.0,2,HARDER
9,91.24,24.02,11,1,79.51,3,HARDER
12,100.0,11.45,12,0,92.75,4,SAME
6,85.97,11.36,9,1,87.65,2,HARDER
16,75.17,18.53,26,5,56.39,5,EASIER
4,66.45,16.23,7,2,81.69,1,SAME
16,60.42,43.85,38,10,7.81,5,EASIER
6,75.5,19.32,8,2,88.66,2,SAME
12,80.03,28.61,16,3,73.03,4,SAME
12,92.1,27.41,14,1,97.59,4,HARDER
6,84.52,29.99,11,1,86.78,2,HARDER
12,76.7,19.45,20,4,72.12,4,SAME
6,86.1,20.43,9,1,87.4,2,HARDER
9,88.8,16.87,10,1,100.0,3,HARDER
6,84.74,11.52,8,1,94.19,2,HARDER
4,80.68,15.55,5,1,95.67,1,HARDER
9,77.29,21.79,18,3,75.41,3,HARDER
12,71.28,25.01,20,5,60.33,4,EASIER
4,100.0,13.99,4,0,94.66,1,HARDER
16,76.24,51.06,27,5,52.84,5,EASIER
6,66.83,15.24,11,3,70.09,2,SAME
6,85.6,11.37,8,1,87.24,2,HARDER
9,100.0,15.52,9,0,88.0,3,HARDER
4,100.0,7.64,4,0,95.64,1,HARDER
12,84.35,21.16,14,2,90.02,4,HARDER
4,80.72,11.78,6,1,82.35,1,HARDER
4,80.04,24.7,5,1,85.0,1,SAME
9,82.14,22.13,11,2,83.09,3,HARDER
9,74.49,17.05,16,3,72.77,3,SAME
16,76.44,28.16,23,5,54.59,5,SAME
9,68.5,26.95,16,4,64.19,3,SAME
16,79.63,24.18,22,4,68.67,5,SAME
6,100.0,19.65,6,0,86.79,2,HARDER
9,100.0,16.98,10,0,100.0,3,HARDER
6,99.81,11.65,7,0,100.0,2,HARDER
6,66.55,23.01,11,3,66.17,2,EASIER
16,88.83,17.75,20,2,81.71,5,HARDER
12,80.47,22.17,18,3,77.2,4,SAME
9,71.23,30.53,14,4,83.17,3,SAME
12,80.91,37.85,19,3,48.72,4,SAME
12,84.55,18.57,16,2,79.18,4,SAME
12,94.06,27.3,15,1,89.9,4,HARDER
16,72.86,31.77,26,6,50.15,5,EASIER
12,82.57,22.74,15,3,85.98,4,HARDER
6,100.0,11.97,6,0,89.25,2,HARDER
9,88.61,14.44,11,1,97.7,3,HARDER
6,100.0,15.06,8,0,95.24,2,HARDER
16,75.13,39.38,26,6,54.2,5,EASIER
16,84.07,48.47,22,3,73.86,5,HARDER
9,100.0,11.12,9,0,100.0,3,HARDER
4,98.45,11.8,4,0,100.0,1,HARDER
16,76.86,21.09,26,5,44.17,5,EASIER
4,98.87,18.86,4,0,100.0,1,HARDER
4,98.56,10.8,4,0,100.0,1,HARDER
4,99.43,10.56,4,0,99.51,1,HARDER
9,100.0,22.73,9,0,100.0,3,HARDER
4,79.77,17.68,5,1,98.01,1,HARDER
9,88.87,17.13,10,1,89.79,3,HARDER
4,80.61,11.4,5,1,100.0,1,HARDER
9,92.36,14.81,10,1,88.97,3,HARDER
6,60.64,18.96,12,4,44.4,2,EASIER
9,68.91,22.44,17,4,67.49,3,EASIER
16,89.36,23.97,22,2,72.89,5,HARDER
12,81.99,41.16,18,3,71.53,4,HARDER
12,92.31,24.87,14,1,93.79,4,HARDER
9,91.78,19.12,12,1,94.4,3,HARDER
16,79.15,42.02,24,4,70.12,5,SAME
9,99.99,17.56,10,0,100.0,3,HARDER
4,79.39,15.47,5,1,98.77,1,HARDER
4,99.86,6.15,4,0,99.44,1,HARDER
6,98.08,8.7,7,0,85.61,2,HARDER
12,93.5,22.59,13,1,93.77,4,HARDER
6,74.67,18.37,10,2,95.99,2,HARDER
16,77.18,41.16,25,5,64.04,5,SAME
6,60.4,29.07,11,4,63.04,2,EASIER
4,80.58,13.92,5,1,95.23,1,HARDER
4,100.0,24.41,4,0,92.68,1,HARDER
12,66.64,20.17,23,6,50.04,4,EASIER
6,74.62,16.34,8,2,77.13,2,HARDER
4,99.91,9.94,4,0,99.21,1,HARDER
9,89.28,14.83,11,1,92.59,3,HARDER
9,73.84,28.07,15,3,69.33,3,SAME
12,85.55,22.35,17,2,78.75,4,SAME
16,80.14,51.57,28,4,52.63,5,EASIER
16,85.26,27.54,19,3,77.22,5,HARDER
4,100.0,14.15,4,0,91.23,1,HARDER
12,80.35,26.35,17,3,83.04,4,SAME
6,75.29,19.84,9,2,86.53,2,HARDER
4,99.21,15.28,4,0,100.0,1,HARDER
6,99.86,18.67,6,0,100.0,2,HARDER
4,98.06,12.93,4,0,97.17,1,HARDER
6,85.9,19.07,7,1,86.97,2,HARDER
6,100.0,11.64,6,0,98.24,2,HARDER
4,99.7,9.18,4,0,100.0,1,HARDER
12,70.0,20.04,20,5,61.93,4,EASIER
6,98.41,8.58,6,0,100.0,2,HARDER
4,100.0,10.32,4,0,89.79,1,HARDER
4,81.57,20.41,5,1,78.37,1,SAME
16,89.74,34.61,19,2,87.07,5,HARDER
6,88.02,14.8,7,1,100.0,2,HARDER
9,80.56,34.8,12,2,86.67,3,HARDER
12,62.9,32.66,23,7,47.62,4,SAME
12,80.34,26.12,17,3,94.29,4,SAME
9,81.6,26.11,12,2,82.15,3,HARDER
16,67.21,44.02,26,8,45.6,5,EASIER
9,64.42,26.41,18,5,71.42,3,EASIER
16,77.63,22.19,27,5,54.76,5,SAME
4,99.85,12.96,4,0,100.0,1,HARDER
4,99.77,11.04,4,0,100.0,1,HARDER
6,86.79,11.65,8,1,93.71,2,HARDER
6,86.55,20.81,9,1,81.35,2,SAME
4,80.24,12.09,6,1,98.03,1,HARDER
6,85.55,37.55,8,1,100.0,2,SAME
9,81.58,25.24,14,2,83.22,3,HARDER
6,98.66,13.81,7,0,87.82,2,HARDER
12,66.06,36.99,21,6,41.23,4,EASIER
4,81.77,13.11,6,1,96.45,1,HARDER
12,86.7,20.08,17,2,68.82,4,HARDER
12,65.03,23.94,19,6,68.0,4,HARDER
12,81.39,27.09,19,3,62.5,4,SAME
16,94.26,26.29,18,1,93.42,5,HARDER
9,59.19,42.2,20,6,42.97,3,EASIER
16,89.53,25.02,22,2,78.13,5,HARDER
16,78.75,23.07,25,4,66.01,5,SAME
12,84.7,23.03,17,2,86.6,4,HARDER
16,100.0,16.26,21,0,90.84,5,HARDER
12,92.31,20.97,15,1,81.08,4,HARDER
4,79.36,14.95,5,1,96.98,1,HARDER
16,78.67,31.55,24,4,63.11,5,EASIER
12,81.6,30.26,18,3,63.46,4,HARDER
6,76.11,17.78,9,2,79.1,2,HARDER
16,71.19,42.47,26,6,51.3,5,EASIER
9,100.0,9.3,10,0,96.53,3,HARDER
4,100.0,10.72,4,0,92.76,1,HARDER
4,99.69,11.42,4,0,97.75,1,HARDER
16,83.07,31.03,23,3,73.56,5,HARDER
16,66.88,31.13,25,8,44.74,5,EASIER
16,88.2,31.21,20,2,78.27,5,HARDER
16,80.01,45.46,23,4,66.2,5,SAME
9,74.01,24.56,13,3,76.58,3,EASIER
12,79.08,26.83,18,3,70.5,4,SAME
6,84.41,11.12,8,1,94.13,2,HARDER
16,69.65,50.52,26,7,47.19,5,EASIER
16,76.02,29.42,26,5,66.19,5,SAME
4,80.17,20.12,5,1,87.75,1,HARDER
12,91.88,20.82,14,1,91.64,4,HARDER
6,86.29,17.08,8,1,81.46,2,HARDER
16,82.91,29.64,19,3,93.11,5,HARDER
4,79.87,12.9,6,1,90.39,1,HARDER
6,85.87,26.22,7,1,87.31,2,HARDER
9,99.31,23.7,9,0,95.38,3,HARDER
9,82.13,17.52,13,2,85.32,3,HARDER
6,66.96,27.34,10,3,81.87,2,SAME
6,59.03,24.5,12,4,48.42,2,EASIER
16,72.23,29.95,29,6,37.56,5,EASIER
6,100.0,10.51,6,0,100.0,2,HARDER
16,88.43,38.45,20,2,91.4,5,HARDER
16,79.76,36.62,21,4,72.05,5,HARDER
16,73.36,47.31,28,6,53.23,5,EASIER
9,69.85,22.78,16,4,66.7,3,EASIER
9,100.0,12.44,9,0,95.52,3,HARDER
4,66.59,23.59,7,2,90.87,1,SAME
4,80.56,12.3,5,1,88.79,1,SAME
4,81.35,15.0,7,1,85.81,1,HARDER
9,81.53,17.15,12,2,86.52,3,HARDER
4,66.84,15.21,8,2,79.5,1,SAME
16,69.41,49.3,27,7,43.35,5,EASIER
9,89.36,14.05,11,1,86.24,3,HARDER
9,90.81,36.6,10,1,89.97,3,HARDER
16,73.36,33.05,27,6,60.37,5,EASIER
12,78.7,42.17,17,3,73.86,4,HARDER
12,79.31,26.57,16,3,86.19,4,HARDER
12,75.19,32.65,19,4,70.1,4,EASIER
12,56.21,76.79,23,9,28.62,4,EASIER
4,81.46,15.96,6,1,89.25,1,HARDER
4,98.73,9.84,4,0,95.28,1,HARDER
12,66.73,32.18,25,6,41.66,4,HARDER
9,79.83,18.2,12,2,83.48,3,HARDER
6,87.11,11.04,8,1,90.99,2,HARDER
6,67.31,20.41,11,3,67.33,2,SAME
16,90.67,39.73,22,2,68.47,5,HARDER
12,91.88,18.92,13,1,94.72,4,HARDER
12,100.0,13.6,14,0,98.84,4,HARDER
4,100.0,10.78,4,0,100.0,1,HARDER
16,80.21,22.03,23,4,74.52,5,SAME
12,86.0,19.46,15,2,94.98,4,HARDER
4,100.0,6.83,5,0,95.13,1,HARDER
16,78.73,20.15,26,4,79.38,5,SAME
6,66.65,17.43,12,3,75.82,2,EASIER
4,100.0,11.9,4,0,89.85,1,HARDER
12,79.47,19.67,16,3,67.6,4,HARDER
16,85.35,17.46,22,3,58.97,5,SAME
12,70.36,24.67,20,5,60.84,4,EASIER
4,65.3,15.81,8,2,81.6,1,SAME
4,80.24,7.27,5,1,100.0,1,HARDER
4,99.96,9.78,5,0,100.0,1,HARDER
6,85.74,13.41,7,1,84.85,2,HARDER
12,85.0,17.91,14,2,83.51,4,HARDER
16,71.14,43.71,23,6,50.85,5,EASIER
6,73.93,19.46,10,2,82.52,2,HARDER
16,88.35,27.52,23,2,72.41,5,HARDER
9,98.58,27.02,10,0,97.19,3,HARDER
16,63.19,49.05,33,9,16.84,5,EASIER
6,74.01,20.64,9,2,86.4,2,HARDER
12,91.48,16.65,15,1,80.65,4,HARDER
6,84.99,26.04,8,1,89.93,2,HARDER
16,79.49,32.07,27,4,68.59,5,SAME
6,85.56,22.01,8,1,97.12,2,HARDER
6,75.46,14.43,9,2,97.85,2,HARDER
6,66.9,16.78,11,3,68.9,2,EASIER
12,100.0,18.79,12,0,97.31,4,HARDER
6,100.0,14.46,6,0,100.0,2,HARDER
12,74.99,21.83,21,4,64.29,4,EASIER
12,73.44,15.62,20,4,65.3,4,SAME
12,85.43,28.9,15,2,84.37,4,HARDER
6,83.13,13.86,7,1,86.75,2,HARDER
6,59.16,21.7,10,4,69.1,2,EASIER
16,65.47,62.49,36,9,8.15,5,EASIER
9,88.55,41.01,11,1,84.87,3,HARDER
16,71.26,58.33,27,6,52.7,5,EASIER
16,78.3,44.23,24,4,73.77,5,SAME
16,80.05,39.3,22,4,68.46,5,SAME
12,70.33,34.05,19,5,64.41,4,EASIER
9,76.77,17.98,15,3,89.08,3,SAME
6,75.6,20.31,9,2,82.9,2,SAME
12,75.87,32.85,20,4,56.54,4,SAME
12,80.64,10.6,15,3,84.25,4,HARDER
9,89.98,19.94,11,1,97.45,3,HARDER
16,79.7,26.97,23,4,74.5,5,SAME
16,90.1,29.0,20,2,97.26,5,HARDER
9,81.01,17.22,13,2,80.31,3,SAME
4,99.56,13.64,5,0,87.57,1,HARDER
6,66.81,19.67,17,3,66.27,2,EASIER
9,79.76,40.88,11,2,76.75,3,HARDER
4,67.06,21.41,8,2,72.46,1,EASIER
9,91.88,18.81,12,1,85.7,3,HARDER
16,80.33,26.67,23,4,72.51,5,SAME
9,80.92,16.01,12,2,95.78,3,HARDER
16,93.29,26.06,17,1,97.94,5,HARDER
6,86.79,15.15,9,1,88.45,2,HARDER
4,79.21,14.5,5,1,100.0,1,HARDER
12,78.77,16.13,17,3,69.57,4,SAME
12,84.49,18.78,17,2,81.5,4,HARDER
4,99.13,13.15,4,0,99.38,1,HARDER
9,99.69,23.5,10,0,94.29,3,HARDER
9,88.85,18.69,10,1,96.07,3,HARDER
12,85.56,25.11,16,2,77.39,4,HARDER
4,99.52,6.47,4,0,97.24,1,EASIER
9,68.68,27.12,15,4,64.74,3,SAME
9,90.85,28.37,10,1,100.0,3,HARDER
9,75.24,30.53,12,3,80.92,3,SAME
4,79.32,14.81,6,1,93.19,1,HARDER
12,73.4,15.92,18,4,58.07,4,SAME
6,99.71,13.78,6,0,100.0,2,HARDER
4,80.56,31.09,5,1,89.93,1,HARDER
6,87.76,18.45,8,1,82.53,2,HARDER
4,100.0,11.49,4,0,99.56,1,HARDER
12,80.96,21.79,16,3,72.01,4,SAME
12,91.25,31.98,13,1,83.96,4,HARDER
16,70.3,34.68,29,6,40.0,5,EASIER
6,74.97,13.32,11,2,73.69,2,HARDER
16,73.39,28.09,26,6,50.35,5,EASIER
4,66.09,17.26,6,2,83.36,1,SAME
4,100.0,10.15,4,0,93.73,1,HARDER
12,58.9,40.8,25,8,35.87,4,EASIER
12,84.7,23.67,15,2,77.37,4,HARDER
16,83.96,30.59,23,3,73.04,5,HARDER
4,100.0,13.03,5,0,90.07,1,HARDER
6,85.27,13.02,8,1,94.76,2,HARDER
6,98.22,11.16,7,0,100.0,2,HARDER
12,73.35,25.04,22,4,52.0,4,SAME
9,82.3,33.77,13,2,82.27,3,SAME
6,75.41,12.47,12,2,70.65,2,HARDER
12,80.02,46.06,16,3,80.86,4,HARDER
6,85.05,9.56,9,1,96.15,2,HARDER
6,60.17,34.45,15,4,50.4,2,EASIER
12,90.0,26.85,15,1,91.79,4,HARDER
4,79.89,9.14,5,1,97.81,1,HARDER
4,98.96,13.7,4,0,100.0,1,HARDER
9,91.22,15.77,14,1,82.29,3,HARDER
4,99.2,8.1,4,0,100.0,1,HARDER
12,75.66,30.31,23,4,62.82,4,SAME
9,81.52,19.33,13,2,86.04,3,SAME
6,83.68,22.72,8,1,94.27,2,HARDER
6,66.62,25.41,11,3,80.34,2,EASIER
4,100.0,10.59,4,0,90.94,1,SAME
9,89.97,9.94,10,1,98.98,3,HARDER
16,89.4,35.34,19,2,85.12,5,HARDER
12,75.08,22.39,17,4,71.38,4,SAME
12,70.36,39.53,19,5,57.24,4,EASIER
4,100.0,12.33,4,0,98.37,1,HARDER
4,81.17,11.9,5,1,93.34,1,HARDER
4,77.84,17.87,6,1,96.83,1,HARDER
6,86.1,12.76,7,1,89.22,2,SAME
6,100.0,15.06,6,0,100.0,2,HARDER
9,75.05,23.06,13,3,72.71,3,HARDER
9,80.77,17.75,13,2,77.79,3,HARDER
9,75.66,21.89,18,3,75.36,3,SAME
12,81.45,33.21,17,3,78.55,4,SAME
12,71.88,25.74,18,5,69.04,4,SAME
9,90.74,9.33,11,1,89.24,3,HARDER
4,100.0,9.87,4,0,83.11,1,HARDER
12,79.35,35.28,17,3,83.36,4,SAME
16,69.26,37.15,29,7,38.76,5,EASIER
12,80.48,45.97,16,3,82.8,4,SAME
4,98.85,12.46,4,0,100.0,1,HARDER
6,77.64,31.78,11,2,77.61,2,SAME
6,86.81,19.46,9,1,82.57,2,HARDER
4,98.97,12.08,5,0,99.09,1,HARDER
16,90.31,17.2,19,2,88.75,5,EASIER
6,98.28,16.76,7,0,90.59,2,HARDER
6,99.56,19.37,6,0,100.0,2,HARDER
4,98.72,13.75,4,0,92.27,1,HARDER
4,100.0,10.74,5,0,81.77,1,HARDER
9,69.29,19.14,16,4,62.29,3,SAME
6,100.0,7.51,7,0,100.0,2,HARDER
9,100.0,21.09,9,0,100.0,3,HARDER
9,91.46,12.34,12,1,79.94,3,HARDER
4,100.0,8.82,4,0,100.0,1,HARDER
9,100.0,18.78,10,0,100.0,3,HARDER
4,98.18,10.53,4,0,94.81,1,HARDER
4,100.0,14.24,4,0,97.31,1,HARDER
9,90.04,19.21,10,1,100.0,3,HARDER
16,84.73,40.62,26,3,63.06,5,HARDER
4,99.74,12.18,5,0,88.91,1,HARDER
16,63.32,51.39,30,9,30.35,5,EASIER
9,74.09,20.27,14,3,85.21,3,SAME
16,79.2,35.29,23,4,72.3,5,SAME
4,79.41,25.2,6,1,100.0,1,SAME
6,59.81,18.97,12,4,67.44,2,EASIER
6,85.68,13.35,7,1,95.49,2,HARDER
6,99.21,21.74,6,0,96.87,2,HARDER
4,80.18,18.44,5,1,86.87,1,HARDER
16,80.49,25.39,21,4,63.26,5,SAME
16,80.78,40.1,24,4,72.47,5,SAME
12,81.51,30.79,16,3,74.56,4,HARDER
9,89.32,20.08,11,1,100.0,3,HARDER
12,86.12,25.15,14,2,93.98,4,HARDER
4,100.0,16.5,4,0,100.0,1,HARDER
6,100.0,13.71,6,0,100.0,2,HARDER
6,74.28,18.13,9,2,75.7,2,SAME
6,83.97,14.92,7,1,95.66,2,HARDER
6,86.06,14.2,7,1,100.0,2,HARDER
12,79.98,31.81,16,3,76.46,4,SAME
12,71.25,32.4,23,5,59.82,4,EASIER
16,69.67,46.08,27,8,36.35,5,EASIER
12,76.54,28.53,20,4,60.07,4,EASIER
12,72.5,40.36,22,4,50.72,4,EASIER
16,93.87,31.76,19,1,74.71,5,HARDER
9,89.08,25.16,11,1,81.47,3,HARDER
12,61.18,40.8,21,8,44.72,4,EASIER
9,90.03,15.25,10,1,98.01,3,HARDER
12,80.64,16.22,16,3,82.12,4,HARDER
4,79.2,14.94,7,1,93.13,1,HARDER
9,83.01,18.97,12,2,88.58,3,HARDER
4,100.0,10.96,4,0,100.0,1,HARDER
16,95.21,28.65,17,1,94.83,5,HARDER
9,68.01,23.83,15,4,56.14,3,EASIER
9,89.46,22.24,11,1,100.0,3,HARDER
16,76.67,24.22,24,5,62.25,5,SAME
16,87.62,21.86,19,2,77.08,5,HARDER
4,98.32,15.67,4,0,87.67,1,HARDER
16,72.61,61.7,30,6,39.34,5,EASIER
4,80.28,17.79,5,1,86.24,1,HARDER
9,81.83,22.35,13,2,93.57,3,HARDER
16,72.38,43.25,26,6,44.69,5,EASIER
4,100.0,6.79,4,0,98.05,1,HARDER
4,100.0,15.65,4,0,96.4,1,HARDER
12,92.42,32.83,14,1,91.23,4,HARDER
6,86.26,14.13,7,1,99.14,2,HARDER
16,73.39,30.28,26,6,65.78,5,EASIER
12,100.0,23.19,12,0,100.0,4,HARDER
6,98.08,13.71,7,0,100.0,2,HARDER
16,80.51,23.51,22,4,64.96,5,HARDER
16,72.27,41.49,25,6,51.27,5,EASIER
4,79.98,9.37,5,1,93.86,1,HARDER
9,82.38,31.82,12,2,70.52,3,SAME
9,69.67,24.11,17,4,68.67,3,EASIER
16,76.02,38.4,24,5,58.42,5,EASIER
9,89.68,17.84,10,1,98.17,3,HARDER
9,90.36,24.07,10,1,88.6,3,HARDER
6,100.0,16.16,6,0,100.0,2,HARDER
9,69.61,35.02,16,4,61.51,3,EASIER
4,80.95,14.96,7,1,80.55,1,HARDER
9,67.44,16.45,13,4,72.62,3,EASIER
12,90.37,18.12,15,1,88.74,4,HARDER
9,74.57,20.96,13,3,77.9,3,EASIER
16,85.01,30.17,23,3,82.21,5,HARDER
12,65.63,36.86,21,6,49.71,4,EASIER
6,99.94,11.77,6,0,98.14,2,HARDER
9,99.08,11.63,9,0,100.0,3,HARDER
4,100.0,18.53,4,0,91.01,1,HARDER
6,86.38,13.27,7,1,98.39,2,HARDER
6,74.16,15.84,9,2,83.69,2,HARDER
16,95.94,24.45,19,1,77.32,5,HARDER
12,69.23,37.13,24,5,42.05,4,EASIER
4,100.0,15.3,4,0,90.0,1,HARDER
16,70.31,44.83,23,6,52.83,5,EASIER
16,72.19,42.37,26,6,41.04,5,EASIER
6,100.0,14.06,6,0,100.0,2,HARDER
9,89.21,14.46,11,1,100.0,3,HARDER
4,100.0,9.47,4,0,100.0,1,HARDER
16,89.64,54.62,19,2,95.67,5,HARDER
9,74.26,22.43,13,3,77.23,3,SAME
9,74.31,22.87,14,3,82.47,3,EASIER
4,100.0,10.77,4,0,89.35,1,HARDER
6,85.41,18.68,7,1,86.14,2,HARDER
6,86.23,26.81,7,1,96.07,2,HARDER
9,75.08,22.51,15,3,78.35,3,SAME
9,83.35,22.1,12,2,75.75,3,SAME
4,99.61,10.94,4,0,100.0,1,HARDER
6,59.43,26.71,14,4,55.02,2,EASIER
9,89.81,10.58,10,1,95.1,3,HARDER
12,83.65,22.68,16,2,93.63,4,HARDER
6,98.8,11.91,6,0,100.0,2,SAME
12,93.49,23.45,13,1,97.29,4,HARDER
16,80.5,14.04,24,4,70.7,5,SAME
6,67.75,16.56,11,3,63.41,2,EASIER
9,100.0,14.1,11,0,100.0,3,HARDER
16,71.79,29.1,24,6,59.23,5,EASIER
4,99.09,18.22,4,0,100.0,1,HARDER
4,66.76,16.24,6,2,93.83,1,SAME
4,100.0,23.32,4,0,97.83,1,HARDER
16,76.47,30.97,29,5,46.41,5,EASIER
4,99.46,8.48,4,0,99.42,1,HARDER
9,80.86,22.69,12,2,76.7,3,HARDER
16,71.43,22.39,24,6,49.01,5,EASIER
4,100.0,14.22,4,0,100.0,1,HARDER
12,79.53,25.45,18,3,61.78,4,SAME
9,81.56,21.1,12,2,86.1,3,HARDER
4,98.41,19.2,4,0,100.0,1,HARDER
12,91.56,16.06,13,1,99.73,4,HARDER
4,100.0,12.13,5,0,96.21,1,HARDER
12,91.53,21.99,14,1,87.81,4,HARDER
6,85.02,16.09,7,1,96.79,2,HARDER
12,72.07,28.34,23,5,69.14,4,EASIER
4,100.0,8.96,4,0,100.0,1,EASIER
16,99.81,17.06,17,0,100.0,5,HARDER
9,90.11,19.17,11,1,98.77,3,HARDER
9,90.21,25.67,11,1,84.76,3,HARDER
12,87.59,22.18,16,2,86.05,4,HARDER
9,83.35,19.61,14,2,78.1,3,HARDER
6,100.0,14.89,7,0,93.86,2,HARDER
16,66.51,42.59,27,8,44.25,5,EASIER
16,73.23,48.13,25,6,47.48,5,EASIER
12,69.66,28.18,22,5,67.51,4,EASIER
9,81.94,22.51,11,2,81.15,3,HARDER
4,98.9,11.65,4,0,96.82,1,HARDER
4,79.26,10.79,6,1,95.2,1,HARDER
16,74.11,22.64,24,5,66.8,5,SAME
6,100.0,13.0,6,0,95.05,2,HARDER
16,72.02,41.05,27,6,49.08,5,EASIER
6,85.12,10.14,8,1,97.16,2,HARDER
12,59.36,48.64,27,8,36.83,4,EASIER
9,80.87,17.88,12,2,92.8,3,HARDER
6,98.97,17.33,6,0,100.0,2,HARDER
16,77.22,36.64,23,4,60.2,5,EASIER
4,100.0,16.8,4,0,95.16,1,HARDER
4,66.02,15.12,7,2,72.11,1,EASIER
16,71.46,49.4,30,7,30.64,5,EASIER
9,100.0,13.93,11,0,90.2,3,HARDER
16,69.46,57.88,34,7,26.82,5,EASIER
16,88.7,38.1,21,2,84.56,5,HARDER
6,100.0,10.39,7,0,100.0,2,HARDER
12,94.39,35.22,16,1,86.79,4,HARDER
4,78.5,13.17,6,1,84.91,1,HARDER
4,100.0,9.43,4,0,100.0,1,HARDER
4,98.44,9.78,4,0,100.0,1,HARDER
9,89.11,29.44,11,1,83.88,3,HARDER
16,77.05,21.27,27,5,42.62,5,SAME
6,65.36,21.47,11,3,64.1,2,EASIER
4,64.66,24.71,8,2,77.69,1,EASIER
4,100.0,13.78,4,0,100.0,1,HARDER
16,73.09,50.46,25,6,57.46,5,EASIER
9,68.45,27.46,16,4,56.51,3,EASIER
6,84.04,11.51,10,1,86.97,2,HARDER
6,84.11,16.93,8,1,95.42,2,HARDER
4,100.0,12.43,4,0,98.2,1,HARDER
4,100.0,13.62,4,0,95.9,1,HARDER
4,100.0,11.72,6,0,100.0,1,EASIER
16,84.4,22.1,20,3,66.66,5,HARDER
12,85.96,20.8,16,2,76.7,4,SAME
4,98.79,10.73,4,0,99.45,1,HARDER
4,100.0,11.79,4,0,100.0,1,HARDER
9,82.38,18.52,12,2,89.61,3,HARDER
12,89.43,21.82,13,1,100.0,4,HARDER
12,70.1,26.37,20,5,49.61,4,EASIER
16,81.77,40.57,24,4,61.0,5,SAME
16,89.72,21.69,23,2,78.96,5,HARDER
9,68.68,30.78,15,4,60.2,3,EASIER
16,64.06,37.89,33,9,13.32,5,EASIER
4,67.23,16.25,6,2,72.84,1,SAME
6,100.0,12.88,7,0,86.15,2,HARDER
12,71.95,34.94,18,5,66.53,4,SAME
16,76.08,21.71,28,5,60.35,5,EASIER
4,66.93,12.01,7,2,88.15,1,SAME
4,98.35,12.41,4,0,100.0,1,HARDER
12,79.65,27.25,15,3,67.95,4,SAME
4,99.34,11.61,4,0,98.15,1,HARDER
16,78.71,34.08,25,4,64.32,5,HARDER
9,100.0,11.3,9,0,91.59,3,HARDER
4,79.12,11.46,6,1,93.05,1,HARDER
12,80.47,24.7,20,3,59.54,4,SAME
12,93.12,21.93,14,1,93.27,4,HARDER
4,100.0,13.59,4,0,100.0,1,HARDER
4,100.0,14.8,4,0,95.34,1,HARDER
4,100.0,15.47,4,0,97.06,1,HARDER
12,100.0,21.61,12,0,96.47,4,HARDER
4,100.0,10.9,4,0,100.0,1,HARDER
9,99.33,27.59,9,0,92.64,3,HARDER
9,83.04,30.38,11,2,92.22,3,SAME
6,74.63,18.44,12,2,77.68,2,SAME
6,86.68,7.17,7,1,97.65,2,HARDER
16,67.5,54.65,28,8,29.89,5,EASIER
4,100.0,10.87,4,0,100.0,1,HARDER
4,79.78,19.33,6,1,92.31,1,SAME
4,99.46,9.48,4,0,100.0,1,HARDER
16,88.98,33.75,19,2,79.82,5,HARDER
4,80.93,22.79,7,1,100.0,1,HARDER
6,85.0,13.61,8,1,94.92,2,HARDER
9,91.16,20.49,13,1,92.64,3,HARDER
9,90.04,11.72,12,1,87.67,3,HARDER
9,68.81,30.76,15,4,53.94,3,EASIER
12,85.69,26.76,16,2,77.85,4,SAME
6,85.23,13.69,9,1,78.28,2,HARDER
4,66.15,20.06,6,2,83.54,1,SAME
4,100.0,11.32,4,0,80.62,1,HARDER
12,92.58,24.27,13,1,96.93,4,HARDER
12,85.58,18.72,17,2,74.51,4,SAME
4,79.9,18.67,6,1,85.24,1,HARDER
4,100.0,15.59,4,0,95.58,1,HARDER
9,100.0,20.95,10,0,100.0,3,HARDER
12,72.26,24.26,19,5,49.3,4,EASIER
4,98.93,7.49,4,0,100.0,1,HARDER
4,78.71,21.03,5,1,96.16,1,HARDER
12,98.43,12.64,12,0,100.0,4,HARDER
16,67.23,52.18,32,8,33.4,5,EASIER
12,80.11,28.73,21,3,68.27,4,SAME
16,72.29,25.42,24,6,57.57,5,EASIER
9,89.98,15.19,11,1,95.95,3,HARDER
16,84.28,19.82,19,3,82.38,5,HARDER
16,87.6,26.44,20,2,80.47,5,SAME
12,76.17,31.04,19,4,52.01,4,HARDER
12,85.34,29.55,17,2,86.81,4,HARDER
9,80.18,17.57,14,2,71.33,3,HARDER
12,81.55,29.36,16,3,72.26,4,SAME
12,74.89,33.47,19,4,66.9,4,EASIER
9,89.06,23.09,10,1,92.88,3,HARDER
6,85.98,9.09,7,1,100.0,2,HARDER
4,80.91,12.58,5,1,90.56,1,HARDER
12,79.37,31.52,17,3,73.18,4,HARDER
4,99.35,11.14,4,0,99.13,1,HARDER
16,84.7,29.39,23,3,79.91,5,HARDER
4,78.94,15.11,6,1,90.97,1,SAME
9,99.8,21.27,9,0,95.24,3,HARDER
6,99.13,10.58,6,0,100.0,2,HARDER
4,99.71,15.36,4,0,100.0,1,HARDER
6,87.52,23.49,7,1,83.98,2,HARDER
6,100.0,17.5,8,0,94.33,2,HARDER
4,100.0,11.24,4,0,100.0,1,HARDER
12,79.66,31.74,16,3,65.55,4,SAME
16,84.86,30.3,21,3,74.51,5,HARDER
12,65.68,33.22,19,6,51.09,4,EASIER
4,100.0,8.97,4,0,99.02,1,HARDER
4,80.23,19.34,5,1,95.39,1,SAME
6,64.8,15.31,10,3,83.0,2,HARDER
4,80.83,27.2,7,1,77.33,1,EASIER
12,81.65,19.2,16,3,79.1,4,HARDER
4,80.75,10.05,5,1,100.0,1,HARDER
4,100.0,12.13,4,0,100.0,1,HARDER
12,87.6,24.26,15,2,98.11,4,HARDER
6,100.0,15.68,6,0,99.58,2,HARDER
16,64.55,68.6,31,8,12.74,5,EASIER
9,88.5,18.61,11,1,92.75,3,HARDER
16,60.86,27.3,37,10,10.37,5,EASIER
12,86.15,28.37,17,2,85.95,4,HARDER
9,89.31,20.69,11,1,88.72,3,HARDER
9,82.85,18.2,11,2,92.79,3,HARDER
12,80.18,21.87,17,3,68.73,4,SAME
16,79.75,17.56,21,4,62.88,5,HARDER
12,72.44,24.21,20,5,57.27,4,EASIER
16,76.23,32.71,24,5,68.34,5,HARDER
12,81.46,15.19,17,3,86.25,4,HARDER
16,58.95,57.79,36,11,0.0,5,EASIER
4,100.0,8.26,4,0,94.77,1,HARDER
6,85.51,18.68,7,1,86.95,2,HARDER
6,60.31,26.17,16,4,58.67,2,EASIER
16,83.27,27.25,21,3,74.42,5,HARDER
12,80.07,20.65,19,3,66.69,4,HARDER
12,92.87,22.85,16,1,98.48,4,HARDER
4,100.0,8.24,4,0,92.48,1,HARDER
4,100.0,21.19,4,0,95.98,1,HARDER
12,84.89,26.18,16,2,75.58,4,HARDER
12,67.74,44.06,26,6,29.04,4,EASIER
6,75.43,20.8,12,2,66.85,2,SAME
9,77.17,25.45,13,3,92.59,3,HARDER
4,99.22,11.72,4,0,100.0,1,HARDER
16,90.88,24.04,21,2,79.7,5,HARDER
9,100.0,15.2,9,0,100.0,3,HARDER
16,84.34,25.89,25,3,75.81,5,HARDER
4,79.44,19.26,7,1,88.03,1,HARDER
16,85.39,25.49,20,3,74.01,5,EASIER
9,98.69,17.84,9,0,100.0,3,SAME
6,99.65,13.35,6,0,100.0,2,HARDER
16,80.96,43.95,24,4,67.38,5,SAME
6,99.06,13.9,6,0,99.73,2,HARDER
9,100.0,18.47,10,0,94.03,3,HARDER
12,74.48,35.56,19,4,55.23,4,EASIER
4,77.17,24.5,5,1,84.35,1,HARDER
4,55.34,33.62,9,3,84.55,1,EASIER
4,79.7,11.86,5,1,83.16,1,HARDER
16,80.04,33.95,25,4,64.68,5,SAME
4,65.13,12.39,7,2,79.31,1,SAME
16,65.98,33.31,30,8,37.09,5,EASIER
12,68.49,43.8,28,5,43.77,4,EASIER
4,99.82,11.64,4,0,99.61,1,HARDER
9,74.87,49.65,13,3,79.93,3,SAME
12,80.61,16.4,19,3,76.53,4,SAME
16,70.77,47.68,28,7,43.36,5,EASIER
12,75.64,44.75,21,4,60.25,4,EASIER
12,93.15,24.22,13,1,98.38,4,HARDER
12,75.46,18.2,17,4,69.97,4,HARDER
9,68.45,40.93,18,4,56.25,3,EASIER
12,76.27,24.43,22,4,49.77,4,EASIER
6,67.26,17.4,14,3,59.78,2,EASIER
4,100.0,10.61,4,0,100.0,1,HARDER
4,100.0,14.55,4,0,98.71,1,HARDER
6,87.36,19.0,7,1,93.84,2,HARDER
16,77.32,36.17,22,5,70.92,5,SAME
4,66.69,23.1,7,2,79.78,1,SAME
16,82.23,21.82,23,3,81.54,5,SAME
4,100.0,12.55,4,0,90.38,1,HARDER
4,67.22,13.61,6,2,79.51,1,EASIER
12,62.01,47.78,23,8,49.02,4,EASIER
9,89.92,19.48,12,1,97.93,3,HARDER
9,75.3,28.79,12,3,71.72,3,HARDER
16,71.1,37.37,27,6,54.61,5,EASIER
6,100.0,19.96,6,0,93.86,2,HARDER
12,74.85,20.49,19,4,70.71,4,SAME
4,79.7,13.91,5,1,92.68,1,HARDER
4,99.89,13.2,4,0,100.0,1,HARDER
4,100.0,11.43,4,0,95.4,1,HARDER
4,99.53,13.39,4,0,89.63,1,HARDER
4,98.85,19.56,5,0,95.37,1,HARDER
6,66.66,10.52,9,3,92.77,2,SAME
16,89.37,32.77,20,2,86.78,5,HARDER
9,59.04,30.95,19,6,58.46,3,EASIER
9,82.18,18.15,11,2,87.09,3,HARDER
16,72.68,34.1,27,6,41.69,5,EASIER
9,81.18,17.73,11,2,71.39,3,SAME
16,84.16,30.48,21,3,59.69,5,HARDER
4,81.69,13.82,7,1,84.85,1,HARDER
9,88.72,17.61,13,1,81.61,3,HARDER
12,92.36,23.7,14,1,97.41,4,HARDER
4,99.23,11.45,4,0,97.08,1,HARDER
9,92.21,16.02,13,1,81.32,3,HARDER
6,85.49,19.11,8,1,94.32,2,HARDER
6,84.74,10.43,7,1,100.0,2,HARDER
16,76.36,43.73,29,5,62.77,5,SAME
12,70.82,35.28,20,5,53.15,4,EASIER
12,79.5,22.7,15,3,79.02,4,EASIER
6,100.0,18.12,6,0,93.83,2,HARDER
12,86.09,23.99,16,2,88.33,4,HARDER
4,67.11,17.1,6,2,79.77,1,SAME
9,100.0,18.35,11,0,95.92,3,HARDER
6,87.94,26.64,9,1,88.07,2,HARDER
12,74.16,19.85,21,4,74.14,4,SAME
4,78.75,17.09,5,1,93.81,1,HARDER
16,71.09,38.33,26,6,50.8,5,SAME
6,57.86,39.92,10,4,53.57,2,EASIER
6,99.59,22.03,6,0,92.66,2,HARDER
9,67.13,30.55,16,4,49.86,3,EASIER
6,100.0,11.5,6,0,100.0,2,HARDER
12,93.78,19.26,14,1,81.44,4,HARDER
6,67.6,21.59,12,3,70.83,2,SAME
16,66.96,61.16,31,8,27.07,5,EASIER
4,69.47,13.31,7,2,89.6,1,HARDER
6,100.0,11.08,6,0,93.51,2,HARDER
9,68.54,24.51,14,4,64.79,3,EASIER
12,63.73,42.8,22,7,33.39,4,EASIER
16,84.51,22.31,27,3,49.35,5,HARDER
4,66.74,27.52,7,2,81.72,1,EASIER
4,99.18,11.59,4,0,97.6,1,HARDER
4,79.79,13.68,5,1,100.0,1,HARDER
16,73.38,39.98,26,6,61.07,5,EASIER
4,98.7,9.12,4,0,100.0,1,HARDER
12,78.97,29.85,16,3,78.48,4,HARDER
4,100.0,9.14,4,0,94.08,1,HARDER
9,90.93,24.79,11,1,88.22,3,HARDER
9,99.58,12.64,9,0,100.0,3,HARDER
4,80.94,16.7,7,1,83.92,1,HARDER
6,59.37,31.48,16,4,59.58,2,EASIER
9,82.36,15.26,13,2,89.84,3,HARDER
4,67.82,25.49,8,2,63.3,1,SAME
16,89.98,26.16,19,2,86.56,5,HARDER
9,89.36,11.48,14,1,81.49,3,SAME
12,91.15,13.96,13,1,100.0,4,HARDER
4,99.81,15.22,4,0,88.85,1,HARDER
16,76.46,52.01,23,5,70.24,5,EASIER
9,90.91,14.07,11,1,98.94,3,HARDER
9,89.47,15.58,14,1,73.07,3,SAME
16,72.86,60.84,26,6,38.74,5,SAME
6,74.69,12.88,8,2,85.2,2,HARDER
16,73.23,39.86,26,6,47.65,5,EASIER
6,86.93,16.76,7,1,100.0,2,HARDER
12,91.75,16.6,14,1,98.2,4,HARDER
9,70.45,30.15,19,4,56.97,3,EASIER
16,75.23,46.28,22,5,65.55,5,EASIER
6,85.49,15.31,7,1,96.18,2,HARDER
16,80.5,28.92,25,4,50.62,5,EASIER
4,100.0,22.89,4,0,100.0,1,HARDER
12,86.07,23.38,15,2,87.61,4,HARDER
9,90.99,12.82,11,1,90.5,3,HARDER
4,98.86,10.93,4,0,87.58,1,HARDER
9,81.43,17.35,13,2,81.36,3,HARDER
4,100.0,13.49,5,0,95.64,1,HARDER
12,81.08,35.29,18,3,53.56,4,SAME
6,85.11,14.67,8,1,95.96,2,HARDER
12,100.0,18.38,12,0,100.0,4,HARDER
12,92.13,25.88,14,1,82.76,4,HARDER
6,85.99,13.15,7,1,100.0,2,HARDER
4,100.0,9.66,4,0,94.16,1,HARDER
4,98.77,15.1,4,0,94.94,1,HARDER
12,72.51,38.4,19,5,40.49,4,EASIER
12,93.43,21.67,14,1,84.41,4,HARDER
4,77.48,11.15,5,1,100.0,1,HARDER
12,100.0,13.07,13,0,96.96,4,HARDER
6,86.14,14.18,7,1,91.03,2,HARDER
4,79.82,14.13,5,1,97.4,1,HARDER
12,74.83,41.66,18,4,77.8,4,SAME
9,88.04,20.55,10,1,89.33,3,HARDER
6,75.16,19.92,10,2,76.46,2,SAME
12,76.42,17.15,20,4,66.15,4,SAME
6,99.87,16.09,6,0,100.0,2,HARDER
4,99.76,12.35,4,0,95.77,1,HARDER
9,75.39,14.41,15,3,82.17,3,EASIER
12,85.65,28.29,16,2,81.34,4,HARDER
6,67.08,19.34,9,3,80.37,2,HARDER
9,100.0,10.87,9,0,97.67,3,HARDER
4,98.07,18.25,4,0,98.87,1,HARDER
9,76.03,24.12,14,3,72.79,3,SAME
16,81.2,41.24,22,4,67.88,5,EASIER
6,100.0,16.98,6,0,100.0,2,HARDER
4,79.97,16.0,6,1,96.58,1,HARDER
16,96.03,33.84,17,1,94.86,5,HARDER
9,82.91,26.69,12,2,83.71,3,HARDER
6,100.0,12.11,6,0,92.55,2,HARDER
16,89.29,27.13,22,2,81.48,5,HARDER
12,70.26,21.79,20,5,65.07,4,EASIER
4,99.93,13.21,4,0,99.38,1,HARDER
9,88.76,18.4,12,1,87.36,3,HARDER
12,74.96,22.93,17,4,62.73,4,SAME
12,93.12,17.4,14,1,83.98,4,SAME
9,82.07,28.63,15,2,74.05,3,HARDER
9,91.0,23.53,14,1,80.94,3,HARDER
12,84.73,21.71,15,2,94.93,4,HARDER
16,76.63,29.86,25,5,59.21,5,EASIER
6,85.66,23.66,8,1,99.45,2,HARDER
16,81.38,20.18,25,3,65.26,5,SAME
9,90.85,25.73,11,1,90.0,3,HARDER
12,74.83,22.32,16,4,70.71,4,SAME
9,90.95,30.16,14,1,76.74,3,HARDER
4,98.96,12.56,5,0,87.61,1,HARDER
6,86.19,16.9,8,1,81.08,2,EASIER
16,83.87,24.45,23,3,69.14,5,SAME
9,90.61,15.72,11,1,86.42,3,HARDER
12,84.76,21.22,17,2,67.16,4,HARDER
12,59.52,79.32,23,8,30.62,4,EASIER
9,89.18,17.58,11,1,80.94,3,HARDER
9,82.32,18.98,13,2,81.54,3,HARDER
4,98.21,10.2,4,0,100.0,1,HARDER
16,82.78,24.26,22,3,76.42,5,HARDER
6,75.11,20.21,10,2,83.16,2,SAME
4,99.49,12.48,4,0,97.27,1,HARDER
4,100.0,17.7,4,0,98.53,1,HARDER
4,78.89,12.7,7,1,100.0,1,HARDER
4,100.0,12.0,4,0,100.0,1,HARDER
6,100.0,12.91,6,0,93.8,2,HARDER
6,85.1,11.12,8,1,95.51,2,HARDER
6,85.84,14.18,9,1,87.7,2,HARDER
4,79.86,18.4,5,1,87.69,1,HARDER
4,100.0,12.65,4,0,79.33,1,HARDER
4,100.0,8.73,4,0,100.0,1,HARDER
6,73.62,19.94,10,2,81.09,2,SAME
12,86.57,31.09,17,2,84.51,4,HARDER
6,84.64,15.72,7,1,100.0,2,HARDER
9,89.39,25.02,11,1,100.0,3,HARDER
4,100.0,11.66,4,0,100.0,1,HARDER
12,85.68,33.15,16,2,91.2,4,HARDER
12,86.59,13.34,14,2,92.4,4,HARDER
16,63.81,51.56,29,9,33.69,5,EASIER
9,91.28,19.83,10,1,100.0,3,HARDER
9,89.87,20.92,12,1,82.46,3,HARDER
16,75.77,34.73,26,5,59.62,5,EASIER
4,100.0,7.34,5,0,100.0,1,HARDER
6,86.88,15.44,7,1,88.55,2,HARDER
9,64.87,41.68,17,5,67.25,3,EASIER
4,79.89,11.25,6,1,91.98,1,HARDER
4,66.02,24.08,6,2,81.47,1,SAME
12,99.08,11.31,13,0,100.0,4,HARDER
12,92.45,27.47,17,1,94.53,4,HARDER
12,82.09,33.55,18,3,73.93,4,SAME
16,71.4,39.95,25,7,56.07,5,EASIER
4,99.28,13.78,4,0,99.85,1,HARDER
12,85.92,24.28,15,2,100.0,4,HARDER
4,82.45,16.07,6,1,88.37,1,HARDER
16,79.92,50.15,23,4,52.47,5,SAME
9,74.46,17.61,12,3,80.92,3,SAME
4,100.0,10.33,5,0,95.34,1,HARDER
6,100.0,17.21,6,0,100.0,2,HARDER
12,85.52,17.54,19,2,63.26,4,HARDER
9,64.33,22.95,17,5,52.23,3,EASIER
4,80.06,13.7,5,1,89.0,1,HARDER
16,58.87,48.29,36,11,12.23,5,EASIER
16,75.42,38.43,22,5,62.5,5,EASIER
16,77.84,42.89,24,5,62.21,5,EASIER
4,65.14,15.98,8,2,75.79,1,EASIER
9,98.97,17.56,9,0,100.0,3,HARDER
9,73.94,18.63,13,3,76.18,3,SAME
9,74.34,21.27,14,3,65.19,3,SAME
6,100.0,10.11,6,0,100.0,2,HARDER
6,86.87,10.44,7,1,91.34,2,HARDER
12,100.0,16.44,12,0,100.0,4,HARDER
6,86.79,17.97,7,1,98.44,2,HARDER
4,78.31,18.09,5,1,90.82,1,HARDER
6,68.16,26.13,10,3,76.12,2,SAME
16,76.3,33.1,25,5,66.27,5,EASIER
16,75.95,31.51,23,5,54.2,5,SAME
4,78.2,19.26,5,1,89.02,1,HARDER
6,100.0,11.82,6,0,91.64,2,HARDER
12,81.31,37.51,18,3,79.52,4,SAME
4,99.73,8.03,4,0,99.93,1,HARDER
16,86.66,18.18,18,2,69.72,5,HARDER
6,75.24,10.18,9,2,100.0,2,HARDER
12,100.0,18.82,13,0,95.39,4,HARDER
4,100.0,11.27,4,0,93.57,1,HARDER
4,100.0,12.91,4,0,100.0,1,HARDER
9,63.53,29.34,17,5,69.21,3,EASIER
4,80.0,9.71,5,1,90.38,1,HARDER
16,84.51,36.52,21,3,86.68,5,HARDER
16,79.53,22.52,23,4,69.63,5,SAME
6,85.3,35.58,7,1,75.46,2,SAME
6,85.91,13.44,7,1,83.03,2,HARDER
12,86.79,30.39,16,2,88.65,4,HARDER
4,99.53,13.25,4,0,99.99,1,HARDER
12,74.71,40.74,19,4,71.33,4,HARDER
4,67.86,13.47,8,2,79.63,1,SAME
12,68.65,31.88,20,6,61.19,4,EASIER
9,82.85,12.36,13,2,91.88,3,HARDER
12,74.36,20.25,18,4,71.7,4,SAME
9,89.58,12.98,11,1,96.68,3,HARDER
6,86.2,22.75,8,1,99.66,2,HARDER
9,74.68,21.86,13,3,86.42,3,HARDER
12,75.84,26.95,17,4,80.7,4,HARDER
6,85.71,26.44,7,1,90.73,2,HARDER
6,73.33,18.14,9,2,85.57,2,HARDER
16,76.3,32.06,27,5,59.37,5,EASIER
6,66.69,18.17,11,3,67.4,2,SAME
9,90.35,26.63,11,1,98.55,3,HARDER
9,57.79,25.24,15,6,62.36,3,EASIER
9,75.63,24.55,14,3,76.18,3,SAME
6,98.12,17.86,6,0,95.52,2,HARDER
12,80.25,24.14,17,3,94.43,4,SAME
4,80.37,18.42,7,1,87.39,1,SAME
12,79.06,22.8,17,3,78.8,4,HARDER
12,100.0,20.21,14,0,95.66,4,HARDER
9,99.19,15.4,9,0,99.38,3,HARDER
16,93.67,29.07,19,1,95.38,5,HARDER
12,100.0,25.96,12,0,88.46,4,HARDER
12,100.0,18.56,12,0,100.0,4,HARDER
4,100.0,13.02,4,0,100.0,1,HARDER
6,85.87,20.21,7,1,85.26,2,HARDER
12,92.71,24.99,15,1,89.56,4,HARDER
12,79.04,29.99,19,3,78.25,4,SAME
4,65.06,16.42,8,2,79.98,1,HARDER
4,54.68,29.36,10,3,66.57,1,EASIER
6,86.98,16.43,7,1,87.48,2,HARDER
16,72.88,37.34,24,6,58.11,5,EASIER
4,81.08,12.3,7,1,76.2,1,HARDER
16,81.73,34.33,29,4,58.57,5,SAME
12,75.81,47.61,19,4,70.54,4,SAME
4,100.0,12.39,5,0,87.38,1,HARDER
16,80.07,35.36,24,4,64.72,5,SAME
6,75.08,24.58,8,2,74.21,2,SAME
4,81.86,18.34,5,1,79.54,1,HARDER
9,90.33,30.97,10,1,79.93,3,HARDER
16,72.2,52.29,30,6,48.32,5,EASIER
12,90.54,32.43,16,1,87.59,4,HARDER
9,89.31,20.46,10,1,81.71,3,HARDER
4,80.55,14.99,5,1,81.78,1,HARDER
6,86.23,17.09,8,1,93.97,2,SAME
9,91.65,24.33,10,1,87.12,3,HARDER
6,100.0,5.6,6,0,100.0,2,HARDER
16,69.55,59.09,30,7,27.49,5,EASIER
9,81.45,22.62,12,2,87.58,3,HARDER
4,99.34,16.28,4,0,100.0,1,HARDER
4,100.0,18.56,4,0,93.71,1,EASIER
4,66.68,25.7,8,2,67.08,1,EASIER
6,86.19,26.73,7,1,86.2,2,HARDER
6,98.31,13.24,6,0,100.0,2,HARDER
4,98.18,9.99,4,0,100.0,1,HARDER
16,81.5,27.2,25,4,58.1,5,EASIER
16,86.35,46.14,21,3,78.12,5,SAME
4,100.0,12.03,4,0,100.0,1,HARDER
6,86.0,12.11,8,1,83.79,2,HARDER
12,80.77,33.04,17,3,69.93,4,SAME
9,73.17,17.44,14,3,80.98,3,SAME
12,86.26,24.43,16,2,82.52,4,HARDER
12,70.61,32.96,18,5,55.48,4,EASIER
16,65.9,38.56,25,8,48.16,5,EASIER
6,98.7,21.84,6,0,99.96,2,HARDER
9,100.0,9.6,10,0,89.65,3,HARDER
6,100.0,9.04,6,0,86.98,2,HARDER
12,71.83,24.9,23,5,63.13,4,EASIER
12,91.75,19.12,15,1,100.0,4,HARDER
4,80.41,14.35,6,1,97.38,1,HARDER
9,76.06,23.03,13,3,76.7,3,SAME
4,65.51,11.95,6,2,84.87,1,EASIER
4,79.09,14.86,5,1,98.26,1,HARDER
6,98.25,12.63,6,0,100.0,2,HARDER
16,78.8,41.44,23,4,53.38,5,SAME
12,81.21,19.39,18,3,92.75,4,SAME
4,100.0,8.24,5,0,99.13,1,HARDER
9,90.14,28.59,10,1,82.01,3,HARDER
16,71.4,56.0,34,7,29.27,5,EASIER
9,99.21,21.15,9,0,100.0,3,HARDER
4,99.81,7.38,4,0,100.0,1,HARDER
16,70.11,59.26,25,7,41.46,5,EASIER
9,90.24,11.88,11,1,91.04,3,HARDER
12,100.0,25.64,12,0,95.73,4,HARDER
9,81.76,20.27,13,2,84.94,3,HARDER
16,88.64,32.02,19,2,76.66,5,HARDER
6,65.81,19.71,10,3,74.0,2,EASIER
9,81.55,13.3,12,2,93.28,3,HARDER
9,69.07,47.4,14,4,69.84,3,EASIER
9,100.0,21.69,10,0,100.0,3,HARDER
16,71.38,48.01,28,7,50.94,5,EASIER
4,99.44,7.22,4,0,100.0,1,HARDER
9,82.65,22.9,11,2,86.69,3,HARDER
9,75.06,25.2,13,3,76.23,3,SAME
4,79.16,10.59,5,1,96.51,1,SAME
9,80.47,17.76,11,2,93.42,3,HARDER
6,99.26,19.01,6,0,91.75,2,HARDER
16,85.34,31.93,19,3,73.08,5,HARDER
16,88.36,21.37,19,2,88.16,5,HARDER
6,86.23,15.17,8,1,83.05,2,HARDER
12,73.0,38.01,17,4,63.03,4,EASIER
6,84.63,23.07,8,1,86.15,2,HARDER
12,86.68,25.16,18,2,89.53,4,HARDER
16,83.39,49.38,21,3,81.01,5,HARDER
6,75.73,18.56,11,2,77.95,2,SAME
9,89.42,18.59,11,1,87.72,3,HARDER
16,66.19,66.48,30,8,31.97,5,EASIER
9,74.49,25.73,17,3,71.53,3,EASIER
16,72.71,34.45,31,6,35.95,5,EASIER
9,100.0,12.62,9,0,91.09,3,HARDER
6,84.13,19.67,7,1,82.82,2,HARDER
12,71.52,27.42,20,5,56.48,4,EASIER
6,86.19,21.6,7,1,88.06,2,HARDER
16,87.6,22.61,19,2,98.51,5,HARDER
4,100.0,14.62,4,0,100.0,1,HARDER
16,89.13,36.83,21,2,81.39,5,HARDER
4,80.02,14.88,6,1,100.0,1,HARDER
12,80.35,33.89,15,3,75.47,4,SAME
4,100.0,10.86,4,0,85.48,1,HARDER
6,86.28,15.62,9,1,76.4,2,HARDER
4,65.45,20.14,8,2,69.35,1,EASIER
9,81.94,14.16,13,2,85.3,3,HARDER
6,100.0,13.25,7,0,87.99,2,HARDER
9,75.02,26.74,14,3,74.1,3,HARDER
4,67.37,17.28,6,2,98.4,1,SAME
9,75.3,30.17,14,3,73.69,3,SAME
6,74.06,15.56,11,2,85.33,2,HARDER
6,74.94,14.61,10,2,76.43,2,SAME
6,86.34,13.95,11,1,99.3,2,HARDER
16,79.04,46.97,20,4,59.09,5,EASIER
4,81.69,6.88,7,1,95.79,1,HARDER
4,100.0,15.46,4,0,100.0,1,HARDER
4,99.05,17.39,4,0,95.4,1,HARDER
4,79.33,11.29,6,1,78.97,1,SAME
9,81.93,19.29,15,2,82.06,3,HARDER
16,76.0,31.97,27,5,51.53,5,EASIER
12,79.26,20.57,16,3,81.47,4,SAME
12,100.0,19.56,13,0,94.32,4,HARDER
9,89.34,18.07,12,1,86.58,3,HARDER
4,98.95,17.58,4,0,100.0,1,HARDER
4,80.26,8.92,8,1,100.0,1,HARDER
4,81.03,16.0,6,1,90.7,1,HARDER
16,67.77,57.66,29,8,30.04,5,EASIER
16,72.13,40.22,26,6,56.33,5,EASIER
9,67.97,15.06,14,4,82.59,3,EASIER
12,86.6,37.85,19,2,75.74,4,SAME
6,99.56,14.25,6,0,89.54,2,EASIER
16,84.5,43.37,24,3,68.65,5,SAME
12,86.07,28.13,15,2,88.13,4,HARDER
4,99.84,11.9,4,0,100.0,1,HARDER
16,72.98,34.6,28,6,51.28,5,EASIER
4,81.03,9.52,7,1,94.64,1,HARDER
6,65.91,27.18,11,3,70.83,2,EASIER
16,79.7,33.47,26,4,58.73,5,SAME
16,69.7,48.46,27,7,45.77,5,EASIER
16,78.08,41.6,24,4,72.22,5,EASIER
6,76.92,15.54,8,2,86.68,2,SAME
4,79.23,22.7,5,1,94.31,1,HARDER
6,99.94,14.64,7,0,92.08,2,HARDER
4,65.96,21.2,6,2,83.54,1,SAME
4,78.19,12.41,5,1,89.43,1,HARDER
9,73.87,27.27,14,3,73.3,3,SAME
9,74.77,25.36,16,3,66.66,3,SAME
4,81.18,12.98,6,1,88.84,1,HARDER
12,90.34,21.39,13,1,87.47,4,HARDER
16,83.55,23.61,19,3,85.73,5,HARDER
12,68.76,37.17,23,6,40.29,4,EASIER
4,100.0,9.94,4,0,100.0,1,HARDER
4,100.0,7.02,4,0,100.0,1,HARDER
6,88.02,9.39,7,1,82.78,2,HARDER
9,91.25,18.64,11,1,100.0,3,HARDER
6,75.99,18.95,11,2,82.85,2,SAME
9,64.6,21.11,15,5,60.39,3,EASIER
4,100.0,11.41,4,0,96.18,1,HARDER
16,93.5,16.74,20,1,85.61,5,HARDER
6,86.83,14.84,9,1,81.91,2,HARDER
16,87.06,37.56,18,2,74.78,5,HARDER
4,98.7,9.2,4,0,93.04,1,HARDER
4,81.84,12.74,5,1,96.16,1,HARDER
16,80.52,25.23,24,4,60.62,5,HARDER
16,82.88,31.93,20,3,69.26,5,HARDER
12,85.77,22.73,14,2,81.9,4,HARDER
16,95.91,32.38,19,1,83.27,5,HARDER
4,80.32,22.46,5,1,88.75,1,HARDER
4,80.64,13.53,6,1,100.0,1,HARDER
4,100.0,14.32,4,0,100.0,1,HARDER
16,93.31,22.52,18,1,96.32,5,HARDER
12,87.56,18.62,15,2,82.81,4,HARDER
12,92.97,17.64,14,1,84.9,4,HARDER
9,81.59,24.53,12,2,80.64,3,HARDER
16,69.42,35.37,34,7,20.71,5,EASIER
4,56.74,14.96,10,3,66.44,1,EASIER
9,74.1,16.66,16,3,70.87,3,SAME
12,79.73,23.49,16,3,73.99,4,HARDER
12,69.99,30.61,20,5,63.86,4,EASIER
4,81.22,9.51,7,1,96.96,1,HARDER
16,82.47,30.2,24,4,58.3,5,HARDER
16,81.34,44.04,26,4,55.59,5,SAME
12,85.43,31.66,15,2,93.91,4,HARDER
4,99.57,13.88,4,0,99.95,1,HARDER
16,70.18,40.87,26,7,40.9,5,EASIER
12,66.16,40.44,19,6,42.23,4,EASIER
4,80.61,18.21,7,1,75.14,1,HARDER
9,63.52,26.25,17,5,56.49,3,EASIER
12,85.95,18.66,17,2,73.33,4,HARDER
9,89.86,10.06,11,1,88.36,3,HARDER
6,100.0,12.29,6,0,97.2,2,HARDER
9,89.0,26.72,10,1,95.29,3,HARDER
6,84.83,15.64,8,1,92.87,2,HARDER
12,68.66,23.91,19,5,57.38,4,EASIER
12,84.16,25.12,18,2,84.14,4,HARDER
12,93.3,28.56,13,1,96.05,4,HARDER
9,90.65,18.45,11,1,100.0,3,HARDER
4,100.0,9.05,4,0,93.72,1,HARDER
4,100.0,12.42,4,0,99.11,1,HARDER
12,74.76,24.75,20,4,68.52,4,EASIER
9,100.0,15.57,10,0,98.62,3,HARDER
16,79.47,21.88,23,4,72.54,5,SAME
4,100.0,9.83,4,0,100.0,1,HARDER
6,76.59,16.93,8,2,87.79,2,HARDER
12,80.92,34.83,20,3,74.57,4,SAME
6,66.18,22.08,13,3,81.16,2,SAME
16,84.81,34.09,21,3,66.14,5,SAME
12,86.32,26.94,14,2,88.76,4,HARDER
12,99.17,15.85,12,0,100.0,4,HARDER
6,88.68,19.92,7,1,88.07,2,HARDER
9,99.77,15.77,9,0,100.0,3,HARDER
6,100.0,14.73,6,0,100.0,2,HARDER
9,81.56,13.15,12,2,87.36,3,HARDER
12,80.75,25.65,18,3,77.14,4,HARDER
16,62.25,60.02,31,9,27.79,5,EASIER
6,75.42,17.79,10,2,78.38,2,SAME
12,91.79,19.12,15,1,87.57,4,HARDER
4,100.0,17.22,5,0,92.91,1,HARDER
9,76.43,23.46,14,3,59.3,3,EASIER
12,72.77,44.51,19,5,66.36,4,EASIER
4,100.0,12.18,4,0,97.42,1,HARDER
4,100.0,15.91,4,0,97.15,1,HARDER
6,99.15,11.49,6,0,90.25,2,HARDER
9,82.1,21.08,13,2,88.18,3,HARDER
6,75.09,19.45,8,2,80.44,2,SAME
4,67.54,12.48,7,2,84.89,1,HARDER
6,97.39,13.94,6,0,97.21,2,HARDER
4,100.0,14.76,4,0,95.5,1,HARDER
9,81.55,31.76,15,2,78.63,3,HARDER
16,71.05,38.21,30,6,38.04,5,EASIER
16,83.5,31.5,24,3,69.24,5,HARDER
9,99.52,14.24,9,0,99.31,3,HARDER
16,76.53,26.46,23,5,68.67,5,EASIER
9,88.49,23.89,11,1,85.49,3,HARDER
16,82.75,28.15,22,3,77.37,5,HARDER
16,80.28,28.3,24,4,72.61,5,SAME
12,85.68,24.75,19,2,82.65,4,SAME
6,100.0,11.06,6,0,100.0,2,HARDER
12,86.22,13.04,17,2,82.16,4,HARDER
16,66.84,38.97,28,8,34.05,5,EASIER
6,100.0,11.15,7,0,90.51,2,HARDER
16,74.85,34.67,27,5,55.97,5,EASIER
9,75.65,28.33,13,3,82.17,3,HARDER
4,99.32,12.02,4,0,100.0,1,HARDER
12,85.73,26.89,15,2,94.78,4,HARDER
4,99.68,12.0,4,0,98.44,1,HARDER
6,100.0,12.38,6,0,97.74,2,HARDER
4,80.37,20.36,6,1,95.93,1,HARDER
6,54.82,19.55,17,5,45.05,2,EASIER
9,87.63,28.96,12,1,97.22,3,HARDER
6,84.47,21.68,8,1,91.09,2,HARDER
9,70.41,26.4,13,4,73.56,3,SAME
4,99.68,10.89,4,0,100.0,1,HARDER
4,100.0,11.81,4,0,100.0,1,HARDER
4,80.21,20.42,7,1,87.27,1,HARDER
16,71.72,34.99,25,6,50.59,5,EASIER
4,80.3,25.55,5,1,91.68,1,HARDER
4,99.03,16.06,4,0,100.0,1,HARDER
6,86.42,14.22,7,1,88.45,2,HARDER
16,89.45,16.02,19,2,96.51,5,HARDER
12,62.88,37.11,21,7,51.64,4,EASIER
4,100.0,8.02,4,0,90.58,1,HARDER
12,73.65,24.4,20,4,59.3,4,SAME
12,63.32,42.17,20,7,40.7,4,EASIER
4,100.0,12.11,4,0,100.0,1,HARDER
4,78.94,13.18,6,1,88.94,1,HARDER
9,73.86,24.61,16,3,72.06,3,EASIER
9,99.74,9.72,9,0,100.0,3,HARDER
4,80.29,17.16,5,1,90.75,1,HARDER
12,71.35,27.69,23,5,46.03,4,EASIER
16,88.1,14.03,18,2,77.98,5,HARDER
12,81.46,29.17,15,3,82.81,4,SAME
16,73.58,29.63,25,6,46.7,5,EASIER
6,85.97,17.66,9,1,90.39,2,HARDER
6,100.0,9.96,7,0,100.0,2,HARDER
4,100.0,13.72,4,0,94.6,1,HARDER
16,70.84,30.15,26,6,38.45,5,EASIER
6,100.0,11.53,6,0,96.89,2,HARDER
9,89.66,17.0,12,1,81.92,3,HARDER
12,80.76,25.92,18,3,72.7,4,EASIER
4,100.0,12.71,4,0,100.0,1,HARDER
9,89.82,17.87,10,1,93.37,3,HARDER
12,79.88,26.45,17,3,77.19,4,SAME
9,63.76,35.07,16,5,52.35,3,EASIER
12,80.59,18.86,19,3,65.68,4,HARDER
16,84.45,27.12,23,3,78.62,5,SAME
12,67.05,35.34,24,6,46.32,4,EASIER
6,83.84,12.12,8,1,90.43,2,HARDER
4,99.74,13.34,4,0,87.4,1,HARDER
16,93.79,17.4,17,1,100.0,5,HARDER
9,90.62,26.68,11,1,89.43,3,HARDER
9,90.24,32.41,12,1,86.6,3,HARDER
9,69.74,22.56,17,4,59.21,3,EASIER
16,76.21,46.71,25,5,65.05,5,SAME
16,73.39,27.85,28,6,51.65,5,EASIER
16,72.15,40.78,23,6,61.46,5,EASIER
16,74.41,32.65,25,6,60.18,5,SAME
6,99.69,14.99,6,0,100.0,2,HARDER
16,72.49,27.19,28,6,43.52,5,EASIER
12,63.45,40.73,22,7,43.79,4,EASIER
6,60.65,29.26,11,4,67.81,2,EASIER
16,78.98,66.12,22,4,59.44,5,EASIER
6,98.52,12.0,6,0,100.0,2,HARDER
9,99.88,12.95,9,0,100.0,3,HARDER
16,73.68,48.03,25,6,52.72,5,EASIER
12,83.08,29.65,16,2,80.22,4,HARDER
12,74.29,35.9,22,4,65.15,4,SAME
16,74.65,34.76,28,5,44.3,5,EASIER
9,74.29,26.97,13,3,67.39,3,SAME
12,86.16,23.75,15,2,85.51,4,HARDER
12,85.3,46.31,16,2,85.52,4,HARDER
16,79.7,43.6,20,4,71.84,5,SAME
4,100.0,11.56,4,0,92.17,1,SAME
16,66.96,41.58,30,8,40.05,5,EASIER
12,71.99,38.72,17,5,58.53,4,EASIER
16,76.99,33.65,25,5,48.99,5,SAME
4,66.92,27.75,7,2,80.09,1,SAME
16,72.82,71.93,26,6,43.67,5,EASIER
6,100.0,17.78,6,0,100.0,2,HARDER
6,97.83,18.16,6,0,99.1,2,HARDER
16,84.07,29.76,21,3,76.66,5,SAME
9,90.29,13.76,12,1,88.29,3,HARDER
6,73.81,14.86,12,2,85.42,2,SAME
4,100.0,16.37,4,0,100.0,1,HARDER
4,100.0,7.6,4,0,87.89,1,HARDER
9,82.7,25.84,13,2,71.82,3,HARDER
6,100.0,11.55,6,0,100.0,2,HARDER
12,79.81,33.19,19,3,57.73,4,SAME
12,79.5,25.4,20,3,57.12,4,SAME
16,80.73,32.21,22,4,70.23,5,SAME
12,80.07,25.84,16,3,78.67,4,SAME
12,79.15,18.64,16,3,75.83,4,HARDER
6,98.05,8.91,7,0,100.0,2,HARDER
16,86.8,22.17,20,2,78.93,5,HARDER
12,86.21,19.5,15,2,83.66,4,HARDER
9,81.31,17.83,11,2,84.1,3,HARDER
12,81.11,23.46,17,3,66.82,4,SAME
16,85.15,21.54,24,3,72.85,5,SAME
4,79.92,12.67,6,1,92.13,1,SAME
4,100.0,12.63,4,0,100.0,1,HARDER
16,62.51,37.81,26,9,38.11,5,EASIER
6,100.0,15.1,6,0,100.0,2,HARDER
12,78.67,25.45,17,3,78.02,4,SAME
9,89.0,16.8,10,1,82.35,3,HARDER
12,85.6,18.63,15,2,87.64,4,HARDER
6,85.37,15.41,9,1,77.73,2,HARDER
16,95.17,23.6,21,1,92.19,5,SAME
9,81.41,39.45,12,2,74.84,3,HARDER
4,66.8,26.82,6,2,88.22,1,SAME
9,99.8,13.66,9,0,94.11,3,HARDER
6,99.98,11.15,6,0,100.0,2,HARDER
4,100.0,16.26,4,0,100.0,1,HARDER
4,100.0,12.72,4,0,100.0,1,HARDER
9,82.64,18.39,13,2,96.06,3,HARDER
12,74.54,22.56,21,4,52.4,4,EASIER
12,66.2,33.72,24,7,52.45,4,EASIER
16,70.2,26.1,25,7,38.27,5,EASIER
9,83.03,26.2,11,2,96.81,3,HARDER
16,73.08,35.87,23,6,64.13,5,EASIER
6,98.82,22.63,6,0,100.0,2,HARDER
12,80.74,20.7,17,3,88.79,4,HARDER
12,79.63,26.13,20,3,65.07,4,SAME
16,72.25,48.37,28,6,40.19,5,EASIER
12,79.98,15.34,18,3,70.27,4,SAME
16,74.98,36.82,26,5,65.24,5,EASIER
4,100.0,11.82,4,0,100.0,1,HARDER
4,100.0,14.12,4,0,100.0,1,HARDER
6,98.23,16.04,6,0,100.0,2,HARDER
4,79.69,17.14,5,1,91.63,1,HARDER
9,89.38,17.86,10,1,96.54,3,HARDER
4,100.0,13.3,4,0,99.31,1,HARDER
12,80.74,20.26,15,3,81.92,4,SAME
6,85.8,20.79,7,1,95.19,2,HARDER
12,86.05,26.99,15,2,90.1,4,HARDER
4,78.81,24.5,6,1,76.55,1,HARDER
4,79.21,14.79,6,1,98.48,1,SAME
16,89.81,21.12,21,2,85.92,5,HARDER
16,81.06,48.29,25,4,64.47,5,HARDER
16,77.24,27.2,22,5,55.5,5,SAME
12,74.0,20.73,18,4,70.09,4,HARDER
4,65.8,16.16,6,2,83.14,1,SAME
12,83.24,33.37,16,2,68.4,4,HARDER
6,87.51,30.26,7,1,92.15,2,HARDER
16,61.21,43.27,30,10,19.07,5,EASIER
16,90.0,23.29,22,2,67.45,5,HARDER
4,99.43,10.21,4,0,100.0,1,HARDER
9,99.38,13.45,9,0,100.0,3,HARDER
6,86.62,12.21,8,1,79.26,2,HARDER
16,80.3,25.99,26,4,71.19,5,SAME
16,75.0,31.17,24,5,66.07,5,EASIER
16,78.31,30.57,21,4,64.87,5,SAME
12,85.61,31.07,18,2,74.02,4,HARDER
12,79.39,29.68,15,3,78.33,4,HARDER
9,89.87,21.74,11,1,93.93,3,HARDER
12,91.74,19.63,14,1,86.05,4,HARDER
6,100.0,12.61,6,0,100.0,2,HARDER
9,74.05,15.09,12,3,96.7,3,HARDER
4,98.97,12.01,4,0,89.86,1,HARDER
6,85.12,20.38,8,1,93.03,2,HARDER
6,74.05,22.6,9,2,83.22,2,EASIER
16,82.73,28.24,25,4,57.29,5,HARDER
4,99.13,15.75,4,0,100.0,1,HARDER
12,81.83,21.25,17,3,67.23,4,SAME
4,66.51,12.23,8,2,76.85,1,SAME
9,67.3,33.85,13,4,56.58,3,SAME
12,69.47,28.39,20,5,56.92,4,HARDER
4,99.59,14.24,4,0,100.0,1,HARDER
6,99.63,14.38,6,0,100.0,2,HARDER
9,75.16,22.17,14,3,83.43,3,SAME
12,69.38,25.68,19,5,59.4,4,EASIER
4,79.35,8.76,5,1,100.0,1,HARDER
9,82.19,27.99,11,2,95.43,3,HARDER
9,99.58,13.65,10,0,100.0,3,HARDER
12,73.78,20.66,16,4,82.15,4,SAME
9,80.79,23.64,14,2,85.76,3,SAME
6,77.04,17.92,11,2,87.28,2,HARDER
12,91.15,17.51,13,1,100.0,4,HARDER
9,81.98,24.27,13,2,89.52,3,HARDER
16,92.87,32.94,22,1,81.13,5,HARDER
16,77.78,37.76,25,5,55.93,5,EASIER
16,84.56,31.4,20,3,80.36,5,HARDER
9,90.06,17.53,10,1,87.69,3,HARDER
4,81.6,10.27,6,1,95.55,1,HARDER
6,85.01,15.08,7,1,100.0,2,HARDER
6,100.0,11.56,6,0,94.77,2,HARDER
4,99.15,14.69,4,0,95.98,1,HARDER
9,82.65,14.93,15,2,68.7,3,HARDER
4,100.0,9.23,4,0,100.0,1,HARDER
4,79.88,21.58,5,1,88.61,1,SAME
12,79.62,37.18,19,3,54.55,4,SAME
16,83.22,37.33,24,3,72.83,5,SAME
9,90.31,30.44,10,1,84.0,3,HARDER
12,66.93,27.75,20,6,58.09,4,EASIER
9,99.58,14.92,9,0,100.0,3,HARDER
12,75.92,23.3,17,4,50.25,4,EASIER
9,89.98,15.15,10,1,97.87,3,HARDER
12,75.92,44.88,18,4,72.45,4,SAME
6,86.36,24.98,7,1,83.81,2,HARDER
9,80.32,21.13,12,2,89.98,3,SAME
6,60.35,19.18,12,4,62.28,2,EASIER
6,75.1,15.37,11,2,80.58,2,EASIER
9,100.0,12.41,9,0,100.0,3,HARDER
4,78.27,8.55,5,1,96.85,1,HARDER
16,76.12,30.03,23,5,63.83,5,EASIER
12,75.95,28.57,20,4,49.51,4,EASIER
12,74.37,30.65,19,4,62.22,4,SAME
6,84.91,13.07,7,1,100.0,2,HARDER
9,64.68,28.63,16,5,61.34,3,EASIER
16,83.62,21.35,21,3,71.59,5,SAME
16,93.66,29.53,18,1,95.31,5,HARDER
9,64.66,47.36,16,5,66.65,3,EASIER
12,71.5,27.98,23,5,62.61,4,EASIER
4,100.0,11.17,4,0,88.22,1,HARDER
9,63.83,29.09,14,5,59.53,3,EASIER
9,100.0,12.93,9,0,100.0,3,HARDER
12,68.91,19.37,20,5,65.82,4,EASIER
4,99.93,8.88,4,0,100.0,1,HARDER
9,60.93,27.55,20,6,42.08,3,EASIER
9,81.02,20.48,12,2,81.9,3,SAME
16,83.42,37.74,21,3,73.76,5,HARDER
9,82.27,22.03,13,2,75.08,3,HARDER
16,69.17,52.23,29,7,50.64,5,EASIER
12,75.46,22.74,18,4,56.51,4,SAME
12,84.94,14.25,15,2,94.05,4,HARDER
6,85.76,15.93,8,1,84.43,2,HARDER
6,59.74,25.05,13,4,74.03,2,EASIER
4,100.0,13.01,4,0,100.0,1,HARDER
4,99.62,10.0,5,0,100.0,1,HARDER
6,100.0,18.12,6,0,97.03,2,HARDER
9,90.5,21.03,11,1,98.12,3,HARDER
4,80.26,19.93,6,1,92.67,1,HARDER
4,99.85,21.54,4,0,96.74,1,HARDER
16,78.41,43.31,22,4,60.43,5,SAME
6,86.45,11.96,9,1,100.0,2,HARDER
12,93.86,23.83,13,1,97.22,4,HARDER
4,100.0,9.88,4,0,98.96,1,HARDER
12,77.51,36.82,17,3,68.24,4,SAME
4,100.0,11.92,4,0,100.0,1,HARDER
16,72.12,34.84,24,7,48.59,5,EASIER
4,98.17,14.98,4,0,100.0,1,HARDER
6,100.0,12.08,6,0,98.37,2,HARDER
9,90.19,16.22,12,1,72.79,3,HARDER
16,65.08,47.19,31,8,28.35,5,EASIER
16,76.15,36.48,24,5,59.88,5,EASIER
9,89.56,21.84,11,1,91.48,3,HARDER
6,99.67,12.02,6,0,100.0,2,HARDER
12,85.73,25.51,16,2,92.64,4,HARDER
9,75.95,25.64,14,3,80.72,3,EASIER
9,69.33,25.08,19,4,57.68,3,EASIER
6,85.92,10.32,8,1,90.58,2,HARDER
4,65.95,24.18,6,2,87.34,1,SAME
12,74.9,27.48,16,4,64.1,4,SAME
16,82.05,19.95,21,3,75.92,5,SAME
6,85.13,11.35,7,1,89.89,2,HARDER
12,79.38,23.43,16,3,71.52,4,HARDER
4,80.27,7.82,5,1,92.93,1,HARDER
16,83.66,14.83,21,3,85.89,5,HARDER
16,77.27,42.89,24,5,51.74,5,EASIER
4,99.94,6.96,4,0,90.57,1,HARDER
6,86.48,15.58,7,1,92.63,2,HARDER
9,89.92,17.8,11,1,87.95,3,HARDER
12,100.0,16.6,12,0,94.7,4,HARDER
9,100.0,17.45,9,0,100.0,3,HARDER
6,86.43,11.21,7,1,91.09,2,HARDER
12,65.43,23.56,21,6,54.0,4,EASIER
16,76.99,52.54,24,5,58.74,5,SAME
6,99.87,12.9,6,0,100.0,2,HARDER
12,79.43,21.6,17,3,84.22,4,SAME
12,70.35,27.57,21,5,58.81,4,SAME
4,78.11,17.44,6,1,91.11,1,HARDER
6,99.31,11.7,6,0,100.0,2,HARDER
6,86.9,11.35,7,1,89.67,2,HARDER
4,99.71,16.82,4,0,99.71,1,HARDER
